brand,model,country,platform,url,active
Samsung,32H5000F,IT,Amazon,https://www.amazon.it/dp/B0DF6NHYS6,true
Samsung,40F6000,IT,Amazon,https://www.amazon.it/dp/B0DF6NQWTW,true
Samsung,50U8005F,IT,Amazon,https://www.amazon.it/dp/B0F4T2H64V,true
Samsung,32F6000,IT,Amazon,https://www.amazon.it/dp/B0F7LK6NJ8,true
Samsung,43U8005F,IT,Amazon,https://www.amazon.it/dp/B0F4TFS88H,true
Samsung,43Q7F,IT,Amazon,https://www.amazon.it/dp/B0F4T3L594,true
Samsung,32Q5FA,IT,Amazon,https://www.amazon.it/dp/B0GWN3FQZ4,true
Samsung,55Q7F,IT,Amazon,https://www.amazon.it/dp/B0F4TF52FV,true
Samsung,50Q7F,IT,Amazon,https://www.amazon.it/dp/B0F4STTNXW,true
Samsung,75U7000F,IT,Amazon,https://www.amazon.it/dp/B0F4T85B1Y,true
Samsung,55S90F,IT,Amazon,https://www.amazon.it/dp/B0F4T42MF6,true
Samsung,50U8090H,IT,Amazon,https://www.amazon.it/dp/B0GZL6KZ7J,true
Samsung,55M80H,IT,Amazon,https://www.amazon.it/dp/B0GX1JTQZM,true
Samsung,65QN70F,IT,Amazon,https://www.amazon.it/dp/B0F4STTBBR,true
Samsung,50QN90F,IT,Amazon,https://www.amazon.it/dp/B0F4T26ZVW,true
Samsung,65M70H,IT,Amazon,https://www.amazon.it/dp/B0GX21RDRY,true
Samsung,55QN70H,IT,Amazon,https://www.amazon.it/dp/B0H26TC55Q,true
Samsung,65S85F,IT,Amazon,https://www.amazon.it/dp/B0F7LMKF5C,true
Samsung,43LS03F,IT,Amazon,https://www.amazon.it/dp/B0F7LKMLPP,true
Samsung,55Q7F,IT,Amazon,https://www.amazon.it/dp/B0F7LJZCDT,true
Samsung,55Q6F,IT,Amazon,https://www.amazon.it/dp/B0FXGJKMQQ,true
Samsung,98Q7FA,IT,Amazon,https://www.amazon.it/dp/B0GMRDH68F,true
Samsung,43LS03H,IT,Amazon,https://www.amazon.it/dp/B0GWDKM28W,true
Samsung,24F6000,IT,Amazon,https://www.amazon.it/dp/B0FLQX6VV4,true
Samsung,55S85H,IT,Amazon,https://www.amazon.it/dp/B0GXWL3C53,true
Samsung,32Q5FA,IT,Amazon,https://www.amazon.it/dp/B0H4MHNH14,true
Samsung,50U8005F,IT,Amazon,https://www.amazon.it/dp/B0FMF8VJB1,true
Samsung,55QN70F,IT,Amazon,https://www.amazon.it/dp/B0FM8TDCTT,true
Samsung,43QN70H,IT,Amazon,https://www.amazon.it/dp/B0H838M9K6,true
Samsung,55S95H,IT,Amazon,https://www.amazon.it/dp/B0GWN8TMSL,true
Samsung,55S95F,IT,Amazon,https://www.amazon.it/dp/B0F7LP3VBR,true
Samsung,55Q8FA,IT,Amazon,https://www.amazon.it/dp/B0F7LM9L5B,true
Samsung,55S90F,IT,Amazon,https://www.amazon.it/dp/B0FM4C699L,true
Samsung,48S90H,IT,Amazon,https://www.amazon.it/dp/B0GWN1QVKV,true
Samsung,43M70H,IT,Amazon,https://www.amazon.it/dp/B0H4MN7GTY,true
Samsung,55Q7FA,IT,Amazon,https://www.amazon.it/dp/B0FHX2NJ9Y,true
Samsung,77S90F,IT,Amazon,https://www.amazon.it/dp/B0F4SRXXF3,true
Samsung,50U9000H,IT,Amazon,https://www.amazon.it/dp/B0GZL5XHZ6,true
Samsung,75QN70F,IT,Amazon,https://www.amazon.it/dp/B0GV49FKP2,true
Samsung,65S99H,IT,Amazon,https://www.amazon.it/dp/B0GWN8VWTQ,true
Samsung,43U8005F,IT,Amazon,https://www.amazon.it/dp/B0FLDQF3Y7,true
Samsung,43Q8FA,IT,Amazon,https://www.amazon.it/dp/B0FM3YV48J,true
Samsung,65R85H,IT,Amazon,https://www.amazon.it/dp/B0GXWGW163,true
Samsung,50M70H,IT,Amazon,https://www.amazon.it/dp/B0H4LZ5VCD,true
Samsung,55Q8F,IT,Amazon,https://www.amazon.it/dp/B0FM989471,true
Samsung,65QN900F,IT,Amazon,https://www.amazon.it/dp/B0F7LLX6G2,true
Samsung,65U8005H,IT,Amazon,https://www.amazon.it/dp/B0H4MKGH99,true
Samsung,75U8005F,IT,Amazon,https://www.amazon.it/dp/B0G1YTQHQC,true
Samsung,50QN70H,IT,Amazon,https://www.amazon.it/dp/B0H838LZR4,true
Samsung,43U7022H,IT,Amazon,https://www.amazon.it/dp/B0H4MH2Q3B,true
Samsung,77S95F,IT,Amazon,https://www.amazon.it/dp/B0FM49RMQR,true
Samsung,55QN70H,IT,Amazon,https://www.amazon.it/dp/B0H33BB2TY,true
Samsung,50M60H,IT,Amazon,https://www.amazon.it/dp/B0HF5M1425,true
Samsung,50QN80H,IT,Amazon,https://www.amazon.it/dp/B0H26W4RZH,true
Samsung,50U8090H,IT,Amazon,https://www.amazon.it/dp/B0H4MKFQW3,true
Samsung,75QN70H,IT,Amazon,https://www.amazon.it/dp/B0H339ZNCK,true
Samsung,55QN80H,IT,Amazon,https://www.amazon.it/dp/B0H26SMVCZ,true
Samsung,55QN70F,IT,Amazon,https://www.amazon.it/dp/B0G1WL8GNJ,true
Samsung,65QN70H,IT,Amazon,https://www.amazon.it/dp/B0H338YNN1,true
Samsung,48S95H,IT,Amazon,https://www.amazon.it/dp/B0H4LS36XM,true
Samsung,75M70H,IT,Amazon,https://www.amazon.it/dp/B0H337V79S,true
Samsung,65QN80H,IT,Amazon,https://www.amazon.it/dp/B0H26YDT4F,true
Samsung,55LS03F,IT,Amazon,https://www.amazon.it/dp/B0F8NN24MF,true
Samsung,75U8090H,IT,Amazon,https://www.amazon.it/dp/B0H4MMXSXT,true
Samsung,75Q7F,IT,Amazon,https://www.amazon.it/dp/B0F2FMVN12,true
Samsung,85Q8F,IT,Amazon,https://www.amazon.it/dp/B0F2FLDHZD,true
TCL,65Q6C,IT,Amazon,https://www.amazon.it/dp/B0DXQ27X44,true
TCL,32S4K,IT,Amazon,https://www.amazon.it/dp/B0F54B34TH,true
Samsung,55M80H,IT,Amazon,https://www.amazon.it/dp/B0H4MQYTM3,true
Samsung,100QN80H,IT,Amazon,https://www.amazon.it/dp/B0H26R3KLC,true
Samsung,43U8090H,IT,Amazon,https://www.amazon.it/dp/B0H4MFG4C6,true
TCL,32SF560,IT,Amazon,https://www.amazon.it/dp/B0F9PVTQL2,true
Samsung,50U8005F,IT,Amazon,https://www.amazon.it/dp/B0FM98T47Y,true
LG,50QNED80A,IT,Amazon,https://www.amazon.it/dp/B0F5HXLLJS,true
LG,55NANO80A6B,IT,Amazon,https://www.amazon.it/dp/B0F5HWXW9R,true
LG,48B5,IT,Amazon,https://www.amazon.it/dp/B0F44FZ1PT,true
LG,43QNED80A,IT,Amazon,https://www.amazon.it/dp/B0F5HXV6S6,true
LG,65QNED70A,IT,Amazon,https://www.amazon.it/dp/B0FRSCV48L,true
LG,43NU8E0B,IT,Amazon,https://www.amazon.it/dp/B0GWMXV6J1,true
LG,55C5,IT,Amazon,https://www.amazon.it/dp/B0F6VC2K28,true
LG,42C5,IT,Amazon,https://www.amazon.it/dp/B0F44KKWT6,true
LG,43NANO80A6B,IT,Amazon,https://www.amazon.it/dp/B0F5HVVS8Q,true
LG,55QNED85A,IT,Amazon,https://www.amazon.it/dp/B0F6VMCFDL,true
LG,43QNED85B,IT,Amazon,https://www.amazon.it/dp/B0GWN3FKJZ,true
LG,43UA7500,IT,Amazon,https://www.amazon.it/dp/B0F6V7PXXK,true
LG,55UA7500,IT,Amazon,https://www.amazon.it/dp/B0F6VH6R37,true
LG,55G6,IT,Amazon,https://www.amazon.it/dp/B0GWMTXL1G,true
LG,55QNED80A,IT,Amazon,https://www.amazon.it/dp/B0F556SYCJ,true
LG,42C6,IT,Amazon,https://www.amazon.it/dp/B0GWMY3R9W,true
LG,55G5,IT,Amazon,https://www.amazon.it/dp/B0F44B6XV3,true
LG,50QNED70B,IT,Amazon,https://www.amazon.it/dp/B0GWN5NDL7,true
LG,55QNED70A,IT,Amazon,https://www.amazon.it/dp/B0FRSG74G3,true
LG,65MRGB87B9B,IT,Amazon,https://www.amazon.it/dp/B0GWN42J5H,true
LG,43NANO81A6A,IT,Amazon,https://www.amazon.it/dp/B0FFH1FK6M,true
LG,55UA7500,IT,Amazon,https://www.amazon.it/dp/B0FQPD9NJ7,true
LG,55QNED80A,IT,Amazon,https://www.amazon.it/dp/B0FFH1PYHB,true
LG,43QNED80A,IT,Amazon,https://www.amazon.it/dp/B0FFH1FGLC,true
LG,55UA751C,IT,Amazon,https://www.amazon.it/dp/B0FZB4KGBY,true
LG,65QNED70B,IT,Amazon,https://www.amazon.it/dp/B0H36TTFCF,true
LG,55NANO81A6A,IT,Amazon,https://www.amazon.it/dp/B0FFGZZTMH,true
LG,65NANO81A6A,IT,Amazon,https://www.amazon.it/dp/B0FFH1CDP9,true
LG,83B6,IT,Amazon,https://www.amazon.it/dp/B0GWN4JLLB,true
LG,50NANO81A6A,IT,Amazon,https://www.amazon.it/dp/B0FFH1X811,true
LG,48C5,IT,Amazon,https://www.amazon.it/dp/B0G6C27G1X,true
LG,48C5,IT,Amazon,https://www.amazon.it/dp/B0FFH34DCP,true
LG,65QNED80A,IT,Amazon,https://www.amazon.it/dp/B0FQP2D3X5,true
LG,32LK500B,IT,Amazon,https://www.amazon.it/dp/B07DW8B83S,true
LG,48B5,IT,Amazon,https://www.amazon.it/dp/B0F7HZV2T1,true
LG,55C5,IT,Amazon,https://www.amazon.it/dp/B0FFH43D41,true
LG,48G5,IT,Amazon,https://www.amazon.it/dp/B0FFH16KMX,true
LG,42C5,IT,Amazon,https://www.amazon.it/dp/B0FFH2LKJC,true
LG,83G5,IT,Amazon,https://www.amazon.it/dp/B0F44FYPFB,true
LG,65QNED200A,IT,Amazon,https://www.amazon.it/dp/B0FQ2S1ZB3,true
LG,65B5,IT,Amazon,https://www.amazon.it/dp/B0F7HYW329,true
LG,65QNED70A,IT,Amazon,https://www.amazon.it/dp/B0FQPD1QWT,true
LG,65G5,IT,Amazon,https://www.amazon.it/dp/B0F7J3BFKL,true
LG,55QNED90B,IT,Amazon,https://www.amazon.it/dp/B0GWMW22BH,true
LG,55C9P,IT,Amazon,https://www.amazon.it/dp/B07QNS1LVK,true
LG,50QNED85A,IT,Amazon,https://www.amazon.it/dp/B0FFGZB9CV,true
LG,77G5,IT,Amazon,https://www.amazon.it/dp/B0F3D6NBFN,true
LG,55QNED90A,IT,Amazon,https://www.amazon.it/dp/B0FQP3S1SZ,true
LG,100MRGB96B6,IT,Amazon,https://www.amazon.it/dp/B0GWMVWP83,true
Samsung,83S90F,IT,Amazon,https://www.amazon.it/dp/B0F4T3NF1J,true
TCL,55P6K,IT,Amazon,https://www.amazon.it/dp/B0DV94JCVX,true
TCL,65P6K,IT,Amazon,https://www.amazon.it/dp/B0DV9GHKQ6,true
TCL,50Q6C,IT,Amazon,https://www.amazon.it/dp/B0FD9VF12V,true
TCL,43T6C,IT,Amazon,https://www.amazon.it/dp/B0DW98NN53,true
TCL,55Q6C,IT,Amazon,https://www.amazon.it/dp/B0DX185Q23,true
TCL,43T6C,IT,Amazon,https://www.amazon.it/dp/B0F8QFTXW9,true
TCL,75P6K,IT,Amazon,https://www.amazon.it/dp/B0DV9L8KLJ,true
TCL,65P8K,IT,Amazon,https://www.amazon.it/dp/B0F8J37SQ5,true
TCL,55P6K,IT,Amazon,https://www.amazon.it/dp/B0F7RVDMKF,true
TCL,40S5K,IT,Amazon,https://www.amazon.it/dp/B0F3XN9M4V,true
TCL,32V5D,IT,Amazon,https://www.amazon.it/dp/B0GYSZDBNH,true
TCL,55P7K,IT,Amazon,https://www.amazon.it/dp/B0F9TF6MQZ,true
TCL,55Q7C,IT,Amazon,https://www.amazon.it/dp/B0F38H2GGC,true
TCL,55C8L,IT,Amazon,https://www.amazon.it/dp/B0GTZS35X6,true
TCL,65C8K,IT,Amazon,https://www.amazon.it/dp/B0F9WRKNS3,true
TCL,75C6KS,IT,Amazon,https://www.amazon.it/dp/B0F445XG4G,true
TCL,55C6K,IT,Amazon,https://www.amazon.it/dp/B0H3KSHN8P,true
TCL,75P6K,IT,Amazon,https://www.amazon.it/dp/B0F74QS3PJ,true
TCL,75A400,IT,Amazon,https://www.amazon.it/dp/B0GYPJP1KL,true
TCL,65C6K,IT,Amazon,https://www.amazon.it/dp/B0H3KML2J6,true
TCL,43P6K,IT,Amazon,https://www.amazon.it/dp/B0FRFYWPC5,true
TCL,43P7K,IT,Amazon,https://www.amazon.it/dp/B0F8VZHXJM,true
TCL,55C6K,IT,Amazon,https://www.amazon.it/dp/B0F7XPY5FF,true
TCL,55P6K,IT,Amazon,https://www.amazon.it/dp/B0FMRTRKFL,true
TCL,75C6K,IT,Amazon,https://www.amazon.it/dp/B0H2JJST31,true
TCL,55P8K,IT,Amazon,https://www.amazon.it/dp/B0DV9JP49P,true
TCL,32S5K,IT,Amazon,https://www.amazon.it/dp/B0FDQ9PW4J,true
TCL,65P7K,IT,Amazon,https://www.amazon.it/dp/B0FQQLT73V,true
TCL,50C7K,IT,Amazon,https://www.amazon.it/dp/B0F5BSJ83Z,true
TCL,75C7L,IT,Amazon,https://www.amazon.it/dp/B0GVSSJFDT,true
TCL,98RM7L,IT,Amazon,https://www.amazon.it/dp/B0GZZYN4VR,true
TCL,75C6K,IT,Amazon,https://www.amazon.it/dp/B0F94DQTQH,true
TCL,55Q6C,IT,Amazon,https://www.amazon.it/dp/B0FQP11BY3,true
TCL,55Q7C,IT,Amazon,https://www.amazon.it/dp/B0FC5WTX6P,true
TCL,75C7K,IT,Amazon,https://www.amazon.it/dp/B0F5BP3VXC,true
TCL,43T6C,IT,Amazon,https://www.amazon.it/dp/B0FQNWLPTJ,true
TCL,50Q6C,IT,Amazon,https://www.amazon.it/dp/B0FQNYVVWK,true
TCL,65Q6C,IT,Amazon,https://www.amazon.it/dp/B0FQNYBYF1,true
TCL,85C6K,IT,Amazon,https://www.amazon.it/dp/B0H3KTWJQ2,true
TCL,55Q7C,IT,Amazon,https://www.amazon.it/dp/B0FC5N4DCM,true
TCL,75T6C,IT,Amazon,https://www.amazon.it/dp/B0FQP2GDZ8,true
TCL,98Q7C,IT,Amazon,https://www.amazon.it/dp/B0FC5DXGS7,true
TCL,65T6C,IT,Amazon,https://www.amazon.it/dp/B0FC5V51WB,true
TCL,55T6C,IT,Amazon,https://www.amazon.it/dp/B0FC61MRTV,true
TCL,85Q6C,IT,Amazon,https://www.amazon.it/dp/B0FQNVF8DP,true
TCL,50T6C,IT,Amazon,https://www.amazon.it/dp/B0FQNXK9TK,true
TCL,75Q7C,IT,Amazon,https://www.amazon.it/dp/B0FC5DSKPM,true
TCL,98Q6C,IT,Amazon,https://www.amazon.it/dp/B0FQNV7V5W,true
TCL,75Q7C,IT,Amazon,https://www.amazon.it/dp/B0FC5K4WCV,true
TCL,85Q7C,IT,Amazon,https://www.amazon.it/dp/B0FC61Y1JL,true
TCL,75P8K,IT,Amazon,https://www.amazon.it/dp/B0FQNZXJFG,true
Hisense,55E7DS,IT,Amazon,https://www.amazon.it/dp/B0GM1TVSMG,true
Hisense,43E7DS,IT,Amazon,https://www.amazon.it/dp/B0GM1NJDDK,true
Hisense,32E5ST,IT,Amazon,https://www.amazon.it/dp/B0GM1T3HF5,true
Hisense,40E5ST,IT,Amazon,https://www.amazon.it/dp/B0GM1QR1GT,true
Hisense,32E41QT,IT,Amazon,https://www.amazon.it/dp/B0F1WMZSQ6,true
Hisense,50E7Q,IT,Amazon,https://www.amazon.it/dp/B0F1VZSZNY,true
Hisense,43A72Q,IT,Amazon,https://www.amazon.it/dp/B0F1WB8QYT,true
Hisense,55E8S,IT,Amazon,https://www.amazon.it/dp/B0GQDXNH3L,true
Hisense,65E8Q,IT,Amazon,https://www.amazon.it/dp/B0F1W5MSBZ,true
Hisense,32S5Q,IT,Amazon,https://www.amazon.it/dp/B0FSLMYL4W,true
Hisense,50E7Q,IT,Amazon,https://www.amazon.it/dp/B0FFH8CWBK,true
Hisense,55U72Q,IT,Amazon,https://www.amazon.it/dp/B0F1W5SZKX,true
Hisense,55E7S,IT,Amazon,https://www.amazon.it/dp/B0GR7DTKP8,true
Hisense,40A59S,IT,Amazon,https://www.amazon.it/dp/B0H1N6FDBV,true
Hisense,40E53QT,IT,Amazon,https://www.amazon.it/dp/B0F1W8TN45,true
Hisense,55U7SPRO,IT,Amazon,https://www.amazon.it/dp/B0GR6VM5TC,true
Hisense,43A7S,IT,Amazon,https://www.amazon.it/dp/B0GSBG2DXL,true
Hisense,55U7SE,IT,Amazon,https://www.amazon.it/dp/B0GKPVQ86Z,true
Hisense,65UR9S,IT,Amazon,https://www.amazon.it/dp/B0GR6VCJL6,true
Hisense,85E7Q,IT,Amazon,https://www.amazon.it/dp/B0F1N6RKFQ,true
Hisense,43A6S,IT,Amazon,https://www.amazon.it/dp/B0H83CB2LF,true
Hisense,55UR8S,IT,Amazon,https://www.amazon.it/dp/B0GX9JNFGJ,true
Hisense,50A72Q,IT,Amazon,https://www.amazon.it/dp/B0FQC3PTR7,true
Hisense,55U8Q,IT,Amazon,https://www.amazon.it/dp/B0F1WHZW4G,true
Hisense,43A7S,IT,Amazon,https://www.amazon.it/dp/B0GR6X2YNN,true
Hisense,43A6Q,IT,Amazon,https://www.amazon.it/dp/B0F4DF55P6,true
TCL,55T6C,IT,Amazon,https://www.amazon.it/dp/B0DW9698LP,true
Hisense,55A6Q,IT,Amazon,https://www.amazon.it/dp/B0F4D9MLMQ,true
Hisense,43A72Q,IT,Amazon,https://www.amazon.it/dp/B0FJMSFYQY,true
Hisense,50Q7S,IT,Amazon,https://www.amazon.it/dp/B0H83625QD,true
Hisense,100U7Q,IT,Amazon,https://www.amazon.it/dp/B0F1YST2D4,true
Hisense,55Q8S,IT,Amazon,https://www.amazon.it/dp/B0H835F766,true
TCL,65T6C,IT,Amazon,https://www.amazon.it/dp/B0F8QDCBCM,true
Hisense,65E7Q,IT,Amazon,https://www.amazon.it/dp/B0FJMR5XCG,true
Hisense,85E7S,IT,Amazon,https://www.amazon.it/dp/B0H1MY689X,true
Hisense,65S7S,IT,Amazon,https://www.amazon.it/dp/B0GNF3KJGW,true
Hisense,50A6Q,IT,Amazon,https://www.amazon.it/dp/B0F4D9YNHR,true
Hisense,65A8DQ,IT,Amazon,https://www.amazon.it/dp/B0FQ68SMCB,true
Hisense,100U8Q,IT,Amazon,https://www.amazon.it/dp/B0FFSRNCBF,true
Sony,75BRAVIA5,IT,Amazon,https://www.amazon.it/dp/B0F4L4JSYM,true
TCL,55P7K,IT,Amazon,https://www.amazon.it/dp/B0F99Z7M9M,true
Sony,55BRAVIA8,IT,Amazon,https://www.amazon.it/dp/B0D1VTR2M5,true
Sony,65BRAVIA7II,IT,Amazon,https://www.amazon.it/dp/B0H2JSJ8QM,true
Samsung,27F6000,IT,Amazon,https://www.amazon.it/dp/B0F7LLQRKX,true
Sony,43BRAVIA3,IT,Amazon,https://www.amazon.it/dp/B0FPG6BWZ1,true
Samsung,43U7000F,IT,Amazon,https://www.amazon.it/dp/B0F4T2KFZM,true
Samsung,55QN70F,IT,Amazon,https://www.amazon.it/dp/B0F4SPK1HV,true
LG,65NANO80A6B,IT,Amazon,https://www.amazon.it/dp/B0F5HYWHGJ,true
Samsung,65Q7F,IT,Amazon,https://www.amazon.it/dp/B0F4T23RSZ,true
Samsung,65S90F,IT,Amazon,https://www.amazon.it/dp/B0GV48BKN8,true
Samsung,50M70H,IT,Amazon,https://www.amazon.it/dp/B0GX1TF3QW,true
LG,50UA75,IT,Amazon,https://www.amazon.it/dp/B0F6VCCB6V,true
Samsung,55LS03HW,IT,Amazon,https://www.amazon.it/dp/B0GWDYT97X,true
LG,85NU8E0B,IT,Amazon,https://www.amazon.it/dp/B0GWN2QK2Q,true
LG,77C6,IT,Amazon,https://www.amazon.it/dp/B0GWMVM78J,true
Hisense,100E7QPRO,IT,Amazon,https://www.amazon.it/dp/B0F1N92VWF,true
Samsung,55U7000H,IT,Amazon,https://www.amazon.it/dp/B0GZL4MN1V,true
TCL,50C7K,IT,Amazon,https://www.amazon.it/dp/B0F38D74ZD,true
Samsung,42S90H,IT,Amazon,https://www.amazon.it/dp/B0GWMXTZKK,true
Samsung,65S85H,IT,Amazon,https://www.amazon.it/dp/B0GXWL18WS,true
Samsung,55R85H,IT,Amazon,https://www.amazon.it/dp/B0GXWJM7QQ,true
Samsung,50Q7F,IT,Amazon,https://www.amazon.it/dp/B0FLYNMKQ7,true
Samsung,24F6000,IT,Amazon,https://www.amazon.it/dp/B0F7LM4MHT,true
Samsung,55U7000F,IT,Amazon,https://www.amazon.it/dp/B0F4TCSYQK,true
Samsung,42S90F,IT,Amazon,https://www.amazon.it/dp/B0FL7Z7PLW,true
Samsung,65U8005F,IT,Amazon,https://www.amazon.it/dp/B0F4SYKX5G,true
Samsung,75Q7F,IT,Amazon,https://www.amazon.it/dp/B0F4T3GMCN,true
Samsung,43Q7FA,IT,Amazon,https://www.amazon.it/dp/B0FM3ZTMKS,true
Samsung,43M70H,IT,Amazon,https://www.amazon.it/dp/B0GX1PLM4D,true
Samsung,43U7000F,IT,Amazon,https://www.amazon.it/dp/B0FM9G9LSY,true
Samsung,65M80H,IT,Amazon,https://www.amazon.it/dp/B0GX1QQ7S6,true
Samsung,75U8090H,IT,Amazon,https://www.amazon.it/dp/B0GZL46DJ2,true
LG,50QNED85A,IT,Amazon,https://www.amazon.it/dp/B0F5HWKDVL,true
LG,55B5,IT,Amazon,https://www.amazon.it/dp/B0F44BHS8M,true
LG,65G5,IT,Amazon,https://www.amazon.it/dp/B0F44H2LHW,true
LG,43QNED8E,IT,Amazon,https://www.amazon.it/dp/B0F4KMPM6B,true
LG,43UA7300,IT,Amazon,https://www.amazon.it/dp/B0G1ZDLM2H,true
LG,55QNED85B,IT,Amazon,https://www.amazon.it/dp/B0GWN2ZF85,true
LG,65G6,IT,Amazon,https://www.amazon.it/dp/B0GWN286F5,true
LG,100QNED85B,IT,Amazon,https://www.amazon.it/dp/B0GWMTYLTG,true
LG,50NU8E0B,IT,Amazon,https://www.amazon.it/dp/B0GWQZVC9W,true
LG,65QNED90B,IT,Amazon,https://www.amazon.it/dp/B0GWN51F5G,true
TCL,32S5K,IT,Amazon,https://www.amazon.it/dp/B0F3XMZWRX,true
TCL,55T6C,IT,Amazon,https://www.amazon.it/dp/B0F8QFPB14,true
TCL,65C6K,IT,Amazon,https://www.amazon.it/dp/B0F9TDFQ5K,true
TCL,65P7K,IT,Amazon,https://www.amazon.it/dp/B0FH78VT5V,true
TCL,55V6D,IT,Amazon,https://www.amazon.it/dp/B0GQHGGWHX,true
TCL,65V6D,IT,Amazon,https://www.amazon.it/dp/B0GQHNCZBK,true
TCL,75V6D,IT,Amazon,https://www.amazon.it/dp/B0GQHHZD3H,true
TCL,65P8K,IT,Amazon,https://www.amazon.it/dp/B0DV9LYQJ1,true
Hisense,65A72Q,IT,Amazon,https://www.amazon.it/dp/B0F1W8YSFP,true
Hisense,55A72Q,IT,Amazon,https://www.amazon.it/dp/B0F1W75RH2,true
Hisense,65E7Q,IT,Amazon,https://www.amazon.it/dp/B0F1WB76Q2,true
Hisense,75E7Q,IT,Amazon,https://www.amazon.it/dp/B0F1W2BHML,true
Hisense,43E7S,IT,Amazon,https://www.amazon.it/dp/B0GR5RW1P2,true
Hisense,50U7SE,IT,Amazon,https://www.amazon.it/dp/B0GKQ1371K,true
Hisense,55A7S,IT,Amazon,https://www.amazon.it/dp/B0GSBJMYTB,true
Hisense,55E7Q,IT,Amazon,https://www.amazon.it/dp/B0F1N7WT6C,true
Hisense,55A8DQ,IT,Amazon,https://www.amazon.it/dp/B0FQ68RDVW,true
Hisense,65E7S,IT,Amazon,https://www.amazon.it/dp/B0GM1NNY7D,true
Hisense,100E7S,IT,Amazon,https://www.amazon.it/dp/B0GR6M9SS6,true
Hisense,85U7SPRO,IT,Amazon,https://www.amazon.it/dp/B0GR6L8H6Z,true
Hisense,43S5Q,IT,Amazon,https://www.amazon.it/dp/B0GM1RDY9Z,true
Hisense,40E41QT,IT,Amazon,https://www.amazon.it/dp/B0F1W5FDW7,true
Hisense,75U8Q,IT,Amazon,https://www.amazon.it/dp/B0F1W3TRZT,true
Sony,85BRAVIA7II,IT,Amazon,https://www.amazon.it/dp/B0H2K25NJ4,true
Samsung,55Q7F,IT,Amazon,https://www.amazon.it/dp/B0FM8SY9ZK,true
Samsung,75Q7FA,IT,Amazon,https://www.amazon.it/dp/B0FMRWNLRQ,true
Samsung,75Q7FA,IT,Amazon,https://www.amazon.it/dp/B0FHXBX2RN,true
Samsung,75Q7FA,IT,Amazon,https://www.amazon.it/dp/B0HCCHCKV3,true
LG,65B6,IT,Amazon,https://www.amazon.it/dp/B0H1MZTYM8,true
TCL,75C8L,IT,Amazon,https://www.amazon.it/dp/B0GTZSYZLM,true
Hisense,85U7Q,IT,Amazon,https://www.amazon.it/dp/B0F24CKN33,true
Samsung,75QN70F,IT,Amazon,https://www.amazon.it/dp/B0F4T8RSJS,true
Hisense,75E8S,IT,Amazon,https://www.amazon.it/dp/B0GQCXP6VM,true
LG,65B5,IT,Amazon,https://www.amazon.it/dp/B0F44DD5YL,true
Hisense,75A72Q,IT,Amazon,https://www.amazon.it/dp/B0F1W9LQDR,true
Hisense,65E8S,IT,Amazon,https://www.amazon.it/dp/B0GQF24H9M,true
Hisense,58E7DS,IT,Amazon,https://www.amazon.it/dp/B0GM1RDCJC,true
Hisense,65U72Q,IT,Amazon,https://www.amazon.it/dp/B0F1WF79YJ,true
Hisense,55E8Q,IT,Amazon,https://www.amazon.it/dp/B0F1W9J4K7,true
LG,55QNED80A,IT,Amazon,https://www.amazon.it/dp/B0F5HVK17Y,true
LG,77C5,IT,Amazon,https://www.amazon.it/dp/B0F44DFLXH,true
Samsung,48S85H,IT,Amazon,https://www.amazon.it/dp/B0GXWHDT97,true
Samsung,77S85F,IT,Amazon,https://www.amazon.it/dp/B0F7LJQJ3X,true
Samsung,83S85F,IT,Amazon,https://www.amazon.it/dp/B0F7LNXKW5,true
Samsung,85Q7F,IT,Amazon,https://www.amazon.it/dp/B0F4SJ1196,true
Samsung,85QN70F,IT,Amazon,https://www.amazon.it/dp/B0F4SVJHRW,true
Samsung,55S85H,IT,Amazon,https://www.amazon.it/dp/B0H4MBS2YG,true
Samsung,85U8005F,IT,Amazon,https://www.amazon.it/dp/B0F4SHY3F2,true
Samsung,85U7000F,IT,Amazon,https://www.amazon.it/dp/B0F4STR391,true
Samsung,77S90F,IT,Amazon,https://www.amazon.it/dp/B0FM4BQVLH,true
LG,65QNED90A,IT,Amazon,https://www.amazon.it/dp/B0FVM4KH6H,true
LG,55G5,IT,Amazon,https://www.amazon.it/dp/B0F7HVTDBT,true
LG,65G5,IT,Amazon,https://www.amazon.it/dp/B0F7HZ83P2,true
TCL,65T6C,IT,Amazon,https://www.amazon.it/dp/B0DW96CFKL,true
TCL,85C6K,IT,Amazon,https://www.amazon.it/dp/B0FPPZHM5L,true
TCL,55C6K,IT,Amazon,https://www.amazon.it/dp/B0F8QKZ82T,true
Hisense,85UR9S,IT,Amazon,https://www.amazon.it/dp/B0GR5Z4S73,true
Samsung,75QN990F,IT,Amazon,https://www.amazon.it/dp/B0F7LKKPQC,true
Hisense,75UR9S,IT,Amazon,https://www.amazon.it/dp/B0GR74VWBH,true
Samsung,65Q8F,IT,Amazon,https://www.amazon.it/dp/B0FMS1KLC8,true
Samsung,75Q8F,IT,Amazon,https://www.amazon.it/dp/B0FHXMLHHK,true
Samsung,55S99H,IT,Amazon,https://www.amazon.it/dp/B0GWN8GKF6,true
LG,48C6,IT,Amazon,https://www.amazon.it/dp/B0GWNBTJVT,true
TCL,65C8L,IT,Amazon,https://www.amazon.it/dp/B0GTZLF677,true
Hisense,50A7S,IT,Amazon,https://www.amazon.it/dp/B0GSBQDY7T,true
Sony,55BRAVIA5,IT,Amazon,https://www.amazon.it/dp/B0F4KYR4RT,true
Samsung,77S99H,IT,Amazon,https://www.amazon.it/dp/B0GWN65T6H,true
LG,55C6,IT,Amazon,https://www.amazon.it/dp/B0GWN8FYTQ,true
TCL,85C8L,IT,Amazon,https://www.amazon.it/dp/B0GTZRP159,true
Hisense,65A7S,IT,Amazon,https://www.amazon.it/dp/B0GSBMX3B4,true
Sony,65BRAVIA5,IT,Amazon,https://www.amazon.it/dp/B0F4L1887W,true
Samsung,83S99H,IT,Amazon,https://www.amazon.it/dp/B0GWN13CXQ,true
LG,65C6,IT,Amazon,https://www.amazon.it/dp/B0GWN36S8N,true
TCL,98C8L,IT,Amazon,https://www.amazon.it/dp/B0GTZQ77RW,true
Hisense,50E8S,IT,Amazon,https://www.amazon.it/dp/B0GQDSSGNB,true
Sony,85BRAVIA5,IT,Amazon,https://www.amazon.it/dp/B0F4KZW14B,true
Samsung,65S95H,IT,Amazon,https://www.amazon.it/dp/B0GWN8HDRP,true
LG,83C6,IT,Amazon,https://www.amazon.it/dp/B0GWMZ8X4W,true
TCL,75X11L,IT,Amazon,https://www.amazon.it/dp/B0GV3VXQB8,true
Hisense,85E8S,IT,Amazon,https://www.amazon.it/dp/B0GQDDL8D7,true
Sony,98BRAVIA5,IT,Amazon,https://www.amazon.it/dp/B0F7R8NY37,true
Samsung,77S95H,IT,Amazon,https://www.amazon.it/dp/B0GWN676D1,true
LG,50QNED85B,IT,Amazon,https://www.amazon.it/dp/B0GWN8KYY3,true
TCL,85X11L,IT,Amazon,https://www.amazon.it/dp/B0GV4DDPZD,true
Hisense,100UR8S,IT,Amazon,https://www.amazon.it/dp/B0GX9LY7QD,true
Samsung,85QN70H,IT,Amazon,https://www.amazon.it/dp/B0H335F5CK,true
LG,65QNED85B,IT,Amazon,https://www.amazon.it/dp/B0GWN457ZW,true
TCL,98X11L,IT,Amazon,https://www.amazon.it/dp/B0GV4GKQR9,true
Hisense,50E7S,IT,Amazon,https://www.amazon.it/dp/B0GR77T4BZ,true
Sony,85XR90,IT,Amazon,https://www.amazon.it/dp/B0D1VVT6GJ,true
Samsung,55QN80F,IT,Amazon,https://www.amazon.it/dp/B0FMY7DGWK,true
LG,75QNED85B,IT,Amazon,https://www.amazon.it/dp/B0GWMY6RP2,true
TCL,65P6L,IT,Amazon,https://www.amazon.it/dp/B0H2JKM82C,true
Hisense,65E7S,IT,Amazon,https://www.amazon.it/dp/B0GR6XCQMY,true
Samsung,65QN80F,IT,Amazon,https://www.amazon.it/dp/B0FMY8JRPW,true
LG,86QNED85B,IT,Amazon,https://www.amazon.it/dp/B0GWN87PQN,true
TCL,75P6L,IT,Amazon,https://www.amazon.it/dp/B0H2JJKZS1,true
Hisense,75E7S,IT,Amazon,https://www.amazon.it/dp/B0GR6SXXNM,true
Samsung,85QN80F,IT,Amazon,https://www.amazon.it/dp/B0FPCS42TN,true
LG,65QNED80A,IT,Amazon,https://www.amazon.it/dp/B0F5HYF966,true
TCL,75P8K,IT,Amazon,https://www.amazon.it/dp/B0F8J383MC,true
TCL,85P8K,IT,Amazon,https://www.amazon.it/dp/B0F7RVYVDT,true
TCL,98P8K,IT,Amazon,https://www.amazon.it/dp/B0F7RW2JX3,true
Hisense,75E8Q,IT,Amazon,https://www.amazon.it/dp/B0F1WJ8X9P,true
Samsung,65QN70F,IT,Amazon,https://www.amazon.it/dp/B0FHXPNHGR,true
Samsung,85QN70F,IT,Amazon,https://www.amazon.it/dp/B0FPCLHQ26,true
Samsung,75QN70F,IT,Amazon,https://www.amazon.it/dp/B0FPCMYXHF,true
Samsung,65QN900F,IT,Amazon,https://www.amazon.it/dp/B0FND5LVPL,true
LG,83B5,IT,Amazon,https://www.amazon.it/dp/B0F44F4H9J,true
LG,77B5,IT,Amazon,https://www.amazon.it/dp/B0F44H2X7G,true
TCL,65P6K,IT,Amazon,https://www.amazon.it/dp/B0F74855ZF,true
Samsung,48S95H,IT,Amazon,https://www.amazon.it/dp/B0GWN5HTR3,true
TCL,55MSQLED80L,IT,Amazon,https://www.amazon.it/dp/B0GXKS5GXL,true
Hisense,43E7Q,IT,Amazon,https://www.amazon.it/dp/B0FFH953XW,true
Hisense,65E7Q,IT,Amazon,https://www.amazon.it/dp/B0F1N62VSW,true
Hisense,75E7Q,IT,Amazon,https://www.amazon.it/dp/B0F1N63F97,true
LG,43QNED70A,IT,Amazon,https://www.amazon.it/dp/B0FRSLYD59,true
LG,50QNED70A,IT,Amazon,https://www.amazon.it/dp/B0FRSG85Q9,true
TCL,65P6K,IT,Amazon,https://www.amazon.it/dp/B0FMRX2CQV,true
TCL,75P6K,IT,Amazon,https://www.amazon.it/dp/B0FMRZH4V8,true
Sony,65S20M2,IT,Amazon,https://www.amazon.it/dp/B0GZKY262Y,true
Sony,75S20M2,IT,Amazon,https://www.amazon.it/dp/B0GZKYXYQX,true
Samsung,85Q7FA,IT,Amazon,https://www.amazon.it/dp/B0FHWYQQCX,true
LG,48C5,IT,Amazon,https://www.amazon.it/dp/B0F6VCDV58,true
LG,83C5,IT,Amazon,https://www.amazon.it/dp/B0F44FFV4W,true
LG,65C5,IT,Amazon,https://www.amazon.it/dp/B0F7HP7FSH,true
TCL,75P7K,IT,Amazon,https://www.amazon.it/dp/B0F9FNDBN7,true
TCL,85P7K,IT,Amazon,https://www.amazon.it/dp/B0FPQM3QJC,true
TCL,50P7K,IT,Amazon,https://www.amazon.it/dp/B0F9FMTPH8,true
Hisense,65U8Q,IT,Amazon,https://www.amazon.it/dp/B0F1WBGQBM,true
Hisense,85U8Q,IT,Amazon,https://www.amazon.it/dp/B0F1W5Z9FW,true
Samsung,75QN900F,IT,Amazon,https://www.amazon.it/dp/B0F7LKZ748,true
Samsung,85QN900F,IT,Amazon,https://www.amazon.it/dp/B0F7LL8YGL,true
Samsung,65QN990F,IT,Amazon,https://www.amazon.it/dp/B0F7LL1KJ7,true
Samsung,50U8005F,DE,Amazon,https://www.amazon.de/dp/B0F62WYBXV,true
Samsung,65Q7FA,DE,Amazon,https://www.amazon.de/dp/B0F5BX12JR,true
Samsung,43Q7F,DE,Amazon,https://www.amazon.de/dp/B0FFSRHM9L,true
Samsung,43U8005F,DE,Amazon,https://www.amazon.de/dp/B0F7LG4F8P,true
Samsung,55QN70F,DE,Amazon,https://www.amazon.de/dp/B0DF6PGDMT,true
Samsung,32F6000,DE,Amazon,https://www.amazon.de/dp/B0DFVXK726,true
Samsung,55Q8F,DE,Amazon,https://www.amazon.de/dp/B0FCX5NT4S,true
Samsung,65QN85F,DE,Amazon,https://www.amazon.de/dp/B0DFVGG5PZ,true
Samsung,24F6000,DE,Amazon,https://www.amazon.de/dp/B0F22BB8VV,true
Samsung,43M70H,DE,Amazon,https://www.amazon.de/dp/B0H2J5QPY6,true
Samsung,55U7099H,DE,Amazon,https://www.amazon.de/dp/B0GXZGQTGX,true
Samsung,75U8005F,DE,Amazon,https://www.amazon.de/dp/B0F62T416G,true
Samsung,55S90F,DE,Amazon,https://www.amazon.de/dp/B0F62WB7N6,true
Samsung,75QN70F,DE,Amazon,https://www.amazon.de/dp/B0FC35H3ND,true
Samsung,32Q5F,DE,Amazon,https://www.amazon.de/dp/B0HFSJHDTD,true
Samsung,43M70H,DE,Amazon,https://www.amazon.de/dp/B0GXZPJ971,true
Samsung,55U8005F,DE,Amazon,https://www.amazon.de/dp/B0FLJYHB8D,true
Samsung,55Q7F,DE,Amazon,https://www.amazon.de/dp/B0FM8SY9ZK,true
Samsung,85Q8F,DE,Amazon,https://www.amazon.de/dp/B0F62W9YZ5,true
Samsung,65S90F,DE,Amazon,https://www.amazon.de/dp/B0FP51R6WF,true
Samsung,55QN85F,DE,Amazon,https://www.amazon.de/dp/B0DFVGXR6J,true
Samsung,43U7090F,DE,Amazon,https://www.amazon.de/dp/B0F5BR3WSK,true
Samsung,43U8005F,DE,Amazon,https://www.amazon.de/dp/B0FLDQF3Y7,true
Samsung,77S90F,DE,Amazon,https://www.amazon.de/dp/B0F62T5LQ8,true
Samsung,55U8005F,DE,Amazon,https://www.amazon.de/dp/B0F62VWJX3,true
Samsung,55Q7F,DE,Amazon,https://www.amazon.de/dp/B0F62T33BJ,true
Samsung,50U8005F,DE,Amazon,https://www.amazon.de/dp/B0FMF8VJB1,true
Samsung,55QN70F,DE,Amazon,https://www.amazon.de/dp/B0FC33TCJX,true
Samsung,55QN80F,DE,Amazon,https://www.amazon.de/dp/B0FMY7DGWK,true
Samsung,55QN90F,DE,Amazon,https://www.amazon.de/dp/B0DFVV8V7N,true
Samsung,40F6000,DE,Amazon,https://www.amazon.de/dp/B0DFVWYPBF,true
Samsung,43Q7F,DE,Amazon,https://www.amazon.de/dp/B0FM3ZTMKS,true
Samsung,55Q6F,DE,Amazon,https://www.amazon.de/dp/B0GJTMPY2F,true
Samsung,65S85F,DE,Amazon,https://www.amazon.de/dp/B0DF8SM66W,true
Samsung,48S90F,DE,Amazon,https://www.amazon.de/dp/B0F62PX9XD,true
Samsung,75Q8F,DE,Amazon,https://www.amazon.de/dp/B0FHXMLHHK,true
Samsung,65Q7F,DE,Amazon,https://www.amazon.de/dp/B0FFB4LJ94,true
Samsung,55M80H,DE,Amazon,https://www.amazon.de/dp/B0GXZHZD2Z,true
Samsung,50Q7F,DE,Amazon,https://www.amazon.de/dp/B0F9Q7MC87,true
Samsung,65S95H,DE,Amazon,https://www.amazon.de/dp/B0GXZLQJ48,true
Samsung,43U80H,DE,Amazon,https://www.amazon.de/dp/B0H5KBWMKK,true
Samsung,65U7022H,DE,Amazon,https://www.amazon.de/dp/B0GXZJZ45C,true
Samsung,43QN90F,DE,Amazon,https://www.amazon.de/dp/B0FC2FF8W6,true
Samsung,43Q7F,DE,Amazon,https://www.amazon.de/dp/B0F63QCT2T,true
Samsung,75QN80F,DE,Amazon,https://www.amazon.de/dp/B0DFVN2MKN,true
Samsung,43LS03F,DE,Amazon,https://www.amazon.de/dp/B0F62PWHH9,true
Samsung,43U7020F,DE,Amazon,https://www.amazon.de/dp/B0F7RL94YS,true
Samsung,65QN70F,DE,Amazon,https://www.amazon.de/dp/B0FC32BSZ1,true
Samsung,32Q5FA,DE,Amazon,https://www.amazon.de/dp/B0H4MHNH14,true
Samsung,65QN85F,DE,Amazon,https://www.amazon.de/dp/B0FND6LTR5,true
Samsung,65QN80F,DE,Amazon,https://www.amazon.de/dp/B0FMY8JRPW,true
Samsung,85Q6F,DE,Amazon,https://www.amazon.de/dp/B0FKTLCQX3,true
Samsung,65QN80H,DE,Amazon,https://www.amazon.de/dp/B0GXZQHTDL,true
Samsung,43QN70H,DE,Amazon,https://www.amazon.de/dp/B0H3KJH64R,true
Samsung,75Q7F,DE,Amazon,https://www.amazon.de/dp/B0FFB5LGJ6,true
Hisense,43E7DS,DE,Amazon,https://www.amazon.de/dp/B0GM1NJDDK,true
Samsung,85R95H,DE,Amazon,https://www.amazon.de/dp/B0H8SQLGJD,true
Samsung,55QN70F,DE,Amazon,https://www.amazon.de/dp/B0FM8TDCTT,true
Samsung,50Q7F,DE,Amazon,https://www.amazon.de/dp/B0FFB4S5MB,true
Samsung,65QN70F,DE,Amazon,https://www.amazon.de/dp/B0FHXPNHGR,true
Samsung,55LS03F,DE,Amazon,https://www.amazon.de/dp/B0FM8QJ5TD,true
Samsung,43QN70H,DE,Amazon,https://www.amazon.de/dp/B0GXZTJZBG,true
Samsung,43QN70H,DE,Amazon,https://www.amazon.de/dp/B0H11F4MXN,true
Samsung,77S95F,DE,Amazon,https://www.amazon.de/dp/B0F62WKPXD,true
Samsung,65U8005F,DE,Amazon,https://www.amazon.de/dp/B0FMS3F365,true
Samsung,50QN90F,DE,Amazon,https://www.amazon.de/dp/B0FC2DKRLN,true
Samsung,65LS03FA,DE,Amazon,https://www.amazon.de/dp/B0FFBJCVSW,true
Samsung,50QN80F,DE,Amazon,https://www.amazon.de/dp/B0FHXFNNCD,true
Samsung,43Q8FA,DE,Amazon,https://www.amazon.de/dp/B0FM94TKK1,true
Samsung,85U8005F,DE,Amazon,https://www.amazon.de/dp/B0FFGZ7YP3,true
Samsung,55LS03H,DE,Amazon,https://www.amazon.de/dp/B0GXZJW39B,true
Samsung,65S90H,DE,Amazon,https://www.amazon.de/dp/B0GXZLZD3H,true
Samsung,83S95F,DE,Amazon,https://www.amazon.de/dp/B0FC3YFGRD,true
Samsung,50U8005F,DE,Amazon,https://www.amazon.de/dp/B0FM98T47Y,true
Samsung,50Q7F,DE,Amazon,https://www.amazon.de/dp/B0F2293K11,true
Samsung,43U7000F,DE,Amazon,https://www.amazon.de/dp/B0FM9G9LSY,true
Samsung,115QN90F,DE,Amazon,https://www.amazon.de/dp/B0FKTP2397,true
Samsung,65R85H,DE,Amazon,https://www.amazon.de/dp/B0GXZRGM8X,true
Samsung,75QN80F,DE,Amazon,https://www.amazon.de/dp/B0FR5J19T2,true
Samsung,55QN85F,DE,Amazon,https://www.amazon.de/dp/B0FND79K77,true
Samsung,75QN900F,DE,Amazon,https://www.amazon.de/dp/B0F62ZTQQK,true
Samsung,55U8005F,DE,Amazon,https://www.amazon.de/dp/B0F9Q2QDJZ,true
Samsung,85Q8F,DE,Amazon,https://www.amazon.de/dp/B0FHXK9QHX,true
Samsung,43U8090H,DE,Amazon,https://www.amazon.de/dp/B0GJ5KJDKJ,true
Samsung,55QN70H,DE,Amazon,https://www.amazon.de/dp/B0H5QGXJ2M,true
Samsung,75QN90F,DE,Amazon,https://www.amazon.de/dp/B0FPCS6BLN,true
Samsung,50QN90F,DE,Amazon,https://www.amazon.de/dp/B0FPCTTV33,true
Samsung,50LS03F,DE,Amazon,https://www.amazon.de/dp/B0F225B9KJ,true
Samsung,75QN85F,DE,Amazon,https://www.amazon.de/dp/B0FND5PTST,true
Samsung,85QN70F,DE,Amazon,https://www.amazon.de/dp/B0FC33PRPD,true
Samsung,55S85H,DE,Amazon,https://www.amazon.de/dp/B0H5DBLBS2,true
Samsung,43QN90F,DE,Amazon,https://www.amazon.de/dp/B0FPCQTF91,true
Samsung,55LS03F,DE,Amazon,https://www.amazon.de/dp/B0F2295TXB,true
Samsung,65Q8F,DE,Amazon,https://www.amazon.de/dp/B0F2FKKLTG,true
Samsung,65QN900F,DE,Amazon,https://www.amazon.de/dp/B0FND5LVPL,true
Samsung,43LS03F,DE,Amazon,https://www.amazon.de/dp/B0F5PZD3RW,true
Samsung,48S85H,DE,Amazon,https://www.amazon.de/dp/B0GXZK1RXH,true
Samsung,100QN80F,DE,Amazon,https://www.amazon.de/dp/B0F22834RH,true
Samsung,42S90F,DE,Amazon,https://www.amazon.de/dp/B0FT879YNJ,true
Samsung,50QN70H,DE,Amazon,https://www.amazon.de/dp/B0H838LZR4,true
Samsung,75U8005FU,DE,Amazon,https://www.amazon.de/dp/B0F225CDYG,true
Samsung,40F6000,DE,Amazon,https://www.amazon.de/dp/B0H2DG9MNV,true
Samsung,85F,DE,Amazon,https://www.amazon.de/dp/B0FNMYQ547,true
LG,48C5,DE,Amazon,https://www.amazon.de/dp/B0F2JG88PX,true
LG,43NU8E0B,DE,Amazon,https://www.amazon.de/dp/B0GSRLQ5J3,true
LG,55QNED70B,DE,Amazon,https://www.amazon.de/dp/B0GSGXDD7M,true
LG,65QNED70B,DE,Amazon,https://www.amazon.de/dp/B0GSGY9XR7,true
LG,27LB7000,DE,Amazon,https://www.amazon.de/dp/B0HCCNNBYG,true
LG,50NANO80A6B,DE,Amazon,https://www.amazon.de/dp/B0F2GDSGB7,true
LG,27LB7000,DE,Amazon,https://www.amazon.de/dp/B0H2F6QFQK,true
LG,50NANO81A6A,DE,Amazon,https://www.amazon.de/dp/B0FY7KJBKZ,true
LG,65NU8E0B,DE,Amazon,https://www.amazon.de/dp/B0GSGWWKHY,true
LG,50UA73,DE,Amazon,https://www.amazon.de/dp/B0F2GF65MX,true
LG,55C6,DE,Amazon,https://www.amazon.de/dp/B0GSH2S5VY,true
LG,75QNED70B,DE,Amazon,https://www.amazon.de/dp/B0GSGYR42K,true
LG,55QNED80B,DE,Amazon,https://www.amazon.de/dp/B0GSH9Z1JM,true
LG,48G5,DE,Amazon,https://www.amazon.de/dp/B0F7468M2N,true
LG,55NU8E0B,DE,Amazon,https://www.amazon.de/dp/B0GSH1DNSP,true
LG,48B5,DE,Amazon,https://www.amazon.de/dp/B0F2JFD3PN,true
LG,43LR6000,DE,Amazon,https://www.amazon.de/dp/B0FNRFJ2Y5,true
LG,55QNED80A,DE,Amazon,https://www.amazon.de/dp/B0F2259VV1,true
LG,55NANO81A6A,DE,Amazon,https://www.amazon.de/dp/B0FFGZZTMH,true
LG,65C6,DE,Amazon,https://www.amazon.de/dp/B0GSGWPS8Z,true
LG,65NANO81A6A,DE,Amazon,https://www.amazon.de/dp/B0F4PS3DLS,true
LG,43NU850B,DE,Amazon,https://www.amazon.de/dp/B0H2DWJC5L,true
LG,65UA7300,DE,Amazon,https://www.amazon.de/dp/B0F2GBVRN8,true
LG,50QNED85A,DE,Amazon,https://www.amazon.de/dp/B0F3DNWVBZ,true
LG,55UA7500,DE,Amazon,https://www.amazon.de/dp/B0F2GHFZCJ,true
LG,42C5,DE,Amazon,https://www.amazon.de/dp/B0F2JCD8F3,true
LG,85QNED70B,DE,Amazon,https://www.amazon.de/dp/B0GSHBHRJD,true
LG,65QNED80B,DE,Amazon,https://www.amazon.de/dp/B0GSGZ5489,true
LG,43QNED80A,DE,Amazon,https://www.amazon.de/dp/B0F2269H9B,true
LG,75QNED80B,DE,Amazon,https://www.amazon.de/dp/B0GSGRMNR3,true
LG,50QNED80A,DE,Amazon,https://www.amazon.de/dp/B0F228H2M1,true
LG,65C5,DE,Amazon,https://www.amazon.de/dp/B0FQP6YQJG,true
LG,43QNED80A,DE,Amazon,https://www.amazon.de/dp/B0FFH1FGLC,true
Hisense,50E7DS,DE,Amazon,https://www.amazon.de/dp/B0GM1R36YW,true
TCL,50T6C,DE,Amazon,https://www.amazon.de/dp/B0DW9792RH,true
LG,85QNED80B,DE,Amazon,https://www.amazon.de/dp/B0GSH5475Q,true
LG,75QNED80A,DE,Amazon,https://www.amazon.de/dp/B0F2293HRK,true
LG,98NU900B,DE,Amazon,https://www.amazon.de/dp/B0H5KYV6LN,true
LG,55G6,DE,Amazon,https://www.amazon.de/dp/B0GSGWWKH6,true
LG,65QNED80A,DE,Amazon,https://www.amazon.de/dp/B0F226M1SY,true
LG,55QNED70A,DE,Amazon,https://www.amazon.de/dp/B0FV25V1Q7,true
Hisense,55E89Q,DE,Amazon,https://www.amazon.de/dp/B0G5QTS4MN,true
LG,43UA7300,DE,Amazon,https://www.amazon.de/dp/B0G1ZDLM2H,true
LG,50NU850B,DE,Amazon,https://www.amazon.de/dp/B0H19L9W71,true
TCL,43T6C,DE,Amazon,https://www.amazon.de/dp/B0F8QFTXW9,true
LG,65G5,DE,Amazon,https://www.amazon.de/dp/B0F3D871FD,true
LG,55G5,DE,Amazon,https://www.amazon.de/dp/B0F4KQJFFM,true
LG,48C5,DE,Amazon,https://www.amazon.de/dp/B0F4JY1RD9,true
LG,65B6,DE,Amazon,https://www.amazon.de/dp/B0GSH1VH5S,true
Hisense,55E7Q,DE,Amazon,https://www.amazon.de/dp/B0F1MPWV27,true
Hisense,55E7Q,DE,Amazon,https://www.amazon.de/dp/B0F1N7WT6C,true
TCL,55P6K,DE,Amazon,https://www.amazon.de/dp/B0DV94JCVX,true
LG,77B5,DE,Amazon,https://www.amazon.de/dp/B0F225VHQ7,true
LG,83G5,DE,Amazon,https://www.amazon.de/dp/B0F4J22QGD,true
LG,55G5,DE,Amazon,https://www.amazon.de/dp/B0F4GJMHZB,true
TCL,43P6K,DE,Amazon,https://www.amazon.de/dp/B0DV9HJTTK,true
LG,43NANO82T3B,DE,Amazon,https://www.amazon.de/dp/B0D96NB3XJ,true
LG,50QNED85B,DE,Amazon,https://www.amazon.de/dp/B0H7BQXYZQ,true
LG,43UA7400,DE,Amazon,https://www.amazon.de/dp/B0GHGVD2PF,true
LG,50QNED80A,DE,Amazon,https://www.amazon.de/dp/B0FLQ7Y2MZ,true
LG,42C5,DE,Amazon,https://www.amazon.de/dp/B0F4H639VZ,true
LG,43NANO81A6A,DE,Amazon,https://www.amazon.de/dp/B0FY7KGN76,true
LG,55QNED90A,DE,Amazon,https://www.amazon.de/dp/B0F2GJ482T,true
LG,50NANO90,DE,Amazon,https://www.amazon.de/dp/B0F4KML7G4,true
LG,55C6,DE,Amazon,https://www.amazon.de/dp/B0H3M9CQC2,true
LG,55G5,DE,Amazon,https://www.amazon.de/dp/B0F3D88VP6,true
LG,43NANO80A6B,DE,Amazon,https://www.amazon.de/dp/B0F3DMY6DQ,true
LG,77C6,DE,Amazon,https://www.amazon.de/dp/B0GYQ4CYGZ,true
LG,48G6,DE,Amazon,https://www.amazon.de/dp/B0HCCPCWBG,true
LG,100QNED85B,DE,Amazon,https://www.amazon.de/dp/B0H4ZLSKF4,true
TCL,32S5K,DE,Amazon,https://www.amazon.de/dp/B0F3XMZWRX,true
TCL,50C7K,DE,Amazon,https://www.amazon.de/dp/B0F38D74ZD,true
LG,42C6,DE,Amazon,https://www.amazon.de/dp/B0HCCTVBJY,true
LG,55QNED80A,DE,Amazon,https://www.amazon.de/dp/B0FLDXMX95,true
LG,85NU850B,DE,Amazon,https://www.amazon.de/dp/B0H19FG4ZG,true
LG,65QNED80A,DE,Amazon,https://www.amazon.de/dp/B0H3KVHCJJ,true
Hisense,55U7Q,DE,Amazon,https://www.amazon.de/dp/B0F32M68DW,true
LG,75NU850B,DE,Amazon,https://www.amazon.de/dp/B0H1JGZ393,true
LG,48C5,DE,Amazon,https://www.amazon.de/dp/B0G6C27G1X,true
LG,48B6,DE,Amazon,https://www.amazon.de/dp/B0GWFNR5PT,true
LG,55UA7400,DE,Amazon,https://www.amazon.de/dp/B0GH2H7KB7,true
LG,55C5,DE,Amazon,https://www.amazon.de/dp/B0GDN8W466,true
LG,75NANO81A6A,DE,Amazon,https://www.amazon.de/dp/B0FY7GT9RP,true
LG,55B6,DE,Amazon,https://www.amazon.de/dp/B0H2DKLD4L,true
LG,48B5,DE,Amazon,https://www.amazon.de/dp/B0FF52R2WK,true
LG,55G6,DE,Amazon,https://www.amazon.de/dp/B0H374GQDY,true
LG,65C6,DE,Amazon,https://www.amazon.de/dp/B0H3MN2ZLX,true
LG,55QNED85A,DE,Amazon,https://www.amazon.de/dp/B0F22731RT,true
LG,75QNED85B,DE,Amazon,https://www.amazon.de/dp/B0GTZQGQ62,true
LG,55G6,DE,Amazon,https://www.amazon.de/dp/B0H2F7CXXK,true
LG,42C6,DE,Amazon,https://www.amazon.de/dp/B0H3MH5T8J,true
LG,65G6,DE,Amazon,https://www.amazon.de/dp/B0H2F7Y2YQ,true
LG,65B5,DE,Amazon,https://www.amazon.de/dp/B0F7HYW329,true
LG,55UA751C,DE,Amazon,https://www.amazon.de/dp/B0FZB4KGBY,true
LG,48B6,DE,Amazon,https://www.amazon.de/dp/B0H2JW6V1X,true
LG,55G6,DE,Amazon,https://www.amazon.de/dp/B0GYPN5KK9,true
LG,85QNED80B,DE,Amazon,https://www.amazon.de/dp/B0GTRQNMS6,true
LG,75QNED966PA,DE,Amazon,https://www.amazon.de/dp/B08Y42NJYL,true
LG,55G6,DE,Amazon,https://www.amazon.de/dp/B0GT9VLCGD,true
LG,55QNED70B,DE,Amazon,https://www.amazon.de/dp/B0H1N8Y6RV,true
LG,65G6,DE,Amazon,https://www.amazon.de/dp/B0H36VQ8P1,true
LG,65C6,DE,Amazon,https://www.amazon.de/dp/B0HBX696YC,true
LG,86QNED85B,DE,Amazon,https://www.amazon.de/dp/B0GTZNPDJJ,true
TCL,55T6C,DE,Amazon,https://www.amazon.de/dp/B0DW9698LP,true
TCL,55Q6C,DE,Amazon,https://www.amazon.de/dp/B0DX185Q23,true
TCL,43T6C,DE,Amazon,https://www.amazon.de/dp/B0DW98NN53,true
TCL,65T6C,DE,Amazon,https://www.amazon.de/dp/B0DW96CFKL,true
TCL,65Q6C,DE,Amazon,https://www.amazon.de/dp/B0DXQ27X44,true
TCL,32SF560,DE,Amazon,https://www.amazon.de/dp/B0F9PVTQL2,true
TCL,65MSQLED80L,DE,Amazon,https://www.amazon.de/dp/B0GXKSZKLT,true
TCL,75P8K,DE,Amazon,https://www.amazon.de/dp/B0DV9L71QL,true
TCL,50C7K,DE,Amazon,https://www.amazon.de/dp/B0F5BSJ83Z,true
TCL,43S5K,DE,Amazon,https://www.amazon.de/dp/B0F3XM86GV,true
TCL,75MSQLED80L,DE,Amazon,https://www.amazon.de/dp/B0GXKRP7FM,true
TCL,65P7K,DE,Amazon,https://www.amazon.de/dp/B0FH78VT5V,true
TCL,32V5D,DE,Amazon,https://www.amazon.de/dp/B0GYSZDBNH,true
TCL,85Q6C,DE,Amazon,https://www.amazon.de/dp/B0DXQ5VTVK,true
TCL,85MSQLED80L,DE,Amazon,https://www.amazon.de/dp/B0GXKSVDW9,true
TCL,85T6C,DE,Amazon,https://www.amazon.de/dp/B0F24HZMZ9,true
TCL,55MSQLED80L,DE,Amazon,https://www.amazon.de/dp/B0GXKS5GXL,true
TCL,85C8L,DE,Amazon,https://www.amazon.de/dp/B0GTZRP159,true
TCL,55C6K,DE,Amazon,https://www.amazon.de/dp/B0F8QKZ82T,true
TCL,55V6D,DE,Amazon,https://www.amazon.de/dp/B0GQHGGWHX,true
TCL,55P8K,DE,Amazon,https://www.amazon.de/dp/B0F8HYKRKX,true
TCL,50C6K,DE,Amazon,https://www.amazon.de/dp/B0G6KJ3G4Y,true
TCL,98MSQLED80L,DE,Amazon,https://www.amazon.de/dp/B0GXKP3KLR,true
TCL,55Q7C,DE,Amazon,https://www.amazon.de/dp/B0F38H2GGC,true
TCL,98C6K,DE,Amazon,https://www.amazon.de/dp/B0FPQLYVWB,true
TCL,65C8K,DE,Amazon,https://www.amazon.de/dp/B0F9WRKNS3,true
TCL,40S5K,DE,Amazon,https://www.amazon.de/dp/B0F3XN9M4V,true
TCL,55C8L,DE,Amazon,https://www.amazon.de/dp/B0GTZS35X6,true
TCL,55T6C,DE,Amazon,https://www.amazon.de/dp/B0F8QFPB14,true
TCL,32S4K,DE,Amazon,https://www.amazon.de/dp/B0F54B34TH,true
TCL,55P6K,DE,Amazon,https://www.amazon.de/dp/B0F7RVDMKF,true
TCL,55P7K,DE,Amazon,https://www.amazon.de/dp/B0F99Z7M9M,true
TCL,32S5L,DE,Amazon,https://www.amazon.de/dp/B0H2JF9P45,true
Hisense,58E7DS,DE,Amazon,https://www.amazon.de/dp/B0GM1RDCJC,true
TCL,50P6K,DE,Amazon,https://www.amazon.de/dp/B0DV9JL61N,true
TCL,98P8K,DE,Amazon,https://www.amazon.de/dp/B0F7RW2JX3,true
TCL,65C6K,DE,Amazon,https://www.amazon.de/dp/B0F9FNQPZP,true
TCL,43P7K,DE,Amazon,https://www.amazon.de/dp/B0F8VZHXJM,true
TCL,65P6K,DE,Amazon,https://www.amazon.de/dp/B0DV9GHKQ6,true
TCL,75P8K,DE,Amazon,https://www.amazon.de/dp/B0F8J383MC,true
TCL,98RM7L,DE,Amazon,https://www.amazon.de/dp/B0GZZYN4VR,true
TCL,98X11L,DE,Amazon,https://www.amazon.de/dp/B0GV4GKQR9,true
TCL,75C6K,DE,Amazon,https://www.amazon.de/dp/B0F94DQTQH,true
Hisense,65E7Q,DE,Amazon,https://www.amazon.de/dp/B0F1N62VSW,true
Hisense,55U7Q,DE,Amazon,https://www.amazon.de/dp/B0F24CNGSS,true
Hisense,98E7Q,DE,Amazon,https://www.amazon.de/dp/B0FQ68967J,true
Hisense,50U7Q,DE,Amazon,https://www.amazon.de/dp/B0F32KTJK8,true
LG,85NU8E0B,DE,Amazon,https://www.amazon.de/dp/B0GSGZGZ3Z,true
TCL,65P6K,DE,Amazon,https://www.amazon.de/dp/B0FMRX2CQV,true
TCL,50P6K,DE,Amazon,https://www.amazon.de/dp/B0F7RSYNY9,true
TCL,55C6KPRO,DE,Amazon,https://www.amazon.de/dp/B0H3KSHN8P,true
TCL,43S5K,DE,Amazon,https://www.amazon.de/dp/B0H2ZQ3KLF,true
TCL,55C6K,DE,Amazon,https://www.amazon.de/dp/B0F7XPY5FF,true
Hisense,32E4DS,DE,Amazon,https://www.amazon.de/dp/B0GT9QKMRM,true
Hisense,40E4DS,DE,Amazon,https://www.amazon.de/dp/B0GTB317ZL,true
Hisense,40A5DS,DE,Amazon,https://www.amazon.de/dp/B0GYZC9GRT,true
Hisense,43E6DS,DE,Amazon,https://www.amazon.de/dp/B0GTB8LFKS,true
Hisense,55E7DS,DE,Amazon,https://www.amazon.de/dp/B0GM1TVSMG,true
Hisense,65E7DS,DE,Amazon,https://www.amazon.de/dp/B0GM1NNY7D,true
Hisense,58E6S,DE,Amazon,https://www.amazon.de/dp/B0GTB3548V,true
Hisense,65U7DS,DE,Amazon,https://www.amazon.de/dp/B0GTW4292Z,true
Hisense,100U7DSE,DE,Amazon,https://www.amazon.de/dp/B0GTW3MG91,true
Hisense,50E8S,DE,Amazon,https://www.amazon.de/dp/B0GYYXRNL8,true
Hisense,32A5Q,DE,Amazon,https://www.amazon.de/dp/B0F2MZRGGH,true
Hisense,55E8S,DE,Amazon,https://www.amazon.de/dp/B0GYZ123RT,true
Hisense,75E7DS,DE,Amazon,https://www.amazon.de/dp/B0GM1S9LV7,true
Hisense,55U7DS,DE,Amazon,https://www.amazon.de/dp/B0GTW3RM81,true
Hisense,75U7DSE,DE,Amazon,https://www.amazon.de/dp/B0GTVXDJ2B,true
Hisense,43E7S,DE,Amazon,https://www.amazon.de/dp/B0GND85Y1P,true
Hisense,50E7S,DE,Amazon,https://www.amazon.de/dp/B0GNDPWJV8,true
Hisense,40A5S,DE,Amazon,https://www.amazon.de/dp/B0GJ5WRCG2,true
Hisense,65UR8S,DE,Amazon,https://www.amazon.de/dp/B0H2YNKM7X,true
Hisense,43A6S,DE,Amazon,https://www.amazon.de/dp/B0GJFM3F7P,true
Hisense,55E7S,DE,Amazon,https://www.amazon.de/dp/B0GR7DTKP8,true
Hisense,55U7SE,DE,Amazon,https://www.amazon.de/dp/B0GKPVQ86Z,true
Hisense,65E7S,DE,Amazon,https://www.amazon.de/dp/B0GR6XCQMY,true
Hisense,50E8S,DE,Amazon,https://www.amazon.de/dp/B0GQDSSGNB,true
Hisense,40A4S,DE,Amazon,https://www.amazon.de/dp/B0GJFC1Q9Z,true
Hisense,65A85Q,DE,Amazon,https://www.amazon.de/dp/B0FKGR14TB,true
Hisense,65U7SE,DE,Amazon,https://www.amazon.de/dp/B0GKPTBTNP,true
Hisense,65E8S,DE,Amazon,https://www.amazon.de/dp/B0GQF24H9M,true
Hisense,65E8Q,DE,Amazon,https://www.amazon.de/dp/B0F1W5MSBZ,true
Hisense,75E7S,DE,Amazon,https://www.amazon.de/dp/B0GR6SXXNM,true
TCL,43SF560,DE,Amazon,https://www.amazon.de/dp/B0F9PQTM25,true
Hisense,75U7SE,DE,Amazon,https://www.amazon.de/dp/B0GKPMTBMC,true
Hisense,50U7SE,DE,Amazon,https://www.amazon.de/dp/B0GKQ1371K,true
Hisense,75A7Q,DE,Amazon,https://www.amazon.de/dp/B0F2T44B26,true
Hisense,65A6S,DE,Amazon,https://www.amazon.de/dp/B0GJF87VQ6,true
Hisense,100E7SPRO,DE,Amazon,https://www.amazon.de/dp/B0H881CW24,true
Hisense,58A6S,DE,Amazon,https://www.amazon.de/dp/B0GJFLN5QB,true
Hisense,85E7S,DE,Amazon,https://www.amazon.de/dp/B0GR6KRXBJ,true
Hisense,32S5QF,DE,Amazon,https://www.amazon.de/dp/B0FXMWY914,true
Hisense,43E7S,DE,Amazon,https://www.amazon.de/dp/B0GR5RW1P2,true
Hisense,43E7DS,DE,Amazon,https://www.amazon.de/dp/B0HF484QD1,true
Hisense,43E7DS,DE,Amazon,https://www.amazon.de/dp/B0HF4G97MJ,true
Hisense,58E7DS,DE,Amazon,https://www.amazon.de/dp/B0HF4FDDKH,true
Hisense,55E8S,DE,Amazon,https://www.amazon.de/dp/B0GQDXNH3L,true
Hisense,50E7DS,DE,Amazon,https://www.amazon.de/dp/B0HF4JKXVT,true
Hisense,65E7DS,DE,Amazon,https://www.amazon.de/dp/B0HF4QWVXZ,true
Hisense,43E7DS,DE,Amazon,https://www.amazon.de/dp/B0H87H169F,true
Hisense,85E7DS,DE,Amazon,https://www.amazon.de/dp/B0H87RTHCQ,true
Hisense,75E7DS,DE,Amazon,https://www.amazon.de/dp/B0H87Q8V42,true
Hisense,58E7DS,DE,Amazon,https://www.amazon.de/dp/B0HF4JYTLH,true
Hisense,43E7DS,DE,Amazon,https://www.amazon.de/dp/B0HF4FKC2R,true
Hisense,55E7DS,DE,Amazon,https://www.amazon.de/dp/B0HF4H3CNX,true
Hisense,75E7DS,DE,Amazon,https://www.amazon.de/dp/B0HF13PYG3,true
Hisense,85U7S,DE,Amazon,https://www.amazon.de/dp/B0GT2RHKJX,true
Hisense,65E7Q,DE,Amazon,https://www.amazon.de/dp/B0FVVTHFW3,true
Hisense,43E7DS,DE,Amazon,https://www.amazon.de/dp/B0H848LKT9,true
TCL,75P6K,DE,Amazon,https://www.amazon.de/dp/B0DV9L8KLJ,true
Hisense,50A7S,DE,Amazon,https://www.amazon.de/dp/B0GSBQDY7T,true
Hisense,100E7DS,DE,Amazon,https://www.amazon.de/dp/B0HF172M89,true
Hisense,55E7DS,DE,Amazon,https://www.amazon.de/dp/B0H87MYMFZ,true
Hisense,100UR8S,DE,Amazon,https://www.amazon.de/dp/B0H3C85RD8,true
Hisense,100E7DS,DE,Amazon,https://www.amazon.de/dp/B0HF4L6LG3,true
Hisense,65E7DS,DE,Amazon,https://www.amazon.de/dp/B0HF4B6PRP,true
Hisense,50E7DS,DE,Amazon,https://www.amazon.de/dp/B0H875RS9D,true
Hisense,55E7DS,DE,Amazon,https://www.amazon.de/dp/B0HF4HLT1Z,true
Hisense,43E7DS,DE,Amazon,https://www.amazon.de/dp/B0HF4BTZ6V,true
Hisense,85E7Q,DE,Amazon,https://www.amazon.de/dp/B0FTG2M23M,true
Hisense,55E7DS,DE,Amazon,https://www.amazon.de/dp/B0HF48LFB8,true
Hisense,65E7DS,DE,Amazon,https://www.amazon.de/dp/B0HF49PMPY,true
Hisense,50E7DS,DE,Amazon,https://www.amazon.de/dp/B0HF3YS8BB,true
Hisense,55E7DS,DE,Amazon,https://www.amazon.de/dp/B0HF47VS4N,true
Hisense,50E7DS,DE,Amazon,https://www.amazon.de/dp/B0HF4N735X,true
Hisense,65E7DS,DE,Amazon,https://www.amazon.de/dp/B0HF4CXHBW,true
Hisense,75E7DS,DE,Amazon,https://www.amazon.de/dp/B0HF47Z78Y,true
Hisense,85E7S,DE,Amazon,https://www.amazon.de/dp/B0H87GH264,true
Hisense,85E7DS,DE,Amazon,https://www.amazon.de/dp/B0HF4DV9RZ,true
Hisense,65E7SPRO,DE,Amazon,https://www.amazon.de/dp/B0H87XMBYS,true
Hisense,98E7S,DE,Amazon,https://www.amazon.de/dp/B0H5C879HS,true
Hisense,75E7DS,DE,Amazon,https://www.amazon.de/dp/B0HF48Q68N,true
Hisense,55E7DS,DE,Amazon,https://www.amazon.de/dp/B0H87BXM9J,true
Hisense,85E7DS,DE,Amazon,https://www.amazon.de/dp/B0HF4DC7GB,true
Sony,50S32,DE,Amazon,https://www.amazon.de/dp/B0F4KT1F4F,true
Sony,43S32,DE,Amazon,https://www.amazon.de/dp/B0F4KVZSKW,true
Sony,55XR80,DE,Amazon,https://www.amazon.de/dp/B0D1VTR2M5,true
Sony,55XR52,DE,Amazon,https://www.amazon.de/dp/B0F4KYR4RT,true
Sony,55S32,DE,Amazon,https://www.amazon.de/dp/B0F4KXJQ42,true
Sony,43BRAVIA3II,DE,Amazon,https://www.amazon.de/dp/B0GZQ8F1R6,true
Sony,50BRAVIA3II,DE,Amazon,https://www.amazon.de/dp/B0GZQ4G7BL,true
Sony,65BRAVIA7II,DE,Amazon,https://www.amazon.de/dp/B0H2JSJ8QM,true
Sony,65XR52,DE,Amazon,https://www.amazon.de/dp/B0F4L1887W,true
Sony,65S32,DE,Amazon,https://www.amazon.de/dp/B0F4KX8CK4,true
Sony,55BRAVIA8II,DE,Amazon,https://www.amazon.de/dp/B0FG465NBM,true
Sony,55BRAVIA3II,DE,Amazon,https://www.amazon.de/dp/B0GZPV9JS8,true
Sony,98BRAVIA5,DE,Amazon,https://www.amazon.de/dp/B0F7R8NY37,true
Sony,50S20M2,DE,Amazon,https://www.amazon.de/dp/B0GZLDN3SH,true
Sony,85BRAVIA3II,DE,Amazon,https://www.amazon.de/dp/B0GZQJC7W6,true
Sony,98BRAVIA7II,DE,Amazon,https://www.amazon.de/dp/B0H2JLDM94,true
Sony,65BRAVIA8II,DE,Amazon,https://www.amazon.de/dp/B0FQTSJZ9H,true
LG,43UA7500,DE,Amazon,https://www.amazon.de/dp/B0F2GHSMX5,true
Hisense,32S5Q,DE,Amazon,https://www.amazon.de/dp/B0FSLMYL4W,true
Hisense,85U7Q,DE,Amazon,https://www.amazon.de/dp/B0F24CKN33,true
Sony,55XR55B,DE,Amazon,https://www.amazon.de/dp/B0FCKRWRT4,true
Sony,65XR55B,DE,Amazon,https://www.amazon.de/dp/B0FCL4NR6G,true
Samsung,55Q7F,DE,Amazon,https://www.amazon.de/dp/B0FFB57833,true
Samsung,43Q7FA,DE,Amazon,https://www.amazon.de/dp/B0F5BXDVK2,true
Samsung,32H5000F,DE,Amazon,https://www.amazon.de/dp/B0FBMDBDWN,true
Samsung,50QN90F,DE,Amazon,https://www.amazon.de/dp/B0DFVHCWC1,true
Samsung,43QN90F,DE,Amazon,https://www.amazon.de/dp/B0DFVGGKJN,true
Samsung,50M70H,DE,Amazon,https://www.amazon.de/dp/B0H33D2SFV,true
Samsung,50U7099H,DE,Amazon,https://www.amazon.de/dp/B0GXZJW37V,true
Samsung,65M70H,DE,Amazon,https://www.amazon.de/dp/B0GXZPQL27,true
Samsung,43U7022H,DE,Amazon,https://www.amazon.de/dp/B0GXZN9W32,true
Samsung,55QN70H,DE,Amazon,https://www.amazon.de/dp/B0H3KJG3K1,true
Samsung,55M80H,DE,Amazon,https://www.amazon.de/dp/B0H335S6NL,true
Samsung,65M80H,DE,Amazon,https://www.amazon.de/dp/B0GXZTJG1Y,true
Samsung,50QN80H,DE,Amazon,https://www.amazon.de/dp/B0GXZJ32FC,true
LG,65G5,DE,Amazon,https://www.amazon.de/dp/B0F2JBGW18,true
LG,32LR6000,DE,Amazon,https://www.amazon.de/dp/B0F94BRF5M,true
LG,55NANO80A6B,DE,Amazon,https://www.amazon.de/dp/B0F2GJL6JK,true
LG,65G6,DE,Amazon,https://www.amazon.de/dp/B0GSH6Z2NJ,true
LG,43QNED70B,DE,Amazon,https://www.amazon.de/dp/B0GSGYGTY8,true
LG,50QNED70B,DE,Amazon,https://www.amazon.de/dp/B0GSGZZVB3,true
LG,48C6,DE,Amazon,https://www.amazon.de/dp/B0GSH1X6WF,true
LG,42C6,DE,Amazon,https://www.amazon.de/dp/B0GSH2NHSZ,true
LG,83C6,DE,Amazon,https://www.amazon.de/dp/B0GSH5L491,true
TCL,40SF560,DE,Amazon,https://www.amazon.de/dp/B0F9PRSHP8,true
TCL,98C8L,DE,Amazon,https://www.amazon.de/dp/B0GTZQ77RW,true
TCL,40S5L,DE,Amazon,https://www.amazon.de/dp/B0HFWYW3WN,true
Hisense,43E7Q,DE,Amazon,https://www.amazon.de/dp/B0F1MSX2W7,true
Hisense,40A5Q,DE,Amazon,https://www.amazon.de/dp/B0F2N11D11,true
Hisense,40E4QT,DE,Amazon,https://www.amazon.de/dp/B0F9YRTQTP,true
Hisense,50E7Q,DE,Amazon,https://www.amazon.de/dp/B0F1MQRCGF,true
Hisense,50E89Q,DE,Amazon,https://www.amazon.de/dp/B0G5QNP2CQ,true
Hisense,55A7Q,DE,Amazon,https://www.amazon.de/dp/B0F2T1B4NL,true
Hisense,75E7Q,DE,Amazon,https://www.amazon.de/dp/B0F1MNRHYV,true
Hisense,50E6DS,DE,Amazon,https://www.amazon.de/dp/B0GTB42DRQ,true
Hisense,55E7S,DE,Amazon,https://www.amazon.de/dp/B0GNDHW3BM,true
Hisense,55E6DS,DE,Amazon,https://www.amazon.de/dp/B0GTB5RY79,true
Sony,85BRAVIA5,DE,Amazon,https://www.amazon.de/dp/B0F4KZW14B,true
Sony,75BRAVIA3,DE,Amazon,https://www.amazon.de/dp/B0F4KRYP8L,true
Sony,55BRAVIA2II,DE,Amazon,https://www.amazon.de/dp/B0GZL1BLJ9,true
Sony,65BRAVIA2II,DE,Amazon,https://www.amazon.de/dp/B0GZKY262Y,true
Sony,75BRAVIA7II,DE,Amazon,https://www.amazon.de/dp/B0H2JZD8HX,true
Sony,65BRAVIA3II,DE,Amazon,https://www.amazon.de/dp/B0GZPZZRWL,true
Sony,75BRAVIA3II,DE,Amazon,https://www.amazon.de/dp/B0GZQ9F4Y3,true
Sony,65BRAVIA6,DE,Amazon,https://www.amazon.de/dp/B0HD87B246,true
Sony,75BRAVIA2II,DE,Amazon,https://www.amazon.de/dp/B0GZKYXYQX,true
Sony,77BRAVIA6,DE,Amazon,https://www.amazon.de/dp/B0HD95FW76,true
Samsung,43LS03H,DE,Amazon,https://www.amazon.de/dp/B0GXZN5KXG,true
Samsung,55LS03H,DE,Amazon,https://www.amazon.de/dp/B0H335TKDF,true
Samsung,55LS03F,DE,Amazon,https://www.amazon.de/dp/B0F62PYDZ6,true
Samsung,65LS03H,DE,Amazon,https://www.amazon.de/dp/B0GXZBG1KF,true
Samsung,43LS03FA,DE,Amazon,https://www.amazon.de/dp/B0FFBJV4N6,true
LG,50NU8E0B,DE,Amazon,https://www.amazon.de/dp/B0GSRXF51X,true
LG,43NU800B,DE,Amazon,https://www.amazon.de/dp/B0HDZ6LQL8,true
TCL,75T6C,DE,Amazon,https://www.amazon.de/dp/B0DW996637,true
Sony,83BRAVIA6,DE,Amazon,https://www.amazon.de/dp/B0HD8R2NBG,true
Samsung,55R85H,DE,Amazon,https://www.amazon.de/dp/B0GXZHQ5ZC,true
Samsung,75R85H,DE,Amazon,https://www.amazon.de/dp/B0GXZFCQCX,true
Samsung,85R85H,DE,Amazon,https://www.amazon.de/dp/B0GXZYKP14,true
Samsung,75R85H,DE,Amazon,https://www.amazon.de/dp/B0GK2BT41M,true
Samsung,85LS03HW,DE,Amazon,https://www.amazon.de/dp/B0H62KB2YV,true
Samsung,85QN90F,DE,Amazon,https://www.amazon.de/dp/B0F224SMXB,true
Samsung,85LS03FW,DE,Amazon,https://www.amazon.de/dp/B0F7HTQ4Z7,true
LG,55QNED80B,DE,Amazon,https://www.amazon.de/dp/B0H1JJCFHR,true
LG,43QNED70,DE,Amazon,https://www.amazon.de/dp/B0FV1XBMNB,true
LG,43QNED8E,DE,Amazon,https://www.amazon.de/dp/B0F4KMPM6B,true
Samsung,75R95H,DE,Amazon,https://www.amazon.de/dp/B0H8SG4WXL,true
Samsung,65R95H,DE,Amazon,https://www.amazon.de/dp/B0H8SQBLF3,true
Samsung,55S95H,DE,Amazon,https://www.amazon.de/dp/B0GXZDXDX9,true
Samsung,100QN80H,DE,Amazon,https://www.amazon.de/dp/B0GXZQDPFD,true
Samsung,48S95H,DE,Amazon,https://www.amazon.de/dp/B0GXZM9K15,true
Samsung,77S99H,DE,Amazon,https://www.amazon.de/dp/B0GXZJ6J6Q,true
Samsung,77S90H,DE,Amazon,https://www.amazon.de/dp/B0GXZQ647Z,true
Samsung,65S95H,DE,Amazon,https://www.amazon.de/dp/B0GL39VP48,true
LG,50QNED70B,DE,Amazon,https://www.amazon.de/dp/B0H75GNLLM,true
LG,55QNED70B,DE,Amazon,https://www.amazon.de/dp/B0H6QRP9BT,true
Sony,43S20M2,DE,Amazon,https://www.amazon.de/dp/B0GZL6GMFJ,true
Samsung,77S85F,DE,Amazon,https://www.amazon.de/dp/B0DF8VG9PD,true
Samsung,83S85F,DE,Amazon,https://www.amazon.de/dp/B0DF8H1VVQ,true
Samsung,48S90F,DE,Amazon,https://www.amazon.de/dp/B0FP4ZF41G,true
Samsung,85QN90F,DE,Amazon,https://www.amazon.de/dp/B0DFVTD5QZ,true
Sony,55BRAVIA6,DE,Amazon,https://www.amazon.de/dp/B0HD8TJTZH,true
Samsung,65S85H,DE,Amazon,https://www.amazon.de/dp/B0GXZTVXCY,true
Samsung,77S85H,DE,Amazon,https://www.amazon.de/dp/B0GXZQ6FFF,true
Samsung,55S85H,DE,Amazon,https://www.amazon.de/dp/B0GXZMW88Y,true
Samsung,83S85H,DE,Amazon,https://www.amazon.de/dp/B0GXZQW4BX,true
Samsung,48S90H,DE,Amazon,https://www.amazon.de/dp/B0GXZMQDTZ,true
Samsung,85M80H,DE,Amazon,https://www.amazon.de/dp/B0GXZPJNDF,true
Samsung,83S99H,DE,Amazon,https://www.amazon.de/dp/B0GXZS935X,true
TCL,115C7K,DE,Amazon,https://www.amazon.de/dp/B0F5BQDNGB,true
TCL,50Q6C,DE,Amazon,https://www.amazon.de/dp/B0FD9VF12V,true
Samsung,55QN80H,DE,Amazon,https://www.amazon.de/dp/B0GXZS2FCQ,true
LG,43QNED80B,DE,Amazon,https://www.amazon.de/dp/B0H1JLYV4C,true
TCL,75C7L,DE,Amazon,https://www.amazon.de/dp/B0GVSSJFDT,true
Hisense,65E7S,DE,Amazon,https://www.amazon.de/dp/B0GNF76F8J,true
Sony,100BRAVIA3II,DE,Amazon,https://www.amazon.de/dp/B0GZQB773S,true
Samsung,75QN80H,DE,Amazon,https://www.amazon.de/dp/B0GXZKLRHT,true
LG,50QNED80B,DE,Amazon,https://www.amazon.de/dp/B0H1JCCN4Q,true
TCL,85C7L,DE,Amazon,https://www.amazon.de/dp/B0GVT5HYB3,true
Hisense,75E7S,DE,Amazon,https://www.amazon.de/dp/B0GNDJ3WZT,true
Samsung,85QN80H,DE,Amazon,https://www.amazon.de/dp/B0GXZLJ1T4,true
LG,85QNED80B,DE,Amazon,https://www.amazon.de/dp/B0H5D24GG3,true
TCL,65C8L,DE,Amazon,https://www.amazon.de/dp/B0GTZLF677,true
Hisense,85E7S,DE,Amazon,https://www.amazon.de/dp/B0GNCGYDGJ,true
Samsung,98QN80H,DE,Amazon,https://www.amazon.de/dp/B0GHS3TTGN,true
LG,77B6,DE,Amazon,https://www.amazon.de/dp/B0GSGX4RNZ,true
TCL,75C8L,DE,Amazon,https://www.amazon.de/dp/B0GTZSYZLM,true
Hisense,50A6S,DE,Amazon,https://www.amazon.de/dp/B0GJFVQDWB,true
Samsung,65QN70H,DE,Amazon,https://www.amazon.de/dp/B0GXZLLYHR,true
LG,83B6,DE,Amazon,https://www.amazon.de/dp/B0GSGYH7VH,true
TCL,75X11L,DE,Amazon,https://www.amazon.de/dp/B0GV3VXQB8,true
Hisense,55A6S,DE,Amazon,https://www.amazon.de/dp/B0GJFF3XT7,true
Sony,85BRAVIA3,DE,Amazon,https://www.amazon.de/dp/B0F4KVCDCW,true
Samsung,75QN70H,DE,Amazon,https://www.amazon.de/dp/B0GXZLC8G8,true
LG,77G6,DE,Amazon,https://www.amazon.de/dp/B0GSGYQ3S4,true
TCL,85X11L,DE,Amazon,https://www.amazon.de/dp/B0GV4DDPZD,true
Hisense,32A4S,DE,Amazon,https://www.amazon.de/dp/B0GJFWX36Y,true
Sony,75XR55,DE,Amazon,https://www.amazon.de/dp/B0F4L4JSYM,true
Samsung,85QN70H,DE,Amazon,https://www.amazon.de/dp/B0GXZRNB6Z,true
LG,83G6,DE,Amazon,https://www.amazon.de/dp/B0GSRX1RNN,true
TCL,55C7K,DE,Amazon,https://www.amazon.de/dp/B0F5BP4KFM,true
Hisense,50A5S,DE,Amazon,https://www.amazon.de/dp/B0GJ5TLQHW,true
Samsung,55M70H,DE,Amazon,https://www.amazon.de/dp/B0GXZM4648,true
LG,83G6,DE,Amazon,https://www.amazon.de/dp/B0GYQ32WKS,true
TCL,65C7K,DE,Amazon,https://www.amazon.de/dp/B0F5BRZSTR,true
Hisense,50E7S,DE,Amazon,https://www.amazon.de/dp/B0GR77T4BZ,true
Samsung,55M70H,DE,Amazon,https://www.amazon.de/dp/B0H335DMZZ,true
LG,50NU800B,DE,Amazon,https://www.amazon.de/dp/B0HDYZB42R,true
Samsung,65U8005F,DE,Amazon,https://www.amazon.de/dp/B0F62VGMHW,true
Samsung,85U8005F,DE,Amazon,https://www.amazon.de/dp/B0F62T3RGK,true
LG,55C5,DE,Amazon,https://www.amazon.de/dp/B0F2JB8LDX,true
LG,65C5,DE,Amazon,https://www.amazon.de/dp/B0F2JCZPB4,true
LG,77C5,DE,Amazon,https://www.amazon.de/dp/B0F2JD9RHK,true
LG,83C5,DE,Amazon,https://www.amazon.de/dp/B0F2JCSBRK,true
TCL,75C7K,DE,Amazon,https://www.amazon.de/dp/B0F5BP3VXC,true
TCL,85C7K,DE,Amazon,https://www.amazon.de/dp/B0F5BSK9JW,true
TCL,98C7K,DE,Amazon,https://www.amazon.de/dp/B0F5BL77MF,true
Hisense,58E7Q,DE,Amazon,https://www.amazon.de/dp/B0F9YWJ5MT,true
Hisense,65E7Q,DE,Amazon,https://www.amazon.de/dp/B0F1MRPC4B,true
Hisense,85E7Q,DE,Amazon,https://www.amazon.de/dp/B0F1MR1FQ3,true
Samsung,50Q7F,DE,Amazon,https://www.amazon.de/dp/B0FFSVPJ7Y,true
Samsung,65Q7F,DE,Amazon,https://www.amazon.de/dp/B0FMRZZJ9Z,true
Samsung,75Q7F,DE,Amazon,https://www.amazon.de/dp/B0FMRWNLRQ,true
Samsung,43Q8F,DE,Amazon,https://www.amazon.de/dp/B0F2296XMW,true
LG,55G5,DE,Amazon,https://www.amazon.de/dp/B0F2JFZGNY,true
LG,77G5,DE,Amazon,https://www.amazon.de/dp/B0F228BQJL,true
LG,83G5,DE,Amazon,https://www.amazon.de/dp/B0F222MK9R,true
Hisense,50E7Q,DE,Amazon,https://www.amazon.de/dp/B0FFH8CWBK,true
Hisense,85E7Q,DE,Amazon,https://www.amazon.de/dp/B0F1N6RKFQ,true
Hisense,43E7Q,DE,Amazon,https://www.amazon.de/dp/B0FFH953XW,true
Hisense,75E7Q,DE,Amazon,https://www.amazon.de/dp/B0F1N63F97,true
Hisense,100E7QPRO,DE,Amazon,https://www.amazon.de/dp/B0F1N92VWF,true
LG,83B5,DE,Amazon,https://www.amazon.de/dp/B0F38MPV9J,true
LG,55B5,DE,Amazon,https://www.amazon.de/dp/B0F2JBY889,true
LG,65B5,DE,Amazon,https://www.amazon.de/dp/B0F2JBSBG8,true
LG,77B5,DE,Amazon,https://www.amazon.de/dp/B0F2JBKSWP,true
Hisense,75U7Q,DE,Amazon,https://www.amazon.de/dp/B0F32MFDX7,true
Hisense,100U7Q,DE,Amazon,https://www.amazon.de/dp/B0F32LDRKP,true
Hisense,65U7Q,DE,Amazon,https://www.amazon.de/dp/B0F32JG9DR,true
Hisense,85U7Q,DE,Amazon,https://www.amazon.de/dp/B07JL1BDWD,true
Samsung,85QN70F,DE,Amazon,https://www.amazon.de/dp/B0DFVWLJSG,true
Samsung,65QN70F,DE,Amazon,https://www.amazon.de/dp/B0DFVN36ZX,true
Samsung,75QN70F,DE,Amazon,https://www.amazon.de/dp/B0DFVP3HJ9,true
LG,43QNED85A,DE,Amazon,https://www.amazon.de/dp/B0F3DPVC82,true
LG,55QNED85A,DE,Amazon,https://www.amazon.de/dp/B0F38LBJ4X,true
LG,75QNED85A,DE,Amazon,https://www.amazon.de/dp/B0F2283PP6,true
LG,86QNED85A,DE,Amazon,https://www.amazon.de/dp/B0F226TJZ2,true
Samsung,65Q8F,DE,Amazon,https://www.amazon.de/dp/B0FCXFKMPZ,true
Samsung,75Q8F,DE,Amazon,https://www.amazon.de/dp/B0F62TBR8S,true
Hisense,65U7Q,DE,Amazon,https://www.amazon.de/dp/B0F24FL4CL,true
Hisense,75U7Q,DE,Amazon,https://www.amazon.de/dp/B0F24F77CN,true
Hisense,100U7Q,DE,Amazon,https://www.amazon.de/dp/B0F1YST2D4,true
Samsung,50U8005F,ES,Amazon,https://www.amazon.es/dp/B0F9Q122K4,true
Samsung,32F6000,ES,Amazon,https://www.amazon.es/dp/B0GHYGDSVX,true
Samsung,55Q8F,ES,Amazon,https://www.amazon.es/dp/B0F2B4SG7L,true
Samsung,43U8005F,ES,Amazon,https://www.amazon.es/dp/B0F226HRC7,true
Samsung,43U7022H,ES,Amazon,https://www.amazon.es/dp/B0GXJS6YF7,true
Samsung,27F6000,ES,Amazon,https://www.amazon.es/dp/B0F227T2DK,true
Samsung,50U7005H,ES,Amazon,https://www.amazon.es/dp/B0GXK5G9GR,true
Samsung,65Q8F,ES,Amazon,https://www.amazon.es/dp/B0F2FKKLTG,true
Samsung,55QN80F,ES,Amazon,https://www.amazon.es/dp/B0F2FJY819,true
Samsung,43M70H,ES,Amazon,https://www.amazon.es/dp/B0GWN6CDVH,true
Samsung,43LS03F,ES,Amazon,https://www.amazon.es/dp/B0F229Y3KG,true
Samsung,50Q7F,ES,Amazon,https://www.amazon.es/dp/B0FFSVPJ7Y,true
Samsung,32H5000F,ES,Amazon,https://www.amazon.es/dp/B0DF6NHYS6,true
Samsung,65Q7FA,ES,Amazon,https://www.amazon.es/dp/B0FMRZZJ9Z,true
Hisense,40A4S,ES,Amazon,https://www.amazon.es/dp/B0GJFC1Q9Z,true
Samsung,55Q7FA,ES,Amazon,https://www.amazon.es/dp/B0FHX2NJ9Y,true
Hisense,43E7Q,ES,Amazon,https://www.amazon.es/dp/B0FFH953XW,true
Samsung,55QN70H,ES,Amazon,https://www.amazon.es/dp/B0GKGP4L74,true
Samsung,77S90F,ES,Amazon,https://www.amazon.es/dp/B0F225ZVVW,true
Samsung,43Q8FA,ES,Amazon,https://www.amazon.es/dp/B0FM94TKK1,true
Samsung,43QN90F,ES,Amazon,https://www.amazon.es/dp/B0F21YMCYJ,true
Samsung,55M80H,ES,Amazon,https://www.amazon.es/dp/B0GJ5M8SH8,true
Samsung,55S90F,ES,Amazon,https://www.amazon.es/dp/B0F2FKBYBD,true
Samsung,65Q6F,ES,Amazon,https://www.amazon.es/dp/B0FRSHBY4K,true
Samsung,65S85F,ES,Amazon,https://www.amazon.es/dp/B0F2FNVQ73,true
Samsung,42S90F,ES,Amazon,https://www.amazon.es/dp/B0FT879YNJ,true
Samsung,48S90F,ES,Amazon,https://www.amazon.es/dp/B0FLDWT7ZF,true
Samsung,75M80H,ES,Amazon,https://www.amazon.es/dp/B0GJ6GRZX2,true
Samsung,55U80H,ES,Amazon,https://www.amazon.es/dp/B0H5K6P1BY,true
TCL,43V6D,ES,Amazon,https://www.amazon.es/dp/B0GQHTCGBB,true
Samsung,75QN70H,ES,Amazon,https://www.amazon.es/dp/B0GL3D83CG,true
TCL,43SF560,ES,Amazon,https://www.amazon.es/dp/B0F9PQTM25,true
Sony,43BRAVIA3,ES,Amazon,https://www.amazon.es/dp/B0F4KVZSKW,true
Samsung,55LS03HW,ES,Amazon,https://www.amazon.es/dp/B0GKGSD2CC,true
Samsung,55S85H,ES,Amazon,https://www.amazon.es/dp/B0GKNZGT1T,true
Samsung,65QN900F,ES,Amazon,https://www.amazon.es/dp/B0F2221GD1,true
Samsung,55LS03H,ES,Amazon,https://www.amazon.es/dp/B0GKG3KQBL,true
Samsung,55M70H,ES,Amazon,https://www.amazon.es/dp/B0H335DMZZ,true
Samsung,65M80H,ES,Amazon,https://www.amazon.es/dp/B0GJ6K3KQX,true
TCL,65C7L,ES,Amazon,https://www.amazon.es/dp/B0GVSMZR1J,true
Samsung,48S90H,ES,Amazon,https://www.amazon.es/dp/B0GKB7JX16,true
Samsung,75QN990F,ES,Amazon,https://www.amazon.es/dp/B0F2219MC8,true
Samsung,55R85H,ES,Amazon,https://www.amazon.es/dp/B0GK1ZSKLF,true
Samsung,75LS03F,ES,Amazon,https://www.amazon.es/dp/B0F228V6ML,true
TCL,98Q7C,ES,Amazon,https://www.amazon.es/dp/B0F38F4TM3,true
Sony,43BRAVIA2II,ES,Amazon,https://www.amazon.es/dp/B0GZL6GMFJ,true
TCL,43P6K,ES,Amazon,https://www.amazon.es/dp/B0DV9HJTTK,true
Sony,50BRAVIA2II,ES,Amazon,https://www.amazon.es/dp/B0GZLDN3SH,true
Samsung,65S95F,ES,Amazon,https://www.amazon.es/dp/B0F222QCYM,true
Samsung,65QN80H,ES,Amazon,https://www.amazon.es/dp/B0GL2M81T2,true
Sony,75BRAVIA3,ES,Amazon,https://www.amazon.es/dp/B0F4KRYP8L,true
Samsung,65U8005F,ES,Amazon,https://www.amazon.es/dp/B0FMS3F365,true
Samsung,75R95H,ES,Amazon,https://www.amazon.es/dp/B0GK2D65BB,true
Samsung,75R85H,ES,Amazon,https://www.amazon.es/dp/B0GK2BT41M,true
Samsung,65R95H,ES,Amazon,https://www.amazon.es/dp/B0GK1YDW6Z,true
Samsung,65R85H,ES,Amazon,https://www.amazon.es/dp/B0GK2DY9Y9,true
Samsung,85M80H,ES,Amazon,https://www.amazon.es/dp/B0GJ64N3BB,true
Samsung,55S90F,ES,Amazon,https://www.amazon.es/dp/B0FTFW74N2,true
Sony,43BRAVIA3II,ES,Amazon,https://www.amazon.es/dp/B0GZQ8F1R6,true
Sony,55BRAVIA3,ES,Amazon,https://www.amazon.es/dp/B0F4KXJQ42,true
Sony,55BRAVIA2II,ES,Amazon,https://www.amazon.es/dp/B0GZL1BLJ9,true
Sony,85BRAVIA3,ES,Amazon,https://www.amazon.es/dp/B0F4KVCDCW,true
Sony,50BRAVIA3,ES,Amazon,https://www.amazon.es/dp/B0F4KT1F4F,true
Samsung,85Q7F,ES,Amazon,https://www.amazon.es/dp/B0F62RQFP5,true
Samsung,98QN80H,ES,Amazon,https://www.amazon.es/dp/B0GHS3TTGN,true
Sony,75BRAVIA5,ES,Amazon,https://www.amazon.es/dp/B0F4L4JSYM,true
Sony,65BRAVIA2II,ES,Amazon,https://www.amazon.es/dp/B0GZKY262Y,true
Sony,65BRAVIA3,ES,Amazon,https://www.amazon.es/dp/B0F4KX8CK4,true
Sony,55BRAVIA3II,ES,Amazon,https://www.amazon.es/dp/B0GZPV9JS8,true
Sony,65BRAVIA3II,ES,Amazon,https://www.amazon.es/dp/B0GZPZZRWL,true
Sony,75BRAVIA3,ES,Amazon,https://www.amazon.es/dp/B0F9PP4L8L,true
Sony,75BRAVIA3II,ES,Amazon,https://www.amazon.es/dp/B0GZQ9F4Y3,true
Sony,85BRAVIA3II,ES,Amazon,https://www.amazon.es/dp/B0GZQJC7W6,true
Sony,55BRAVIA5,ES,Amazon,https://www.amazon.es/dp/B0F4KYR4RT,true
Hisense,40A4Q,ES,Amazon,https://www.amazon.es/dp/B0F1MJ7VB2,true
Sony,100BRAVIA3II,ES,Amazon,https://www.amazon.es/dp/B0GZQB773S,true
Sony,50BRAVIA3II,ES,Amazon,https://www.amazon.es/dp/B0GZQ4G7BL,true
Sony,55BRAVIA3,ES,Amazon,https://www.amazon.es/dp/B0F9PQ87CW,true
Sony,50BRAVIA3,ES,Amazon,https://www.amazon.es/dp/B0F9PRZC2C,true
Sony,98BRAVIA5,ES,Amazon,https://www.amazon.es/dp/B0F7R8NY37,true
LG,43NU800B,ES,Amazon,https://www.amazon.es/dp/B0GTRJ4LRS,true
LG,27LB7000,ES,Amazon,https://www.amazon.es/dp/B0H7262TF4,true
LG,50NU800B,ES,Amazon,https://www.amazon.es/dp/B0GTRPVDL7,true
LG,55NU800B,ES,Amazon,https://www.amazon.es/dp/B0GTRP9673,true
LG,55QNED70B,ES,Amazon,https://www.amazon.es/dp/B0GTRRKHGJ,true
LG,24LB7000,ES,Amazon,https://www.amazon.es/dp/B0H72HGH3Q,true
LG,43QNED80B,ES,Amazon,https://www.amazon.es/dp/B0GTZGKH4B,true
LG,48G5,ES,Amazon,https://www.amazon.es/dp/B0F7468M2N,true
LG,50QNED80B,ES,Amazon,https://www.amazon.es/dp/B0GTZRCX78,true
LG,55QNED80B,ES,Amazon,https://www.amazon.es/dp/B0GVF2P153,true
LG,43NU850B,ES,Amazon,https://www.amazon.es/dp/B0H2DWJC5L,true
LG,43UA7300,ES,Amazon,https://www.amazon.es/dp/B0F2GH8L49,true
LG,43QNED80A,ES,Amazon,https://www.amazon.es/dp/B0FY7KG858,true
LG,65NU850B,ES,Amazon,https://www.amazon.es/dp/B0H1JGZQVN,true
LG,55NU850B,ES,Amazon,https://www.amazon.es/dp/B0H197QQMH,true
LG,55QNED80B,ES,Amazon,https://www.amazon.es/dp/B0GVDVBZT8,true
LG,55MRGB87B,ES,Amazon,https://www.amazon.es/dp/B0GWFF6GPF,true
LG,55QNED80B,ES,Amazon,https://www.amazon.es/dp/B0H1JJCFHR,true
LG,65B6,ES,Amazon,https://www.amazon.es/dp/B0GYPYSKH1,true
LG,50NU850B,ES,Amazon,https://www.amazon.es/dp/B0H19L9W71,true
LG,75NU850B,ES,Amazon,https://www.amazon.es/dp/B0H1JGZ393,true
LG,50NANO81A6A,ES,Amazon,https://www.amazon.es/dp/B0FY7KJBKZ,true
LG,55QNED70A,ES,Amazon,https://www.amazon.es/dp/B0FV25V1Q7,true
LG,43QNED80A,ES,Amazon,https://www.amazon.es/dp/B0F2269H9B,true
LG,75UA7500,ES,Amazon,https://www.amazon.es/dp/B0F2GHCHXJ,true
LG,75QNED85B,ES,Amazon,https://www.amazon.es/dp/B0GTZQGQ62,true
LG,50UA7500,ES,Amazon,https://www.amazon.es/dp/B0FQTVDWGK,true
LG,65QNED80B,ES,Amazon,https://www.amazon.es/dp/B0H1JGNRK6,true
LG,43NU800B,ES,Amazon,https://www.amazon.es/dp/B0HDZ6LQL8,true
LG,85QNED90A,ES,Amazon,https://www.amazon.es/dp/B0F2GQQGZQ,true
LG,75QNED80B,ES,Amazon,https://www.amazon.es/dp/B0H5D7WRBD,true
LG,65B6,ES,Amazon,https://www.amazon.es/dp/B0H2DYMQ4N,true
LG,85QNED70B,ES,Amazon,https://www.amazon.es/dp/B0GTZRJMX9,true
LG,65C5,ES,Amazon,https://www.amazon.es/dp/B0FQP6YQJG,true
LG,43UA7500,ES,Amazon,https://www.amazon.es/dp/B0FS7M9C78,true
LG,55UA7500,ES,Amazon,https://www.amazon.es/dp/B0FK37QVSD,true
LG,85QNED80B,ES,Amazon,https://www.amazon.es/dp/B0H5D24GG3,true
LG,75MRGB96B9B,ES,Amazon,https://www.amazon.es/dp/B0GV1CR9S1,true
LG,85NU850B,ES,Amazon,https://www.amazon.es/dp/B0H19FG4ZG,true
LG,50QNED80A,ES,Amazon,https://www.amazon.es/dp/B0FTFSXQ44,true
LG,55G5,ES,Amazon,https://www.amazon.es/dp/B0F3D88VP6,true
LG,55C5,ES,Amazon,https://www.amazon.es/dp/B0FP9ZF1C8,true
TCL,50P6K,ES,Amazon,https://www.amazon.es/dp/B0DV9JL61N,true
LG,86UA7500,ES,Amazon,https://www.amazon.es/dp/B0F2GFJNVW,true
LG,65UA7500,ES,Amazon,https://www.amazon.es/dp/B0FQ2S1ZB3,true
LG,75QNED80A,ES,Amazon,https://www.amazon.es/dp/B0F2GFFHXP,true
LG,65QNED70A,ES,Amazon,https://www.amazon.es/dp/B0FQPD1QWT,true
LG,55B6,ES,Amazon,https://www.amazon.es/dp/B0GWFLCDHM,true
LG,75NANO81A6A,ES,Amazon,https://www.amazon.es/dp/B0FY7GT9RP,true
LG,43NANO81A6A,ES,Amazon,https://www.amazon.es/dp/B0FFH1FK6M,true
LG,86QNED85A,ES,Amazon,https://www.amazon.es/dp/B0F226TJZ2,true
LG,75QNED85A,ES,Amazon,https://www.amazon.es/dp/B0F39C3NWV,true
LG,55QNED80A,ES,Amazon,https://www.amazon.es/dp/B0FFH1PYHB,true
LG,65QNED80A,ES,Amazon,https://www.amazon.es/dp/B0FQP2D3X5,true
LG,83B5,ES,Amazon,https://www.amazon.es/dp/B0F38MPV9J,true
LG,86QNED80A,ES,Amazon,https://www.amazon.es/dp/B0F2275Q5H,true
LG,42C5,ES,Amazon,https://www.amazon.es/dp/B0FFH2LKJC,true
TCL,55MSQLED80L,ES,Amazon,https://www.amazon.es/dp/B0GXKS5GXL,true
TCL,32S4K,ES,Amazon,https://www.amazon.es/dp/B0FLPRW1P9,true
TCL,65P6K,ES,Amazon,https://www.amazon.es/dp/B0DV9GHKQ6,true
TCL,43T6C,ES,Amazon,https://www.amazon.es/dp/B0F8QFTXW9,true
TCL,65T6C,ES,Amazon,https://www.amazon.es/dp/B0F8QDCBCM,true
TCL,32V5D,ES,Amazon,https://www.amazon.es/dp/B0GYSZDBNH,true
TCL,55T6C,ES,Amazon,https://www.amazon.es/dp/B0F8QFPB14,true
TCL,50Q6C,ES,Amazon,https://www.amazon.es/dp/B0FD9VF12V,true
TCL,55C7L,ES,Amazon,https://www.amazon.es/dp/B0GVSHW14M,true
TCL,32SF560,ES,Amazon,https://www.amazon.es/dp/B0F9PVTQL2,true
TCL,43T6C,ES,Amazon,https://www.amazon.es/dp/B0DW98NN53,true
TCL,55Q6C,ES,Amazon,https://www.amazon.es/dp/B0DX185Q23,true
TCL,65Q6C,ES,Amazon,https://www.amazon.es/dp/B0DXQ27X44,true
TCL,75P6K,ES,Amazon,https://www.amazon.es/dp/B0DV9L8KLJ,true
TCL,65C8L,ES,Amazon,https://www.amazon.es/dp/B0GTZLF677,true
TCL,55T6C,ES,Amazon,https://www.amazon.es/dp/B0DW9698LP,true
TCL,55PF650A,ES,Amazon,https://www.amazon.es/dp/B0FNRC5YWQ,true
TCL,40S5K,ES,Amazon,https://www.amazon.es/dp/B0F3XN9M4V,true
TCL,50T6C,ES,Amazon,https://www.amazon.es/dp/B0DW9792RH,true
TCL,75C8L,ES,Amazon,https://www.amazon.es/dp/B0GTZSYZLM,true
TCL,75Q6C,ES,Amazon,https://www.amazon.es/dp/B0DXQ48PD9,true
TCL,55C8L,ES,Amazon,https://www.amazon.es/dp/B0GTZS35X6,true
TCL,75V6D,ES,Amazon,https://www.amazon.es/dp/B0GQHHZD3H,true
TCL,50T6C,ES,Amazon,https://www.amazon.es/dp/B0F8QDY84D,true
TCL,55V6D,ES,Amazon,https://www.amazon.es/dp/B0GQHGGWHX,true
TCL,75T6C,ES,Amazon,https://www.amazon.es/dp/B0DW996637,true
TCL,85T6C,ES,Amazon,https://www.amazon.es/dp/B0F8QB3MLJ,true
TCL,65T6C,ES,Amazon,https://www.amazon.es/dp/B0DW96CFKL,true
TCL,75MSQLED80L,ES,Amazon,https://www.amazon.es/dp/B0GXKRP7FM,true
TCL,43S5K,ES,Amazon,https://www.amazon.es/dp/B0F3XM86GV,true
TCL,85Q6C,ES,Amazon,https://www.amazon.es/dp/B0DXQ5VTVK,true
TCL,75C7L,ES,Amazon,https://www.amazon.es/dp/B0GVSSJFDT,true
TCL,40S5K,ES,Amazon,https://www.amazon.es/dp/B0FQSW3PJL,true
TCL,75A400,ES,Amazon,https://www.amazon.es/dp/B0GYPJP1KL,true
TCL,32S5L,ES,Amazon,https://www.amazon.es/dp/B0H2JF9P45,true
Hisense,32A4S,ES,Amazon,https://www.amazon.es/dp/B0GJFWX36Y,true
TCL,65C8K,ES,Amazon,https://www.amazon.es/dp/B0F9WRKNS3,true
TCL,55A400,ES,Amazon,https://www.amazon.es/dp/B0GYPLJRKC,true
TCL,65RM7L,ES,Amazon,https://www.amazon.es/dp/B0H1135WTX,true
TCL,75P6K,ES,Amazon,https://www.amazon.es/dp/B0FC5T718F,true
TCL,65A400,ES,Amazon,https://www.amazon.es/dp/B0GYPDQ8Y3,true
TCL,55P6K,ES,Amazon,https://www.amazon.es/dp/B0F7RVDMKF,true
TCL,55C6K,ES,Amazon,https://www.amazon.es/dp/B0F8QKZ82T,true
TCL,75T6C,ES,Amazon,https://www.amazon.es/dp/B0F8QB4KM3,true
TCL,43P7K,ES,Amazon,https://www.amazon.es/dp/B0F8VZHXJM,true
TCL,98Q6C,ES,Amazon,https://www.amazon.es/dp/B0DXQ3G6CL,true
TCL,55P8K,ES,Amazon,https://www.amazon.es/dp/B0F8HYKRKX,true
TCL,85A400,ES,Amazon,https://www.amazon.es/dp/B0GYPNX2S7,true
TCL,75C6K,ES,Amazon,https://www.amazon.es/dp/B0H2JJST31,true
TCL,65C6K,ES,Amazon,https://www.amazon.es/dp/B0F9FNQPZP,true
Hisense,55E8S,ES,Amazon,https://www.amazon.es/dp/B0GQDXNH3L,true
TCL,75X11L,ES,Amazon,https://www.amazon.es/dp/B0GV3VXQB8,true
Hisense,50A7Q,ES,Amazon,https://www.amazon.es/dp/B0F2T2717X,true
TCL,75C6K,ES,Amazon,https://www.amazon.es/dp/B0F94DQTQH,true
TCL,75C7K,ES,Amazon,https://www.amazon.es/dp/B0F5BP3VXC,true
TCL,85X11L,ES,Amazon,https://www.amazon.es/dp/B0GV4DDPZD,true
TCL,98X11L,ES,Amazon,https://www.amazon.es/dp/B0GV4GKQR9,true
TCL,85RM9L,ES,Amazon,https://www.amazon.es/dp/B0GXZ91H3X,true
TCL,98A400,ES,Amazon,https://www.amazon.es/dp/B0GYPFVH6M,true
Hisense,50E7Q,ES,Amazon,https://www.amazon.es/dp/B0F1MQRCGF,true
Hisense,65UR8S,ES,Amazon,https://www.amazon.es/dp/B0GX9S46M2,true
Hisense,55E7Q,ES,Amazon,https://www.amazon.es/dp/B0F1MPWV27,true
Hisense,55A7Q,ES,Amazon,https://www.amazon.es/dp/B0F2T1B4NL,true
Hisense,55E7S,ES,Amazon,https://www.amazon.es/dp/B0GNDHW3BM,true
Hisense,50A6S,ES,Amazon,https://www.amazon.es/dp/B0GJFVQDWB,true
Hisense,50E7S,ES,Amazon,https://www.amazon.es/dp/B0GNDPWJV8,true
Hisense,43E7S,ES,Amazon,https://www.amazon.es/dp/B0GND85Y1P,true
Hisense,55A6S,ES,Amazon,https://www.amazon.es/dp/B0GJFF3XT7,true
Hisense,43A6S,ES,Amazon,https://www.amazon.es/dp/B0GJFM3F7P,true
Hisense,65E7S,ES,Amazon,https://www.amazon.es/dp/B0GNF76F8J,true
Hisense,65A6S,ES,Amazon,https://www.amazon.es/dp/B0GJF87VQ6,true
Hisense,50U7Q,ES,Amazon,https://www.amazon.es/dp/B0F32KTJK8,true
Hisense,65E8S,ES,Amazon,https://www.amazon.es/dp/B0GQF24H9M,true
Hisense,32S5Q,ES,Amazon,https://www.amazon.es/dp/B0FSLMYL4W,true
Hisense,50E8S,ES,Amazon,https://www.amazon.es/dp/B0GQDSSGNB,true
Hisense,55E7S,ES,Amazon,https://www.amazon.es/dp/B0GR7DTKP8,true
Hisense,55U7S,ES,Amazon,https://www.amazon.es/dp/B0GT2MQNKD,true
Hisense,65E7S,ES,Amazon,https://www.amazon.es/dp/B0GR6XCQMY,true
Hisense,85E7S,ES,Amazon,https://www.amazon.es/dp/B0GNCGYDGJ,true
Hisense,32A5Q,ES,Amazon,https://www.amazon.es/dp/B0F2MZRGGH,true
Hisense,65E7Q,ES,Amazon,https://www.amazon.es/dp/B0F1MRPC4B,true
Hisense,50E7S,ES,Amazon,https://www.amazon.es/dp/B0GR77T4BZ,true
Hisense,55U7SE,ES,Amazon,https://www.amazon.es/dp/B0GKPVQ86Z,true
Hisense,65U7S,ES,Amazon,https://www.amazon.es/dp/B0GT2HY84T,true
Hisense,43E7S,ES,Amazon,https://www.amazon.es/dp/B0GR5RW1P2,true
Hisense,100E7QPRO,ES,Amazon,https://www.amazon.es/dp/B0F1N92VWF,true
Hisense,85E7S,ES,Amazon,https://www.amazon.es/dp/B0GR6KRXBJ,true
Hisense,75E7S,ES,Amazon,https://www.amazon.es/dp/B0GNDJ3WZT,true
Hisense,55U8Q,ES,Amazon,https://www.amazon.es/dp/B0F1WHZW4G,true
Hisense,43E7Q,ES,Amazon,https://www.amazon.es/dp/B0F1MSX2W7,true
Hisense,55UR8S,ES,Amazon,https://www.amazon.es/dp/B0GX9JNFGJ,true
Hisense,55S7S,ES,Amazon,https://www.amazon.es/dp/B0H3112112,true
Hisense,75E7S,ES,Amazon,https://www.amazon.es/dp/B0GR6SXXNM,true
Hisense,75U7S,ES,Amazon,https://www.amazon.es/dp/B0GT2VFCQ9,true
Hisense,65U7SE,ES,Amazon,https://www.amazon.es/dp/B0GKPTBTNP,true
Hisense,75U7SE,ES,Amazon,https://www.amazon.es/dp/B0GKPMTBMC,true
Hisense,65E61QT,ES,Amazon,https://www.amazon.es/dp/B0F1MJP6K7,true
Hisense,98E7Q,ES,Amazon,https://www.amazon.es/dp/B0FQ68967J,true
TCL,50V6D,ES,Amazon,https://www.amazon.es/dp/B0GQHFQC2X,true
Hisense,85E8S,ES,Amazon,https://www.amazon.es/dp/B0GQDDL8D7,true
Hisense,85A6Q,ES,Amazon,https://www.amazon.es/dp/B0F32QWD5H,true
Hisense,55U7Q,ES,Amazon,https://www.amazon.es/dp/B0F24CNGSS,true
Hisense,75E8S,ES,Amazon,https://www.amazon.es/dp/B0GQCXP6VM,true
Hisense,85E7Q,ES,Amazon,https://www.amazon.es/dp/B0F1MR1FQ3,true
Hisense,43S5Q,ES,Amazon,https://www.amazon.es/dp/B0GM1RDY9Z,true
Hisense,85U7SE,ES,Amazon,https://www.amazon.es/dp/B0GKPZ6MQ6,true
Hisense,50A6Q,ES,Amazon,https://www.amazon.es/dp/B0F4D9YNHR,true
Hisense,50E7Q,ES,Amazon,https://www.amazon.es/dp/B0FSSF88P6,true
Hisense,75UR8S,ES,Amazon,https://www.amazon.es/dp/B0GX9P1JKM,true
Hisense,85UR8S,ES,Amazon,https://www.amazon.es/dp/B0GX9BK2NH,true
Hisense,85A69Q,ES,Amazon,https://www.amazon.es/dp/B0FRG2KB9B,true
Hisense,85U7S,ES,Amazon,https://www.amazon.es/dp/B0GT2RHKJX,true
Hisense,75E7Q,ES,Amazon,https://www.amazon.es/dp/B0F1MNRHYV,true
Hisense,75U8Q,ES,Amazon,https://www.amazon.es/dp/B0F1W3TRZT,true
Hisense,100U70QPRO,ES,Amazon,https://www.amazon.es/dp/B0FQK4ZGFR,true
Hisense,65S7S,ES,Amazon,https://www.amazon.es/dp/B0GNF3KJGW,true
Hisense,55A6Q,ES,Amazon,https://www.amazon.es/dp/B0F4D9MLMQ,true
Hisense,100U7Q,ES,Amazon,https://www.amazon.es/dp/B0F32LDRKP,true
Hisense,100UR8S,ES,Amazon,https://www.amazon.es/dp/B0GX9LY7QD,true
Hisense,65UR9S,ES,Amazon,https://www.amazon.es/dp/B0GR6VCJL6,true
Sony,50S32B,ES,Amazon,https://www.amazon.es/dp/B0FCKV4FT9,true
Samsung,27F6000,ES,Amazon,https://www.amazon.es/dp/B0GHY8DCSZ,true
Sony,55BRAVIA8,ES,Amazon,https://www.amazon.es/dp/B0D1VTR2M5,true
Sony,65BRAVIA8,ES,Amazon,https://www.amazon.es/dp/B0D1VV8K32,true
Sony,55BRAVIA7II,ES,Amazon,https://www.amazon.es/dp/B0H2JXW744,true
LG,50QNED70B,ES,Amazon,https://www.amazon.es/dp/B0GTRQQYVC,true
Sony,75BRAVIA7II,ES,Amazon,https://www.amazon.es/dp/B0H2JZD8HX,true
Samsung,24F6000,ES,Amazon,https://www.amazon.es/dp/B0F22BB8VV,true
LG,65QNED80B,ES,Amazon,https://www.amazon.es/dp/B0GVF91FS8,true
Sony,75S32B,ES,Amazon,https://www.amazon.es/dp/B0FCX43PK5,true
Sony,75BRAVIA2II,ES,Amazon,https://www.amazon.es/dp/B0GZKYXYQX,true
Samsung,43QN70H,ES,Amazon,https://www.amazon.es/dp/B0GKBFPSJ6,true
LG,86QNED85B,ES,Amazon,https://www.amazon.es/dp/B0GTZNPDJJ,true
Sony,43BRAVIA3,ES,Amazon,https://www.amazon.es/dp/B0F9PR3GN3,true
Samsung,115QN90F,ES,Amazon,https://www.amazon.es/dp/B0F222BT5D,true
Samsung,43Q7F,ES,Amazon,https://www.amazon.es/dp/B0F225N6PT,true
Samsung,50M70H,ES,Amazon,https://www.amazon.es/dp/B0GWND8LLV,true
Samsung,75QN80F,ES,Amazon,https://www.amazon.es/dp/B0F2FMQ6FT,true
Samsung,55LS03F,ES,Amazon,https://www.amazon.es/dp/B0F2295TXB,true
Samsung,75U8090H,ES,Amazon,https://www.amazon.es/dp/B0GJ6DVVRR,true
Samsung,65M70H,ES,Amazon,https://www.amazon.es/dp/B0GWNB5XWM,true
LG,75NU800B,ES,Amazon,https://www.amazon.es/dp/B0GTRQF5S3,true
LG,42C5,ES,Amazon,https://www.amazon.es/dp/B0FQP7K879,true
LG,65QNED80B,ES,Amazon,https://www.amazon.es/dp/B0GTZSGZ1B,true
LG,65NU800B,ES,Amazon,https://www.amazon.es/dp/B0GTRTW8P9,true
LG,65QNED70B,ES,Amazon,https://www.amazon.es/dp/B0GTRV1PS9,true
LG,65MRGB87B,ES,Amazon,https://www.amazon.es/dp/B0GWFRFQZK,true
TCL,65V6D,ES,Amazon,https://www.amazon.es/dp/B0GQHNCZBK,true
TCL,65MSQLED80L,ES,Amazon,https://www.amazon.es/dp/B0GXKSZKLT,true
Hisense,32A4Q,ES,Amazon,https://www.amazon.es/dp/B0F1MJCGRY,true
Hisense,40A5Q,ES,Amazon,https://www.amazon.es/dp/B0F2N11D11,true
Sony,65BRAVIA3,ES,Amazon,https://www.amazon.es/dp/B0F9PQJDM9,true
Sony,85BRAVIA7II,ES,Amazon,https://www.amazon.es/dp/B0H2K25NJ4,true
LG,77G5,ES,Amazon,https://www.amazon.es/dp/B0F3D6NBFN,true
TCL,85C7L,ES,Amazon,https://www.amazon.es/dp/B0GVT5HYB3,true
Samsung,50Q8F,ES,Amazon,https://www.amazon.es/dp/B0F22BFWQQ,true
Samsung,75QN900F,ES,Amazon,https://www.amazon.es/dp/B0F21Y5JP5,true
Samsung,85QN900F,ES,Amazon,https://www.amazon.es/dp/B0F2223MPD,true
LG,85QNED70B,ES,Amazon,https://www.amazon.es/dp/B0GTRQNMS6,true
LG,85QNED80B,ES,Amazon,https://www.amazon.es/dp/B0GTZQHVGG,true
Samsung,77S85F,ES,Amazon,https://www.amazon.es/dp/B0F2FMPVYZ,true
Samsung,65LS03HW,ES,Amazon,https://www.amazon.es/dp/B0GKPQK57W,true
LG,85NU800B,ES,Amazon,https://www.amazon.es/dp/B0GTRH6HHP,true
Samsung,85Q7F,ES,Amazon,https://www.amazon.es/dp/B0F22827ND,true
Samsung,85QN80F,ES,Amazon,https://www.amazon.es/dp/B0F2FNFKDD,true
Samsung,55S85F,ES,Amazon,https://www.amazon.es/dp/B0F2FH5FG5,true
Samsung,65S95H,ES,Amazon,https://www.amazon.es/dp/B0GL39VP48,true
LG,48G6,ES,Amazon,https://www.amazon.es/dp/B0GYQ4TK5F,true
TCL,85C8L,ES,Amazon,https://www.amazon.es/dp/B0GTZRP159,true
Sony,65BRAVIA5,ES,Amazon,https://www.amazon.es/dp/B0F4L1887W,true
Samsung,43U8005F,ES,Amazon,https://www.amazon.es/dp/B0F9Q1YQSQ,true
LG,55G6,ES,Amazon,https://www.amazon.es/dp/B0GYPN5KK9,true
TCL,98C8L,ES,Amazon,https://www.amazon.es/dp/B0GTZQ77RW,true
Sony,77BRAVIA8,ES,Amazon,https://www.amazon.es/dp/B0D1VV32HH,true
Samsung,55U8005F,ES,Amazon,https://www.amazon.es/dp/B0F9Q2QDJZ,true
LG,65G6,ES,Amazon,https://www.amazon.es/dp/B0H36VQ8P1,true
TCL,98C7L,ES,Amazon,https://www.amazon.es/dp/B0GVSRRQC6,true
Samsung,65U8005F,ES,Amazon,https://www.amazon.es/dp/B0F9Q24YFV,true
LG,43QNED70B,ES,Amazon,https://www.amazon.es/dp/B0GTRP6G9Y,true
TCL,65Q7C,ES,Amazon,https://www.amazon.es/dp/B0F38FCTLQ,true
Samsung,75U8005F,ES,Amazon,https://www.amazon.es/dp/B0F9Q1SR49,true
LG,75QNED70B,ES,Amazon,https://www.amazon.es/dp/B0GTRDSN7K,true
TCL,65Q7C,ES,Amazon,https://www.amazon.es/dp/B0FC5MD7JJ,true
Samsung,85U8005F,ES,Amazon,https://www.amazon.es/dp/B0FCMSRGND,true
LG,42C6,ES,Amazon,https://www.amazon.es/dp/B0GYPQTKG8,true
TCL,75Q7C,ES,Amazon,https://www.amazon.es/dp/B0F38FDD88,true
Samsung,43Q8F,ES,Amazon,https://www.amazon.es/dp/B0F2296XMW,true
LG,75QNED80B,ES,Amazon,https://www.amazon.es/dp/B0GTZSJ455,true
TCL,85Q7C,ES,Amazon,https://www.amazon.es/dp/B0F38H4X7J,true
Samsung,75Q8F,ES,Amazon,https://www.amazon.es/dp/B0F2FL3P7J,true
LG,43QNED80B,ES,Amazon,https://www.amazon.es/dp/B0H1JLYV4C,true
TCL,75C8K,ES,Amazon,https://www.amazon.es/dp/B0F9WSGDLW,true
Samsung,85Q8F,ES,Amazon,https://www.amazon.es/dp/B0F2FLDHZD,true
LG,75QNED80B,ES,Amazon,https://www.amazon.es/dp/B0GTZLCJW9,true
TCL,85C8K,ES,Amazon,https://www.amazon.es/dp/B0F9WW49C3,true
Samsung,50QN80F,ES,Amazon,https://www.amazon.es/dp/B0F22914WP,true
LG,115QNED90B,ES,Amazon,https://www.amazon.es/dp/B0GXFL59K4,true
TCL,98C8K,ES,Amazon,https://www.amazon.es/dp/B0F9WRNP3W,true
Samsung,65QN80F,ES,Amazon,https://www.amazon.es/dp/B0F2FM1YNY,true
LG,48C5,ES,Amazon,https://www.amazon.es/dp/B0F3D7TC7P,true
TCL,65C7K,ES,Amazon,https://www.amazon.es/dp/B0F5BRZSTR,true
Samsung,100QN80F,ES,Amazon,https://www.amazon.es/dp/B0F22834RH,true
LG,77C5,ES,Amazon,https://www.amazon.es/dp/B0F3D64K3K,true
Samsung,43U7020F,ES,Amazon,https://www.amazon.es/dp/B0F2FNR82K,true
LG,65G5,ES,Amazon,https://www.amazon.es/dp/B0F7HZ83P2,true
Samsung,50U7000F,ES,Amazon,https://www.amazon.es/dp/B0F2B3RT7Z,true
Samsung,50U7020F,ES,Amazon,https://www.amazon.es/dp/B0F2FPPD5G,true
Samsung,50U8005F,ES,Amazon,https://www.amazon.es/dp/B0F2FNJ3H6,true
LG,83G5,ES,Amazon,https://www.amazon.es/dp/B0F3D5PD4T,true
Sony,98BRAVIA7II,ES,Amazon,https://www.amazon.es/dp/B0H2JLDM94,true
Sony,65XR75M2,ES,Amazon,https://www.amazon.es/dp/B0H2JSJ8QM,true
Samsung,75Q6F,ES,Amazon,https://www.amazon.es/dp/B0FPWV3YJB,true
Samsung,98Q7F,ES,Amazon,https://www.amazon.es/dp/B0FPGJ1QKQ,true
Samsung,55Q7F,ES,Amazon,https://www.amazon.es/dp/B0F2BC6F56,true
Samsung,65Q7F,ES,Amazon,https://www.amazon.es/dp/B0F2FNK6DF,true
LG,42C5,ES,Amazon,https://www.amazon.es/dp/B0F3D644H2,true
LG,55C5,ES,Amazon,https://www.amazon.es/dp/B0F3D7S36K,true
Sony,55A80L,ES,Amazon,https://www.amazon.es/dp/B0BYGV7RC1,true
Samsung,43U7022H,GB,Amazon,https://www.amazon.co.uk/dp/B0GWJMJMKV,true
Samsung,50U7000H,GB,Amazon,https://www.amazon.co.uk/dp/B0GWJK91S6,true
Samsung,55U7000H,GB,Amazon,https://www.amazon.co.uk/dp/B0GWJGV816,true
Samsung,65U7022H,GB,Amazon,https://www.amazon.co.uk/dp/B0GWJ51X7T,true
Samsung,55U8005F,GB,Amazon,https://www.amazon.co.uk/dp/B0F6VSSSWX,true
Samsung,43U8090H,GB,Amazon,https://www.amazon.co.uk/dp/B0GYZQ5XDK,true
Samsung,55S84F,GB,Amazon,https://www.amazon.co.uk/dp/B0G96NWP4X,true
Samsung,43M80H,GB,Amazon,https://www.amazon.co.uk/dp/B0GYZ3H27Q,true
Samsung,75Q7F,GB,Amazon,https://www.amazon.co.uk/dp/B0F6TQHG7P,true
Samsung,32Q5F,GB,Amazon,https://www.amazon.co.uk/dp/B0GYZ8D9HC,true
Samsung,65Q7FA,GB,Amazon,https://www.amazon.co.uk/dp/B0F6VXNQ6C,true
Samsung,70U8005F,GB,Amazon,https://www.amazon.co.uk/dp/B0F6VTV71T,true
Hisense,43E6Q,GB,Amazon,https://www.amazon.co.uk/dp/B0F7WLZN2T,true
Samsung,43QN70H,GB,Amazon,https://www.amazon.co.uk/dp/B0GYZ7Z8B5,true
Samsung,65Q7F,GB,Amazon,https://www.amazon.co.uk/dp/B0F6VKL1P2,true
Samsung,75U7000H,GB,Amazon,https://www.amazon.co.uk/dp/B0GWJBLG6Q,true
Samsung,65S90F,GB,Amazon,https://www.amazon.co.uk/dp/B0F6VQKK6Q,true
Samsung,55Q7FA,GB,Amazon,https://www.amazon.co.uk/dp/B0F6VR94Y4,true
Samsung,55Q7F,GB,Amazon,https://www.amazon.co.uk/dp/B0F6NMYGZ5,true
Samsung,65U7000F,GB,Amazon,https://www.amazon.co.uk/dp/B0F6VTWCX8,true
Samsung,55Q7F,GB,Amazon,https://www.amazon.co.uk/dp/B0FM8SY9ZK,true
Samsung,24F6000,GB,Amazon,https://www.amazon.co.uk/dp/B0F22BB8VV,true
Samsung,55S85H,GB,Amazon,https://www.amazon.co.uk/dp/B0GYZKRK7N,true
Samsung,43Q7FA,GB,Amazon,https://www.amazon.co.uk/dp/B0F6VTV71J,true
Samsung,50U8005F,GB,Amazon,https://www.amazon.co.uk/dp/B0F6VTVCW6,true
Samsung,50Q7F,GB,Amazon,https://www.amazon.co.uk/dp/B0F6NSJWL9,true
Samsung,43QN90F,GB,Amazon,https://www.amazon.co.uk/dp/B0DFVNSKS3,true
Samsung,32H5000F,GB,Amazon,https://www.amazon.co.uk/dp/B0F6VMCYRW,true
Samsung,50U8090H,GB,Amazon,https://www.amazon.co.uk/dp/B0GYZWTDYH,true
Samsung,50Q7F,GB,Amazon,https://www.amazon.co.uk/dp/B0FFSVPJ7Y,true
Samsung,32F6000,GB,Amazon,https://www.amazon.co.uk/dp/B0DXN3T1GD,true
LG,43LR6000,GB,Amazon,https://www.amazon.co.uk/dp/B0FR5HDG5Q,true
Samsung,55S90F,GB,Amazon,https://www.amazon.co.uk/dp/B0F6VNBGQC,true
Samsung,55QN80F,GB,Amazon,https://www.amazon.co.uk/dp/B0DF6Q5TFX,true
LG,43QNED70A,GB,Amazon,https://www.amazon.co.uk/dp/B0FDR8BQMX,true
Samsung,50M70H,GB,Amazon,https://www.amazon.co.uk/dp/B0GYZLNCX6,true
Samsung,55QN85F,GB,Amazon,https://www.amazon.co.uk/dp/B0F6VD73DY,true
Samsung,43Q8F,GB,Amazon,https://www.amazon.co.uk/dp/B0F6VKLHR6,true
Samsung,55QN70F,GB,Amazon,https://www.amazon.co.uk/dp/B0F6VVTMY5,true
Samsung,65QN70F,GB,Amazon,https://www.amazon.co.uk/dp/B0DF989T6J,true
Samsung,43Q7F,GB,Amazon,https://www.amazon.co.uk/dp/B0FM3ZTMKS,true
Samsung,55QN70F,GB,Amazon,https://www.amazon.co.uk/dp/B0F9X28L93,true
Samsung,65QN80H,GB,Amazon,https://www.amazon.co.uk/dp/B0GYZ81N5V,true
Samsung,42S90F,GB,Amazon,https://www.amazon.co.uk/dp/B0FNRXK2HX,true
Samsung,65S95H,GB,Amazon,https://www.amazon.co.uk/dp/B0GYZLHJSW,true
Samsung,50LS03F,GB,Amazon,https://www.amazon.co.uk/dp/B0F5WXCBK1,true
Samsung,55S90F,GB,Amazon,https://www.amazon.co.uk/dp/B0F6VX3S9N,true
Samsung,55M70H,GB,Amazon,https://www.amazon.co.uk/dp/B0GYZ9QXZZ,true
Samsung,43QN90F,GB,Amazon,https://www.amazon.co.uk/dp/B0DFVW7D2G,true
Samsung,48S90H,GB,Amazon,https://www.amazon.co.uk/dp/B0GYYXSMD3,true
Samsung,55QN70H,GB,Amazon,https://www.amazon.co.uk/dp/B0GYZBDF12,true
Samsung,55S95F,GB,Amazon,https://www.amazon.co.uk/dp/B0F6TQKN1T,true
Samsung,65U7022H,GB,Amazon,https://www.amazon.co.uk/dp/B0GZ342L5C,true
Samsung,75QN70F,GB,Amazon,https://www.amazon.co.uk/dp/B0DF8ZYD27,true
Samsung,65LS03HW,GB,Amazon,https://www.amazon.co.uk/dp/B0GYZRF1HD,true
Samsung,77S90F,GB,Amazon,https://www.amazon.co.uk/dp/B0GH1RR8CB,true
Samsung,75QN900F,GB,Amazon,https://www.amazon.co.uk/dp/B0F6VRPG67,true
Samsung,83S90F,GB,Amazon,https://www.amazon.co.uk/dp/B0GH17C5JS,true
TCL,32SF560,GB,Amazon,https://www.amazon.co.uk/dp/B0F9PP6BKT,true
Samsung,85QN990F,GB,Amazon,https://www.amazon.co.uk/dp/B0F6VRGFXV,true
Samsung,77S90H,GB,Amazon,https://www.amazon.co.uk/dp/B0GYZ8DD97,true
Samsung,65LS03F,GB,Amazon,https://www.amazon.co.uk/dp/B0F2FJBXMK,true
Samsung,43LS03F,GB,Amazon,https://www.amazon.co.uk/dp/B0F229Y3KG,true
Samsung,55U8090H,GB,Amazon,https://www.amazon.co.uk/dp/B0H82L3XYS,true
Samsung,65R85H,GB,Amazon,https://www.amazon.co.uk/dp/B0GYZ4PCKW,true
Samsung,55LS03F,GB,Amazon,https://www.amazon.co.uk/dp/B0F2295TXB,true
Hisense,65U7Q,GB,Amazon,https://www.amazon.co.uk/dp/B0F7WC5H3X,true
Samsung,43Q7FA,GB,Amazon,https://www.amazon.co.uk/dp/B0GX9RZL7R,true
Samsung,55U8005F,GB,Amazon,https://www.amazon.co.uk/dp/B0FF1THHJ9,true
Samsung,55S84F,GB,Amazon,https://www.amazon.co.uk/dp/B0GQSWFDJ2,true
Samsung,48S90H,GB,Amazon,https://www.amazon.co.uk/dp/B0GYZPYYGB,true
Samsung,50LS03F,GB,Amazon,https://www.amazon.co.uk/dp/B0F225B9KJ,true
Samsung,50QN90F,GB,Amazon,https://www.amazon.co.uk/dp/B0F2241BR4,true
Samsung,65LS03HW,GB,Amazon,https://www.amazon.co.uk/dp/B0HFNV6H2G,true
Samsung,43U8090H,GB,Amazon,https://www.amazon.co.uk/dp/B0H82J65PR,true
Hisense,50E7Q,GB,Amazon,https://www.amazon.co.uk/dp/B0F7WKP6XN,true
Samsung,55U8005F,GB,Amazon,https://www.amazon.co.uk/dp/B0F2249D1G,true
Samsung,65U8005F,GB,Amazon,https://www.amazon.co.uk/dp/B0FVTYJFBR,true
Samsung,65U8005H,GB,Amazon,https://www.amazon.co.uk/dp/B0H82944B2,true
Samsung,43QN70H,GB,Amazon,https://www.amazon.co.uk/dp/B0GYZHZ58G,true
Samsung,55QN90F,GB,Amazon,https://www.amazon.co.uk/dp/B0F221WV9F,true
Samsung,50Q8F,GB,Amazon,https://www.amazon.co.uk/dp/B0F22BFWQQ,true
Samsung,65S85F,GB,Amazon,https://www.amazon.co.uk/dp/B0F2FNVQ73,true
Samsung,50U8090H,GB,Amazon,https://www.amazon.co.uk/dp/B0H82J1Y65,true
Samsung,43QN90F,GB,Amazon,https://www.amazon.co.uk/dp/B0F21YMCYJ,true
Samsung,55QN85F,GB,Amazon,https://www.amazon.co.uk/dp/B0FND79K77,true
Samsung,42S90F,GB,Amazon,https://www.amazon.co.uk/dp/B0FT879YNJ,true
Samsung,65Q6F,GB,Amazon,https://www.amazon.co.uk/dp/B0FRSHBY4K,true
Samsung,85M70H,GB,Amazon,https://www.amazon.co.uk/dp/B0H3KN31WC,true
Hisense,50E7Q,GB,Amazon,https://www.amazon.co.uk/dp/B0F7WD2G4S,true
Samsung,50INCH,GB,Amazon,https://www.amazon.co.uk/dp/B0BCK5JG6Y,true
Hisense,40A4Q,GB,Amazon,https://www.amazon.co.uk/dp/B0F7WFJB57,true
Samsung,75LS03FW,GB,Amazon,https://www.amazon.co.uk/dp/B0F6VXNKY6,true
LG,43UA7500,GB,Amazon,https://www.amazon.co.uk/dp/B0GTVR5RHH,true
LG,32LB650B,GB,Amazon,https://www.amazon.co.uk/dp/B0H1RT2T4S,true
LG,50NU800B,GB,Amazon,https://www.amazon.co.uk/dp/B0GTBTSKWP,true
LG,43NU800B,GB,Amazon,https://www.amazon.co.uk/dp/B0GTB1PJ3V,true
LG,43LB6500,GB,Amazon,https://www.amazon.co.uk/dp/B0H3Q1HLWQ,true
LG,48C5,GB,Amazon,https://www.amazon.co.uk/dp/B0F3CYJM6T,true
LG,55B6,GB,Amazon,https://www.amazon.co.uk/dp/B0GTB2F6VG,true
LG,65C5,GB,Amazon,https://www.amazon.co.uk/dp/B0F14NSMPH,true
LG,55QNED70B,GB,Amazon,https://www.amazon.co.uk/dp/B0GT9WZMZG,true
LG,65QNED80A,GB,Amazon,https://www.amazon.co.uk/dp/B0F15139F9,true
LG,65QNED70A,GB,Amazon,https://www.amazon.co.uk/dp/B0FDR737K6,true
LG,43NU850B,GB,Amazon,https://www.amazon.co.uk/dp/B0GT9PDN97,true
LG,65NU800B,GB,Amazon,https://www.amazon.co.uk/dp/B0GT9S4VTG,true
LG,50QNED80A,GB,Amazon,https://www.amazon.co.uk/dp/B0F14KGHT5,true
LG,55QNED70A,GB,Amazon,https://www.amazon.co.uk/dp/B0FDR6R5LB,true
LG,75NANO90A6B,GB,Amazon,https://www.amazon.co.uk/dp/B0FNXC46YC,true
LG,65B6,GB,Amazon,https://www.amazon.co.uk/dp/B0GTB223FL,true
LG,75NU850B,GB,Amazon,https://www.amazon.co.uk/dp/B0GTB1RWF1,true
LG,43QNED70B,GB,Amazon,https://www.amazon.co.uk/dp/B0GT9QB8KR,true
LG,43NANO90A6B,GB,Amazon,https://www.amazon.co.uk/dp/B0FNXBNRBY,true
LG,65UA7300,GB,Amazon,https://www.amazon.co.uk/dp/B0F3XQMT51,true
LG,75QNED90A,GB,Amazon,https://www.amazon.co.uk/dp/B0F5BVTC3G,true
LG,48B5,GB,Amazon,https://www.amazon.co.uk/dp/B0F14XRCH8,true
LG,55QNED80A,GB,Amazon,https://www.amazon.co.uk/dp/B0F2259VV1,true
LG,65QNED80A,GB,Amazon,https://www.amazon.co.uk/dp/B0F226M1SY,true
LG,42C6,GB,Amazon,https://www.amazon.co.uk/dp/B0GT9KRRW2,true
Hisense,40E4Q,GB,Amazon,https://www.amazon.co.uk/dp/B0F7WDSW1P,true
LG,50QNED80A,GB,Amazon,https://www.amazon.co.uk/dp/B0F228H2M1,true
LG,98NU900B,GB,Amazon,https://www.amazon.co.uk/dp/B0H1RW64NJ,true
LG,50QNED70B,GB,Amazon,https://www.amazon.co.uk/dp/B0HDD56Z3R,true
Hisense,55E7Q,GB,Amazon,https://www.amazon.co.uk/dp/B0F7W1H394,true
Hisense,55E6Q,GB,Amazon,https://www.amazon.co.uk/dp/B0F7WQ6P7Y,true
TCL,55P6K,GB,Amazon,https://www.amazon.co.uk/dp/B0DPM31FH8,true
TCL,50S5K,GB,Amazon,https://www.amazon.co.uk/dp/B0FVFW9CZS,true
TCL,75T6C,GB,Amazon,https://www.amazon.co.uk/dp/B0DW8RJSG6,true
Sony,55XR75M2,GB,Amazon,https://www.amazon.co.uk/dp/B0H2KCGB73,true
LG,65C5,GB,Amazon,https://www.amazon.co.uk/dp/B0FNX5NCW1,true
LG,55UA7500,GB,Amazon,https://www.amazon.co.uk/dp/B0F2GHFZCJ,true
LG,65C5,GB,Amazon,https://www.amazon.co.uk/dp/B0FJ6V6BZ4,true
LG,65B6,GB,Amazon,https://www.amazon.co.uk/dp/B0H1X7XW56,true
LG,55MRGB88,GB,Amazon,https://www.amazon.co.uk/dp/B0GWFF6GPF,true
LG,55G5,GB,Amazon,https://www.amazon.co.uk/dp/B0FTTMD4DB,true
LG,48C5,GB,Amazon,https://www.amazon.co.uk/dp/B0F74MGW2D,true
LG,42C5,GB,Amazon,https://www.amazon.co.uk/dp/B0FQP7K879,true
LG,83C6,GB,Amazon,https://www.amazon.co.uk/dp/B0GVDM8T8Z,true
LG,65MRGB88,GB,Amazon,https://www.amazon.co.uk/dp/B0GWFRFQZK,true
LG,65QNED80A,GB,Amazon,https://www.amazon.co.uk/dp/B0GH7QCC98,true
LG,43QNED80A,GB,Amazon,https://www.amazon.co.uk/dp/B0F2269H9B,true
LG,65UA7500,GB,Amazon,https://www.amazon.co.uk/dp/B0F2GL2LXJ,true
LG,55QNED70A,GB,Amazon,https://www.amazon.co.uk/dp/B0GQTDMKZX,true
LG,43QNED85A,GB,Amazon,https://www.amazon.co.uk/dp/B0F227BJW3,true
LG,50QNED85B,GB,Amazon,https://www.amazon.co.uk/dp/B0GVD8FY53,true
LG,75NANO90A6B,GB,Amazon,https://www.amazon.co.uk/dp/B0GQTH6PGL,true
LG,65QNED70A,GB,Amazon,https://www.amazon.co.uk/dp/B0GQV2134F,true
LG,65C6,GB,Amazon,https://www.amazon.co.uk/dp/B0GVDKLF24,true
LG,43QNED70A,GB,Amazon,https://www.amazon.co.uk/dp/B0G7YDFC2H,true
LG,86QNED80A,GB,Amazon,https://www.amazon.co.uk/dp/B0GH7J7V67,true
LG,43UA7500,GB,Amazon,https://www.amazon.co.uk/dp/B0GVF7YHJJ,true
LG,48C5,GB,Amazon,https://www.amazon.co.uk/dp/B0GH7THF1F,true
LG,50UA7500,GB,Amazon,https://www.amazon.co.uk/dp/B0FQTVDWGK,true
LG,55C6,GB,Amazon,https://www.amazon.co.uk/dp/B0GVDHHJYN,true
LG,50QNED70B,GB,Amazon,https://www.amazon.co.uk/dp/B0H36SHKPF,true
LG,43UA7400,GB,Amazon,https://www.amazon.co.uk/dp/B0GH2CDQ4D,true
LG,55C6,GB,Amazon,https://www.amazon.co.uk/dp/B0GVDTF3FN,true
LG,42C6,GB,Amazon,https://www.amazon.co.uk/dp/B0GVDGZK18,true
LG,55C6,GB,Amazon,https://www.amazon.co.uk/dp/B0GVDC4TQ6,true
LG,42C6,GB,Amazon,https://www.amazon.co.uk/dp/B0GVDHCJYZ,true
LG,43QNED70A,GB,Amazon,https://www.amazon.co.uk/dp/B0GQTQ1YHM,true
LG,55QNED70A,GB,Amazon,https://www.amazon.co.uk/dp/B0G7YGQRP4,true
LG,48C6,GB,Amazon,https://www.amazon.co.uk/dp/B0GVDHGN3Z,true
LG,42C6,GB,Amazon,https://www.amazon.co.uk/dp/B0GVDGSKK9,true
LG,48C6,GB,Amazon,https://www.amazon.co.uk/dp/B0GVDP23XP,true
LG,48C6,GB,Amazon,https://www.amazon.co.uk/dp/B0GVDD4QK8,true
LG,48C6,GB,Amazon,https://www.amazon.co.uk/dp/B0GVDGQTJZ,true
TCL,50T6C,GB,Amazon,https://www.amazon.co.uk/dp/B0DW8P6BCG,true
TCL,55C6K,GB,Amazon,https://www.amazon.co.uk/dp/B0H4R1PD9L,true
TCL,50C7K,GB,Amazon,https://www.amazon.co.uk/dp/B0GL921KL1,true
TCL,43S5K,GB,Amazon,https://www.amazon.co.uk/dp/B0FVFS9S7F,true
TCL,43SF560,GB,Amazon,https://www.amazon.co.uk/dp/B0F9PNYPBF,true
TCL,65T6C,GB,Amazon,https://www.amazon.co.uk/dp/B0DW8PXV62,true
TCL,75C7L,GB,Amazon,https://www.amazon.co.uk/dp/B0GY53BFY3,true
TCL,50Q6C,GB,Amazon,https://www.amazon.co.uk/dp/B0FKT36J2G,true
TCL,43T6C,GB,Amazon,https://www.amazon.co.uk/dp/B0DW9833SD,true
TCL,85Q6C,GB,Amazon,https://www.amazon.co.uk/dp/B0DWF49LC5,true
TCL,65P8L,GB,Amazon,https://www.amazon.co.uk/dp/B0GY582KSN,true
TCL,43V6D,GB,Amazon,https://www.amazon.co.uk/dp/B0GZPVKBN9,true
TCL,43A400PRO,GB,Amazon,https://www.amazon.co.uk/dp/B0GYFDBJ93,true
Hisense,50A6Q,GB,Amazon,https://www.amazon.co.uk/dp/B0F7WH2QM2,true
TCL,65A300W,GB,Amazon,https://www.amazon.co.uk/dp/B0FKT4Y84P,true
TCL,40V5D,GB,Amazon,https://www.amazon.co.uk/dp/B0H7H3HFQZ,true
TCL,50P7K,GB,Amazon,https://www.amazon.co.uk/dp/B0DPM2CCWQ,true
TCL,65Q7D,GB,Amazon,https://www.amazon.co.uk/dp/B0H1C5D26Z,true
TCL,75C7K,GB,Amazon,https://www.amazon.co.uk/dp/B0HDTT855B,true
TCL,55P7K,GB,Amazon,https://www.amazon.co.uk/dp/B0DPM2TXQG,true
Hisense,55E7Q,GB,Amazon,https://www.amazon.co.uk/dp/B0F7VXCPFZ,true
TCL,75C6KS,GB,Amazon,https://www.amazon.co.uk/dp/B0F25TH44Q,true
Hisense,32E5Q,GB,Amazon,https://www.amazon.co.uk/dp/B0F7WHXDTZ,true
Hisense,50A7Q,GB,Amazon,https://www.amazon.co.uk/dp/B0F7WCBMJZ,true
Samsung,43U8005F,GB,Amazon,https://www.amazon.co.uk/dp/B0F6VKMDQS,true
TCL,85P8K,GB,Amazon,https://www.amazon.co.uk/dp/B0F7RVYVDT,true
TCL,75P7K,GB,Amazon,https://www.amazon.co.uk/dp/B0FR1HH7H9,true
TCL,65P6L,GB,Amazon,https://www.amazon.co.uk/dp/B0H2JKM82C,true
TCL,65P6K,GB,Amazon,https://www.amazon.co.uk/dp/B0F74855ZF,true
TCL,85P8K,GB,Amazon,https://www.amazon.co.uk/dp/B0FRFYQ3Q9,true
Hisense,58E6Q,GB,Amazon,https://www.amazon.co.uk/dp/B0F7WCNYLQ,true
Hisense,65E6Q,GB,Amazon,https://www.amazon.co.uk/dp/B0F7WJYSN6,true
Hisense,40E4S,GB,Amazon,https://www.amazon.co.uk/dp/B0GV4Y5KHR,true
Hisense,32A4Q,GB,Amazon,https://www.amazon.co.uk/dp/B0F7WHLF6M,true
Hisense,65A85Q,GB,Amazon,https://www.amazon.co.uk/dp/B0F7WVWRDV,true
Hisense,43E7Q,GB,Amazon,https://www.amazon.co.uk/dp/B0F7W1WN3P,true
Hisense,55U7Q,GB,Amazon,https://www.amazon.co.uk/dp/B0F7WJWY9H,true
Hisense,32S5Q,GB,Amazon,https://www.amazon.co.uk/dp/B0GGSH8BQ5,true
Hisense,32A4S,GB,Amazon,https://www.amazon.co.uk/dp/B0GV4SLYWB,true
Hisense,55ER8S,GB,Amazon,https://www.amazon.co.uk/dp/B0H1HV2Q1Q,true
Hisense,50E7S,GB,Amazon,https://www.amazon.co.uk/dp/B0GV55WZKH,true
Hisense,65E7Q,GB,Amazon,https://www.amazon.co.uk/dp/B0F7W1SWVW,true
Hisense,58A6S,GB,Amazon,https://www.amazon.co.uk/dp/B0GV4TTH5J,true
Hisense,55Q8S,GB,Amazon,https://www.amazon.co.uk/dp/B0GV513VLX,true
Hisense,55A85Q,GB,Amazon,https://www.amazon.co.uk/dp/B0F7W6DD5X,true
Hisense,75U7S,GB,Amazon,https://www.amazon.co.uk/dp/B0GV4ZDR4Q,true
Hisense,65E6S,GB,Amazon,https://www.amazon.co.uk/dp/B0GV4T4VYK,true
Hisense,65U8Q,GB,Amazon,https://www.amazon.co.uk/dp/B0F7WFH1HL,true
TCL,85P8K,GB,Amazon,https://www.amazon.co.uk/dp/B0F21KQ5SD,true
Hisense,85E7S,GB,Amazon,https://www.amazon.co.uk/dp/B0GNCGYDGJ,true
Hisense,55S7S,GB,Amazon,https://www.amazon.co.uk/dp/B0H3112112,true
Hisense,43A6S,GB,Amazon,https://www.amazon.co.uk/dp/B0GJFM3F7P,true
Hisense,55E7S,GB,Amazon,https://www.amazon.co.uk/dp/B0GR7DTKP8,true
Hisense,75A6Q,GB,Amazon,https://www.amazon.co.uk/dp/B0F4DBKHJC,true
Hisense,98E7Q,GB,Amazon,https://www.amazon.co.uk/dp/B0FQ68967J,true
Hisense,75U7QPRO,GB,Amazon,https://www.amazon.co.uk/dp/B0F24F77CN,true
Hisense,40A59S,GB,Amazon,https://www.amazon.co.uk/dp/B0H1N6FDBV,true
Hisense,65E7Q,GB,Amazon,https://www.amazon.co.uk/dp/B0FLPRKHV1,true
Hisense,65A85Q,GB,Amazon,https://www.amazon.co.uk/dp/B0FFGNBBS4,true
Hisense,55A6S,GB,Amazon,https://www.amazon.co.uk/dp/B0GJFF3XT7,true
Hisense,65U8Q,GB,Amazon,https://www.amazon.co.uk/dp/B0FFGBMTX6,true
Hisense,43A6S,GB,Amazon,https://www.amazon.co.uk/dp/B0H83CB2LF,true
Hisense,65U7Q,GB,Amazon,https://www.amazon.co.uk/dp/B0FFGL7K35,true
Hisense,43E7Q,GB,Amazon,https://www.amazon.co.uk/dp/B0F1MSX2W7,true
Hisense,75U7Q,GB,Amazon,https://www.amazon.co.uk/dp/B0FFGFYDQJ,true
Hisense,75U7Q,GB,Amazon,https://www.amazon.co.uk/dp/B0FFGG4YWJ,true
Hisense,85UR9S,GB,Amazon,https://www.amazon.co.uk/dp/B0GR5Z4S73,true
Hisense,55A6Q,GB,Amazon,https://www.amazon.co.uk/dp/B0F4D9MLMQ,true
Hisense,65A6S,GB,Amazon,https://www.amazon.co.uk/dp/B0GJF87VQ6,true
Hisense,50E7Q,GB,Amazon,https://www.amazon.co.uk/dp/B0FS35ML8F,true
Sony,43BRAVIA3,GB,Amazon,https://www.amazon.co.uk/dp/B0F29KJPSN,true
Sony,50BRAVIA3,GB,Amazon,https://www.amazon.co.uk/dp/B0F29H8XBP,true
Sony,65XR75M2,GB,Amazon,https://www.amazon.co.uk/dp/B0H2K36ZYB,true
Sony,55XR8A,GB,Amazon,https://www.amazon.co.uk/dp/B0FWCYHMWZ,true
Sony,43BRAVIA2,GB,Amazon,https://www.amazon.co.uk/dp/B0GZW6MKPF,true
Sony,65XR8A,GB,Amazon,https://www.amazon.co.uk/dp/B0FWCYT7DS,true
Sony,55BRAVIA3,GB,Amazon,https://www.amazon.co.uk/dp/B0F29JHZBD,true
Sony,65BRAVIA2,GB,Amazon,https://www.amazon.co.uk/dp/B0GZW6Q5JK,true
Sony,65BRAVIA5,GB,Amazon,https://www.amazon.co.uk/dp/B0F29KYPN4,true
Sony,77XR8A,GB,Amazon,https://www.amazon.co.uk/dp/B0FWCWWFXJ,true
Sony,50BRAVIA2,GB,Amazon,https://www.amazon.co.uk/dp/B0GZWGF7V9,true
Sony,55XR80,GB,Amazon,https://www.amazon.co.uk/dp/B0CZTZTQXJ,true
Sony,75S25M2,GB,Amazon,https://www.amazon.co.uk/dp/B0GZWGHNDY,true
Sony,55XR8M25BP,GB,Amazon,https://www.amazon.co.uk/dp/B0FG465NBM,true
Samsung,48S90F,GB,Amazon,https://www.amazon.co.uk/dp/B0F6VKBXHR,true
Hisense,40E5Q,GB,Amazon,https://www.amazon.co.uk/dp/B0F7WH53QJ,true
Samsung,50U8005F,GB,Amazon,https://www.amazon.co.uk/dp/B0F6VNSKL6,true
Hisense,55U8Q,GB,Amazon,https://www.amazon.co.uk/dp/B0F7WC65BD,true
TCL,50P6K,GB,Amazon,https://www.amazon.co.uk/dp/B0DPM1RS9L,true
Samsung,55U8090H,GB,Amazon,https://www.amazon.co.uk/dp/B0GYZYM2DC,true
Samsung,50U8090H,GB,Amazon,https://www.amazon.co.uk/dp/B0GYZN51TT,true
Samsung,65M80H,GB,Amazon,https://www.amazon.co.uk/dp/B0GYZ8PPP8,true
Samsung,55QN70H,GB,Amazon,https://www.amazon.co.uk/dp/B0GYZV6H3Y,true
Samsung,65QN70H,GB,Amazon,https://www.amazon.co.uk/dp/B0GYZKS4MB,true
Samsung,55QN80H,GB,Amazon,https://www.amazon.co.uk/dp/B0GYZRNZB6,true
Samsung,55S95H,GB,Amazon,https://www.amazon.co.uk/dp/B0GYZ7VDN9,true
Samsung,75U8090H,GB,Amazon,https://www.amazon.co.uk/dp/B0GYZ9KWHQ,true
LG,55QNED80A,GB,Amazon,https://www.amazon.co.uk/dp/B0F1519SC2,true
LG,55C5,GB,Amazon,https://www.amazon.co.uk/dp/B0F14NCCQ1,true
LG,42C5,GB,Amazon,https://www.amazon.co.uk/dp/B0F14943MR,true
LG,50QNED70A,GB,Amazon,https://www.amazon.co.uk/dp/B0FDRCB9LJ,true
LG,55NU800B,GB,Amazon,https://www.amazon.co.uk/dp/B0GT9KCWNC,true
LG,43QNED70B,GB,Amazon,https://www.amazon.co.uk/dp/B0GT9J3VMT,true
LG,75NU800B,GB,Amazon,https://www.amazon.co.uk/dp/B0GT9SM15L,true
LG,65NU850B,GB,Amazon,https://www.amazon.co.uk/dp/B0GT9Z4XKS,true
TCL,65C6K,GB,Amazon,https://www.amazon.co.uk/dp/B0H726FRPQ,true
TCL,55T6C,GB,Amazon,https://www.amazon.co.uk/dp/B0DW8PZCHX,true
TCL,85T6C,GB,Amazon,https://www.amazon.co.uk/dp/B0F66G8689,true
TCL,65V6D,GB,Amazon,https://www.amazon.co.uk/dp/B0GZPHNT83,true
TCL,65C7L,GB,Amazon,https://www.amazon.co.uk/dp/B0GY5DJ1MV,true
TCL,55C7L,GB,Amazon,https://www.amazon.co.uk/dp/B0GY55SH2Q,true
TCL,75V6D,GB,Amazon,https://www.amazon.co.uk/dp/B0GZPK985C,true
TCL,75P8L,GB,Amazon,https://www.amazon.co.uk/dp/B0GY55XCTG,true
TCL,98C7L,GB,Amazon,https://www.amazon.co.uk/dp/B0GY55YB9Z,true
TCL,65A400PRO,GB,Amazon,https://www.amazon.co.uk/dp/B0GYFB6JWC,true
TCL,50V6D,GB,Amazon,https://www.amazon.co.uk/dp/B0GZPZTD97,true
Hisense,58A6Q,GB,Amazon,https://www.amazon.co.uk/dp/B0F7WJSD13,true
Hisense,50U7Q,GB,Amazon,https://www.amazon.co.uk/dp/B0F7WKMM1J,true
Hisense,65E7Q,GB,Amazon,https://www.amazon.co.uk/dp/B0F7WB3V34,true
Hisense,55E7S,GB,Amazon,https://www.amazon.co.uk/dp/B0GNDHW3BM,true
Hisense,43A6S,GB,Amazon,https://www.amazon.co.uk/dp/B0GV4ZB426,true
Hisense,43E7S,GB,Amazon,https://www.amazon.co.uk/dp/B0GV533BJ7,true
Hisense,65U7S,GB,Amazon,https://www.amazon.co.uk/dp/B0GV4XPH5M,true
Sony,55BRAVIA5,GB,Amazon,https://www.amazon.co.uk/dp/B0F29LGQ7K,true
Sony,75BRAVIA3,GB,Amazon,https://www.amazon.co.uk/dp/B0F29H88PT,true
Sony,55BRAVIA2,GB,Amazon,https://www.amazon.co.uk/dp/B0GZWCLPQM,true
Sony,85BRAVIA5,GB,Amazon,https://www.amazon.co.uk/dp/B0F29J593K,true
Sony,75BRAVIA5,GB,Amazon,https://www.amazon.co.uk/dp/B0F29J38YL,true
Sony,65BRAVIA3,GB,Amazon,https://www.amazon.co.uk/dp/B0F29K6BG7,true
Sony,98BRAVIA5,GB,Amazon,https://www.amazon.co.uk/dp/B0F29J81CM,true
Sony,50XR75M2,GB,Amazon,https://www.amazon.co.uk/dp/B0H2JTQCZ4,true
Sony,85BRAVIA7II,GB,Amazon,https://www.amazon.co.uk/dp/B0H2K2XXF3,true
Sony,75BRAVIA7II,GB,Amazon,https://www.amazon.co.uk/dp/B0H2JW181N,true
Sony,50BRAVIA2,GB,Amazon,https://www.amazon.co.uk/dp/B0HFNM4DFL,true
Samsung,40Q5F,GB,Amazon,https://www.amazon.co.uk/dp/B0GYZ7QNT9,true
Samsung,43LS03F,GB,Amazon,https://www.amazon.co.uk/dp/B0F5WT1FKX,true
LG,55B5,GB,Amazon,https://www.amazon.co.uk/dp/B0FLDYSCZ8,true
TCL,65A300W,GB,Amazon,https://www.amazon.co.uk/dp/B0FLF7H6GW,true
TCL,75A300W,GB,Amazon,https://www.amazon.co.uk/dp/B0FLF4LCNN,true
Hisense,75E7Q,GB,Amazon,https://www.amazon.co.uk/dp/B0F7WPNSC3,true
Hisense,85E7S,GB,Amazon,https://www.amazon.co.uk/dp/B0GR6KRXBJ,true
Hisense,65E7S,GB,Amazon,https://www.amazon.co.uk/dp/B0GR6XCQMY,true
Hisense,43E7Q,GB,Amazon,https://www.amazon.co.uk/dp/B0F7WM1171,true
Samsung,65Q8F,GB,Amazon,https://www.amazon.co.uk/dp/B0F6VLTN7Z,true
Samsung,85Q8F,GB,Amazon,https://www.amazon.co.uk/dp/B0F6VV9W9H,true
Samsung,75Q8F,GB,Amazon,https://www.amazon.co.uk/dp/B0FHXMLHHK,true
LG,65G5,GB,Amazon,https://www.amazon.co.uk/dp/B0F2NCMPY3,true
LG,55C6,GB,Amazon,https://www.amazon.co.uk/dp/B0GT9VGFLR,true
LG,86QNED80A,GB,Amazon,https://www.amazon.co.uk/dp/B0F14JH7Q5,true
TCL,75C6K,GB,Amazon,https://www.amazon.co.uk/dp/B0H7286935,true
Hisense,55A7Q,GB,Amazon,https://www.amazon.co.uk/dp/B0F7WSRXSH,true
Samsung,65QN80F,GB,Amazon,https://www.amazon.co.uk/dp/B0DF6NZRWD,true
Samsung,100QN80F,GB,Amazon,https://www.amazon.co.uk/dp/B0DF8YFYJF,true
Samsung,75QN80F,GB,Amazon,https://www.amazon.co.uk/dp/B0DF8RHSXQ,true
Samsung,100QN80F,GB,Amazon,https://www.amazon.co.uk/dp/B0F22834RH,true
Samsung,50QN80F,GB,Amazon,https://www.amazon.co.uk/dp/B0F22914WP,true
Samsung,85QN80F,GB,Amazon,https://www.amazon.co.uk/dp/B0F2FNFKDD,true
LG,98NU900B,GB,Amazon,https://www.amazon.co.uk/dp/B0H1X6NZXD,true
TCL,55P6K,GB,Amazon,https://www.amazon.co.uk/dp/B0F7RVDMKF,true
TCL,50P6K,GB,Amazon,https://www.amazon.co.uk/dp/B0F7RSYNY9,true
Samsung,75QN85F,GB,Amazon,https://www.amazon.co.uk/dp/B0F6VQ6GCR,true
Samsung,85F,GB,Amazon,https://www.amazon.co.uk/dp/B0F6VSSSW1,true
Samsung,85F,GB,Amazon,https://www.amazon.co.uk/dp/B0FNMYQ547,true
Samsung,85QN70F,GB,Amazon,https://www.amazon.co.uk/dp/B0DF8KVR1R,true
TCL,65P7K,GB,Amazon,https://www.amazon.co.uk/dp/B0DPM1QW8W,true
Hisense,55A6Q,GB,Amazon,https://www.amazon.co.uk/dp/B0F7WKRQPK,true
Hisense,43A6Q,GB,Amazon,https://www.amazon.co.uk/dp/B0F7WPP5YQ,true
Hisense,65A6Q,GB,Amazon,https://www.amazon.co.uk/dp/B0F7W18VSF,true
Hisense,43A7Q,GB,Amazon,https://www.amazon.co.uk/dp/B0F7WGKRLQ,true
Samsung,85QN900F,GB,Amazon,https://www.amazon.co.uk/dp/B0F6VQZGQM,true
LG,50QNED85B,GB,Amazon,https://www.amazon.co.uk/dp/B0GT9YFWYS,true
LG,55QNED85B,GB,Amazon,https://www.amazon.co.uk/dp/B0GT9QPJBP,true
LG,65QNED85B,GB,Amazon,https://www.amazon.co.uk/dp/B0GT9Y1KF6,true
LG,75QNED85B,GB,Amazon,https://www.amazon.co.uk/dp/B0GTB1PJ34,true
LG,86QNED85B,GB,Amazon,https://www.amazon.co.uk/dp/B0GVDKHDXL,true
Hisense,65E7Q,GB,Amazon,https://www.amazon.co.uk/dp/B0F7WDJ22C,true
Hisense,85E7Q,GB,Amazon,https://www.amazon.co.uk/dp/B0F7W96P9T,true
Sony,75S32B,GB,Amazon,https://www.amazon.co.uk/dp/B0FCX43PK5,true
Samsung,43M70H,GB,Amazon,https://www.amazon.co.uk/dp/B0GYZ87RL7,true
LG,55QNED70B,GB,Amazon,https://www.amazon.co.uk/dp/B0H1N8Y6RV,true
TCL,55A400PRO,GB,Amazon,https://www.amazon.co.uk/dp/B0GYF9F8S4,true
Hisense,32A4S,GB,Amazon,https://www.amazon.co.uk/dp/B0GJFWX36Y,true
Sony,65BRAVIA8,GB,Amazon,https://www.amazon.co.uk/dp/B0CZV9MYWG,true
Samsung,55M70H,GB,Amazon,https://www.amazon.co.uk/dp/B0GYZ8BPJN,true
LG,55QNED70B,GB,Amazon,https://www.amazon.co.uk/dp/B0GT9V54G8,true
TCL,75A400PRO,GB,Amazon,https://www.amazon.co.uk/dp/B0GYF4984H,true
Hisense,40A4S,GB,Amazon,https://www.amazon.co.uk/dp/B0GJFC1Q9Z,true
Sony,77BRAVIA8,GB,Amazon,https://www.amazon.co.uk/dp/B0CZVL353R,true
Samsung,65M70H,GB,Amazon,https://www.amazon.co.uk/dp/B0GYZP78W9,true
TCL,55P8L,GB,Amazon,https://www.amazon.co.uk/dp/B0GY53DBN5,true
Hisense,40A5S,GB,Amazon,https://www.amazon.co.uk/dp/B0GJ5WRCG2,true
Sony,77BRAVIA8,GB,Amazon,https://www.amazon.co.uk/dp/B0DDXDDM5V,true
Samsung,75M70H,GB,Amazon,https://www.amazon.co.uk/dp/B0GYZNMMKS,true
TCL,85P8L,GB,Amazon,https://www.amazon.co.uk/dp/B0GY5F33F8,true
Hisense,50A5S,GB,Amazon,https://www.amazon.co.uk/dp/B0GJ5TLQHW,true
Sony,77BRAVIA8,GB,Amazon,https://www.amazon.co.uk/dp/B0DDXMYLRL,true
Samsung,50QN80H,GB,Amazon,https://www.amazon.co.uk/dp/B0GYZPLTHG,true
LG,85QNED70B,GB,Amazon,https://www.amazon.co.uk/dp/B0GTB1482P,true
TCL,85C7L,GB,Amazon,https://www.amazon.co.uk/dp/B0GY5F5J99,true
Hisense,50A6S,GB,Amazon,https://www.amazon.co.uk/dp/B0GJFVQDWB,true
Sony,77BRAVIA8,GB,Amazon,https://www.amazon.co.uk/dp/B0DDX8PHB9,true
Samsung,75QN80H,GB,Amazon,https://www.amazon.co.uk/dp/B0GYZPBVVX,true
LG,48B6,GB,Amazon,https://www.amazon.co.uk/dp/B0GT9S2KDV,true
Hisense,58A6S,GB,Amazon,https://www.amazon.co.uk/dp/B0GJFLN5QB,true
Sony,77BRAVIA8,GB,Amazon,https://www.amazon.co.uk/dp/B0DMWP7CVS,true
Samsung,85QN80H,GB,Amazon,https://www.amazon.co.uk/dp/B0GYZ9MXKP,true
LG,48B6,GB,Amazon,https://www.amazon.co.uk/dp/B0GWFNR5PT,true
Hisense,50E8S,GB,Amazon,https://www.amazon.co.uk/dp/B0GQDSSGNB,true
Sony,85BRAVIA3,GB,Amazon,https://www.amazon.co.uk/dp/B0F29HDTWX,true
Samsung,100QN80H,GB,Amazon,https://www.amazon.co.uk/dp/B0GYZ7TPPL,true
LG,48B6,GB,Amazon,https://www.amazon.co.uk/dp/B0GT9QBJS1,true
Hisense,65E8S,GB,Amazon,https://www.amazon.co.uk/dp/B0GQF24H9M,true
Samsung,65U8005F,GB,Amazon,https://www.amazon.co.uk/dp/B0F6VQS959,true
Samsung,75U8005F,GB,Amazon,https://www.amazon.co.uk/dp/B0F6VQZFCB,true
Samsung,85U8005F,GB,Amazon,https://www.amazon.co.uk/dp/B0F6VFTBDF,true
Hisense,43A6Q,GB,Amazon,https://www.amazon.co.uk/dp/B0F4DF55P6,true
Hisense,50A6Q,GB,Amazon,https://www.amazon.co.uk/dp/B0F4D9YNHR,true
Hisense,65A6Q,GB,Amazon,https://www.amazon.co.uk/dp/B0F4DCJ7K6,true
Samsung,43U8005F,GB,Amazon,https://www.amazon.co.uk/dp/B0F6VX56W8,true
Samsung,55U8005F,GB,Amazon,https://www.amazon.co.uk/dp/B0F6VX1G23,true
Samsung,65U8005F,GB,Amazon,https://www.amazon.co.uk/dp/B0F6VQVVYJ,true
Samsung,75U8005F,GB,Amazon,https://www.amazon.co.uk/dp/B0F6VWDYJX,true
Samsung,85U8005F,GB,Amazon,https://www.amazon.co.uk/dp/B0F6VWNMFL,true
LG,50UA7500,GB,Amazon,https://www.amazon.co.uk/dp/B0GHP139W4,true
LG,55UA7500,GB,Amazon,https://www.amazon.co.uk/dp/B0GTVYL47V,true
Hisense,50E6Q,GB,Amazon,https://www.amazon.co.uk/dp/B0F7W98BQK,true
Hisense,75A6Q,GB,Amazon,https://www.amazon.co.uk/dp/B0F7W5WQYP,true
Hisense,85A6Q,GB,Amazon,https://www.amazon.co.uk/dp/B0F7WK9DLX,true
Samsung,50QN70H,GB,Amazon,https://www.amazon.co.uk/dp/B0GYZN5YMJ,true
Samsung,75QN70H,GB,Amazon,https://www.amazon.co.uk/dp/B0GYZNNGNV,true
Samsung,85QN70H,GB,Amazon,https://www.amazon.co.uk/dp/B0GYZMQPFY,true
LG,85NU800B,GB,Amazon,https://www.amazon.co.uk/dp/B0GT9YHTMM,true
TCL,50C6K,GB,Amazon,https://www.amazon.co.uk/dp/B0H7BGSVPB,true
Hisense,75U7Q,GB,Amazon,https://www.amazon.co.uk/dp/B0F7WPPHNP,true
Hisense,85U7Q,GB,Amazon,https://www.amazon.co.uk/dp/B07JL1BCXF,true
Hisense,100U7Q,GB,Amazon,https://www.amazon.co.uk/dp/B0F32LDRKP,true
Samsung,42S90F,GB,Amazon,https://www.amazon.co.uk/dp/B0F6TQC9SX,true
Samsung,83S90F,GB,Amazon,https://www.amazon.co.uk/dp/B0F6TQFXQL,true
Samsung,77S90F,GB,Amazon,https://www.amazon.co.uk/dp/B0F6VHHS4R,true
Samsung,65S85F,GB,Amazon,https://www.amazon.co.uk/dp/B0DFVF5LFQ,true
Hisense,75E7Q,GB,Amazon,https://www.amazon.co.uk/dp/B0F7W3RHS3,true
LG,83C5,GB,Amazon,https://www.amazon.co.uk/dp/B0F3CZ77GD,true
LG,77C5,GB,Amazon,https://www.amazon.co.uk/dp/B0F148V3DG,true
Hisense,85E7Q,GB,Amazon,https://www.amazon.co.uk/dp/B0F7WHNQSG,true
LG,77B6,GB,Amazon,https://www.amazon.co.uk/dp/B0GT9SQN83,true
LG,83B6,GB,Amazon,https://www.amazon.co.uk/dp/B0GVTXR37D,true
LG,55B6,GB,Amazon,https://www.amazon.co.uk/dp/B0GT9ZHJSC,true
TCL,55Q6C,GB,Amazon,https://www.amazon.co.uk/dp/B0DWF5XJ44,true
TCL,65Q6C,GB,Amazon,https://www.amazon.co.uk/dp/B0DWDXMQCC,true
TCL,75Q6C,GB,Amazon,https://www.amazon.co.uk/dp/B0DWF24YC5,true
TCL,98Q6C,GB,Amazon,https://www.amazon.co.uk/dp/B0DWF1SZPM,true
Samsung,55S85F,GB,Amazon,https://www.amazon.co.uk/dp/B0DFCQ64HM,true
LG,43QNED80A,IT,Amazon,https://www.amazon.it/dp/B0FV8LS7JC,true
TCL,43SF560,IT,Amazon,https://www.amazon.it/dp/B0F9PQTM25,true
TCL,65C6KS,IT,Amazon,https://www.amazon.it/dp/B0FSS5LMNS,true
TCL,85Q7C,IT,Amazon,https://www.amazon.it/dp/B0FC5DZJ3Q,true
Samsung,43U8090H,IT,Amazon,https://www.amazon.it/dp/B0GZL6K88D,true
TCL,85MSQLED80L,IT,Amazon,https://www.amazon.it/dp/B0GXKSVDW9,true
Hisense,75U7SPRO,IT,Amazon,https://www.amazon.it/dp/B0GR7DR1FT,true
Sony,55BRAVIA7II,IT,Amazon,https://www.amazon.it/dp/B0H2JXW744,true
TCL,85T6C,IT,Amazon,https://www.amazon.it/dp/B0FC5P7QFK,true
LG,75UA7500,IT,Amazon,https://www.amazon.it/dp/B0F565WRPV,true
LG,75NU8E0B,IT,Amazon,https://www.amazon.it/dp/B0GWN2MYKY,true
Samsung,55M70H,IT,Amazon,https://www.amazon.it/dp/B0H33GWD9V,true
LG,48B6,IT,Amazon,https://www.amazon.it/dp/B0GWN31T13,true
Hisense,65A6Q,IT,Amazon,https://www.amazon.it/dp/B0F4DCJ7K6,true
Hisense,75A6Q,IT,Amazon,https://www.amazon.it/dp/B0F4DBKHJC,true
Samsung,85QN990F,DE,Amazon,https://www.amazon.de/dp/B0F62VPXR3,true
Samsung,85QN80F,DE,Amazon,https://www.amazon.de/dp/B0FPCS42TN,true
Samsung,65QN90F,DE,Amazon,https://www.amazon.de/dp/B0F222XVF4,true
LG,55QNED85A,DE,Amazon,https://www.amazon.de/dp/B0F4PMNX6M,true
LG,55C5,DE,Amazon,https://www.amazon.de/dp/B0F4JQYXXK,true
LG,65OLEDB6D,DE,Amazon,https://www.amazon.de/dp/B01C8TF2V2,true
TCL,98Q6C,DE,Amazon,https://www.amazon.de/dp/B0DXQ3G6CL,true
TCL,65P8K,DE,Amazon,https://www.amazon.de/dp/B0DV9LYQJ1,true
Hisense,65UR9S,DE,Amazon,https://www.amazon.de/dp/B0GR6VCJL6,true
Hisense,50E7DS,DE,Amazon,https://www.amazon.de/dp/B0HF3W9Q2Q,true
Hisense,85E7DS,DE,Amazon,https://www.amazon.de/dp/B0HDZXDGGD,true
Hisense,50E7DS,DE,Amazon,https://www.amazon.de/dp/B0H87FDP3N,true
Samsung,43M70H,DE,Amazon,https://www.amazon.de/dp/B0H11FX852,true
TCL,40V5D,DE,Amazon,https://www.amazon.de/dp/B0GYTCCKMW,true
Hisense,32A5S,DE,Amazon,https://www.amazon.de/dp/B0GYZMPVXG,true
Samsung,65LS03HW,DE,Amazon,https://www.amazon.de/dp/B0GKPQK57W,true
Samsung,43LS03F,DE,Amazon,https://www.amazon.de/dp/B0FM8KGRQW,true
LG,55NANO90,DE,Amazon,https://www.amazon.de/dp/B0F4KP88XQ,true
Samsung,75M80H,DE,Amazon,https://www.amazon.de/dp/B0GXZRVMQZ,true
Samsung,65M80H,DE,Amazon,https://www.amazon.de/dp/B0H3KNZMR8,true
Samsung,50M70H,DE,Amazon,https://www.amazon.de/dp/B0GXZMWKF1,true
Samsung,75M70H,DE,Amazon,https://www.amazon.de/dp/B0GXZSFCSF,true
Samsung,50QN80H,DE,Amazon,https://www.amazon.de/dp/B0H3KN31WH,true
Hisense,65U8Q,DE,Amazon,https://www.amazon.de/dp/B0F1WBGQBM,true
Samsung,43Q7F,DE,Amazon,https://www.amazon.de/dp/B0FFB2K3D4,true
Samsung,43Q72F,DE,Amazon,https://www.amazon.de/dp/B0F225N6PT,true
Samsung,85Q7F,DE,Amazon,https://www.amazon.de/dp/B0FFB5XWRL,true
Samsung,75QN990F,DE,Amazon,https://www.amazon.de/dp/B0DFVG7XK3,true
Samsung,65QN990F,DE,Amazon,https://www.amazon.de/dp/B0F62T4RPX,true
Samsung,65QN990F,DE,Amazon,https://www.amazon.de/dp/B0FBX878JM,true
Samsung,98QN990F,DE,Amazon,https://www.amazon.de/dp/B0F62TC4RW,true
Samsung,75QN990F,DE,Amazon,https://www.amazon.de/dp/B0F2219MC8,true
Samsung,85QN990F,DE,Amazon,https://www.amazon.de/dp/B0F21ZWSMZ,true
Samsung,100QN80F,DE,Amazon,https://www.amazon.de/dp/B0DFVNBT5G,true
LG,55QNED80A,DE,Amazon,https://www.amazon.de/dp/B0F2JCV2WK,true
Hisense,85E7DS,DE,Amazon,https://www.amazon.de/dp/B0GTW172TQ,true
TCL,85C8K,DE,Amazon,https://www.amazon.de/dp/B0F9WW49C3,true
Samsung,55Q8F,DE,Amazon,https://www.amazon.de/dp/B0FM989471,true
Samsung,65S85H,DE,Amazon,https://www.amazon.de/dp/B0H4M5WWY9,true
Hisense,85U7SE,DE,Amazon,https://www.amazon.de/dp/B0GKPZ6MQ6,true
Samsung,65S85H,DE,Amazon,https://www.amazon.de/dp/B0H3KTGC7M,true
LG,50QNED80A,DE,Amazon,https://www.amazon.de/dp/B0F2JFT13B,true
LG,86QNED80A,DE,Amazon,https://www.amazon.de/dp/B0F2275Q5H,true
LG,43QNED80A,DE,Amazon,https://www.amazon.de/dp/B0F2J9H6CC,true
LG,65QNED80A,DE,Amazon,https://www.amazon.de/dp/B0F2JBY8M7,true
Samsung,43U8090H,ES,Amazon,https://www.amazon.es/dp/B0GJ5KJDKJ,true
Samsung,75QN70F,ES,Amazon,https://www.amazon.es/dp/B0F224XNSF,true
LG,48G5,ES,Amazon,https://www.amazon.es/dp/B0FFH16KMX,true
Samsung,55M70H,ES,Amazon,https://www.amazon.es/dp/B0GWNJHFH9,true
Samsung,83S85F,ES,Amazon,https://www.amazon.es/dp/B0F2FMLH3V,true
Samsung,55U7020F,ES,Amazon,https://www.amazon.es/dp/B0F2FQLSQ3,true
Samsung,75Q7F,ES,Amazon,https://www.amazon.es/dp/B0F2FMVN12,true
Samsung,50Q7F,ES,Amazon,https://www.amazon.es/dp/B0F2293K11,true
LG,50QNED80A,ES,Amazon,https://www.amazon.es/dp/B0F44GYGQ9,true
Samsung,65QN70H,GB,Amazon,https://www.amazon.co.uk/dp/B0GYZ7V6SB,true
LG,50QNED70B,GB,Amazon,https://www.amazon.co.uk/dp/B0GT9Q3S7X,true
LG,48C5,GB,Amazon,https://www.amazon.co.uk/dp/B0F7XZ585T,true
LG,77C6,GB,Amazon,https://www.amazon.co.uk/dp/B0GVDGR4WD,true
LG,77C6,GB,Amazon,https://www.amazon.co.uk/dp/B0H1X4BLR8,true
LG,77C6,GB,Amazon,https://www.amazon.co.uk/dp/B0GVDMWMBY,true
LG,65C5,GB,Amazon,https://www.amazon.co.uk/dp/B0FQP6YQJG,true
LG,48G5,GB,Amazon,https://www.amazon.co.uk/dp/B0F7468M2N,true
LG,48C5,GB,Amazon,https://www.amazon.co.uk/dp/B0FQP2W4Z4,true
LG,65C5,GB,Amazon,https://www.amazon.co.uk/dp/B0F7Y428FX,true
LG,65C6,GB,Amazon,https://www.amazon.co.uk/dp/B0GVDRNCYF,true
LG,43QNED70B,GB,Amazon,https://www.amazon.co.uk/dp/B0H3717ZS4,true
LG,42C6,GB,Amazon,https://www.amazon.co.uk/dp/B0GVDL2D8S,true
LG,65UA7500,GB,Amazon,https://www.amazon.co.uk/dp/B0HDPCYXJK,true
LG,65QNED80A,GB,Amazon,https://www.amazon.co.uk/dp/B0G7XWSCC3,true
LG,65G6,GB,Amazon,https://www.amazon.co.uk/dp/B0H36VQ8P1,true
LG,65C6,GB,Amazon,https://www.amazon.co.uk/dp/B0GVDKX9S1,true
TCL,43T6C,GB,Amazon,https://www.amazon.co.uk/dp/B0GS93S138,true
TCL,75P6K,GB,Amazon,https://www.amazon.co.uk/dp/B0FFBC86Q4,true
Hisense,65U8Q,GB,Amazon,https://www.amazon.co.uk/dp/B0F1WBGQBM,true
Hisense,43E7Q,GB,Amazon,https://www.amazon.co.uk/dp/B00VSWSBA0,true
Hisense,55E7Q,GB,Amazon,https://www.amazon.co.uk/dp/B0F1MPWV27,true
Hisense,55A85Q,GB,Amazon,https://www.amazon.co.uk/dp/B0FFGJLM3F,true
Hisense,85A6Q,GB,Amazon,https://www.amazon.co.uk/dp/B0F32QWD5H,true
Hisense,65E7Q,GB,Amazon,https://www.amazon.co.uk/dp/B0F1N62VSW,true
Hisense,55U8Q,GB,Amazon,https://www.amazon.co.uk/dp/B0FFMGB3NS,true
Hisense,55U8Q,GB,Amazon,https://www.amazon.co.uk/dp/B0FFG8Q44Z,true
Hisense,50U7Q,GB,Amazon,https://www.amazon.co.uk/dp/B0FFGFSY6B,true
LG,85QNED90A,GB,Amazon,https://www.amazon.co.uk/dp/B0F5BRD36S,true
Samsung,50U8005F,GB,Amazon,https://www.amazon.co.uk/dp/B0GGB86KJ9,true
Samsung,55M80H,GB,Amazon,https://www.amazon.co.uk/dp/B0GYZKS4MN,true
Samsung,55LS03H,GB,Amazon,https://www.amazon.co.uk/dp/B0GYZH2TQB,true
Samsung,65U8005H,GB,Amazon,https://www.amazon.co.uk/dp/B0GYZQXH2Y,true
Samsung,55U8090H,GB,Amazon,https://www.amazon.co.uk/dp/B0GYZ7TSXS,true
LG,83G5,GB,Amazon,https://www.amazon.co.uk/dp/B0F3D5PD4T,true
LG,55NU850B,GB,Amazon,https://www.amazon.co.uk/dp/B0GTB13M9G,true
LG,115QNED90B,GB,Amazon,https://www.amazon.co.uk/dp/B0H3PYMZZY,true
LG,83B6,GB,Amazon,https://www.amazon.co.uk/dp/B0GVTCYXHP,true
TCL,55C6K,GB,Amazon,https://www.amazon.co.uk/dp/B0F7XPY5FF,true
TCL,50S5K,GB,Amazon,https://www.amazon.co.uk/dp/B0F9LJCQXY,true
TCL,55V6D,GB,Amazon,https://www.amazon.co.uk/dp/B0GZQG1BSV,true
TCL,85Q7D,GB,Amazon,https://www.amazon.co.uk/dp/B0H1BRVTWR,true
TCL,55MSQLED80L,GB,Amazon,https://www.amazon.co.uk/dp/B0GXKS5GXL,true
Hisense,65A7Q,GB,Amazon,https://www.amazon.co.uk/dp/B0F7WSSVWY,true
Hisense,85U8Q,GB,Amazon,https://www.amazon.co.uk/dp/B0F7WBSKMS,true
Hisense,85ER8S,GB,Amazon,https://www.amazon.co.uk/dp/B0H1HPRBYN,true
Hisense,65S7S,GB,Amazon,https://www.amazon.co.uk/dp/B0GNF3KJGW,true
Hisense,55U7S,GB,Amazon,https://www.amazon.co.uk/dp/B0858XY3MY,true
Sony,65XR8M25B,GB,Amazon,https://www.amazon.co.uk/dp/B0GKQ17CNY,true
LG,77G5,GB,Amazon,https://www.amazon.co.uk/dp/B0F3D6NBFN,true
LG,77C5,GB,Amazon,https://www.amazon.co.uk/dp/B0F3D64K3K,true
LG,65C6,GB,Amazon,https://www.amazon.co.uk/dp/B0GT9SP9M3,true
LG,83G6,GB,Amazon,https://www.amazon.co.uk/dp/B0GYQ32WKS,true
LG,77C6,GB,Amazon,https://www.amazon.co.uk/dp/B0GT9MYD5P,true
LG,48C6,GB,Amazon,https://www.amazon.co.uk/dp/B0GTB3VJ34,true
Hisense,75Q8S,GB,Amazon,https://www.amazon.co.uk/dp/B0GV51ZR2B,true
LG,85NU850B,GB,Amazon,https://www.amazon.co.uk/dp/B0GT9TL99M,true
LG,75QNED70B,GB,Amazon,https://www.amazon.co.uk/dp/B0GT9WYD8N,true
Hisense,100U8Q,GB,Amazon,https://www.amazon.co.uk/dp/B0FR8LPDZB,true
Samsung,42S90H,GB,Amazon,https://www.amazon.co.uk/dp/B0GYZ7MZ2Q,true
Samsung,55S90H,GB,Amazon,https://www.amazon.co.uk/dp/B0GYZ8MQHZ,true
Samsung,65S90H,GB,Amazon,https://www.amazon.co.uk/dp/B0GYZ6ZR99,true
LG,50NU850B,GB,Amazon,https://www.amazon.co.uk/dp/B0GTB3TB9P,true
Hisense,50U7Q,GB,Amazon,https://www.amazon.co.uk/dp/B0F32KTJK8,true
Samsung,50QN80F,GB,Amazon,https://www.amazon.co.uk/dp/B0DF8S8SGW,true
LG,43QNED80A,GB,Amazon,https://www.amazon.co.uk/dp/B0F14NFS2L,true
LG,75QNED80A,GB,Amazon,https://www.amazon.co.uk/dp/B0F14VKMMN,true
TCL,65P8K,GB,Amazon,https://www.amazon.co.uk/dp/B0DT4DBJS5,true
Samsung,55U8005F,IT,Amazon,https://www.amazon.it/dp/B0F4SMDPLN,true
Samsung,65U8090H,IT,Amazon,https://www.amazon.it/dp/B0GZLFC5ZL,true
Samsung,55U8090H,IT,Amazon,https://www.amazon.it/dp/B0H4M4P12P,true
Samsung,75M80H,IT,Amazon,https://www.amazon.it/dp/B0H338C5DT,true
Samsung,65LS03FW,IT,Amazon,https://www.amazon.it/dp/B0F2256CND,true
LG,43QNED80B,IT,Amazon,https://www.amazon.it/dp/B0F553KSVF,true
LG,50UA751C,IT,Amazon,https://www.amazon.it/dp/B0FZB52GDB,true
LG,75MRGB96B9B,IT,Amazon,https://www.amazon.it/dp/B0GWMZN36M,true
TCL,43S5K,IT,Amazon,https://www.amazon.it/dp/B0F3XM86GV,true
TCL,75P8K,IT,Amazon,https://www.amazon.it/dp/B0DV9L71QL,true
TCL,75C8K,IT,Amazon,https://www.amazon.it/dp/B0F9WSGDLW,true
TCL,55PF650A,IT,Amazon,https://www.amazon.it/dp/B0FNRC5YWQ,true
TCL,65P8K,IT,Amazon,https://www.amazon.it/dp/B0FQNWWDX9,true
Hisense,43E61QT,IT,Amazon,https://www.amazon.it/dp/B0F1MHBWZ8,true
Hisense,65U7SPRO,IT,Amazon,https://www.amazon.it/dp/B0GR77J8WH,true
Hisense,75U7SE,IT,Amazon,https://www.amazon.it/dp/B0GKPMTBMC,true
TCL,75MSQLED80L,IT,Amazon,https://www.amazon.it/dp/B0GXKRP7FM,true
Samsung,65QN90F,IT,Amazon,https://www.amazon.it/dp/B0F4T6Y5V5,true
Samsung,50QN70H,IT,Amazon,https://www.amazon.it/dp/B0H26XMBR1,true
Samsung,55U8090H,IT,Amazon,https://www.amazon.it/dp/B0GZL9TNZV,true
Samsung,65QN70H,IT,Amazon,https://www.amazon.it/dp/B0H26LPQT2,true
Samsung,65U7000F,IT,Amazon,https://www.amazon.it/dp/B0F4T91QVZ,true
Samsung,65S90H,IT,Amazon,https://www.amazon.it/dp/B0GWMYLNDK,true
Samsung,65LS03HW,IT,Amazon,https://www.amazon.it/dp/B0GWDQRFCX,true
Samsung,55S90H,IT,Amazon,https://www.amazon.it/dp/B0GWN2JZP8,true
LG,55G5,IT,Amazon,https://www.amazon.it/dp/B0F44FX27H,true
LG,65NU8E0B,IT,Amazon,https://www.amazon.it/dp/B0GWMXP9JK,true
LG,65G6,IT,Amazon,https://www.amazon.it/dp/B0GWMXZ4BZ,true
LG,75MRGB87B9B,IT,Amazon,https://www.amazon.it/dp/B0GWN73B9J,true
LG,65B6,IT,Amazon,https://www.amazon.it/dp/B0GWMYSZMC,true
LG,65G5,IT,Amazon,https://www.amazon.it/dp/B0F44DZWL5,true
LG,86MRGB96B9B,IT,Amazon,https://www.amazon.it/dp/B0GWMXJJ8X,true
TCL,50T6C,IT,Amazon,https://www.amazon.it/dp/B0F8QDY84D,true
TCL,50T6C,IT,Amazon,https://www.amazon.it/dp/B0DW9792RH,true
TCL,55P8K,IT,Amazon,https://www.amazon.it/dp/B0F8HYKRKX,true
TCL,43P6K,IT,Amazon,https://www.amazon.it/dp/B0DV9HJTTK,true
TCL,40V5D,IT,Amazon,https://www.amazon.it/dp/B0GYTCCKMW,true
TCL,65RM7L,IT,Amazon,https://www.amazon.it/dp/B0H1135WTX,true
TCL,98MSQLED80L,IT,Amazon,https://www.amazon.it/dp/B0GXKP3KLR,true
Hisense,50A72Q,IT,Amazon,https://www.amazon.it/dp/B0F1W8PDP7,true
Hisense,75E61QT,IT,Amazon,https://www.amazon.it/dp/B0F1WL42VS,true
Hisense,50U72Q,IT,Amazon,https://www.amazon.it/dp/B0F1WFB6LS,true
Hisense,50E7DS,IT,Amazon,https://www.amazon.it/dp/B0GM1R36YW,true
Hisense,85E7S,IT,Amazon,https://www.amazon.it/dp/B0GR6KRXBJ,true
Hisense,65U7SE,IT,Amazon,https://www.amazon.it/dp/B0GKPTBTNP,true
Sony,50S32B,IT,Amazon,https://www.amazon.it/dp/B0FPG87P59,true
Samsung,75U8005F,IT,Amazon,https://www.amazon.it/dp/B0F4T1Q7JC,true
TCL,75T6C,IT,Amazon,https://www.amazon.it/dp/B0DW996637,true
LG,85QNED90B,IT,Amazon,https://www.amazon.it/dp/B0GWN631SQ,true
Samsung,85M80H,IT,Amazon,https://www.amazon.it/dp/B0GX1LX6QZ,true
Samsung,65QN85F,IT,Amazon,https://www.amazon.it/dp/B0FND6LTR5,true
Samsung,83S95F,IT,Amazon,https://www.amazon.it/dp/B0F7LJGKGX,true
LG,55B6,IT,Amazon,https://www.amazon.it/dp/B0H1MYJ1L9,true
LG,55B6,IT,Amazon,https://www.amazon.it/dp/B0GWMV9TRX,true
LG,77B6,IT,Amazon,https://www.amazon.it/dp/B0GWMW9BM4,true
Samsung,100QN80F,IT,Amazon,https://www.amazon.it/dp/B0FL824SM4,true
LG,48G6,IT,Amazon,https://www.amazon.it/dp/B0GWN2RDCR,true
TCL,32S5L,IT,Amazon,https://www.amazon.it/dp/B0H2JF9P45,true
LG,75QNED85A,IT,Amazon,https://www.amazon.it/dp/B0F6VBBWY2,true
LG,100QNED85A,IT,Amazon,https://www.amazon.it/dp/B0F6VGQP89,true
LG,43QNED85A,IT,Amazon,https://www.amazon.it/dp/B0F5HT5CWL,true
LG,65QNED85A,IT,Amazon,https://www.amazon.it/dp/B0F6VGHWSJ,true
Samsung,65LS03F,DE,Amazon,https://www.amazon.de/dp/B0F62T7RFM,true
Samsung,85Q7FA,DE,Amazon,https://www.amazon.de/dp/B0F5BWV3BV,true
Samsung,42S90F,DE,Amazon,https://www.amazon.de/dp/B0FNRXK2HX,true
Samsung,50LS03FA,DE,Amazon,https://www.amazon.de/dp/B0FFBH4NNX,true
Samsung,77S95H,DE,Amazon,https://www.amazon.de/dp/B0GXZNVCFZ,true
Samsung,27F6000,DE,Amazon,https://www.amazon.de/dp/B0F227T2DK,true
Samsung,50M80H,DE,Amazon,https://www.amazon.de/dp/B0H5P9P2GX,true
Samsung,50M70H,DE,Amazon,https://www.amazon.de/dp/B0H4LZ5VCD,true
Samsung,43QN90F,DE,Amazon,https://www.amazon.de/dp/B0F21YMCYJ,true
Samsung,43QN90F,DE,Amazon,https://www.amazon.de/dp/B0FZVY8CWM,true
LG,50UA7500,DE,Amazon,https://www.amazon.de/dp/B0F2GFLHR9,true
LG,77C5,DE,Amazon,https://www.amazon.de/dp/B0F3D64K3K,true
LG,65NANO80A6B,DE,Amazon,https://www.amazon.de/dp/B0F2GKL4VG,true
LG,55LX7B,DE,Amazon,https://www.amazon.de/dp/B0H2F3J467,true
LG,65NU850B,DE,Amazon,https://www.amazon.de/dp/B0H1JGZQVN,true
LG,43LR6000,DE,Amazon,https://www.amazon.de/dp/B0G6KMCJD2,true
LG,55G6,DE,Amazon,https://www.amazon.de/dp/B0HBXLNYMY,true
TCL,50V6D,DE,Amazon,https://www.amazon.de/dp/B0GQHFQC2X,true
TCL,65T6C,DE,Amazon,https://www.amazon.de/dp/B0F8QDCBCM,true
TCL,65C8K,DE,Amazon,https://www.amazon.de/dp/B0FQSZV3ZS,true
Hisense,65E89Q,DE,Amazon,https://www.amazon.de/dp/B0G5QGGKPR,true
TCL,65P6K,DE,Amazon,https://www.amazon.de/dp/B0F74855ZF,true
TCL,85C6K,DE,Amazon,https://www.amazon.de/dp/B0FPPZHM5L,true
TCL,75C8K,DE,Amazon,https://www.amazon.de/dp/B0FQSN912S,true
TCL,43P6K,DE,Amazon,https://www.amazon.de/dp/B0F7RT3L5D,true
Hisense,43E7DS,DE,Amazon,https://www.amazon.de/dp/B0GTVYW785,true
Hisense,75U7DS,DE,Amazon,https://www.amazon.de/dp/B0GTVZZBQ8,true
Hisense,55U7S,DE,Amazon,https://www.amazon.de/dp/B0GT2MQNKD,true
Hisense,43S5Q,DE,Amazon,https://www.amazon.de/dp/B0GM1RDY9Z,true
Samsung,65Q7F,DE,Amazon,https://www.amazon.de/dp/B0F62RTCZP,true
Samsung,55U80H,DE,Amazon,https://www.amazon.de/dp/B0H5K6P1BY,true
LG,75NANO81A6A,DE,Amazon,https://www.amazon.de/dp/B0F4PSX5Q9,true
LG,86NANO81A6A,DE,Amazon,https://www.amazon.de/dp/B0F2GGYGH4,true
LG,43NU80,DE,Amazon,https://www.amazon.de/dp/B0GTRJ4LRS,true
Hisense,75E8S,DE,Amazon,https://www.amazon.de/dp/B0GYZFWJZC,true
Hisense,65E7DS,DE,Amazon,https://www.amazon.de/dp/B0GTWCGQRP,true
Sony,85BRAVIA7II,DE,Amazon,https://www.amazon.de/dp/B0H2K25NJ4,true
Samsung,65LS03H,DE,Amazon,https://www.amazon.de/dp/B0H3KR8S4P,true
LG,55NU850B,DE,Amazon,https://www.amazon.de/dp/B0H197QQMH,true
LG,55NU800B,DE,Amazon,https://www.amazon.de/dp/B0HGRXT24R,true
LG,75NANO90,DE,Amazon,https://www.amazon.de/dp/B0F4KQGZNC,true
Hisense,85U7DSE,DE,Amazon,https://www.amazon.de/dp/B0GTW11V8C,true
Samsung,75M80H,DE,Amazon,https://www.amazon.de/dp/B0H3KF4S1C,true
Samsung,85M80H,DE,Amazon,https://www.amazon.de/dp/B0H3KPPLBQ,true
Samsung,50M70H,DE,Amazon,https://www.amazon.de/dp/B0H11LDLWP,true
Samsung,65M70H,DE,Amazon,https://www.amazon.de/dp/B0H3KPWMCZ,true
Samsung,55Q7F,DE,Amazon,https://www.amazon.de/dp/B0FHX2NJ9Y,true
Samsung,75QN990F,DE,Amazon,https://www.amazon.de/dp/B0FBX9QJKV,true
Samsung,75QN90F,DE,Amazon,https://www.amazon.de/dp/B0FC2FC48J,true
Samsung,55QN70H,DE,Amazon,https://www.amazon.de/dp/B0H11GBZBS,true
Samsung,55QN70H,DE,Amazon,https://www.amazon.de/dp/B0GXZDFK7F,true
Samsung,85F,DE,Amazon,https://www.amazon.de/dp/B0F62TDM6G,true
Samsung,75QN85F,DE,Amazon,https://www.amazon.de/dp/B0F66TCGGQ,true
LG,55G5,DE,Amazon,https://www.amazon.de/dp/B0F2JDCF4L,true
LG,65G5,DE,Amazon,https://www.amazon.de/dp/B0F2JBN3QH,true
Samsung,65QN85F,ES,Amazon,https://www.amazon.es/dp/B0FND6LTR5,true
Hisense,50Q7S,ES,Amazon,https://www.amazon.es/dp/B0H83625QD,true
Samsung,65LS03F,ES,Amazon,https://www.amazon.es/dp/B0F2FJBXMK,true
Samsung,65QN70H,ES,Amazon,https://www.amazon.es/dp/B0GL2KSXWC,true
Samsung,43U7000F,GB,Amazon,https://www.amazon.co.uk/dp/B0F6TQGCC8,true
Samsung,65S95F,GB,Amazon,https://www.amazon.co.uk/dp/B0F6VKMXKQ,true
Samsung,75QN990F,GB,Amazon,https://www.amazon.co.uk/dp/B0F6VNWY7T,true
Samsung,55QN55LS03F,GB,Amazon,https://www.amazon.co.uk/dp/B0F56JGVSM,true
Samsung,50U8005F,GB,Amazon,https://www.amazon.co.uk/dp/B0FMF8VJB1,true
Samsung,50U8090H,GB,Amazon,https://www.amazon.co.uk/dp/B0H82ML5HJ,true
Samsung,98Q7F,GB,Amazon,https://www.amazon.co.uk/dp/B0FPGJ1QKQ,true
Samsung,43U7000F,GB,Amazon,https://www.amazon.co.uk/dp/B0F2B3G2W4,true
LG,65B5,GB,Amazon,https://www.amazon.co.uk/dp/B0F1515WBL,true
LG,43UA7300,GB,Amazon,https://www.amazon.co.uk/dp/B0F3XNWZKJ,true
Samsung,50U7000F,GB,Amazon,https://www.amazon.co.uk/dp/B0F6VKKW4J,true
LG,65C5,GB,Amazon,https://www.amazon.co.uk/dp/B0GH7HCXL2,true
LG,55C6,GB,Amazon,https://www.amazon.co.uk/dp/B0GVDD3ZM5,true
LG,55G5,GB,Amazon,https://www.amazon.co.uk/dp/B0F2NCC7LW,true
LG,55QNED85A,GB,Amazon,https://www.amazon.co.uk/dp/B0F22731RT,true
LG,77C6,GB,Amazon,https://www.amazon.co.uk/dp/B0GVDC27WG,true
LG,86QNED80A,GB,Amazon,https://www.amazon.co.uk/dp/B0GQTSJ1VZ,true
Hisense,85E7Q,GB,Amazon,https://www.amazon.co.uk/dp/B0FLP7YXL3,true
Samsung,55Q7F,GB,Amazon,https://www.amazon.co.uk/dp/B0F6VKBWS3,true
Samsung,43M70H,GB,Amazon,https://www.amazon.co.uk/dp/B0GYZ7Q2ZH,true
TCL,55A300W,GB,Amazon,https://www.amazon.co.uk/dp/B0FKT1MNM1,true
TCL,43V5D,GB,Amazon,https://www.amazon.co.uk/dp/B0H7GVPLVH,true
Hisense,43S5Q,GB,Amazon,https://www.amazon.co.uk/dp/B0GV4R3QJZ,true
Samsung,75U8090H,GB,Amazon,https://www.amazon.co.uk/dp/B0GYYXS7BT,true
Samsung,85Q7FA,GB,Amazon,https://www.amazon.co.uk/dp/B0F6VFQFVZ,true
LG,86QNED85A,GB,Amazon,https://www.amazon.co.uk/dp/B0F226TJZ2,true
TCL,65P8K,GB,Amazon,https://www.amazon.co.uk/dp/B0DQ4QP5F2,true
Sony,85BRAVIA3,GB,Amazon,https://www.amazon.co.uk/dp/B0FCL379WH,true
TCL,85C6K,GB,Amazon,https://www.amazon.co.uk/dp/B0FPPZHM5L,true
Samsung,55U7000F,GB,Amazon,https://www.amazon.co.uk/dp/B0F6VSNLRR,true
Samsung,75U7000F,GB,Amazon,https://www.amazon.co.uk/dp/B0F6TQK1P9,true
Samsung,85U7000F,GB,Amazon,https://www.amazon.co.uk/dp/B0F6VKCKT3,true
TCL,75P8K,GB,Amazon,https://www.amazon.co.uk/dp/B0DT4BNVF6,true
Samsung,50U7000F,DE,Amazon,https://www.amazon.de/dp/B0FDGRFFLM,true
Samsung,55LS03HW,DE,Amazon,https://www.amazon.de/dp/B0GKGSD2CC,true
LG,55C6,DE,Amazon,https://www.amazon.de/dp/B0HBXG1XL9,true
TCL,75C8K,DE,Amazon,https://www.amazon.de/dp/B0F9WSGDLW,true
TCL,55A400U,DE,Amazon,https://www.amazon.de/dp/B0H3KSB9SR,true
Hisense,85E7DS,DE,Amazon,https://www.amazon.de/dp/B0HF435M9W,true
Hisense,85E7Q,DE,Amazon,https://www.amazon.de/dp/B0FTGBG7K2,true
Samsung,50QN70H,DE,Amazon,https://www.amazon.de/dp/B0H3KVSVVM,true
LG,50UA7300,DE,Amazon,https://www.amazon.de/dp/B0F3XS2DM8,true
LG,77C6,DE,Amazon,https://www.amazon.de/dp/B0GSH4GVKC,true
Hisense,65E6DS,DE,Amazon,https://www.amazon.de/dp/B0GTBCTRVV,true
Samsung,65QN990F,DE,Amazon,https://www.amazon.de/dp/B0F21XRM9H,true
Samsung,75QN90F,DE,Amazon,https://www.amazon.de/dp/B0DFVP4TBV,true
Samsung,85QN70F,DE,Amazon,https://www.amazon.de/dp/B0FPCLHQ26,true
Samsung,55S85F,DE,Amazon,https://www.amazon.de/dp/B0F2FH5FG5,true
Samsung,83S85F,DE,Amazon,https://www.amazon.de/dp/B0F2FMLH3V,true
Samsung,85QN80F,DE,Amazon,https://www.amazon.de/dp/B0DFVN7D6L,true
Samsung,55S90H,DE,Amazon,https://www.amazon.de/dp/B0GXZQL9W2,true
Samsung,83S90H,DE,Amazon,https://www.amazon.de/dp/B0GXZFG4JX,true
Samsung,65S90F,DE,Amazon,https://www.amazon.de/dp/B0F62PX47Z,true
Samsung,65S90H,DE,Amazon,https://www.amazon.de/dp/B0H3KMLVHN,true
Samsung,55S90F,DE,Amazon,https://www.amazon.de/dp/B0FCSG5T2R,true
Samsung,43LS03H,ES,Amazon,https://www.amazon.es/dp/B0GKB1QRRZ,true
Samsung,65S85H,ES,Amazon,https://www.amazon.es/dp/B0GL2KFQP6,true
TCL,98RM7L,ES,Amazon,https://www.amazon.es/dp/B0GZZYN4VR,true
Samsung,55U8005F,ES,Amazon,https://www.amazon.es/dp/B0F2249D1G,true
Samsung,65LS03F,ES,Amazon,https://www.amazon.es/dp/B0F2256CND,true
LG,55QNED90A,ES,Amazon,https://www.amazon.es/dp/B0F2GJ482T,true
LG,55QNED90A,ES,Amazon,https://www.amazon.es/dp/B0FQP3S1SZ,true
LG,55B5,ES,Amazon,https://www.amazon.es/dp/B0F3D8DRTN,true
Samsung,32H5000F,GB,Amazon,https://www.amazon.co.uk/dp/B0DF6NHYS6,true
Samsung,65QN990F,GB,Amazon,https://www.amazon.co.uk/dp/B0F6VVSYBN,true
Samsung,55M80H,GB,Amazon,https://www.amazon.co.uk/dp/B0H4MQYTM3,true
LG,83C6,GB,Amazon,https://www.amazon.co.uk/dp/B0GVDNV5W5,true
LG,48C6,GB,Amazon,https://www.amazon.co.uk/dp/B0GVDKZDL8,true
LG,50QNED80A,GB,Amazon,https://www.amazon.co.uk/dp/B0GQTDV33W,true
LG,77C6,GB,Amazon,https://www.amazon.co.uk/dp/B0GVDRPYLJ,true
LG,65C5,GB,Amazon,https://www.amazon.co.uk/dp/B0GQTT7G7S,true
LG,48C5,GB,Amazon,https://www.amazon.co.uk/dp/B0GQTJZR7L,true
LG,65QNED70A,GB,Amazon,https://www.amazon.co.uk/dp/B0GQTDTCLN,true
LG,43QNED70A,GB,Amazon,https://www.amazon.co.uk/dp/B0GQV35CVD,true
LG,65C6,GB,Amazon,https://www.amazon.co.uk/dp/B0GVDH8Q2G,true
LG,42C6,GB,Amazon,https://www.amazon.co.uk/dp/B0GVDLMJHZ,true
LG,55C6,GB,Amazon,https://www.amazon.co.uk/dp/B0GVDGBY3T,true
Hisense,85E7Q,GB,Amazon,https://www.amazon.co.uk/dp/B0FFGP2J47,true
Hisense,65A85Q,GB,Amazon,https://www.amazon.co.uk/dp/B0FFGLDD2L,true
Hisense,34U8Q,GB,Amazon,https://www.amazon.co.uk/dp/B0F1W3TRZT,true
Sony,55XR80,GB,Amazon,https://www.amazon.co.uk/dp/B0DDXK58C3,true
Samsung,65Q7F,GB,Amazon,https://www.amazon.co.uk/dp/B0F6VNX7X9,true
TCL,115C7K,GB,Amazon,https://www.amazon.co.uk/dp/B0F5BQDNGB,true
LG,65B6,GB,Amazon,https://www.amazon.co.uk/dp/B0GT9ZFLJD,true
TCL,43P7K,GB,Amazon,https://www.amazon.co.uk/dp/B0DPM1P6NB,true
TCL,55P7K,GB,Amazon,https://www.amazon.co.uk/dp/B0F99Z7M9M,true
LG,55QNED85B,GB,Amazon,https://www.amazon.co.uk/dp/B0GVDH6MFS,true
TCL,75P7K,GB,Amazon,https://www.amazon.co.uk/dp/B0F9FNDBN7,true
Samsung,98QN90F,GB,Amazon,https://www.amazon.co.uk/dp/B0DFVWCBLP,true
Samsung,50QN90F,GB,Amazon,https://www.amazon.co.uk/dp/B0DFVV7WT1,true
Samsung,75QN90F,GB,Amazon,https://www.amazon.co.uk/dp/B0F6VR68MD,true
Hisense,32E4Q,GB,Amazon,https://www.amazon.co.uk/dp/B0F7WMRWLF,true
LG,50QNED70B,GB,Amazon,https://www.amazon.co.uk/dp/B0GT9XDGFT,true
LG,65QNED70B,GB,Amazon,https://www.amazon.co.uk/dp/B0GT9WRLMH,true
LG,86QNED85B,GB,Amazon,https://www.amazon.co.uk/dp/B0GT9MNF1N,true
LG,100QNED85B,GB,Amazon,https://www.amazon.co.uk/dp/B0GT9QM2DT,true
Samsung,65LS03HW,DE,Amazon,https://www.amazon.de/dp/B0H62DFVF1,true
Samsung,55M80H,DE,Amazon,https://www.amazon.de/dp/B0H5KW9TG7,true
Samsung,50M60H,DE,Amazon,https://www.amazon.de/dp/B0HF5M1425,true
LG,42C6,DE,Amazon,https://www.amazon.de/dp/B0HBXFS51R,true
LG,65G6,DE,Amazon,https://www.amazon.de/dp/B0HBX78KJM,true
LG,65B5,DE,Amazon,https://www.amazon.de/dp/B0F226W7M2,true
Hisense,75A6Q,DE,Amazon,https://www.amazon.de/dp/B0F4DBKHJC,true
Samsung,24F6000,DE,Amazon,https://www.amazon.de/dp/B0FV3GPLK5,true
Samsung,50U80H,DE,Amazon,https://www.amazon.de/dp/B0H5K7C1NN,true
Samsung,65QN900F,DE,Amazon,https://www.amazon.de/dp/B0DFVF4XXC,true
Samsung,85QN900F,DE,Amazon,https://www.amazon.de/dp/B0F62ZNYG7,true
Samsung,85QN900F,DE,Amazon,https://www.amazon.de/dp/B0FBXBCXK7,true
Samsung,75QN900F,DE,Amazon,https://www.amazon.de/dp/B0F21Y5JP5,true
Samsung,65QN900F,DE,Amazon,https://www.amazon.de/dp/B0F2221GD1,true
Samsung,75QN900F,DE,Amazon,https://www.amazon.de/dp/B0FBX9CRJZ,true
Samsung,85QN900F,DE,Amazon,https://www.amazon.de/dp/B0F2223MPD,true
Samsung,65QN90F,DE,Amazon,https://www.amazon.de/dp/B0FPCSBP15,true
Samsung,48S85H,DE,Amazon,https://www.amazon.de/dp/B0H32Z3SBD,true
LG,43QNED80A,DE,Amazon,https://www.amazon.de/dp/B0FY7KG858,true
LG,50QNED85A,DE,Amazon,https://www.amazon.de/dp/B0F2289CCK,true
Samsung,50U7000F,GB,Amazon,https://www.amazon.co.uk/dp/B0H7JBKR5K,true
Samsung,43Q7F,GB,Amazon,https://www.amazon.co.uk/dp/B0F6NH7ZPD,true
Samsung,43U7000F,GB,Amazon,https://www.amazon.co.uk/dp/B0GXC6W6N9,true
Samsung,58U8005F,GB,Amazon,https://www.amazon.co.uk/dp/B0H7JHBKCC,true
Samsung,55S85H,GB,Amazon,https://www.amazon.co.uk/dp/B0H11G7S2Z,true
Samsung,65QN90F,GB,Amazon,https://www.amazon.co.uk/dp/B0F222XVF4,true
TCL,55C6KS,GB,Amazon,https://www.amazon.co.uk/dp/B0F25RRSFN,true
TCL,43P6K,GB,Amazon,https://www.amazon.co.uk/dp/B0FRFYWPC5,true
Hisense,50Q8S,GB,Amazon,https://www.amazon.co.uk/dp/B0GV53JVZ8,true
Hisense,50A7Q,GB,Amazon,https://www.amazon.co.uk/dp/B0FFGQ14CY,true
Hisense,55A85Q,GB,Amazon,https://www.amazon.co.uk/dp/B0FFGMR38H,true
Hisense,85U8Q,GB,Amazon,https://www.amazon.co.uk/dp/B0FFGJNNBH,true
Hisense,85U8Q,GB,Amazon,https://www.amazon.co.uk/dp/B0FFGSN8FG,true
Samsung,75M80H,GB,Amazon,https://www.amazon.co.uk/dp/B0GYZR1GM2,true
LG,55UA7300,GB,Amazon,https://www.amazon.co.uk/dp/B0F3XQZP95,true
Samsung,65QN85F,GB,Amazon,https://www.amazon.co.uk/dp/B0F6VP16LP,true
Samsung,85QN70F,GB,Amazon,https://www.amazon.co.uk/dp/B0F6VN8GLF,true
TCL,65P7K,GB,Amazon,https://www.amazon.co.uk/dp/B0FH78VT5V,true
Samsung,48S95H,GB,Amazon,https://www.amazon.co.uk/dp/B0GYZQ3S7C,true
TCL,75P7K,GB,Amazon,https://www.amazon.co.uk/dp/B0DPM23MZH,true
Samsung,48S95H,GB,Amazon,https://www.amazon.co.uk/dp/B0H4LS36XM,true
TCL,85P7K,GB,Amazon,https://www.amazon.co.uk/dp/B0DPM23Q3P,true
Samsung,55QN70F,ES,Amazon,https://www.amazon.es/dp/B0F21WPYYG,true
Samsung,50QN70H,ES,Amazon,https://www.amazon.es/dp/B0GKBGCGMX,true
Samsung,48S90F,ES,Amazon,https://www.amazon.es/dp/B0F222TW2K,true
Samsung,75LS03HW,ES,Amazon,https://www.amazon.es/dp/B0GL34QHB7,true
TCL,40SF560,ES,Amazon,https://www.amazon.es/dp/B0F9PRSHP8,true
TCL,75RM7L,ES,Amazon,https://www.amazon.es/dp/B0GZZZVN8B,true
TCL,98RM9L,ES,Amazon,https://www.amazon.es/dp/B0GXZ5SWL8,true
Sony,49XD7005,ES,Amazon,https://www.amazon.es/dp/B0BRJP8C3N,true
Samsung,65S90F,ES,Amazon,https://www.amazon.es/dp/B0F223BF8Q,true
Samsung,83S90F,ES,Amazon,https://www.amazon.es/dp/B0F22388GZ,true
LG,75MRGB87B,ES,Amazon,https://www.amazon.es/dp/B0H2FM6X8K,true
LG,55QNED85A,ES,Amazon,https://www.amazon.es/dp/B0F4PMNX6M,true
Samsung,65S90F,ES,Amazon,https://www.amazon.es/dp/B0F2FLZW69,true
LG,55UA7300,ES,Amazon,https://www.amazon.es/dp/B0F2GM6FYZ,true
LG,65UA7300,ES,Amazon,https://www.amazon.es/dp/B0F2GBVRN8,true
Samsung,85U8005F,ES,Amazon,https://www.amazon.es/dp/B0F227SNKB,true
Samsung,65Q7F,ES,Amazon,https://www.amazon.es/dp/B0F7M38XR8,true
LG,86MRGB87B9B,ES,Amazon,https://www.amazon.es/dp/B0GTZHWJDL,true
Samsung,85U8005H,GB,Amazon,https://www.amazon.co.uk/dp/B0GYZ6M35S,true
Samsung,65QN70F,GB,Amazon,https://www.amazon.co.uk/dp/B0DF8SK81D,true
Samsung,43LS03H,GB,Amazon,https://www.amazon.co.uk/dp/B0GYYR5P7N,true
Samsung,75M70H,GB,Amazon,https://www.amazon.co.uk/dp/B0GYZKYZWG,true
Samsung,65LS03H,GB,Amazon,https://www.amazon.co.uk/dp/B0GYZKDCW5,true
Samsung,55LS03HW,GB,Amazon,https://www.amazon.co.uk/dp/B0GYZ7X8NQ,true
Samsung,48S85H,GB,Amazon,https://www.amazon.co.uk/dp/B0GYZS4PML,true
Samsung,85M70H,GB,Amazon,https://www.amazon.co.uk/dp/B0GYZM5LDV,true
Samsung,75QN70H,GB,Amazon,https://www.amazon.co.uk/dp/B0GYZ7Z2JH,true
Samsung,65M70H,GB,Amazon,https://www.amazon.co.uk/dp/B0GYZ7SVX4,true
Samsung,85QN70H,GB,Amazon,https://www.amazon.co.uk/dp/B0GYZPTN4Y,true
LG,48G5,GB,Amazon,https://www.amazon.co.uk/dp/B0F948Q9XK,true
LG,55UA7500,GB,Amazon,https://www.amazon.co.uk/dp/B0FK37QVSD,true
TCL,43P6K,GB,Amazon,https://www.amazon.co.uk/dp/B0F7RT3L5D,true
TCL,55P8K,GB,Amazon,https://www.amazon.co.uk/dp/B0F8HYKRKX,true
TCL,65T6C,GB,Amazon,https://www.amazon.co.uk/dp/B0F8QDCBCM,true
TCL,75C6K,GB,Amazon,https://www.amazon.co.uk/dp/B0F99LCHWP,true
TCL,55QM6K,GB,Amazon,https://www.amazon.co.uk/dp/B0DSR9CHB1,true
TCL,65C6K,GB,Amazon,https://www.amazon.co.uk/dp/B0F9TDFQ5K,true
TCL,85T6C,GB,Amazon,https://www.amazon.co.uk/dp/B0F8QB3MLJ,true
TCL,85C8K,GB,Amazon,https://www.amazon.co.uk/dp/B0FS813JCW,true
TCL,55C8L,GB,Amazon,https://www.amazon.co.uk/dp/B0GTZS35X6,true
Hisense,50E6S,GB,Amazon,https://www.amazon.co.uk/dp/B0GV56DS9M,true
Hisense,32A5Q,GB,Amazon,https://www.amazon.co.uk/dp/B0F2MZRGGH,true
LG,83C6,GB,Amazon,https://www.amazon.co.uk/dp/B0GT9M6SNY,true
TCL,75C8K,GB,Amazon,https://www.amazon.co.uk/dp/B0FQSN912S,true
Samsung,55R85H,GB,Amazon,https://www.amazon.co.uk/dp/B0GYZNYXH2,true
Samsung,75R85H,GB,Amazon,https://www.amazon.co.uk/dp/B0GYZQMWQC,true
Samsung,77S95H,GB,Amazon,https://www.amazon.co.uk/dp/B0GYZMRHJM,true
LG,43QNED85B,GB,Amazon,https://www.amazon.co.uk/dp/B0HDDCH86B,true
TCL,75P6K,GB,Amazon,https://www.amazon.co.uk/dp/B0F2133XR5,true
Hisense,75A7Q,GB,Amazon,https://www.amazon.co.uk/dp/B0F2T44B26,true
Hisense,100U8Q,GB,Amazon,https://www.amazon.co.uk/dp/B0FFSRNCBF,true
Samsung,85M70H,GB,Amazon,https://www.amazon.co.uk/dp/B0GYZM1DLJ,true
Samsung,65QN85F,IT,Amazon,https://www.amazon.it/dp/B0F7LJWWZH,true
Samsung,85R95H,IT,Amazon,https://www.amazon.it/dp/B0GXWBZ81C,true
Samsung,65M80H,IT,Amazon,https://www.amazon.it/dp/B0H335WK7T,true
Samsung,55Q6F,IT,Amazon,https://www.amazon.it/dp/B0H334TRXP,true
LG,50QNED70B,IT,Amazon,https://www.amazon.it/dp/B0H36SHKPF,true
Hisense,85E61QT,IT,Amazon,https://www.amazon.it/dp/B0F1WHZW3P,true
Hisense,32E41KT,IT,Amazon,https://www.amazon.it/dp/B0BXB4G57L,true
Hisense,55E7Q,IT,Amazon,https://www.amazon.it/dp/B0F1WLGCWM,true
Hisense,50E61QT,IT,Amazon,https://www.amazon.it/dp/B0F1MH6497,true
Samsung,50U7000F,IT,Amazon,https://www.amazon.it/dp/B0F4T26PSR,true
Hisense,55E61QT,IT,Amazon,https://www.amazon.it/dp/B0F1MG86XB,true
Samsung,85F,IT,Amazon,https://www.amazon.it/dp/B0FNMYQ547,true
Samsung,55QN90F,IT,Amazon,https://www.amazon.it/dp/B0F4SHZDF2,true
LG,55C5,IT,Amazon,https://www.amazon.it/dp/B0FSS8VX7G,true
LG,65C5,IT,Amazon,https://www.amazon.it/dp/B0FNX5NCW1,true
TCL,98C8K,IT,Amazon,https://www.amazon.it/dp/B0F9WRNP3W,true
Samsung,55QN85F,IT,Amazon,https://www.amazon.it/dp/B0F7LM3M8S,true
Sony,55XR32M2,IT,Amazon,https://www.amazon.it/dp/B0GZPV9JS8,true
Sony,75XR32M2,IT,Amazon,https://www.amazon.it/dp/B0GZQ9F4Y3,true
Sony,85XR35M2,IT,Amazon,https://www.amazon.it/dp/B0GZQJC7W6,true
Sony,100XR35M2,IT,Amazon,https://www.amazon.it/dp/B0GZQB773S,true
Samsung,55S90F,DE,Amazon,https://www.amazon.de/dp/B0FC3M6PW1,true
Samsung,55U8005F,DE,Amazon,https://www.amazon.de/dp/B0FF1THHJ9,true
Samsung,55QN70F,DE,Amazon,https://www.amazon.de/dp/B0F9X28L93,true
Samsung,55QN70F,DE,Amazon,https://www.amazon.de/dp/B0DFVFXKWQ,true
Samsung,43QN70H,DE,Amazon,https://www.amazon.de/dp/B0H838M9K6,true
Hisense,85E8S,DE,Amazon,https://www.amazon.de/dp/B0GYZ753CY,true
TCL,55P8K,DE,Amazon,https://www.amazon.de/dp/B0DQ4QFCF2,true
Hisense,55UR8S,DE,Amazon,https://www.amazon.de/dp/B0H2YK2DQS,true
Hisense,40A4Q,DE,Amazon,https://www.amazon.de/dp/B0F1MJ7VB2,true
Hisense,40A59S,DE,Amazon,https://www.amazon.de/dp/B0H1N6FDBV,true
Hisense,58E7DS,DE,Amazon,https://www.amazon.de/dp/B0H87DBSZ8,true
Hisense,43E7Q,DE,Amazon,https://www.amazon.de/dp/B0F7W1WN3P,true
Hisense,43A7Q,DE,Amazon,https://www.amazon.de/dp/B0GQRSXFN2,true
Samsung,50QN70H,DE,Amazon,https://www.amazon.de/dp/B0H11JV3RV,true
LG,75NANO80A6B,DE,Amazon,https://www.amazon.de/dp/B0F2GYMG62,true
TCL,55PF650A,DE,Amazon,https://www.amazon.de/dp/B0FNRC5YWQ,true
Hisense,55U7DSE,DE,Amazon,https://www.amazon.de/dp/B0GTVWV71M,true
Hisense,75E7DS,DE,Amazon,https://www.amazon.de/dp/B0GTVWZHH8,true
LG,65UA7500,DE,Amazon,https://www.amazon.de/dp/B0F2GL2LXJ,true
LG,75UA7500,DE,Amazon,https://www.amazon.de/dp/B0F2GHCHXJ,true
LG,86UA7500,DE,Amazon,https://www.amazon.de/dp/B0F2GFJNVW,true
Samsung,55QN70F,GB,Amazon,https://www.amazon.co.uk/dp/B0FM8TDCTT,true
Samsung,32H5020F,GB,Amazon,https://www.amazon.co.uk/dp/B0GX74Q5MJ,true
Samsung,65S90F,GB,Amazon,https://www.amazon.co.uk/dp/B0F6VFTX9Q,true
Samsung,85U7000H,GB,Amazon,https://www.amazon.co.uk/dp/B0GWJ1FDDH,true
Samsung,50M70H,GB,Amazon,https://www.amazon.co.uk/dp/B0GYZH5DGQ,true
Samsung,100M90H,GB,Amazon,https://www.amazon.co.uk/dp/B0GYZK89X3,true
Samsung,27F6000,GB,Amazon,https://www.amazon.co.uk/dp/B0F227T2DK,true
Samsung,65S85H,GB,Amazon,https://www.amazon.co.uk/dp/B0GYZ8BTF9,true
Samsung,50U8005F,GB,Amazon,https://www.amazon.co.uk/dp/B0F2FNJ3H6,true
LG,50QNED80A,GB,Amazon,https://www.amazon.co.uk/dp/B0GH7LJR76,true
LG,77M5,GB,Amazon,https://www.amazon.co.uk/dp/B0FWJJHBDS,true
LG,65QNED90A,GB,Amazon,https://www.amazon.co.uk/dp/B0F2GFMTXC,true
LG,55QNED85B,GB,Amazon,https://www.amazon.co.uk/dp/B0GVDGQ3RJ,true
LG,43UA7500,GB,Amazon,https://www.amazon.co.uk/dp/B0F48X36DL,true
Hisense,75U8Q,GB,Amazon,https://www.amazon.co.uk/dp/B0F7WSVV99,true
TCL,65P6K,GB,Amazon,https://www.amazon.co.uk/dp/B0FMRX2CQV,true
TCL,55A300W,GB,Amazon,https://www.amazon.co.uk/dp/B0DPLP7KHP,true
TCL,98C6K,GB,Amazon,https://www.amazon.co.uk/dp/B0FPQLYVWB,true
Hisense,32E4S,GB,Amazon,https://www.amazon.co.uk/dp/B0GV4YDXMJ,true
Hisense,65E7Q,GB,Amazon,https://www.amazon.co.uk/dp/B0FTG6KB5Q,true
Hisense,75U8Q,GB,Amazon,https://www.amazon.co.uk/dp/B0FFG186YH,true
TCL,43P6K,GB,Amazon,https://www.amazon.co.uk/dp/B0DPLZF1NK,true
LG,55NU850B,GB,Amazon,https://www.amazon.co.uk/dp/B0GVDJXHYL,true
TCL,65C8K,GB,Amazon,https://www.amazon.co.uk/dp/B0FQSZV3ZS,true
Samsung,43U8005F,GB,Amazon,https://www.amazon.co.uk/dp/B0G4RSHMHF,true
Samsung,27F6000,DE,Amazon,https://www.amazon.de/dp/B0FTFSJDYQ,true
Samsung,65S99H,DE,Amazon,https://www.amazon.de/dp/B0GXZSJ2RG,true
Samsung,43U8005F,DE,Amazon,https://www.amazon.de/dp/B0FFH19LJV,true
LG,65LX7B,DE,Amazon,https://www.amazon.de/dp/B0H2DY5K8J,true
TCL,55P8K,DE,Amazon,https://www.amazon.de/dp/B0DV9JP49P,true
TCL,65P8K,DE,Amazon,https://www.amazon.de/dp/B0F8J37SQ5,true
Samsung,50LS03F,DE,Amazon,https://www.amazon.de/dp/B0F62VMDZ7,true
TCL,65RM7L,DE,Amazon,https://www.amazon.de/dp/B0H1135WTX,true
Samsung,83S95F,DE,Amazon,https://www.amazon.de/dp/B0F223PTBN,true
Samsung,75QN90F,DE,Amazon,https://www.amazon.de/dp/B0F224QHQD,true
LG,65QNED70A,DE,Amazon,https://www.amazon.de/dp/B0FV1M71R7,true
Samsung,75QN900F,ES,Amazon,https://www.amazon.es/dp/B0F62ZTQQK,true
TCL,55P6K,ES,Amazon,https://www.amazon.es/dp/B0DV94JCVX,true
TCL,85MSQLED80L,ES,Amazon,https://www.amazon.es/dp/B0GXKSVDW9,true
TCL,98MSQLED80L,ES,Amazon,https://www.amazon.es/dp/B0GXKP3KLR,true
TCL,85RM7L,ES,Amazon,https://www.amazon.es/dp/B0H113DL5W,true
LG,65QNED90A,ES,Amazon,https://www.amazon.es/dp/B0F2GFMTXC,true
Samsung,85LS03HW,ES,Amazon,https://www.amazon.es/dp/B0GHS2Y64D,true
Hisense,75U7Q,ES,Amazon,https://www.amazon.es/dp/B0F32MFDX7,false
Samsung,65Q7F,ES,Amazon,https://www.amazon.es/dp/B0F2FK5RC9,true
Samsung,75QN70F,GB,Amazon,https://www.amazon.co.uk/dp/B0F6VKGXV8,true
LG,43UA7500,GB,Amazon,https://www.amazon.co.uk/dp/B0F2GHSMX5,true
LG,43QNED80A,GB,Amazon,https://www.amazon.co.uk/dp/B0GQTN1GVN,true
LG,75QNED80A,GB,Amazon,https://www.amazon.co.uk/dp/B0GQTTBQ5X,true
LG,55QNED70A,GB,Amazon,https://www.amazon.co.uk/dp/B0GQTR5BFM,true
TCL,50T6C,GB,Amazon,https://www.amazon.co.uk/dp/B0F8QDY84D,true
TCL,65A300W,GB,Amazon,https://www.amazon.co.uk/dp/B0FTHSXHTS,true
Hisense,85U7Q,GB,Amazon,https://www.amazon.co.uk/dp/B0FLXY3CRZ,true
Samsung,55U8005F,GB,Amazon,https://www.amazon.co.uk/dp/B0G4RX3J9R,true
Samsung,55U7000H,IT,Amazon,https://www.amazon.it/dp/B0H83CQ8NS,true
Samsung,43LS03F,IT,Amazon,https://www.amazon.it/dp/B0FM8KGRQW,true
Samsung,55Q6F,IT,Amazon,https://www.amazon.it/dp/B0FTMFKQ53,true
Samsung,43U8005F,IT,Amazon,https://www.amazon.it/dp/B0F7LG4F8P,true
Samsung,43QN90F,IT,Amazon,https://www.amazon.it/dp/B0DFVGGKJN,true
LG,48G5,IT,Amazon,https://www.amazon.it/dp/B0F44GJHP8,true
LG,50UA7400,IT,Amazon,https://www.amazon.it/dp/B0G1ZB1LY3,true
LG,50QNED80A,IT,Amazon,https://www.amazon.it/dp/B0F228H2M1,true
LG,43QNED70B,IT,Amazon,https://www.amazon.it/dp/B0H3717ZS4,true
TCL,98Q7C,IT,Amazon,https://www.amazon.it/dp/B0F38F4TM3,true
Samsung,75M70H,IT,Amazon,https://www.amazon.it/dp/B0GX1JW8JR,true
TCL,50V6D,IT,Amazon,https://www.amazon.it/dp/B0GQHFQC2X,true
TCL,85RM9L,IT,Amazon,https://www.amazon.it/dp/B0GXZ91H3X,true
LG,50NANO80A6B,IT,Amazon,https://www.amazon.it/dp/B0F5HWBY6F,true
Samsung,85QN90F,IT,Amazon,https://www.amazon.it/dp/B0F7LM8G1F,true
LG,77G6,IT,Amazon,https://www.amazon.it/dp/B0GWN4SNXP,true
Samsung,75LS03HW,DE,Amazon,https://www.amazon.de/dp/B0H62J8N4S,true
LG,42C5,DE,Amazon,https://www.amazon.de/dp/B0FQP7K879,true
Hisense,75U8Q,DE,Amazon,https://www.amazon.de/dp/B0F1W3TRZT,true
Hisense,50A5S,DE,Amazon,https://www.amazon.de/dp/B0H5W4X233,true
LG,43UA7300,DE,Amazon,https://www.amazon.de/dp/B0F2GH8L49,true
Samsung,85Q7F,DE,Amazon,https://www.amazon.de/dp/B0F22827ND,true
Samsung,75QN70F,DE,Amazon,https://www.amazon.de/dp/B0FPCMYXHF,true
Sony,55BRAVIA7II,DE,Amazon,https://www.amazon.de/dp/B0H2JXW744,true
Samsung,77S85H,DE,Amazon,https://www.amazon.de/dp/B0GXZRSJBJ,true
Samsung,55S99H,DE,Amazon,https://www.amazon.de/dp/B0GXZRTBKF,true
Hisense,85UR8S,DE,Amazon,https://www.amazon.de/dp/B0H2YG5JJF,true
TCL,32S5K,DE,Amazon,https://www.amazon.de/dp/B0FDGQVZRM,true
Samsung,50U7090F,DE,Amazon,https://www.amazon.de/dp/B0F5BVDV72,true
Samsung,65U7090F,DE,Amazon,https://www.amazon.de/dp/B0F5BSYQGZ,true
Samsung,75U7090F,DE,Amazon,https://www.amazon.de/dp/B0F5BV377N,true
Samsung,85U7090F,DE,Amazon,https://www.amazon.de/dp/B0F5BYBKTC,true
Samsung,55U7090F,DE,Amazon,https://www.amazon.de/dp/B0F5BWBH76,true
TCL,50P6K,ES,Amazon,https://www.amazon.es/dp/B0FC5Z1RH4,true
Samsung,43U8005F,DE,Amazon,https://www.amazon.de/dp/B0F9Q1YQSQ,true
Samsung,85LS03FW,DE,Amazon,https://www.amazon.de/dp/B0F228FDMN,true
Samsung,85Q8F,DE,Amazon,https://www.amazon.de/dp/B0FHWYQQCX,true
Samsung,98Q7FA,DE,Amazon,https://www.amazon.de/dp/B0H2DGYXRJ,true
Samsung,50Q7F,DE,Amazon,https://www.amazon.de/dp/B0G1W784VV,true
Samsung,75QN70H,DE,Amazon,https://www.amazon.de/dp/B0H5QJZR1S,true
LG,55B6,DE,Amazon,https://www.amazon.de/dp/B0GSGX6FF1,true
LG,42C5,DE,Amazon,https://www.amazon.de/dp/B0FLVB9P5X,true
LG,48C5,DE,Amazon,https://www.amazon.de/dp/B0FXGCDLM2,true
Hisense,50A6Q,DE,Amazon,https://www.amazon.de/dp/B0F4D9YNHR,true
Samsung,65Q8F,DE,Amazon,https://www.amazon.de/dp/B0FMS1KLC8,true
TCL,75Q6C,DE,Amazon,https://www.amazon.de/dp/B0DXQ48PD9,true
LG,50UA7400,ES,Amazon,https://www.amazon.es/dp/B0G1ZB1LY3,true
Samsung,43U7000F,ES,Amazon,https://www.amazon.es/dp/B0F2B3G2W4,true
Samsung,75LS03FW,GB,Amazon,https://www.amazon.co.uk/dp/B0F228V6ML,true
LG,50UA7400,GB,Amazon,https://www.amazon.co.uk/dp/B0H9T6RNG5,true
LG,55LX7B,GB,Amazon,https://www.amazon.co.uk/dp/B0H3W4CFHG,true
LG,55B6,GB,Amazon,https://www.amazon.co.uk/dp/B0GWFLCDHM,true
TCL,75C7K,GB,Amazon,https://www.amazon.co.uk/dp/B0F5BP3VXC,true
LG,65QNED85B,GB,Amazon,https://www.amazon.co.uk/dp/B0GVDC44CH,true
LG,75QNED85B,GB,Amazon,https://www.amazon.co.uk/dp/B0GVDTF3PV,true
Samsung,43U8005F,IT,Amazon,https://www.amazon.it/dp/B0F226HRC7,true
TCL,85T6C,IT,Amazon,https://www.amazon.it/dp/B0F24HZMZ9,true
TCL,75Q6C,IT,Amazon,https://www.amazon.it/dp/B0DXQ48PD9,true
TCL,75Q6C,IT,Amazon,https://www.amazon.it/dp/B0FQP27YZZ,true
Hisense,32E53QT,IT,Amazon,https://www.amazon.it/dp/B0F1VV9V34,true
Samsung,75QN70H,IT,Amazon,https://www.amazon.it/dp/B0H26W59PS,true
LG,65QNED80A,IT,Amazon,https://www.amazon.it/dp/B0F55CS2J9,true
LG,55NU8E0B,IT,Amazon,https://www.amazon.it/dp/B0GWN7YD2W,true
LG,55MRGB87B9B,IT,Amazon,https://www.amazon.it/dp/B0GWMW2FLR,true
LG,50MRGB87B,IT,Amazon,https://www.amazon.it/dp/B0GWN6L3JG,true
TCL,40SF560,IT,Amazon,https://www.amazon.it/dp/B0F9PRSHP8,true
TCL,43V6D,IT,Amazon,https://www.amazon.it/dp/B0GQHTCGBB,true
Hisense,85E7Q,IT,Amazon,https://www.amazon.it/dp/B0F1VWYVYR,true
Hisense,98E7Q,IT,Amazon,https://www.amazon.it/dp/B0FQ68967J,true
TCL,75T6C,IT,Amazon,https://www.amazon.it/dp/B0F8QB4KM3,true
TCL,85C8K,IT,Amazon,https://www.amazon.it/dp/B0F9WW49C3,true
LG,83G6,IT,Amazon,https://www.amazon.it/dp/B0GWMXF3JM,true
TCL,55C7K,IT,Amazon,https://www.amazon.it/dp/B0F5BP4KFM,true
TCL,65C7K,IT,Amazon,https://www.amazon.it/dp/B0F5BRZSTR,true
TCL,85C7K,IT,Amazon,https://www.amazon.it/dp/B0F5BSK9JW,true
LG,86UA7500,IT,Amazon,https://www.amazon.it/dp/B0F55P3N3M,true
Samsung,40F6000,GB,Amazon,https://www.amazon.co.uk/dp/B0DXN1CFFR,true
Samsung,55Q7F,GB,Amazon,https://www.amazon.co.uk/dp/B0F2B67N6F,true
LG,77C5,GB,Amazon,https://www.amazon.co.uk/dp/B0GPKCLNJZ,true
TCL,85P7K,GB,Amazon,https://www.amazon.co.uk/dp/B0FPQM3QJC,true
Hisense,43E6S,GB,Amazon,https://www.amazon.co.uk/dp/B0GV56B1FX,true
TCL,50C7K,GB,Amazon,https://www.amazon.co.uk/dp/B0F38D74ZD,true
LG,83C6,GB,Amazon,https://www.amazon.co.uk/dp/B0GVDCP8JF,true
Samsung,55S95F,DE,Amazon,https://www.amazon.de/dp/B0F62WTFTB,true
Samsung,43U7020F,DE,Amazon,https://www.amazon.de/dp/B0F2FNR82K,true
Samsung,75LS03FW,DE,Amazon,https://www.amazon.de/dp/B0F228V6ML,true
LG,43NANO81A6A,DE,Amazon,https://www.amazon.de/dp/B0F4PR7DYQ,true
LG,65G6,DE,Amazon,https://www.amazon.de/dp/B0GYPYSKGW,true
Samsung,55S95F,DE,Amazon,https://www.amazon.de/dp/B0FC3XSWYS,true
Samsung,55QN80F,DE,Amazon,https://www.amazon.de/dp/B0DFVNKP7B,true
TCL,85Q6C,IT,Amazon,https://www.amazon.it/dp/B0DXQ5VTVK,true
TCL,85RM7L,IT,Amazon,https://www.amazon.it/dp/B0H113DL5W,true
Samsung,43Q8FA,IT,Amazon,https://www.amazon.it/dp/B0F7LHMXPY,true
Samsung,50Q8F,IT,Amazon,https://www.amazon.it/dp/B0F7LLDNVC,true
Samsung,65QN70F,GB,Amazon,https://www.amazon.co.uk/dp/B0FHXPNHGR,true
LG,83C6,GB,Amazon,https://www.amazon.co.uk/dp/B0GYPZMN7H,true
TCL,65QM,GB,Amazon,https://www.amazon.co.uk/dp/B0F53CZ4WT,true
Hisense,40A4S,GB,Amazon,https://www.amazon.co.uk/dp/B0GV4YJB13,true
Hisense,50A7S,GB,Amazon,https://www.amazon.co.uk/dp/B0GV516W66,true
TCL,75P6K,GB,Amazon,https://www.amazon.co.uk/dp/B0DPM1M4VK,true
Hisense,32S5Q,GB,Amazon,https://www.amazon.co.uk/dp/B0HF8CGRZM,true
Hisense,58E7Q,GB,Amazon,https://www.amazon.co.uk/dp/B0F9YWJ5MT,true
Hisense,98E7Q,GB,Amazon,https://www.amazon.co.uk/dp/B0G14SWVRT,true
Samsung,75QN70F,GB,Amazon,https://www.amazon.co.uk/dp/B0DF8VVKXW,true
LG,75QNED85A,GB,Amazon,https://www.amazon.co.uk/dp/B0F2283PP6,true
LG,65QNED85A,GB,Amazon,https://www.amazon.co.uk/dp/B0F226FL1G,true
LG,86QNED80A,GB,Amazon,https://www.amazon.co.uk/dp/B0F2275Q5H,true
LG,86QNED80A,IT,Amazon,https://www.amazon.it/dp/B0F562B5VV,true
Samsung,77S90F,IT,Amazon,https://www.amazon.it/dp/B0GV44LJZK,true
LG,50QNED80A,IT,Amazon,https://www.amazon.it/dp/B0FFH2FTLN,true
LG,83C5,IT,Amazon,https://www.amazon.it/dp/B0F3D97TS8,true
LG,48C5,IT,Amazon,https://www.amazon.it/dp/B0F2JG88PX,true
Sony,65XR32M2,IT,Amazon,https://www.amazon.it/dp/B0GZPZZRWL,true
Samsung,65Q7FA,IT,Amazon,https://www.amazon.it/dp/B0FMRZZJ9Z,true
Samsung,75M70H,ES,Amazon,https://www.amazon.es/dp/B0GJ6DT68K,true
Samsung,85LS03F,ES,Amazon,https://www.amazon.es/dp/B0F228FDMN,true
Samsung,32F6000,DE,Amazon,https://www.amazon.de/dp/B0F22716RJ,true
Samsung,43LS03F,DE,Amazon,https://www.amazon.de/dp/B0F229Y3KG,true
Samsung,50Q8F,DE,Amazon,https://www.amazon.de/dp/B0F22BFWQQ,true
LG,27LB7000,DE,Amazon,https://www.amazon.de/dp/B0H7262TF4,true
LG,75QNED85A,DE,Amazon,https://www.amazon.de/dp/B0F39C3NWV,true
TCL,75RM7L,DE,Amazon,https://www.amazon.de/dp/B0GZZZVN8B,true
Hisense,55A6Q,DE,Amazon,https://www.amazon.de/dp/B0F4D9MLMQ,true
Samsung,77S95F,DE,Amazon,https://www.amazon.de/dp/B0FC3LZH23,true
TCL,43P7K,IT,Amazon,https://www.amazon.it/dp/B0F9XCJFY8,true
LG,85NU80,IT,Amazon,https://www.amazon.it/dp/B0GTRH6HHP,true
Samsung,50LS03F,ES,Amazon,https://www.amazon.es/dp/B0F225B9KJ,true
Samsung,75QN70H,ES,Amazon,https://www.amazon.es/dp/B0GHRQXCF3,true
LG,65QNED90A,ES,Amazon,https://www.amazon.es/dp/B0FVM4KH6H,true
LG,75NANO80A6B,ES,Amazon,https://www.amazon.es/dp/B0F2GYMG62,true
Samsung,65U8005F,ES,Amazon,https://www.amazon.es/dp/B0F2286VSS,true
Samsung,85LS03FW,GB,Amazon,https://www.amazon.co.uk/dp/B0F6VNLRM2,true
Samsung,55U8005F,GB,Amazon,https://www.amazon.co.uk/dp/B0GGBPD84Q,true
LG,55B5,GB,Amazon,https://www.amazon.co.uk/dp/B0F14R653N,true
LG,50QNED80A,GB,Amazon,https://www.amazon.co.uk/dp/B0G7XZHSYJ,true
LG,75QNED80A,GB,Amazon,https://www.amazon.co.uk/dp/B0GH7L77XL,true
LG,65QNED80A,GB,Amazon,https://www.amazon.co.uk/dp/B0FSF3V4DK,true
TCL,65C6KS,GB,Amazon,https://www.amazon.co.uk/dp/B0F25RCDF3,true
Samsung,77S90F,DE,Amazon,https://www.amazon.de/dp/B0FVY8PMKN,true
Samsung,65QN85F,DE,Amazon,https://www.amazon.de/dp/B0FZVYHXYT,true
LG,55UA7300,DE,Amazon,https://www.amazon.de/dp/B0F3XQZP95,true
Hisense,40A49S,DE,Amazon,https://www.amazon.de/dp/B0H1MRXTK1,true
Hisense,75E7DS,DE,Amazon,https://www.amazon.de/dp/B0HF48YFTN,true
LG,75NU8E0B,DE,Amazon,https://www.amazon.de/dp/B0GSGRGVCB,true
Hisense,58E61QT,IT,Amazon,https://www.amazon.it/dp/B0F1W3GJ1J,true
Samsung,55M70H,IT,Amazon,https://www.amazon.it/dp/B0GX1NYCDW,true
LG,55UA7300,IT,Amazon,https://www.amazon.it/dp/B0F3XQZP95,true
TCL,98Q6C,IT,Amazon,https://www.amazon.it/dp/B0DXQ3G6CL,true
Hisense,75E7S,IT,Amazon,https://www.amazon.it/dp/B0GM1S9LV7,true
Sony,75BRAVIA7II,IT,Amazon,https://www.amazon.it/dp/B0H2JZD8HX,true
Hisense,85U7SE,IT,Amazon,https://www.amazon.it/dp/B0GKPZ6MQ6,true
Samsung,85QN990F,IT,Amazon,https://www.amazon.it/dp/B0F7LM31VR,true
LG,43LR6000,ES,Amazon,https://www.amazon.es/dp/B0FNRFJ2Y5,true
LG,55UA7300,ES,Amazon,https://www.amazon.es/dp/B0F3XQZP95,true
LG,100MRGB96B6,ES,Amazon,https://www.amazon.es/dp/B0GTZVNKPH,true
LG,86MRGB96B9B,ES,Amazon,https://www.amazon.es/dp/B0GTZGKH3Z,true
Samsung,75U8005F,ES,Amazon,https://www.amazon.es/dp/B0F225CDYG,true
Samsung,98U9000H,GB,Amazon,https://www.amazon.co.uk/dp/B0GYZVJVNF,true
LG,55NANO81A6A,GB,Amazon,https://www.amazon.co.uk/dp/B0FFGZZTMH,true
LG,65NANO81A6A,GB,Amazon,https://www.amazon.co.uk/dp/B0F4PS3DLS,true
LG,50QNED70A,GB,Amazon,https://www.amazon.co.uk/dp/B0GQTQF6P7,true
TCL,55Q6C,GB,Amazon,https://www.amazon.co.uk/dp/B0DX185Q23,true
TCL,75P8K,GB,Amazon,https://www.amazon.co.uk/dp/B0F8J383MC,true
Hisense,32E4Q,GB,Amazon,https://www.amazon.co.uk/dp/B0GJFDGWDY,true
Hisense,50A6S,GB,Amazon,https://www.amazon.co.uk/dp/B0GV4Z1KBW,true
Samsung,65QN80F,DE,Amazon,https://www.amazon.de/dp/B0F2FM1YNY,true
Samsung,55LS03HW,DE,Amazon,https://www.amazon.de/dp/B0H5XS3QM6,true
Samsung,48S90F,DE,Amazon,https://www.amazon.de/dp/B0FLDWT7ZF,true
TCL,98Q7C,DE,Amazon,https://www.amazon.de/dp/B0FC5DXGS7,true
TCL,98Q7C,DE,Amazon,https://www.amazon.de/dp/B0FCMB49Z2,true
LG,55C5,DE,Amazon,https://www.amazon.de/dp/B0F749VTQ5,true
TCL,50T6C,DE,Amazon,https://www.amazon.de/dp/B0F8QDY84D,true
LG,43QNED70B,DE,Amazon,https://www.amazon.de/dp/B0H758J7BP,true
Samsung,55S85F,DE,Amazon,https://www.amazon.de/dp/B0DF8QMJCW,true
LG,65B6,DE,Amazon,https://www.amazon.de/dp/B0H2DYMQ4N,true
LG,50QNED80A,IT,Amazon,https://www.amazon.it/dp/B0F553BQZJ,true
Samsung,48S90F,IT,Amazon,https://www.amazon.it/dp/B0F4SJ2MFJ,true
TCL,75Q7C,IT,Amazon,https://www.amazon.it/dp/B0F38FDD88,true
Samsung,32F6000,ES,Amazon,https://www.amazon.es/dp/B0F22716RJ,true
Samsung,50Q7F,GB,Amazon,https://www.amazon.co.uk/dp/B0F6W2N6H1,true
LG,42C5,GB,Amazon,https://www.amazon.co.uk/dp/B0GQTP7FLY,true
TCL,55P6K,GB,Amazon,https://www.amazon.co.uk/dp/B0DV94JCVX,true
TCL,75Q7D,GB,Amazon,https://www.amazon.co.uk/dp/B0H1BRKPLG,true
Samsung,43Q7F,DE,Amazon,https://www.amazon.de/dp/B0F62WKFR9,true
LG,50MRGB86B6A,DE,Amazon,https://www.amazon.de/dp/B0H2KG2BYM,true
Hisense,55UR8S,DE,Amazon,https://www.amazon.de/dp/B0GX9JNFGJ,true
LG,48C6,DE,Amazon,https://www.amazon.de/dp/B0H3MBHP96,true
LG,50NANO81A6A,ES,Amazon,https://www.amazon.es/dp/B0FFH1X811,true
Samsung,48S90F,GB,Amazon,https://www.amazon.co.uk/dp/B0F6TQK1NP,true
Samsung,55Q7F,GB,Amazon,https://www.amazon.co.uk/dp/B0F6VZLB4G,true
LG,43QNED80A,GB,Amazon,https://www.amazon.co.uk/dp/B0GH7D453P,true
LG,50QNED70A,GB,Amazon,https://www.amazon.co.uk/dp/B0G7Y32N4Y,true
Sony,98BRAVIA7II,GB,Amazon,https://www.amazon.co.uk/dp/B0H2K884FF,true
Samsung,75Q7F,GB,Amazon,https://www.amazon.co.uk/dp/B0F6NNW39K,true
Samsung,85Q6F,GB,Amazon,https://www.amazon.co.uk/dp/B0FBXD8TTL,true
Samsung,55U8005F,GB,Amazon,https://www.amazon.co.uk/dp/B0G7Y9YZQM,true
Samsung,55LS03F,DE,Amazon,https://www.amazon.de/dp/B0F8NN24MF,true
Samsung,65LS03FW,DE,Amazon,https://www.amazon.de/dp/B0F2256CND,true
TCL,75P8K,DE,Amazon,https://www.amazon.de/dp/B0DQ4Q3Y2W,true
Hisense,65E7S,DE,Amazon,https://www.amazon.de/dp/B0H87BX89C,true
Hisense,65E8S,DE,Amazon,https://www.amazon.de/dp/B0GYZM4DJM,true
Sony,43BRAVIA3,DE,Amazon,https://www.amazon.de/dp/B0FDBM7B57,true
Samsung,50Q8F,DE,Amazon,https://www.amazon.de/dp/B0FMF6NL7V,true
Samsung,85U8005F,IT,Amazon,https://www.amazon.it/dp/B0G1ZB8NWW,true
LG,55G6,IT,Amazon,https://www.amazon.it/dp/B0GWN113GF,true
LG,55QNED70B,IT,Amazon,https://www.amazon.it/dp/B0H1N8Y6RV,true
Samsung,55QN85F,IT,Amazon,https://www.amazon.it/dp/B0FND79K77,true
Samsung,55U7000H,GB,Amazon,https://www.amazon.co.uk/dp/B0H83492D9,true
Samsung,55S84F,GB,Amazon,https://www.amazon.co.uk/dp/B0H1X6W8PH,true
LG,43UA7500,GB,Amazon,https://www.amazon.co.uk/dp/B0GVFDW5N3,true
TCL,32S5K,GB,Amazon,https://www.amazon.co.uk/dp/B0FDGQVZRM,true
Samsung,65LS03F,DE,Amazon,https://www.amazon.de/dp/B0FHY4CWSC,true
Samsung,42S90F,DE,Amazon,https://www.amazon.de/dp/B0FTFW7TV3,true
Samsung,65S95F,DE,Amazon,https://www.amazon.de/dp/B0FP2BG582,true
LG,65QNED85A,DE,Amazon,https://www.amazon.de/dp/B0F226FL1G,true
TCL,85RM7L,DE,Amazon,https://www.amazon.de/dp/B0H113DL5W,true
LG,55UA7300,DE,Amazon,https://www.amazon.de/dp/B0F2GM6FYZ,true
Hisense,50U7DSE,DE,Amazon,https://www.amazon.de/dp/B0GTVYS98Y,true
LG,65UA7500,IT,Amazon,https://www.amazon.it/dp/B0FQP7ZSS4,true
Hisense,43Q7S,IT,Amazon,https://www.amazon.it/dp/B0H835JPZM,true
Samsung,65Q8FA,IT,Amazon,https://www.amazon.it/dp/B0F7LKBGCY,true
TCL,98C7K,IT,Amazon,https://www.amazon.it/dp/B0F5BL77MF,true
TCL,75Q7C,ES,Amazon,https://www.amazon.es/dp/B0FC5YNBLJ,true
Samsung,55S90H,ES,Amazon,https://www.amazon.es/dp/B0GKPSWPHT,true
LG,65C5,ES,Amazon,https://www.amazon.es/dp/B0F2JCZPB4,true
TCL,85RM9L,DE,Amazon,https://www.amazon.de/dp/B0GXZ91H3X,true
Hisense,65S7S,DE,Amazon,https://www.amazon.de/dp/B0GNF3KJGW,true
Hisense,55S7S,DE,Amazon,https://www.amazon.de/dp/B0H3112112,true
Hisense,65U7DSE,DE,Amazon,https://www.amazon.de/dp/B0GTVYXL3H,true
Hisense,50E7DS,DE,Amazon,https://www.amazon.de/dp/B0GTVTFDNQ,true
Samsung,77S90F,DE,Amazon,https://www.amazon.de/dp/B0FP2JNRHS,true
Samsung,40J5200,IT,Amazon,https://www.amazon.it/dp/B0BNBXLHPW,true
Samsung,40J5200,IT,Amazon,https://www.amazon.it/dp/B0BNC1CZ4D,true
Samsung,40J5200,IT,Amazon,https://www.amazon.it/dp/B0BN8SD891,true
Sony,49XD7005,IT,Amazon,https://www.amazon.it/dp/B0BRJP8C3N,true
Hisense,40E4ST,IT,Amazon,https://www.amazon.it/dp/B0GM1RTK9H,true
LG,55UA7500,IT,Amazon,https://www.amazon.it/dp/B0F2GHFZCJ,true
LG,65UA7500,IT,Amazon,https://www.amazon.it/dp/B0F6VLL83Z,true
TCL,65MSQLED80L,IT,Amazon,https://www.amazon.it/dp/B0GXKSZKLT,true
Samsung,32F6000,GB,Amazon,https://www.amazon.co.uk/dp/B0F6VKMCNC,true
Samsung,65LS03FW,GB,Amazon,https://www.amazon.co.uk/dp/B0F6VSTC4M,true
Samsung,77S95F,GB,Amazon,https://www.amazon.co.uk/dp/B0F223KT4B,true
LG,83C6,GB,Amazon,https://www.amazon.co.uk/dp/B0GVDL3HJC,true
TCL,75QM6K,GB,Amazon,https://www.amazon.co.uk/dp/B0DSRHTGYG,true
Sony,55A80L,GB,Amazon,https://www.amazon.co.uk/dp/B0C69W8WCS,true
LG,65G5,GB,Amazon,https://www.amazon.co.uk/dp/B0F3D871FD,true
Samsung,65QN80F,IT,Amazon,https://www.amazon.it/dp/B0F4T24HRM,true
LG,43UJ651V,IT,Amazon,https://www.amazon.it/dp/B0B8D3L1V3,true
Hisense,50Q8S,IT,Amazon,https://www.amazon.it/dp/B0H36V2CN4,true
TCL,85A400,IT,Amazon,https://www.amazon.it/dp/B0GYPNX2S7,true
Samsung,43U8090H,GB,Amazon,https://www.amazon.co.uk/dp/B0GYZRNZBY,true
LG,50UA7300,GB,Amazon,https://www.amazon.co.uk/dp/B0F3XS2DM8,true
LG,55QNED70A,GB,Amazon,https://www.amazon.co.uk/dp/B0FV25V1Q7,true
LG,55G5,GB,Amazon,https://www.amazon.co.uk/dp/B0G1SKZ4V6,true
LG,50NU850B,GB,Amazon,https://www.amazon.co.uk/dp/B0GVDGHSBV,true
LG,75NU850B,GB,Amazon,https://www.amazon.co.uk/dp/B0GVDCJHYW,true
Samsung,50U8005F,DE,Amazon,https://www.amazon.de/dp/B0F9Q122K4,true
LG,50QNED80A,DE,Amazon,https://www.amazon.de/dp/B0FB3ZYLJ4,true
TCL,75V6D,DE,Amazon,https://www.amazon.de/dp/B0GQHHZD3H,true
Samsung,55LS03FA,DE,Amazon,https://www.amazon.de/dp/B0FFBKJNRK,true
Hisense,75U7DS,DE,Amazon,https://www.amazon.de/dp/B0GTVX4LXB,true
Samsung,40J5200,ES,Amazon,https://www.amazon.es/dp/B0BN8RRJX8,true
LG,43QNED85B,ES,Amazon,https://www.amazon.es/dp/B0HDCR3DDM,true
LG,65G5,ES,Amazon,https://www.amazon.es/dp/B0F3D871FD,true
Samsung,42S90H,GB,Amazon,https://www.amazon.co.uk/dp/B0GYZK5R2Z,true
Samsung,85LS03FW,GB,Amazon,https://www.amazon.co.uk/dp/B0F228FDMN,true
LG,43QNED80A,GB,Amazon,https://www.amazon.co.uk/dp/B0GQTV17VP,true
TCL,65MSQLED80L,GB,Amazon,https://www.amazon.co.uk/dp/B0GXKSZKLT,true
Hisense,75E7Q,GB,Amazon,https://www.amazon.co.uk/dp/B0FLP859JP,true
Hisense,75E7Q,GB,Amazon,https://www.amazon.co.uk/dp/B0FFGPJG1Y,true
TCL,65P6K,GB,Amazon,https://www.amazon.co.uk/dp/B0DPM1RG68,true
Samsung,85QN80F,GB,Amazon,https://www.amazon.co.uk/dp/B0DF8CPGZF,true
TCL,32S4K,DE,Amazon,https://www.amazon.de/dp/B0FLPRW1P9,true
Samsung,83S85F,DE,Amazon,https://www.amazon.de/dp/B0FZW22SDH,true
Hisense,32A5S,DE,Amazon,https://www.amazon.de/dp/B0GJ5S3VKY,true
Samsung,85Q8FA,IT,Amazon,https://www.amazon.it/dp/B0F7LKKW3T,true
LG,43QNED80A,IT,Amazon,https://www.amazon.it/dp/B0GTMTGVZ7,true
LG,55QNED70A,IT,Amazon,https://www.amazon.it/dp/B0FQP852W5,true
TCL,55A400,IT,Amazon,https://www.amazon.it/dp/B0GYPLJRKC,true
Samsung,50QN80F,IT,Amazon,https://www.amazon.it/dp/B0F4STPQMF,true
LG,75QNED80A,IT,Amazon,https://www.amazon.it/dp/B0FWJJY3FJ,true
Samsung,40J5200,ES,Amazon,https://www.amazon.es/dp/B0BNBXLHPW,true
Samsung,50Q7F,GB,Amazon,https://www.amazon.co.uk/dp/B0G3XZ44SS,true
LG,65QNED70A,GB,Amazon,https://www.amazon.co.uk/dp/B0G7XZKGRR,true
LG,75QNED80A,GB,Amazon,https://www.amazon.co.uk/dp/B0FSDZG8BW,true
TCL,75Q7C,GB,Amazon,https://www.amazon.co.uk/dp/B0FKCT9315,true
Hisense,75E7S,GB,Amazon,https://www.amazon.co.uk/dp/B0GV4Z923Q,true
Hisense,75A7Q,GB,Amazon,https://www.amazon.co.uk/dp/B0F7W77NF5,true
Samsung,48S85H,DE,Amazon,https://www.amazon.de/dp/B0H5D5L1LH,true
Samsung,65QN990F,DE,Amazon,https://www.amazon.de/dp/B0FZW2P4GR,true
Samsung,85F,DE,Amazon,https://www.amazon.de/dp/B0FZVYYJX1,true
TCL,75Q7C,DE,Amazon,https://www.amazon.de/dp/B0F38FDD88,true
Hisense,100U8Q,DE,Amazon,https://www.amazon.de/dp/B0FFSRNCBF,true
Hisense,65UR8S,DE,Amazon,https://www.amazon.de/dp/B0GX9S46M2,true
Hisense,75E7S,DE,Amazon,https://www.amazon.de/dp/B0H87JPCZB,true
LG,48B6,DE,Amazon,https://www.amazon.de/dp/B0GSGWZZH9,true
Samsung,85QN990F,DE,Amazon,https://www.amazon.de/dp/B0FZVY1QGQ,true
Samsung,98QN990F,DE,Amazon,https://www.amazon.de/dp/B0FZW2F4Y2,true
Samsung,77S85F,DE,Amazon,https://www.amazon.de/dp/B0FZVXQ3BL,true
LG,48G6,DE,Amazon,https://www.amazon.de/dp/B0GYQ4TK5F,true
Samsung,50LS03F,IT,Amazon,https://www.amazon.it/dp/B0F7LKY8QF,true
LG,43UA751C,IT,Amazon,https://www.amazon.it/dp/B0G1Z9YMJ8,true
LG,50QNED80A,IT,Amazon,https://www.amazon.it/dp/B0FWJK16HD,true
LG,77B56L,IT,Amazon,https://www.amazon.it/dp/B0FFGZXYHL,true
Hisense,58E7Q,IT,Amazon,https://www.amazon.it/dp/B0F1WJ32J8,true
Samsung,55QN80F,GB,Amazon,https://www.amazon.co.uk/dp/B0F2FJY819,true
TCL,50P6K,GB,Amazon,https://www.amazon.co.uk/dp/B0FQPRTYFZ,true
Hisense,55U8Q,GB,Amazon,https://www.amazon.co.uk/dp/B0F1WHZW4G,true
TCL,55Q7C,GB,Amazon,https://www.amazon.co.uk/dp/B0FJ8SPZX6,true
TCL,98Q7C,GB,Amazon,https://www.amazon.co.uk/dp/B0FJMTMZC3,true
LG,77B5,GB,Amazon,https://www.amazon.co.uk/dp/B0F1492VX9,true
LG,83B5,GB,Amazon,https://www.amazon.co.uk/dp/B0F3D19YMB,true
Sony,55XR8A,IT,Amazon,https://www.amazon.it/dp/B0H3WJG8M1,true
LG,77G5,IT,Amazon,https://www.amazon.it/dp/B0F44DJ81V,true
Samsung,75QN70F,ES,Amazon,https://www.amazon.es/dp/B0F2FM36GS,true
Samsung,43Q7FA,ES,Amazon,https://www.amazon.es/dp/B0FFSRHM9L,false
Samsung,65LS03FW,ES,Amazon,https://www.amazon.es/dp/B0FHXBX2RM,false
Samsung,85QN990F,ES,Amazon,https://www.amazon.es/dp/B0F21ZWSMZ,true
LG,75QNED80A,ES,Amazon,https://www.amazon.es/dp/B0FL251RWF,true
TCL,32S5K,ES,Amazon,https://www.amazon.es/dp/B0F3XMZWRX,false
TCL,65C8K,ES,Amazon,https://www.amazon.es/dp/B0FQSZV3ZS,true
Hisense,58E7Q,ES,Amazon,https://www.amazon.es/dp/B0F9YWJ5MT,false
Hisense,75A7Q,ES,Amazon,https://www.amazon.es/dp/B0F2T44B26,true
Sony,65S32B,ES,Amazon,https://www.amazon.es/dp/B0FCKR511D,false
Samsung,24F6000,ES,Amazon,https://www.amazon.es/dp/B0GHY9T1WB,false
LG,83C5,ES,Amazon,https://www.amazon.es/dp/B0F3D97TS8,false
Samsung,55Q7F,ES,Amazon,https://www.amazon.es/dp/B0F2B67N6F,false
LG,65C5,ES,Amazon,https://www.amazon.es/dp/B0F3D629JX,false
Samsung,50QN90F,ES,Amazon,https://www.amazon.es/dp/B0F2241BR4,false
Samsung,77S90F,GB,Amazon,https://www.amazon.co.uk/dp/B0F2FK87YM,true
Hisense,65E7Q,GB,Amazon,https://www.amazon.co.uk/dp/B0FFLJK5SY,true
LG,65C5,DE,Amazon,https://www.amazon.de/dp/B0G672S9C7,true
TCL,75T6C,DE,Amazon,https://www.amazon.de/dp/B0F8QB4KM3,true
LG,65G6,IT,Amazon,https://www.amazon.it/dp/B0H36VQ8P1,true
LG,75UA7400,IT,Amazon,https://www.amazon.it/dp/B0GH2CCJCQ,true
Samsung,75M80H,IT,Amazon,https://www.amazon.it/dp/B0GX1Q1DX8,true
TCL,50P6K,IT,Amazon,https://www.amazon.it/dp/B0DV9JL61N,true
Hisense,85E7S,IT,Amazon,https://www.amazon.it/dp/B0GNTC9VM9,true
Hisense,55S7S,IT,Amazon,https://www.amazon.it/dp/B0H3112112,true
Samsung,75Q8FA,IT,Amazon,https://www.amazon.it/dp/B0F7LLL31Z,true
Samsung,65QN80F,ES,Amazon,https://www.amazon.es/dp/B0FMY8JRPW,false
Samsung,65QN70F,ES,Amazon,https://www.amazon.es/dp/B0FHXPNHGR,false
Samsung,43Q7F,ES,Amazon,https://www.amazon.es/dp/B0F62WKFR9,false
Samsung,85U8005F,ES,Amazon,https://www.amazon.es/dp/B0G1ZB8NWW,false
Samsung,55Q7F,ES,Amazon,https://www.amazon.es/dp/B0FM8SY9ZK,false
Samsung,43U7090F,ES,Amazon,https://www.amazon.es/dp/B0F5BR3WSK,false
Samsung,32F6000,ES,Amazon,https://www.amazon.es/dp/B0DFVXK726,false
Samsung,50U8005F,ES,Amazon,https://www.amazon.es/dp/B0F62WYBXV,false
Samsung,55Q6F,ES,Amazon,https://www.amazon.es/dp/B0H334TRXP,false
Samsung,43U80H,ES,Amazon,https://www.amazon.es/dp/B0H5KBWMKK,true
Samsung,65S90F,ES,Amazon,https://www.amazon.es/dp/B0F62PX47Z,false
Samsung,65U8005H,ES,Amazon,https://www.amazon.es/dp/B0H4MKGH99,false
Samsung,65S85F,ES,Amazon,https://www.amazon.es/dp/B0DF8SM66W,true
Samsung,43LS03F,ES,Amazon,https://www.amazon.es/dp/B0F62PWHH9,false
Samsung,75Q7F,ES,Amazon,https://www.amazon.es/dp/B0FHXBX2RN,false
Samsung,55U8090H,ES,Amazon,https://www.amazon.es/dp/B0H4M4P12P,false
Samsung,65QN70H,ES,Amazon,https://www.amazon.es/dp/B0H338YNN1,false
Samsung,48S95H,ES,Amazon,https://www.amazon.es/dp/B0H4LS36XM,false
Samsung,55QN80F,ES,Amazon,https://www.amazon.es/dp/B0FHXV34VF,false
Samsung,75QN70H,ES,Amazon,https://www.amazon.es/dp/B0H339ZNCK,false
Samsung,75M80H,ES,Amazon,https://www.amazon.es/dp/B0H338C5DT,false
Samsung,85Q8FA,ES,Amazon,https://www.amazon.es/dp/B0FM44Y2B2,false
Samsung,50LS03F,ES,Amazon,https://www.amazon.es/dp/B0F62VMDZ7,false
LG,55NANO81A6A,ES,Amazon,https://www.amazon.es/dp/B0FFGZZTMH,true
LG,43QNED70A,ES,Amazon,https://www.amazon.es/dp/B0FV1XBMNB,false
LG,50QNED80B,ES,Amazon,https://www.amazon.es/dp/B0H1JCCN4Q,false
LG,55C5,ES,Amazon,https://www.amazon.es/dp/B0F2JB8LDX,false
LG,43QNED8EA,ES,Amazon,https://www.amazon.es/dp/B0F4KMPM6B,false
LG,55QNED80B,ES,Amazon,https://www.amazon.es/dp/B0GSH9Z1JM,false
LG,43QNED80A,ES,Amazon,https://www.amazon.es/dp/B0GL68XJYT,false
LG,50NU900B,ES,Amazon,https://www.amazon.es/dp/B0H5RDGZD8,false
LG,65NU900B,ES,Amazon,https://www.amazon.es/dp/B0H5QWWNFF,true
LG,48B5,ES,Amazon,https://www.amazon.es/dp/B0FF52R2WK,false
LG,43NANO82T3B,ES,Amazon,https://www.amazon.es/dp/B0D96NB3XJ,true
LG,55QNED85A,ES,Amazon,https://www.amazon.es/dp/B0F22731RT,false
LG,100QNED85B,ES,Amazon,https://www.amazon.es/dp/B0H4ZLSKF4,false
LG,75UA7400,ES,Amazon,https://www.amazon.es/dp/B0FT861JC9,false
LG,65NANO90A6B,ES,Amazon,https://www.amazon.es/dp/B0F4KQZB7X,false
LG,65G6,ES,Amazon,https://www.amazon.es/dp/B0H2F7Y2YQ,false
LG,98NU900B,ES,Amazon,https://www.amazon.es/dp/B0H5KYV6LN,false
LG,55UA751C,ES,Amazon,https://www.amazon.es/dp/B0FZB4KGBY,false
LG,50QNED70A,ES,Amazon,https://www.amazon.es/dp/B0FV1WQH7L,false
LG,50MRGB86B6A,ES,Amazon,https://www.amazon.es/dp/B0H2KG2BYM,true
LG,55UA731C,ES,Amazon,https://www.amazon.es/dp/B0GYQ68NGC,false
LG,55QNED70B,ES,Amazon,https://www.amazon.es/dp/B0H1N8Y6RV,false
LG,75NU900B,ES,Amazon,https://www.amazon.es/dp/B0H5QXLJF7,false
LG,65UA751C,ES,Amazon,https://www.amazon.es/dp/B0GTQXZWSX,false
LG,55QNED85B,ES,Amazon,https://www.amazon.es/dp/B09XXW2GB6,false
LG,77B5,ES,Amazon,https://www.amazon.es/dp/B0F3D7YVZB,false
LG,65UK762H,ES,Amazon,https://www.amazon.es/dp/B0GTR9GBWK,false
LG,43QNED85A,ES,Amazon,https://www.amazon.es/dp/B0F227BJW3,false
LG,75UA751C,ES,Amazon,https://www.amazon.es/dp/B0H1NMNCMF,true
TCL,32S4K,ES,Amazon,https://www.amazon.es/dp/B0F54B34TH,false
TCL,55C7K,ES,Amazon,https://www.amazon.es/dp/B0F5BP4KFM,true
TCL,55P8K,ES,Amazon,https://www.amazon.es/dp/B0F74MGW2C,false
TCL,55P6K,ES,Amazon,https://www.amazon.es/dp/B0DPM31FH8,false
TCL,65P8K,ES,Amazon,https://www.amazon.es/dp/B0F8J37SQ5,false
TCL,55P7K,ES,Amazon,https://www.amazon.es/dp/B0F99Z7M9M,false
TCL,75C8K,ES,Amazon,https://www.amazon.es/dp/B0FQSN912S,true
TCL,65P8K,ES,Amazon,https://www.amazon.es/dp/B0DV9LYQJ1,false
TCL,55P8K,ES,Amazon,https://www.amazon.es/dp/B0DV9JP49P,false
TCL,65P7K,ES,Amazon,https://www.amazon.es/dp/B0FH78VT5V,true
TCL,43T6C,ES,Amazon,https://www.amazon.es/dp/B0DW9833SD,true
TCL,50C7K,ES,Amazon,https://www.amazon.es/dp/B0F5BSJ83Z,false
TCL,55C6KPRO,ES,Amazon,https://www.amazon.es/dp/B0H3KSHN8P,false
TCL,75P8K,ES,Amazon,https://www.amazon.es/dp/B0F8J383MC,true
TCL,65P6K,ES,Amazon,https://www.amazon.es/dp/B0FC63PV59,false
TCL,85C8K,ES,Amazon,https://www.amazon.es/dp/B0FS813JCW,true
TCL,65C6KPRO,ES,Amazon,https://www.amazon.es/dp/B0H3KML2J6,false
TCL,85P8K,ES,Amazon,https://www.amazon.es/dp/B0F7RVYVDT,true
TCL,55Q6C,ES,Amazon,https://www.amazon.es/dp/B0FC5KSBMH,true
TCL,115RM9L,ES,Amazon,https://www.amazon.es/dp/B0GXYTQBDT,false
TCL,43S5K,ES,Amazon,https://www.amazon.es/dp/B0FC63Y7R7,false
TCL,65P8K,ES,Amazon,https://www.amazon.es/dp/B0F8VS47CY,false
TCL,85P7K,ES,Amazon,https://www.amazon.es/dp/B0FPQM3QJC,true
TCL,43S5K,ES,Amazon,https://www.amazon.es/dp/B0FTF77ZS5,false
TCL,75P8K,ES,Amazon,https://www.amazon.es/dp/B0F99MMK5Q,false
TCL,85Q6C,ES,Amazon,https://www.amazon.es/dp/B0FC5VSP1X,true
TCL,98Q6C,ES,Amazon,https://www.amazon.es/dp/B0FC5X3DKS,true
TCL,85Q7C,ES,Amazon,https://www.amazon.es/dp/B0FC65ZZDP,true
TCL,75Q6C,ES,Amazon,https://www.amazon.es/dp/B0FC5V5FLS,true
TCL,75P7K,ES,Amazon,https://www.amazon.es/dp/B0F9FNDBN7,false
TCL,50P6K,ES,Amazon,https://www.amazon.es/dp/B0F7RSYNY9,false
Hisense,58E7DS,ES,Amazon,https://www.amazon.es/dp/B0GM1RDCJC,false
Hisense,55A69S,ES,Amazon,https://www.amazon.es/dp/B0H1N42692,true
Hisense,43E7Q,ES,Amazon,https://www.amazon.es/dp/B00VSWSBA0,false
Hisense,65E7Q,ES,Amazon,https://www.amazon.es/dp/B0FVVTHFW3,false
Hisense,65A85Q,ES,Amazon,https://www.amazon.es/dp/B0FKGR14TB,true
Hisense,58A6S,ES,Amazon,https://www.amazon.es/dp/B0GJFLN5QB,true
Hisense,100U7Q,ES,Amazon,https://www.amazon.es/dp/B0F1YST2D4,false
Hisense,85E7Q,ES,Amazon,https://www.amazon.es/dp/B0FTG2M23M,false
Hisense,55E7Q,ES,Amazon,https://www.amazon.es/dp/B0FTG3V4HJ,false
Sony,43BRAVIA3,ES,Amazon,https://www.amazon.es/dp/B0FCKB4NJN,false
Sony,55S32B,ES,Amazon,https://www.amazon.es/dp/B0FCK6VPF8,false
Hisense,75A6Q,ES,Amazon,https://www.amazon.es/dp/B0F4DBKHJC,false
Hisense,85U7Q,ES,Amazon,https://www.amazon.es/dp/B0F24CKN33,true
Samsung,55QN70F,ES,Amazon,https://www.amazon.es/dp/B0FM8TDCTT,false
Samsung,65QN900F,ES,Amazon,https://www.amazon.es/dp/B0FND5LVPL,false
Samsung,85QN90F,ES,Amazon,https://www.amazon.es/dp/B0F224SMXB,false
Samsung,98QN90F,ES,Amazon,https://www.amazon.es/dp/B0F2215L4G,false
Samsung,55U8090H,ES,Amazon,https://www.amazon.es/dp/B0GJ61HRH1,true
Samsung,65QN990F,ES,Amazon,https://www.amazon.es/dp/B0F21XRM9H,false
LG,55NU900B,ES,Amazon,https://www.amazon.es/dp/B0H5QZ77NJ,false
LG,85NU900B,ES,Amazon,https://www.amazon.es/dp/B0H5QQBCCY,false
Samsung,85QN70H,ES,Amazon,https://www.amazon.es/dp/B0H335F5CK,false
Samsung,55S95H,ES,Amazon,https://www.amazon.es/dp/B0H83DJHF2,false
LG,55C6,ES,Amazon,https://www.amazon.es/dp/B0GYPT56B8,true
Sony,85BRAVIA5,ES,Amazon,https://www.amazon.es/dp/B0F4KZW14B,true
LG,77B6,ES,Amazon,https://www.amazon.es/dp/B0GWF8F14Z,true
Hisense,50E61QT,ES,Amazon,https://www.amazon.es/dp/B0F1MH6497,true
Samsung,55Q7F,ES,Amazon,https://www.amazon.es/dp/B0F7M3T17Y,true
Samsung,55U7000F,ES,Amazon,https://www.amazon.es/dp/B0F2B3Z1ZT,true
TCL,85C7K,ES,Amazon,https://www.amazon.es/dp/B0F5BSK9JW,true
TCL,98C7K,ES,Amazon,https://www.amazon.es/dp/B0F5BL77MF,true
LG,43QNED80A,ES,Amazon,https://www.amazon.es/dp/B0F2GKHFK8,false
LG,50QNED80A,ES,Amazon,https://www.amazon.es/dp/B0F2GFR762,true
LG,55QNED80A,ES,Amazon,https://www.amazon.es/dp/B0F2GFKFN5,true
LG,65QNED80A,ES,Amazon,https://www.amazon.es/dp/B0F2GYLR37,false
LG,75QNED80A,ES,Amazon,https://www.amazon.es/dp/B0F2GDLTVJ,true
Samsung,55QN70F,GB,Amazon,https://www.amazon.co.uk/dp/B0DF8STPDH,true
TCL,40SF560,GB,Amazon,https://www.amazon.co.uk/dp/B0F9PPFJ57,true
LG,65QNED70A,GB,Amazon,https://www.amazon.co.uk/dp/B0GQTM55X2,true
Samsung,50M70H,GB,Amazon,https://www.amazon.co.uk/dp/B0H4LZ5VCD,true
Samsung,65Q6F,DE,Amazon,https://www.amazon.de/dp/B0GJTCTTG9,true
Samsung,55QN90F,DE,Amazon,https://www.amazon.de/dp/B0FC2GYH5P,true
LG,55QNED85A,DE,Amazon,https://www.amazon.de/dp/B0FJFYF12S,true
LG,43UA7500,DE,Amazon,https://www.amazon.de/dp/B0GTVR5RHH,true
LG,65NANO90A6B,DE,Amazon,https://www.amazon.de/dp/B0F4KQZB7X,true
Hisense,43A6Q,DE,Amazon,https://www.amazon.de/dp/B0F4DF55P6,true
TCL,85T6C,DE,Amazon,https://www.amazon.de/dp/B0F8QB3MLJ,true
Samsung,50QN70H,DE,Amazon,https://www.amazon.de/dp/B0GXZLVNY7,true
LG,75QNED80A,IT,Amazon,https://www.amazon.it/dp/B0FQP8QR56,true
LG,55G5,IT,Amazon,https://www.amazon.it/dp/B0FFH1LF1W,true
TCL,43T6C,IT,Amazon,https://www.amazon.it/dp/B0DW9833SD,true
Hisense,65E61QT,IT,Amazon,https://www.amazon.it/dp/B0F1MJP6K7,true
TCL,115C7K,IT,Amazon,https://www.amazon.it/dp/B0F5BQDNGB,true
Samsung,65U7090F,ES,Amazon,https://www.amazon.es/dp/B0F5BSYQGZ,true
Samsung,77S90F,ES,Amazon,https://www.amazon.es/dp/B0FTFWZF2L,true
Samsung,55S95F,ES,Amazon,https://www.amazon.es/dp/B0F223LCF4,true
Samsung,65S90F,ES,Amazon,https://www.amazon.es/dp/B0FTFSYLKX,false
Samsung,65LS03F,ES,Amazon,https://www.amazon.es/dp/B0FHY4CWSC,true
LG,42C5,ES,Amazon,https://www.amazon.es/dp/B0F2JCD8F3,true
LG,65QNED8E,ES,Amazon,https://www.amazon.es/dp/B0F4KPYPJM,true
LG,42C5,ES,Amazon,https://www.amazon.es/dp/B0FLVB9P5X,true
LG,77C5,ES,Amazon,https://www.amazon.es/dp/B0F44DFLXH,true
TCL,85P7K,ES,Amazon,https://www.amazon.es/dp/B0FR22LZV8,true
Samsung,75U8005F,ES,Amazon,https://www.amazon.es/dp/B0FL3DGYNW,true
Hisense,75E8Q,DE,Amazon,https://www.amazon.de/dp/B0F1WJ8X9P,true
Samsung,75QN900F,DE,Amazon,https://www.amazon.de/dp/B0FZVSBG3C,true
Samsung,85QN900F,DE,Amazon,https://www.amazon.de/dp/B0FZVVXG4X,true
Samsung,43U7000F,GB,Amazon,https://www.amazon.co.uk/dp/B0G4RVFTYN,true
LG,100QNED85A,GB,Amazon,https://www.amazon.co.uk/dp/B0F154TBQ4,true
TCL,75T6C,GB,Amazon,https://www.amazon.co.uk/dp/B0F8QB4KM3,true
TCL,50P6K,GB,Amazon,https://www.amazon.co.uk/dp/B0FRG4BF5Q,true
TCL,75C7K,GB,Amazon,https://www.amazon.co.uk/dp/B0F9TD785B,true
Hisense,32S5Q,GB,Amazon,https://www.amazon.co.uk/dp/B0FSLMYL4W,true
Hisense,40A5Q,GB,Amazon,https://www.amazon.co.uk/dp/B0F2N11D11,true
Hisense,55U7Q,GB,Amazon,https://www.amazon.co.uk/dp/B0F24CNGSS,true
Hisense,55E8Q,GB,Amazon,https://www.amazon.co.uk/dp/B0F1W9J4K7,true
Hisense,65ER8S,GB,Amazon,https://www.amazon.co.uk/dp/B0H1HHSRD8,true
LG,100QNED85A,GB,Amazon,https://www.amazon.co.uk/dp/B0FSF2KS7F,true
LG,100QNED85A,GB,Amazon,https://www.amazon.co.uk/dp/B0GH7JW712,true
LG,55NU850B,IT,Amazon,https://www.amazon.it/dp/B0H36XFWHH,true
LG,65NU850B,IT,Amazon,https://www.amazon.it/dp/B0H36WQ6J4,true
LG,65G5,IT,Amazon,https://www.amazon.it/dp/B0H1MRZRVZ,true
LG,75QNED70B,GB,Amazon,https://www.amazon.co.uk/dp/B0GTB1T7XS,true
Hisense,65E8Q,GB,Amazon,https://www.amazon.co.uk/dp/B0F1W5MSBZ,true
Samsung,27F6000,ES,Amazon,https://www.amazon.es/dp/B0FTFSJDYQ,true
Samsung,24F6000,ES,Amazon,https://www.amazon.es/dp/B0FLQX6VV4,true
Samsung,50Q7F,ES,Amazon,https://www.amazon.es/dp/B0G6JZ4JVG,true
LG,43NU900B,ES,Amazon,https://www.amazon.es/dp/B0H5RNJF8N,true
LG,55G5,ES,Amazon,https://www.amazon.es/dp/B0F2JFZGNY,true
LG,48C5,ES,Amazon,https://www.amazon.es/dp/B0G6C27G1X,true
Samsung,43QN90F,ES,Amazon,https://www.amazon.es/dp/B0FPCQTF91,true
Samsung,50U8005F,DE,Amazon,https://www.amazon.de/dp/B0F2FNJ3H6,true
LG,50QNED70A,DE,Amazon,https://www.amazon.de/dp/B0FV1WQH7L,true
TCL,65V6D,DE,Amazon,https://www.amazon.de/dp/B0GQHNCZBK,true
LG,43NU900B,DE,Amazon,https://www.amazon.de/dp/B0H5RNJF8N,true
Hisense,100E7DS,DE,Amazon,https://www.amazon.de/dp/B0GTVTMR9K,true
Sony,43S20M2,IT,Amazon,https://www.amazon.it/dp/B0GZL6GMFJ,true
Sony,50S20M2,IT,Amazon,https://www.amazon.it/dp/B0GZLDN3SH,true
Samsung,65LS03F,GB,Amazon,https://www.amazon.co.uk/dp/B0GY4MKDJZ,true
LG,55C5,GB,Amazon,https://www.amazon.co.uk/dp/B0GH7HQSX8,true
LG,55C5,GB,Amazon,https://www.amazon.co.uk/dp/B0GQTHN3KM,true
LG,55C5,GB,Amazon,https://www.amazon.co.uk/dp/B0F7XYNSZL,true
TCL,50C6KS,GB,Amazon,https://www.amazon.co.uk/dp/B0F25TM8QV,true
LG,65B5,GB,Amazon,https://www.amazon.co.uk/dp/B0F7HYW329,true
Samsung,65U7020F,ES,Amazon,https://www.amazon.es/dp/B0F2FPNWZW,true
Samsung,55U7005H,ES,Amazon,https://www.amazon.es/dp/B0GXJYX7P6,true
Samsung,75Q8F,ES,Amazon,https://www.amazon.es/dp/B0FHXMLHHK,true
Samsung,85Q8F,ES,Amazon,https://www.amazon.es/dp/B0FHWYQQCX,true
Samsung,85R95H,ES,Amazon,https://www.amazon.es/dp/B0GK2D2MWW,true
Samsung,55QN90F,ES,Amazon,https://www.amazon.es/dp/B0F221WV9F,false
Samsung,65QN90F,ES,Amazon,https://www.amazon.es/dp/B0F222XVF4,true
Samsung,75Q6F,DE,Amazon,https://www.amazon.de/dp/B0FKTKVZ2J,true
LG,55NU900B,DE,Amazon,https://www.amazon.de/dp/B0H5QZ77NJ,true
LG,65QNED80A,DE,Amazon,https://www.amazon.de/dp/B0FQP2D3X5,true
LG,75NU900B,DE,Amazon,https://www.amazon.de/dp/B0H5QXLJF7,true
LG,55QNED70B,IT,Amazon,https://www.amazon.it/dp/B0GWMY7FZF,true
LG,65C5,IT,Amazon,https://www.amazon.it/dp/B0FFH3T1S6,true
Samsung,43QN90F,IT,Amazon,https://www.amazon.it/dp/B0F4TC9CQ4,true
TCL,85Q7C,IT,Amazon,https://www.amazon.it/dp/B0F38H4X7J,true
TCL,98RM9L,IT,Amazon,https://www.amazon.it/dp/B0GXZ5SWL8,true
Hisense,85U7Q,IT,Amazon,https://www.amazon.it/dp/B07JL1BDWD,true
LG,75QNED80A,IT,Amazon,https://www.amazon.it/dp/B0F5HXH9V5,false
LG,50NANO90A6B,GB,Amazon,https://www.amazon.co.uk/dp/B0FNXDRSK8,true
LG,50NANO90A6B,GB,Amazon,https://www.amazon.co.uk/dp/B0GQTFLBTJ,true
LG,48C5,GB,Amazon,https://www.amazon.co.uk/dp/B0G7Y2KJK7,true
LG,65C5,GB,Amazon,https://www.amazon.co.uk/dp/B0G7Y82MMX,true
TCL,98Q6C,GB,Amazon,https://www.amazon.co.uk/dp/B0DXQ3G6CL,true
Hisense,55E7Q,GB,Amazon,https://www.amazon.co.uk/dp/B0F1N7WT6C,true
Samsung,50Q7F,ES,Amazon,https://www.amazon.es/dp/B0F9Q7MC87,true
Samsung,75Q7FA,ES,Amazon,https://www.amazon.es/dp/B0FM493TQ3,true
Samsung,85QN80F,ES,Amazon,https://www.amazon.es/dp/B0FPCS42TN,true
LG,75NANO80A6B,ES,Amazon,https://www.amazon.es/dp/B0F2275XMX,true
LG,65UA73003,ES,Amazon,https://www.amazon.es/dp/B0FQTZ46RF,true
LG,43QNED80A,ES,Amazon,https://www.amazon.es/dp/B0FHXR23ZK,true
LG,55AM960H,ES,Amazon,https://www.amazon.es/dp/B0GH22HVD3,true
Samsung,48S85H,ES,Amazon,https://www.amazon.es/dp/B0H32Z3SBD,true
Samsung,75QN90F,ES,Amazon,https://www.amazon.es/dp/B0F224QHQD,true
Samsung,27F6000,DE,Amazon,https://www.amazon.de/dp/B0F4TFTZLZ,true
LG,65UA7500,DE,Amazon,https://www.amazon.de/dp/B0FQ2S1ZB3,true
TCL,85C6KPRO,DE,Amazon,https://www.amazon.de/dp/B0H3KTWJQ2,true
LG,50NU900B,DE,Amazon,https://www.amazon.de/dp/B0H5RDGZD8,true
Samsung,85QN70F,GB,Amazon,https://www.amazon.co.uk/dp/B0DF8WWNKF,true
LG,65B6,GB,Amazon,https://www.amazon.co.uk/dp/B0GWFFMMVZ,true
LG,75QNED80A,GB,Amazon,https://www.amazon.co.uk/dp/B0G7YG674C,true
TCL,75C6K,GB,Amazon,https://www.amazon.co.uk/dp/B0F94DQTQH,true
Hisense,65U7Q,GB,Amazon,https://www.amazon.co.uk/dp/B0F32JG9DR,true
Hisense,65U7Q,GB,Amazon,https://www.amazon.co.uk/dp/B0F24FL4CL,true
TCL,32S4K,GB,Amazon,https://www.amazon.co.uk/dp/B0F54B34TH,true
TCL,43P6K,GB,Amazon,https://www.amazon.co.uk/dp/B0DV9HJTTK,true
LG,77B6,GB,Amazon,https://www.amazon.co.uk/dp/B0H1X842FZ,true
LG,77B6,GB,Amazon,https://www.amazon.co.uk/dp/B0GWF8F14Z,true
Hisense,85E7Q,GB,Amazon,https://www.amazon.co.uk/dp/B0F1MR1FQ3,true
Samsung,50U8090H,ES,Amazon,https://www.amazon.es/dp/B0GJ5F3LRV,true
Samsung,55QN70H,ES,Amazon,https://www.amazon.es/dp/B0GKG9SWCB,true
LG,43UA7500,ES,Amazon,https://www.amazon.es/dp/B0GTVR5RHH,true
LG,50UA7500,ES,Amazon,https://www.amazon.es/dp/B0GHP139W4,true
LG,100QNED85A,ES,Amazon,https://www.amazon.es/dp/B0F38NKF9Q,true
LG,86UA74,ES,Amazon,https://www.amazon.es/dp/B0G96SB5FZ,true
Hisense,55E7Q,ES,Amazon,https://www.amazon.es/dp/B0FV2D2SH5,true
TCL,55Q7C,ES,Amazon,https://www.amazon.es/dp/B0F38H2GGC,true
Samsung,85QN900F,ES,Amazon,https://www.amazon.es/dp/B0FND6MDNR,true
LG,55B6,ES,Amazon,https://www.amazon.es/dp/B0GYPZ5CZD,true
Samsung,55Q7FA,DE,Amazon,https://www.amazon.de/dp/B0F5BS1M9C,true
Samsung,65Q7F,DE,Amazon,https://www.amazon.de/dp/B0F2FK5RC9,true
LG,50UA7500,DE,Amazon,https://www.amazon.de/dp/B0GHP139W4,true
LG,42C5,DE,Amazon,https://www.amazon.de/dp/B0F917R6LM,true
Samsung,77S85F,DE,Amazon,https://www.amazon.de/dp/B0F2FMPVYZ,true
Samsung,55S85H,DE,Amazon,https://www.amazon.de/dp/B0GXZQKKKZ,true
Samsung,100R85H,DE,Amazon,https://www.amazon.de/dp/B0GXZYJR2X,true
Samsung,75R85H,IT,Amazon,https://www.amazon.it/dp/B0GXWKQW5M,true
Samsung,83S90F,IT,Amazon,https://www.amazon.it/dp/B0FM49MHNC,true
LG,50NANO80A3B,IT,Amazon,https://www.amazon.it/dp/B0H1MXKY2Y,true
LG,55G6,IT,Amazon,https://www.amazon.it/dp/B0H374GQDY,true
TCL,75RM7L,IT,Amazon,https://www.amazon.it/dp/B0GZZZVN8B,true
TCL,85P8K,IT,Amazon,https://www.amazon.it/dp/B0FRFYQ3Q9,true
LG,86MRGB87B9B,IT,Amazon,https://www.amazon.it/dp/B0GWMWBY4T,true
Hisense,100U7Q,IT,Amazon,https://www.amazon.it/dp/B0F1W4MG71,true
Samsung,48S90F,GB,Amazon,https://www.amazon.co.uk/dp/B0FLDWT7ZF,true
LG,75QNED90A,GB,Amazon,https://www.amazon.co.uk/dp/B0F2GFTZ2P,true
LG,55C5,GB,Amazon,https://www.amazon.co.uk/dp/B0G7XCXZR5,true
LG,65QNED80A,GB,Amazon,https://www.amazon.co.uk/dp/B0GQTQ1YR9,true
Hisense,55A7Q,GB,Amazon,https://www.amazon.co.uk/dp/B0FFGP4BMB,true
LG,55QNED90A,GB,Amazon,https://www.amazon.co.uk/dp/B0F2GJ482T,true
Samsung,85Q7F,GB,Amazon,https://www.amazon.co.uk/dp/B0F6NLS7L9,true
LG,83B6,GB,Amazon,https://www.amazon.co.uk/dp/B0H1XBNNFV,true
LG,83B6,GB,Amazon,https://www.amazon.co.uk/dp/B0H1X7HBKZ,true
Samsung,83S95F,GB,Amazon,https://www.amazon.co.uk/dp/B0F6VFKNRT,true
Samsung,77S95F,GB,Amazon,https://www.amazon.co.uk/dp/B0F6VWNMDT,true
LG,55QNED85A,ES,Amazon,https://www.amazon.es/dp/B0F2GKK523,true
LG,50QNED70A,ES,Amazon,https://www.amazon.es/dp/B0G1Z7S82Q,true
LG,43UA751C,ES,Amazon,https://www.amazon.es/dp/B0G1Z9YMJ8,true
Hisense,55A85Q,ES,Amazon,https://www.amazon.es/dp/B0FKGQX8HP,true
Samsung,43QN70H,ES,Amazon,https://www.amazon.es/dp/B0H838M9K6,true
Samsung,50QN70H,ES,Amazon,https://www.amazon.es/dp/B0H838LZR4,true
LG,77G5,DE,Amazon,https://www.amazon.de/dp/B0F4HZ423C,true
TCL,85Q7C,DE,Amazon,https://www.amazon.de/dp/B0F38H4X7J,true
Samsung,75U8005F,IT,Amazon,https://www.amazon.it/dp/B0F225CDYG,true
LG,55UA7400,IT,Amazon,https://www.amazon.it/dp/B0GH2H7KB7,true
LG,55UK762H,GB,Amazon,https://www.amazon.co.uk/dp/B0GTQX8WFH,true
LG,42C5,GB,Amazon,https://www.amazon.co.uk/dp/B0F7XY356J,true
LG,55QNED70A,GB,Amazon,https://www.amazon.co.uk/dp/B0GQTLKH7Q,true
Hisense,65U8Q,GB,Amazon,https://www.amazon.co.uk/dp/B0FFGFR7PV,true
TCL,85Q7C,GB,Amazon,https://www.amazon.co.uk/dp/B0FJMVFFD8,true
LG,48B5,GB,Amazon,https://www.amazon.co.uk/dp/B0GQTPC88Z,true
Hisense,43A6S,DE,Amazon,https://www.amazon.de/dp/B0H83CB2LF,true
LG,43NANO80A6B,DE,Amazon,https://www.amazon.de/dp/B0F2GCGWJQ,true
Hisense,32E4QT,DE,Amazon,https://www.amazon.de/dp/B0F9YWJGZK,true
Hisense,85E7DS,DE,Amazon,https://www.amazon.de/dp/B0GNTC9VM9,true
Samsung,85QN90F,DE,Amazon,https://www.amazon.de/dp/B0FC2FS484,true
Samsung,65QN90F,DE,Amazon,https://www.amazon.de/dp/B0DFVNQLFX,true
LG,43QNED85A,DE,Amazon,https://www.amazon.de/dp/B0F227BJW3,true
Samsung,43U7020F,ES,Amazon,https://www.amazon.es/dp/B0F7RL94YS,true
Hisense,43A6S,ES,Amazon,https://www.amazon.es/dp/B0H83CB2LF,true
Samsung,55Q7F,ES,Amazon,https://www.amazon.es/dp/B0F62T33BJ,true
Samsung,77S95F,ES,Amazon,https://www.amazon.es/dp/B0F223KT4B,false
LG,65QNED85A,ES,Amazon,https://www.amazon.es/dp/B0F2GFSLBJ,true
LG,75QNED85A,ES,Amazon,https://www.amazon.es/dp/B0F2GC1H3C,true
Samsung,75U7020F,ES,Amazon,https://www.amazon.es/dp/B0F2FXRR2Z,true
Samsung,50U7020F,ES,Amazon,https://www.amazon.es/dp/B0F2FN5YMX,true
Samsung,85U7020F,ES,Amazon,https://www.amazon.es/dp/B0F2FQBB41,true
LG,43UA7500,IT,Amazon,https://www.amazon.it/dp/B0FTFX3JTL,true
Samsung,32F6000,GB,Amazon,https://www.amazon.co.uk/dp/B0GGBCWPXM,true
TCL,55T6C,GB,Amazon,https://www.amazon.co.uk/dp/B0F8QFPB14,true
LG,48B5,GB,Amazon,https://www.amazon.co.uk/dp/B0H1X7RVYZ,true
LG,85QNED90A,GB,Amazon,https://www.amazon.co.uk/dp/B0GH7HKBWD,true
Samsung,50QN90F,ES,Amazon,https://www.amazon.es/dp/B0FPCTTV33,true
Samsung,55QN70F,ES,Amazon,https://www.amazon.es/dp/B0F2FK7LNX,true
Samsung,55U7000H,ES,Amazon,https://www.amazon.es/dp/B0H83CQ8NS,true
LG,55C5,ES,Amazon,https://www.amazon.es/dp/B0FSS8VX7G,false
Hisense,32S5QF,ES,Amazon,https://www.amazon.es/dp/B0FXMWY914,true
Samsung,75QN90F,ES,Amazon,https://www.amazon.es/dp/B0FPCS6BLN,true
TCL,85C8K,DE,Amazon,https://www.amazon.de/dp/B0FS813JCW,true
Hisense,32A4Q,DE,Amazon,https://www.amazon.de/dp/B0F1MJCGRY,true
Hisense,55U8Q,DE,Amazon,https://www.amazon.de/dp/B0F1WHZW4G,true
Hisense,85UR9S,DE,Amazon,https://www.amazon.de/dp/B0GR5Z4S73,true
Hisense,85U8Q,DE,Amazon,https://www.amazon.de/dp/B0F1W5Z9FW,true
TCL,65Q7C,DE,Amazon,https://www.amazon.de/dp/B0F38FCTLQ,true
LG,86UA7500,GB,Amazon,https://www.amazon.co.uk/dp/B0F2GFJNVW,true
LG,65UK762H,GB,Amazon,https://www.amazon.co.uk/dp/B0GTR9GBWK,true
LG,86QNED80A,GB,Amazon,https://www.amazon.co.uk/dp/B0FSF2RXXK,true
LG,55NANO80A6B,GB,Amazon,https://www.amazon.co.uk/dp/B0F2GJL6JK,true
LG,43QNED70A,GB,Amazon,https://www.amazon.co.uk/dp/B0GQTJJHDB,true
LG,55UA7300,GB,Amazon,https://www.amazon.co.uk/dp/B0GQV1KW75,true
LG,55QNED85A,GB,Amazon,https://www.amazon.co.uk/dp/B0F4PMNX6M,true
LG,55QNED70A,GB,Amazon,https://www.amazon.co.uk/dp/B0GH77VXRW,true
LG,83B6,GB,Amazon,https://www.amazon.co.uk/dp/B0H1X8R8BV,true
Samsung,77S85F,GB,Amazon,https://www.amazon.co.uk/dp/B0DF8XJFHD,true
Samsung,65QN70F,ES,Amazon,https://www.amazon.es/dp/B0F2FLB4ZX,true
LG,65B5,ES,Amazon,https://www.amazon.es/dp/B0F2JBSBG8,true
Hisense,43E7Q,ES,Amazon,https://www.amazon.es/dp/B0F7W1WN3P,true
Samsung,83S95F,ES,Amazon,https://www.amazon.es/dp/B0F223PTBN,true
Samsung,65S90F,IT,Amazon,https://www.amazon.it/dp/B0F4SRMGVY,true
TCL,43P6K,DE,Amazon,https://www.amazon.de/dp/B0FRFYWPC5,true
Hisense,55E8Q,DE,Amazon,https://www.amazon.de/dp/B0F1W9J4K7,true
TCL,98Q7C,DE,Amazon,https://www.amazon.de/dp/B0F38F4TM3,true
Samsung,75LS03HW,GB,Amazon,https://www.amazon.co.uk/dp/B0GYZW7PX7,true
LG,50QNED80A,GB,Amazon,https://www.amazon.co.uk/dp/B0GQTPMQTK,true
LG,75QNED80A,GB,Amazon,https://www.amazon.co.uk/dp/B0GQTHS48C,true
Hisense,50E7Q,GB,Amazon,https://www.amazon.co.uk/dp/B0FLP569LY,true
Samsung,65Q7F,GB,Amazon,https://www.amazon.co.uk/dp/B0F6NKTJWW,true
LG,55B6,GB,Amazon,https://www.amazon.co.uk/dp/B0GVDGBXVG,true
LG,55B6,GB,Amazon,https://www.amazon.co.uk/dp/B0GVDMRKD7,true
Hisense,100U7Q,GB,Amazon,https://www.amazon.co.uk/dp/B0F1YST2D4,true
Samsung,43U8005F,ES,Amazon,https://www.amazon.es/dp/B0F7LG4F8P,true
TCL,50C7K,ES,Amazon,https://www.amazon.es/dp/B0F38D74ZD,true
Samsung,65U8005H,ES,Amazon,https://www.amazon.es/dp/B0GJ61LF1B,true
Hisense,43E61QT,ES,Amazon,https://www.amazon.es/dp/B0F1MHBWZ8,true
Samsung,85M70H,ES,Amazon,https://www.amazon.es/dp/B0GJ6FY2DC,true
Samsung,85U8005H,ES,Amazon,https://www.amazon.es/dp/B0GMRJWH3W,true
Hisense,50U7SE,ES,Amazon,https://www.amazon.es/dp/B0GKQ1371K,true
Samsung,85LS03HW,DE,Amazon,https://www.amazon.de/dp/B0GHS2Y64D,true
LG,55C5,GB,Amazon,https://www.amazon.co.uk/dp/B0F749VTQ5,true
LG,77C5,GB,Amazon,https://www.amazon.co.uk/dp/B0F7Y2X3QX,true
LG,77C5,GB,Amazon,https://www.amazon.co.uk/dp/B0GQV4NKMQ,true
LG,77C5,GB,Amazon,https://www.amazon.co.uk/dp/B0GH7BC9TP,true
LG,55AM960H,GB,Amazon,https://www.amazon.co.uk/dp/B0GH22HVD3,true
Hisense,55A7Q,GB,Amazon,https://www.amazon.co.uk/dp/B0F2T1B4NL,true
Sony,55XR80,GB,Amazon,https://www.amazon.co.uk/dp/B0DDXG4QSB,true
Samsung,85QN90F,GB,Amazon,https://www.amazon.co.uk/dp/B0DF8GPZZJ,true
LG,65QNED85A,ES,Amazon,https://www.amazon.es/dp/B0F226FL1G,true
TCL,32S5K,ES,Amazon,https://www.amazon.es/dp/B0FC627JL2,true
Samsung,85F,ES,Amazon,https://www.amazon.es/dp/B0FNMYQ547,true
Samsung,65Q7F,IT,Amazon,https://www.amazon.it/dp/B0F7LKYNS4,true
Hisense,43E7Q,IT,Amazon,https://www.amazon.it/dp/B0F1WBLPDN,true
TCL,65C6K,IT,Amazon,https://www.amazon.it/dp/B0F9FNQPZP,true
Samsung,98QN90F,IT,Amazon,https://www.amazon.it/dp/B0F7LK95Z1,true
LG,43QNED70A,DE,Amazon,https://www.amazon.de/dp/B0FQP8KH7P,true
LG,43UA7500,DE,Amazon,https://www.amazon.de/dp/B0FS7M9C78,true
LG,43QNED80A,DE,Amazon,https://www.amazon.de/dp/B0FB3VKRNX,true
TCL,98C8K,DE,Amazon,https://www.amazon.de/dp/B0F9WRNP3W,true
Samsung,65QN70F,GB,Amazon,https://www.amazon.co.uk/dp/B0DF8Y48N7,true
Samsung,65S90F,ES,Amazon,https://www.amazon.es/dp/B0G43VHC6H,false
LG,77G5,ES,Amazon,https://www.amazon.es/dp/B0FR7X7DGW,false
LG,43QNED80A,ES,Amazon,https://www.amazon.es/dp/B0FB3VKRNX,true
Hisense,40QD4QF,ES,Amazon,https://www.amazon.es/dp/B0FBYQHQH1,true
LG,75QNED90A,DE,Amazon,https://www.amazon.de/dp/B0F2GFTZ2P,true
Samsung,65LS03FW,DE,Amazon,https://www.amazon.de/dp/B0FHXBX2RM,true
LG,55UA7500,GB,Amazon,https://www.amazon.co.uk/dp/B0GVFCD9ZS,true
LG,65B5,GB,Amazon,https://www.amazon.co.uk/dp/B0GQTP5SZJ,true
LG,65B5,GB,Amazon,https://www.amazon.co.uk/dp/B0H1X7CTY5,true
TCL,85C7K,GB,Amazon,https://www.amazon.co.uk/dp/B0F5BSK9JW,true
Samsung,65QN70F,ES,Amazon,https://www.amazon.es/dp/B0DFVN36ZX,true
LG,85QNED90A,IT,Amazon,https://www.amazon.it/dp/B0FFBNTSRK,true
TCL,75P7K,IT,Amazon,https://www.amazon.it/dp/B0FR1HH7H9,true
Samsung,75QN85F,IT,Amazon,https://www.amazon.it/dp/B0FND5PTST,true
Sony,55S20M2,IT,Amazon,https://www.amazon.it/dp/B0GZL1BLJ9,true
Samsung,50QN80F,DE,Amazon,https://www.amazon.de/dp/B0DFVNFDNR,true
LG,50UA73,DE,Amazon,https://www.amazon.de/dp/B0HB5ZS7KD,true
LG,55QNED85A,DE,Amazon,https://www.amazon.de/dp/B0HB619NN8,true
Samsung,85QN90F,GB,Amazon,https://www.amazon.co.uk/dp/B0F224SMXB,true
TCL,75QM7K,GB,Amazon,https://www.amazon.co.uk/dp/B0DVX9RF7S,true
LG,42C6,GB,Amazon,https://www.amazon.co.uk/dp/B0H1X31CK4,true
LG,55C6,GB,Amazon,https://www.amazon.co.uk/dp/B0H1X3DKM5,true
Samsung,75QN80F,ES,Amazon,https://www.amazon.es/dp/B0FR5J19T2,true
Samsung,50U7090F,ES,Amazon,https://www.amazon.es/dp/B0F5BVDV72,true
Hisense,65A7Q,ES,Amazon,https://www.amazon.es/dp/B0F2SZZVT6,true
TCL,85T6C,IT,Amazon,https://www.amazon.it/dp/B0F8QB3MLJ,true
Samsung,77S95F,DE,Amazon,https://www.amazon.de/dp/B0F223KT4B,true
LG,77B5,DE,Amazon,https://www.amazon.de/dp/B0F3D7YVZB,true
LG,65B6,DE,Amazon,https://www.amazon.de/dp/B0H1MZTYM8,true
TCL,85P8K,DE,Amazon,https://www.amazon.de/dp/B0DV9KX1H8,true
Samsung,65S85F,DE,Amazon,https://www.amazon.de/dp/B0F2FNVQ73,true
Samsung,55LS03F,GB,Amazon,https://www.amazon.co.uk/dp/B0F5WYZQQR,true
Samsung,83S95F,GB,Amazon,https://www.amazon.co.uk/dp/B0F223PTBN,true
LG,85QNED70B,GB,Amazon,https://www.amazon.co.uk/dp/B0GT9SVGLK,true
LG,55UA7500,GB,Amazon,https://www.amazon.co.uk/dp/B0GVFCW31T,true
TCL,32S5K,GB,Amazon,https://www.amazon.co.uk/dp/B0FVFRR9PB,true
TCL,65C7K,GB,Amazon,https://www.amazon.co.uk/dp/B0F9L54DM8,true
TCL,50P6K,GB,Amazon,https://www.amazon.co.uk/dp/B0DV9JL61N,true
TCL,65P8K,GB,Amazon,https://www.amazon.co.uk/dp/B0F8J37SQ5,true
TCL,32S5K,GB,Amazon,https://www.amazon.co.uk/dp/B0F3XMZWRX,true
Hisense,43A7Q,GB,Amazon,https://www.amazon.co.uk/dp/B0FFGPHCWC,true
LG,55QNED85B,GB,Amazon,https://www.amazon.co.uk/dp/B0GVD8KFPZ,true
Samsung,83S90F,ES,Amazon,https://www.amazon.es/dp/B0FTFXWNLF,true
TCL,43V5D,ES,Amazon,https://www.amazon.es/dp/B0GYSYBJXK,true
TCL,55P8K,ES,Amazon,https://www.amazon.es/dp/B0DT4DD2B1,true
TCL,85T6C,ES,Amazon,https://www.amazon.es/dp/B0F24HZMZ9,true
Samsung,77S90H,IT,Amazon,https://www.amazon.it/dp/B0GWN1H2W6,true
Samsung,65S95F,IT,Amazon,https://www.amazon.it/dp/B0F7LP78LH,true
Samsung,65S90F,DE,Amazon,https://www.amazon.de/dp/B0FTFSYLKX,true
TCL,55P8K,DE,Amazon,https://www.amazon.de/dp/B0DT4DD2B1,true
TCL,40S5K,DE,Amazon,https://www.amazon.de/dp/B0FQSW3PJL,true
TCL,43S5K,DE,Amazon,https://www.amazon.de/dp/B0FTF77ZS5,true
TCL,43V6D,DE,Amazon,https://www.amazon.de/dp/B0GQHTCGBB,true
TCL,43P7K,DE,Amazon,https://www.amazon.de/dp/B0F9XCJFY8,true
TCL,75Q7C,DE,Amazon,https://www.amazon.de/dp/B0FCLKK2DL,true
LG,55NANO80A6B,ES,Amazon,https://www.amazon.es/dp/B0F2GJL6JK,true
TCL,43P6K,ES,Amazon,https://www.amazon.es/dp/B0F4491Q4R,true
Samsung,65LS03F,GB,Amazon,https://www.amazon.co.uk/dp/B0FHY4CWSC,true
Samsung,65U8005H,GB,Amazon,https://www.amazon.co.uk/dp/B0GYYY97KL,true
TCL,43T6C,GB,Amazon,https://www.amazon.co.uk/dp/B0F8QFTXW9,true
TCL,55P8K,GB,Amazon,https://www.amazon.co.uk/dp/B0DT4DD2B1,true
Sony,65BRAVIA8,GB,Amazon,https://www.amazon.co.uk/dp/B0DDX8NY68,true
Sony,65BRAVIA8,GB,Amazon,https://www.amazon.co.uk/dp/B0DDXG3CJ9,true
Sony,65BRAVIA8,GB,Amazon,https://www.amazon.co.uk/dp/B0DMWNVH6S,true
Sony,55XR80,GB,Amazon,https://www.amazon.co.uk/dp/B0DDXCWCVR,true
Samsung,50Q7F,DE,Amazon,https://www.amazon.de/dp/B0G6JZ4JVG,true
Samsung,75LS03FW,DE,Amazon,https://www.amazon.de/dp/B0F7HTPW7J,true
LG,65C5,DE,Amazon,https://www.amazon.de/dp/B0FNX5NCW1,true
TCL,75C6K,DE,Amazon,https://www.amazon.de/dp/B0H2JJST31,true
Samsung,50U8090H,DE,Amazon,https://www.amazon.de/dp/B0GJ5F3LRV,true
Samsung,65LS03FW,DE,Amazon,https://www.amazon.de/dp/B0F7HTXWYJ,true
LG,55C5,DE,Amazon,https://www.amazon.de/dp/B0FCM6Z8SN,true
Samsung,55Q6F,ES,Amazon,https://www.amazon.es/dp/B0FTMFKQ53,true
TCL,55A400U,GB,Amazon,https://www.amazon.co.uk/dp/B0H3KSB9SR,true
LG,65C6,GB,Amazon,https://www.amazon.co.uk/dp/B0GVDCJ6YF,true
LG,65AM960H,IT,Amazon,https://www.amazon.it/dp/B0GH28S995,true
LG,85QNED90A,IT,Amazon,https://www.amazon.it/dp/B0G1Z9ZP1S,true
Samsung,55QN70F,DE,Amazon,https://www.amazon.de/dp/B0GPD4N1H9,true
TCL,98Q7C,DE,Amazon,https://www.amazon.de/dp/B0FCLKF2TX,true
Samsung,55S85F,DE,Amazon,https://www.amazon.de/dp/B0FZW152YX,true
LG,50QNED80A,DE,Amazon,https://www.amazon.de/dp/B0GL59J2TP,true
LG,75QNED80A,DE,Amazon,https://www.amazon.de/dp/B0F2GFFHXP,true
Samsung,50Q7F,ES,Amazon,https://www.amazon.es/dp/B0FNWQ5F4T,true
Samsung,55QN80F,ES,Amazon,https://www.amazon.es/dp/B0FMY7DGWK,true
Sony,55A80L,GB,Amazon,https://www.amazon.co.uk/dp/B0BX449WWF,true
Samsung,50Q7F,DE,Amazon,https://www.amazon.de/dp/B0F5BVTGY9,true
LG,86QNED80A,ES,Amazon,https://www.amazon.es/dp/B0F2GCD152,false
LG,65B6,ES,Amazon,https://www.amazon.es/dp/B0H1MZTYM8,true
Samsung,48S90F,DE,Amazon,https://www.amazon.de/dp/B0F222TW2K,true
TCL,43V5D,DE,Amazon,https://www.amazon.de/dp/B0GYSYBJXK,true
Hisense,75E89Q,DE,Amazon,https://www.amazon.de/dp/B0G5QWRZVT,true
Samsung,65Q7F,ES,Amazon,https://www.amazon.es/dp/B0F9PZMR7F,true
LG,77C5,ES,Amazon,https://www.amazon.es/dp/B0G1ZDFRC2,true
TCL,75P8K,ES,Amazon,https://www.amazon.es/dp/B0DV9L71QL,true
Samsung,65QN90F,GB,Amazon,https://www.amazon.co.uk/dp/B0DFVVL3QJ,true
Hisense,65E7S,GB,Amazon,https://www.amazon.co.uk/dp/B0GV52F4RJ,true
Samsung,83S90F,GB,Amazon,https://www.amazon.co.uk/dp/B0F6VXDHGX,true
Samsung,50U7000H,IT,Amazon,https://www.amazon.it/dp/B0H4MHLLFK,true
Samsung,75LS03FW,DE,Amazon,https://www.amazon.de/dp/B0FFBK6Q7C,true
Samsung,50QN90F,DE,Amazon,https://www.amazon.de/dp/B0F2241BR4,true
Samsung,55M70H,ES,Amazon,https://www.amazon.es/dp/B0GJ5HWZXV,true
Hisense,55U7Q,GB,Amazon,https://www.amazon.co.uk/dp/B0F32M68DW,true
LG,55QNED85B,GB,Amazon,https://www.amazon.co.uk/dp/B0GVDJMZSL,true
LG,55B5,IT,Amazon,https://www.amazon.it/dp/B0GTMRXCQD,true
Samsung,83S90F,DE,Amazon,https://www.amazon.de/dp/B0FP2JW1B2,true
TCL,43P6K,DE,Amazon,https://www.amazon.de/dp/B0F4491Q4R,true
Samsung,65QN900F,GB,Amazon,https://www.amazon.co.uk/dp/B0F6VFJJKD,true
LG,55B5,GB,Amazon,https://www.amazon.co.uk/dp/B0GH7HSJWX,true
LG,55B5,GB,Amazon,https://www.amazon.co.uk/dp/B0F7Y1CZQG,true
Samsung,43M70H,ES,Amazon,https://www.amazon.es/dp/B0GHY13PH5,true
Samsung,75QN70F,ES,Amazon,https://www.amazon.es/dp/B0DF6P2KYF,true
LG,86QNED85A,ES,Amazon,https://www.amazon.es/dp/B0F2GHKMGM,true
Samsung,85QN80F,DE,Amazon,https://www.amazon.de/dp/B0FT3DGSJM,true
Samsung,65QN80F,DE,Amazon,https://www.amazon.de/dp/B0DFVKX6PN,true
LG,83C5,GB,Amazon,https://www.amazon.co.uk/dp/B0GH7CYSC1,true
Hisense,65A7S,GB,Amazon,https://www.amazon.co.uk/dp/B0GV537ZC4,true
Samsung,85U8005H,IT,Amazon,https://www.amazon.it/dp/B0H4MH1D79,true
LG,50QNED70A,IT,Amazon,https://www.amazon.it/dp/B0G1Z7S82Q,true
LG,43QNED85A,ES,Amazon,https://www.amazon.es/dp/B0FTFVQZQM,true
Samsung,65U7022H,ES,Amazon,https://www.amazon.es/dp/B0GXK61GXC,true
Samsung,55LS03F,IT,Amazon,https://www.amazon.it/dp/B0F7LMNB8C,true
Hisense,32E41QT,IT,Amazon,https://www.amazon.it/dp/B0F2PF8YK7,true
Samsung,75LS03HW,IT,Amazon,https://www.amazon.it/dp/B0GWDYYCXS,true
LG,83C5,GB,Amazon,https://www.amazon.co.uk/dp/B0GQTT4KXD,true
Samsung,65Q7F,DE,Amazon,https://www.amazon.de/dp/B0GL9GTMS6,true
Samsung,55LS03F,DE,Amazon,https://www.amazon.de/dp/B0F4SRJSC4,true
Samsung,65QN90F,DE,Amazon,https://www.amazon.de/dp/B0FP5FKG8X,true
Samsung,40J5200,ES,Amazon,https://www.amazon.es/dp/B0BN8SD891,true
Samsung,40J5200,ES,Amazon,https://www.amazon.es/dp/B0BN8R2KSX,true
Samsung,40J5200,ES,Amazon,https://www.amazon.es/dp/B0BNC1CZ4D,true
Samsung,40J5200,ES,Amazon,https://www.amazon.es/dp/B0BNC1NVKX,true
Samsung,40J5200,ES,Amazon,https://www.amazon.es/dp/B0BN8TBLP4,true
Samsung,40J5200,ES,Amazon,https://www.amazon.es/dp/B0BNC9K32M,true
Samsung,40J5200,ES,Amazon,https://www.amazon.es/dp/B0BYDZN4H2,true
LG,75QNED85A,ES,Amazon,https://www.amazon.es/dp/B0FTGLMJCD,true
LG,77M5,ES,Amazon,https://www.amazon.es/dp/B0FWJJHBDS,true
LG,32LN540B,ES,Amazon,https://www.amazon.es/dp/B0BLH9J6DY,true
Samsung,75U7000F,ES,Amazon,https://www.amazon.es/dp/B0F2FRVHNT,true
LG,75QNED90A,ES,Amazon,https://www.amazon.es/dp/B0F2GFTZ2P,true
Samsung,77S90F,ES,Amazon,https://www.amazon.es/dp/B0F2FK87YM,true
LG,43QNED80A,ES,Amazon,https://www.amazon.es/dp/B0F2GGV9CD,true
LG,55QNED80A,ES,Amazon,https://www.amazon.es/dp/B0F2G9J21N,true
TCL,32V5D,GB,Amazon,https://www.amazon.co.uk/dp/B0H7GYWW5G,true
Samsung,75QN990F,DE,Amazon,https://www.amazon.de/dp/B0FZVWGPDN,true
LG,43NANO80A6B,ES,Amazon,https://www.amazon.es/dp/B0F3DMY6DQ,true
LG,43QNED80A,ES,Amazon,https://www.amazon.es/dp/B0GTMTGVZ7,true
Hisense,43E7DS,ES,Amazon,https://www.amazon.es/dp/B0GM1NJDDK,true
Samsung,65LS03F,GB,Amazon,https://www.amazon.co.uk/dp/B0F5WWJ6H5,true
TCL,40S5K,GB,Amazon,https://www.amazon.co.uk/dp/B0FVFS4TJZ,true
Hisense,40A4Q,GB,Amazon,https://www.amazon.co.uk/dp/B0FFM7RM5C,true
Hisense,40E4Q,GB,Amazon,https://www.amazon.co.uk/dp/B0FFM5YT1W,true
LG,55QNED90A,GB,Amazon,https://www.amazon.co.uk/dp/B0F5BSXGYG,true
Samsung,55Q8F,DE,Amazon,https://www.amazon.de/dp/B0F2B4SG7L,true
Samsung,65Q7F,ES,Amazon,https://www.amazon.es/dp/B0F62RTCZP,true
Samsung,55LS03F,ES,Amazon,https://www.amazon.es/dp/B0FM8QJ5TD,true
Samsung,65M70H,ES,Amazon,https://www.amazon.es/dp/B0GJ68TD2V,true
LG,55B5,ES,Amazon,https://www.amazon.es/dp/B0F2JBY889,true
LG,55B6,GB,Amazon,https://www.amazon.co.uk/dp/B0H1XHCR32,true
LG,55UK762H,GB,Amazon,https://www.amazon.co.uk/dp/B0H1MV3K67,true
LG,75QNED9MA,IT,Amazon,https://www.amazon.it/dp/B0H374PQQG,true
Samsung,75QN70F,IT,Amazon,https://www.amazon.it/dp/B0FR5J19T2,true
Samsung,55S90F,ES,Amazon,https://www.amazon.es/dp/B0F62WB7N6,true
LG,77C5,GB,Amazon,https://www.amazon.co.uk/dp/B0GQTLDMQN,true
TCL,75P8K,GB,Amazon,https://www.amazon.co.uk/dp/B0DQ4Q3Y2W,true
LG,65QNED90A,DE,Amazon,https://www.amazon.de/dp/B0F2GFMTXC,true
TCL,85P7K,DE,Amazon,https://www.amazon.de/dp/B0FR22LZV8,true
Hisense,65A6Q,DE,Amazon,https://www.amazon.de/dp/B0F4DCJ7K6,true
LG,48C5,DE,Amazon,https://www.amazon.de/dp/B0FQP2W4Z4,true
TCL,65P6K,DE,Amazon,https://www.amazon.de/dp/B0FLJMXMZC,true
Samsung,65LS03F,IT,Amazon,https://www.amazon.it/dp/B0FHY4CWSC,true
LG,43UA751C,DE,Amazon,https://www.amazon.de/dp/B0G1Z9YMJ8,true
Hisense,75E79S,DE,Amazon,https://www.amazon.de/dp/B0H1N67BWL,true
Sony,55A80L,DE,Amazon,https://www.amazon.de/dp/B0BX449WWF,true
LG,55NU850B,GB,Amazon,https://www.amazon.co.uk/dp/B0H36XFWHH,true
LG,55C6,GB,Amazon,https://www.amazon.co.uk/dp/B0GVDKNF3F,true
LG,42C6,GB,Amazon,https://www.amazon.co.uk/dp/B0GVDKB83H,true
Samsung,75Q7F,DE,Amazon,https://www.amazon.de/dp/B0G1W4DLW6,true
Samsung,65LS03H,ES,Amazon,https://www.amazon.es/dp/B0GKPN8QBP,true
Samsung,75U7090F,ES,Amazon,https://www.amazon.es/dp/B0F5BV377N,true
Samsung,55QN80F,IT,Amazon,https://www.amazon.it/dp/B0F4T46PZD,true
Samsung,43AU7020,DE,Amazon,https://www.amazon.de/dp/B0CZ47SPT3,true
Samsung,32QE32LS03C,DE,Amazon,https://www.amazon.de/dp/B0BWFPKGMZ,false
Samsung,50QN90D,DE,Amazon,https://www.amazon.de/dp/B0CZS1XHGV,false
Samsung,55S90D,DE,Amazon,https://www.amazon.de/dp/B0D6RZGC3P,false
Samsung,85Q70D,DE,Amazon,https://www.amazon.de/dp/B0CZS36H3J,false
Samsung,43LS03DAU,DE,Amazon,https://www.amazon.de/dp/B0CXTNBS93,true
Samsung,50Q60D,DE,Amazon,https://www.amazon.de/dp/B0D1VLQ721,true
Samsung,43DU7105,DE,Amazon,https://www.amazon.de/dp/B0D2LJMNXG,false
Samsung,32QE32Q50A,DE,Amazon,https://www.amazon.de/dp/B0CPPQJG69,true
Samsung,43QE43Q60D,DE,Amazon,https://www.amazon.de/dp/B0D17WSTWS,true
Samsung,43Q60D,DE,Amazon,https://www.amazon.de/dp/B0CRZCY6PB,true
Samsung,65QN85D,DE,Amazon,https://www.amazon.de/dp/B0CSG9RRD6,true
Samsung,55LS03D,DE,Amazon,https://www.amazon.de/dp/B0D5RF4TL1,true
Samsung,65U8092,DE,Amazon,https://www.amazon.de/dp/B0FVTYJFBR,true
Samsung,50Q80D,DE,Amazon,https://www.amazon.de/dp/B0CSKKKXBZ,true
Samsung,50QE50Q65C,DE,Amazon,https://www.amazon.de/dp/B0BWFNSJ1M,false
Samsung,55Q80D,DE,Amazon,https://www.amazon.de/dp/B0CSKL3G5Q,true
Samsung,55QE55Q60D,DE,Amazon,https://www.amazon.de/dp/B0D17V7PKV,true
Samsung,55QE55S90D,DE,Amazon,https://www.amazon.de/dp/B0D2DV13RK,true
Samsung,55LS01DB,DE,Amazon,https://www.amazon.de/dp/B0FMQRHVMT,true
Samsung,43LS03B,DE,Amazon,https://www.amazon.de/dp/B0BS3YX4N4,false
Samsung,55QE55QN85B,DE,Amazon,https://www.amazon.de/dp/B09MW54V3V,true
Hisense,40A4N,DE,Amazon,https://www.amazon.de/dp/B0CZX3GM3F,false
Hisense,43A6N,DE,Amazon,https://www.amazon.de/dp/B0CZWPDP34,true
Hisense,50A7K,DE,Amazon,https://www.amazon.de/dp/B0C43WKRTC,false
Hisense,55A7NQ,DE,Amazon,https://www.amazon.de/dp/B0D53B9SGR,false
Hisense,65E7NQPRO,DE,Amazon,https://www.amazon.de/dp/B0D961KQ6Y,false
Hisense,65A6N,DE,Amazon,https://www.amazon.de/dp/B0CZWTB2GD,true
Samsung,85QN85D,DE,Amazon,https://www.amazon.de/dp/B0CZRZXPXZ,false
Samsung,85QE85Q60CAU,DE,Amazon,https://www.amazon.de/dp/B0C278XF7J,false
Samsung,50Q80D,DE,Amazon,https://www.amazon.de/dp/B0D1GQTGXX,false
Samsung,55QN85D,DE,Amazon,https://www.amazon.de/dp/B0CZS46DSS,true
Samsung,43QE43Q64D,ES,Amazon,https://www.amazon.es/dp/B0D2DV159J,true
Samsung,50U8072,ES,Amazon,https://www.amazon.es/dp/B0FMF8VJB1,true
Samsung,32QE32Q50AE,ES,Amazon,https://www.amazon.es/dp/B0BWFMYZQG,true
Samsung,43QE43Q65C,ES,Amazon,https://www.amazon.es/dp/B0BWFNXMXX,true
Samsung,43CU7025,ES,Amazon,https://www.amazon.es/dp/B0CZ47SPT3,true
Samsung,50Q60D,ES,Amazon,https://www.amazon.es/dp/B0CZS54WSW,true
Samsung,43QE43Q60C,ES,Amazon,https://www.amazon.es/dp/B0C278W9RG,false
Samsung,32T5305C,ES,Amazon,https://www.amazon.es/dp/B0BTPTLSHD,true
Samsung,65U8092,ES,Amazon,https://www.amazon.es/dp/B0FVTYJFBR,true
Samsung,43QN90D,ES,Amazon,https://www.amazon.es/dp/B0CRZFZ36C,true
Samsung,85QN800D,ES,Amazon,https://www.amazon.es/dp/B0CSDSB9C9,false
Samsung,32HT5300,ES,Amazon,https://www.amazon.es/dp/B0C18ZG8P8,true
Samsung,50Q60D,ES,Amazon,https://www.amazon.es/dp/B0D9LVG3SG,true
Samsung,75QN800D,ES,Amazon,https://www.amazon.es/dp/B0CSDRC72L,true
Samsung,55S90D,ES,Amazon,https://www.amazon.es/dp/B0D8L5J9HR,true
Samsung,43AU8000,ES,Amazon,https://www.amazon.es/dp/B0BZMM3QR2,false
Samsung,43LS03B,ES,Amazon,https://www.amazon.es/dp/B09XN6BGFP,false
Samsung,50QE50Q60TAU,ES,Amazon,https://www.amazon.es/dp/B086B6M17V,true
Samsung,43LS03RA,ES,Amazon,https://www.amazon.es/dp/B07RGRPR99,true
Samsung,75U8092,ES,Amazon,https://www.amazon.es/dp/B0G1YTQHQC,true
Samsung,50QE50LS03TAU,ES,Amazon,https://www.amazon.es/dp/B0872D83PX,true
Hisense,55U7NQ,ES,Amazon,https://www.amazon.es/dp/B0CXTPGCH9,false
Samsung,55Q80B,ES,Amazon,https://www.amazon.es/dp/B09XN3CP6Z,true
Samsung,43CU6905KX,ES,Amazon,https://www.amazon.es/dp/B0DFYWZJ4V,true
Samsung,32QE32Q50A,ES,Amazon,https://www.amazon.es/dp/B09162CZFZ,true
Samsung,32QE32LS03TC,ES,Amazon,https://www.amazon.es/dp/B09QSV474F,true
Hisense,43A7NQ,ES,Amazon,https://www.amazon.es/dp/B0D52W1C1X,true
Hisense,55E7NQPRO,ES,Amazon,https://www.amazon.es/dp/B0CXTNC8DJ,true
Hisense,55A6N,ES,Amazon,https://www.amazon.es/dp/B0CZWTBDW6,true
Hisense,40A5NQ,ES,Amazon,https://www.amazon.es/dp/B0CXTFTHCR,false
Hisense,85E7NQ,ES,Amazon,https://www.amazon.es/dp/B0CXTNZ9BP,false
Hisense,32A5NQ,ES,Amazon,https://www.amazon.es/dp/B0CXTLDGZ9,false
Hisense,50A6N,ES,Amazon,https://www.amazon.es/dp/B0CZWTSGZX,true
Hisense,50E7NQ,ES,Amazon,https://www.amazon.es/dp/B0CXTJJ3JG,false
Hisense,55U6NQ,ES,Amazon,https://www.amazon.es/dp/B0CXTNG23H,true
Hisense,65A85N,ES,Amazon,https://www.amazon.es/dp/B0D7CX78ZD,false
Hisense,75A6N,ES,Amazon,https://www.amazon.es/dp/B0D6BBMGHG,false
Hisense,50E7HQ,ES,Amazon,https://www.amazon.es/dp/B0B52K95QV,true
Hisense,32A5KQ,ES,Amazon,https://www.amazon.es/dp/B0BWJS9JXT,false
Hisense,55U7HQ,ES,Amazon,https://www.amazon.es/dp/B09XR6PD9C,true
Samsung,85QN900D,ES,Amazon,https://www.amazon.es/dp/B0CSPMR317,true
Hisense,43E7NQ,ES,Amazon,https://www.amazon.es/dp/B0CXTL4DBP,true
Samsung,65U8072,GB,Amazon,https://www.amazon.co.uk/dp/B0FMS3F365,true
Samsung,32HDS1008,GB,Amazon,https://www.amazon.co.uk/dp/B0FH292XF5,true
Samsung,32LS03C,GB,Amazon,https://www.amazon.co.uk/dp/B0C2VJ1QR5,false
Samsung,50TU7000,GB,Amazon,https://www.amazon.co.uk/dp/B085RXVRVY,true
Samsung,32QE32LS03C,GB,Amazon,https://www.amazon.co.uk/dp/B0BWFPKGMZ,false
Samsung,55QE55Q60T,GB,Amazon,https://www.amazon.co.uk/dp/B083QXCKY5,true
Samsung,75QN95D,GB,Amazon,https://www.amazon.co.uk/dp/B0CYBMWVG9,true
Samsung,55LS01DB,GB,Amazon,https://www.amazon.co.uk/dp/B0FMQRHVMT,false
Samsung,65S95D,GB,Amazon,https://www.amazon.co.uk/dp/B0CSDJJTCS,true
Samsung,55TU7100,GB,Amazon,https://www.amazon.co.uk/dp/B087RTFRNK,true
Samsung,50Q80D,GB,Amazon,https://www.amazon.co.uk/dp/B0CSKKKXBZ,false
Samsung,32QE32LS03T,GB,Amazon,https://www.amazon.co.uk/dp/B09QSV474F,true
Samsung,65QE65Q70,GB,Amazon,https://www.amazon.co.uk/dp/B0BX737534,true
Samsung,65QN800D,GB,Amazon,https://www.amazon.co.uk/dp/B0CYBZDNGQ,true
Samsung,75Q70D,GB,Amazon,https://www.amazon.co.uk/dp/B0CYBW171L,true
Samsung,65Q70D,GB,Amazon,https://www.amazon.co.uk/dp/B0CSDBDM94,false
Samsung,49QE55Q60T,GB,Amazon,https://www.amazon.co.uk/dp/B087YTKGHQ,true
Samsung,50QE50LS03TAU,GB,Amazon,https://www.amazon.co.uk/dp/B0872D83PX,true
Samsung,32QE32LS03TC,GB,Amazon,https://www.amazon.co.uk/dp/B08ZY3BTCL,true
Samsung,43LS03B,GB,Amazon,https://www.amazon.co.uk/dp/B0BS3YX4N4,true
Samsung,43LS03A,GB,Amazon,https://www.amazon.co.uk/dp/B0C5ZNQQGQ,true
Samsung,43Q90R,GB,Amazon,https://www.amazon.co.uk/dp/B0GCZNB8CP,true
Samsung,65LS03A,GB,Amazon,https://www.amazon.co.uk/dp/B0GDQ6Z4PM,true
Samsung,65LS03A,GB,Amazon,https://www.amazon.co.uk/dp/B0GCNC8GZ1,true
Hisense,50U6NQ,GB,Amazon,https://www.amazon.co.uk/dp/B0DHSR1Z3W,false
Hisense,65U8NQ,GB,Amazon,https://www.amazon.co.uk/dp/B0D35H4YWY,false
Hisense,40A4BG,GB,Amazon,https://www.amazon.co.uk/dp/B09ZPW2YT9,true
Hisense,65A6N,GB,Amazon,https://www.amazon.co.uk/dp/B0CZWTB2GD,true
Samsung,100PCS,GB,Amazon,https://www.amazon.co.uk/dp/B0F3J27CDW,true
Samsung,43QE43Q64D,IT,Amazon,https://www.amazon.it/dp/B0D2DV159J,false
Samsung,32QE32LS03CB,IT,Amazon,https://www.amazon.it/dp/B0BWFPKGMZ,false
Samsung,75QE75QN900BTXZT,IT,Amazon,https://www.amazon.it/dp/B09XN4ZL3Q,true
Samsung,32QE32Q50AE,IT,Amazon,https://www.amazon.it/dp/B0BWFMYZQG,true
Samsung,85QE85QN90BATXZT,IT,Amazon,https://www.amazon.it/dp/B09XN67CDC,true
Samsung,50QE50Q60C,IT,Amazon,https://www.amazon.it/dp/B0BWFQNKDC,false
Samsung,85QE85QN800BTXZT,IT,Amazon,https://www.amazon.it/dp/B09XN5CKBT,true
Samsung,43QE43Q65C,IT,Amazon,https://www.amazon.it/dp/B0BWFNXMXX,false
Samsung,43QE43Q60C,IT,Amazon,https://www.amazon.it/dp/B0BWFQNKDD,false
Samsung,75QE75LS03BG,IT,Amazon,https://www.amazon.it/dp/B0BWFLSQQS,true
Samsung,55QE55LST7DATXZT,IT,Amazon,https://www.amazon.it/dp/B0F6CNXMSG,true
Samsung,65Q60D,IT,Amazon,https://www.amazon.it/dp/B0F9PVVBZ4,true
Samsung,43QE43QN94DATXZT,IT,Amazon,https://www.amazon.it/dp/B0CZP9G36Z,true
Samsung,32QE32LS03BB,IT,Amazon,https://www.amazon.it/dp/B0BNFNWBBC,false
Samsung,48QE48S94D,IT,Amazon,https://www.amazon.it/dp/B0D2DTVXSW,false
Samsung,75QE75QN900DTXZT,IT,Amazon,https://www.amazon.it/dp/B0CZPBDTQ2,false
Samsung,27TZ,IT,Amazon,https://www.amazon.it/dp/B0GHR9GHZL,false
Samsung,83QE83S90D,IT,Amazon,https://www.amazon.it/dp/B0D2DY5H4W,false
Samsung,55S95B,IT,Amazon,https://www.amazon.it/dp/B0CNLXLTN3,true
Samsung,85QE85QN800DTXZT,IT,Amazon,https://www.amazon.it/dp/B0CZP656R8,true
Samsung,85QE85LS03D,IT,Amazon,https://www.amazon.it/dp/B0CZPB3DDC,true
Samsung,32TZF,IT,Amazon,https://www.amazon.it/dp/B0GHRDVM33,true
Samsung,43QE43LS03BG,IT,Amazon,https://www.amazon.it/dp/B0BWFN44LZ,false
Samsung,43QE43LS03B,IT,Amazon,https://www.amazon.it/dp/B09XN6BGFP,true
Samsung,65LS03B,IT,Amazon,https://www.amazon.it/dp/B0FL7XWHFD,true
Hisense,40A5NQ,IT,Amazon,https://www.amazon.it/dp/B0CXTFTHCR,true
Hisense,32A5NQ,IT,Amazon,https://www.amazon.it/dp/B0CXTLDGZ9,false
Hisense,50A6N,IT,Amazon,https://www.amazon.it/dp/B0CZWTSGZX,true
Hisense,65A85N,IT,Amazon,https://www.amazon.it/dp/B0D7CX78ZD,false
Hisense,43A7NQ,IT,Amazon,https://www.amazon.it/dp/B0D52W1C1X,true
Hisense,65E79KQ,IT,Amazon,https://www.amazon.it/dp/B0CL58MH46,false
Hisense,55U6NQ,IT,Amazon,https://www.amazon.it/dp/B0CXTNG23H,false
Samsung,85QE85QN800CTXZT,IT,Amazon,https://www.amazon.it/dp/B0BWFN7QB4,false
Samsung,77S90D,DE,Amazon,https://www.amazon.de/dp/B0D96P975X,true
Samsung,55S90D,DE,Amazon,https://www.amazon.de/dp/B0D8L5J9HR,true
Samsung,50QE50Q60D,DE,Amazon,https://www.amazon.de/dp/B0D17WHN4G,true
Samsung,75Q80D,DE,Amazon,https://www.amazon.de/dp/B0DF5R6VPT,false
Hisense,85U7KQ,DE,Amazon,https://www.amazon.de/dp/B0CJYHFTCL,true
Samsung,75Q7F,DE,Amazon,https://www.amazon.de/dp/B0F62XD4XJ,true
Samsung,85Q7F,DE,Amazon,https://www.amazon.de/dp/B0F62RQFP5,true
Samsung,50Q7F,DE,Amazon,https://www.amazon.de/dp/B0F62PZXTK,true
Samsung,75Q7FA,DE,Amazon,https://www.amazon.de/dp/B0F5BT9XBB,true
Samsung,24HDS1008,GB,Amazon,https://www.amazon.co.uk/dp/B0F6YYDN1Q,true
Samsung,32QE32Q50A,GB,Amazon,https://www.amazon.co.uk/dp/B0BWFMYZQG,true
TCL,75A300W,GB,Amazon,https://www.amazon.co.uk/dp/B0FTHMZN6X,true
Samsung,75Q7FA,GB,Amazon,https://www.amazon.co.uk/dp/B0F6VP12VF,true
Samsung,75Q7F,GB,Amazon,https://www.amazon.co.uk/dp/B0F6VMLXHV,true
Samsung,65QN80F,GB,Amazon,https://www.amazon.co.uk/dp/B0F2FM1YNY,true
Samsung,75QN90F,GB,Amazon,https://www.amazon.co.uk/dp/B0F6VFSP86,true
Samsung,98QN90F,GB,Amazon,https://www.amazon.co.uk/dp/B0DFVVHSH1,true
Samsung,50QN90F,GB,Amazon,https://www.amazon.co.uk/dp/B0DFVVVWMN,true
Samsung,55QN90F,GB,Amazon,https://www.amazon.co.uk/dp/B0DFVVM8NV,true
Samsung,50Q8F,GB,Amazon,https://www.amazon.co.uk/dp/B0F6VQZGRM,true
Samsung,55Q8F,GB,Amazon,https://www.amazon.co.uk/dp/B0F6VY345Y,true
Samsung,75Q8F,GB,Amazon,https://www.amazon.co.uk/dp/B0F6VQFWJ7,true
Samsung,77S83H,GB,Amazon,https://www.amazon.co.uk/dp/B0GYZHWZ51,true
Samsung,55Q70C,ES,Amazon,https://www.amazon.es/dp/B0BXTBFWMR,true
Samsung,75Q7F,ES,Amazon,https://www.amazon.es/dp/B0F2FLQTM9,true
Samsung,85QN70F,ES,Amazon,https://www.amazon.es/dp/B0F2FPWNM9,true
Samsung,85QN70H,ES,Amazon,https://www.amazon.es/dp/B0GHS15TFX,true
Samsung,50QE50QN80F,ES,Amazon,https://www.amazon.es/dp/B0FHXFNNCD,true
Samsung,55QN85F,ES,Amazon,https://www.amazon.es/dp/B0FND79K77,true
Samsung,98QN990F,ES,Amazon,https://www.amazon.es/dp/B0F21ZZG3M,true
Samsung,75Q7F,ES,Amazon,https://www.amazon.es/dp/B0F7M2MMV8,true
Samsung,55U7099F,ES,Amazon,https://www.amazon.es/dp/B0F5BWBH76,true
Samsung,65QE65QN800DTXZT,IT,Amazon,https://www.amazon.it/dp/B0CZPB53H9,false
Samsung,65QE65Q6FA,IT,Amazon,https://www.amazon.it/dp/B0FXGJMTP3,true
Samsung,43QE43QN72H,IT,Amazon,https://www.amazon.it/dp/B0H274MKPK,true
Samsung,85QE85QN72H,IT,Amazon,https://www.amazon.it/dp/B0H26X61H7,true
Samsung,65QE65LST7DATXZT,IT,Amazon,https://www.amazon.it/dp/B0F6CQX8XR,true
Samsung,75QE75LST7DATXZT,IT,Amazon,https://www.amazon.it/dp/B0F6CR8YNY,true
Hisense,43E7NQ,DE,Amazon,https://www.amazon.de/dp/B0D95YJJ8B,true
Samsung,43QE43LS03TAU,ES,Amazon,https://www.amazon.es/dp/B0872CQGR4,true
Samsung,83QE83S90D,ES,Amazon,https://www.amazon.es/dp/B0D2DY5H4W,true
Samsung,50QE50Q64D,ES,Amazon,https://www.amazon.es/dp/B0D2DV1M8Z,true
Hisense,100U7KQ,GB,Amazon,https://www.amazon.co.uk/dp/B0CJV5J96Z,true
Samsung,32QE32LS03TC,DE,Amazon,https://www.amazon.de/dp/B08ZY3BTCL,true
Hisense,43A7NQ,DE,Amazon,https://www.amazon.de/dp/B0D52W1C1X,true
Hisense,65E7KQ,DE,Amazon,https://www.amazon.de/dp/B0C61NXM9S,true
Samsung,43Q64D,DE,Amazon,https://www.amazon.de/dp/B0D1GWZFFS,false
Hisense,100U7KQ,DE,Amazon,https://www.amazon.de/dp/B0CJV5J96Z,true
Hisense,55S7NQ,DE,Amazon,https://www.amazon.de/dp/B0DPMYKRT5,false
Samsung,65S95F,DE,Amazon,https://www.amazon.de/dp/B0F222QCYM,true
Samsung,98QN90FATXXC,DE,Amazon,https://www.amazon.de/dp/B0F2215L4G,true
Samsung,43CU7092U,DE,Amazon,https://www.amazon.de/dp/B0CYTDD425,false
Samsung,32T4302AE,DE,Amazon,https://www.amazon.de/dp/B0C277D7N8,true
Samsung,32T4300A,DE,Amazon,https://www.amazon.de/dp/B0BWFLLW74,true
Samsung,50Q73CAU,DE,Amazon,https://www.amazon.de/dp/B0FTTK6B83,true
Samsung,40T5379A,DE,Amazon,https://www.amazon.de/dp/B0C468J9FR,true
Samsung,48J6200,DE,Amazon,https://www.amazon.de/dp/B014YV6MKC,true
LG,32LR6000,DE,Amazon,https://www.amazon.de/dp/B0F227Q92B,true
LG,24TQ510S,DE,Amazon,https://www.amazon.de/dp/B09ZV6HKQT,true
Sony,75X75WL,DE,Amazon,https://www.amazon.de/dp/B0BYP2QT3X,true
LG,32LM630B,DE,Amazon,https://www.amazon.de/dp/B07PRM2L3Q,true
LG,55QNED90A,DE,Amazon,https://www.amazon.de/dp/B0FV1YKLS3,true
LG,24TQ510SWZ,DE,Amazon,https://www.amazon.de/dp/B09ZV7BJJM,true
LG,65C4,DE,Amazon,https://www.amazon.de/dp/B0D671RPKR,false
LG,50UR781C,DE,Amazon,https://www.amazon.de/dp/B0CNXHY4JB,true
LG,32LM637B,DE,Amazon,https://www.amazon.de/dp/B08Y5RBF45,true
LG,43UR8100,DE,Amazon,https://www.amazon.de/dp/B0CVB9T643,false
LG,75QNED80T,DE,Amazon,https://www.amazon.de/dp/B0D858BKKS,false
LG,55UF8507,DE,Amazon,https://www.amazon.de/dp/B00W41YW6G,true
LG,55UH600V,DE,Amazon,https://www.amazon.de/dp/B01C8TFAY6,true
LG,65C9,DE,Amazon,https://www.amazon.de/dp/B07R5KPLX5,true
LG,55EG920V,DE,Amazon,https://www.amazon.de/dp/B016KKSXM0,true
LG,75QNED85T,DE,Amazon,https://www.amazon.de/dp/B0D361PB78,false
LG,55SM8500,DE,Amazon,https://www.amazon.de/dp/B07PMP34JH,true
TCL,55C755,DE,Amazon,https://www.amazon.de/dp/B0CF2PVLXP,true
TCL,55V6B,DE,Amazon,https://www.amazon.de/dp/B0CXF49BXG,true
TCL,32SF540,DE,Amazon,https://www.amazon.de/dp/B0CF5ZQH7Y,true
TCL,65C755,DE,Amazon,https://www.amazon.de/dp/B0CF2QM6GY,true
TCL,43P615,DE,Amazon,https://www.amazon.de/dp/B08F6Z4BFF,true
TCL,75C855,DE,Amazon,https://www.amazon.de/dp/B0CY54WYRY,true
TCL,75C935,DE,Amazon,https://www.amazon.de/dp/B09ZST89P1,true
TCL,32DS520F,DE,Amazon,https://www.amazon.de/dp/B07MXM2526,true
TCL,65C745,DE,Amazon,https://www.amazon.de/dp/B0CFJNXC5Q,true
TCL,98T8D,DE,Amazon,https://www.amazon.de/dp/B0GR9QCYJG,true
TCL,65V6B,DE,Amazon,https://www.amazon.de/dp/B0F445HP12,true
TCL,50DP661,DE,Amazon,https://www.amazon.de/dp/B07DNMJ6G5,true
TCL,50V6B,DE,Amazon,https://www.amazon.de/dp/B0DGQ9SC5M,true
Hisense,43S5DQ,DE,Amazon,https://www.amazon.de/dp/B0H5W3KFRV,true
Hisense,65A79NQ,DE,Amazon,https://www.amazon.de/dp/B0DJT45V9J,false
Hisense,75E77NQ,DE,Amazon,https://www.amazon.de/dp/B0CZXP11SJ,false
Hisense,55A69S,DE,Amazon,https://www.amazon.de/dp/B0H1N42692,true
Hisense,65N6800,DE,Amazon,https://www.amazon.de/dp/B071CSNHYW,true
Hisense,75A6BG,DE,Amazon,https://www.amazon.de/dp/B09HHN2YBD,false
Sony,32W800,DE,Amazon,https://www.amazon.de/dp/B0BNW6941F,true
Sony,65X75WL,DE,Amazon,https://www.amazon.de/dp/B0BYP2PVXK,true
Sony,65XR90,DE,Amazon,https://www.amazon.de/dp/B0DSWFM8GK,true
Sony,65X80L,DE,Amazon,https://www.amazon.de/dp/B0BZSD6QN8,true
Sony,75X80L,DE,Amazon,https://www.amazon.de/dp/B0BZSG39YM,true
Sony,85X90L,DE,Amazon,https://www.amazon.de/dp/B0BYPHDLWX,true
Sony,75X85L,DE,Amazon,https://www.amazon.de/dp/B0BYPJ5W74,true
Sony,43S35BP,DE,Amazon,https://www.amazon.de/dp/B0FCKB4NJN,true
Sony,50W815B,DE,Amazon,https://www.amazon.de/dp/B00IRWKEK4,true
Sony,85X90L,DE,Amazon,https://www.amazon.de/dp/B0C85KH7J3,true
Sony,55W755C,DE,Amazon,https://www.amazon.de/dp/B0FBWNKG31,true
Samsung,32T5372CD,DE,Amazon,https://www.amazon.de/dp/B0BWFP79TV,true
LG,47LW4500,DE,Amazon,https://www.amazon.de/dp/B004QF0PT6,true
LG,60LA7408,DE,Amazon,https://www.amazon.de/dp/B00EJF17RC,true
Sony,75X80L,DE,Amazon,https://www.amazon.de/dp/B0D3F6ZQJW,true
LG,43QNED80T,DE,Amazon,https://www.amazon.de/dp/B0D6713PYH,true
LG,43UQ8000,DE,Amazon,https://www.amazon.de/dp/B09XY3CW93,true
LG,65NANO766QA,DE,Amazon,https://www.amazon.de/dp/B09XXXZNB5,true
LG,47LA6608,DE,Amazon,https://www.amazon.de/dp/B00C5H1DI4,true
Hisense,75E7NQPRO,DE,Amazon,https://www.amazon.de/dp/B0D9617CYJ,true
Sony,65X85L,DE,Amazon,https://www.amazon.de/dp/B0BYPGRVDR,true
Sony,55BZ40L,DE,Amazon,https://www.amazon.de/dp/B0C9YPXLS1,true
Samsung,55Q6F,DE,Amazon,https://www.amazon.de/dp/B0FRSBZ8GX,true
Samsung,75DU8579,DE,Amazon,https://www.amazon.de/dp/B0CZS57M4G,false
LG,50UT8000,DE,Amazon,https://www.amazon.de/dp/B0DH8JP3Q3,true
LG,65QNED85T,DE,Amazon,https://www.amazon.de/dp/B0D84D6T45,true
TCL,50QM8B,DE,Amazon,https://www.amazon.de/dp/B0CF2NTRN3,true
TCL,55DP600,DE,Amazon,https://www.amazon.de/dp/B07MYXTWRG,true
Sony,43X80L,DE,Amazon,https://www.amazon.de/dp/B0C5728JRP,true
Sony,48A90K,DE,Amazon,https://www.amazon.de/dp/B0BJVH3F8T,true
Samsung,50U8000H,DE,Amazon,https://www.amazon.de/dp/B0H4MKFQW3,true
Samsung,75LS03DAU,DE,Amazon,https://www.amazon.de/dp/B0CSDMYNLY,false
LG,55C5,DE,Amazon,https://www.amazon.de/dp/B0FP9ZF1C8,true
LG,75QNED85A,DE,Amazon,https://www.amazon.de/dp/B0FTGLMJCD,true
Hisense,85A6Q,DE,Amazon,https://www.amazon.de/dp/B0F32QWD5H,true
Sony,65X80L,DE,Amazon,https://www.amazon.de/dp/B0C3MWZT2G,true
Sony,55AG9,DE,Amazon,https://www.amazon.de/dp/B07R4WH5B8,true
Samsung,65DU8579,DE,Amazon,https://www.amazon.de/dp/B0CZS2KH78,true
Samsung,55QN70F,DE,Amazon,https://www.amazon.de/dp/B0FZW3L422,true
LG,55UA7500,DE,Amazon,https://www.amazon.de/dp/B0GTVYL47V,true
LG,55UA731C,DE,Amazon,https://www.amazon.de/dp/B0GYQ68NGC,true
Hisense,75UR9S,DE,Amazon,https://www.amazon.de/dp/B0GR74VWBH,true
LG,65UF860V,DE,Amazon,https://www.amazon.de/dp/B019HYMWV4,true
TCL,32ES570F,DE,Amazon,https://www.amazon.de/dp/B09B52HD8N,true
TCL,65PF650K,DE,Amazon,https://www.amazon.de/dp/B0D81MXY4N,true
TCL,98QLED780,DE,Amazon,https://www.amazon.de/dp/B0DZ278SHL,true
Hisense,55A79NQ,DE,Amazon,https://www.amazon.de/dp/B0DJT1VKW2,false
Hisense,32E43NT,DE,Amazon,https://www.amazon.de/dp/B0CZXPGPFV,true
Hisense,75E79S,DE,Amazon,https://www.amazon.de/dp/B0H1N12QJX,true
Sony,55X85L,DE,Amazon,https://www.amazon.de/dp/B0BYPHSGN5,true
Samsung,83S90F,DE,Amazon,https://www.amazon.de/dp/B0F62VDWWG,true
Samsung,85U8005F,DE,Amazon,https://www.amazon.de/dp/B0F227SNKB,true
LG,100QNED85A,DE,Amazon,https://www.amazon.de/dp/B0F38NKF9Q,true
LG,65QNED80T,DE,Amazon,https://www.amazon.de/dp/B0DJT35RZ1,true
TCL,32S335,DE,Amazon,https://www.amazon.de/dp/B07V9X1JXC,true
Hisense,32A4HNF,DE,Amazon,https://www.amazon.de/dp/B0FN6KJVWJ,true
Hisense,85U7DS,DE,Amazon,https://www.amazon.de/dp/B0GTW679YV,true
Hisense,43E79S,DE,Amazon,https://www.amazon.de/dp/B0H1MXKY2Q,true
LG,43NANO81A6A,DE,Amazon,https://www.amazon.de/dp/B0FFH1FK6M,true
LG,55QNED70A,DE,Amazon,https://www.amazon.de/dp/B0FQP852W5,true
LG,55QNED80A,DE,Amazon,https://www.amazon.de/dp/B0FFH1PYHB,true
Hisense,65U7SPRO,DE,Amazon,https://www.amazon.de/dp/B0GT2HY84T,true
Sony,85BZ40L,DE,Amazon,https://www.amazon.de/dp/B0CD2NNCYW,true
Samsung,75QN95DAT,DE,Amazon,https://www.amazon.de/dp/B0F38F5CTZ,true
Samsung,75LS03FW,DE,Amazon,https://www.amazon.de/dp/B0GSGX3PLC,true
LG,55QNED90A,DE,Amazon,https://www.amazon.de/dp/B0FQP3S1SZ,true
TCL,40SF540,DE,Amazon,https://www.amazon.de/dp/B0CF61DTJW,true
TCL,65X925,DE,Amazon,https://www.amazon.de/dp/B09B54S177,true
TCL,75T8A,DE,Amazon,https://www.amazon.de/dp/B0CFB2F4XN,true
TCL,50P7K,DE,Amazon,https://www.amazon.de/dp/B0F9FMTPH8,true
Hisense,65A6BG,DE,Amazon,https://www.amazon.de/dp/B09X6YYV5Z,true
Hisense,65E77NQ,DE,Amazon,https://www.amazon.de/dp/B0CZXPSPHZ,true
Sony,65A83L,DE,Amazon,https://www.amazon.de/dp/B0DB5C35DC,true
Samsung,55R85H,GB,Currys,https://www.currys.co.uk/products/samsung-r85h-55-micro-rgb-4k-smart-ai-tv-2026-mre55r85h-10303250.html,true
LG,55C6,GB,Currys,https://www.currys.co.uk/products/lg-c6-55-oled-ai-4k-hdr-smart-tv-2026-oled55c64la-10301942.html,true
Hisense,55U7S,GB,Currys,https://www.currys.co.uk/products/hisense-u7s-55-mini-led-4k-144hz-smart-ai-tv-with-freely-55u7stuk-10300452.html,true
LG,48C6,GB,Currys,https://www.currys.co.uk/products/lg-c6-48-oled-ai-4k-hdr-smart-tv-2026-oled48c64la-10301976.html,true
Sony,65XR75M2,GB,Currys,https://www.currys.co.uk/products/sony-bravia-7-ii-65-true-rgb-mini-led-4k-hdr-smart-tv-2026-k65xr75m2-10304824.html,true
LG,77G5,GB,Currys,https://www.currys.co.uk/products/lg-g5-77-oled-evo-ai-4k-hdr-smart-tv-2025-wall-mount-version-oled77g54lw-10280777.html,true
LG,65MRGB87B,GB,Currys,https://www.currys.co.uk/products/lg-mrgb88-65-mini-rgb-ai-4k-hdr-smart-tv-2026-65mrgb88b6b-10301919.html,true
Hisense,65U7S,GB,Currys,https://www.currys.co.uk/products/hisense-u7s-65-mini-led-4k-144hz-smart-ai-tv-with-freely-65u7stuk-10300451.html,true
Hisense,55A6Q,GB,Currys,https://www.currys.co.uk/products/hisense-a6q-55-led-4k-hdr-smart-tv-with-freely-55a6qtuk-10283886.html,true
Samsung,55QN70F,GB,Currys,https://www.currys.co.uk/products/samsung-qn70f-55-neo-qled-4k-mini-led-vision-ai-smart-tv-2025-qe55qn70f-10282625.html,true
Hisense,50A6Q,GB,Currys,https://www.currys.co.uk/products/hisense-a6q-50-led-4k-hdr-smart-tv-with-freely-50a6qtuk-10284267.html,true
Samsung,65Q7F,GB,Currys,https://www.currys.co.uk/products/samsung-q7f-65-qled-4k-vision-ai-smart-tv-2025-qe65q7f-10282636.html,true
Hisense,43A6Q,GB,Currys,https://www.currys.co.uk/products/hisense-a6q-43-led-4k-hdr-smart-tv-with-freely-43a6qtuk-10283938.html,true
LG,32LB650B,GB,Currys,https://www.currys.co.uk/products/lg-lb650b-32-smart-hd-hdr-led-tv-32lb650b6la-10305648.html,true
Hisense,65A6Q,GB,Currys,https://www.currys.co.uk/products/hisense-a6q-65-led-4k-hdr-smart-tv-with-freely-65a6qtuk-10283892.html,true
LG,43QNED70B,GB,Currys,https://www.currys.co.uk/products/lg-qned72-43-qned-ai-4k-hdr-smart-tv-2026-43qned72b6b-10301317.html,true
LG,24LB7000,GB,Currys,https://www.currys.co.uk/products/lg-lb7000-24-smart-full-hd-hdr-led-tv-24lb70006la-10305668.html,true
Samsung,55M70H,GB,Currys,https://www.currys.co.uk/products/samsung-m70h-55-4k-mini-led-vision-ai-smart-tv-2026-ue55m70h-10303429.html,true
Samsung,65M70H,GB,Currys,https://www.currys.co.uk/products/samsung-m70h-65-4k-mini-led-vision-ai-smart-tv-2026-ue65m70h-10303419.html,true
Hisense,43E7Q,GB,Currys,https://www.currys.co.uk/products/hisense-e7q-43-qled-4k-smart-ai-tv-with-freely-43e7qtuk-10284262.html,true
Hisense,50E7Q,GB,Currys,https://www.currys.co.uk/products/hisense-e7q-50-qled-4k-smart-ai-tv-with-freely-50e7qtuk-10286826.html,true
LG,27LB7000,GB,Currys,https://www.currys.co.uk/products/lg-lb7000-27-smart-full-hd-hdr-led-tv-27lb70006la-10305670.html,true
LG,43NU800B,GB,Currys,https://www.currys.co.uk/products/lg-nu80-43-led-4k-hdr-smart-tv-2026-43nu800b6lc-10301422.html,true
LG,65NANO81A6A,GB,Currys,https://www.currys.co.uk/products/lg-nano81a-65-nanocell-ai-4k-hdr-smart-tv-2025-65nano81a6a-10282143.html,true
Samsung,75M70H,GB,Currys,https://www.currys.co.uk/products/samsung-m70h-75-4k-mini-led-vision-ai-smart-tv-2026-ue75m70h-10303426.html,true
TCL,50C7K,GB,Currys,https://www.currys.co.uk/products/tcl-c7k-50-qdmini-led-4k-hdr-smart-google-tv-50c7k-10281809.html,true
Samsung,43M70H,GB,Currys,https://www.currys.co.uk/products/samsung-m70h-43-4k-mini-led-vision-ai-smart-tv-2026-ue43m70h-10303424.html,true
Sony,43S32BP,GB,Currys,https://www.currys.co.uk/products/sony-bravia-3-43-led-4k-hdr-ai-smart-tv-k43s38bp-10282778.html,true
LG,42C5,GB,Currys,https://www.currys.co.uk/products/lg-c5-42-oled-evo-ai-4k-hdr-smart-tv-2025-oled42c54la-10281538.html,true
TCL,43T6C,GB,Currys,https://www.currys.co.uk/products/tcl-t6c-43-qled-4k-hdr-smart-fire-tv-with-freely-43t6cuk-10283934.html,true
Hisense,43E6Q,GB,Currys,https://www.currys.co.uk/products/hisense-e6q-43-led-4k-hdr-smart-tv-with-freely-43e6qtuk-10285478.html,true
Samsung,50QN70H,GB,Currys,https://www.currys.co.uk/products/samsung-qn70h-50-neo-qled-4k-mini-led-vision-ai-smart-tv-2026-qe50qn70h-10303264.html,true
LG,48G5,GB,Currys,https://www.currys.co.uk/products/lg-g5-48-oled-evo-ai-4k-hdr-smart-tv-2025-stand-version-oled48g56ls-10281558.html,true
Samsung,65QN70H,GB,Currys,https://www.currys.co.uk/products/samsung-qn70h-65-neo-qled-4k-mini-led-vision-ai-smart-tv-2026-qe65qn70h-10303402.html,true
Sony,43S25M2PB,GB,Currys,https://www.currys.co.uk/products/sony-bravia-2-ii-43%E2%80%9D-smart-4k-hdr-led-tv-k43s25m2pb-10303050.html,true
Sony,55XR8M25BP,GB,Currys,https://www.currys.co.uk/products/sony-bravia-8-ii-55-qdoled-4k-hdr-ai-smart-tv-k55xr8m25bp-10282779.html,true
Sony,65S25M2PB,GB,Currys,https://www.currys.co.uk/products/sony-bravia-2-ii-65%E2%80%9D-smart-4k-hdr-led-tv-k65s25m2pb-10303619.html,true
Sony,65XR8M25B,GB,Currys,https://www.currys.co.uk/products/sony-bravia-8-ii-65-qdoled-4k-hdr-ai-smart-tv-k65xr8m25b-10282242.html,true
Sony,55S25M2PB,GB,Currys,https://www.currys.co.uk/products/sony-bravia-2-ii-55%E2%80%9D-smart-4k-hdr-led-tv-k55s25m2pb-10303071.html,true
Samsung,65S90H,GB,Currys,https://www.currys.co.uk/products/samsung-s90h-65-oled-glare-free-4k-vision-ai-smart-tv-2026-qe65s90h-10304096.html,true
Samsung,43LS03H,GB,Currys,https://www.currys.co.uk/products/samsung-the-frame-2026-43-qled-4k-art-mode-smart-ai-tv-with-slim-fit-wall-mount-qe43ls03h-10303432.html,true
TCL,32V5D,GB,Currys,https://www.currys.co.uk/products/tcl-v5d-32-qled-full-hd-hdr-smart-fire-tv-with-freely-2026-32v5duk-10306165.html,true
Sony,50S25M2PB,GB,Currys,https://www.currys.co.uk/products/sony-bravia-2-ii-50%E2%80%9D-smart-4k-hdr-led-tv-k50s25m2pb-10303591.html,true
Sony,55XR80PU,GB,Currys,https://www.currys.co.uk/products/sony-bravia-8-55-oled-4k-hdr-ai-smart-tv-k55xr80pu-10264125.html,true
Samsung,55LS03H,GB,Currys,https://www.currys.co.uk/products/samsung-the-frame-pro-2026-55-neo-qled-4k-art-mode-smart-ai-tv-with-slim-fit-wall-mount-qe55ls03h-10303420.html,true
Sony,65XR80U,GB,Currys,https://www.currys.co.uk/products/sony-bravia-8-65-oled-4k-hdr-ai-smart-tv-k65xr80u-10264099.html,true
Samsung,65M80H,GB,Currys,https://www.currys.co.uk/products/samsung-m80h-65-mini-led-4k-vision-ai-smart-tv-2026-ue65m80h-10303347.html,true
TCL,40V5D,GB,Currys,https://www.currys.co.uk/products/tcl-v5d-40-qled-full-hd-hdr-smart-fire-tv-with-freely-2026-40v5duk-10306161.html,true
Sony,50XR75M2,GB,Currys,https://www.currys.co.uk/products/sony-bravia-7-ii-50-true-rgb-mini-led-4k-hdr-smart-tv-2026-k50xr75m2-10304676.html,true
Hisense,55UR8S,GB,Currys,https://www.currys.co.uk/products/hisense-ur8s-55-rgb-mini-led-4k-180hz-smart-ai-tv-with-freely-55ur8stuk-10303062.html,true
Sony,55XR75M2,GB,Currys,https://www.currys.co.uk/products/sony-bravia-7-ii-55-true-rgb-mini-led-4k-hdr-smart-tv-2026-k55xr75m2-10304710.html,true
LG,43QNED85B,GB,Currys,https://www.currys.co.uk/products/lg-qned86-43-qned-ai-mini-led-4k-hdr-smart-tv-2026-43qned86b6b-10301869.html,true
Sony,50S32BP,GB,Currys,https://www.currys.co.uk/products/sony-bravia-3-50-led-4k-hdr-ai-smart-tv-k50s38bp-10282793.html,true
Sony,75S25M2PB,GB,Currys,https://www.currys.co.uk/products/sony-bravia-2-ii-75%E2%80%9D-smart-4k-hdr-led-tv-k75s25m2pb-10303031.html,true
Hisense,32S5Q,GB,Currys,https://www.currys.co.uk/products/hisense-deco-32s5qtuk-32-smart-full-hd-hdr-led-tv-with-freely-white-10293663.html,true
Sony,55S32B,GB,Currys,https://www.currys.co.uk/products/sony-bravia-3-55-led-4k-hdr-ai-smart-tv-k55s38b-10282781.html,true
Hisense,65UR8S,GB,Currys,https://www.currys.co.uk/products/hisense-ur8s-65-rgb-mini-led-4k-180hz-smart-ai-tv-with-freely-65ur8stuk-10303058.html,true
Sony,65S32BP,GB,Currys,https://www.currys.co.uk/products/sony-bravia-3-65-led-4k-hdr-ai-smart-tv-k65s38bp-10282788.html,true
TCL,43SF560,GB,Currys,https://www.currys.co.uk/products/tcl-sf560-43%E2%80%9D-qled-full-hd-smart-fire-tv-43sf560uk-10289019.html,true
Samsung,50U8090H,GB,Currys,https://www.currys.co.uk/products/samsung-u8000h-50-crystal-uhd-4k-hdr-smart-tv-2026-ue50u8000h-10303412.html,true
Samsung,43U8090H,GB,Currys,https://www.currys.co.uk/products/samsung-u8000h-43-crystal-uhd-4k-hdr-smart-tv-2026-ue43u8000h-10303406.html,true
Hisense,32A5Q,GB,Currys,https://www.currys.co.uk/products/hisense-a5q-32-qled-full-hd-hdr-smart-tv-with-freely-32a5qtuk-10283872.html,true
Samsung,24F6000,GB,Currys,https://www.currys.co.uk/products/samsung-ue24f6000fkxxu-24-smart-full-hd-hdr-led-tv-10286602.html,true
Samsung,55U8090H,GB,Currys,https://www.currys.co.uk/products/samsung-u8000h-55-crystal-uhd-4k-hdr-smart-tv-2026-ue55u8000h-10303413.html,true
Hisense,65E6Q,GB,Currys,https://www.currys.co.uk/products/hisense-e6q-65-led-4k-hdr-smart-tv-with-freely-65e6qtuk-10285474.html,true
Samsung,32F6000,GB,Currys,https://www.currys.co.uk/products/samsung-ue32f6000fkxxu-32-smart-full-hd-hdr-led-tv-10286717.html,true
LG,48B5,GB,Currys,https://www.currys.co.uk/products/lg-b5-48-oled-ai-4k-hdr-smart-tv-2025-oled48b56la-10282097.html,true
Samsung,75U8090H,GB,Currys,https://www.currys.co.uk/products/samsung-u8000h-75-crystal-uhd-4k-hdr-smart-tv-2026-ue75u8000h-10303410.html,true
Hisense,40A4Q,GB,Currys,https://www.currys.co.uk/products/hisense-a4q-40-led-full-hd-hdr-smart-tv-with-freely-40a4qtuk-10286230.html,true
Hisense,55A85Q,GB,Currys,https://www.currys.co.uk/products/hisense-a85q-55-oled-4k-smart-ai-tv-with-freely-55a85qtuk-10289262.html,true
Samsung,43QN70H,GB,Currys,https://www.currys.co.uk/products/samsung-qn70h-43-neo-qled-4k-mini-led-vision-ai-smart-tv-2026-qe43qn70h-10303271.html,true
Samsung,65U8000H,GB,Currys,https://www.currys.co.uk/products/samsung-u8000h-65-crystal-uhd-4k-hdr-smart-tv-2026-ue65u8000h-10303404.html,true
Hisense,58A6Q,GB,Currys,https://www.currys.co.uk/products/hisense-a6q-58-led-4k-hdr-smart-tv-with-freely-58a6qtuk-10285232.html,true
Samsung,32LS03CB,GB,Currys,https://www.currys.co.uk/products/samsung-the-frame-art-mode-qe32ls03cbuxxu-32-smart-full-hd-hdr-qled-tv-with-bixby-and-alexa-10248839.html,true
LG,50NU800B,GB,Currys,https://www.currys.co.uk/products/lg-nu80-50-led-4k-hdr-smart-tv-2026-50nu800b6lc-10301322.html,true
LG,65QNED70B,GB,Currys,https://www.currys.co.uk/products/lg-qned72-65-qned-ai-4k-hdr-smart-tv-2026-65qned72b6b-10301330.html,true
LG,75NU800B,GB,Currys,https://www.currys.co.uk/products/lg-nu80-75-led-4k-hdr-smart-tv-2026-75nu800b6la-10301328.html,true
Samsung,32H5000,GB,Currys,https://www.currys.co.uk/products/samsung-ue32h5000fkxxu-32-smart-hd-ready-hdr-led-tv-10286718.html,true
Hisense,43A7Q,GB,Currys,https://www.currys.co.uk/products/hisense-a7q-43-qled-4k-smart-ai-tv-with-freely-43a7qtuk-10283936.html,true
LG,55NU800B,GB,Currys,https://www.currys.co.uk/products/lg-nu80-55-led-4k-hdr-smart-tv-2026-55nu800b6la-10301332.html,true
LG,48C5,GB,Currys,https://www.currys.co.uk/products/lg-c5-48-oled-evo-ai-4k-hdr-smart-tv-2025-oled48c54la-10281782.html,true
Hisense,50U7Q,GB,Currys,https://www.currys.co.uk/products/hisense-u7q-50-mini-led-4k-144hz-smart-ai-tv-with-freely-50u7qtuk-10284445.html,true
LG,65B5,GB,Currys,https://www.currys.co.uk/products/lg-b5-65-oled-ai-4k-hdr-smart-tv-2025-oled65b56la-10281772.html,true
LG,55QNED70B,GB,Currys,https://www.currys.co.uk/products/lg-qned72-55-qned-ai-4k-hdr-smart-tv-2026-55qned72b6b-10301339.html,true
Samsung,85U8000H,GB,Currys,https://www.currys.co.uk/products/samsung-u8000h-85-crystal-uhd-4k-hdr-smart-tv-2026-ue85u8000h-10303430.html,true
Samsung,50M70H,GB,Currys,https://www.currys.co.uk/products/samsung-m70h-50-4k-mini-led-vision-ai-smart-tv-2026-ue50m70h-10304109.html,true
Hisense,40A5Q,GB,Currys,https://www.currys.co.uk/products/hisense-a5q-40-qled-full-hd-hdr-smart-tv-with-freely-40a5qtuk-10283624.html,true
LG,50QNED70B,GB,Currys,https://www.currys.co.uk/products/lg-qned72-50-qned-ai-4k-hdr-smart-tv-2026-50qned72b6b-10301337.html,true
LG,55C6,GB,Currys,https://www.currys.co.uk/products/lg-c6-55-oled-ai-4k-hdr-smart-tv-2026-oled55c64la-and-us60tr-5.1-wireless-sound-bar-bundle-10306878.html,true
Hisense,55A7Q,GB,Currys,https://www.currys.co.uk/products/hisense-a7q-55-qled-4k-smart-ai-tv-with-freely-55a7qtuk-10283601.html,true
Samsung,65U8005F,GB,Currys,https://www.currys.co.uk/products/samsung-u8000f-65-crystal-uhd-4k-hdr-smart-tv-2025-ue65u8000f-10282803.html,true
LG,43NU850B,GB,Currys,https://www.currys.co.uk/products/lg-nu85-43-led-4k-hdr-smart-tv-2026-43nu850b6la-10301897.html,true
Samsung,55S90H,GB,Currys,https://www.currys.co.uk/products/samsung-s90h-55-oled-glare-free-4k-vision-ai-smart-tv-2026-qe55s90h-10303255.html,true
Samsung,65LS03FW,GB,Currys,https://www.currys.co.uk/products/samsung-the-frame-pro-2025-65-neo-qled-4k-art-mode-smart-ai-tv-with-slim-fit-wall-mount-qe65ls03fw-10284855.html,true
LG,65NU800B,GB,Currys,https://www.currys.co.uk/products/lg-nu80-65-led-4k-hdr-smart-tv-2026-65nu800b6la-10301335.html,true
TCL,85C7K,GB,Currys,https://www.currys.co.uk/products/tcl-c7k-85-qdmini-led-4k-hdr-smart-google-tv-85c7k-10283894.html,true
Hisense,43E7SPRO,GB,Currys,https://www.currys.co.uk/products/hisense-e7s-pro-43-qled-4k-hdr-smart-tv-with-freely-43e7qtuk-pro-10301005.html,true
LG,55QNED85A,GB,Currys,https://www.currys.co.uk/products/lg-qned86-55-qned-evo-ai-mini-led-4k-hdr-smart-tv-2025-55qned86a6a-10281766.html,true
LG,65G6,GB,Currys,https://www.currys.co.uk/products/lg-g6-65-oled-ai-4k-hdr-smart-tv-2026-wall-mount-version-oled65g64lw-10301388.html,true
TCL,65C8K,GB,Currys,https://www.currys.co.uk/products/tcl-c8k-65-qdmini-led-4k-hdr-smart-google-tv-65c8kuk-10292122.html,true
LG,65QNED85A,GB,Currys,https://www.currys.co.uk/products/lg-qned86-65-qned-evo-ai-mini-led-4k-hdr-smart-tv-2025-65qned86a6a-10281767.html,true
Hisense,75Q7S,GB,Currys,https://www.currys.co.uk/products/hisense-q7s-75-qled-4k-smart-ai-tv-with-freely-75q7stuk-10301025.html,true
LG,50QNED80A,GB,Currys,https://www.currys.co.uk/products/lg-qned82-50-qned-ai-4k-hdr-smart-tv-2025-50qned82a6b-10281776.html,true
Hisense,65E7Q,GB,Currys,https://www.currys.co.uk/products/hisense-e7q-65-qled-4k-smart-ai-tv-with-freely-65e7qtuk-10283891.html,true
LG,43QNED80A,GB,Currys,https://www.currys.co.uk/products/lg-qned82-43-qned-ai-4k-hdr-smart-tv-2025-43qned82a6b-10281532.html,true
LG,65C6,GB,Currys,https://www.currys.co.uk/products/lg-c6-65-oled-ai-4k-hdr-smart-tv-2026-oled65c64la-10301788.html,true
Hisense,75A6Q,GB,Currys,https://www.currys.co.uk/products/hisense-a6q-75-led-4k-hdr-smart-tv-with-freely-75a6qtuk-10283887.html,true
LG,65UA7500,GB,Currys,https://www.currys.co.uk/products/lg-ua75-65-led-4k-hdr-smart-tv-2025-65ua75006la-10282141.html,true
Hisense,50A7Q,GB,Currys,https://www.currys.co.uk/products/hisense-a7q-50-qled-4k-smart-ai-tv-with-freely-50a7qtuk-10286693.html,true
Samsung,55S95H,GB,Currys,https://www.currys.co.uk/products/samsung-s95h-55-oled-glare-free-4k-vision-ai-smart-tv-2026-qe55s95h-10303294.html,true
TCL,43P7L,GB,Currys,https://www.currys.co.uk/products/tcl-p7l-43-qled-4k-hdr-smart-google-tv-2026-43p7luk-10304035.html,true
Hisense,50U7S,GB,Currys,https://www.currys.co.uk/products/hisense-u7s-50-mini-led-4k-144hz-smart-ai-tv-with-freely-50u7stuk-10300718.html,true
Samsung,98U9000H,GB,Currys,https://www.currys.co.uk/products/samsung-u9000h-98-crystal-uhd-4k-hdr-smart-tv-2026-ue98u9000h-10306571.html,true
LG,55B6,GB,Currys,https://www.currys.co.uk/products/lg-b6-55-oled-ai-4k-hdr-smart-tv-2026-oled55b65la-10301871.html,true
TCL,98C7K,GB,Currys,https://www.currys.co.uk/products/tcl-c7k-98-qdmini-led-4k-hdr-smart-google-tv-98c7k-10285853.html,true
Hisense,55U7Q,GB,Currys,https://www.currys.co.uk/products/hisense-u7q-55-mini-led-4k-144hz-smart-ai-tv-with-freely-55u7qtuk-10283882.html,true
LG,77C6,GB,Currys,https://www.currys.co.uk/products/lg-c6-77-oled-ai-4k-hdr-smart-tv-2026-oled77c64la-10302008.html,true
Samsung,65S95H,GB,Currys,https://www.currys.co.uk/products/samsung-s95h-65-oled-glare-free-4k-vision-ai-smart-tv-2026-qe65s95h-10303237.html,true
LG,65G5,GB,Currys,https://www.currys.co.uk/products/lg-g5-65-oled-evo-ai-4k-hdr-smart-tv-2025-wall-mount-version-oled65g54lw-10280771.html,true
LG,42C6,GB,Currys,https://www.currys.co.uk/products/lg-c6-42-oled-ai-4k-hdr-smart-tv-2026-oled42c64la-10301785.html,true
Hisense,55E6Q,GB,Currys,https://www.currys.co.uk/products/hisense-e6q-55-led-4k-hdr-smart-tv-with-freely-55e6qtuk-10285472.html,true
LG,65NU850B,GB,Currys,https://www.currys.co.uk/products/lg-nu85-65-led-4k-hdr-smart-tv-2026-65nu850b6la-10301877.html,true
TCL,65V6D,GB,Currys,https://www.currys.co.uk/products/tcl-v6d-65-led-4k-hdr-smart-fire-tv-2026-65v6duk-10304105.html,true
LG,55G6,GB,Currys,https://www.currys.co.uk/products/lg-g6-55-oled-ai-4k-hdr-smart-tv-2026-wall-mount-version-oled55g64lw-10301338.html,true
Samsung,55QN80H,GB,Currys,https://www.currys.co.uk/products/samsung-qn80h-55-neo-qled-4k-mini-led-vision-ai-smart-tv-2026-qe55qn80h-10303335.html,true
Samsung,50QN80H,GB,Currys,https://www.currys.co.uk/products/samsung-qn80h-50-neo-qled-4k-mini-led-vision-ai-smart-tv-2026-qe50qn80h-10303328.html,true
Hisense,55Q7S,GB,Currys,https://www.currys.co.uk/products/hisense-q7s-55-qled-4k-smart-ai-tv-with-freely-55q7stuk-10301042.html,true
TCL,65P7K,GB,Currys,https://www.currys.co.uk/products/tcl-65p7k-65-smart-4k-ultra-hd-hdr-qled-tv-10275965.html,true
Hisense,85E7QPRO,GB,Currys,https://www.currys.co.uk/products/hisense-e7q-pro-85-qled-4k-hdr-smart-tv-with-freely-85e7qtuk-pro-10282782.html,true
LG,55MRGB87B,GB,Currys,https://www.currys.co.uk/products/lg-mrgb88-55-mini-rgb-ai-4k-hdr-smart-tv-2026-55mrgb88b6b-10301924.html,true
LG,65QNED70A,GB,Currys,https://www.currys.co.uk/products/lg-qned70-65-qned-ai-4k-hdr-smart-tv-2025-65qned70a6a-10291881.html,true
Samsung,85M70H,GB,Currys,https://www.currys.co.uk/products/samsung-m70h-85-4k-mini-led-vision-ai-smart-tv-2026-ue85m70h-10303351.html,true
LG,65G6,GB,Currys,https://www.currys.co.uk/products/lg-g6-65-oled-ai-4k-hdr-smart-tv-2026-stand-version-oled65g66ls-10301977.html,true
Hisense,55S7NQ,GB,Currys,https://www.currys.co.uk/products/hisense-canvas-s7nq-55-qled-4k-smart-tv-with-freely-and-art-mode-55s7nqtuk-10272994.html,true
LG,48G6,GB,Currys,https://www.currys.co.uk/products/lg-g6-48-oled-ai-4k-hdr-smart-tv-2026-stand-version-oled48g66ls-10301802.html,true
LG,55QNED70A,GB,Currys,https://www.currys.co.uk/products/lg-qned70-55-qned-ai-4k-hdr-smart-tv-2025-55qned70a6a-10291924.html,true
LG,75NU850B,GB,Currys,https://www.currys.co.uk/products/lg-nu85-75-led-4k-hdr-smart-tv-2026-75nu850b6la-10301899.html,true
Hisense,85U8Q,GB,Currys,https://www.currys.co.uk/products/hisense-u8q-85-mini-led-4k-165hz-smart-ai-tv-with-freely-85u8qtuk-10286232.html,true
Samsung,55M80H,GB,Currys,https://www.currys.co.uk/products/samsung-m80h-55-mini-led-4k-vision-ai-smart-tv-2026-ue55m80h-10303339.html,true
Hisense,65A7Q,GB,Currys,https://www.currys.co.uk/products/hisense-a7q-65-qled-4k-smart-ai-tv-with-freely-65a7qtuk-10288374.html,true
Hisense,85E7Q,GB,Currys,https://www.currys.co.uk/products/hisense-e7q-85-qled-4k-smart-ai-tv-with-freely-85e7qtuk-10284345.html,true
TCL,55C8L,GB,Currys,https://www.currys.co.uk/products/tcl-c8l-55-sqdmini-led-4k-hdr-smart-google-tv-55c8luk-10303596.html,true
Samsung,48S90H,GB,Currys,https://www.currys.co.uk/products/samsung-s90h-48-oled-glare-free-4k-vision-ai-smart-tv-2026-qe48s90h-10303411.html,true
Samsung,77S95H,GB,Currys,https://www.currys.co.uk/products/samsung-s95h-77-oled-glare-free-4k-vision-ai-smart-tv-2026-qe77s95h-10303267.html,true
Hisense,65U7Q,GB,Currys,https://www.currys.co.uk/products/hisense-u7q-65-mini-led-4k-144hz-smart-ai-tv-with-freely-65u7qtuk-10282795.html,true
LG,48C6,GB,Currys,https://www.currys.co.uk/products/lg-c6-48-oled-ai-4k-hdr-smart-tv-oled48c64l-and-us20a-2.0-compact-sound-bar-bundle-10306881.html,true
LG,77C6,GB,Currys,https://www.currys.co.uk/products/lg-c6-77-oled-ai-4k-hdr-smart-tv-2026-oled77c64la-and-us70tr-5.1.1-wireless-sound-bar-bundle-10306874.html,true
LG,55G6,GB,Currys,https://www.currys.co.uk/products/lg-g6-55-oled-ai-4k-hdr-smart-tv-2026-stand-version-oled55g66ls-10301989.html,true
Samsung,75QN70H,GB,Currys,https://www.currys.co.uk/products/samsung-qn70h-75-neo-qled-4k-mini-led-vision-ai-smart-tv-2026-qe75qn70h-10303249.html,true
LG,85NU800B,GB,Currys,https://www.currys.co.uk/products/lg-nu80-85-led-4k-hdr-smart-tv-2026-85nu800b6la-10301318.html,true
LG,55NU850B,GB,Currys,https://www.currys.co.uk/products/lg-nu85-55-led-4k-hdr-smart-tv-2026-55nu850b6la-10301887.html,true
LG,85QNED70B,GB,Currys,https://www.currys.co.uk/products/lg-qned72-85-qned-ai-4k-hdr-smart-tv-2026-85qned72b6a-10301307.html,true
Hisense,65Q7S,GB,Currys,https://www.currys.co.uk/products/hisense-q7s-65-qled-4k-smart-ai-tv-with-freely-65q7stuk-10301036.html,true
LG,50QNED85B,GB,Currys,https://www.currys.co.uk/products/lg-qned86-50-qned-ai-mini-led-4k-hdr-smart-tv-2026-50qned86b6b-10301894.html,true
Samsung,65Q8F,GB,Currys,https://www.currys.co.uk/products/samsung-q8f-65-qled-4k-vision-ai-smart-tv-2025-qe65q8f-10282622.html,true
TCL,55C7L,GB,Currys,https://www.currys.co.uk/products/tcl-c7l-55-sqdmini-led-4k-hdr-smart-google-tv-55c7luk-10303682.html,true
TCL,50C6K,GB,Currys,https://www.currys.co.uk/products/tcl-c6k-50-qdmini-led-4k-hdr-smart-google-tv-50c6k-10290284.html,true
Hisense,50Q7S,GB,Currys,https://www.currys.co.uk/products/hisense-q7s-50-qled-4k-smart-ai-tv-with-freely-50q7stuk-10301002.html,true
Sony,75XR75M2,GB,Currys,https://www.currys.co.uk/products/sony-bravia-7-ii-75-true-rgb-mini-led-4k-hdr-smart-tv-2026-75xr75m2-10304819.html,true
Samsung,48S95H,GB,Currys,https://www.currys.co.uk/products/samsung-s95h-48-oled-glare-free-4k-vision-ai-smart-tv-2026-qe48s95h-10303279.html,true
LG,75QNED70B,GB,Currys,https://www.currys.co.uk/products/lg-qned72-75-qned-ai-4k-hdr-smart-tv-2026-75qned72b6a-10301333.html,true
TCL,65PF650K,GB,Currys,https://www.currys.co.uk/products/tcl-65pf650k-fire-tv-65-smart-4k-ultra-hd-hdr-led-tv-with-amazon-alexa-10268413.html,true
Hisense,65A85Q,GB,Currys,https://www.currys.co.uk/products/hisense-a85q-65-oled-4k-smart-ai-tv-with-freely-65a85qtuk-10286383.html,true
LG,50NU850B,GB,Currys,https://www.currys.co.uk/products/lg-nu85-50-led-4k-hdr-smart-tv-2026-50nu850b6la-10301925.html,true
Sony,77XR8AB,GB,Currys,https://www.currys.co.uk/products/sony-bravia-8a-77-oled-4k-hdr-ai-smart-tv-k77xr8ab-10291817.html,true
LG,55QNED70B,GB,Currys,https://www.currys.co.uk/products/lg-qned7e-55-qned-ai-mini-led-4k-hdr-smart-tv-2026-55qned7eb3c-10301939.html,true
Hisense,55E7SPRO,GB,Currys,https://www.currys.co.uk/products/hisense-e7s-pro-55-qled-4k-hdr-smart-tv-with-freely-55e7stuk-pro-10300882.html,true
Samsung,75Q8F,GB,Currys,https://www.currys.co.uk/products/samsung-q8f-75-qled-4k-vision-ai-smart-tv-2025-qe75q8f-10282621.html,true
LG,42C6,GB,Currys,https://www.currys.co.uk/products/lg-c6-42-oled-ai-4k-hdr-smart-tv-2026-oled42c64la-and-us20a-2.0-compact-sound-bar-bundle-10306882.html,true
LG,83C6,GB,Currys,https://www.currys.co.uk/products/lg-c6-83-oled-ai-4k-hdr-smart-tv-2026-oled83c64la-10301872.html,true
LG,50MRGB87B,GB,Currys,https://www.currys.co.uk/products/lg-mrgb88-50-mini-rgb-ai-4k-hdr-smart-tv-2026-50mrgb88b6b-10301888.html,true
Hisense,100U7QPRO,GB,Currys,https://www.currys.co.uk/products/hisense-u7q-pro-100-mini-led-4k-165hz-smart-ai-tv-with-freely-100u7qtuk-pro-10284341.html,true
LG,55G5,GB,Currys,https://www.currys.co.uk/products/lg-g5-55-oled-evo-ai-4k-hdr-smart-tv-2025-wall-mount-version-oled55g54lw-10280772.html,true
Samsung,75M80H,GB,Currys,https://www.currys.co.uk/products/samsung-m80h-75-mini-led-4k-vision-ai-smart-tv-2026-ue75m80h-10303332.html,true
LG,48B6,GB,Currys,https://www.currys.co.uk/products/lg-b6-48-oled-ai-4k-hdr-smart-tv-2026-oled48b65la-10301903.html,true
TCL,65C7L,GB,Currys,https://www.currys.co.uk/products/tcl-c7l-65-sqdmini-led-4k-hdr-smart-google-tv-65c7luk-10303595.html,true
Samsung,65LS03H,GB,Currys,https://www.currys.co.uk/products/samsung-the-frame-pro-2026-65-neo-qled-4k-art-mode-smart-ai-tv-with-slim-fit-wall-mount-qe65ls03h-10303422.html,true
Samsung,42S90H,GB,Currys,https://www.currys.co.uk/products/samsung-s90h-42-oled-glare-free-4k-vision-ai-smart-tv-2026-qe42s90h-10303262.html,true
LG,55QNED85B,GB,Currys,https://www.currys.co.uk/products/lg-qned86-55-qned-ai-mini-led-4k-hdr-smart-tv-2026-55qned86b6b-10301915.html,true
Sony,65XR55B,GB,Currys,https://www.currys.co.uk/products/sony-bravia-5-65-xr-mini-led-4k-hdr-smart-tv-k65xr55b-10282787.html,true
Sony,85XR75M2,GB,Currys,https://www.currys.co.uk/products/sony-bravia-7-ii-85-true-rgb-mini-led-4k-hdr-smart-tv-2026-k85xr75m2-10304688.html,true
LG,43LR6000,GB,Currys,https://www.currys.co.uk/products/lg-43lr60006la-43-smart-full-hd-hdr-led-tv-10294362.html,true
Samsung,55S85H,GB,Currys,https://www.currys.co.uk/products/samsung-s85h-55-oled-4k-vision-ai-smart-tv-2026-qe55s85h-10303228.html,true
Hisense,55U8Q,GB,Currys,https://www.currys.co.uk/products/hisense-u8q-55-mini-led-4k-165hz-smart-ai-tv-with-freely-55u8qtuk-10284265.html,true
Samsung,55QN70H,GB,Currys,https://www.currys.co.uk/products/samsung-qn70h-55-neo-qled-4k-mini-led-vision-ai-smart-tv-2026-qe55qn70h-10303293.html,true
LG,75QNED85B,GB,Currys,https://www.currys.co.uk/products/lg-qned86-75-qned-ai-mini-led-4k-hdr-smart-tv-2026-75qned86b6b-10301870.html,true
LG,50QNED85A,GB,Currys,https://www.currys.co.uk/products/lg-qned86-50-qned-evo-ai-mini-led-4k-hdr-smart-tv-2025-50qned86a6c-10282156.html,true
Samsung,75QN80H,GB,Currys,https://www.currys.co.uk/products/samsung-qn80h-75-neo-qled-4k-mini-led-vision-ai-smart-tv-2026-qe75qn80h-10303343.html,true
LG,55QNED80A,GB,Currys,https://www.currys.co.uk/products/lg-qned82-55-qned-ai-4k-hdr-smart-tv-2025-55qned82a6b-10281537.html,true
Samsung,27LSM7,GB,Currys,https://www.currys.co.uk/products/samsung-the-movingstyle-ue27lsm7faxxxu-27-smart-quad-hd-hdr-led-tv-white-10296272.html,true
Samsung,55S99H,GB,Currys,https://www.currys.co.uk/products/samsung-s99h-55-oled-glare-free-and-art-mode-4k-vision-ai-smart-tv-2026-qe55s99h-10303261.html,true
Samsung,65R85H,GB,Currys,https://www.currys.co.uk/products/samsung-r85h-65-micro-rgb-4k-smart-ai-tv-2026-mre65r85h-10303278.html,true
Samsung,55LS03H,GB,Currys,https://www.currys.co.uk/products/samsung-the-frame-2026-55-qled-4k-art-mode-smart-ai-tv-with-slim-fit-wall-mount-qe55ls03h-10303433.html,true
LG,65B6,GB,Currys,https://www.currys.co.uk/products/lg-b6-65-oled-ai-4k-hdr-smart-tv-2026-oled65b65la-10301900.html,true
Hisense,43E6S,GB,Currys,https://www.currys.co.uk/products/hisense-e6s-43-led-4k-hdr-smart-tv-with-freely-43e6stuk-10301040.html,true
Samsung,77S90H,GB,Currys,https://www.currys.co.uk/products/samsung-s90h-77-oled-glare-free-4k-vision-ai-smart-tv-2026-qe77s90h-10303266.html,true
Hisense,50E7SPRO,GB,Currys,https://www.currys.co.uk/products/hisense-e7s-pro-50-qled-4k-hdr-smart-tv-with-freely-50e7stuk-pro-10300885.html,true
Sony,75XR55BP,GB,Currys,https://www.currys.co.uk/products/sony-bravia-5-75-xr-mini-led-4k-hdr-smart-tv-k75xr55bp-10282796.html,true
Hisense,65U7SPRO,GB,Currys,https://www.currys.co.uk/products/hisense-u7s-pro-65-mini-led-4k-165-hz-smart-ai-tv-with-freely-65u7stuk-pro-10300873.html,true
Samsung,115MR95F,GB,Currys,https://www.currys.co.uk/products/samsung-mr95f-115-micro-rgb-4k-smart-ai-tv-mre115mr95f-10296821.html,true
Hisense,65UR9S,GB,Currys,https://www.currys.co.uk/products/hisense-65ur9stuk-65-smart-4k-ultra-hd-hdr-rgb-mini-led-tv-10300466.html,true
Hisense,85E7SPRO,GB,Currys,https://www.currys.co.uk/products/hisense-e7s-pro-85-qled-4k-hdr-smart-tv-with-freely-85e7stuk-pro-10300871.html,true
TCL,50T6C,GB,Currys,https://www.currys.co.uk/products/tcl-t6c-50-qled-4k-hdr-smart-fire-tv-with-freely-50t6cuk-10282043.html,true
LG,65G6,GB,Currys,https://www.currys.co.uk/products/lg-g6-65-oled-ai-4k-hdr-smart-tv-2026-stand-version-oled65g66ls-and-us70tr-5.1.1-wireless-sound-bar-with-dolby-atmos-bundle-10306870.html,true
LG,43UA7300,GB,Currys,https://www.currys.co.uk/products/lg-ua73-43-led-4k-hdr-smart-tv-2025-43ua73006la-10282129.html,true
Samsung,65S99H,GB,Currys,https://www.currys.co.uk/products/samsung-s99h-65-oled-glare-free-and-art-mode-4k-vision-ai-smart-tv-2026-qe65s99h-10303288.html,true
LG,83G6,GB,Currys,https://www.currys.co.uk/products/lg-g6-83-oled-ai-4k-hdr-smart-tv-2026-wall-mount-version-oled83g64lw-10301433.html,true
Sony,77XR80PU,GB,Currys,https://www.currys.co.uk/products/sony-bravia-8-77-oled-4k-hdr-ai-smart-tv-k77xr80pu-10264106.html,true
Hisense,50A7S,GB,Currys,https://www.currys.co.uk/products/hisense-a7s-50-qled-4k-smart-ai-tv-with-freely-50a7stuk-10301082.html,true
LG,97G6,GB,Currys,https://www.currys.co.uk/products/lg-g6-97-oled-ai-4k-hdr-smart-tv-2026-wall-mount-version-oled97g64lw-10301387.html,true
LG,65QNED85B,GB,Currys,https://www.currys.co.uk/products/lg-qned86-65-qned-ai-mini-led-4k-hdr-smart-tv-2026-65qned86b6b-10301914.html,true
TCL,85C7L,GB,Currys,https://www.currys.co.uk/products/tcl-c7l-85-sqdmini-led-4k-hdr-smart-google-tv-85c7luk-10303594.html,true
TCL,55P7L,GB,Currys,https://www.currys.co.uk/products/tcl-p7l-55-qled-4k-hdr-smart-google-tv-2026-55p7luk-10304030.html,true
Hisense,65A6S,GB,Currys,https://www.currys.co.uk/products/hisense-a6s-65-led-4k-hdr-smart-tv-with-freely-65a6stuk-10300904.html,true
LG,65QNED80B,GB,Currys,https://www.currys.co.uk/products/lg-qned83-65-qned-mini-led-ai-4k-hdr-smart-tv-2026-65qned83b6a-10305644.html,true
LG,55QNED80B,GB,Currys,https://www.currys.co.uk/products/lg-qned83-55-qned-mini-led-ai-4k-hdr-smart-tv-2026-55qned83b6a-10305632.html,true
LG,55G6,GB,Currys,https://www.currys.co.uk/products/lg-g6-55-oled-ai-4k-hdr-smart-tv-2026-wall-mount-version-oled55g64lw-and-us70tr-5.1.1-wireless-sound-bar-bundle-10306869.html,true
TCL,65C8L,GB,Currys,https://www.currys.co.uk/products/tcl-c8l-65-sqdmini-led-4k-hdr-smart-google-tv-65c8luk-10303617.html,true
TCL,85P7K,GB,Currys,https://www.currys.co.uk/products/tcl-85p7k-85-smart-4k-ultra-hd-hdr-qled-tv-10282077.html,true
LG,65G6,GB,Currys,https://www.currys.co.uk/products/lg-g6-65-oled-ai-4k-hdr-smart-tv-2026-wall-mount-version-oled65g64lw-and-us70tr-5.1.1-wireless-sound-bar-bundle-10306868.html,true
TCL,55V6D,GB,Currys,https://www.currys.co.uk/products/tcl-v6d-55-led-4k-hdr-smart-fire-tv-2026-55v6duk-10304092.html,true
Hisense,55U7SPRO,GB,Currys,https://www.currys.co.uk/products/hisense-u7s-pro-55-mini-led-4k-165-hz-smart-ai-tv-with-freely-55u7stuk-pro-10300905.html,true
TCL,55P8L,GB,Currys,https://www.currys.co.uk/products/tcl-p8l-55-qdmini-led-4k-hdr-smart-google-tv-2026-55p8luk-10303779.html,true
LG,65C6,GB,Currys,https://www.currys.co.uk/products/lg-c6-65-oled-ai-4k-hdr-smart-tv-2026-oled65c64la-and-us70tr-5.1.1-wireless-sound-bar-with-dolby-atmos-bundle-10306875.html,true
LG,77W6,GB,Currys,https://www.currys.co.uk/products/lg-w6-77-oled-ai-4k-hdr-true-wireless-smart-tv-2026-oled77w69la-10303103.html,true
LG,86NANO81A6A,GB,Currys,https://www.currys.co.uk/products/lg-nano81a-86-nanocell-ai-4k-hdr-smart-tv-2025-86nano81a6a-10282162.html,true
TCL,50P7L,GB,Currys,https://www.currys.co.uk/products/tcl-p7l-50-qled-4k-hdr-smart-google-tv-2026-50p7luk-10305673.html,true
Hisense,65E7SPRO,GB,Currys,https://www.currys.co.uk/products/hisense-e7s-pro-65-qled-4k-hdr-smart-tv-with-freely-65e7stuk-pro-10300870.html,true
TCL,75C7L,GB,Currys,https://www.currys.co.uk/products/tcl-c7l-75-sqdmini-led-4k-hdr-smart-google-tv-75c7luk-10303634.html,true
TCL,75C8L,GB,Currys,https://www.currys.co.uk/products/tcl-c8l-75-sqdmini-led-4k-hdr-smart-google-tv-75c8luk-10303606.html,true
Hisense,75E7SPRO,GB,Currys,https://www.currys.co.uk/products/hisense-e7s-pro-75-qled-4k-hdr-smart-tv-with-freely-75e7stuk-pro-10300886.html,true
Hisense,75UR9S,GB,Currys,https://www.currys.co.uk/products/hisense-75ur9stuk-75-smart-4k-ultra-hd-hdr-rgb-mini-led-tv-10300444.html,true
Samsung,77S99H,GB,Currys,https://www.currys.co.uk/products/samsung-s99h-77-oled-glare-free-and-art-mode-4k-vision-ai-smart-tv-2026-qe77s99h-10303287.html,true
Hisense,43S5Q,GB,Currys,https://www.currys.co.uk/products/hisense-deco-43s5qtuk-43-smart-4k-ultra-hd-hdr-qled-tv-with-freely-white-10300712.html,true
TCL,65P8L,GB,Currys,https://www.currys.co.uk/products/tcl-p8l-65-qdmini-led-4k-hdr-smart-google-tv-2026-65p8luk-10303773.html,true
Sony,85XR55BP,GB,Currys,https://www.currys.co.uk/products/sony-bravia-5-85-xr-mini-led-4k-hdr-smart-tv-k85xr55bp-10282799.html,true
Samsung,75LS03HW,GB,Currys,https://www.currys.co.uk/products/samsung-the-frame-pro-2026-75-neo-qled-4k-art-mode-smart-ai-tv-with-slim-fit-wall-mount-qe75ls03h-10303235.html,true
Hisense,55A7S,GB,Currys,https://www.currys.co.uk/products/hisense-a7s-55-qled-4k-smart-ai-tv-with-freely-55a7stuk-10301078.html,true
Sony,75S32B,GB,Currys,https://www.currys.co.uk/products/sony-bravia-3-75-led-4k-hdr-ai-smart-tv-k75s38b-10282798.html,true
Samsung,75R85H,GB,Currys,https://www.currys.co.uk/products/samsung-r85h-75-micro-rgb-4k-smart-ai-tv-2026-mre75r85h-10303277.html,true
Samsung,65R95H,GB,Currys,https://www.currys.co.uk/products/samsung-r95h-65-micro-rgb-4k-smart-ai-tv-2026-mre65r95h-10303268.html,true
LG,83W6,GB,Currys,https://www.currys.co.uk/products/lg-w6-83-oled-ai-4k-hdr-true-wireless-smart-tv-2026-oled83w69la-10303639.html,true
Sony,85S32BP,GB,Currys,https://www.currys.co.uk/products/sony-bravia-3-85-led-4k-hdr-ai-smart-tv-k85s38bp-10282802.html,true
Sony,98XR55BP,GB,Currys,https://www.currys.co.uk/products/sony-bravia-5-98-xr-mini-led-4k-hdr-smart-tv-k98xr55bp-10282790.html,true
Hisense,50A6S,GB,Currys,https://www.currys.co.uk/products/hisense-a6s-50-led-4k-hdr-smart-tv-with-freely-50a6stuk-10300898.html,true
Hisense,100U8Q,GB,Currys,https://www.currys.co.uk/products/hisense-u8q-100-mini-led-4k-165hz-smart-ai-tv-with-freely-100u8qtuk-10291030.html,true
Samsung,55LS01D,GB,Currys,https://www.currys.co.uk/products/samsung-the-serif-qe55ls01dauxxu-55-smart-4k-ultra-hd-hdr-qled-tv-with-bixby-and-amazon-alexa-cloud-white-10264165.html,true
Sony,55XR55B,GB,Currys,https://www.currys.co.uk/products/sony-bravia-5-55-xr-mini-led-4k-hdr-smart-tv-k55xr55b-10282780.html,true
LG,48C6,GB,Currys,https://www.currys.co.uk/products/lg-c6-48-oled-ai-4k-hdr-smart-tv-2026-oled48c66lb-10301933.html,true
TCL,75V6D,GB,Currys,https://www.currys.co.uk/products/tcl-v6d-75-led-4k-hdr-smart-fire-tv-2026-75v6duk-10304084.html,true
TCL,98C8L,GB,Currys,https://www.currys.co.uk/products/tcl-c8l-98-sqdmini-led-4k-hdr-smart-google-tv-98c8luk-10303597.html,true
Hisense,65E6S,GB,Currys,https://www.currys.co.uk/products/hisense-e6s-65-led-4k-hdr-smart-tv-with-freely-65e6stuk-10301038.html,true
LG,100QNED85B,GB,Currys,https://www.currys.co.uk/products/lg-qned87-100-qned-ai-mini-led-4k-hdr-smart-tv-2026-100qned87b6-10301879.html,true
Hisense,58A6S,GB,Currys,https://www.currys.co.uk/products/hisense-a6s-58-led-4k-hdr-smart-tv-with-freely-58a6stuk-10300893.html,true
Samsung,85QN80H,GB,Currys,https://www.currys.co.uk/products/samsung-qn80h-85-neo-qled-4k-mini-led-vision-ai-smart-tv-2026-qe85qn80h-10303341.html,true
Hisense,75UR8S,GB,Currys,https://www.currys.co.uk/products/hisense-ur8s-75-rgb-mini-led-4k-180hz-smart-ai-tv-with-freely-75ur8stuk-10303053.html,true
Samsung,65LS03H,GB,Currys,https://www.currys.co.uk/products/samsung-the-frame-2026-65-qled-4k-art-mode-smart-ai-tv-with-slim-fit-wall-mount-qe65ls03h-10304080.html,true
LG,83C6,GB,Currys,https://www.currys.co.uk/products/lg-c6-83-oled-ai-4k-hdr-smart-tv-2026-oled83c64la-and-us70tr-5.1.1-wireless-sound-bar-with-dolby-atmos-bundle-10306873.html,true
LG,55C6,GB,Currys,https://www.currys.co.uk/products/lg-c6-55-oled-evo-ai-4k-hdr-smart-tv-2026-oled55c66lb-10301816.html,true
TCL,55A300W,GB,Currys,https://www.currys.co.uk/products/tcl-nxtvision-a300w-55-qled-4k-hdr-smart-google-tv-55a300wuk-10286236.html,true
TCL,50V6D,GB,Currys,https://www.currys.co.uk/products/tcl-v6d-50-led-4k-hdr-smart-fire-tv-2026-50v6duk-10304093.html,true
Samsung,65QN990FT,GB,Currys,https://www.currys.co.uk/products/samsung-qn990f-65-neo-qled-8k-mini-led-vision-ai-smart-tv-2025-qe65qn990ft-10282694.html,true
LG,86QNED85B,GB,Currys,https://www.currys.co.uk/products/lg-qned86-86-qned-ai-mini-led-4k-hdr-smart-tv-2026-86qned86b6b-10301908.html,true
Samsung,85QN70H,GB,Currys,https://www.currys.co.uk/products/samsung-qn70h-85-neo-qled-4k-mini-led-vision-ai-smart-tv-2026-qe85qn70h-10303321.html,true
Hisense,65A7S,GB,Currys,https://www.currys.co.uk/products/hisense-a7s-65-qled-4k-smart-ai-tv-with-freely-65a7stuk-10301074.html,true
Hisense,100E7SPRO,GB,Currys,https://www.currys.co.uk/products/hisense-e7s-pro-100-qled-4k-hdr-smart-tv-with-freely-100e7stuk-pro-10300874.html,true
TCL,115C7K,GB,Currys,https://www.currys.co.uk/products/tcl-c7k-115-qdmini-led-4k-hdr-smart-google-tv-115c7kuk-10286240.html,true
Samsung,85R85H,GB,Currys,https://www.currys.co.uk/products/samsung-r85h-85-micro-rgb-4k-smart-ai-tv-2026-mre85r85h-10303241.html,true
Hisense,50A5S,GB,Currys,https://www.currys.co.uk/products/hisense-a5s-50-qled-full-hd-hdr-smart-tv-with-freely-50a5stuk-10303072.html,true
LG,48C6,GB,Currys,https://www.currys.co.uk/products/lg-c6-oled48c66lb-48-oled-ai-4k-hdr-smart-tv-2026-and-us20a-2.0-compact-sound-bar-bundle-10308888.html,true
TCL,85T6C,GB,Currys,https://www.currys.co.uk/products/tcl-t6c-85-qled-4k-hdr-smart-fire-tv-with-freely-85t6cuk-10284465.html,true
Samsung,98QN90F,GB,Currys,https://www.currys.co.uk/products/samsung-qn90f-98-neo-qled-4k-mini-led-vision-ai-smart-tv-2025-qe98qn90f-10282643.html,true
Samsung,85QN990F,GB,Currys,https://www.currys.co.uk/products/samsung-qn990f-85-neo-qled-8k-mini-led-vision-ai-smart-tv-2025-qe85qn990f-10282700.html,true
LG,75QNED80B,GB,Currys,https://www.currys.co.uk/products/lg-qned83-75-qned-mini-led-ai-4k-hdr-smart-tv-2026-75qned83b6a-10305655.html,true
TCL,65RM7L,GB,Currys,https://www.currys.co.uk/products/tcl-rm7l-65-rgbmini-led-4k-hdr-smart-google-tv-65rm7luk-10303684.html,true
Hisense,55A6S,GB,Currys,https://www.currys.co.uk/products/hisense-a6s-55-led-4k-hdr-smart-tv-with-freely-55a6stuk-10300740.html,true
TCL,65C6KS,GB,Currys,https://www.currys.co.uk/products/tcl-c6ks-65-qdmini-led-4k-hdr-smart-google-tv-65c6ks-10281850.html,true
Samsung,65S85H,GB,Currys,https://www.currys.co.uk/products/samsung-s85h-65-oled-4k-vision-ai-smart-tv-2026-qe65s85h-10303290.html,true
TCL,85C8L,GB,Currys,https://www.currys.co.uk/products/tcl-c8l-85-sqdmini-led-4k-hdr-smart-google-tv-85c8luk-10303673.html,true
LG,75MRGB87B,GB,Currys,https://www.currys.co.uk/products/lg-mrgb88-75-mini-rgb-ai-4k-hdr-smart-tv-2026-75mrgb88b6b-10301922.html,true
Hisense,50E6S,GB,Currys,https://www.currys.co.uk/products/hisense-e6s-50-led-4k-hdr-smart-tv-with-freely-50e6stuk-10301028.html,true
Samsung,100QN80H,GB,Currys,https://www.currys.co.uk/products/samsung-qn80h-100-neo-qled-4k-mini-led-vision-ai-smart-tv-2026-qe100qn80h-10303338.html,true
TCL,65P7L,GB,Currys,https://www.currys.co.uk/products/tcl-p7l-65-qled-4k-hdr-smart-google-tv-2026-65p7luk-10304055.html,true
LG,85NU850B,GB,Currys,https://www.currys.co.uk/products/lg-nu85-85-led-4k-hdr-smart-tv-2026-85nu850b6la-10301902.html,true
Hisense,100U7Q,GB,Currys,https://www.currys.co.uk/products/hisense-u7q-100-mini-led-4k-165hz-smart-ai-tv-with-freely-100u7qtuk-10284866.html,true
Hisense,85Q7S,GB,Currys,https://www.currys.co.uk/products/hisense-q7s-85-qled-4k-smart-ai-tv-with-freely-85q7stuk-10301039.html,true
LG,55NANO80A6B,GB,Currys,https://www.currys.co.uk/products/lg-nano80-55-nanocell-ai-4k-hdr-smart-tv-2025-55nano80a6b-10282088.html,true
LG,55LX7B,GB,Currys,https://www.currys.co.uk/products/lg-lx7-55-qned-mini-led-4k-smart-gallery-tv-ai-with-frame-2026-55lx7b6la-10305633.html,true
Samsung,115QN90F,GB,Currys,https://www.currys.co.uk/products/samsung-qn90f-115-neo-qled-4k-mini-led-vision-ai-smart-tv-2025-qe115qn90f-10291882.html,true
TCL,75C6KS,GB,Currys,https://www.currys.co.uk/products/tcl-c6ks-75-qdmini-led-4k-hdr-smart-google-tv-75c6ks-10281853.html,true
LG,77B6,GB,Currys,https://www.currys.co.uk/products/lg-b6-77-oled-ai-4k-hdr-smart-tv-2026-oled77b65la-10301868.html,true
TCL,65A400MUK,GB,Currys,https://www.currys.co.uk/products/tcl-a400m-65-premium-qdmini-led-4k-hdr-smart-google-tv-2026-65a400muk-10304146.html,true
Hisense,85UR9S,GB,Currys,https://www.currys.co.uk/products/hisense-85ur9stuk-85-smart-4k-ultra-hd-hdr-rgb-mini-led-tv-10300450.html,true
Samsung,48S85H,GB,Currys,https://www.currys.co.uk/products/samsung-s85h-48-oled-4k-vision-ai-smart-tv-2026-qe48s85h-10303286.html,true
Samsung,85R95H,GB,Currys,https://www.currys.co.uk/products/samsung-r95h-85-micro-rgb-4k-smart-ai-tv-2026-mre85r95h-10303284.html,true
Samsung,83S90H,GB,Currys,https://www.currys.co.uk/products/samsung-s90h-83-oled-glare-free-4k-vision-ai-smart-tv-2026-qe83s90h-10303248.html,true
Hisense,85UR8S,GB,Currys,https://www.currys.co.uk/products/hisense-ur8s-85-rgb-mini-led-4k-180hz-smart-ai-tv-with-freely-85ur8stuk-10303022.html,true
LG,55G6,GB,Currys,https://www.currys.co.uk/products/lg-g6-55-oled-ai-4k-hdr-smart-tv-2026-stand-version-oled55g66ls-and-us70tr-5.1.1-wireless-sound-bar-with-dolby-atmos-bundle-10306871.html,true
TCL,65A400PRO,GB,Currys,https://www.currys.co.uk/products/tcl-nxtvision-a400-pro-65-qled-4k-hdr-smart-google-tv-65a400-prouk-10304107.html,true
TCL,85P8K,GB,Currys,https://www.currys.co.uk/products/tcl-85p8k-85-smart-4k-ultra-hd-hdr-qled-tv-10284463.html,true
TCL,85RM7L,GB,Currys,https://www.currys.co.uk/products/tcl-rm7l-85-rgbmini-led-4k-hdr-smart-google-tv-85rm7luk-10303640.html,true
LG,83B6,GB,Currys,https://www.currys.co.uk/products/lg-b6-83-oled-ai-4k-hdr-smart-tv-2026-oled83b65la-10301911.html,true
Samsung,83S85F,GB,Currys,https://www.currys.co.uk/products/samsung-s85f-83-oled-4k-vision-ai-smart-tv-2025-qe83s85f-10282656.html,true
LG,86QNED85A,GB,Currys,https://www.currys.co.uk/products/lg-qned86-86-qned-evo-ai-mini-led-4k-hdr-smart-tv-2025-86qned86a6a-10280294.html,true
Hisense,100U7S,GB,Currys,https://www.currys.co.uk/products/hisense-u7s-100-mini-led-4k-144hz-smart-ai-tv-with-freely-100u7stuk-10300445.html,true
Hisense,55E6S,GB,Currys,https://www.currys.co.uk/products/hisense-e6s-55-led-4k-hdr-smart-tv-with-freely-55e6stuk-10301035.html,true
LG,86MRGB87B,GB,Currys,https://www.currys.co.uk/products/lg-mrgb88-86-mini-rgb-ai-4k-hdr-smart-tv-2026-86mrgb88b6b-10301926.html,true
Samsung,85LS03HW,GB,Currys,https://www.currys.co.uk/products/samsung-the-frame-pro-2026-85-neo-qled-4k-art-mode-smart-ai-tv-with-slim-fit-wall-mount-qe85ls03h-10303407.html,true
Samsung,75R95H,GB,Currys,https://www.currys.co.uk/products/samsung-r95h-75-micro-rgb-4k-smart-ai-tv-2026-mre75r95h-10303229.html,true
LG,86MRGB96B9B,GB,Currys,https://www.currys.co.uk/products/lg-mrgb96-86-micro-rgb-ai-4k-hdr-smart-tv-2026-86mrgb96b6b-10301918.html,true
Samsung,77S85H,GB,Currys,https://www.currys.co.uk/products/samsung-s85h-77-oled-4k-vision-ai-smart-tv-2026-qe77s85h-10303260.html,true
TCL,98C7L,GB,Currys,https://www.currys.co.uk/products/tcl-c7l-98-sqdmini-led-4k-hdr-smart-google-tv-98c7luk-10304106.html,true
Samsung,75QN990FT,GB,Currys,https://www.currys.co.uk/products/samsung-qn990f-75-neo-qled-8k-mini-led-vision-ai-smart-tv-2025-qe75qn990ft-10282680.html,true
TCL,75P8L,GB,Currys,https://www.currys.co.uk/products/tcl-p8l-75-qdmini-led-4k-hdr-smart-google-tv-2026-75p8luk-10303771.html,true
TCL,75X11L,GB,Currys,https://www.currys.co.uk/products/tcl-x11l-75-sqdmini-led-4k-hdr-smart-google-tv-2026-75x11luk-10303615.html,true
Hisense,65S7NQ,GB,Currys,https://www.currys.co.uk/products/hisense-canvas-s7nq-65-qled-4k-smart-tv-with-freely-and-art-mode-65s7nqtuk-10286245.html,true
Hisense,116UXQ,GB,Currys,https://www.currys.co.uk/products/hisense-ux-116-trichroma-rgb-mini-led-smart-ai-tv-with-freely-116uxqtuk-10289651.html,true
Samsung,83S99H,GB,Currys,https://www.currys.co.uk/products/samsung-s99h-83-oled-glare-free-and-art-mode-4k-vision-ai-smart-tv-2026-qe83s99h-10303226.html,true
LG,100MRGB96B9B,GB,Currys,https://www.currys.co.uk/products/lg-mrgb96-100-micro-rgb-ai-4k-hdr-smart-tv-2026-100mrgb96b6b-10301997.html,true
Samsung,85M80H,GB,Currys,https://www.currys.co.uk/products/samsung-m80h-85-mini-led-4k-vision-ai-smart-tv-2026-ue85m80h-10303340.html,true
Hisense,55S7S,GB,Currys,https://www.currys.co.uk/products/hisense-canvas-s7s-55-qled-4k-smart-tv-with-freely-and-art-mode-55s7stuk-10301066.html,true
TCL,75P7L,GB,Currys,https://www.currys.co.uk/products/tcl-p7l-75-qled-4k-hdr-smart-google-tv-2026-75p7luk-10304062.html,true
TCL,55A400U,GB,Currys,https://www.currys.co.uk/products/tcl-a400u-55-premium-wallpaper-qdmini-led-4k-hdr-smart-google-tv-2026-55a400uuk-10303747.html,true
TCL,55A400PRO,GB,Currys,https://www.currys.co.uk/products/tcl-nxtvision-a400-pro-55-qd-mini-led-4k-hdr-smart-google-tv-55a400-prouk-10304113.html,true
Hisense,65S7S,GB,Currys,https://www.currys.co.uk/products/hisense-canvas-s7s-65-qled-4k-smart-tv-with-freely-and-art-mode-65s7stuk-10301051.html,true
LG,55C6,GB,Currys,https://www.currys.co.uk/products/lg-c6-oled55c66lb-55-oled-evo-ai-4k-hdr-smart-tv-2026-and-us60tr-5.1-wireless-sound-bar-bundle-10306879.html,true
TCL,55A400M,GB,Currys,https://www.currys.co.uk/products/tcl-a400m-55-premium-qdmini-led-4k-hdr-smart-google-tv-2026-55a400muk-10306723.html,true
LG,65LX7B,GB,Currys,https://www.currys.co.uk/products/lg-lx7-65-qned-mini-led-4k-smart-gallery-tv-ai-with-frame-2026-65lx7b6la-10305639.html,true
LG,65C6,GB,Currys,https://www.currys.co.uk/products/lg-c6-65-oled-ai-4k-hdr-smart-tv-2026-oled65c66lb-10301817.html,true
Samsung,85QN900F,GB,Currys,https://www.currys.co.uk/products/samsung-qn900f-85-neo-qled-8k-mini-led-vision-ai-smart-tv-2025-qe85qn900f-10283609.html,true
TCL,75A400M,GB,Currys,https://www.currys.co.uk/products/tcl-a400m-75-premium-qdmini-led-4k-hdr-smart-google-tv-2026-75a400muk-10304088.html,true
Samsung,83S85H,GB,Currys,https://www.currys.co.uk/products/samsung-s85h-83-oled-4k-vision-ai-smart-tv-2026-qe83s85h-10303352.html,true
Samsung,75LST7DA,GB,Currys,https://www.currys.co.uk/products/samsung-the-terrace-75-neo-qled-4k-outdoor-smart-tv-qe75lst7da-10297577.html,true
Hisense,100UXQ,GB,Currys,https://www.currys.co.uk/products/hisense-ux-100-trichroma-rgb-mini-led-smart-ai-tv-with-freely-100uxqtuk-10297922.html,true
Hisense,100UR8S,GB,Currys,https://www.currys.co.uk/products/hisense-ur8s-100-rgb-mini-led-4k-180hz-smart-ai-tv-with-freely-100ur8stuk-10305059.html,true
TCL,75A300W,GB,Currys,https://www.currys.co.uk/products/tcl-nxtvision-a300w-75-qled-4k-hdr-smart-google-tv-75a300wuk-10286234.html,true
TCL,75A400PRO,GB,Currys,https://www.currys.co.uk/products/tcl-nxtvision-a400-pro-75-qled-4k-hdr-smart-google-tv-75a400-prouk-10305653.html,true
Hisense,110UXNQ,GB,Currys,https://www.currys.co.uk/products/hisense-110uxnqtuk-110-smart-4k-ultra-hd-hdr-mini-led-tv-with-amazon-alexa-10275460.html,true
TCL,65A400UUK,GB,Currys,https://www.currys.co.uk/products/tcl-a400u-65-premium-wallpaper-qdmini-led-4k-hdr-smart-google-tv-2026-65a400uuk-10303753.html,true
TCL,85X11L,GB,Currys,https://www.currys.co.uk/products/tcl-x11l-85-sqdmini-led-4k-hdr-smart-google-tv-2026-85x11luk-10303600.html,true
TCL,98A400M,GB,Currys,https://www.currys.co.uk/products/tcl-a400m-98-premium-qdmini-led-4k-hdr-smart-google-tv-2026-98a400muk-10304100.html,true
TCL,85RM9L,GB,Currys,https://www.currys.co.uk/products/tcl-rm9l-85-rgbmini-led-4k-hdr-smart-google-tv-85rm9luk-10303691.html,true
TCL,98RM9L,GB,Currys,https://www.currys.co.uk/products/tcl-rm9l-98-rgbmini-led-4k-hdr-smart-google-tv-98rm9luk-10303649.html,true
TCL,85A400UUK,GB,Currys,https://www.currys.co.uk/products/tcl-a400u-85-premium-wallpaper-qdmini-led-4k-hdr-smart-google-tv-2026-85a400uuk-10303759.html,true
LG,86MRGB96B9B,GB,Currys,https://www.currys.co.uk/products/lg-86mrgb96b6b-86-micro-rgb-ai-4k-hdr-smart-tv-and-us70tr-5.1.1-wireless-sound-bar-bundle-10308587.html,true
TCL,98A400U,GB,Currys,https://www.currys.co.uk/products/tcl-a400u-98-premium-wallpaper-qdmini-led-4k-hdr-smart-google-tv-2026-98a400uuk-10306584.html,true
Samsung,43Q7F,GB,Currys,https://www.currys.co.uk/products/samsung-q7f-43-qled-4k-vision-ai-smart-tv-2025-qe43q7f-10282614.html,true
Samsung,43U8005F,GB,Currys,https://www.currys.co.uk/products/samsung-u8000f-43-crystal-uhd-4k-hdr-smart-tv-2025-ue43u8000f-10282666.html,true
Hisense,50E7QPRO,GB,Currys,https://www.currys.co.uk/products/hisense-e7q-pro-50-qled-4k-hdr-smart-tv-with-freely-50e7qtuk-pro-10287487.html,true
TCL,32SF560,GB,Currys,https://www.currys.co.uk/products/tcl-sf560-32%E2%80%9D-qled-full-hd-smart-fire-tv-32sf560uk-10289020.html,true
LG,55NANO81A6A,GB,Currys,https://www.currys.co.uk/products/lg-nano81a-55-nanocell-ai-4k-hdr-smart-tv-2025-55nano81a6a-10282135.html,true
TCL,40SF560,GB,Currys,https://www.currys.co.uk/products/tcl-sf560-40%E2%80%9D-qled-full-hd-smart-fire-tv-40sf560uk-10289010.html,true
Hisense,65U7QPRO,GB,Currys,https://www.currys.co.uk/products/hisense-u7q-pro-65-mini-led-4k-165hz-smart-ai-tv-with-freely-65u7qtuk-pro-10282794.html,true
Hisense,55E7QPRO,GB,Currys,https://www.currys.co.uk/products/hisense-e7q-pro-55-qled-4k-hdr-smart-tv-with-freely-55e7qtuk-pro-10283600.html,true
Samsung,55S90F,GB,Currys,https://www.currys.co.uk/products/samsung-s90f-55-oled-4k-vision-ai-smart-tv-2025-qe55s90f-10284860.html,true
LG,43UA7500,GB,Currys,https://www.currys.co.uk/products/lg-ua75-43-led-4k-hdr-smart-tv-2025-43ua75006la-10282130.html,true
Hisense,55U7QPRO,GB,Currys,https://www.currys.co.uk/products/hisense-u7q-pro-55-mini-led-4k-165hz-smart-ai-tv-with-freely-55u7qtuk-pro-10283696.html,true
LG,65C5,GB,Currys,https://www.currys.co.uk/products/lg-c5-65-oled-evo-ai-4k-hdr-smart-tv-2025-oled65c54la-10281777.html,true
Hisense,43Q7S,GB,Currys,https://www.currys.co.uk/products/hisense-q7s-43-qled-4k-smart-ai-tv-with-freely-43q7stuk-10300955.html,true
LG,55UA7500,GB,Currys,https://www.currys.co.uk/products/lg-ua75-55-led-4k-hdr-smart-tv-2025-55ua75006la-10282133.html,true
Hisense,65E7QPRO,GB,Currys,https://www.currys.co.uk/products/hisense-e7q-pro-65-qled-4k-hdr-smart-tv-with-freely-65e7qtuk-pro-10282797.html,true
Hisense,40A4S,GB,Currys,https://www.currys.co.uk/products/hisense-a4s-40-led-full-hd-hdr-smart-tv-with-freely-40a4stuk-10300906.html,true
Samsung,42S90F,GB,Currys,https://www.currys.co.uk/products/samsung-s90f-42-oled-4k-vision-ai-smart-tv-2025-qe42s90f-10288291.html,true
LG,43QNED70A,GB,Currys,https://www.currys.co.uk/products/lg-qned70-43-qned-ai-4k-hdr-smart-tv-2025-43qned70a6a-10291888.html,true
Hisense,32A4S,GB,Currys,https://www.currys.co.uk/products/hisense-a4s-32-led-hd-ready-hdr-smart-tv-with-freely-32a4stuk-10300909.html,true
Hisense,32A5S,GB,Currys,https://www.currys.co.uk/products/hisense-a5s-32-qled-full-hd-hdr-smart-tv-with-freely-32a5stuk-10300877.html,true
Hisense,40A5S,GB,Currys,https://www.currys.co.uk/products/hisense-a5s-40-qled-full-hd-hdr-smart-tv-with-freely-40a5stuk-10300879.html,true
Samsung,75QN70F,GB,Currys,https://www.currys.co.uk/products/samsung-qn70f-75-neo-qled-4k-mini-led-vision-ai-smart-tv-2025-qe75qn70f-10282627.html,true
TCL,75C7K,GB,Currys,https://www.currys.co.uk/products/tcl-c7k-75-qdmini-led-4k-hdr-smart-google-tv-75c7k-10281822.html,true
Hisense,85A6Q,GB,Currys,https://www.currys.co.uk/products/hisense-a6q-85-led-4k-hdr-smart-tv-with-freely-85a6qtuk-10283925.html,true
TCL,75P7K,GB,Currys,https://www.currys.co.uk/products/tcl-75p7k-75-smart-4k-ultra-hd-hdr-qled-tv-10277195.html,true
Samsung,43LS03FA,GB,Currys,https://www.currys.co.uk/products/samsung-the-frame-2025-43-qled-4k-art-mode-smart-ai-tv-with-slim-fit-wall-mount-qe43ls03fa-10282602.html,true
LG,55G5,GB,Currys,https://www.currys.co.uk/products/lg-g5-55-oled-evo-ai-4k-hdr-smart-tv-2025-stand-version-oled55g56ls-10282094.html,true
TCL,85C6K,GB,Currys,https://www.currys.co.uk/products/tcl-c6k-85-qdmini-led-4k-hdr-smart-google-tv-85c6k-10284462.html,true
Hisense,75U8Q,GB,Currys,https://www.currys.co.uk/products/hisense-u8q-75-mini-led-4k-165hz-smart-ai-tv-with-freely-75u8qtuk-10284292.html,true
Samsung,65QN80H,GB,Currys,https://www.currys.co.uk/products/samsung-qn80h-65-neo-qled-4k-mini-led-vision-ai-smart-tv-2026-qe65qn80h-10303353.html,true
LG,77G6,GB,Currys,https://www.currys.co.uk/products/lg-g6-77-oled-ai-4k-hdr-smart-tv-2026-wall-mount-version-oled77g64lw-10301402.html,true
Hisense,50E6Q,GB,Currys,https://www.currys.co.uk/products/hisense-e6q-50-led-4k-hdr-smart-tv-with-freely-50e6qtuk-10286378.html,true
Samsung,83S90F,GB,Currys,https://www.currys.co.uk/products/samsung-s90f-83-oled-4k-vision-ai-smart-tv-2025-qe83s90f-10284439.html,true
Hisense,75U7SPRO,GB,Currys,https://www.currys.co.uk/products/hisense-u7s-pro-75-mini-led-4k-165-hz-smart-ai-tv-with-freely-75u7stuk-pro-10300894.html,true
Hisense,75U7S,GB,Currys,https://www.currys.co.uk/products/hisense-u7s-75-mini-led-4k-144hz-smart-ai-tv-with-freely-75u7stuk-10300436.html,true
Samsung,100M90H,GB,Currys,https://www.currys.co.uk/products/samsung-m90h-100-4k-mini-led-vision-ai-smart-tv-2026-ue100m90h-10306575.html,true
TCL,65P8K,GB,Currys,https://www.currys.co.uk/products/tcl-65p8k-65-smart-4k-ultra-hd-hdr-qled-tv-10275969.html,true
Sony,85XR95M2,GB,Currys,https://www.currys.co.uk/products/sony-bravia-9-ii-85-true-rgb-mini-led-4k-hdr-smart-tv-2026-85xr95m2-10304713.html,true
Hisense,100E7QPRO,GB,Currys,https://www.currys.co.uk/products/hisense-e7q-pro-100-qled-4k-hdr-smart-tv-with-freely-100e7qtuk-pro-10284355.html,true
TCL,65A300W,GB,Currys,https://www.currys.co.uk/products/tcl-nxtvision-a300w-65-qled-4k-hdr-smart-google-tv-65a300wuk-10286239.html,true
Sony,65XR95M2,GB,Currys,https://www.currys.co.uk/products/sony-bravia-9-ii-65-true-rgb-mini-led-4k-hdr-smart-tv-2026-65xr95m2-10304836.html,true
Hisense,32A4Q,GB,Currys,https://www.currys.co.uk/products/hisense-a4q-32-led-hd-ready-hdr-smart-tv-with-freely-32a4qtuk-10285272.html,true
TCL,75RM7L,GB,Currys,https://www.currys.co.uk/products/tcl-rm7l-75-rgbmini-led-4k-hdr-smart-google-tv-75rm7luk-10303677.html,true
Samsung,75QN80F,GB,Currys,https://www.currys.co.uk/products/samsung-qn80f-75-neo-qled-4k-mini-led-vision-ai-smart-tv-2025-qe75qn80f-10282699.html,true
Samsung,98Q7F,GB,Currys,https://www.currys.co.uk/products/samsung-q7f-98-qled-4k-vision-ai-smart-tv-2025-qe98q7f-10299336.html,true
Sony,75XR95M2,GB,Currys,https://www.currys.co.uk/products/sony-bravia-9-ii-75-true-rgb-mini-led-4k-hdr-smart-tv-2026-75xr95m2-10304814.html,true
LG,77G6,GB,Currys,https://www.currys.co.uk/products/lg-oled77g64lw-77-oled-ai-4k-hdr-smart-tv-2026-and-us70tr-5.1.1-wireless-sound-bar-bundle-10306867.html,true
LG,86QNED9MA,GB,Currys,https://www.currys.co.uk/products/lg-qned9ma-86-qned-evo-ai-mini-led-4k-hdr-true-wireless-smart-tv-2025-86qned9ma6b-10282164.html,true
Hisense,75A7Q,GB,Currys,https://www.currys.co.uk/products/hisense-a7q-75-qled-4k-smart-ai-tv-with-freely-75a7qtuk-10283860.html,true
LG,65B6,GB,Currys,https://www.currys.co.uk/products/lg-b6-65-oled-ai-4k-hdr-smart-tv-2026-oled65b6elc-10301905.html,true
Hisense,85U7Q,GB,Currys,https://www.currys.co.uk/products/hisense-u7q-85-mini-led-4k-144hz-smart-ai-tv-with-freely-85u7qtuk-10283948.html,true
Hisense,85U7SPRO,GB,Currys,https://www.currys.co.uk/products/hisense-u7s-pro-85-mini-led-4k-165-hz-smart-ai-tv-with-freely-85u7stuk-pro-10300907.html,true
TCL,98C6K,GB,Currys,https://www.currys.co.uk/products/tcl-c6k-98-qdmini-led-4k-hdr-smart-google-tv-98c6k-10284787.html,true
Hisense,43A6S,GB,Currys,https://www.currys.co.uk/products/hisense-a6s-43-led-4k-hdr-smart-tv-with-freely-43a6stuk-10300737.html,true
LG,43LB6500,GB,Currys,https://www.currys.co.uk/products/lg-lb650b-43-smart-hd-hdr-led-tv-43lb65006la-10305659.html,true
Samsung,55LST7DA,GB,Currys,https://www.currys.co.uk/products/samsung-the-terrace-55-neo-qled-4k-outdoor-smart-tv-qe55lst7da-10297585.html,true
Hisense,85U7S,GB,Currys,https://www.currys.co.uk/products/hisense-u7s-85-mini-led-4k-144hz-smart-ai-tv-with-freely-85u7stuk-10300469.html,true
Hisense,43A7S,GB,Currys,https://www.currys.co.uk/products/hisense-a7s-43-qled-4k-smart-ai-tv-with-freely-43a7stuk-10301073.html,true
LG,98NU900B,GB,Currys,https://www.currys.co.uk/products/lg-nu90-98-led-4k-hdr-smart-tv-2026-98nu900b6lb-10301898.html,true
LG,77C6,GB,Currys,https://www.currys.co.uk/products/lg-c6-77-oled-ai-4k-hdr-smart-tv-2026-oled77c66lb-10301810.html,true
Samsung,85QN85DBTXXU,GB,Currys,https://www.currys.co.uk/products/samsung-qe85qn85dbtxxu-85-smart-4k-ultra-hd-hdr-neo-qled-tv-with-amazon-alexa-and-bixby-10263889.html,true
TCL,43V6D,GB,Currys,https://www.currys.co.uk/products/tcl-v6d-43-led-4k-hdr-smart-fire-tv-2026-43v6duk-10304097.html,true
Samsung,65LST7DA,GB,Currys,https://www.currys.co.uk/products/samsung-the-terrace-65-neo-qled-4k-outdoor-smart-tv-qe65lst7da-10297582.html,true
LG,48C3,GB,Currys,https://www.currys.co.uk/products/lg-oled48c36la-48-smart-4k-ultra-hd-hdr-oled-tv-with-amazon-alexa-10258009.html,true
Samsung,55M80H,FR,Boulanger,https://www.boulanger.com/ref/1240040,true
Samsung,65M80H,FR,Boulanger,https://www.boulanger.com/ref/1240090,true
Samsung,55U8090H,FR,Boulanger,https://www.boulanger.com/ref/1240038,true
Samsung,55S95H,FR,Boulanger,https://www.boulanger.com/ref/1240084,true
Samsung,75M80H,FR,Boulanger,https://www.boulanger.com/ref/1240067,true
Samsung,55S90H,FR,Boulanger,https://www.boulanger.com/ref/1240083,true
Samsung,77S90H,FR,Boulanger,https://www.boulanger.com/ref/1240089,true
Samsung,55QN70H,FR,Boulanger,https://www.boulanger.com/ref/1240062,true
Samsung,65R95H,FR,Boulanger,https://www.boulanger.com/ref/1240064,true
Samsung,65LS03FW,FR,Boulanger,https://www.boulanger.com/ref/1221233,true
Samsung,75Q7F,FR,Boulanger,https://www.boulanger.com/ref/1221583,true
Samsung,43M70H,FR,Boulanger,https://www.boulanger.com/ref/1239972,true
Samsung,65S95H,FR,Boulanger,https://www.boulanger.com/ref/1240061,true
Samsung,50M70H,FR,Boulanger,https://www.boulanger.com/ref/1240012,true
Samsung,32Q5FA,FR,Boulanger,https://www.boulanger.com/ref/1239890,true
Samsung,50LS03FA,FR,Boulanger,https://www.boulanger.com/ref/1221220,true
Samsung,55LS03FA,FR,Boulanger,https://www.boulanger.com/ref/1221231,true
Samsung,32H5005FK,FR,Boulanger,https://www.boulanger.com/ref/1221518,true
Samsung,43U8090H,FR,Boulanger,https://www.boulanger.com/ref/1239971,true
Samsung,75LS03FW,FR,Boulanger,https://www.boulanger.com/ref/1221234,true
Samsung,65S90H,FR,Boulanger,https://www.boulanger.com/ref/1240039,true
Samsung,85U8005H,FR,Boulanger,https://www.boulanger.com/ref/1240026,true
Samsung,55S99H,FR,Boulanger,https://www.boulanger.com/ref/1240086,true
Samsung,85M80H,FR,Boulanger,https://www.boulanger.com/ref/1240025,true
Samsung,27F6000,FR,Boulanger,https://www.boulanger.com/ref/1221942,true
Samsung,65QN80H,FR,Boulanger,https://www.boulanger.com/ref/1240094,true
Samsung,77S95H,FR,Boulanger,https://www.boulanger.com/ref/1240093,true
Samsung,50QN70H,FR,Boulanger,https://www.boulanger.com/ref/1240013,true
Samsung,98Q7FA,FR,Boulanger,https://www.boulanger.com/ref/1234101,true
Samsung,83S95F,FR,Boulanger,https://www.boulanger.com/ref/1221658,true
Samsung,43QN70H,FR,Boulanger,https://www.boulanger.com/ref/1239973,true
Samsung,65LS03HA,FR,Boulanger,https://www.boulanger.com/ref/1240033,true
Samsung,65QN900F,FR,Boulanger,https://www.boulanger.com/ref/1221610,true
Samsung,65QN70H,FR,Boulanger,https://www.boulanger.com/ref/1240091,true
Samsung,48S90H,FR,Boulanger,https://www.boulanger.com/ref/1240034,true
Samsung,85LS03FW,FR,Boulanger,https://www.boulanger.com/ref/1221235,true
Samsung,43LS03HE,FR,Boulanger,https://www.boulanger.com/ref/1239974,true
Samsung,100QN80F,FR,Boulanger,https://www.boulanger.com/ref/1222043,true
Samsung,65U8005H,FR,Boulanger,https://www.boulanger.com/ref/1240088,true
Samsung,50QN90F,FR,Boulanger,https://www.boulanger.com/ref/1221604,true
Samsung,50U8090H,FR,Boulanger,https://www.boulanger.com/ref/1240011,true
Samsung,48S95H,FR,Boulanger,https://www.boulanger.com/ref/1240036,true
Samsung,43LS03FA,FR,Boulanger,https://www.boulanger.com/ref/1221215,true
Samsung,55LS03HW,FR,Boulanger,https://www.boulanger.com/ref/1240081,true
Samsung,55LS03HA,FR,Boulanger,https://www.boulanger.com/ref/1240069,true
Samsung,42S90H,FR,Boulanger,https://www.boulanger.com/ref/1239980,true
Samsung,75U8090H,FR,Boulanger,https://www.boulanger.com/ref/1240065,true
Samsung,50QN80H,FR,Boulanger,https://www.boulanger.com/ref/1240014,true
Samsung,43QN90F,FR,Boulanger,https://www.boulanger.com/ref/1221603,true
Samsung,24F6000,FR,Boulanger,https://www.boulanger.com/ref/1221941,true
Samsung,55QN80H,FR,Boulanger,https://www.boulanger.com/ref/1240066,true
Samsung,65LS03FA,FR,Boulanger,https://www.boulanger.com/ref/1221232,true
Samsung,55R85H,FR,Boulanger,https://www.boulanger.com/ref/1240070,true
Samsung,75QN70H,FR,Boulanger,https://www.boulanger.com/ref/1240068,true
Samsung,75QN80H,FR,Boulanger,https://www.boulanger.com/ref/1240082,true
Samsung,65R85H,FR,Boulanger,https://www.boulanger.com/ref/1240035,true
Samsung,98U9005H,FR,Boulanger,https://www.boulanger.com/ref/1244312,true
Samsung,65LS03HW,FR,Boulanger,https://www.boulanger.com/ref/1240037,true
Samsung,75R85H,FR,Boulanger,https://www.boulanger.com/ref/1240085,true
Samsung,85QN80H,FR,Boulanger,https://www.boulanger.com/ref/1240024,true
Samsung,100M90H,FR,Boulanger,https://www.boulanger.com/ref/1244737,true
Samsung,75LS03HW,FR,Boulanger,https://www.boulanger.com/ref/1240087,true
Samsung,65S99H,FR,Boulanger,https://www.boulanger.com/ref/1240063,true
Samsung,55LST7D,FR,Boulanger,https://www.boulanger.com/ref/1221946,true
Samsung,75R95H,FR,Boulanger,https://www.boulanger.com/ref/1240027,true
Samsung,100QN80H,FR,Boulanger,https://www.boulanger.com/ref/1244738,true
Samsung,85QN90F,FR,Boulanger,https://www.boulanger.com/ref/1221607,true
Samsung,85R85H,FR,Boulanger,https://www.boulanger.com/ref/1240023,true
Samsung,85LS03HW,FR,Boulanger,https://www.boulanger.com/ref/1239988,true
Samsung,83S90H,FR,Boulanger,https://www.boulanger.com/ref/1239989,true
Samsung,77S99H,FR,Boulanger,https://www.boulanger.com/ref/1240096,true
Samsung,65LST7D,FR,Boulanger,https://www.boulanger.com/ref/1221975,true
Samsung,85R95H,FR,Boulanger,https://www.boulanger.com/ref/1239986,true
Samsung,83S99H,FR,Boulanger,https://www.boulanger.com/ref/1239987,true
Samsung,85QN900F,FR,Boulanger,https://www.boulanger.com/ref/1221612,true
Samsung,75LST7D,FR,Boulanger,https://www.boulanger.com/ref/1221976,true
Samsung,98QN90F,FR,Boulanger,https://www.boulanger.com/ref/1221609,true
Samsung,115QN90F,FR,Boulanger,https://www.boulanger.com/ref/1228822,true
Samsung,43U7025F,FR,Boulanger,https://www.boulanger.com/ref/9000995336,true
Samsung,85U7000F,FR,Boulanger,https://www.boulanger.com/ref/1234667,true
Samsung,77S90F,FR,Boulanger,https://www.boulanger.com/ref/1221679,true
Samsung,55S90F,FR,Boulanger,https://www.boulanger.com/ref/1221677,true
Samsung,65Q7F,FR,Boulanger,https://www.boulanger.com/ref/9000947060,true
Samsung,43U8005F,FR,Boulanger,https://www.boulanger.com/ref/1221519,true
Samsung,83S90F,FR,Boulanger,https://www.boulanger.com/ref/1221619,true
Samsung,55Q6F,FR,Boulanger,https://www.boulanger.com/ref/1229497,true
Samsung,65U8005F,FR,Boulanger,https://www.boulanger.com/ref/1221572,true
Samsung,55U7000F,FR,Boulanger,https://www.boulanger.com/ref/1234660,true
Samsung,48S90F,FR,Boulanger,https://www.boulanger.com/ref/1221618,true
Samsung,43U7000F,FR,Boulanger,https://www.boulanger.com/ref/1234658,true
Samsung,43Q7F,FR,Boulanger,https://www.boulanger.com/ref/9000979123,true
Samsung,50U8005F,FR,Boulanger,https://www.boulanger.com/ref/1221520,true
Samsung,55U8005F,FR,Boulanger,https://www.boulanger.com/ref/1221571,true
Samsung,50QN80F,FR,Boulanger,https://www.boulanger.com/ref/1221592,true
Samsung,65U7000F,FR,Boulanger,https://www.boulanger.com/ref/1234711,true
Samsung,75QEF1A,FR,Boulanger,https://www.boulanger.com/ref/1229541,true
Samsung,75U7000F,FR,Boulanger,https://www.boulanger.com/ref/1234712,true
Samsung,75U8005F,FR,Boulanger,https://www.boulanger.com/ref/1221573,true
Samsung,43LS01B,FR,Boulanger,https://www.boulanger.com/ref/1189125,true
Samsung,43LS01B,FR,Boulanger,https://www.boulanger.com/ref/1189126,true
Samsung,55LS01B,FR,Boulanger,https://www.boulanger.com/ref/1189130,true
Samsung,50QN90C,FR,Boulanger,https://www.boulanger.com/ref/1189034,true
Samsung,43LS05B,FR,Boulanger,https://www.boulanger.com/ref/1190619,true
Samsung,85QN80F,FR,Boulanger,https://www.boulanger.com/ref/1221596,true
Samsung,85QN70H,FR,Boulanger,https://www.boulanger.com/ref/1240022,true
Samsung,83S90D,FR,Boulanger,https://www.boulanger.com/ref/1207301,true
Samsung,85QN990F,FR,Boulanger,https://www.boulanger.com/ref/1221616,true
Samsung,98QN90A,FR,Boulanger,https://www.boulanger.com/ref/1168994,true
Samsung,65S90F,FR,Boulanger,https://www.boulanger.com/ref/1221678,true
Samsung,55S95F,FR,Boulanger,https://www.boulanger.com/ref/1221655,true
Samsung,85QN70F,FR,Boulanger,https://www.boulanger.com/ref/1221591,true
Samsung,42S90F,FR,Boulanger,https://www.boulanger.com/ref/1221617,true
Samsung,65Q7F,FR,Boulanger,https://www.boulanger.com/ref/1221676,true
Samsung,55Q7F,FR,Boulanger,https://www.boulanger.com/ref/1221577,true
TCL,65C7L,FR,Boulanger,https://www.boulanger.com/ref/1238877,true
TCL,85RM9L,FR,Boulanger,https://www.boulanger.com/ref/1240529,true
TCL,65C8K,FR,Boulanger,https://www.boulanger.com/ref/1221058,true
TCL,32S5L,FR,Boulanger,https://www.boulanger.com/ref/1240573,true
TCL,55C8L,FR,Boulanger,https://www.boulanger.com/ref/1238873,true
TCL,43S5L,FR,Boulanger,https://www.boulanger.com/ref/1240575,true
TCL,55C6KPRO,FR,Boulanger,https://www.boulanger.com/ref/1240585,true
TCL,65C8L,FR,Boulanger,https://www.boulanger.com/ref/1238872,true
TCL,75C8L,FR,Boulanger,https://www.boulanger.com/ref/1238871,true
TCL,65C6KPRO,FR,Boulanger,https://www.boulanger.com/ref/1240586,true
TCL,43T6C,FR,Boulanger,https://www.boulanger.com/ref/1240647,true
TCL,40S5L,FR,Boulanger,https://www.boulanger.com/ref/1240574,true
TCL,55A400PRO,FR,Boulanger,https://www.boulanger.com/ref/1240592,true
TCL,65A400PRO,FR,Boulanger,https://www.boulanger.com/ref/1240593,true
TCL,50C7K,FR,Boulanger,https://www.boulanger.com/ref/1221020,true
TCL,98C7L,FR,Boulanger,https://www.boulanger.com/ref/1238874,true
TCL,50C6K,FR,Boulanger,https://www.boulanger.com/ref/1221019,true
TCL,55A400U,FR,Boulanger,https://www.boulanger.com/ref/1240597,true
TCL,65P8L,FR,Boulanger,https://www.boulanger.com/ref/1240583,true
TCL,85A400PRO,FR,Boulanger,https://www.boulanger.com/ref/1240595,true
TCL,75C7L,FR,Boulanger,https://www.boulanger.com/ref/1238876,true
TCL,50T6C,FR,Boulanger,https://www.boulanger.com/ref/1240648,true
TCL,50S5L,FR,Boulanger,https://www.boulanger.com/ref/1240576,true
TCL,55P8L,FR,Boulanger,https://www.boulanger.com/ref/1244747,true
TCL,75A400PRO,FR,Boulanger,https://www.boulanger.com/ref/1240594,true
TCL,65A400U,FR,Boulanger,https://www.boulanger.com/ref/1240598,true
TCL,55P6L,FR,Boulanger,https://www.boulanger.com/ref/1240163,true
TCL,75P7L,FR,Boulanger,https://www.boulanger.com/ref/1240581,true
TCL,55C7L,FR,Boulanger,https://www.boulanger.com/ref/1238878,true
TCL,32A400PRO,FR,Boulanger,https://www.boulanger.com/ref/1240589,true
TCL,65T6C,FR,Boulanger,https://www.boulanger.com/ref/1240651,true
TCL,65T6C,FR,Boulanger,https://www.boulanger.com/ref/1240652,true
TCL,50P7L,FR,Boulanger,https://www.boulanger.com/ref/1240578,true
TCL,50V6D,FR,Boulanger,https://www.boulanger.com/ref/1240162,true
TCL,43V6D,FR,Boulanger,https://www.boulanger.com/ref/1240161,true
TCL,43P7L,FR,Boulanger,https://www.boulanger.com/ref/1240577,true
TCL,55T6C,FR,Boulanger,https://www.boulanger.com/ref/1240650,true
TCL,55T6C,FR,Boulanger,https://www.boulanger.com/ref/1240649,true
TCL,43A400PRO,FR,Boulanger,https://www.boulanger.com/ref/1240590,true
TCL,55P7L,FR,Boulanger,https://www.boulanger.com/ref/1240579,true
TCL,65P6L,FR,Boulanger,https://www.boulanger.com/ref/1240164,true
TCL,65P7L,FR,Boulanger,https://www.boulanger.com/ref/1240580,true
TCL,75P6L,FR,Boulanger,https://www.boulanger.com/ref/1240165,true
TCL,75P8L,FR,Boulanger,https://www.boulanger.com/ref/1244750,true
TCL,75C6KPRO,FR,Boulanger,https://www.boulanger.com/ref/1240587,true
TCL,75A400U,FR,Boulanger,https://www.boulanger.com/ref/1240601,true
TCL,85P7L,FR,Boulanger,https://www.boulanger.com/ref/1240582,true
TCL,85P8L,FR,Boulanger,https://www.boulanger.com/ref/1244751,true
TCL,65RM7L,FR,Boulanger,https://www.boulanger.com/ref/1244746,true
TCL,85C6KPRO,FR,Boulanger,https://www.boulanger.com/ref/1240588,true
TCL,85A400U,FR,Boulanger,https://www.boulanger.com/ref/1240602,true
TCL,75RM7L,FR,Boulanger,https://www.boulanger.com/ref/1244745,true
TCL,98P8L,FR,Boulanger,https://www.boulanger.com/ref/1244753,true
TCL,98A400U,FR,Boulanger,https://www.boulanger.com/ref/1240604,true
TCL,85RM7L,FR,Boulanger,https://www.boulanger.com/ref/1244744,true
TCL,98A400PRO,FR,Boulanger,https://www.boulanger.com/ref/1240596,true
TCL,85C8L,FR,Boulanger,https://www.boulanger.com/ref/1238820,true
TCL,75X11L,FR,Boulanger,https://www.boulanger.com/ref/1238818,true
TCL,98RM7L,FR,Boulanger,https://www.boulanger.com/ref/1244743,true
TCL,98C8L,FR,Boulanger,https://www.boulanger.com/ref/1238819,true
TCL,85X11L,FR,Boulanger,https://www.boulanger.com/ref/1238817,true
TCL,98RM9L,FR,Boulanger,https://www.boulanger.com/ref/1240530,true
TCL,115C7K,FR,Boulanger,https://www.boulanger.com/ref/1221056,true
TCL,115RM9L,FR,Boulanger,https://www.boulanger.com/ref/1240572,true
TCL,115X955MAX,FR,Boulanger,https://www.boulanger.com/ref/1202943,true
TCL,65A300W,FR,Boulanger,https://www.boulanger.com/ref/1211410,true
TCL,75A300W,FR,Boulanger,https://www.boulanger.com/ref/1211412,true
TCL,65A300,FR,Boulanger,https://www.boulanger.com/ref/1211411,true
TCL,75A300,FR,Boulanger,https://www.boulanger.com/ref/1211414,true
TCL,65C9K,FR,Boulanger,https://www.boulanger.com/ref/1221063,true
TCL,43P7K,FR,Boulanger,https://www.boulanger.com/ref/1218981,true
TCL,50P7K,FR,Boulanger,https://www.boulanger.com/ref/1218982,true
TCL,75P8K,FR,Boulanger,https://www.boulanger.com/ref/1218989,true
TCL,75P7K,FR,Boulanger,https://www.boulanger.com/ref/1218985,true
TCL,65P7K,FR,Boulanger,https://www.boulanger.com/ref/1218984,true
TCL,75C8K,FR,Boulanger,https://www.boulanger.com/ref/1221059,true
TCL,43P735,FR,Boulanger,https://www.boulanger.com/ref/1176886,true
TCL,50P638,FR,Boulanger,https://www.boulanger.com/ref/1182845,true
TCL,43P6K,FR,Boulanger,https://www.boulanger.com/ref/1228145,true
TCL,50P735,FR,Boulanger,https://www.boulanger.com/ref/1177493,true
TCL,55P7K,FR,Boulanger,https://www.boulanger.com/ref/1218983,true
TCL,55P8K,FR,Boulanger,https://www.boulanger.com/ref/1218987,true
TCL,55P6K,FR,Boulanger,https://www.boulanger.com/ref/1224196,true
TCL,55A300W,FR,Boulanger,https://www.boulanger.com/ref/1211406,true
TCL,85C6K,FR,Boulanger,https://www.boulanger.com/ref/1218995,true
TCL,98P8K,FR,Boulanger,https://www.boulanger.com/ref/1218991,true
TCL,98C7K,FR,Boulanger,https://www.boulanger.com/ref/1221051,true
TCL,85X955,FR,Boulanger,https://www.boulanger.com/ref/1193149,true
TCL,98C955,FR,Boulanger,https://www.boulanger.com/ref/1193145,true
TCL,65C6K,FR,Boulanger,https://www.boulanger.com/ref/1218993,true
TCL,85C7L,FR,Boulanger,https://www.boulanger.com/ref/1238875,true
TCL,98X11L,FR,Boulanger,https://www.boulanger.com/ref/1238816,true
LG,55C6,FR,Boulanger,https://www.boulanger.com/ref/1239897,true
LG,65QNED70B,FR,Boulanger,https://www.boulanger.com/ref/1239872,true
LG,50QNED85B,FR,Boulanger,https://www.boulanger.com/ref/1239790,true
LG,77C5,FR,Boulanger,https://www.boulanger.com/ref/1220723,true
LG,65C6,FR,Boulanger,https://www.boulanger.com/ref/1239935,true
LG,55G6,FR,Boulanger,https://www.boulanger.com/ref/1239930,true
LG,77C6,FR,Boulanger,https://www.boulanger.com/ref/1239937,true
LG,43QNED70B,FR,Boulanger,https://www.boulanger.com/ref/1239786,true
LG,65QNED85A,FR,Boulanger,https://www.boulanger.com/ref/1220715,true
LG,27LB7000,FR,Boulanger,https://www.boulanger.com/ref/1240874,true
LG,42C6,FR,Boulanger,https://www.boulanger.com/ref/1239829,true
LG,55QNED70B,FR,Boulanger,https://www.boulanger.com/ref/1239843,true
LG,48C6,FR,Boulanger,https://www.boulanger.com/ref/1239830,true
LG,83G6,FR,Boulanger,https://www.boulanger.com/ref/1239981,true
LG,77G6,FR,Boulanger,https://www.boulanger.com/ref/1239938,true
LG,48G6,FR,Boulanger,https://www.boulanger.com/ref/1239896,true
LG,65QNED85B,FR,Boulanger,https://www.boulanger.com/ref/1239873,true
LG,65NU850B6,FR,Boulanger,https://www.boulanger.com/ref/1239871,true
LG,55NU850B6,FR,Boulanger,https://www.boulanger.com/ref/1239841,true
LG,65G6,FR,Boulanger,https://www.boulanger.com/ref/1239936,true
LG,24LB7000,FR,Boulanger,https://www.boulanger.com/ref/1240873,true
LG,75QNED80A,FR,Boulanger,https://www.boulanger.com/ref/1220718,true
LG,43QNED85B,FR,Boulanger,https://www.boulanger.com/ref/1239787,true
LG,50QNED70B,FR,Boulanger,https://www.boulanger.com/ref/1239789,true
LG,55QNED85B,FR,Boulanger,https://www.boulanger.com/ref/1239859,true
LG,75MRGB86B6,FR,Boulanger,https://www.boulanger.com/ref/1240878,true
LG,43NU850B6,FR,Boulanger,https://www.boulanger.com/ref/1239785,true
LG,50MRGB86B6,FR,Boulanger,https://www.boulanger.com/ref/1240875,true
LG,75NU850B6,FR,Boulanger,https://www.boulanger.com/ref/1239874,true
LG,50NU850B6,FR,Boulanger,https://www.boulanger.com/ref/1239788,true
LG,50QNED80A,FR,Boulanger,https://www.boulanger.com/ref/1220649,true
LG,55MRGB86B6,FR,Boulanger,https://www.boulanger.com/ref/1240876,true
LG,55LX7B,FR,Boulanger,https://www.boulanger.com/ref/1243897,true
LG,65LX7B,FR,Boulanger,https://www.boulanger.com/ref/1243898,true
LG,65MRGB86B6,FR,Boulanger,https://www.boulanger.com/ref/1240877,true
LG,85NU850B6,FR,Boulanger,https://www.boulanger.com/ref/1239876,true
LG,75QNED85B,FR,Boulanger,https://www.boulanger.com/ref/1239875,true
LG,86QNED85B,FR,Boulanger,https://www.boulanger.com/ref/1239877,true
LG,100QNED85B,FR,Boulanger,https://www.boulanger.com/ref/1239784,true
LG,83C6,FR,Boulanger,https://www.boulanger.com/ref/1239940,true
LG,77W6,FR,Boulanger,https://www.boulanger.com/ref/1242836,true
LG,75MRGB96B6,FR,Boulanger,https://www.boulanger.com/ref/1240879,true
LG,83W6,FR,Boulanger,https://www.boulanger.com/ref/1242837,true
LG,86MRGB96B6,FR,Boulanger,https://www.boulanger.com/ref/1240880,true
LG,100MRGB96B6,FR,Boulanger,https://www.boulanger.com/ref/1240881,true
LG,97G5,FR,Boulanger,https://www.boulanger.com/ref/1220767,true
LG,97M5,FR,Boulanger,https://www.boulanger.com/ref/1220762,true
LG,75QNED90A,FR,Boulanger,https://www.boulanger.com/ref/1220689,true
LG,77G5,FR,Boulanger,https://www.boulanger.com/ref/1220583,true
LG,65G5,FR,Boulanger,https://www.boulanger.com/ref/9000941112,true
LG,43UA75,FR,Boulanger,https://www.boulanger.com/ref/1220660,true
LG,48C5,FR,Boulanger,https://www.boulanger.com/ref/1220720,true
LG,48G5,FR,Boulanger,https://www.boulanger.com/ref/1220765,true
LG,86UA75,FR,Boulanger,https://www.boulanger.com/ref/1220646,true
LG,55UA75,FR,Boulanger,https://www.boulanger.com/ref/1220679,true
LG,83C5,FR,Boulanger,https://www.boulanger.com/ref/1220724,true
LG,65C5,FR,Boulanger,https://www.boulanger.com/ref/1220722,true
LG,32LQ630B,FR,Boulanger,https://www.boulanger.com/ref/1175708,true
LG,24TQ510S,FR,Boulanger,https://www.boulanger.com/ref/1178520,true
LG,24TQ520S,FR,Boulanger,https://www.boulanger.com/ref/1178051,true
LG,27TQ615S,FR,Boulanger,https://www.boulanger.com/ref/1205048,true
LG,43UR78,FR,Boulanger,https://www.boulanger.com/ref/1190204,true
LG,43QNED70A,FR,Boulanger,https://www.boulanger.com/ref/1224199,true
LG,55QNED70A,FR,Boulanger,https://www.boulanger.com/ref/1224047,true
LG,43UQ7690,FR,Boulanger,https://www.boulanger.com/ref/1177220,true
LG,43QNED80A,FR,Boulanger,https://www.boulanger.com/ref/1220647,true
LG,50UA75,FR,Boulanger,https://www.boulanger.com/ref/1220678,true
LG,65UA75,FR,Boulanger,https://www.boulanger.com/ref/1220691,true
LG,50UR78,FR,Boulanger,https://www.boulanger.com/ref/1190207,true
LG,75UA75,FR,Boulanger,https://www.boulanger.com/ref/1220645,true
LG,55C5,FR,Boulanger,https://www.boulanger.com/ref/1220721,true
LG,55G5,FR,Boulanger,https://www.boulanger.com/ref/9000941111,true
LG,65B5,FR,Boulanger,https://www.boulanger.com/ref/1220751,true
LG,55G6,FR,Boulanger,https://www.boulanger.com/ref/9001040822,true
LG,65G6,FR,Boulanger,https://www.boulanger.com/ref/9001040825,true
LG,77C3,FR,Boulanger,https://www.boulanger.com/ref/1190256,true
LG,83G3,FR,Boulanger,https://www.boulanger.com/ref/1190259,true
LG,55G5,FR,Boulanger,https://www.boulanger.com/ref/1220581,true
LG,42C5,FR,Boulanger,https://www.boulanger.com/ref/1220719,true
LG,55QNED85A,FR,Boulanger,https://www.boulanger.com/ref/1220712,true
LG,50QNED85A,FR,Boulanger,https://www.boulanger.com/ref/1220650,true
LG,65QNED80A,FR,Boulanger,https://www.boulanger.com/ref/1220714,true
Hisense,65UR8S,FR,Boulanger,https://www.boulanger.com/ref/1240217,true
Hisense,75E7QPRO,FR,Boulanger,https://www.boulanger.com/ref/1222638,true
Hisense,32A5S,FR,Boulanger,https://www.boulanger.com/ref/1240354,true
Hisense,100U7Q,FR,Boulanger,https://www.boulanger.com/ref/1222660,true
Hisense,55UR8S,FR,Boulanger,https://www.boulanger.com/ref/1240215,true
Hisense,50E7S,FR,Boulanger,https://www.boulanger.com/ref/1240357,true
Hisense,65U7SE,FR,Boulanger,https://www.boulanger.com/ref/1240351,true
Hisense,50U7SE,FR,Boulanger,https://www.boulanger.com/ref/1240361,true
Hisense,65U7SPRO,FR,Boulanger,https://www.boulanger.com/ref/1240216,true
Hisense,58E7S,FR,Boulanger,https://www.boulanger.com/ref/1240358,true
Hisense,100E7QPRO,FR,Boulanger,https://www.boulanger.com/ref/1222657,true
Hisense,65UR9S,FR,Boulanger,https://www.boulanger.com/ref/1239171,true
Hisense,65E7QPRO,FR,Boulanger,https://www.boulanger.com/ref/1222700,true
Hisense,55E7S,FR,Boulanger,https://www.boulanger.com/ref/1240220,true
Hisense,85UR9S,FR,Boulanger,https://www.boulanger.com/ref/1239173,true
Hisense,55U7SPRO,FR,Boulanger,https://www.boulanger.com/ref/1240214,true
Hisense,65E7S,FR,Boulanger,https://www.boulanger.com/ref/1240331,true
Hisense,55U7SE,FR,Boulanger,https://www.boulanger.com/ref/1240340,true
Hisense,65E7SPRO,FR,Boulanger,https://www.boulanger.com/ref/1240335,true
Hisense,43E7S,FR,Boulanger,https://www.boulanger.com/ref/1240356,true
Hisense,85E7SPRO,FR,Boulanger,https://www.boulanger.com/ref/1240337,true
Hisense,55E7SPRO,FR,Boulanger,https://www.boulanger.com/ref/1240334,true
Hisense,50A7S,FR,Boulanger,https://www.boulanger.com/ref/1240360,true
Hisense,32S5Q,FR,Boulanger,https://www.boulanger.com/ref/1233536,true
Hisense,55A7S,FR,Boulanger,https://www.boulanger.com/ref/1240338,true
Hisense,43A7S,FR,Boulanger,https://www.boulanger.com/ref/1240359,true
Hisense,65A7S,FR,Boulanger,https://www.boulanger.com/ref/1240339,true
Hisense,75E7S,FR,Boulanger,https://www.boulanger.com/ref/1240332,true
Hisense,75E7SPRO,FR,Boulanger,https://www.boulanger.com/ref/1240336,true
Hisense,85E7S,FR,Boulanger,https://www.boulanger.com/ref/1240333,true
Hisense,75U7SPRO,FR,Boulanger,https://www.boulanger.com/ref/1240218,true
Hisense,85U7SPRO,FR,Boulanger,https://www.boulanger.com/ref/1240219,true
Hisense,75UR8S,FR,Boulanger,https://www.boulanger.com/ref/1240658,true
Hisense,75UR9S,FR,Boulanger,https://www.boulanger.com/ref/1239172,true
Hisense,85UR8S,FR,Boulanger,https://www.boulanger.com/ref/1240659,true
Hisense,100U7S,FR,Boulanger,https://www.boulanger.com/ref/1244372,true
Hisense,100UR8S,FR,Boulanger,https://www.boulanger.com/ref/1244317,true
Hisense,100UXQ,FR,Boulanger,https://www.boulanger.com/ref/1229416,true
Hisense,116UXQ,FR,Boulanger,https://www.boulanger.com/ref/1229418,true
Hisense,32A5Q,FR,Boulanger,https://www.boulanger.com/ref/1222713,true
Hisense,85U8Q,FR,Boulanger,https://www.boulanger.com/ref/1222748,true
Hisense,40A5S,FR,Boulanger,https://www.boulanger.com/ref/1240355,true
Hisense,50A6Q,FR,Boulanger,https://www.boulanger.com/ref/1222722,true
Hisense,32A49K,FR,Boulanger,https://www.boulanger.com/ref/1195009,true
Hisense,58A6S,FR,Boulanger,https://www.boulanger.com/ref/9001057732,true
Hisense,40A5Q,FR,Boulanger,https://www.boulanger.com/ref/1222715,true
Hisense,65E7KQ,FR,Boulanger,https://www.boulanger.com/ref/1192701,true
Hisense,43E7Q,FR,Boulanger,https://www.boulanger.com/ref/1222720,true
Hisense,55E7Q,FR,Boulanger,https://www.boulanger.com/ref/1222693,true
Hisense,55A7Q,FR,Boulanger,https://www.boulanger.com/ref/1222732,true
Hisense,65A7Q,FR,Boulanger,https://www.boulanger.com/ref/1222699,true
Hisense,55A6Q,FR,Boulanger,https://www.boulanger.com/ref/1222725,true
Hisense,65A6Q,FR,Boulanger,https://www.boulanger.com/ref/1222698,true
Hisense,55U7Q,FR,Boulanger,https://www.boulanger.com/ref/1229414,true
Hisense,65E7Q,FR,Boulanger,https://www.boulanger.com/ref/1222751,true
Hisense,75E7KQPRO,FR,Boulanger,https://www.boulanger.com/ref/1191449,true
Hisense,75U7SE,FR,Boulanger,https://www.boulanger.com/ref/1240352,true
Hisense,75E7Q,FR,Boulanger,https://www.boulanger.com/ref/1222639,true
Hisense,75A6Q,FR,Boulanger,https://www.boulanger.com/ref/1222637,true
Hisense,85U7SE,FR,Boulanger,https://www.boulanger.com/ref/1240353,true
Hisense,75U7QPRO,FR,Boulanger,https://www.boulanger.com/ref/1222640,true
Hisense,65A85Q,FR,Boulanger,https://www.boulanger.com/ref/1228679,true
Hisense,75U9GQ,FR,Boulanger,https://www.boulanger.com/ref/1172539,true
Hisense,110UXNQ,FR,Boulanger,https://www.boulanger.com/ref/1215542,true
Hisense,55U7QPRO,FR,Boulanger,https://www.boulanger.com/ref/1222694,true
Hisense,65U8Q,FR,Boulanger,https://www.boulanger.com/ref/1222636,true
Hisense,55E7QPRO,FR,Boulanger,https://www.boulanger.com/ref/1222485,true
Sony,55A90J,FR,Boulanger,https://www.boulanger.com/ref/1159766,true
Sony,43BRAVIA3,FR,Boulanger,https://www.boulanger.com/ref/1222023,true
Samsung,55Q7F,NO,Elkjop,https://www.elkjop.no/product/tv-lyd-og-smarte-hjem/tv-og-tilbehor/tv/samsung-55-qef1-4k-qled-smart-tv-2025/906420,true
LG,65NANO82,NO,Elkjop,https://www.elkjop.no/product/tv-lyd-og-smarte-hjem/tv-og-tilbehor/tv/lg-65-nano-82-4k-nanocell-tv-2025/951254,true
TCL,55P8K,NO,Elkjop,https://www.elkjop.no/product/tv-lyd-og-smarte-hjem/tv-og-tilbehor/tv/tcl-55-qled810k-4k-qled-tv-2025/899846,true
TCL,65P8K,NO,Elkjop,https://www.elkjop.no/product/tv-lyd-og-smarte-hjem/tv-og-tilbehor/tv/tcl-65-qled810k-4k-qled-tv-2025/899831,true
TCL,65P7K,NO,Elkjop,https://www.elkjop.no/product/tv-lyd-og-smarte-hjem/tv-og-tilbehor/tv/tcl-65-qled780k-4k-qled-tv-2025/899840,true
Sony,77BRAVIA8,NO,Elkjop,https://www.elkjop.no/product/tv-lyd-og-smarte-hjem/tv-og-tilbehor/tv/sony-77-bravia-8a-4k-oled-smart-tv-2025/987971,true
Sony,65BRAVIA8,NO,Elkjop,https://www.elkjop.no/product/tv-lyd-og-smarte-hjem/tv-og-tilbehor/tv/sony-65-bravia-8a-4k-oled-smart-tv-2025/987969,true
Samsung,98Q7F,NO,Elkjop,https://www.elkjop.no/product/tv-lyd-og-smarte-hjem/tv-og-tilbehor/tv/samsung-98-q7f-4k-qled-smart-tv-2025/987548,true
LG,75NANO82,NO,Elkjop,https://www.elkjop.no/product/tv-lyd-og-smarte-hjem/tv-og-tilbehor/tv/lg-75-nano-82-4k-nanocell-tv-2025/951253,true
TCL,75P8K,NO,Elkjop,https://www.elkjop.no/product/tv-lyd-og-smarte-hjem/tv-og-tilbehor/tv/tcl-75-qled810k-4k-qled-tv-2025/899850,true
Samsung,40F6000,NO,Elkjop,https://www.elkjop.no/product/tv-lyd-og-smarte-hjem/tv-og-tilbehor/tv/samsung-40-f6005f-fhd-smart-tv-2025/906440,true
Samsung,85Q6F,NO,Elkjop,https://www.elkjop.no/product/tv-lyd-og-smarte-hjem/tv-og-tilbehor/tv/samsung-85-q6f-4k-qled-smart-tv-2025/945460,true
Samsung,65Q7F,NO,Elkjop,https://www.elkjop.no/product/tv-lyd-og-smarte-hjem/tv-og-tilbehor/tv/samsung-65-q7f-4k-qled-smart-tv-2025/906435,true
Samsung,55Q7F,NO,Elkjop,https://www.elkjop.no/product/tv-lyd-og-smarte-hjem/tv-og-tilbehor/tv/samsung-55-q7f-4k-qled-smart-tv-2025/906434,true
Samsung,43Q7F,NO,Elkjop,https://www.elkjop.no/product/tv-lyd-og-smarte-hjem/tv-og-tilbehor/tv/samsung-43-q7f-4k-qled-smart-tv-2025/906433,true
Samsung,77S90F,NO,Elkjop,https://www.elkjop.no/product/tv-lyd-og-smarte-hjem/tv-og-tilbehor/tv/samsung-77-s90f-4k-oled-smart-tv-2025/906403,true
Samsung,65S90F,NO,Elkjop,https://www.elkjop.no/product/tv-lyd-og-smarte-hjem/tv-og-tilbehor/tv/samsung-65-s90f-4k-oled-smart-tv-2025/906401,true
Samsung,75LS03FW,NO,Elkjop,https://www.elkjop.no/product/tv-lyd-og-smarte-hjem/tv-og-tilbehor/tv/samsung-75-the-frame-pro-neo-qled-4k-edge-miniled-smart-tv-2025/906398,true
Samsung,75Q7F,NO,Elkjop,https://www.elkjop.no/product/tv-lyd-og-smarte-hjem/tv-og-tilbehor/tv/samsung-75-qef1-4k-qled-smart-tv-2025/906381,true
Samsung,55S90F,NO,Elkjop,https://www.elkjop.no/product/tv-lyd-og-smarte-hjem/tv-og-tilbehor/tv/samsung-55-s90f-4k-oled-smart-tv-2025/906379,true
Samsung,50Q7F,NO,Elkjop,https://www.elkjop.no/product/tv-lyd-og-smarte-hjem/tv-og-tilbehor/tv/samsung-50-qef1-4k-qled-smart-tv-2025/906378,true
Samsung,55LS03F,NO,Elkjop,https://www.elkjop.no/product/tv-lyd-og-smarte-hjem/tv-og-tilbehor/tv/samsung-55-the-frame-4k-qled-smart-tv-2025/906377,true
Samsung,65LS03FW,NO,Elkjop,https://www.elkjop.no/product/tv-lyd-og-smarte-hjem/tv-og-tilbehor/tv/samsung-65-the-frame-pro-neo-qled-4k-edge-miniled-smart-tv-2025/906376,true
Samsung,83S90F,NO,Elkjop,https://www.elkjop.no/product/tv-lyd-og-smarte-hjem/tv-og-tilbehor/tv/samsung-83-s90f-4k-oled-smart-tv-2025/906371,true
TCL,50P7K,NO,Elkjop,https://www.elkjop.no/product/tv-lyd-og-smarte-hjem/tv-og-tilbehor/tv/tcl-50-qled780k-4k-qled-tv-2025/899871,true
TCL,55P7K,NO,Elkjop,https://www.elkjop.no/product/tv-lyd-og-smarte-hjem/tv-og-tilbehor/tv/tcl-55-qled780k-4k-qled-tv-2025/899853,true
TCL,43P7K,NO,Elkjop,https://www.elkjop.no/product/tv-lyd-og-smarte-hjem/tv-og-tilbehor/tv/tcl-43-qled780k-4k-qled-tv-2025/899851,true
LG,55NANO82,NO,Elkjop,https://www.elkjop.no/product/tv-lyd-og-smarte-hjem/tv-og-tilbehor/tv/lg-55-nano-82-4k-nanocell-tv-2025/951252,true
LG,50NANO82,NO,Elkjop,https://www.elkjop.no/product/tv-lyd-og-smarte-hjem/tv-og-tilbehor/tv/lg-50-nano-82-4k-nanocell-tv-2025/951251,true
LG,43NANO82,NO,Elkjop,https://www.elkjop.no/product/tv-lyd-og-smarte-hjem/tv-og-tilbehor/tv/lg-43-nano-82-4k-nanocell-tv-2025/951250,true
Samsung,75Q6F,NO,Elkjop,https://www.elkjop.no/product/tv-lyd-og-smarte-hjem/tv-og-tilbehor/tv/samsung-75-q6f-4k-qled-smart-tv-2025/945459,true
LG,65QNED85A,NO,Elkjop,https://www.elkjop.no/product/tv-lyd-og-smarte-hjem/tv-og-tilbehor/tv/lg-65-qned-85-4k-qned-miniled-tv-2025/912304,true
LG,55QNED85A,NO,Elkjop,https://www.elkjop.no/product/tv-lyd-og-smarte-hjem/tv-og-tilbehor/tv/lg-55-qned-85-4k-qned-miniled-tv-2025/912300,true
Samsung,75U7000F,NO,Elkjop,https://www.elkjop.no/product/tv-lyd-og-smarte-hjem/tv-og-tilbehor/tv/samsung-75-u7005f-4k-smart-tv-2025/906446,true
Samsung,75QN85F,NO,Elkjop,https://www.elkjop.no/product/tv-lyd-og-smarte-hjem/tv-og-tilbehor/tv/samsung-75-qn85f-neo-qled-4k-miniled-smart-tv-2025/906443,true
Samsung,55U7000F,NO,Elkjop,https://www.elkjop.no/product/tv-lyd-og-smarte-hjem/tv-og-tilbehor/tv/samsung-55-u7005f-4k-smart-tv-2025/906418,true
Samsung,65QN80F,NO,Elkjop,https://www.elkjop.no/product/tv-lyd-og-smarte-hjem/tv-og-tilbehor/tv/samsung-65-qn80f-neo-qled-4k-miniled-smart-tv-2025/906415,true
Samsung,65Q7F,NO,Elkjop,https://www.elkjop.no/product/tv-lyd-og-smarte-hjem/tv-og-tilbehor/tv/samsung-65-qef1-4k-qled-smart-tv-2025/906410,true
Samsung,55QN85F,NO,Elkjop,https://www.elkjop.no/product/tv-lyd-og-smarte-hjem/tv-og-tilbehor/tv/samsung-55-qn85f-neo-qled-4k-miniled-smart-tv-2025/906396,true
Samsung,65QN85F,NO,Elkjop,https://www.elkjop.no/product/tv-lyd-og-smarte-hjem/tv-og-tilbehor/tv/samsung-65-qn85f-neo-qled-4k-miniled-smart-tv-2025/906395,true
Samsung,85QN85F,NO,Elkjop,https://www.elkjop.no/product/tv-lyd-og-smarte-hjem/tv-og-tilbehor/tv/samsung-85-qn85f-neo-qled-4k-miniled-smart-tv-2025/906394,true
Samsung,55QN80F,NO,Elkjop,https://www.elkjop.no/product/tv-lyd-og-smarte-hjem/tv-og-tilbehor/tv/samsung-55-qn80f-neo-qled-4k-miniled-smart-tv-2025/906388,true
Samsung,55QN70F,NO,Elkjop,https://www.elkjop.no/product/tv-lyd-og-smarte-hjem/tv-og-tilbehor/tv/samsung-55-qn70f-neo-qled-4k-edge-miniled-smart-tv-2025/906373,true
Samsung,50Q7F,NO,Elkjop,https://www.elkjop.no/product/tv-lyd-og-smarte-hjem/tv-og-tilbehor/tv/samsung-50-q7f-4k-qled-smart-tv-2025/906364,true
Samsung,65U7000F,NO,Elkjop,https://www.elkjop.no/product/tv-lyd-og-smarte-hjem/tv-og-tilbehor/tv/samsung-65-u7005f-4k-smart-tv-2025/906362,true
TCL,65C8K,NO,Elkjop,https://www.elkjop.no/product/tv-lyd-og-smarte-hjem/tv-og-tilbehor/tv/tcl-65-c8k-4k-mini-led-tv-2025/899872,true
TCL,75C8K,NO,Elkjop,https://www.elkjop.no/product/tv-lyd-og-smarte-hjem/tv-og-tilbehor/tv/tcl-75-c8k-4k-mini-led-tv-2025/899861,true
TCL,98C8K,NO,Elkjop,https://www.elkjop.no/product/tv-lyd-og-smarte-hjem/tv-og-tilbehor/tv/tcl-98-c8k-4k-mini-led-tv-2025/899857,true
TCL,85C8K,NO,Elkjop,https://www.elkjop.no/product/tv-lyd-og-smarte-hjem/tv-og-tilbehor/tv/tcl-85-c8k-4k-mini-led-tv-2025/899842,true
TCL,50C6K,NO,Elkjop,https://www.elkjop.no/product/tv-lyd-og-smarte-hjem/tv-og-tilbehor/tv/tcl-50-mqled75k-4k-mini-led-tv-2025/986178,true
LG,77C5,NO,Elkjop,https://www.elkjop.no/product/tv-lyd-og-smarte-hjem/tv-og-tilbehor/tv/lg-77-c5-pro-4k-oled-evo-tv-2025/912295,true
LG,55C5,NO,Elkjop,https://www.elkjop.no/product/tv-lyd-og-smarte-hjem/tv-og-tilbehor/tv/lg-55-c5-pro-4k-oled-evo-tv-2025/912294,true
LG,65C5,NO,Elkjop,https://www.elkjop.no/product/tv-lyd-og-smarte-hjem/tv-og-tilbehor/tv/lg-65-c5-pro-4k-oled-evo-tv-2025/912286,true
Samsung,50Q7F,NO,Elkjop,https://www.elkjop.no/product/tv-lyd-og-smarte-hjem/tv-og-tilbehor/tv/samsung-50-q7f3-4k-qled-smart-tv-2025/906448,true
TCL,32S4K,NO,Elkjop,https://www.elkjop.no/product/tv-lyd-og-smarte-hjem/tv-og-tilbehor/tv/tcl-32-s4k-hd-ready-qled-tv-2025/899873,true
TCL,55C7K,NO,Elkjop,https://www.elkjop.no/product/tv-lyd-og-smarte-hjem/tv-og-tilbehor/tv/tcl-55-mqled85k-4k-mini-led-tv-2025/899867,true
TCL,55C6K,NO,Elkjop,https://www.elkjop.no/product/tv-lyd-og-smarte-hjem/tv-og-tilbehor/tv/tcl-55-mqled75k-4k-mini-led-tv-2025/899860,true
TCL,50C7K,NO,Elkjop,https://www.elkjop.no/product/tv-lyd-og-smarte-hjem/tv-og-tilbehor/tv/tcl-50-mqled85k-4k-mini-led-tv-2025/899854,true
TCL,98C7K,NO,Elkjop,https://www.elkjop.no/product/tv-lyd-og-smarte-hjem/tv-og-tilbehor/tv/tcl-98-mqled85k-4k-mini-led-tv-2025/899849,true
TCL,65C6K,NO,Elkjop,https://www.elkjop.no/product/tv-lyd-og-smarte-hjem/tv-og-tilbehor/tv/tcl-65-mqled75k-4k-mini-led-tv-2025/899848,true
TCL,75C6K,NO,Elkjop,https://www.elkjop.no/product/tv-lyd-og-smarte-hjem/tv-og-tilbehor/tv/tcl-75-mqled75k-4k-mini-led-tv-2025/899847,true
TCL,65C7K,NO,Elkjop,https://www.elkjop.no/product/tv-lyd-og-smarte-hjem/tv-og-tilbehor/tv/tcl-65-mqled85k-4k-mini-led-tv-2025/899841,true
LG,65C5,NO,Elkjop,https://www.elkjop.no/product/tv-lyd-og-smarte-hjem/tv-og-tilbehor/tv/lg-65-c5-4k-oled-evo-tv-2025/912307,true
LG,55C5,NO,Elkjop,https://www.elkjop.no/product/tv-lyd-og-smarte-hjem/tv-og-tilbehor/tv/lg-55-c5-4k-oled-evo-tv-2025/912302,true
Samsung,32H5000F,NO,Elkjop,https://www.elkjop.no/product/tv-lyd-og-smarte-hjem/tv-og-tilbehor/tv/samsung-32-h5005f-hd-smart-tv-2025/906413,true
TCL,32S45,NO,Elkjop,https://www.elkjop.no/product/tv-lyd-og-smarte-hjem/tv-og-tilbehor/tv/iffalcon-32-s45-qled-tv-2025/995561,true
Hisense,55U70QEVS,NO,Elkjop,https://www.elkjop.no/product/tv-lyd-og-smarte-hjem/tv-og-tilbehor/tv/hisense-55-u7q-pro-4k-mini-led-smart-tv-2025/995556,true
Hisense,65U70QEVS,NO,Elkjop,https://www.elkjop.no/product/tv-lyd-og-smarte-hjem/tv-og-tilbehor/tv/hisense-65-u7q-pro-4k-mini-led-smart-tv-2025/995555,true
Hisense,75U70QEVS,NO,Elkjop,https://www.elkjop.no/product/tv-lyd-og-smarte-hjem/tv-og-tilbehor/tv/hisense-75-u7q-pro-4k-mini-led-smart-tv-2025/995551,true
Sony,55BRAVIA8,NO,Elkjop,https://www.elkjop.no/product/tv-lyd-og-smarte-hjem/tv-og-tilbehor/tv/sony-55-bravia-8a-4k-oled-smart-tv-2025/987970,true
Hisense,40A4Q,NO,Elkjop,https://www.elkjop.no/product/tv-lyd-og-smarte-hjem/tv-og-tilbehor/tv/hisense-40-a4q-fhd-led-smart-tv-2025/951351,true
Hisense,32A4Q,NO,Elkjop,https://www.elkjop.no/product/tv-lyd-og-smarte-hjem/tv-og-tilbehor/tv/hisense-32-a4q-hd-ready-led-smart-tv-2025/951350,true
Hisense,65E8Q,NO,Elkjop,https://www.elkjop.no/product/tv-lyd-og-smarte-hjem/tv-og-tilbehor/tv/hisense-65-e8q-4k-mini-led-smart-tv-2025/936670,true
Hisense,75E7Q,NO,Elkjop,https://www.elkjop.no/product/tv-lyd-og-smarte-hjem/tv-og-tilbehor/tv/hisense-75-e7q-4k-qled-smart-tv-2025/936669,true
Hisense,50E7Q,NO,Elkjop,https://www.elkjop.no/product/tv-lyd-og-smarte-hjem/tv-og-tilbehor/tv/hisense-50-e7q-4k-qled-smart-tv-2025/936668,true
Hisense,65E7Q,NO,Elkjop,https://www.elkjop.no/product/tv-lyd-og-smarte-hjem/tv-og-tilbehor/tv/hisense-65-e7q-4k-qled-smart-tv-2025/936667,true
Hisense,75E8Q,NO,Elkjop,https://www.elkjop.no/product/tv-lyd-og-smarte-hjem/tv-og-tilbehor/tv/hisense-75-e8q-4k-mini-led-smart-tv-2025/936666,true
Hisense,55E8Q,NO,Elkjop,https://www.elkjop.no/product/tv-lyd-og-smarte-hjem/tv-og-tilbehor/tv/hisense-55-e8q-4k-mini-led-smart-tv-2025/936664,true
Hisense,55E7Q,NO,Elkjop,https://www.elkjop.no/product/tv-lyd-og-smarte-hjem/tv-og-tilbehor/tv/hisense-55-e7q-4k-qled-smart-tv-2025/936663,true
LG,42C5,NO,Elkjop,https://www.elkjop.no/product/tv-lyd-og-smarte-hjem/tv-og-tilbehor/tv/lg-42-c5-pro-4k-oled-evo-tv-2025/926769,true
Samsung,100QN80F,NO,Elkjop,https://www.elkjop.no/product/tv-lyd-og-smarte-hjem/tv-og-tilbehor/tv/samsung-100-qn80f-neo-qled-4k-miniled-smart-tv-2025/926461,true
LG,65G5,NO,Elkjop,https://www.elkjop.no/product/tv-lyd-og-smarte-hjem/tv-og-tilbehor/tv/lg-65-g5-4k-oled-evo-tv-2025/912319,true
LG,77G5,NO,Elkjop,https://www.elkjop.no/product/tv-lyd-og-smarte-hjem/tv-og-tilbehor/tv/lg-77-g5-4k-oled-evo-tv-2025/912317,true
LG,65UA75,NO,Elkjop,https://www.elkjop.no/product/tv-lyd-og-smarte-hjem/tv-og-tilbehor/tv/lg-65-ua-75-4k-tv-2025/912315,true
LG,83C5,NO,Elkjop,https://www.elkjop.no/product/tv-lyd-og-smarte-hjem/tv-og-tilbehor/tv/lg-83-c5-4k-oled-evo-tv-2025/912311,true
LG,50QNED80A,NO,Elkjop,https://www.elkjop.no/product/tv-lyd-og-smarte-hjem/tv-og-tilbehor/tv/lg-50-qned-80-4k-tv-2025/912310,true
LG,48C5,NO,Elkjop,https://www.elkjop.no/product/tv-lyd-og-smarte-hjem/tv-og-tilbehor/tv/lg-48-c5-pro-4k-oled-evo-tv-2025/912309,true
LG,77C5,NO,Elkjop,https://www.elkjop.no/product/tv-lyd-og-smarte-hjem/tv-og-tilbehor/tv/lg-77-c5-4k-oled-evo-tv-2025/912308,true
LG,55QNED80A,NO,Elkjop,https://www.elkjop.no/product/tv-lyd-og-smarte-hjem/tv-og-tilbehor/tv/lg-55-qned-80-4k-tv-2025/912306,true
LG,77B5,NO,Elkjop,https://www.elkjop.no/product/tv-lyd-og-smarte-hjem/tv-og-tilbehor/tv/lg-77-b5-4k-oled-tv-2025/912305,true
LG,42C5,NO,Elkjop,https://www.elkjop.no/product/tv-lyd-og-smarte-hjem/tv-og-tilbehor/tv/lg-42-c5-4k-oled-evo-tv-2025/912303,true
LG,65QNED80A,NO,Elkjop,https://www.elkjop.no/product/tv-lyd-og-smarte-hjem/tv-og-tilbehor/tv/lg-65-qned-80-4k-tv-2025/912301,true
LG,75QNED80A,NO,Elkjop,https://www.elkjop.no/product/tv-lyd-og-smarte-hjem/tv-og-tilbehor/tv/lg-75-qned-80-4k-tv-2025/912299,true
LG,55G5,NO,Elkjop,https://www.elkjop.no/product/tv-lyd-og-smarte-hjem/tv-og-tilbehor/tv/lg-55-g5-4k-oled-evo-tv-2025/912297,true
LG,48C5,NO,Elkjop,https://www.elkjop.no/product/tv-lyd-og-smarte-hjem/tv-og-tilbehor/tv/lg-48-c5-4k-oled-evo-tv-2025/912292,true
LG,83G5,NO,Elkjop,https://www.elkjop.no/product/tv-lyd-og-smarte-hjem/tv-og-tilbehor/tv/lg-83-g5-4k-oled-evo-tv-2025/912291,true
LG,43UA75,NO,Elkjop,https://www.elkjop.no/product/tv-lyd-og-smarte-hjem/tv-og-tilbehor/tv/lg-43-ua-75-4k-tv-2025/912290,true
LG,43QNED80A,NO,Elkjop,https://www.elkjop.no/product/tv-lyd-og-smarte-hjem/tv-og-tilbehor/tv/lg-43-qned-80-4k-tv-2025/912288,true
LG,50UA75,NO,Elkjop,https://www.elkjop.no/product/tv-lyd-og-smarte-hjem/tv-og-tilbehor/tv/lg-50-ua-75-4k-tv-2025/912285,true
LG,55UA75,NO,Elkjop,https://www.elkjop.no/product/tv-lyd-og-smarte-hjem/tv-og-tilbehor/tv/lg-55-ua-75-4k-tv-2025/912282,true
Sony,75BRAVIA3,NO,Elkjop,https://www.elkjop.no/product/tv-lyd-og-smarte-hjem/tv-og-tilbehor/tv/sony-75-bravia-3-4k-led-smart-tv-2025/908929,true
Sony,85BRAVIA5,NO,Elkjop,https://www.elkjop.no/product/tv-lyd-og-smarte-hjem/tv-og-tilbehor/tv/sony-85-bravia-5-4k-mini-led-smart-tv-2025/908928,true
Sony,65BRAVIA5,NO,Elkjop,https://www.elkjop.no/product/tv-lyd-og-smarte-hjem/tv-og-tilbehor/tv/sony-65-bravia-5-4k-mini-led-smart-tv-2025/908927,true
Sony,55BRAVIA3,NO,Elkjop,https://www.elkjop.no/product/tv-lyd-og-smarte-hjem/tv-og-tilbehor/tv/sony-55-bravia-3-4k-led-smart-tv-2025/908926,true
Sony,55BRAVIA5,NO,Elkjop,https://www.elkjop.no/product/tv-lyd-og-smarte-hjem/tv-og-tilbehor/tv/sony-55-bravia-5-4k-mini-led-smart-tv-2025/908925,true
Sony,50BRAVIA3,NO,Elkjop,https://www.elkjop.no/product/tv-lyd-og-smarte-hjem/tv-og-tilbehor/tv/sony-50-bravia-3-4k-led-smart-tv-2025/908922,true
Sony,65BRAVIA3,NO,Elkjop,https://www.elkjop.no/product/tv-lyd-og-smarte-hjem/tv-og-tilbehor/tv/sony-65-bravia-3-4k-led-smart-tv-2025/908921,true
Sony,43BRAVIA3,NO,Elkjop,https://www.elkjop.no/product/tv-lyd-og-smarte-hjem/tv-og-tilbehor/tv/sony-43-bravia-3-4k-led-smart-tv-2025/908919,true
Sony,98BRAVIA5,NO,Elkjop,https://www.elkjop.no/product/tv-lyd-og-smarte-hjem/tv-og-tilbehor/tv/sony-98-bravia-5-4k-mini-led-smart-tv-2025/908918,true
Sony,75BRAVIA5,NO,Elkjop,https://www.elkjop.no/product/tv-lyd-og-smarte-hjem/tv-og-tilbehor/tv/sony-75-bravia-5-4k-mini-led-smart-tv-2025/908917,true
Samsung,32F6000,NO,Elkjop,https://www.elkjop.no/product/tv-lyd-og-smarte-hjem/tv-og-tilbehor/tv/samsung-32-f6005f-fhd-smart-tv-2025/906449,true
Samsung,85U8005F,NO,Elkjop,https://www.elkjop.no/product/tv-lyd-og-smarte-hjem/tv-og-tilbehor/tv/samsung-85-u8095f-4k-smart-tv-2025/906445,true
Samsung,65Q8F,NO,Elkjop,https://www.elkjop.no/product/tv-lyd-og-smarte-hjem/tv-og-tilbehor/tv/samsung-65-q8f-4k-qled-smart-tv-2025/906441,true
Samsung,65QN70F,NO,Elkjop,https://www.elkjop.no/product/tv-lyd-og-smarte-hjem/tv-og-tilbehor/tv/samsung-65-qn1ef-neo-qled-4k-edge-miniled-smart-tv-2025/906439,true
Samsung,48S90F,NO,Elkjop,https://www.elkjop.no/product/tv-lyd-og-smarte-hjem/tv-og-tilbehor/tv/samsung-48-s90f-4k-oled-smart-tv-2025/906437,true
Samsung,50Q8F,NO,Elkjop,https://www.elkjop.no/product/tv-lyd-og-smarte-hjem/tv-og-tilbehor/tv/samsung-50-q8f-4k-qled-smart-tv-2025/906432,true
Samsung,75QN70F,NO,Elkjop,https://www.elkjop.no/product/tv-lyd-og-smarte-hjem/tv-og-tilbehor/tv/samsung-75-qn77f-neo-qled-4k-edge-miniled-smart-tv-2025/906431,true
Samsung,65LS03F,NO,Elkjop,https://www.elkjop.no/product/tv-lyd-og-smarte-hjem/tv-og-tilbehor/tv/samsung-65-the-frame-4k-qled-smart-tv-2025/906429,true
Samsung,50LS03F,NO,Elkjop,https://www.elkjop.no/product/tv-lyd-og-smarte-hjem/tv-og-tilbehor/tv/samsung-50-the-frame-4k-qled-smart-tv-2025/906428,true
Samsung,75U8005F,NO,Elkjop,https://www.elkjop.no/product/tv-lyd-og-smarte-hjem/tv-og-tilbehor/tv/samsung-75-u8095f-4k-smart-tv-2025/906427,true
Samsung,65QN70F,NO,Elkjop,https://www.elkjop.no/product/tv-lyd-og-smarte-hjem/tv-og-tilbehor/tv/samsung-65-qn77f-neo-qled-4k-edge-miniled-smart-tv-2025/906425,true
Samsung,65QN990F,NO,Elkjop,https://www.elkjop.no/product/tv-lyd-og-smarte-hjem/tv-og-tilbehor/tv/samsung-65-qn990f-neo-qled-8k-miniled-smart-tv-2025/906419,true
Samsung,65QN900F,NO,Elkjop,https://www.elkjop.no/product/tv-lyd-og-smarte-hjem/tv-og-tilbehor/tv/samsung-65-qn900f-neo-qled-8k-miniled-smart-tv-2025/906417,true
Samsung,75QN70F,NO,Elkjop,https://www.elkjop.no/product/tv-lyd-og-smarte-hjem/tv-og-tilbehor/tv/samsung-75-qn1ef-neo-qled-4k-edge-miniled-smart-tv-2025/906416,true
Samsung,55QN70F,NO,Elkjop,https://www.elkjop.no/product/tv-lyd-og-smarte-hjem/tv-og-tilbehor/tv/samsung-55-qn1ef-neo-qled-4k-edge-miniled-smart-tv-2025/906411,true
Samsung,65U8005F,NO,Elkjop,https://www.elkjop.no/product/tv-lyd-og-smarte-hjem/tv-og-tilbehor/tv/samsung-65-u8095f-4k-smart-tv-2025/906409,true
Samsung,75Q7F,NO,Elkjop,https://www.elkjop.no/product/tv-lyd-og-smarte-hjem/tv-og-tilbehor/tv/samsung-75-q7f-4k-qled-smart-tv-2025/906407,true
Samsung,50QN90F,NO,Elkjop,https://www.elkjop.no/product/tv-lyd-og-smarte-hjem/tv-og-tilbehor/tv/samsung-50-qn90f-neo-qled-4k-miniled-smart-tv-2025/906406,true
Samsung,75QN990F,NO,Elkjop,https://www.elkjop.no/product/tv-lyd-og-smarte-hjem/tv-og-tilbehor/tv/samsung-75-qn990f-neo-qled-8k-miniled-smart-tv-2025/906405,true
Samsung,55QN90F,NO,Elkjop,https://www.elkjop.no/product/tv-lyd-og-smarte-hjem/tv-og-tilbehor/tv/samsung-55-qn90f-neo-qled-4k-miniled-smart-tv-2025/906404,true
Samsung,55U8005F,NO,Elkjop,https://www.elkjop.no/product/tv-lyd-og-smarte-hjem/tv-og-tilbehor/tv/samsung-55-u8095f-4k-smart-tv-2025/906402,true
Samsung,43Q8F,NO,Elkjop,https://www.elkjop.no/product/tv-lyd-og-smarte-hjem/tv-og-tilbehor/tv/samsung-43-q8f-4k-qled-smart-tv-2025/906399,true
Samsung,55QN70F,NO,Elkjop,https://www.elkjop.no/product/tv-lyd-og-smarte-hjem/tv-og-tilbehor/tv/samsung-55-qn77f-neo-qled-4k-edge-miniled-smart-tv-2025/906397,true
Samsung,55Q8F,NO,Elkjop,https://www.elkjop.no/product/tv-lyd-og-smarte-hjem/tv-og-tilbehor/tv/samsung-55-q8f-4k-qled-smart-tv-2025/906393,true
Samsung,65QN90F,NO,Elkjop,https://www.elkjop.no/product/tv-lyd-og-smarte-hjem/tv-og-tilbehor/tv/samsung-65-qn90f-neo-qled-4k-miniled-smart-tv-2025/906391,true
Samsung,85QN80F,NO,Elkjop,https://www.elkjop.no/product/tv-lyd-og-smarte-hjem/tv-og-tilbehor/tv/samsung-85-qn80f-neo-qled-4k-miniled-smart-tv-2025/906390,true
Samsung,43QN90F,NO,Elkjop,https://www.elkjop.no/product/tv-lyd-og-smarte-hjem/tv-og-tilbehor/tv/samsung-43-qn90f-neo-qled-4k-miniled-smart-tv-2025/906389,true
Samsung,85Q7F,NO,Elkjop,https://www.elkjop.no/product/tv-lyd-og-smarte-hjem/tv-og-tilbehor/tv/samsung-85-q7f-4k-qled-smart-tv-2025/906387,true
Samsung,85LS03FW,NO,Elkjop,https://www.elkjop.no/product/tv-lyd-og-smarte-hjem/tv-og-tilbehor/tv/samsung-85-the-frame-pro-neo-qled-4k-edge-miniled-smart-tv-2025/906384,true
Samsung,43U8005F,NO,Elkjop,https://www.elkjop.no/product/tv-lyd-og-smarte-hjem/tv-og-tilbehor/tv/samsung-43-u8095f-4k-smart-tv-2025/906375,true
Samsung,75Q8F,NO,Elkjop,https://www.elkjop.no/product/tv-lyd-og-smarte-hjem/tv-og-tilbehor/tv/samsung-75-q8f-4k-qled-smart-tv-2025/906370,true
Samsung,85QN70F,NO,Elkjop,https://www.elkjop.no/product/tv-lyd-og-smarte-hjem/tv-og-tilbehor/tv/samsung-85-qn1ef-neo-qled-4k-edge-miniled-smart-tv-2025/906369,true
Samsung,55Q7F,NO,Elkjop,https://www.elkjop.no/product/tv-lyd-og-smarte-hjem/tv-og-tilbehor/tv/samsung-55-q7f3-4k-qled-smart-tv-2025/906367,true
Samsung,58U8005F,NO,Elkjop,https://www.elkjop.no/product/tv-lyd-og-smarte-hjem/tv-og-tilbehor/tv/samsung-58-u8095f-4k-smart-tv-2025/906366,true
Samsung,43Q7F,NO,Elkjop,https://www.elkjop.no/product/tv-lyd-og-smarte-hjem/tv-og-tilbehor/tv/samsung-43-q7f3-4k-qled-smart-tv-2025/906363,true
Samsung,65S95F,NO,Elkjop,https://www.elkjop.no/product/tv-lyd-og-smarte-hjem/tv-og-tilbehor/tv/samsung-65-s95f-4k-oled-smart-tv-2025/906361,true
Samsung,85Q8F,NO,Elkjop,https://www.elkjop.no/product/tv-lyd-og-smarte-hjem/tv-og-tilbehor/tv/samsung-85-q8f-4k-qled-smart-tv-2025/906360,true
TCL,50U65,NO,Elkjop,https://www.elkjop.no/product/tv-lyd-og-smarte-hjem/tv-og-tilbehor/tv/iffalcon-50-u65-4k-led-tv-2025/903091,true
TCL,43U65,NO,Elkjop,https://www.elkjop.no/product/tv-lyd-og-smarte-hjem/tv-og-tilbehor/tv/iffalcon-43-u65-4k-led-tv-2025/903090,true
TCL,65U65,NO,Elkjop,https://www.elkjop.no/product/tv-lyd-og-smarte-hjem/tv-og-tilbehor/tv/iffalcon-65-u65-4k-led-tv-2025/903089,true
TCL,115C7K,NO,Elkjop,https://www.elkjop.no/product/tv-lyd-og-smarte-hjem/tv-og-tilbehor/tv/tcl-115-c7k-4k-mini-led-tv-2025/903088,true
TCL,55U65,NO,Elkjop,https://www.elkjop.no/product/tv-lyd-og-smarte-hjem/tv-og-tilbehor/tv/iffalcon-55-u65-4k-led-tv-2025/903087,true
TCL,55C6KS,NO,Elkjop,https://www.elkjop.no/product/tv-lyd-og-smarte-hjem/tv-og-tilbehor/tv/tcl-55-mqled70k-4k-mini-led-tv-2025/899870,true
TCL,98P8K,NO,Elkjop,https://www.elkjop.no/product/tv-lyd-og-smarte-hjem/tv-og-tilbehor/tv/tcl-98-qled810k-4k-qled-tv-2025/899866,true
TCL,85P8K,NO,Elkjop,https://www.elkjop.no/product/tv-lyd-og-smarte-hjem/tv-og-tilbehor/tv/tcl-85-qled810k-4k-qled-tv-2025/899865,true
TCL,65MQLED80K,NO,Elkjop,https://www.elkjop.no/product/tv-lyd-og-smarte-hjem/tv-og-tilbehor/tv/tcl-65-mqled80k-4k-mini-led-tv-2025/899864,true
TCL,50P6K,NO,Elkjop,https://www.elkjop.no/product/tv-lyd-og-smarte-hjem/tv-og-tilbehor/tv/tcl-50-p69k-4k-led-tv-2025/899863,true
TCL,75C6KS,NO,Elkjop,https://www.elkjop.no/product/tv-lyd-og-smarte-hjem/tv-og-tilbehor/tv/tcl-75-mqled70k-4k-mini-led-tv-2025/899862,true
TCL,75P6K,NO,Elkjop,https://www.elkjop.no/product/tv-lyd-og-smarte-hjem/tv-og-tilbehor/tv/tcl-75-p69k-4k-led-tv-2025/899859,true
TCL,85P7K,NO,Elkjop,https://www.elkjop.no/product/tv-lyd-og-smarte-hjem/tv-og-tilbehor/tv/tcl-85-qled780k-4k-qled-tv-2025/899856,true
TCL,55P6K,NO,Elkjop,https://www.elkjop.no/product/tv-lyd-og-smarte-hjem/tv-og-tilbehor/tv/tcl-55-p69k-4k-led-tv-2025/899852,true
TCL,85C6K,NO,Elkjop,https://www.elkjop.no/product/tv-lyd-og-smarte-hjem/tv-og-tilbehor/tv/tcl-85-mqled75k-4k-mini-led-tv-2025/899845,true
TCL,75P7K,NO,Elkjop,https://www.elkjop.no/product/tv-lyd-og-smarte-hjem/tv-og-tilbehor/tv/tcl-75-qled780k-4k-qled-tv-2025/899843,true
TCL,85X11K,NO,Elkjop,https://www.elkjop.no/product/tv-lyd-og-smarte-hjem/tv-og-tilbehor/tv/tcl-85-x11k-4k-mini-led-tv-2025/899839,true
TCL,55MQLED80K,NO,Elkjop,https://www.elkjop.no/product/tv-lyd-og-smarte-hjem/tv-og-tilbehor/tv/tcl-55-mqled80k-4k-mini-led-tv-2025/899838,true
TCL,65C6KS,NO,Elkjop,https://www.elkjop.no/product/tv-lyd-og-smarte-hjem/tv-og-tilbehor/tv/tcl-65-mqled70k-4k-mini-led-tv-2025/899835,true
TCL,98C6K,NO,Elkjop,https://www.elkjop.no/product/tv-lyd-og-smarte-hjem/tv-og-tilbehor/tv/tcl-98-mqled75k-4k-mini-led-tv-2025/899834,true
TCL,43P6K,NO,Elkjop,https://www.elkjop.no/product/tv-lyd-og-smarte-hjem/tv-og-tilbehor/tv/tcl-43-p69k-4k-led-tv-2025/899832,true
TCL,65P6K,NO,Elkjop,https://www.elkjop.no/product/tv-lyd-og-smarte-hjem/tv-og-tilbehor/tv/tcl-65-p69k-4k-led-tv-2025/899829,true
TCL,32S5K,NO,Elkjop,https://www.elkjop.no/product/tv-lyd-og-smarte-hjem/tv-og-tilbehor/tv/tcl-32-s5k-full-hd-qled-tv-2025/899828,true
Hisense,75Q70QEVS,NO,Elkjop,https://www.elkjop.no/product/tv-lyd-og-smarte-hjem/tv-og-tilbehor/tv/hisense-75-e7q-pro-4k-qled-smart-tv-2025/1000004,true
Samsung,65QN70H,NO,Elkjop,https://www.elkjop.no/product/tv-lyd-og-smarte-hjem/tv-og-tilbehor/tv/samsung-65-qn1eh-neo-qled-4k-miniled-smart-tv-2026/1082793,true
Samsung,58U8095H,NO,Elkjop,https://www.elkjop.no/product/tv-lyd-og-smarte-hjem/tv-og-tilbehor/tv/samsung-58-u8095h-crystal-uhd-4k-smart-tv-2026/1082819,true
Samsung,65M80H,NO,Elkjop,https://www.elkjop.no/product/tv-lyd-og-smarte-hjem/tv-og-tilbehor/tv/samsung-65-m80h-mini-led-4k-smart-tv-2026/1082798,true
Hisense,55Q60SEVS,NO,Elkjop,https://www.elkjop.no/product/tv-lyd-og-smarte-hjem/tv-og-tilbehor/tv/hisense-55-e77s-qled-4k-smart-tv-2026/1085201,true
TCL,75P8L,NO,Elkjop,https://www.elkjop.no/product/tv-lyd-og-smarte-hjem/tv-og-tilbehor/tv/tcl-75-qled810l-4k-qd-mini-led-tv-2026/1083315,true
TCL,65P8L,NO,Elkjop,https://www.elkjop.no/product/tv-lyd-og-smarte-hjem/tv-og-tilbehor/tv/tcl-65-qled810l-4k-qd-mini-led-tv-2026/1083314,true
Sony,50BRAVIA3EII,NO,Elkjop,https://www.elkjop.no/product/tv-lyd-og-smarte-hjem/tv-og-tilbehor/tv/sony-50-bravia-3e-ii-4k-led-smart-tv-2026/1110930,true
Sony,43BRAVIA3LII,NO,Elkjop,https://www.elkjop.no/product/tv-lyd-og-smarte-hjem/tv-og-tilbehor/tv/sony-43-bravia-3l-ii-4k-led-smart-tv-2026/1110910,true
Samsung,55QN70H,NO,Elkjop,https://www.elkjop.no/product/tv-lyd-og-smarte-hjem/tv-og-tilbehor/tv/samsung-55-qn1eh-neo-qled-4k-mini-led-smart-tv-2026/1082848,true
Hisense,55A61SEVS,NO,Elkjop,https://www.elkjop.no/product/tv-lyd-og-smarte-hjem/tv-og-tilbehor/tv/hisense-55-a6s-uhd-smart-tv-2026/1085212,true
Hisense,43Q60SEVS,NO,Elkjop,https://www.elkjop.no/product/tv-lyd-og-smarte-hjem/tv-og-tilbehor/tv/hisense-43-e77s-qled-4k-smart-tv-2026/1085209,true
Hisense,65Q60SEVS,NO,Elkjop,https://www.elkjop.no/product/tv-lyd-og-smarte-hjem/tv-og-tilbehor/tv/hisense-65-e77s-qled-4k-smart-tv-2026/1085198,true
TCL,75MSQLED80L,NO,Elkjop,https://www.elkjop.no/product/tv-lyd-og-smarte-hjem/tv-og-tilbehor/tv/tcl-75-msqled80l-4k-sqd-mini-led-tv-2026/1083318,true
TCL,98P8L,NO,Elkjop,https://www.elkjop.no/product/tv-lyd-og-smarte-hjem/tv-og-tilbehor/tv/tcl-98-qled810l-4k-qd-mini-led-tv-2026/1083300,true
TCL,65MSQLED80L,NO,Elkjop,https://www.elkjop.no/product/tv-lyd-og-smarte-hjem/tv-og-tilbehor/tv/tcl-65-msqled80l-4k-sqd-mini-led-tv-2026/1083274,true
TCL,55MSQLED80L,NO,Elkjop,https://www.elkjop.no/product/tv-lyd-og-smarte-hjem/tv-og-tilbehor/tv/tcl-55-msqled80l-4k-sqd-mini-led-tv-2026/1083272,true
Samsung,55M80H,NO,Elkjop,https://www.elkjop.no/product/tv-lyd-og-smarte-hjem/tv-og-tilbehor/tv/samsung-55-m80h-mini-led-4k-smart-tv-2026/1082799,true
LG,65C6,NO,Elkjop,https://www.elkjop.no/product/tv-lyd-og-smarte-hjem/tv-og-tilbehor/tv/lg-65-c6-pro-4k-oled-evo-tv-2026/1104568,true
LG,55C6,NO,Elkjop,https://www.elkjop.no/product/tv-lyd-og-smarte-hjem/tv-og-tilbehor/tv/lg-55-c6-pro-4k-oled-evo-tv-2026/1104563,true
TCL,85MSQLED80L,NO,Elkjop,https://www.elkjop.no/product/tv-lyd-og-smarte-hjem/tv-og-tilbehor/tv/tcl-85-msqled80l-4k-sqd-mini-led-tv-2026/1083271,true
LG,77C6,NO,Elkjop,https://www.elkjop.no/product/tv-lyd-og-smarte-hjem/tv-og-tilbehor/tv/lg-77-c65-4k-oled-evo-tv-2026/1104566,true
LG,65C6,NO,Elkjop,https://www.elkjop.no/product/tv-lyd-og-smarte-hjem/tv-og-tilbehor/tv/lg-65-c65-4k-oled-evo-tv-2026/1104553,true
LG,55C6,NO,Elkjop,https://www.elkjop.no/product/tv-lyd-og-smarte-hjem/tv-og-tilbehor/tv/lg-55-c65-4k-oled-evo-tv-2026/1104541,true
Hisense,50A61SEVS,NO,Elkjop,https://www.elkjop.no/product/tv-lyd-og-smarte-hjem/tv-og-tilbehor/tv/hisense-50-a6s-uhd-smart-tv-2026/1085206,true
Hisense,43A61SEVS,NO,Elkjop,https://www.elkjop.no/product/tv-lyd-og-smarte-hjem/tv-og-tilbehor/tv/hisense-43-a6s-uhd-smart-tv-2026/1085199,true
Hisense,50Q60SEVS,NO,Elkjop,https://www.elkjop.no/product/tv-lyd-og-smarte-hjem/tv-og-tilbehor/tv/hisense-50-e77s-qled-4k-smart-tv-2026/1085197,true
Hisense,65A61SEVS,NO,Elkjop,https://www.elkjop.no/product/tv-lyd-og-smarte-hjem/tv-og-tilbehor/tv/hisense-65-a6s-uhd-smart-tv-2026/1085194,true
Hisense,85Q60SEVS,NO,Elkjop,https://www.elkjop.no/product/tv-lyd-og-smarte-hjem/tv-og-tilbehor/tv/hisense-85-e77s-qled-4k-smart-tv-2026/1085189,true
TCL,75C8L,NO,Elkjop,https://www.elkjop.no/product/tv-lyd-og-smarte-hjem/tv-og-tilbehor/tv/tcl-75-c8l-4k-sqd-mini-led-tv-2026/1083320,true
TCL,98MSQLED80L,NO,Elkjop,https://www.elkjop.no/product/tv-lyd-og-smarte-hjem/tv-og-tilbehor/tv/tcl-98-msqled80l-4k-sqd-mini-led-tv-2026/1083313,true
TCL,85C8L,NO,Elkjop,https://www.elkjop.no/product/tv-lyd-og-smarte-hjem/tv-og-tilbehor/tv/tcl-85-c8l-4k-sqd-mini-led-tv-2026/1083310,true
TCL,98C8L,NO,Elkjop,https://www.elkjop.no/product/tv-lyd-og-smarte-hjem/tv-og-tilbehor/tv/tcl-98-c8l-4k-sqd-mini-led-tv-2026/1083296,true
TCL,55C8L,NO,Elkjop,https://www.elkjop.no/product/tv-lyd-og-smarte-hjem/tv-og-tilbehor/tv/tcl-55-c8l-4k-sqd-mini-led-tv-2026/1083292,true
TCL,65C8L,NO,Elkjop,https://www.elkjop.no/product/tv-lyd-og-smarte-hjem/tv-og-tilbehor/tv/tcl-65-c8l-4k-sqd-mini-led-tv-2026/1083285,true
Samsung,75M80H,NO,Elkjop,https://www.elkjop.no/product/tv-lyd-og-smarte-hjem/tv-og-tilbehor/tv/samsung-75-m80h-mini-led-4k-smart-tv-2026/1082849,true
Samsung,100M90H,NO,Elkjop,https://www.elkjop.no/product/tv-lyd-og-smarte-hjem/tv-og-tilbehor/tv/samsung-100-m90h-4k-mini-led-smart-tv-2026/1082844,true
Samsung,75QN70H,NO,Elkjop,https://www.elkjop.no/product/tv-lyd-og-smarte-hjem/tv-og-tilbehor/tv/samsung-75-qn1eh-neo-qled-4k-mini-led-smart-tv-2026/1082825,true
Samsung,85QN70H,NO,Elkjop,https://www.elkjop.no/product/tv-lyd-og-smarte-hjem/tv-og-tilbehor/tv/samsung-85-qn1eh-neo-qled-4k-mini-led-smart-tv-2026/1082810,true
Samsung,85M80H,NO,Elkjop,https://www.elkjop.no/product/tv-lyd-og-smarte-hjem/tv-og-tilbehor/tv/samsung-85-m80h-mini-led-4k-smart-tv-2026/1082808,true
LG,77C6,NO,Elkjop,https://www.elkjop.no/product/tv-lyd-og-smarte-hjem/tv-og-tilbehor/tv/lg-77-c6-pro-4k-oled-evo-tv-2026/1104552,true
LG,42C6,NO,Elkjop,https://www.elkjop.no/product/tv-lyd-og-smarte-hjem/tv-og-tilbehor/tv/lg-42-c6-pro-4k-oled-evo-tv-2026/1104550,true
LG,48C6,NO,Elkjop,https://www.elkjop.no/product/tv-lyd-og-smarte-hjem/tv-og-tilbehor/tv/lg-48-c6-pro-4k-oled-evo-tv-2026/1104546,true
TCL,55P8L,NO,Elkjop,https://www.elkjop.no/product/tv-lyd-og-smarte-hjem/tv-og-tilbehor/tv/tcl-55-qled810l-4k-qd-mini-led-tv-2026/1083308,true
LG,65QNED9MB,NO,Elkjop,https://www.elkjop.no/product/tv-lyd-og-smarte-hjem/tv-og-tilbehor/tv/lg-65-qned-8m-evo-4k-mini-led-tv-2026/1112298,true
LG,55QNED9MB,NO,Elkjop,https://www.elkjop.no/product/tv-lyd-og-smarte-hjem/tv-og-tilbehor/tv/lg-55-qned-8m-evo-4k-mini-led-tv-2026/1112294,true
LG,75QNED9MB,NO,Elkjop,https://www.elkjop.no/product/tv-lyd-og-smarte-hjem/tv-og-tilbehor/tv/lg-75-qned-8m-evo-4k-mini-led-tv-2026/1112290,true
LG,55QNED70B,NO,Elkjop,https://www.elkjop.no/product/tv-lyd-og-smarte-hjem/tv-og-tilbehor/tv/lg-55-qned-72-4k-tv-2026/1104573,true
LG,83C6,NO,Elkjop,https://www.elkjop.no/product/tv-lyd-og-smarte-hjem/tv-og-tilbehor/tv/lg-83-c6-pro-4k-oled-evo-tv-2026/1104570,true
LG,50QNED70B,NO,Elkjop,https://www.elkjop.no/product/tv-lyd-og-smarte-hjem/tv-og-tilbehor/tv/lg-50-qned-72-4k-tv-2026/1104567,true
LG,75QNED70B,NO,Elkjop,https://www.elkjop.no/product/tv-lyd-og-smarte-hjem/tv-og-tilbehor/tv/lg-75-qned-72-4k-tv-2026/1104560,true
LG,43QNED70B,NO,Elkjop,https://www.elkjop.no/product/tv-lyd-og-smarte-hjem/tv-og-tilbehor/tv/lg-43-qned-72-4k-tv-2026/1104549,true
LG,65QNED70B,NO,Elkjop,https://www.elkjop.no/product/tv-lyd-og-smarte-hjem/tv-og-tilbehor/tv/lg-65-qned-72-4k-tv-2026/1104547,true
Hisense,65U73SEVS,NO,Elkjop,https://www.elkjop.no/product/tv-lyd-og-smarte-hjem/tv-og-tilbehor/tv/hisense-65-u77se-miniled-4k-smart-tv-2026/1085213,true
Hisense,55U73SEVS,NO,Elkjop,https://www.elkjop.no/product/tv-lyd-og-smarte-hjem/tv-og-tilbehor/tv/hisense-55-u77se-miniled-4k-smart-tv-2026/1085204,true
Hisense,75U73SEVS,NO,Elkjop,https://www.elkjop.no/product/tv-lyd-og-smarte-hjem/tv-og-tilbehor/tv/hisense-75-u77se-miniled-4k-smart-tv-2026/1085196,true
Samsung,48S85H,NO,Elkjop,https://www.elkjop.no/product/tv-lyd-og-smarte-hjem/tv-og-tilbehor/tv/samsung-48-s85h-oled-4k-smart-tv-2026/1082841,true
Samsung,65S85H,NO,Elkjop,https://www.elkjop.no/product/tv-lyd-og-smarte-hjem/tv-og-tilbehor/tv/samsung-65-s85h-4k-oled-smart-tv-2026/1082811,true
Samsung,55S85H,NO,Elkjop,https://www.elkjop.no/product/tv-lyd-og-smarte-hjem/tv-og-tilbehor/tv/samsung-55-s85h-oled-4k-smart-tv-2026/1082807,true
Samsung,83S85H,NO,Elkjop,https://www.elkjop.no/product/tv-lyd-og-smarte-hjem/tv-og-tilbehor/tv/samsung-83-s85h-oled-4k-smart-tv-2026/1082805,true
Samsung,77S85H,NO,Elkjop,https://www.elkjop.no/product/tv-lyd-og-smarte-hjem/tv-og-tilbehor/tv/samsung-77-s85h-4k-oled-smart-tv-2026/1082788,true
Hisense,43Q70QEVS,NO,Elkjop,https://www.elkjop.no/product/tv-lyd-og-smarte-hjem/tv-og-tilbehor/tv/hisense-43-e77s-pro-qled-144hz-smart-tv-2026/1103629,true
TCL,43P7L,NO,Elkjop,https://www.elkjop.no/product/tv-lyd-og-smarte-hjem/tv-og-tilbehor/tv/tcl-43-qled780l-4k-qled-tv-2026/1083327,true
TCL,40S5L,NO,Elkjop,https://www.elkjop.no/product/tv-lyd-og-smarte-hjem/tv-og-tilbehor/tv/tcl-40-s5l-full-hd-qled-tv-2026/1083323,true
TCL,75A400U,NO,Elkjop,https://www.elkjop.no/product/tv-lyd-og-smarte-hjem/tv-og-tilbehor/tv/tcl-75-mqled80l-4k-qd-mini-led-tv-2026/1083321,true
TCL,65C6KPRO,NO,Elkjop,https://www.elkjop.no/product/tv-lyd-og-smarte-hjem/tv-og-tilbehor/tv/tcl-65-mqled75l-4k-qd-mini-led-tv-2026/1083317,true
TCL,75C6KPRO,NO,Elkjop,https://www.elkjop.no/product/tv-lyd-og-smarte-hjem/tv-og-tilbehor/tv/tcl-75-mqled75l-4k-qd-mini-led-tv-2026/1083316,true
TCL,55A400U,NO,Elkjop,https://www.elkjop.no/product/tv-lyd-og-smarte-hjem/tv-og-tilbehor/tv/tcl-55-mqled80l-4k-qd-mini-led-tv-2026/1083311,true
TCL,65P7L,NO,Elkjop,https://www.elkjop.no/product/tv-lyd-og-smarte-hjem/tv-og-tilbehor/tv/tcl-65-qled780l-4k-qled-tv-2026/1083295,true
TCL,50P7L,NO,Elkjop,https://www.elkjop.no/product/tv-lyd-og-smarte-hjem/tv-og-tilbehor/tv/tcl-50-qled780l-4k-qled-tv-2026/1083290,true
TCL,85A400U,NO,Elkjop,https://www.elkjop.no/product/tv-lyd-og-smarte-hjem/tv-og-tilbehor/tv/tcl-85-mqled80l-4k-qd-mini-led-tv-2026/1083289,true
TCL,55P7L,NO,Elkjop,https://www.elkjop.no/product/tv-lyd-og-smarte-hjem/tv-og-tilbehor/tv/tcl-55-qled780l-4k-qled-tv-2026/1083277,true
TCL,65A400U,NO,Elkjop,https://www.elkjop.no/product/tv-lyd-og-smarte-hjem/tv-og-tilbehor/tv/tcl-65-mqled80l-4k-qd-mini-led-tv-2026/1083275,true
TCL,55C6KPRO,NO,Elkjop,https://www.elkjop.no/product/tv-lyd-og-smarte-hjem/tv-og-tilbehor/tv/tcl-55-mqled75l-4k-qd-mini-led-tv-2026/1083266,true
Samsung,75M80H,NO,Elkjop,https://www.elkjop.no/product/tv-lyd-og-smarte-hjem/tv-og-tilbehor/tv/samsung-75-m84h-mini-led-4k-smart-tv-2026/1082834,true
Samsung,55M80H,NO,Elkjop,https://www.elkjop.no/product/tv-lyd-og-smarte-hjem/tv-og-tilbehor/tv/samsung-55-m84h-mini-led-4k-smart-tv-2026/1082791,true
Samsung,65M80H,NO,Elkjop,https://www.elkjop.no/product/tv-lyd-og-smarte-hjem/tv-og-tilbehor/tv/samsung-65-m84h-mini-led-4k-smart-tv-2026/1082778,true
LG,75MRGB86,NO,Elkjop,https://www.elkjop.no/product/tv-lyd-og-smarte-hjem/tv-og-tilbehor/tv/lg-75-mrgb-86-4k-mini-rgb-tv-2026/1112301,true
LG,55MRGB86,NO,Elkjop,https://www.elkjop.no/product/tv-lyd-og-smarte-hjem/tv-og-tilbehor/tv/lg-55-mrgb-86-4k-mini-rgb-tv-2026/1112300,true
LG,83W6,NO,Elkjop,https://www.elkjop.no/product/tv-lyd-og-smarte-hjem/tv-og-tilbehor/tv/lg-83-w6-4k-oled-evo-tv-2026/1112296,true
LG,65MRGB86,NO,Elkjop,https://www.elkjop.no/product/tv-lyd-og-smarte-hjem/tv-og-tilbehor/tv/lg-65-mrgb-86-4k-mini-rgb-tv-2026/1112293,true
LG,77W6,NO,Elkjop,https://www.elkjop.no/product/tv-lyd-og-smarte-hjem/tv-og-tilbehor/tv/lg-77-w6-4k-oled-evo-tv-2026/1112291,true
Sony,65BRAVIA7II,NO,Elkjop,https://www.elkjop.no/product/tv-lyd-og-smarte-hjem/tv-og-tilbehor/tv/sony-65-bravia-7-ii-true-rgb-4k-lcd-smart-tv-2026/1110928,true
Sony,50BRAVIA2II,NO,Elkjop,https://www.elkjop.no/product/tv-lyd-og-smarte-hjem/tv-og-tilbehor/tv/sony-50-bravia-2-ii-4k-led-smart-tv-2026/1110927,true
Sony,43BRAVIA2II,NO,Elkjop,https://www.elkjop.no/product/tv-lyd-og-smarte-hjem/tv-og-tilbehor/tv/sony-43-bravia-2-ii-4k-led-smart-tv-2026/1110926,true
Sony,55BRAVIA7II,NO,Elkjop,https://www.elkjop.no/product/tv-lyd-og-smarte-hjem/tv-og-tilbehor/tv/sony-55-bravia-7-ii-true-rgb-4k-lcd-smart-tv-2026/1110925,true
Sony,75BRAVIA3EII,NO,Elkjop,https://www.elkjop.no/product/tv-lyd-og-smarte-hjem/tv-og-tilbehor/tv/sony-75-bravia-3e-ii-4k-led-smart-tv-2026/1110923,true
Sony,50BRAVIA3LII,NO,Elkjop,https://www.elkjop.no/product/tv-lyd-og-smarte-hjem/tv-og-tilbehor/tv/sony-50-bravia-3l-ii-4k-led-smart-tv-2026/1110922,true
Sony,75BRAVIA2II,NO,Elkjop,https://www.elkjop.no/product/tv-lyd-og-smarte-hjem/tv-og-tilbehor/tv/sony-75-bravia-2-ii-4k-led-smart-tv-2026/1110921,true
Sony,65BRAVIA2II,NO,Elkjop,https://www.elkjop.no/product/tv-lyd-og-smarte-hjem/tv-og-tilbehor/tv/sony-65-bravia-2-ii-4k-led-smart-tv-2026/1110920,true
Sony,50BRAVIA7II,NO,Elkjop,https://www.elkjop.no/product/tv-lyd-og-smarte-hjem/tv-og-tilbehor/tv/sony-50-bravia-7-ii-true-rgb-4k-lcd-smart-tv-2026/1110919,true
Sony,75BRAVIA7II,NO,Elkjop,https://www.elkjop.no/product/tv-lyd-og-smarte-hjem/tv-og-tilbehor/tv/sony-75-bravia-7-ii-true-rgb-4k-lcd-smart-tv-2026/1110918,true
Sony,55BRAVIA2II,NO,Elkjop,https://www.elkjop.no/product/tv-lyd-og-smarte-hjem/tv-og-tilbehor/tv/sony-55-bravia-2-ii-4k-led-smart-tv-2026/1110917,true
Sony,75BRAVIA3LII,NO,Elkjop,https://www.elkjop.no/product/tv-lyd-og-smarte-hjem/tv-og-tilbehor/tv/sony-75-bravia-3l-ii-4k-led-smart-tv-2026/1110916,true
Sony,55BRAVIA3LII,NO,Elkjop,https://www.elkjop.no/product/tv-lyd-og-smarte-hjem/tv-og-tilbehor/tv/sony-55-bravia-3l-ii-4k-led-smart-tv-2026/1110915,true
Sony,55BRAVIA3EII,NO,Elkjop,https://www.elkjop.no/product/tv-lyd-og-smarte-hjem/tv-og-tilbehor/tv/sony-55-bravia-3e-ii-4k-led-smart-tv-2026/1110913,true
Sony,65BRAVIA3LII,NO,Elkjop,https://www.elkjop.no/product/tv-lyd-og-smarte-hjem/tv-og-tilbehor/tv/sony-65-bravia-3l-ii-4k-led-smart-tv-2026/1110912,true
Sony,65BRAVIA3EII,NO,Elkjop,https://www.elkjop.no/product/tv-lyd-og-smarte-hjem/tv-og-tilbehor/tv/sony-65-bravia-3e-ii-4k-led-smart-tv-2026/1110907,true
Sony,43BRAVIA3EII,NO,Elkjop,https://www.elkjop.no/product/tv-lyd-og-smarte-hjem/tv-og-tilbehor/tv/sony-43-bravia-3e-ii-4k-led-smart-tv-2026/1110906,true
LG,83G6,NO,Elkjop,https://www.elkjop.no/product/tv-lyd-og-smarte-hjem/tv-og-tilbehor/tv/lg-83-g6-4k-oled-evo-tv-2026/1104579,true
LG,43NU850,NO,Elkjop,https://www.elkjop.no/product/tv-lyd-og-smarte-hjem/tv-og-tilbehor/tv/lg-43-nu850-4k-nanouhd-tv-2026/1104578,true
LG,77C6,NO,Elkjop,https://www.elkjop.no/product/tv-lyd-og-smarte-hjem/tv-og-tilbehor/tv/lg-77-c64-4k-oled-evo-tv-2026/1104577,true
LG,48C6,NO,Elkjop,https://www.elkjop.no/product/tv-lyd-og-smarte-hjem/tv-og-tilbehor/tv/lg-48-c64-4k-oled-evo-tv-2026/1104575,true
LG,50NU850,NO,Elkjop,https://www.elkjop.no/product/tv-lyd-og-smarte-hjem/tv-og-tilbehor/tv/lg-50-nu850-4k-nanouhd-tv-2026/1104574,true
LG,65NU850,NO,Elkjop,https://www.elkjop.no/product/tv-lyd-og-smarte-hjem/tv-og-tilbehor/tv/lg-65-nu850-4k-nanouhd-tv-2026/1104572,true
LG,55C6,NO,Elkjop,https://www.elkjop.no/product/tv-lyd-og-smarte-hjem/tv-og-tilbehor/tv/lg-55-c64-4k-oled-evo-tv-2026/1104571,true
LG,65QNED80B,NO,Elkjop,https://www.elkjop.no/product/tv-lyd-og-smarte-hjem/tv-og-tilbehor/tv/lg-65-qned-80-evo-4k-mini-led-tv-2026/1104569,true
LG,75QNED85B,NO,Elkjop,https://www.elkjop.no/product/tv-lyd-og-smarte-hjem/tv-og-tilbehor/tv/lg-75-qned-85-evo-4k-mini-led-tv-2026/1104565,true
LG,65QNED85B,NO,Elkjop,https://www.elkjop.no/product/tv-lyd-og-smarte-hjem/tv-og-tilbehor/tv/lg-65-qned-85-evo-4k-mini-led-tv-2026/1104564,true
LG,42C6,NO,Elkjop,https://www.elkjop.no/product/tv-lyd-og-smarte-hjem/tv-og-tilbehor/tv/lg-42-c64-4k-oled-evo-tv-2026/1104561,true
LG,55NU850,NO,Elkjop,https://www.elkjop.no/product/tv-lyd-og-smarte-hjem/tv-og-tilbehor/tv/lg-55-nu850-4k-nanouhd-tv-2026/1104558,true
LG,77G6,NO,Elkjop,https://www.elkjop.no/product/tv-lyd-og-smarte-hjem/tv-og-tilbehor/tv/lg-77-g6-4k-oled-evo-tv-2026/1104557,true
LG,65G6,NO,Elkjop,https://www.elkjop.no/product/tv-lyd-og-smarte-hjem/tv-og-tilbehor/tv/lg-65-g6-4k-oled-evo-tv-2026/1104556,true
LG,50QNED80B,NO,Elkjop,https://www.elkjop.no/product/tv-lyd-og-smarte-hjem/tv-og-tilbehor/tv/lg-50-qned-80-evo-4k-mini-led-tv-2026/1104555,true
LG,86QNED85B,NO,Elkjop,https://www.elkjop.no/product/tv-lyd-og-smarte-hjem/tv-og-tilbehor/tv/lg-86-qned-85-evo-4k-mini-led-tv-2026/1104554,true
LG,43QNED80B,NO,Elkjop,https://www.elkjop.no/product/tv-lyd-og-smarte-hjem/tv-og-tilbehor/tv/lg-43-qned-80-evo-4k-mini-led-tv-2026/1104551,true
LG,55QNED85B,NO,Elkjop,https://www.elkjop.no/product/tv-lyd-og-smarte-hjem/tv-og-tilbehor/tv/lg-55-qned-85-evo-4k-mini-led-tv-2026/1104548,true
LG,55G6,NO,Elkjop,https://www.elkjop.no/product/tv-lyd-og-smarte-hjem/tv-og-tilbehor/tv/lg-55-g6-4k-oled-evo-tv-2026/1104545,true
LG,85NU850,NO,Elkjop,https://www.elkjop.no/product/tv-lyd-og-smarte-hjem/tv-og-tilbehor/tv/lg-85-nu850-4k-nanouhd-tv-2026/1104543,true
LG,83C6,NO,Elkjop,https://www.elkjop.no/product/tv-lyd-og-smarte-hjem/tv-og-tilbehor/tv/lg-83-c64-4k-oled-evo-tv-2026/1104542,true
LG,55QNED80B,NO,Elkjop,https://www.elkjop.no/product/tv-lyd-og-smarte-hjem/tv-og-tilbehor/tv/lg-55-qned-80-evo-4k-mini-led-tv-2026/1104540,true
LG,65C6,NO,Elkjop,https://www.elkjop.no/product/tv-lyd-og-smarte-hjem/tv-og-tilbehor/tv/lg-65-c64-4k-oled-evo-tv-2026/1104539,true
Hisense,65UR8S,NO,Elkjop,https://www.elkjop.no/product/tv-lyd-og-smarte-hjem/tv-og-tilbehor/tv/hisense-65-ur8s-4kuhd-rgb-miniled-smart-tv-2026/1103632,true
Hisense,75UR8S,NO,Elkjop,https://www.elkjop.no/product/tv-lyd-og-smarte-hjem/tv-og-tilbehor/tv/hisense-75-ur8s-4kuhd-rgb-miniled-smart-tv-2026/1103631,true
Hisense,85UR8S,NO,Elkjop,https://www.elkjop.no/product/tv-lyd-og-smarte-hjem/tv-og-tilbehor/tv/hisense-85-ur8s-4kuhd-rgb-miniled-smart-tv-2026/1103630,true
Hisense,55UR8S,NO,Elkjop,https://www.elkjop.no/product/tv-lyd-og-smarte-hjem/tv-og-tilbehor/tv/hisense-55-ur8s-4kuhd-rgb-miniled-smart-tv-2026/1103628,true
Hisense,100UR8S,NO,Elkjop,https://www.elkjop.no/product/tv-lyd-og-smarte-hjem/tv-og-tilbehor/tv/hisense-100-ur8s-4kuhd-rgb-miniled-smart-tv-2026/1103627,true
Samsung,65M70H,NO,Elkjop,https://www.elkjop.no/product/tv-lyd-og-smarte-hjem/tv-og-tilbehor/tv/samsung-65-m72h-mini-led-4k-smart-tv-2026/1094788,true
Samsung,75M70H,NO,Elkjop,https://www.elkjop.no/product/tv-lyd-og-smarte-hjem/tv-og-tilbehor/tv/samsung-75-m72h-mini-led-4k-smart-tv-2026/1094787,true
Samsung,43M70H,NO,Elkjop,https://www.elkjop.no/product/tv-lyd-og-smarte-hjem/tv-og-tilbehor/tv/samsung-43-m72h-mini-led-4k-smart-tv-2026/1094786,true
Samsung,55M70H,NO,Elkjop,https://www.elkjop.no/product/tv-lyd-og-smarte-hjem/tv-og-tilbehor/tv/samsung-55-m72h-mini-led-4k-smart-tv-2026/1094785,true
Samsung,50M70H,NO,Elkjop,https://www.elkjop.no/product/tv-lyd-og-smarte-hjem/tv-og-tilbehor/tv/samsung-50-m72h-mini-led-4k-smart-tv-2026/1094784,true
Samsung,85M70H,NO,Elkjop,https://www.elkjop.no/product/tv-lyd-og-smarte-hjem/tv-og-tilbehor/tv/samsung-85-m72h-mini-led-4k-smart-tv-2026/1094783,true
Hisense,85E7SPRO,NO,Elkjop,https://www.elkjop.no/product/tv-lyd-og-smarte-hjem/tv-og-tilbehor/tv/hisense-85-85e77s-pro-qled-144hz-smart-tv-2026/1085218,true
Hisense,100U65QEVS,NO,Elkjop,https://www.elkjop.no/product/tv-lyd-og-smarte-hjem/tv-og-tilbehor/tv/hisense-100-u77se-miniled-4k-smart-tv-2026/1085217,true
Hisense,85UR9S,NO,Elkjop,https://www.elkjop.no/product/tv-lyd-og-smarte-hjem/tv-og-tilbehor/tv/hisense-85-ur9s-rgb-miniled-4k-smart-tv-2026/1085216,true
Hisense,58A60LEVS,NO,Elkjop,https://www.elkjop.no/product/tv-lyd-og-smarte-hjem/tv-og-tilbehor/tv/hisense-58-a6s-uhd-smart-tv-2026/1085215,true
Hisense,40A5S,NO,Elkjop,https://www.elkjop.no/product/tv-lyd-og-smarte-hjem/tv-og-tilbehor/tv/hisense-40-40a5s-qled-smart-tv-2026/1085214,true
Hisense,50U73SEVS,NO,Elkjop,https://www.elkjop.no/product/tv-lyd-og-smarte-hjem/tv-og-tilbehor/tv/hisense-50-u77se-miniled-4k-smart-tv-2026/1085211,true
Hisense,32A5S,NO,Elkjop,https://www.elkjop.no/product/tv-lyd-og-smarte-hjem/tv-og-tilbehor/tv/hisense-32-32a5s-qled-smart-tv-2026/1085210,true
Hisense,50A5S,NO,Elkjop,https://www.elkjop.no/product/tv-lyd-og-smarte-hjem/tv-og-tilbehor/tv/hisense-50-50a5s-qled-smart-tv-2026/1085208,true
Hisense,58E70QEVS,NO,Elkjop,https://www.elkjop.no/product/tv-lyd-og-smarte-hjem/tv-og-tilbehor/tv/hisense-58-e77s-qled-4k-smart-tv-2026/1085207,true
Hisense,75Q60SEVS,NO,Elkjop,https://www.elkjop.no/product/tv-lyd-og-smarte-hjem/tv-og-tilbehor/tv/hisense-75-e77s-qled-4k-smart-tv-2026/1085205,true
Hisense,50Q70SEVS,NO,Elkjop,https://www.elkjop.no/product/tv-lyd-og-smarte-hjem/tv-og-tilbehor/tv/hisense-50-e77s-pro-qled-4k-smart-tv-2026/1085203,true
Hisense,85U73SEVS,NO,Elkjop,https://www.elkjop.no/product/tv-lyd-og-smarte-hjem/tv-og-tilbehor/tv/hisense-85-u77se-miniled-4k-smart-tv-2026/1085202,true
Hisense,65UR9S,NO,Elkjop,https://www.elkjop.no/product/tv-lyd-og-smarte-hjem/tv-og-tilbehor/tv/hisense-65-ur9s-rgb-miniled-4k-smart-tv-2026/1085200,true
Hisense,75E7SPRO,NO,Elkjop,https://www.elkjop.no/product/tv-lyd-og-smarte-hjem/tv-og-tilbehor/tv/hisense-75-75e77s-pro-qled-144hz-smart-tv-2026/1085193,true
Hisense,75UR9S,NO,Elkjop,https://www.elkjop.no/product/tv-lyd-og-smarte-hjem/tv-og-tilbehor/tv/hisense-75-ur9s-rgb-miniled-4k-smart-tv-2026/1085192,true
Hisense,55Q70SEVS,NO,Elkjop,https://www.elkjop.no/product/tv-lyd-og-smarte-hjem/tv-og-tilbehor/tv/hisense-55-e77s-pro-qled-4k-smart-tv-2026/1085191,true
Hisense,65Q70SEVS,NO,Elkjop,https://www.elkjop.no/product/tv-lyd-og-smarte-hjem/tv-og-tilbehor/tv/hisense-65-e77s-pro-qled-4k-smart-tv-2026/1085190,true
TCL,98A400U,NO,Elkjop,https://www.elkjop.no/product/tv-lyd-og-smarte-hjem/tv-og-tilbehor/tv/tcl-98-mqled80l-4k-qd-mini-led-tv-2026/1083331,true
TCL,43A400,NO,Elkjop,https://www.elkjop.no/product/tv-lyd-og-smarte-hjem/tv-og-tilbehor/tv/tcl-43-a400-pro-4k-qled-tv-2026/1083329,true
TCL,50U65A,NO,Elkjop,https://www.elkjop.no/product/tv-lyd-og-smarte-hjem/tv-og-tilbehor/tv/iffalcon-50-u65a-4k-lcd-tv-2026/1083328,true
TCL,65U65A,NO,Elkjop,https://www.elkjop.no/product/tv-lyd-og-smarte-hjem/tv-og-tilbehor/tv/iffalcon-65-u65a-4k-lcd-tv-2026/1083326,true
TCL,65C7L,NO,Elkjop,https://www.elkjop.no/product/tv-lyd-og-smarte-hjem/tv-og-tilbehor/tv/tcl-65-msqled85l-4k-sqd-mini-led-tv-2026/1083325,true
TCL,75RM7L,NO,Elkjop,https://www.elkjop.no/product/tv-lyd-og-smarte-hjem/tv-og-tilbehor/tv/tcl-75-rm7l-4k-rgb-mini-led-tv-2026/1083324,true
TCL,75C7L,NO,Elkjop,https://www.elkjop.no/product/tv-lyd-og-smarte-hjem/tv-og-tilbehor/tv/tcl-75-msqled85l-4k-sqd-mini-led-tv-2026/1083322,true
TCL,65A400PRO,NO,Elkjop,https://www.elkjop.no/product/tv-lyd-og-smarte-hjem/tv-og-tilbehor/tv/tcl-65-a400-pro-4k-qd-mini-led-tv-2026/1083312,true
TCL,85C7L,NO,Elkjop,https://www.elkjop.no/product/tv-lyd-og-smarte-hjem/tv-og-tilbehor/tv/tcl-85-msqled85l-4k-sqd-mini-led-tv-2026/1083309,true
TCL,55A400,NO,Elkjop,https://www.elkjop.no/product/tv-lyd-og-smarte-hjem/tv-og-tilbehor/tv/tcl-55-a400-4k-qled-tv-2026/1083307,true
TCL,85RM7L,NO,Elkjop,https://www.elkjop.no/product/tv-lyd-og-smarte-hjem/tv-og-tilbehor/tv/tcl-85-rm7l-4k-rgb-mini-led-tv-2026/1083306,true
TCL,98X11L,NO,Elkjop,https://www.elkjop.no/product/tv-lyd-og-smarte-hjem/tv-og-tilbehor/tv/tcl-98-x11l-4k-sqd-mini-led-tv-2026/1083305,true
TCL,55C7L,NO,Elkjop,https://www.elkjop.no/product/tv-lyd-og-smarte-hjem/tv-og-tilbehor/tv/tcl-55-msqled85l-4k-sqd-mini-led-tv-2026/1083304,true
TCL,55A400PRO,NO,Elkjop,https://www.elkjop.no/product/tv-lyd-og-smarte-hjem/tv-og-tilbehor/tv/tcl-55-a400-pro-4k-qd-mini-led-tv-2026/1083302,true
TCL,85P7L,NO,Elkjop,https://www.elkjop.no/product/tv-lyd-og-smarte-hjem/tv-og-tilbehor/tv/tcl-85-qled780l-4k-qled-tv-2026/1083301,true
TCL,75A400PRO,NO,Elkjop,https://www.elkjop.no/product/tv-lyd-og-smarte-hjem/tv-og-tilbehor/tv/tcl-75-a400-pro-4k-qd-mini-led-tv-2026/1083299,true
TCL,85RM9L,NO,Elkjop,https://www.elkjop.no/product/tv-lyd-og-smarte-hjem/tv-og-tilbehor/tv/tcl-85-rm9l-4k-rgb-mini-led-tv-2026/1083298,true
TCL,75A400,NO,Elkjop,https://www.elkjop.no/product/tv-lyd-og-smarte-hjem/tv-og-tilbehor/tv/tcl-75-a400-4k-qled-tv-2026/1083297,true
TCL,98A400,NO,Elkjop,https://www.elkjop.no/product/tv-lyd-og-smarte-hjem/tv-og-tilbehor/tv/tcl-98-a400-4k-qled-tv-2026/1083294,true
TCL,32A400,NO,Elkjop,https://www.elkjop.no/product/tv-lyd-og-smarte-hjem/tv-og-tilbehor/tv/tcl-32-a400-pro-full-hd-qled-tv-2026/1083291,true
TCL,43U65A,NO,Elkjop,https://www.elkjop.no/product/tv-lyd-og-smarte-hjem/tv-og-tilbehor/tv/iffalcon-43-u65a-4k-lcd-tv-2026/1083288,true
TCL,98RM7L,NO,Elkjop,https://www.elkjop.no/product/tv-lyd-og-smarte-hjem/tv-og-tilbehor/tv/tcl-98-rm7l-4k-rgb-mini-led-tv-2026/1083286,true
TCL,65RM7L,NO,Elkjop,https://www.elkjop.no/product/tv-lyd-og-smarte-hjem/tv-og-tilbehor/tv/tcl-65-rm7l-4k-rgb-mini-led-tv-2026/1083284,true
TCL,85C6KPRO,NO,Elkjop,https://www.elkjop.no/product/tv-lyd-og-smarte-hjem/tv-og-tilbehor/tv/tcl-85-mqled75l-4k-qd-mini-led-tv-2026/1083283,true
TCL,98A400PRO,NO,Elkjop,https://www.elkjop.no/product/tv-lyd-og-smarte-hjem/tv-og-tilbehor/tv/tcl-98-a400-pro-4k-qd-mini-led-tv-2026/1083282,true
TCL,55U65A,NO,Elkjop,https://www.elkjop.no/product/tv-lyd-og-smarte-hjem/tv-og-tilbehor/tv/iffalcon-55-u65a-4k-lcd-tv-2026/1083281,true
TCL,65A400,NO,Elkjop,https://www.elkjop.no/product/tv-lyd-og-smarte-hjem/tv-og-tilbehor/tv/tcl-65-a400-4k-qled-tv-2026/1083280,true
TCL,85A400,NO,Elkjop,https://www.elkjop.no/product/tv-lyd-og-smarte-hjem/tv-og-tilbehor/tv/tcl-85-a400-4k-qled-tv-2026/1083279,true
TCL,98C7L,NO,Elkjop,https://www.elkjop.no/product/tv-lyd-og-smarte-hjem/tv-og-tilbehor/tv/tcl-98-msqled85l-4k-sqd-mini-led-tv-2026/1083278,true
TCL,98RM9L,NO,Elkjop,https://www.elkjop.no/product/tv-lyd-og-smarte-hjem/tv-og-tilbehor/tv/tcl-98-rm9l-4k-rgb-mini-led-tv-2026/1083276,true
TCL,85X11L,NO,Elkjop,https://www.elkjop.no/product/tv-lyd-og-smarte-hjem/tv-og-tilbehor/tv/tcl-85-x11l-4k-sqd-mini-led-tv-2026/1083270,true
TCL,75X11L,NO,Elkjop,https://www.elkjop.no/product/tv-lyd-og-smarte-hjem/tv-og-tilbehor/tv/tcl-75-x11l-4k-sqd-mini-led-tv-2026/1083269,true
TCL,115RM9L,NO,Elkjop,https://www.elkjop.no/product/tv-lyd-og-smarte-hjem/tv-og-tilbehor/tv/tcl-115-rm9l-4k-rgb-mini-led-tv-2026/1083267,true
TCL,85A400PRO,NO,Elkjop,https://www.elkjop.no/product/tv-lyd-og-smarte-hjem/tv-og-tilbehor/tv/tcl-85-a400-pro-4k-qd-mini-led-tv-2026/1083264,true
Samsung,55S90H,NO,Elkjop,https://www.elkjop.no/product/tv-lyd-og-smarte-hjem/tv-og-tilbehor/tv/samsung-55-s90h-oled-4k-smart-tv-2026/1082852,true
Samsung,75LS03HW,NO,Elkjop,https://www.elkjop.no/product/tv-lyd-og-smarte-hjem/tv-og-tilbehor/tv/samsung-75-the-frame-pro-neo-qled-4k-mini-led-smart-tv-2026/1082851,true
Samsung,55R85H,NO,Elkjop,https://www.elkjop.no/product/tv-lyd-og-smarte-hjem/tv-og-tilbehor/tv/samsung-55-r85h-micro-rgb-4k-smart-tv-2026/1082850,true
Samsung,75QN70H,NO,Elkjop,https://www.elkjop.no/product/tv-lyd-og-smarte-hjem/tv-og-tilbehor/tv/samsung-75-qn72h-neo-qled-4k-mini-led-smart-tv-2026/1082847,true
Samsung,65QN70H,NO,Elkjop,https://www.elkjop.no/product/tv-lyd-og-smarte-hjem/tv-og-tilbehor/tv/samsung-65-qn72h-neo-qled-4k-mini-led-smart-tv-2026/1082846,true
Samsung,48S90H,NO,Elkjop,https://www.elkjop.no/product/tv-lyd-og-smarte-hjem/tv-og-tilbehor/tv/samsung-48-s90h-oled-4k-smart-tv-2026/1082845,true
Samsung,65R95H,NO,Elkjop,https://www.elkjop.no/product/tv-lyd-og-smarte-hjem/tv-og-tilbehor/tv/samsung-65-r95h-micro-rgb-4k-smart-tv-2026/1082843,true
Samsung,77S95H,NO,Elkjop,https://www.elkjop.no/product/tv-lyd-og-smarte-hjem/tv-og-tilbehor/tv/samsung-77-s95h-4k-oled-smart-tv-2026/1082842,true
Samsung,83S90H,NO,Elkjop,https://www.elkjop.no/product/tv-lyd-og-smarte-hjem/tv-og-tilbehor/tv/samsung-83-s90h-oled-4k-smart-tv-2026/1082840,true
Samsung,65S90H,NO,Elkjop,https://www.elkjop.no/product/tv-lyd-og-smarte-hjem/tv-og-tilbehor/tv/samsung-65-s90h-oled-4k-smart-tv-2026/1082839,true
Samsung,50QN70H,NO,Elkjop,https://www.elkjop.no/product/tv-lyd-og-smarte-hjem/tv-og-tilbehor/tv/samsung-50-qn72h-neo-qled-4k-mini-led-smart-tv-2026/1082838,true
Samsung,55M80H,NO,Elkjop,https://www.elkjop.no/product/tv-lyd-og-smarte-hjem/tv-og-tilbehor/tv/samsung-55-m1eh-mini-led-4k-smart-tv-2026/1082837,true
Samsung,42S90H,NO,Elkjop,https://www.elkjop.no/product/tv-lyd-og-smarte-hjem/tv-og-tilbehor/tv/samsung-42-s90h-oled-4k-smart-tv-2026/1082836,true
Samsung,75R85H,NO,Elkjop,https://www.elkjop.no/product/tv-lyd-og-smarte-hjem/tv-og-tilbehor/tv/samsung-75-r85h-micro-rgb-4k-smart-tv-2026/1082835,true
Samsung,85QN80H,NO,Elkjop,https://www.elkjop.no/product/tv-lyd-og-smarte-hjem/tv-og-tilbehor/tv/samsung-85-qn84h-neo-qled-4k-miniled-smart-tv-2026/1082833,true
Samsung,65LS03H,NO,Elkjop,https://www.elkjop.no/product/tv-lyd-og-smarte-hjem/tv-og-tilbehor/tv/samsung-65-the-frame-qled-4k-smart-tv-2026/1082832,true
Samsung,75R95H,NO,Elkjop,https://www.elkjop.no/product/tv-lyd-og-smarte-hjem/tv-og-tilbehor/tv/samsung-75-r95h-micro-rgb-4k-smart-tv-2026/1082831,true
Samsung,75U7025H,NO,Elkjop,https://www.elkjop.no/product/tv-lyd-og-smarte-hjem/tv-og-tilbehor/tv/samsung-75-u7025h-crystal-uhd-4k-smart-tv-2026/1082829,true
Samsung,75QN80H,NO,Elkjop,https://www.elkjop.no/product/tv-lyd-og-smarte-hjem/tv-og-tilbehor/tv/samsung-75-qn84h-neo-qled-4k-miniled-smart-tv-2026/1082827,true
Samsung,55QN80H,NO,Elkjop,https://www.elkjop.no/product/tv-lyd-og-smarte-hjem/tv-og-tilbehor/tv/samsung-55-qn84h-neo-qled-4k-miniled-smart-tv-2026/1082826,true
Samsung,55LS03H,NO,Elkjop,https://www.elkjop.no/product/tv-lyd-og-smarte-hjem/tv-og-tilbehor/tv/samsung-55-the-frame-qled-4k-smart-tv-2026/1082824,true
Samsung,55R85H,NO,Elkjop,https://www.elkjop.no/product/tv-lyd-og-smarte-hjem/tv-og-tilbehor/tv/samsung-55-r87h-micro-rgb-4k-smart-tv-2026/1082822,true
Samsung,50QN80H,NO,Elkjop,https://www.elkjop.no/product/tv-lyd-og-smarte-hjem/tv-og-tilbehor/tv/samsung-50-qn84h-neo-qled-4k-miniled-smart-tv-2026/1082821,true
Samsung,65M80H,NO,Elkjop,https://www.elkjop.no/product/tv-lyd-og-smarte-hjem/tv-og-tilbehor/tv/samsung-65-m1eh-mini-led-4k-smart-tv-2026/1082820,true
Samsung,48S95H,NO,Elkjop,https://www.elkjop.no/product/tv-lyd-og-smarte-hjem/tv-og-tilbehor/tv/samsung-48-s95h-4k-oled-smart-tv-2026/1082818,true
Samsung,85U7025H,NO,Elkjop,https://www.elkjop.no/product/tv-lyd-og-smarte-hjem/tv-og-tilbehor/tv/samsung-85-u7025h-crystal-uhd-4k-smart-tv-2026/1082817,true
Samsung,85LS03HW,NO,Elkjop,https://www.elkjop.no/product/tv-lyd-og-smarte-hjem/tv-og-tilbehor/tv/samsung-85-the-frame-pro-neo-qled-4k-mini-led-smart-tv-2026/1082816,true
Samsung,70U8090H,NO,Elkjop,https://www.elkjop.no/product/tv-lyd-og-smarte-hjem/tv-og-tilbehor/tv/samsung-70-u8095h-crystal-uhd-4k-smart-tv-2026/1082815,true
Samsung,65S95H,NO,Elkjop,https://www.elkjop.no/product/tv-lyd-og-smarte-hjem/tv-og-tilbehor/tv/samsung-65-s95h-4k-oled-smart-tv-2026/1082814,true
Samsung,85R85H,NO,Elkjop,https://www.elkjop.no/product/tv-lyd-og-smarte-hjem/tv-og-tilbehor/tv/samsung-85-r87h-micro-rgb-4k-smart-tv-2026/1082813,true
Samsung,43LS03H,NO,Elkjop,https://www.elkjop.no/product/tv-lyd-og-smarte-hjem/tv-og-tilbehor/tv/samsung-43-the-frame-qled-4k-smart-tv-2026/1082812,true
Samsung,75M80H,NO,Elkjop,https://www.elkjop.no/product/tv-lyd-og-smarte-hjem/tv-og-tilbehor/tv/samsung-75-m1eh-mini-led-4k-smart-tv-2026/1082809,true
Samsung,77S90H,NO,Elkjop,https://www.elkjop.no/product/tv-lyd-og-smarte-hjem/tv-og-tilbehor/tv/samsung-77-s90h-oled-4k-smart-tv-2026/1082806,true
Samsung,75R85H,NO,Elkjop,https://www.elkjop.no/product/tv-lyd-og-smarte-hjem/tv-og-tilbehor/tv/samsung-75-r87h-micro-rgb-4k-smart-tv-2026/1082804,true
Samsung,85R85H,NO,Elkjop,https://www.elkjop.no/product/tv-lyd-og-smarte-hjem/tv-og-tilbehor/tv/samsung-85-r85h-micro-rgb-4k-smart-tv-2026/1082803,true
Samsung,55QN70H,NO,Elkjop,https://www.elkjop.no/product/tv-lyd-og-smarte-hjem/tv-og-tilbehor/tv/samsung-55-qn72h-neo-qled-4k-mini-led-smart-tv-2026/1082802,true
Samsung,55LS03HW,NO,Elkjop,https://www.elkjop.no/product/tv-lyd-og-smarte-hjem/tv-og-tilbehor/tv/samsung-55-the-frame-pro-neo-qled-4k-mini-led-smart-tv-2026/1082801,true
Samsung,85R95H,NO,Elkjop,https://www.elkjop.no/product/tv-lyd-og-smarte-hjem/tv-og-tilbehor/tv/samsung-85-r95h-micro-rgb-4k-smart-tv-2026/1082797,true
Samsung,55S95H,NO,Elkjop,https://www.elkjop.no/product/tv-lyd-og-smarte-hjem/tv-og-tilbehor/tv/samsung-55-s95h-4k-oled-smart-tv-2026/1082796,true
Samsung,50U7025H,NO,Elkjop,https://www.elkjop.no/product/tv-lyd-og-smarte-hjem/tv-og-tilbehor/tv/samsung-50-u7025h-crystal-uhd-4k-smart-tv-2026/1082795,true
Samsung,65R85H,NO,Elkjop,https://www.elkjop.no/product/tv-lyd-og-smarte-hjem/tv-og-tilbehor/tv/samsung-65-r85h-micro-rgb-4k-smart-tv-2026/1082792,true
Samsung,43U7000F,NO,Elkjop,https://www.elkjop.no/product/tv-lyd-og-smarte-hjem/tv-og-tilbehor/tv/samsung-43-u7025h-crystal-uhd-4k-smart-tv-2026/1082790,true
Samsung,85M80H,NO,Elkjop,https://www.elkjop.no/product/tv-lyd-og-smarte-hjem/tv-og-tilbehor/tv/samsung-85-m84h-mini-led-4k-smart-tv-2026/1082789,true
Samsung,55U7025H,NO,Elkjop,https://www.elkjop.no/product/tv-lyd-og-smarte-hjem/tv-og-tilbehor/tv/samsung-55-u7025h-crystal-uhd-4k-smart-tv-2026/1082787,true
Samsung,65R85H,NO,Elkjop,https://www.elkjop.no/product/tv-lyd-og-smarte-hjem/tv-og-tilbehor/tv/samsung-65-r87h-micro-rgb-4k-smart-tv-2026/1082786,true
Samsung,65U7025H,NO,Elkjop,https://www.elkjop.no/product/tv-lyd-og-smarte-hjem/tv-og-tilbehor/tv/samsung-65-u7025h-crystal-uhd-4k-smart-tv-2026/1082784,true
Samsung,65LS03HW,NO,Elkjop,https://www.elkjop.no/product/tv-lyd-og-smarte-hjem/tv-og-tilbehor/tv/samsung-65-the-frame-pro-neo-qled-4k-mini-led-smart-tv-2026/1082783,true
Samsung,43M80H,NO,Elkjop,https://www.elkjop.no/product/tv-lyd-og-smarte-hjem/tv-og-tilbehor/tv/samsung-43-m1eh-mini-led-4k-smart-tv-2026/1082782,true
Samsung,85QN70H,NO,Elkjop,https://www.elkjop.no/product/tv-lyd-og-smarte-hjem/tv-og-tilbehor/tv/samsung-85-qn72h-neo-qled-4k-mini-led-smart-tv-2026/1082781,true
Samsung,65QN80H,NO,Elkjop,https://www.elkjop.no/product/tv-lyd-og-smarte-hjem/tv-og-tilbehor/tv/samsung-65-qn84h-neo-qled-4k-miniled-smart-tv-2026/1082780,true
Samsung,43QN70H,NO,Elkjop,https://www.elkjop.no/product/tv-lyd-og-smarte-hjem/tv-og-tilbehor/tv/samsung-43-qn72h-neo-qled-4k-mini-led-smart-tv-2026/1082777,true
LG,83B6,NO,Elkjop,https://www.elkjop.no/product/tv-lyd-og-smarte-hjem/tv-og-tilbehor/tv/lg-83-b6e-4k-oled-tv-2026/1047682,true
LG,75QNED80B,NO,Elkjop,https://www.elkjop.no/product/tv-lyd-og-smarte-hjem/tv-og-tilbehor/tv/lg-75-qned-82-evo-4k-mini-led-tv-2026/1047681,true
LG,65B6,NO,Elkjop,https://www.elkjop.no/product/tv-lyd-og-smarte-hjem/tv-og-tilbehor/tv/lg-65-b6e-4k-oled-tv-2026/1047680,true
LG,77B6,NO,Elkjop,https://www.elkjop.no/product/tv-lyd-og-smarte-hjem/tv-og-tilbehor/tv/lg-77-b6e-4k-oled-tv-2026/1047679,true
LG,55B6E,NO,Elkjop,https://www.elkjop.no/product/tv-lyd-og-smarte-hjem/tv-og-tilbehor/tv/lg-55-b6e-4k-oled-tv-2026/1047678,true
LG,55QNED80B,NO,Elkjop,https://www.elkjop.no/product/tv-lyd-og-smarte-hjem/tv-og-tilbehor/tv/lg-55-qned-82-evo-4k-mini-led-tv-2026/1047677,true
LG,48B6E,NO,Elkjop,https://www.elkjop.no/product/tv-lyd-og-smarte-hjem/tv-og-tilbehor/tv/lg-48-b6e-4k-oled-tv-2026/1047676,true
LG,65QNED80B,NO,Elkjop,https://www.elkjop.no/product/tv-lyd-og-smarte-hjem/tv-og-tilbehor/tv/lg-65-qned-82-evo-4k-mini-led-tv-2026/1047675,true
LG,85QNED80B,NO,Elkjop,https://www.elkjop.no/product/tv-lyd-og-smarte-hjem/tv-og-tilbehor/tv/lg-85-qned-82-evo-4k-mini-led-tv-2026/1047674,true
TCL,55PF650K,GB,Currys,https://www.currys.co.uk/products/tcl-55pf650k-fire-tv-55-smart-4k-ultra-hd-hdr-led-tv-with-amazon-alexa-10268406.html,true
LG,55C5,GB,Currys,https://www.currys.co.uk/products/lg-c5-55-oled-evo-ai-4k-hdr-smart-tv-2025-oled55c54la-10281549.html,true
Hisense,55E7Q,GB,Currys,https://www.currys.co.uk/products/hisense-e7q-55-qled-4k-smart-ai-tv-with-freely-55e7qtuk-10284273.html,true
LG,50QNED70A,GB,Currys,https://www.currys.co.uk/products/lg-qned70-50-qned-ai-4k-hdr-smart-tv-2025-50qned70a6a-10291905.html,true
TCL,55C6K,GB,Currys,https://www.currys.co.uk/products/tcl-c6k-55-qdmini-led-4k-hdr-smart-google-tv-55c6k-10281842.html,true
TCL,65C6K,GB,Currys,https://www.currys.co.uk/products/tcl-c6k-65-qdmini-led-4k-hdr-smart-google-tv-65c6k-10281851.html,true
Hisense,43E7QPRO,GB,Currys,https://www.currys.co.uk/products/hisense-e7q-pro-43-qled-4k-hdr-smart-tv-with-freely-43e7qtuk-pro-10288575.html,true
TCL,75P6K,GB,Currys,https://www.currys.co.uk/products/tcl-75p6kuk-75-smart-4k-ultra-hd-hdr-led-tv-10281521.html,true
TCL,75C6K,GB,Currys,https://www.currys.co.uk/products/tcl-c6k-75-qdmini-led-4k-hdr-smart-google-tv-75c6k-10281854.html,true
LG,43QNED80B,GB,Currys,https://www.currys.co.uk/products/lg-qned81-43-qned-ai-mini-led-4k-hdr-smart-tv-2026-43qned81b6c-10302010.html,true
Samsung,65Q6F,FR,Boulanger,https://www.boulanger.com/ref/1229521,true
Samsung,75QN70F,FR,Boulanger,https://www.boulanger.com/ref/1221550,true
Samsung,85Q80D,FR,Boulanger,https://www.boulanger.com/ref/1204143,true
Samsung,65QN70F,FR,Boulanger,https://www.boulanger.com/ref/1221549,true
Samsung,55QN70F,FR,Boulanger,https://www.boulanger.com/ref/1221548,true
Samsung,50AU7025,FR,Boulanger,https://www.boulanger.com/ref/1183178,true
Samsung,55S85F,FR,Boulanger,https://www.boulanger.com/ref/1222781,true
TCL,65P6K,FR,Boulanger,https://www.boulanger.com/ref/1224197,true
TCL,32S5K,FR,Boulanger,https://www.boulanger.com/ref/1224191,true
TCL,85P7K,FR,Boulanger,https://www.boulanger.com/ref/1218986,true
TCL,75C7K,FR,Boulanger,https://www.boulanger.com/ref/1221007,true
TCL,85C9K,FR,Boulanger,https://www.boulanger.com/ref/1221065,true
TCL,55C8K,FR,Boulanger,https://www.boulanger.com/ref/1221057,true
LG,55QNED90A,FR,Boulanger,https://www.boulanger.com/ref/1220713,true
Hisense,58A6Q,FR,Boulanger,https://www.boulanger.com/ref/1222696,true
Hisense,55A85Q,FR,Boulanger,https://www.boulanger.com/ref/1228678,true
Hisense,55U8Q,FR,Boulanger,https://www.boulanger.com/ref/1222695,true
Sony,77BRAVIA8,FR,Boulanger,https://www.boulanger.com/ref/1206128,true
Samsung,50U8005F,NO,Elkjop,https://www.elkjop.no/product/tv-lyd-og-smarte-hjem/tv-og-tilbehor/tv/samsung-50-u8095f-4k-smart-tv-2025/906382,true
Samsung,75QN70F,NO,Elkjop,https://www.elkjop.no/product/tv-lyd-og-smarte-hjem/tv-og-tilbehor/tv/samsung-75-qn70f-neo-qled-4k-edge-miniled-smart-tv-2025/906426,true
Samsung,65QN70F,NO,Elkjop,https://www.elkjop.no/product/tv-lyd-og-smarte-hjem/tv-og-tilbehor/tv/samsung-65-qn70f-neo-qled-4k-edge-miniled-smart-tv-2025/906424,true
LG,65B5,NO,Elkjop,https://www.elkjop.no/product/tv-lyd-og-smarte-hjem/tv-og-tilbehor/tv/lg-65-b5-4k-oled-tv-2025/912293,true
Sony,85BRAVIA3,NO,Elkjop,https://www.elkjop.no/product/tv-lyd-og-smarte-hjem/tv-og-tilbehor/tv/sony-85-bravia-3-4k-led-smart-tv-2025/908920,true
Samsung,43LS03F,NO,Elkjop,https://www.elkjop.no/product/tv-lyd-og-smarte-hjem/tv-og-tilbehor/tv/samsung-43-the-frame-4k-qled-smart-tv-2025/906444,true
Samsung,55S95F,NO,Elkjop,https://www.elkjop.no/product/tv-lyd-og-smarte-hjem/tv-og-tilbehor/tv/samsung-83-s95f-4k-oled-smart-tv-2025/906442,true
TCL,50C6KS,NO,Elkjop,https://www.elkjop.no/product/tv-lyd-og-smarte-hjem/tv-og-tilbehor/tv/tcl-50-mqled70k-4k-mini-led-tv-2025/899844,true
TCL,40S5K,NO,Elkjop,https://www.elkjop.no/product/tv-lyd-og-smarte-hjem/tv-og-tilbehor/tv/tcl-40-s5k-full-hd-qled-tv-2025/899836,true
Sony,65BRAVIA65,NO,Elkjop,https://www.elkjop.no/product/tv-lyd-og-smarte-hjem/tv-og-tilbehor/tv/sony-bravia-65-3l-ii-4k-led-smart-tv-2026/1110912,true
Samsung,65S92FA,FR,Boulanger,https://www.boulanger.com/ref/1229525,true
Samsung,43Q7F,FR,Boulanger,https://www.boulanger.com/ref/1221575,true
Sony,85X90L,FR,Boulanger,https://www.boulanger.com/ref/1190915,true
Samsung,75LS03FW,GB,Currys,https://www.currys.co.uk/products/samsung-the-frame-pro-2025-75-neo-qled-4k-art-mode-smart-ai-tv-with-slim-fit-wall-mount-qe75ls03fw-10284447.html,true
Samsung,75LS03FW,GB,Currys,https://www.currys.co.uk/products/samsung-the-frame-pro-qe75ls03fw-75-neo-qled-4k-smart-tv-and-the-frame-qe32ls03cbuxxu-32-smart-full-hd-hdr-qled-tv-bundle-10289861.html,true
LG,65G5,GB,Currys,https://www.currys.co.uk/products/lg-g5-65-oled-evo-ai-4k-hdr-smart-tv-2025-stand-version-oled65g56ls-10282093.html,true
Samsung,75U8005F,GB,Currys,https://www.currys.co.uk/products/samsung-u8000f-75-crystal-uhd-4k-hdr-smart-tv-2025-ue75u8000f-10282642.html,true
Hisense,65U8Q,GB,Currys,https://www.currys.co.uk/products/hisense-u8q-65-mini-led-4k-165hz-smart-ai-tv-with-freely-65u8qtuk-10283604.html,true
Samsung,85Q7F,GB,Currys,https://www.currys.co.uk/products/samsung-q7f-85-qled-4k-vision-ai-smart-tv-2025-qe85q7f-10282635.html,true
TCL,55T6C,GB,Currys,https://www.currys.co.uk/products/tcl-t6c-55-qled-4k-hdr-smart-fire-tv-with-freely-55t6cuk-10282054.html,true
LG,100QNED85A,GB,Currys,https://www.currys.co.uk/products/lg-qned86-100-qned-evo-ai-mini-led-4k-hdr-smart-tv-2025-100qned86a6-10282163.html,true
LG,83B6,GB,Currys,https://www.currys.co.uk/products/lg-b6-83-oled-ai-4k-hdr-smart-tv-2026-oled83b6elb-10301910.html,true
Samsung,43LS01D,FR,Boulanger,https://www.boulanger.com/ref/1207303,true
Samsung,50U7000F,FR,Boulanger,https://www.boulanger.com/ref/1234659,true
Samsung,77S92FA,FR,Boulanger,https://www.boulanger.com/ref/1229528,true
Samsung,65S95F,FR,Boulanger,https://www.boulanger.com/ref/1221656,true
Samsung,55QN80F,FR,Boulanger,https://www.boulanger.com/ref/1221593,true
TCL,98C6K,FR,Boulanger,https://www.boulanger.com/ref/1218996,true
TCL,98C8K,FR,Boulanger,https://www.boulanger.com/ref/1221061,true
TCL,50P6K,FR,Boulanger,https://www.boulanger.com/ref/1228144,true
TCL,65P8K,FR,Boulanger,https://www.boulanger.com/ref/1218988,true
TCL,55A300,FR,Boulanger,https://www.boulanger.com/ref/1211407,true
TCL,85X11K,FR,Boulanger,https://www.boulanger.com/ref/1211415,true
TCL,98X11K,FR,Boulanger,https://www.boulanger.com/ref/1211417,true
LG,48C5,FR,Boulanger,https://www.boulanger.com/ref/9000945887,true
LG,55B5,FR,Boulanger,https://www.boulanger.com/ref/1220750,true
LG,83G5,FR,Boulanger,https://www.boulanger.com/ref/1220766,true
LG,75QNED85A,FR,Boulanger,https://www.boulanger.com/ref/1220688,true
Hisense,50A7Q,FR,Boulanger,https://www.boulanger.com/ref/1222723,true
Hisense,50U7Q,FR,Boulanger,https://www.boulanger.com/ref/1222724,true
Hisense,75U8Q,FR,Boulanger,https://www.boulanger.com/ref/1222761,true
TCL,65T6C,GB,Currys,https://www.currys.co.uk/products/tcl-t6c-65-qled-4k-hdr-smart-fire-tv-with-freely-65t6cuk-10282061.html,false
Samsung,85QN85F,GB,Currys,https://www.currys.co.uk/products/samsung-qn85f-85-neo-qled-4k-mini-led-vision-ai-smart-tv-2025-qe85qn85f-10282693.html,false
Samsung,55Q7F,GB,Currys,https://www.currys.co.uk/products/samsung-q7f-55-qled-4k-vision-ai-smart-tv-2025-qe55q7f-10282631.html,false
Samsung,65S85F,GB,Currys,https://www.currys.co.uk/products/samsung-s85f-65-oled-4k-vision-ai-smart-tv-2025-qe65s85f-10282708.html,false
Samsung,50QN90F,GB,Currys,https://www.currys.co.uk/products/samsung-qn90f-50-neo-qled-4k-mini-led-vision-ai-smart-tv-2025-qe50qn90f-10282669.html,false
Samsung,65QN70F,GB,Currys,https://www.currys.co.uk/products/samsung-qn70f-65-neo-qled-4k-mini-led-vision-ai-smart-tv-2025-qe65qn70f-10282633.html,false
Hisense,75U7QPRO,GB,Currys,https://www.currys.co.uk/products/hisense-u7q-pro-75-mini-led-4k-165hz-smart-ai-tv-with-freely-75u7qtuk-pro-10284293.html,false
Samsung,75Q7F,GB,Currys,https://www.currys.co.uk/products/samsung-q7f-75-qled-4k-vision-ai-smart-tv-2025-qe75q7f-10282607.html,false
Samsung,55QN80F,GB,Currys,https://www.currys.co.uk/products/samsung-qn80f-55-neo-qled-4k-mini-led-vision-ai-smart-tv-2025-qe55qn80f-10282624.html,false
TCL,55C7K,GB,Currys,https://www.currys.co.uk/products/tcl-c7k-55-qdmini-led-4k-hdr-smart-google-tv-55c7k-10281841.html,false
Sony,65XR8A1B,GB,Currys,https://www.currys.co.uk/products/sony-bravia-8a-65-oled-4k-hdr-ai-smart-tv-k65xr8a1b-10291767.html,false
Samsung,65Q7F,GB,Currys,https://www.currys.co.uk/products/samsung-q7f5-65-qled-4k-vision-ai-smart-tv-2025-qe65q7f5-10282610.html,false
Samsung,98DU9000,GB,Currys,https://www.currys.co.uk/products/samsung-ue98du9000uxxu-98-smart-4k-ultra-hd-hdr-led-tv-with-bixby-and-amazon-alexa-10265034.html,false
LG,50QNED70B,GB,Currys,https://www.currys.co.uk/products/lg-qned7e-50-qned-ai-mini-led-4k-hdr-smart-tv-2026-50qned7eb3c-10301950.html,false
LG,48C5,GB,Currys,https://www.currys.co.uk/products/lg-c5-48-oled-evo-ai-4k-hdr-smart-tv-2025-oled48c56lb-10282100.html,false
TCL,98P8K,GB,Currys,https://www.currys.co.uk/products/tcl-98p8k-98-smart-4k-ultra-hd-hdr-qled-tv-10285851.html,false
Hisense,85U7QPRO,GB,Currys,https://www.currys.co.uk/products/hisense-u7q-pro-85-mini-led-4k-165hz-smart-ai-tv-with-freely-85u7qtuk-pro-10283976.html,false
TCL,65C7K,FR,Boulanger,https://www.boulanger.com/ref/1221021,false
TCL,32S4K,FR,Boulanger,https://www.boulanger.com/ref/1224192,false
TCL,55C7K,FR,Boulanger,https://www.boulanger.com/ref/1224194,false
LG,65M5,FR,Boulanger,https://www.boulanger.com/ref/1222708,true
LG,55UR78,FR,Boulanger,https://www.boulanger.com/ref/1190210,false
LG,65QNED90A,FR,Boulanger,https://www.boulanger.com/ref/1220716,false
Hisense,43A6Q,FR,Boulanger,https://www.boulanger.com/ref/1222718,false
Sony,75X75WL,FR,Boulanger,https://www.boulanger.com/ref/1191190,false
Samsung,50U8005F,GB,Currys,https://www.currys.co.uk/products/samsung-u8000f-50-crystal-uhd-4k-hdr-smart-tv-2025-ue50u8000f-10284845.html,false
Samsung,55U8005F,GB,Currys,https://www.currys.co.uk/products/samsung-u8000f-55-crystal-uhd-4k-hdr-smart-tv-2025-ue55u8000f-10282703.html,false
Samsung,65S90F,GB,Currys,https://www.currys.co.uk/products/samsung-s90f-65-oled-4k-vision-ai-smart-tv-2025-qe65s90f-10282706.html,false
LG,55B5,GB,Currys,https://www.currys.co.uk/products/lg-b5-55-oled-ai-4k-hdr-smart-tv-2025-oled55b56la-10281768.html,false
LG,43NANO80A6B,GB,Currys,https://www.currys.co.uk/products/lg-nano80-43-nanocell-ai-4k-hdr-smart-tv-2025-43nano80a6b-10282087.html,false
TCL,55P8K,GB,Currys,https://www.currys.co.uk/products/tcl-55p8k-55-smart-4k-ultra-hd-hdr-qled-tv-10275963.html,false
Hisense,75E7QPRO,GB,Currys,https://www.currys.co.uk/products/hisense-e7q-pro-75-qled-4k-hdr-smart-tv-with-freely-75e7qtuk-pro-10282785.html,false
Hisense,75E7Q,GB,Currys,https://www.currys.co.uk/products/hisense-e7q-75-qled-4k-smart-ai-tv-with-freely-75e7qtuk-10284235.html,false
Hisense,75U7Q,GB,Currys,https://www.currys.co.uk/products/hisense-75u7qtuk-75-smart-4k-ultra-hd-hdr-mini-led-tv-10282123.html,false
LG,43QNED70B,GB,Currys,https://www.currys.co.uk/products/lg-qned7e-43-qned-ai-mini-led-4k-hdr-smart-tv-2026-43qned7eb3c-10301909.html,false
LG,75QNED80A,GB,Currys,https://www.currys.co.uk/products/lg-qned82-75-qned-ai-4k-hdr-smart-tv-2025-75qned82a6b-10281540.html,false
Samsung,85U8005F,FR,Boulanger,https://www.boulanger.com/ref/1221574,false
Samsung,55S92FA,FR,Boulanger,https://www.boulanger.com/ref/1229522,false
Samsung,32T4305A,FR,Boulanger,https://www.boulanger.com/ref/1188967,false
Samsung,50Q8F,FR,Boulanger,https://www.boulanger.com/ref/1221576,false
LG,43QNED85A,FR,Boulanger,https://www.boulanger.com/ref/1220648,false
Hisense,85E7Q,FR,Boulanger,https://www.boulanger.com/ref/1222744,false
Hisense,85A6Q,FR,Boulanger,https://www.boulanger.com/ref/1222743,false
Hisense,43E7Q,NO,Elkjop,https://www.elkjop.no/product/tv-lyd-og-smarte-hjem/tv-og-tilbehor/tv/hisense-43-e7q-4k-qled-smart-tv-2025/936671,false
TCL,75C7K,NO,Elkjop,https://www.elkjop.no/product/tv-lyd-og-smarte-hjem/tv-og-tilbehor/tv/tcl-75-mqled85k-4k-mini-led-tv-2025/899837,false
TCL,85C7K,NO,Elkjop,https://www.elkjop.no/product/tv-lyd-og-smarte-hjem/tv-og-tilbehor/tv/tcl-85-mqled85k-4k-mini-led-tv-2025/899830,false
Samsung,85QN990F,NO,Elkjop,https://www.elkjop.no/product/tv-lyd-og-smarte-hjem/tv-og-tilbehor/tv/samsung-85-qn990f-neo-qled-8k-miniled-smart-tv-2025/906392,false
LG,86NANO82,NO,Elkjop,https://www.elkjop.no/product/tv-lyd-og-smarte-hjem/tv-og-tilbehor/tv/lg-86-nano-82-4k-nanocell-tv-2025/951255,false
LG,65QNED90A,NO,Elkjop,https://www.elkjop.no/product/tv-lyd-og-smarte-hjem/tv-og-tilbehor/tv/lg-65-qned-93-4k-qned-miniled-tv-2025/912314,false
LG,55B5,NO,Elkjop,https://www.elkjop.no/product/tv-lyd-og-smarte-hjem/tv-og-tilbehor/tv/lg-55-b5-4k-oled-tv-2025/912312,false
Samsung,50U7000F,NO,Elkjop,https://www.elkjop.no/product/tv-lyd-og-smarte-hjem/tv-og-tilbehor/tv/samsung-50-u7005f-4k-smart-tv-2025/906436,false
Samsung,75QN80F,NO,Elkjop,https://www.elkjop.no/product/tv-lyd-og-smarte-hjem/tv-og-tilbehor/tv/samsung-75-qn80f-neo-qled-4k-miniled-smart-tv-2025/906423,false
Samsung,65Q7F,NO,Elkjop,https://www.elkjop.no/product/tv-lyd-og-smarte-hjem/tv-og-tilbehor/tv/samsung-65-q7f3-4k-qled-smart-tv-2025/906422,false
Samsung,43U7000F,NO,Elkjop,https://www.elkjop.no/product/tv-lyd-og-smarte-hjem/tv-og-tilbehor/tv/samsung-43-u7005f-4k-smart-tv-2025/906412,false
TCL,75MQLED80K,NO,Elkjop,https://www.elkjop.no/product/tv-lyd-og-smarte-hjem/tv-og-tilbehor/tv/tcl-75-mqled80k-4k-mini-led-tv-2025/899869,false
Sony,65BRAVIA7II,NO,Elkjop,https://www.elkjop.no/product/tv-lyd-og-smarte-hjem/tv-og-tilbehor/tv/sony-65-bravia-7-ii-ekte-rgb-4k-lcd-smart-tv-2026/1110928,false
Sony,55BRAVIA7II,NO,Elkjop,https://www.elkjop.no/product/tv-lyd-og-smarte-hjem/tv-og-tilbehor/tv/sony-55-bravia-7-ii-ekte-rgb-4k-lcd-smart-tv-2026/1110925,false
Sony,50BRAVIA7II,NO,Elkjop,https://www.elkjop.no/product/tv-lyd-og-smarte-hjem/tv-og-tilbehor/tv/sony-50-bravia-7-ii-ekte-rgb-4k-lcd-smart-tv-2026/1110919,false
Sony,75BRAVIA7II,NO,Elkjop,https://www.elkjop.no/product/tv-lyd-og-smarte-hjem/tv-og-tilbehor/tv/sony-75-bravia-7-ii-ekte-rgb-4k-lcd-smart-tv-2026/1110918,false
Hisense,75E7S,NO,Elkjop,https://www.elkjop.no/product/tv-lyd-og-smarte-hjem/tv-og-tilbehor/tv/hisense-75-75e77s-qled-smart-tv-2026/1085205,false
Hisense,85E7S,NO,Elkjop,https://www.elkjop.no/product/tv-lyd-og-smarte-hjem/tv-og-tilbehor/tv/hisense-85-85e77s-qled-smart-tv-2026/1085189,false
TCL,75T6C,GB,Currys,https://www.currys.co.uk/products/tcl-t6c-75-qled-4k-hdr-smart-fire-tv-with-freely-75t6cuk-10284379.html,false
Samsung,50LS03FA,GB,Currys,https://www.currys.co.uk/products/samsung-the-frame-2025-50-qled-4k-art-mode-smart-ai-tv-with-slim-fit-wall-mount-qe50ls03fa-10282623.html,false
LG,50NANO81A6A,GB,Currys,https://www.currys.co.uk/products/lg-nano81a-50-nanocell-ai-4k-hdr-smart-tv-2025-50nano81a6a-10282148.html,false
Samsung,50QN80F,GB,Currys,https://www.currys.co.uk/products/samsung-qn80f-50-neo-qled-4k-mini-led-vision-ai-smart-tv-2025-qe50qn80f-10282618.html,false
LG,50UA7500,GB,Currys,https://www.currys.co.uk/products/lg-ua75-50-led-4k-hdr-smart-tv-2025-50ua75006la-10282146.html,false
Samsung,77S90F,GB,Currys,https://www.currys.co.uk/products/samsung-s90f-77-oled-4k-vision-ai-smart-tv-2025-qe77s90f-10284799.html,false
LG,77B6,GB,Currys,https://www.currys.co.uk/products/lg-b6-77-oled-ai-4k-hdr-smart-tv-2026-oled77b6elc-10301906.html,false
Samsung,85LS03FW,GB,Currys,https://www.currys.co.uk/products/samsung-the-frame-pro-2025-85-neo-qled-4k-art-mode-smart-ai-tv-with-slim-fit-wall-mount-qe85ls03fw-10284428.html,false
LG,86QNED85A,GB,Currys,https://www.currys.co.uk/products/lg-qned85-86-qned-evo-ai-mini-led-4k-hdr-smart-tv-2025-86qned85a6c-10284938.html,false
Samsung,85LS03FW,GB,Currys,https://www.currys.co.uk/products/samsung-the-frame-pro-qe85ls03fw-85-neo-qled-smart-4k-tv-and-the-frame-qe32ls03cbuxxu-32-smart-full-hd-hdr-qled-tv-10289860.html,false
Samsung,32LS03C,FR,Boulanger,https://www.boulanger.com/ref/1189153,false
Samsung,85LS03B,FR,Boulanger,https://www.boulanger.com/ref/1189159,false
LG,97G4,FR,Boulanger,https://www.boulanger.com/ref/1204574,false
Samsung,43Q8F,GB,Currys,https://www.currys.co.uk/products/samsung-q8f-43-qled-4k-vision-ai-smart-tv-2025-qe43q8f-10283597.html,false
LG,75QNED7EB,GB,Currys,https://www.currys.co.uk/products/lg-qned7e-75-qned-ai-mini-led-4k-hdr-smart-tv-2026-75qned7eb3c-10301929.html,false
Samsung,65QN80F,GB,Currys,https://www.currys.co.uk/products/samsung-qn80f-65-neo-qled-4k-mini-led-vision-ai-smart-tv-2025-qe65qn80f-10282632.html,false
Samsung,100QN80F,GB,Currys,https://www.currys.co.uk/products/samsung-qn80f-100-neo-qled-4k-mini-led-vision-ai-smart-tv-2025-qe100qn80f-10283666.html,false
Samsung,55S85F,GB,Currys,https://www.currys.co.uk/products/samsung-s85f-55-oled-4k-vision-ai-smart-tv-2025-qe55s85f-10283612.html,false
TCL,65C7K,GB,Currys,https://www.currys.co.uk/products/tcl-c7k-65-qdmini-led-4k-hdr-smart-google-tv-65c7k-10283951.html,false
LG,65QNED80A,GB,Currys,https://www.currys.co.uk/products/lg-qned82-65-qned-ai-4k-hdr-smart-tv-2025-65qned82a6b-10282145.html,false
LG,65QNED70B,GB,Currys,https://www.currys.co.uk/products/lg-qned7e-65-qned-ai-mini-led-4k-hdr-smart-tv-2026-65qned7eb3c-10301930.html,false
LG,65M5,GB,Currys,https://www.currys.co.uk/products/lg-m5-65-oled-evo-ai-4k-hdr-true-wireless-smart-tv-2025-oled65m59la-10282096.html,false
LG,83G5,GB,Currys,https://www.currys.co.uk/products/lg-g5-83-oled-evo-ai-4k-hdr-smart-tv-2025-wall-mount-version-oled83g54lw-10282103.html,false
Samsung,55S90D,FR,Boulanger,https://www.boulanger.com/ref/1207268,false
TCL,55C6K,FR,Boulanger,https://www.boulanger.com/ref/1218992,false
TCL,32ES570F,FR,Boulanger,https://www.boulanger.com/ref/1165994,false
TCL,85C7K,FR,Boulanger,https://www.boulanger.com/ref/1221047,false
Hisense,85U7QPRO,FR,Boulanger,https://www.boulanger.com/ref/1222747,false
Samsung,55Q7F,GB,Currys,https://www.currys.co.uk/products/samsung-q7f5-55-qled-4k-vision-ai-smart-tv-2025-qe55q7f5-10282630.html,false
Samsung,75Q7F,GB,Currys,https://www.currys.co.uk/products/samsung-q7f5-75-qled-4k-vision-ai-smart-tv-2025-qe75q7f5-10282609.html,false
LG,65UA7300,GB,Currys,https://www.currys.co.uk/products/lg-ua73-65-led-4k-hdr-smart-tv-2025-65ua73006la-10282131.html,false
Samsung,43LS01D,GB,Currys,https://www.currys.co.uk/products/samsung-the-serif-qe43ls01dauxxu-43-smart-4k-ultra-hd-hdr-qled-tv-with-bixby-and-amazon-alexa-cloud-white-10264157.html,false
LG,85QNED70B,GB,Currys,https://www.currys.co.uk/products/lg-qned7e-85-qned-ai-mini-led-4k-hdr-smart-tv-2026-85qned7eb3a-10301949.html,false
TCL,43PF650K,GB,Currys,https://www.currys.co.uk/products/tcl-43pf650k-fire-tv-43-smart-4k-ultra-hd-hdr-led-tv-with-amazon-alexa-10268414.html,false
Sony,55XR8AB,GB,Currys,https://www.currys.co.uk/products/sony-bravia-8a-55%E2%80%9D-oled-4k-hdr-ai-smart-tv-k55xr8ab-10291777.html,false
Samsung,65LS03FA,GB,Currys,https://www.currys.co.uk/products/samsung-the-frame-2025-65-qled-4k-art-mode-smart-ai-tv-with-slim-fit-wall-mount-qe65ls03fa-10282616.html,false
Samsung,43QN90F,GB,Currys,https://www.currys.co.uk/products/samsung-qn90f-43-neo-qled-4k-mini-led-vision-ai-smart-tv-2025-qe43qn90f-10282664.html,false
Samsung,55LS03FA,GB,Currys,https://www.currys.co.uk/products/samsung-the-frame-2025-55-qled-4k-art-mode-smart-ai-tv-with-slim-fit-wall-mount-qe55ls03fa-10282605.html,false
LG,32LQ6300,GB,Currys,https://www.currys.co.uk/products/lg-32lq63006la-32-smart-full-hd-hdr-led-tv-10235449.html,false
Samsung,50Q8F,GB,Currys,https://www.currys.co.uk/products/samsung-q8f-50-qled-4k-vision-ai-smart-tv-2025-qe50q8f-10283603.html,false
Samsung,55Q8F,GB,Currys,https://www.currys.co.uk/products/samsung-q8f-55-qled-4k-vision-ai-smart-tv-2025-qe55q8f-10282628.html,false
TCL,75P8K,GB,Currys,https://www.currys.co.uk/products/tcl-75p8k-75-smart-4k-ultra-hd-hdr-qled-tv-10277192.html,false
Samsung,77S85F,GB,Currys,https://www.currys.co.uk/products/samsung-s85f-77-oled-4k-vision-ai-smart-tv-2025-qe77s85f-10282688.html,false
LG,65G2,GB,Currys,https://www.currys.co.uk/products/lg-oled65g26la-65-smart-4k-ultra-hd-hdr-oled-tv-with-google-assistant-and-amazon-alexa-10237057.html,false
LG,55B6,GB,Currys,https://www.currys.co.uk/products/lg-b6-55-oled-ai-4k-hdr-smart-tv-2026-oled55b6elc-10301907.html,false
Samsung,65QN85F,GB,Currys,https://www.currys.co.uk/products/samsung-qn85f-65-neo-qled-4k-mini-led-vision-ai-smart-tv-2025-qe65qn85f-10283613.html,false
Samsung,50LS01D,GB,Currys,https://www.currys.co.uk/products/samsung-the-serif-qe50ls01dauxxu-50-smart-4k-ultra-hd-hdr-qled-tv-with-bixby-and-amazon-alexa-cloud-white-10265130.html,false
Samsung,65LS01D,GB,Currys,https://www.currys.co.uk/products/samsung-the-serif-qe65ls01dauxxu-65-smart-4k-ultra-hd-hdr-qled-tv-with-bixby-and-amazon-alexa-cloud-white-10264126.html,false
LG,100QNED85A,FR,Boulanger,https://www.boulanger.com/ref/1220748,false
LG,65G5,FR,Boulanger,https://www.boulanger.com/ref/1220582,true
LG,28TN515S,FR,Boulanger,https://www.boulanger.com/ref/1156166,false
LG,86UR78,FR,Boulanger,https://www.boulanger.com/ref/1190263,false
Hisense,58E7Q,FR,Boulanger,https://www.boulanger.com/ref/1222697,false
Samsung,85U8005F,GB,Currys,https://www.currys.co.uk/products/samsung-u8000f-85-crystal-uhd-4k-hdr-smart-tv-2025-ue85u8000f-10282771.html,false
LG,77C5,GB,Currys,https://www.currys.co.uk/products/lg-c5-77-oled-evo-ai-4k-hdr-smart-tv-2025-oled77c54la-10281779.html,false
TCL,55P7K,GB,Currys,https://www.currys.co.uk/products/tcl-55p7k-55-smart-4k-ultra-hd-hdr-qled-tv-10275952.html,false
Sony,65XR90PU,GB,Currys,https://www.currys.co.uk/products/sony-bravia-9-65-qled-xr-mini-led-4k-hdr-smart-tv-k65xr90pu-10272015.html,false
Samsung,77S85H,GB,Currys,https://www.currys.co.uk/products/samsung-s85h-77-oled-glare-free-4k-vision-ai-smart-tv-2026-qe77s85h-10303260.html,false
Samsung,83S85H,GB,Currys,https://www.currys.co.uk/products/samsung-s85h-83-oled-glare-free-4k-vision-ai-smart-tv-2026-qe83s85h-10303352.html,false
Samsung,55S85H,GB,Currys,https://www.currys.co.uk/products/samsung-s85h-55-oled-glare-free-4k-vision-ai-smart-tv-2026-qe55s85h-10303228.html,false
Samsung,48S85H,GB,Currys,https://www.currys.co.uk/products/samsung-s85h-48-oled-glare-free-4k-vision-ai-smart-tv-2026-qe48s85h-10303286.html,false
Samsung,65S85H,GB,Currys,https://www.currys.co.uk/products/samsung-s85h-65-oled-glare-free-4k-vision-ai-smart-tv-2026-qe65s85h-10303290.html,false
Samsung,55QN90F,GB,Currys,https://www.currys.co.uk/products/samsung-qn90f-55-neo-qled-4k-mini-led-vision-ai-smart-tv-2025-qe55qn90f-10282683.html,false
Samsung,55S95F,GB,Currys,https://www.currys.co.uk/products/samsung-s95f-55-oled-glare-free-4k-vision-ai-smart-tv-2025-qe55s95f-10282689.html,false
LG,65C5,GB,Currys,https://www.currys.co.uk/products/lg-c5-65-oled-evo-ai-4k-hdr-smart-tv-2025-oled65c56lb-10281775.html,false
LG,83C5,GB,Currys,https://www.currys.co.uk/products/lg-c5-83-oled-evo-ai-4k-hdr-smart-tv-2025-oled83c54la-10282101.html,false
Samsung,85QN70F,GB,Currys,https://www.currys.co.uk/products/samsung-qn70f-85-neo-qled-4k-mini-led-vision-ai-smart-tv-2025-qe85qn70f-10282611.html,false
LG,65NANO80A6B,GB,Currys,https://www.currys.co.uk/products/lg-nano80-65-nanocell-ai-4k-hdr-smart-tv-2025-65nano80a6b-10282090.html,false
Samsung,115MR95F,FR,Boulanger,https://www.boulanger.com/ref/1228825,false
Samsung,55QN90F,FR,Boulanger,https://www.boulanger.com/ref/1221660,false
Samsung,65S85F,FR,Boulanger,https://www.boulanger.com/ref/1222782,false
Samsung,77S95F,FR,Boulanger,https://www.boulanger.com/ref/1221657,false
Samsung,43QN90C,FR,Boulanger,https://www.boulanger.com/ref/1188970,false
Samsung,55QN95C,FR,Boulanger,https://www.boulanger.com/ref/1189039,false
Samsung,65QN90F,FR,Boulanger,https://www.boulanger.com/ref/1221605,false
Samsung,98QN90D,FR,Boulanger,https://www.boulanger.com/ref/1204039,false
TCL,75C9K,FR,Boulanger,https://www.boulanger.com/ref/1221064,false
Hisense,100U7QPRO,FR,Boulanger,https://www.boulanger.com/ref/1222711,true
Hisense,65U7QPRO,FR,Boulanger,https://www.boulanger.com/ref/1222752,false
LG,50UA7300,GB,Currys,https://www.currys.co.uk/products/lg-ua73-50-led-4k-hdr-smart-tv-2025-50ua73006la-10282139.html,false
TCL,50PF650K,GB,Currys,https://www.currys.co.uk/products/tcl-50pf650k-fire-tv-50-smart-4k-ultra-hd-hdr-led-tv-with-amazon-alexa-10268445.html,false
Samsung,85QN90F,GB,Currys,https://www.currys.co.uk/products/samsung-qn90f-85-neo-qled-4k-mini-led-vision-ai-smart-tv-2025-qe85qn90f-10282645.html,false
TCL,55A400M,GB,Currys,https://www.currys.co.uk/products/tcl-a400m-55-premium-qdmini-led-4k-hdr-smart-google-tv-2026-55a400muk-10304146.html,false
Samsung,48S90F,GB,Currys,https://www.currys.co.uk/products/samsung-s90f-48-oled-4k-vision-ai-smart-tv-2025-qe48s90f-10288298.html,false
LG,55C5,GB,Currys,https://www.currys.co.uk/products/lg-c5-55-oled-evo-ai-4k-hdr-smart-tv-2025-oled55c56lb-10281769.html,false
Samsung,55QN85F,GB,Currys,https://www.currys.co.uk/products/samsung-qn85f-55-neo-qled-4k-mini-led-vision-ai-smart-tv-2025-qe55qn85f-10283605.html,false
Samsung,98DU9000,FR,Boulanger,https://www.boulanger.com/ref/1206835,false
Samsung,55S85D,FR,Boulanger,https://www.boulanger.com/ref/1208620,false
TCL,85C8K,FR,Boulanger,https://www.boulanger.com/ref/1221060,false
TCL,75C6K,FR,Boulanger,https://www.boulanger.com/ref/1218994,false
TCL,85P8K,FR,Boulanger,https://www.boulanger.com/ref/1218990,false
Hisense,32A49Q,FR,Boulanger,https://www.boulanger.com/ref/1222712,false
Sony,55BRAVIA5,FR,Boulanger,https://www.boulanger.com/ref/1221963,false
TCL,75P6K,FR,Boulanger,https://www.boulanger.com/ref/1224198,false
Hisense,43A7Q,FR,Boulanger,https://www.boulanger.com/ref/1222719,false
Hisense,65U7NQ,FR,Boulanger,https://www.boulanger.com/ref/1208999,false
Sony,55BRAVIA8,FR,Boulanger,https://www.boulanger.com/ref/1221968,true
Sony,65BRAVIA8,FR,Boulanger,https://www.boulanger.com/ref/1221969,true
Sony,85BRAVIA5,FR,Boulanger,https://www.boulanger.com/ref/1221966,true
Sony,55BRAVIA8,FR,Boulanger,https://www.boulanger.com/ref/1227653,true
Sony,75BRAVIA9II,FR,Boulanger,https://www.boulanger.com/ref/1241554,true
Sony,50BRAVIA3,FR,Boulanger,https://www.boulanger.com/ref/1222024,true
Sony,55BRAVIA7II,FR,Boulanger,https://www.boulanger.com/ref/1241540,true
Sony,98BRAVIA5,FR,Boulanger,https://www.boulanger.com/ref/1221967,true
Sony,65BRAVIA9II,FR,Boulanger,https://www.boulanger.com/ref/1241553,true
Sony,55BRAVIA3,FR,Boulanger,https://www.boulanger.com/ref/1222025,true
Sony,75BRAVIA3,FR,Boulanger,https://www.boulanger.com/ref/1222029,true
Sony,43BRAVIA3II,FR,Boulanger,https://www.boulanger.com/ref/1241938,true
Sony,65BRAVIA8,FR,Boulanger,https://www.boulanger.com/ref/1227654,true
Sony,65BRAVIA3,FR,Boulanger,https://www.boulanger.com/ref/1222028,true
Sony,43BRAVIA2II,FR,Boulanger,https://www.boulanger.com/ref/1241536,true
Sony,50BRAVIA2II,FR,Boulanger,https://www.boulanger.com/ref/1241537,true
Sony,55BRAVIA2II,FR,Boulanger,https://www.boulanger.com/ref/1241538,true
Sony,50BRAVIA3II,FR,Boulanger,https://www.boulanger.com/ref/1241940,true
Sony,55BRAVIA3II,FR,Boulanger,https://www.boulanger.com/ref/1241951,true
Sony,65BRAVIA3II,FR,Boulanger,https://www.boulanger.com/ref/1241953,true
Sony,75BRAVIA3II,FR,Boulanger,https://www.boulanger.com/ref/1241952,true
Sony,85BRAVIA3,FR,Boulanger,https://www.boulanger.com/ref/1222030,true
Sony,65BRAVIA7II,FR,Boulanger,https://www.boulanger.com/ref/1241551,true
Sony,85BRAVIA3II,FR,Boulanger,https://www.boulanger.com/ref/1242983,true
Sony,100BRAVIA3II,FR,Boulanger,https://www.boulanger.com/ref/1241954,true
Sony,75BRAVIA7II,FR,Boulanger,https://www.boulanger.com/ref/1242053,true
Sony,85BRAVIA7II,FR,Boulanger,https://www.boulanger.com/ref/1242054,true
Sony,85BRAVIA9II,FR,Boulanger,https://www.boulanger.com/ref/1242056,true
Sony,98BRAVIA7II,FR,Boulanger,https://www.boulanger.com/ref/1242055,true
Sony,115BRAVIA9II,FR,Boulanger,https://www.boulanger.com/ref/1242057,true
Sony,77BRAVIA8,FR,Boulanger,https://www.boulanger.com/ref/1227655,true
Sony,65BRAVIA5,FR,Boulanger,https://www.boulanger.com/ref/1221964,true
Sony,65BRAVIA8,FR,Boulanger,https://www.boulanger.com/ref/1206127,true
Sony,55BRAVIA8,FR,Boulanger,https://www.boulanger.com/ref/1206126,true
Sony,75BRAVIA5,FR,Boulanger,https://www.boulanger.com/ref/1221965,true
Samsung,75QN900F,FR,Boulanger,https://www.boulanger.com/ref/1221611,false
Samsung,65QN990F,FR,Boulanger,https://www.boulanger.com/ref/1221613,false
TCL,40S5K,FR,Boulanger,https://www.boulanger.com/ref/1224193,false
Samsung,65S95F,GB,Currys,https://www.currys.co.uk/products/samsung-s95f-65-oled-glare-free-4k-vision-ai-smart-tv-2025-qe65s95f-10282705.html,false
LG,75QNED9MA,GB,Currys,https://www.currys.co.uk/products/lg-qned9ma-75-qned-evo-ai-mini-led-4k-hdr-true-wireless-smart-tv-2025-75qned9ma6b-10282153.html,false
Samsung,50Q7F,GB,Currys,https://www.currys.co.uk/products/samsung-q7f-50-qled-4k-vision-ai-smart-tv-2025-qe50q7f-10282619.html,false
LG,32LQ630B,GB,Currys,https://www.currys.co.uk/products/lg-32lq630b6la-32-smart-hd-ready-hdr-led-tv-10235448.html,false
LG,43QNED85A,GB,Currys,https://www.currys.co.uk/products/lg-qned86-43-qned-evo-ai-mini-led-4k-hdr-smart-tv-2025-43qned86a6c-10281536.html,false
Samsung,83S95F,GB,Currys,https://www.currys.co.uk/products/samsung-s95f-83-oled-glare-free-4k-vision-ai-smart-tv-2025-qe83s95f-10284597.html,false
Samsung,75QN900F,GB,Currys,https://www.currys.co.uk/products/samsung-qn900f-75-neo-qled-8k-mini-led-vision-ai-smart-tv-2025-qe75qn900f-10282692.html,false
LG,50NANO80A6B,GB,Currys,https://www.currys.co.uk/products/lg-nano80-50-nanocell-ai-4k-hdr-smart-tv-2025-50nano80a6b-10282092.html,false
TCL,50C6KS,GB,Currys,https://www.currys.co.uk/products/tcl-c6ks-50-qdmini-led-4k-hdr-smart-google-tv-50c6ks-10281825.html,false
Samsung,77S95F,GB,Currys,https://www.currys.co.uk/products/samsung-s95f-77-oled-glare-free-4k-vision-ai-smart-tv-2025-qe77s95f-10282658.html,false
LG,75NANO80A6B,GB,Currys,https://www.currys.co.uk/products/lg-nano80-75-nanocell-ai-4k-hdr-smart-tv-2025-75nano80a6b-10282136.html,false
Samsung,75QN85F,GB,Currys,https://www.currys.co.uk/products/samsung-qn85f-75-neo-qled-4k-mini-led-vision-ai-smart-tv-2025-qe75qn85f-10283599.html,false
LG,75QNED85A,GB,Currys,https://www.currys.co.uk/products/lg-qned86-75-qned-evo-ai-mini-led-4k-hdr-smart-tv-2025-75qned86a6a-10281770.html,false
