brand_raw,raw_text,url,size_hint_inch,price_hint_eur,price_local,currency,price_eur,platform,country,scraped_at,asin,elkjop_sku,model_year,filter_year,source_brand,fx_rate_date
Samsung,"Samsung Crystal UHD 4K Smart TV 55'' UE55U8090FUXZT, Crystal 4K Processor, HDR, Smart Experience, OTS Lite & Adaptive Soun...",https://www.amazon.it/dp/B0F4SMDPLN,55.0,369.0,369.0,EUR,369.0,Amazon,IT,2026-09-26T09:26:12Z,B0F4SMDPLN,,,,,
Samsung,"Samsung Smart TV 40'' UE40F6000FUXZT FHD, Hyper Real Processor, HDR & Pur Color, Smart Experience, OTS Lite & Adaptive Sou...",https://www.amazon.it/dp/B0DF6NQWTW,40.0,,,,,Amazon,IT,2026-09-26T09:26:12Z,B0DF6NQWTW,,,,,
Samsung,"Samsung Full HD Smart TV 27'' UE27F6000FUXZT, Hyper Real Processor, HDR & Pur Color, Smart Experience, OTS Lite & Adaptive...",https://www.amazon.it/dp/B0F7LLQRKX,27.0,179.49,179.49,EUR,179.49,Amazon,IT,2026-09-26T09:26:12Z,B0F7LLQRKX,,,,,
Samsung,"Samsung Crystal UHD 4K Smart TV 43'' UE43U8090FUXZT, Crystal 4K Processor, HDR, Smart Experience, OTS Lite & Adaptive Soun...",https://www.amazon.it/dp/B0F4TFS88H,43.0,299.0,299.0,EUR,299.0,Amazon,IT,2026-09-26T09:26:12Z,B0F4TFS88H,,,,,
Samsung,"Samsung Full HD Smart TV 32'' UE32F6000FUXZT FHD, Hyper Real Processor, HDR & Pur Color, Smart Experience, OTS Lite & Adap...",https://www.amazon.it/dp/B0F7LK6NJ8,32.0,219.49,219.49,EUR,219.49,Amazon,IT,2026-09-26T09:26:12Z,B0F7LK6NJ8,,,,,
Samsung,"Samsung QLED 4K Vision AI Smart TV 43'' QE43Q7F4AUXZT QLED 4K, Q4 Processor, 100% Volume Colore con Quantum Dot, Motion Xc...",https://www.amazon.it/dp/B0F4T3L594,43.0,332.46,332.46,EUR,332.46,Amazon,IT,2026-09-26T09:26:12Z,B0F4T3L594,,,,,
Samsung,"Samsung QLED 4K Vision AI Smart TV 55'' QE55Q7F4AUXZT, Q4 Processor, 100% Volume Colore con Quantum Dot, Motion Xcelerato...",https://www.amazon.it/dp/B0F4TF52FV,55.0,429.0,429.0,EUR,429.0,Amazon,IT,2026-09-26T09:26:12Z,B0F4TF52FV,,,,,
Samsung,"Samsung HD Smart TV 32'' UE32H5000FKXZT HD, Hyper Real Processor, HDR & Pur Color, Smart Experience, OTS Lite & Adaptive S...",https://www.amazon.it/dp/B0DF6NHYS6,32.0,199.0,199.0,EUR,199.0,Amazon,IT,2026-09-26T09:26:12Z,B0DF6NHYS6,,,,,
Samsung,"Samsung Crystal UHD 4K Smart TV 43'' UE43U7000FUXZT, Crystal 4K Processor, HDR, Smart Experience, OTS Lite & Adaptive Soun...",https://www.amazon.it/dp/B0F4T2KFZM,43.0,299.0,299.0,EUR,299.0,Amazon,IT,2026-09-26T09:26:12Z,B0F4T2KFZM,,,,,
Samsung,"Samsung Neo QLED 4K Vision AI Smart TV 65'' QE65QN74FATXZT Mini LED, NQ4 AI Gen2 Processor, 4K AI Upscaling, Motion Xceler...",https://www.amazon.it/dp/B0F4STTBBR,65.0,778.0,778.0,EUR,778.0,Amazon,IT,2026-09-26T09:26:12Z,B0F4STTBBR,,,,,
Samsung,"Samsung Smart TV 50"" UE50U8090HUXZT Crystal UHD, Crystal 4K Processor, HDR10+, PurColor, Motion Xcelerator, Dynamic Sound ...",https://www.amazon.it/dp/B0GZL6KZ7J,50.0,369.0,369.0,EUR,369.0,Amazon,IT,2026-09-26T09:26:12Z,B0GZL6KZ7J,,,,,
Samsung,"Samsung 50"" UE50M72HAUXZT Mini LED 4K Smart TV Vision AI 2026 | HDR 10+, Dynamic Sound Pack, Gaming Hub, Pure Spectrum Col...",https://www.amazon.it/dp/B0GX1TF3QW,50.0,449.9,449.9,EUR,449.9,Amazon,IT,2026-09-26T09:26:12Z,B0GX1TF3QW,,,,,
Samsung,"Samsung QLED 4K Vision AI Smart TV 55'' QE55Q7F5AUXZT, Q4 AI Processor, Upscaling, 100% di Volume Colore con Quantum Dot, ...",https://www.amazon.it/dp/B0F7LJZCDT,55.0,449.0,449.0,EUR,449.0,Amazon,IT,2026-09-26T09:26:12Z,B0F7LJZCDT,,,,,
Samsung,"Samsung OLED 4K Vision AI Smart TV 55'' QE55S94FAEXZT OLED 4K, NQ4 AI Gen3 Processor, 4K AI Upscaling Pro, Motion Xcelerat...",https://www.amazon.it/dp/B0F4T42MF6,55.0,899.0,899.0,EUR,899.0,Amazon,IT,2026-09-26T09:26:12Z,B0F4T42MF6,,,,,
Samsung,"Samsung 55"" UE55M80HAUXZT Mini LED 4K 144 Hz Smart TV Vision AI 2026 | HDR 10+, Motion Xcelerator 144Hz, Adpative Sound+, ...",https://www.amazon.it/dp/B0GX1JTQZM,55.0,519.9,519.9,EUR,519.9,Amazon,IT,2026-09-26T09:26:12Z,B0GX1JTQZM,,,,,
Samsung,"Samsung 55"" QE55QN72HAUXZT NeoQLED 4K QD Mini LED Smart TV Vision AI 2026 | NQ4 AI Processor, Real QLED 100% Colour Volum...",https://www.amazon.it/dp/B0H26TC55Q,55.0,749.0,749.0,EUR,749.0,Amazon,IT,2026-09-26T09:26:12Z,B0H26TC55Q,,,,,
Samsung,"Samsung Business TV Serie BEF-H da 50"", UHD 3840x2160 con Funzionalità HDR10+, Tizen, HDMI, USB, Bluetooth, WiFi, Accesso ...",https://www.amazon.it/dp/B0GBYXR1RS,50.0,299.9,299.9,EUR,299.9,Amazon,IT,2026-09-26T09:26:12Z,B0GBYXR1RS,,,,,
Samsung,"Samsung Lifestyle TV QE32LS03CBUXZT The Frame QLED Full HD, Smart TV 32"" Matte Display, Art Mode, OTS Lite, Integrato con ...",https://www.amazon.it/dp/B0BWFPKGMZ,32.0,293.94,293.94,EUR,293.94,Amazon,IT,2026-09-26T09:26:12Z,B0BWFPKGMZ,,,,,
Samsung,"Samsung 32"" QE32Q5FAAUXZT Real QLED 4K Slim Look Design Smart TV Vision AI | Full HD, Real QLED, Quantum HDR, Contrast Enh...",https://www.amazon.it/dp/B0GWN3FQZ4,32.0,329.0,329.0,EUR,329.0,Amazon,IT,2026-09-26T09:26:12Z,B0GWN3FQZ4,,,,,
Samsung,Samsung QE32Q5FAAUXZT - Smart TV 32 Pollici Full HD QLED DVB-T2 CI+ HbbTV Classe Energetica F,https://www.amazon.it/dp/B0H4MHNH14,32.0,269.0,269.0,EUR,269.0,Amazon,IT,2026-09-26T09:26:12Z,B0H4MHNH14,,,,,
Samsung,"Samsung Vision AI Smart TV 75'' QE75QN70FAUTXZT Neo QLED 4K Mini LED, NQ4 AI Gen2 Processor, Quantum Matrix Slim, AI Custo...",https://www.amazon.it/dp/B0GV49FKP2,75.0,999.0,999.0,EUR,999.0,Amazon,IT,2026-09-26T09:26:12Z,B0GV49FKP2,,,,,
Samsung,"Samsung OLED 4K Vision AI Smart TV 77'' QE77S85FAEXZT, NQ4 AI Gen2 Processor,AI Upscaling, Glare Free, Dolby Atmos & OTS L...",https://www.amazon.it/dp/B0F7LJQJ3X,77.0,1599.0,1599.0,EUR,1599.0,Amazon,IT,2026-09-26T09:26:12Z,B0F7LJQJ3X,,,,,
Samsung,"SAMSUNG TELEVISOR UE55AU7172U 55"" CRYSTAL UHD 4K WIFI SMART GRIS HDMI USB",https://www.amazon.it/dp/B0992PVBG9,55.0,369.0,369.0,EUR,369.0,Amazon,IT,2026-09-26T09:26:12Z,B0992PVBG9,,,,,
Samsung,"Samsung Smart TV 43"" QE43Q64DAUXZT QLED 4K Upscaling, Processore Quantum 4K Lite, AirSlim Design, DVBT-2, Q-Symphony & OTS...",https://www.amazon.it/dp/B0D2DV159J,43.0,341.24,341.24,EUR,341.24,Amazon,IT,2026-09-26T09:26:12Z,B0D2DV159J,,,,,
Samsung,"Samsung TV UE98DU9070UXZT LED 4K, Smart TV 98"" Crystal Processor 4K, Slim Look, DVBT-2, Q-Symphony & OTS Lite, compatibile...",https://www.amazon.it/dp/B0D2DXXFRW,98.0,1399.0,1399.0,EUR,1399.0,Amazon,IT,2026-09-26T09:26:12Z,B0D2DXXFRW,,,,,
Xiaomi,"XIAOMI TV F 65 2025, 65 pollici (165 cm),4K UHD,Smart TV, Fire TV,Triple Tuner DVB-C/S/S2/T/T2, HDR10,MEMC, Modalità Game ...",https://www.amazon.it/dp/B0F457MQCQ,65.0,399.0,399.0,EUR,399.0,Amazon,IT,2026-09-26T09:26:12Z,B0F457MQCQ,,,,,
Samsung,"Samsung Smart TV 50'' QE50QN83FAUXZT Neo QLED 4K Mini LED, NQ4 AI Gen2 Processor, 4K AI Upscaling, AI Customization Mode, ...",https://www.amazon.it/dp/B0F4STPQMF,50.0,549.0,549.0,EUR,549.0,Amazon,IT,2026-09-26T09:26:12Z,B0F4STPQMF,,,,,
Samsung,"Samsung TV UE55DU7170UXZT LED 4K, Smart TV 55"" Crystal Processor 4K, Slim Look, DVBT-2, Q-Symphony & OTS Lite, Integrato c...",https://www.amazon.it/dp/B0D17TTDJ5,55.0,369.0,369.0,EUR,369.0,Amazon,IT,2026-09-26T09:26:12Z,B0D17TTDJ5,,,,,
Samsung,"Samsung QLED 4K Vision AI Smart TV 55'' QE55Q6FAAUXZT, Q4 Lite Processor, 4K AI Upscaling, Art Store, OTS Lite & Adaptive ...",https://www.amazon.it/dp/B0FXGJKMQQ,55.0,449.0,449.0,EUR,449.0,Amazon,IT,2026-09-26T09:26:12Z,B0FXGJKMQQ,,,,,
Samsung,"Samsung OLED 4K Vision AI Smart TV 55'' QE55S95FATXZT, NQ4 AI Gen4 Processor, 4K AI Upscaling, Glare Free, Dolby Atmos & O...",https://www.amazon.it/dp/B0F7LP3VBR,55.0,1274.0,1274.0,EUR,1274.0,Amazon,IT,2026-09-26T09:26:12Z,B0F7LP3VBR,,,,,
Samsung,"Samsung 55"" QE55S95HFTXZT OLED 4K Real Black&Color Smart TV Vision AI 2026 | Motion Xcelerator 165 Hz, Ultimate Gaming Pac...",https://www.amazon.it/dp/B0GWN8TMSL,55.0,1799.0,1799.0,EUR,1799.0,Amazon,IT,2026-09-26T09:26:12Z,B0GWN8TMSL,,,,,
Samsung,"Samsung 50"" QE50QN82HAUXZT Neo QLED 4K QD Mini LED Smart TV Vision AI 2026 | NQ AI Gen2 Processor, Quantum Mini LED, NQ HD...",https://www.amazon.it/dp/B0H26W4RZH,50.0,699.0,699.0,EUR,699.0,Amazon,IT,2026-09-26T09:26:12Z,B0H26W4RZH,,,,,
Samsung,"Samsung 43"" QE43LS03HEUXZT The FramePro Neo QLED 4K Glare Free ArtMode 2026 | Modern Frame Design, Built-in solution, Dolb...",https://www.amazon.it/dp/B0GWDKM28W,43.0,799.0,799.0,EUR,799.0,Amazon,IT,2026-09-26T09:26:12Z,B0GWDKM28W,,,,,
Samsung,"Cello C1926TZH Smart TV 19"" con Tizen OS di Samsung, Gaming Hub, altoparlanti Pitch Perfect, Bluetooth, triplo sintonizzat...",https://www.amazon.it/dp/B0GJLXCQPN,19.0,189.99,189.99,EUR,189.99,Amazon,IT,2026-09-26T09:26:12Z,B0GJLXCQPN,,,,,
Samsung,Samsung UE43M70HAUXZT - Smart TV 43 Pollici 4K 3840 x 2160 LED DVB-T2 Wifi Nero Classe Energetica F,https://www.amazon.it/dp/B0H4MN7GTY,43.0,389.14,389.14,EUR,389.14,Amazon,IT,2026-09-26T09:26:12Z,B0H4MN7GTY,,,,,
Samsung,"Samsung 50"" UE50U9000HUXZT Crystal UHD 4K 144Hz, Smart TV Vision AI 2026 | Crystal 4K Processor, HDR10+, PurColor, Motion ...",https://www.amazon.it/dp/B0GZL5XHZ6,50.0,379.0,379.0,EUR,379.0,Amazon,IT,2026-09-26T09:26:12Z,B0GZL5XHZ6,,,,,
Panasonic,"Panasonic TB-24S40AEZC, 24 pollici televisore LED HD, TiVo | Controllo Vocale Google e Alexa, Game Mode, Media Player, HD...",https://www.amazon.it/dp/B0H2MQLH8S,24.0,179.0,179.0,EUR,179.0,Amazon,IT,2026-09-26T09:26:12Z,B0H2MQLH8S,,,,,
Samsung,"Samsung Smart TV 55'' QE55QN94FATXZT Neo QLED 4K Mini LED, NQ4 AI Gen3 Processor, 4K AI Upscaling Pro, Glare Free, Motion ...",https://www.amazon.it/dp/B0F4SHZDF2,55.0,,,,,Amazon,IT,2026-09-26T09:26:12Z,B0F4SHZDF2,,,,,
Samsung,"Cello C2226TZH TV LED Smart da 22"" senza cornice con Tizen OS di Samsung, Gaming Hub, altoparlanti Pitch Perfect, ideale p...",https://www.amazon.it/dp/B0GHRK4X1B,22.0,189.99,189.99,EUR,189.99,Amazon,IT,2026-09-26T09:26:12Z,B0GHRK4X1B,,,,,
Samsung,"Samsung Neo QLED 4K QN70F 55"" Mini TV LED, processore NQ4 AI Gen2, Quantum Matrix Technology Slim, Motion Xcelerator 144H...",https://www.amazon.it/dp/B0FM8TDCTT,55.0,541.91,541.91,EUR,541.91,Amazon,IT,2026-09-26T09:26:12Z,B0FM8TDCTT,,,,,
Samsung,"Samsung Mini TV LED M70H 4K 55 pollici UHD, mini processore LED 4K, AI Companion per domande, Pure Spectrum Color, Dynamic...",https://www.amazon.it/dp/B0H335DMZZ,55.0,373.61,373.61,EUR,373.61,Amazon,IT,2026-09-26T09:26:12Z,B0H335DMZZ,,,,,
TCL,"TCL 55V6C – Smart TV 4K HDR Direct LED da 55"", Google TV con Dolby Audio | Game Master, Motion Clarity, Google Assistant, ...",https://www.amazon.it/dp/B0DV94JCVX,55.0,329.9,329.9,EUR,329.9,Amazon,IT,2026-09-26T09:26:12Z,B0DV94JCVX,,,,,
Samsung,"Samsung Smart TV 43"" UE43DU7170UXZT, Crystal 4K UHD, 4K Upscaling, Slim Look, DVBT-2, Q-Symphony & OTS Lite, Integrato con...",https://www.amazon.it/dp/B0D2DS47KW,43.0,344.58,344.58,EUR,344.58,Amazon,IT,2026-09-26T09:26:12Z,B0D2DS47KW,,,,,
Samsung,Samsung UE65U8000HUXZT - Smart TV 65 Pollici 4K LED DVB-T2 Wifi HbbTV Nero Classe Energetica F,https://www.amazon.it/dp/B0H4MKGH99,65.0,495.03,495.03,EUR,495.03,Amazon,IT,2026-09-26T09:26:12Z,B0H4MKGH99,,,,,
Samsung,"Samsung 48"" QE48S83HAEXZT OLED 4K AI Football Mode Smart TV Vision AI 2026 | NQ4 AI Gen2 Processor, OLED HDR, Motion Xcele...",https://www.amazon.it/dp/B0GXWHDT97,48.0,899.0,899.0,EUR,899.0,Amazon,IT,2026-09-26T09:26:12Z,B0GXWHDT97,,,,,
Samsung,"Samsung Smart TV 55"" S90F OLED QE55S90FAEXZT 4K Vision AI, DVB-T2, Wi-Fi, Nero",https://www.amazon.it/dp/B0FM4C699L,55.0,886.62,886.62,EUR,886.62,Amazon,IT,2026-09-26T09:26:12Z,B0FM4C699L,,,,,
Samsung,"Samsung TV N4300 Smart Tv 24”, Hd, Wi-Fi, 2020, Nero",https://www.amazon.it/dp/B086R1XMKR,24.0,259.0,259.0,EUR,259.0,Amazon,IT,2026-09-26T09:26:12Z,B086R1XMKR,,,,,
Samsung,"Samsung 65"" QE65S92HAEXZT OLED 4K LaserSlim Design Smart TV Vision AI 2026 | NQ4 AI Gen 3 Processor, HDR 10+, Motion Xcele...",https://www.amazon.it/dp/B0GWMYLNDK,65.0,1999.0,1999.0,EUR,1999.0,Amazon,IT,2026-09-26T09:26:12Z,B0GWMYLNDK,,,,,
Panasonic,"Panasonic TV-32S50AEZC, 32 pollici televisore TV LED HD TV, Fire TV | HD Colour Engine, HDR, Alexa Voice Control, Game Mod...",https://www.amazon.it/dp/B0H2MTB4V6,32.0,249.0,249.0,EUR,249.0,Amazon,IT,2026-09-26T09:26:12Z,B0H2MTB4V6,,,,,
Samsung,"Samsung 55"" MRE55R85HATXZT Micro RGB 4K Glare Free Smart TV Vision AI 2026 | Micro RGB Precision Color, HDR10+, Motion Xce...",https://www.amazon.it/dp/B0GXWJM7QQ,55.0,1099.0,1099.0,EUR,1099.0,Amazon,IT,2026-09-26T09:26:12Z,B0GXWJM7QQ,,,,,
Samsung,"Samsung Series 4 UE32T4302AE 81,3 cm (32"") HD Smart TV Wifi Noir",https://www.amazon.it/dp/B0C277D7N8,32.0,209.9,209.9,EUR,209.9,Amazon,IT,2026-09-26T09:26:12Z,B0C277D7N8,,,,,
Samsung,"SAMSUNG UE43U8072FUXXH 109,2 cm (43"") 4K Ultra HD Smart TV Wi-Fi Nero [Versione Ungherese]",https://www.amazon.it/dp/B0FLDQF3Y7,43.0,311.14,311.14,EUR,311.14,Amazon,IT,2026-09-26T09:26:12Z,B0FLDQF3Y7,,,,,
Samsung,"Samsung Smart TV QE65QN85F, 65 Pollici, 4K Ultra HD, HDR 10+, AMD FreeSync, Modello 2025 [Versione Ungherese]",https://www.amazon.it/dp/B0FND6LTR5,65.0,949.0,949.0,EUR,949.0,Amazon,IT,2026-09-26T09:26:12Z,B0FND6LTR5,,,,,
Samsung,Samsung QE43QN70HAUXZT - Smart TV 43 Pollici 4K Neo QLED Bluetooth DVB-T2 HbbTV 2.0.4 Nero Classe Energetico F,https://www.amazon.it/dp/B0H838M9K6,43.0,499.0,499.0,EUR,499.0,Amazon,IT,2026-09-26T09:26:12Z,B0H838M9K6,,,,,
Samsung,"Samsung QLED Q8F 4K Smart TV 55 pollici con visione AI, volume di colore 100% con processore Quantum Dot, HDR10+, Q4 AI, O...",https://www.amazon.it/dp/B0FM989471,55.0,,,,,Amazon,IT,2026-09-26T09:26:12Z,B0FM989471,,,,,
Samsung,"Samsung TV UE32T5372CDXZT Full HD, Smart TV 32"" HDR, Purcolor, WiFi, Slim Design, Integrato con Bixby e Alexa compatibile ...",https://www.amazon.it/dp/B0BWFP79TV,32.0,,,,,Amazon,IT,2026-09-26T09:26:12Z,B0BWFP79TV,,,,,
Samsung,"SAMSUNG UE50U8072FUXXH 127 cm (50"") 4K Ultra HD Smart TV Wi-Fi Nero [Versione Ungherese]",https://www.amazon.it/dp/B0FMF8VJB1,50.0,335.99,335.99,EUR,335.99,Amazon,IT,2026-09-26T09:26:12Z,B0FMF8VJB1,,,,,
Samsung,"Samsung Smart TV 50"" UE50M61HAUXXE Mini LED Full HD, 2026 | Pure Spectrum Color, Dynamic Sound Pack, Samsung TV Plus, Mini...",https://www.amazon.it/dp/B0HF5M1425,50.0,499.0,499.0,EUR,499.0,Amazon,IT,2026-09-26T09:26:12Z,B0HF5M1425,,,,,
Samsung,"Samsung TV LED 55"" QE55Q7FAAUXXH Ultra HD 4K QLED Smart TV WiFi DVB-T2 [Versione Ungherese]",https://www.amazon.it/dp/B0FHX2NJ9Y,55.0,,,,,Amazon,IT,2026-09-26T09:26:12Z,B0FHX2NJ9Y,,,,,
Samsung,"Samsung TV UE43CU8070UXZT Crystal UHD 4K, Smart TV 43"" Processore Crystal 4K, HDR, Adaptive Sound, AirSlim Design, Integra...",https://www.amazon.it/dp/B0BWFNS2NS,43.0,,,,,Amazon,IT,2026-09-26T09:26:12Z,B0BWFNS2NS,,,,,
Panasonic,"Panasonic TV-40S55AEZ, Serie S55 40 pollici Smart TV LED Full HD, 2024, Fire TV, HD Colour Engine, HDR, Alexa Voice Contro...",https://www.amazon.it/dp/B0H2MJG3K9,40.0,246.54,246.54,EUR,246.54,Amazon,IT,2026-09-26T09:26:12Z,B0H2MJG3K9,,,,,
Samsung,"Samsung Neo QLED 8K Vision AI Smart TV 65'' QE65QN900FTXZT Mini LED, NQ8 AI Gen3 Processor, 8K AI Upscaling, Glare Free, D...",https://www.amazon.it/dp/B0F7LLX6G2,65.0,1799.0,1799.0,EUR,1799.0,Amazon,IT,2026-09-26T09:26:12Z,B0F7LLX6G2,,,,,
Samsung,"Samsung TV 85"" QE85QN800CTXZT NEO QLED 8K, Quantum Matrix Technology Pro, Neural Quantum Processor 8K, Infinity One Desig...",https://www.amazon.it/dp/B0BWFN7QB4,85.0,1699.0,1699.0,EUR,1699.0,Amazon,IT,2026-09-26T09:26:12Z,B0BWFN7QB4,,,,,
Samsung,"Samsung Crystal UHD UE43CU7190UXZT, Smart TV 43"" Serie CU7000, Crystal UHD 4K, BLACK , 2023, DVB-T2",https://www.amazon.it/dp/B0BWFPXMJZ,43.0,344.58,344.58,EUR,344.58,Amazon,IT,2026-09-26T09:26:12Z,B0BWFPXMJZ,,,,,
Samsung,"Samsung TV UE32T4300AEXZT HD, Smart TV 32"" HDR, Purcolor, WiFi, Slim Design, Integrato con Bixby e Alexa compatibile con G...",https://www.amazon.it/dp/B0BWFLLW74,32.0,289.0,289.0,EUR,289.0,Amazon,IT,2026-09-26T09:26:12Z,B0BWFLLW74,,,,,
Samsung,Samsung UE50U7000HUXZT - Smart TV 50 Pollici LED 4K DVB-T2 Wifi HbbTV CI+ Nero Classe Energetica F,https://www.amazon.it/dp/B0H4MHLLFK,50.0,340.0,340.0,EUR,340.0,Amazon,IT,2026-09-26T09:26:12Z,B0H4MHLLFK,,,,,
Panasonic,"Panasonic TB-32S45AEZ, Serie S45 32 pollici Smart TV LED Full HD, 2024, TiVo, Controllo Vocale Google e Alexa, Game Mode, ...",https://www.amazon.it/dp/B0H2MTPSGX,32.0,,,,,Amazon,IT,2026-09-26T09:26:12Z,B0H2MTPSGX,,,,,
Samsung,"Samsung TV QE65QN800DTXZT Neo QLED 8K Mini LED, Smart TV 65"" Processore NQ8 AI Gen3, Infinity One, DVBT-2, Q-Symphony & Do...",https://www.amazon.it/dp/B0CZPB53H9,65.0,2897.24,2897.24,EUR,2897.24,Amazon,IT,2026-09-26T09:26:12Z,B0CZPB53H9,,,,,
Samsung,"Samsung QE43Q8FAAUXZT TV 43"" 4K Ultra HD, Smart TV, Wi-Fi, DVB-T2, Hevc Main 10",https://www.amazon.it/dp/B0FM3YV48J,43.0,418.67,418.67,EUR,418.67,Amazon,IT,2026-09-26T09:26:12Z,B0FM3YV48J,,,,,
Samsung,"Samsung TV 55 Pollici 4K UHD Smart TV UE55U8072HUXXH, Crystal UHD, Crystal Processor 4K, HDR10+, Tizen, Wi-Fi, Bluetooth, ...",https://www.amazon.it/dp/B0H5K6P1BY,55.0,,,,,Amazon,IT,2026-09-26T09:26:12Z,B0H5K6P1BY,,,,,
Samsung,Samsung UE43U7000HUXZT - Smart TV 43 Pollici LED 4K DVB-T2 Wifi HbbTV CI+ Nero Classe Energetica F,https://www.amazon.it/dp/B0H4MH2Q3B,43.0,322.53,322.53,EUR,322.53,Amazon,IT,2026-09-26T09:26:12Z,B0H4MH2Q3B,,,,,
Samsung,"Samsung Crystal UHD U8079F 4K 43 pollici TV LED Crystal Processore 4K, MetalStream Design, SmartThings, AI Upscaling, Gami...",https://www.amazon.it/dp/B0F7LG4F8P,43.0,319.25,319.25,EUR,319.25,Amazon,IT,2026-09-26T09:26:12Z,B0F7LG4F8P,,,,,
Samsung,"SAMSUNG Smart TV 24"" UE24F6002FKXXH FHD 2025 [Versione Ungherese]",https://www.amazon.it/dp/B0FLQX6VV4,24.0,,,,,Amazon,IT,2026-09-26T09:26:12Z,B0FLQX6VV4,,,,,
Samsung,Samsung QE55QN70HAUXZT - Tv 55 Pollici Smart Tv 4K QLed DVB-T2 Wifi Nero Classe Energetica E,https://www.amazon.it/dp/B0H33BB2TY,55.0,710.0,710.0,EUR,710.0,Amazon,IT,2026-09-26T09:26:12Z,B0H33BB2TY,,,,,
Samsung,"Samsung 55"" QE55S99HATXZT OLED 4K Glare Free 165 Hz Smart TV Vision AI 2026 | Glare Free with Real Black & Real Color, HDR...",https://www.amazon.it/dp/B0GWN8GKF6,55.0,1999.0,1999.0,EUR,1999.0,Amazon,IT,2026-09-26T09:26:12Z,B0GWN8GKF6,,,,,
Samsung,"Samsung TV QE75Q70DATXZT QLED 4K, Smart TV 75"" Quantum processor 4K, AirSlim, DVBT-2, Q-Symphony & OTS Lite, Integrato con...",https://www.amazon.it/dp/B0D17VLCL1,75.0,994.0,994.0,EUR,994.0,Amazon,IT,2026-09-26T09:26:12Z,B0D17VLCL1,,,,,
Samsung,"Samsung Neo QLED QN70H - Televisore 4K da 55"", Quantum Mini LED, processore Neural Quantum 4K AI, Motion Xcelerator 144 H...",https://www.amazon.it/dp/B0H3KJG3K1,55.0,982.49,982.49,EUR,982.49,Amazon,IT,2026-09-26T09:26:12Z,B0H3KJG3K1,,,,,
Samsung,"TV Samsung Smart TV Q5F (2025) 32"" QLED UHD 4K - TQ32Q5FAAUXSP",https://www.amazon.it/dp/B0H72MP38W,32.0,300.49,300.49,EUR,300.49,Amazon,IT,2026-09-26T09:26:12Z,B0H72MP38W,,,,,
Samsung,"Samsung TV QE43Q60CAUXZT QLED 4K, Smart TV 43"" Processore Quantum 4K Lite, 100% volume colore con Quantum Dot, OTS Lite, I...",https://www.amazon.it/dp/B0BWFQNKDD,43.0,399.0,399.0,EUR,399.0,Amazon,IT,2026-09-26T09:26:12Z,B0BWFQNKDD,,,,,
Samsung,"Cello CTRAV-16TZ Smart TV 16"" 12V per camper, camion e barca, Tizen OS di Samsung, Bluetooth, audio Pitch Perfect, Gaming ...",https://www.amazon.it/dp/B0GJLKVJLP,16.0,229.99,229.99,EUR,229.99,Amazon,IT,2026-09-26T09:26:12Z,B0GJLKVJLP,,,,,
Samsung,"Samsung TV QE65Q70CAT QLED 4K, Smart TV 65"" Processore Quantum 4K, Dual LED, OTS Lite, AirSlim Design, Integrato con Bixby...",https://www.amazon.it/dp/B0CN1JCYLV,65.0,524.0,524.0,EUR,524.0,Amazon,IT,2026-09-26T09:26:12Z,B0CN1JCYLV,,,,,
Samsung,"Samsung TV QE55S94DAEXZT OLED 4K, Smart TV 55"" Processore NQ4 AI GEN2, Infinity One, DVBT-2, Q-Symphony & Dolby Atmos, com...",https://www.amazon.it/dp/B0CZPBV193,55.0,,,,,Amazon,IT,2026-09-26T09:26:12Z,B0CZPBV193,,,,,
Samsung,"Samsung TV Neo QLED QE50QN90BATXZT, Smart TV 50"" Serie QN90B, Neo QLED 4K UHD, Alexa e Google Assistant integrati, Titan B...",https://www.amazon.it/dp/B09XN54Z18,50.0,,,,,Amazon,IT,2026-09-26T09:26:12Z,B09XN54Z18,,,,,
Samsung,"Samsung TV QE43Q65BAUXZT, Smart TV 43"" Serie Q65B QLED 4K UHD, Compatibile con Alexa e Google Assistant, Black, 2022, DVB-...",https://www.amazon.it/dp/B0B18LMDZW,43.0,408.12,408.12,EUR,408.12,Amazon,IT,2026-09-26T09:26:12Z,B0B18LMDZW,,,,,
Samsung,Samsung QE48S95HAE - Smart TV 48 Pollici 4K 3840 x 2160 Pixel OLED DVB-T2 Wifi Nero Classe Energetica F,https://www.amazon.it/dp/B0H4LS36XM,48.0,1286.54,1286.54,EUR,1286.54,Amazon,IT,2026-09-26T09:26:12Z,B0H4LS36XM,,,,,
Samsung,"Samsung TV QE43Q65CAUXZT QLED 4K, Smart TV 43"" Processore Quantum 4K Lite, 100% volume colore con Quantum Dot, OTS Lite, I...",https://www.amazon.it/dp/B0BWFNXMXX,43.0,408.12,408.12,EUR,408.12,Amazon,IT,2026-09-26T09:26:12Z,B0BWFNXMXX,,,,,
Samsung,"Samsung UE75U8092FUXXH - TV 75 Pollici, Smart TV, 4K, LED, DVB-T2, Nero, Classe energetica G",https://www.amazon.it/dp/B0G1YTQHQC,75.0,661.0,661.0,EUR,661.0,Amazon,IT,2026-09-26T09:26:12Z,B0G1YTQHQC,,,,,
Samsung,"Samsung TV UE43AU7170UXZT, Smart TV 43"" Serie AU7100, Modello AU7170, Crystal UHD 4K, Compatibile con Alexa, Grey, 2021, D...",https://www.amazon.it/dp/B092W6CLTZ,43.0,344.58,344.58,EUR,344.58,Amazon,IT,2026-09-26T09:26:12Z,B092W6CLTZ,,,,,
Samsung,"Samsung TV 85"" QE85QN800BTXZT NEO QLED 8K, Quantum Matrix Pro, mini LED, Processore Neural Quantum 8K, Infinity One Desig...",https://www.amazon.it/dp/B09XN5CKBT,85.0,1599.0,1599.0,EUR,1599.0,Amazon,IT,2026-09-26T09:26:12Z,B09XN5CKBT,,,,,
Samsung,"Samsung TV UE43AU8070UXZT, Smart TV 43"" Serie AU8000, Modello AU8070, Crystal UHD 4K, Alexa integrato, Nero, 2021, DVB-T2...",https://www.amazon.it/dp/B08XZQ3BSY,43.0,614.0,614.0,EUR,614.0,Amazon,IT,2026-09-26T09:26:12Z,B08XZQ3BSY,,,,,
Samsung,"Samsung TV QE43Q60TAUXZT Serie Q60T QLED Smart TV 43"", con Alexa integrata, Ultra HD 4K, Wi-Fi, Black, 2020",https://www.amazon.it/dp/B086B2WHXD,43.0,529.0,529.0,EUR,529.0,Amazon,IT,2026-09-26T09:26:12Z,B086B2WHXD,,,,,
Samsung,"Samsung TV QE75QN900DTXZT Neo QLED 8K Mini LED, Smart TV 75"" Processore NQ8 AI Gen3, Infinity One, DVBT-2, Q-Symphony & Do...",https://www.amazon.it/dp/B0CZPBDTQ2,75.0,3499.0,3499.0,EUR,3499.0,Amazon,IT,2026-09-26T09:26:12Z,B0CZPBDTQ2,,,,,
Samsung,Samsung UE55M70HAUXZT - Tv 55 Pollici Smart Tv 4K Led DVB-T2 Nero Classe Energetica F,https://www.amazon.it/dp/B0H33GWD9V,55.0,510.1,510.1,EUR,510.1,Amazon,IT,2026-09-26T09:26:12Z,B0H33GWD9V,,,,,
Samsung,"Samsung TV Ue50Tu7090Uxzt Smart Tv 50"" Crystal Uhd 4K, Processore Crystal 4K, Hdr, Wi-Fi, Nero, 2020, Compatibile Con Alex...",https://www.amazon.it/dp/B08K94QF2Q,50.0,391.4,391.4,EUR,391.4,Amazon,IT,2026-09-26T09:26:12Z,B08K94QF2Q,,,,,
Samsung,"Samsung Samsung TV OLED 4K S90D 77"" con processore Neural Quantum 4K AI Gen2, OLED HDR+, ascendenza AI 4K, Smart TV, KI T...",https://www.amazon.it/dp/B0D6RWTJ7D,77.0,,,,,Amazon,IT,2026-09-26T09:26:12Z,B0D6RWTJ7D,,,,,
Samsung,"Samsung Mini TV LED M80H 4K 55"" UHD, processore Neural Quantum 4K AI Gen2, Motion Xcelerator 144 Hz, Vision AI Companion, ...",https://www.amazon.it/dp/B0H335S6NL,55.0,431.69,431.69,EUR,431.69,Amazon,IT,2026-09-26T09:26:12Z,B0H335S6NL,,,,,
Samsung,"Samsung TV UE32N4000AK HD 32'', Serie N4000, 2018, Nero",https://www.amazon.it/dp/B07HBMBRJ1,32.0,309.0,309.0,EUR,309.0,Amazon,IT,2026-09-26T09:26:12Z,B07HBMBRJ1,,,,,
Samsung,"Samsung Lifestyle TV QE32LS03BBUXZT The Frame QLED Full HD, Smart TV 32"" Matte Display, Art Mode, OTS Lite, Integrato con ...",https://www.amazon.it/dp/B0BNFNWBBC,32.0,474.0,474.0,EUR,474.0,Amazon,IT,2026-09-26T09:26:12Z,B0BNFNWBBC,,,,,
Samsung,"Samsung Crystal UHD UE55CU7190UXZT, Smart TV 55"" Serie CU7000, Crystal UHD 4K, BLACK , 2023, DVB-T2",https://www.amazon.it/dp/B0BWFL6J12,55.0,620.0,620.0,EUR,620.0,Amazon,IT,2026-09-26T09:26:12Z,B0BWFL6J12,,,,,
Samsung,Samsung UE55M80HAUXZT - Smart TV 55 Pollici LED 4K DVB-T2 Wifi HbbTV CI+ Nero Classe Energetica E,https://www.amazon.it/dp/B0H4MQYTM3,55.0,523.0,523.0,EUR,523.0,Amazon,IT,2026-09-26T09:26:12Z,B0H4MQYTM3,,,,,
Samsung,"Samsung Smart TV 65'' QE65LS03FAUXZT QLED 4K, NQ4 AI Gen2 Processor, 4K AI Upscaling, Art Mode, Matte Display, Dolby Atmos...",https://www.amazon.it/dp/B0F4SMHFBT,65.0,1661.89,1661.89,EUR,1661.89,Amazon,IT,2026-09-26T09:26:12Z,B0F4SMHFBT,,,,,
Samsung,"Samsung TV QE50Q60CAUXZT QLED 4K, Smart TV 50"" Processore Quantum 4K Lite, 100% volume colore con Quantum Dot, OTS Lite, I...",https://www.amazon.it/dp/B0BWFQNKDC,50.0,446.91,446.91,EUR,446.91,Amazon,IT,2026-09-26T09:26:12Z,B0BWFQNKDC,,,,,
Samsung,Samsung QE65QN70HAUXZT - Tv 65 Pollici Smart Tv 4K Led DVB-T2 Wifi Nero Classe Energetica E,https://www.amazon.it/dp/B0H338YNN1,65.0,805.0,805.0,EUR,805.0,Amazon,IT,2026-09-26T09:26:12Z,B0H338YNN1,,,,,
Samsung,"Samsung UE32N5370AUXZT TV 32"" Full HD DVB-C/T2/S2, Serie N5370, 1920 x 1080 Pixels, Nero, (2018)",https://www.amazon.it/dp/B07P5TM2LR,32.0,319.0,319.0,EUR,319.0,Amazon,IT,2026-09-26T09:26:12Z,B07P5TM2LR,,,,,
Samsung,"Samsung TV Crystal UHD 4K UE43AU7090UXZT Smart TV 43"", Modello 2022 AU7090 Wi-Fi Black 2022",https://www.amazon.it/dp/B0BMVNJ7Z1,43.0,344.58,344.58,EUR,344.58,Amazon,IT,2026-09-26T09:26:12Z,B0BMVNJ7Z1,,,,,
Samsung,Samsung QE75QN70HAUXZT - Tv 75 Pollici Smart Tv 4K Neo QLed Wifi DVB-T2 Nero Classe Energetica E,https://www.amazon.it/dp/B0H339ZNCK,75.0,1299.0,1299.0,EUR,1299.0,Amazon,IT,2026-09-26T09:26:12Z,B0H339ZNCK,,,,,
Samsung,"Samsung TV QLED QE43Q60AAUXZT, Smart TV 43"" Serie Q60A, Modello Base, 4K UHD, Alexa integrato, 2021, DVB-T2 [Efficienza en...",https://www.amazon.it/dp/B08Y1ZCRLY,43.0,408.12,408.12,EUR,408.12,Amazon,IT,2026-09-26T09:26:12Z,B08Y1ZCRLY,,,,,
Samsung,"TV 32"" LED SAMSUNG UE32T4002 HD HDR PQI 200",https://www.amazon.it/dp/B08LD9676W,32.0,299.0,299.0,EUR,299.0,Amazon,IT,2026-09-26T09:26:12Z,B08LD9676W,,,,,
Samsung,"Samsung TV Crystal UHD UE43BU8070UXZT, Smart TV 43"" Serie BU8070, Crystal UHD 4K, Alexa e Google Assistant integrati, Blac...",https://www.amazon.it/dp/B09XN5TR6Z,43.0,529.0,529.0,EUR,529.0,Amazon,IT,2026-09-26T09:26:12Z,B09XN5TR6Z,,,,,
Samsung,"Samsung QE55Q60RATXZT Serie Q60R (2019) QLED Smart TV 55"", Ultra HD 4K, Wi-Fi, Nero",https://www.amazon.it/dp/B07PZXZNLJ,55.0,890.0,890.0,EUR,890.0,Amazon,IT,2026-09-26T09:26:12Z,B07PZXZNLJ,,,,,
Samsung,"Samsung The Frame - Cornice TV 55"", smussata, color oro sabbia, accessorio per TV The Frame da 55"" (LS03A, LS03B, LS03BG),...",https://www.amazon.it/dp/B0C5ZFT6SV,55.0,203.98,203.98,EUR,203.98,Amazon,IT,2026-09-26T09:26:12Z,B0C5ZFT6SV,,,,,
Samsung,"Samsung TV UE55CU8570UXZT Crystal UHD 4K, Smart TV 55"" Dynamic Crystal color, HDR, OTS Lite, AirSlim Design, Integrato con...",https://www.amazon.it/dp/B0BWFMHYW3,55.0,799.0,799.0,EUR,799.0,Amazon,IT,2026-09-26T09:26:12Z,B0BWFMHYW3,,,,,
Samsung,"Samsung TV 75"" QE75QN95BATXZT NEO QLED 4K, Quantum Matrix, mini LED, Processore Neural Quantum 4K, Infinity One Design, An...",https://www.amazon.it/dp/B09XN5HMNT,75.0,,,,,Amazon,IT,2026-09-26T09:26:12Z,B09XN5HMNT,,,,,
Samsung,"TV SAMSUNG LED 43"" 43TU7072 SMART 4K EU",https://www.amazon.it/dp/B08BZSW31P,43.0,518.0,518.0,EUR,518.0,Amazon,IT,2026-09-26T09:26:12Z,B08BZSW31P,,,,,
Samsung,"Samsung Business Tv Serie BEA-H da 43'', UHD 3840x2160 con funzionalità HDR, Tizen, Dolby Sound System, HDMI, USB, Bluetoo...",https://www.amazon.it/dp/B08VH8JLK5,43.0,,,,,Amazon,IT,2026-09-26T09:26:12Z,B08VH8JLK5,,,,,
Samsung,"Samsung TV QE55Q74TATXZT Serie Q70T Modello Q74T QLED Smart TV 55"", con Alexa integrata, Ultra HD 4K, Wi-Fi, Silver, 2020,...",https://www.amazon.it/dp/B086B3YWBJ,55.0,827.0,827.0,EUR,827.0,Amazon,IT,2026-09-26T09:26:12Z,B086B3YWBJ,,,,,
Samsung,"Samsung Crystal UHD UE50CU7190UXZT, Smart TV 50"" Serie CU7000, Crystal UHD 4K, BLACK , 2023, DVB-T2",https://www.amazon.it/dp/B0BWFP64H4,50.0,390.62,390.62,EUR,390.62,Amazon,IT,2026-09-26T09:26:12Z,B0BWFP64H4,,,,,
Samsung,"Samsung UE43RU7170U Smart TV 4k Ultra HD 43"" Wi-Fi DVB-T2CS2, Serie RU7170, 3840 x 2160 Pixels, HDR 10+, Nero, 2019, [Clas...",https://www.amazon.it/dp/B07QKDJVNG,43.0,520.0,520.0,EUR,520.0,Amazon,IT,2026-09-26T09:26:12Z,B07QKDJVNG,,,,,
Samsung,"Samsung Crystal UHD UE50CU7170UXZT, Smart TV 50"" Serie CU7000, Crystal UHD 4K, BLACK , 2023, DVB-T2",https://www.amazon.it/dp/B0BWFNC34D,50.0,391.4,391.4,EUR,391.4,Amazon,IT,2026-09-26T09:26:12Z,B0BWFNC34D,,,,,
Samsung,"SAMSUNG UE65TU7172 65"" SMART LED ULTRA HD 4K Televisore HDR DVB-T2 WiFi Nero",https://www.amazon.it/dp/B08BG1BHYT,65.0,870.0,870.0,EUR,870.0,Amazon,IT,2026-09-26T09:26:12Z,B08BG1BHYT,,,,,
Samsung,"Samsung GU75DU7199U 190,5 cm (75"") 4K Ultra HD Smart TV Wifi Noir",https://www.amazon.it/dp/B0D58NRZ7L,75.0,1455.99,1455.99,EUR,1455.99,Amazon,IT,2026-09-26T09:26:12Z,B0D58NRZ7L,,,,,
Samsung,"Samsung TV Neo QLED QE75QN800BT, Smart TV 75"" Serie QN800B, Neo QLED 8K UHD, Alexa e Google Assistant integrati, Stainless...",https://www.amazon.it/dp/B0CNPW97PS,75.0,1272.0,1272.0,EUR,1272.0,Amazon,IT,2026-09-26T09:26:12Z,B0CNPW97PS,,,,,
Samsung,"SAMSUNG TV Mini LED NeoQLED TQ55QN77F 2025-55"", 138 cm",https://www.amazon.it/dp/B0G1WL8GNJ,55.0,1101.0,1101.0,EUR,1101.0,Amazon,IT,2026-09-26T09:26:12Z,B0G1WL8GNJ,,,,,
Samsung,"Samsung T4000 Tv 32”, Hd, Nero, 2020, ‎71.9 x 16.6 x 46.4 cm, 4 Kg",https://www.amazon.it/dp/B08CXFQ7KC,32.0,,,,,Amazon,IT,2026-09-26T09:26:12Z,B08CXFQ7KC,,,,,
Samsung,"Samsung TV Q800T Smart TV 75"" QLED 8K, Wi-Fi, 2020, Silver, (Ricondizionato)",https://www.amazon.it/dp/B09D3LNGTD,75.0,1188.0,1188.0,EUR,1188.0,Amazon,IT,2026-09-26T09:26:12Z,B09D3LNGTD,,,,,
Samsung,"Samsung UE65NU7090UXZT Smart TV UHD, DVB-T2CS2, LED Seria 7 con Sistema HDR powered by HDR10, Display da 65 Pollici, Risol...",https://www.amazon.it/dp/B07JQ9PPR9,65.0,830.0,830.0,EUR,830.0,Amazon,IT,2026-09-26T09:26:12Z,B07JQ9PPR9,,,,,
Samsung,"Samsung TV QE55Q70CATXZT QLED 4K, Smart TV 55"" Processore Quantum 4K, Dual LED, OTS Lite, AirSlim Design, Integrato con Bi...",https://www.amazon.it/dp/B0BWFNCHDX,55.0,939.0,939.0,EUR,939.0,Amazon,IT,2026-09-26T09:26:12Z,B0BWFNCHDX,,,,,
Samsung,"TV 75"" SAMSUNG QE75QN90AAT NEO QLED SERIE 9 QN90A 4K ULTRA HD SMART WIFI 4500 PQI USB HDMI (Ricondizionato)",https://www.amazon.it/dp/B0BQRSY4TS,75.0,1100.0,1100.0,EUR,1100.0,Amazon,IT,2026-09-26T09:26:12Z,B0BQRSY4TS,,,,,
Samsung,"Samsung Cornice The Frame 85"" Marrone Modern, VG-SCFF85BWBXC, Compatibile con The Frame 2021-2025 (LS03B, LS03BG, LS03D, L...",https://www.amazon.it/dp/B0FL7Y4HMW,85.0,89.99,89.99,EUR,89.99,Amazon,IT,2026-09-26T09:26:12Z,B0FL7Y4HMW,,,,,
Samsung,"Samsung VG-SCFN65DP/XC Cornice per TV The Frame, da 65"", 2019, Marrone",https://www.amazon.it/dp/B07N813W58,65.0,319.99,319.99,EUR,319.99,Amazon,IT,2026-09-26T09:26:12Z,B07N813W58,,,,,
Samsung,"Samsung TV UE50AU7170UXZT, Smart TV 50"" Serie AU7100, Modello AU7170, Crystal UHD 4K, Compatibile con Alexa, Grey, 2021, D...",https://www.amazon.it/dp/B092W4TNR8,50.0,391.4,391.4,EUR,391.4,Amazon,IT,2026-09-26T09:26:12Z,B092W4TNR8,,,,,
Samsung,"Samsung TV 85"" QE85QN800ATXZT NEO QLED 8K, Quantum Matrix Technology Pro, Processore Neo Quantum, AI Upscaling, Infinity O...",https://www.amazon.it/dp/B09B2B8J53,85.0,2293.13,2293.13,EUR,2293.13,Amazon,IT,2026-09-26T09:26:12Z,B09B2B8J53,,,,,
Samsung,"SAMSUNG UE50NU7092 TV 50"" LED UHD 4K SMART DVB-T2/S2-50NU7092",https://www.amazon.it/dp/B07H87XFRR,50.0,590.0,590.0,EUR,590.0,Amazon,IT,2026-09-26T09:26:12Z,B07H87XFRR,,,,,
Samsung,"Samsung TV UE43TU8070UXZT Smart TV 43"" Serie TU8070, Crystal UHD 4K, Wi-Fi, 2020, con Alexa integrata, Nero",https://www.amazon.it/dp/B087KBDLBP,43.0,569.0,569.0,EUR,569.0,Amazon,IT,2026-09-26T09:26:12Z,B087KBDLBP,,,,,
Samsung,"Samsung UE55NU7093UXXH LED TV Series 7 (2018), 139,7 cm (55"") 4K Ultra HD Smart TV WiFi, 3840 x 2160 Pixeles, Nero",https://www.amazon.it/dp/B07K22ZMN5,55.0,619.0,619.0,EUR,619.0,Amazon,IT,2026-09-26T09:26:12Z,B07K22ZMN5,,,,,
Samsung,"Samsung TV UE55TU7190UXZT Smart TV 55"" Serie TU7190, Crystal UHD 4K, Wi-Fi, 2020, Argento, compatibile con Alexa",https://www.amazon.it/dp/B087KB7WQL,55.0,620.0,620.0,EUR,620.0,Amazon,IT,2026-09-26T09:26:12Z,B087KB7WQL,,,,,
Samsung,Samsung UE75U8000HUXZT - Smart TV 75 Pollici 4K LED DVB-T2 Wifi HbbTV Nero Classe Energetica F,https://www.amazon.it/dp/B0H4MMXSXT,75.0,699.0,699.0,EUR,699.0,Amazon,IT,2026-09-26T09:26:12Z,B0H4MMXSXT,,,,,
Samsung,Samsung UE75M70HAUXZT - Tv 75 Pollici Smart Tv 4K Led Wifi DVB-T2 Nero Classe Energetica F,https://www.amazon.it/dp/B0H337V79S,75.0,948.56,948.56,EUR,948.56,Amazon,IT,2026-09-26T09:26:12Z,B0H337V79S,,,,,
Samsung,"Samsung QE75QN900AATXZT Smart TV 75"" Neo QLED 8K, Ultra HD, Processore Neo Quantum 8K con IA, HDMI 2.1,, 2021, Alexa, Goog...",https://www.amazon.it/dp/B09SHQM8P6,75.0,1903.0,1903.0,EUR,1903.0,Amazon,IT,2026-09-26T09:26:12Z,B09SHQM8P6,,,,,
Samsung,Smart TV Samsung QN90D 43' 4K Ultra HD LED HDR Neo QLED,https://www.amazon.it/dp/B0CRZFZ36C,43.0,1067.0,1067.0,EUR,1067.0,Amazon,IT,2026-09-26T09:26:12Z,B0CRZFZ36C,,,,,
Samsung,"Samsung TV Neo QLED QE55QN95BAT Smart TV 55"" Neo QLED 4K UHD, Alexa e Google Assistant integrati, Bright Silver, 2022, DV...",https://www.amazon.it/dp/B0CMJ3GC5W,55.0,803.0,803.0,EUR,803.0,Amazon,IT,2026-09-26T09:26:12Z,B0CMJ3GC5W,,,,,
LG,"LG OLED evo AI 48 Pollici, Serie C5 2025 Smart TV 4K - OLED48C56LB | Processore α9 Gen8, WebOS con AI, Dolby Vision & Atmo...",https://www.amazon.it/dp/B0F6VCDV58,48.0,749.0,749.0,EUR,749.0,Amazon,IT,2026-09-26T09:26:12Z,B0F6VCDV58,,,,,
Samsung,"TV 65"" SAMSUNG QE65S95FAT OLED UHD 4K VISION AI SMART WIFI BLUETOOTH USB HDMI GRAPHITE BLACK (Ricondizionato)",https://www.amazon.it/dp/B0GXG752D3,65.0,1518.0,1518.0,EUR,1518.0,Amazon,IT,2026-09-26T09:26:12Z,B0GXG752D3,,,,,
Samsung,"Samsung OLED TV 83"" QE83S90DAEXZT, OLED HDR+, Upscaling AI 4K, Processore NQ4 AI GEN2, Motion Xcelerator 144Hz, Design Las...",https://www.amazon.it/dp/B0D2DY5H4W,83.0,3349.71,3349.71,EUR,3349.71,Amazon,IT,2026-09-26T09:26:12Z,B0D2DY5H4W,,,,,
Samsung,Samsung UE50U8000HUXZT - Smart TV 50 Pollici 4K LED DVB-T2 Wifi HbbTV 2.0.4 Nero Classe Energetica F,https://www.amazon.it/dp/B0H4MKFQW3,50.0,,,,,Amazon,IT,2026-09-26T09:26:12Z,B0H4MKFQW3,,,,,
Samsung,"Samsung QE50LS03TAUXZT Smart TV 50"" The Frame, QLED 4K, Ultra HD, Cornice personalizzabile, Art Mode, Processore Quantum 4...",https://www.amazon.it/dp/B0872D83PX,50.0,2153.0,2153.0,EUR,2153.0,Amazon,IT,2026-09-26T09:26:12Z,B0872D83PX,,,,,
LG,"LG OLED evo AI 48 Pollici, Serie G5 2025 Smart TV 4K - OLED48G56LS | Base da Appoggio Inclusa, Processore α11 Gen2, Bright...",https://www.amazon.it/dp/B0F44GJHP8,48.0,946.9,946.9,EUR,946.9,Amazon,IT,2026-09-26T09:26:12Z,B0F44GJHP8,,,,,
Samsung,"SAMSUNG Frame 2021 Wechselrahmen 55"" teak | VG-SCFA55TKBXC",https://www.amazon.it/dp/B096BJJGPC,55.0,,,,,Amazon,IT,2026-09-26T09:26:12Z,B096BJJGPC,,,,,
Samsung,"Samsung UE65NU7170U 65"" 4K Ultra HD Smart TV Wi-Fi Nero",https://www.amazon.it/dp/B07CSPBWQC,65.0,,,,,Amazon,IT,2026-09-26T09:26:12Z,B07CSPBWQC,,,,,
Samsung,"SAMSUNG Q60A 43Q60A 109,2 cm (43"") 4K Ultra HD Smart TV Wifi Negro",https://www.amazon.it/dp/B092R8T45C,43.0,377.78,377.78,EUR,377.78,Amazon,IT,2026-09-26T09:26:12Z,B092R8T45C,,,,,
Samsung,"Smart TV Samsung TQ75Q7F 75"" 4K Ultra HD HDR QLED [Versione Francese, Spagnola, Portoghese]",https://www.amazon.it/dp/B0F2FMVN12,75.0,867.34,867.34,EUR,867.34,Amazon,IT,2026-09-26T09:26:12Z,B0F2FMVN12,,,,,
Samsung,"Samsung UE65DU7172U 165,1 cm (65"") 4K Ultra HD Smart-TV WLAN Schwarz (65DU7172UXXH)",https://www.amazon.it/dp/B0D6GQFTH2,65.0,,,,,Amazon,IT,2026-09-26T09:26:12Z,B0D6GQFTH2,,,,,
Samsung,"Samsung TU7070 Smart TV 43”, Crystal UHD 4K, Wi-Fi, 2020, Nero",https://www.amazon.it/dp/B089M8HHWL,43.0,510.0,510.0,EUR,510.0,Amazon,IT,2026-09-26T09:26:12Z,B089M8HHWL,,,,,
Samsung,"Samsung 100"" QE100QN80HUXZT Neo QLED 4K QD Mini LED Smart TV Vision AI 2026 | NQ AI Gen2 Processor, Quantum Mini LED, NQ H...",https://www.amazon.it/dp/B0H26R3KLC,100.0,3999.0,3999.0,EUR,3999.0,Amazon,IT,2026-09-26T09:26:12Z,B0H26R3KLC,,,,,
Samsung,"Cello CTRAV-22TZF Smart TV LED 22"" 12V con lettore DVD, Tizen OS di Samsung, Gaming Hub, altoparlanti Pitch Perfect, Bluet...",https://www.amazon.it/dp/B0GHR92VTB,22.0,289.99,289.99,EUR,289.99,Amazon,IT,2026-09-26T09:26:12Z,B0GHR92VTB,,,,,
Samsung,"One Connect BN39-02395A cavo da 5 m compatibile con Samsung QLED TV 55""-75"" Q7FN Q8FN Q8CN Q9FN Series 2018",https://www.amazon.it/dp/B0F1MWWD8T,55.0,169.87,169.87,EUR,169.87,Amazon,IT,2026-09-26T09:26:12Z,B0F1MWWD8T,,,,,
Samsung,"Samsung TV QE55S95CAT OLED 4K, Smart TV 55"" Processore Neural Quantum 4K, Gaming TV, Dolby Atmos OTS Lite Infinity One Des...",https://www.amazon.it/dp/B0CS6P748Y,55.0,942.0,942.0,EUR,942.0,Amazon,IT,2026-09-26T09:26:12Z,B0CS6P748Y,,,,,
Samsung,"Cello C1626TZH Smart TV 16"" con Tizen OS di Samsung, Bluetooth e audio Pitch Perfect, triplo sintonizzatore, TV compatta i...",https://www.amazon.it/dp/B0GJLL18JJ,16.0,189.99,189.99,EUR,189.99,Amazon,IT,2026-09-26T09:26:12Z,B0GJLL18JJ,,,,,
Xiaomi,"XIAOMI TV F Pro 55 pollici 2025,4K UHD QLED,Smart TV, Fire TV,Triple Tuner DVB-C/S/S2/T/T2, HDR10+, Modalità Game Boost 12...",https://www.amazon.it/dp/B0F44W5HQH,55.0,449.0,449.0,EUR,449.0,Amazon,IT,2026-09-26T09:26:12Z,B0F44W5HQH,,,,,
Samsung,"Cello C2426TZH TV LED Smart da 24"" senza cornice con Tizen OS di Samsung, Bluetooth, Gaming Hub, altoparlanti Pitch Perfec...",https://www.amazon.it/dp/B0GHRKNV5R,24.0,189.99,189.99,EUR,189.99,Amazon,IT,2026-09-26T09:26:12Z,B0GHRKNV5R,,,,,
Samsung,"Cornice TV compatibile con Samsung The Frame TV, adatta per televisori a parete (Verona argento antico 75 mm, 32 pollici)",https://www.amazon.it/dp/B0GQ62Z73Y,32.0,230.37,230.37,EUR,230.37,Amazon,IT,2026-09-26T09:26:12Z,B0GQ62Z73Y,,,,,
Samsung,"Samsung TV UE65AU7170UXZT, Smart TV 65"" Serie AU7100, Modello AU7170, Crystal UHD 4K, Compatibile con Alexa, Grey, 2021, D...",https://www.amazon.it/dp/B092W64XKW,65.0,842.0,842.0,EUR,842.0,Amazon,IT,2026-09-26T09:26:12Z,B092W64XKW,,,,,
Samsung,"Samsung TV QE65LST7TAUXZT Smart TV 4K QLED, 65'', Nero (Ricondizionato)",https://www.amazon.it/dp/B0C8N6LMVX,65.0,1650.0,1650.0,EUR,1650.0,Amazon,IT,2026-09-26T09:26:12Z,B0C8N6LMVX,,,,,
TCL,"TCL 32V4C – Smart TV HD HDR da 32"", Android TV | Google Cast, Compatible with Google Home, Slim Design",https://www.amazon.it/dp/B0F54B34TH,32.0,164.0,164.0,EUR,164.0,Amazon,IT,2026-09-26T09:26:12Z,B0F54B34TH,,,,,
Samsung,CARZE 3v Fit for Samsung TV da 60 pollici HA CONDOTTO La Striscia UA60F6088AJ 2013SVS60 UN60FH6300 LM41-00001L LM41-00001M...,https://www.amazon.it/dp/B0BP2F4J6X,60.0,86.49,86.49,EUR,86.49,Amazon,IT,2026-09-26T09:26:12Z,B0BP2F4J6X,,,,,
LG,"LG 32LQ63006LA Smart TV 32"" Full HD, TV LED 2022 con Processore α5 Gen 5 con AI, webOS 22, HDR, Wi-Fi, Bluetooth, Game Opt...",https://www.amazon.it/dp/B09T74KPR6,32.0,184.0,184.0,EUR,184.0,Amazon,IT,2026-09-26T09:26:12Z,B09T74KPR6,,,,,
LG,"LG QNED evo AI MiniLED 43 Pollici, Serie QNED86B 2026 Smart TV 4K - 43QNED86B6B",https://www.amazon.it/dp/B0GWN3FKJZ,43.0,549.0,549.0,EUR,549.0,Amazon,IT,2026-09-26T09:26:12Z,B0GWN3FKJZ,,,,,
LG,"LG NANO AI UHD 43 Pollici, Serie NU8E 2026 Smart TV 4K - 43NU8E0B3LA | Processore con Nano Detail Enhancer, AI Chatbot, AI...",https://www.amazon.it/dp/B0GWMXV6J1,43.0,359.9,359.9,EUR,359.9,Amazon,IT,2026-09-26T09:26:12Z,B0GWMXV6J1,,,,,
LG,"LG OLED evo AI 55 Pollici, Serie C5 2025 Smart TV 4K - OLED55C56LB | Processore ̑9 Gen8, Brightness Booster, WebOS con AI,...",https://www.amazon.it/dp/B0F6VC2K28,55.0,899.0,899.0,EUR,899.0,Amazon,IT,2026-09-26T09:26:12Z,B0F6VC2K28,,,,,
LG,"LG UHD AI 55 Pollici, Serie UA75 2025 Smart TV 4K Ultra HD - 55UA75006LA | Processore α7 Gen8, WebOS con AI, Filmmaker Mod...",https://www.amazon.it/dp/B0F6VH6R37,55.0,361.89,361.89,EUR,361.89,Amazon,IT,2026-09-26T09:26:12Z,B0F6VH6R37,,,,,
LG,"LG Smart TV 32LQ63 - Televisore 80 cm (32"") Full HD Smart TV-wifi Nero",https://www.amazon.it/dp/B09RQ4C4KX,32.0,184.0,184.0,EUR,184.0,Amazon,IT,2026-09-26T09:26:12Z,B09RQ4C4KX,,,,,
LG,"LG QNED AI MiniLED 50 Pollici, Serie QNED7EB 2026 Smart TV 4K - 50QNED7EB3C | AI Magic Remote, 100% Volume Colore, WebOS c...",https://www.amazon.it/dp/B0GWN5NDL7,50.0,479.9,479.9,EUR,479.9,Amazon,IT,2026-09-26T09:26:12Z,B0GWN5NDL7,,,,,
LG,"LG TV LED Ultra HD 4K 43"" SMART 43UR781C",https://www.amazon.it/dp/B0CC9CJZHC,43.0,279.0,279.0,EUR,279.0,Amazon,IT,2026-09-26T09:26:12Z,B0CC9CJZHC,,,,,
LG,"LG QNED evo AI MiniLED 65 Pollici, Serie QNED86B 2026 Smart TV 4K - 65QNED86B6B",https://www.amazon.it/dp/B0GWN457ZW,65.0,874.11,874.11,EUR,874.11,Amazon,IT,2026-09-26T09:26:12Z,B0GWN457ZW,,,,,
LG,"LG UHD AI 43 Pollici, Serie UA75 2025 Smart TV 4K Ultra HD - 43UA75006LA | Processore α7 Gen8, WebOS con AI, Filmmaker Mod...",https://www.amazon.it/dp/B0F6V7PXXK,43.0,286.64,286.64,EUR,286.64,Amazon,IT,2026-09-26T09:26:12Z,B0F6V7PXXK,,,,,
LG,"LG QNED AI 55 Pollici, Serie QNED70 2025 Smart TV 4K - 55QNED70A6A | Processore α7 Gen8, Dynamic QNED Color, WebOS con AI,...",https://www.amazon.it/dp/B0FRSG74G3,55.0,429.0,429.0,EUR,429.0,Amazon,IT,2026-09-26T09:26:12Z,B0FRSG74G3,,,,,
LG,"LG NANO AI UHD 85 Pollici, Serie NU8E 2026 Smart TV 4K - 85NU8E0B3LA | Processore con Nano Detail Enhancer, AI Chatbot, AI...",https://www.amazon.it/dp/B0GWN2QK2Q,85.0,990.0,990.0,EUR,990.0,Amazon,IT,2026-09-26T09:26:12Z,B0GWN2QK2Q,,,,,
LG,"TV 32"""" LG FULLHD EU SMART BIANCO USB DVBT2 DVBS2 4CORE AI WEBOS",https://www.amazon.it/dp/B09V5C4BN7,32.0,219.0,219.0,EUR,219.0,Amazon,IT,2026-09-26T09:26:12Z,B09V5C4BN7,,,,,
Xiaomi,"XIAOMI TV F 32 2025, 32 pollici (81 cm), HD, Smart TV, Fire TV,Triple Tuner DVB-C/S/S2/T/T2, Dolby Audio, DTS Virtual:X, D...",https://www.amazon.it/dp/B0F4548TCQ,32.0,139.0,139.0,EUR,139.0,Amazon,IT,2026-09-26T09:26:12Z,B0F4548TCQ,,,,,
LG,"LG OLED AI 48 Pollici, Serie B5 2025 Smart TV 4K - OLED48B56LA | Processore α8 Gen2, WebOS con AI, Dolby Vision e Atmos, G...",https://www.amazon.it/dp/B0F44FZ1PT,48.0,699.0,699.0,EUR,699.0,Amazon,IT,2026-09-26T09:26:12Z,B0F44FZ1PT,,,,,
LG,"LG Mini RGB 65 Pollici, Serie MRGB87 2026 Smart TV 4K - 65MRGB87B6B | RGB Primary Color Pro, DualColor 100% DCI-P3/Adobe R...",https://www.amazon.it/dp/B0GWN42J5H,65.0,1098.0,1098.0,EUR,1098.0,Amazon,IT,2026-09-26T09:26:12Z,B0GWN42J5H,,,,,
LG,"LG OLED evo AI 55 Pollici, Serie G5 2025 Smart TV 4K - OLED55G56LS | Base da Appoggio Inclusa, Processore α11 Gen2, Bright...",https://www.amazon.it/dp/B0F44B6XV3,55.0,1249.0,1249.0,EUR,1249.0,Amazon,IT,2026-09-26T09:26:12Z,B0F44B6XV3,,,,,
LG,"LG OLED evo AI 55 Pollici, Serie G6S 2026 Smart TV 4K - OLED55G66LS | Base da Appoggio, Hyper Radiant Color, Reflection Fr...",https://www.amazon.it/dp/B0GWMTXL1G,55.0,1799.0,1799.0,EUR,1799.0,Amazon,IT,2026-09-26T09:26:12Z,B0GWMTXL1G,,,,,
LG,"LG UHD 55'', Serie UT73 2024, Smart TV 4K, 55UT73006LA, Processore α5 Gen7, 20W, 3 HDMI, HDR10 Pro, Filmmaker Mode, Game O...",https://www.amazon.it/dp/B0D4MLYBNT,55.0,386.1,386.1,EUR,386.1,Amazon,IT,2026-09-26T09:26:12Z,B0D4MLYBNT,,,,,
LG,"LG QNED AI 55 Pollici, Serie QNED80 2025 Smart TV 4K - 55QNED80A6A | Processore α7 Gen8, Dynamic QNED Color, Design Super ...",https://www.amazon.it/dp/B0F556SYCJ,55.0,409.0,409.0,EUR,409.0,Amazon,IT,2026-09-26T09:26:12Z,B0F556SYCJ,,,,,
LG,"LG OLED evo AI 55 Pollici, Serie C6 2026 Smart TV 4K - OLED55C64LA | Brightness Booster, Processore α11 Gen3, Dual AI Engi...",https://www.amazon.it/dp/B0GWN8FYTQ,55.0,1399.0,1399.0,EUR,1399.0,Amazon,IT,2026-09-26T09:26:12Z,B0GWN8FYTQ,,,,,
LG,"LG UHD 43UR78006LK 109,2 cm (43"") 4K Ultra HD Smart TV Wi-Fi Nero",https://www.amazon.it/dp/B0BWWJQVGZ,43.0,309.9,309.9,EUR,309.9,Amazon,IT,2026-09-26T09:26:12Z,B0BWWJQVGZ,,,,,
Xiaomi,"XIAOMI TV F Pro 32 2025, 32 pollici (81 cm), QLED, Smart TV, Fire TV, Triple Tuner DVB-C/S/S2/T/T2,Dolby Audio, DTS Virtua...",https://www.amazon.it/dp/B0F457M449,32.0,159.0,159.0,EUR,159.0,Amazon,IT,2026-09-26T09:26:12Z,B0F457M449,,,,,
LG,"LG webOS UHD UR78 TV 86 pollici, Smart TV 4K, Ultra HD, Processore α5 Gen6, HDR10 Pro, Filmmaker Mode, Game Optimizer, Wi-...",https://www.amazon.it/dp/B0DK3HZRJV,86.0,898.0,898.0,EUR,898.0,Amazon,IT,2026-09-26T09:26:12Z,B0DK3HZRJV,,,,,
LG,"LG 55"" Smart TV 55UA75006LA Serie UA75 UHD AI 4K, α7 Gen8, HDR10, Game Optimizer, WebOS, Dvb-T2",https://www.amazon.it/dp/B0FQPD9NJ7,55.0,364.87,364.87,EUR,364.87,Amazon,IT,2026-09-26T09:26:12Z,B0FQPD9NJ7,,,,,
LG,"LG TV LED 50"" 50UA751C0LA Ultra HD 4K Smart TV WiFi DVB-T2 (IA Integrata)",https://www.amazon.it/dp/B0FZB52GDB,50.0,319.63,319.63,EUR,319.63,Amazon,IT,2026-09-26T09:26:12Z,B0FZB52GDB,,,,,
LG,"LG QNED AI 43 Pollici, Serie QNED84 2025 Smart TV 4K - 43QNED84A6C | Processore α7 Gen8, Dynamic QNED Color, Design Ultra ...",https://www.amazon.it/dp/B0F5HXV6S6,43.0,,,,,Amazon,IT,2026-09-26T09:26:12Z,B0F5HXV6S6,,,,,
LG,LG 50UR78006LK 50 '' Ultra HD 4K Smart HDR webOS,https://www.amazon.it/dp/B0C3XQ63YZ,50.0,,,,,Amazon,IT,2026-09-26T09:26:12Z,B0C3XQ63YZ,,,,,
LG,"LG NanoCell AI 86 Pollici, Serie NANO81 2025 Smart TV 4K - 86NANO81A6A | Processore α7 Gen8, WebOS, Telecomando Puntatore ...",https://www.amazon.it/dp/B0F55NYPG3,86.0,1199.0,1199.0,EUR,1199.0,Amazon,IT,2026-09-26T09:26:12Z,B0F55NYPG3,,,,,
LG,LG Smart TV 55 Pollici 4K Ultra HD Display NanoCell Sistema WebOS Processore a7 Gen8 Classe G colore Nero - 55NANO81A6A.API,https://www.amazon.it/dp/B0FFGZZTMH,55.0,499.9,499.9,EUR,499.9,Amazon,IT,2026-09-26T09:26:12Z,B0FFGZZTMH,,,,,
LG,"LG 32LM6300PLA Smart TV 32"" Full HD, TV LED Serie LM63 con Wi-Fi, Dolby Digital, Processore Quad Core, Audio Surround, web...",https://www.amazon.it/dp/B07Q124XGQ,32.0,219.9,219.9,EUR,219.9,Amazon,IT,2026-09-26T09:26:12Z,B07Q124XGQ,,,,,
LG,"LG TV LED 55"" 55UA751C0LA Ultra HD 4K Smart TV WiFi DVB-T2 WEBOS (IA Integrata)",https://www.amazon.it/dp/B0FZB4KGBY,55.0,355.15,355.15,EUR,355.15,Amazon,IT,2026-09-26T09:26:12Z,B0FZB4KGBY,,,,,
LG,"LG UHD 75'', Smart TV 4K, 75UR78006LK, Serie UR78 2023, Processore α5 Gen6, HDR10 Pro, Filmmaker Mode, Game Optimizer, Wi-...",https://www.amazon.it/dp/B0BZ16S2VY,75.0,837.95,837.95,EUR,837.95,Amazon,IT,2026-09-26T09:26:12Z,B0BZ16S2VY,,,,,
LG,"LG OLED55G56LS - TV 55 Pollici Smart TV 4K, OLED, DVB-T2, H.265, Classe energetica E",https://www.amazon.it/dp/B0F7HVTDBT,55.0,1306.84,1306.84,EUR,1306.84,Amazon,IT,2026-09-26T09:26:12Z,B0F7HVTDBT,,,,,
Panasonic,"Panasonic TV-24S50AEZC, 24 pollici televisore TV LED HD TV, Fire TV | HD Colour Engine, HDR, Alexa Voice Control, Game Mod...",https://www.amazon.it/dp/B0H2MPDR7G,24.0,179.0,179.0,EUR,179.0,Amazon,IT,2026-09-26T09:26:12Z,B0H2MPDR7G,,,,,
LG,"TV - Televisione intelligente LG 32LQ630B6LA 32"" HD LED WIFI",https://www.amazon.it/dp/B09XXX78CS,32.0,222.83,222.83,EUR,222.83,Amazon,IT,2026-09-26T09:26:12Z,B09XXX78CS,,,,,
LG,"LG 28Mt49S 28"" Hd Smart Tv Wi-Fi Nero Led Tv - Led Tvs 71.1 cm28"", 1366 x 768 Pixels, Ips, Smart Tv, Wi-Fi, Nero",https://www.amazon.it/dp/B06ZY98DQ3,28.0,319.0,319.0,EUR,319.0,Amazon,IT,2026-09-26T09:26:12Z,B06ZY98DQ3,,,,,
LG,"LG 28TL510S-PZ - TV LED 28"", HD Ready, DVB-T2, Smart TV, Wifi",https://www.amazon.it/dp/B07XLTKB8V,28.0,298.0,298.0,EUR,298.0,Amazon,IT,2026-09-26T09:26:12Z,B07XLTKB8V,,,,,
LG,Smart TV LG 24TN510SPZ 24' HD Ready LED WiFi Nero,https://www.amazon.it/dp/B08DRLLTCD,24.0,229.0,229.0,EUR,229.0,Amazon,IT,2026-09-26T09:26:12Z,B08DRLLTCD,,,,,
LG,"LG 65NANO81A6A - TV 65 Pollici, 4K, Smart TV, DVB-T2, Wi-Fi, HEVC/H.265, Classe energetica F",https://www.amazon.it/dp/B0FFH1CDP9,65.0,549.0,549.0,EUR,549.0,Amazon,IT,2026-09-26T09:26:12Z,B0FFH1CDP9,,,,,
LG,"LG 32LQ631C0ZA TV LED 32 pollici, Full HD 1920x1080, WebOS, Direct-LED, 50 Hz, Wi-Fi 5, Bluetooth 5.0, 16:9, HDR",https://www.amazon.it/dp/B0C2KNXL5P,32.0,,,,,Amazon,IT,2026-09-26T09:26:12Z,B0C2KNXL5P,,,,,
LG,"LG 65QNED80A6A - TV 65 Pollici, Smart TV, 4K, DVB-T2, HEVC, Classe energetica G",https://www.amazon.it/dp/B0FQP2D3X5,65.0,648.96,648.96,EUR,648.96,Amazon,IT,2026-09-26T09:26:12Z,B0FQP2D3X5,,,,,
LG,"LG 32LM631C0ZA.AEU Televisor 81,3 cm (32"") Full HD Smart TV WiFi Negro",https://www.amazon.it/dp/B094N7Q7T2,32.0,,,,,Amazon,IT,2026-09-26T09:26:12Z,B094N7Q7T2,,,,,
LG,"LG 55QNED80A6A - TV 55 Pollici, 4K, Smart TV, DVB-T2, Wi-Fi, HEVC/H.265, Classe energetica E",https://www.amazon.it/dp/B0FFH1PYHB,55.0,507.1,507.1,EUR,507.1,Amazon,IT,2026-09-26T09:26:12Z,B0FFH1PYHB,,,,,
LG,TV - Televisione LED - LG - 55UR78003 - 55'' (140 cm) - 4K UHD 3840x2160 - HDR 10 - connecté WebOS - 3xHDMI,https://www.amazon.it/dp/B0CK4RBV3G,55.0,449.9,449.9,EUR,449.9,Amazon,IT,2026-09-26T09:26:12Z,B0CK4RBV3G,,,,,
LG,"LG QNED evo AI 75 Pollici, Serie QNED86 2025 Smart TV 4K - 75QNED86A6A | Processore α8 Gen2, Dimming Pro con MiniLED, WebO...",https://www.amazon.it/dp/B0F6VBBWY2,75.0,1399.0,1399.0,EUR,1399.0,Amazon,IT,2026-09-26T09:26:12Z,B0F6VBBWY2,,,,,
LG,"LG QNED AI 86 Pollici, Serie QNED80 2025 Smart TV 4K - 86QNED80A6A | Processore α7 Gen8, Dynamic QNED Color, Design Super ...",https://www.amazon.it/dp/B0F562B5VV,86.0,1499.0,1499.0,EUR,1499.0,Amazon,IT,2026-09-26T09:26:12Z,B0F562B5VV,,,,,
LG,"LG QNED 98 Pollici, Serie QNED89 2024 Smart TV 4K - 98QNED89T6A | Processore α8, Precision Dimming, 20W, AI Picture Pro, 4...",https://www.amazon.it/dp/B0CZP98Y2K,98.0,1999.0,1999.0,EUR,1999.0,Amazon,IT,2026-09-26T09:26:12Z,B0CZP98Y2K,,,,,
LG,"LG QNED evo AI MiniLED 55 Pollici, Serie QNED93B 2026 Smart TV 4K - 55QNED93B6A",https://www.amazon.it/dp/B0GWMW22BH,55.0,1099.0,1099.0,EUR,1099.0,Amazon,IT,2026-09-26T09:26:12Z,B0GWMW22BH,,,,,
LG,"LG NanoCell 55NANO766QA Smart TV 4K 55"" NANO76 Series 2022, α5 Gen 5 Processor, Filmmaker Mode, Game Optimizer, Wi-Fi, AI ...",https://www.amazon.it/dp/B09TBJD7S1,55.0,719.0,719.0,EUR,719.0,Amazon,IT,2026-09-26T09:26:12Z,B09TBJD7S1,,,,,
LG,"LG LM550BPLB 81,3 cm (32"") HD Nero",https://www.amazon.it/dp/B07R5481WP,32.0,,,,,Amazon,IT,2026-09-26T09:26:12Z,B07R5481WP,,,,,
LG,"LG Smart TV 32LM637BPLA 32' HD DLED WiFi, 2021",https://www.amazon.it/dp/B08Y5RBF45,32.0,214.9,214.9,EUR,214.9,Amazon,IT,2026-09-26T09:26:12Z,B08Y5RBF45,,,,,
LG,LG Smart TV 50 Pollici 4K Ultra HD Display QNED evo Sistema WebOS Processore a7 Gen8 Classe F colore Nero - 50QNED86A6C.API,https://www.amazon.it/dp/B0FFGZB9CV,50.0,572.24,572.24,EUR,572.24,Amazon,IT,2026-09-26T09:26:12Z,B0FFGZB9CV,,,,,
LG,"LG 32Lq630B6La Smart Tv 32 Pollici Hd Ready, Tv Led 2022 Con Processore Α5 Gen 5 Con Ai, Webos 22, Hdr, Wi-Fi, Google Stad...",https://www.amazon.it/dp/B09TBJS3D1,32.0,,,,,Amazon,IT,2026-09-26T09:26:12Z,B09TBJS3D1,,,,,
LG,"LG OLED evo AI 83 Pollici, Serie G5 2025 Smart TV 4K - OLED83G54LW | Staffa a Muro Inclusa, Processore α11 Gen2, Brightnes...",https://www.amazon.it/dp/B0F44FYPFB,83.0,3999.0,3999.0,EUR,3999.0,Amazon,IT,2026-09-26T09:26:12Z,B0F44FYPFB,,,,,
LG,"Smart TV LG 65B56LA 65"" 4K Ultra HD HDR OLED",https://www.amazon.it/dp/B0F7HYW329,65.0,1338.22,1338.22,EUR,1338.22,Amazon,IT,2026-09-26T09:26:12Z,B0F7HYW329,,,,,
LG,"LG OLED evo 55'', Serie C4 2024, OLED55C46LA, Smart TV 4K, Processore α9 Gen7, Brightness Booster, 40W, Dolby Vision, 4 HD...",https://www.amazon.it/dp/B0CZP8VJSC,55.0,1499.0,1499.0,EUR,1499.0,Amazon,IT,2026-09-26T09:26:12Z,B0CZP8VJSC,,,,,
LG,"LG OLED48B56LA - TV 48 Pollici, 4K, OLED, DVB-T2, HEVC/H.265, Classe energetica G",https://www.amazon.it/dp/B0F7HZV2T1,48.0,717.8,717.8,EUR,717.8,Amazon,IT,2026-09-26T09:26:12Z,B0F7HZV2T1,,,,,
LG,"LG UHD 65'', Serie UT8000 2024, 65UT80006LA, Smart TV 4K, Ultra HD, Processore α5 Gen7, 20W, 3 HDMI, HDR10 Pro, Filmmaker ...",https://www.amazon.it/dp/B0CZPB5YTT,65.0,849.0,849.0,EUR,849.0,Amazon,IT,2026-09-26T09:26:12Z,B0CZPB5YTT,,,,,
LG,LG 65QNED70B6C - Tv 65 Pollici Smart Tv 4K DVB-T2 HEVC/H.265 Nero Classe Energetica E,https://www.amazon.it/dp/B0H36TTFCF,65.0,,,,,Amazon,IT,2026-09-26T09:26:12Z,B0H36TTFCF,,,,,
LG,"LG 43UQ75006LF Smart TV 4K 43"" TV Ultra HD Serie UQ75 2022, Processore α5 Gen 5, Filmmaker Mode, Game Optimizer, Wi-Fi, Co...",https://www.amazon.it/dp/B09TBGDKYK,43.0,,,,,Amazon,IT,2026-09-26T09:26:12Z,B09TBGDKYK,,,,,
LG,"LG 65QNED70A6A - TV 65 Pollici, Smart TV, 4K, QNED, DVB-T2, HEVC/H.265, Classe energetica F",https://www.amazon.it/dp/B0FQPD1QWT,65.0,624.0,624.0,EUR,624.0,Amazon,IT,2026-09-26T09:26:12Z,B0FQPD1QWT,,,,,
LG,"LG 85QNED72B6A TV 85"", 4K QNED MiniLED, Smart TV, WebOS 26, Processore α7 AI Gen9, 4K Super Upscaling, HDR10 e Dolby Digit...",https://www.amazon.it/dp/B0GTZRJMX9,85.0,1574.89,1574.89,EUR,1574.89,Amazon,IT,2026-09-26T09:26:12Z,B0GTZRJMX9,,,,,
LG,LG 32LQ630B6LA - Smart TV 32 Pollici HD LED DVB-T2 Wi-fi,https://www.amazon.it/dp/B09V2WKTQB,32.0,,,,,Amazon,IT,2026-09-26T09:26:12Z,B09V2WKTQB,,,,,
LG,"LG 55UJ620V 55"" 4K Ultra HD Smart TV Wi-Fi Black LED TV, 55'', 3840 x 2160 Pixels, LED, Wi-Fi, Nero",https://www.amazon.it/dp/B075TWZMZM,55.0,619.0,619.0,EUR,619.0,Amazon,IT,2026-09-26T09:26:12Z,B075TWZMZM,,,,,
LG,"LG 32LM6370PLA Smart TV 32"" Full HD, TV LED Serie LM63 con Dolby Audio, Dolby Digital, Processore Quad Core, Wi-Fi, Audio ...",https://www.amazon.it/dp/B08Z4BD8X9,32.0,,,,,Amazon,IT,2026-09-26T09:26:12Z,B08Z4BD8X9,,,,,
LG,LG 55UR78006LK 55 '' Ultra HD 4K Smart HDR webOS,https://www.amazon.it/dp/B0C3ZW69GP,55.0,478.8,478.8,EUR,478.8,Amazon,IT,2026-09-26T09:26:12Z,B0C3ZW69GP,,,,,
LG,"LG TV LED 4K AI Ultra HD,55UM7400PLB, Smart TV 55"", 4K Active HDR",https://www.amazon.it/dp/B07R8JJD7R,55.0,649.0,649.0,EUR,649.0,Amazon,IT,2026-09-26T09:26:12Z,B07R8JJD7R,,,,,
LG,"LG 60UM71007LB televisore 152,4 cm (60"") 4K Ultra HD Smart TV Wi-Fi Nero",https://www.amazon.it/dp/B07PY5BFHL,60.0,869.0,869.0,EUR,869.0,Amazon,IT,2026-09-26T09:26:12Z,B07PY5BFHL,,,,,
LG,"LG QNED86B 4K Mini TV LED da 50"", processore α8 AI, 144Hz, Dolby Vision, HDR10, FreeSync, WebOS, HDMI 2.1",https://www.amazon.it/dp/B0HDZ86ZDZ,50.0,865.37,865.37,EUR,865.37,Amazon,IT,2026-09-26T09:26:12Z,B0HDZ86ZDZ,,,,,
LG,"LG 43UK6400 Televisore 43"" 4K Ultra Hd Smart Tv Wi-Fi Nero, 109.2 cm",https://www.amazon.it/dp/B07B4KQB55,43.0,540.0,540.0,EUR,540.0,Amazon,IT,2026-09-26T09:26:12Z,B07B4KQB55,,,,,
LG,"LG TVC 43"" UHD Smart",https://www.amazon.it/dp/B0FPCSCWYT,43.0,,,,,Amazon,IT,2026-09-26T09:26:12Z,B0FPCSCWYT,,,,,
LG,"LG 43LM6300 109,2 cm (43"") Full HD Smart TV Wi-Fi Nero",https://www.amazon.it/dp/B07R1DJGHV,43.0,348.9,348.9,EUR,348.9,Amazon,IT,2026-09-26T09:26:12Z,B07R1DJGHV,,,,,
LG,"LG 43UP75006LF Smart TV LED 4K Ultra HD 43” 2021 con Processore Quad Core 4K, Wi-Fi, webOS 6.0, FILMMAKER MODE, Game Optim...",https://www.amazon.it/dp/B094N5LB79,43.0,499.0,499.0,EUR,499.0,Amazon,IT,2026-09-26T09:26:12Z,B094N5LB79,,,,,
LG,"LG 43UM7390 109,2 cm (43"") 4K Ultra HD Smart TV Wi-Fi [Bianco]",https://www.amazon.it/dp/B07PZD8LKN,43.0,569.0,569.0,EUR,569.0,Amazon,IT,2026-09-26T09:26:12Z,B07PZD8LKN,,,,,
LG,"LG 50UK6470PLC televisore 127 cm (50"") 4K Ultra HD Smart TV Wi-Fi Nero",https://www.amazon.it/dp/B07CLG55ZK,50.0,660.0,660.0,EUR,660.0,Amazon,IT,2026-09-26T09:26:12Z,B07CLG55ZK,,,,,
LG,"LG 55UK6300MLB televisore 139,7 cm (55"") 4K Ultra HD Smart TV Wi-Fi Nero",https://www.amazon.it/dp/B07C4XV9GB,55.0,599.0,599.0,EUR,599.0,Amazon,IT,2026-09-26T09:26:12Z,B07C4XV9GB,,,,,
LG,"LG 55UM71007LB televisore 139,7 cm (55"") 4K Ultra HD Smart TV Wi-Fi Nero",https://www.amazon.it/dp/B07PMMSKJG,55.0,619.0,619.0,EUR,619.0,Amazon,IT,2026-09-26T09:26:12Z,B07PMMSKJG,,,,,
LG,"LG 43UP751C0ZF.AEU Televisor 109,2 cm (43"") 4K Ultra HD Smart TV Wifi Negro, Plata",https://www.amazon.it/dp/B09N7NDZXR,43.0,498.0,498.0,EUR,498.0,Amazon,IT,2026-09-26T09:26:12Z,B09N7NDZXR,,,,,
LG,"LG QNED 55', Smart TV 4K, 55QNED816RE, Serie QNED81 2023, Processore α7 Gen6, Design ultra slim, Base regolabile, AI Pictu...",https://www.amazon.it/dp/B0BZD9475B,55.0,,,,,Amazon,IT,2026-09-26T09:26:12Z,B0BZD9475B,,,,,
LG,"Tv LG Televisore 43Lk5100Pla 43"" Full Hd Virtual Surround Led",https://www.amazon.it/dp/B07C32PX95,43.0,480.0,480.0,EUR,480.0,Amazon,IT,2026-09-26T09:26:12Z,B07C32PX95,,,,,
LG,"LG 55UJ6307 televisore 139,7 cm (55"") 4K Ultra HD Smart TV Wi-Fi Nero",https://www.amazon.it/dp/B072HQHBW4,55.0,588.0,588.0,EUR,588.0,Amazon,IT,2026-09-26T09:26:12Z,B072HQHBW4,,,,,
LG,"LG UHD 43UQ75003LF TELEVISOR 109,2 CM (43"") 4K ULTRA HD SMART TV WIFI NEGRO",https://www.amazon.it/dp/B0B8JRZTQF,43.0,489.0,489.0,EUR,489.0,Amazon,IT,2026-09-26T09:26:12Z,B0B8JRZTQF,,,,,
LG,"LG NanoCell 43NANO766QA Smart TV 4K 43"" NANO76 Series 2022 Series α5 Gen 5 Processor, Filmmaker Mode, Game Optimizer, Wi-F...",https://www.amazon.it/dp/B09TBJHBQN,43.0,569.0,569.0,EUR,569.0,Amazon,IT,2026-09-26T09:26:12Z,B09TBJHBQN,,,,,
LG,"LG 55UQ75006LF Smart TV 4K 55"" TV Ultra HD Serie UQ75 2022, Processore α5 Gen 5, Filmmaker Mode, Game Optimizer, Wi-Fi, Co...",https://www.amazon.it/dp/B09TBK27QK,55.0,619.0,619.0,EUR,619.0,Amazon,IT,2026-09-26T09:26:12Z,B09TBK27QK,,,,,
LG,"LG UHD TV 55UN71006LB.APID, Smart TV 55'', LED 4K IPS Display, Versione 2020",https://www.amazon.it/dp/B0857SFSFH,55.0,639.8,639.8,EUR,639.8,Amazon,IT,2026-09-26T09:26:12Z,B0857SFSFH,,,,,
LG,"LG 50UP75006LF Smart TV LED 4K Ultra HD 50” 2021 con Processore Quad Core 4K, Wi-Fi, webOS 6.0, FILMMAKER MODE, Game Optim...",https://www.amazon.it/dp/B09BCZP2JC,50.0,579.0,579.0,EUR,579.0,Amazon,IT,2026-09-26T09:26:12Z,B09BCZP2JC,,,,,
LG,"Lg 32Lk6100Plb 32"" Full Hd Smart TVwi-Fi",https://www.amazon.it/dp/B07CJRJK1V,32.0,379.0,379.0,EUR,379.0,Amazon,IT,2026-09-26T09:26:12Z,B07CJRJK1V,,,,,
LG,"LG TV LED 4K AI Ultra HD,43UM7400, Smart TV 43"", 4K Active HDR",https://www.amazon.it/dp/B07R4BQPJT,43.0,559.0,559.0,EUR,559.0,Amazon,IT,2026-09-26T09:26:12Z,B07R4BQPJT,,,,,
LG,"LG SMART TV OLED 83"" UHD 4K NERO",https://www.amazon.it/dp/B0G6BGKHGC,83.0,2661.8,2661.8,EUR,2661.8,Amazon,IT,2026-09-26T09:26:12Z,B0G6BGKHGC,,,,,
LG,"LG 50UQ75006LF Smart TV 4K 50"" TV Ultra HD Serie UQ75 2022, Processore α5 Gen 5, Filmmaker Mode, Game Optimizer, Wi-Fi, Co...",https://www.amazon.it/dp/B09TBJGBJV,50.0,612.0,612.0,EUR,612.0,Amazon,IT,2026-09-26T09:26:12Z,B09TBJGBJV,,,,,
LG,"LG OLED48A16LA Smart TV 4K 48"", TV OLED Serie A1 2021, Processore α7 Gen4, Dolby Vision IQ, Wi-Fi, webOS 6.0, FILMMAKER MO...",https://www.amazon.it/dp/B08WQ7STJF,48.0,1142.96,1142.96,EUR,1142.96,Amazon,IT,2026-09-26T09:26:12Z,B08WQ7STJF,,,,,
LG,"LG 65UP75006LF Smart TV LED 4K Ultra HD 65” 2021 con Processore Quad Core 4K, Wi-Fi, webOS 6.0, FILMMAKER MODE, Game Optim...",https://www.amazon.it/dp/B08WPQN69W,65.0,898.0,898.0,EUR,898.0,Amazon,IT,2026-09-26T09:26:12Z,B08WPQN69W,,,,,
LG,"LG OLED48C44LA - Smart TV 48 Pollici (121,9 cm), 4K, DVB-T2, HEVC, OLED",https://www.amazon.it/dp/B0DK3GS2WV,48.0,1232.03,1232.03,EUR,1232.03,Amazon,IT,2026-09-26T09:26:12Z,B0DK3GS2WV,,,,,
LG,"LG 43UP78003 SMART TV 4K Ultra HD 43"" 2021 Processore Quad Core 4K, Wi-Fi, webOS 6.0, Google Assistant e Alexa Integrati, ...",https://www.amazon.it/dp/B09DZ2NN4S,43.0,575.0,575.0,EUR,575.0,Amazon,IT,2026-09-26T09:26:12Z,B09DZ2NN4S,,,,,
LG,"LG 43LK5900PLA 43"" Full HD Smart TV Wi-Fi Nero",https://www.amazon.it/dp/B07DW6PLFK,43.0,519.0,519.0,EUR,519.0,Amazon,IT,2026-09-26T09:26:12Z,B07DW6PLFK,,,,,
LG,"LG 32LK6100PLB 32"" FULL HD SMART TV WIFI LED",https://www.amazon.it/dp/B07DW8GN9D,32.0,399.0,399.0,EUR,399.0,Amazon,IT,2026-09-26T09:26:12Z,B07DW8GN9D,,,,,
LG,"LG OLED AI ThinQ 55B8 Smart TV 55'' 4K Cinema Vision, HDR, Dolby Atmos, 2018",https://www.amazon.it/dp/B07CL963W6,55.0,1199.99,1199.99,EUR,1199.99,Amazon,IT,2026-09-26T09:26:12Z,B07CL963W6,,,,,
LG,"LG 50UP75003LF Smart TV LED 4K Ultra HD Serie 7 TV 50” 2021 con Processore Quad Core 4K, Wi-Fi, webOS 6.0, Filmmaker mode,...",https://www.amazon.it/dp/B09MFZV7F9,50.0,569.0,569.0,EUR,569.0,Amazon,IT,2026-09-26T09:26:12Z,B09MFZV7F9,,,,,
LG,LG 55UP78006LB 55 '' Ultra HD 4K Smart HDR webOS,https://www.amazon.it/dp/B096TFPZRH,55.0,760.0,760.0,EUR,760.0,Amazon,IT,2026-09-26T09:26:12Z,B096TFPZRH,,,,,
LG,LG Nanocell 49 pollici 49NANO803NA SmartTV 4K Ultra HD [Classe di efficienza energetica A],https://www.amazon.it/dp/B08QQRKW4N,49.0,639.0,639.0,EUR,639.0,Amazon,IT,2026-09-26T09:26:12Z,B08QQRKW4N,,,,,
LG,"LG 32LK610B 32"" HD Smart TV Wi-Fi Black, Grey LED TV - LED TVs (81.3 cm (32""), 1366 x 768 pixels, LED, Smart TV, Wi-Fi, Bl...",https://www.amazon.it/dp/B07DW6PSZ2,32.0,329.0,329.0,EUR,329.0,Amazon,IT,2026-09-26T09:26:12Z,B07DW6PSZ2,,,,,
LG,LG 55UK6200 TV LED 55 POLLICI ULTRA HD 4K HDR SMART TV Wi-Fi,https://www.amazon.it/dp/B07HN89RWN,55.0,631.0,631.0,EUR,631.0,Amazon,IT,2026-09-26T09:26:12Z,B07HN89RWN,,,,,
LG,"LG Smart TV 50 Pollici, 4k (3840 x 2160 pixel) DVB-T2, Wifi",https://www.amazon.it/dp/B08RP4PFQ7,50.0,669.0,669.0,EUR,669.0,Amazon,IT,2026-09-26T09:26:12Z,B08RP4PFQ7,,,,,
LG,"LG OLED Evo OLED55C34LA 55""",https://www.amazon.it/dp/B0C5N6F2QM,55.0,1399.0,1399.0,EUR,1399.0,Amazon,IT,2026-09-26T09:26:12Z,B0C5N6F2QM,,,,,
LG,LG OLED AI 55 pollici Smart TV OLED55C9PLA,https://www.amazon.it/dp/B07QNS1LVK,55.0,1990.0,1990.0,EUR,1990.0,Amazon,IT,2026-09-26T09:26:12Z,B07QNS1LVK,,,,,
LG,"LG Electronics 50UP75009LF.AEUD LED-TV 126cm 50 Zoll EEK G (A - G) Smart TV, UHD, WLAN",https://www.amazon.it/dp/B08VD8TCY5,50.0,699.0,699.0,EUR,699.0,Amazon,IT,2026-09-26T09:26:12Z,B08VD8TCY5,,,,,
LG,"LG 65UQ75006LF Smart TV 4K 65"" TV Ultra HD Serie UQ75 2022, Processore α5 Gen 5, Filmmaker Mode, Game Optimizer, Wi-Fi, Co...",https://www.amazon.it/dp/B09TBGJB1K,65.0,899.0,899.0,EUR,899.0,Amazon,IT,2026-09-26T09:26:12Z,B09TBGJB1K,,,,,
LG,"Lg 43UN73006LC - Smart TV 43"" (109.2 cm), 4K, LED, DVB-T2, Wifi",https://www.amazon.it/dp/B08BCRP8C8,43.0,509.0,509.0,EUR,509.0,Amazon,IT,2026-09-26T09:26:12Z,B08BCRP8C8,,,,,
LG,"Lg 55B9SLA - Smart TV OLED 55"" (139,7 cm), 4K, DVB-T2, Wifi",https://www.amazon.it/dp/B08BCT8T49,55.0,1540.0,1540.0,EUR,1540.0,Amazon,IT,2026-09-26T09:26:12Z,B08BCT8T49,,,,,
LG,"LG 55UM7100PLB 139.7 cm (55"") 4K Ultra HD Smart TV Wi-Fi Nero, Modello 2019",https://www.amazon.it/dp/B07R9XDTJJ,55.0,599.0,599.0,EUR,599.0,Amazon,IT,2026-09-26T09:26:12Z,B07R9XDTJJ,,,,,
LG,"LG 43UM7600 109,2 cm (43"") 4K Ultra HD Smart TV Wi-Fi Argento",https://www.amazon.it/dp/B07QQH5P3B,43.0,599.0,599.0,EUR,599.0,Amazon,IT,2026-09-26T09:26:12Z,B07QQH5P3B,,,,,
LG,"LG 43UJ634V 43"" LED ULTRA HD 4K SMART TV DVB-T2/C/S2 3xHDMI 2xUSB COLORE NERO GARANZIA ITALIA",https://www.amazon.it/dp/B071RCW1KY,43.0,570.0,570.0,EUR,570.0,Amazon,IT,2026-09-26T09:26:12Z,B071RCW1KY,,,,,
LG,"LG 60UM7100 152,4 cm (60"") 4K Ultra HD Smart TV Wi-Fi Nero",https://www.amazon.it/dp/B07RYBB1PQ,60.0,859.0,859.0,EUR,859.0,Amazon,IT,2026-09-26T09:26:12Z,B07RYBB1PQ,,,,,
LG,"LG 49UK6300 127 cm (50"") 4K Ultra HD Smart TV Wi-Fi Nero, Grigio",https://www.amazon.it/dp/B07B4KQB54,50.0,599.0,599.0,EUR,599.0,Amazon,IT,2026-09-26T09:26:12Z,B07B4KQB54,,,,,
LG,"LG Tv Uk6470 da 55"" Ultra Hd - Smart Tv - 4K - Active Hdr - Hevc - Wifi - Bluetooth - Serie 2018",https://www.amazon.it/dp/B07CKWGCVJ,55.0,640.0,640.0,EUR,640.0,Amazon,IT,2026-09-26T09:26:12Z,B07CKWGCVJ,,,,,
LG,"LG 50"" UHD 50UQ75003LF TV 127 cm 4K Ultra HD Smart TV Wi-Fi Nero",https://www.amazon.it/dp/B0BL7B8SXF,50.0,599.0,599.0,EUR,599.0,Amazon,IT,2026-09-26T09:26:12Z,B0BL7B8SXF,,,,,
LG,"TV LED 32"" LG 32LK500 EUROPA BLACK",https://www.amazon.it/dp/B07DDFKT3Y,32.0,339.0,339.0,EUR,339.0,Amazon,IT,2026-09-26T09:26:12Z,B07DDFKT3Y,,,,,
LG,"LG TV 43"" UHD Smart HDR 10 * MR20 DVB-C/S2/T2 HD WiFi DLNA HLG PRO",https://www.amazon.it/dp/B08L943B9V,43.0,470.0,470.0,EUR,470.0,Amazon,IT,2026-09-26T09:26:12Z,B08L943B9V,,,,,
LG,"LG 55UK6200PLA Smart Tv Uhd 4K da 55"", Active Hdr, Hdr10 Pro e Hlg",https://www.amazon.it/dp/B07GFH8T77,55.0,620.0,620.0,EUR,620.0,Amazon,IT,2026-09-26T09:26:12Z,B07GFH8T77,,,,,
LG,"LG 43UQ75009LF 109cm 43"""" 4K LED Smart TV Fernseher",https://www.amazon.it/dp/B09RQ36JLS,43.0,529.0,529.0,EUR,529.0,Amazon,IT,2026-09-26T09:26:12Z,B09RQ36JLS,,,,,
LG,"Graetz TV 32"" Mod. GR32S1470 HD Smart WebOS ThinqAI HDR10 Bluetooth 5.0, LG Content Store DVBT T2 DVBS S2 DVBC Hotel",https://www.amazon.it/dp/B0D37QXZWC,32.0,,,,,Amazon,IT,2026-09-26T09:26:12Z,B0D37QXZWC,,,,,
LG,"LG 24TL510V-WZ - TV LED 24"", DVB-T2, Funzione Hotel, colore Bianco",https://www.amazon.it/dp/B07XVM6W87,24.0,,,,,Amazon,IT,2026-09-26T09:26:12Z,B07XVM6W87,,,,,
LG,"LG 32LK6200PLA FullHD Smart Tv Wi-Fi LED TV - (81.3 cm (32"") 1920x1080",https://www.amazon.it/dp/B07B4F8WC6,32.0,,,,,Amazon,IT,2026-09-26T09:26:12Z,B07B4F8WC6,,,,,
LG,"LG 32LJ610V 32"" LED FULL HD SMART TV WI-FI GARANZIA EUROPA",https://www.amazon.it/dp/B06XPQVXX2,32.0,,,,,Amazon,IT,2026-09-26T09:26:12Z,B06XPQVXX2,,,,,
LG,"Smart TV LG 77G54LW 4K Ultra HD 77"" HDR OLED",https://www.amazon.it/dp/B0F3D6NBFN,77.0,,,,,Amazon,IT,2026-09-26T09:26:12Z,B0F3D6NBFN,,,,,
LG,"TV LG 43NANO763QA 43"" (109 CM), SMART TV, WEBOS, 4K HDR NANOCELL",https://www.amazon.it/dp/B0B8JSPDWX,43.0,,,,,Amazon,IT,2026-09-26T09:26:12Z,B0B8JSPDWX,,,,,
TCL,"TCL 85Q6C – Smart TV QD‑Mini LED 4K HDR10+ da 85"", Google TV | Dolby Vision IQ & Atmos, 144Hz Motion Clarity Pro, Game Mas...",https://www.amazon.it/dp/B0DXQ5VTVK,85.0,1299.9,1299.9,EUR,1299.9,Amazon,IT,2026-09-26T09:26:12Z,B0DXQ5VTVK,,,,,
Samsung,"Samsung OLED 4K Vision AI Smart TV 83'' QE83S94FAEXZT, NQ4 AI Gen3 Processor, 4K AI Upscaling Pro, Motion Xcelerator 144H...",https://www.amazon.it/dp/B0F4T3NF1J,83.0,2499.0,2499.0,EUR,2499.0,Amazon,IT,2026-09-26T09:26:12Z,B0F4T3NF1J,,,,,
LG,"LG TVC 75"" NONOCELL UHD Dolby Vision",https://www.amazon.it/dp/B0DGXRCLWT,75.0,,,,,Amazon,IT,2026-09-26T09:26:12Z,B0DGXRCLWT,,,,,
LG,"LG OLED65G56LS - TV 65 Pollici, 4K, OLED, DVB-T2, HEVC/H.265, Classe energetica E",https://www.amazon.it/dp/B0F7J3BFKL,65.0,,,,,Amazon,IT,2026-09-26T09:26:12Z,B0F7J3BFKL,,,,,
TCL,"TCL 43PF650 – Smart TV 4K Ultra HD da 43"", Fire TV | Game Master, Motion Clarity, Dolby Vision & Atmos, Press & Ask Alexa",https://www.amazon.it/dp/B0D8J7L6N9,43.0,239.9,239.9,EUR,239.9,Amazon,IT,2026-09-26T09:26:12Z,B0D8J7L6N9,,,,,
TCL,"TCL 50Q6C – Smart TV QD‑Mini LED 4K HDR10+ da 50"", Google TV | Dolby Vision IQ & Atmos, 144Hz Motion Clarity Pro, Game Mas...",https://www.amazon.it/dp/B0FD9VF12V,50.0,399.9,399.9,EUR,399.9,Amazon,IT,2026-09-26T09:26:12Z,B0FD9VF12V,,,,,
TCL,"TCL 32SF560 – Smart TV Full HD QLED HDR da 32"", Fire TV | Press & Ask Alexa, Metallic Bezel-Less Design",https://www.amazon.it/dp/B0F9PVTQL2,32.0,179.9,179.9,EUR,179.9,Amazon,IT,2026-09-26T09:26:12Z,B0F9PVTQL2,,,,,
TCL,"TCL 65V6C – Smart TV 4K HDR Direct LED da 65"", Google TV con Dolby Audio | Game Master, Motion Clarity, Google Assistant, ...",https://www.amazon.it/dp/B0DV9GHKQ6,65.0,429.9,429.9,EUR,429.9,Amazon,IT,2026-09-26T09:26:12Z,B0DV9GHKQ6,,,,,
TCL,"TCL 43T69C – Smart TV QLED 4K HDR10+ da 43"", Google TV con Dolby Atmos | Game Mast, Dolby Vision, Motion Clarity, Google A...",https://www.amazon.it/dp/B0F8QFTXW9,43.0,269.99,269.99,EUR,269.99,Amazon,IT,2026-09-26T09:26:12Z,B0F8QFTXW9,,,,,
TCL,"TCL 55T69C – Smart TV QLED 4K HDR10+ da 55"", Google TV con Dolby Atmos | Game Mast, Dolby Vision, Motion Clarity, Google A...",https://www.amazon.it/dp/B0F8QFPB14,55.0,379.0,379.0,EUR,379.0,Amazon,IT,2026-09-26T09:26:12Z,B0F8QFPB14,,,,,
TCL,"TCL 55Q6C – Smart TV QD‑Mini LED 4K HDR10+ da 55"", Google TV | Dolby Vision IQ & Atmos, 144Hz Motion Clarity Pro, Game Mas...",https://www.amazon.it/dp/B0DX185Q23,55.0,496.85,496.85,EUR,496.85,Amazon,IT,2026-09-26T09:26:12Z,B0DX185Q23,,,,,
TCL,"TCL 75V6C – Smart TV 4K HDR Direct LED da 75"", Google TV con Dolby Audio | Game Master, Motion Clarity, Google Assistant, ...",https://www.amazon.it/dp/B0DV9L8KLJ,75.0,549.9,549.9,EUR,549.9,Amazon,IT,2026-09-26T09:26:12Z,B0DV9L8KLJ,,,,,
TCL,"TCL 43T6C – Smart TV QLED 4K HDR10+ da 43"", Fire TV con Dolby Atmos | Game Mast, VRR, Dolby Vision, Motion Clarity, Press...",https://www.amazon.it/dp/B0DW98NN53,43.0,279.0,279.0,EUR,279.0,Amazon,IT,2026-09-26T09:26:12Z,B0DW98NN53,,,,,
TCL,"TCL 55P6K – Smart TV 4K HDR Direct LED da 55"", Google TV con Dolby Audio | Motion Clarity, Google Assistant, Compatible wi...",https://www.amazon.it/dp/B0F7RVDMKF,55.0,329.0,329.0,EUR,329.0,Amazon,IT,2026-09-26T09:26:12Z,B0F7RVDMKF,,,,,
TCL,"TCL 65T8D – Smart TV QD‑Mini LED 4K HDR10+ da 65"", pensato per il gaming, 144Hz VRR",https://www.amazon.it/dp/B0GR9FLCYT,65.0,649.9,649.9,EUR,649.9,Amazon,IT,2026-09-26T09:26:12Z,B0GR9FLCYT,,,,,
TCL,"TCL 65P7K 65”QLED 4K HDR TV, Google TV, Smart TV(Dolby Vision & Atmos, Game Master, Motion clarity)",https://www.amazon.it/dp/B0FH78VT5V,65.0,499.9,499.9,EUR,499.9,Amazon,IT,2026-09-26T09:26:12Z,B0FH78VT5V,,,,,
TCL,"TCL 55C8L – Smart TV SQD‑Mini LED 4K HDR10+ da 55"", 3.000nit | 1,008 Dimming Zones, Dolby Vision IQ & Atmos, 144Hz VRR, Au...",https://www.amazon.it/dp/B0GTZS35X6,55.0,837.91,837.91,EUR,837.91,Amazon,IT,2026-09-26T09:26:12Z,B0GTZS35X6,,,,,
TCL,"TCL S54 Series 32S5400A TV 81,3 cm (32"") HD Smart TV WiFi Nero",https://www.amazon.it/dp/B0CL9YSFJK,32.0,143.0,143.0,EUR,143.0,Amazon,IT,2026-09-26T09:26:12Z,B0CL9YSFJK,,,,,
TCL,"TCL 65C6K Pro - Smart TV QD‑Mini LED 4K HDR10+ da 65"", 1.000nit",https://www.amazon.it/dp/B0H3KML2J6,65.0,699.49,699.49,EUR,699.49,Amazon,IT,2026-09-26T09:26:12Z,B0H3KML2J6,,,,,
TCL,"TCL 50Q7C – Smart TV QD‑Mini LED 4K HDR10+ da 50"", 2.000nit | Dolby Vision IQ & Atmos, HVA Panel, 144Hz Motion Clarity Pr...",https://www.amazon.it/dp/B0F38D74ZD,50.0,549.9,549.9,EUR,549.9,Amazon,IT,2026-09-26T09:26:12Z,B0F38D74ZD,,,,,
TCL,"TCL 115C7K – Smart TV QD‑Mini LED 4K HDR10+ da 115"", 3.000nit | Dolby Vision IQ & Atmos, CrystGlow HVA Panel, 144Hz Motion...",https://www.amazon.it/dp/B0F5BQDNGB,115.0,10292.77,10292.77,EUR,10292.77,Amazon,IT,2026-09-26T09:26:12Z,B0F5BQDNGB,,,,,
TCL,"TCL 65P69B TV 65 Pollici LED 4K Ultra HD Smart TV, Google TV, WiFi, HDR, Bluetooth, HDMI, USB, Televisore 4K",https://www.amazon.it/dp/B0HK1CLBD2,65.0,385.0,385.0,EUR,385.0,Amazon,IT,2026-09-26T09:26:12Z,B0HK1CLBD2,,,,,
TCL,"TCL 65Q8C – Smart TV QD‑Mini LED 4K HDR10+ da 65"", 4.500nit, ZeroBorder | Dolby Vision IQ & Atmos, CrystGlow WHVA Panel, 1...",https://www.amazon.it/dp/B0F9WRKNS3,65.0,1199.9,1199.9,EUR,1199.9,Amazon,IT,2026-09-26T09:26:12Z,B0F9WRKNS3,,,,,
TCL,"TCL P79K Serie Smart TV QLED 4K 55"" 55P79K, Dolby Vision - Atmos, HDR10+, Google TV",https://www.amazon.it/dp/B0F9TF6MQZ,55.0,,,,,Amazon,IT,2026-09-26T09:26:12Z,B0F9TF6MQZ,,,,,
TCL,"TCL 55V6B TV 55”, 4K HDR, Ultra HD, Google TV con design senza bordi, Dolby Audio, compatibile con Google Assistant e Alexa",https://www.amazon.it/dp/B0CXF49BXG,55.0,,,,,Amazon,IT,2026-09-26T09:26:12Z,B0CXF49BXG,,,,,
TCL,"TCL 32V5D – Smart TV QLED Full HD HDR da 32"" con Fire TV | Direct LED, Apple AirPlay 2, Press & Ask Alexa, Metallic Bezel-...",https://www.amazon.it/dp/B0GYSZDBNH,32.0,239.9,239.9,EUR,239.9,Amazon,IT,2026-09-26T09:26:12Z,B0GYSZDBNH,,,,,
TCL,"TCL 75A400 – Smart TV QLED 4K HDR10+ da 75"", design piatto e sottile | HVA Panel, Dolby Vision & Atmos, Onkyo 2.0 Sound, 1...",https://www.amazon.it/dp/B0GYPJP1KL,75.0,799.9,799.9,EUR,799.9,Amazon,IT,2026-09-26T09:26:12Z,B0GYPJP1KL,,,,,
TCL,"TCL NXTVISION A300W – Smart TV QLED Pro 4K HDR da 65"", Schermo opaco | Dolby Vision IQ & Atmos, 144Hz VRR, Motion Clarity,...",https://www.amazon.it/dp/B0DPLN3N3D,65.0,799.9,799.9,EUR,799.9,Amazon,IT,2026-09-26T09:26:12Z,B0DPLN3N3D,,,,,
TCL,"TCL 75RM7L – Smart TV RGB‑Mini LED 4K HDR10+ da 75"", 2.000nit | 1,800 Precise Color Zones, Dolby Vision IQ & Atmos, 2.1 On...",https://www.amazon.it/dp/B0GZZZVN8B,75.0,1299.0,1299.0,EUR,1299.0,Amazon,IT,2026-09-26T09:26:12Z,B0GZZZVN8B,,,,,
TCL,"TCL 32S59B TV LED 32 Pollici Full HD, Smart TV WiFi HDR, Android TV, HDMI, USB, Bluetooth, Televisore Smart con Display LED",https://www.amazon.it/dp/B0FTD945D7,32.0,176.0,176.0,EUR,176.0,Amazon,IT,2026-09-26T09:26:12Z,B0FTD945D7,,,,,
TCL,"TCL Serie C69K Smart TV QD-MiniLED 4K 65"" 65C69K, 144Hz, audio Onkyo 2.1, Dolby Vision IQ & Atmos, Google TV",https://www.amazon.it/dp/B0F9TDFQ5K,65.0,693.07,693.07,EUR,693.07,Amazon,IT,2026-09-26T09:26:12Z,B0F9TDFQ5K,,,,,
TCL,"TCL 75P6K – Smart TV 4K HDR Direct LED da 75"", Google TV con Dolby Audio | Motion Clarity, Google Assistant, Compatible wi...",https://www.amazon.it/dp/B0F74QS3PJ,75.0,,,,,Amazon,IT,2026-09-26T09:26:12Z,B0F74QS3PJ,,,,,
TCL,"TCL 50C7K – Smart TV QD‑Mini LED 4K HDR10+ da 50"", 2.600nit | Dolby Vision IQ & Atmos, HVA Panel, 144Hz Motion Clarity Pr...",https://www.amazon.it/dp/B0F5BSJ83Z,50.0,725.0,725.0,EUR,725.0,Amazon,IT,2026-09-26T09:26:12Z,B0F5BSJ83Z,,,,,
TCL,"TCL 65C69BPRO TV 65 Pollici QLED 4K Ultra HD Smart TV, Serie C69B PRO, Google TV, WiFi, HDR, HDMI, USB, Bluetooth, Televis...",https://www.amazon.it/dp/B0FQQN8D1N,65.0,473.0,473.0,EUR,473.0,Amazon,IT,2026-09-26T09:26:12Z,B0FQQN8D1N,,,,,
TCL,"TCL 65P755 TV 65 Pollici LED 4K Ultra HD Smart TV, Serie P7, Google TV, WiFi, HDR, HDMI, USB, Televisore 4K per Streaming ...",https://www.amazon.it/dp/B0D3QSQDZX,65.0,462.0,462.0,EUR,462.0,Amazon,IT,2026-09-26T09:26:12Z,B0D3QSQDZX,,,,,
TCL,"TCL 55C655 PRO TV QLED 55 Pollici 4K Ultra HD, QLED PRO, Full Array Local Dimming, HDR PRO 600 Nit, Dolby Vision, HDR10+, ...",https://www.amazon.it/dp/B0HK3LM3DQ,55.0,418.0,418.0,EUR,418.0,Amazon,IT,2026-09-26T09:26:12Z,B0HK3LM3DQ,,,,,
TCL,"TCL Serie C69K Smart TV QD-MiniLED 4K 55"" 55C69K, 144Hz, audio Onkyo 2.1, Dolby Vision IQ & Atmos, Google TV",https://www.amazon.it/dp/B0F7XPY5FF,55.0,499.99,499.99,EUR,499.99,Amazon,IT,2026-09-26T09:26:12Z,B0F7XPY5FF,,,,,
TCL,"TCL Serie Smart TV 4K Ultra HD 55"" 55P69K, Dolby Audio, HDR10+, Google TV, Hevc main 10, DVB-T2",https://www.amazon.it/dp/B0FMRTRKFL,55.0,329.0,329.0,EUR,329.0,Amazon,IT,2026-09-26T09:26:12Z,B0FMRTRKFL,,,,,
TCL,"TCL 55T8C – Smart TV QLED 4K HDR10+ da 55"", pensato per il gaming, 144Hz VRR",https://www.amazon.it/dp/B0DV9JP49P,55.0,,,,,Amazon,IT,2026-09-26T09:26:12Z,B0DV9JP49P,,,,,
TCL,"TCL TELEVISORE 32"" POLLICI SMART TV 32S59K QLED, FHD, DOLBY AUDIO, HEVC MAIN 10, DVB-T2",https://www.amazon.it/dp/B0FDQ9PW4J,32.0,,,,,Amazon,IT,2026-09-26T09:26:12Z,B0FDQ9PW4J,,,,,
TCL,"TCL 65Q10B, TV Mini LED 65”, pannello QLED 144Hz, 4K Ultra HD, Google TV (Dolby Vision & Atmos, audio ONKYO 2.1.2, Control...",https://www.amazon.it/dp/B0CY4ZLYFD,65.0,1698.7,1698.7,EUR,1698.7,Amazon,IT,2026-09-26T09:26:12Z,B0CY4ZLYFD,,,,,
TCL,"TCL 55Q6C 55"" QD-Mini LED SMART TV, 4K HDR Premium 1000nits, con tecnologia Google TV (Dolby Vision IQ e Atmos, sistema au...",https://www.amazon.it/dp/B0FQP11BY3,55.0,595.83,595.83,EUR,595.83,Amazon,IT,2026-09-26T09:26:12Z,B0FQP11BY3,,,,,
TCL,"TCL 50Q6C 50"" QD-Mini LED SMART TV, 4K HDR Premium 1000nits, with Google TV Technology (Dolby Vision IQ & Atmos, Onkyo 2.1...",https://www.amazon.it/dp/B0FQNYVVWK,50.0,498.88,498.88,EUR,498.88,Amazon,IT,2026-09-26T09:26:12Z,B0FQNYVVWK,,,,,
TCL,"TCL 98Q6C 98"" QD-Mini LED SMART TV, 4K HDR Premium 1000nits, con tecnologia Google TV (Dolby Vision IQ e Atmos, sistema au...",https://www.amazon.it/dp/B0FQNV7V5W,98.0,1998.88,1998.88,EUR,1998.88,Amazon,IT,2026-09-26T09:26:12Z,B0FQNV7V5W,,,,,
TCL,Televisore TCL 43P69K - Display 43 pollici Led UHD 4K - 3840x2160 ULTRA-HD - HDR10 - DVB-T2/C - Slot,https://www.amazon.it/dp/B0FRFYWPC5,43.0,,,,,Amazon,IT,2026-09-26T09:26:12Z,B0FRFYWPC5,,,,,
TCL,"TCL 75T6C 75"" QLED TV 4K HDR, Fire TV (Smart tv con Dolby Vision e Atmos, HDR10+, Premi e Chiedi ad Alexa)",https://www.amazon.it/dp/B0FQP2GDZ8,75.0,747.98,747.98,EUR,747.98,Amazon,IT,2026-09-26T09:26:12Z,B0FQP2GDZ8,,,,,
TCL,"TCL 50T6C 50"" QLED TV 4K HDR, FireTV (SmartTV con Dolby Vision e Atmos, HDR10+, Premi e Chiedi ad Alexa)",https://www.amazon.it/dp/B0FQNXK9TK,50.0,447.98,447.98,EUR,447.98,Amazon,IT,2026-09-26T09:26:12Z,B0FQNXK9TK,,,,,
TCL,"TCL 75C7K – Smart TV QD‑Mini LED 4K HDR10+ da 75"", 3.000nit | Dolby Vision IQ & Atmos, CrystGlow HVA Panel, 144Hz Motion C...",https://www.amazon.it/dp/B0F5BP3VXC,75.0,,,,,Amazon,IT,2026-09-26T09:26:12Z,B0F5BP3VXC,,,,,
TCL,"TCL 85Q6C 85"" QD-Mini LED TV, 4K HDR Premium 1000nits, Google TV (Dolby Vision IQ e Atmos, sistema audio Onkyo 2.1, Motion...",https://www.amazon.it/dp/B0FQNVF8DP,85.0,1398.88,1398.88,EUR,1398.88,Amazon,IT,2026-09-26T09:26:12Z,B0FQNVF8DP,,,,,
TCL,"TCL Bundle of 85Q7C 85” QLED TV 4K QD-Mini LED, HDR Premium 2000, Google TV Soundbar Q65H 5.1 con tecnologie Dolby Atmos e...",https://www.amazon.it/dp/B0FC61Y1JL,85.0,1799.89,1799.89,EUR,1799.89,Amazon,IT,2026-09-26T09:26:12Z,B0FC61Y1JL,,,,,
TCL,"TCL Bundle of 75Q7C 75” QLED TV 4K QD-Mini LED, HDR Premium 2000 Soundbar Q65H 5.1 con tecnologie Dolby Atmos e Ray Funzio...",https://www.amazon.it/dp/B0FC5DSKPM,75.0,1399.89,1399.89,EUR,1399.89,Amazon,IT,2026-09-26T09:26:12Z,B0FC5DSKPM,,,,,
TCL,"TCL 75P79K - TV 75 Pollici, Smart TV, 4K, DVB-T2, H.264, H.265, Classe energetica F",https://www.amazon.it/dp/B0FR1HH7H9,75.0,,,,,Amazon,IT,2026-09-26T09:26:12Z,B0FR1HH7H9,,,,,
TCL,"TCL 85T6C 85"" QLED TV 4K HDR, Fire TV (Dolby Vision e Atmos, HDR10+, Premi e Chiedi ad Alexa)",https://www.amazon.it/dp/B0FC5P7QFK,85.0,947.98,947.98,EUR,947.98,Amazon,IT,2026-09-26T09:26:12Z,B0FC5P7QFK,,,,,
TCL,"TCL 43T6C 43"" QLED TV 4K HDR, Fire TV (Smart tv con Dolby Vision e Atmos, HDR10+, Premi e Chiedi ad Alexa)",https://www.amazon.it/dp/B0FQNWLPTJ,43.0,377.98,377.98,EUR,377.98,Amazon,IT,2026-09-26T09:26:12Z,B0FQNWLPTJ,,,,,
TCL,"TCL 65T6C 65"" QLED TV 4K HDR, Fire TV (Dolby Vision e Atmos, HDR10+, Premi e Chiedi ad Alexa)",https://www.amazon.it/dp/B0FC5V51WB,65.0,627.98,627.98,EUR,627.98,Amazon,IT,2026-09-26T09:26:12Z,B0FC5V51WB,,,,,
TCL,"TCL 55T6C 55"" QLED TV 4K HDR, FireTV (SmartTV con Dolby Vision e Atmos, HDR10+, Premi e Chiedi ad Alexa)",https://www.amazon.it/dp/B0FC61MRTV,55.0,467.98,467.98,EUR,467.98,Amazon,IT,2026-09-26T09:26:12Z,B0FC61MRTV,,,,,
TCL,"TCL 50CF630, 50"" (126 cm) Fire TV QLED (4K Ultra HD, HDR 10+, Dolby Vision & Atmos, Smart TV, Game Master, Motion Clarity ...",https://www.amazon.it/dp/B0BBGW3RJV,50.0,,,,,Amazon,IT,2026-09-26T09:26:12Z,B0BBGW3RJV,,,,,
TCL,Telewizor TCL 50P638 LED 50'' 4K Ultra HD,https://www.amazon.it/dp/B0BMXF2P1L,50.0,330.0,330.0,EUR,330.0,Amazon,IT,2026-09-26T09:26:12Z,B0BMXF2P1L,,,,,
TCL,"TCL Bundle of 75Q7C 75” QLED TV 4K QD-Mini LED, HDR Premium 2000, Google TV Sound Bar S55H Nero 40W",https://www.amazon.it/dp/B0FC5K4WCV,75.0,1298.88,1298.88,EUR,1298.88,Amazon,IT,2026-09-26T09:26:12Z,B0FC5K4WCV,,,,,
TCL,"TCL 85C6K – Smart TV QD‑Mini LED 4K HDR10+ da 85"", Google TV | Matte HVA Panel, Dolby Vision IQ & Atmos, Onkyo 2.1 Sound, ...",https://www.amazon.it/dp/B0FPPZHM5L,85.0,,,,,Amazon,IT,2026-09-26T09:26:12Z,B0FPPZHM5L,,,,,
TCL,"TCL Bundle of 85Q7C 85” QLED TV 4K QD-Mini LED, HDR Premium 2000, Google TV Sound Bar S55H Nero 40W",https://www.amazon.it/dp/B0FC5DZJ3Q,85.0,1698.88,1698.88,EUR,1698.88,Amazon,IT,2026-09-26T09:26:12Z,B0FC5DZJ3Q,,,,,
Samsung,"Cavo di alimentazione da 3 m per TV Samsung per televisori Samsung (24"", 32"", 40"", 43"", 48"", 49"", 50"", 55"", 60"", 65"", 75"",...",https://www.amazon.it/dp/B0F6JKHCFR,24.0,12.09,12.09,EUR,12.09,Amazon,IT,2026-09-26T09:26:12Z,B0F6JKHCFR,,,,,
TCL,"TUCANSBP 4 Pz/1 Set Striscia di Retroilluminazione A LED Compatibile for TCL 55 ""TV 4C-LB5507-HR02J 4C-LB5508-HR02J 55HR33...",https://www.amazon.it/dp/B0D1NB6PX3,55.0,20.21,20.21,EUR,20.21,Amazon,IT,2026-09-26T09:26:12Z,B0D1NB6PX3,,,,,
TCL,Piedistallo TV per televisore TCL 28 32 40 43 49 50 55 65 pollici facile da installare gambe di ricambio in ABS,https://www.amazon.it/dp/B0H8WSJBB2,65.0,13.56,13.56,EUR,13.56,Amazon,IT,2026-09-26T09:26:12Z,B0H8WSJBB2,,,,,
TCL,"Scheda Di Alimentazione TV, Compatibile Con TCL, 75V2 75L8 Scheda Di Alimentazione TV Da 75 Pollici 40-L302W4-PWD1CG/PWB1CG",https://www.amazon.it/dp/B0HKV9LBD7,75.0,45.87,45.87,EUR,45.87,Amazon,IT,2026-09-26T09:26:12Z,B0HKV9LBD7,,,,,
TCL,"NiuLumea Piedistallo TV per modelli TCL da 28 a 65 pollici | Compatibile con 32S305, 43S455, 50S421, plastica robusta, sos...",https://www.amazon.it/dp/B0HGD2RRMS,65.0,11.26,11.26,EUR,11.26,Amazon,IT,2026-09-26T09:26:12Z,B0HGD2RRMS,,,,,
TCL,LOCLPCKGYA Striscia di retroilluminazione a LED adatta Fit For TV TCL da 43 pollici 43DP640 43DP640X1 L43P6US 43A860U LED4...,https://www.amazon.it/dp/B0HJPTYF84,43.0,85.8,85.8,EUR,85.8,Amazon,IT,2026-09-26T09:26:12Z,B0HJPTYF84,,,,,
TCL,"1 paio di piedini di ricambio per TV TCL, per la maggior parte delle gambe di ricambio per TV TCL da 24""/32""/40""/49""/50"", ...",https://www.amazon.it/dp/B0FX2T94VJ,24.0,15.19,15.19,EUR,15.19,Amazon,IT,2026-09-26T09:26:12Z,B0FX2T94VJ,,,,,
TCL,"LOCLPCKGYA 2 Pz/set Striscia Di Retroilluminazione A LED Misura For TCL 58"" TCL58LB01 TCL58LB01_3030F2.4D B0101-000581 A00...",https://www.amazon.it/dp/B0HG19XGJZ,58.0,89.59,89.59,EUR,89.59,Amazon,IT,2026-09-26T09:26:12Z,B0HG19XGJZ,,,,,
TCL,"Scheda Di Alimentazione TV Da 75 Pollici, Compatibile Con TCL, 75V2 75L8 40-L302W4-PWD1CG / PWB1CG Scheda Di Alimentazione...",https://www.amazon.it/dp/B0HKJSG84P,75.0,60.75,60.75,EUR,60.75,Amazon,IT,2026-09-26T09:26:12Z,B0HKJSG84P,,,,,
TCL,"TUCANSBP Striscia di retroilluminazione a LED Compatibile for TV TCL 55 ""55UD6406X1 D55A730U D55A620U D55A360 55F6 55L2 55...",https://www.amazon.it/dp/B0D1MS47YV,55.0,32.08,32.08,EUR,32.08,Amazon,IT,2026-09-26T09:26:12Z,B0D1MS47YV,,,,,
Hisense,"Hisense Smart TV QLED 40"" FHD TV 40E5ST, 60Hz, Audio Dolby Atmos, VIDAA OS con 1000+ app, HDR10, Game Mode, Works with Ale...",https://www.amazon.it/dp/B0GM1QR1GT,40.0,269.0,269.0,EUR,269.0,Amazon,IT,2026-09-26T09:26:12Z,B0GM1QR1GT,,,,,
Hisense,"Hisense Smart TV 32"" HD Ready 32E4ST, 60Hz, DTS Virtual X, VIDAA OS con 1000+ app, Game Mode, wifi, AirPlay2, Works with A...",https://www.amazon.it/dp/B0GM1HFTNL,32.0,189.0,189.0,EUR,189.0,Amazon,IT,2026-09-26T09:26:12Z,B0GM1HFTNL,,,,,
Hisense,"Hisense Smart TV 43"" 4K 43E6ST, 60Hz, DTS Virtual X, VIDAA OS con 1000+ app, HDR 10+, Game Mode Plus, Bluetooth, wifi, Ale...",https://www.amazon.it/dp/B0GR62X9MH,43.0,269.0,269.0,EUR,269.0,Amazon,IT,2026-09-26T09:26:12Z,B0GR62X9MH,,,,,
Hisense,"Hisense Smart TV QLED 43"" 4K TV 43E7DS, 60Hz, Audio Dolby Atmos, VIDAA OS con 1000+ app, Dolby Vision IQ, HDR 10+, Game Mo...",https://www.amazon.it/dp/B0GM1NJDDK,43.0,299.49,299.49,EUR,299.49,Amazon,IT,2026-09-26T09:26:12Z,B0GM1NJDDK,,,,,
Hisense,"Hisense Smart TV QLED 55"" 4K TV 55E7DS, 60Hz, Audio Dolby Atmos, VIDAA OS con 1000+ app, Dolby Vision IQ, HDR 10+, Game Mo...",https://www.amazon.it/dp/B0GM1TVSMG,55.0,400.0,400.0,EUR,400.0,Amazon,IT,2026-09-26T09:26:12Z,B0GM1TVSMG,,,,,
Hisense,"Hisense Smart TV 40"" FHD 40E4ST, 60Hz, DTS Virtual X, VIDAA OS con 1000+ app, Game Mode, wifi, AirPlay2, Works with Alexa,...",https://www.amazon.it/dp/B0GM1RTK9H,40.0,249.0,249.0,EUR,249.0,Amazon,IT,2026-09-26T09:26:12Z,B0GM1RTK9H,,,,,
Hisense,"Hisense Smart TV 50"" 4K 50E6ST, 60Hz, DTS Virtual X, VIDAA OS con 1000+ app, HDR 10+, Game Mode Plus, Bluetooth, wifi, Ale...",https://www.amazon.it/dp/B0GR5SM2WL,50.0,329.0,329.0,EUR,329.0,Amazon,IT,2026-09-26T09:26:12Z,B0GR5SM2WL,,,,,
Hisense,"Hisense 32S5Q Deco TV, 800 Mm, 32 Zoll, FHD QLED, HDR10, Dolby Atmos, Colour, 60Hz, DVB T2 und C und S2 Tuner, wifi, HDMI,...",https://www.amazon.it/dp/B0FSLMYL4W,32.0,,,,,Amazon,IT,2026-09-26T09:26:12Z,B0FSLMYL4W,,,,,
Hisense,"Hisense Smart TV QLED 144Hz 43"" 4K 43E7S PRO | Audio Dolby Atmos, VIDAA OS, Native 144Hz Game Mode, Dolby Vision IQ, HDR 1...",https://www.amazon.it/dp/B0GR5RW1P2,43.0,399.0,399.0,EUR,399.0,Amazon,IT,2026-09-26T09:26:12Z,B0GR5RW1P2,,,,,
Hisense,"Hisense Smart TV MiniLED 144Hz 55"" 4K 55E8S | Dolby Atmos 2.1 By Devialet, Dolby Vision IQ, HDR10+, VIDAA OS, Alexa, lativ...",https://www.amazon.it/dp/B0GQDXNH3L,55.0,569.0,569.0,EUR,569.0,Amazon,IT,2026-09-26T09:26:12Z,B0GQDXNH3L,,,,,
Hisense,"Hisense TV 75"" QLED 4K 2025 75A72Q, Smart TV VIDAA U8, Dolby Vision, HDR 10+, Game Mode Plus, Dolby Atmos 2.1 con Subwoofe...",https://www.amazon.it/dp/B0F1W9LQDR,75.0,599.0,599.0,EUR,599.0,Amazon,IT,2026-09-26T09:26:12Z,B0F1W9LQDR,,,,,
Hisense,"Hisense TV 32"" HD Ready 2025 32E43QT, Smart TV VIDAA U8, Airplay2, Game Mode, Works with Alexa, Tuner DVB-T2/S2 HEVC 10, l...",https://www.amazon.it/dp/B0F1WMZSQ6,32.0,199.9,199.9,EUR,199.9,Amazon,IT,2026-09-26T09:26:12Z,B0F1WMZSQ6,,,,,
Hisense,"Hisense Smart TV QLED 43"" 4K 43A7S | Audio Dolby Atmos, Design Unibody Slim, VIDAA OS, Dolby Vision IQ, HDR 10+, BT, Wifi,...",https://www.amazon.it/dp/B0GSBG2DXL,43.0,329.0,329.0,EUR,329.0,Amazon,IT,2026-09-26T09:26:12Z,B0GSBG2DXL,,,,,
Hisense,Hisense 43A69S - Smart TV 43 Pollici LED 4K DVB-T2 HEVC/H.265 Wifi Nero Classe Energetico E,https://www.amazon.it/dp/B0H83CB2LF,43.0,269.0,269.0,EUR,269.0,Amazon,IT,2026-09-26T09:26:12Z,B0H83CB2LF,,,,,
Hisense,"Hisense Smart TV 58"" 4K 58E6ST, 60Hz, DTS Virtual X, VIDAA OS con 1000+ app, HDR 10+, Game Mode Plus, Bluetooth, wifi, Ale...",https://www.amazon.it/dp/B0GR739P7S,58.0,429.0,429.0,EUR,429.0,Amazon,IT,2026-09-26T09:26:12Z,B0GR739P7S,,,,,
Hisense,"Hisense Smart TV MiniLED 165Hz 55"" 4K 55U79S PRO | Schermo Anti-Riflesso, Dolby Atmos 2.1.2 By Devialet, VIDAA OS, Dolby V...",https://www.amazon.it/dp/B0GR6VM5TC,55.0,674.0,674.0,EUR,674.0,Amazon,IT,2026-09-26T09:26:12Z,B0GR6VM5TC,,,,,
Hisense,"Hisense TV 100"" QLED 4K 144Hz 100E7Q PRO, Smart TV VIDAA U8, Dolby Vision IQ, HDR 10+ Adaptive, Game Mode, Dolby Atmos, Al...",https://www.amazon.it/dp/B0F1N92VWF,100.0,1499.0,1499.0,EUR,1499.0,Amazon,IT,2026-09-26T09:26:12Z,B0F1N92VWF,,,,,
Hisense,"Hisense TV 75"" QLED 4K 2025 75E78Q, Smart TV VIDAA U8, Dolby Vision, HDR 10+, Game Mode Plus, Dolby Atmos, Alexa Built-in,...",https://www.amazon.it/dp/B0F1W2BHML,75.0,649.0,649.0,EUR,649.0,Amazon,IT,2026-09-26T09:26:12Z,B0F1W2BHML,,,,,
Hisense,"Hisense Smart TV RGB MiniLED 170Hz 65"" 4K 65UR9S | Schermo Anti-Riflesso, Dolby Atmos 4.1.2 By Devialet, Dolby Vision IQ, ...",https://www.amazon.it/dp/B0GR6VCJL6,65.0,1235.12,1235.12,EUR,1235.12,Amazon,IT,2026-09-26T09:26:12Z,B0GR6VCJL6,,,,,
Hisense,"Hisense TV 50"" Mini-LED 144Hz 4K 2025 50U72Q, Smart TV VIDAA U8, Dolby Vision IQ, HDR 10+ Adaptive, 144Hz Game Mode PRO, D...",https://www.amazon.it/dp/B0F1WFB6LS,50.0,479.0,479.0,EUR,479.0,Amazon,IT,2026-09-26T09:26:12Z,B0F1WFB6LS,,,,,
Hisense,"Hisense 55A8DQ Smart TV OLED, 55"", 4K, VIDAA con 1000+APP, Dolby Vision IQ, HDR 10+ Adaptive, 120Hz Game Mode PRO, Audio D...",https://www.amazon.it/dp/B0FQ68RDVW,55.0,699.0,699.0,EUR,699.0,Amazon,IT,2026-09-26T09:26:12Z,B0FQ68RDVW,,,,,
Hisense,"Hisense Smart TV MiniLED 144Hz 65"" 4K 65U7SE | Dolby Atmos 2.1 By Devialet, Dolby Vision IQ, HDR10+, VIDAA OS, Alexa, lati...",https://www.amazon.it/dp/B0GKPTBTNP,65.0,729.0,729.0,EUR,729.0,Amazon,IT,2026-09-26T09:26:12Z,B0GKPTBTNP,,,,,
Hisense,"Hisense Smart TV RGB MiniLED 180Hz 55"" 4K 55UR8S | Schermo Anti-Riflesso, Dolby Atmos 2.1.2 By Devialet, Dolby Vision IQ, ...",https://www.amazon.it/dp/B0GX9JNFGJ,55.0,999.0,999.0,EUR,999.0,Amazon,IT,2026-09-26T09:26:12Z,B0GX9JNFGJ,,,,,
Hisense,"Hisense TV 75"" QLED 4K 75E77NQ, Smart TV VIDAA U7, Dolby Vision, HDR 10+, Game Mode Plus, Dolby Atmos, Alexa Built-in, VID...",https://www.amazon.it/dp/B0CZXP11SJ,75.0,629.0,629.0,EUR,629.0,Amazon,IT,2026-09-26T09:26:12Z,B0CZXP11SJ,,,,,
Hisense,"Hisense TV 55"" Mini-LED 144Hz 4K 2025 55E8Q, Smart TV VIDAA U8, Dolby Vision IQ, HDR 10+ Adaptive, 144Hz Game Mode PRO, Do...",https://www.amazon.it/dp/B0F1W9J4K7,55.0,,,,,Amazon,IT,2026-09-26T09:26:12Z,B0F1W9J4K7,,,,,
Hisense,"Hisense 65"" QLED 4K 2023 65E77KQ, Smart TV VIDAA U6, Dolby Vision, HDR 10+, Game Mode PRO Plus, Alexa Built-in, VIDAA Voic...",https://www.amazon.it/dp/B0C5N5KTLM,65.0,499.0,499.0,EUR,499.0,Amazon,IT,2026-09-26T09:26:12Z,B0C5N5KTLM,,,,,
Hisense,"Hisense 32A5NQ 32"" QLED FullHD Dolby Vision VIDAA Smart TV",https://www.amazon.it/dp/B0CXTLDGZ9,32.0,249.9,249.9,EUR,249.9,Amazon,IT,2026-09-26T09:26:12Z,B0CXTLDGZ9,,,,,
Hisense,"Hisense TV 40"" Full HD 40A4N, Smart TV VIDAA U7, Game Mode, Works with Alexa, Tuner DVB-T2/S2 HEVC 10, lativù, 40'', 2024 LED",https://www.amazon.it/dp/B0CZX3GM3F,40.0,286.08,286.08,EUR,286.08,Amazon,IT,2026-09-26T09:26:12Z,B0CZX3GM3F,,,,,
Hisense,Hisense 85E79S - Smart TV 85 Pollici 4K 3840 x 2160 Pixel QLED DVB-T2 Nero Wifi Classe Energetica E,https://www.amazon.it/dp/B0H1MY689X,85.0,888.21,888.21,EUR,888.21,Amazon,IT,2026-09-26T09:26:12Z,B0H1MY689X,,,,,
Hisense,"Hisense TV 100"" Mini-LED 165Hz 4K 2025 100U7Q PRO, Smart TV VIDAA U9 con 1000+app, Dolby Vision IQ, HDR 10+ Adaptive, Game...",https://www.amazon.it/dp/B0F1YST2D4,100.0,2399.0,2399.0,EUR,2399.0,Amazon,IT,2026-09-26T09:26:12Z,B0F1YST2D4,,,,,
Hisense,"Hisense TV 65"" Mini-LED 165Hz 4K 2025 65U8Q, Octagonal Stand, Dolby Atmos Multi-Channel Surround 4.1.2, Smart TV VIDAA U9 ...",https://www.amazon.it/dp/B0F1WBGQBM,65.0,899.0,899.0,EUR,899.0,Amazon,IT,2026-09-26T09:26:12Z,B0F1WBGQBM,,,,,
Hisense,"Hisense Smart TV 65"" 4K Ultra HD 2025 65A6Q, Smart TV VIDAA U8, Dolby Vision, HDR 10, Game Mode Plus, Alexa Built-in, VIDA...",https://www.amazon.it/dp/B0F4DCJ7K6,65.0,496.18,496.18,EUR,496.18,Amazon,IT,2026-09-26T09:26:12Z,B0F4DCJ7K6,,,,,
Hisense,"Hisense 40AE5000F TV LED FULL HD 40"", Bezelless, USB Media Player, Tuner DVB-T2/S2 HEVC Main10",https://www.amazon.it/dp/B086BSRSRW,40.0,,,,,Amazon,IT,2026-09-26T09:26:12Z,B086BSRSRW,,,,,
Hisense,"Hisense 65"" ULED Mini-LED 4K 2023 65U62KQ, Smart TV VIDAA U6, Dolby Vision, HDR 10+, Game Mode Plus, Alexa Built-in, VIDAA...",https://www.amazon.it/dp/B0C7KY44Q4,65.0,599.0,599.0,EUR,599.0,Amazon,IT,2026-09-26T09:26:12Z,B0C7KY44Q4,,,,,
Hisense,"Hisense 40A49S 100cm 40"" Full HD Smart TV Fernseher",https://www.amazon.it/dp/B0H1MRXTK1,40.0,240.77,240.77,EUR,240.77,Amazon,IT,2026-09-26T09:26:12Z,B0H1MRXTK1,,,,,
Hisense,"Hisense 43"" QLED UHD 43E78HQ, Smart TV VIDAA 5.0, HDR Dolby Vision, VA, Controlli vocali Alexa, Tuner DVB-T2/S2 HEVC 10, l...",https://www.amazon.it/dp/B0B12RV1RK,43.0,,,,,Amazon,IT,2026-09-26T09:26:12Z,B0B12RV1RK,,,,,
Hisense,Hisense 65A85N - TV 65 Pollici Smart TV OLED 4K DVB-T2 Wifi HEVC DVB-T2 Classe Energetica F,https://www.amazon.it/dp/B0D7CX78ZD,65.0,1009.57,1009.57,EUR,1009.57,Amazon,IT,2026-09-26T09:26:12Z,B0D7CX78ZD,,,,,
Hisense,"Hisense 40AE5600FA Smart TV Android, LED FULL HD 40"", Design Slim, USB Media Player, Tuner DVB-T2/S2 HEVC Main10, Bluetooth",https://www.amazon.it/dp/B08SQJH35G,40.0,262.73,262.73,EUR,262.73,Amazon,IT,2026-09-26T09:26:12Z,B08SQJH35G,,,,,
Hisense,"Hisense Smart TV QLED 43"" 4K 43A79S",https://www.amazon.it/dp/B0GR6X2YNN,43.0,329.0,329.0,EUR,329.0,Amazon,IT,2026-09-26T09:26:12Z,B0GR6X2YNN,,,,,
Hisense,"Hisense 32A49S 80cm 32"" HD Smart TV Fernseher",https://www.amazon.it/dp/B0H1NGQ215,32.0,,,,,Amazon,IT,2026-09-26T09:26:12Z,B0H1NGQ215,,,,,
Hisense,"Hisense Smart TV 43"" 4K Ultra HD 2025 43A6Q, Smart TV VIDAA U8, Dolby Vision, HDR 10, Game Mode Plus, Alexa Built-in, VIDA...",https://www.amazon.it/dp/B0F4DF55P6,43.0,,,,,Amazon,IT,2026-09-26T09:26:12Z,B0F4DF55P6,,,,,
Hisense,"Hisense TV 43"" 4K Ultra HD 43A6N, Smart TV VIDAA U7, Dolby Vision, HDR 10+, DTS Virtual:X, Game Mode, Alexa Built-in, VIDA...",https://www.amazon.it/dp/B0CZWPDP34,43.0,377.29,377.29,EUR,377.29,Amazon,IT,2026-09-26T09:26:12Z,B0CZWPDP34,,,,,
Hisense,"Hisense TV 85"" QLED 4K 144Hz 2025 85E7Q PRO, Smart TV VIDAA U8, Dolby Vision IQ, HDR 10+ Adaptive, 144hz Game Mode PRO, Do...",https://www.amazon.it/dp/B0F1N6RKFQ,85.0,,,,,Amazon,IT,2026-09-26T09:26:12Z,B0F1N6RKFQ,,,,,
Hisense,Hisense TV Smart TV 100U8Q(2025) 100'' Mini-LED ULED UHD 4k,https://www.amazon.it/dp/B0FFSRNCBF,100.0,4066.81,4066.81,EUR,4066.81,Amazon,IT,2026-09-26T09:26:12Z,B0FFSRNCBF,,,,,
Hisense,"Hisense 50"" UHD 4K 2023 50E63KT, Smart TV VIDAA U6, Dolby Vision, HDR 10+, Game Mode Plus, Alexa Built-in, Tuner DVB-T2/S2...",https://www.amazon.it/dp/B0C2ZMMC5F,50.0,530.09,530.09,EUR,530.09,Amazon,IT,2026-09-26T09:26:12Z,B0C2ZMMC5F,,,,,
Hisense,"Hisense Smart TV MiniLED 144Hz 55"" 4K TV 55U79SE, Dolby Atmos 2.1 By Devialet, Dolby Vision IQ, HDR10+, Native 144Hz Game ...",https://www.amazon.it/dp/B0GM1RLZ5R,55.0,,,,,Amazon,IT,2026-09-26T09:26:12Z,B0GM1RLZ5R,,,,,
Hisense,Hisense 55Q8S - TV 55 Pollici Smart TV 4K DVB-T2 ULED Wifi Nero Classe E,https://www.amazon.it/dp/B0H835F766,55.0,613.6,613.6,EUR,613.6,Amazon,IT,2026-09-26T09:26:12Z,B0H835F766,,,,,
Hisense,Hisense 43Q7S - TV 43 Pollici Smart TV 4K QLED 3840 x 2160 Pixel DVB-T2 H.264 Nero Classe Energetica E,https://www.amazon.it/dp/B0HK7T2C4L,43.0,365.87,365.87,EUR,365.87,Amazon,IT,2026-09-26T09:26:12Z,B0HK7T2C4L,,,,,
Hisense,"Hisense Smart TV OLED 65"" 4K 65A8DQ, Smart TV VIDAA con 1000+APP, Dolby Vision IQ, HDR 10+ Adaptive, 120Hz Game Mode PRO, ...",https://www.amazon.it/dp/B0FQ68SMCB,65.0,1441.28,1441.28,EUR,1441.28,Amazon,IT,2026-09-26T09:26:12Z,B0FQ68SMCB,,,,,
Hisense,"Hisense TV 75"" 4K Ultra HD 75A6N, Smart TV VIDAA U7, Dolby Vision, HDR 10+, DTS Virtual:X, Game Mode, Alexa Built-in, VIDA...",https://www.amazon.it/dp/B0D6BBMGHG,75.0,1027.49,1027.49,EUR,1027.49,Amazon,IT,2026-09-26T09:26:12Z,B0D6BBMGHG,,,,,
Hisense,Hisense 50Q7S - TV 50 Pollici Smart TV 4K QLED DVB-T2 Wifi HEVC/H.265 Nero Classe Energetica E,https://www.amazon.it/dp/B0H83625QD,50.0,418.89,418.89,EUR,418.89,Amazon,IT,2026-09-26T09:26:12Z,B0H83625QD,,,,,
Hisense,"Hisense 65A86Q - TV 65 Pollici, Smart TV, DVB-T2, HEVC, 4K, OLED, Nero, Classe energetica G",https://www.amazon.it/dp/B0G1ZFQPK9,65.0,1026.09,1026.09,EUR,1026.09,Amazon,IT,2026-09-26T09:26:12Z,B0G1ZFQPK9,,,,,
Hisense,"Hisense 65U7Q PRO - TV 65 Pollici, Smart TV, DVB-T2, HEVC, 4K, ULED, Nero, Classe energetica E",https://www.amazon.it/dp/B0F24FL4CL,65.0,902.99,902.99,EUR,902.99,Amazon,IT,2026-09-26T09:26:12Z,B0F24FL4CL,,,,,
Hisense,"Hisense TV 55"" Mini-LED 4K 55U72NQ, Smart TV VIDAA U7, Dolby Vision IQ, HDR 10+ Adaptive, 144Hz Game Mode PRO, Alexa Buil...",https://www.amazon.it/dp/B0CZPD2L6L,55.0,,,,,Amazon,IT,2026-09-26T09:26:12Z,B0CZPD2L6L,,,,,
Hisense,"Hisense 85E7NQ Pro TV da 215 cm (85 pollici), 4K UHD, QLED, Smart TV, Total HDR, Dolby Vision IQ Atmos, 144Hz (VRR), HDMI ...",https://www.amazon.it/dp/B0CXTKRWCK,85.0,1896.29,1896.29,EUR,1896.29,Amazon,IT,2026-09-26T09:26:12Z,B0CXTKRWCK,,,,,
Hisense,"Hisense 85E77Q PRO, QLED-Fernseher - (215 cm (85 Zoll), schwarz, UltraHD/4K, Tripple Tuner, USB Recording, Time Shift, 144...",https://www.amazon.it/dp/B0FTG2M23M,85.0,2424.99,2424.99,EUR,2424.99,Amazon,IT,2026-09-26T09:26:12Z,B0FTG2M23M,,,,,
Hisense,"Hisense 100E77NQ PRO TV 2,54 m (100"") 4K Ultra HD Smart TV Noir 500 cd/m²",https://www.amazon.it/dp/B0CXTM89CR,100.0,2819.33,2819.33,EUR,2819.33,Amazon,IT,2026-09-26T09:26:12Z,B0CXTM89CR,,,,,
Hisense,"Hisense 55U6NQ - Smart TV 55 Pollici (139 cm), 4K Ultra HD, QNED MiniLED, DVB-T2, Grigio",https://www.amazon.it/dp/B0CXTNG23H,55.0,663.81,663.81,EUR,663.81,Amazon,IT,2026-09-26T09:26:12Z,B0CXTNG23H,,,,,
Hisense,"Hisense 190,5 cm (75"") 4K Ultra HD Smart TV Wi-Fi Antracite 1500 cd/m?",https://www.amazon.it/dp/B0CXTKYLCV,75.0,1749.29,1749.29,EUR,1749.29,Amazon,IT,2026-09-26T09:26:12Z,B0CXTKYLCV,,,,,
Hisense,"Hisense 50A6S 126cm 50"" 4K UHD Smart TV Fernseher",https://www.amazon.it/dp/B0GJFVQDWB,50.0,353.8,353.8,EUR,353.8,Amazon,IT,2026-09-26T09:26:12Z,B0GJFVQDWB,,,,,
Hisense,"Hisense TV 55"" 4K Ultra HD 55E63NT, Smart TV VIDAA U7, Dolby Vision, HDR 10+, DTS Virtual:X, Game Mode Plus, Alexa Built-i...",https://www.amazon.it/dp/B0CZXP1LNX,55.0,,,,,Amazon,IT,2026-09-26T09:26:12Z,B0CZXP1LNX,,,,,
Hisense,Hisense 65U7S - Tv 65 Pollici Smart Tv 4K 3840 x 2160 Pixel Led DVB-T2 HEVC/H.26 Wifi Nero Classe Energetica E,https://www.amazon.it/dp/B0GT2HY84T,65.0,848.49,848.49,EUR,848.49,Amazon,IT,2026-09-26T09:26:12Z,B0GT2HY84T,,,,,
Hisense,"Hisense 65E79Q - Smart TV 65 Pollici, DVB-T2 HEVC, QLED, colore Nero, Classe energetica G",https://www.amazon.it/dp/B0FJMR5XCG,65.0,569.0,569.0,EUR,569.0,Amazon,IT,2026-09-26T09:26:12Z,B0FJMR5XCG,,,,,
Hisense,Hisense 65E89S - TV 65 Pollici Smart TV 4K 3840x2160 Pixel HEVC/H.265 DVB-T2 Wi-Fi Nero Classe Energetica E,https://www.amazon.it/dp/B0HK7V8JV3,65.0,666.13,666.13,EUR,666.13,Amazon,IT,2026-09-26T09:26:12Z,B0HK7V8JV3,,,,,
Hisense,Hisense 65Q7S - TV 65 Pollici Smart TV 4K QLED DVB-T2 HEVC/H.265 Wi-Fi Nero Classe Energetica E,https://www.amazon.it/dp/B0HK837BWK,65.0,656.3,656.3,EUR,656.3,Amazon,IT,2026-09-26T09:26:12Z,B0HK837BWK,,,,,
Hisense,"Hisense 85U7NQ 215 cm (85 pollici), TV 4K Mini LED ULED HDR Smart TV, Quantum Dot, 120Hz/144Hz VRR, HDMI 2.1, Game Mode Pr...",https://www.amazon.it/dp/B0D7CWPC5W,85.0,2543.59,2543.59,EUR,2543.59,Amazon,IT,2026-09-26T09:26:12Z,B0D7CWPC5W,,,,,
Hisense,Hisense 55E89S - TV 55 Pollici Smart TV 4K 3840x2160 Pixel DVB-T2 HEVC/H.265 Wi-Fi Nero Classe Energetica E,https://www.amazon.it/dp/B0HK7TG4JY,55.0,544.33,544.33,EUR,544.33,Amazon,IT,2026-09-26T09:26:12Z,B0HK7TG4JY,,,,,
Hisense,Hisense 55ER8S - TV 55 Pollici Smart TV 4K DVB-T2 HEVC/H.265 LED Nero Classe Energetica E,https://www.amazon.it/dp/B0HK7LFYR9,55.0,912.12,912.12,EUR,912.12,Amazon,IT,2026-09-26T09:26:12Z,B0HK7LFYR9,,,,,
Hisense,"Hisense TV 100E7NQ PRO 100"" QLED 4K 144Hz, VIDAA U7, Dolby Vision IQ, HDR 10+ Adaptive, Game Mode PRO, Dolby Atmos 2.1, Al...",https://www.amazon.it/dp/B0D4MC7DBD,100.0,,,,,Amazon,IT,2026-09-26T09:26:12Z,B0D4MC7DBD,,,,,
Hisense,Hisense 75E89S - TV 75 Pollici Smart TV 4K DVB-T2 HEVC/H.265 Wi-Fi Bluetooth Nero Classe Energetica E,https://www.amazon.it/dp/B0HK7PRLTQ,75.0,980.44,980.44,EUR,980.44,Amazon,IT,2026-09-26T09:26:12Z,B0HK7PRLTQ,,,,,
Hisense,"Hisense 65"" QLED 4K 2023 65E77KQ, Smart TV VIDAA U6, Dolby Vision, HDR 10+, Game Mode PRO Plus & Meliconi SPACE SYSTEM FLA...",https://www.amazon.it/dp/B0D2PCV7JC,65.0,536.71,536.71,EUR,536.71,Amazon,IT,2026-09-26T09:26:12Z,B0D2PCV7JC,,,,,
Hisense,"Hisense 58"" UHD 4K 2023 58A6K, Smart TV VIDAA U6, Dolby Vision, HDR 10+, Game Mode, Alexa Built-in, Tuner DVB-T2/S2 HEVC 1...",https://www.amazon.it/dp/B0C9VQTYVC,58.0,606.09,606.09,EUR,606.09,Amazon,IT,2026-09-26T09:26:12Z,B0C9VQTYVC,,,,,
Hisense,"Hisense Smart TV 43 Pollici 4K, DVB-T2, Wifi colore Nero",https://www.amazon.it/dp/B0BCG7DD46,43.0,394.9,394.9,EUR,394.9,Amazon,IT,2026-09-26T09:26:12Z,B0BCG7DD46,,,,,
Hisense,"Hisense 55E7NQ - Smart TV 55 Pollici (139 cm), 4K Ultra HD, QLED, DVB-T2, HEVC/H.265, Nero",https://www.amazon.it/dp/B0CXTKWMZK,55.0,,,,,Amazon,IT,2026-09-26T09:26:12Z,B0CXTKWMZK,,,,,
Hisense,"Hisense 40A59NQ - Smart TV 40 Pollici (100 cm), HD, DVB-T2 HEVC, Nero, Classe energetica F",https://www.amazon.it/dp/B0DJVT8G7Z,40.0,331.96,331.96,EUR,331.96,Amazon,IT,2026-09-26T09:26:12Z,B0DJVT8G7Z,,,,,
Hisense,"HISENSE U7QF 55U7QF TV 139,7 cm (55"") 4K Ultra HD Smart TV Wi-Fi Nero U7QF 55U7QF, 139,7 cm (55""), 3840 x 2160 Pixel, LED,...",https://www.amazon.it/dp/B08553C764,55.0,1101.0,1101.0,EUR,1101.0,Amazon,IT,2026-09-26T09:26:12Z,B08553C764,,,,,
Hisense,"Hisense 43E79NQ - Smart TV 43 Pollici (108 cm), QLED, 4K, DVB-T2 HEVC",https://www.amazon.it/dp/B0DJT3L51S,43.0,549.0,549.0,EUR,549.0,Amazon,IT,2026-09-26T09:26:12Z,B0DJT3L51S,,,,,
Hisense,"Hisense 65"" ULED Mini-LED 4K 2023 65U62KQ, Smart TV VIDAA U6, Dolby Vision, HDR 10+ 4K HS2100 Soundbar 2.1, 240W, Subwoofe...",https://www.amazon.it/dp/B0CRZHB7KF,65.0,686.49,686.49,EUR,686.49,Amazon,IT,2026-09-26T09:26:12Z,B0CRZHB7KF,,,,,
Hisense,"Hisense 65"" QLED 4K 2023 65E77KQ, Smart TV VIDAA U6, Dolby Vision, HDR 10+ 4K HS2100 Soundbar 2.1, 240W, Subwoofer Sottile...",https://www.amazon.it/dp/B0CRZRLG82,65.0,586.49,586.49,EUR,586.49,Amazon,IT,2026-09-26T09:26:12Z,B0CRZRLG82,,,,,
Hisense,Hisense 50E89S - TV 50 Pollici Smart 4K MiniLED ULED DVB-T2 HEVC/H.265 Nero Classe Energetica E,https://www.amazon.it/dp/B0HK4W3MW9,50.0,479.49,479.49,EUR,479.49,Amazon,IT,2026-09-26T09:26:12Z,B0HK4W3MW9,,,,,
Hisense,"Hisense Smart TV 50"" 4K Ultra HD 2025 50A6Q, Smart TV VIDAA U8, Dolby Vision, HDR 10, Game Mode Plus, Alexa Built-in, VIDA...",https://www.amazon.it/dp/B0F4D9YNHR,50.0,,,,,Amazon,IT,2026-09-26T09:26:12Z,B0F4D9YNHR,,,,,
Hisense,"Hisense 43A69K - TV Smart 43 Pollici, 4K, DVB-T2, H.265, Nero",https://www.amazon.it/dp/B0CHBCWQZ6,43.0,499.0,499.0,EUR,499.0,Amazon,IT,2026-09-26T09:26:12Z,B0CHBCWQZ6,,,,,
Hisense,"Hisense 65E79KQ - Smart TV da 65 Pollici, 4K, DVB-T2, H.264, Nero, QLED",https://www.amazon.it/dp/B0CL58MH46,65.0,695.47,695.47,EUR,695.47,Amazon,IT,2026-09-26T09:26:12Z,B0CL58MH46,,,,,
Hisense,"Hisense 55A79NQ - Smart TV 55 Pollici, 4K, DVB-T2, HEVC(H.265), Nero",https://www.amazon.it/dp/B0DJT1VKW2,55.0,,,,,Amazon,IT,2026-09-26T09:26:12Z,B0DJT1VKW2,,,,,
Hisense,"Hisense 65U71QF Smart TV ULED Ultra HD 4K 65"", Quantum Dot, Dolby Vision HDR, HDR10+, Dolby Atmos, Full Array Local Dimmin...",https://www.amazon.it/dp/B086B48VCX,65.0,,,,,Amazon,IT,2026-09-26T09:26:12Z,B086B48VCX,,,,,
Sony,Sony BRAVIA 5 XR Mini LED 75 Pollici | Processore AI XR | Acoustic Multi-Audio | Dolby Vision/Atmos | IMAX Enhanced | Goog...,https://www.amazon.it/dp/B0F4L4JSYM,75.0,1799.0,1799.0,EUR,1799.0,Amazon,IT,2026-09-26T09:26:12Z,B0F4L4JSYM,,,,,
Hisense,"TUCANSBP Striscia di retroilluminazione a LED Compatibile for Hisense 55"" TV 55R6E3 U55F8000H LB5500Q 55A6H 55A7300FTUK 55...",https://www.amazon.it/dp/B0D49W5CCM,55.0,31.25,31.25,EUR,31.25,Amazon,IT,2026-09-26T09:26:12Z,B0D49W5CCM,,,,,
Samsung,"Set di viti universali VESA per TV fino a 80 pollici, M4 M5 M6 M8, per Samsung TCL Hisense LG Vizio Onn Sony Toshiba Insig...",https://www.amazon.it/dp/B0D9QBT1TN,80.0,13.03,13.03,EUR,13.03,Amazon,IT,2026-09-26T09:26:12Z,B0D9QBT1TN,,,,,
Hisense,TUCANSBP Adatto Compatibile for Hisense TV LCD da 48 Pollici HE48MLZMUZ3407205647 LED48K20JD LED48K220 LED48K320U LED48EC2...,https://www.amazon.it/dp/B0D31Q85WQ,48.0,35.95,35.95,EUR,35.95,Amazon,IT,2026-09-26T09:26:12Z,B0D31Q85WQ,,,,,
Hisense,HCPHCVEVVK Barra di retroilluminazione a LED Adatta for TV LCD Hisense da 32 Pollici SVH320AJ4_5LED_REV07_201041027 2015CH...,https://www.amazon.it/dp/B0DW8KMWPD,32.0,25.21,25.21,EUR,25.21,Amazon,IT,2026-09-26T09:26:12Z,B0DW8KMWPD,,,,,
Hisense,"2 piedini di ricambio per TV Hisense, in ABS, senza trapano, per Smart TV LED Hisense da 32 pollici, 40 pollici e 43 polli...",https://www.amazon.it/dp/B0H28WQLD5,32.0,13.41,13.41,EUR,13.41,Amazon,IT,2026-09-26T09:26:12Z,B0H28WQLD5,,,,,
Hisense,"AmComponent - KIT 3 BARRE 7 LED TV 42"" HISENSE JL.D42571330-003FS-M_V01 HD425V1U51 H43BE7000",https://www.amazon.it/dp/B0FJ2FQZ8X,42.0,20.99,20.99,EUR,20.99,Amazon,IT,2026-09-26T09:26:12Z,B0FJ2FQZ8X,,,,,
Hisense,"WUWMTUTCK Striscia di Retroilluminazione A LED da 583 Mm 5 Lampada Adatta for Hisense for LG 32LF520D 32 ""TV SV0320AK4_Rev...",https://www.amazon.it/dp/B0DPC8J6X7,32.0,148.5,148.5,EUR,148.5,Amazon,IT,2026-09-26T09:26:12Z,B0DPC8J6X7,,,,,
Hisense,"BWBVHRHZY Striscia di Retroilluminazione A LED da 583 Mm 5 Lampada Adatta for Hisense for LG 32LF520D 32 ""TV SV0320AK4_Rev...",https://www.amazon.it/dp/B0DLB353MK,32.0,149.9,149.9,EUR,149.9,Amazon,IT,2026-09-26T09:26:12Z,B0DLB353MK,,,,,
Hisense,"NIBOTT Striscia di Retroilluminazione A LED da 583 Mm 5 Lampada Adatta for Hisense for LG 32LF520D 32 ""TV SV0320AK4_Rev09_...",https://www.amazon.it/dp/B0CY98S5DL,32.0,139.96,139.96,EUR,139.96,Amazon,IT,2026-09-26T09:26:12Z,B0CY98S5DL,,,,,
Hisense,"MZTZHVNVGK Striscia Di Retroilluminazione A LED 5 Lampada Adatta For Hisense 55 ""TV LED55EC290N SVH550AC3 55K220PWG LED55K...",https://www.amazon.it/dp/B0HHFNMQHP,55.0,43.41,43.41,EUR,43.41,Amazon,IT,2026-09-26T09:26:12Z,B0HHFNMQHP,,,,,
Sony,"Sony BRAVIA 8 OLED 55 Pollici 4K HDR Google Smart TV | Gaming Menu per PlayStation 5, IMAX Enhanced, Dolby Vision Atmos, C...",https://www.amazon.it/dp/B0D1VTR2M5,55.0,1299.0,1299.0,EUR,1299.0,Amazon,IT,2026-09-26T09:26:12Z,B0D1VTR2M5,,,,,
Sony,"Sony BRAVIA 2Ⅱ 50"", 4K Smart TV (Google TV), Processore X1,4K Upscaling, Televisione con Dolby Atmos e DTS:X, compatibile ...",https://www.amazon.it/dp/B0GZLDN3SH,50.0,449.0,449.0,EUR,449.0,Amazon,IT,2026-09-26T09:26:12Z,B0GZLDN3SH,,,,,
Sony,"TV Sony BRAVIA 3Ⅱ43 pollici, Smart TV 4K (Google TV), processore XR con tecnologia AI, 120 Hz con Dolby Vision/Atmos, comp...",https://www.amazon.it/dp/B0GZQ8F1R6,43.0,789.0,789.0,EUR,789.0,Amazon,IT,2026-09-26T09:26:12Z,B0GZQ8F1R6,,,,,
Sony,"Sony BRAVIA 8 OLED 65 Pollici 4K HDR Google Smart TV (2024) | Gaming Menu per PlayStation 5, IMAX Enhanced, Dolby Vision A...",https://www.amazon.it/dp/B0D1VV8K32,65.0,1699.0,1699.0,EUR,1699.0,Amazon,IT,2026-09-26T09:26:12Z,B0D1VV8K32,,,,,
Sony,"Sony BRAVIA 6 OLED TV, 48 pollici | Smart TV 4K (Google TV), televisore a 120 Hz con Dolby Vision/Atmos, modello 48A62, an...",https://www.amazon.it/dp/B0HD8R1N66,48.0,1199.0,1199.0,EUR,1199.0,Amazon,IT,2026-09-26T09:26:12Z,B0HD8R1N66,,,,,
Sony,"Sony K-55XR8 Televisione 55"" 4K Oled Ultra HD Smart TV, HDR, DVB-T2, Hevc Main 10, Wi-Fi Nero",https://www.amazon.it/dp/B0FMF94X5B,55.0,1860.27,1860.27,EUR,1860.27,Amazon,IT,2026-09-26T09:26:12Z,B0FMF94X5B,,,,,
Sony,"Sony BRAVIA 7 II True RGB 55 Inch TV, 4K Smart TV (Google TV), RGB LED, XR Processor with AI Technology, 120hz Television ...",https://www.amazon.it/dp/B0H2JXW744,55.0,1899.0,1899.0,EUR,1899.0,Amazon,IT,2026-09-26T09:26:12Z,B0H2JXW744,,,,,
Sony,"Sony BRAVIA 8 OLED 77 Pollici 4K HDR Google Smart TV (2024) | Gaming Menu per PlayStation 5, IMAX Enhanced, Dolby Vision A...",https://www.amazon.it/dp/B0D1VV32HH,77.0,2799.0,2799.0,EUR,2799.0,Amazon,IT,2026-09-26T09:26:12Z,B0D1VV32HH,,,,,
Sony,"Sony BRAVIA 7 QLED (XR l Mini LED) 85 pollici 4K HDR Google Smart TV | Gaming menu per PlayStation 5, IMAX Enhanced, Dolby...",https://www.amazon.it/dp/B0D1VWWM11,85.0,2599.0,2599.0,EUR,2599.0,Amazon,IT,2026-09-26T09:26:12Z,B0D1VWWM11,,,,,
Sony,"Sony BRAVIA KD-32W800 - Smart TV 32 pollici, HD Ready LED, HDR, Android TV, KD32W800PAEP",https://www.amazon.it/dp/B0924J83VN,32.0,,,,,Amazon,IT,2026-09-26T09:26:12Z,B0924J83VN,,,,,
Sony,"SONY BRAVIA 3 K43S39BP Smart TV LED UHD 43"" 4K GOOGLE TV SAT DVB-T2, HEVC MAIN 10",https://www.amazon.it/dp/B0FPG6BWZ1,43.0,512.86,512.86,EUR,512.86,Amazon,IT,2026-09-26T09:26:12Z,B0FPG6BWZ1,,,,,
Panasonic,"Panasonic TV-32S55AEZ, Serie S55 32 pollici Smart TV LED Full HD, 2024, Fire TV, HD Colour Engine, HDR, Alexa Voice Contro...",https://www.amazon.it/dp/B0H2MK9V3P,32.0,243.69,243.69,EUR,243.69,Amazon,IT,2026-09-26T09:26:12Z,B0H2MK9V3P,,,,,
Sony,"Sony BRAVIA KD-32W800 - Smart TV 32 pollici, HD Ready LED, HDR, Android TV, KD32W800PAEP [Classe di efficienza energetica F]",https://www.amazon.it/dp/B0BNW6941F,32.0,264.0,264.0,EUR,264.0,Amazon,IT,2026-09-26T09:26:12Z,B0BNW6941F,,,,,
Panasonic,"Panasonic Premium TV-43W80AEZC, 43 Pollici TV QLED 4K Ultra HD, Fire TV | Dolby Vision e Atmos, Modalità Game Plus, Contro...",https://www.amazon.it/dp/B0H2MMG7TD,43.0,349.0,349.0,EUR,349.0,Amazon,IT,2026-09-26T09:26:12Z,B0H2MMG7TD,,,,,
Sony,"Sony Kd-55Xg7005 - Tv Smart da 55"", 4K Ultra Hd, Hdr, Slim Design, Nero",https://www.amazon.it/dp/B07P7KXRRK,55.0,,,,,Amazon,IT,2026-09-26T09:26:12Z,B07P7KXRRK,,,,,
Sony,"Sony BRAVIA 8 OLED 55 Pollici 4K HDR, Google Smart TV (2024) BRAVIA Theatre Bar 9",https://www.amazon.it/dp/B0D426XDYC,55.0,2298.0,2298.0,EUR,2298.0,Amazon,IT,2026-09-26T09:26:12Z,B0D426XDYC,,,,,
Sony,Sony Su-Wl450 -Staffa Per Il Montaggio a Parete Tv Sony da 32 a 85 Pollici,https://www.amazon.it/dp/B00IZEIZB4,85.0,49.99,49.99,EUR,49.99,Amazon,IT,2026-09-26T09:26:12Z,B00IZEIZB4,,,,,
Sony,Sony XR-75X95K – 75 Pollici- BRAVIA XR - Mini LED – 4K Ultra HD – High Dynamic Range (HDR) – Smart TV (Google TV) – Black ...,https://www.amazon.it/dp/B09ZPV3HLD,75.0,3316.27,3316.27,EUR,3316.27,Amazon,IT,2026-09-26T09:26:12Z,B09ZPV3HLD,,,,,
Sony,Sony BRAVIA 8 OLED 65 Pollici 4K HDR Google Smart TV (2024) BRAVIA Theatre Bar 8,https://www.amazon.it/dp/B0D3HW97NV,65.0,2398.0,2398.0,EUR,2398.0,Amazon,IT,2026-09-26T09:26:12Z,B0D3HW97NV,,,,,
Sony,Sony BRAVIA 8 OLED 65 Pollici 4K HDR Google Smart TV (2024) BRAVIA Theatre Bar 9,https://www.amazon.it/dp/B0D3HX915G,65.0,2698.0,2698.0,EUR,2698.0,Amazon,IT,2026-09-26T09:26:12Z,B0D3HX915G,,,,,
Panasonic,"Panasonic TN-65W70AEZ, Serie W70 65 inch 4K Ultra HD LED Smart TV, 2024, Google Assistant, Chromecast, Dolby Vision & Atmo...",https://www.amazon.it/dp/B0D9MHLNXF,65.0,539.78,539.78,EUR,539.78,Amazon,IT,2026-09-26T09:26:12Z,B0D9MHLNXF,,,,,
LG,"LG OLED 55'', Serie B4 2024, OLED55B46LA, Smart TV 4K, Processore α8, Dolby Vision, Dolby Atmos, 4 HDMI 2.1, Gsync, VRR, T...",https://www.amazon.it/dp/B0CZP7R4PD,55.0,1220.74,1220.74,EUR,1220.74,Amazon,IT,2026-09-26T09:26:12Z,B0CZP7R4PD,,,,,
Sony,"SONY FW-65BZ30L affichage de messages Panneau plat de signalisation numérique 165,1 cm (65"") LCD Wifi 440 cd/m² 4K Ult",https://www.amazon.it/dp/B0C9YQDK3B,65.0,1238.5,1238.5,EUR,1238.5,Amazon,IT,2026-09-26T09:26:12Z,B0C9YQDK3B,,,,,
Sony,"Sony FW-65EZ20L affichage de messages Écran plat de signalisation numérique 165,1 cm (65"") LED Wifi 350 cd/m² 4K",https://www.amazon.it/dp/B0CW6CK9B6,65.0,941.06,941.06,EUR,941.06,Amazon,IT,2026-09-26T09:26:12Z,B0CW6CK9B6,,,,,
Sony,"SONY 98"" Pro BRAVIA LCD 780nit Haze w/5yr PS",https://www.amazon.it/dp/B0D3R8PWB9,98.0,7609.89,7609.89,EUR,7609.89,Amazon,IT,2026-09-26T09:26:12Z,B0D3R8PWB9,,,,,
Sony,"Sony KDL-55W807A 55"" Full HD Compatibilità 3D Smart TV Wi-Fi Argento",https://www.amazon.it/dp/B00CCKNHO2,55.0,661.0,661.0,EUR,661.0,Amazon,IT,2026-09-26T09:26:12Z,B00CCKNHO2,,,,,
Sony,"SONY FW-50EZ20L affichage de messages Panneau plat de signalisation numérique 127 cm (50"") LED Wifi 350 cd/m² 4K",https://www.amazon.it/dp/B0CXL3XFHN,50.0,647.58,647.58,EUR,647.58,Amazon,IT,2026-09-26T09:26:12Z,B0CXL3XFHN,,,,,
Sony,"SONY 98"" Pro BRAVIA LCD 440nit w/5yr PS",https://www.amazon.it/dp/B0D3R7MBGJ,98.0,4958.79,4958.79,EUR,4958.79,Amazon,IT,2026-09-26T09:26:12Z,B0D3R7MBGJ,,,,,
Sony,"SONY FW-55BZ35L affichage de messages Panneau plat de signalisation numérique 139,7 cm (55"") LCD Wifi 550 cd/m² 4K Ult",https://www.amazon.it/dp/B0C9YP4XD8,55.0,1266.99,1266.99,EUR,1266.99,Amazon,IT,2026-09-26T09:26:12Z,B0C9YP4XD8,,,,,
Sony,"SONY FW-75BZ40L affichage de messages Panneau plat de signalisation numérique 190,5 cm (75"") LCD Wifi 700 cd/m² 4K Ult",https://www.amazon.it/dp/B0C9YPPB7J,75.0,2880.55,2880.55,EUR,2880.55,Amazon,IT,2026-09-26T09:26:12Z,B0C9YPPB7J,,,,,
Sony,"SONY FW-55BZ30L affichage de messages Panneau plat de signalisation numérique 139,7 cm (55"") LCD Wifi 440 cd/m² 4K Ult",https://www.amazon.it/dp/B0C9YPDMQC,55.0,962.38,962.38,EUR,962.38,Amazon,IT,2026-09-26T09:26:12Z,B0C9YPDMQC,,,,,
Sony,"SONY FW-75BZ30L affichage de messages Panneau plat de signalisation numérique 190,5 cm (75"") LCD Wifi 440 cd/m² 4K Ult",https://www.amazon.it/dp/B0C9YPHGXV,75.0,1673.79,1673.79,EUR,1673.79,Amazon,IT,2026-09-26T09:26:12Z,B0C9YPHGXV,,,,,
Panasonic,"Panasonic TB-24S40AEZ, Serie S40 24 pollici Smart TV LED HD, 2024, TiVo, Controllo Vocale Google e Alexa, Game Mode, Media...",https://www.amazon.it/dp/B0DBRC1R8N,24.0,,,,,Amazon,IT,2026-09-26T09:26:12Z,B0DBRC1R8N,,,,,
Sony,"SONY FW-75BZ35L affichage de messages Panneau plat de signalisation numérique 190,5 cm (75"") LCD Wifi 550 cd/m² 4K Ult",https://www.amazon.it/dp/B0C9YP1N7N,75.0,,,,,Amazon,IT,2026-09-26T09:26:12Z,B0C9YP1N7N,,,,,
Philips,"Philips 50PUS7906/12 TV LED Android da 50 pollici, Smart TV 4K con Ambilight, Immagini HDR Nitide, Dolby Vision Cinematogr...",https://www.amazon.it/dp/B0958V8J2R,50.0,,,,,Amazon,IT,2026-09-26T09:26:12Z,B0958V8J2R,,,,,
Sony,"Scheda Logica V460H1-CPE5 - Compatibile Con Sony I Televisori Serie CT Da 46 Pollici 46NX720, 46HX820",https://www.amazon.it/dp/B0FD2YLZDN,46.0,32.76,32.76,EUR,32.76,Amazon,IT,2026-09-26T09:26:12Z,B0FD2YLZDN,,,,,
Sony,"ALMVIS Striscia di retroilluminazione a LED Adatta for Sony KDL-32WE613 KDL-32WE615 KDL-32WE610 KDL-32RE403 17Y 32""_7020_3...",https://www.amazon.it/dp/B0D1VPH11S,32.0,22.0,22.0,EUR,22.0,Amazon,IT,2026-09-26T09:26:12Z,B0D1VPH11S,,,,,
Sony,BAVALU Retroilluminazione TV LED for SONY 40 pollici KLV-40R470A KLV-40R450A KDL-40R473A SVG400A81 REV3 121114 S400H1LCD-1...,https://www.amazon.it/dp/B0C3996TZS,40.0,29.0,29.0,EUR,29.0,Amazon,IT,2026-09-26T09:26:12Z,B0C3996TZS,,,,,
Sony,"Scheda Di Alimentazione AP-P348AM 2955047003, Compatibile Con Sony, KD-75X8588G KD-75X8500F Ciabatta TV Da 75 Pollici",https://www.amazon.it/dp/B0GSWMW582,75.0,181.37,181.37,EUR,181.37,Amazon,IT,2026-09-26T09:26:12Z,B0GSWMW582,,,,,
Sony,BAVALU Striscia di retroilluminazione a LED for TV Sony da 49 Pollici KD-49XD7005 LC490EQY-SJA3 KD-49XD7005 KD-49XD7066 JD...,https://www.amazon.it/dp/B0BRJP8C3N,49.0,52.47,52.47,EUR,52.47,Amazon,IT,2026-09-26T09:26:12Z,B0BRJP8C3N,,,,,
Sony,BAVALU 10 Pezzi/Lotto for Sony Utilizzare 40 Pollici TV RETROILLUMINAZIONE for LED Bar SUG400A81_REV3_121114 for Sony KDL-...,https://www.amazon.it/dp/B0BRNKVGNN,40.0,202.67,202.67,EUR,202.67,Amazon,IT,2026-09-26T09:26:12Z,B0BRNKVGNN,,,,,
Sony,"NIBOTT Striscia di retroilluminazione a LED Adatta for Sony KDL-32WE613 KDL-32WE615 KDL-32WE610 KDL-32RE403 17Y 32""_7020_3...",https://www.amazon.it/dp/B0CY981XWW,32.0,21.99,21.99,EUR,21.99,Amazon,IT,2026-09-26T09:26:12Z,B0CY981XWW,,,,,
Sony,MZTZHVNVGK Striscia di retroilluminazione a LED adatta for Sony 55 pollici LB55072 55PFF5701 55PUS6501 55PUS6561 55PUS6581...,https://www.amazon.it/dp/B0HH4LHRXS,55.0,48.84,48.84,EUR,48.84,Amazon,IT,2026-09-26T09:26:12Z,B0HH4LHRXS,,,,,
Sony,"Scheda Logica T-CON 18Y_S75HU11A2H2A6AV0.2, Compatibile Con Sony, Televisore Da 75 Pollici KD-75X7800F(LMY750)",https://www.amazon.it/dp/B0H8ZLZC4P,75.0,49.32,49.32,EUR,49.32,Amazon,IT,2026-09-26T09:26:12Z,B0H8ZLZC4P,,,,,
Sony,MZTZHVNVGK Striscia Di Retroilluminazione TV LED SVG400A81 REV3 121114 Adatta For SONY 40 '' KLV-40R470A KDL-40R473A S400H...,https://www.amazon.it/dp/B0HH4H4F6C,40.0,36.35,36.35,EUR,36.35,Amazon,IT,2026-09-26T09:26:12Z,B0HH4H4F6C,,,,,
Sony,"AmComponent - KIT 10 BARRE STRIP LED per TV 40"" di ricambio per SONY KDL40W600B / KDL40W605B LB181(A) LB182(B)",https://www.amazon.it/dp/B0FJ1YKV2N,40.0,23.99,23.99,EUR,23.99,Amazon,IT,2026-09-26T09:26:12Z,B0FJ1YKV2N,,,,,
Sony,"Scheda logica CPWBX RUNTK 4353TP T-CON ZE/ZB/ZZ/ZC/ZA/ZD compatibile con TV Sony da 32 pollici, 40 pollici, 46 pollici e 5...",https://www.amazon.it/dp/B0F6BW944T,32.0,111.2,111.2,EUR,111.2,Amazon,IT,2026-09-26T09:26:12Z,B0F6BW944T,,,,,
Sony,"Yhytgbhk Scheda logica CPWBX RUNTK 4353TP T-con ZE/ZB/ZZ/ZC/ZA/ZD Compatibile con TV Sony da 32 Pollici, 40 Pollici, 46 Po...",https://www.amazon.it/dp/B0F63KBT9D,32.0,98.11,98.11,EUR,98.11,Amazon,IT,2026-09-26T09:26:12Z,B0F63KBT9D,,,,,
Samsung,"Samsung Crystal UHD 4K Smart TV 55'' UE55U7000FUXZT, Crystal 4K Processor, HDR, Smart Experience, OTS Lite & Adaptive Soun...",https://www.amazon.it/dp/B0F4TCSYQK,55.0,369.0,369.0,EUR,369.0,Amazon,IT,2026-09-26T09:26:12Z,B0F4TCSYQK,,,,,
Samsung,"Samsung Neo QLED 4K Vision AI Smart TV 55'' QE55QN74FATXZT Mini LED, NQ4 AI Gen2 Processor, AI Upscaling, Motion Xcelerato...",https://www.amazon.it/dp/B0F4SPK1HV,55.0,579.0,579.0,EUR,579.0,Amazon,IT,2026-09-26T09:26:12Z,B0F4SPK1HV,,,,,
Samsung,"Samsung Full HD Smart TV 24'' UE24F6000FUXZT, Hyper Real Processor, HDR & Pur Color, Smart Experience, OTS Lite & Adaptive...",https://www.amazon.it/dp/B0F7LM4MHT,24.0,175.9,175.9,EUR,175.9,Amazon,IT,2026-09-26T09:26:12Z,B0F7LM4MHT,,,,,
Samsung,"Samsung QLED 4K Vision AI Smart TV 75'' QE75Q7F4AUXZT QLED 4K, Q4 Processor, 100% Volume Colore con Quantum Dot, Motion Xc...",https://www.amazon.it/dp/B0F4T3GMCN,75.0,799.0,799.0,EUR,799.0,Amazon,IT,2026-09-26T09:26:12Z,B0F4T3GMCN,,,,,
Samsung,"Samsung 50"" QE50QN72HAUXZT NeoQLED 4K QD Mini LED Smart TV Vision AI 2026 | NQ4 AI Processor, Real QLED 100% Colour Volum...",https://www.amazon.it/dp/B0H26XMBR1,50.0,599.0,599.0,EUR,599.0,Amazon,IT,2026-09-26T09:26:12Z,B0H26XMBR1,,,,,
Samsung,"Samsung Smart TV TU43U8005F, 43 Pollici, 4K Ultra HD, QLED, HDR [Versione Francese, Spagnola, Portoghese]",https://www.amazon.it/dp/B0F226HRC7,43.0,334.08,334.08,EUR,334.08,Amazon,IT,2026-09-26T09:26:12Z,B0F226HRC7,,,,,
Samsung,"Samsung QE43Q7FAAU - TV 43 Pollici, Smart TV DVB-T2, 3840 x 2160 Pixel 4K, Classe energetica G [Versione Ungherese]",https://www.amazon.it/dp/B0FM3ZTMKS,43.0,,,,,Amazon,IT,2026-09-26T09:26:12Z,B0FM3ZTMKS,,,,,
Samsung,"Samsung TV QE43Q60DAUXZT QLED 4K, Smart TV 43"" Quantum processor Lite 4K, AirSlim, DVBT-2, Q-Symphony & OTS Lite, Integrat...",https://www.amazon.it/dp/B0D17WSTWS,43.0,377.78,377.78,EUR,377.78,Amazon,IT,2026-09-26T09:26:12Z,B0D17WSTWS,,,,,
Samsung,"Samsung 55"" QE55S83HAEXZT OLED 4K AI Football Mode Smart TV Vision AI 2026 | NQ4 AI Gen2 Processor, OLED HDR, Motion Xcele...",https://www.amazon.it/dp/B0GXWL3C53,55.0,1099.0,1099.0,EUR,1099.0,Amazon,IT,2026-09-26T09:26:12Z,B0GXWL3C53,,,,,
Samsung,"Samsung 55"" QE55LS03HWUXZT The FramePro Neo QLED 4K Glare Free ArtMode 2026 | Modern Frame Design, Wireless One Connect, D...",https://www.amazon.it/dp/B0GWDYT97X,55.0,999.0,999.0,EUR,999.0,Amazon,IT,2026-09-26T09:26:12Z,B0GWDYT97X,,,,,
Samsung,"Samsung 65"" UE65M80HAUXZT Mini LED 4K 144 Hz Smart TV Vision AI 2026 | HDR 10+, Motion Xcelerator 144Hz, Adpative Sound+, ...",https://www.amazon.it/dp/B0GX1QQ7S6,65.0,690.0,690.0,EUR,690.0,Amazon,IT,2026-09-26T09:26:12Z,B0GX1QQ7S6,,,,,
Samsung,"Samsung 65"" UE65M72HAUXZT Mini LED 4K Smart TV Vision AI 2026 | HDR 10+, Dynamic Sound Pack, Gaming Hub, Pure Spectrum Col...",https://www.amazon.it/dp/B0GX21RDRY,65.0,659.0,659.0,EUR,659.0,Amazon,IT,2026-09-26T09:26:12Z,B0GX21RDRY,,,,,
Samsung,"Samsung Smart TV 55"" UE55U8090HUXZT Crystal UHD, Crystal 4K Processor, HDR10+, PurColor, Motion Xcelerator, Dynamic Sound ...",https://www.amazon.it/dp/B0GZL9TNZV,55.0,449.0,449.0,EUR,449.0,Amazon,IT,2026-09-26T09:26:12Z,B0GZL9TNZV,,,,,
Samsung,"Samsung 65"" QE65S83HAEXZT OLED 4K AI Football Mode Smart TV Vision AI 2026 | NQ4 AI Gen2 Processor, OLED HDR, Motion Xcele...",https://www.amazon.it/dp/B0GXWL18WS,65.0,1599.0,1599.0,EUR,1599.0,Amazon,IT,2026-09-26T09:26:12Z,B0GXWL18WS,,,,,
Samsung,"Samsung 65"" QE65QN72HAUXZT NeoQLED 4K QD Mini LED Smart TV Vision AI 2026 | NQ4 AI Processor, Real QLED 100% Colour Volum...",https://www.amazon.it/dp/B0H26LPQT2,65.0,899.0,899.0,EUR,899.0,Amazon,IT,2026-09-26T09:26:12Z,B0H26LPQT2,,,,,
Samsung,"Samsung 65"" QE65QN82HAUXZT Neo QLED 4K QD Mini LED Smart TV Vision AI 2026 | NQ AI Gen2 Processor, Quantum Mini LED, NQ HD...",https://www.amazon.it/dp/B0H26YDT4F,65.0,1199.0,1199.0,EUR,1199.0,Amazon,IT,2026-09-26T09:26:12Z,B0H26YDT4F,,,,,
Samsung,"Samsung 98"" UE98U9000HUXZT Crystal UHD 4K 144Hz, Smart TV Vision AI 2026 | NQ4 AI Gen2 Processor, HDR10+, Color Booster Pr...",https://www.amazon.it/dp/B0GZL6JPVW,98.0,1699.0,1699.0,EUR,1699.0,Amazon,IT,2026-09-26T09:26:12Z,B0GZL6JPVW,,,,,
Samsung,"Samsung QLED 4K Vision AI Smart TV 65'' QE65Q7F4AUXZT, Q4 Processor, 100% Volume Colore con Quantum Dot, Motion Xcelerato...",https://www.amazon.it/dp/B0F4T23RSZ,65.0,599.0,599.0,EUR,599.0,Amazon,IT,2026-09-26T09:26:12Z,B0F4T23RSZ,,,,,
Samsung,"Samsung Crystal UHD 4K Smart TV 85'' UE85U8090FUXZT, Crystal 4K Processor, HDR, Smart Experience, OTS Lite & Adaptive Soun...",https://www.amazon.it/dp/B0F4SHY3F2,85.0,799.0,799.0,EUR,799.0,Amazon,IT,2026-09-26T09:26:12Z,B0F4SHY3F2,,,,,
Samsung,"Samsung Crystal UHD 4K Smart TV 65'' UE65U7000FUXZT, Crystal 4K Processor, HDR, Smart Experience, OTS Lite & Adaptive Soun...",https://www.amazon.it/dp/B0F4T91QVZ,65.0,481.8,481.8,EUR,481.8,Amazon,IT,2026-09-26T09:26:12Z,B0F4T91QVZ,,,,,
LG,"LG NANO AI UHD 65 Pollici, Serie NU8E 2026 Smart TV 4K - 65NU8E0B3LA | Processore con Nano Detail Enhancer, AI Chatbot, AI...",https://www.amazon.it/dp/B0GWMXP9JK,65.0,574.0,574.0,EUR,574.0,Amazon,IT,2026-09-26T09:26:12Z,B0GWMXP9JK,,,,,
LG,"LG QNED evo AI MiniLED 55 Pollici, Serie QNED86B 2026 Smart TV 4K - 55QNED86B6B",https://www.amazon.it/dp/B0GWN2ZF85,55.0,699.0,699.0,EUR,699.0,Amazon,IT,2026-09-26T09:26:12Z,B0GWN2ZF85,,,,,
Samsung,Samsung UE50M70HAUXZT - TV 50 Pollici Smart TV 4K DVB-T2 LED Nero Classe Energetica F,https://www.amazon.it/dp/B0H4LZ5VCD,50.0,430.63,430.63,EUR,430.63,Amazon,IT,2026-09-26T09:26:12Z,B0H4LZ5VCD,,,,,
Samsung,"Samsung 77"" QE77S92HATXZT OLED 4K LaserSlim Design Smart TV Vision AI 2026 | NQ4 AI Gen 3 Processor, HDR 10+, Motion Xcele...",https://www.amazon.it/dp/B0GWN1H2W6,77.0,2699.0,2699.0,EUR,2699.0,Amazon,IT,2026-09-26T09:26:12Z,B0GWN1H2W6,,,,,
Hisense,"Hisense Smart TV RGB MiniLED 180Hz 75"" 4K 75UR9S | Schermo Anti-Riflesso, Dolby Atmos 4.1.2 By Devialet, Dolby Vision IQ, ...",https://www.amazon.it/dp/B0GR74VWBH,75.0,1579.52,1579.52,EUR,1579.52,Amazon,IT,2026-09-26T09:26:12Z,B0GR74VWBH,,,,,
LG,"LG Mini RGB 55 Pollici, Serie MRGB87 2026 Smart TV 4K - 55MRGB87B6B | RGB Primary Color Pro, DualColor 100% DCI-P3/Adobe R...",https://www.amazon.it/dp/B0GWMW2FLR,55.0,769.0,769.0,EUR,769.0,Amazon,IT,2026-09-26T09:26:12Z,B0GWMW2FLR,,,,,
Samsung,"Samsung Smart TV 65'' QE65QN94FATXZT Neo QLED 4K Mini LED, NQ4 AI Gen3 Processor, 4K AI Upscaling Pro, Glare Free, Motion ...",https://www.amazon.it/dp/B0F4T6Y5V5,65.0,1299.0,1299.0,EUR,1299.0,Amazon,IT,2026-09-26T09:26:12Z,B0F4T6Y5V5,,,,,
LG,"LG UHD AI 75 Pollici, Serie UA75 2025 Smart TV 4K Ultra HD - 75UA75006LA | Processore α7 Gen8, WebOS con AI, Filmmaker Mod...",https://www.amazon.it/dp/B0F565WRPV,75.0,649.0,649.0,EUR,649.0,Amazon,IT,2026-09-26T09:26:12Z,B0F565WRPV,,,,,
LG,"LG NanoCell AI 75 Pollici, Serie NANO80 2025 Smart TV 4K - 75NANO80A6B | Processore α7 Gen8, WebOS con AI, Telecomando Pun...",https://www.amazon.it/dp/B0F5HXVGZK,75.0,732.7,732.7,EUR,732.7,Amazon,IT,2026-09-26T09:26:12Z,B0F5HXVGZK,,,,,
LG,"LG OLED evo AI 55 Pollici, Serie G5 2025 Smart TV 4K - OLED55G55LW | Staffa a Muro Inclusa, Processore α11 Gen2, Brightnes...",https://www.amazon.it/dp/B0F44FX27H,55.0,1249.0,1249.0,EUR,1249.0,Amazon,IT,2026-09-26T09:26:12Z,B0F44FX27H,,,,,
LG,"LG OLED evo AI 65 Pollici, Serie G5 2025 Smart TV 4K - OLED65G55LW | Staffa a Muro Inclusa, Processore α11 Gen2, Brightnes...",https://www.amazon.it/dp/B0F44H2LHW,65.0,1699.0,1699.0,EUR,1699.0,Amazon,IT,2026-09-26T09:26:12Z,B0F44H2LHW,,,,,
LG,"LG OLED AI 55 Pollici, Serie B5 2025 Smart TV 4K - OLED55B56LA | Processore α8 Gen2, WebOS con AI, Dolby Vision e Atmos, G...",https://www.amazon.it/dp/B0F44BHS8M,55.0,796.77,796.77,EUR,796.77,Amazon,IT,2026-09-26T09:26:12Z,B0F44BHS8M,,,,,
LG,"LG 43UA73003LA - TV 43 Pollici, Smart TV, DVB-T2, 4K, LED, Classe energetica G",https://www.amazon.it/dp/B0G1ZDLM2H,43.0,271.51,271.51,EUR,271.51,Amazon,IT,2026-09-26T09:26:12Z,B0G1ZDLM2H,,,,,
LG,"LG NANO AI UHD 50 Pollici, Serie NU8E 2026 Smart TV 4K - 50NU8E0B3LA | Processore con Nano Detail Enhancer, AI Chatbot, AI...",https://www.amazon.it/dp/B0GWQZVC9W,50.0,419.64,419.64,EUR,419.64,Amazon,IT,2026-09-26T09:26:12Z,B0GWQZVC9W,,,,,
LG,"LG 43NANO81A6A - TV 43 Pollici, 4K, Smart TV, DVB-T2, Wi-Fi, HEVC/H.265, Classe energetica G",https://www.amazon.it/dp/B0FFH1FK6M,43.0,,,,,Amazon,IT,2026-09-26T09:26:12Z,B0FFH1FK6M,,,,,
LG,"LG OLED evo AI 42 Pollici, Serie C6 2026 Smart TV 4K - OLED42C64LA | Processore α11 Gen3, Dual AI Engine, Dolby Vision & A...",https://www.amazon.it/dp/B0GWMY3R9W,42.0,1033.9,1033.9,EUR,1033.9,Amazon,IT,2026-09-26T09:26:12Z,B0GWMY3R9W,,,,,
LG,LG 65NANO80A3B - TV 65 Pollici Smart TV 4K DVB-T2 Wi-Fi colore Nero Classe energetica G,https://www.amazon.it/dp/B0GTMP6HF9,65.0,491.42,491.42,EUR,491.42,Amazon,IT,2026-09-26T09:26:12Z,B0GTMP6HF9,,,,,
LG,"Smart TV LG 50QNED82A6B.AEU 4K Ultra HD 50"" LED HDR Edge-LED LCD QNED",https://www.amazon.it/dp/B0F228H2M1,50.0,461.86,461.86,EUR,461.86,Amazon,IT,2026-09-26T09:26:12Z,B0F228H2M1,,,,,
LG,"LG 75QNED80A3A - TV 75 Pollici, Smart TV, DVB-T2, QNED, 4K, Classe energetica D",https://www.amazon.it/dp/B0FWJJY3FJ,75.0,782.76,782.76,EUR,782.76,Amazon,IT,2026-09-26T09:26:12Z,B0FWJJY3FJ,,,,,
LG,"LG OLED evo AI 65 Pollici, Serie G6 2026 Smart TV 4K - OLED65G64LW | Staffa a Muro Inclusa, Hyper Radiant Color, Reflectio...",https://www.amazon.it/dp/B0GWMXZ4BZ,65.0,2449.0,2449.0,EUR,2449.0,Amazon,IT,2026-09-26T09:26:12Z,B0GWMXZ4BZ,,,,,
LG,"LG QNED evo AI MiniLED 65 Pollici, Serie QNED93B 2026 Smart TV 4K - 65QNED93B6A",https://www.amazon.it/dp/B0GWN51F5G,65.0,1399.0,1399.0,EUR,1399.0,Amazon,IT,2026-09-26T09:26:12Z,B0GWN51F5G,,,,,
LG,"LG Micro RGB 86 Pollici, Serie MRGB96 2026 Smart TV 4K - 86MRGB96B6B | TriColor 100% BT2020/DCI-P3, Micro Dimming Ultra, D...",https://www.amazon.it/dp/B0GWMXJJ8X,86.0,6299.0,6299.0,EUR,6299.0,Amazon,IT,2026-09-26T09:26:12Z,B0GWMXJJ8X,,,,,
LG,"LG OLED AI 55 Pollici, Serie B6E 2026 Smart TV 4K - OLED55B6ELC | Nero Perfetto, Dolby Vision & Atmos, Processore α8 Gen3,...",https://www.amazon.it/dp/B0GWMV9TRX,55.0,999.0,999.0,EUR,999.0,Amazon,IT,2026-09-26T09:26:12Z,B0GWMV9TRX,,,,,
LG,LG Wallpaper W6 OLED evo AI TV 83 pollici Smart TV 4K 2026 - OLED83W69LA,https://www.amazon.it/dp/B0H83D9JC5,83.0,5087.43,5087.43,EUR,5087.43,Amazon,IT,2026-09-26T09:26:12Z,B0H83D9JC5,,,,,
LG,"Smart TV LG OLED83C54LA 4K Ultra HD 83"" HDR OLED",https://www.amazon.it/dp/B0F3D97TS8,83.0,4972.0,4972.0,EUR,4972.0,Amazon,IT,2026-09-26T09:26:12Z,B0F3D97TS8,,,,,
TCL,"TCL 55V6D – Smart TV 4K HDR10+ da 55"" con Fire TV e Dolby Atmos | DTS:X, Game Master, Motion Clarity, Apple AirPlay 2, Pre...",https://www.amazon.it/dp/B0GQHGGWHX,55.0,329.0,329.0,EUR,329.0,Amazon,IT,2026-09-26T09:26:12Z,B0GQHGGWHX,,,,,
Sony,"Sony BRAVIA 2Ⅱ 43"", 4K Smart TV (Google TV), Processore X1,4K Upscaling, Televisione con Dolby Atmos e DTS:X, compatibile ...",https://www.amazon.it/dp/B0GZL6GMFJ,43.0,458.9,458.9,EUR,458.9,Amazon,IT,2026-09-26T09:26:12Z,B0GZL6GMFJ,,,,,
LG,"LG UHD 65'', Smart TV 4K, 65UR78006LK, Serie UR78 2023, Processore α5 Gen6, HDR10 Pro, Filmmaker Mode, Game Optimizer, Wi-...",https://www.amazon.it/dp/B0BZ14J5GL,65.0,489.0,489.0,EUR,489.0,Amazon,IT,2026-09-26T09:26:12Z,B0BZ14J5GL,,,,,
LG,"TV - Televisione intelligente LG 24TQ510S-PZ 24"" HD LED WIFI",https://www.amazon.it/dp/B09ZV6HKQT,24.0,,,,,Amazon,IT,2026-09-26T09:26:12Z,B09ZV6HKQT,,,,,
Panasonic,"Panasonic Premium TV-55W80AEZC, 55 Pollici TV QLED 4K Ultra HD, Fire TV | Dolby Vision e Atmos, Modalità Game Plus, Contro...",https://www.amazon.it/dp/B0H2MQ3PHP,55.0,599.0,599.0,EUR,599.0,Amazon,IT,2026-09-26T09:26:12Z,B0H2MQ3PHP,,,,,
TCL,"TCL 55C6K Pro - Smart TV QD‑Mini LED 4K HDR10+ da 55"", 1.000nit",https://www.amazon.it/dp/B0H3KSHN8P,55.0,599.9,599.9,EUR,599.9,Amazon,IT,2026-09-26T09:26:12Z,B0H3KSHN8P,,,,,
TCL,"TCL 75Q8C – Smart TV QD‑Mini LED 4K HDR10+ da 75"", 4.500nit, ZeroBorder | Dolby Vision IQ & Atmos, CrystGlow WHVA Panel, 1...",https://www.amazon.it/dp/B0F9WSGDLW,75.0,1399.9,1399.9,EUR,1399.9,Amazon,IT,2026-09-26T09:26:12Z,B0F9WSGDLW,,,,,
TCL,"TCL 55Q7C – Smart TV QD‑Mini LED 4K HDR10+ da 55"", 2.600nit | Dolby Vision IQ & Atmos, HVA Panel, 144Hz Motion Clarity Pr...",https://www.amazon.it/dp/B0F38H2GGC,55.0,,,,,Amazon,IT,2026-09-26T09:26:12Z,B0F38H2GGC,,,,,
TCL,"TCL 50T6C – Smart TV QLED 4K HDR10+ da 50"", Fire TV con Dolby Atmos | Game Mast, VRR, Dolby Vision, Motion Clarity, Press...",https://www.amazon.it/dp/B0DW9792RH,50.0,349.0,349.0,EUR,349.0,Amazon,IT,2026-09-26T09:26:12Z,B0DW9792RH,,,,,
TCL,"TCL 43V5C – Smart TV Full HD QLED HDR da 43"", Android TV | Google Cast, Compatible with Google Home, Slim Design",https://www.amazon.it/dp/B0F3XM86GV,43.0,305.11,305.11,EUR,305.11,Amazon,IT,2026-09-26T09:26:12Z,B0F3XM86GV,,,,,
TCL,"TCL 55P7K 55” QLED 4K HDR TV, Google TV, Smart TV (Dolby Vision & Atmos, Game Master, Motion clarity)",https://www.amazon.it/dp/B0F99Z7M9M,55.0,,,,,Amazon,IT,2026-09-26T09:26:12Z,B0F99Z7M9M,,,,,
Hisense,"Hisense TV 50"" QLED 4K 2025 50A72Q, Smart TV VIDAA U8, Dolby Vision, HDR 10+, Game Mode Plus, Dolby Atmos, Alexa Built-in,...",https://www.amazon.it/dp/B0F1W8PDP7,50.0,349.0,349.0,EUR,349.0,Amazon,IT,2026-09-26T09:26:12Z,B0F1W8PDP7,,,,,
TCL,"TCL 65P8K – Smart TV QLED 4K HDR10+ da 65"", Google TV con audio Onkyo 2.1 | FreeSync, Dolby Vision & Atmos, 144Hz Motion C...",https://www.amazon.it/dp/B0F8J37SQ5,65.0,,,,,Amazon,IT,2026-09-26T09:26:12Z,B0F8J37SQ5,,,,,
TCL,"TCL 43V6C – Smart TV 4K HDR Direct LED da 43"", Google TV con Dolby Audio | Game Master, Motion Clarity, Google Assistant, ...",https://www.amazon.it/dp/B0DV9HJTTK,43.0,,,,,Amazon,IT,2026-09-26T09:26:12Z,B0DV9HJTTK,,,,,
TCL,"TCL 55P8K – Smart TV QLED 4K HDR10+ da 55"", Google TV con audio Onkyo 2.1 | FreeSync, Dolby Vision & Atmos, 144Hz Motion C...",https://www.amazon.it/dp/B0F8HYKRKX,55.0,,,,,Amazon,IT,2026-09-26T09:26:12Z,B0F8HYKRKX,,,,,
TCL,"TCL 40V5D – Smart TV QLED Full HD HDR da 40"" con Fire TV | Direct LED, Apple AirPlay 2, Press & Ask Alexa, Metallic Bezel-...",https://www.amazon.it/dp/B0GYTCCKMW,40.0,249.9,249.9,EUR,249.9,Amazon,IT,2026-09-26T09:26:12Z,B0GYTCCKMW,,,,,
TCL,"TCL A300 Pro – Smart TV 4K da 55"", TV NXTVISION QLED Pro | Matte Screen, 230W Soundbar & Subwoofer, Dolby Vision IQ, Audio...",https://www.amazon.it/dp/B0F9WFRF4R,55.0,799.9,799.9,EUR,799.9,Amazon,IT,2026-09-26T09:26:12Z,B0F9WFRF4R,,,,,
TCL,"TCL 32S5L - Tv 32 Pollici Smart Tv Full HD DVB-T2 H.264, H.265 Nero Classe Energetica F",https://www.amazon.it/dp/B0H2JF9P45,32.0,209.0,209.0,EUR,209.0,Amazon,IT,2026-09-26T09:26:12Z,B0H2JF9P45,,,,,
TCL,"TCL 75X11L – Smart TV SQD‑Mini LED 4K HDR10+ da 75"", 9.000nit | 10,520 Dimming Zones, Dolby Vision IQ & Atmos, 144Hz VRR, ...",https://www.amazon.it/dp/B0GV3VXQB8,75.0,3180.04,3180.04,EUR,3180.04,Amazon,IT,2026-09-26T09:26:12Z,B0GV3VXQB8,,,,,
TCL,"TCL 65Q6C – Smart TV QD‑Mini LED 4K HDR10+ da 65"", Google TV | Dolby Vision IQ & Atmos, 144Hz Motion Clarity Pro, Game Mas...",https://www.amazon.it/dp/B0DXQ27X44,65.0,,,,,Amazon,IT,2026-09-26T09:26:12Z,B0DXQ27X44,,,,,
TCL,"TCL 98Q7D Pro – Smart TV SQD‑Mini LED 4K HDR10+ da 98"", 2.000nit | 1,152 Dimming Zones, Dolby Vision IQ & Atmos, Onkyo 2.1...",https://www.amazon.it/dp/B0GXKP3KLR,98.0,2499.9,2499.9,EUR,2499.9,Amazon,IT,2026-09-26T09:26:12Z,B0GXKP3KLR,,,,,
TCL,"TCL 65RM7L – Smart TV RGB‑Mini LED 4K HDR10+ da 65"", 2.000nit | 1,344 Precise Color Zones, Dolby Vision IQ & Atmos, 2.1 On...",https://www.amazon.it/dp/B0H1135WTX,65.0,999.0,999.0,EUR,999.0,Amazon,IT,2026-09-26T09:26:12Z,B0H1135WTX,,,,,
TCL,"TCL 65V6D – Smart TV 4K HDR10+ da 65"" con Fire TV e Dolby Atmos | DTS:X, Game Master, Motion Clarity, Apple AirPlay 2, Pre...",https://www.amazon.it/dp/B0GQHNCZBK,65.0,499.0,499.0,EUR,499.0,Amazon,IT,2026-09-26T09:26:12Z,B0GQHNCZBK,,,,,
TCL,"TCL 65T6C – Smart TV QLED 4K HDR10+ da 65"", Fire TV con Dolby Atmos | Game Mast, VRR, Dolby Vision, Motion Clarity, Press...",https://www.amazon.it/dp/B0DW96CFKL,65.0,529.0,529.0,EUR,529.0,Amazon,IT,2026-09-26T09:26:12Z,B0DW96CFKL,,,,,
Hisense,"Hisense TV 55"" QLED 4K 2025 55A72Q, Smart TV VIDAA U8, Dolby Vision, HDR 10+, Game Mode Plus, Dolby Atmos 2.1 con Subwoofe...",https://www.amazon.it/dp/B0F1W75RH2,55.0,379.0,379.0,EUR,379.0,Amazon,IT,2026-09-26T09:26:12Z,B0F1W75RH2,,,,,
Hisense,"Hisense Smart TV 75"" 4K Ultra HD 2025 75E63QT, Smart TV VIDAA U8, Dolby Vision, HDR 10, Game Mode Plus, Alexa Built-in, VI...",https://www.amazon.it/dp/B0F1WL42VS,75.0,599.0,599.0,EUR,599.0,Amazon,IT,2026-09-26T09:26:12Z,B0F1WL42VS,,,,,
Hisense,"Hisense Smart TV 55"" 4K Ultra HD 2025 55A6Q, Smart TV VIDAA U8, Dolby Vision, HDR 10, Game Mode Plus, Alexa Built-in, VIDA...",https://www.amazon.it/dp/B0F4D9MLMQ,55.0,,,,,Amazon,IT,2026-09-26T09:26:12Z,B0F4D9MLMQ,,,,,
Hisense,"Hisense Smart TV QLED 50"" 4K 50E7Q PRO, Smart TV VIDAA U8, Dolby Vision IQ, HDR 10+ Adaptive, 144hz Game Mode PRO, Dolby A...",https://www.amazon.it/dp/B0FFH8CWBK,50.0,,,,,Amazon,IT,2026-09-26T09:26:12Z,B0FFH8CWBK,,,,,
Hisense,"Hisense Smart TV MiniLED 144Hz 50"" 4K 50E8S | Dolby Atmos 2.1 By Devialet, Dolby Vision IQ, HDR10+, VIDAA OS, Alexa, lativ...",https://www.amazon.it/dp/B0GQDSSGNB,50.0,499.0,499.0,EUR,499.0,Amazon,IT,2026-09-26T09:26:12Z,B0GQDSSGNB,,,,,
Hisense,"Hisense Smart TV QLED 43"" 4K Dèco TV 43S5Q, 60Hz, Audio Dolby Atmos, VIDAA OS con 1000+ app, HDR10, Game Mode Plus, Blueto...",https://www.amazon.it/dp/B0GM1RDY9Z,43.0,349.0,349.0,EUR,349.0,Amazon,IT,2026-09-26T09:26:12Z,B0GM1RDY9Z,,,,,
Hisense,"Hisense Smart TV MiniLED 55"" 4K TV 55U7SE | Dolby Atmos 2.1 By Devialet, Dolby Vision IQ, HDR10+, VIDAA OS, Alexa, lativù ...",https://www.amazon.it/dp/B0GKPVQ86Z,55.0,589.0,589.0,EUR,589.0,Amazon,IT,2026-09-26T09:26:12Z,B0GKPVQ86Z,,,,,
Hisense,"Hisense Smart TV QLED 50"" 4K 50A7S | Audio Dolby Atmos, Design Unibody Slim, VIDAA OS, Dolby Vision IQ, HDR 10+, BT, Wifi,...",https://www.amazon.it/dp/B0GSBQDY7T,50.0,399.0,399.0,EUR,399.0,Amazon,IT,2026-09-26T09:26:12Z,B0GSBQDY7T,,,,,
Hisense,"Hisense TV 55"" QLED 4K 144Hz 2025 55E7Q PRO, Smart TV VIDAA U8, Dolby Vision IQ, HDR 10+ Adaptive, 144hz Game Mode PRO, Do...",https://www.amazon.it/dp/B0F1N7WT6C,55.0,,,,,Amazon,IT,2026-09-26T09:26:12Z,B0F1N7WT6C,,,,,
Hisense,"Hisense TV 55"" Mini-LED 165Hz 4K 2025 55U8Q, Octagonal Stand, Dolby Atmos Multi-Channel Surround 4.1.2, Smart TV VIDAA U9 ...",https://www.amazon.it/dp/B0F1WHZW4G,55.0,,,,,Amazon,IT,2026-09-26T09:26:12Z,B0F1WHZW4G,,,,,
Hisense,"Hisense TV 65"" QLED 4K 65E77NQ, Smart TV VIDAA U7, Dolby Vision, HDR 10+, Game Mode Plus, Dolby Atmos, Alexa Built-in, VID...",https://www.amazon.it/dp/B0CZXPSPHZ,65.0,,,,,Amazon,IT,2026-09-26T09:26:12Z,B0CZXPSPHZ,,,,,
Hisense,"Hisense Smart TV MiniLED 144Hz 65"" 4K 65E8S | Dolby Atmos 2.1 By Devialet, Dolby Vision IQ, HDR10+, VIDAA OS, Alexa, lativ...",https://www.amazon.it/dp/B0GQF24H9M,65.0,699.0,699.0,EUR,699.0,Amazon,IT,2026-09-26T09:26:12Z,B0GQF24H9M,,,,,
Hisense,"Hisense Smart TV MiniLED 165Hz 65"" 4K 65U79S PRO | Schermo Anti-Riflesso, Dolby Atmos 2.1.2 By Devialet, VIDAA OS, Dolby V...",https://www.amazon.it/dp/B0GR77J8WH,65.0,799.9,799.9,EUR,799.9,Amazon,IT,2026-09-26T09:26:12Z,B0GR77J8WH,,,,,
Hisense,"Hisense Smart TV 65"" 4K TV 65E6ST, 60Hz, DTS Virtual X, VIDAA OS con 1000+ app, HDR 10+, Game Mode Plus, Bluetooth, wifi, ...",https://www.amazon.it/dp/B0GM1GRB7M,65.0,529.0,529.0,EUR,529.0,Amazon,IT,2026-09-26T09:26:12Z,B0GM1GRB7M,,,,,
Hisense,"Hisense Smart TV QLED 144Hz 75"" 4K 75E7S PRO | Audio Dolby Atmos, VIDAA OS, Native 144Hz Game Mode, Dolby Vision IQ, HDR 1...",https://www.amazon.it/dp/B0GR6SXXNM,75.0,799.0,799.0,EUR,799.0,Amazon,IT,2026-09-26T09:26:12Z,B0GR6SXXNM,,,,,
Hisense,"Hisense 65E7DS TV QLED 4K 65"" (164 cm) - Série E7DS - Dolby Vision IQ, 120Hz HSR, Game Mode Plus, Son DTS X, Alexa",https://www.amazon.it/dp/B0GM1NNY7D,65.0,549.0,549.0,EUR,549.0,Amazon,IT,2026-09-26T09:26:12Z,B0GM1NNY7D,,,,,
Hisense,"Hisense Smart TV QLED 85"" 4K 85E7DS, 60Hz, Audio Dolby Atmos, VIDAA OS con 1000+ app, Dolby Vision IQ, HDR 10+, Game Mode ...",https://www.amazon.it/dp/B0GNTC9VM9,85.0,949.0,949.0,EUR,949.0,Amazon,IT,2026-09-26T09:26:12Z,B0GNTC9VM9,,,,,
Hisense,"Hisense Smart TV MiniLED 165Hz 85"" 4K 100U7SE | Dolby Atmos 2.1 By Devialet, Dolby Vision IQ, HDR10+, VIDAA OS, Alexa, lat...",https://www.amazon.it/dp/B0GR6P7MGV,85.0,1821.0,1821.0,EUR,1821.0,Amazon,IT,2026-09-26T09:26:12Z,B0GR6P7MGV,,,,,
Hisense,"Hisense Smart TV RGB MiniLED 180Hz 85"" 4K 85UR9S | Schermo Anti-Riflesso, Dolby Atmos 4.1.2 By Devialet, Dolby Vision IQ, ...",https://www.amazon.it/dp/B0GR5Z4S73,85.0,2118.59,2118.59,EUR,2118.59,Amazon,IT,2026-09-26T09:26:12Z,B0GR5Z4S73,,,,,
Hisense,"Hisense Smart TV MiniLED 144Hz 85"" 4K 85U7SE | Dolby Atmos 2.1 By Devialet, Dolby Vision IQ, HDR10+, VIDAA OS, Alexa, lati...",https://www.amazon.it/dp/B0GKPZ6MQ6,85.0,1435.8,1435.8,EUR,1435.8,Amazon,IT,2026-09-26T09:26:12Z,B0GKPZ6MQ6,,,,,
Hisense,"Hisense TV 65"" QLED 4K 2025 65A72Q, Smart TV VIDAA U8, Dolby Vision, HDR 10+, Game Mode Plus, Dolby Atmos 2.1 con Subwoofe...",https://www.amazon.it/dp/B0F1W8YSFP,65.0,499.0,499.0,EUR,499.0,Amazon,IT,2026-09-26T09:26:12Z,B0F1W8YSFP,,,,,
Sony,"TV Sony BRAVIA 3Ⅱ55 pollici, Smart TV 4K (Google TV), processore XR con tecnologia AI, 120 Hz con Dolby Vision/Atmos, comp...",https://www.amazon.it/dp/B0GZPV9JS8,55.0,969.0,969.0,EUR,969.0,Amazon,IT,2026-09-26T09:26:12Z,B0GZPV9JS8,,,,,
Sony,"Sony BRAVIA 6 OLED TV, 55 pollici | Smart TV 4K (Google TV), televisore a 120 Hz con Dolby Vision/Atmos, modello 55A62, an...",https://www.amazon.it/dp/B0HD8TJTZH,55.0,1299.0,1299.0,EUR,1299.0,Amazon,IT,2026-09-26T09:26:12Z,B0HD8TJTZH,,,,,
Samsung,"Samsung Crystal UHD 4K Smart TV 75'' UE75U8090FUXZT, Crystal 4K Processor, HDR, Smart Experience, OTS Lite & Adaptive Soun...",https://www.amazon.it/dp/B0F4T1Q7JC,75.0,599.0,599.0,EUR,599.0,Amazon,IT,2026-09-26T09:26:12Z,B0F4T1Q7JC,,,,,
Panasonic,"Panasonic TB-32S40AEZC, 32 pollici televisore LED HD, TiVo | Controllo Vocale Google e Alexa, Game Mode, Media Player, HD...",https://www.amazon.it/dp/B0H2MPMR8R,32.0,178.99,178.99,EUR,178.99,Amazon,IT,2026-09-26T09:26:12Z,B0H2MPMR8R,,,,,
Xiaomi,"XIAOMI TV S Mini LED 55, QLED, 55 inch, Dolby Vision, Atmos144Hz, 1200 nits",https://www.amazon.it/dp/B0DJM9GBHK,55.0,499.88,499.88,EUR,499.88,Amazon,IT,2026-09-26T09:26:12Z,B0DJM9GBHK,,,,,
Panasonic,"Panasonic TB-43W61AEZ, Serie W61 43 pollici, Smart TV LED 4K Ultra HD, 2025, TiVo, Dolby Vision e Atmos, Game Mode Plus, C...",https://www.amazon.it/dp/B0H2MS6C1G,43.0,283.96,283.96,EUR,283.96,Amazon,IT,2026-09-26T09:26:12Z,B0H2MS6C1G,,,,,
Samsung,"Samsung Crystal UHD 4K Smart TV 75'' UE75U7000FUXZT, Crystal 4K Processor, HDR, Smart Experience, OTS Lite & Adaptive Soun...",https://www.amazon.it/dp/B0F4T85B1Y,75.0,599.0,599.0,EUR,599.0,Amazon,IT,2026-09-26T09:26:12Z,B0F4T85B1Y,,,,,
Philips,"PHILIPS Ambilight 43PUS8200 4K LED Smart TV (2025) - Display 43'' con Piattaforma Titan OS, Pixel Precise Ultra HD e Dolby...",https://www.amazon.it/dp/B0F2N565FP,43.0,,,,,Amazon,IT,2026-09-26T09:26:12Z,B0F2N565FP,,,,,
Xiaomi,"XIAOMI TV F Pro 75,75 pollici (190 cm),4K UHD QLED,Smart TV,Fire TV, Triple Tuner DVB-C/S/S2/T/T2,HDR10+, Modalità Game Bo...",https://www.amazon.it/dp/B0F45BLD1H,75.0,599.0,599.0,EUR,599.0,Amazon,IT,2026-09-26T09:26:12Z,B0F45BLD1H,,,,,
Sony,"TV Sony BRAVIA 3Ⅱ65 pollici, Smart TV 4K (Google TV), processore XR con tecnologia AI, 120 Hz con Dolby Vision/Atmos, comp...",https://www.amazon.it/dp/B0GZPZZRWL,65.0,1219.0,1219.0,EUR,1219.0,Amazon,IT,2026-09-26T09:26:12Z,B0GZPZZRWL,,,,,
Sony,"Sony BRAVIA 7 II True RGB 65 Inch TV, 4K Smart TV (Google TV), RGB LED, XR Processor with AI Technology, 120hz Television ...",https://www.amazon.it/dp/B0H2JSJ8QM,65.0,1999.0,1999.0,EUR,1999.0,Amazon,IT,2026-09-26T09:26:12Z,B0H2JSJ8QM,,,,,
Xiaomi,"Xiaomi TV F Pro 65,65 pollici (165 cm),4K UHD QLED,Smart TV, Fire TV, Triple Tuner DVB-C/S/S2/T/T2, HDR10+, Modalità Game ...",https://www.amazon.it/dp/B0F454CH49,65.0,449.0,449.0,EUR,449.0,Amazon,IT,2026-09-26T09:26:12Z,B0F454CH49,,,,,
Xiaomi,"XIAOMI TV FX Mini LED da 65″(165 cm), Smart TV QD-Mini LED, 4K UHD, Fire TV, HDR10+, 60 Hz con modalità Game Boost a 120 H...",https://www.amazon.it/dp/B0H26TKHL5,65.0,649.0,649.0,EUR,649.0,Amazon,IT,2026-09-26T09:26:12Z,B0H26TKHL5,,,,,
Samsung,"Samsung Crystal UHD 4K Smart TV 50'' UE50U8090FUXZT, Crystal 4K Processor, HDR, Smart Experience, OTS Lite & Adaptive Soun...",https://www.amazon.it/dp/B0F4T2H64V,50.0,339.0,339.0,EUR,339.0,Amazon,IT,2026-09-26T09:26:12Z,B0F4T2H64V,,,,,
Samsung,Samsung UE55U7000HUXZT - TV 55 Pollici Smart TV LED 4K DVB-T2 Wifi Classe F,https://www.amazon.it/dp/B0H83CQ8NS,55.0,379.28,379.28,EUR,379.28,Amazon,IT,2026-09-26T09:26:12Z,B0H83CQ8NS,,,,,
Samsung,"Cello CTRAV-27TZ TV Traveller Smart 12V da 27"" con Tizen OS di Samsung, ricezione satellitare, Gaming Hub, altoparlanti Pi...",https://www.amazon.it/dp/B0GHR9GHZL,27.0,279.99,279.99,EUR,279.99,Amazon,IT,2026-09-26T09:26:12Z,B0GHR9GHZL,,,,,
LG,"LG NANO AI UHD 55 Pollici, Serie NU8E 2026 Smart TV 4K - 55NU8E0B3LA | Processore con Nano Detail Enhancer, AI Chatbot, AI...",https://www.amazon.it/dp/B0GWN7YD2W,55.0,399.0,399.0,EUR,399.0,Amazon,IT,2026-09-26T09:26:12Z,B0GWN7YD2W,,,,,
TCL,"TCL 65C8L – Smart TV SQD‑Mini LED 4K HDR10+ da 65"", 5.000nit | 2,040 Dimming Zones, Dolby Vision IQ & Atmos, 144Hz, ZeroBo...",https://www.amazon.it/dp/B0GTZLF677,65.0,1199.0,1199.0,EUR,1199.0,Amazon,IT,2026-09-26T09:26:12Z,B0GTZLF677,,,,,
TCL,"TCL 55T8D – Smart TV QD‑Mini LED 4K HDR10+ da 55"", pensato per il gaming, 144Hz VRR",https://www.amazon.it/dp/B0GR9JWH4T,55.0,499.9,499.9,EUR,499.9,Amazon,IT,2026-09-26T09:26:12Z,B0GR9JWH4T,,,,,
Hisense,"Hisense Smart TV 55"" 4K TV 55E6ST, 60Hz, DTS Virtual X, VIDAA OS con 1000+ app, HDR 10+, Game Mode Plus, Bluetooth, wifi, ...",https://www.amazon.it/dp/B0GM1HHYWS,55.0,379.0,379.0,EUR,379.0,Amazon,IT,2026-09-26T09:26:12Z,B0GM1HHYWS,,,,,
Hisense,"Hisense Smart TV QLED 32"" FHD 32E5ST, 60Hz, Audio Dolby Atmos, VIDAA OS con 1000+ app, HDR10, Game Mode, Works with Alexa,...",https://www.amazon.it/dp/B0GM1T3HF5,32.0,,,,,Amazon,IT,2026-09-26T09:26:12Z,B0GM1T3HF5,,,,,
Hisense,"Hisense TV 50"" 4K Ultra HD 50A6N, Smart TV VIDAA U7, Dolby Vision, HDR 10+, DTS Virtual:X, Game Mode, Alexa Built-in, VIDA...",https://www.amazon.it/dp/B0CZWTSGZX,50.0,449.9,449.9,EUR,449.9,Amazon,IT,2026-09-26T09:26:12Z,B0CZWTSGZX,,,,,
Sony,"Sony BRAVIA 2Ⅱ 65"", 4K Smart TV (Google TV), Processore X1,4K Upscaling, Televisione con Dolby Atmos e DTS:X, compatibile ...",https://www.amazon.it/dp/B0GZKY262Y,65.0,774.0,774.0,EUR,774.0,Amazon,IT,2026-09-26T09:26:12Z,B0GZKY262Y,,,,,
Sony,Sony BRAVIA 5 XR Mini LED 85 Pollici | Processore AI XR | Acoustic Multi-Audio | Dolby Vision/Atmos | IMAX Enhanced | Goog...,https://www.amazon.it/dp/B0F4KZW14B,85.0,1999.0,1999.0,EUR,1999.0,Amazon,IT,2026-09-26T09:26:12Z,B0F4KZW14B,,,,,
Sony,"Sony KD55X85L 55"" (139cm) 4K Ultra HD Smart Google Full Array LED TV",https://www.amazon.it/dp/B0C4XP7QNZ,55.0,1167.92,1167.92,EUR,1167.92,Amazon,IT,2026-09-26T09:26:12Z,B0C4XP7QNZ,,,,,
Samsung,"Samsung 85"" UE85M80HAUXZT Mini LED 4K 144 Hz Smart TV Vision AI 2026 | HDR 10+, Motion Xcelerator 144Hz, Adpative Sound+, ...",https://www.amazon.it/dp/B0GX1LX6QZ,85.0,1299.0,1299.0,EUR,1299.0,Amazon,IT,2026-09-26T09:26:12Z,B0GX1LX6QZ,,,,,
LG,"LG OLED evo AI 65 Pollici, Serie G6S 2026 Smart TV 4K - OLED65G66LS | Base da Appoggio, Hyper Radiant Color, Reflection Fr...",https://www.amazon.it/dp/B0GWN286F5,65.0,2299.0,2299.0,EUR,2299.0,Amazon,IT,2026-09-26T09:26:12Z,B0GWN286F5,,,,,
TCL,"TCL NXTVISION A300W – Smart TV QLED Pro 4K HDR da 55"", Schermo opaco | Dolby Vision IQ & Atmos, 144Hz VRR, Motion Clarity,...",https://www.amazon.it/dp/B0DPLP7KHP,55.0,799.9,799.9,EUR,799.9,Amazon,IT,2026-09-26T09:26:12Z,B0DPLP7KHP,,,,,
TCL,"TCL 65T8C – Smart TV QLED 4K HDR10+ da 65"", pensato per il gaming, 144Hz VRR",https://www.amazon.it/dp/B0DV9LYQJ1,65.0,,,,,Amazon,IT,2026-09-26T09:26:12Z,B0DV9LYQJ1,,,,,
Hisense,"Hisense Smart TV QLED 58"" 4K TV 58E7DS, 60Hz, Audio Dolby Atmos, VIDAA OS con 1000+ app, Dolby Vision IQ, HDR 10+, Game Mo...",https://www.amazon.it/dp/B0GM1RDCJC,58.0,469.0,469.0,EUR,469.0,Amazon,IT,2026-09-26T09:26:12Z,B0GM1RDCJC,,,,,
Hisense,"Hisense TV 65"" QLED 4K 144Hz 2025 65E7Q PRO, Smart TV VIDAA U8, Dolby Vision IQ, HDR 10+ Adaptive, 144hz Game Mode PRO, Do...",https://www.amazon.it/dp/B0F1N62VSW,65.0,599.0,599.0,EUR,599.0,Amazon,IT,2026-09-26T09:26:12Z,B0F1N62VSW,,,,,
Hisense,"Hisense Smart TV QLED 144Hz 55"" 4K 55E7S PRO | Audio Dolby Atmos, VIDAA OS, Native 144Hz Game Mode, Dolby Vision IQ, HDR 1...",https://www.amazon.it/dp/B0GR7DTKP8,55.0,499.0,499.0,EUR,499.0,Amazon,IT,2026-09-26T09:26:12Z,B0GR7DTKP8,,,,,
Sony,"Sony BRAVIA 2Ⅱ 75"", 4K Smart TV (Google TV), Processore X1,4K Upscaling, Televisione con Dolby Atmos e DTS:X, compatibile ...",https://www.amazon.it/dp/B0GZKYXYQX,75.0,1043.0,1043.0,EUR,1043.0,Amazon,IT,2026-09-26T09:26:12Z,B0GZKYXYQX,,,,,
Samsung,"Samsung QLED Q8F 4K Smart TV 75"" con visione AI, volume 100% di colore con Quantum Dot, HDR10+, processore Q4 AI, One UI T...",https://www.amazon.it/dp/B0FHXMLHHK,75.0,795.84,795.84,EUR,795.84,Amazon,IT,2026-09-26T09:26:12Z,B0FHXMLHHK,,,,,
Samsung,"Samsung QLED AI 43"" TQ43Q8FAAUXXC UltraHD 4K Quantum HDR+ Tizen [Versione Francese, Spagnola, Portoghese]",https://www.amazon.it/dp/B0F2296XMW,43.0,445.18,445.18,EUR,445.18,Amazon,IT,2026-09-26T09:26:12Z,B0F2296XMW,,,,,
Samsung,"Samsung QLED Q8F 4K Smart TV 85 pollici con visione AI, volume di colore al 100% con Quantum Dot, il vero Quantum Dot e Mo...",https://www.amazon.it/dp/B0F2FLDHZD,85.0,1536.8,1536.8,EUR,1536.8,Amazon,IT,2026-09-26T09:26:12Z,B0F2FLDHZD,,,,,
Hisense,"Hisense Smart TV QLED 55"" 4K 55A7S | Audio Dolby Atmos, Design Unibody Slim, VIDAA OS, Dolby Vision IQ, HDR 10+, BT, Wifi,...",https://www.amazon.it/dp/B0GSBJMYTB,55.0,442.77,442.77,EUR,442.77,Amazon,IT,2026-09-26T09:26:12Z,B0GSBJMYTB,,,,,
LG,"LG 50QNED80A6A - TV 50 Pollici, 4K, Smart TV, QNED, DVB-T2, Wi-Fi, HEVC/H.265, Classe energetica F",https://www.amazon.it/dp/B0FFH2FTLN,50.0,492.34,492.34,EUR,492.34,Amazon,IT,2026-09-26T09:26:12Z,B0FFH2FTLN,,,,,
TCL,"TCL A300 Pro – Smart TV 4K da 65"", TV NXTVISION QLED Pro | Matte Screen, 230W Soundbar & Subwoofer, Dolby Vision IQ, Audio...",https://www.amazon.it/dp/B0F2GKG2R1,65.0,1045.0,1045.0,EUR,1045.0,Amazon,IT,2026-09-26T09:26:12Z,B0F2GKG2R1,,,,,
Hisense,"Hisense Smart TV QLED 50"" 4K TV 50E7DS, 60Hz, Audio Dolby Atmos, VIDAA OS con 1000+ app, Dolby Vision IQ, HDR 10+, Game Mo...",https://www.amazon.it/dp/B0GM1R36YW,50.0,339.56,339.56,EUR,339.56,Amazon,IT,2026-09-26T09:26:12Z,B0GM1R36YW,,,,,
Samsung,"Samsung Crystal UHD 4K Smart TV 85'' UE85U7000FUXZT, Crystal 4K Processor, HDR, Smart Experience, OTS Lite & Adaptive Soun...",https://www.amazon.it/dp/B0F4STR391,85.0,799.0,799.0,EUR,799.0,Amazon,IT,2026-09-26T09:26:12Z,B0F4STR391,,,,,
Samsung,"Samsung Neo QLED 4K Vision AI Smart TV 85'' QE85QN74FATXZT Mini LED, NQ4 AI Gen2 Processor, 4K AI Upscaling, Motion Xceler...",https://www.amazon.it/dp/B0F4SVJHRW,85.0,1299.0,1299.0,EUR,1299.0,Amazon,IT,2026-09-26T09:26:12Z,B0F4SVJHRW,,,,,
TCL,"TCL 60 SE BLACK 6.67"" 8GB/512GB",https://www.amazon.it/dp/B0F8P1SC9R,67.0,174.03,174.03,EUR,174.03,Amazon,IT,2026-09-26T09:26:12Z,B0F8P1SC9R,,,,,
Samsung,"Samsung 65"" QE65S99HATXZT OLED 4K Glare Free 165 Hz Smart TV Vision AI 2026",https://www.amazon.it/dp/B0GWN8VWTQ,65.0,2761.99,2761.99,EUR,2761.99,Amazon,IT,2026-09-26T09:26:12Z,B0GWN8VWTQ,,,,,
LG,"LG OLED AI 48 Pollici, Serie B6E 2026 Smart TV 4K - OLED48B6ELC",https://www.amazon.it/dp/B0GWN31T13,48.0,899.0,899.0,EUR,899.0,Amazon,IT,2026-09-26T09:26:12Z,B0GWN31T13,,,,,
TCL,"TCL 75C8L – Smart TV SQD‑Mini LED 4K HDR10+ da 75"", 5.500nit",https://www.amazon.it/dp/B0GTZSYZLM,75.0,1599.0,1599.0,EUR,1599.0,Amazon,IT,2026-09-26T09:26:12Z,B0GTZSYZLM,,,,,
Hisense,"Hisense Smart TV MiniLED 144Hz 75"" 4K 75E8S",https://www.amazon.it/dp/B0GQCXP6VM,75.0,899.0,899.0,EUR,899.0,Amazon,IT,2026-09-26T09:26:12Z,B0GQCXP6VM,,,,,
Sony,Sony BRAVIA 5 - XR|Mini LED| Processore AI XR | Acoustic Multi-Audio | Dolby Vision/Atmos | IMAX Enhanced | Google TV (2025)|Google Cast | Apple AirPlay 2| Eco Dashboard 2 |Menu di gioco 2-55pollici,https://www.amazon.it/dp/B0F4KYR4RT,55.0,1199.0,1199.0,EUR,1199.0,Amazon,IT,2026-09-26T09:26:12Z,B0F4KYR4RT,,,,,
Samsung,"Samsung 77"" QE77S99HATXZT OLED 4K Glare Free 165 Hz Smart TV Vision AI 2026",https://www.amazon.it/dp/B0GWN65T6H,77.0,3799.0,3799.0,EUR,3799.0,Amazon,IT,2026-09-26T09:26:12Z,B0GWN65T6H,,,,,
LG,LG OLED65B6ELC - TV 65 Pollici Smart TV 4K OLED HEVC/H.265 Wifi Classe Energetica F,https://www.amazon.it/dp/B0H1MZTYM8,65.0,,,,,Amazon,IT,2026-09-26T09:26:12Z,B0H1MZTYM8,,,,,
TCL,"TCL 85C8L – Smart TV SQD‑Mini LED 4K HDR10+ da 85"", 6.000nit",https://www.amazon.it/dp/B0GTZRP159,85.0,2199.0,2199.0,EUR,2199.0,Amazon,IT,2026-09-26T09:26:12Z,B0GTZRP159,,,,,
Hisense,"Hisense Smart TV MiniLED 144Hz 85"" 4K 85E8S",https://www.amazon.it/dp/B0GQDDL8D7,85.0,1199.0,1199.0,EUR,1199.0,Amazon,IT,2026-09-26T09:26:12Z,B0GQDDL8D7,,,,,
Sony,Sony BRAVIA 5 XR Mini LED 65 Pollici | Processore AI XR | Acoustic Multi-Audio | Dolby Vision/Atmos | IMAX Enhanced | Google TV | Google Cast | Apple AirPlay 2| Eco Dashboard 2 | 65XR52,https://www.amazon.it/dp/B0F4L1887W,65.0,1499.0,1499.0,EUR,1499.0,Amazon,IT,2026-09-26T09:26:12Z,B0F4L1887W,,,,,
Samsung,"Samsung 83"" QE83S99HAEXZT OLED 4K Glare Free 165 Hz Smart TV Vision AI 2026",https://www.amazon.it/dp/B0GWN13CXQ,83.0,4499.0,4499.0,EUR,4499.0,Amazon,IT,2026-09-26T09:26:12Z,B0GWN13CXQ,,,,,
LG,"LG OLED AI 65 Pollici, Serie B6E 2026 Smart TV 4K - OLED65B6ELC",https://www.amazon.it/dp/B0GWMYSZMC,65.0,1499.0,1499.0,EUR,1499.0,Amazon,IT,2026-09-26T09:26:12Z,B0GWMYSZMC,,,,,
TCL,"TCL 98C8L – Smart TV SQD‑Mini LED 4K HDR10+ da 98"", 6.000nit",https://www.amazon.it/dp/B0GTZQ77RW,98.0,3799.0,3799.0,EUR,3799.0,Amazon,IT,2026-09-26T09:26:12Z,B0GTZQ77RW,,,,,
Hisense,"Hisense Smart TV QLED 65"" 4K 65A7S",https://www.amazon.it/dp/B0GSBMX3B4,65.0,544.85,544.85,EUR,544.85,Amazon,IT,2026-09-26T09:26:12Z,B0GSBMX3B4,,,,,
Sony,Sony BRAVIA 5 - XR|Mini LED| Processore AI XR | Acoustic Multi-Audio | Dolby Vision/Atmos | IMAX Enhanced | Google TV (2025) |Google Cast| Apple AirPlay 2|Eco Dashboard 2|Menu di gioco 2-98pollici,https://www.amazon.it/dp/B0F7R8NY37,98.0,4699.0,4699.0,EUR,4699.0,Amazon,IT,2026-09-26T09:26:12Z,B0F7R8NY37,,,,,
Samsung,Samsung QE50QN70HAUXZT - TV 50 Pollici Smart TV 4K Neo QLED DVB-T2 HbbTV 2.0.4 Bluetooth Nero Classe Energetica E,https://www.amazon.it/dp/B0H838LZR4,50.0,613.92,613.92,EUR,613.92,Amazon,IT,2026-09-26T09:26:12Z,B0H838LZR4,,,,,
LG,"LG OLED AI 77 Pollici, Serie B6E 2026 Smart TV 4K - OLED77B6ELC",https://www.amazon.it/dp/B0GWMW9BM4,77.0,2999.0,2999.0,EUR,2999.0,Amazon,IT,2026-09-26T09:26:12Z,B0GWMW9BM4,,,,,
TCL,"TCL 65P6L - Tv 65 Pollici Smart Tv 4K LCD DVB-T2 H.264, H.265 Nero Classe Energetica E",https://www.amazon.it/dp/B0H2JKM82C,65.0,500.26,500.26,EUR,500.26,Amazon,IT,2026-09-26T09:26:12Z,B0H2JKM82C,,,,,
Hisense,"Hisense Smart TV RGB MiniLED 180Hz 100"" 4K 100UR8S, Schermo Anti-Riflesso, 100% BT2020, Dolby Atmos 2.1.2 By Devialet, Dolby Vision IQ, VIDAA OS, Native 180Hz Game Mode, Wifi, BT, lativù 4K",https://www.amazon.it/dp/B0GX9LY7QD,100.0,,,,,Amazon,IT,2026-09-26T09:26:12Z,B0GX9LY7QD,,,,,
Sony,"Sony BRAVIA 9 QLED (XR l Mini LED) 75 Pollici 4K HDR Google Smart TV | Gaming Menu per PlayStation 5, IMAX Enhanced, Dolby Vision Atmos, Chromecast, AirPlay, 120Hz 75XR90",https://www.amazon.it/dp/B0D1VYFB2C,75.0,,,,,Amazon,IT,2026-09-26T09:26:12Z,B0D1VYFB2C,,,,,
Samsung,Samsung QE85QN70HAUXZT - Smart Tv 85 Pollici 4K Neo QLed DVB-T2 Wifi Classe Energetica E,https://www.amazon.it/dp/B0H335F5CK,85.0,,,,,Amazon,IT,2026-09-26T09:26:12Z,B0H335F5CK,,,,,
LG,"LG OLED AI 83 Pollici, Serie B6E 2026 Smart TV 4K - OLED83B6ELB",https://www.amazon.it/dp/B0GWN4JLLB,83.0,2399.0,2399.0,EUR,2399.0,Amazon,IT,2026-09-26T09:26:12Z,B0GWN4JLLB,,,,,
TCL,"TCL 75P6L - Smart TV 75 Pollici 4K LCD DVB-T2 H.264, H.265 Nero Classe Energetica E",https://www.amazon.it/dp/B0H2JJKZS1,75.0,667.67,667.67,EUR,667.67,Amazon,IT,2026-09-26T09:26:12Z,B0H2JJKZS1,,,,,
Hisense,"Hisense Smart TV QLED 144Hz 50"" 4K 50E7S PRO",https://www.amazon.it/dp/B0GR77T4BZ,50.0,449.0,449.0,EUR,449.0,Amazon,IT,2026-09-26T09:26:12Z,B0GR77T4BZ,,,,,
Sony,"Sony BRAVIA 9 QLED (XR l Mini LED) 85 Pollici 4K HDR Google Smart TV | Gaming Menu per PlayStation 5, IMAX Enhanced, Dolby Vision Atmos, Chromecast, AirPlay, 120Hz 85XR90",https://www.amazon.it/dp/B0D1VVT6GJ,85.0,,,,,Amazon,IT,2026-09-26T09:26:12Z,B0D1VVT6GJ,,,,,
Samsung,"Samsung 65"" QE65S95HFTXZT OLED 4K Real Black&Color Smart TV Vision AI 2026",https://www.amazon.it/dp/B0GWN8HDRP,65.0,2249.0,2249.0,EUR,2249.0,Amazon,IT,2026-09-26T09:26:12Z,B0GWN8HDRP,,,,,
LG,"LG OLED evo AI 48 Pollici, Serie C6 2026 Smart TV 4K - OLED48C64LA",https://www.amazon.it/dp/B0GWNBTJVT,48.0,1084.9,1084.9,EUR,1084.9,Amazon,IT,2026-09-26T09:26:12Z,B0GWNBTJVT,,,,,
TCL,"TCL 85X11L – Smart TV SQD‑Mini LED 4K HDR10+ da 85"", 10.000nit",https://www.amazon.it/dp/B0GV4DDPZD,85.0,4841.36,4841.36,EUR,4841.36,Amazon,IT,2026-09-26T09:26:12Z,B0GV4DDPZD,,,,,
Hisense,"Hisense Smart TV QLED 144Hz 65"" 4K 65E7S PRO",https://www.amazon.it/dp/B0GR6XCQMY,65.0,679.0,679.0,EUR,679.0,Amazon,IT,2026-09-26T09:26:12Z,B0GR6XCQMY,,,,,
Samsung,"Samsung 77"" QE77S95HFTXZT OLED 4K Real Black Color Smart TV Vision AI 2026",https://www.amazon.it/dp/B0GWN676D1,77.0,3499.0,3499.0,EUR,3499.0,Amazon,IT,2026-09-26T09:26:12Z,B0GWN676D1,,,,,
LG,"LG OLED evo AI 65 Pollici, Serie C6 2026 Smart TV 4K - OLED65C64LA",https://www.amazon.it/dp/B0GWN36S8N,65.0,1999.0,1999.0,EUR,1999.0,Amazon,IT,2026-09-26T09:26:12Z,B0GWN36S8N,,,,,
TCL,"TCL 98X11L – Smart TV SQD‑Mini LED 4K HDR10+ da 98"", 10.000nit",https://www.amazon.it/dp/B0GV4GKQR9,98.0,8999.9,8999.9,EUR,8999.9,Amazon,IT,2026-09-26T09:26:12Z,B0GV4GKQR9,,,,,
Hisense,"Hisense Smart TV QLED 144Hz 85"" 4K 85E7S PRO, Audio Dolby Atmos, VIDAA OS con 1000+ app, Dolby Vision IQ, HDR 10+, Native Game Mode, AirPlay2, Alexa Built-in, lativù",https://www.amazon.it/dp/B0GR6KRXBJ,85.0,999.0,999.0,EUR,999.0,Amazon,IT,2026-09-26T09:26:12Z,B0GR6KRXBJ,,,,,
Samsung,Samsung QE55S85HAEXZT - Smart TV 55 Pollici 4K OLED DVB-T2 Wifi HbbTV 2.0.4 Nero Classe Energetica F,https://www.amazon.it/dp/B0H4MBS2YG,55.0,1027.64,1027.64,EUR,1027.64,Amazon,IT,2026-09-26T09:26:12Z,B0H4MBS2YG,,,,,
LG,"LG OLED evo AI 77 Pollici, Serie C6 2026 Smart TV 4K - OLED77C64LA",https://www.amazon.it/dp/B0GWMVM78J,77.0,2698.0,2698.0,EUR,2698.0,Amazon,IT,2026-09-26T09:26:12Z,B0GWMVM78J,,,,,
TCL,"TCL 43P7K 43” QLED 4K HDR TV, Google TV, Smart TV(Dolby Vision & Atmos, Game Master, Motion clarity)",https://www.amazon.it/dp/B0F8VZHXJM,43.0,,,,,Amazon,IT,2026-09-26T09:26:12Z,B0F8VZHXJM,,,,,
Hisense,"Hisense Smart TV QLED 144Hz 100"" 4K 100E7S PRO",https://www.amazon.it/dp/B0GR6M9SS6,100.0,1399.0,1399.0,EUR,1399.0,Amazon,IT,2026-09-26T09:26:12Z,B0GR6M9SS6,,,,,
Samsung,"Samsung OLED 4K Vision AI Smart TV 42'' QE42S90FAEXZT Processore NQ4 AI Gen3r, 4K AI Upscaling Pro, OLED HDR+, Motion Xcelerator 144Hz, PACCHETTO INTRATTENIMENTO, 2025",https://www.amazon.it/dp/B0FL7Z7PLW,42.0,,,,,Amazon,IT,2026-09-26T09:26:12Z,B0FL7Z7PLW,,,,,
LG,"LG OLED evo AI 83 Pollici, Serie C6 2026 Smart TV 4K - OLED83C66LB",https://www.amazon.it/dp/B0GWMZ8X4W,83.0,3661.14,3661.14,EUR,3661.14,Amazon,IT,2026-09-26T09:26:12Z,B0GWMZ8X4W,,,,,
TCL,"TCL 50P7K 50” QLED,4K HDR TV, Google TV, Smart TV((Dolby Vision & Atmos, Game Master, Motion clarity)",https://www.amazon.it/dp/B0F9FMTPH8,50.0,,,,,Amazon,IT,2026-09-26T09:26:12Z,B0F9FMTPH8,,,,,
Samsung,"Samsung 48"" QE48S95HAEXZT OLED 4K Real Black&Color Smart TV Vision AI 2029",https://www.amazon.it/dp/B0GWN5HTR3,48.0,1299.0,1299.0,EUR,1299.0,Amazon,IT,2026-09-26T09:26:12Z,B0GWN5HTR3,,,,,
LG,"LG OLED evo AI 83 Pollici, Serie C5 2025 Smart TV 4K - OLED83C54LA",https://www.amazon.it/dp/B0F44FFV4W,83.0,2699.0,2699.0,EUR,2699.0,Amazon,IT,2026-09-26T09:26:12Z,B0F44FFV4W,,,,,
LG,"LG OLED evo AI 42 Pollici, Serie C5 2025 Smart TV 4K - OLED42C54LA",https://www.amazon.it/dp/B0F44KKWT6,42.0,,,,,Amazon,IT,2026-09-26T09:26:12Z,B0F44KKWT6,,,,,
LG,"LG OLED evo AI 65 Pollici, Serie C5 2025 Smart TV 4K - OLED65C56LB",https://www.amazon.it/dp/B0F7HP7FSH,65.0,,,,,Amazon,IT,2026-09-26T09:26:12Z,B0F7HP7FSH,,,,,
TCL,"TCL 65P6K – Smart TV 4K HDR Direct LED da 65"", Google TV con Dolby Audio",https://www.amazon.it/dp/B0F74855ZF,65.0,,,,,Amazon,IT,2026-09-26T09:26:12Z,B0F74855ZF,,,,,
Hisense,"Hisense 75U7Q PRO -TV 75 Pollici, Smart TV, DVB-T2, HEVC, 4K, ULED, Nero, Classe energetica D",https://www.amazon.it/dp/B0F24F77CN,75.0,,,,,Amazon,IT,2026-09-26T09:26:12Z,B0F24F77CN,,,,,
Hisense,"Hisense Smart TV MiniLED 85"" 4K 85U7Q PRO, Smart TV VIDAA con 1000+APP, Dolby Vision IQ, HDR 10+ Adaptive, 165Hz Game Mode Ultra, Dolby Atmos 2.1.2 con Subwoofer",https://www.amazon.it/dp/B0F24CKN33,85.0,,,,,Amazon,IT,2026-09-26T09:26:12Z,B0F24CKN33,,,,,
Panasonic,"Panasonic TB-50W61AEZC, 50 pollici televisore, LED 4K Ultra HD, TiVo",https://www.amazon.it/dp/B0H2MQFVCT,50.0,329.0,329.0,EUR,329.0,Amazon,IT,2026-09-26T09:26:12Z,B0H2MQFVCT,,,,,
Panasonic,"Panasonic TB-55W61AEZC 55 pollici televisore, LED 4K Ultra HD, TiVo",https://www.amazon.it/dp/B0H2MNHT2G,55.0,369.0,369.0,EUR,369.0,Amazon,IT,2026-09-26T09:26:12Z,B0H2MNHT2G,,,,,
Philips,"Philips Ambilight 65PUS8200 4K LED Smart TV - Display 65’’ con piattaforma Titan OS, Pixel Precise Ultra HD e Dolby Atmos Sound - Funziona con Alexa e Google Voice Assistant",https://www.amazon.it/dp/B0F2N4SKN3,65.0,449.0,449.0,EUR,449.0,Amazon,IT,2026-09-26T09:26:12Z,B0F2N4SKN3,,,,,
Philips,"PHILIPS Ambilight 55PUS8200 4K LED Smart TV (2025) - Display 55'' con Piattaforma Titan OS, Pixel Precise Ultra HD e Dolby Atmos Sound - Funziona con Alexa e Google Voice Assistant",https://www.amazon.it/dp/B0F2N7LRL4,55.0,,,,,Amazon,IT,2026-09-26T09:26:12Z,B0F2N7LRL4,,,,,
Xiaomi,"Xiaomi TV 43 pollici 2026, HD Smart TV Fire TV Dolby Audio L43MB-FAVEU",https://www.amazon.it/dp/B0H448LDSH,43.0,329.0,329.0,EUR,329.0,Amazon,IT,2026-09-26T09:26:12Z,B0H448LDSH,,,,,
Xiaomi,"XIAOMI TV F 50, 50 pollici (127 cm), 4K UHD, Smart TV, Fire TV, Triple Tuner DVB-C/S/S2/T/T2,HDR10, MEMC, Modalità Game Boost 120Hz, Controllo Vocale Alexa, 2GB+32GB, Compatibile con AirPlay",https://www.amazon.it/dp/B0F45BXJ1C,50.0,299.0,299.0,EUR,299.0,Amazon,IT,2026-09-26T09:26:12Z,B0F45BXJ1C,,,,,
Xiaomi,"XIAOMI TV 55 pollici 2026, 4K UHD Smart TV Fire OS8 HDR10 L55MB-FAVEU",https://www.amazon.it/dp/B0H44PLCP3,55.0,479.0,479.0,EUR,479.0,Amazon,IT,2026-09-26T09:26:12Z,B0H44PLCP3,,,,,
Samsung,"Samsung Neo QLED 4K QN70F 65"" Mini TV LED, processore NQ4 AI Gen2, Quantum Matrix Technology Slim, Motion Xcelerator 144Hz, AirSlim, Samsung Vision AI Smart TV [Versione Ungherese]",https://www.amazon.it/dp/B0FHXPNHGR,65.0,980.47,980.47,EUR,980.47,Amazon,IT,2026-09-26T09:26:12Z,B0FHXPNHGR,,,,,
Samsung,"Samsung Neo QLED 4K QN70F 85"" Mini TV LED, processore NQ4 AI Gen2, Quantum Matrix Technology Slim, Motion Xcelerator 144Hz, AirSlim, Samsung Vision AI Smart TV [Versione Ungherese]",https://www.amazon.it/dp/B0FPCLHQ26,85.0,1976.37,1976.37,EUR,1976.37,Amazon,IT,2026-09-26T09:26:12Z,B0FPCLHQ26,,,,,
Samsung,"Samsung Neo QLED 4K QN70F 75"" Mini TV LED, processore NQ4 AI Gen2, Quantum Matrix Technology Slim, Motion Xcelerator 144Hz, AirSlim, Samsung Vision AI Smart TV [Versione Ungherese]",https://www.amazon.it/dp/B0FPCMYXHF,75.0,,,,,Amazon,IT,2026-09-26T09:26:12Z,B0FPCMYXHF,,,,,
Samsung,"Samsung Neo QLED 4K QN80F - Mini TV LED da 125 cm, processore NQ4 AI Gen2, Quantum Matrix Technology Slim, Motion Xcelerator 144Hz, AirSlim, Samsung Vision AI Sm... [versione Ungherese]",https://www.amazon.it/dp/B0FHXFNNCD,50.0,606.38,606.38,EUR,606.38,Amazon,IT,2026-09-26T09:26:12Z,B0FHXFNNCD,,,,,
Samsung,"Samsung Neo QLED 4K QN80F 55"" Mini TV LED, processore NQ4 AI Gen2, Quantum Matrix Technology Slim, Motion Xcelerator 144Hz, AirSlim, Samsung Vision AI Smart TV [Versione Ungherese]",https://www.amazon.it/dp/B0FMY7DGWK,55.0,,,,,Amazon,IT,2026-09-26T09:26:12Z,B0FMY7DGWK,,,,,
Samsung,"Samsung Neo QLED QN900F 65"" 8K Neo QLED TV, 7680 x 4320 Pixel, 165 Hz, AirSlim Design, NQ4 AI Gen2, Mini LED, HDR10+, Quantum Matrix Pro, Samsung Vision AI Smart TV [Versione Ungherese]",https://www.amazon.it/dp/B0FND5LVPL,65.0,,,,,Amazon,IT,2026-09-26T09:26:12Z,B0FND5LVPL,,,,,
LG,"LG OLED evo AI 65 Pollici, Serie G5 2025 Smart TV 4K - OLED65G56LS",https://www.amazon.it/dp/B0F44DZWL5,65.0,,,,,Amazon,IT,2026-09-26T09:26:12Z,B0F44DZWL5,,,,,
LG,"LG OLED evo 77'', Serie G4 2024, OLED77G45LW, Smart TV 4K, Design One Wall, Processore α11, Brightness Booster Max, 60W, Dolby Vision, Wi-Fi 6, 4 HDMI 2.1 4K@144Hz, GSYNC, VRR, ThinQ AI, webOS 24",https://www.amazon.it/dp/B0CZP6FRTB,77.0,,,,,Amazon,IT,2026-09-26T09:26:12Z,B0CZP6FRTB,,,,,
LG,"LG OLED evo 83'', Serie G4 2024, OLED83G45LW, Smart TV 4K, Design One Wall, Processore α11, Brightness Booster Max, 60W, Dolby Vision, Wi-Fi 6, 4 HDMI 2.1 4K@144Hz, GSYNC, VRR, ThinQ AI, webOS 24",https://www.amazon.it/dp/B0CZP6GH2B,83.0,3799.0,3799.0,EUR,3799.0,Amazon,IT,2026-09-26T09:26:12Z,B0CZP6GH2B,,,,,
LG,"LG OLED evo 65'', Serie G4 2024, OLED65G45LW, Smart TV 4K, Staffa a muro inclusa, Processore α11, Brightness Booster Max, 60W, Dolby Vision, Wi-Fi 6, 4 HDMI 2.1 4K@144Hz, GSYNC, VRR, ThinQ AI, webOS24",https://www.amazon.it/dp/B0CZP9VS4V,65.0,,,,,Amazon,IT,2026-09-26T09:26:12Z,B0CZP9VS4V,,,,,
TCL,"TCL 75P7K 75” QLED 4K HDR TV, Google TV, Smart TV (Dolby Vision & Atmos, Game Master, Motion clarity)",https://www.amazon.it/dp/B0F9FNDBN7,75.0,,,,,Amazon,IT,2026-09-26T09:26:12Z,B0F9FNDBN7,,,,,
TCL,"TCL 85P7K 85” QLED 4K HDR TV, Google TV, Smart TV (Dolby Vision & Atmos, Game Master, Motion clarity, Sistema audio Onkyo 2.1)",https://www.amazon.it/dp/B0FPQM3QJC,85.0,,,,,Amazon,IT,2026-09-26T09:26:12Z,B0FPQM3QJC,,,,,
Hisense,"Hisense TV 75"" Mini-LED 165Hz 4K 2025 75U8Q, Octagonal Stand, Dolby Atmos Multi-Channel Surround 4.1.2, Smart TV VIDAA U9 con 1000+APP, Dolby Vision IQ, HDR 10+, 165Hz Game Mode Ultra, Alexa Built-in,",https://www.amazon.it/dp/B0F1W3TRZT,75.0,1549.9,1549.9,EUR,1549.9,Amazon,IT,2026-09-26T09:26:12Z,B0F1W3TRZT,,,,,
Hisense,"Hisense TV 85"" Mini-LED 165Hz 4K 2025 85U8Q, Octagonal Stand, Dolby Atmos Multi-Channel Surround 4.1.2, Smart TV VIDAA U9 con 1000+APP, Dolby Vision IQ, HDR 10+, 165Hz Game Mode Ultra, Alexa Built-in",https://www.amazon.it/dp/B0F1W5Z9FW,85.0,,,,,Amazon,IT,2026-09-26T09:26:12Z,B0F1W5Z9FW,,,,,
Philips,"Philips 55PUS7906/12 55-Pollici LED Android TV, 4K Smart TV con ambilight, vibrante immagine HDR, dolby vision cinematografico e suono atmos, compatibile con google assistance e Alexa, nero",https://www.amazon.it/dp/B09593D1NS,55.0,,,,,Amazon,IT,2026-09-26T09:26:12Z,B09593D1NS,,,,,
Philips,"Philips 65PUS7906/12 TV LED Android da 65 pollici, Smart TV 4K con Ambilight, Immagini HDR Nitide, Dolby Vision Cinematografico e Suono Atmos, Compatibile con Google Assistant e Alexa, Colore Nero",https://www.amazon.it/dp/B0958NZPMX,65.0,,,,,Amazon,IT,2026-09-26T09:26:12Z,B0958NZPMX,,,,,
Philips,"Philips 43PUS7906/12 43-Pollici LED android TV, 4K Smart TV con ambilight, vibrante immagine hdr, visione cinematografica dolby e suono atmos, compatibile con google assistance e alexa, nero",https://www.amazon.it/dp/B0958S4D4Z,43.0,,,,,Amazon,IT,2026-09-26T09:26:12Z,B0958S4D4Z,,,,,
Samsung,"Samsung Neo QLED 8K Vision AI Smart TV 75'' QE75QN900FTXZT Mini LED, NQ8 AI Gen3 Processor,AI Upscaling, Glare Free, Dolby Atmos & OTS Pro, Meta lFrame Design, PACCHETTO INTRATTENIMENTO, 2025",https://www.amazon.it/dp/B0F7LKZ748,75.0,,,,,Amazon,IT,2026-09-26T09:26:12Z,B0F7LKZ748,,,,,
Samsung,"Samsung Neo QLED 8K Vision AI Smart TV 85'' QE85QN900FTXZT Mini LED, NQ8 AI Gen3 Processor,AI Upscaling, Glare Free, Art Store, Dolby Atmos & OTS Pro, MetaFrame Design,PACCHETTO INTRATTENIMENTO, 2025",https://www.amazon.it/dp/B0F7LL8YGL,85.0,,,,,Amazon,IT,2026-09-26T09:26:12Z,B0F7LL8YGL,,,,,
Samsung,"Samsung Neo QLED 8K Vision AI Smart TV 65'' QE65QN990FTXZT Mini LED, NQ8 AI Gen3 Processor, AI Upscaling Pro, Glare Free, Dolby Atmos & OTS Pro, Infinity Air Design, PACCHETTO INTRATTENIMENTO, 2025",https://www.amazon.it/dp/B0F7LL1KJ7,65.0,,,,,Amazon,IT,2026-09-26T09:26:12Z,B0F7LL1KJ7,,,,,
LG,"LG QNED evo AI MiniLED 50 Pollici, Serie QNED86B 2026 Smart TV 4K - 50QNED86B6B",https://www.amazon.it/dp/B0GWN8KYY3,50.0,623.87,623.87,EUR,623.87,Amazon,IT,2026-09-26T09:26:12Z,B0GWN8KYY3,,,,,
LG,"LG QNED evo AI MiniLED 75 Pollici, Serie QNED86B 2026 Smart TV 4K - 75QNED86B6B",https://www.amazon.it/dp/B0GWMY6RP2,75.0,1598.95,1598.95,EUR,1598.95,Amazon,IT,2026-09-26T09:26:12Z,B0GWMY6RP2,,,,,
LG,"LG QNED evo AI MiniLED 86 Pollici, Serie QNED86B 2026 Smart TV 4K - 86QNED86B6B",https://www.amazon.it/dp/B0GWN87PQN,86.0,2074.79,2074.79,EUR,2074.79,Amazon,IT,2026-09-26T09:26:12Z,B0GWN87PQN,,,,,
LG,"LG QNED evo AI MiniLED 100 Pollici, Serie QNED87B 2026 Smart TV 4K - 100QNED87B6",https://www.amazon.it/dp/B0GWMTYLTG,100.0,2449.0,2449.0,EUR,2449.0,Amazon,IT,2026-09-26T09:26:12Z,B0GWMTYLTG,,,,,
TCL,"TCL 55Q7D Pro – Smart TV SQD‑Mini LED 4K HDR10+ da 55"", 2.000nit",https://www.amazon.it/dp/B0GXKS5GXL,55.0,799.9,799.9,EUR,799.9,Amazon,IT,2026-09-26T09:26:12Z,B0GXKS5GXL,,,,,
Hisense,"Hisense Smart TV 75"" 4K Ultra HD 2025 75A6Q, Smart TV VIDAA U8, Dolby Vision, HDR 10, Game Mode Plus, Alexa Built-in, VIDAA Voice, Tuner DVB-T2/S2 HEVC 10, lativù 4K, 75'', 2025 LED",https://www.amazon.it/dp/B0F4DBKHJC,75.0,,,,,Amazon,IT,2026-09-26T09:26:12Z,B0F4DBKHJC,,,,,
Xiaomi,"Xiaomi TV F Pro 43 2025,43 pollici (101 cm), 4K UHD QLED,Smart TV, Fire TV, Triple Tuner DVB-C/S/S2/T/T2,HDR10+, MEMC, Controllo Vocale Alexa, 2GB+32GB, Compatibile con Apple AirPlay",https://www.amazon.it/dp/B0F454D76T,43.0,299.0,299.0,EUR,299.0,Amazon,IT,2026-09-26T09:26:12Z,B0F454D76T,,,,,
Xiaomi,"XIAOMI TV F Pro 50, 50 pollici (127 cm), 4K UHD QLED, Smart TV, Fire TV, Triple Tuner DVB-C/S/S2/T/T2, HDR10, Modalità Game Boost 120Hz,MEMC,Controllo Vocale Alexa,2GB+32GB,Compatibile con AirPlay",https://www.amazon.it/dp/B0F45835F8,50.0,399.0,399.0,EUR,399.0,Amazon,IT,2026-09-26T09:26:12Z,B0F45835F8,,,,,
Xiaomi,"Xiaomi TV Pro 55 pollici 2026,4K UHD QLED Smart Fire TV,HDR10+, L55MB-FPVEU",https://www.amazon.it/dp/B0H448WZ71,55.0,569.0,569.0,EUR,569.0,Amazon,IT,2026-09-26T09:26:12Z,B0H448WZ71,,,,,
TCL,"TCL 75C6K Pro - Smart TV QD‑Mini LED 4K HDR10+ da 75"", 1.000nit",https://www.amazon.it/dp/B0H2JJST31,75.0,999.0,999.0,EUR,999.0,Amazon,IT,2026-09-26T09:26:12Z,B0H2JJST31,,,,,
TCL,"TCL 85C6K Pro - Smart TV QD‑Mini LED 4K HDR10+ da 85"", 1.000nit",https://www.amazon.it/dp/B0H3KTWJQ2,85.0,1399.9,1399.9,EUR,1399.9,Amazon,IT,2026-09-26T09:26:12Z,B0H3KTWJQ2,,,,,
Hisense,"Hisense Smart TV QLED 43"" 4K 43E7Q PRO, Smart TV VIDAA, Dolby Vision IQ, HDR 10+ Adaptive, 144hz Game Mode PRO, Dolby Atmos, Alexa Built-in, VIDAA Voice, Tuner DVB-T2/S2 HEVC 10, lativù 4K",https://www.amazon.it/dp/B0FFH953XW,43.0,428.0,428.0,EUR,428.0,Amazon,IT,2026-09-26T09:26:12Z,B0FFH953XW,,,,,
Hisense,"Hisense TV 75"" QLED 4K 144Hz 2025 75E7Q PRO, Smart TV VIDAA U8, Dolby Vision IQ, HDR 10+ Adaptive, 144hz Game Mode PRO, Dolby Atmos, Alexa Built-in, VIDAA Voice, Tuner DVB-T2/S2 HEVC 10, lativù 4K",https://www.amazon.it/dp/B0F1N63F97,75.0,799.0,799.0,EUR,799.0,Amazon,IT,2026-09-26T09:26:12Z,B0F1N63F97,,,,,
Xiaomi,"XIAOMI TV S Mini LED 65, QLED, 65 inch, Dolby Vision, Atmos144Hz, 1200 nits",https://www.amazon.it/dp/B0DJMBJPXN,65.0,699.0,699.0,EUR,699.0,Amazon,IT,2026-09-26T09:26:12Z,B0DJMBJPXN,,,,,
Xiaomi,"XIAOMI TV S Mini LED 75, QLED, 75 inch, Dolby Vision, Atmos144Hz, 1200 nits",https://www.amazon.it/dp/B0DJM9RT2C,75.0,999.0,999.0,EUR,999.0,Amazon,IT,2026-09-26T09:26:12Z,B0DJM9RT2C,,,,,
Samsung,"Samsung QLED Q8F 4K Smart TV 65"" con visione AI, volume 100% di colore con Quantum Dot, HDR10+, processore Q4 AI, One UI Tizen, Wi-Fi, Bluetooth 5.3 e Motion Xcelerator [Versione Ungherese]",https://www.amazon.it/dp/B0FMS1KLC8,65.0,680.0,680.0,EUR,680.0,Amazon,IT,2026-09-26T09:26:12Z,B0FMS1KLC8,,,,,
Samsung,"TV QLED 85"" QE85Q7FAAUXXH ULTRA HD 4K SMART TV WIFI DVB-T2",https://www.amazon.it/dp/B0FHWYQQCX,85.0,1237.89,1237.89,EUR,1237.89,Amazon,IT,2026-09-26T09:26:12Z,B0FHWYQQCX,,,,,
LG,"LG webOS UHD AI UA75 TV 50 pollici, Smart TV 4K Ultra HD, Processore α7 Gen8, webOS con AI, Filmmaker mode, HDR10, Gaming con VRR 4K@60Hz, Game Optimizer, Wi-Fi, 50UA75006LA 2025",https://www.amazon.it/dp/B0F6VCCB6V,50.0,346.71,346.71,EUR,346.71,Amazon,IT,2026-09-26T09:26:12Z,B0F6VCCB6V,,,,,
LG,"LG UHD AI 86 Pollici, Serie UA75 2025 Smart TV 4K Ultra HD - 86UA75006LA",https://www.amazon.it/dp/B0F55P3N3M,86.0,,,,,Amazon,IT,2026-09-26T09:26:12Z,B0F55P3N3M,,,,,
TCL,"TCL 55C61KS – Smart TV QD‑Mini LED 4K HDR10+ da 55"", Google TV",https://www.amazon.it/dp/B0F445JFSJ,55.0,,,,,Amazon,IT,2026-09-26T09:26:12Z,B0F445JFSJ,,,,,
TCL,"TCL 65C61KS – Smart TV QD‑Mini LED 4K HDR10+ da 65"", Google TV",https://www.amazon.it/dp/B0F446GNZ5,65.0,,,,,Amazon,IT,2026-09-26T09:26:12Z,B0F446GNZ5,,,,,
TCL,"TCL 75C61KS – Smart TV QD‑Mini LED 4K HDR10+ da 75"", Google TV",https://www.amazon.it/dp/B0F445XG4G,75.0,,,,,Amazon,IT,2026-09-26T09:26:12Z,B0F445XG4G,,,,,
Hisense,"Hisense TV 65"" Mini-LED 144Hz 4K 2025 65E8Q, Smart TV VIDAA U8, Dolby Vision IQ, HDR 10+ Adaptive, 144Hz Game Mode PRO, Dolby Atmos 2.1 con Subwoofer, Alexa Built-in, VIDAA Voice, lativù 4K, 65''",https://www.amazon.it/dp/B0F1W5MSBZ,65.0,,,,,Amazon,IT,2026-09-26T09:26:12Z,B0F1W5MSBZ,,,,,
Hisense,"Hisense TV 75"" Mini-LED 144Hz 4K 2025 75E8Q, Smart TV VIDAA U8, Dolby Vision IQ, HDR 10+ Adaptive, Game Mode PRO, Dolby Atmos 2.1 con Subwoofer, Alexa Built-in, Voice, lativù, 75''",https://www.amazon.it/dp/B0F1WJ8X9P,75.0,,,,,Amazon,IT,2026-09-26T09:26:12Z,B0F1WJ8X9P,,,,,
Sony,"Sony BRAVIA 2Ⅱ 55"", 4K Smart TV (Google TV), Processore X1,4K Upscaling, Televisione con Dolby Atmos e DTS:X, compatibile con PS5, 55S20M2, Modello 2026",https://www.amazon.it/dp/B0GZL1BLJ9,55.0,599.0,599.0,EUR,599.0,Amazon,IT,2026-09-26T09:26:12Z,B0GZL1BLJ9,,,,,
Samsung,"Samsung QLED Q7F 4K Smart TV 55"" con visione AI, volume di colore 100% con Quantum Dot, HDR10+, processore Q4 AI, One UI Tizen, Wi-Fi, Bluetooth 5.3 e Motion Xcelerator [Versione Ungherese]",https://www.amazon.it/dp/B0FM8SY9ZK,55.0,,,,,Amazon,IT,2026-09-26T09:26:12Z,B0FM8SY9ZK,,,,,
TCL,"TCL 55C6K – Smart TV QD‑Mini LED 4K HDR10+ da 55"", Google TV",https://www.amazon.it/dp/B0F8QKZ82T,55.0,,,,,Amazon,IT,2026-09-26T09:26:12Z,B0F8QKZ82T,,,,,
TCL,"TCL 65C6K – Smart TV QD‑Mini LED 4K HDR10+ da 65"", Google TV",https://www.amazon.it/dp/B0F9FNQPZP,65.0,,,,,Amazon,IT,2026-09-26T09:26:12Z,B0F9FNQPZP,,,,,
