brand_raw,raw_text,url,size_hint_inch,price_hint_eur,price_local,currency,price_eur,platform,country,scraped_at,asin,elkjop_sku,model_year,filter_year,source_brand,fx_rate_date
Samsung,"Samsung HD Smart TV 32'' UE32H5000FKXZT HD, Hyper Real Processor, HDR & Pur Color, Smart Experience, OTS Lite & Adaptive S...",https://www.amazon.it/dp/B0DF6NHYS6,32.0,199.0,199.0,EUR,199.0,Amazon,IT,2026-08-16T04:52:12Z,B0DF6NHYS6,,,,,
Samsung,"Samsung Smart TV 40'' UE40F6000FUXZT FHD, Hyper Real Processor, HDR & Pur Color, Smart Experience, OTS Lite & Adaptive Sou...",https://www.amazon.it/dp/B0DF6NQWTW,40.0,276.0,276.0,EUR,276.0,Amazon,IT,2026-08-16T04:52:12Z,B0DF6NQWTW,,,,,
Samsung,"Samsung Crystal UHD 4K Smart TV 55'' UE55U8090FUXZT, Crystal 4K Processor, HDR, Smart Experience, OTS Lite & Adaptive Soun...",https://www.amazon.it/dp/B0F4SMDPLN,55.0,368.61,368.61,EUR,368.61,Amazon,IT,2026-08-16T04:52:12Z,B0F4SMDPLN,,,,,
Samsung,"Samsung Crystal UHD 4K Smart TV 50'' UE50U8090FUXZT, Crystal 4K Processor, HDR, Smart Experience, OTS Lite & Adaptive Soun...",https://www.amazon.it/dp/B0F4T2H64V,50.0,333.0,333.0,EUR,333.0,Amazon,IT,2026-08-16T04:52:12Z,B0F4T2H64V,,,,,
Samsung,"Samsung Crystal UHD 4K Smart TV 43'' UE43U8090FUXZT, Crystal 4K Processor, HDR, Smart Experience, OTS Lite & Adaptive Soun...",https://www.amazon.it/dp/B0F4TFS88H,43.0,319.0,319.0,EUR,319.0,Amazon,IT,2026-08-16T04:52:12Z,B0F4TFS88H,,,,,
Samsung,"Samsung QLED 4K Vision AI Smart TV 43'' QE43Q7F4AUXZT QLED 4K, Q4 Processor, 100% Volume Colore con Quantum Dot, Motion Xc...",https://www.amazon.it/dp/B0F4T3L594,43.0,359.0,359.0,EUR,359.0,Amazon,IT,2026-08-16T04:52:12Z,B0F4T3L594,,,,,
Samsung,"Samsung Neo QLED 4K Vision AI Smart TV 55'' QE55QN74FATXZT Mini LED, NQ4 AI Gen2 Processor, AI Upscaling, Motion Xcelerato...",https://www.amazon.it/dp/B0F4SPK1HV,55.0,555.0,555.0,EUR,555.0,Amazon,IT,2026-08-16T04:52:12Z,B0F4SPK1HV,,,,,
Samsung,"Samsung Crystal UHD 4K Smart TV 43'' UE43U7000FUXZT, Crystal 4K Processor, HDR, Smart Experience, OTS Lite & Adaptive Soun...",https://www.amazon.it/dp/B0F4T2KFZM,43.0,299.0,299.0,EUR,299.0,Amazon,IT,2026-08-16T04:52:12Z,B0F4T2KFZM,,,,,
Samsung,"Samsung Crystal UHD 4K Smart TV 55'' UE55U7000FUXZT, Crystal 4K Processor, HDR, Smart Experience, OTS Lite & Adaptive Soun...",https://www.amazon.it/dp/B0F4TCSYQK,55.0,369.0,369.0,EUR,369.0,Amazon,IT,2026-08-16T04:52:12Z,B0F4TCSYQK,,,,,
Samsung,"Samsung QLED 4K Vision AI Smart TV 50'' QE50Q7F4AUXZT, Q4 Processor, 100% Volume Colore con Quantum Dot, Motion Xcelerato...",https://www.amazon.it/dp/B0F4STTNXW,50.0,399.0,399.0,EUR,399.0,Amazon,IT,2026-08-16T04:52:12Z,B0F4STTNXW,,,,,
Samsung,"Samsung OLED 4K Vision AI Smart TV 55'' QE55S94FAEXZT OLED 4K, NQ4 AI Gen3 Processor, 4K AI Upscaling Pro, Motion Xcelerat...",https://www.amazon.it/dp/B0F4T42MF6,55.0,894.72,894.72,EUR,894.72,Amazon,IT,2026-08-16T04:52:12Z,B0F4T42MF6,,,,,
Samsung,"Samsung QLED 4K Vision AI Smart TV 55'' QE55Q7F4AUXZT, Q4 Processor, 100% Volume Colore con Quantum Dot, Motion Xcelerato...",https://www.amazon.it/dp/B0F4TF52FV,55.0,429.0,429.0,EUR,429.0,Amazon,IT,2026-08-16T04:52:12Z,B0F4TF52FV,,,,,
Samsung,"Samsung Smart TV 55"" UE55M80HAUXZT Mini LED 4K, HDR 10+, Motion Xcelerator 144Hz, Adpative Sound+, AI Football Mode, Voice...",https://www.amazon.it/dp/B0GX1JTQZM,55.0,445.2,445.2,EUR,445.2,Amazon,IT,2026-08-16T04:52:12Z,B0GX1JTQZM,,,,,
Samsung,"Samsung OLED 4K Vision AI Smart TV 48'' QE48S94FAEXZT, NQ4 AI Gen3 Processor, 4K AI Upscaling Pro, Motion Xcelerator 144H...",https://www.amazon.it/dp/B0F4SJ2MFJ,48.0,699.0,699.0,EUR,699.0,Amazon,IT,2026-08-16T04:52:12Z,B0F4SJ2MFJ,,,,,
Samsung,"Samsung Smart TV 65"" UE65U8090HUXZT Crystal UHD, Crystal 4K Processor, HDR10+, PurColor, Motion Xcelerator, Dynamic Sound ...",https://www.amazon.it/dp/B0GZLFC5ZL,65.0,569.0,569.0,EUR,569.0,Amazon,IT,2026-08-16T04:52:12Z,B0GZLFC5ZL,,,,,
Samsung,"Samsung Crystal UHD 4K Smart TV 75'' UE75U7000FUXZT, Crystal 4K Processor, HDR, Smart Experience, OTS Lite & Adaptive Soun...",https://www.amazon.it/dp/B0F4T85B1Y,75.0,599.0,599.0,EUR,599.0,Amazon,IT,2026-08-16T04:52:12Z,B0F4T85B1Y,,,,,
Samsung,"Samsung Smart TV 32"" QE32Q5FAAUXZT QLED, Full HD, Real QLED, Quantum HDR, Contrast Enhancer, OTS Lite, Adaptive Sound, Gam...",https://www.amazon.it/dp/B0GWN3FQZ4,32.0,329.0,329.0,EUR,329.0,Amazon,IT,2026-08-16T04:52:12Z,B0GWN3FQZ4,,,,,
Samsung,"Samsung Neo QLED 4K Vision AI Smart TV 50'' QE50QN94FATXZT, NQ4 AI Gen3 Processor, AI Upscaling Pro, Glare Free, Motion Xc...",https://www.amazon.it/dp/B0F4T26ZVW,50.0,649.0,649.0,EUR,649.0,Amazon,IT,2026-08-16T04:52:12Z,B0F4T26ZVW,,,,,
Samsung,"Samsung Lifestyle TV QE32LS03CBUXZT The Frame QLED Full HD, Smart TV 32"" Matte Display, Art Mode, OTS Lite, Integrato con ...",https://www.amazon.it/dp/B0BWFPKGMZ,32.0,299.0,299.0,EUR,299.0,Amazon,IT,2026-08-16T04:52:12Z,B0BWFPKGMZ,,,,,
Samsung,"Samsung Smart TV 43"" UE43M72HAUXZT Mini LED 4K, HDR 10+, Motion Xcelerator 50Hz, Dynamic Sound Pack, Gaming Hub, Pure Spec...",https://www.amazon.it/dp/B0GX1PLM4D,43.0,399.0,399.0,EUR,399.0,Amazon,IT,2026-08-16T04:52:12Z,B0GX1PLM4D,,,,,
Xiaomi,"XIAOMI TV F 32, 32 pollici (81 cm), HD, Smart TV, Fire TV,Triple Tuner DVB-C/S/S2/T/T2, Dolby Audio, DTS Virtual:X, DTS-H...",https://www.amazon.it/dp/B0F4548TCQ,32.0,139.0,139.0,EUR,139.0,Amazon,IT,2026-08-16T04:52:12Z,B0F4548TCQ,,,,,
Samsung,"Samsung QLED 4K Vision AI Smart TV 55'' QE55Q6FAAUXZT, Q4 Lite Processor, 4K AI Upscaling, Art Store, OTS Lite & Adaptive ...",https://www.amazon.it/dp/B0FXGJKMQQ,55.0,399.0,399.0,EUR,399.0,Amazon,IT,2026-08-16T04:52:12Z,B0FXGJKMQQ,,,,,
Samsung,Samsung QE32Q5FAAUXZT - Smart TV 32 Pollici Full HD QLED DVB-T2 CI+ HbbTV Classe Energetica F,https://www.amazon.it/dp/B0H4MHNH14,32.0,257.03,257.03,EUR,257.03,Amazon,IT,2026-08-16T04:52:12Z,B0H4MHNH14,,,,,
Samsung,"Samsung Business TV Serie BEF-H da 50"", UHD 3840x2160 con Funzionalità HDR10+, Tizen, HDMI, USB, Bluetooth, WiFi, Accesso ...",https://www.amazon.it/dp/B0GBYXR1RS,50.0,299.9,299.9,EUR,299.9,Amazon,IT,2026-08-16T04:52:12Z,B0GBYXR1RS,,,,,
Panasonic,"Panasonic TB-24S40AEZC, 24 pollici televisore LED HD, TiVo | Controllo Vocale Google e Alexa, Game Mode, Media Player, HD...",https://www.amazon.it/dp/B0H2MQLH8S,24.0,150.69,150.69,EUR,150.69,Amazon,IT,2026-08-16T04:52:12Z,B0H2MQLH8S,,,,,
Samsung,"Samsung OLED 4K Vision AI Smart TV 65'' QE65S85FAEXZT, NQ4 AI Gen2 Processor, 4K AI Upscaling, Glare Free, Dolby Atmos & O...",https://www.amazon.it/dp/B0F7LMKF5C,65.0,1149.0,1149.0,EUR,1149.0,Amazon,IT,2026-08-16T04:52:12Z,B0F7LMKF5C,,,,,
Samsung,"Samsung Smart TV 55"" QE55S83HAEXZT OLED 4K, NQ4 AI Gen2 Processor, OLED HDR, Motion Xcelerator 120Hz, Dolby Atmos, FreeSyn...",https://www.amazon.it/dp/B0GXWL3C53,55.0,985.0,985.0,EUR,985.0,Amazon,IT,2026-08-16T04:52:12Z,B0GXWL3C53,,,,,
Samsung,"Samsung Smart TV 43"" QE43Q64DAUXZT QLED 4K Upscaling, Processore Quantum 4K Lite, AirSlim Design, DVBT-2, Q-Symphony & OTS...",https://www.amazon.it/dp/B0D2DV159J,43.0,338.56,338.56,EUR,338.56,Amazon,IT,2026-08-16T04:52:12Z,B0D2DV159J,,,,,
Samsung,"Samsung QLED 4K Vision AI Smart TV 98'' QE98Q7FAAUXZT Q7F, Q4 AI Processor, 100% Volume Colore con Quantum Dot, Motion Xce...",https://www.amazon.it/dp/B0GMRDH68F,98.0,1599.0,1599.0,EUR,1599.0,Amazon,IT,2026-08-16T04:52:12Z,B0GMRDH68F,,,,,
Samsung,"Samsung OLED 4K Vision AI Smart TV 55'' QE55S95FATXZT, NQ4 AI Gen4 Processor, 4K AI Upscaling, Glare Free, Dolby Atmos & O...",https://www.amazon.it/dp/B0F7LP3VBR,55.0,1299.0,1299.0,EUR,1299.0,Amazon,IT,2026-08-16T04:52:12Z,B0F7LP3VBR,,,,,
Samsung,"Samsung TV UE43DU7190UXZT LED 4K, Smart TV 43"" Crystal Processor 4K, Slim Look, DVBT-2, Q-Symphony & OTS Lite, Integrato c...",https://www.amazon.it/dp/B0D17TB2DX,43.0,344.58,344.58,EUR,344.58,Amazon,IT,2026-08-16T04:52:12Z,B0D17TB2DX,,,,,
Samsung,"Samsung QLED 4K Vision AI Smart TV 55'' QE55Q7F5AUXZT, Q4 AI Processor, Upscaling, 100% di Volume Colore con Quantum Dot, ...",https://www.amazon.it/dp/B0F7LJZCDT,55.0,429.0,429.0,EUR,429.0,Amazon,IT,2026-08-16T04:52:12Z,B0F7LJZCDT,,,,,
Samsung,"Samsung The Frame 4K Vision AI Smart TV 43'' QE43LS03FAUXZT QLED 4K, NQ4 AI Gen2 Processor, AI Upscaling, Matte Display, D...",https://www.amazon.it/dp/B0F7LKMLPP,43.0,599.0,599.0,EUR,599.0,Amazon,IT,2026-08-16T04:52:12Z,B0F7LKMLPP,,,,,
Samsung,"Samsung TV UE98DU9070UXZT LED 4K, Smart TV 98"" Crystal Processor 4K, Slim Look, DVBT-2, Q-Symphony & OTS Lite, compatibile...",https://www.amazon.it/dp/B0D2DXXFRW,98.0,1399.3,1399.3,EUR,1399.3,Amazon,IT,2026-08-16T04:52:12Z,B0D2DXXFRW,,,,,
Samsung,"Samsung Smart TV 55"" QE55LS03HWUXZT The Frame Pro Neo QLED 4K, Glare Free, HDR10+, Dolby Atmos, Art Mode, Modern Frame Des...",https://www.amazon.it/dp/B0GWDYT97X,55.0,999.0,999.0,EUR,999.0,Amazon,IT,2026-08-16T04:52:12Z,B0GWDYT97X,,,,,
Panasonic,"Panasonic TB-40S45AEZ, Serie S45 40 pollici Smart TV LED Full HD, 2024, TiVo, Controllo Vocale Google e Alexa, Game Mode, ...",https://www.amazon.it/dp/B0H2MVR2WW,40.0,223.53,223.53,EUR,223.53,Amazon,IT,2026-08-16T04:52:12Z,B0H2MVR2WW,,,,,
Xiaomi,"XIAOMI TV F Pro 32, 32 pollici (81 cm), QLED, Smart TV, Fire TV, Triple Tuner DVB-C/S/S2/T/T2,Dolby Audio, DTS Virtual:X, ...",https://www.amazon.it/dp/B0F457M449,32.0,159.0,159.0,EUR,159.0,Amazon,IT,2026-08-16T04:52:12Z,B0F457M449,,,,,
Samsung,"Samsung Smart TV 75"" QE75QN72HAUXZT Neo QLED 4K Mini LED, NQ4 AI Processor, Quantum Mini LED, Real QLED 100% Colour Volum...",https://www.amazon.it/dp/B0H26W59PS,75.0,1206.9,1206.9,EUR,1206.9,Amazon,IT,2026-08-16T04:52:12Z,B0H26W59PS,,,,,
Samsung,"Samsung Smart TV 43"" UE43DU7170UXZT, Crystal 4K UHD, 4K Upscaling, Slim Look, DVBT-2, Q-Symphony & OTS Lite, Integrato con...",https://www.amazon.it/dp/B0D2DS47KW,43.0,344.58,344.58,EUR,344.58,Amazon,IT,2026-08-16T04:52:12Z,B0D2DS47KW,,,,,
Samsung,"Samsung QE43Q7FAAU - TV 43 Pollici, Smart TV DVB-T2, 3840 x 2160 Pixel 4K, Classe energetica G [Versione Ungherese]",https://www.amazon.it/dp/B0FM3ZTMKS,43.0,269.0,269.0,EUR,269.0,Amazon,IT,2026-08-16T04:52:12Z,B0FM3ZTMKS,,,,,
Samsung,"Samsung Neo QLED 4K Smart TV 65'' QE65QN85FAUXZT, NQ4 AI Gen2 Processor, AI Upscaling, Dolby Atmos & OTS Lite, Simple Cham...",https://www.amazon.it/dp/B0F7LJWWZH,65.0,949.0,949.0,EUR,949.0,Amazon,IT,2026-08-16T04:52:12Z,B0F7LJWWZH,,,,,
Samsung,"Samsung TV 85"" QE85QN90BATXZT NEO QLED 4K, Quantum Matrix, mini LED, Processore Neo Quantum 4K, Quantum HDR, Dolby Atmos e...",https://www.amazon.it/dp/B09XN67CDC,85.0,1299.0,1299.0,EUR,1299.0,Amazon,IT,2026-08-16T04:52:12Z,B09XN67CDC,,,,,
Samsung,"Samsung OLED 4K Vision AI Smart TV 77'' QE77S94FAEXZT, NQ4 AI Gen3 Processor, 4K AI Upscaling Pro, Motion Xcelerator 144H...",https://www.amazon.it/dp/B0F4SRXXF3,77.0,,,,,Amazon,IT,2026-08-16T04:52:12Z,B0F4SRXXF3,,,,,
Samsung,"SAMSUNG UE50U8072FUXXH 127 cm (50"") 4K Ultra HD Smart TV Wi-Fi Nero [Versione Ungherese]",https://www.amazon.it/dp/B0FMF8VJB1,50.0,328.65,328.65,EUR,328.65,Amazon,IT,2026-08-16T04:52:12Z,B0FMF8VJB1,,,,,
Samsung,"Samsung Smart TV 55"" QE55S95HATXZT OLED 4K Glare Free, HDR 10+, Motion Xcelerator 165Hz, Dolby Atmos, FreeSync Premium Pr...",https://www.amazon.it/dp/B0GWN8TMSL,55.0,1508.99,1508.99,EUR,1508.99,Amazon,IT,2026-08-16T04:52:12Z,B0GWN8TMSL,,,,,
Samsung,"Samsung Crystal UHD 4K U70F 43 pollici TV LED 43 pollici (108 cm) Crystal Processore 4K, MetalStream Design, SmartThings, ...",https://www.amazon.it/dp/B0FM9G9LSY,43.0,331.72,331.72,EUR,331.72,Amazon,IT,2026-08-16T04:52:12Z,B0FM9G9LSY,,,,,
Samsung,Samsung QE43QN70HAUXZT - Smart TV 43 Pollici 4K Neo QLED Bluetooth DVB-T2 HbbTV 2.0.4 Nero Classe Energetico F,https://www.amazon.it/dp/B0H838M9K6,43.0,535.07,535.07,EUR,535.07,Amazon,IT,2026-08-16T04:52:12Z,B0H838M9K6,,,,,
Samsung,"Samsung TV N4300 Smart Tv 24”, Hd, Wi-Fi, 2020, Nero",https://www.amazon.it/dp/B086R1XMKR,24.0,259.0,259.0,EUR,259.0,Amazon,IT,2026-08-16T04:52:12Z,B086R1XMKR,,,,,
Samsung,"SAMSUNG TELEVISOR UE55AU7172U 55"" CRYSTAL UHD 4K WIFI SMART GRIS HDMI USB",https://www.amazon.it/dp/B0992PVBG9,55.0,369.0,369.0,EUR,369.0,Amazon,IT,2026-08-16T04:52:12Z,B0992PVBG9,,,,,
Samsung,"Samsung Smart TV 55"" MRE55R85HATXZT Micro RGB 4K Vision Glare Free, HDR10+, Motion Xcelerator 144Hz, Dolby Atmos, Super Pi...",https://www.amazon.it/dp/B0GXWJM7QQ,55.0,1099.0,1099.0,EUR,1099.0,Amazon,IT,2026-08-16T04:52:12Z,B0GXWJM7QQ,,,,,
Samsung,"Samsung QLED 4K Vision AI Smart TV 55'' QE55Q8FAAUXZT, Q8F, Q4 AI Processor, 4K Upscaling, OTS Lite, Air Slim Design, 100%...",https://www.amazon.it/dp/B0F7LM9L5B,55.0,,,,,Amazon,IT,2026-08-16T04:52:12Z,B0F7LM9L5B,,,,,
Samsung,"Samsung QE50Q7FAAUXZT Televisione 50"" Smart TV QLED 4K DVB-T2 HEVC MAIN 10",https://www.amazon.it/dp/B0FLYNMKQ7,50.0,395.0,395.0,EUR,395.0,Amazon,IT,2026-08-16T04:52:12Z,B0FLYNMKQ7,,,,,
Samsung,"Samsung Series 4 UE32T4302AE 81,3 cm (32"") HD Smart TV Wifi Noir",https://www.amazon.it/dp/B0C277D7N8,32.0,209.9,209.9,EUR,209.9,Amazon,IT,2026-08-16T04:52:12Z,B0C277D7N8,,,,,
Samsung,"Samsung Neo QLED 4K QN70F 55"" Mini TV LED, processore NQ4 AI Gen2, Quantum Matrix Technology Slim, Motion Xcelerator 144H...",https://www.amazon.it/dp/B0FM8TDCTT,55.0,565.49,565.49,EUR,565.49,Amazon,IT,2026-08-16T04:52:12Z,B0FM8TDCTT,,,,,
Panasonic,"Panasonic TV-32S50AEZC, 32 pollici televisore TV LED HD TV, Fire TV | HD Colour Engine, HDR, Alexa Voice Control, Game Mod...",https://www.amazon.it/dp/B0H2MTB4V6,32.0,249.0,249.0,EUR,249.0,Amazon,IT,2026-08-16T04:52:12Z,B0H2MTB4V6,,,,,
Samsung,"Samsung QLED Q8F 4K Smart TV 55 pollici con visione AI, volume di colore 100% con processore Quantum Dot, HDR10+, Q4 AI, O...",https://www.amazon.it/dp/B0FM989471,55.0,,,,,Amazon,IT,2026-08-16T04:52:12Z,B0FM989471,,,,,
Samsung,"Samsung TV UE32T4300AKXZT Smart TV HD, 32' Pollici, Nero (Ricondizionato)",https://www.amazon.it/dp/B09YM6VQR6,32.0,172.0,172.0,EUR,172.0,Amazon,IT,2026-08-16T04:52:12Z,B09YM6VQR6,,,,,
Samsung,"Samsung TV LED 55"" QE55Q7FAAUXXH Ultra HD 4K QLED Smart TV WiFi DVB-T2 [Versione Ungherese]",https://www.amazon.it/dp/B0FHX2NJ9Y,55.0,419.0,419.0,EUR,419.0,Amazon,IT,2026-08-16T04:52:12Z,B0FHX2NJ9Y,,,,,
Samsung,"Samsung Smart TV 55"" S90F OLED QE55S90FAEXZT 4K Vision AI, DVB-T2, Wi-Fi, Nero",https://www.amazon.it/dp/B0FM4C699L,55.0,892.26,892.26,EUR,892.26,Amazon,IT,2026-08-16T04:52:12Z,B0FM4C699L,,,,,
Samsung,"Samsung TV QE32Q50AEUXZT QLED Full HD, Smart TV 32"" Quantum HDR, 100% Volume Colore, OTS Lite, Slim Design, Integrato con ...",https://www.amazon.it/dp/B0BWFMYZQG,32.0,,,,,Amazon,IT,2026-08-16T04:52:12Z,B0BWFMYZQG,,,,,
Samsung,"Samsung Neo QLED 8K Vision AI Smart TV 65'' QE65QN900FTXZT Mini LED, NQ8 AI Gen3 Processor, 8K AI Upscaling, Glare Free, D...",https://www.amazon.it/dp/B0F7LLX6G2,65.0,1799.0,1799.0,EUR,1799.0,Amazon,IT,2026-08-16T04:52:12Z,B0F7LLX6G2,,,,,
Samsung,Samsung UE43M70HAUXZT - Smart TV 43 Pollici 4K 3840 x 2160 LED DVB-T2 Wifi Nero Classe Energetica F,https://www.amazon.it/dp/B0H4MN7GTY,43.0,399.0,399.0,EUR,399.0,Amazon,IT,2026-08-16T04:52:12Z,B0H4MN7GTY,,,,,
Samsung,Samsung UE50M70HAUXZT - TV 50 Pollici Smart TV 4K DVB-T2 LED Nero Classe Energetica F,https://www.amazon.it/dp/B0H4LZ5VCD,50.0,449.0,449.0,EUR,449.0,Amazon,IT,2026-08-16T04:52:12Z,B0H4LZ5VCD,,,,,
Samsung,"Samsung QE77S95FATXZT - Smart TV 77 Pollici, 4K, OLED, 4K, DVB-T2, colore Nero, Classe energetica G",https://www.amazon.it/dp/B0FM49RMQR,77.0,3072.59,3072.59,EUR,3072.59,Amazon,IT,2026-08-16T04:52:12Z,B0FM49RMQR,,,,,
Samsung,"Samsung Smart TV 65"" QE65S92HAEXZT OLED 4K Glare Free, NQ4 AI Gen 3 Processor, HDR 10+, Motion Xcelerator 165Hz, Dolby Atm...",https://www.amazon.it/dp/B0GWMYLNDK,65.0,1831.99,1831.99,EUR,1831.99,Amazon,IT,2026-08-16T04:52:12Z,B0GWMYLNDK,,,,,
Samsung,"Samsung TV UE43CU8070UXZT Crystal UHD 4K, Smart TV 43"" Processore Crystal 4K, HDR, Adaptive Sound, AirSlim Design, Integra...",https://www.amazon.it/dp/B0BWFNS2NS,43.0,,,,,Amazon,IT,2026-08-16T04:52:12Z,B0BWFNS2NS,,,,,
Samsung,"TV 85"" SAMSUNG QE85Q70DAT QLED Q70D 4K UHD SMART WIFI USB HDMI BLUETOOTH (Ricondizionato)",https://www.amazon.it/dp/B0FZVJS1SG,85.0,847.0,847.0,EUR,847.0,Amazon,IT,2026-08-16T04:52:12Z,B0FZVJS1SG,,,,,
Samsung,"Samsung TV QE50Q60CAUXZT QLED 4K, Smart TV 50"" Processore Quantum 4K Lite, 100% volume colore con Quantum Dot, OTS Lite, I...",https://www.amazon.it/dp/B0BWFQNKDC,50.0,434.87,434.87,EUR,434.87,Amazon,IT,2026-08-16T04:52:12Z,B0BWFQNKDC,,,,,
Samsung,"Samsung Crystal UHD UE43CU7190UXZT, Smart TV 43"" Serie CU7000, Crystal UHD 4K, BLACK , 2023, DVB-T2",https://www.amazon.it/dp/B0BWFPXMJZ,43.0,344.58,344.58,EUR,344.58,Amazon,IT,2026-08-16T04:52:12Z,B0BWFPXMJZ,,,,,
Samsung,"Samsung Lifestyle TV QE50LS03BGUXZT The Frame QLED 4K, Smart TV 50"" Matte Display, Art Mode, Dolby Atmos e OTS Lite, Integ...",https://www.amazon.it/dp/B0CMJ1C85M,50.0,484.0,484.0,EUR,484.0,Amazon,IT,2026-08-16T04:52:12Z,B0CMJ1C85M,,,,,
Samsung,"Samsung Crystal UHD UE43CU7170UXZT, Smart TV 43"" Serie CU7000, Crystal UHD 4K, BLACK , 2023, DVB-T2",https://www.amazon.it/dp/B0BWFP2M6X,43.0,344.58,344.58,EUR,344.58,Amazon,IT,2026-08-16T04:52:12Z,B0BWFP2M6X,,,,,
Samsung,"Samsung QE77S90FAEXZT - TV Smart 77 Pollici, 4k, Wi-Fi, DVB-T2, colore Nero, Classe energetica F",https://www.amazon.it/dp/B0FM4BQVLH,77.0,1780.37,1780.37,EUR,1780.37,Amazon,IT,2026-08-16T04:52:12Z,B0FM4BQVLH,,,,,
Samsung,Samsung HG43U700FEUXZT - Hotel Tv 43 Pollici 4K Led DVB-T2 Nero Classe Energetica F,https://www.amazon.it/dp/B0H33CNR7P,43.0,385.51,385.51,EUR,385.51,Amazon,IT,2026-08-16T04:52:12Z,B0H33CNR7P,,,,,
Samsung,"Samsung Lifestyle TV QE32LS03BBUXZT The Frame QLED Full HD, Smart TV 32"" Matte Display, Art Mode, OTS Lite, Integrato con ...",https://www.amazon.it/dp/B0BNFNWBBC,32.0,474.0,474.0,EUR,474.0,Amazon,IT,2026-08-16T04:52:12Z,B0BNFNWBBC,,,,,
Samsung,"Samsung TV Crystal UHD 4K UE43AU7090UXZT Smart TV 43"", Modello 2022 AU7090 Wi-Fi Black 2022",https://www.amazon.it/dp/B0BMVNJ7Z1,43.0,344.58,344.58,EUR,344.58,Amazon,IT,2026-08-16T04:52:12Z,B0BMVNJ7Z1,,,,,
Samsung,"Samsung UE43RU7170U Smart TV 4k Ultra HD 43"" Wi-Fi DVB-T2CS2, Serie RU7170, 3840 x 2160 Pixels, HDR 10+, Nero, 2019, [Clas...",https://www.amazon.it/dp/B07QKDJVNG,43.0,520.0,520.0,EUR,520.0,Amazon,IT,2026-08-16T04:52:12Z,B07QKDJVNG,,,,,
Panasonic,"Panasonic TB-32S40AEZ, Serie S40 32 pollici Smart TV LED HD, 2024, TiVo, Controllo Vocale Google e Alexa, Game Mode, Media...",https://www.amazon.it/dp/B0DBRDBPB9,32.0,267.28,267.28,EUR,267.28,Amazon,IT,2026-08-16T04:52:12Z,B0DBRDBPB9,,,,,
Samsung,"Samsung TV 85"" QE85QN800BTXZT NEO QLED 8K, Quantum Matrix Pro, mini LED, Processore Neural Quantum 8K, Infinity One Desig...",https://www.amazon.it/dp/B09XN5CKBT,85.0,1599.0,1599.0,EUR,1599.0,Amazon,IT,2026-08-16T04:52:12Z,B09XN5CKBT,,,,,
Samsung,"Samsung 32HT5300 Professional Hotel TV 32""",https://www.amazon.it/dp/B0C18ZG8P8,32.0,313.66,313.66,EUR,313.66,Amazon,IT,2026-08-16T04:52:12Z,B0C18ZG8P8,,,,,
Samsung,"Samsung TV QE43Q60CAUXZT QLED 4K, Smart TV 43"" Processore Quantum 4K Lite, 100% volume colore con Quantum Dot, OTS Lite, I...",https://www.amazon.it/dp/B0BWFQNKDD,43.0,392.07,392.07,EUR,392.07,Amazon,IT,2026-08-16T04:52:12Z,B0BWFQNKDD,,,,,
Samsung,"Samsung TV 85"" QE85QN800CTXZT NEO QLED 8K, Quantum Matrix Technology Pro, Neural Quantum Processor 8K, Infinity One Desig...",https://www.amazon.it/dp/B0BWFN7QB4,85.0,1699.0,1699.0,EUR,1699.0,Amazon,IT,2026-08-16T04:52:12Z,B0BWFN7QB4,,,,,
Samsung,"Samsung Smart TV 85"" MRE85R95HATXZT Micro RGB 4K Glare Free, HDR10+, Motion Xcelerator 165Hz, Dolby Atmos, Super Picture E...",https://www.amazon.it/dp/B0GXWBZ81C,85.0,5499.0,5499.0,EUR,5499.0,Amazon,IT,2026-08-16T04:52:12Z,B0GXWBZ81C,,,,,
Samsung,Samsung UE65U8000HUXZT - Smart TV 65 Pollici 4K LED DVB-T2 Wifi HbbTV Nero Classe Energetica F,https://www.amazon.it/dp/B0H4MKGH99,65.0,649.0,649.0,EUR,649.0,Amazon,IT,2026-08-16T04:52:12Z,B0H4MKGH99,,,,,
Samsung,"Samsung TV QE75Q70DATXZT QLED 4K, Smart TV 75"" Quantum processor 4K, AirSlim, DVBT-2, Q-Symphony & OTS Lite, Integrato con...",https://www.amazon.it/dp/B0D17VLCL1,75.0,1170.35,1170.35,EUR,1170.35,Amazon,IT,2026-08-16T04:52:12Z,B0D17VLCL1,,,,,
Samsung,Samsung UE55U7000HUXZT - TV 55 Pollici Smart TV LED 4K DVB-T2 Wifi Classe F,https://www.amazon.it/dp/B0H83CQ8NS,55.0,399.0,399.0,EUR,399.0,Amazon,IT,2026-08-16T04:52:12Z,B0H83CQ8NS,,,,,
Samsung,"Samsung Business TV Serie BEC-H da 43"", UHD 3840x2160 con Funzionalità HDR10+, Tizen, PurColor, Adaptive Sound, HDMI, USB,...",https://www.amazon.it/dp/B0BVKZ9GGJ,43.0,504.47,504.47,EUR,504.47,Amazon,IT,2026-08-16T04:52:12Z,B0BVKZ9GGJ,,,,,
Samsung,"Samsung UE75U8092FUXXH - TV 75 Pollici, Smart TV, 4K, LED, DVB-T2, Nero, Classe energetica G",https://www.amazon.it/dp/B0G1YTQHQC,75.0,674.22,674.22,EUR,674.22,Amazon,IT,2026-08-16T04:52:12Z,B0G1YTQHQC,,,,,
Samsung,Samsung QE50QN70HAUXZT - TV 50 Pollici Smart TV 4K Neo QLED DVB-T2 HbbTV 2.0.4 Bluetooth Nero Classe Energetica E,https://www.amazon.it/dp/B0H838LZR4,50.0,613.92,613.92,EUR,613.92,Amazon,IT,2026-08-16T04:52:12Z,B0H838LZR4,,,,,
Samsung,"Samsung OLED TV 65"" QE65S90DAEXZT, OLED HDR+, Upscaling AI 4K, Processore NQ4 AI GEN2, Motion Xcelerator 144Hz, Design Las...",https://www.amazon.it/dp/B0F54QTZ7N,65.0,1030.0,1030.0,EUR,1030.0,Amazon,IT,2026-08-16T04:52:12Z,B0F54QTZ7N,,,,,
Samsung,"Samsung TV QE43Q65BAUXZT, Smart TV 43"" Serie Q65B QLED 4K UHD, Compatibile con Alexa e Google Assistant, Black, 2022, DVB-...",https://www.amazon.it/dp/B0B18LMDZW,43.0,392.07,392.07,EUR,392.07,Amazon,IT,2026-08-16T04:52:12Z,B0B18LMDZW,,,,,
Samsung,"Samsung TV QE65Q70CAT QLED 4K, Smart TV 65"" Processore Quantum 4K, Dual LED, OTS Lite, AirSlim Design, Integrato con Bixby...",https://www.amazon.it/dp/B0CN1JCYLV,65.0,524.0,524.0,EUR,524.0,Amazon,IT,2026-08-16T04:52:12Z,B0CN1JCYLV,,,,,
Samsung,"Samsung T4000 Tv 32”, Hd, Nero, 2020, ‎71.9 x 16.6 x 46.4 cm, 4 Kg",https://www.amazon.it/dp/B08CXFQ7KC,32.0,309.0,309.0,EUR,309.0,Amazon,IT,2026-08-16T04:52:12Z,B08CXFQ7KC,,,,,
Samsung,"Samsung TV OLED QE55S95BAT Smart TV 55” Serie S95B, OLED, Alexa e Google Assistant Integrata, HEVC Main 10, DVB-T2, Argent...",https://www.amazon.it/dp/B0CNLXLTN3,55.0,942.0,942.0,EUR,942.0,Amazon,IT,2026-08-16T04:52:12Z,B0CNLXLTN3,,,,,
Samsung,"Samsung Lifestyle TV QE43LS03BGUXZT The Frame QLED 4K, Smart TV 43"" Matte Display, Art Mode, Dolby Atmos e OTS Lite, Integ...",https://www.amazon.it/dp/B0BWFN44LZ,43.0,632.85,632.85,EUR,632.85,Amazon,IT,2026-08-16T04:52:12Z,B0BWFN44LZ,,,,,
Samsung,"Samsung TV QE55S94DAEXZT OLED 4K, Smart TV 55"" Processore NQ4 AI GEN2, Infinity One, DVBT-2, Q-Symphony & Dolby Atmos, com...",https://www.amazon.it/dp/B0CZPBV193,55.0,,,,,Amazon,IT,2026-08-16T04:52:12Z,B0CZPBV193,,,,,
Samsung,"Samsung TV QE85QN800DTXZT Neo QLED 8K Mini LED, Smart TV 85"" Processore NQ8 AI Gen2, Infinity One, DVBT-2, Q-Symphony & Do...",https://www.amazon.it/dp/B0CZP656R8,85.0,1999.0,1999.0,EUR,1999.0,Amazon,IT,2026-08-16T04:52:12Z,B0CZP656R8,,,,,
Samsung,"Samsung TV UE50AU7170UXZT, Smart TV 50"" Serie AU7100, Modello AU7170, Crystal UHD 4K, Compatibile con Alexa, Grey, 2021, D...",https://www.amazon.it/dp/B092W4TNR8,50.0,559.0,559.0,EUR,559.0,Amazon,IT,2026-08-16T04:52:12Z,B092W4TNR8,,,,,
Samsung,"SAMSUNG Smart TV TU65U7025FKXXC, 65 Pollici, 4K Ultra HD LED HDR, Wi-Fi, Gaming Hub, 2024 [Versione Francese, Spagnola, Po...",https://www.amazon.it/dp/B0F2FPNWZW,65.0,540.94,540.94,EUR,540.94,Amazon,IT,2026-08-16T04:52:12Z,B0F2FPNWZW,,,,,
Samsung,"Samsung TV Ue50Tu7090Uxzt Smart Tv 50"" Crystal Uhd 4K, Processore Crystal 4K, Hdr, Wi-Fi, Nero, 2020, Compatibile Con Alex...",https://www.amazon.it/dp/B08K94QF2Q,50.0,589.0,589.0,EUR,589.0,Amazon,IT,2026-08-16T04:52:12Z,B08K94QF2Q,,,,,
Samsung,"Samsung TV 85"" QE85QN800ATXZT NEO QLED 8K, Quantum Matrix Technology Pro, Processore Neo Quantum, AI Upscaling, Infinity O...",https://www.amazon.it/dp/B09B2B8J53,85.0,2086.11,2086.11,EUR,2086.11,Amazon,IT,2026-08-16T04:52:12Z,B09B2B8J53,,,,,
Samsung,Samsung UE50U8000HUXZT - Smart TV 50 Pollici 4K LED DVB-T2 Wifi HbbTV 2.0.4 Nero Classe Energetica F,https://www.amazon.it/dp/B0H4MKFQW3,50.0,452.71,452.71,EUR,452.71,Amazon,IT,2026-08-16T04:52:12Z,B0H4MKFQW3,,,,,
Samsung,Samsung TV UHD 55 pollici UE55CU7172U,https://www.amazon.it/dp/B0C279HDSX,55.0,369.0,369.0,EUR,369.0,Amazon,IT,2026-08-16T04:52:12Z,B0C279HDSX,,,,,
Samsung,"Samsung TV Neo QLED QE55QN95BAT Smart TV 55"" Neo QLED 4K UHD, Alexa e Google Assistant integrati, Bright Silver, 2022, DV...",https://www.amazon.it/dp/B0CMJ3GC5W,55.0,803.0,803.0,EUR,803.0,Amazon,IT,2026-08-16T04:52:12Z,B0CMJ3GC5W,,,,,
Samsung,"Samsung Crystal UHD UE55CU7190UXZT, Smart TV 55"" Serie CU7000, Crystal UHD 4K, BLACK , 2023, DVB-T2",https://www.amazon.it/dp/B0BWFL6J12,55.0,620.0,620.0,EUR,620.0,Amazon,IT,2026-08-16T04:52:12Z,B0BWFL6J12,,,,,
Samsung,"SAMSUNG QE75QN800AT Smart TV 75"" Neo QLED 8K, UHD, Processore Neo Quantum 8K con IA, Quantum HDR, OTS+, HDMI 2.1, Wi-Fi, A...",https://www.amazon.it/dp/B0BY2W1SL7,75.0,986.0,986.0,EUR,986.0,Amazon,IT,2026-08-16T04:52:12Z,B0BY2W1SL7,,,,,
Samsung,TV Mini Led Samsung NeoQLED TQ55QN77F 2025-55 pollici 138 cm,https://www.amazon.it/dp/B0G1WL8GNJ,55.0,1112.29,1112.29,EUR,1112.29,Amazon,IT,2026-08-16T04:52:12Z,B0G1WL8GNJ,,,,,
Samsung,"Samsung The Frame QE55LS03FAU QLED TV, 139 cm (55""), 4K UHD, Smart TV, HDR",https://www.amazon.it/dp/B0F8NN24MF,55.0,1572.28,1572.28,EUR,1572.28,Amazon,IT,2026-08-16T04:52:12Z,B0F8NN24MF,,,,,
Samsung,"Samsung TV QE75QN900DTXZT Neo QLED 8K Mini LED, Smart TV 75"" Processore NQ8 AI Gen3, Infinity One, DVBT-2, Q-Symphony & Do...",https://www.amazon.it/dp/B0CZPBDTQ2,75.0,3499.0,3499.0,EUR,3499.0,Amazon,IT,2026-08-16T04:52:12Z,B0CZPBDTQ2,,,,,
Samsung,"SAMSUNG UE65TU7172 65"" SMART LED ULTRA HD 4K Televisore HDR DVB-T2 WiFi Nero",https://www.amazon.it/dp/B08BG1BHYT,65.0,870.0,870.0,EUR,870.0,Amazon,IT,2026-08-16T04:52:12Z,B08BG1BHYT,,,,,
Samsung,"Samsung Crystal UHD UE65CU7170UXZT, Smart TV 65"" Serie CU7000, Crystal UHD 4K, BLACK , 2023, DVB-T2",https://www.amazon.it/dp/B0BWFPWH7Y,65.0,699.0,699.0,EUR,699.0,Amazon,IT,2026-08-16T04:52:12Z,B0BWFPWH7Y,,,,,
Samsung,"Samsung QE65QN800AT Smart TV 65"" Neo QLED 8K, Ultra HD, Processore Neo Quantum 8K con IA, Quantum HDR, OTS+, HDMI 2.1, Wi-...",https://www.amazon.it/dp/B09KHC4JW6,65.0,766.0,766.0,EUR,766.0,Amazon,IT,2026-08-16T04:52:12Z,B09KHC4JW6,,,,,
Samsung,"Samsung TV QE65Q70DATXZT QLED 4K, Smart TV 65"" Quantum processor 4K, AirSlim, DVBT-2, Q-Symphony & OTS Lite, Integrato con...",https://www.amazon.it/dp/B0D17V3GQD,65.0,797.35,797.35,EUR,797.35,Amazon,IT,2026-08-16T04:52:12Z,B0D17V3GQD,,,,,
Samsung,"Samsung TV UE55CU8570UXZT Crystal UHD 4K, Smart TV 55"" Dynamic Crystal color, HDR, OTS Lite, AirSlim Design, Integrato con...",https://www.amazon.it/dp/B0BWFMHYW3,55.0,799.0,799.0,EUR,799.0,Amazon,IT,2026-08-16T04:52:12Z,B0BWFMHYW3,,,,,
Samsung,"Samsung QE55Q60RATXZT Serie Q60R (2019) QLED Smart TV 55"", Ultra HD 4K, Wi-Fi, Nero",https://www.amazon.it/dp/B07PZXZNLJ,55.0,890.0,890.0,EUR,890.0,Amazon,IT,2026-08-16T04:52:12Z,B07PZXZNLJ,,,,,
Samsung,"Samsung The Frame - Cornice per TV 43 pollici, smussata, color oro sabbia, accessorio per TV The Frame da 43"" (LS03A, LS03...",https://www.amazon.it/dp/B0C5ZNQQGQ,43.0,179.0,179.0,EUR,179.0,Amazon,IT,2026-08-16T04:52:12Z,B0C5ZNQQGQ,,,,,
Samsung,"Samsung TV The Frame Cornice TV 43 pollici, 4K, WiFi, 2020, con Alexa integrata, Nero",https://www.amazon.it/dp/B0872CQGR4,43.0,632.85,632.85,EUR,632.85,Amazon,IT,2026-08-16T04:52:12Z,B0872CQGR4,,,,,
Samsung,"Samsung TV QLED QE43Q65AAUXZT, Smart TV 43"" Serie Q60A, Modello Q65A, QLED 4K UHD, Alexa integrato, Grey, 2021, DVB-T2 [Es...",https://www.amazon.it/dp/B091Q683ST,43.0,392.07,392.07,EUR,392.07,Amazon,IT,2026-08-16T04:52:12Z,B091Q683ST,,,,,
Samsung,"Samsung QE50LS03TAUXZT Smart TV 50"" The Frame, QLED 4K, Ultra HD, Cornice personalizzabile, Art Mode, Processore Quantum 4...",https://www.amazon.it/dp/B0872D83PX,50.0,2150.0,2150.0,EUR,2150.0,Amazon,IT,2026-08-16T04:52:12Z,B0872D83PX,,,,,
Samsung,Samsung UE55M70HAUXZT - Tv 55 Pollici Smart Tv 4K Led DVB-T2 Nero Classe Energetica F,https://www.amazon.it/dp/B0H33GWD9V,55.0,534.0,534.0,EUR,534.0,Amazon,IT,2026-08-16T04:52:12Z,B0H33GWD9V,,,,,
Samsung,"Samsung UE65NU7090UXZT Smart TV UHD, DVB-T2CS2, LED Seria 7 con Sistema HDR powered by HDR10, Display da 65 Pollici, Risol...",https://www.amazon.it/dp/B07JQ9PPR9,65.0,830.0,830.0,EUR,830.0,Amazon,IT,2026-08-16T04:52:12Z,B07JQ9PPR9,,,,,
Samsung,"Samsung Lifestyle TV QE43LS03BGU The Frame QLED 4K, Smart TV 43"" Matte Display, Art Mode, Dolby Atmos e OTS Lite, Integrat...",https://www.amazon.it/dp/B0CY2ZVZTW,43.0,513.0,513.0,EUR,513.0,Amazon,IT,2026-08-16T04:52:12Z,B0CY2ZVZTW,,,,,
Samsung,"Samsung Smart TV 55"" QE55S99HAEXZT OLED 4K Glare Free, HDR 10+, Motion Xcelerator 165Hz, Dolby Atmos, Gaming Hub, G-Sync, ...",https://www.amazon.it/dp/B0GWN8GKF6,55.0,1760.0,1760.0,EUR,1760.0,Amazon,IT,2026-08-16T04:52:12Z,B0GWN8GKF6,,,,,
Samsung,"Samsung GU98DU9079U 2,49 m (98"") 4K Ultra HD Smart-TV WLAN Schwarz (GU98DU9079UXZG) [Versione Tedesca]",https://www.amazon.it/dp/B0CZS4X2S8,98.0,1987.73,1987.73,EUR,1987.73,Amazon,IT,2026-08-16T04:52:12Z,B0CZS4X2S8,,,,,
Samsung,"Samsung TV UE55AU8070UXZT, Smart TV 55"" Serie AU8000, Crystal UHD 4K, Alexa integrato, Nero, 2021, DVB-T2, Nero",https://www.amazon.it/dp/B08XZRHVBH,55.0,749.0,749.0,EUR,749.0,Amazon,IT,2026-08-16T04:52:12Z,B08XZRHVBH,,,,,
Samsung,"Samsung UE55MU6179U 55"" 4K Ultra HD Smart TV Wi-Fi Nero",https://www.amazon.it/dp/B06XGS3Q4Y,55.0,,,,,Amazon,IT,2026-08-16T04:52:12Z,B06XGS3Q4Y,,,,,
Samsung,"Samsung QE50Q60TAUXZT Smart TV 50” QLED 4K, Ultra HD, Dual LED, Processore Quantum Lite, Quantum HDR, Wi-Fi, New Bezel-les...",https://www.amazon.it/dp/B086B6M17V,50.0,434.87,434.87,EUR,434.87,Amazon,IT,2026-08-16T04:52:12Z,B086B6M17V,,,,,
Samsung,"Samsung TV 65"" Neo QLED QE65QN900BT Smart TV Neo QLED 8K UHD, Alexa e Google Assistant integrati, DVB-T2,STAINLESS STEEL (...",https://www.amazon.it/dp/B0CS3RWYJL,65.0,1188.0,1188.0,EUR,1188.0,Amazon,IT,2026-08-16T04:52:12Z,B0CS3RWYJL,,,,,
Samsung,"Samsung UE55NU7093UXXH LED TV Series 7 (2018), 139,7 cm (55"") 4K Ultra HD Smart TV WiFi, 3840 x 2160 Pixeles, Nero",https://www.amazon.it/dp/B07K22ZMN5,55.0,619.0,619.0,EUR,619.0,Amazon,IT,2026-08-16T04:52:12Z,B07K22ZMN5,,,,,
Samsung,"Samsung TV QE55S95CAT OLED 4K, Smart TV 55"" Processore Neural Quantum 4K, Gaming TV, Dolby Atmos OTS Lite Infinity One Des...",https://www.amazon.it/dp/B0CS6P748Y,55.0,942.0,942.0,EUR,942.0,Amazon,IT,2026-08-16T04:52:12Z,B0CS6P748Y,,,,,
Samsung,"Samsung HG55AU800EE - 138 cm (55"") Diagonalklasse HAU8000 Series LCD-TV mit LED-Hintergrundbeleuchtung - Crystal UHD - Hot...",https://www.amazon.it/dp/B0BZMKM7LQ,55.0,811.89,811.89,EUR,811.89,Amazon,IT,2026-08-16T04:52:12Z,B0BZMKM7LQ,,,,,
Samsung,Smart TV Samsung QN90D 43' 4K Ultra HD LED HDR Neo QLED,https://www.amazon.it/dp/B0CRZFZ36C,43.0,1067.0,1067.0,EUR,1067.0,Amazon,IT,2026-08-16T04:52:12Z,B0CRZFZ36C,,,,,
Samsung,"Samsung TV QE55Q74TATXZT Serie Q70T Modello Q74T QLED Smart TV 55"", con Alexa integrata, Ultra HD 4K, Wi-Fi, Silver, 2020,...",https://www.amazon.it/dp/B086B3YWBJ,55.0,819.03,819.03,EUR,819.03,Amazon,IT,2026-08-16T04:52:12Z,B086B3YWBJ,,,,,
Samsung,"SAMSUNG Frame 2021 Wechselrahmen 55"" teak | VG-SCFA55TKBXC",https://www.amazon.it/dp/B096BJJGPC,55.0,61.99,61.99,EUR,61.99,Amazon,IT,2026-08-16T04:52:12Z,B096BJJGPC,,,,,
Samsung,"Samsung VG-SCFN65DP/XC Cornice per TV The Frame, da 65"", 2019, Marrone",https://www.amazon.it/dp/B07N813W58,65.0,319.99,319.99,EUR,319.99,Amazon,IT,2026-08-16T04:52:12Z,B07N813W58,,,,,
Samsung,"Samsung TV UE55TU7190UXZT Smart TV 55"" Serie TU7190, Crystal UHD 4K, Wi-Fi, 2020, Argento, compatibile con Alexa",https://www.amazon.it/dp/B087KB7WQL,55.0,620.0,620.0,EUR,620.0,Amazon,IT,2026-08-16T04:52:12Z,B087KB7WQL,,,,,
Samsung,"Samsung Business Tv Serie BEA-H da 43'', UHD 3840x2160 con funzionalità HDR, Tizen, Dolby Sound System, HDMI, USB, Bluetoo...",https://www.amazon.it/dp/B08VH8JLK5,43.0,,,,,Amazon,IT,2026-08-16T04:52:12Z,B08VH8JLK5,,,,,
Samsung,"Samsung TV QLED QE85Q70BATXZT, Smart TV 85"" Serie Q70B, QLED 4K UHD, Alexa e Google Assistant integrati, Titan Gray, 2022,...",https://www.amazon.it/dp/B09XN7BK72,85.0,2693.99,2693.99,EUR,2693.99,Amazon,IT,2026-08-16T04:52:12Z,B09XN7BK72,,,,,
Samsung,Smart TV Samsung TQ55LS03BGUXXC 55' 4K Ultra HD,https://www.amazon.it/dp/B0BS43N9ZS,55.0,1484.0,1484.0,EUR,1484.0,Amazon,IT,2026-08-16T04:52:12Z,B0BS43N9ZS,,,,,
Samsung,"Samsung TV Crystal UHD UE43BU8070UXZT, Smart TV 43"" Serie BU8070, Crystal UHD 4K, Alexa e Google Assistant integrati, Blac...",https://www.amazon.it/dp/B09XN5TR6Z,43.0,529.0,529.0,EUR,529.0,Amazon,IT,2026-08-16T04:52:12Z,B09XN5TR6Z,,,,,
Samsung,"TV SAMSUNG LED 43"" 43TU7072 SMART 4K EU",https://www.amazon.it/dp/B08BZSW31P,43.0,518.0,518.0,EUR,518.0,Amazon,IT,2026-08-16T04:52:12Z,B08BZSW31P,,,,,
Samsung,"Samsung QE75QN900AATXZT Smart TV 75"" Neo QLED 8K, Ultra HD, Processore Neo Quantum 8K con IA, HDMI 2.1,, 2021, Alexa, Goog...",https://www.amazon.it/dp/B09SHQM8P6,75.0,1903.0,1903.0,EUR,1903.0,Amazon,IT,2026-08-16T04:52:12Z,B09SHQM8P6,,,,,
Samsung,"Samsung Qe55ls03a The Frame 2021 Television Smart Tv 55"" Qled Uhd 4k Hdr",https://www.amazon.it/dp/B08QV9966N,55.0,1486.0,1486.0,EUR,1486.0,Amazon,IT,2026-08-16T04:52:12Z,B08QV9966N,,,,,
Samsung,"TV 75"" SAMSUNG QE75QN90AAT NEO QLED SERIE 9 QN90A 4K ULTRA HD SMART WIFI 4500 PQI USB HDMI (Ricondizionato)",https://www.amazon.it/dp/B0BQRSY4TS,75.0,1100.0,1100.0,EUR,1100.0,Amazon,IT,2026-08-16T04:52:12Z,B0BQRSY4TS,,,,,
Samsung,"TV Guard Cornice per TV, compatibile con Samsung The Frame TV, 43 pollici, oro dorato, adatto per televisori a parete",https://www.amazon.it/dp/B0GP6W34RL,43.0,234.42,234.42,EUR,234.42,Amazon,IT,2026-08-16T04:52:12Z,B0GP6W34RL,,,,,
Samsung,"Cello CTRAV-24TZF Smart TV LED 24"" 12V con lettore DVD per camper e campeggio, Tizen OS di Samsung, Gaming Hub, altoparlan...",https://www.amazon.it/dp/B0GHRPLHJ9,24.0,279.99,279.99,EUR,279.99,Amazon,IT,2026-08-16T04:52:12Z,B0GHRPLHJ9,,,,,
Samsung,"Samsung QE65Q90RAT Serie Q90R (2019) QLED Smart TV 65"", Ultra HD 4K, Wi-Fi, Nero (Ricondizionato)",https://www.amazon.it/dp/B0999RDKHD,65.0,788.0,788.0,EUR,788.0,Amazon,IT,2026-08-16T04:52:12Z,B0999RDKHD,,,,,
Samsung,"Samsung TV UE32N4000AK HD 32'', Serie N4000, 2018, Nero",https://www.amazon.it/dp/B07HBMBRJ1,32.0,309.0,309.0,EUR,309.0,Amazon,IT,2026-08-16T04:52:12Z,B07HBMBRJ1,,,,,
Samsung,Samsung QE75QN70HAUXZT - Tv 75 Pollici Smart Tv 4K Neo QLed Wifi DVB-T2 Nero Classe Energetica E,https://www.amazon.it/dp/B0H339ZNCK,75.0,1240.74,1240.74,EUR,1240.74,Amazon,IT,2026-08-16T04:52:12Z,B0H339ZNCK,,,,,
Samsung,"Samsung TV QE65LST7TAUXZT Smart TV 4K QLED, 65'', Nero (Ricondizionato)",https://www.amazon.it/dp/B0C8N6LMVX,65.0,1650.0,1650.0,EUR,1650.0,Amazon,IT,2026-08-16T04:52:12Z,B0C8N6LMVX,,,,,
Samsung,Samsung QE55QN70HAUXZT - Tv 55 Pollici Smart Tv 4K QLed DVB-T2 Wifi Nero Classe Energetica E,https://www.amazon.it/dp/B0H33BB2TY,55.0,,,,,Amazon,IT,2026-08-16T04:52:12Z,B0H33BB2TY,,,,,
TCL,"TCL 65Q6C – Smart TV QD‑Mini LED 4K HDR10+ da 65"", Google TV | Dolby Vision IQ & Atmos, 144Hz Motion Clarity Pro, Game Mas...",https://www.amazon.it/dp/B0DXQ27X44,65.0,,,,,Amazon,IT,2026-08-16T04:52:12Z,B0DXQ27X44,,,,,
TCL,"TCL 32V4C – Smart TV HD HDR da 32"", Android TV | Google Cast, Compatible with Google Home, Slim Design",https://www.amazon.it/dp/B0F54B34TH,32.0,159.0,159.0,EUR,159.0,Amazon,IT,2026-08-16T04:52:12Z,B0F54B34TH,,,,,
Samsung,"Samsung HG55BU800EUXEN TV Hospitality 139,7 cm (55"") 4K Ultra HD Smart TV Nero 20 W",https://www.amazon.it/dp/B0C5TBKX24,55.0,899.33,899.33,EUR,899.33,Amazon,IT,2026-08-16T04:52:12Z,B0C5TBKX24,,,,,
Samsung,"Cello CTRAV-22TZ Smart TV 22"" 12V per camper e barca, Tizen OS di Samsung, ricevitore satellitare integrato, Gaming Hub, a...",https://www.amazon.it/dp/B0GHR6TX9W,22.0,249.99,249.99,EUR,249.99,Amazon,IT,2026-08-16T04:52:12Z,B0GHR6TX9W,,,,,
Samsung,"Cello C1926TZH Smart TV 19"" con Tizen OS di Samsung, Gaming Hub, altoparlanti Pitch Perfect, Bluetooth, triplo sintonizzat...",https://www.amazon.it/dp/B0GJLXCQPN,19.0,189.99,189.99,EUR,189.99,Amazon,IT,2026-08-16T04:52:12Z,B0GJLXCQPN,,,,,
Samsung,"Cello CTRAV-19TZ Smart TV 19"" 12V per camper e campeggio, Tizen OS di Samsung, Gaming Hub, altoparlanti Pitch Perfect, Blu...",https://www.amazon.it/dp/B0GJLKGZ8C,19.0,229.99,229.99,EUR,229.99,Amazon,IT,2026-08-16T04:52:12Z,B0GJLKGZ8C,,,,,
Samsung,Samsung UE43U7000HUXZT - Smart TV 43 Pollici LED 4K DVB-T2 Wifi HbbTV CI+ Nero Classe Energetica F,https://www.amazon.it/dp/B0H4MH2Q3B,43.0,,,,,Amazon,IT,2026-08-16T04:52:12Z,B0H4MH2Q3B,,,,,
Samsung,"Samsung TV QE55Q70CATXZT QLED 4K, Smart TV 55"" Processore Quantum 4K, Dual LED, OTS Lite, AirSlim Design, Integrato con Bi...",https://www.amazon.it/dp/B0BWFNCHDX,55.0,939.0,939.0,EUR,939.0,Amazon,IT,2026-08-16T04:52:12Z,B0BWFNCHDX,,,,,
Samsung,Samsung HG32T5300EZXZT - Tv 32 Pollici Hotel Tv Full Hd Led DVB-T2 Nero Classe Energetica F,https://www.amazon.it/dp/B0H33JFLLZ,32.0,207.58,207.58,EUR,207.58,Amazon,IT,2026-08-16T04:52:12Z,B0H33JFLLZ,,,,,
Samsung,"One Connect BN39-02395A cavo da 5 m compatibile con Samsung QLED TV 55""-75"" Q7FN Q8FN Q8CN Q9FN Series 2018",https://www.amazon.it/dp/B0F1MWWD8T,55.0,169.87,169.87,EUR,169.87,Amazon,IT,2026-08-16T04:52:12Z,B0F1MWWD8T,,,,,
Samsung,"Cornice TV compatibile con Samsung The Frame TV, adatta per televisori a parete (tradizionale barewood 65 mm, 32 pollici)",https://www.amazon.it/dp/B0GQ634N8H,32.0,209.87,209.87,EUR,209.87,Amazon,IT,2026-08-16T04:52:12Z,B0GQ634N8H,,,,,
Samsung,"Samsung Crystal UHD 4K U80F 50 pollici TV LED Crystal Processore 4K, MetalStream Design, SmartThings, Knox Security, Gamin...",https://www.amazon.it/dp/B0FM98T47Y,50.0,384.12,384.12,EUR,384.12,Amazon,IT,2026-08-16T04:52:12Z,B0FM98T47Y,,,,,
Samsung,Samsung UE55M80HAUXZT - Smart TV 55 Pollici LED 4K DVB-T2 Wifi HbbTV CI+ Nero Classe Energetica E,https://www.amazon.it/dp/B0H4MQYTM3,55.0,,,,,Amazon,IT,2026-08-16T04:52:12Z,B0H4MQYTM3,,,,,
LG,"LG 55UK6200PLA Smart Tv Uhd 4K da 55"", Active Hdr, Hdr10 Pro e Hlg",https://www.amazon.it/dp/B07GFH8T77,55.0,620.0,620.0,EUR,620.0,Amazon,IT,2026-08-16T04:52:12Z,B07GFH8T77,,,,,
Samsung,"TV Guard Cornice per TV, compatibile con Samsung The Frame TV, 32 pollici, bianco moderno, adatto per televisori a parete",https://www.amazon.it/dp/B0F17QHGKW,32.0,148.88,148.88,EUR,148.88,Amazon,IT,2026-08-16T04:52:12Z,B0F17QHGKW,,,,,
Samsung,Samsung QE48S95HAE - Smart TV 48 Pollici 4K 3840 x 2160 Pixel OLED DVB-T2 Wifi Nero Classe Energetica F | 3840 x 2160 Pixe...,https://www.amazon.it/dp/B0H4LS36XM,48.0,,,,,Amazon,IT,2026-08-16T04:52:12Z,B0H4LS36XM,,,,,
Hisense,"Hisense TV 75"" QLED 4K 75E77NQ, Smart TV VIDAA U7, Dolby Vision, HDR 10+, Game Mode Plus, Dolby Atmos, Alexa Built-in, VID...",https://www.amazon.it/dp/B0CZXP11SJ,75.0,629.0,629.0,EUR,629.0,Amazon,IT,2026-08-16T04:52:12Z,B0CZXP11SJ,,,,,
LG,"LG 32LQ63006LA Smart TV 32"" Full HD, TV LED 2022 con Processore α5 Gen 5 con AI, webOS 22, HDR, Wi-Fi, Bluetooth, Game Opt...",https://www.amazon.it/dp/B09T74KPR6,32.0,194.9,194.9,EUR,194.9,Amazon,IT,2026-08-16T04:52:12Z,B09T74KPR6,,,,,
LG,"LG OLED evo AI 42 Pollici, Serie C5 2025 Smart TV 4K - OLED42C54LA | Processore ?9 Gen8, WebOS con AI, Dolby Vision e Atmo...",https://www.amazon.it/dp/B0F44KKWT6,42.0,699.0,699.0,EUR,699.0,Amazon,IT,2026-08-16T04:52:12Z,B0F44KKWT6,,,,,
LG,"LG OLED evo AI 55 Pollici, Serie C5 2025 Smart TV 4K - OLED55C56LB | Processore 9 Gen8, Brightness Booster, WebOS con AI, ...",https://www.amazon.it/dp/B0F6VC2K28,55.0,898.06,898.06,EUR,898.06,Amazon,IT,2026-08-16T04:52:12Z,B0F6VC2K28,,,,,
LG,"LG QNED AI 43 Pollici, Serie QNED84 2025 Smart TV 4K - 43QNED84A6C | Processore α7 Gen8, Dynamic QNED Color, Design Ultra ...",https://www.amazon.it/dp/B0F5HXV6S6,43.0,349.0,349.0,EUR,349.0,Amazon,IT,2026-08-16T04:52:12Z,B0F5HXV6S6,,,,,
LG,"LG UHD AI 55 Pollici, Serie UA75 2025 Smart TV 4K Ultra HD - 55UA75006LA | Processore ?7 Gen8, WebOS con AI, Filmmaker Mod...",https://www.amazon.it/dp/B0F6VH6R37,55.0,379.0,379.0,EUR,379.0,Amazon,IT,2026-08-16T04:52:12Z,B0F6VH6R37,,,,,
LG,"LG QNED evo AI 55 Pollici, Serie QNED86 2025 Smart TV 4K - 55QNED86A6A | Processore ?8 Gen2, Dimming Pro con MiniLED, WebO...",https://www.amazon.it/dp/B0F6VMCFDL,55.0,599.0,599.0,EUR,599.0,Amazon,IT,2026-08-16T04:52:12Z,B0F6VMCFDL,,,,,
LG,"LG NanoCell AI 55 Pollici, Serie NANO80 2025 Smart TV 4K - 55NANO80A6B | Processore ?7 Gen8, WebOS con AI, Telecomando Pun...",https://www.amazon.it/dp/B0F5HWXW9R,55.0,399.0,399.0,EUR,399.0,Amazon,IT,2026-08-16T04:52:12Z,B0F5HWXW9R,,,,,
LG,"Lg Tv 32"" Led Full Hd Smart Dvb/t2/s2 32lq631c",https://www.amazon.it/dp/B0B2RNWGYV,32.0,181.17,181.17,EUR,181.17,Amazon,IT,2026-08-16T04:52:12Z,B0B2RNWGYV,,,,,
LG,"LG NanoCell AI 43 Pollici, Serie NANO80 2025 Smart TV 4K - 43NANO80A6B | Processore ?7 Gen8, WebOS con AI, Telecomando Pun...",https://www.amazon.it/dp/B0F5HVVS8Q,43.0,319.0,319.0,EUR,319.0,Amazon,IT,2026-08-16T04:52:12Z,B0F5HVVS8Q,,,,,
LG,"LG QNED AI 50 Pollici, Serie QNED80 2025 Smart TV 4K - 50QNED80A6A | Processore ?7 Gen8, Dynamic QNED Color, Design Super ...",https://www.amazon.it/dp/B0F553BQZJ,50.0,399.0,399.0,EUR,399.0,Amazon,IT,2026-08-16T04:52:12Z,B0F553BQZJ,,,,,
LG,"LG NANO AI UHD 43 Pollici, Serie NU8E 2026 Smart TV 4K - 43NU8E0B3LA | Processore con Nano Detail Enhancer, AI Chatbot, AI...",https://www.amazon.it/dp/B0GWMXV6J1,43.0,299.0,299.0,EUR,299.0,Amazon,IT,2026-08-16T04:52:12Z,B0GWMXV6J1,,,,,
LG,"LG QNED AI 50 Pollici, Serie QNED84 2025 Smart TV 4K - 50QNED84A6C | Processore α7 Gen8, Dynamic QNED Color, Design Ultra ...",https://www.amazon.it/dp/B0F5HXLLJS,50.0,449.0,449.0,EUR,449.0,Amazon,IT,2026-08-16T04:52:12Z,B0F5HXLLJS,,,,,
LG,"LG UHD AI 43 Pollici, Serie UA75 2025 Smart TV 4K Ultra HD - 43UA75006LA | Processore ?7 Gen8, WebOS con AI, Filmmaker Mod...",https://www.amazon.it/dp/B0F6V7PXXK,43.0,280.64,280.64,EUR,280.64,Amazon,IT,2026-08-16T04:52:12Z,B0F6V7PXXK,,,,,
LG,"LG OLED evo AI 55 Pollici, Serie G5 2025 Smart TV 4K - OLED55G56LS | Base da Appoggio Inclusa, Processore α11 Gen2, Bright...",https://www.amazon.it/dp/B0F44B6XV3,55.0,1249.0,1249.0,EUR,1249.0,Amazon,IT,2026-08-16T04:52:12Z,B0F44B6XV3,,,,,
LG,"LG QNED AI 65 Pollici, Serie QNED70 2025 Smart TV 4K - 65QNED70A6A | Processore ?7 Gen8, Dynamic QNED Color, WebOS con AI,...",https://www.amazon.it/dp/B0FRSCV48L,65.0,579.0,579.0,EUR,579.0,Amazon,IT,2026-08-16T04:52:12Z,B0FRSCV48L,,,,,
LG,"LG OLED AI 48 Pollici, Serie B5 2025 Smart TV 4K - OLED48B56LA | Processore α8 Gen2, WebOS con AI, Dolby Vision e Atmos, G...",https://www.amazon.it/dp/B0F44FZ1PT,48.0,679.0,679.0,EUR,679.0,Amazon,IT,2026-08-16T04:52:12Z,B0F44FZ1PT,,,,,
LG,"LG OLED evo AI 55 Pollici, Serie G5 2025 Smart TV 4K - OLED55G55LW | Staffa a Muro Inclusa, Processore α11 Gen2, Brightnes...",https://www.amazon.it/dp/B0F44FX27H,55.0,1249.0,1249.0,EUR,1249.0,Amazon,IT,2026-08-16T04:52:12Z,B0F44FX27H,,,,,
LG,"LG QNED evo AI 50 Pollici, Serie QNED86 2025 Smart TV 4K - 50QNED86A6C | Processore ?7 Gen8, Dynamic QNED Color, Local Dim...",https://www.amazon.it/dp/B0F5HWKDVL,50.0,499.0,499.0,EUR,499.0,Amazon,IT,2026-08-16T04:52:12Z,B0F5HWKDVL,,,,,
LG,"TV - Televisione intelligente LG 24TQ510S-PZ 24"" HD LED WIFI",https://www.amazon.it/dp/B09ZV6HKQT,24.0,,,,,Amazon,IT,2026-08-16T04:52:12Z,B09ZV6HKQT,,,,,
LG,"LG OLED evo AI 65 Pollici, Serie G6S 2026 Smart TV 4K - OLED65G66LS | Base da Appoggio, Hyper Radiant Color, Reflection Fr...",https://www.amazon.it/dp/B0GWN286F5,65.0,2033.0,2033.0,EUR,2033.0,Amazon,IT,2026-08-16T04:52:12Z,B0GWN286F5,,,,,
LG,"LG QNED evo AI MiniLED 43 Pollici, Serie QNED86B 2026 Smart TV 4K - 43QNED86B6B",https://www.amazon.it/dp/B0GWN3FKJZ,43.0,549.0,549.0,EUR,549.0,Amazon,IT,2026-08-16T04:52:12Z,B0GWN3FKJZ,,,,,
LG,"LG Smart TV 32LQ63 - Televisore 80 cm (32"") Full HD Smart TV-wifi Nero",https://www.amazon.it/dp/B09RQ4C4KX,32.0,,,,,Amazon,IT,2026-08-16T04:52:12Z,B09RQ4C4KX,,,,,
LG,"LG QNED AI 55 Pollici, Serie QNED70 2025 Smart TV 4K - 55QNED70A6A | Processore ?7 Gen8, Dynamic QNED Color, WebOS con AI,...",https://www.amazon.it/dp/B0FRSG74G3,55.0,429.0,429.0,EUR,429.0,Amazon,IT,2026-08-16T04:52:12Z,B0FRSG74G3,,,,,
LG,"LG QNED AI MiniLED 50 Pollici, Serie QNED7EB 2026 Smart TV 4K - 50QNED7EB3C | AI Magic Remote, 100% Volume Colore, WebOS c...",https://www.amazon.it/dp/B0GWN5NDL7,50.0,478.9,478.9,EUR,478.9,Amazon,IT,2026-08-16T04:52:12Z,B0GWN5NDL7,,,,,
LG,"LG QNED evo AI 100 Pollici, Serie QNED86 2025 Smart TV 4K - 100QNED86A6 | Processore α8 Gen2, Precision Dimming con MiniLE...",https://www.amazon.it/dp/B0F6VGQP89,100.0,,,,,Amazon,IT,2026-08-16T04:52:12Z,B0F6VGQP89,,,,,
LG,"TV 32"""" LG FULLHD EU SMART BIANCO USB DVBT2 DVBS2 4CORE AI WEBOS",https://www.amazon.it/dp/B09V5C4BN7,32.0,,,,,Amazon,IT,2026-08-16T04:52:12Z,B09V5C4BN7,,,,,
LG,"LG Mini RGB 65 Pollici, Serie MRGB87 2026 Smart TV 4K - 65MRGB87B6B | RGB Primary Color Pro, DualColor 100% DCI-P3/Adobe R...",https://www.amazon.it/dp/B0GWN42J5H,65.0,1099.0,1099.0,EUR,1099.0,Amazon,IT,2026-08-16T04:52:12Z,B0GWN42J5H,,,,,
LG,"LG OLED AI 83 Pollici, Serie B6E 2026 Smart TV 4K - OLED83B6ELB | Nero Perfetto, Dolby Vision & Atmos, Processore ?8 Gen3,...",https://www.amazon.it/dp/B0GWN4JLLB,83.0,2399.0,2399.0,EUR,2399.0,Amazon,IT,2026-08-16T04:52:12Z,B0GWN4JLLB,,,,,
LG,"LG 32LM631C0ZA.AEU Televisor 81,3 cm (32"") Full HD Smart TV WiFi Negro",https://www.amazon.it/dp/B094N7Q7T2,32.0,181.9,181.9,EUR,181.9,Amazon,IT,2026-08-16T04:52:12Z,B094N7Q7T2,,,,,
Panasonic,"Panasonic TV-40S55AEZ, Serie S55 40 pollici Smart TV LED Full HD, 2024, Fire TV, HD Colour Engine, HDR, Alexa Voice Contro...",https://www.amazon.it/dp/B0H2MJG3K9,40.0,243.38,243.38,EUR,243.38,Amazon,IT,2026-08-16T04:52:12Z,B0H2MJG3K9,,,,,
LG,Smart TV LG 24TN510SPZ 24' HD Ready LED WiFi Nero,https://www.amazon.it/dp/B08DRLLTCD,24.0,229.0,229.0,EUR,229.0,Amazon,IT,2026-08-16T04:52:12Z,B08DRLLTCD,,,,,
Panasonic,"Panasonic TV-24S50AEZC, 24 pollici televisore TV LED HD TV, Fire TV | HD Colour Engine, HDR, Alexa Voice Control, Game Mod...",https://www.amazon.it/dp/B0H2MPDR7G,24.0,219.0,219.0,EUR,219.0,Amazon,IT,2026-08-16T04:52:12Z,B0H2MPDR7G,,,,,
LG,"LG UHD 43UR78006LK 109,2 cm (43"") 4K Ultra HD Smart TV Wi-Fi Nero",https://www.amazon.it/dp/B0BWWJQVGZ,43.0,309.9,309.9,EUR,309.9,Amazon,IT,2026-08-16T04:52:12Z,B0BWWJQVGZ,,,,,
LG,"LG 28TL510S-PZ - TV LED 28"", HD Ready, DVB-T2, Smart TV, Wifi",https://www.amazon.it/dp/B07XLTKB8V,28.0,298.0,298.0,EUR,298.0,Amazon,IT,2026-08-16T04:52:12Z,B07XLTKB8V,,,,,
LG,"LG OLED evo AI 42 Pollici, Serie C6 2026 Smart TV 4K - OLED42C64LA | Processore ?11 Gen3, Dual AI Engine, Dolby Vision & A...",https://www.amazon.it/dp/B0GWMY3R9W,42.0,1194.9,1194.9,EUR,1194.9,Amazon,IT,2026-08-16T04:52:12Z,B0GWMY3R9W,,,,,
LG,"LG TV LED 55"" 55UA751C0LA Ultra HD 4K Smart TV WiFi DVB-T2 WEBOS (IA Integrata)",https://www.amazon.it/dp/B0FZB4KGBY,55.0,346.7,346.7,EUR,346.7,Amazon,IT,2026-08-16T04:52:12Z,B0FZB4KGBY,,,,,
LG,"LG OLED evo AI 83 Pollici, Serie G5 2025 Smart TV 4K - OLED83G54LW | Staffa a Muro Inclusa, Processore α11 Gen2, Brightnes...",https://www.amazon.it/dp/B0F44FYPFB,83.0,3999.0,3999.0,EUR,3999.0,Amazon,IT,2026-08-16T04:52:12Z,B0F44FYPFB,,,,,
LG,"LG 55"" Smart TV 55UA75006LA Serie UA75 UHD AI 4K, α7 Gen8, HDR10, Game Optimizer, WebOS, Dvb-T2",https://www.amazon.it/dp/B0FQPD9NJ7,55.0,364.87,364.87,EUR,364.87,Amazon,IT,2026-08-16T04:52:12Z,B0FQPD9NJ7,,,,,
LG,"LG 28Mt49S 28"" Hd Smart Tv Wi-Fi Nero Led Tv - Led Tvs 71.1 cm28"", 1366 x 768 Pixels, Ips, Smart Tv, Wi-Fi, Nero",https://www.amazon.it/dp/B06ZY98DQ3,28.0,,,,,Amazon,IT,2026-08-16T04:52:12Z,B06ZY98DQ3,,,,,
LG,"LG webOS UHD UR78 TV 86 pollici, Smart TV 4K, Ultra HD, Processore α5 Gen6, HDR10 Pro, Filmmaker Mode, Game Optimizer, Wi-...",https://www.amazon.it/dp/B0DK3HZRJV,86.0,1003.22,1003.22,EUR,1003.22,Amazon,IT,2026-08-16T04:52:12Z,B0DK3HZRJV,,,,,
LG,"LG 50NANO81A6A - TV 50 Pollici, 4K, Smart TV, DVB-T2, Wi-Fi, HEVC/H.265, Classe energetica F",https://www.amazon.it/dp/B0FFH1X811,50.0,390.3,390.3,EUR,390.3,Amazon,IT,2026-08-16T04:52:12Z,B0FFH1X811,,,,,
LG,"LG UHD 43'', Serie UT73 2024, Smart TV 4K, 43UT73006LA, Processore α5 Gen7, 20W, 3 HDMI, HDR10 Pro, Filmmaker Mode, Game O...",https://www.amazon.it/dp/B0D4MLHLHJ,43.0,,,,,Amazon,IT,2026-08-16T04:52:12Z,B0D4MLHLHJ,,,,,
LG,"LG 43UA73003LA - TV 43 Pollici, Smart TV, DVB-T2, 4K, LED, Classe energetica G",https://www.amazon.it/dp/B0G1ZDLM2H,43.0,277.9,277.9,EUR,277.9,Amazon,IT,2026-08-16T04:52:12Z,B0G1ZDLM2H,,,,,
LG,"LG OLED55C55 - TV 55 Pollici, 4K, Smart TV, OLED, DVB-T2, HEVC/H.265, Classe energetica F",https://www.amazon.it/dp/B0FFH43D41,55.0,900.93,900.93,EUR,900.93,Amazon,IT,2026-08-16T04:52:12Z,B0FFH43D41,,,,,
LG,"LG UHD 65'', Smart TV 4K, 65UR78006LK, Serie UR78 2023, Processore α5 Gen6, HDR10 Pro, Filmmaker Mode, Game Optimizer, Wi-...",https://www.amazon.it/dp/B0BZ14J5GL,65.0,489.0,489.0,EUR,489.0,Amazon,IT,2026-08-16T04:52:12Z,B0BZ14J5GL,,,,,
LG,"LG 32LM6300PLA Smart TV 32"" Full HD, TV LED Serie LM63 con Wi-Fi, Dolby Digital, Processore Quad Core, Audio Surround, web...",https://www.amazon.it/dp/B07Q124XGQ,32.0,299.0,299.0,EUR,299.0,Amazon,IT,2026-08-16T04:52:12Z,B07Q124XGQ,,,,,
LG,LG 50UR78006LK 50 '' Ultra HD 4K Smart HDR webOS,https://www.amazon.it/dp/B0C3XQ63YZ,50.0,344.55,344.55,EUR,344.55,Amazon,IT,2026-08-16T04:52:12Z,B0C3XQ63YZ,,,,,
LG,"LG OLED48B56LA - TV 48 Pollici, 4K, OLED, DVB-T2, HEVC/H.265, Classe energetica G",https://www.amazon.it/dp/B0F7HZV2T1,48.0,677.75,677.75,EUR,677.75,Amazon,IT,2026-08-16T04:52:12Z,B0F7HZV2T1,,,,,
LG,"LG 65QNED80A6A - TV 65 Pollici, Smart TV, 4K, DVB-T2, HEVC, Classe energetica G",https://www.amazon.it/dp/B0FQP2D3X5,65.0,599.0,599.0,EUR,599.0,Amazon,IT,2026-08-16T04:52:12Z,B0FQP2D3X5,,,,,
LG,"Smart TV LG 65B56LA 65"" 4K Ultra HD HDR OLED",https://www.amazon.it/dp/B0F7HYW329,65.0,1306.7,1306.7,EUR,1306.7,Amazon,IT,2026-08-16T04:52:12Z,B0F7HYW329,,,,,
LG,LG 50QNED70B6C - Smart Tv 50 Pollici 4K QNED DVB-T2 HEVC/H.265 Wifi Nero Classe Energetica F,https://www.amazon.it/dp/B0H36SHKPF,50.0,537.96,537.96,EUR,537.96,Amazon,IT,2026-08-16T04:52:12Z,B0H36SHKPF,,,,,
LG,"LG 32LQ631C0ZA TV LED 32 pollici, Full HD 1920x1080, WebOS, Direct-LED, 50 Hz, Wi-Fi 5, Bluetooth 5.0, 16:9, HDR",https://www.amazon.it/dp/B0C2KNXL5P,32.0,,,,,Amazon,IT,2026-08-16T04:52:12Z,B0C2KNXL5P,,,,,
LG,"LG TV QNED AI 2025 | 43QNED8E | 43'' (108cm) | 4K UHD | HDR10 | WebOS 25 | Telecommade AI Magic Remote | Alexa, Google Ass...",https://www.amazon.it/dp/B0F4KMPM6B,43.0,,,,,Amazon,IT,2026-08-16T04:52:12Z,B0F4KMPM6B,,,,,
LG,"LG OLED 55'', Serie B4 2024, OLED55B46LA, Smart TV 4K, Processore α8, Dolby Vision, Dolby Atmos, 4 HDMI 2.1, Gsync, VRR, T...",https://www.amazon.it/dp/B0CZP7R4PD,55.0,1147.18,1147.18,EUR,1147.18,Amazon,IT,2026-08-16T04:52:12Z,B0CZP7R4PD,,,,,
LG,"LG TV LED 4K AI Ultra HD,55UM7400PLB, Smart TV 55"", 4K Active HDR",https://www.amazon.it/dp/B07R8JJD7R,55.0,649.0,649.0,EUR,649.0,Amazon,IT,2026-08-16T04:52:12Z,B07R8JJD7R,,,,,
Panasonic,"Panasonic TN-65W70AEZ, Serie W70 65 inch 4K Ultra HD LED Smart TV, 2024, Google Assistant, Chromecast, Dolby Vision & Atmo...",https://www.amazon.it/dp/B0D9MHLNXF,65.0,539.78,539.78,EUR,539.78,Amazon,IT,2026-08-16T04:52:12Z,B0D9MHLNXF,,,,,
LG,"LG QNED 98 Pollici, Serie QNED89 2024 Smart TV 4K - 98QNED89T6A | Processore ?8, Precision Dimming, 20W, AI Picture Pro, 4...",https://www.amazon.it/dp/B0CZP98Y2K,98.0,1999.0,1999.0,EUR,1999.0,Amazon,IT,2026-08-16T04:52:12Z,B0CZP98Y2K,,,,,
LG,"LG TV LED 50"" 50UA751C0LA Ultra HD 4K Smart TV WiFi DVB-T2 (IA Integrata)",https://www.amazon.it/dp/B0FZB52GDB,50.0,319.9,319.9,EUR,319.9,Amazon,IT,2026-08-16T04:52:12Z,B0FZB52GDB,,,,,
LG,LG 55UR78006LK 55 '' Ultra HD 4K Smart HDR webOS,https://www.amazon.it/dp/B0C3ZW69GP,55.0,478.87,478.87,EUR,478.87,Amazon,IT,2026-08-16T04:52:12Z,B0C3ZW69GP,,,,,
LG,"LG 43NANO81A6A - TV 43 Pollici, 4K, Smart TV, DVB-T2, Wi-Fi, HEVC/H.265, Classe energetica G",https://www.amazon.it/dp/B0FFH1FK6M,43.0,334.07,334.07,EUR,334.07,Amazon,IT,2026-08-16T04:52:12Z,B0FFH1FK6M,,,,,
LG,"LG OLED42C55LA - TV 42 Pollici, 4K, OLED, Smart TV, DVB-T2, HEVC/H.265, Classe energetica G",https://www.amazon.it/dp/B0FFH2LKJC,42.0,746.16,746.16,EUR,746.16,Amazon,IT,2026-08-16T04:52:12Z,B0FFH2LKJC,,,,,
LG,LG 32LQ630B6LA - Smart TV 32 Pollici HD LED DVB-T2 Wi-fi,https://www.amazon.it/dp/B09V2WKTQB,32.0,188.99,188.99,EUR,188.99,Amazon,IT,2026-08-16T04:52:12Z,B09V2WKTQB,,,,,
LG,"LG UHD 65'', Serie UT8000 2024, 65UT80006LA, Smart TV 4K, Ultra HD, Processore α5 Gen7, 20W, 3 HDMI, HDR10 Pro, Filmmaker ...",https://www.amazon.it/dp/B0CZPB5YTT,65.0,839.16,839.16,EUR,839.16,Amazon,IT,2026-08-16T04:52:12Z,B0CZPB5YTT,,,,,
LG,"LG Smart TV 50UR78003LK.AEU 4K Ultra HD 50"" HDR HDR10",https://www.amazon.it/dp/B0CL3GRLGW,50.0,,,,,Amazon,IT,2026-08-16T04:52:12Z,B0CL3GRLGW,,,,,
LG,"LG 32Lq630B6La Smart Tv 32 Pollici Hd Ready, Tv Led 2022 Con Processore Α5 Gen 5 Con Ai, Webos 22, Hdr, Wi-Fi, Google Stad...",https://www.amazon.it/dp/B09TBJS3D1,32.0,,,,,Amazon,IT,2026-08-16T04:52:12Z,B09TBJS3D1,,,,,
LG,"LG OLED48G56LS - TV 48 Pollici, Smart TV, OLED, DVB-T2, Wi-Fi, HEVC/H.265, Classe energetica F",https://www.amazon.it/dp/B0FFH16KMX,48.0,947.83,947.83,EUR,947.83,Amazon,IT,2026-08-16T04:52:12Z,B0FFH16KMX,,,,,
LG,"LG QNED 43'', Serie 80 2024, 43QNED80T6A, Smart TV 4K, Processore α5 Gen7, Design slim, 20W, 3 HDMI, Filmmaker Mode, Game ...",https://www.amazon.it/dp/B0CZP8BDN9,43.0,,,,,Amazon,IT,2026-08-16T04:52:12Z,B0CZP8BDN9,,,,,
LG,"LG OLED evo 42'', Smart TV 4K, OLED42C34LA, Serie C3 2023, Processore α9 Gen6, OLED Dynamic Tone Mapping Pro, Dolby Visio...",https://www.amazon.it/dp/B0BXXYSHPK,42.0,,,,,Amazon,IT,2026-08-16T04:52:12Z,B0BXXYSHPK,,,,,
LG,"LG 60UM71007LB televisore 152,4 cm (60"") 4K Ultra HD Smart TV Wi-Fi Nero",https://www.amazon.it/dp/B07PY5BFHL,60.0,869.0,869.0,EUR,869.0,Amazon,IT,2026-08-16T04:52:12Z,B07PY5BFHL,,,,,
LG,"LG 50UA74006LB - TV 50 Pollici, Smart TV, DVB-T2, HEVC/H.265, 4K, LED, Classe energetica F",https://www.amazon.it/dp/B0G1ZB1LY3,50.0,328.84,328.84,EUR,328.84,Amazon,IT,2026-08-16T04:52:12Z,B0G1ZB1LY3,,,,,
LG,"LG 65UA75006LA - TV 65 Pollici, Smart TV, 4K, LED, DVB-T2, HEVC/H.265, Classe energetica F",https://www.amazon.it/dp/B0FQP7ZSS4,65.0,549.0,549.0,EUR,549.0,Amazon,IT,2026-08-16T04:52:12Z,B0FQP7ZSS4,,,,,
LG,LG Smart TV 55 Pollici 4K Ultra HD Display NanoCell Sistema WebOS Processore a7 Gen8 Classe G colore Nero - 55NANO81A6A.API,https://www.amazon.it/dp/B0FFGZZTMH,55.0,427.9,427.9,EUR,427.9,Amazon,IT,2026-08-16T04:52:12Z,B0FFGZZTMH,,,,,
LG,"LG OLED evo 55'', Serie C4 2024, OLED55C46LA, Smart TV 4K, Processore α9 Gen7, Brightness Booster, 40W, Dolby Vision, 4 HD...",https://www.amazon.it/dp/B0CZP8VJSC,55.0,1499.0,1499.0,EUR,1499.0,Amazon,IT,2026-08-16T04:52:12Z,B0CZP8VJSC,,,,,
LG,"LG TV LED 50"" 50UR78G Ultra HD 4K Smart TV WiFi DVB-T2 WEBOS",https://www.amazon.it/dp/B0G4VXLHJW,50.0,335.29,335.29,EUR,335.29,Amazon,IT,2026-08-16T04:52:12Z,B0G4VXLHJW,,,,,
LG,LG 43QNED70B6C - Smart Tv 43 Pollici 4K 3840 x 2160 Pixel QNED DVB-T2 Wifi HEVC/H.265 Classe Energetica F,https://www.amazon.it/dp/B0H3717ZS4,43.0,,,,,Amazon,IT,2026-08-16T04:52:12Z,B0H3717ZS4,,,,,
LG,LG Smart TV 50 Pollici 4K Ultra HD Display QNED evo Sistema WebOS Processore a7 Gen8 Classe F colore Nero - 50QNED86A6C.API,https://www.amazon.it/dp/B0FFGZB9CV,50.0,575.13,575.13,EUR,575.13,Amazon,IT,2026-08-16T04:52:12Z,B0FFGZB9CV,,,,,
LG,"LG 32LM6370PLA Smart TV 32"" Full HD, TV LED Serie LM63 con Dolby Audio, Dolby Digital, Processore Quad Core, Wi-Fi, Audio ...",https://www.amazon.it/dp/B08Z4BD8X9,32.0,,,,,Amazon,IT,2026-08-16T04:52:12Z,B08Z4BD8X9,,,,,
LG,"LG 43UP75006LF Smart TV LED 4K Ultra HD 43” 2021 con Processore Quad Core 4K, Wi-Fi, webOS 6.0, FILMMAKER MODE, Game Optim...",https://www.amazon.it/dp/B094N5LB79,43.0,499.0,499.0,EUR,499.0,Amazon,IT,2026-08-16T04:52:12Z,B094N5LB79,,,,,
LG,"LG TVC 43"" UHD Smart",https://www.amazon.it/dp/B0FPCSCWYT,43.0,,,,,Amazon,IT,2026-08-16T04:52:12Z,B0FPCSCWYT,,,,,
LG,"TV LG 43NANO763QA 43"" (109 CM), SMART TV, WEBOS, 4K HDR NANOCELL",https://www.amazon.it/dp/B0B8JSPDWX,43.0,350.0,350.0,EUR,350.0,Amazon,IT,2026-08-16T04:52:12Z,B0B8JSPDWX,,,,,
LG,"LG 43UP751C0ZF.AEU Televisor 109,2 cm (43"") 4K Ultra HD Smart TV Wifi Negro, Plata",https://www.amazon.it/dp/B09N7NDZXR,43.0,499.0,499.0,EUR,499.0,Amazon,IT,2026-08-16T04:52:12Z,B09N7NDZXR,,,,,
LG,"LG TV LED Ultra HD 4K 49"" 49UN74006LB. API Smart TV WebOS",https://www.amazon.it/dp/B08C7ZFQF3,49.0,649.0,649.0,EUR,649.0,Amazon,IT,2026-08-16T04:52:12Z,B08C7ZFQF3,,,,,
LG,"LG 43UM7390 109,2 cm (43"") 4K Ultra HD Smart TV Wi-Fi [Bianco]",https://www.amazon.it/dp/B07PZD8LKN,43.0,569.0,569.0,EUR,569.0,Amazon,IT,2026-08-16T04:52:12Z,B07PZD8LKN,,,,,
LG,"LG 43UK6400 Televisore 43"" 4K Ultra Hd Smart Tv Wi-Fi Nero, 109.2 cm",https://www.amazon.it/dp/B07B4KQB55,43.0,540.0,540.0,EUR,540.0,Amazon,IT,2026-08-16T04:52:12Z,B07B4KQB55,,,,,
LG,"LG OLED48A16LA Smart TV 4K 48"", TV OLED Serie A1 2021, Processore α7 Gen4, Dolby Vision IQ, Wi-Fi, webOS 6.0, FILMMAKER MO...",https://www.amazon.it/dp/B08WQ7STJF,48.0,1143.68,1143.68,EUR,1143.68,Amazon,IT,2026-08-16T04:52:12Z,B08WQ7STJF,,,,,
LG,"LG 50UK6470PLC televisore 127 cm (50"") 4K Ultra HD Smart TV Wi-Fi Nero",https://www.amazon.it/dp/B07CLG55ZK,50.0,660.0,660.0,EUR,660.0,Amazon,IT,2026-08-16T04:52:12Z,B07CLG55ZK,,,,,
LG,"LG 43UQ75006LF Smart TV 4K 43"" TV Ultra HD Serie UQ75 2022, Processore α5 Gen 5, Filmmaker Mode, Game Optimizer, Wi-Fi, Co...",https://www.amazon.it/dp/B09TBGDKYK,43.0,309.0,309.0,EUR,309.0,Amazon,IT,2026-08-16T04:52:12Z,B09TBGDKYK,,,,,
Panasonic,"Panasonic TB-50W60AEZ, Serie W60 50 inch 4K Ultra HD LED Smart TV, 2024, TiVo, Colour Engine 4K, Dolby Vision e Atmos, Gam...",https://www.amazon.it/dp/B0D9K5NVPR,50.0,425.48,425.48,EUR,425.48,Amazon,IT,2026-08-16T04:52:12Z,B0D9K5NVPR,,,,,
LG,"LG 55UJ6307 televisore 139,7 cm (55"") 4K Ultra HD Smart TV Wi-Fi Nero",https://www.amazon.it/dp/B072HQHBW4,55.0,588.0,588.0,EUR,588.0,Amazon,IT,2026-08-16T04:52:12Z,B072HQHBW4,,,,,
LG,"LG 55UM71007LB televisore 139,7 cm (55"") 4K Ultra HD Smart TV Wi-Fi Nero",https://www.amazon.it/dp/B07PMMSKJG,55.0,619.0,619.0,EUR,619.0,Amazon,IT,2026-08-16T04:52:12Z,B07PMMSKJG,,,,,
LG,"LG 55UK6300MLB televisore 139,7 cm (55"") 4K Ultra HD Smart TV Wi-Fi Nero",https://www.amazon.it/dp/B07C4XV9GB,55.0,599.0,599.0,EUR,599.0,Amazon,IT,2026-08-16T04:52:12Z,B07C4XV9GB,,,,,
LG,"Tv LG Televisore 43Lk5100Pla 43"" Full Hd Virtual Surround Led",https://www.amazon.it/dp/B07C32PX95,43.0,480.0,480.0,EUR,480.0,Amazon,IT,2026-08-16T04:52:12Z,B07C32PX95,,,,,
LG,"LG TVC 55"" UHD T2/S2",https://www.amazon.it/dp/B08PBZDL77,55.0,581.0,581.0,EUR,581.0,Amazon,IT,2026-08-16T04:52:12Z,B08PBZDL77,,,,,
LG,"LG NanoCell 43NANO766QA Smart TV 4K 43"" NANO76 Series 2022 Series α5 Gen 5 Processor, Filmmaker Mode, Game Optimizer, Wi-F...",https://www.amazon.it/dp/B09TBJHBQN,43.0,569.0,569.0,EUR,569.0,Amazon,IT,2026-08-16T04:52:12Z,B09TBJHBQN,,,,,
LG,"LG 55UJ620V 55"" 4K Ultra HD Smart TV Wi-Fi Black LED TV, 55'', 3840 x 2160 Pixels, LED, Wi-Fi, Nero",https://www.amazon.it/dp/B075TWZMZM,55.0,619.0,619.0,EUR,619.0,Amazon,IT,2026-08-16T04:52:12Z,B075TWZMZM,,,,,
LG,"LG 55UQ75006LF Smart TV 4K 55"" TV Ultra HD Serie UQ75 2022, Processore α5 Gen 5, Filmmaker Mode, Game Optimizer, Wi-Fi, Co...",https://www.amazon.it/dp/B09TBK27QK,55.0,619.0,619.0,EUR,619.0,Amazon,IT,2026-08-16T04:52:12Z,B09TBK27QK,,,,,
LG,"LG 65QNED70A6A - TV 65 Pollici, Smart TV, 4K, QNED, DVB-T2, HEVC/H.265, Classe energetica F",https://www.amazon.it/dp/B0FQPD1QWT,65.0,657.99,657.99,EUR,657.99,Amazon,IT,2026-08-16T04:52:12Z,B0FQPD1QWT,,,,,
LG,"LG 43LM6300 109,2 cm (43"") Full HD Smart TV Wi-Fi Nero",https://www.amazon.it/dp/B07R1DJGHV,43.0,348.9,348.9,EUR,348.9,Amazon,IT,2026-08-16T04:52:12Z,B07R1DJGHV,,,,,
LG,"LG 32LK500BPLA 32"" HD Black LED TV - LED TVs (80 cm / 32""), 1366 x 768 pixels, HD, LED, DVB-C,DVB-S2,DVB-T2, Nero",https://www.amazon.it/dp/B07DW8B83S,32.0,299.0,299.0,EUR,299.0,Amazon,IT,2026-08-16T04:52:12Z,B07DW8B83S,,,,,
LG,"LG 43UM7100PLB Smart TV LED 4K AI Ultra HD da 43"", Active HDR, Google Assistant e Alexa Integrati, Pannello IPS, Modello 2019",https://www.amazon.it/dp/B07RBNLL6V,43.0,,,,,Amazon,IT,2026-08-16T04:52:12Z,B07RBNLL6V,,,,,
LG,"LG NanoCell 55NANO766QA Smart TV 4K 55"" NANO76 Series 2022, α5 Gen 5 Processor, Filmmaker Mode, Game Optimizer, Wi-Fi, AI ...",https://www.amazon.it/dp/B09TBJD7S1,55.0,719.0,719.0,EUR,719.0,Amazon,IT,2026-08-16T04:52:12Z,B09TBJD7S1,,,,,
LG,"LG QNED 55', Smart TV 4K, 55QNED816RE, Serie QNED81 2023, Processore α7 Gen6, Design ultra slim, Base regolabile, AI Pictu...",https://www.amazon.it/dp/B0BZD9475B,55.0,,,,,Amazon,IT,2026-08-16T04:52:12Z,B0BZD9475B,,,,,
LG,"LG 43UQ75009LF 109cm 43"""" 4K LED Smart TV Fernseher",https://www.amazon.it/dp/B09RQ36JLS,43.0,529.0,529.0,EUR,529.0,Amazon,IT,2026-08-16T04:52:12Z,B09RQ36JLS,,,,,
LG,LG 55UP78006LB 55 '' Ultra HD 4K Smart HDR webOS,https://www.amazon.it/dp/B096TFPZRH,55.0,760.0,760.0,EUR,760.0,Amazon,IT,2026-08-16T04:52:12Z,B096TFPZRH,,,,,
LG,"LG 43LK5900PLA 43"" Full HD Smart TV Wi-Fi Nero",https://www.amazon.it/dp/B07DW6PLFK,43.0,519.0,519.0,EUR,519.0,Amazon,IT,2026-08-16T04:52:12Z,B07DW6PLFK,,,,,
LG,"LG - 65QNED86T6A - Smart TV 65 pollici (165 cm), 4K, QNED, DVB-T2, HEVC, Blu",https://www.amazon.it/dp/B0DJT4DWDG,65.0,1056.0,1056.0,EUR,1056.0,Amazon,IT,2026-08-16T04:52:12Z,B0DJT4DWDG,,,,,
LG,"LG 32LK6100PLB 32"" FULL HD SMART TV WIFI LED",https://www.amazon.it/dp/B07DW8GN9D,32.0,399.0,399.0,EUR,399.0,Amazon,IT,2026-08-16T04:52:12Z,B07DW8GN9D,,,,,
LG,"LG UHD TV 55UN71006LB.APID, Smart TV 55'', LED 4K IPS Display, Versione 2020",https://www.amazon.it/dp/B0857SFSFH,55.0,639.8,639.8,EUR,639.8,Amazon,IT,2026-08-16T04:52:12Z,B0857SFSFH,,,,,
LG,LG OLED 55 POLLICI MOD 55B8PLA,https://www.amazon.it/dp/B07F41865R,55.0,,,,,Amazon,IT,2026-08-16T04:52:12Z,B07F41865R,,,,,
LG,"LG 32LK610B 32"" HD Smart TV Wi-Fi Black, Grey LED TV - LED TVs (81.3 cm (32""), 1366 x 768 pixels, LED, Smart TV, Wi-Fi, Bl...",https://www.amazon.it/dp/B07CL91ZBN,32.0,310.0,310.0,EUR,310.0,Amazon,IT,2026-08-16T04:52:12Z,B07CL91ZBN,,,,,
LG,"Lg 75NANO906NA - TV NanoCell Smart 75"" (190.5 cm), 4K, DVB-T2, Wifi (Ricondizionato)",https://www.amazon.it/dp/B0BTVYSSK4,75.0,766.0,766.0,EUR,766.0,Amazon,IT,2026-08-16T04:52:12Z,B0BTVYSSK4,,,,,
LG,"LG TV LED 4K AI Ultra HD,43UM7400, Smart TV 43"", 4K Active HDR",https://www.amazon.it/dp/B07R4BQPJT,43.0,559.0,559.0,EUR,559.0,Amazon,IT,2026-08-16T04:52:12Z,B07R4BQPJT,,,,,
LG,"LG 32LJ510U TV Led 32"" HD Ready DVB/T2/S2 Eu",https://www.amazon.it/dp/B074KHNVK6,32.0,299.0,299.0,EUR,299.0,Amazon,IT,2026-08-16T04:52:12Z,B074KHNVK6,,,,,
LG,"LG 55UQ75003LF 55"" (139 cm). Smart TV. WebOS. 4K UHD OLED. 3840 Ã— 2160. Wi-Fi. DVB-T/T2/C/S/S2",https://www.amazon.it/dp/B0BH16TBBH,55.0,750.0,750.0,EUR,750.0,Amazon,IT,2026-08-16T04:52:12Z,B0BH16TBBH,,,,,
LG,"LG 65UQ75006LF Smart TV 4K 65"" TV Ultra HD Serie UQ75 2022, Processore α5 Gen 5, Filmmaker Mode, Game Optimizer, Wi-Fi, Co...",https://www.amazon.it/dp/B09TBGJB1K,65.0,899.0,899.0,EUR,899.0,Amazon,IT,2026-08-16T04:52:12Z,B09TBGJB1K,,,,,
LG,"LG 50UQ75006LF Smart TV 4K 50"" TV Ultra HD Serie UQ75 2022, Processore α5 Gen 5, Filmmaker Mode, Game Optimizer, Wi-Fi, Co...",https://www.amazon.it/dp/B09TBJGBJV,50.0,612.0,612.0,EUR,612.0,Amazon,IT,2026-08-16T04:52:12Z,B09TBJGBJV,,,,,
LG,"LG 43UP77006LB Smart TV LED 4K Ultra HD 43” 2021 con Processore Quad Core 4K, Wi-Fi, webOS 6.0, FILMMAKER MODE, Game Optim...",https://www.amazon.it/dp/B08WPYGKQM,43.0,449.0,449.0,EUR,449.0,Amazon,IT,2026-08-16T04:52:12Z,B08WPYGKQM,,,,,
LG,"LG 32LJ610V 32"" LED FULL HD SMART TV WI-FI GARANZIA EUROPA",https://www.amazon.it/dp/B06XPQVXX2,32.0,419.0,419.0,EUR,419.0,Amazon,IT,2026-08-16T04:52:12Z,B06XPQVXX2,,,,,
LG,"LG 65UP75006LF Smart TV LED 4K Ultra HD 65” 2021 con Processore Quad Core 4K, Wi-Fi, webOS 6.0, FILMMAKER MODE, Game Optim...",https://www.amazon.it/dp/B08WPQN69W,65.0,898.0,898.0,EUR,898.0,Amazon,IT,2026-08-16T04:52:12Z,B08WPQN69W,,,,,
LG,"LG OLED AI ThinQ 55B8 Smart TV 55'' 4K Cinema Vision, HDR, Dolby Atmos, 2018",https://www.amazon.it/dp/B07CL963W6,55.0,1199.99,1199.99,EUR,1199.99,Amazon,IT,2026-08-16T04:52:12Z,B07CL963W6,,,,,
LG,"LG 49UJ634V 49"" LED ULTRA HD 4K SMART TV DVB-T2/C/S2 3xHDMI 2xUSB COLORE NERO GARANZIA ITALIA",https://www.amazon.it/dp/B071YDXJ58,49.0,610.0,610.0,EUR,610.0,Amazon,IT,2026-08-16T04:52:12Z,B071YDXJ58,,,,,
LG,"LG OLED Evo OLED55C34LA 55""",https://www.amazon.it/dp/B0C5N6F2QM,55.0,1399.0,1399.0,EUR,1399.0,Amazon,IT,2026-08-16T04:52:12Z,B0C5N6F2QM,,,,,
LG,"LG 49UK6300 127 cm (50"") 4K Ultra HD Smart TV Wi-Fi Nero, Grigio",https://www.amazon.it/dp/B07B4KQB54,50.0,599.0,599.0,EUR,599.0,Amazon,IT,2026-08-16T04:52:12Z,B07B4KQB54,,,,,
LG,"LG TV 43"" UHD Smart HDR 10 * MR20 DVB-C/S2/T2 HD WiFi DLNA HLG PRO",https://www.amazon.it/dp/B08L943B9V,43.0,470.0,470.0,EUR,470.0,Amazon,IT,2026-08-16T04:52:12Z,B08L943B9V,,,,,
LG,"LG TVC 65"" UHD SMART",https://www.amazon.it/dp/B0CLRPXYK3,65.0,918.0,918.0,EUR,918.0,Amazon,IT,2026-08-16T04:52:12Z,B0CLRPXYK3,,,,,
LG,"LG Tv Uk6470 da 43"" Ultra Hd . Smart Tv - 4K - Active Hdr - Hevc - Wifi - Bluetooth - Serie 2018 [Esclusiva Amazon.It]",https://www.amazon.it/dp/B07CL3B53K,43.0,590.0,590.0,EUR,590.0,Amazon,IT,2026-08-16T04:52:12Z,B07CL3B53K,,,,,
LG,"LG 50"" UHD 50UQ75003LF TV 127 cm 4K Ultra HD Smart TV Wi-Fi Nero",https://www.amazon.it/dp/B0BL7B8SXF,50.0,599.0,599.0,EUR,599.0,Amazon,IT,2026-08-16T04:52:12Z,B0BL7B8SXF,,,,,
LG,"LG 43UM7600 109,2 cm (43"") 4K Ultra HD Smart TV Wi-Fi Argento",https://www.amazon.it/dp/B07QQH5P3B,43.0,599.0,599.0,EUR,599.0,Amazon,IT,2026-08-16T04:52:12Z,B07QQH5P3B,,,,,
LG,"LG 55QNED80A6A - TV 55 Pollici, 4K, Smart TV, DVB-T2, Wi-Fi, HEVC/H.265, Classe energetica E",https://www.amazon.it/dp/B0FFH1PYHB,55.0,,,,,Amazon,IT,2026-08-16T04:52:12Z,B0FFH1PYHB,,,,,
LG,"LG 32LK6200PLA FullHD Smart Tv Wi-Fi LED TV - (81.3 cm (32"") 1920x1080",https://www.amazon.it/dp/B07B4F8WC6,32.0,,,,,Amazon,IT,2026-08-16T04:52:12Z,B07B4F8WC6,,,,,
LG,"LG TELEVISION 32"" 32LM6370PLA FHD HDR SMART TV THINQ IA",https://www.amazon.it/dp/B08VWQ2MVC,32.0,,,,,Amazon,IT,2026-08-16T04:52:12Z,B08VWQ2MVC,,,,,
LG,"Lg 43UN73006LC - Smart TV 43"" (109.2 cm), 4K, LED, DVB-T2, Wifi",https://www.amazon.it/dp/B08BCRP8C8,43.0,,,,,Amazon,IT,2026-08-16T04:52:12Z,B08BCRP8C8,,,,,
Samsung,"Samsung OLED 4K Vision AI Smart TV 83'' QE83S94FAEXZT, NQ4 AI Gen3 Processor, 4K AI Upscaling Pro, Motion Xcelerator 144H...",https://www.amazon.it/dp/B0F4T3NF1J,83.0,2499.0,2499.0,EUR,2499.0,Amazon,IT,2026-08-16T04:52:12Z,B0F4T3NF1J,,,,,
LG,"Lg 32Lk6100Plb 32"" Full Hd Smart TVwi-Fi",https://www.amazon.it/dp/B07CJRJK1V,32.0,,,,,Amazon,IT,2026-08-16T04:52:12Z,B07CJRJK1V,,,,,
LG,"LG Micro RGB 100 Pollici, Serie MRGB96 2026 Smart TV 4K - 100MRGB96B6 | TriColor 100% BT2020/DCI-P3/Adobe RGB, Micro Dimmi...",https://www.amazon.it/dp/B0GWMVWP83,100.0,12999.0,12999.0,EUR,12999.0,Amazon,IT,2026-08-16T04:52:12Z,B0GWMVWP83,,,,,
LG,"LG 75QNED80T6A - Smart TV 75 Pollici (190,5 cm), 4K, 3840 x 2160 Pixel, DVB-T2, HEVC, Blu",https://www.amazon.it/dp/B0DK3JFC8Y,75.0,,,,,Amazon,IT,2026-08-16T04:52:12Z,B0DK3JFC8Y,,,,,
LG,"LG UHD 43'', Smart TV 4K, 43UR80006LJ, Serie UR80 2023, Processore α5 Gen6, HDR10 Pro, Filmmaker Mode, Game Optimizer, Wi-...",https://www.amazon.it/dp/B0BZDBHR7D,43.0,,,,,Amazon,IT,2026-08-16T04:52:12Z,B0BZDBHR7D,,,,,
LG,"TV LED 43"" LG 43LM6370 FULL HD SMART TV EUROPA BLACK",https://www.amazon.it/dp/B094NYZ1XD,43.0,,,,,Amazon,IT,2026-08-16T04:52:12Z,B094NYZ1XD,,,,,
TCL,"TCL 55V6C – Smart TV 4K HDR Direct LED da 55"", Google TV con Dolby Audio | Game Master, Motion Clarity, Google Assistant, ...",https://www.amazon.it/dp/B0DV94JCVX,55.0,329.9,329.9,EUR,329.9,Amazon,IT,2026-08-16T04:52:12Z,B0DV94JCVX,,,,,
TCL,"TCL 43SF560 – Smart TV Full HD QLED HDR da 43"", Fire TV | Press & Ask Alexa, Metallic Bezel-Less Design",https://www.amazon.it/dp/B0F9PQTM25,43.0,199.0,199.0,EUR,199.0,Amazon,IT,2026-08-16T04:52:12Z,B0F9PQTM25,,,,,
TCL,"TCL 65V6C – Smart TV 4K HDR Direct LED da 65"", Google TV con Dolby Audio | Game Master, Motion Clarity, Google Assistant, ...",https://www.amazon.it/dp/B0DV9GHKQ6,65.0,399.9,399.9,EUR,399.9,Amazon,IT,2026-08-16T04:52:12Z,B0DV9GHKQ6,,,,,
TCL,"TCL 65T8C – Smart TV QLED 4K HDR10+ da 65"", pensato per il gaming, 144Hz VRR",https://www.amazon.it/dp/B0DV9LYQJ1,65.0,479.9,479.9,EUR,479.9,Amazon,IT,2026-08-16T04:52:12Z,B0DV9LYQJ1,,,,,
TCL,"TCL 43T6C – Smart TV QLED 4K HDR10+ da 43"", Fire TV con Dolby Atmos | Game Mast, VRR, Dolby Vision, Motion Clarity, Press...",https://www.amazon.it/dp/B0DW98NN53,43.0,267.0,267.0,EUR,267.0,Amazon,IT,2026-08-16T04:52:12Z,B0DW98NN53,,,,,
TCL,"TCL 55Q6C – Smart TV QD‑Mini LED 4K HDR10+ da 55"", Google TV | Dolby Vision IQ & Atmos, 144Hz Motion Clarity Pro, Game Mas...",https://www.amazon.it/dp/B0DX185Q23,55.0,499.9,499.9,EUR,499.9,Amazon,IT,2026-08-16T04:52:12Z,B0DX185Q23,,,,,
TCL,"TCL 50Q6C – Smart TV QD‑Mini LED 4K HDR10+ da 50"", Google TV | Dolby Vision IQ & Atmos, 144Hz Motion Clarity Pro, Game Mas...",https://www.amazon.it/dp/B0FD9VF12V,50.0,449.0,449.0,EUR,449.0,Amazon,IT,2026-08-16T04:52:12Z,B0FD9VF12V,,,,,
TCL,"TCL 55P6K – Smart TV 4K HDR Direct LED da 55"", Google TV con Dolby Audio | Motion Clarity, Google Assistant, Compatible wi...",https://www.amazon.it/dp/B0F7RVDMKF,55.0,329.9,329.9,EUR,329.9,Amazon,IT,2026-08-16T04:52:12Z,B0F7RVDMKF,,,,,
TCL,"TCL 75C8L – Smart TV SQD‑Mini LED 4K HDR10+ da 75"", 5.500nit | 2,584 Dimming Zones, Dolby Vision IQ & Atmos, 144Hz, ZeroBo...",https://www.amazon.it/dp/B0GTZSYZLM,75.0,1549.0,1549.0,EUR,1549.0,Amazon,IT,2026-08-16T04:52:12Z,B0GTZSYZLM,,,,,
TCL,"TCL 32V5D – Smart TV QLED Full HD HDR da 32"" con Fire TV | Direct LED, Apple AirPlay 2, Press & Ask Alexa, Metallic Bezel-...",https://www.amazon.it/dp/B0GYSZDBNH,32.0,219.9,219.9,EUR,219.9,Amazon,IT,2026-08-16T04:52:12Z,B0GYSZDBNH,,,,,
TCL,"TCL 75V6C – Smart TV 4K HDR Direct LED da 75"", Google TV con Dolby Audio | Game Master, Motion Clarity, Google Assistant, ...",https://www.amazon.it/dp/B0DV9L8KLJ,75.0,549.9,549.9,EUR,549.9,Amazon,IT,2026-08-16T04:52:12Z,B0DV9L8KLJ,,,,,
TCL,"TCL 50Q7C – Smart TV QD‑Mini LED 4K HDR10+ da 50"", 2.000nit | Dolby Vision IQ & Atmos, HVA Panel, 144Hz Motion Clarity Pr...",https://www.amazon.it/dp/B0F38D74ZD,50.0,499.9,499.9,EUR,499.9,Amazon,IT,2026-08-16T04:52:12Z,B0F38D74ZD,,,,,
TCL,"TCL 75Q6C – Smart TV QD‑Mini LED 4K HDR10+ da 75"", Google TV | Dolby Vision IQ & Atmos, 144Hz Motion Clarity Pro, Game Mas...",https://www.amazon.it/dp/B0DXQ48PD9,75.0,849.9,849.9,EUR,849.9,Amazon,IT,2026-08-16T04:52:12Z,B0DXQ48PD9,,,,,
TCL,"TCL 65P8K – Smart TV QLED 4K HDR10+ da 65"", Google TV con audio Onkyo 2.1 | FreeSync, Dolby Vision & Atmos, 144Hz Motion C...",https://www.amazon.it/dp/B0F8J37SQ5,65.0,479.9,479.9,EUR,479.9,Amazon,IT,2026-08-16T04:52:12Z,B0F8J37SQ5,,,,,
TCL,"TCL 75T8C – Smart TV QLED 4K HDR10+ da 75"", pensato per il gaming, 144Hz VRR",https://www.amazon.it/dp/B0DV9L71QL,75.0,624.0,624.0,EUR,624.0,Amazon,IT,2026-08-16T04:52:12Z,B0DV9L71QL,,,,,
TCL,"TCL S54 Series 32S5400A TV 81,3 cm (32"") HD Smart TV WiFi Nero",https://www.amazon.it/dp/B0CL9YSFJK,32.0,138.99,138.99,EUR,138.99,Amazon,IT,2026-08-16T04:52:12Z,B0CL9YSFJK,,,,,
TCL,"TCL 43V5C – Smart TV Full HD QLED HDR da 43"", Android TV | Google Cast, Compatible with Google Home, Slim Design",https://www.amazon.it/dp/B0F3XM86GV,43.0,305.26,305.26,EUR,305.26,Amazon,IT,2026-08-16T04:52:12Z,B0F3XM86GV,,,,,
TCL,"TCL P79K Serie Smart TV QLED 4K 55"" 55P79K, Dolby Vision - Atmos, HDR10+, Google TV",https://www.amazon.it/dp/B0F9TF6MQZ,55.0,315.0,315.0,EUR,315.0,Amazon,IT,2026-08-16T04:52:12Z,B0F9TF6MQZ,,,,,
TCL,"TCL 32L5A, TV da 32 pollici, FHD, smart TV HDR supportata su Android TV (modalità bambino, Dolby Audio, compatibile con Go...",https://www.amazon.it/dp/B0CXF2QTRF,32.0,,,,,Amazon,IT,2026-08-16T04:52:12Z,B0CXF2QTRF,,,,,
Xiaomi,"XIAOMI TV F 65, 65 pollici (165 cm),4K UHD,Smart TV, Fire TV,Triple Tuner DVB-C/S/S2/T/T2, HDR10,MEMC, Modalità Game Boost...",https://www.amazon.it/dp/B0F457MQCQ,65.0,399.0,399.0,EUR,399.0,Amazon,IT,2026-08-16T04:52:12Z,B0F457MQCQ,,,,,
TCL,"TCL 75Q8C – Smart TV QD‑Mini LED 4K HDR10+ da 75"", 4.500nit, ZeroBorder | Dolby Vision IQ & Atmos, CrystGlow WHVA Panel, 1...",https://www.amazon.it/dp/B0F9WSGDLW,75.0,1399.9,1399.9,EUR,1399.9,Amazon,IT,2026-08-16T04:52:12Z,B0F9WSGDLW,,,,,
TCL,"TCL 75A400 – Smart TV QLED 4K HDR10+ da 75"", design piatto e sottile | HVA Panel, Dolby Vision & Atmos, Onkyo 2.0 Sound, 1...",https://www.amazon.it/dp/B0GYPJP1KL,75.0,787.12,787.12,EUR,787.12,Amazon,IT,2026-08-16T04:52:12Z,B0GYPJP1KL,,,,,
TCL,"TCL 32S5L - Tv 32 Pollici Smart Tv Full HD DVB-T2 H.264, H.265 Nero Classe Energetica F",https://www.amazon.it/dp/B0H2JF9P45,32.0,231.63,231.63,EUR,231.63,Amazon,IT,2026-08-16T04:52:12Z,B0H2JF9P45,,,,,
TCL,"TCL A300 Pro – Smart TV 4K da 55"", TV NXTVISION QLED Pro | Matte Screen, 230W Soundbar & Subwoofer, Dolby Vision IQ, Audio...",https://www.amazon.it/dp/B0F9WFRF4R,55.0,799.9,799.9,EUR,799.9,Amazon,IT,2026-08-16T04:52:12Z,B0F9WFRF4R,,,,,
TCL,"TCL Serie C69K Smart TV QD-MiniLED 4K 65"" 65C69K, 144Hz, audio Onkyo 2.1, Dolby Vision IQ & Atmos, Google TV",https://www.amazon.it/dp/B0F9TDFQ5K,65.0,618.99,618.99,EUR,618.99,Amazon,IT,2026-08-16T04:52:12Z,B0F9TDFQ5K,,,,,
TCL,"TCL 75C61KS – Smart TV QD‑Mini LED 4K HDR10+ da 75"", Google TV | Game Master, Dolby Vision & Atmos, Onkyo 2.1 Sound, Apple...",https://www.amazon.it/dp/B0F445XG4G,75.0,799.9,799.9,EUR,799.9,Amazon,IT,2026-08-16T04:52:12Z,B0F445XG4G,,,,,
TCL,"TCL 43T69C – Smart TV QLED 4K HDR10+ da 43"", Google TV con Dolby Atmos | Game Mast, Dolby Vision, Motion Clarity, Google A...",https://www.amazon.it/dp/B0F8QFTXW9,43.0,279.0,279.0,EUR,279.0,Amazon,IT,2026-08-16T04:52:12Z,B0F8QFTXW9,,,,,
TCL,"TCL 43V6C – Smart TV 4K HDR Direct LED da 43"", Google TV con Dolby Audio | Game Master, Motion Clarity, Google Assistant, ...",https://www.amazon.it/dp/B0DV9HJTTK,43.0,,,,,Amazon,IT,2026-08-16T04:52:12Z,B0DV9HJTTK,,,,,
TCL,"TCL 43P7K 43” QLED 4K HDR TV, Google TV, Smart TV(Dolby Vision & Atmos, Game Master, Motion clarity) | Dolby Vision & Atmo...",https://www.amazon.it/dp/B0F8VZHXJM,43.0,,,,,Amazon,IT,2026-08-16T04:52:12Z,B0F8VZHXJM,,,,,
TCL,"TCL 32V5C – Smart TV Full HD QLED HDR da 32"", Android TV | Google Cast, Compatible with Google Home, Slim Design",https://www.amazon.it/dp/B0F3XMZWRX,32.0,,,,,Amazon,IT,2026-08-16T04:52:12Z,B0F3XMZWRX,,,,,
TCL,"TCL Serie C69K Smart TV QD-MiniLED 4K 55"" 55C69K, 144Hz, audio Onkyo 2.1, Dolby Vision IQ & Atmos, Google TV",https://www.amazon.it/dp/B0F7XPY5FF,55.0,498.29,498.29,EUR,498.29,Amazon,IT,2026-08-16T04:52:12Z,B0F7XPY5FF,,,,,
TCL,Televisore TCL 43P69K - Display 43 pollici Led UHD 4K - 3840x2160 ULTRA-HD - HDR10 - DVB-T2/C - Slot,https://www.amazon.it/dp/B0FRFYWPC5,43.0,,,,,Amazon,IT,2026-08-16T04:52:12Z,B0FRFYWPC5,,,,,
TCL,"TCL TELEVISORE 32"" POLLICI SMART TV 32S59K QLED, FHD, DOLBY AUDIO, HEVC MAIN 10, DVB-T2",https://www.amazon.it/dp/B0FDQ9PW4J,32.0,,,,,Amazon,IT,2026-08-16T04:52:12Z,B0FDQ9PW4J,,,,,
TCL,"TCL 50C7K – Smart TV QD‑Mini LED 4K HDR10+ da 50"", 2.600nit | Dolby Vision IQ & Atmos, HVA Panel, 144Hz Motion Clarity Pr...",https://www.amazon.it/dp/B0F5BSJ83Z,50.0,,,,,Amazon,IT,2026-08-16T04:52:12Z,B0F5BSJ83Z,,,,,
TCL,TCL 43P79K Google TV QLED 43 Pollici UltraHD 4K DVBT2-S2,https://www.amazon.it/dp/B0F9XCJFY8,43.0,,,,,Amazon,IT,2026-08-16T04:52:12Z,B0F9XCJFY8,,,,,
TCL,"TCL 43P61B 43"" LED UltraHD 4K HDR Google TV",https://www.amazon.it/dp/B0DGQ9WM15,43.0,262.68,262.68,EUR,262.68,Amazon,IT,2026-08-16T04:52:12Z,B0DGQ9WM15,,,,,
TCL,"TCL 75C6K Pro - Smart TV QD‑Mini LED 4K HDR10+ da 75"", 1.000nit",https://www.amazon.it/dp/B0H2JJST31,75.0,999.0,999.0,EUR,999.0,Amazon,IT,2026-08-16T04:52:12Z,B0H2JJST31,,,,,
TCL,"TCL 75P69K TV LED Direct da 75"", TV HDR 4K, Smart TV con tecnologia Google TV (Dolby Audio, Motion Clarity, compatibile co...",https://www.amazon.it/dp/B0FMRZH4V8,75.0,640.82,640.82,EUR,640.82,Amazon,IT,2026-08-16T04:52:12Z,B0FMRZH4V8,,,,,
TCL,"TCL 65Q10B, TV Mini LED 65”, pannello QLED 144Hz, 4K Ultra HD, Google TV (Dolby Vision & Atmos, audio ONKYO 2.1.2, Control...",https://www.amazon.it/dp/B0CY4ZLYFD,65.0,1620.99,1620.99,EUR,1620.99,Amazon,IT,2026-08-16T04:52:12Z,B0CY4ZLYFD,,,,,
TCL,"TCL 65P79K - TV 65 Pollici, Smart TV, DVB-T2, H.265, Wi-Fi, Classe energetica F",https://www.amazon.it/dp/B0FQQLT73V,65.0,490.49,490.49,EUR,490.49,Amazon,IT,2026-08-16T04:52:12Z,B0FQQLT73V,,,,,
TCL,"TCL 98RM7L – Smart TV RGB‑Mini LED 4K HDR10+ da 98"", 2.000nit | 2,880 Precise Color Zones, Dolby Vision IQ & Atmos, 2.1 On...",https://www.amazon.it/dp/B0GZZYN4VR,98.0,2799.9,2799.9,EUR,2799.9,Amazon,IT,2026-08-16T04:52:12Z,B0GZZYN4VR,,,,,
TCL,"TCL 65C6K Pro - Smart TV QD‑Mini LED 4K HDR10+ da 65"", 1.000nit",https://www.amazon.it/dp/B0H3KML2J6,65.0,,,,,Amazon,IT,2026-08-16T04:52:12Z,B0H3KML2J6,,,,,
TCL,"TCL 75C7L - Smart Tv 75 Pollici 4K LED DVB-T2 H.264, H.265 Wifi Nero Classe Energetica E",https://www.amazon.it/dp/B0GVSSJFDT,75.0,,,,,Amazon,IT,2026-08-16T04:52:12Z,B0GVSSJFDT,,,,,
TCL,"TCL 43T6C 43"" QLED TV 4K HDR, Fire TV (Smart tv con Dolby Vision e Atmos, HDR10+, Premi e Chiedi ad Alexa)",https://www.amazon.it/dp/B0FQNWLPTJ,43.0,365.98,365.98,EUR,365.98,Amazon,IT,2026-08-16T04:52:12Z,B0FQNWLPTJ,,,,,
TCL,"TCL 55Q6C 55"" QD-Mini LED SMART TV, 4K HDR Premium 1000nits, con tecnologia Google TV (Dolby Vision IQ e Atmos, sistema au...",https://www.amazon.it/dp/B0FQP11BY3,55.0,598.88,598.88,EUR,598.88,Amazon,IT,2026-08-16T04:52:12Z,B0FQP11BY3,,,,,
TCL,"TCL 55T6C 55"" QLED TV 4K HDR, FireTV (SmartTV con Dolby Vision e Atmos, HDR10+, Premi e Chiedi ad Alexa)",https://www.amazon.it/dp/B0FC61MRTV,55.0,468.88,468.88,EUR,468.88,Amazon,IT,2026-08-16T04:52:12Z,B0FC61MRTV,,,,,
TCL,"TCL 65T8C TV QLED 4K HDR Ultra HD da 65"", QLED TV con tecnologia Google TV (Dolby Vision e Atmos, Motion Clarity Pro a 144...",https://www.amazon.it/dp/B0FQNWWDX9,65.0,578.88,578.88,EUR,578.88,Amazon,IT,2026-08-16T04:52:12Z,B0FQNWWDX9,,,,,
TCL,"TCL 65T6C 65"" QLED TV 4K HDR, Fire TV (Dolby Vision e Atmos, HDR10+, Premi e Chiedi ad Alexa)",https://www.amazon.it/dp/B0FC5V51WB,65.0,596.98,596.98,EUR,596.98,Amazon,IT,2026-08-16T04:52:12Z,B0FC5V51WB,,,,,
TCL,"TCL 75C7K – Smart TV QD‑Mini LED 4K HDR10+ da 75"", 3.000nit | Dolby Vision IQ & Atmos, CrystGlow HVA Panel, 144Hz Motion C...",https://www.amazon.it/dp/B0F5BP3VXC,75.0,,,,,Amazon,IT,2026-08-16T04:52:12Z,B0F5BP3VXC,,,,,
TCL,TCL 50P61B - Smart TV 50 Pollici 4K Classe F Titanio,https://www.amazon.it/dp/B0DGQ9SC5M,50.0,316.65,316.65,EUR,316.65,Amazon,IT,2026-08-16T04:52:12Z,B0DGQ9SC5M,,,,,
TCL,"TCL Bundle of 75Q7C 75” QLED TV 4K QD-Mini LED, HDR Premium 2000 Soundbar Q65H 5.1 con tecnologie Dolby Atmos e Ray Funzio...",https://www.amazon.it/dp/B0FC5DSKPM,75.0,1399.89,1399.89,EUR,1399.89,Amazon,IT,2026-08-16T04:52:12Z,B0FC5DSKPM,,,,,
TCL,"TCL Bundle of 75Q7C 75” QLED TV 4K QD-Mini LED, HDR Premium 2000, Google TV Sound Bar S55H Nero 40W",https://www.amazon.it/dp/B0FC5K4WCV,75.0,1298.88,1298.88,EUR,1298.88,Amazon,IT,2026-08-16T04:52:12Z,B0FC5K4WCV,,,,,
TCL,"TCL 50Q6C 50"" QD-Mini LED SMART TV, 4K HDR Premium 1000nits, with Google TV Technology (Dolby Vision IQ & Atmos, Onkyo 2.1...",https://www.amazon.it/dp/B0FQNYVVWK,50.0,547.98,547.98,EUR,547.98,Amazon,IT,2026-08-16T04:52:12Z,B0FQNYVVWK,,,,,
TCL,"TCL 85C6K – Smart TV QD‑Mini LED 4K HDR10+ da 85"", Google TV | Matte HVA Panel, Dolby Vision IQ & Atmos, Onkyo 2.1 Sound, ...",https://www.amazon.it/dp/B0FPPZHM5L,85.0,,,,,Amazon,IT,2026-08-16T04:52:12Z,B0FPPZHM5L,,,,,
TCL,"TCL 65Q6C 65"" QD-Mini LED SMART TV, 4K HDR Premium 1000nits, con tecnologia Google TV (Dolby Vision IQ e Atmos, sistema au...",https://www.amazon.it/dp/B0FQNYBYF1,65.0,,,,,Amazon,IT,2026-08-16T04:52:12Z,B0FQNYBYF1,,,,,
TCL,"TCL 75T8C TV QLED 4K HDR Ultra HD da 75"", QLED TV con tecnologia Google TV (Dolby Vision e Atmos, Motion Clarity Pro a 144...",https://www.amazon.it/dp/B0FQNZXJFG,75.0,722.98,722.98,EUR,722.98,Amazon,IT,2026-08-16T04:52:12Z,B0FQNZXJFG,,,,,
TCL,"TCL 75T6C 75"" QLED TV 4K HDR, Fire TV (Smart tv con Dolby Vision e Atmos, HDR10+, Premi e Chiedi ad Alexa)",https://www.amazon.it/dp/B0FQP2GDZ8,75.0,696.98,696.98,EUR,696.98,Amazon,IT,2026-08-16T04:52:12Z,B0FQP2GDZ8,,,,,
TCL,"TCL 65C69KS - 65 Pollici, Smart TV, 4K, Wi-Fi, QD-Mini LED, DVB-T2, H.264, H.265, Classe energetica E",https://www.amazon.it/dp/B0FSS5LMNS,65.0,641.78,641.78,EUR,641.78,Amazon,IT,2026-08-16T04:52:12Z,B0FSS5LMNS,,,,,
TCL,"TCL 75Q6C 75"" QD-Mini LED SMART TV, 4K HDR Premium 1000nits, con tecnologia Google TV (Dolby Vision IQ e Atmos, sistema au...",https://www.amazon.it/dp/B0FQP27YZZ,75.0,948.88,948.88,EUR,948.88,Amazon,IT,2026-08-16T04:52:12Z,B0FQP27YZZ,,,,,
TCL,"TCL 85Q6C 85"" QD-Mini LED TV, 4K HDR Premium 1000nits, Google TV (Dolby Vision IQ e Atmos, sistema audio Onkyo 2.1, Motion...",https://www.amazon.it/dp/B0FQNVF8DP,85.0,1398.88,1398.88,EUR,1398.88,Amazon,IT,2026-08-16T04:52:12Z,B0FQNVF8DP,,,,,
TCL,"TCL Bundle of 85Q7C 85” QLED TV 4K QD-Mini LED, HDR Premium 2000, Google TV Soundbar Q65H 5.1 con tecnologie Dolby Atmos e...",https://www.amazon.it/dp/B0FC61Y1JL,85.0,1799.89,1799.89,EUR,1799.89,Amazon,IT,2026-08-16T04:52:12Z,B0FC61Y1JL,,,,,
TCL,"TCL Bundle of 85Q7C 85” QLED TV 4K QD-Mini LED, HDR Premium 2000, Google TV Sound Bar S55H Nero 40W",https://www.amazon.it/dp/B0FC5DZJ3Q,85.0,1698.88,1698.88,EUR,1698.88,Amazon,IT,2026-08-16T04:52:12Z,B0FC5DZJ3Q,,,,,
TCL,"Bundle of TCL 98Q7C 98” QLED TV 4K QD-Mini LED, HDR Premium 2000, Google TV + TCL Sound Bar S55H Nero 40W",https://www.amazon.it/dp/B0FC5DXGS7,98.0,2398.88,2398.88,EUR,2398.88,Amazon,IT,2026-08-16T04:52:12Z,B0FC5DXGS7,,,,,
Hisense,"Hisense 32"" HD 32E43KT, Smart TV VIDAA U6, Game Mode, Controlli vocali Alexa, Tuner DVB-T2/S2 HEVC 10, lativù",https://www.amazon.it/dp/B0BXB4G57L,32.0,,,,,Amazon,IT,2026-08-16T04:52:12Z,B0BXB4G57L,,,,,
TCL,"TUCANSBP 4 Pz/1 Set Striscia di Retroilluminazione A LED Compatibile for TCL 55 ""TV 4C-LB5507-HR02J 4C-LB5508-HR02J 55HR33...",https://www.amazon.it/dp/B0D1NB6PX3,55.0,20.21,20.21,EUR,20.21,Amazon,IT,2026-08-16T04:52:12Z,B0D1NB6PX3,,,,,
TCL,Piedistallo TV per televisore TCL 28 32 40 43 49 50 55 65 pollici facile da installare gambe di ricambio in ABS,https://www.amazon.it/dp/B0H8WSJBB2,65.0,10.56,10.56,EUR,10.56,Amazon,IT,2026-08-16T04:52:12Z,B0H8WSJBB2,,,,,
TCL,"Scheda logica ST6451D02-AC-2 Scheda T-con for L65M5-EA 65 pollici 4K, compatibile con TCL",https://www.amazon.it/dp/B0HDPBJ5S2,65.0,76.22,76.22,EUR,76.22,Amazon,IT,2026-08-16T04:52:12Z,B0HDPBJ5S2,,,,,
TCL,"VPVCKMVTVZ 2 Pz/set Striscia Di Retroilluminazione A LED Misura For TCL 58"" TCL58LB01 TCL58LB01_3030F2.4D B0101-000581 A00...",https://www.amazon.it/dp/B0GYCZZV7V,58.0,96.72,96.72,EUR,96.72,Amazon,IT,2026-08-16T04:52:12Z,B0GYCZZV7V,,,,,
TCL,"Gambe antiscivolo per TV TCL 40 49 50 pollici set | Adatto per Tcl 28-65 pollici, robusto materiale ABS, finitura nera, mi...",https://www.amazon.it/dp/B0HB8M6TND,50.0,11.16,11.16,EUR,11.16,Amazon,IT,2026-08-16T04:52:12Z,B0HB8M6TND,,,,,
TCL,"Piedini di ricambio in ABS per TV TCL da 28 a 65 pollici | Adatto per 28-65 pollici, alta stabilità, evita oscillazioni, d...",https://www.amazon.it/dp/B0HDH5T1QZ,65.0,19.58,19.58,EUR,19.58,Amazon,IT,2026-08-16T04:52:12Z,B0HDH5T1QZ,,,,,
Hisense,"Hisense TV 32"" HD Ready 2025 32E43QT, Smart TV VIDAA U8, Airplay2, Game Mode, Works with Alexa, Tuner DVB-T2/S2 HEVC 10, l...",https://www.amazon.it/dp/B0F1WMZSQ6,32.0,129.49,129.49,EUR,129.49,Amazon,IT,2026-08-16T04:52:12Z,B0F1WMZSQ6,,,,,
Hisense,"Hisense TV 55"" QLED 4K 2025 55E78Q, Smart TV VIDAA U8, Dolby Vision, HDR 10+, Game Mode Plus, Dolby Atmos, Alexa Built-in,...",https://www.amazon.it/dp/B0F1WLGCWM,55.0,349.0,349.0,EUR,349.0,Amazon,IT,2026-08-16T04:52:12Z,B0F1WLGCWM,,,,,
Hisense,"Hisense TV 50"" QLED 4K 2025 50E78Q, Smart TV VIDAA U8, Dolby Vision, HDR 10+, Game Mode Plus, Dolby Atmos, Alexa Built-in,...",https://www.amazon.it/dp/B0F1VZSZNY,50.0,329.0,329.0,EUR,329.0,Amazon,IT,2026-08-16T04:52:12Z,B0F1VZSZNY,,,,,
Hisense,"Hisense Smart TV 32"" HD Ready 32E4ST | DTS Virtual X, VIDAA OS con 1000+ APP, Game Mode, Wifi, AirPlay2, Works with Alexa,...",https://www.amazon.it/dp/B0GM1HFTNL,32.0,159.0,159.0,EUR,159.0,Amazon,IT,2026-08-16T04:52:12Z,B0GM1HFTNL,,,,,
Hisense,"Hisense Smart TV 43"" 4K Ultra HD 43E6ST | DTS Virtual X, VIDAA OS con 1000+ APP, HDR 10+, Game Mode Plus, Bluetooth, Wifi,...",https://www.amazon.it/dp/B0GR62X9MH,43.0,259.0,259.0,EUR,259.0,Amazon,IT,2026-08-16T04:52:12Z,B0GR62X9MH,,,,,
Hisense,"Hisense Smart TV 40"" Full HD 40E4ST | DTS Virtual X, VIDAA OS con 1000+ APP, Game Mode, Wifi, AirPlay2, Works with Alexa, ...",https://www.amazon.it/dp/B0GM1RTK9H,40.0,219.0,219.0,EUR,219.0,Amazon,IT,2026-08-16T04:52:12Z,B0GM1RTK9H,,,,,
Hisense,"Hisense Smart TV QLED 55"" 4K 55E7DS | Audio Dolby Atmos, VIDAA OS, Dolby Vision IQ, HDR 10+, Game Mode, Bluetooth, Wifi, A...",https://www.amazon.it/dp/B0GM1TVSMG,55.0,367.95,367.95,EUR,367.95,Amazon,IT,2026-08-16T04:52:12Z,B0GM1TVSMG,,,,,
Hisense,"Hisense Smart TV QLED 43"" 4K 43E7DS | Audio Dolby Atmos, VIDAA OS, Dolby Vision IQ, HDR 10+, Game Mode, Bluetooth, Wifi, A...",https://www.amazon.it/dp/B0GM1NJDDK,43.0,299.0,299.0,EUR,299.0,Amazon,IT,2026-08-16T04:52:12Z,B0GM1NJDDK,,,,,
Hisense,"Hisense Smart TV 50"" 4K Ultra HD 50E6ST | DTS Virtual X, VIDAA OS con 1000+ APP, HDR 10+, Game Mode Plus, Bluetooth, Wifi,...",https://www.amazon.it/dp/B0GR5SM2WL,50.0,309.0,309.0,EUR,309.0,Amazon,IT,2026-08-16T04:52:12Z,B0GR5SM2WL,,,,,
Hisense,"Hisense TV 43"" QLED 4K 2025 43A72Q, Smart TV VIDAA U8, Dolby Vision, HDR 10+, Game Mode Plus, Dolby Atmos, Alexa Built-in,...",https://www.amazon.it/dp/B0F1WB8QYT,43.0,279.0,279.0,EUR,279.0,Amazon,IT,2026-08-16T04:52:12Z,B0F1WB8QYT,,,,,
Hisense,"Hisense Smart TV QLED 32"" Full HD 32E5ST | Audio Dolby Atmos, VIDAA OS con 1000+ APP, HDR10, Game Mode, Works with Alexa, ...",https://www.amazon.it/dp/B0GM1T3HF5,32.0,219.0,219.0,EUR,219.0,Amazon,IT,2026-08-16T04:52:12Z,B0GM1T3HF5,,,,,
Hisense,"Hisense Smart TV 43"" 4K Ultra HD 2025 43E63QT, Smart TV VIDAA U8, Dolby Vision, HDR 10, Game Mode Plus, Alexa Built-in, VI...",https://www.amazon.it/dp/B0F1MHBWZ8,43.0,249.0,249.0,EUR,249.0,Amazon,IT,2026-08-16T04:52:12Z,B0F1MHBWZ8,,,,,
Hisense,"Hisense Smart TV MiniLED 55"" 4K TV 55U7SE | Dolby Atmos 2.1 By Devialet, Dolby Vision IQ, HDR10+, VIDAA OS, Alexa, lativù ...",https://www.amazon.it/dp/B0GKPVQ86Z,55.0,479.0,479.0,EUR,479.0,Amazon,IT,2026-08-16T04:52:12Z,B0GKPVQ86Z,,,,,
Hisense,"Hisense TV 65"" Mini-LED 144Hz 4K 2025 65E8Q, Smart TV VIDAA U8, Dolby Vision IQ, HDR 10+ Adaptive, 144Hz Game Mode PRO, Do...",https://www.amazon.it/dp/B0F1W5MSBZ,65.0,599.0,599.0,EUR,599.0,Amazon,IT,2026-08-16T04:52:12Z,B0F1W5MSBZ,,,,,
Hisense,"Hisense Smart TV QLED 32"" Full HD Dèco TV 32S5Q | Audio Dolby Atmos, HDR10, VIDAA OS con 1000+ APP, Wifi, Game Mode, AirPl...",https://www.amazon.it/dp/B0FSLMYL4W,32.0,196.22,196.22,EUR,196.22,Amazon,IT,2026-08-16T04:52:12Z,B0FSLMYL4W,,,,,
Hisense,"Hisense TV 55"" Mini-LED 144Hz 4K 2025 55U72Q, Smart TV VIDAA U8, Dolby Vision IQ, HDR 10+ Adaptive, 144Hz Game Mode PRO, D...",https://www.amazon.it/dp/B0F1W5SZKX,55.0,476.0,476.0,EUR,476.0,Amazon,IT,2026-08-16T04:52:12Z,B0F1W5SZKX,,,,,
Hisense,"Hisense Smart TV QLED 144Hz 55"" 4K 55E7S PRO | Audio Dolby Atmos, VIDAA OS, Native 144Hz Game Mode, Dolby Vision IQ, HDR 1...",https://www.amazon.it/dp/B0GR7DTKP8,55.0,449.0,449.0,EUR,449.0,Amazon,IT,2026-08-16T04:52:12Z,B0GR7DTKP8,,,,,
Hisense,"Hisense Smart TV 58"" 4K Ultra HD 58E6ST | DTS Virtual X, VIDAA OS con 1000+ APP, HDR 10+, Game Mode Plus, Bluetooth, Wifi,...",https://www.amazon.it/dp/B0GR739P7S,58.0,379.0,379.0,EUR,379.0,Amazon,IT,2026-08-16T04:52:12Z,B0GR739P7S,,,,,
Hisense,"Hisense TV 32"" QLED FHD 32E53NQT, Smart TV VIDAA U6, HDR10, Game Mode, Dolby Atmos, Works with Alexa, Tuner DVB-T2/S2 HEVC...",https://www.amazon.it/dp/B0CZXQQSLG,32.0,,,,,Amazon,IT,2026-08-16T04:52:12Z,B0CZXQQSLG,,,,,
Hisense,"Hisense Smart TV MiniLED 165Hz 55"" 4K 55U79S PRO | Schermo Anti-Riflesso, Dolby Atmos 2.1.2 By Devialet, VIDAA OS, Dolby V...",https://www.amazon.it/dp/B0GR6VM5TC,55.0,599.0,599.0,EUR,599.0,Amazon,IT,2026-08-16T04:52:12Z,B0GR6VM5TC,,,,,
Hisense,"Hisense TV 65"" QLED 4K 65E77NQ, Smart TV VIDAA U7, Dolby Vision, HDR 10+, Game Mode Plus, Dolby Atmos, Alexa Built-in, VID...",https://www.amazon.it/dp/B0CZXPSPHZ,65.0,499.0,499.0,EUR,499.0,Amazon,IT,2026-08-16T04:52:12Z,B0CZXPSPHZ,,,,,
Hisense,"Hisense TV 55"" QLED 4K 144Hz 2025 55E7Q PRO, Smart TV VIDAA U8, Dolby Vision IQ, HDR 10+ Adaptive, 144hz Game Mode PRO, Do...",https://www.amazon.it/dp/B0F1N7WT6C,55.0,559.0,559.0,EUR,559.0,Amazon,IT,2026-08-16T04:52:12Z,B0F1N7WT6C,,,,,
Hisense,"Hisense TV 55"" Mini-LED 165Hz 4K 2025 55U8Q, Octagonal Stand, Dolby Atmos Multi-Channel Surround 4.1.2, Smart TV VIDAA U9 ...",https://www.amazon.it/dp/B0F1WHZW4G,55.0,754.31,754.31,EUR,754.31,Amazon,IT,2026-08-16T04:52:12Z,B0F1WHZW4G,,,,,
Hisense,"Hisense Smart TV RGB MiniLED 170Hz 65"" 4K 65UR9S | Schermo Anti-Riflesso, Dolby Atmos 4.1.2 By Devialet, Dolby Vision IQ, ...",https://www.amazon.it/dp/B0GR6VCJL6,65.0,1342.34,1342.34,EUR,1342.34,Amazon,IT,2026-08-16T04:52:12Z,B0GR6VCJL6,,,,,
Hisense,"Hisense Smart TV MiniLED 144Hz 75"" 4K 75E8S | Dolby Atmos 2.1 By Devialet, Dolby Vision IQ, HDR10+, VIDAA OS, Alexa, lativ...",https://www.amazon.it/dp/B0GQCXP6VM,75.0,899.0,899.0,EUR,899.0,Amazon,IT,2026-08-16T04:52:12Z,B0GQCXP6VM,,,,,
Hisense,"Hisense TV 55"" Mini-LED 144Hz 4K 2025 55E8Q, Smart TV VIDAA U8, Dolby Vision IQ, HDR 10+ Adaptive, 144Hz Game Mode PRO, Do...",https://www.amazon.it/dp/B0F1W9J4K7,55.0,688.23,688.23,EUR,688.23,Amazon,IT,2026-08-16T04:52:12Z,B0F1W9J4K7,,,,,
Hisense,"Hisense 40A59S - TV 40 Pollici, Smart TV 4K Full HD QLED DVB-T2 Nero Classe Energetica E",https://www.amazon.it/dp/B0H1N6FDBV,40.0,259.49,259.49,EUR,259.49,Amazon,IT,2026-08-16T04:52:12Z,B0H1N6FDBV,,,,,
Hisense,"Hisense Smart TV QLED 43"" 4K 43A7S | Audio Dolby Atmos, Design Unibody Slim, VIDAA OS, Dolby Vision IQ, HDR 10+, BT, Wifi,...",https://www.amazon.it/dp/B0GSBG2DXL,43.0,329.0,329.0,EUR,329.0,Amazon,IT,2026-08-16T04:52:12Z,B0GSBG2DXL,,,,,
Hisense,"Hisense TV 85"" QLED 4K 144Hz 2025 85E7Q PRO, Smart TV VIDAA U8, Dolby Vision IQ, HDR 10+ Adaptive, 144hz Game Mode PRO, Do...",https://www.amazon.it/dp/B0F1N6RKFQ,85.0,799.0,799.0,EUR,799.0,Amazon,IT,2026-08-16T04:52:12Z,B0F1N6RKFQ,,,,,
Hisense,"Hisense TV 65"" QLED 4K 65A72NQ, Smart TV VIDAA U7, Dolby Vision, HDR 10+, Game Mode Plus, Dolby Atmos, Alexa Built-in, VID...",https://www.amazon.it/dp/B0CZXMFPY6,65.0,479.0,479.0,EUR,479.0,Amazon,IT,2026-08-16T04:52:12Z,B0CZXMFPY6,,,,,
Hisense,"Hisense 43"" QLED UHD 43E78HQ, Smart TV VIDAA 5.0, HDR Dolby Vision, VA, Controlli vocali Alexa, Tuner DVB-T2/S2 HEVC 10, l...",https://www.amazon.it/dp/B0B12RV1RK,43.0,,,,,Amazon,IT,2026-08-16T04:52:12Z,B0B12RV1RK,,,,,
Hisense,"Hisense TV 43"" 4K Ultra HD 43A6N, Smart TV VIDAA U7, Dolby Vision, HDR 10+, DTS Virtual:X, Game Mode, Alexa Built-in, VIDA...",https://www.amazon.it/dp/B0CZWPDP34,43.0,,,,,Amazon,IT,2026-08-16T04:52:12Z,B0CZWPDP34,,,,,
Hisense,"Hisense Smart TV RGB MiniLED 180Hz 55"" 4K 55UR8S | Schermo Anti-Riflesso, Dolby Atmos 2.1.2 By Devialet, Dolby Vision IQ, ...",https://www.amazon.it/dp/B0GX9JNFGJ,55.0,1109.31,1109.31,EUR,1109.31,Amazon,IT,2026-08-16T04:52:12Z,B0GX9JNFGJ,,,,,
Hisense,"Hisense TV 100"" Mini-LED 165Hz 4K 2025 100U7Q PRO, Smart TV VIDAA U9 con 1000+APP, Dolby Vision IQ, HDR 10+ Adaptive, 165H...",https://www.amazon.it/dp/B0F1YST2D4,100.0,2399.0,2399.0,EUR,2399.0,Amazon,IT,2026-08-16T04:52:12Z,B0F1YST2D4,,,,,
TCL,"TCL 55T6C – Smart TV QLED 4K HDR10+ da 55"", Fire TV con Dolby Atmos | Game Mast, VRR, Dolby Vision, Motion Clarity, Press...",https://www.amazon.it/dp/B0DW9698LP,55.0,369.9,369.9,EUR,369.9,Amazon,IT,2026-08-16T04:52:12Z,B0DW9698LP,,,,,
Hisense,"Hisense TV 40"" Full HD 40A4N, Smart TV VIDAA U7, Game Mode, Works with Alexa, Tuner DVB-T2/S2 HEVC 10, lativù, 40'', 2024 LED",https://www.amazon.it/dp/B0CZX3GM3F,40.0,252.35,252.35,EUR,252.35,Amazon,IT,2026-08-16T04:52:12Z,B0CZX3GM3F,,,,,
Hisense,Hisense 43Q7S PRO - Smart TV 43 Pollici 4K QLED DVB-T2 HEVC/H.265 Wifi Nero Classe Energetico F,https://www.amazon.it/dp/B0H835JPZM,43.0,399.0,399.0,EUR,399.0,Amazon,IT,2026-08-16T04:52:12Z,B0H835JPZM,,,,,
Hisense,"Hisense Smart TV 43"" 4K Ultra HD 2025 43A6Q, Smart TV VIDAA U8, Dolby Vision, HDR 10, Game Mode Plus, Alexa Built-in, VIDA...",https://www.amazon.it/dp/B0F4DF55P6,43.0,,,,,Amazon,IT,2026-08-16T04:52:12Z,B0F4DF55P6,,,,,
Hisense,"Hisense Smart TV MiniLED 144Hz 55"" 4K TV 55U79SE, Dolby Atmos 2.1 By Devialet, Dolby Vision IQ, HDR10+, Native 144Hz Game ...",https://www.amazon.it/dp/B0GM1RLZ5R,55.0,,,,,Amazon,IT,2026-08-16T04:52:12Z,B0GM1RLZ5R,,,,,
Hisense,"Hisense 50A79Q - TV 50 Pollici, Smart TV, QLED, DVB-T2, HEVC, 4K, Classe energetica E",https://www.amazon.it/dp/B0FQC3PTR7,50.0,358.95,358.95,EUR,358.95,Amazon,IT,2026-08-16T04:52:12Z,B0FQC3PTR7,,,,,
Hisense,"Hisense 32A5NQ 32"" QLED FullHD Dolby Vision VIDAA Smart TV",https://www.amazon.it/dp/B0CXTLDGZ9,32.0,249.9,249.9,EUR,249.9,Amazon,IT,2026-08-16T04:52:12Z,B0CXTLDGZ9,,,,,
Hisense,"Hisense 32"" LCD HD Ready 2023 32A4K, Smart TV VIDAA U6, Compabilità Alexa, Tuner DVB-T2/S2 HEVC 10",https://www.amazon.it/dp/B0BTPZ51W7,32.0,179.0,179.0,EUR,179.0,Amazon,IT,2026-08-16T04:52:12Z,B0BTPZ51W7,,,,,
TCL,"TCL 65T69C – Smart TV QLED 4K HDR10+ da 65"", Google TV con Dolby Atmos | Game Mast, Dolby Vision, Motion Clarity, Google A...",https://www.amazon.it/dp/B0F8QDCBCM,65.0,474.0,474.0,EUR,474.0,Amazon,IT,2026-08-16T04:52:12Z,B0F8QDCBCM,,,,,
Hisense,Hisense TV Smart TV 100U8Q(2025) 100'' Mini-LED ULED UHD 4k,https://www.amazon.it/dp/B0FFSRNCBF,100.0,4066.81,4066.81,EUR,4066.81,Amazon,IT,2026-08-16T04:52:12Z,B0FFSRNCBF,,,,,
Hisense,"Hisense TV 55"" 4K Ultra HD 55A6N, Smart TV VIDAA U7, Dolby Vision, HDR 10+, DTS Virtual:X, Game Mode, Alexa Built-in, VIDA...",https://www.amazon.it/dp/B0CZWTBDW6,55.0,,,,,Amazon,IT,2026-08-16T04:52:12Z,B0CZWTBDW6,,,,,
Hisense,"Hisense Smart TV 55"" 4K Ultra HD 2025 55A6Q, Smart TV VIDAA U8, Dolby Vision, HDR 10, Game Mode Plus, Alexa Built-in, VIDA...",https://www.amazon.it/dp/B0F4D9MLMQ,55.0,,,,,Amazon,IT,2026-08-16T04:52:12Z,B0F4D9MLMQ,,,,,
Hisense,Hisense 65A85N - TV 65 Pollici Smart TV OLED 4K DVB-T2 Wifi HEVC DVB-T2 Classe Energetica F,https://www.amazon.it/dp/B0D7CX78ZD,65.0,966.98,966.98,EUR,966.98,Amazon,IT,2026-08-16T04:52:12Z,B0D7CX78ZD,,,,,
Hisense,"Hisense Smart TV OLED 65"" 4K 65A8DQ, Smart TV VIDAA con 1000+APP, Dolby Vision IQ, HDR 10+ Adaptive, 120Hz Game Mode PRO, ...",https://www.amazon.it/dp/B0FQ68SMCB,65.0,1450.28,1450.28,EUR,1450.28,Amazon,IT,2026-08-16T04:52:12Z,B0FQ68SMCB,,,,,
Hisense,Hisense 43A69S - Smart TV 43 Pollici LED 4K DVB-T2 HEVC/H.265 Wifi Nero Classe Energetico E,https://www.amazon.it/dp/B0H83CB2LF,43.0,269.0,269.0,EUR,269.0,Amazon,IT,2026-08-16T04:52:12Z,B0H83CB2LF,,,,,
Hisense,Hisense 50Q7S - TV 50 Pollici Smart TV 4K QLED DVB-T2 Wifi HEVC/H.265 Nero Classe Energetica E,https://www.amazon.it/dp/B0H83625QD,50.0,401.26,401.26,EUR,401.26,Amazon,IT,2026-08-16T04:52:12Z,B0H83625QD,,,,,
Hisense,"Hisense 65"" QLED 4K 2023 65E77KQ, Smart TV VIDAA U6, Dolby Vision, HDR 10+, Game Mode PRO Plus, Alexa Built-in, VIDAA Voic...",https://www.amazon.it/dp/B0C5N5KTLM,65.0,494.01,494.01,EUR,494.01,Amazon,IT,2026-08-16T04:52:12Z,B0C5N5KTLM,,,,,
Hisense,"Hisense 65A86N - TV 65 Pollici, Smart TV 4K, OLED, HEVC, DVB-T2, Classe energetica F",https://www.amazon.it/dp/B0F9FM5KDK,65.0,1032.5,1032.5,EUR,1032.5,Amazon,IT,2026-08-16T04:52:12Z,B0F9FM5KDK,,,,,
Hisense,"Hisense 65E79Q - Smart TV 65 Pollici, DVB-T2 HEVC, QLED, colore Nero, Classe energetica G",https://www.amazon.it/dp/B0FJMR5XCG,65.0,569.0,569.0,EUR,569.0,Amazon,IT,2026-08-16T04:52:12Z,B0FJMR5XCG,,,,,
Hisense,Hisense 55Q8S - TV 55 Pollici Smart TV 4K DVB-T2 ULED Wifi Nero Classe E,https://www.amazon.it/dp/B0H835F766,55.0,613.6,613.6,EUR,613.6,Amazon,IT,2026-08-16T04:52:12Z,B0H835F766,,,,,
TCL,"TCL 55V6B TV 55”, 4K HDR, Ultra HD, Google TV con design senza bordi, Dolby Audio, compatibile con Google Assistant e Alexa",https://www.amazon.it/dp/B0CXF49BXG,55.0,,,,,Amazon,IT,2026-08-16T04:52:12Z,B0CXF49BXG,,,,,
Hisense,"Hisense 40AE5600FA Smart TV Android, LED FULL HD 40"", Design Slim, USB Media Player, Tuner DVB-T2/S2 HEVC Main10, Bluetooth",https://www.amazon.it/dp/B08SQJH35G,40.0,262.36,262.36,EUR,262.36,Amazon,IT,2026-08-16T04:52:12Z,B08SQJH35G,,,,,
Hisense,"Hisense 65"" ULED Mini-LED 4K 2023 65U62KQ, Smart TV VIDAA U6, Dolby Vision, HDR 10+, Game Mode Plus, Alexa Built-in, VIDAA...",https://www.amazon.it/dp/B0C7KY44Q4,65.0,599.0,599.0,EUR,599.0,Amazon,IT,2026-08-16T04:52:12Z,B0C7KY44Q4,,,,,
Hisense,"Hisense 40AE5000F TV LED FULL HD 40"", Bezelless, USB Media Player, Tuner DVB-T2/S2 HEVC Main10",https://www.amazon.it/dp/B086BSRSRW,40.0,,,,,Amazon,IT,2026-08-16T04:52:12Z,B086BSRSRW,,,,,
Hisense,"Hisense 55E7NQ - Smart TV 55 Pollici (139 cm), 4K Ultra HD, QLED, DVB-T2, HEVC/H.265, Nero",https://www.amazon.it/dp/B0CXTKWMZK,55.0,,,,,Amazon,IT,2026-08-16T04:52:12Z,B0CXTKWMZK,,,,,
Hisense,"Hisense 75"" QLED 4K 2023 75A72KQ, Smart TV VIDAA U6, Dolby Vision, HDR 10+, Game Mode Plus, Alexa Built-in, VIDAA Voice, T...",https://www.amazon.it/dp/B0CLB85WMK,75.0,629.02,629.02,EUR,629.02,Amazon,IT,2026-08-16T04:52:12Z,B0CLB85WMK,,,,,
Hisense,"Hisense TV 55"" Mini-LED 4K 55U72NQ, Smart TV VIDAA U7, Dolby Vision IQ, HDR 10+ Adaptive, 144Hz Game Mode PRO, Alexa Buil...",https://www.amazon.it/dp/B0CZPD2L6L,55.0,,,,,Amazon,IT,2026-08-16T04:52:12Z,B0CZPD2L6L,,,,,
Hisense,Hisense 85E79S - Smart TV 85 Pollici 4K 3840 x 2160 Pixel QLED DVB-T2 Nero Wifi Classe Energetica E,https://www.amazon.it/dp/B0H1MY689X,85.0,,,,,Amazon,IT,2026-08-16T04:52:12Z,B0H1MY689X,,,,,
Hisense,"Hisense Smart TV 50"" 4K Ultra HD 2025 50A6Q, Smart TV VIDAA U8, Dolby Vision, HDR 10, Game Mode Plus, Alexa Built-in, VIDA...",https://www.amazon.it/dp/B0F4D9YNHR,50.0,,,,,Amazon,IT,2026-08-16T04:52:12Z,B0F4D9YNHR,,,,,
Sony,Sony BRAVIA 5 XR Mini LED 75 Pollici | Processore AI XR | Acoustic Multi-Audio | Dolby Vision/Atmos | IMAX Enhanced | Goog...,https://www.amazon.it/dp/B0F4L4JSYM,75.0,1914.95,1914.95,EUR,1914.95,Amazon,IT,2026-08-16T04:52:12Z,B0F4L4JSYM,,,,,
Hisense,"Hisense 65"" ULED Mini-LED 4K 2023 65U62KQ, Smart TV VIDAA U6, Dolby Vision, HDR 10+ 4K HS2100 Soundbar 2.1, 240W, Subwoofe...",https://www.amazon.it/dp/B0CRZHB7KF,65.0,694.49,694.49,EUR,694.49,Amazon,IT,2026-08-16T04:52:12Z,B0CRZHB7KF,,,,,
Hisense,"Hisense 50"" QLED UHD 50E78HQ, Smart TV VIDAA 5.0, HDR Dolby Vision, VA, Controlli vocali Alexa, Tuner DVB-T2/S2 HEVC 10, l...",https://www.amazon.it/dp/B0B12HKKGH,50.0,,,,,Amazon,IT,2026-08-16T04:52:12Z,B0B12HKKGH,,,,,
Hisense,"Hisense 65U79NQ - Smart TV 65 Pollici 164 cm, 4K, MINI LED, DVB-T2 HEVC, Nero",https://www.amazon.it/dp/B0DJT2HJNX,65.0,865.59,865.59,EUR,865.59,Amazon,IT,2026-08-16T04:52:12Z,B0DJT2HJNX,,,,,
Hisense,"Hisense 65"" QLED 4K 2023 65E77KQ, Smart TV VIDAA U6, Dolby Vision, HDR 10+ 4K HS2100 Soundbar 2.1, 240W, Subwoofer Sottile...",https://www.amazon.it/dp/B0CRZRLG82,65.0,589.5,589.5,EUR,589.5,Amazon,IT,2026-08-16T04:52:12Z,B0CRZRLG82,,,,,
Hisense,"Hisense Smart TV 43 Pollici 4K, DVB-T2, Wifi colore Nero",https://www.amazon.it/dp/B0BCG7DD46,43.0,394.9,394.9,EUR,394.9,Amazon,IT,2026-08-16T04:52:12Z,B0BCG7DD46,,,,,
Hisense,"Hisense 65E79NQ - Smart TV 65 pollici (164 cm), QLED, DVB-T2 HEVC, 4K, Classe energetica E",https://www.amazon.it/dp/B0DJT2XH36,65.0,761.91,761.91,EUR,761.91,Amazon,IT,2026-08-16T04:52:12Z,B0DJT2XH36,,,,,
Hisense,"Hisense TV 100E7NQ PRO 100"" QLED 4K 144Hz, VIDAA U7, Dolby Vision IQ, HDR 10+ Adaptive, Game Mode PRO, Dolby Atmos 2.1, Al...",https://www.amazon.it/dp/B0D4MC7DBD,100.0,,,,,Amazon,IT,2026-08-16T04:52:12Z,B0D4MC7DBD,,,,,
Hisense,"Hisense 55U6NQ - Smart TV 55 Pollici (139 cm), 4K Ultra HD, QNED MiniLED, DVB-T2, Grigio",https://www.amazon.it/dp/B0CXTNG23H,55.0,663.81,663.81,EUR,663.81,Amazon,IT,2026-08-16T04:52:12Z,B0CXTNG23H,,,,,
Hisense,"Hisense 43A69K - TV Smart 43 Pollici, 4K, DVB-T2, H.265, Nero",https://www.amazon.it/dp/B0CHBCWQZ6,43.0,499.0,499.0,EUR,499.0,Amazon,IT,2026-08-16T04:52:12Z,B0CHBCWQZ6,,,,,
Hisense,"Smart TV Hisense 43A7NQ 4K Ultra HD 43"" QLED",https://www.amazon.it/dp/B0D52W1C1X,43.0,,,,,Amazon,IT,2026-08-16T04:52:12Z,B0D52W1C1X,,,,,
Hisense,"Hisense 40A49N - Smart TV 40 Pollici (100 cm), Full HD, LED, HEVC, DVB-T2, Nero",https://www.amazon.it/dp/B0DJSRCX9K,40.0,262.0,262.0,EUR,262.0,Amazon,IT,2026-08-16T04:52:12Z,B0DJSRCX9K,,,,,
Hisense,"Hisense 40A59NQ - Smart TV 40 Pollici (100 cm), HD, DVB-T2 HEVC, Nero, Classe energetica F",https://www.amazon.it/dp/B0DJVT8G7Z,40.0,330.34,330.34,EUR,330.34,Amazon,IT,2026-08-16T04:52:12Z,B0DJVT8G7Z,,,,,
Hisense,"Hisense Smart TV QLED 43"" 4K 43A79S",https://www.amazon.it/dp/B0GR6X2YNN,43.0,368.0,368.0,EUR,368.0,Amazon,IT,2026-08-16T04:52:12Z,B0GR6X2YNN,,,,,
Hisense,Hisense 55A6G - Smart TV 55 Pollici 4K LED DVB-T2 Android Wi-Fi,https://www.amazon.it/dp/B095Z5CB79,55.0,688.0,688.0,EUR,688.0,Amazon,IT,2026-08-16T04:52:12Z,B095Z5CB79,,,,,
Hisense,"Hisense 55A79NQ - Smart TV 55 Pollici, 4K, DVB-T2, HEVC(H.265), Nero",https://www.amazon.it/dp/B0DJT1VKW2,55.0,649.89,649.89,EUR,649.89,Amazon,IT,2026-08-16T04:52:12Z,B0DJT1VKW2,,,,,
Hisense,Hisense Schermo da 100 pollici ultra corto DLT100-B1,https://www.amazon.it/dp/B0F2M58N9K,100.0,,,,,Amazon,IT,2026-08-16T04:52:12Z,B0F2M58N9K,,,,,
Hisense,"Hisense 43E79NQ - Smart TV 43 Pollici (108 cm), QLED, 4K, DVB-T2 HEVC",https://www.amazon.it/dp/B0DJT3L51S,43.0,,,,,Amazon,IT,2026-08-16T04:52:12Z,B0DJT3L51S,,,,,
Panasonic,"Panasonic Premium TV-65W85BEZC, Serie W85B, 65 Pollici, Smart TV QLED 4K Ultra HD, 120Hz, Fire TV, Dolby Vision e Atmos, M...",https://www.amazon.it/dp/B0H2MPCXBS,65.0,,,,,Amazon,IT,2026-08-16T04:52:12Z,B0H2MPCXBS,,,,,
Hisense,"Gambe regolabili per TV Hisense da 49/50/55/65 pollici, robusti piedini di ricambio per televisori a schermo piatto, base ...",https://www.amazon.it/dp/B0HDTDWXG7,65.0,140.2,140.2,EUR,140.2,Amazon,IT,2026-08-16T04:52:12Z,B0HDTDWXG7,,,,,
Hisense,"TUCANSBP Striscia di retroilluminazione a LED Compatibile for Hisense 55"" TV 55R6E3 U55F8000H LB5500Q 55A6H 55A7300FTUK 55...",https://www.amazon.it/dp/B0D49W5CCM,55.0,29.89,29.89,EUR,29.89,Amazon,IT,2026-08-16T04:52:12Z,B0D49W5CCM,,,,,
Hisense,"Scheda Logica TV Da 58 Pollici, Compatibile For Hisense MACDJ4E11 58R6E 58H6550E H58A6100 58Q7330U 58Q620U H58AE6000 U58G5...",https://www.amazon.it/dp/B0DPVJM2K3,58.0,27.91,27.91,EUR,27.91,Amazon,IT,2026-08-16T04:52:12Z,B0DPVJM2K3,,,,,
Hisense,"WUWMTUTCK Striscia di Retroilluminazione A LED da 583 Mm 5 Lampada Adatta for Hisense for LG 32LF520D 32 ""TV SV0320AK4_Rev...",https://www.amazon.it/dp/B0DPC8J6X7,32.0,148.5,148.5,EUR,148.5,Amazon,IT,2026-08-16T04:52:12Z,B0DPC8J6X7,,,,,
Hisense,"TUCANSBP Compatible with Hisense 48"" LCD TV RSAG7.820.6733 HE48UGEJR34E45205647 HD480DF-B31 LED48K20JD LED48K220 LED48K320...",https://www.amazon.it/dp/B0D2QVBDZ4,48.0,34.83,34.83,EUR,34.83,Amazon,IT,2026-08-16T04:52:12Z,B0D2QVBDZ4,,,,,
Hisense,"TUCANSBP 6PCS (2TV) Striscia di retroilluminazione a LED Compatibile for Hisense 32 ""TV JL.D3271330-03DS-F 32H3B1 LED32K18...",https://www.amazon.it/dp/B0D1P8ZXZK,32.0,27.83,27.83,EUR,27.83,Amazon,IT,2026-08-16T04:52:12Z,B0D1P8ZXZK,,,,,
Samsung,"KELUNIS HD Clear Anti Luce Blu 32-75 Pollici Proteggi Schermo TV per Sharp Sony Samsung Hisense LG,52"" (1161 * 661)",https://www.amazon.it/dp/B09M6RL7S3,75.0,109.11,109.11,EUR,109.11,Amazon,IT,2026-08-16T04:52:12Z,B09M6RL7S3,,,,,
Sony,"Sony BRAVIA KD-32W800 - Smart TV 32 pollici, HD Ready LED, HDR, Android TV, KD32W800PAEP [Classe di efficienza energetica F]",https://www.amazon.it/dp/B0BNW6941F,32.0,264.0,264.0,EUR,264.0,Amazon,IT,2026-08-16T04:52:12Z,B0BNW6941F,,,,,
Sony,"Sony BRAVIA 2Ⅱ 43"", 4K Smart TV (Google TV), Processore X1,4K Upscaling, Televisione con Dolby Atmos e DTS:X, compatibile ...",https://www.amazon.it/dp/B0GZL6GMFJ,43.0,439.49,439.49,EUR,439.49,Amazon,IT,2026-08-16T04:52:12Z,B0GZL6GMFJ,,,,,
Sony,"Sony BRAVIA 8 OLED 55 Pollici 4K HDR Google Smart TV | Gaming Menu per PlayStation 5, IMAX Enhanced, Dolby Vision Atmos, C...",https://www.amazon.it/dp/B0D1VTR2M5,55.0,1370.78,1370.78,EUR,1370.78,Amazon,IT,2026-08-16T04:52:12Z,B0D1VTR2M5,,,,,
Sony,"Sony BRAVIA 2Ⅱ 50"", 4K Smart TV (Google TV), Processore X1,4K Upscaling, Televisione con Dolby Atmos e DTS:X, compatibile ...",https://www.amazon.it/dp/B0GZLDN3SH,50.0,517.0,517.0,EUR,517.0,Amazon,IT,2026-08-16T04:52:12Z,B0GZLDN3SH,,,,,
Sony,"TV Sony BRAVIA 3Ⅱ43 pollici, Smart TV 4K (Google TV), processore XR con tecnologia AI, 120 Hz con Dolby Vision/Atmos, comp...",https://www.amazon.it/dp/B0GZQ8F1R6,43.0,789.0,789.0,EUR,789.0,Amazon,IT,2026-08-16T04:52:12Z,B0GZQ8F1R6,,,,,
Sony,"Sony BRAVIA 2Ⅱ 55"", 4K Smart TV (Google TV), Processore X1,4K Upscaling, Televisione con Dolby Atmos e DTS:X, compatibile ...",https://www.amazon.it/dp/B0GZL1BLJ9,55.0,556.0,556.0,EUR,556.0,Amazon,IT,2026-08-16T04:52:12Z,B0GZL1BLJ9,,,,,
Sony,"Sony BRAVIA 8 OLED 65 Pollici 4K HDR Google Smart TV (2024) | Gaming Menu per PlayStation 5, IMAX Enhanced, Dolby Vision A...",https://www.amazon.it/dp/B0D1VV8K32,65.0,1802.6,1802.6,EUR,1802.6,Amazon,IT,2026-08-16T04:52:12Z,B0D1VV8K32,,,,,
Sony,"Sony K-55XR8 Televisione 55"" 4K Oled Ultra HD Smart TV, HDR, DVB-T2, Hevc Main 10, Wi-Fi Nero",https://www.amazon.it/dp/B0FMF94X5B,55.0,1736.37,1736.37,EUR,1736.37,Amazon,IT,2026-08-16T04:52:12Z,B0FMF94X5B,,,,,
Sony,"Sony BRAVIA 7 II True RGB 65 Inch TV, 4K Smart TV (Google TV), RGB LED, XR Processor with AI Technology, 120hz Television ...",https://www.amazon.it/dp/B0H2JSJ8QM,65.0,1875.0,1875.0,EUR,1875.0,Amazon,IT,2026-08-16T04:52:12Z,B0H2JSJ8QM,,,,,
Sony,Sony BRAVIA 5 XR Mini LED 65 Pollici | Processore AI XR | Acoustic Multi-Audio | Dolby Vision/Atmos | IMAX Enhanced | Goog...,https://www.amazon.it/dp/B0F4L1887W,65.0,1551.01,1551.01,EUR,1551.01,Amazon,IT,2026-08-16T04:52:12Z,B0F4L1887W,,,,,
Sony,"Sony BRAVIA 7 QLED (XR l Mini LED) 85 pollici 4K HDR Google Smart TV | Gaming menu per PlayStation 5, IMAX Enhanced, Dolby...",https://www.amazon.it/dp/B0D1VWWM11,85.0,2813.14,2813.14,EUR,2813.14,Amazon,IT,2026-08-16T04:52:12Z,B0D1VWWM11,,,,,
Sony,"Sony BRAVIA KD-32W800 - Smart TV 32 pollici, HD Ready LED, HDR, Android TV, KD32W800PAEP",https://www.amazon.it/dp/B0924J83VN,32.0,,,,,Amazon,IT,2026-08-16T04:52:12Z,B0924J83VN,,,,,
Panasonic,"Panasonic Premium TV-50W80AEZC, 50 Pollici TV QLED 4K Ultra HD, Fire TV | Dolby Vision e Atmos, Modalità Game Plus, Contro...",https://www.amazon.it/dp/B0H2MT1K3R,50.0,399.0,399.0,EUR,399.0,Amazon,IT,2026-08-16T04:52:12Z,B0H2MT1K3R,,,,,
Samsung,"Samsung QLED 4K Vision AI Smart TV 65'' QE65Q7F4AUXZT, Q4 Processor, 100% Volume Colore con Quantum Dot, Motion Xcelerato...",https://www.amazon.it/dp/B0F4T23RSZ,65.0,599.0,599.0,EUR,599.0,Amazon,IT,2026-08-16T04:52:12Z,B0F4T23RSZ,,,,,
Samsung,"Samsung Smart TV 50"" UE50U8090HUXZT Crystal UHD, Crystal 4K Processor, HDR10+, PurColor, Motion Xcelerator, Dynamic Sound ...",https://www.amazon.it/dp/B0GZL6KZ7J,50.0,369.0,369.0,EUR,369.0,Amazon,IT,2026-08-16T04:52:12Z,B0GZL6KZ7J,,,,,
Philips,"PHILIPS Ambilight TV 32PQS6901/12 32 Inch FHD QLED Smart TV | Pixel Precise Ultra HD, Titan OS, Dolby Audio",https://www.amazon.it/dp/B0H347QPS6,32.0,241.0,241.0,EUR,241.0,Amazon,IT,2026-08-16T04:52:12Z,B0H347QPS6,,,,,
Xiaomi,"XIAOMI TV A Pro 32, 32 pollici (81 cm), QLED, Smart TV, Google TV, Triple Tuner DVB-C/S/S2/T/T2,Dolby Audio, DTS Virtual:...",https://www.amazon.it/dp/B0FSRZPYZV,32.0,157.98,157.98,EUR,157.98,Amazon,IT,2026-08-16T04:52:12Z,B0FSRZPYZV,,,,,
Sony,Sony XR-85X95K – 85 Pollici- BRAVIA XR - Mini LED – 4K Ultra HD – High Dynamic Range (HDR) – Smart TV (Google TV) – Black ...,https://www.amazon.it/dp/B09ZPVXZVV,85.0,,,,,Amazon,IT,2026-08-16T04:52:12Z,B09ZPVXZVV,,,,,
Xiaomi,"XIAOMI TV FX Mini LED da 43 pollici (101 cm), Smart TV QD-Mini LED, 4K UHD, Fire TV, HDR10+, MEMC, DTS:X, AirPlay 2, HDMI,...",https://www.amazon.it/dp/B0H26RB46K,43.0,349.0,349.0,EUR,349.0,Amazon,IT,2026-08-16T04:52:12Z,B0H26RB46K,,,,,
Samsung,"Samsung Neo QLED 4K Vision AI Smart TV 85'' QE85QN74FATXZT Mini LED, NQ4 AI Gen2 Processor, 4K AI Upscaling, Motion Xceler...",https://www.amazon.it/dp/B0F4SVJHRW,85.0,1299.0,1299.0,EUR,1299.0,Amazon,IT,2026-08-16T04:52:12Z,B0F4SVJHRW,,,,,
Panasonic,"Panasonic TB-43W61AEZ, Serie W61 43 pollici, Smart TV LED 4K Ultra HD, 2025, TiVo, Dolby Vision e Atmos, Game Mode Plus, C...",https://www.amazon.it/dp/B0H2MS6C1G,43.0,269.93,269.93,EUR,269.93,Amazon,IT,2026-08-16T04:52:12Z,B0H2MS6C1G,,,,,
Hisense,"Hisense Smart TV MiniLED 165Hz 65"" 4K 65U79S PRO | Schermo Anti-Riflesso, Dolby Atmos 2.1.2 By Devialet, VIDAA OS, Dolby V...",https://www.amazon.it/dp/B0GR77J8WH,65.0,779.0,779.0,EUR,779.0,Amazon,IT,2026-08-16T04:52:12Z,B0GR77J8WH,,,,,
Sony,"Sony BRAVIA 8 OLED 55 Pollici 4K HDR, Google Smart TV (2024) BRAVIA Theatre Bar 9",https://www.amazon.it/dp/B0D426XDYC,55.0,2347.51,2347.51,EUR,2347.51,Amazon,IT,2026-08-16T04:52:12Z,B0D426XDYC,,,,,
Philips,"PHILIPS Ambilight 43PUS8200 4K LED Smart TV (2025) - Display 43'' con Piattaforma Titan OS, Pixel Precise Ultra HD e Dolby...",https://www.amazon.it/dp/B0F2N565FP,43.0,279.0,279.0,EUR,279.0,Amazon,IT,2026-08-16T04:52:12Z,B0F2N565FP,,,,,
Sony,Sony BRAVIA 8 OLED 65 Pollici 4K HDR Google Smart TV (2024) BRAVIA Theatre Bar 9,https://www.amazon.it/dp/B0D3HX915G,65.0,2779.33,2779.33,EUR,2779.33,Amazon,IT,2026-08-16T04:52:12Z,B0D3HX915G,,,,,
Hisense,"Hisense Smart TV QLED 144Hz 100"" 4K 100E7S PRO | Audio Dolby Atmos, VIDAA OS, Native 144Hz Game Mode, Dolby Vision IQ, HDR...",https://www.amazon.it/dp/B0GR6M9SS6,100.0,1422.51,1422.51,EUR,1422.51,Amazon,IT,2026-08-16T04:52:12Z,B0GR6M9SS6,,,,,
LG,"LG NanoCell AI 65 Pollici, Serie NANO80 2025 Smart TV 4K - 65NANO80A6B | Processore ?7 Gen8, WebOS con AI, Telecomando Pun...",https://www.amazon.it/dp/B0F5HYWHGJ,65.0,549.0,549.0,EUR,549.0,Amazon,IT,2026-08-16T04:52:12Z,B0F5HYWHGJ,,,,,
Hisense,"Hisense Smart TV RGB MiniLED 180Hz 75"" 4K 75UR9S | Schermo Anti-Riflesso, Dolby Atmos 4.1.2 By Devialet, Dolby Vision IQ, ...",https://www.amazon.it/dp/B0GR74VWBH,75.0,1778.93,1778.93,EUR,1778.93,Amazon,IT,2026-08-16T04:52:12Z,B0GR74VWBH,,,,,
Hisense,"Hisense TV 100"" QLED 4K 144Hz 100E7Q PRO, Smart TV VIDAA U8, Dolby Vision IQ, HDR 10+ Adaptive, 144hz Game Mode PRO, Dolby...",https://www.amazon.it/dp/B0F1N92VWF,100.0,1499.0,1499.0,EUR,1499.0,Amazon,IT,2026-08-16T04:52:12Z,B0F1N92VWF,,,,,
Sony,"Sony FW-65EZ20L affichage de messages Écran plat de signalisation numérique 165,1 cm (65"") LED Wifi 350 cd/m² 4K",https://www.amazon.it/dp/B0CW6CK9B6,65.0,,,,,Amazon,IT,2026-08-16T04:52:12Z,B0CW6CK9B6,,,,,
Sony,"SONY FW-55BZ35L affichage de messages Panneau plat de signalisation numérique 139,7 cm (55"") LCD Wifi 550 cd/m² 4K Ult",https://www.amazon.it/dp/B0C9YP4XD8,55.0,1250.23,1250.23,EUR,1250.23,Amazon,IT,2026-08-16T04:52:12Z,B0C9YP4XD8,,,,,
Sony,"Sony KD55X85L 55"" (139cm) 4K Ultra HD Smart Google Full Array LED TV",https://www.amazon.it/dp/B0C4XP7QNZ,55.0,1167.92,1167.92,EUR,1167.92,Amazon,IT,2026-08-16T04:52:12Z,B0C4XP7QNZ,,,,,
Sony,Sony Su-Wl450 -Staffa Per Il Montaggio a Parete Tv Sony da 32 a 85 Pollici,https://www.amazon.it/dp/B00IZEIZB4,85.0,49.99,49.99,EUR,49.99,Amazon,IT,2026-08-16T04:52:12Z,B00IZEIZB4,,,,,
Sony,"SONY FW-50EZ20L affichage de messages Panneau plat de signalisation numérique 127 cm (50"") LED Wifi 350 cd/m² 4K",https://www.amazon.it/dp/B0CXL3XFHN,50.0,729.64,729.64,EUR,729.64,Amazon,IT,2026-08-16T04:52:12Z,B0CXL3XFHN,,,,,
TCL,"TCL 75Q7D Pro – Smart TV SQD‑Mini LED 4K HDR10+ da 75"", 2.000nit | 760 Dimming Zones, Dolby Vision IQ & Atmos, Onkyo 2.1 S...",https://www.amazon.it/dp/B0GXKRP7FM,75.0,1299.9,1299.9,EUR,1299.9,Amazon,IT,2026-08-16T04:52:12Z,B0GXKRP7FM,,,,,
Sony,"SONY FW-75BZ40L affichage de messages Panneau plat de signalisation numérique 190,5 cm (75"") LCD Wifi 700 cd/m² 4K Ult",https://www.amazon.it/dp/B0C9YPPB7J,75.0,2801.3,2801.3,EUR,2801.3,Amazon,IT,2026-08-16T04:52:12Z,B0C9YPPB7J,,,,,
Philips,"PHILIPS Ambilight TV 40PQS6901/12 40 Inch FHD QLED Smart TV | Pixel Precise Ultra HD, Titan OS, Dolby Audio",https://www.amazon.it/dp/B0H34271JQ,40.0,329.0,329.0,EUR,329.0,Amazon,IT,2026-08-16T04:52:12Z,B0H34271JQ,,,,,
Sony,"SONY FW-55BZ30L affichage de messages Panneau plat de signalisation numérique 139,7 cm (55"") LCD Wifi 440 cd/m² 4K Ult",https://www.amazon.it/dp/B0C9YPDMQC,55.0,1028.89,1028.89,EUR,1028.89,Amazon,IT,2026-08-16T04:52:12Z,B0C9YPDMQC,,,,,
Sony,"SONY FW-50BZ30L affichage de messages Panneau plat de signalisation numérique 127 cm (50"") LCD Wifi 440 cd/m² 4K Ultra",https://www.amazon.it/dp/B0C9YQDDG2,50.0,936.89,936.89,EUR,936.89,Amazon,IT,2026-08-16T04:52:12Z,B0C9YQDDG2,,,,,
Sony,"SONY FW-55BZ40L affichage de messages Panneau plat de signalisation numérique 139,7 cm (55"") LCD Wifi 700 cd/m² 4K Ult",https://www.amazon.it/dp/B0C9YPXLS1,55.0,1448.11,1448.11,EUR,1448.11,Amazon,IT,2026-08-16T04:52:12Z,B0C9YPXLS1,,,,,
Xiaomi,"XIAOMI TV A Pro 50, 50 pollici (127 cm), 4K UHD QLED, Smart TV, Google TV, DVB-C/S/S2/T/T2, HDR10, Modalità Game Boost 120...",https://www.amazon.it/dp/B0FSRZF8MJ,50.0,349.99,349.99,EUR,349.99,Amazon,IT,2026-08-16T04:52:12Z,B0FSRZF8MJ,,,,,
TCL,"TCL 98Q7C – Smart TV QD‑Mini LED 4K HDR10+ da 98"", 3.000nit | Dolby Vision IQ & Atmos, HVA Panel, 144Hz Motion Clarity Pr...",https://www.amazon.it/dp/B0F38F4TM3,98.0,2299.9,2299.9,EUR,2299.9,Amazon,IT,2026-08-16T04:52:12Z,B0F38F4TM3,,,,,
LG,"LG QNED AI 55 Pollici, Serie QNED84 2025 Smart TV 4K - 55QNED84A6C",https://www.amazon.it/dp/B0F5HVK17Y,55.0,499.0,499.0,EUR,499.0,Amazon,IT,2026-08-16T04:52:12Z,B0F5HVK17Y,,,,,
Philips,"PHILIPS 43PQS9011/12 43 Inch Ambilight 4K QLED Smart TV | Pixel Precise Ultra HD, Titan OS, Dolby Atmos Sound",https://www.amazon.it/dp/B0H7XYDCLZ,43.0,749.0,749.0,EUR,749.0,Amazon,IT,2026-08-16T04:52:12Z,B0H7XYDCLZ,,,,,
Xiaomi,XIAOMI TV MAX 85 2025 Google TV 85 Inch QLED 144Hz Smart TV Dolby Vision,https://www.amazon.it/dp/B0DJM9QBTR,85.0,999.0,999.0,EUR,999.0,Amazon,IT,2026-08-16T04:52:12Z,B0DJM9QBTR,,,,,
Samsung,"Cello C1626TZH Smart TV 16"" con Tizen OS di Samsung, Bluetooth e audio Pitch Perfect, triplo sintonizzatore, TV compatta i...",https://www.amazon.it/dp/B0GJLL18JJ,16.0,189.99,189.99,EUR,189.99,Amazon,IT,2026-08-16T04:52:12Z,B0GJLL18JJ,,,,,
Xiaomi,"XIAOMI TV S Mini LED 55 pollici (140 cm), QLED Mini LED Televisore, 4K UHD, Smart TV con Google TV, HDR10+, Tuner DVB-C/S/...",https://www.amazon.it/dp/B0GJ3Y5H7W,55.0,549.0,549.0,EUR,549.0,Amazon,IT,2026-08-16T04:52:12Z,B0GJ3Y5H7W,,,,,
Samsung,"Cello C2226TZH TV LED Smart da 22"" senza cornice con Tizen OS di Samsung, Gaming Hub, altoparlanti Pitch Perfect, ideale p...",https://www.amazon.it/dp/B0GHRK4X1B,22.0,189.99,189.99,EUR,189.99,Amazon,IT,2026-08-16T04:52:12Z,B0GHRK4X1B,,,,,
Philips,"PHILIPS 50PUS7000 4K LED Smart TV (2025) - Display 50'' con Piattaforma Titan OS, Pixel Precise Ultra HD e Dolby Atmos Sou...",https://www.amazon.it/dp/B0F2N4CQ1S,50.0,325.55,325.55,EUR,325.55,Amazon,IT,2026-08-16T04:52:12Z,B0F2N4CQ1S,,,,,
Samsung,"Cello C2426TZH TV LED Smart da 24"" senza cornice con Tizen OS di Samsung, Bluetooth, Gaming Hub, altoparlanti Pitch Perfec...",https://www.amazon.it/dp/B0GHRKNV5R,24.0,195.0,195.0,EUR,195.0,Amazon,IT,2026-08-16T04:52:12Z,B0GHRKNV5R,,,,,
Philips,"PHILIPS 50PQS9011/12 50 Inch Ambilight 4K QLED Smart TV | Pixel Precise Ultra HD, Titan OS, Dolby Atmos Sound",https://www.amazon.it/dp/B0H7XV83M9,50.0,799.0,799.0,EUR,799.0,Amazon,IT,2026-08-16T04:52:12Z,B0H7XV83M9,,,,,
Hisense,"Hisense TV 50"" Mini-LED 144Hz 4K 2025 50U72Q, Smart TV VIDAA U8, Dolby Vision IQ, HDR 10+ Adaptive, 144Hz Game Mode PRO, D...",https://www.amazon.it/dp/B0F1WFB6LS,50.0,479.0,479.0,EUR,479.0,Amazon,IT,2026-08-16T04:52:12Z,B0F1WFB6LS,,,,,
Philips,"PHILIPS 55PQS8501/12 55 Inch Ambilight 4K QLED Smart TV, Pixel Precise Ultra HD, Titan OS, Dolby Atmos Sound",https://www.amazon.it/dp/B0H349PF2F,55.0,524.0,524.0,EUR,524.0,Amazon,IT,2026-08-16T04:52:12Z,B0H349PF2F,,,,,
Samsung,"Samsung Crystal UHD 4K Smart TV 50'' UE50U7000FUXZT, Crystal 4K Processor, HDR, Smart Experience, OTS Lite & Adaptive Soun...",https://www.amazon.it/dp/B0F4T26PSR,50.0,339.0,339.0,EUR,339.0,Amazon,IT,2026-08-16T04:52:12Z,B0F4T26PSR,,,,,
Samsung,"Samsung Vision AI Smart TV 65'' QE65S90FATXZT OLED 4K, NQ4 AI Gen3 Processor & 4K AI Upscaling, Motion Xcelerator 144 Hz, ...",https://www.amazon.it/dp/B0GV48BKN8,65.0,1299.0,1299.0,EUR,1299.0,Amazon,IT,2026-08-16T04:52:12Z,B0GV48BKN8,,,,,
Samsung,"Samsung Crystal UHD 4K Smart TV 75'' UE75U8090FUXZT, Crystal 4K Processor, HDR, Smart Experience, OTS Lite & Adaptive Soun...",https://www.amazon.it/dp/B0F4T1Q7JC,75.0,599.0,599.0,EUR,599.0,Amazon,IT,2026-08-16T04:52:12Z,B0F4T1Q7JC,,,,,
Samsung,"Samsung Smart TV 55'' QE55QN94FATXZT Neo QLED 4K Mini LED, NQ4 AI Gen3 Processor, 4K AI Upscaling Pro, Glare Free, Motion ...",https://www.amazon.it/dp/B0F4SHZDF2,55.0,799.0,799.0,EUR,799.0,Amazon,IT,2026-08-16T04:52:12Z,B0F4SHZDF2,,,,,
Samsung,"SAMSUNG Smart TV 24"" UE24F6002FKXXH FHD 2025 [Versione Ungherese]",https://www.amazon.it/dp/B0FLQX6VV4,24.0,,,,,Amazon,IT,2026-08-16T04:52:12Z,B0FLQX6VV4,,,,,
Panasonic,"Panasonic TB-32S45AEZ, Serie S45 32 pollici Smart TV LED Full HD, 2024, TiVo, Controllo Vocale Google e Alexa, Game Mode, ...",https://www.amazon.it/dp/B0H2MTPSGX,32.0,177.21,177.21,EUR,177.21,Amazon,IT,2026-08-16T04:52:12Z,B0H2MTPSGX,,,,,
Samsung,"Samsung Crystal UHD U8079F 4K 43 pollici TV LED Crystal Processore 4K, MetalStream Design, SmartThings, AI Upscaling, Gami...",https://www.amazon.it/dp/B0F7LG4F8P,43.0,319.25,319.25,EUR,319.25,Amazon,IT,2026-08-16T04:52:12Z,B0F7LG4F8P,,,,,
Samsung,"Samsung Smart TV 43"" UE43U8090HUXZT Crystal UHD, Crystal 4K Processor, HDR10+, PurColor, Motion Xcelerator, Dynamic Sound ...",https://www.amazon.it/dp/B0GZL6K88D,43.0,349.0,349.0,EUR,349.0,Amazon,IT,2026-08-16T04:52:12Z,B0GZL6K88D,,,,,
Samsung,"Samsung Smart TV 65"" UE65M72HAUXZT Mini LED 4K, HDR 10+, Motion Xcelerator 50Hz, Dynamic Sound Pack, Gaming Hub, Pure Spec...",https://www.amazon.it/dp/B0GX21RDRY,65.0,572.0,572.0,EUR,572.0,Amazon,IT,2026-08-16T04:52:12Z,B0GX21RDRY,,,,,
Samsung,"Samsung Smart TV 50"" UE50M72HAUXZT Mini LED 4K, HDR 10+, Motion Xcelerator 50Hz, Dynamic Sound Pack, Gaming Hub, Pure Spec...",https://www.amazon.it/dp/B0GX1TF3QW,50.0,449.0,449.0,EUR,449.0,Amazon,IT,2026-08-16T04:52:12Z,B0GX1TF3QW,,,,,
Samsung,"Samsung Smart TV 55"" UE55U8090HUXZT Crystal UHD, Crystal 4K Processor, HDR10+, PurColor, Motion Xcelerator, Dynamic Sound ...",https://www.amazon.it/dp/B0GZL9TNZV,55.0,459.0,459.0,EUR,459.0,Amazon,IT,2026-08-16T04:52:12Z,B0GZL9TNZV,,,,,
Samsung,"Samsung Smart TV 75"" UE75U8090HUXZT Crystal UHD, Crystal 4K Processor, HDR10+, PurColor, Motion Xcelerator, Dynamic Sound ...",https://www.amazon.it/dp/B0GZL46DJ2,75.0,654.0,654.0,EUR,654.0,Amazon,IT,2026-08-16T04:52:12Z,B0GZL46DJ2,,,,,
Samsung,"TD Systems - Smart TV 32 Pollici HD con Tizen OS 8.0 Powered by Samsung, Televisore HDR10 con Sintonizzatore Triplo, Telev...",https://www.amazon.it/dp/B0GPD3CS8S,32.0,170.76,170.76,EUR,170.76,Amazon,IT,2026-08-16T04:52:12Z,B0GPD3CS8S,,,,,
Samsung,"Samsung Full HD Smart TV 24'' UE24F6000FUXZT, Hyper Real Processor, HDR & Pur Color, Smart Experience, OTS Lite & Adaptive...",https://www.amazon.it/dp/B0F7LM4MHT,24.0,171.0,171.0,EUR,171.0,Amazon,IT,2026-08-16T04:52:12Z,B0F7LM4MHT,,,,,
Samsung,"Samsung Smart TV 43"" QE43LS03HEUXZT The Frame 4K QLED, Glare Free, HDR10+, Motion Xcelerator 144Hz, Dolby Atmos, Modern Fr...",https://www.amazon.it/dp/B0GWDKM28W,43.0,799.0,799.0,EUR,799.0,Amazon,IT,2026-08-16T04:52:12Z,B0GWDKM28W,,,,,
LG,"LG QNED AI 55 Pollici, Serie QNED80 2025 Smart TV 4K - 55QNED80A6A | Processore ?7 Gen8, Dynamic QNED Color, Design Super ...",https://www.amazon.it/dp/B0F556SYCJ,55.0,399.0,399.0,EUR,399.0,Amazon,IT,2026-08-16T04:52:12Z,B0F556SYCJ,,,,,
LG,"LG OLED AI 65 Pollici, Serie B5 2025 Smart TV 4K - OLED65B56LA | Processore α8 Gen2, WebOS con AI, Dolby Vision e Atmos, G...",https://www.amazon.it/dp/B0F44DD5YL,65.0,1149.0,1149.0,EUR,1149.0,Amazon,IT,2026-08-16T04:52:12Z,B0F44DD5YL,,,,,
LG,"LG OLED evo AI 65 Pollici, Serie G5 2025 Smart TV 4K - OLED65G55LW | Staffa a Muro Inclusa, Processore α11 Gen2, Brightnes...",https://www.amazon.it/dp/B0F44H2LHW,65.0,1699.0,1699.0,EUR,1699.0,Amazon,IT,2026-08-16T04:52:12Z,B0F44H2LHW,,,,,
LG,"LG OLED evo AI 55 Pollici, Serie G6S 2026 Smart TV 4K - OLED55G66LS | Base da Appoggio, Hyper Radiant Color, Reflection Fr...",https://www.amazon.it/dp/B0GWMTXL1G,55.0,1437.0,1437.0,EUR,1437.0,Amazon,IT,2026-08-16T04:52:12Z,B0GWMTXL1G,,,,,
LG,"LG OLED48C55LA - TV 48 Pollici, 4K, Smart TV, OLED, DVB-T2, Wi-Fi, HEVC/H.265, Classe energetica G",https://www.amazon.it/dp/B0FFH34DCP,48.0,833.87,833.87,EUR,833.87,Amazon,IT,2026-08-16T04:52:12Z,B0FFH34DCP,,,,,
LG,"LG OLED evo AI C5 77 pollici, Smart TV 4K, Processore α9 Gen8, Brightness Booster, webOS con AI, Dolby Vision & Atmos, Gam...",https://www.amazon.it/dp/B0F44DFLXH,77.0,,,,,Amazon,IT,2026-08-16T04:52:12Z,B0F44DFLXH,,,,,
LG,"LG NANO AI UHD 55 Pollici, Serie NU8E 2026 Smart TV 4K - 55NU8E0B3LA | Processore con Nano Detail Enhancer, AI Chatbot, AI...",https://www.amazon.it/dp/B0GWN7YD2W,55.0,399.0,399.0,EUR,399.0,Amazon,IT,2026-08-16T04:52:12Z,B0GWN7YD2W,,,,,
LG,"LG QNED evo AI MiniLED 55 Pollici, Serie QNED86B 2026 Smart TV 4K - 55QNED86B6B",https://www.amazon.it/dp/B0GWN2ZF85,55.0,701.88,701.88,EUR,701.88,Amazon,IT,2026-08-16T04:52:12Z,B0GWN2ZF85,,,,,
LG,"LG QNED evo AI MiniLED 50 Pollici, Serie QNED86B 2026 Smart TV 4K - 50QNED86B6B",https://www.amazon.it/dp/B0GWN8KYY3,50.0,699.0,699.0,EUR,699.0,Amazon,IT,2026-08-16T04:52:12Z,B0GWN8KYY3,,,,,
LG,"LG QNED evo AI MiniLED 65 Pollici, Serie QNED86B 2026 Smart TV 4K - 65QNED86B6B",https://www.amazon.it/dp/B0GWN457ZW,65.0,999.0,999.0,EUR,999.0,Amazon,IT,2026-08-16T04:52:12Z,B0GWN457ZW,,,,,
LG,"LG QNED evo AI MiniLED 75 Pollici, Serie QNED86B 2026 Smart TV 4K - 75QNED86B6B",https://www.amazon.it/dp/B0GWMY6RP2,75.0,1618.78,1618.78,EUR,1618.78,Amazon,IT,2026-08-16T04:52:12Z,B0GWMY6RP2,,,,,
LG,"LG QNED evo AI MiniLED 86 Pollici, Serie QNED86B 2026 Smart TV 4K - 86QNED86B6B",https://www.amazon.it/dp/B0GWN87PQN,86.0,2123.34,2123.34,EUR,2123.34,Amazon,IT,2026-08-16T04:52:12Z,B0GWN87PQN,,,,,
LG,"LG UHD 55'', Serie UT73 2024, Smart TV 4K, 55UT73006LA, Processore α5 Gen7, 20W, 3 HDMI, HDR10 Pro, Filmmaker Mode, Game O...",https://www.amazon.it/dp/B0D4MLYBNT,55.0,386.1,386.1,EUR,386.1,Amazon,IT,2026-08-16T04:52:12Z,B0D4MLYBNT,,,,,
Panasonic,"Panasonic TV-32S55AEZ, Serie S55 32 pollici Smart TV LED Full HD, 2024, Fire TV, HD Colour Engine, HDR, Alexa Voice Contro...",https://www.amazon.it/dp/B0H2MK9V3P,32.0,183.2,183.2,EUR,183.2,Amazon,IT,2026-08-16T04:52:12Z,B0H2MK9V3P,,,,,
TCL,"TCL 32SF560 – Smart TV Full HD QLED HDR da 32"", Fire TV | Press & Ask Alexa, Metallic Bezel-Less Design",https://www.amazon.it/dp/B0F9PVTQL2,32.0,179.0,179.0,EUR,179.0,Amazon,IT,2026-08-16T04:52:12Z,B0F9PVTQL2,,,,,
TCL,"TCL 75T6C – Smart TV QLED 4K HDR10+ da 75"", Fire TV con Dolby Atmos | Game Mast, VRR, Dolby Vision, Motion Clarity, Press...",https://www.amazon.it/dp/B0DW996637,75.0,598.0,598.0,EUR,598.0,Amazon,IT,2026-08-16T04:52:12Z,B0DW996637,,,,,
TCL,"TCL 55P7K 55” QLED 4K HDR TV, Google TV, Smart TV (Dolby Vision & Atmos, Game Master, Motion clarity) | Dolby Vision & Atm...",https://www.amazon.it/dp/B0F99Z7M9M,55.0,396.0,396.0,EUR,396.0,Amazon,IT,2026-08-16T04:52:12Z,B0F99Z7M9M,,,,,
TCL,"TCL 85T6C – Smart TV QLED 4K HDR10+ da 85"", Fire TV con Dolby Atmos | Game Maste, VRR, Dolby Vision, Motion Clarity, Onkyo...",https://www.amazon.it/dp/B0F24HZMZ9,85.0,889.9,889.9,EUR,889.9,Amazon,IT,2026-08-16T04:52:12Z,B0F24HZMZ9,,,,,
TCL,"TCL Serie Smart TV 4K Ultra HD 55"" 55P69K, Dolby Audio, HDR10+, Google TV, Hevc main 10, DVB-T2",https://www.amazon.it/dp/B0FMRTRKFL,55.0,329.0,329.0,EUR,329.0,Amazon,IT,2026-08-16T04:52:12Z,B0FMRTRKFL,,,,,
TCL,"TCL 85T6C 85"" QLED TV 4K HDR, Fire TV (Dolby Vision e Atmos, HDR10+, Premi e Chiedi ad Alexa)",https://www.amazon.it/dp/B0FC5P7QFK,85.0,988.88,988.88,EUR,988.88,Amazon,IT,2026-08-16T04:52:12Z,B0FC5P7QFK,,,,,
TCL,"TCL 55V6D – Smart TV 4K HDR10+ da 55"" con Fire TV e Dolby Atmos | DTS:X, Game Master, Motion Clarity, Apple AirPlay 2, Pre...",https://www.amazon.it/dp/B0GQHGGWHX,55.0,379.9,379.9,EUR,379.9,Amazon,IT,2026-08-16T04:52:12Z,B0GQHGGWHX,,,,,
TCL,"TCL 43V6D – Smart TV 4K HDR10+ da 43"" con Fire TV e Dolby Atmos | DTS:X, Game Master, Motion Clarity, Apple AirPlay 2, Pre...",https://www.amazon.it/dp/B0GQHTCGBB,43.0,329.9,329.9,EUR,329.9,Amazon,IT,2026-08-16T04:52:12Z,B0GQHTCGBB,,,,,
TCL,"TCL 50V6D – Smart TV 4K HDR10+ da 50"" con Fire TV e Dolby Atmos | DTS:X, Game Master, Motion Clarity, Apple AirPlay 2, Pre...",https://www.amazon.it/dp/B0GQHFQC2X,50.0,369.9,369.9,EUR,369.9,Amazon,IT,2026-08-16T04:52:12Z,B0GQHFQC2X,,,,,
TCL,"TCL 65V6D – Smart TV 4K HDR10+ da 65"" con Fire TV e Dolby Atmos | DTS:X, Game Master, Motion Clarity, Apple AirPlay 2, Pre...",https://www.amazon.it/dp/B0GQHNCZBK,65.0,480.1,480.1,EUR,480.1,Amazon,IT,2026-08-16T04:52:12Z,B0GQHNCZBK,,,,,
TCL,"TCL 65T8D – Smart TV QD‑Mini LED 4K HDR10+ da 65"", pensato per il gaming, 144Hz VRR",https://www.amazon.it/dp/B0GR9FLCYT,65.0,699.9,699.9,EUR,699.9,Amazon,IT,2026-08-16T04:52:12Z,B0GR9FLCYT,,,,,
TCL,"TCL 75V6D – Smart TV 4K HDR10+ da 75"" con Fire TV e Dolby Atmos | DTS:X, Game Master, Motion Clarity, Apple AirPlay 2, Pre...",https://www.amazon.it/dp/B0GQHHZD3H,75.0,627.0,627.0,EUR,627.0,Amazon,IT,2026-08-16T04:52:12Z,B0GQHHZD3H,,,,,
TCL,"TCL 75T8D – Smart TV QD‑Mini LED 4K HDR10+ da 75"", pensato per il gaming, 144Hz VRR",https://www.amazon.it/dp/B0GR9GFMCD,75.0,899.0,899.0,EUR,899.0,Amazon,IT,2026-08-16T04:52:12Z,B0GR9GFMCD,,,,,
TCL,"TCL 98Q7D Pro – Smart TV SQD‑Mini LED 4K HDR10+ da 98"", 2.000nit | 1,152 Dimming Zones, Dolby Vision IQ & Atmos, Onkyo 2.1...",https://www.amazon.it/dp/B0GXKP3KLR,98.0,2499.9,2499.9,EUR,2499.9,Amazon,IT,2026-08-16T04:52:12Z,B0GXKP3KLR,,,,,
TCL,"TCL 65P7K 65”QLED 4K HDR TV, Google TV, Smart TV(Dolby Vision & Atmos, Game Master, Motion clarity) | Dolby Vision & Atmo...",https://www.amazon.it/dp/B0FH78VT5V,65.0,506.46,506.46,EUR,506.46,Amazon,IT,2026-08-16T04:52:12Z,B0FH78VT5V,,,,,
TCL,"TCL 40V5C – Smart TV Full HD QLED HDR da 40"", Android TV | Google Cast, Compatible with Google Home, Slim Design",https://www.amazon.it/dp/B0F3XN9M4V,40.0,,,,,Amazon,IT,2026-08-16T04:52:12Z,B0F3XN9M4V,,,,,
Hisense,"Hisense TV 40"" Full HD 2025 40E43QT, Smart TV VIDAA U8, Airplay2, Game Mode, Works with Alexa, Tuner DVB-T2/S2 HEVC 10, la...",https://www.amazon.it/dp/B0F1W5FDW7,40.0,199.0,199.0,EUR,199.0,Amazon,IT,2026-08-16T04:52:12Z,B0F1W5FDW7,,,,,
Hisense,"Hisense TV 55"" QLED 4K 2025 55A72Q, Smart TV VIDAA U8, Dolby Vision, HDR 10+, Game Mode Plus, Dolby Atmos 2.1 con Subwoofe...",https://www.amazon.it/dp/B0F1W75RH2,55.0,379.0,379.0,EUR,379.0,Amazon,IT,2026-08-16T04:52:12Z,B0F1W75RH2,,,,,
Hisense,"Hisense TV 65"" QLED 4K 2025 65E78Q, Smart TV VIDAA U8, Dolby Vision, HDR 10+, Game Mode Plus, Dolby Atmos, Alexa Built-in,...",https://www.amazon.it/dp/B0F1WB76Q2,65.0,502.39,502.39,EUR,502.39,Amazon,IT,2026-08-16T04:52:12Z,B0F1WB76Q2,,,,,
Hisense,"Hisense TV 75"" QLED 4K 2025 75A72Q, Smart TV VIDAA U8, Dolby Vision, HDR 10+, Game Mode Plus, Dolby Atmos 2.1 con Subwoofe...",https://www.amazon.it/dp/B0F1W9LQDR,75.0,599.0,599.0,EUR,599.0,Amazon,IT,2026-08-16T04:52:12Z,B0F1W9LQDR,,,,,
Hisense,"Hisense Smart TV QLED 40"" Full HD TV 40E5ST | Audio Dolby Atmos, VIDAA OS con 1000+ APP, HDR10, Game Mode, Works with Alex...",https://www.amazon.it/dp/B0GM1QR1GT,40.0,249.0,249.0,EUR,249.0,Amazon,IT,2026-08-16T04:52:12Z,B0GM1QR1GT,,,,,
Hisense,"Hisense Smart TV 85"" 4K Ultra HD 2025 85E63QT, Smart TV VIDAA U8, Dolby Vision, HDR 10, Game Mode Plus, Alexa Built-in, VI...",https://www.amazon.it/dp/B0F1WHZW3P,85.0,699.0,699.0,EUR,699.0,Amazon,IT,2026-08-16T04:52:12Z,B0F1WHZW3P,,,,,
Hisense,"Hisense TV 65"" Mini-LED 144Hz 4K 2025 65U72Q, Smart TV VIDAA U8, Dolby Vision IQ, HDR 10+ Adaptive, 144Hz Game Mode PRO, D...",https://www.amazon.it/dp/B0F1WF79YJ,65.0,649.0,649.0,EUR,649.0,Amazon,IT,2026-08-16T04:52:12Z,B0F1WF79YJ,,,,,
Hisense,"Hisense TV 85"" QLED 4K 2025 85E78Q, Smart TV VIDAA U8, Dolby Vision, HDR 10+, Game Mode Plus, Dolby Atmos, Alexa Built-in,...",https://www.amazon.it/dp/B0F1VWYVYR,85.0,799.0,799.0,EUR,799.0,Amazon,IT,2026-08-16T04:52:12Z,B0F1VWYVYR,,,,,
Hisense,"Hisense TV 75"" Mini-LED 165Hz 4K 2025 75U8Q, Octagonal Stand, Dolby Atmos Multi-Channel Surround 4.1.2, Smart TV VIDAA U9 ...",https://www.amazon.it/dp/B0F1W3TRZT,75.0,1399.0,1399.0,EUR,1399.0,Amazon,IT,2026-08-16T04:52:12Z,B0F1W3TRZT,,,,,
Hisense,"Hisense TV 32"" HD Ready 32E43NT, Smart TV VIDAA U7, Game Mode, Works with Alexa, Tuner DVB-T2/S2 HEVC 10, lativù",https://www.amazon.it/dp/B0CZXPGPFV,32.0,175.9,175.9,EUR,175.9,Amazon,IT,2026-08-16T04:52:12Z,B0CZXPGPFV,,,,,
Hisense,"Hisense Smart TV QLED 55"" 4K 55A7S | Audio Dolby Atmos, Design Unibody Slim, VIDAA OS, Dolby Vision IQ, HDR 10+, BT, Wifi,...",https://www.amazon.it/dp/B0GSBJMYTB,55.0,399.0,399.0,EUR,399.0,Amazon,IT,2026-08-16T04:52:12Z,B0GSBJMYTB,,,,,
Hisense,"Hisense Smart TV QLED 144Hz 85"" 4K 85E7S PRO | Audio Dolby Atmos, VIDAA OS, Native 144Hz Game Mode, Dolby Vision IQ, HDR 1...",https://www.amazon.it/dp/B0GR6KRXBJ,85.0,999.0,999.0,EUR,999.0,Amazon,IT,2026-08-16T04:52:12Z,B0GR6KRXBJ,,,,,
Hisense,"Hisense TV 50"" 4K Ultra HD 50A6N, Smart TV VIDAA U7, Dolby Vision, HDR 10+, DTS Virtual:X, Game Mode, Alexa Built-in, VIDA...",https://www.amazon.it/dp/B0CZWTSGZX,50.0,399.9,399.9,EUR,399.9,Amazon,IT,2026-08-16T04:52:12Z,B0CZWTSGZX,,,,,
Hisense,"Hisense Smart TV QLED 65"" 4K 65E7DS | Audio Dolby Atmos, VIDAA OS, Dolby Vision IQ, HDR 10+, Game Mode, Bluetooth, Wifi, A...",https://www.amazon.it/dp/B0GM1NNY7D,65.0,549.0,549.0,EUR,549.0,Amazon,IT,2026-08-16T04:52:12Z,B0GM1NNY7D,,,,,
Hisense,"Hisense Smart TV 65"" 4K Ultra HD 65E6ST | DTS Virtual X, VIDAA OS con 1000+ APP, HDR 10+, Game Mode Plus, Bluetooth, Wifi,...",https://www.amazon.it/dp/B0GM1GRB7M,65.0,479.0,479.0,EUR,479.0,Amazon,IT,2026-08-16T04:52:12Z,B0GM1GRB7M,,,,,
Hisense,"Hisense Smart TV QLED 43"" 4K Dèco TV 43S5Q | Audio Dolby Atmos, VIDAA OS, HDR10, Game Mode Plus, Bluetooth, Wifi, Works wi...",https://www.amazon.it/dp/B0GM1RDY9Z,43.0,368.0,368.0,EUR,368.0,Amazon,IT,2026-08-16T04:52:12Z,B0GM1RDY9Z,,,,,
Sony,Sony BRAVIA 5 XR Mini LED 85 Pollici | Processore AI XR | Acoustic Multi-Audio | Dolby Vision/Atmos | IMAX Enhanced | Goog...,https://www.amazon.it/dp/B0F4KZW14B,85.0,1799.0,1799.0,EUR,1799.0,Amazon,IT,2026-08-16T04:52:12Z,B0F4KZW14B,,,,,
Sony,"Sony BRAVIA 2Ⅱ 65"", 4K Smart TV (Google TV), Processore X1,4K Upscaling, Televisione con Dolby Atmos e DTS:X, compatibile ...",https://www.amazon.it/dp/B0GZKY262Y,65.0,685.99,685.99,EUR,685.99,Amazon,IT,2026-08-16T04:52:12Z,B0GZKY262Y,,,,,
Sony,"Sony BRAVIA 2Ⅱ 75"", 4K Smart TV (Google TV), Processore X1,4K Upscaling, Televisione con Dolby Atmos e DTS:X, compatibile ...",https://www.amazon.it/dp/B0GZKYXYQX,75.0,951.0,951.0,EUR,951.0,Amazon,IT,2026-08-16T04:52:12Z,B0GZKYXYQX,,,,,
Sony,"TV Sony BRAVIA 3Ⅱ50 pollici, Smart TV 4K (Google TV), processore XR con tecnologia AI, 120 Hz con Dolby Vision/Atmos, comp...",https://www.amazon.it/dp/B0GZQ4G7BL,50.0,899.0,899.0,EUR,899.0,Amazon,IT,2026-08-16T04:52:12Z,B0GZQ4G7BL,,,,,
Sony,"TV Sony BRAVIA 3Ⅱ55 pollici, Smart TV 4K (Google TV), processore XR con tecnologia AI, 120 Hz con Dolby Vision/Atmos, comp...",https://www.amazon.it/dp/B0GZPV9JS8,55.0,969.0,969.0,EUR,969.0,Amazon,IT,2026-08-16T04:52:12Z,B0GZPV9JS8,,,,,
Sony,"TV Sony BRAVIA 3Ⅱ65 pollici, Smart TV 4K (Google TV), processore XR con tecnologia AI, 120 Hz con Dolby Vision/Atmos, comp...",https://www.amazon.it/dp/B0GZPZZRWL,65.0,1219.0,1219.0,EUR,1219.0,Amazon,IT,2026-08-16T04:52:12Z,B0GZPZZRWL,,,,,
Samsung,"Samsung Q7F QE75Q7FAAU 190,5 cm (75"") 4K Ultra HD Smart TV Wi-Fi Nero",https://www.amazon.it/dp/B0FHXBX2RN,75.0,699.3,699.3,EUR,699.3,Amazon,IT,2026-08-16T04:52:12Z,B0FHXBX2RN,,,,,
Samsung,"Samsung QLED Q7F 4K Smart TV 55"" con visione AI, volume di colore 100% con Quantum Dot, HDR10+, processore Q4 AI, One UI T...",https://www.amazon.it/dp/B0FM8SY9ZK,55.0,,,,,Amazon,IT,2026-08-16T04:52:12Z,B0FM8SY9ZK,,,,,
Samsung,"Samsung QLED 4K Vision AI Smart TV 85'' QE85Q7F4AUXZT, Q4 Processor, 100% Volume Colore con Quantum Dot, Motion Xcelerato...",https://www.amazon.it/dp/B0F4SJ1196,85.0,899.0,899.0,EUR,899.0,Amazon,IT,2026-08-16T04:52:12Z,B0F4SJ1196,,,,,
Samsung,"Samsung QLED 4K Vision AI Smart TV 75'' QE75Q7F4AUXZT QLED 4K, Q4 Processor, 100% Volume Colore con Quantum Dot, Motion Xc...",https://www.amazon.it/dp/B0F4T3GMCN,75.0,799.0,799.0,EUR,799.0,Amazon,IT,2026-08-16T04:52:12Z,B0F4T3GMCN,,,,,
Samsung,"SAMSUNG Q7F QE75Q7FAAU 190,5 cm (75"") 4K Ultra HD Smart TV Wi-Fi Nero [Versione Ungherese] (Ricondizionato)",https://www.amazon.it/dp/B0HCCHCKV3,75.0,623.0,623.0,EUR,623.0,Amazon,IT,2026-08-16T04:52:12Z,B0HCCHCKV3,,,,,
Samsung,"SAMSUNG Q7F QE75Q7FAAU 190,5 cm (75"") 4K Ultra HD Smart TV Wi-Fi Nero [Versione Ungherese]",https://www.amazon.it/dp/B0FMRWNLRQ,75.0,,,,,Amazon,IT,2026-08-16T04:52:12Z,B0FMRWNLRQ,,,,,
Samsung,"Smart TV Samsung TQ75Q7F 75"" 4K Ultra HD HDR QLED [Versione Francese, Spagnola, Portoghese]",https://www.amazon.it/dp/B0F2FMVN12,75.0,936.88,936.88,EUR,936.88,Amazon,IT,2026-08-16T04:52:12Z,B0F2FMVN12,,,,,
LG,"LG UHD AI 75 Pollici, Serie UA75 2025 Smart TV 4K Ultra HD - 75UA75006LA | Processore ?7 Gen8, WebOS con AI, Filmmaker Mod...",https://www.amazon.it/dp/B0F565WRPV,75.0,649.0,649.0,EUR,649.0,Amazon,IT,2026-08-16T04:52:12Z,B0F565WRPV,,,,,
LG,"TV - Televisione intelligente LG 32LQ630B6LA 32"" HD LED WIFI",https://www.amazon.it/dp/B09XXX78CS,32.0,,,,,Amazon,IT,2026-08-16T04:52:12Z,B09XXX78CS,,,,,
LG,LG OLED65B6ELC - TV 65 Pollici Smart TV 4K OLED HEVC/H.265 Wifi Classe Energetica F,https://www.amazon.it/dp/B0H1MZTYM8,65.0,1391.46,1391.46,EUR,1391.46,Amazon,IT,2026-08-16T04:52:12Z,B0H1MZTYM8,,,,,
TCL,"TCL 55T69C – Smart TV QLED 4K HDR10+ da 55"", Google TV con Dolby Atmos | Game Mast, Dolby Vision, Motion Clarity, Google A...",https://www.amazon.it/dp/B0F8QFPB14,55.0,372.0,372.0,EUR,372.0,Amazon,IT,2026-08-16T04:52:12Z,B0F8QFPB14,,,,,
TCL,"TCL A300 Pro – Smart TV 4K da 65"", TV NXTVISION QLED Pro | Matte Screen, 230W Soundbar & Subwoofer, Dolby Vision IQ, Audio...",https://www.amazon.it/dp/B0F2GKG2R1,65.0,999.9,999.9,EUR,999.9,Amazon,IT,2026-08-16T04:52:12Z,B0F2GKG2R1,,,,,
Hisense,"Hisense Smart TV MiniLED 144Hz 50"" 4K 50E8S | Dolby Atmos 2.1 By Devialet, Dolby Vision IQ, HDR10+, VIDAA OS, Alexa, lativ...",https://www.amazon.it/dp/B0GQDSSGNB,50.0,499.0,499.0,EUR,499.0,Amazon,IT,2026-08-16T04:52:12Z,B0GQDSSGNB,,,,,
Hisense,"Hisense Smart TV MiniLED 144Hz 65"" 4K 65E8S | Dolby Atmos 2.1 By Devialet, Dolby Vision IQ, HDR10+, VIDAA OS, Alexa, lativ...",https://www.amazon.it/dp/B0GQF24H9M,65.0,699.0,699.0,EUR,699.0,Amazon,IT,2026-08-16T04:52:12Z,B0GQF24H9M,,,,,
Hisense,"Hisense Smart TV MiniLED 144Hz 55"" 4K 55E8S | Dolby Atmos 2.1 By Devialet, Dolby Vision IQ, HDR10+, VIDAA OS, Alexa, lativ...",https://www.amazon.it/dp/B0GQDXNH3L,55.0,529.0,529.0,EUR,529.0,Amazon,IT,2026-08-16T04:52:12Z,B0GQDXNH3L,,,,,
Hisense,"Hisense Smart TV QLED 58"" 4K 58E7DS | Audio Dolby Atmos, VIDAA OS, Dolby Vision IQ, HDR 10+, Game Mode, Bluetooth, Wifi, A...",https://www.amazon.it/dp/B0GM1RDCJC,58.0,399.0,399.0,EUR,399.0,Amazon,IT,2026-08-16T04:52:12Z,B0GM1RDCJC,,,,,
Hisense,"Hisense 55A8DQ Smart TV OLED, 55"", 4K, VIDAA con 1000+APP, Dolby Vision IQ, HDR 10+ Adaptive, 120Hz Game Mode PRO, Audio D...",https://www.amazon.it/dp/B0FQ68RDVW,55.0,,,,,Amazon,IT,2026-08-16T04:52:12Z,B0FQ68RDVW,,,,,
Sony,"SONY BRAVIA 3 K43S39BP Smart TV LED UHD 43"" 4K GOOGLE TV SAT DVB-T2, HEVC MAIN 10",https://www.amazon.it/dp/B0FPG6BWZ1,43.0,439.0,439.0,EUR,439.0,Amazon,IT,2026-08-16T04:52:12Z,B0FPG6BWZ1,,,,,
Hisense,"Hisense Smart TV 58"" 4K Ultra HD 2025 58E63QT, Smart TV VIDAA U8, Dolby Vision, HDR 10, Game Mode Plus, Alexa Built-in, VI...",https://www.amazon.it/dp/B0F1W3GJ1J,58.0,349.0,349.0,EUR,349.0,Amazon,IT,2026-08-16T04:52:12Z,B0F1W3GJ1J,,,,,
Panasonic,"Panasonic Premium TV-43W80AEZC, 43 Pollici TV QLED 4K Ultra HD, Fire TV | Dolby Vision e Atmos, Modalità Game Plus, Contro...",https://www.amazon.it/dp/B0H2MMG7TD,43.0,499.0,499.0,EUR,499.0,Amazon,IT,2026-08-16T04:52:12Z,B0H2MMG7TD,,,,,
Samsung,"Samsung QLED Q8F 4K Smart TV 75"" con visione AI, volume 100% di colore con Quantum Dot, HDR10+, processore Q4 AI, One UI T...",https://www.amazon.it/dp/B0FHXMLHHK,75.0,,,,,Amazon,IT,2026-08-16T04:52:12Z,B0FHXMLHHK,,,,,
Samsung,"Samsung Crystal UHD 4K Smart TV 65'' UE65U8090FUXZT, Crystal 4K Processor, HDR, Smart Experience, OTS Lite & Adaptive Soun...",https://www.amazon.it/dp/B0F4SYKX5G,65.0,499.0,499.0,EUR,499.0,Amazon,IT,2026-08-16T04:52:12Z,B0F4SYKX5G,,,,,
Samsung,"Samsung QLED Q8F 4K Smart TV 85 pollici con visione AI, volume di colore al 100% con Quantum Dot, il vero Quantum Dot e Mo...",https://www.amazon.it/dp/B0F2FLDHZD,85.0,1648.88,1648.88,EUR,1648.88,Amazon,IT,2026-08-16T04:52:12Z,B0F2FLDHZD,,,,,
Samsung,"Samsung QE43Q8FAAUXZT TV 43"" 4K Ultra HD, Smart TV, Wi-Fi, DVB-T2, Hevc Main 10",https://www.amazon.it/dp/B0FM3YV48J,43.0,393.05,393.05,EUR,393.05,Amazon,IT,2026-08-16T04:52:12Z,B0FM3YV48J,,,,,
LG,"LG OLED evo AI 77 Pollici, Serie C6 2026 Smart TV 4K - OLED77C64LA | Hyper Radiant Color, Reflection Free Premium, Process...",https://www.amazon.it/dp/B0GWMVM78J,77.0,2699.0,2699.0,EUR,2699.0,Amazon,IT,2026-08-16T04:52:12Z,B0GWMVM78J,,,,,
LG,"LG OLED evo AI 48 Pollici, Serie C6 2026 Smart TV 4K - OLED48C64LA | Brightness Booster, Processore ?11 Gen3, Dual AI Engi...",https://www.amazon.it/dp/B0GWNBTJVT,48.0,1199.0,1199.0,EUR,1199.0,Amazon,IT,2026-08-16T04:52:12Z,B0GWNBTJVT,,,,,
LG,"LG OLED evo AI 55 Pollici, Serie C6 2026 Smart TV 4K - OLED55C64LA | Brightness Booster, Processore ?11 Gen3, Dual AI Engi...",https://www.amazon.it/dp/B0GWN8FYTQ,55.0,1459.0,1459.0,EUR,1459.0,Amazon,IT,2026-08-16T04:52:12Z,B0GWN8FYTQ,,,,,
Xiaomi,"XIAOMI TV F 55, 55 pollici (140 cm),4K UHD,Smart TV,Fire TV, Triple Tuner DVB-C/S/S2/T/T2,HDR10, MEMC, Modalità Game Boost...",https://www.amazon.it/dp/B0F457G5QG,55.0,324.9,324.9,EUR,324.9,Amazon,IT,2026-08-16T04:52:12Z,B0F457G5QG,,,,,
Philips,"PHILIPS Ambilight 55PUS8200 4K LED Smart TV (2025) - Display 55'' con Piattaforma Titan OS, Pixel Precise Ultra HD e Dolby...",https://www.amazon.it/dp/B0F2N7LRL4,55.0,379.0,379.0,EUR,379.0,Amazon,IT,2026-08-16T04:52:12Z,B0F2N7LRL4,,,,,
Samsung,"Samsung Neo QLED 4K Vision AI Smart TV 75'' QE75QN74FATXZT Mini LED, NQ4 AI Gen2 Processor, 4K AI Upscaling,Motion Xcelera...",https://www.amazon.it/dp/B0F4T8RSJS,75.0,983.0,983.0,EUR,983.0,Amazon,IT,2026-08-16T04:52:12Z,B0F4T8RSJS,,,,,
TCL,"TCL 65C8L – Smart TV SQD‑Mini LED 4K HDR10+ da 65"", 5.000nit | 2,040 Dimming Zones, Dolby Vision IQ & Atmos, 144Hz, ZeroBo...",https://www.amazon.it/dp/B0GTZLF677,65.0,,,,,Amazon,IT,2026-08-16T04:52:12Z,B0GTZLF677,,,,,
TCL,"TCL 65Q8C – Smart TV QD‑Mini LED 4K HDR10+ da 65"", 4.500nit, ZeroBorder | Dolby Vision IQ & Atmos, CrystGlow WHVA Panel, 1...",https://www.amazon.it/dp/B0F9WRKNS3,65.0,1199.9,1199.9,EUR,1199.9,Amazon,IT,2026-08-16T04:52:12Z,B0F9WRKNS3,,,,,
TCL,"TCL 65T6C – Smart TV QLED 4K HDR10+ da 65"", Fire TV con Dolby Atmos | Game Mast, VRR, Dolby Vision, Motion Clarity, Press...",https://www.amazon.it/dp/B0DW96CFKL,65.0,498.0,498.0,EUR,498.0,Amazon,IT,2026-08-16T04:52:12Z,B0DW96CFKL,,,,,
TCL,"TCL 75C6K – Smart TV QD‑Mini LED 4K HDR10+ da 75"", Google TV | Dolby Vision IQ & Atmos, 144Hz Motion Clarity Pro, Game Mas...",https://www.amazon.it/dp/B0F94DQTQH,75.0,,,,,Amazon,IT,2026-08-16T04:52:12Z,B0F94DQTQH,,,,,
TCL,"TCL 65P6K – Smart TV 4K HDR Direct LED da 65"", Google TV con Dolby Audio | Motion Clarity, Google Assistant, Compatible wi...",https://www.amazon.it/dp/B0F74855ZF,65.0,399.9,399.9,EUR,399.9,Amazon,IT,2026-08-16T04:52:12Z,B0F74855ZF,,,,,
Hisense,"Hisense Smart TV MiniLED 144Hz 50"" 4K 50U7SE | Dolby Atmos 2.1 By Devialet, Dolby Vision IQ, HDR10+, VIDAA OS, Alexa, lati...",https://www.amazon.it/dp/B0GKQ1371K,50.0,518.15,518.15,EUR,518.15,Amazon,IT,2026-08-16T04:52:12Z,B0GKQ1371K,,,,,
Hisense,"Hisense Smart TV MiniLED 144Hz 75"" 4K 75U7SE | Dolby Atmos 2.1 By Devialet, Dolby Vision IQ, HDR10+, VIDAA OS, Alexa, lati...",https://www.amazon.it/dp/B0GKPMTBMC,75.0,929.0,929.0,EUR,929.0,Amazon,IT,2026-08-16T04:52:12Z,B0GKPMTBMC,,,,,
Samsung,"Samsung Neo QLED 4K QN85F 85 pollici Mini TV LED, processore NQ4 AI Gen2, Quantum Matrix Technology Slim, Motion Xcelerato...",https://www.amazon.it/dp/B0FNMYQ547,85.0,2956.36,2956.36,EUR,2956.36,Amazon,IT,2026-08-16T04:52:12Z,B0FNMYQ547,,,,,
Samsung,"Samsung Crystal UHD 4K Smart TV 85'' UE85U8090FUXZT, Crystal 4K Processor, HDR, Smart Experience, OTS Lite & Adaptive Soun...",https://www.amazon.it/dp/B0F4SHY3F2,85.0,799.0,799.0,EUR,799.0,Amazon,IT,2026-08-16T04:52:12Z,B0F4SHY3F2,,,,,
Samsung,"Samsung Crystal UHD 4K Smart TV 85'' UE85U7000FUXZT, Crystal 4K Processor, HDR, Smart Experience, OTS Lite & Adaptive Soun...",https://www.amazon.it/dp/B0F4STR391,85.0,799.0,799.0,EUR,799.0,Amazon,IT,2026-08-16T04:52:12Z,B0F4STR391,,,,,
TCL,"TCL 55C8L – Smart TV SQD‑Mini LED 4K HDR10+ da 55"", 3.000nit | 1,008 Dimming Zones, Dolby Vision IQ & Atmos, 144Hz VRR, Au...",https://www.amazon.it/dp/B0GTZS35X6,55.0,,,,,Amazon,IT,2026-08-16T04:52:12Z,B0GTZS35X6,,,,,
Hisense,"Hisense Smart TV RGB MiniLED 180Hz 85"" 4K 85UR9S | Schermo Anti-Riflesso, Dolby Atmos 4.1.2 By Devialet, Dolby Vision IQ, ...",https://www.amazon.it/dp/B0GR5Z4S73,85.0,2199.0,2199.0,EUR,2199.0,Amazon,IT,2026-08-16T04:52:12Z,B0GR5Z4S73,,,,,
Samsung,"Samsung Neo QLED QN900F 65"" 8K Neo QLED TV, 7680 x 4320 Pixel, 165 Hz, AirSlim Design, NQ4 AI Gen2, Mini LED, HDR10+, Quan...",https://www.amazon.it/dp/B0FND5LVPL,65.0,,,,,Amazon,IT,2026-08-16T04:52:12Z,B0FND5LVPL,,,,,
LG,"LG OLED AI 55 Pollici, Serie B5 2025 Smart TV 4K - OLED55B56LA | Processore α8 Gen2, WebOS con AI, Dolby Vision e Atmos, G...",https://www.amazon.it/dp/B0F44BHS8M,55.0,779.0,779.0,EUR,779.0,Amazon,IT,2026-08-16T04:52:12Z,B0F44BHS8M,,,,,
LG,"LG OLED AI 83 Pollici, Serie B5 2025 Smart TV 4K - OLED83B56LA | Processore α8 Gen2, WebOS con AI, Dolby Vision e Atmos, G...",https://www.amazon.it/dp/B0F44F4H9J,83.0,,,,,Amazon,IT,2026-08-16T04:52:12Z,B0F44F4H9J,,,,,
TCL,"TCL 85C8L – Smart TV SQD‑Mini LED 4K HDR10+ da 85"", 6.000nit | 3,200 Dimming Zones, Dolby Vision IQ & Atmos, 144Hz, ZeroBo...",https://www.amazon.it/dp/B0GTZRP159,85.0,2199.0,2199.0,EUR,2199.0,Amazon,IT,2026-08-16T04:52:12Z,B0GTZRP159,,,,,
TCL,"TCL 98C8L – Smart TV SQD‑Mini LED 4K HDR10+ da 98"", 6.000nit | 4,032 Dimming Zones, Dolby Vision IQ & Atmos, 144Hz, ZeroBo...",https://www.amazon.it/dp/B0GTZQ77RW,98.0,3799.0,3799.0,EUR,3799.0,Amazon,IT,2026-08-16T04:52:12Z,B0GTZQ77RW,,,,,
TCL,"TCL 98Q6C 98"" QD-Mini LED SMART TV, 4K HDR Premium 1000nits, con tecnologia Google TV (Dolby Vision IQ e Atmos, sistema au...",https://www.amazon.it/dp/B0FQNV7V5W,98.0,2098.88,2098.88,EUR,2098.88,Amazon,IT,2026-08-16T04:52:12Z,B0FQNV7V5W,,,,,
Hisense,"Hisense Smart TV QLED 50"" 4K 50E7DS | Audio Dolby Atmos, VIDAA OS, Dolby Vision IQ, HDR 10+, Game Mode, Bluetooth, Wifi, A...",https://www.amazon.it/dp/B0GM1R36YW,50.0,349.0,349.0,EUR,349.0,Amazon,IT,2026-08-16T04:52:12Z,B0GM1R36YW,,,,,
Hisense,"Hisense Smart TV QLED 144Hz 75"" 4K 75E7S PRO | Audio Dolby Atmos, VIDAA OS, Native 144Hz Game Mode, Dolby Vision IQ, HDR 1...",https://www.amazon.it/dp/B0GR6SXXNM,75.0,799.0,799.0,EUR,799.0,Amazon,IT,2026-08-16T04:52:12Z,B0GR6SXXNM,,,,,
Samsung,"Samsung OLED 4K Vision AI Smart TV 77'' QE77S85FAEXZT, NQ4 AI Gen2 Processor,AI Upscaling, Glare Free, Dolby Atmos & OTS L...",https://www.amazon.it/dp/B0F7LJQJ3X,77.0,1599.0,1599.0,EUR,1599.0,Amazon,IT,2026-08-16T04:52:12Z,B0F7LJQJ3X,,,,,
Samsung,"Samsung OLED 4K Vision AI Smart TV 85'' QE83S85FAEXZT, NQ4 AI Gen2 Processor,AI Upscaling, Glare Free, Dolby Atmos & OTS L...",https://www.amazon.it/dp/B0F7LNXKW5,85.0,,,,,Amazon,IT,2026-08-16T04:52:12Z,B0F7LNXKW5,,,,,
LG,"LG OLED evo AI 65 Pollici, Serie G6 2026 Smart TV 4K - OLED65G64LW | Staffa a Muro Inclusa, Hyper Radiant Color, Reflectio...",https://www.amazon.it/dp/B0GWMXZ4BZ,65.0,2033.0,2033.0,EUR,2033.0,Amazon,IT,2026-08-16T04:52:12Z,B0GWMXZ4BZ,,,,,
LG,"LG OLED evo AI 77 Pollici, Serie G6 2026 Smart TV 4K - OLED77G64LW | Staffa a Muro Inclusa, Hyper Radiant Color, Reflectio...",https://www.amazon.it/dp/B0GWN4SNXP,77.0,4999.0,4999.0,EUR,4999.0,Amazon,IT,2026-08-16T04:52:12Z,B0GWN4SNXP,,,,,
LG,"LG OLED65G56LS - TV 65 Pollici, 4K, OLED, DVB-T2, HEVC/H.265, Classe energetica E",https://www.amazon.it/dp/B0F7J3BFKL,65.0,1737.4,1737.4,EUR,1737.4,Amazon,IT,2026-08-16T04:52:12Z,B0F7J3BFKL,,,,,
TCL,"TCL 65PF650 – Smart TV 4K Ultra HD da 65"", Fire TV | Game Master, Motion Clarity, Dolby Vision & Atmos, Press & Ask Alexa",https://www.amazon.it/dp/B0D8J994FH,65.0,399.9,399.9,EUR,399.9,Amazon,IT,2026-08-16T04:52:12Z,B0D8J994FH,,,,,
TCL,"TCL 55P8K – Smart TV QLED 4K HDR10+ da 55"", Google TV con audio Onkyo 2.1 | FreeSync, Dolby Vision & Atmos, 144Hz Motion C...",https://www.amazon.it/dp/B0F8HYKRKX,55.0,459.99,459.99,EUR,459.99,Amazon,IT,2026-08-16T04:52:12Z,B0F8HYKRKX,,,,,
TCL,"TCL 75P6K – Smart TV 4K HDR Direct LED da 75"", Google TV con Dolby Audio | Motion Clarity, Google Assistant, Compatible wi...",https://www.amazon.it/dp/B0F74QS3PJ,75.0,549.9,549.9,EUR,549.9,Amazon,IT,2026-08-16T04:52:12Z,B0F74QS3PJ,,,,,
Samsung,Samsung QE65QN70HAUXZT - Tv 65 Pollici Smart Tv 4K Led DVB-T2 Wifi Nero Classe Energetica E,https://www.amazon.it/dp/B0H338YNN1,65.0,,,,,Amazon,IT,2026-08-16T04:52:12Z,B0H338YNN1,,,,,
LG,"LG OLED AI 48 Pollici, Serie B6E 2026 Smart TV 4K - OLED48B6ELC | Nero Perfetto, Dolby Vision & Atmos, Processore ?8 Gen3, AI Magic Remote, WebOS con Gemini, VRR, G-Sync 4K@120Hz",https://www.amazon.it/dp/B0GWN31T13,48.0,899.0,899.0,EUR,899.0,Amazon,IT,2026-08-16T04:52:12Z,B0GWN31T13,,,,,
TCL,"TCL 75X11L – Smart TV SQD‑Mini LED 4K HDR10+ da 75"", 9.000nit | 10,520 Dimming Zones, Dolby Vision IQ & Atmos, 144Hz VRR, ZeroBorder Design, Audio by Bang & Olufsen",https://www.amazon.it/dp/B0GV3VXQB8,75.0,3399.62,3399.62,EUR,3399.62,Amazon,IT,2026-08-16T04:52:12Z,B0GV3VXQB8,,,,,
Hisense,"Hisense Smart TV QLED 144Hz 43"" 4K 43E7S PRO | Audio Dolby Atmos, VIDAA OS, Native 144Hz Game Mode, Dolby Vision IQ, HDR 10+, AirPlay2, Alexa, lativù 4K, 2026 Model",https://www.amazon.it/dp/B0GR5RW1P2,43.0,369.0,369.0,EUR,369.0,Amazon,IT,2026-08-16T04:52:12Z,B0GR5RW1P2,,,,,
Sony,Sony BRAVIA 5 - XR|Mini LED| Processore AI XR | Acoustic Multi-Audio | Dolby Vision/Atmos | IMAX Enhanced | Google TV (2025)|Google Cast | Apple AirPlay 2| Eco Dashboard 2 |Menu di gioco 2-55pollici,https://www.amazon.it/dp/B0F4KYR4RT,55.0,1258.34,1258.34,EUR,1258.34,Amazon,IT,2026-08-16T04:52:12Z,B0F4KYR4RT,,,,,
Samsung,Samsung QE85QN70HAUXZT - Smart Tv 85 Pollici 4K Neo QLed DVB-T2 Wifi Classe Energetica E,https://www.amazon.it/dp/B0H335F5CK,85.0,,,,,Amazon,IT,2026-08-16T04:52:12Z,B0H335F5CK,,,,,
LG,LG OLED55B6ELC - TV 55 Pollici Smart TV 4K OLED DVB-T2 Wifi Classe Energetica F,https://www.amazon.it/dp/B0H1MYJ1L9,55.0,,,,,Amazon,IT,2026-08-16T04:52:12Z,B0H1MYJ1L9,,,,,
TCL,"TCL 85X11L – Smart TV SQD‑Mini LED 4K HDR10+ da 85"", 10.000nit | 14,400 Dimming Zones, Dolby Vision IQ & Atmos, 144Hz VRR, ZeroBorder Design, Audio by Bang & Olufsen",https://www.amazon.it/dp/B0GV4DDPZD,85.0,5299.0,5299.0,EUR,5299.0,Amazon,IT,2026-08-16T04:52:12Z,B0GV4DDPZD,,,,,
Hisense,"Hisense Smart TV QLED 144Hz 50"" 4K 50E7S PRO | Audio Dolby Atmos, VIDAA OS, Native 144Hz Game Mode, Dolby Vision IQ, HDR 10+, AirPlay2, Alexa, lativù 4K, 2026 Model",https://www.amazon.it/dp/B0GR77T4BZ,50.0,449.0,449.0,EUR,449.0,Amazon,IT,2026-08-16T04:52:12Z,B0GR77T4BZ,,,,,
Sony,Sony BRAVIA 5 - XR|Mini LED| Processore AI XR | Acoustic Multi-Audio | Dolby Vision/Atmos | IMAX Enhanced | Google TV (2025) |Google Cast| Apple AirPlay 2|Eco Dashboard 2|Menu di gioco 2-98pollici,https://www.amazon.it/dp/B0F7R8NY37,98.0,4951.69,4951.69,EUR,4951.69,Amazon,IT,2026-08-16T04:52:12Z,B0F7R8NY37,,,,,
Samsung,"Samsung Smart TV 65"" QE65S95HATXZT OLED 4K Glare Free, HDR 10+, Motion Xcelerator 165Hz, Dolby Atmos, FreeSync Premium Pro, Voice Control with AI(VAC), Alexa Built-in, PACCHETTO INTRATTENIMENTO, 2026",https://www.amazon.it/dp/B0GWN8HDRP,65.0,2294.0,2294.0,EUR,2294.0,Amazon,IT,2026-08-16T04:52:12Z,B0GWN8HDRP,,,,,
LG,"LG OLED AI 55 Pollici, Serie B6E 2026 Smart TV 4K - OLED55B6ELC | Nero Perfetto, Dolby Vision & Atmos, Processore ?8 Gen3, AI Magic Remote, WebOS con Gemini, VRR, G-Sync 4K@120Hz",https://www.amazon.it/dp/B0GWMV9TRX,55.0,1499.0,1499.0,EUR,1499.0,Amazon,IT,2026-08-16T04:52:12Z,B0GWMV9TRX,,,,,
TCL,"TCL 98X11L – Smart TV SQD‑Mini LED 4K HDR10+ da 98"", 10.000nit | 20,736 Dimming Zones, Dolby Vision IQ & Atmos, 144Hz VRR, ZeroBorder Design, Audio by Bang & Olufsen",https://www.amazon.it/dp/B0GV4GKQR9,98.0,7999.0,7999.0,EUR,7999.0,Amazon,IT,2026-08-16T04:52:12Z,B0GV4GKQR9,,,,,
Hisense,"Hisense Smart TV QLED 144Hz 65"" 4K 65E7S PRO | Audio Dolby Atmos, VIDAA OS, Native 144Hz Game Mode, Dolby Vision IQ, HDR 10+, AirPlay2, Alexa, lativù 4K, 2026 Model",https://www.amazon.it/dp/B0GR6XCQMY,65.0,649.0,649.0,EUR,649.0,Amazon,IT,2026-08-16T04:52:12Z,B0GR6XCQMY,,,,,
Sony,"Sony BRAVIA 9 QLED (XR l Mini LED) 75 Pollici 4K HDR Google Smart TV | Gaming Menu per PlayStation 5, IMAX Enhanced, Dolby Vision Atmos, Chromecast, AirPlay, 120Hz 75XR90",https://www.amazon.it/dp/B0D1VYFB2C,75.0,,,,,Amazon,IT,2026-08-16T04:52:12Z,B0D1VYFB2C,,,,,
Samsung,"Samsung Smart TV 77"" QE77S95HATXZT OLED 4K Glare Free, HDR 10+, Motion Xcelerator 165Hz, Dolby Atmos, FreeSync Premium Pro, Voice Control with AI(VAC), Alexa Built-in, PACCHETTO INTRATTENIMENTO, 2026",https://www.amazon.it/dp/B0GWN676D1,77.0,2993.0,2993.0,EUR,2993.0,Amazon,IT,2026-08-16T04:52:12Z,B0GWN676D1,,,,,
LG,"LG OLED AI 77 Pollici, Serie B6E 2026 Smart TV 4K - OLED77B6ELC | Nero Perfetto, Dolby Vision & Atmos, Processore 8 Gen3, AI Magic Remote, WebOS, Gemini, VRR, G-Sync 4K@120Hz",https://www.amazon.it/dp/B0GWMW9BM4,77.0,2999.0,2999.0,EUR,2999.0,Amazon,IT,2026-08-16T04:52:12Z,B0GWMW9BM4,,,,,
TCL,"TCL 65P6L - Tv 65 Pollici Smart Tv 4K LCD DVB-T2 H.264, H.265 Nero Classe Energetica E",https://www.amazon.it/dp/B0H2JKM82C,65.0,527.05,527.05,EUR,527.05,Amazon,IT,2026-08-16T04:52:12Z,B0H2JKM82C,,,,,
Hisense,"Hisense Smart TV QLED 50"" 4K 50A7S | Audio Dolby Atmos, Design Unibody Slim, VIDAA OS, Dolby Vision IQ, HDR 10+, BT, Wifi, Alexa, AirPlay2, lativù 4K, 2026 Model",https://www.amazon.it/dp/B0GSBQDY7T,50.0,379.0,379.0,EUR,379.0,Amazon,IT,2026-08-16T04:52:12Z,B0GSBQDY7T,,,,,
Sony,"Sony BRAVIA 9 QLED (XR l Mini LED) 85 Pollici 4K HDR Google Smart TV | Gaming Menu per PlayStation 5, IMAX Enhanced, Dolby Vision Atmos, Chromecast, AirPlay, 120Hz 85XR90",https://www.amazon.it/dp/B0D1VVT6GJ,85.0,,,,,Amazon,IT,2026-08-16T04:52:12Z,B0D1VVT6GJ,,,,,
Samsung,"Samsung Smart TV 65"" QE65S99HAEXZT OLED 4K Glare Free, HDR 10+, Motion Xcelerator 165Hz, Dolby Atmos, Gaming Hub, G-Sync, Voice Control with AI(VAC), Alexa Built-in, PACCHETTO INTRATTENIMENTO, 2026",https://www.amazon.it/dp/B0GWN8VWTQ,65.0,2417.0,2417.0,EUR,2417.0,Amazon,IT,2026-08-16T04:52:12Z,B0GWN8VWTQ,,,,,
LG,"LG OLED evo AI 65 Pollici, Serie C6 2026 Smart TV 4K - OLED65C64LA | Brightness Booster, CPU ?11 Gen3, AI Engine, Dolby Vision & Atmos, Magic Remote, Gemini, VRR/G-Sync 165Hz",https://www.amazon.it/dp/B0GWN36S8N,65.0,2047.0,2047.0,EUR,2047.0,Amazon,IT,2026-08-16T04:52:12Z,B0GWN36S8N,,,,,
TCL,"TCL 75P6L - Smart TV 75 Pollici 4K LCD DVB-T2 H.264, H.265 Nero Classe Energetica E",https://www.amazon.it/dp/B0H2JJKZS1,75.0,665.95,665.95,EUR,665.95,Amazon,IT,2026-08-16T04:52:12Z,B0H2JJKZS1,,,,,
Hisense,"Hisense Smart TV QLED 65"" 4K 65A7S | Audio Dolby Atmos, Design Unibody Slim, VIDAA OS, Dolby Vision IQ, HDR 10+, BT, Wifi, Alexa, AirPlay2, lativù 4K, 2026 Model",https://www.amazon.it/dp/B0GSBMX3B4,65.0,579.0,579.0,EUR,579.0,Amazon,IT,2026-08-16T04:52:12Z,B0GSBMX3B4,,,,,
Sony,"Sony BRAVIA 8 OLED 77 Pollici 4K HDR Google Smart TV (2024) | Gaming Menu per PlayStation 5, IMAX Enhanced, Dolby Vision Atmos, Chromecast, AirPlay, 120Hz 77XR80",https://www.amazon.it/dp/B0D1VV32HH,77.0,3068.65,3068.65,EUR,3068.65,Amazon,IT,2026-08-16T04:52:12Z,B0D1VV32HH,,,,,
Samsung,"Samsung Smart TV 83"" QE83S99HAEXZT OLED 4K Glare Free, HDR 10+, Motion Xcelerator 165Hz, Dolby Atmos, Gaming Hub, G-Sync, Voice Control with AI(VAC), Alexa Built-in, PACCHETTO INTRATTENIMENTO, 2026",https://www.amazon.it/dp/B0GWN13CXQ,83.0,4999.0,4999.0,EUR,4999.0,Amazon,IT,2026-08-16T04:52:12Z,B0GWN13CXQ,,,,,
LG,"LG OLED evo AI 83 Pollici, Serie C6 2026 Smart TV 4K - OLED83C66LB | Hyper Radiant Color, Reflection Free Premium, Processore ?11 Gen3, Dual AI Engine, Dolby Vision & Atmos, VRR, G-Sync 4K@165Hz",https://www.amazon.it/dp/B0GWMZ8X4W,83.0,3359.0,3359.0,EUR,3359.0,Amazon,IT,2026-08-16T04:52:12Z,B0GWMZ8X4W,,,,,
TCL,"TCL 55C7K – Smart TV QD‑Mini LED 4K HDR10+ da 55"", 2.600nit | Dolby Vision IQ & Atmos, CrystGlow HVA Panel, 144Hz Motion Clarity Pro, Audio by Bang & Olufsen",https://www.amazon.it/dp/B0F5BP4KFM,55.0,,,,,Amazon,IT,2026-08-16T04:52:12Z,B0F5BP4KFM,,,,,
Hisense,"Hisense Smart TV MiniLED 144Hz 85"" 4K 85U7SE | Dolby Atmos 2.1 By Devialet, Dolby Vision IQ, HDR10+, VIDAA OS, Alexa, lativù 4K, Wifi, BT, Airplay2, 2026 Model",https://www.amazon.it/dp/B0GKPZ6MQ6,85.0,1944.49,1944.49,EUR,1944.49,Amazon,IT,2026-08-16T04:52:12Z,B0GKPZ6MQ6,,,,,
Samsung,"Samsung QLED 4K Vision AI Smart TV 43'' QE43Q8FAAUXZT, Q8F, Q4 AI Processor, 4K Upscaling, OTS Lite, Air Slim Design, 100% di Volume Colore con Quantum Dot, PACCHETTO INTRATTENIMENTO, 2025",https://www.amazon.it/dp/B0F7LHMXPY,43.0,,,,,Amazon,IT,2026-08-16T04:52:12Z,B0F7LHMXPY,,,,,
LG,"LG OLED evo AI 48 Pollici, Serie G6S 2026 Smart TV 4K - OLED48G66LS | AI, Base da Appoggio, Hyper Radiant Color, Processore α11 Gen3, Dual AI Engine, Dolby Vision & Atmos, VRR/G-Sync 4K@165Hz",https://www.amazon.it/dp/B0GWN2RDCR,48.0,1249.0,1249.0,EUR,1249.0,Amazon,IT,2026-08-16T04:52:12Z,B0GWN2RDCR,,,,,
TCL,"TCL 65C7K – Smart TV QD‑Mini LED 4K HDR10+ da 65"", 2.600nit | Dolby Vision IQ & Atmos, CrystGlow HVA Panel, 144Hz Motion Clarity Pro, Audio by Bang & Olufsen",https://www.amazon.it/dp/B0F5BRZSTR,65.0,,,,,Amazon,IT,2026-08-16T04:52:12Z,B0F5BRZSTR,,,,,
Hisense,"Hisense Smart TV MiniLED 144Hz 85"" 4K 85E8S | Dolby Atmos 2.1 By Devialet, Dolby Vision IQ, HDR10+, VIDAA OS, Alexa, lativù 4K, Wifi, BT, Airplay2, 2026 Model",https://www.amazon.it/dp/B0GQDDL8D7,85.0,1199.0,1199.0,EUR,1199.0,Amazon,IT,2026-08-16T04:52:12Z,B0GQDDL8D7,,,,,
Samsung,"Samsung QLED 4K Vision AI Smart TV 50'' QE50Q8FAAUXZT, Q8F, Q4 AI Processor, 4K Upscaling, OTS Lite, Air Slim Design, 100% di Volume Colore con Quantum Dot, PACCHETTO INTRATTENIMENTO, 2025",https://www.amazon.it/dp/B0F7LLDNVC,50.0,,,,,Amazon,IT,2026-08-16T04:52:12Z,B0F7LLDNVC,,,,,
LG,"LG OLED evo AI 83 Pollici, Serie G6 2026 Smart TV 4K - OLED83G64LW | Staffa a Muro Inclusa, Hyper Radiant Color, Reflection Free Premium, Dual AI Engine, Dolby Vision & Atmos, VRR, G-Sync",https://www.amazon.it/dp/B0GWMXF3JM,83.0,4899.0,4899.0,EUR,4899.0,Amazon,IT,2026-08-16T04:52:12Z,B0GWMXF3JM,,,,,
TCL,"TCL 85C7K – Smart TV QD‑Mini LED 4K HDR10+ da 85"", 3.000nit | Dolby Vision IQ & Atmos, CrystGlow HVA Panel, 144Hz Motion Clarity Pro, Audio by Bang & Olufsen",https://www.amazon.it/dp/B0F5BSK9JW,85.0,,,,,Amazon,IT,2026-08-16T04:52:12Z,B0F5BSK9JW,,,,,
Hisense,"Hisense Smart TV RGB MiniLED 180Hz 100"" 4K 100UR8S, Schermo Anti-Riflesso, 100% BT2020, Dolby Atmos 2.1.2 By Devialet, Dolby Vision IQ, VIDAA OS, Native 180Hz Game Mode, Wifi, BT, lativù 4K | Schermo Anti-Riflesso, Dolby Atmos 2.1.2 By Devialet, Dolby Vision IQ, IMAX, VIDAA OS, Wifi 6E, BT, Airplay2, 2026 Model",https://www.amazon.it/dp/B0GX9LY7QD,100.0,4986.05,4986.05,EUR,4986.05,Amazon,IT,2026-08-16T04:52:12Z,B0GX9LY7QD,,,,,
Samsung,"Samsung QLED 4K Vision AI Smart TV 65'' QE65Q8FAAUXZT, Q8F, Q4 AI Processor, 4K Upscaling, OTS Lite, Air Slim Design, 100% di Volume Colore con Quantum Dot, PACCHETTO INTRATTENIMENTO, 2025",https://www.amazon.it/dp/B0F7LKBGCY,65.0,,,,,Amazon,IT,2026-08-16T04:52:12Z,B0F7LKBGCY,,,,,
LG,LG 55QNED70B6C - TV 55 Pollici Smart TV 4K DVB-T2 Wifi Classe Energetica E Nero,https://www.amazon.it/dp/B0H1N8Y6RV,55.0,621.64,621.64,EUR,621.64,Amazon,IT,2026-08-16T04:52:12Z,B0H1N8Y6RV,,,,,
TCL,"TCL 98C7K – Smart TV QD‑Mini LED 4K HDR10+ da 98"", 3.000nit | Dolby Vision IQ & Atmos, CrystGlow HVA Panel, 144Hz Motion Clarity Pro, Audio by Bang & Olufsen",https://www.amazon.it/dp/B0F5BL77MF,98.0,,,,,Amazon,IT,2026-08-16T04:52:12Z,B0F5BL77MF,,,,,
Samsung,"Samsung TV QE43Q65CAUXZT QLED 4K, Smart TV 43"" Processore Quantum 4K Lite, 100% volume colore con Quantum Dot, OTS Lite, Integrato con Bixby e Alexa compatibile con Google Assistant, Black 2023",https://www.amazon.it/dp/B0BWFNXMXX,43.0,378.64,378.64,EUR,378.64,Amazon,IT,2026-08-16T04:52:12Z,B0BWFNXMXX,,,,,
Samsung,"Samsung TV QE50Q65CAUXZT QLED 4K, Smart TV 50"" Processore Quantum 4K Lite, 100% volume colore con Quantum Dot, OTS Lite, Integrato con Bixby e Alexa compatibile con Google Assistant, Black 2023",https://www.amazon.it/dp/B0BWFNSJ1M,50.0,434.87,434.87,EUR,434.87,Amazon,IT,2026-08-16T04:52:12Z,B0BWFNSJ1M,,,,,
Samsung,"Samsung TV QE65Q65CAUXZT QLED 4K, Smart TV 65"" Processore Quantum 4K Lite, 100% volume colore con Quantum Dot, OTS Lite, Integrato con Bixby e Alexa compatibile con Google Assistant, Black 2023",https://www.amazon.it/dp/B0BWFNYRF4,65.0,,,,,Amazon,IT,2026-08-16T04:52:12Z,B0BWFNYRF4,,,,,
Samsung,"Samsung TV QE75Q65CAUXZT QLED 4K, Smart TV 75"" Processore Quantum 4K Lite, 100% volume colore con Quantum Dot, OTS Lite, Integrato con Bixby e Alexa compatibile con Google Assistant, Black 2023",https://www.amazon.it/dp/B0BWFMVYGK,75.0,,,,,Amazon,IT,2026-08-16T04:52:12Z,B0BWFMVYGK,,,,,
LG,"LG OLED evo AI 83 Pollici, Serie C5 2025 Smart TV 4K - OLED83C54LA | Processore ?9 Gen8, Brightness Booster, WebOS con AI, Dolby Vision e Atmos, Gaming con VRR e GSYNC 4K@144Hz",https://www.amazon.it/dp/B0F44FFV4W,83.0,2799.0,2799.0,EUR,2799.0,Amazon,IT,2026-08-16T04:52:12Z,B0F44FFV4W,,,,,
LG,"LG OLED evo AI 48 Pollici, Serie C5 2025 Smart TV 4K - OLED48C56LB | Processore ?9 Gen8, WebOS con AI, Dolby Vision & Atmos, Gaming con VRR e GSYNC 4K@144Hz, 4 HDMI 2.1, Alexa",https://www.amazon.it/dp/B0F6VCDV58,48.0,,,,,Amazon,IT,2026-08-16T04:52:12Z,B0F6VCDV58,,,,,
LG,"LG OLED evo AI 65 Pollici, Serie C5 2025 Smart TV 4K - OLED65C56LB | Processore α9 Gen8, Brightness Booster, WebOS con AI, Dolby Vision & Atmos, Gaming con VRR e G-Sync 4K@144Hz",https://www.amazon.it/dp/B0F7HP7FSH,65.0,,,,,Amazon,IT,2026-08-16T04:52:12Z,B0F7HP7FSH,,,,,
Hisense,"Hisense TV 75"" Mini-LED 144Hz 4K 2025 75E8Q, Smart TV VIDAA U8, Dolby Vision IQ, HDR 10+ Adaptive, 144Hz Game Mode PRO, Dolby Atmos 2.1 con Subwoofer, Alexa Built-in, VIDAA Voice, lativù 4K, 75''",https://www.amazon.it/dp/B0F1WJ8X9P,75.0,799.0,799.0,EUR,799.0,Amazon,IT,2026-08-16T04:52:12Z,B0F1WJ8X9P,,,,,
Panasonic,"Panasonic TB-50W61AEZC, 50 pollici televisore, LED 4K Ultra HD, TiVo | Dolby Vision e Atmos, Game Mode Plus, Controllo Vocale Alexa e Google, Smart TV, Serie W61",https://www.amazon.it/dp/B0H2MQFVCT,50.0,394.0,394.0,EUR,394.0,Amazon,IT,2026-08-16T04:52:12Z,B0H2MQFVCT,,,,,
Panasonic,"Panasonic TB-55W61AEZC 55 pollici televisore, LED 4K Ultra HD, TiVo | Dolby Vision e Atmos, Game Mode Plus, Controllo Vocale Alexa e Google, Smart TV, Serie W61",https://www.amazon.it/dp/B0H2MNHT2G,55.0,369.0,369.0,EUR,369.0,Amazon,IT,2026-08-16T04:52:12Z,B0H2MNHT2G,,,,,
Philips,"Philips Ambilight 65PUS8200 4K LED Smart TV - Display 65’’ con piattaforma Titan OS, Pixel Precise Ultra HD e Dolby Atmos Sound - Funziona con Alexa e Google Voice Assistant",https://www.amazon.it/dp/B0F2N4SKN3,65.0,499.0,499.0,EUR,499.0,Amazon,IT,2026-08-16T04:52:12Z,B0F2N4SKN3,,,,,
Xiaomi,XIAOMI TV MAX 100 2025 Google TV 100 Inch QLED 144Hz Smart TV Dolby Vision,https://www.amazon.it/dp/B0DJM91FMC,100.0,1699.0,1699.0,EUR,1699.0,Amazon,IT,2026-08-16T04:52:12Z,B0DJM91FMC,,,,,
Samsung,"Samsung Neo QLED 4K Vision AI Smart TV 55'' QE55QN85FAUXZT, NQ4 AI Gen2 Processor, 4K AI Upscaling, Dolby Atmos & OTS Lite, Simple Chamfer Design,PACCHETTO INTRATTENIMENTO, 2025",https://www.amazon.it/dp/B0F7LM3M8S,55.0,,,,,Amazon,IT,2026-08-16T04:52:12Z,B0F7LM3M8S,,,,,
Hisense,"Hisense Smart TV QLED 43"" 4K 43E7Q PRO, Smart TV VIDAA, Dolby Vision IQ, HDR 10+ Adaptive, 144hz Game Mode PRO, Dolby Atmos, Alexa Built-in, VIDAA Voice, Tuner DVB-T2/S2 HEVC 10, lativù 4K",https://www.amazon.it/dp/B0FFH953XW,43.0,428.0,428.0,EUR,428.0,Amazon,IT,2026-08-16T04:52:12Z,B0FFH953XW,,,,,
Hisense,"Hisense Smart TV QLED 50"" 4K 50E7Q PRO, Smart TV VIDAA U8, Dolby Vision IQ, HDR 10+ Adaptive, 144hz Game Mode PRO, Dolby Atmos, Alexa Built-in, VIDAA Voice, Tuner DVB-T2/S2 HEVC 10, lativù 4K",https://www.amazon.it/dp/B0FFH8CWBK,50.0,399.0,399.0,EUR,399.0,Amazon,IT,2026-08-16T04:52:12Z,B0FFH8CWBK,,,,,
Hisense,"Hisense TV 65"" QLED 4K 144Hz 2025 65E7Q PRO, Smart TV VIDAA U8, Dolby Vision IQ, HDR 10+ Adaptive, 144hz Game Mode PRO, Dolby Atmos, Alexa Built-in, VIDAA Voice, Tuner DVB-T2/S2 HEVC 10, lativù 4K",https://www.amazon.it/dp/B0F1N62VSW,65.0,599.0,599.0,EUR,599.0,Amazon,IT,2026-08-16T04:52:12Z,B0F1N62VSW,,,,,
Hisense,"Hisense TV 75"" QLED 4K 144Hz 2025 75E7Q PRO, Smart TV VIDAA U8, Dolby Vision IQ, HDR 10+ Adaptive, 144hz Game Mode PRO, Dolby Atmos, Alexa Built-in, VIDAA Voice, Tuner DVB-T2/S2 HEVC 10, lativù 4K",https://www.amazon.it/dp/B0F1N63F97,75.0,799.0,799.0,EUR,799.0,Amazon,IT,2026-08-16T04:52:12Z,B0F1N63F97,,,,,
Panasonic,"Panasonic TB-32S40AEZC, 32 pollici televisore LED HD, TiVo | Controllo Vocale Google e Alexa, Game Mode, Media Player, HDR, HDMI, WLAN, Smart TV, Serie S40",https://www.amazon.it/dp/B0H2MPMR8R,32.0,169.0,169.0,EUR,169.0,Amazon,IT,2026-08-16T04:52:12Z,B0H2MPMR8R,,,,,
Philips,"Philips 75PUS7000 4K LED Smart TV - Display 75’’ con piattaforma Titan OS, Pixel Precise Ultra HD e Dolby Atmos Sound - Funziona con Alexa e Google Voice Assistant",https://www.amazon.it/dp/B0F24WLLX9,75.0,658.75,658.75,EUR,658.75,Amazon,IT,2026-08-16T04:52:12Z,B0F24WLLX9,,,,,
Xiaomi,"XIAOMI TV 43 pollici (109 cm), HD Smart TV Fire TV Dolby Audio L43MB-FAVEU | Triple Tuner DVB-C/S/S2/T/T2,HDR10, MEMC, Alexa Voice Control, 2GB+32GB, Compatible with Apple AirPlay",https://www.amazon.it/dp/B0H448LDSH,43.0,329.0,329.0,EUR,329.0,Amazon,IT,2026-08-16T04:52:12Z,B0H448LDSH,,,,,
Xiaomi,"XIAOMI TV F 50, 50 pollici (127 cm), 4K UHD, Smart TV, Fire TV, Triple Tuner DVB-C/S/S2/T/T2,HDR10, MEMC, Modalità Game Boost 120Hz, Controllo Vocale Alexa, 2GB+32GB, Compatibile con AirPlay",https://www.amazon.it/dp/B0F45BXJ1C,50.0,299.0,299.0,EUR,299.0,Amazon,IT,2026-08-16T04:52:12Z,B0F45BXJ1C,,,,,
Samsung,"Samsung Smart TV 48"" QE48S95HATXZT OLED 4K Glare Free, HDR 10+, Motion Xcelerator 165Hz, Dolby Atmos, FreeSync Premium Pro, Voice Control with AI(VAC), Alexa Built-in, PACCHETTO INTRATTENIMENTO, 2026",https://www.amazon.it/dp/B0GWN5HTR3,48.0,1072.0,1072.0,EUR,1072.0,Amazon,IT,2026-08-16T04:52:12Z,B0GWN5HTR3,,,,,
LG,"LG QNED AI 65 Pollici, Serie QNED84 2025 Smart TV 4K - 65QNED84A6C | Processore α7 Gen8, Dynamic QNED Color, Design Ultra Slim, WebOS con AI, Telecomando Puntatore AI, Gaming con VRR 4K@60Hz",https://www.amazon.it/dp/B0F5HYF966,65.0,699.0,699.0,EUR,699.0,Amazon,IT,2026-08-16T04:52:12Z,B0F5HYF966,,,,,
TCL,"TCL 75P8K – Smart TV QLED 4K HDR10+ da 75"", Google TV con audio Onkyo 2.1 | FreeSync, Dolby Vision & Atmos, 144Hz Motion Clarity Pro, Google Cast, Voice Control",https://www.amazon.it/dp/B0F8J383MC,75.0,649.9,649.9,EUR,649.9,Amazon,IT,2026-08-16T04:52:12Z,B0F8J383MC,,,,,
TCL,"TCL 85P8K – Smart TV QLED 4K HDR10+ da 85"", Google TV con audio Onkyo 2.1 | FreeSync, Dolby Vision & Atmos, 144Hz Motion Clarity Pro, Google Cast, Voice Control",https://www.amazon.it/dp/B0F7RVYVDT,85.0,,,,,Amazon,IT,2026-08-16T04:52:12Z,B0F7RVYVDT,,,,,
TCL,"TCL 98P8K – Smart TV QLED 4K HDR10+ da 98"", Google TV con audio Onkyo 2.1 | FreeSync Premium, Dolby Vision & Atmos, 144Hz Motion Clarity Pro, Google Cast, Voice Control",https://www.amazon.it/dp/B0F7RW2JX3,98.0,,,,,Amazon,IT,2026-08-16T04:52:12Z,B0F7RW2JX3,,,,,
TCL,"TCL 43C641, TV QLED 43”, 4K Ultra HD, Google TV (Dolby Vision & Atmos, Motion clarity, Controllo vocale hands-free, compatibile con Google assistant & Alexa)",https://www.amazon.it/dp/B0BY2C7PLQ,43.0,,,,,Amazon,IT,2026-08-16T04:52:12Z,B0BY2C7PLQ,,,,,
TCL,"TCL 50C641, TV QLED 50”, 4K Ultra HD, Google TV (Dolby Vision & Atmos, Motion clarity, Controllo vocale hands-free, compatibile con Google assistant & Alexa)",https://www.amazon.it/dp/B0BY2FH7RF,50.0,,,,,Amazon,IT,2026-08-16T04:52:12Z,B0BY2FH7RF,,,,,
TCL,"TCL 55T8D – Smart TV QD‑Mini LED 4K HDR10+ da 55"", pensato per il gaming, 144Hz VRR | FreeSync Premium, Game Master, Dolby Vision, HDR10+, Dolby Atmos, Apple AirPlay 2, Google Cast, Google Assistant",https://www.amazon.it/dp/B0GR9JWH4T,55.0,499.0,499.0,EUR,499.0,Amazon,IT,2026-08-16T04:52:12Z,B0GR9JWH4T,,,,,
TCL,"TCL 55T7B, TV QLED 55”, 4K Ultra HD, Google TV (Dolby Vision & Atmos, Controllo vocale hands-free, compatibile con Google assistant & Alexa), Brushed titanium metal front",https://www.amazon.it/dp/B0CXTPSW7M,55.0,,,,,Amazon,IT,2026-08-16T04:52:12Z,B0CXTPSW7M,,,,,
Hisense,"Hisense TV 65"" Mini-LED 165Hz 4K 2025 65U8Q, Octagonal Stand, Dolby Atmos Multi-Channel Surround 4.1.2, Smart TV VIDAA U9 con 1000+APP, Dolby Vision IQ, HDR 10+, 165Hz Game Mode Ultra, Alexa Built-in",https://www.amazon.it/dp/B0F1WBGQBM,65.0,983.26,983.26,EUR,983.26,Amazon,IT,2026-08-16T04:52:12Z,B0F1WBGQBM,,,,,
Hisense,"Hisense TV 85"" Mini-LED 165Hz 4K 2025 85U8Q, Octagonal Stand, Dolby Atmos Multi-Channel Surround 4.1.2, Smart TV VIDAA U9 con 1000+APP, Dolby Vision IQ, HDR 10+, 165Hz Game Mode Ultra, Alexa Built-in",https://www.amazon.it/dp/B0F1W5Z9FW,85.0,,,,,Amazon,IT,2026-08-16T04:52:12Z,B0F1W5Z9FW,,,,,
Xiaomi,"XIAOMI TV F Pro 43,43 pollici (101 cm), 4K UHD QLED,Smart TV, Fire TV, Triple Tuner DVB-C/S/S2/T/T2,HDR10+, MEMC, Controllo Vocale Alexa, 2GB+32GB, Compatibile con Apple AirPlay | Controllo vocale Alexa, MEMC, 2 GB + 32 GB, compatibile con Apple AirPlay",https://www.amazon.it/dp/B0F454D76T,43.0,269.0,269.0,EUR,269.0,Amazon,IT,2026-08-16T04:52:12Z,B0F454D76T,,,,,
Xiaomi,"XIAOMI TV F Pro 50, 50 pollici (127 cm), 4K UHD QLED, Smart TV, Fire TV, Triple Tuner DVB-C/S/S2/T/T2, HDR10, Modalità Game Boost 120Hz,MEMC,Controllo Vocale Alexa,2GB+32GB,Compatibile con AirPlay",https://www.amazon.it/dp/B0F45835F8,50.0,399.0,399.0,EUR,399.0,Amazon,IT,2026-08-16T04:52:12Z,B0F45835F8,,,,,
Xiaomi,"XIAOMI TV F Pro 75,75 pollici (190 cm),4K UHD QLED,Smart TV,Fire TV, Triple Tuner DVB-C/S/S2/T/T2,HDR10+, Modalità Game Boost 120Hz, MEMC, Controllo Vocale Alexa,2GB+32GB, Compatibile con AirPlay",https://www.amazon.it/dp/B0F45BLD1H,75.0,549.0,549.0,EUR,549.0,Amazon,IT,2026-08-16T04:52:12Z,B0F45BLD1H,,,,,
Xiaomi,"XIAOMI TV F Pro 65,65 pollici (165 cm),4K UHD QLED,Smart TV, Fire TV, Triple Tuner DVB-C/S/S2/T/T2, HDR10+, Modalità Game Boost 120Hz, MEMC, Controllo Vocale Alexa, 2GB+32GB, Compatibile con AirPlay",https://www.amazon.it/dp/B0F454CH49,65.0,,,,,Amazon,IT,2026-08-16T04:52:12Z,B0F454CH49,,,,,
Samsung,"Samsung Neo QLED 4K QN80F 65"" Mini TV LED, processore NQ4 AI Gen2, Quantum Matrix Technology Slim, Motion Xcelerator 144Hz, AirSlim, Samsung Vision AI Smart TV [Versione Ungherese]",https://www.amazon.it/dp/B0FMY8JRPW,65.0,914.3,914.3,EUR,914.3,Amazon,IT,2026-08-16T04:52:12Z,B0FMY8JRPW,,,,,
Samsung,"TV 75"" MINILED 4K 144Hz VRR Tizen TV Dolby Atmos HDMI 2.1 Samsung",https://www.amazon.it/dp/B0FND5PTST,75.0,1651.95,1651.95,EUR,1651.95,Amazon,IT,2026-08-16T04:52:12Z,B0FND5PTST,,,,,
Samsung,"Samsung Neo QLED 4K QN80F 55"" Mini TV LED, processore NQ4 AI Gen2, Quantum Matrix Technology Slim, Motion Xcelerator 144Hz, AirSlim, Samsung Vision AI Smart TV [Versione Ungherese]",https://www.amazon.it/dp/B0FMY7DGWK,55.0,739.0,739.0,EUR,739.0,Amazon,IT,2026-08-16T04:52:12Z,B0FMY7DGWK,,,,,
LG,"LG webOS UHD AI UA75 TV 50 pollici, Smart TV 4K Ultra HD, Processore α7 Gen8, webOS con AI, Filmmaker mode, HDR10, Gaming con VRR 4K@60Hz, Game Optimizer, Wi-Fi, 50UA75006LA 2025",https://www.amazon.it/dp/B0F6VCCB6V,50.0,341.81,341.81,EUR,341.81,Amazon,IT,2026-08-16T04:52:12Z,B0F6VCCB6V,,,,,
LG,"LG UHD AI 86 Pollici, Serie UA75 2025 Smart TV 4K Ultra HD - 86UA75006LA | Processore ?7 Gen8, WebOS con AI, Filmmaker Mode, HDR10, Gaming con VRR 4K@60Hz, Game Optimizer, Wi-Fi",https://www.amazon.it/dp/B0F55P3N3M,86.0,,,,,Amazon,IT,2026-08-16T04:52:12Z,B0F55P3N3M,,,,,
TCL,"TCL 50P7K 50” QLED,4K HDR TV, Google TV, Smart TV((Dolby Vision & Atmos, Game Master, Motion clarity) | Dolby Vision & Atmos, Motion Clarity, Google Assistant, Compatible with Alexa, Voice Control",https://www.amazon.it/dp/B0F9FMTPH8,50.0,,,,,Amazon,IT,2026-08-16T04:52:12Z,B0F9FMTPH8,,,,,
TCL,"TCL 75P7K 75” QLED 4K HDR TV, Google TV, Smart TV (Dolby Vision & Atmos, Game Master, Motion clarity) | Dolby Vision & Atmos, Motion Clarity, Google Assistant, Compatible with Alexa, Voice Control",https://www.amazon.it/dp/B0F9FNDBN7,75.0,,,,,Amazon,IT,2026-08-16T04:52:12Z,B0F9FNDBN7,,,,,
TCL,"TCL 85P7K 85” QLED 4K HDR TV, Google TV, Smart TV (Dolby Vision & Atmos, Game Master, Motion clarity, Sistema audio Onkyo 2.1) | Dolby Vision & Atmos, Onkyo 2.1 Sound, Motion Clarity, Google Assistant, Compatible with Alexa",https://www.amazon.it/dp/B0FPQM3QJC,85.0,,,,,Amazon,IT,2026-08-16T04:52:12Z,B0FPQM3QJC,,,,,
Samsung,"Samsung Neo QLED 8K Vision AI Smart TV 75'' QE75QN900FTXZT Mini LED, NQ8 AI Gen3 Processor,AI Upscaling, Glare Free, Dolby Atmos & OTS Pro, Meta lFrame Design, PACCHETTO INTRATTENIMENTO, 2025",https://www.amazon.it/dp/B0F7LKZ748,75.0,,,,,Amazon,IT,2026-08-16T04:52:12Z,B0F7LKZ748,,,,,
Samsung,"Samsung Neo QLED 8K Vision AI Smart TV 85'' QE85QN900FTXZT Mini LED, NQ8 AI Gen3 Processor,AI Upscaling, Glare Free, Art Store, Dolby Atmos & OTS Pro, MetaFrame Design,PACCHETTO INTRATTENIMENTO, 2025",https://www.amazon.it/dp/B0F7LL8YGL,85.0,,,,,Amazon,IT,2026-08-16T04:52:12Z,B0F7LL8YGL,,,,,
Samsung,"Samsung Neo QLED 8K Vision AI Smart TV 65'' QE65QN990FTXZT Mini LED, NQ8 AI Gen3 Processor, AI Upscaling Pro, Glare Free, Dolby Atmos & OTS Pro, Infinity Air Design, PACCHETTO INTRATTENIMENTO, 2025",https://www.amazon.it/dp/B0F7LL1KJ7,65.0,,,,,Amazon,IT,2026-08-16T04:52:12Z,B0F7LL1KJ7,,,,,
LG,"LG QNED evo AI 75 Pollici, Serie QNED86 2025 Smart TV 4K - 75QNED86A6A | Processore ?8 Gen2, Dimming Pro con MiniLED, WebOS, Telecomando Puntatore AI, Dolby Vision, Gaming VRR e FreeSync 4K@144Hz",https://www.amazon.it/dp/B0F6VBBWY2,75.0,,,,,Amazon,IT,2026-08-16T04:52:12Z,B0F6VBBWY2,,,,,
LG,"LG QNED evo AI QNED86 TV 43 pollici, Smart TV 4K, Processore α7 Gen8, Dynamic QNED Color, Local Dimming, webOS con AI e telecomando puntatore AI, Gaming con VRR 4K@60Hz, 43QNED86A6C 2025",https://www.amazon.it/dp/B0F5HT5CWL,43.0,,,,,Amazon,IT,2026-08-16T04:52:12Z,B0F5HT5CWL,,,,,
LG,"LG QNED evo AI 65 Pollici, Serie QNED86 2025 Smart TV 4K - 65QNED86A6A | Processore ?8 Gen2, Dimming Pro con MiniLED, WebOS, Telecomando Puntatore AI, Dolby Vision, Gaming VRR, FreeSync 4K@144Hz",https://www.amazon.it/dp/B0F6VGHWSJ,65.0,,,,,Amazon,IT,2026-08-16T04:52:12Z,B0F6VGHWSJ,,,,,
Hisense,"Hisense Smart TV MiniLED 85"" 4K 85U7Q PRO, Smart TV VIDAA con 1000+APP, Dolby Vision IQ, HDR 10+ Adaptive, 165Hz Game Mode Ultra, Dolby Atmos 2.1.2 con Subwoofer",https://www.amazon.it/dp/B0F24CKN33,85.0,1599.0,1599.0,EUR,1599.0,Amazon,IT,2026-08-16T04:52:12Z,B0F24CKN33,,,,,
Panasonic,"Panasonic TB-24S40AEZ, Serie S40 24 pollici Smart TV LED HD, 2024, TiVo, Controllo Vocale Google e Alexa, Game Mode, Media Player, HDR, HDMI, WLAN, Per un'Esperienza Visiva Ottimale",https://www.amazon.it/dp/B0DBRC1R8N,24.0,,,,,Amazon,IT,2026-08-16T04:52:12Z,B0DBRC1R8N,,,,,
Xiaomi,"XIAOMI TV A Pro 55, 55 Inch (140 cm), 4K UHD QLED, Smart TV, Google TV, Triple Tuner DVB-C/S/S2/T/T2, HDR10+, Modalità Game Boost 120Hz, MEMC, Controllo Vocale, 2GB+8GB, Apple Airplay & Google Cast",https://www.amazon.it/dp/B0F9XH1FGM,55.0,449.0,449.0,EUR,449.0,Amazon,IT,2026-08-16T04:52:12Z,B0F9XH1FGM,,,,,
Xiaomi,"XIAOMI TV A Pro 65, 65 pollici (165 cm), 4K UHD QLED, Smart TV, Google TV, Triple Tuner DVB-C/S/S2/T/T2,HDR10+, Modalità Game Boost 120Hz, MEMC, Controllo Vocale, 2GB+8GB, Apple Airplay & Google Cast",https://www.amazon.it/dp/B0F9XJV69Y,65.0,510.68,510.68,EUR,510.68,Amazon,IT,2026-08-16T04:52:12Z,B0F9XJV69Y,,,,,
Xiaomi,"XIAOMI TV A Pro 75, 75 pollici (190 cm), 4K UHD QLED, Smart TV, Google TV, Triple Tuner DVB-C/S/S2/T/T2,HDR10+, Modalità Game Boost 120Hz, MEMC, Controllo Vocale, 2GB+8GB, Apple Airplay & Google Cast",https://www.amazon.it/dp/B0F9XJRTHG,75.0,699.46,699.46,EUR,699.46,Amazon,IT,2026-08-16T04:52:12Z,B0F9XJRTHG,,,,,
Samsung,"Samsung Neo QLED 4K QN85F - Mini TV LED da 138 cm, processore NQ4 AI Gen2, Quantum Matrix Technology Slim, Motion Xcelerator 144Hz, AirSlim, Samsung Vision AI Smart TV [Versione Ungherese]",https://www.amazon.it/dp/B0FND79K77,55.0,865.8,865.8,EUR,865.8,Amazon,IT,2026-08-16T04:52:12Z,B0FND79K77,,,,,
Samsung,"Samsung Neo QLED 4K QN80F 85"" Mini TV LED, processore NQ4 AI Gen2, Quantum Matrix Technology Slim, Motion Xcelerator 144Hz, AirSlim, Samsung Vision AI Smart TV [Versione Ungherese]",https://www.amazon.it/dp/B0FPCS42TN,85.0,,,,,Amazon,IT,2026-08-16T04:52:12Z,B0FPCS42TN,,,,,
LG,"LG QNED AI QNED80 TV 43 pollici, Smart TV 4K, Processore α7 Gen8, Dynamic QNED Color, Design Super Slim, webOS con AI e telecomando puntatore AI, Gaming con VRR 4K@60Hz, 43QNED80A6A 2025",https://www.amazon.it/dp/B0F553KSVF,43.0,,,,,Amazon,IT,2026-08-16T04:52:12Z,B0F553KSVF,,,,,
LG,"LG QNED AI 65 Pollici, Serie QNED80 2025 Smart TV 4K - 65QNED80A6A | Processore ?7 Gen8, Dynamic QNED Color, Design Super Slim, WebOS con AI, Telecomando Puntatore AI, Gaming con VRR 4K@60Hz",https://www.amazon.it/dp/B0F55CS2J9,65.0,,,,,Amazon,IT,2026-08-16T04:52:12Z,B0F55CS2J9,,,,,
