brand_raw,raw_text,url,size_hint_inch,price_hint_eur,price_local,currency,price_eur,platform,country,scraped_at,asin,elkjop_sku,model_year,filter_year,source_brand,fx_rate_date
Samsung,"Samsung TV 55 Pulgadas Mini LED M72H 4K Smart TV con Vision AI Companion, Modo Football TV Plus, Deportes, Cine y Gaming, ...",https://www.amazon.es/dp/B0GWNJHFH9,55.0,399.0,399.0,EUR,399.0,Amazon,ES,2026-10-10T10:44:07Z,B0GWNJHFH9,,,,,
Samsung,"Samsung TV 65 Pulgadas Mini LED M72H 4K Smart TV con Vision AI Companion, Modo Football TV Plus, Deportes, Cine y Gaming, ...",https://www.amazon.es/dp/B0GWNB5XWM,65.0,499.0,499.0,EUR,499.0,Amazon,ES,2026-10-10T10:44:07Z,B0GWNB5XWM,,,,,
Samsung,"Samsung TV Crystal 4K AI U7005H 55"" Smart TV con IA | Vision AI Companion, Crystal Processor 4K, Gaming Hub, Dynamic Sound...",https://www.amazon.es/dp/B0GXJYX7P6,55.0,389.0,389.0,EUR,389.0,Amazon,ES,2026-10-10T10:44:07Z,B0GXJYX7P6,,,,,
Samsung,"Samsung TV 27 Pulgadas Full HD F6005 Smart TV TV Plus, OTS Lite, HDR Knox Security, Capaz de emitir contenidos UHD 4K, 2026",https://www.amazon.es/dp/B0GHY8DCSZ,27.0,189.0,189.0,EUR,189.0,Amazon,ES,2026-10-10T10:44:07Z,B0GHY8DCSZ,,,,,
Samsung,"Samsung TV Full HD F6005 32"" Smart TV, emite contenidos en UHD 4K | Emite contenido UHD 4K, Samsung TV Plus, HDR, Samsung ...",https://www.amazon.es/dp/B0GHYGDSVX,32.0,265.95,265.95,EUR,265.95,Amazon,ES,2026-10-10T10:44:07Z,B0GHYGDSVX,,,,,
Samsung,"Samsung TV Crystal 4K AI U7005H 50"" Smart TV con IA | Vision AI Companion, Crystal Processor 4K, Gaming Hub, Dynamic Sound...",https://www.amazon.es/dp/B0GXK5G9GR,50.0,349.0,349.0,EUR,349.0,Amazon,ES,2026-10-10T10:44:07Z,B0GXK5G9GR,,,,,
Samsung,"Samsung TV 24 Pulgadas Full HD F6005 4K Smart TV, Más Contraste con HDR, Sonido Que Sigue a la acción con OTS Lite, TV Plu...",https://www.amazon.es/dp/B0F22BB8VV,24.0,168.19,168.19,EUR,168.19,Amazon,ES,2026-10-10T10:44:07Z,B0F22BB8VV,,,,,
Samsung,"Samsung TV 50 Pulgadas Neo QLED QN80F 4K Mini LED Smart TV | Vision AI, Quantum Matrix Technology Core, Motion Xcelerator ...",https://www.amazon.es/dp/B0F22914WP,50.0,499.0,499.0,EUR,499.0,Amazon,ES,2026-10-10T10:44:07Z,B0F22914WP,,,,,
Samsung,"Samsung TV Crystal 4K AI U8075H 43"" Smart TV con IA | Vision AI Companion, Crystal Processor 4K, Dynamic Sound Pack, Samsu...",https://www.amazon.es/dp/B0GJ5KJDKJ,43.0,298.99,298.99,EUR,298.99,Amazon,ES,2026-10-10T10:44:07Z,B0GJ5KJDKJ,,,,,
Samsung,"Samsung TV Neo QLED QN73H 65"" 4K Smart TV con IA | Vision AI Companion, Quantum Mini LED, AI Football Mode, Motion Xcelera...",https://www.amazon.es/dp/B0GL2KSXWC,65.0,649.0,649.0,EUR,649.0,Amazon,ES,2026-10-10T10:44:07Z,B0GL2KSXWC,,,,,
Samsung,"Samsung TV 65 Pulgadas Crystal UHD U8075F 4K Smart TV, Colores increíbles con Processor Escucha Todos los Altavoces con Q-...",https://www.amazon.es/dp/B0F9Q24YFV,65.0,489.0,489.0,EUR,489.0,Amazon,ES,2026-10-10T10:44:07Z,B0F9Q24YFV,,,,,
Samsung,"Samsung TV 43 Pulgadas Crystal UHD U7005H 4K Smart TV con Vision AI Companion Processor Dynamic Sound Pack TV Plus, Cine y...",https://www.amazon.es/dp/B0GXJS6YF7,43.0,299.0,299.0,EUR,299.0,Amazon,ES,2026-10-10T10:44:07Z,B0GXJS6YF7,,,,,
Samsung,"Samsung TV 55 Pulgadas QLED Q8F 4K Smart TV | Vision AI, 100% Volumen de Color con Quantum Dot, el auténtico Quantum Dot y...",https://www.amazon.es/dp/B0F2B4SG7L,55.0,491.22,491.22,EUR,491.22,Amazon,ES,2026-10-10T10:44:07Z,B0F2B4SG7L,,,,,
Samsung,"Samsung TV 75 Pulgadas Crystal UHD U8075H 4K Smart TV con Vision AI Companion Processor Dynamic Sound Pack TV Plus, Cine y...",https://www.amazon.es/dp/B0GJ6DVVRR,75.0,615.0,615.0,EUR,615.0,Amazon,ES,2026-10-10T10:44:07Z,B0GJ6DVVRR,,,,,
Samsung,"Samsung TV 43 Pulgadas Mini LED M72H 4K Smart TV con Vision AI Companion, Modo Football TV Plus, Deportes, Cine y Gaming, ...",https://www.amazon.es/dp/B0GWN6CDVH,43.0,349.0,349.0,EUR,349.0,Amazon,ES,2026-10-10T10:44:07Z,B0GWN6CDVH,,,,,
Samsung,"Samsung TV 32 Pulgadas QLED Q5F Smart con Vision AI Companion, Gaming Hub Plus Knox Security, Ideal para películas y Serie...",https://www.amazon.es/dp/B0GKB5T6TP,32.0,314.0,314.0,EUR,314.0,Amazon,ES,2026-10-10T10:44:07Z,B0GKB5T6TP,,,,,
Samsung,"Samsung TV Neo QLED QN73H 55"" 4K Smart TV con IA | Vision AI Companion, Quantum Mini LED, AI Football Mode, Motion Xcelera...",https://www.amazon.es/dp/B0GKGP4L74,55.0,549.0,549.0,EUR,549.0,Amazon,ES,2026-10-10T10:44:07Z,B0GKGP4L74,,,,,
Samsung,"Samsung TV Neo QLED QN73H 43"" 4K Smart TV con IA | Vision AI Companion, Quantum Mini LED, AI Football Mode, Motion Xcelera...",https://www.amazon.es/dp/B0GKBFPSJ6,43.0,449.0,449.0,EUR,449.0,Amazon,ES,2026-10-10T10:44:07Z,B0GKBFPSJ6,,,,,
Samsung,"Samsung TV 43 Pulgadas QLED Q7F 4K Smart TV con Vision AI, 100% Volumen de Color Quantum Dot y más de 500 Canales TV Plus",https://www.amazon.es/dp/B0F225N6PT,43.0,335.0,335.0,EUR,335.0,Amazon,ES,2026-10-10T10:44:07Z,B0F225N6PT,,,,,
Samsung,"Samsung TV 27 Pulgadas Full HD F6005 4K Smart TV, Más Contraste con HDR, Sonido con OTS Lite, más de 500 Canales TV Plus y...",https://www.amazon.es/dp/B0F227T2DK,27.0,189.61,189.61,EUR,189.61,Amazon,ES,2026-10-10T10:44:07Z,B0F227T2DK,,,,,
Samsung,"Samsung TV 50 Pulgadas Mini LED M72H 4K Smart TV con Vision AI Companion, Modo Football TV Plus, Deportes, Cine y Gaming, ...",https://www.amazon.es/dp/B0GWND8LLV,50.0,379.0,379.0,EUR,379.0,Amazon,ES,2026-10-10T10:44:07Z,B0GWND8LLV,,,,,
Samsung,"Samsung TV Crystal 4K AI U8075H 50"" Smart TV con IA | Vision AI Companion, Crystal Processor 4K, Dynamic Sound Pack, Samsu...",https://www.amazon.es/dp/B0GJ5F3LRV,50.0,349.0,349.0,EUR,349.0,Amazon,ES,2026-10-10T10:44:07Z,B0GJ5F3LRV,,,,,
Samsung,"Samsung TV 55 Pulgadas Crystal UHD U8005 4K Smart TV, Colores increíbles con Crystal Processor 4K, Escucha Todos los Altav...",https://www.amazon.es/dp/B0F2249D1G,55.0,372.46,372.46,EUR,372.46,Amazon,ES,2026-10-10T10:44:07Z,B0F2249D1G,,,,,
Samsung,"Samsung TV Crystal 4K AI U8075H 55"" Smart TV con IA | Vision AI Companion, Crystal Processor 4K, Dynamic Sound Pack, Samsu...",https://www.amazon.es/dp/B0GJ61HRH1,55.0,389.0,389.0,EUR,389.0,Amazon,ES,2026-10-10T10:44:07Z,B0GJ61HRH1,,,,,
Samsung,"Samsung TV Neo QLED QN1EH 65"" 4K Smart TV con IA | Vision AI Companion, Quantum Mini LED, AI Football Mode, Samsung TV Plus",https://www.amazon.es/dp/B0GL2876MF,65.0,649.0,649.0,EUR,649.0,Amazon,ES,2026-10-10T10:44:07Z,B0GL2876MF,,,,,
Samsung,"Samsung TV 75 Pulgadas Mini LED M73H 4K Smart TV con Vision AI Companion, Modo Football TV Plus, Deportes, Cine y Gaming, ...",https://www.amazon.es/dp/B0GJ6DT68K,75.0,699.0,699.0,EUR,699.0,Amazon,ES,2026-10-10T10:44:07Z,B0GJ6DT68K,,,,,
Samsung,"SAMSUNG TV The Frame 2023 32LS03 - Smart TV de 32"", Galería de Arte con Display Mate, Marcos Intercambiables, Tecnología Q...",https://www.amazon.es/dp/B0BPYW45KV,32.0,363.93,363.93,EUR,363.93,Amazon,ES,2026-10-10T10:44:07Z,B0BPYW45KV,,,,,
Samsung,"Samsung TV Neo QLED QN73H 50"" 4K Smart TV con IA | Vision AI Companion, Quantum Mini LED, AI Football Mode, Motion Xcelera...",https://www.amazon.es/dp/B0GKBGCGMX,50.0,519.0,519.0,EUR,519.0,Amazon,ES,2026-10-10T10:44:07Z,B0GKBGCGMX,,,,,
Xiaomi,"Xiaomi TV F 65 Pulgadas 2025, 4K UHD Smart TV Fire OS8 HDR10 L65MB-FAEU | Alexa Voice Control, MEMC, Game Boost Mode 120H...",https://www.amazon.es/dp/B0F457MQCQ,65.0,379.0,379.0,EUR,379.0,Amazon,ES,2026-10-10T10:44:07Z,B0F457MQCQ,,,,,
Samsung,"Samsung TV Neo QLED QN1EH 55"" 4K Smart TV con IA | Vision AI Companion, Quantum Mini LED, AI Football Mode, Samsung TV Plus",https://www.amazon.es/dp/B0GKG9SWCB,55.0,549.0,549.0,EUR,549.0,Amazon,ES,2026-10-10T10:44:07Z,B0GKG9SWCB,,,,,
Samsung,"Samsung TV 43 Pulgadas Crystal UHD U8005 4K Smart TV, Colores increíbles con Crystal Processor 4K, Escucha Todos los Altav...",https://www.amazon.es/dp/B0F226HRC7,43.0,287.99,287.99,EUR,287.99,Amazon,ES,2026-10-10T10:44:07Z,B0F226HRC7,,,,,
Samsung,"Samsung TV 65 Pulgadas QLED Q8F 4K Smart TV | Vision AI, 100% Volumen de Color con Quantum Dot, el auténtico Quantum Dot y...",https://www.amazon.es/dp/B0F2FKKLTG,65.0,625.29,625.29,EUR,625.29,Amazon,ES,2026-10-10T10:44:07Z,B0F2FKKLTG,,,,,
Samsung,"Samsung TV 43 Pulgadas The Frame LS03F 4K Smart TV, Galería de Arte con Display Mate, Marcos Intercambiables, 100% Volumen...",https://www.amazon.es/dp/B0F229Y3KG,43.0,544.1,544.1,EUR,544.1,Amazon,ES,2026-10-10T10:44:07Z,B0F229Y3KG,,,,,
Samsung,"Samsung Q7F QE50Q7FAAU 50"" QLED 4K Ultra HD Smart TV WiFi Negro",https://www.amazon.es/dp/B0FFSVPJ7Y,50.0,427.78,427.78,EUR,427.78,Amazon,ES,2026-10-10T10:44:07Z,B0FFSVPJ7Y,,,,,
Samsung,"Samsung TV 75 Pulgadas Neo QLED QN73H 4K Smart TV con Vision AI Companion, Quantum Mini LED y AirSlim, Cine, Gaming y Depo...",https://www.amazon.es/dp/B0GHRQXCF3,75.0,898.98,898.98,EUR,898.98,Amazon,ES,2026-10-10T10:44:07Z,B0GHRQXCF3,,,,,
Samsung,"Samsung TV 50 Pulgadas QLED QE1F 4K Smart TV | Vision AI, 100% Volumen de Color con Quantum Dot y más de 500 Canales TV Plus",https://www.amazon.es/dp/B0F2268N7V,50.0,430.94,430.94,EUR,430.94,Amazon,ES,2026-10-10T10:44:07Z,B0F2268N7V,,,,,
Samsung,"Samsung Q7F QE65Q7FAAU 65"" QLED 4K Ultra HD Smart TV WiFi Negro",https://www.amazon.es/dp/B0FMRZZJ9Z,65.0,550.62,550.62,EUR,550.62,Amazon,ES,2026-10-10T10:44:07Z,B0FMRZZJ9Z,,,,,
Samsung,"Samsung TV The Frame LS03HE 43"" 4K Smart TV IA y Pantalla sin Reflejos | Pantalla sin reflejos, televisor cuadro con diseñ...",https://www.amazon.es/dp/B0GKB1QRRZ,43.0,749.0,749.0,EUR,749.0,Amazon,ES,2026-10-10T10:44:07Z,B0GKB1QRRZ,,,,,
Samsung,"Samsung TV 65 Pulgadas Crystal UHD U7005H 4K Smart TV con Vision AI Companion Processor Dynamic Sound Pack TV Plus, Cine y...",https://www.amazon.es/dp/B0GXK61GXC,65.0,489.0,489.0,EUR,489.0,Amazon,ES,2026-10-10T10:44:07Z,B0GXK61GXC,,,,,
Samsung,"Samsung TV 55 Pulgadas QLED Q7F 4K Smart TV con Vision AI, 100% Volumen de Color con Quantum Dot y más de 500 Canales",https://www.amazon.es/dp/B0F2BC6F56,55.0,440.22,440.22,EUR,440.22,Amazon,ES,2026-10-10T10:44:07Z,B0F2BC6F56,,,,,
Samsung,"Samsung TV OLED S83H 55"" 4K Smart TV con IA y Pantalla sin Reflejos | Pantalla Sin Reflejos, Vision AI Companion, Ultimate...",https://www.amazon.es/dp/B0GKNZGT1T,55.0,949.0,949.0,EUR,949.0,Amazon,ES,2026-10-10T10:44:07Z,B0GKNZGT1T,,,,,
Samsung,"Samsung TV 75 Pulgadas Crystal UHD U8075F 4K Smart TV, Colores increíbles con Processor Escucha Todos los Altavoces con Q-...",https://www.amazon.es/dp/B0F9Q1SR49,75.0,739.0,739.0,EUR,739.0,Amazon,ES,2026-10-10T10:44:07Z,B0F9Q1SR49,,,,,
Samsung,"Samsung TV Neo QLED QN80H 65"" 4K Smart TV con IA | Vision AI Companion, Quantum Mini LED, AI Football Mode, Motion Xcelera...",https://www.amazon.es/dp/B0GL2M81T2,65.0,849.0,849.0,EUR,849.0,Amazon,ES,2026-10-10T10:44:07Z,B0GL2M81T2,,,,,
Samsung,"Samsung TV QLED 4K 2024 50Q60D Smart TV de 50"" con Más de 1.000 Millones de Colores, Colores certificados, el Mejor Smart ...",https://www.amazon.es/dp/B0CS3J3B7V,50.0,458.81,458.81,EUR,458.81,Amazon,ES,2026-10-10T10:44:07Z,B0CS3J3B7V,,,,,
Samsung,"Samsung TV 75 Pulgadas QLED QE1F 4K Smart TV | Vision AI, 100% Volumen de Color con Quantum Dot y más de 500 Canales TV Plus",https://www.amazon.es/dp/B0F226HD68,75.0,769.0,769.0,EUR,769.0,Amazon,ES,2026-10-10T10:44:07Z,B0F226HD68,,,,,
Samsung,"Samsung TV 65 Pulgadas OLED S85F 4K Smart TV | Vision AI, colores certificados por PANTONE y Samsung TV Plus",https://www.amazon.es/dp/B0F2FNVQ73,65.0,1139.0,1139.0,EUR,1139.0,Amazon,ES,2026-10-10T10:44:07Z,B0F2FNVQ73,,,,,
Samsung,"Samsung TV 32 Pulgadas Full HD F6005 4K Smart TV, Más Contraste con HDR, Sonido con OTS Lite, más de 500 Canales TV Plus y...",https://www.amazon.es/dp/B0F22716RJ,32.0,,,,,Amazon,ES,2026-10-10T10:44:07Z,B0F22716RJ,,,,,
Samsung,"Samsung TV 55 Pulgadas Neo QLED QN80F 4K Mini LED Smart TV | Vision AI, Quantum Matrix Technology Core, Motion Xcelerator ...",https://www.amazon.es/dp/B0F2FJY819,55.0,809.0,809.0,EUR,809.0,Amazon,ES,2026-10-10T10:44:07Z,B0F2FJY819,,,,,
Samsung,"Samsung TV Crystal 4K AI U8075H 65"" Smart TV con IA | Vision AI Companion, Crystal Processor 4K, Dynamic Sound Pack, Samsu...",https://www.amazon.es/dp/B0GJ61LF1B,65.0,479.0,479.0,EUR,479.0,Amazon,ES,2026-10-10T10:44:07Z,B0GJ61LF1B,,,,,
Samsung,"Samsung TV Mini LED M80H 55"" 4K Smart TV con IA | Vision AI Companion, Mini LED, Motion Xcelerator 144Hz, Samsung TV Plus,...",https://www.amazon.es/dp/B0GJ5M8SH8,55.0,,,,,Amazon,ES,2026-10-10T10:44:07Z,B0GJ5M8SH8,,,,,
Samsung,"Samsung TV 85 Pulgadas Crystal UHD U8075F 4K Smart TV, Colores increíbles con Processor Escucha Todos los Altavoces con Q-...",https://www.amazon.es/dp/B0FCMSRGND,85.0,1039.0,1039.0,EUR,1039.0,Amazon,ES,2026-10-10T10:44:07Z,B0FCMSRGND,,,,,
Samsung,"Samsung TV 50 Pulgadas QLED Q7F 4K Smart TV con Vision AI, 100% Volumen de Color con Quantum Dot y más de 500 Canales",https://www.amazon.es/dp/B0F2293K11,50.0,421.99,421.99,EUR,421.99,Amazon,ES,2026-10-10T10:44:07Z,B0F2293K11,,,,,
Samsung,"Samsung TV 75 Pulgadas Neo QLED QN80F 4K Mini LED Smart TV | Vision AI, Quantum Matrix Technology Core, Motion Xcelerator ...",https://www.amazon.es/dp/B0F2FMQ6FT,75.0,1369.0,1369.0,EUR,1369.0,Amazon,ES,2026-10-10T10:44:07Z,B0F2FMQ6FT,,,,,
Samsung,"Samsung TV 50 Pulgadas Crystal UHD U7025F 4K Smart TV, Colores increíbles con Crystal Processor 4K, Escucha Todos los Alta...",https://www.amazon.es/dp/B0F2FPPD5G,50.0,,,,,Amazon,ES,2026-10-10T10:44:07Z,B0F2FPPD5G,,,,,
Samsung,"Samsung TV 50 Pulgadas QLED Q8F 4K Smart TV | Vision AI, 100% Volumen de Color con Quantum Dot, el auténtico Quantum Dot y...",https://www.amazon.es/dp/B0F22BFWQQ,50.0,479.56,479.56,EUR,479.56,Amazon,ES,2026-10-10T10:44:07Z,B0F22BFWQQ,,,,,
Samsung,"Samsung TV 65 Pulgadas The Frame LS03F 4K Smart TV, Galería de Arte con Display Mate, Marcos Intercambiables, 100% Volumen...",https://www.amazon.es/dp/B0F2FJBXMK,65.0,1329.0,1329.0,EUR,1329.0,Amazon,ES,2026-10-10T10:44:07Z,B0F2FJBXMK,,,,,
Samsung,"Samsung U80H Crystal UHD 4K Smart TV año 2026, Tizen OS, Gaming Hub, HDR10+, PurColor (55 pulgadas, 2026)",https://www.amazon.es/dp/B0H5K6P1BY,55.0,417.5,417.5,EUR,417.5,Amazon,ES,2026-10-10T10:44:07Z,B0H5K6P1BY,,,,,
Xiaomi,"Xiaomi TV F Pro 75 Pulgadas (190 cm), 4K UHD QLED Smart Fire TV, L75MB-FPEU | Alexa Voice Control, HDR10+, Game Boost Mode...",https://www.amazon.es/dp/B0F45BLD1H,75.0,549.0,549.0,EUR,549.0,Amazon,ES,2026-10-10T10:44:07Z,B0F45BLD1H,,,,,
Samsung,"Samsung TV 85 Pulgadas Crystal UHD U8075H 4K Smart TV con Vision AI Companion Processor Dynamic Sound Pack TV Plus, Cine y...",https://www.amazon.es/dp/B0GMRJWH3W,85.0,999.0,999.0,EUR,999.0,Amazon,ES,2026-10-10T10:44:07Z,B0GMRJWH3W,,,,,
Samsung,"FPD Smart TV 43 Pulgadas Televisor Full HD 1080p Tizen OS Pantalla Plana | 350+ canales gratis Samsung TV Plus, Audio Dolb...",https://www.amazon.es/dp/B0F32KWFQW,43.0,222.29,222.29,EUR,222.29,Amazon,ES,2026-10-10T10:44:07Z,B0F32KWFQW,,,,,
Samsung,"Samsung TV Crystal UHD 4K 2024 85DU7105 Smart TV de 85"" UHD con Colores Puros con PurColor, el Mejor Todos los Altavoces a...",https://www.amazon.es/dp/B0CSPSZT5M,85.0,1079.0,1079.0,EUR,1079.0,Amazon,ES,2026-10-10T10:44:07Z,B0CSPSZT5M,,,,,
Samsung,"Samsung TV QLED 2023 43Q60C - Smart TV de 43"", con Tecnología Quantum dot, Quantum HDR10+, Smart TV powered by Tizen, Mult...",https://www.amazon.es/dp/B0BPYYY69J,43.0,415.22,415.22,EUR,415.22,Amazon,ES,2026-10-10T10:44:07Z,B0BPYYY69J,,,,,
TCL,"TCL 55V6D Televisor 55 Pulgadas 4K UHD Smart TV, Fire TV, Alexa Integrado, Dolby Vision & Atmos, Game Master, HDR10+, Cont...",https://www.amazon.es/dp/B0GQHGGWHX,55.0,339.0,339.0,EUR,339.0,Amazon,ES,2026-10-10T10:44:07Z,B0GQHGGWHX,,,,,
Samsung,"Samsung TV The Frame LS03HE 55"" 4K Smart TV IA y Pantalla sin Reflejos | Pantalla sin reflejos, televisor cuadro con diseñ...",https://www.amazon.es/dp/B0GKG3KQBL,55.0,991.0,991.0,EUR,991.0,Amazon,ES,2026-10-10T10:44:07Z,B0GKG3KQBL,,,,,
Samsung,"Samsung TV 43 Pulgadas Crystal UHD U8075F 4K Smart TV, Colores increíbles con Crystal Processor 4K, Escucha Todos los Alta...",https://www.amazon.es/dp/B0F9Q1YQSQ,43.0,,,,,Amazon,ES,2026-10-10T10:44:07Z,B0F9Q1YQSQ,,,,,
Samsung,"Smart TV Samsung de 32"" HD UE32H5000FKXZT, Processador Hyper Real, HDR e PurColor, Smart Experience, OTS Lite e Som Adapta...",https://www.amazon.es/dp/B0DF6NHYS6,32.0,277.0,277.0,EUR,277.0,Amazon,ES,2026-10-10T10:44:07Z,B0DF6NHYS6,,,,,
Samsung,"Samsung TV 75 Pulgadas QLED Q8F 4K Smart TV | Vision AI, 100% Volumen de Color con Quantum Dot, el auténtico Quantum Dot y...",https://www.amazon.es/dp/B0F2FL3P7J,75.0,909.0,909.0,EUR,909.0,Amazon,ES,2026-10-10T10:44:07Z,B0F2FL3P7J,,,,,
Samsung,"Samsung TV 65 Pulgadas QLED Q6F 4K Smart TV con Vision AI, 100% Volumen de Color con Quantum Dot y más de 500 Canales",https://www.amazon.es/dp/B0FRSHBY4K,65.0,509.78,509.78,EUR,509.78,Amazon,ES,2026-10-10T10:44:07Z,B0FRSHBY4K,,,,,
Samsung,"Samsung TV OLED S83H 65"" 4K Smart TV con IA y Pantalla sin Reflejos | Pantalla Sin Reflejos, Vision AI Companion, Ultimate...",https://www.amazon.es/dp/B0GL2KFQP6,65.0,1289.0,1289.0,EUR,1289.0,Amazon,ES,2026-10-10T10:44:07Z,B0GL2KFQP6,,,,,
Samsung,"Samsung TV 65 Pulgadas Neo QLED QN80F 4K Mini LED Smart TV | Vision AI, Quantum Matrix Technology Core, Motion Xcelerator ...",https://www.amazon.es/dp/B0F2FM1YNY,65.0,901.11,901.11,EUR,901.11,Amazon,ES,2026-10-10T10:44:07Z,B0F2FM1YNY,,,,,
Samsung,"Samsung Q7F QE55Q7FAAU QLED 55"" 4K Ultra HD Smart TV WiFi AirPlay Negra",https://www.amazon.es/dp/B0FHX2NJ9Y,55.0,449.0,449.0,EUR,449.0,Amazon,ES,2026-10-10T10:44:07Z,B0FHX2NJ9Y,,,,,
Samsung,"Pantallas Marca Samsung Modelo Samsung HG32T5300EE - 32"" Clase Diagonal HT5300 Series TV LCD con retroiluminación LED - Ho...",https://www.amazon.es/dp/B08XNKTSBB,32.0,259.0,259.0,EUR,259.0,Amazon,ES,2026-10-10T10:44:07Z,B08XNKTSBB,,,,,
Samsung,"Samsung TV 43 Pulgadas QLED Q8F 4K Smart TV | Vision AI, 100% Volumen de Color con Quantum Dot, el auténtico Quantum Dot y...",https://www.amazon.es/dp/B0F2296XMW,43.0,,,,,Amazon,ES,2026-10-10T10:44:07Z,B0F2296XMW,,,,,
Samsung,"Samsung TV 55 Pulgadas The Frame LS03F 4K Smart TV, Galería de Arte con Display Mate, Marcos Intercambiables, 100% Volumen...",https://www.amazon.es/dp/B0F2295TXB,55.0,,,,,Amazon,ES,2026-10-10T10:44:07Z,B0F2295TXB,,,,,
Samsung,"Cello C2226TZH Smart TV LED Full HD de 22"", Tizen OS de Samsung, Gaming Hub, Bluetooth, Triple sintonizador y Sonido Pitch",https://www.amazon.es/dp/B0GHRK4X1B,22.0,189.99,189.99,EUR,189.99,Amazon,ES,2026-10-10T10:44:07Z,B0GHRK4X1B,,,,,
Samsung,"Samsung TV The Frame 4K 2024 43LS03D Smart TV de 43"" con Galería de Arte con Display Mate, Marcos Intercambiables, 100% Vo...",https://www.amazon.es/dp/B0CXTNBS93,43.0,749.0,749.0,EUR,749.0,Amazon,ES,2026-10-10T10:44:07Z,B0CXTNBS93,,,,,
Xiaomi,"Xiaomi TV F 55 2025, 55 Pulgadas (140 cm), 4K UHD, Smart TV, Fire OS8, Control por Voz Alexa, HDR10, MEMC,Modo Game Boost ...",https://www.amazon.es/dp/B0F457G5QG,55.0,349.0,349.0,EUR,349.0,Amazon,ES,2026-10-10T10:44:07Z,B0F457G5QG,,,,,
Samsung,"Samsung TV 43 Pulgadas Crystal UHD U7025F 4K Smart TV, Colores increíbles con Crystal Processor 4K, Escucha Todos los Alta...",https://www.amazon.es/dp/B0F2FNR82K,43.0,341.33,341.33,EUR,341.33,Amazon,ES,2026-10-10T10:44:07Z,B0F2FNR82K,,,,,
Samsung,"Samsung TV Neo QLED QN80H 55"" 4K Smart TV con IA | Vision AI Companion, Quantum Mini LED, AI Football Mode, Motion Xcelera...",https://www.amazon.es/dp/B0GKGL31MC,55.0,679.0,679.0,EUR,679.0,Amazon,ES,2026-10-10T10:44:07Z,B0GKGL31MC,,,,,
Samsung,"Samsung TV 83 Pulgadas OLED S85F 4K Smart TV | Vision AI, colores certificados por PANTONE y Samsung TV Plus",https://www.amazon.es/dp/B0F2FMLH3V,83.0,1859.0,1859.0,EUR,1859.0,Amazon,ES,2026-10-10T10:44:07Z,B0F2FMLH3V,,,,,
Samsung,"Samsung TV Mini LED M80H 65"" 4K Smart TV con IA | Vision AI Companion, Mini LED, Motion Xcelerator 144Hz, Samsung TV Plus,...",https://www.amazon.es/dp/B0GJ6K3KQX,65.0,,,,,Amazon,ES,2026-10-10T10:44:07Z,B0GJ6K3KQX,,,,,
Samsung,"Samsung TV 55 Pulgadas Crystal UHD U7025F 4K Smart TV, Colores increíbles con Crystal Processor 4K, Escucha Todos los Alta...",https://www.amazon.es/dp/B0F2FQLSQ3,55.0,,,,,Amazon,ES,2026-10-10T10:44:07Z,B0F2FQLSQ3,,,,,
Hisense,"Hisense 40A4S - 40 Pulgadas Smart TV Full HD, Dolby Audio, DVB-T2 | Natural Colour Enhancer, Share to TV, Reducción de rui...",https://www.amazon.es/dp/B0GJFC1Q9Z,40.0,209.0,209.0,EUR,209.0,Amazon,ES,2026-10-10T10:44:07Z,B0GJFC1Q9Z,,,,,
Samsung,"Samsung TV The Frame Pro LS03HW 65"" 4K Smart TV IA y Pantalla sin Reflejos | Pantalla sin reflejos, Televisor cuadro con d...",https://www.amazon.es/dp/B0GKPQK57W,65.0,1465.98,1465.98,EUR,1465.98,Amazon,ES,2026-10-10T10:44:07Z,B0GKPQK57W,,,,,
Samsung,"Samsung TV Micro RGB R85H 65"" 4K Smart TV con IA | Vision AI Companion, Micro RGB Technology, Micro RGB AI Engine, AI Foot...",https://www.amazon.es/dp/B0GK2DY9Y9,65.0,1099.0,1099.0,EUR,1099.0,Amazon,ES,2026-10-10T10:44:07Z,B0GK2DY9Y9,,,,,
Samsung,"Samsung TV 43 Pulgadas Neo QLED QN90F 4K Mini LED Smart TV con Vision AI, Pantalla sin Reflejos con Glare Free y Quantum M...",https://www.amazon.es/dp/B0F21YMCYJ,43.0,729.17,729.17,EUR,729.17,Amazon,ES,2026-10-10T10:44:07Z,B0F21YMCYJ,,,,,
Samsung,"Samsung TV Neo QLED QN1EH 75"" 4K Smart TV con IA | Vision AI Companion, Quantum Mini LED, AI Football Mode, Samsung TV Plus",https://www.amazon.es/dp/B0GL3D83CG,75.0,899.0,899.0,EUR,899.0,Amazon,ES,2026-10-10T10:44:07Z,B0GL3D83CG,,,,,
Samsung,"Samsung TV 85 Pulgadas Mini LED M73H 4K Smart TV con Vision AI Companion, Modo Football TV Plus, Deportes, Cine y Gaming, ...",https://www.amazon.es/dp/B0GJ6FY2DC,85.0,1199.0,1199.0,EUR,1199.0,Amazon,ES,2026-10-10T10:44:07Z,B0GJ6FY2DC,,,,,
Samsung,"Samsung TV Neo QLED QN73H 85"" 4K Smart TV con IA | Vision AI Companion, Quantum Mini LED, AI Football Mode, Motion Xcelera...",https://www.amazon.es/dp/B0GHS15TFX,85.0,1476.58,1476.58,EUR,1476.58,Amazon,ES,2026-10-10T10:44:07Z,B0GHS15TFX,,,,,
Samsung,"Samsung TV The Frame Pro LS03HW 85"" 4K Smart TV IA y Pantalla sin Reflejos | Pantalla sin reflejos, Televisor cuadro con d...",https://www.amazon.es/dp/B0GHS2Y64D,85.0,2599.0,2599.0,EUR,2599.0,Amazon,ES,2026-10-10T10:44:07Z,B0GHS2Y64D,,,,,
Samsung,"Samsung TV 42 Pulgadas OLED S90F 4K Smart TV con Vision AI, Motion Xcelerator 144Hz y Colores certificados por Pantone",https://www.amazon.es/dp/B0FT879YNJ,42.0,,,,,Amazon,ES,2026-10-10T10:44:07Z,B0FT879YNJ,,,,,
Samsung,"Samsung Crystal UHD U8079F 43"" LED MetalStream Design, SmartThings, AI Upscaling, Gaming Hub, Knox Security, Smart TV, 2025",https://www.amazon.es/dp/B0F7LG4F8P,43.0,,,,,Amazon,ES,2026-10-10T10:44:07Z,B0F7LG4F8P,,,,,
Samsung,"Samsung TV Neo QLED QN80H 75"" 4K Smart TV con IA | Vision AI Companion, Quantum Mini LED, AI Football Mode, Motion Xcelera...",https://www.amazon.es/dp/B0GHS5LQ68,75.0,1239.0,1239.0,EUR,1239.0,Amazon,ES,2026-10-10T10:44:07Z,B0GHS5LQ68,,,,,
Xiaomi,"Xiaomi TV F Pro 32 Pulgadas 2025, QLED Smart TV, Fire OS7, L32MB-FPEU | Alexa Voice Control, Dolby Audio, DTS Virtual:X, D...",https://www.amazon.es/dp/B0F457M449,32.0,179.0,179.0,EUR,179.0,Amazon,ES,2026-10-10T10:44:07Z,B0F457M449,,,,,
Samsung,"Samsung QLED 4K Q60D TV de 43 pulgadas con procesador Quantum Lite, volumen 100% de color, ampliación, Tizen OS, Smart TV,...",https://www.amazon.es/dp/B0D5BNFMHF,43.0,396.69,396.69,EUR,396.69,Amazon,ES,2026-10-10T10:44:07Z,B0D5BNFMHF,,,,,
Hisense,"Hisense 43E7Q Pro - Hi-QLED 43 Pulgadas Smart TV 4K, 144 Hz Nativos | Quantum Dot Color, Dolby Vison.Atmos, Imágenes AI, S...",https://www.amazon.es/dp/B0FFH953XW,43.0,348.0,348.0,EUR,348.0,Amazon,ES,2026-10-10T10:44:07Z,B0FFH953XW,,,,,
Samsung,"Samsung TV 77 Pulgadas OLED S85F 4K Smart TV | Vision AI, colores certificados por PANTONE y Samsung TV Plus",https://www.amazon.es/dp/B0F2FMPVYZ,77.0,1749.0,1749.0,EUR,1749.0,Amazon,ES,2026-10-10T10:44:07Z,B0F2FMPVYZ,,,,,
Samsung,"Samsung TV MicroRGB R85H 55"" 4K Smart TV con IA | Vision AI Companion, Micro RGB Technology, Micro RGB AI Engine, AI Footb...",https://www.amazon.es/dp/B0GK1ZSKLF,55.0,899.0,899.0,EUR,899.0,Amazon,ES,2026-10-10T10:44:07Z,B0GK1ZSKLF,,,,,
Samsung,"Samsung TV 75 Pulgadas QLED Q7F5 4K Smart TV con Vision AI, 100% Volumen de Color con Quantum Dot y más de 500 Canales",https://www.amazon.es/dp/B0F2FLQTM9,75.0,702.47,702.47,EUR,702.47,Amazon,ES,2026-10-10T10:44:07Z,B0F2FLQTM9,,,,,
Samsung,"Samsung TV The Frame Pro LS03HW 75"" 4K Smart TV IA y Pantalla sin Reflejos | Pantalla sin reflejos, Televisor cuadro con d...",https://www.amazon.es/dp/B0GL34QHB7,75.0,1899.0,1899.0,EUR,1899.0,Amazon,ES,2026-10-10T10:44:07Z,B0GL34QHB7,,,,,
Samsung,"Samsung TV OLED 4K 2024 77S90D Smart TV de 77"" con más Brillo y Contraste, un Sonido de Cine con Dolby Atmos y Q-Symphony,...",https://www.amazon.es/dp/B0D96P975X,77.0,2199.0,2199.0,EUR,2199.0,Amazon,ES,2026-10-10T10:44:07Z,B0D96P975X,,,,,
Samsung,"SAMSUNG QE43Q60CAUXXH 43"" QLED UltraHD 4K Quantum HDR",https://www.amazon.es/dp/B0C278W9RG,43.0,423.02,423.02,EUR,423.02,Amazon,ES,2026-10-10T10:44:07Z,B0C278W9RG,,,,,
Panasonic,"Panasonic TB-24S40AEZC, 24 Pulgadas televisor, HD LED, TiVo | Control De Voz Google y Alexa, Modo De Juego, Reproductor Mu...",https://www.amazon.es/dp/B0H2MQLH8S,24.0,240.89,240.89,EUR,240.89,Amazon,ES,2026-10-10T10:44:07Z,B0H2MQLH8S,,,,,
TCL,"TCL 65C7L 65 Pulgadas SQD-Mini LED 4K HDR10+ Smart TV, 3.000 Nits | 1.152 Zonas de Atenuación, Dolby Vision IQ & Atmos, Au...",https://www.amazon.es/dp/B0GVSMZR1J,65.0,949.0,949.0,EUR,949.0,Amazon,ES,2026-10-10T10:44:07Z,B0GVSMZR1J,,,,,
Samsung,"Cello CTRAV-24TZ Smart TV LED 24"" 12V para Autocaravana y Camping, Tizen OS de Samsung, Gaming Hub, Altavoces Pitch, Bluet...",https://www.amazon.es/dp/B0GHRXQKN4,24.0,242.42,242.42,EUR,242.42,Amazon,ES,2026-10-10T10:44:07Z,B0GHRXQKN4,,,,,
Samsung,"Samsung TV 50 Pulgadas Crystal UHD U8005 4K Smart TV, Colores increíbles con Crystal Processor 4K, Escucha Todos los Altav...",https://www.amazon.es/dp/B0F2FNJ3H6,50.0,,,,,Amazon,ES,2026-10-10T10:44:07Z,B0F2FNJ3H6,,,,,
Sony,"Sony BRAVIA 3, TV 43"", Direct LED, Altavoz X-Balanced, Dolby Vision/Atmos, Google TV 2025, Apple AirPlay 2, Eco Dashboard ...",https://www.amazon.es/dp/B0F4KVZSKW,43.0,499.0,499.0,EUR,499.0,Amazon,ES,2026-10-10T10:44:07Z,B0F4KVZSKW,,,,,
Samsung,"Samsung TV Micro RGB R95H 65"" 4K Smart TV con IA y Pantalla sin Reflejos | Pantalla sin reflejos, Vision AI Companion, Mic...",https://www.amazon.es/dp/B0GK1YDW6Z,65.0,,,,,Amazon,ES,2026-10-10T10:44:07Z,B0GK1YDW6Z,,,,,
Samsung,"Samsung TV 65 Pulgadas QLED Q7F 4K Smart TV con Vision AI, 100% Volumen de Color con Quantum Dot y más de 500 Canales",https://www.amazon.es/dp/B0F2FNK6DF,65.0,,,,,Amazon,ES,2026-10-10T10:44:07Z,B0F2FNK6DF,,,,,
Samsung,"Samsung TV 98 Pulgadas QLED Q7F 4K Smart TV con Vision AI, 100% Volumen de Color con Quantum Dot y más de 500 Canales",https://www.amazon.es/dp/B0FPGJ1QKQ,98.0,1790.2,1790.2,EUR,1790.2,Amazon,ES,2026-10-10T10:44:07Z,B0FPGJ1QKQ,,,,,
Samsung,"Samsung TV 85 Pulgadas Neo QLED QN80F 4K Mini LED Smart TV | Vision AI, Quantum Matrix Technology Core, Motion Xcelerator ...",https://www.amazon.es/dp/B0F2FNFKDD,85.0,,,,,Amazon,ES,2026-10-10T10:44:07Z,B0F2FNFKDD,,,,,
Samsung,"Samsung TV The Frame Pro LS03HW 55"" 4K Smart TV IA y Pantalla sin Reflejos con Paquete Rakuten",https://www.amazon.es/dp/B0H2J47BVR,55.0,1799.0,1799.0,EUR,1799.0,Amazon,ES,2026-10-10T10:44:07Z,B0H2J47BVR,,,,,
Panasonic,"Panasonic TV-32S55AEZ, S55 Series 32 Pulgadas Full HD LED Smart TV, 2024, Fire TV, HD Colour Engine, HDR, Alexa Control De...",https://www.amazon.es/dp/B0H2MK9V3P,32.0,259.0,259.0,EUR,259.0,Amazon,ES,2026-10-10T10:44:07Z,B0H2MK9V3P,,,,,
Samsung,"Samsung TV 75 Pulgadas Neo QLED QN990F 8K Mini LED, Smart TV con Vision AI, conexión sin Cables, Pantalla sin Reflejos Gla...",https://www.amazon.es/dp/B0F2219MC8,75.0,4045.5,4045.5,EUR,4045.5,Amazon,ES,2026-10-10T10:44:07Z,B0F2219MC8,,,,,
Samsung,"Cello CTRAV-22TZ Smart TV 22"" 12V para Autocaravana y Barco, Tizen OS de Samsung, Receptor satélite Integrado, Gaming Hub,...",https://www.amazon.es/dp/B0D31XZV6N,22.0,229.99,229.99,EUR,229.99,Amazon,ES,2026-10-10T10:44:07Z,B0D31XZV6N,,,,,
Samsung,"Samsung TV Micro RGB R85H 75"" 4K Smart TV con IA | Vision AI Companion, Micro RGB Technology, Micro RGB AI Engine, AI Foot...",https://www.amazon.es/dp/B0GK2BT41M,75.0,1649.0,1649.0,EUR,1649.0,Amazon,ES,2026-10-10T10:44:07Z,B0GK2BT41M,,,,,
Samsung,Samsung Neo (2026) 65 pulgadas QLED UHD 4K TV - 65QN72H,https://www.amazon.es/dp/B0HKZDZPZP,65.0,960.18,960.18,EUR,960.18,Amazon,ES,2026-10-10T10:44:07Z,B0HKZDZPZP,,,,,
Samsung,"Cello CTRAV-32TZ TV LED Smart de 32"" sin Marco 12V con Tizen OS de Samsung, Gaming Hub, Altavoces Pitch, HDMI, Bluetooth, ...",https://www.amazon.es/dp/B0GHRHWZ1S,32.0,299.99,299.99,EUR,299.99,Amazon,ES,2026-10-10T10:44:07Z,B0GHRHWZ1S,,,,,
Panasonic,"Panasonic TV-32S50AEZC, 32 Pulgadas televisor, HD LED, Fire TV | HD Colour Engine, HDR, Alexa Control De Voz, Modo De Jueg...",https://www.amazon.es/dp/B0H2MTB4V6,32.0,289.0,289.0,EUR,289.0,Amazon,ES,2026-10-10T10:44:07Z,B0H2MTB4V6,,,,,
Samsung,"Samsung TV 50 Pulgadas The Frame LS03F 4K Smart TV, Galería de Arte con Display Mate, Marcos Intercambiables, 100% Volumen...",https://www.amazon.es/dp/B0F225B9KJ,50.0,738.54,738.54,EUR,738.54,Amazon,ES,2026-10-10T10:44:07Z,B0F225B9KJ,,,,,
Samsung,"Samsung TV 65 Pulgadas Crystal UHD U8005 4K Smart TV, Colores increíbles con Crystal Processor 4K, Escucha Todos los Altav...",https://www.amazon.es/dp/B0F2286VSS,65.0,599.28,599.28,EUR,599.28,Amazon,ES,2026-10-10T10:44:07Z,B0F2286VSS,,,,,
Samsung,"Samsung TV 65 Pulgadas Neo QLED QN900F 8K Mini LED Smart TV con Vision AI, Pantalla sin Reflejos con Glare Free y Motion X...",https://www.amazon.es/dp/B0F2221GD1,65.0,2289.0,2289.0,EUR,2289.0,Amazon,ES,2026-10-10T10:44:07Z,B0F2221GD1,,,,,
Xiaomi,"Xiaomi TV FX Mini LED 43"" QD Mini LED Smart TV, 4K UHD, Fire TV, HDR10+, MEMC, DTS:X, AirPlay 2, HDMI, Filmmaker Mode, Voi...",https://www.amazon.es/dp/B0H26RB46K,43.0,349.0,349.0,EUR,349.0,Amazon,ES,2026-10-10T10:44:07Z,B0H26RB46K,,,,,
Samsung,"Samsung TV 85 Pulgadas QLED Q8F 4K Smart TV | Vision AI, 100% Volumen de Color con Quantum Dot, el auténtico Quantum Dot y...",https://www.amazon.es/dp/B0F2FLDHZD,85.0,1440.43,1440.43,EUR,1440.43,Amazon,ES,2026-10-10T10:44:07Z,B0F2FLDHZD,,,,,
Samsung,"Samsung TV OLED 4K 2024 55S85D Smart TV de 55"" con Resolución 4K Mejorada, un Sonido de Cine, el Mejor Smart TV y Colores ...",https://www.amazon.es/dp/B0CX99KXCC,55.0,1222.85,1222.85,EUR,1222.85,Amazon,ES,2026-10-10T10:44:07Z,B0CX99KXCC,,,,,
Samsung,"Samsung TV 85 Pulgadas Crystal UHD U8005 4K Smart TV, Colores increíbles con Crystal Processor 4K, Escucha Todos los Altav...",https://www.amazon.es/dp/B0F227SNKB,85.0,1499.49,1499.49,EUR,1499.49,Amazon,ES,2026-10-10T10:44:07Z,B0F227SNKB,,,,,
Hisense,"Hisense 55U7S Pro - MiniLED Pro 55 Pulgadas Smart TV 4K, 165 Hz | Quantum Dot Color, 2.1.2 Sonido Multicanal, Anti Reflect...",https://www.amazon.es/dp/B0GT2MQNKD,55.0,679.0,679.0,EUR,679.0,Amazon,ES,2026-10-10T10:44:07Z,B0GT2MQNKD,,,,,
Samsung,"Samsung BE75D-H - TV LCD Serie Bed-H con Diagonal da 189,3 cm (75"") con retroilluminazione LED - Crystal UHD - Digital Sig...",https://www.amazon.es/dp/B0DYJYJ2B2,75.0,1290.0,1290.0,EUR,1290.0,Amazon,ES,2026-10-10T10:44:07Z,B0DYJYJ2B2,,,,,
Samsung,"Samsung TV Mini LED M80H 75"" 4K Smart TV con IA | Vision AI Companion, Mini LED, Motion Xcelerator 144Hz, Samsung TV Plus,...",https://www.amazon.es/dp/B0GJ6GRZX2,75.0,799.0,799.0,EUR,799.0,Amazon,ES,2026-10-10T10:44:07Z,B0GJ6GRZX2,,,,,
Toshiba,"Toshiba 50QV1563DG Televisor 50 Pulgadas QLED, 4K UHD, Smart TV, sin Marcos, HDR10, Dolby Audio, Compatible con Alexa, Gam...",https://www.amazon.es/dp/B0H5WRWRLN,50.0,379.99,379.99,EUR,379.99,Amazon,ES,2026-10-10T10:44:07Z,B0H5WRWRLN,,,,,
Samsung,"Samsung TV 75 Pulgadas Neo QLED QN1EF 4K Mini LED Smart TV con Vision AI, Pantalla sin Reflejos con Glare Free y Motion Xc...",https://www.amazon.es/dp/B0F224XNSF,75.0,,,,,Amazon,ES,2026-10-10T10:44:07Z,B0F224XNSF,,,,,
Samsung,"Samsung TV 65 Pulgadas QLED Q7F5 4K Smart TV con Vision AI, 100% Volumen de Color con Quantum Dot y más de 500 Canales",https://www.amazon.es/dp/B0F2FK5RC9,65.0,,,,,Amazon,ES,2026-10-10T10:44:07Z,B0F2FK5RC9,,,,,
Samsung,"Samsung TV 100 Pulgadas Neo QLED QN80F 4K Mini LED Smart TV | Vision AI, Quantum Matrix Technology Core, Motion Xcelerator...",https://www.amazon.es/dp/B0F22834RH,100.0,,,,,Amazon,ES,2026-10-10T10:44:07Z,B0F22834RH,,,,,
Samsung,"Samsung UE32N5370 32"" FullHD SmartTV Negro 2019",https://www.amazon.es/dp/B07P5TM2LR,32.0,319.0,319.0,EUR,319.0,Amazon,ES,2026-10-10T10:44:07Z,B07P5TM2LR,,,,,
LG,"LG 43NU850B6LA - TV 43"", Nano 4K UHD, webOS 26, Procesador α7 AI Gen9, Anti-Reflejos, HDR10, 4K Super Upscaling, Dolby Dig...",https://www.amazon.es/dp/B0H2DWJC5L,43.0,295.0,295.0,EUR,295.0,Amazon,ES,2026-10-10T10:44:07Z,B0H2DWJC5L,,,,,
Samsung,MLBEIU Tira de retroiluminación LED de 40 LED para Samsung de 55 pulgadas UA55NU7100 UE55NU7102K UE55NU7370 UE55NU7092 UE5...,https://www.amazon.es/dp/B0CWRZLJSP,55.0,27.49,27.49,EUR,27.49,Amazon,ES,2026-10-10T10:44:07Z,B0CWRZLJSP,,,,,
Samsung,"Samsung Tv 43"" Qled Ultra Hd 4ksmart Dvb/t2/s2 Qe43q8fa",https://www.amazon.es/dp/B0FM94TKK1,43.0,,,,,Amazon,ES,2026-10-10T10:44:07Z,B0FM94TKK1,,,,,
Samsung,"Samsung HG55AU800EE - 138 cm (55"") Diagonalklasse HAU8000 Series LCD-TV mit LED-Hintergrundbeleuchtung - Crystal UHD - Hot...",https://www.amazon.es/dp/B0BZMKM7LQ,55.0,,,,,Amazon,ES,2026-10-10T10:44:07Z,B0BZMKM7LQ,,,,,
Samsung,"Samsung TV The Frame 4K 2024 55LS03D Smart TV de 55"" con Galería de Arte con Display Mate, Marcos Intercambiables, 100% Vo...",https://www.amazon.es/dp/B0CS6PL5BY,55.0,1322.0,1322.0,EUR,1322.0,Amazon,ES,2026-10-10T10:44:07Z,B0CS6PL5BY,,,,,
Samsung,Samsung 43AU8000 Televisor Profesional para Hotel de 43 Pulgadas,https://www.amazon.es/dp/B0BZMM3QR2,43.0,708.45,708.45,EUR,708.45,Amazon,ES,2026-10-10T10:44:07Z,B0BZMM3QR2,,,,,
Samsung,"Samsung Smart TV QE65QN85F, 65 pulgadas, 4K Ultra HD, HDR 10+, AMD FreeSync, modelo 2025 [versión húngara]",https://www.amazon.es/dp/B0FND6LTR5,65.0,,,,,Amazon,ES,2026-10-10T10:44:07Z,B0FND6LTR5,,,,,
Samsung,"Samsung TV 75 Pulgadas Neo QLED QN900F 8K Mini LED Smart TV con Vision AI, Pantalla sin Reflejos con Glare Free y Motion X...",https://www.amazon.es/dp/B0F21Y5JP5,75.0,2915.87,2915.87,EUR,2915.87,Amazon,ES,2026-10-10T10:44:07Z,B0F21Y5JP5,,,,,
Samsung,"Samsung TV Neo QLED QN80H 50"" 4K Smart TV con IA | Vision AI Companion, Quantum Mini LED, AI Football Mode, Motion Xcelera...",https://www.amazon.es/dp/B0GKGG7P9B,50.0,,,,,Amazon,ES,2026-10-10T10:44:07Z,B0GKGG7P9B,,,,,
Samsung,"Samsung TV QE43LS03RAUXZT The Frame 2019 - Marco de TV, 4K 43"", Color Negro",https://www.amazon.es/dp/B07TD8ZS8N,43.0,1775.0,1775.0,EUR,1775.0,Amazon,ES,2026-10-10T10:44:07Z,B07TD8ZS8N,,,,,
Samsung,"Samsung TV 65 Pulgadas The Frame LS03F 4K Smart TV, Galería de Arte con Display Mate, Marcos Intercambiables, 100% Volumen...",https://www.amazon.es/dp/B0F2256CND,65.0,,,,,Amazon,ES,2026-10-10T10:44:07Z,B0F2256CND,,,,,
Sony,"Sony BRAVIA 2 II 50 Pulgadas TV 4K Smart TV (Google TV), Procesador X1, Escalado 4K, Dolby Atmos y DTS:X, Compatible con P...",https://www.amazon.es/dp/B0GZLDN3SH,50.0,599.0,599.0,EUR,599.0,Amazon,ES,2026-10-10T10:44:07Z,B0GZLDN3SH,,,,,
Samsung,"Samsung TV 75 Pulgadas The Frame LS03F 4K Smart TV, Galería de Arte con Display Mate, Marcos Intercambiables, 100% Volumen...",https://www.amazon.es/dp/B0F228V6ML,75.0,,,,,Amazon,ES,2026-10-10T10:44:07Z,B0F228V6ML,,,,,
Samsung,"Samsung TV 75 Pulgadas Crystal UHD U8005 4K Smart TV, Colores increíbles con Crystal Processor 4K, Escucha Todos los Altav...",https://www.amazon.es/dp/B0F225CDYG,75.0,,,,,Amazon,ES,2026-10-10T10:44:07Z,B0F225CDYG,,,,,
Samsung,"Samsung TV 115 Pulgadas Neo QLED QN90F 4K Mini LED Smart TV, Imagen y Sonido con IA 4K, Samsung Vision AI, Pantalla sin Re...",https://www.amazon.es/dp/B0F222BT5D,115.0,10107.84,10107.84,EUR,10107.84,Amazon,ES,2026-10-10T10:44:07Z,B0F222BT5D,,,,,
Samsung,"Samsung UE65CU7172UXXH 65"" LED Crystal UltraHD 4K HDR10+",https://www.amazon.es/dp/B0C276TZ1C,65.0,779.0,779.0,EUR,779.0,Amazon,ES,2026-10-10T10:44:07Z,B0C276TZ1C,,,,,
Samsung,"Samsung TV 55 Pulgadas OLED S90F 4K Smart TV con Vision AI, Motion Xcelerator 144Hz y Colores certificados por Pantone",https://www.amazon.es/dp/B0F2FKBYBD,55.0,,,,,Amazon,ES,2026-10-10T10:44:07Z,B0F2FKBYBD,,,,,
Samsung,"Samsung TV 65 Pulgadas OLED S95F 4K Smart TV con Vision AI, Pantalla sin Reflejos con Glare Free y Motion Xcelerator 165Hz",https://www.amazon.es/dp/B0F222QCYM,65.0,,,,,Amazon,ES,2026-10-10T10:44:07Z,B0F222QCYM,,,,,
Samsung,Samsung Marco The Frame de 43 pulgadas (VG-SCFA43BWBXC) en marrón moderno [2021],https://www.amazon.es/dp/B096BK8T1Z,43.0,76.37,76.37,EUR,76.37,Amazon,ES,2026-10-10T10:44:07Z,B096BK8T1Z,,,,,
Samsung,"Samsung TV 55 Pulgadas OLED S95F 4K Smart TV con Vision AI, Pantalla sin Reflejos con Glare Free y Motion Xcelerator 165Hz",https://www.amazon.es/dp/B0F223LCF4,55.0,,,,,Amazon,ES,2026-10-10T10:44:07Z,B0F223LCF4,,,,,
Samsung,"Samsung Telewizor UE32N5302 LED 32"" F",https://www.amazon.es/dp/B07SNQ3WJ5,32.0,339.0,339.0,EUR,339.0,Amazon,ES,2026-10-10T10:44:07Z,B07SNQ3WJ5,,,,,
Sony,"Sony BRAVIA 3 II 50 Pulgadas TV 4K Smart TV (Google TV), Procesador XR con Inteligencia Artificial, 120 Hz, Dolby Vision y...",https://www.amazon.es/dp/B0GZQ4G7BL,50.0,749.0,749.0,EUR,749.0,Amazon,ES,2026-10-10T10:44:07Z,B0GZQ4G7BL,,,,,
Samsung,"Samsung TV Micro RGB R85H 85"" 4K Smart TV con IA | Vision AI Companion, Micro RGB Technology, Micro RGB AI Engine, AI Foot...",https://www.amazon.es/dp/B0GK2HMCHG,85.0,2139.0,2139.0,EUR,2139.0,Amazon,ES,2026-10-10T10:44:07Z,B0GK2HMCHG,,,,,
Sony,"Sony BRAVIA 3 II 43 Pulgadas TV 4K Smart TV (Google TV), Procesador XR con Inteligencia Artificial, 120 Hz, Dolby Vision y...",https://www.amazon.es/dp/B0GZQ8F1R6,43.0,709.0,709.0,EUR,709.0,Amazon,ES,2026-10-10T10:44:07Z,B0GZQ8F1R6,,,,,
Sony,"Sony BRAVIA 2 II 43 Pulgadas TV 4K Smart TV (Google TV), Procesador X1, Escalado 4K, Dolby Atmos y DTS:X, Compatible con P...",https://www.amazon.es/dp/B0GZL6GMFJ,43.0,519.0,519.0,EUR,519.0,Amazon,ES,2026-10-10T10:44:07Z,B0GZL6GMFJ,,,,,
Samsung,"Samsung UE55CU8570 - Televisor LED (55 pulgadas, UHD 4K, HDR, OTS Lite, AirSlim Design, Google Assistant 2023)",https://www.amazon.es/dp/B0BWFMHYW3,55.0,799.0,799.0,EUR,799.0,Amazon,ES,2026-10-10T10:44:07Z,B0BWFMHYW3,,,,,
Samsung,"Samsung TV 65 Pulgadas QLED Q7F4 4K Smart TV con Vision AI, 100% Volumen de Color con Quantum Dot y más de 500 Canales",https://www.amazon.es/dp/B0F7M38XR8,65.0,,,,,Amazon,ES,2026-10-10T10:44:07Z,B0F7M38XR8,,,,,
Samsung,"SAMSUNG UE50CU7172UXXH 50"" LED Crystal UltraHD 4K HDR10+",https://www.amazon.es/dp/B0C278ZXD4,50.0,,,,,Amazon,ES,2026-10-10T10:44:07Z,B0C278ZXD4,,,,,
Samsung,"Samsung Tv 75"" Led Ultra Hd 4k Smart Dvb/t2/s2 75u8092",https://www.amazon.es/dp/B0G1YTQHQC,75.0,,,,,Amazon,ES,2026-10-10T10:44:07Z,B0G1YTQHQC,,,,,
Sony,"Sony BRAVIA 3, Direct LED TV 50 Pulgadas, Altavoz X-Balanced, Dolby Vision/Atmos, IMAX Enhanced, Google TV 2025, Apple Air...",https://www.amazon.es/dp/B0F4KT1F4F,50.0,599.0,599.0,EUR,599.0,Amazon,ES,2026-10-10T10:44:07Z,B0F4KT1F4F,,,,,
Samsung,"SAMSUNG Smart TV QLED 4K 2022 75Q80B - Smart TV de 75"" con Resolución 4K, Direct Full Array, Quantum HDR 1500, Dolby Atmo...",https://www.amazon.es/dp/B09MW5WDZF,75.0,1696.79,1696.79,EUR,1696.79,Amazon,ES,2026-10-10T10:44:07Z,B09MW5WDZF,,,,,
Sony,"Sony BRAVIA 2 II 55 Pulgadas TV 4K Smart TV (Google TV), Procesador X1, Escalado 4K, Dolby Atmos y DTS:X, Compatible con P...",https://www.amazon.es/dp/B0GZL1BLJ9,55.0,699.0,699.0,EUR,699.0,Amazon,ES,2026-10-10T10:44:07Z,B0GZL1BLJ9,,,,,
Samsung,"Samsung TV 55 Pulgadas The Terrace 4K Smart TV, TV para Exterior, Quantum Matrix Technology Slim, Pantalla antirreflejos y...",https://www.amazon.es/dp/B0F2B5ZY13,55.0,2742.79,2742.79,EUR,2742.79,Amazon,ES,2026-10-10T10:44:07Z,B0F2B5ZY13,,,,,
Samsung,"Samsung 55HAU8000 43"" HTV Mode Hotel UHD Smart",https://www.amazon.es/dp/B09X7BDNHD,43.0,988.83,988.83,EUR,988.83,Amazon,ES,2026-10-10T10:44:07Z,B09X7BDNHD,,,,,
Samsung,"Samsung TV Neo QLED QN80H 100"" 4K Smart TV con IA | Vision AI Companion, Quantum Mini LED, AI Football Mode, Motion Xceler...",https://www.amazon.es/dp/B0GK2RLV72,100.0,2549.0,2549.0,EUR,2549.0,Amazon,ES,2026-10-10T10:44:07Z,B0GK2RLV72,,,,,
Samsung,"Samsung BE43A-H Pantalla Plana para señalización Digital 109,2 cm (43"") 4K Ultra HD Gris Procesador Incorporado Tizen",https://www.amazon.es/dp/B08VH8JLK5,43.0,,,,,Amazon,ES,2026-10-10T10:44:07Z,B08VH8JLK5,,,,,
Sony,"Sony BRAVIA 3, Direct LED TV 55 Pulgadas, Altavoz X-Balanced, Dolby Vision/Atmos, Google TV 2025, Apple AirPlay 2, Eco Das...",https://www.amazon.es/dp/B0F4KXJQ42,55.0,699.0,699.0,EUR,699.0,Amazon,ES,2026-10-10T10:44:07Z,B0F4KXJQ42,,,,,
Samsung,"Samsung QM32C-T - 81 cm (32"") Diagonalklasse QMC-T Series LCD-Display mit LED-Hintergrundbeleuchtung - interaktive Digital...",https://www.amazon.es/dp/B0GKVZ7D56,32.0,1032.94,1032.94,EUR,1032.94,Amazon,ES,2026-10-10T10:44:07Z,B0GKVZ7D56,,,,,
Samsung,"Samsung TV Neo QLED QN1EH 85"" 4K Smart TV con IA | Vision AI Companion, Quantum Mini LED, AI Football Mode, Samsung TV Plus",https://www.amazon.es/dp/B0GHS4V9CN,85.0,9999.0,9999.0,EUR,9999.0,Amazon,ES,2026-10-10T10:44:07Z,B0GHS4V9CN,,,,,
Hisense,"Hisense 55U6NQ - Mini-LED TV, 55 Pulgadas, con Quantum Dot Colour, Full Array Local Dimming, Modo Juego 60 Hz VRR 120 fps,...",https://www.amazon.es/dp/B0CXTNG23H,55.0,649.0,649.0,EUR,649.0,Amazon,ES,2026-10-10T10:44:07Z,B0CXTNG23H,,,,,
Panasonic,"Panasonic Premium TV-43W80AEZC, Serie W80 43 Pulgadas 4K Ultra HD QLED Smart TV, Fire TV, Dolby Vision y Atmos, Modo De Ju...",https://www.amazon.es/dp/B0H2MMG7TD,43.0,374.38,374.38,EUR,374.38,Amazon,ES,2026-10-10T10:44:07Z,B0H2MMG7TD,,,,,
Samsung,"SAMSUNG QE50T UHD 127 cm (50"") LED 4K Ultra HD Negro Procesador Incorporado Tizen 4.0",https://www.amazon.es/dp/B08DP495MX,50.0,852.0,852.0,EUR,852.0,Amazon,ES,2026-10-10T10:44:07Z,B08DP495MX,,,,,
Samsung,"Samsung HG43U800FEU・108 cm (43"") Clase diagonal HU8000F Series TV LCD con retroiluminación LED・Crystal UHD・Hotel/Hostelerí...",https://www.amazon.es/dp/B0HL4Q9XBD,43.0,728.54,728.54,EUR,728.54,Amazon,ES,2026-10-10T10:44:07Z,B0HL4Q9XBD,,,,,
Samsung,"Pantalla TFT - LCD (55"" o mas) UE75TU7172 Samsung",https://www.amazon.es/dp/B08CJZF4Z6,55.0,725.99,725.99,EUR,725.99,Amazon,ES,2026-10-10T10:44:07Z,B08CJZF4Z6,,,,,
Samsung,"Samsung TV Mini LED M80H 85"" 4K Smart TV con IA | Vision AI Companion, Mini LED, Motion Xcelerator 144Hz, Samsung TV Plus,...",https://www.amazon.es/dp/B0GJ64N3BB,85.0,1399.0,1399.0,EUR,1399.0,Amazon,ES,2026-10-10T10:44:07Z,B0GJ64N3BB,,,,,
Samsung,"Samsung - Tv gera & x20ac; t lcd de 124,5 cm (49 "") ue49k5500 led (400 hz) de grabación usb",https://www.amazon.es/dp/B01K85RP2C,49.0,1500.0,1500.0,EUR,1500.0,Amazon,ES,2026-10-10T10:44:07Z,B01K85RP2C,,,,,
Samsung,"Samsung TV U8005F (2026) 85"" LED HDR 4K - TU85U8005HU",https://www.amazon.es/dp/B0HK1HGXVZ,85.0,1019.07,1019.07,EUR,1019.07,Amazon,ES,2026-10-10T10:44:07Z,B0HK1HGXVZ,,,,,
Samsung,Samsung HG43EE690DBXEN/43'' Smart TVLED Mode Hotel Negro,https://www.amazon.es/dp/B078ZTNDCX,43.0,1238.0,1238.0,EUR,1238.0,Amazon,ES,2026-10-10T10:44:07Z,B078ZTNDCX,,,,,
Panasonic,"Panasonic TV-65Z80AEZ, Z80 Series 65 Pulgadas 4K Ultra HD OLED Smart TV, 2024, Fire TV, Dolby Vision y Atmos, Modo de Jueg...",https://www.amazon.es/dp/B0DJCXKT2B,65.0,1312.59,1312.59,EUR,1312.59,Amazon,ES,2026-10-10T10:44:07Z,B0DJCXKT2B,,,,,
Sony,"Sony BRAVIA 3, Direct LED TV 65 Pulgadas, Altavoz X-Balanced, Dolby Vision/Atmos, Google TV 2025, Apple AirPlay 2, Eco Das...",https://www.amazon.es/dp/B0F4KX8CK4,65.0,849.0,849.0,EUR,849.0,Amazon,ES,2026-10-10T10:44:07Z,B0F4KX8CK4,,,,,
Samsung,"Cello CTRAV-22TZ Smart TV 22"" 12V para Autocaravana y Barco, Tizen OS de Samsung, Receptor satélite Integrado, Gaming Hub,...",https://www.amazon.es/dp/B0GHR6TX9W,22.0,249.99,249.99,EUR,249.99,Amazon,ES,2026-10-10T10:44:07Z,B0GHR6TX9W,,,,,
Samsung,"Samsung TV Mini LED M72H 75"" 4K Smart TV con IA | Vision AI Companion, Mini LED, AI Football Mode, Samsung TV Plus, Perfec...",https://www.amazon.es/dp/B0H41KT5VV,75.0,1149.0,1149.0,EUR,1149.0,Amazon,ES,2026-10-10T10:44:07Z,B0H41KT5VV,,,,,
Sony,"Sony BRAVIA KD32W800 - Smart TV 32 Pulgadas HD Ready Alto Rango Dinámico HDR, Android TV Negro, Modelo 2022, 32 Inch",https://www.amazon.es/dp/B0BNW6941F,32.0,324.6,324.6,EUR,324.6,Amazon,ES,2026-10-10T10:44:07Z,B0BNW6941F,,,,,
Samsung,"Samsung TV 85 Pulgadas Neo QLED QN74F 4K Mini LED Smart TV con Vision AI, Quantum Matrix Technology Slim y más de 500 Canales",https://www.amazon.es/dp/B0F2FPWNM9,85.0,,,,,Amazon,ES,2026-10-10T10:44:07Z,B0F2FPWNM9,,,,,
Samsung,"Samsung The Frame QE50LS03TAU 127 cm (50"") 4K Ultra HD Smart TV Wi-Fi Nero",https://www.amazon.es/dp/B0872D83PX,50.0,1999.0,1999.0,EUR,1999.0,Amazon,ES,2026-10-10T10:44:07Z,B0872D83PX,,,,,
Samsung,Marco de TV Deco Pale Gold Scoop de 65 pulgadas para televisores Samsung The Frame/Pro,https://www.amazon.es/dp/B09D8MSLJV,65.0,1187.56,1187.56,EUR,1187.56,Amazon,ES,2026-10-10T10:44:07Z,B09D8MSLJV,,,,,
Samsung,Marco de TV prismático plateado alemán de 32 pulgadas para televisores Samsung The Frame/Pro,https://www.amazon.es/dp/B09D3XM522,32.0,235.81,235.81,EUR,235.81,Amazon,ES,2026-10-10T10:44:07Z,B09D3XM522,,,,,
Samsung,Marco de TV Deco de 32 pulgadas para televisores Samsung The Frame/Pro,https://www.amazon.es/dp/B08ZMDMLPH,32.0,382.53,382.53,EUR,382.53,Amazon,ES,2026-10-10T10:44:07Z,B08ZMDMLPH,,,,,
LG,"LG OLED65C34LA 65"", 4K OLED, Smart TV, HDR10, webOS23, Procesador Alta Potencia, Dolby Vision, Dolby Atmos, Gaming, Alexa/...",https://www.amazon.es/dp/B0C2KYDG5K,65.0,1961.9,1961.9,EUR,1961.9,Amazon,ES,2026-10-10T10:44:07Z,B0C2KYDG5K,,,,,
Samsung,Marco de TV Deco de 55 pulgadas para televisores Samsung The Frame/Pro,https://www.amazon.es/dp/B09D8QQKDR,55.0,841.81,841.81,EUR,841.81,Amazon,ES,2026-10-10T10:44:07Z,B09D8QQKDR,,,,,
Sony,"Sony BRAVIA 5, Mini LED 55 Pulgadas, Procesador XR con IA, Acoustic Multi-Audio, Dolby Vision/Atmos, IMAX Enhanced, Google...",https://www.amazon.es/dp/B0F4KYR4RT,55.0,999.0,999.0,EUR,999.0,Amazon,ES,2026-10-10T10:44:07Z,B0F4KYR4RT,,,,,
Sony,"Sony BRAVIA 5, Mini LED TV 65 Pulgadas, Procesador XR con IA, Acoustic Multi-Audio, Dolby Vision/Atmos, IMAX Enhanced, Goo...",https://www.amazon.es/dp/B0F4L1887W,65.0,1399.0,1399.0,EUR,1399.0,Amazon,ES,2026-10-10T10:44:07Z,B0F4L1887W,,,,,
Samsung,"SAMSUNG Pantallas Marca Modelo QB55B - 55"" Clase Diagonal QBB Series Pantalla LCD con retroiluminación LED - señalización ...",https://www.amazon.es/dp/B09XR9W93L,55.0,541.74,541.74,EUR,541.74,Amazon,ES,2026-10-10T10:44:07Z,B09XR9W93L,,,,,
Sony,"Sony BRAVIA 9 QLED XR, Mini LED 65 Pulgadas 4K HDR Google Smart TV, Funciones Gaming para PlayStation 5, IMAX Enhanced, Do...",https://www.amazon.es/dp/B0DSWFM8GK,65.0,2699.0,2699.0,EUR,2699.0,Amazon,ES,2026-10-10T10:44:07Z,B0DSWFM8GK,,,,,
Samsung,"Samsung TV Neo QLED 8K 2023 65QN700C Smart TV de 65"" con Quantum Matrix Technology Pro, Procesador Neural 8K con IA, 60W c...",https://www.amazon.es/dp/B0BQSKGMW7,65.0,3499.0,3499.0,EUR,3499.0,Amazon,ES,2026-10-10T10:44:07Z,B0BQSKGMW7,,,,,
Sony,"Sony BRAVIA 3, Direct LED 85 Pulgadas, Altavoz X-Balanced, Dolby Vision/Atmos, Google TV 2025, Apple AirPlay 2, Eco Dashbo...",https://www.amazon.es/dp/B0F4KVCDCW,85.0,1499.0,1499.0,EUR,1499.0,Amazon,ES,2026-10-10T10:44:07Z,B0F4KVCDCW,,,,,
Sony,"Sony BRAVIA 3, Direct LED TV 75 Pulgadas, Altavoz X-Balanced, Dolby Vision/Atmos, Google TV 2025, Apple AirPlay 2, Eco Das...",https://www.amazon.es/dp/B0F4KRYP8L,75.0,934.0,934.0,EUR,934.0,Amazon,ES,2026-10-10T10:44:07Z,B0F4KRYP8L,,,,,
LG,"LG - Televisión 32 Pulgadas (81 cm) FHD, Smart TV webOS22, Procesador de Gran Potencia a5 Gen 5, Compatible con Formatos H...",https://www.amazon.es/dp/B09RQ4C4KX,32.0,188.99,188.99,EUR,188.99,Amazon,ES,2026-10-10T10:44:07Z,B09RQ4C4KX,,,,,
Samsung,"Samsung 50HRU750 Professional Hospitality TV 50""",https://www.amazon.es/dp/B09RJB5787,50.0,581.98,581.98,EUR,581.98,Amazon,ES,2026-10-10T10:44:07Z,B09RJB5787,,,,,
Hisense,"Hisense 65UR8S - RGB MiniLED 65 Pulgadas Smart TV 4K, 180 Hz Nativos | 100% BT.2020, Modo Juego 180 Hz, Anti-Reflection & ...",https://www.amazon.es/dp/B0GX9S46M2,65.0,1149.0,1149.0,EUR,1149.0,Amazon,ES,2026-10-10T10:44:07Z,B0GX9S46M2,,,,,
Sony,"Sony BRAVIA 5, Mini LED 75 Pulgadas, Procesador XR con IA, Acoustic Multi-Audio, Dolby Vision/Atmos, IMAX Enhanced, Google...",https://www.amazon.es/dp/B0F4L4JSYM,75.0,1699.0,1699.0,EUR,1699.0,Amazon,ES,2026-10-10T10:44:07Z,B0F4L4JSYM,,,,,
Samsung,"Cello CTRAV-16TZ Smart TV de 16 Pulgadas, 12 V/230 V, Tizen OS de Samsung, Gaming Hub, Bluetooth y sintonizador Triple",https://www.amazon.es/dp/B0GJLKVJLP,16.0,219.99,219.99,EUR,219.99,Amazon,ES,2026-10-10T10:44:07Z,B0GJLKVJLP,,,,,
Samsung,"Samsung TV 77 Pulgadas OLED S90F 4K Smart TV con Vision AI, Motion Xcelerator 144Hz y Colores certificados por Pantone",https://www.amazon.es/dp/B0F2FK87YM,77.0,,,,,Amazon,ES,2026-10-10T10:44:07Z,B0F2FK87YM,,,,,
Samsung,"Cello Voyager C22TZR-VOY TV Traveller Smart 12V de 22"" con Router Wi-Fi 5G y Hotspot Integrados, Tizen OS de Samsung, Inte...",https://www.amazon.es/dp/B0GHRKJ9RJ,22.0,479.11,479.11,EUR,479.11,Amazon,ES,2026-10-10T10:44:07Z,B0GHRKJ9RJ,,,,,
Hisense,"Hisense 65E7NQ Pro - QLED Gaming TV, 65 Pulgadas Televisor, VRR 144Hz HSR 240 fps, AMD Freesync Premium Pro, Barra de Jueg...",https://www.amazon.es/dp/B0CYQ2XDYQ,65.0,871.19,871.19,EUR,871.19,Amazon,ES,2026-10-10T10:44:07Z,B0CYQ2XDYQ,,,,,
Samsung,"Samsung TV 85 Pulgadas Neo QLED QN800D 4K Mini LED con Resolución 8K, Procesador NQ8 AI Gen2 con Inteligencia Artificial, ...",https://www.amazon.es/dp/B0CSDSB9C9,85.0,5359.0,5359.0,EUR,5359.0,Amazon,ES,2026-10-10T10:44:07Z,B0CSDSB9C9,,,,,
LG,"LG Televisor LG 32LQ63806LC - Smart TV webOS22 32 Pulgadas (81 cm) FHD, Procesador de Gran Potencia a5 Gen 5, Compatible c...",https://www.amazon.es/dp/B09V5C4BN7,32.0,243.0,243.0,EUR,243.0,Amazon,ES,2026-10-10T10:44:07Z,B09V5C4BN7,,,,,
Samsung,"Bisel personalizable para el Samsung Frame TV (dorado ornamentado, 50 pulgadas)",https://www.amazon.es/dp/B09SLS5975,50.0,373.05,373.05,EUR,373.05,Amazon,ES,2026-10-10T10:44:07Z,B09SLS5975,,,,,
Samsung,Burlwood - Marco de TV decorativo de 85 pulgadas para televisores Samsung The Frame/Pro,https://www.amazon.es/dp/B09R5PR4WK,85.0,2734.58,2734.58,EUR,2734.58,Amazon,ES,2026-10-10T10:44:07Z,B09R5PR4WK,,,,,
Sony,"Sony BRAVIA 2 II 75 Pulgadas TV 4K Smart TV (Google TV), Procesador X1, Escalado 4K, Dolby Atmos y DTS:X, Compatible con P...",https://www.amazon.es/dp/B0GZKYXYQX,75.0,1099.0,1099.0,EUR,1099.0,Amazon,ES,2026-10-10T10:44:07Z,B0GZKYXYQX,,,,,
Xiaomi,"Xiaomi TV F Pro 43 Pulgadas 2025, 4K UHD QLED Smart Fire TV, L43MB-FPEU | Alexa Voice Control, HDR10+, MEMC, 2GB+32GB, Com...",https://www.amazon.es/dp/B0F454D76T,43.0,,,,,Amazon,ES,2026-10-10T10:44:07Z,B0F454D76T,,,,,
Samsung,"Samsung TV 50 Pulgadas Crystal UHD U7005 4K Smart TV, Colores increíbles con Procesador Crystal 4K, Escucha Todos los Alta...",https://www.amazon.es/dp/B0F2B3RT7Z,50.0,,,,,Amazon,ES,2026-10-10T10:44:07Z,B0F2B3RT7Z,,,,,
Samsung,Samsung TV UHD 75inch UE75CU8072U,https://www.amazon.es/dp/B0C274J83Q,75.0,1253.84,1253.84,EUR,1253.84,Amazon,ES,2026-10-10T10:44:07Z,B0C274J83Q,,,,,
Sony,"Sony BRAVIA 3 II 55 Pulgadas TV 4K Smart TV (Google TV), Procesador XR con Inteligencia Artificial, 120 Hz, Dolby Vision y...",https://www.amazon.es/dp/B0GZPV9JS8,55.0,849.0,849.0,EUR,849.0,Amazon,ES,2026-10-10T10:44:07Z,B0GZPV9JS8,,,,,
Xiaomi,"Xiaomi TV F 32 Pulgadas 2025, HD Smart TV, Fire OS7, L32MB-FAEU | Alexa Voice Control, Dolby Audio, DTS Virtual:X, DTS-HD,...",https://www.amazon.es/dp/B0F4548TCQ,32.0,,,,,Amazon,ES,2026-10-10T10:44:07Z,B0F4548TCQ,,,,,
Sony,"Sony BRAVIA 6 OLED Google-TV, 48 Pulgadas",https://www.amazon.es/dp/B0HD8R1N66,48.0,1299.0,1299.0,EUR,1299.0,Amazon,ES,2026-10-10T10:44:07Z,B0HD8R1N66,,,,,
Samsung,"Samsung TV Neo QLED QN80H 98"" 4K Smart TV con IA | Vision AI Companion, Quantum Mini LED, AI Football Mode, Motion Xcelera...",https://www.amazon.es/dp/B0GHS3TTGN,98.0,,,,,Amazon,ES,2026-10-10T10:44:07Z,B0GHS3TTGN,,,,,
Samsung,"Samsung TV 43 Pulgadas Crystal UHD U7005 4K Smart TV, Colores increíbles con Procesador Crystal 4K, Escucha Todos los Alta...",https://www.amazon.es/dp/B0F2B3G2W4,43.0,,,,,Amazon,ES,2026-10-10T10:44:07Z,B0F2B3G2W4,,,,,
Sony,"Sony BRAVIA 2 II 65 Pulgadas TV 4K Smart TV (Google TV), Procesador X1, Escalado 4K, Dolby Atmos y DTS:X, Compatible con P...",https://www.amazon.es/dp/B0GZKY262Y,65.0,899.0,899.0,EUR,899.0,Amazon,ES,2026-10-10T10:44:07Z,B0GZKY262Y,,,,,
Hisense,"Hisense 55U7NQ - Mini-LED TV, 55 Pulgadas, con Quantum Dot Colour, Modo Juego de 144Hz VRR 240 fps, Full Array Local Dimmi...",https://www.amazon.es/dp/B0CXTPGCH9,55.0,899.49,899.49,EUR,899.49,Amazon,ES,2026-10-10T10:44:07Z,B0CXTPGCH9,,,,,
TCL,"TCL 75C8L 75 Pulgadas SQD-Mini LED 4K HDR10+ Smart TV, 5.500 Nits | 2.584 Zonas de Atenuación, Dolby Vision IQ & Atmos, 14...",https://www.amazon.es/dp/B0GTZSYZLM,75.0,1739.0,1739.0,EUR,1739.0,Amazon,ES,2026-10-10T10:44:07Z,B0GTZSYZLM,,,,,
Samsung,"Samsung TV 85 Pulgadas Neo QLED QN990F 8K Mini LED, Smart TV con Vision AI, conexión sin Cables, Pantalla sin Reflejos Gla...",https://www.amazon.es/dp/B0F21ZWSMZ,85.0,,,,,Amazon,ES,2026-10-10T10:44:07Z,B0F21ZWSMZ,,,,,
LG,"LG 43NU800B6LC - Smart TV Nano UHD AI 43"" 4K Sin Reflejos 94%, 2026 | Nano UHD, Smart TV, WebOS 25 (Actualizable), Procesa...",https://www.amazon.es/dp/B0GTRJ4LRS,43.0,299.0,299.0,EUR,299.0,Amazon,ES,2026-10-10T10:44:07Z,B0GTRJ4LRS,,,,,
LG,"LG 32LR60006LA - TV 32"" FHD (80 cm), Smart TV webOS 23, Procesador α5 AI Gen6, HDR10/HLG, Dolby Digital Plus, AI Sound, Go...",https://www.amazon.es/dp/B0F227Q92B,32.0,223.0,223.0,EUR,223.0,Amazon,ES,2026-10-10T10:44:07Z,B0F227Q92B,,,,,
LG,"LG 50NU800B6LC - Smart TV Nano UHD AI 50"" 4K Sin Reflejos 94%, 2026 | Nano UHD, Smart TV, WebOS 25 (Actualizable), Procesa...",https://www.amazon.es/dp/B0GTRPVDL7,50.0,349.0,349.0,EUR,349.0,Amazon,ES,2026-10-10T10:44:07Z,B0GTRPVDL7,,,,,
LG,"LG 65NU800B6LA - Smart TV Nano UHD AI 65"" 4K Sin Reflejos 94%, 2026 | Nano UHD, Smart TV, WebOS 25 (Actualizable), Procesa...",https://www.amazon.es/dp/B0GTRTW8P9,65.0,499.0,499.0,EUR,499.0,Amazon,ES,2026-10-10T10:44:07Z,B0GTRTW8P9,,,,,
LG,"LG 65QNED82B6B - Smart TV QNED EVO AI 65"" 4K Sin Reflejos 94%, 2026 | QNED EVO MiniLED, Smart TV, WebOS 26, Procesador α8 ...",https://www.amazon.es/dp/B0GTZSGZ1B,65.0,729.0,729.0,EUR,729.0,Amazon,ES,2026-10-10T10:44:07Z,B0GTZSGZ1B,,,,,
LG,"LG 43UA73006LA - TV 43"", UHD 4K, WebOS 25, Ultimate IA, HDR10 Pro, Super Upscaling, Dolby Digital Plus, Google Assistant, ...",https://www.amazon.es/dp/B0F2GH8L49,43.0,287.64,287.64,EUR,287.64,Amazon,ES,2026-10-10T10:44:07Z,B0F2GH8L49,,,,,
LG,"LG 50QNED80B6B - Smart TV QNED EVO AI 50"" 4K Sin Reflejos 94%, 2026 | QNED EVO MiniLED, Smart TV, WebOS 26, Procesador α7 ...",https://www.amazon.es/dp/B0GTZRCX78,50.0,509.0,509.0,EUR,509.0,Amazon,ES,2026-10-10T10:44:07Z,B0GTZRCX78,,,,,
LG,"LG 55QNED70B6C - Smart TV QNED MiniLED AI 55"" 4K Sin Reflejos 94%, 2026 | QNED MiniLED, Smart TV, WebOS 25, Procesador Alp...",https://www.amazon.es/dp/B0GTRRKHGJ,55.0,479.0,479.0,EUR,479.0,Amazon,ES,2026-10-10T10:44:07Z,B0GTRRKHGJ,,,,,
LG,"LG 43QNED70B6C - Smart TV QNED MiniLED AI 43"" 4K Sin Reflejos 94%, 2026 | QNED MiniLED, Smart TV, WebOS 25, Procesador Alp...",https://www.amazon.es/dp/B0GTRP6G9Y,43.0,379.0,379.0,EUR,379.0,Amazon,ES,2026-10-10T10:44:07Z,B0GTRP6G9Y,,,,,
LG,"LG 43QNED80B6B - Smart TV QNED EVO AI 43"" 4K Sin Reflejos 94%, 2026 | QNED EVO MiniLED, Smart TV, WebOS 26, Procesador α7 ...",https://www.amazon.es/dp/B0GTZGKH4B,43.0,416.99,416.99,EUR,416.99,Amazon,ES,2026-10-10T10:44:07Z,B0GTZGKH4B,,,,,
LG,"LG OLED65B65LA - Smart TV OLED AI 65"" 4K Sin Reflejos 98.3%, 2026 | OLED, Smart TV, WebOS 26, Procesador α8 AI Gen3, VRR 1...",https://www.amazon.es/dp/B0GYPYSKH1,65.0,1199.0,1199.0,EUR,1199.0,Amazon,ES,2026-10-10T10:44:07Z,B0GYPYSKH1,,,,,
LG,"LG 50NU850B6LA - Smart TV Nano 4K UHD NU80 50 Pulgadas, Sin Reflejos al 94%, webOS 26 AI, Procesador Inteligente α7 AI Pro...",https://www.amazon.es/dp/B0H19L9W71,50.0,349.0,349.0,EUR,349.0,Amazon,ES,2026-10-10T10:44:07Z,B0H19L9W71,,,,,
LG,"LG TV Nano AI NU85 (2026) 55"" LED UHD 4K - 55NU850B6LA",https://www.amazon.es/dp/B0H197QQMH,55.0,393.0,393.0,EUR,393.0,Amazon,ES,2026-10-10T10:44:07Z,B0H197QQMH,,,,,
LG,"LG OLED48C54LA - TV 48"", OLED EVO 4K, Smart TV AI C5, WebOS 26 | Super Upscaling, Dolby Vision y Dolby Atmos, AMD FreeSyn...",https://www.amazon.es/dp/B0FQP2W4Z4,48.0,967.95,967.95,EUR,967.95,Amazon,ES,2026-10-10T10:44:07Z,B0FQP2W4Z4,,,,,
LG,"LG OLED48G56LS - TV 48"", OLED EVO 4K, Smart TV IA G5, WebOS 25, Super Upscaling, Dolby Vision y Dolby Atmos, AMD FreeSync,...",https://www.amazon.es/dp/B0F7468M2N,48.0,,,,,Amazon,ES,2026-10-10T10:44:07Z,B0F7468M2N,,,,,
LG,"LG 65MRGB88B6A - Smart TV MRGB AI 65"" 4K Sin Reflejos 94%, 2026 | Mini RGB, Smart TV, WebOS 26, Procesador α8 AI Gen3, VRR...",https://www.amazon.es/dp/B0GWFRFQZK,65.0,979.0,979.0,EUR,979.0,Amazon,ES,2026-10-10T10:44:07Z,B0GWFRFQZK,,,,,
LG,"LG 24LB70006LA - Smart TV FHD AI LB70 24"" 2K 2026, WebOS 26 IA, Procesador α5 AI Gen9, 120 Hz, Resolution Upscaler, Dolby ...",https://www.amazon.es/dp/B0H72HGH3Q,24.0,,,,,Amazon,ES,2026-10-10T10:44:07Z,B0H72HGH3Q,,,,,
LG,"LG 32LB650B6LA - TV 32"", HD, webOS 26, Procesador α5 AI Gen9, HDR10 Pro, AI Sound Pro, Google Cast, Bluetooth 5.3, WiFi, N...",https://www.amazon.es/dp/B0HHNGQQ99,32.0,,,,,Amazon,ES,2026-10-10T10:44:07Z,B0HHNGQQ99,,,,,
LG,"LG 65NU850B6LA - TV 65"", Nano 4K UHD, webOS 26, Procesador α7 AI Gen9, Anti-Reflejos, HDR10, 4K Super Upscaling, Dolby Dig...",https://www.amazon.es/dp/B0H1JGZQVN,65.0,489.0,489.0,EUR,489.0,Amazon,ES,2026-10-10T10:44:07Z,B0H1JGZQVN,,,,,
LG,"LG 32LQ631C 32"" LED Full HD Smart TV WiFi",https://www.amazon.es/dp/B0B2RNWGYV,32.0,,,,,Amazon,ES,2026-10-10T10:44:07Z,B0B2RNWGYV,,,,,
LG,"LG 43QNED80A6A Smart TV 43"" 4K QNED, Procesador α7 4K Gen6, HDR10 Pro, webOS, ThinQ AI, WiFi, Bluetooth, Color Negro",https://www.amazon.es/dp/B0FY7KG858,43.0,,,,,Amazon,ES,2026-10-10T10:44:07Z,B0FY7KG858,,,,,
LG,"LG 50QNED72B6B - TV 50"", QNED MiniLED 4K, webOS 26, Procesador α7 AI Gen9, HDR10, AI Sound Pro, 60Hz, Negro",https://www.amazon.es/dp/B0HJ3612DN,50.0,,,,,Amazon,ES,2026-10-10T10:44:07Z,B0HJ3612DN,,,,,
LG,"LG Televisor 32LQ630B6LA - Smart TV webOS22 32 Pulgadas (81 cm) HD, Procesador de Gran Potencia a5 Gen 5, Compatible con f...",https://www.amazon.es/dp/B09XXX78CS,32.0,,,,,Amazon,ES,2026-10-10T10:44:07Z,B09XXX78CS,,,,,
LG,"LG 27LB70006LA - Smart TV FHD AI LB70 27"" 2K 2026, WebOS 26 IA, Procesador α5 AI Gen9, 120 Hz, Resolution Upscaler, Dolby ...",https://www.amazon.es/dp/B0H7262TF4,27.0,,,,,Amazon,ES,2026-10-10T10:44:07Z,B0H7262TF4,,,,,
LG,"LG 85NU850B6LA - Smart TV Nano 4K UHD NU80 85 Pulgadas, Sin Reflejos al 94%, webOS 26 AI, Procesador Inteligente α7 AI Pro...",https://www.amazon.es/dp/B0H19FG4ZG,85.0,949.0,949.0,EUR,949.0,Amazon,ES,2026-10-10T10:44:07Z,B0H19FG4ZG,,,,,
LG,LG 55QNED81B6A - Smart TV QNED EVO MiniLED AI QNED81 55 Pulgadas 4K 2026,https://www.amazon.es/dp/B0H1JJCFHR,55.0,,,,,Amazon,ES,2026-10-10T10:44:07Z,B0H1JJCFHR,,,,,
LG,LG 75QNED81B6A - Smart TV QNED EVO MiniLED AI QNED81 75 Pulgadas 4K 2026,https://www.amazon.es/dp/B0H5D7WRBD,75.0,849.0,849.0,EUR,849.0,Amazon,ES,2026-10-10T10:44:07Z,B0H5D7WRBD,,,,,
LG,"LG 65QNED81B6A - Smart TV QNED EVO MiniLED 4K UHD 65 Pulgadas, Sin Reflejos al 94%, webOS 26 AI, Procesador Inteligente α7...",https://www.amazon.es/dp/B0H1JGNRK6,65.0,,,,,Amazon,ES,2026-10-10T10:44:07Z,B0H1JGNRK6,,,,,
LG,"LG 75UA75006LA - TV 75"", UHD 4K, WebOS 25, Ultimate IA, HDR10 Pro, Super Upscaling, Dolby Digital Plus, Google Assistant, ...",https://www.amazon.es/dp/B0F2GHCHXJ,75.0,686.25,686.25,EUR,686.25,Amazon,ES,2026-10-10T10:44:07Z,B0F2GHCHXJ,,,,,
LG,"LG 85QNED93A6A - Smart TV QNED EVO AI 85"" 4K, 2025 | WebOS 25, Procesador Potente e Inteligente, MiniLED AI, Super Upscali...",https://www.amazon.es/dp/B0F2GQQGZQ,85.0,,,,,Amazon,ES,2026-10-10T10:44:07Z,B0F2GQQGZQ,,,,,
LG,"LG 75NU850B6LA - TV 75"", Nano 4K UHD, webOS 26, Procesador α7 AI Gen9, Anti-Reflejos, HDR10, 4K Super Upscaling, Dolby Dig...",https://www.amazon.es/dp/B0H1JGZ393,75.0,,,,,Amazon,ES,2026-10-10T10:44:07Z,B0H1JGZ393,,,,,
LG,"LG 43LB65006LA 43 pulgadas FHD LED Smart TV | Triple sintonizador, webOS Smart TV, puertos HDMI, reproductor multimedia US...",https://www.amazon.es/dp/B0HHRZNSW4,43.0,334.52,334.52,EUR,334.52,Amazon,ES,2026-10-10T10:44:07Z,B0HHRZNSW4,,,,,
LG,"LG 85QNED72B6A - Smart TV QNED MiniLED AI 85"" 4K Sin Reflejos 94%, 2026 | QNED MiniLED, Smart TV, WebOS 26, Procesador α7 ...",https://www.amazon.es/dp/B0GTZRJMX9,85.0,,,,,Amazon,ES,2026-10-10T10:44:07Z,B0GTZRJMX9,,,,,
LG,"LG OLED65C54LA - Smart TV OLED EVO AI 65"" 4K, 2025 | OLED EVO, Smart TV, Dolby Vision IQ, Dolby Atmos, webOS 25 con IA, Ga...",https://www.amazon.es/dp/B0FQP6YQJG,65.0,,,,,Amazon,ES,2026-10-10T10:44:07Z,B0FQP6YQJG,,,,,
LG,"LG 75QNED86B6B - Smart TV QNED EVO AI 75"" 4K Sin Reflejos 94%, 2026 | QNED EVO MiniLED, Smart TV, WebOS 26, Procesador α8 ...",https://www.amazon.es/dp/B0GTZQGQ62,75.0,,,,,Amazon,ES,2026-10-10T10:44:07Z,B0GTZQGQ62,,,,,
LG,LG OLED55B6ELC | Pantalla - 55 pulgadas - (3840 x 2160) - Colores realistas - Nvidia Gsync y AMD FreeSync - 4 puertos HDMI...,https://www.amazon.es/dp/B0GWFLCDHM,55.0,949.0,949.0,EUR,949.0,Amazon,ES,2026-10-10T10:44:07Z,B0GWFLCDHM,,,,,
LG,"LG 43UA75006LA - Smart TV UHD Ultimate AI – 43"" (109 cm) 4K UHD, HDR10 Pro, webOS 25, α7 Gen8, Dolby Digital Plus, VRR, HD...",https://www.amazon.es/dp/B0FS7M9C78,43.0,389.22,389.22,EUR,389.22,Amazon,ES,2026-10-10T10:44:07Z,B0FS7M9C78,,,,,
LG,"LG TV 43UR78006LK 43"" LED UltraHD 4K HDR10 Pro",https://www.amazon.es/dp/B0C4T3HR77,43.0,397.89,397.89,EUR,397.89,Amazon,ES,2026-10-10T10:44:07Z,B0C4T3HR77,,,,,
LG,"LG 55UA73006LA - TV 55"", UHD 4K, WebOS 25, Ultimate IA, HDR10 Pro, Super Upscaling, Dolby Digital Plus, Google Assistant, ...",https://www.amazon.es/dp/B0F2GM6FYZ,55.0,,,,,Amazon,ES,2026-10-10T10:44:07Z,B0F2GM6FYZ,,,,,
LG,"LG TV AI B6 (2026) 65"" OLED UHD 4K - OLED65B65LA",https://www.amazon.es/dp/B0H2DYMQ4N,65.0,,,,,Amazon,ES,2026-10-10T10:44:07Z,B0H2DYMQ4N,,,,,
LG,LG 43QNED82A6B - Smart TV QNED AI QNED82 43 Pulgadas 4K Super Upscaling 2025,https://www.amazon.es/dp/B0F2269H9B,43.0,,,,,Amazon,ES,2026-10-10T10:44:07Z,B0F2269H9B,,,,,
LG,"LG 75QNED72B6A - TV 75"", QNED MiniLED 4K, webOS 26, Procesador α7 AI Gen9, HDR10, AI Sound Pro, 60Hz, Negro",https://www.amazon.es/dp/B0H4MGRJWC,75.0,,,,,Amazon,ES,2026-10-10T10:44:07Z,B0H4MGRJWC,,,,,
LG,"LG 55QNED72B6B - TV 55"", QNED MiniLED 4K, webOS 26, Procesador α7 AI Gen9, HDR10, AI Sound Pro, 60Hz, Negro",https://www.amazon.es/dp/B0HJ2W4Q2F,55.0,,,,,Amazon,ES,2026-10-10T10:44:07Z,B0HJ2W4Q2F,,,,,
LG,"LG TV 55QNED70A6A (2025) 55"" QNED 4K UHD",https://www.amazon.es/dp/B0FV25V1Q7,55.0,476.49,476.49,EUR,476.49,Amazon,ES,2026-10-10T10:44:07Z,B0FV25V1Q7,,,,,
LG,"LG Televisor QNED 82 4K de 50'' (2025): tecnología QNED, Alpha 7 AI Gen8, WebOS 25, atenuación de precisión, control remot...",https://www.amazon.es/dp/B0FTFSXQ44,50.0,420.39,420.39,EUR,420.39,Amazon,ES,2026-10-10T10:44:07Z,B0FTFSXQ44,,,,,
LG,"LG 75QNED80A6A - Televisión Smart TV QNED EVO 75"", 4K, WebOS 26 | Procesador Potente e Inteligente, Super Upscaling, Dolby...",https://www.amazon.es/dp/B0FL251RWF,75.0,709.0,709.0,EUR,709.0,Amazon,ES,2026-10-10T10:44:07Z,B0FL251RWF,,,,,
LG,"LG OLED77G54LW - Smart TV OLED EVO AI B5 77"", 4K, 2025 | WebOS 25, Super Upscaling, Dolby Vision y Dolby Atmos, AMD FreeSy...",https://www.amazon.es/dp/B0F3D6NBFN,77.0,,,,,Amazon,ES,2026-10-10T10:44:07Z,B0F3D6NBFN,,,,,
LG,"LG NanoCell 50NANO81A6A Smart TV 50"" 4K UHD HDR webOS WiFi Bluetooth HDMI",https://www.amazon.es/dp/B0FY7KJBKZ,50.0,,,,,Amazon,ES,2026-10-10T10:44:07Z,B0FY7KJBKZ,,,,,
LG,"LG 65QNED72B6B - TV 65"", QNED MiniLED 4K, webOS 26, Procesador α7 AI Gen9, HDR10, AI Sound Pro, 60Hz, Negro",https://www.amazon.es/dp/B0HJ367NPH,65.0,,,,,Amazon,ES,2026-10-10T10:44:07Z,B0HJ367NPH,,,,,
LG,"LG 100MRGB96B6 - Smart TV Micro RGB AI 100"" 4K Sin Reflejos 97.8%, 2026 | Micro RGB, Smart TV, WebOS 26, Procesador α11 AI...",https://www.amazon.es/dp/B0GTZVNKPH,100.0,11499.0,11499.0,EUR,11499.0,Amazon,ES,2026-10-10T10:44:07Z,B0GTZVNKPH,,,,,
LG,"LG 86UR781C TV 190,5 cm (75"") 4K Ultra HD Smart TV Wi-Fi Nero",https://www.amazon.es/dp/B0CKPSZVJ4,75.0,1172.0,1172.0,EUR,1172.0,Amazon,ES,2026-10-10T10:44:07Z,B0CKPSZVJ4,,,,,
LG,"LG 88,9cm/35'' (3440x1440) 35WN75CP-B Curved 21:9 5ms 2xHDMI DP USB-C VESA Speaker UWQHD",https://www.amazon.es/dp/B0BLHH1W8X,35.0,,,,,Amazon,ES,2026-10-10T10:44:07Z,B0BLHH1W8X,,,,,
LG,"LG 43"" LED 43UA751C UHD 4K HDR Smart TV EU",https://www.amazon.es/dp/B0G1Z9YMJ8,43.0,,,,,Amazon,ES,2026-10-10T10:44:07Z,B0G1Z9YMJ8,,,,,
LG,"LG TV AI UA75 (2025) 55"" LED UHD 4K Negra - 55UA75006LA",https://www.amazon.es/dp/B0FK37QVSD,55.0,,,,,Amazon,ES,2026-10-10T10:44:07Z,B0FK37QVSD,,,,,
LG,"LG NanoCell 55NANO766QA Smart TV 4K 55"" Serie NANO76 2022, Procesador α5 Gen 5, Filmmaker Mode, Game Optimizer, Wi-Fi, AI ...",https://www.amazon.es/dp/B09TBJD7S1,55.0,719.0,719.0,EUR,719.0,Amazon,ES,2026-10-10T10:44:07Z,B09TBJD7S1,,,,,
LG,"LG 50UR781C0LK TV 127 cm (50"") 4K Ultra HD Smart TV Wi-Fi Nero 300 cd/m?",https://www.amazon.es/dp/B0CNXHY4JB,50.0,437.61,437.61,EUR,437.61,Amazon,ES,2026-10-10T10:44:07Z,B0CNXHY4JB,,,,,
LG,"LG OLED83G45LW, 83"", OLED EVO* 4K, Serie G4, Smart TV, WebOS24, Procesador a11, Dolby Vision, Dolby Atmos, webOS 24, 3840X...",https://www.amazon.es/dp/B0CY5M5PQH,83.0,3466.8,3466.8,EUR,3466.8,Amazon,ES,2026-10-10T10:44:07Z,B0CY5M5PQH,,,,,
LG,"Cello C2425WSF Trav 24"" Smart/DVD Camping Travel TV Integrated DVD Player Frameless Triple Tuner Bluetooth WebOS by LG Ide...",https://www.amazon.es/dp/B0D31Y8CMD,24.0,279.99,279.99,EUR,279.99,Amazon,ES,2026-10-10T10:44:07Z,B0D31Y8CMD,,,,,
LG,"LG 86UA75006LA - TV 86"", UHD 4K, WebOS 25, Ultimate IA, HDR10 Pro, Super Upscaling, Dolby Digital Plus, Google Assistant, ...",https://www.amazon.es/dp/B0F2GFJNVW,86.0,,,,,Amazon,ES,2026-10-10T10:44:07Z,B0F2GFJNVW,,,,,
LG,"Smart TV LG 86QNED86T6A 4K Ultra HD QNED 86"" - Marca: LG - EAN: 8806096003695",https://www.amazon.es/dp/B0CYPY4YG5,86.0,2451.49,2451.49,EUR,2451.49,Amazon,ES,2026-10-10T10:44:07Z,B0CYPY4YG5,,,,,
LG,"LG OLED48C44LA.AEU, 48"", OLED 4K, Serie C4, 3840x2160, Smart TV, WebOS24, Procesador a9, Dolby Vision, Dolby Atmos, TV Gam...",https://www.amazon.es/dp/B0D671PGJM,48.0,1048.97,1048.97,EUR,1048.97,Amazon,ES,2026-10-10T10:44:07Z,B0D671PGJM,,,,,
LG,"LG TV LED Ultra HD 4K 43"" Smart 43UR781C",https://www.amazon.es/dp/B0CC9CJZHC,43.0,,,,,Amazon,ES,2026-10-10T10:44:07Z,B0CC9CJZHC,,,,,
LG,LG 85QNED81B6A - Smart TV QNED EVO MiniLED AI QNED81 85 Pulgadas 4K 2026,https://www.amazon.es/dp/B0H5D24GG3,85.0,,,,,Amazon,ES,2026-10-10T10:44:07Z,B0H5D24GG3,,,,,
LG,"LG OLED83W69LA 83 pulgadas 4K UHD Wallpaper OLED AI Smart TV | Procesador Alpha 11 AI, diseño de papel pintado ultrafino, ...",https://www.amazon.es/dp/B0HDZ4D67H,83.0,,,,,Amazon,ES,2026-10-10T10:44:07Z,B0HDZ4D67H,,,,,
LG,"LG Smart TV 65QNED70A6A 65 pulgadas, 4K, QNED, DVB-T2, HEVC/H.265, clase energética F",https://www.amazon.es/dp/B0FQPD1QWT,65.0,816.0,816.0,EUR,816.0,Amazon,ES,2026-10-10T10:44:07Z,B0FQPD1QWT,,,,,
LG,LG Televisore 28Tl520V 28 pollici Hd Tv Sat,https://www.amazon.es/dp/B087DBY4MM,28.0,290.0,290.0,EUR,290.0,Amazon,ES,2026-10-10T10:44:07Z,B087DBY4MM,,,,,
LG,"LG Smart TV UHD Ultimate AI 50UA75006LA – 50"" (127 cm) 4K UHD, HDR10 Pro, webOS 25, α7 Gen8, Dolby Digital Plus, VRR, HDMI x3",https://www.amazon.es/dp/B0FQTVDWGK,50.0,,,,,Amazon,ES,2026-10-10T10:44:07Z,B0FQTVDWGK,,,,,
LG,"LG 86QNED80T6A 86"", 4K QNED, Smart TV, HDR10, WebOS24, Serie 80, Procesador Potente e Inteligente, Dolby Digital Plus, Ale...",https://www.amazon.es/dp/B0CYH86DTK,86.0,2235.99,2235.99,EUR,2235.99,Amazon,ES,2026-10-10T10:44:07Z,B0CYH86DTK,,,,,
LG,LG LED UHD AI 65UA75006LA 65″ 4K Bluetooth HDR10 Smart TV Wi-Fi Gaming,https://www.amazon.es/dp/B0FQ2S1ZB3,65.0,,,,,Amazon,ES,2026-10-10T10:44:07Z,B0FQ2S1ZB3,,,,,
LG,"LG Electronics 50UP75009LF.AEUD LED-TV 126cm 50 Zoll EEK G (A - G) Smart TV, UHD, WiFi",https://www.amazon.es/dp/B08VD8TCY5,50.0,699.0,699.0,EUR,699.0,Amazon,ES,2026-10-10T10:44:07Z,B08VD8TCY5,,,,,
LG,"LG TV Pro 55UN711 55""",https://www.amazon.es/dp/B08L9C2H5V,55.0,620.0,620.0,EUR,620.0,Amazon,ES,2026-10-10T10:44:07Z,B08L9C2H5V,,,,,
LG,"Smart TV LG 43QNED80T6A 4K Ultra HD 43"" QNED",https://www.amazon.es/dp/B0D6713PYH,43.0,,,,,Amazon,ES,2026-10-10T10:44:07Z,B0D6713PYH,,,,,
LG,"LG TV Pro 43UN711 43""",https://www.amazon.es/dp/B08DTLGNCJ,43.0,492.0,492.0,EUR,492.0,Amazon,ES,2026-10-10T10:44:07Z,B08DTLGNCJ,,,,,
LG,"LG 55QNED80A6A - TV 55 pulgadas, 4K, Smart TV, DVB-T2, Wi-Fi, HEVC/H.265, Clase energética E",https://www.amazon.es/dp/B0FFH1PYHB,55.0,,,,,Amazon,ES,2026-10-10T10:44:07Z,B0FFH1PYHB,,,,,
LG,"LG 50QNED72B6B - TV 50"", QNED MiniLED 4K, webOS 26, Procesador α7 AI Gen9, HDR10, AI Sound Pro, 60Hz, Negro",https://www.amazon.es/dp/B0F2289CCK,50.0,,,,,Amazon,ES,2026-10-10T10:44:07Z,B0F2289CCK,,,,,
LG,"LG 55QNED93A6A TV 55"" Smart TV, 4K, QNED, DVB-T2, HEVC/H.265, Clase energética G",https://www.amazon.es/dp/B0FQP3S1SZ,55.0,1091.0,1091.0,EUR,1091.0,Amazon,ES,2026-10-10T10:44:07Z,B0FQP3S1SZ,,,,,
LG,"LG OLED EVO OLED55C34LA 55""",https://www.amazon.es/dp/B0C5N6F2QM,55.0,1599.0,1599.0,EUR,1599.0,Amazon,ES,2026-10-10T10:44:07Z,B0C5N6F2QM,,,,,
LG,"LG 55UK6200PLA - TV (Ultra 4K HD, 55 Pulgadas, Inteligencia Artificial, Procesador Quad Core, 3xHDR, Sonido Ultra Surroun...",https://www.amazon.es/dp/B07GFH8T77,55.0,620.0,620.0,EUR,620.0,Amazon,ES,2026-10-10T10:44:07Z,B07GFH8T77,,,,,
LG,LG 55'' NANO 80 - TV 4K (2025),https://www.amazon.es/dp/B0FHX3W1RM,55.0,733.17,733.17,EUR,733.17,Amazon,ES,2026-10-10T10:44:07Z,B0FHX3W1RM,,,,,
LG,"LG 75QNED84A6C - TV 75"", 4K QNED EVO, Smart TV, WebOS 25 | Procesador Potente e Inteligente, Super Upscaling, Dolby Dilgit...",https://www.amazon.es/dp/B0F2GFFHXP,75.0,,,,,Amazon,ES,2026-10-10T10:44:07Z,B0F2GFFHXP,,,,,
LG,"LG =TELEVISOR 43"" 4K UHD IA Smart WEBOS PROCESADOR Quad Core GEN4 HDR10 2HDMI 2.0 1USB 2.0 Patas Clase G",https://www.amazon.es/dp/B09CLCMZJC,43.0,439.0,439.0,EUR,439.0,Amazon,ES,2026-10-10T10:44:07Z,B09CLCMZJC,,,,,
LG,"LG TV LED 65"" 65UR78006LK UHD Smart TV 4K 2023",https://www.amazon.es/dp/B0C2DGW39Y,65.0,,,,,Amazon,ES,2026-10-10T10:44:07Z,B0C2DGW39Y,,,,,
Sony,"Sony BRAVIA 5, Mini LED 98 Pulgadas, Procesador XR con IA, Acoustic Multi-Audio, Dolby Vision/Atmos, IMAX Enhanced, Google...",https://www.amazon.es/dp/B0F7R8NY37,98.0,4799.0,4799.0,EUR,4799.0,Amazon,ES,2026-10-10T10:44:07Z,B0F7R8NY37,,,,,
LG,"LG TV LED 50"" 50QNED86T6A 4k Ultra HD Smart TV HDR",https://www.amazon.es/dp/B0DLHS9R71,50.0,,,,,Amazon,ES,2026-10-10T10:44:07Z,B0DLHS9R71,,,,,
LG,"LG 86QNED86A6A TV 86 pulgadas (218 cm) 4K QNED evo AI TV (procesador α8 Gen2 4K AI, webOS 25, 120Hz (VRR hasta 144Hz)) [añ...",https://www.amazon.es/dp/B0F226TJZ2,86.0,,,,,Amazon,ES,2026-10-10T10:44:07Z,B0F226TJZ2,,,,,
LG,"LG 24BN650 - Panel de Pantalla FHD (24"", 1920 x 1080), Color Negro",https://www.amazon.es/dp/B09VHCYTK7,24.0,194.8,194.8,EUR,194.8,Amazon,ES,2026-10-10T10:44:07Z,B09VHCYTK7,,,,,
LG,"LG Pantalla UHD, Multicolor, 49 Inch",https://www.amazon.es/dp/B086G5Y2J1,49.0,,,,,Amazon,ES,2026-10-10T10:44:07Z,B086G5Y2J1,,,,,
LG,"LG 55UQ80003LB 55"" (139 cm) UHD 4K TV",https://www.amazon.es/dp/B0BKT5SXT6,55.0,599.0,599.0,EUR,599.0,Amazon,ES,2026-10-10T10:44:07Z,B0BKT5SXT6,,,,,
LG,"LG 55"" 55VL5F Video Wall DIS",https://www.amazon.es/dp/B084629Z6B,55.0,2289.52,2289.52,EUR,2289.52,Amazon,ES,2026-10-10T10:44:07Z,B084629Z6B,,,,,
LG,"LG Electronics 55Uk6500Plb Mascara Zombie Maldito LG 55Uk6500Pla 55"" Led Ultrahd 4K",https://www.amazon.es/dp/B07CL39XSP,55.0,649.0,649.0,EUR,649.0,Amazon,ES,2026-10-10T10:44:07Z,B07CL39XSP,,,,,
Hisense,"Hisense 50E7Q - QLED Smart TV 50 Pulgadas, Dolby Vision, Dolby Atmos, Modo Juego Plus, 60Hz VRR 120 fps, Modo Deportes, Mo...",https://www.amazon.es/dp/B0F1MQRCGF,50.0,396.81,396.81,EUR,396.81,Amazon,ES,2026-10-10T10:44:07Z,B0F1MQRCGF,,,,,
LG,"LG 49UH7J-H UH7J-H Series - 123 cm (49"") Pro:Idiom integriert LCD-TV mit LED-Hintergrundbeleuchtung - 4K - für Digital",https://www.amazon.es/dp/B0BCPRM8LK,49.0,1815.7,1815.7,EUR,1815.7,Amazon,ES,2026-10-10T10:44:07Z,B0BCPRM8LK,,,,,
LG,"LG 75UR78006LK 75"" LED UltraHD 4K HDR10 Pro",https://www.amazon.es/dp/B0C2DGSQS6,75.0,,,,,Amazon,ES,2026-10-10T10:44:07Z,B0C2DGSQS6,,,,,
LG,"Cello C50WS Smart TV de 50 Pulgadas con WebOS de LG, 4K UHD LED, Triple sintonizador, S2, T2, FreeSat, Bluetooth, Disney+,...",https://www.amazon.es/dp/B0CKW6LW49,50.0,413.65,413.65,EUR,413.65,Amazon,ES,2026-10-10T10:44:07Z,B0CKW6LW49,,,,,
LG,DKTR 711mm 3V TV Tira de retroiluminación LED TV Compatible para LG 65 Pulgadas 65 V15.5 ART3 UD REV0.6,https://www.amazon.es/dp/B0CBGSHT4G,65.0,31.5,31.5,EUR,31.5,Amazon,ES,2026-10-10T10:44:07Z,B0CBGSHT4G,,,,,
LG,"LG 86QNED82A6B - Televisión Smart TV QNED EVO 86"", 4K, WebOS 26 | Procesador Potente e Inteligente, Super Upscaling, Dolby...",https://www.amazon.es/dp/B0F2275Q5H,86.0,,,,,Amazon,ES,2026-10-10T10:44:07Z,B0F2275Q5H,,,,,
LG,"LG 27"""" 27QN600-B QHD,DP,HDMI bla",https://www.amazon.es/dp/B08BZT9SQF,27.0,419.88,419.88,EUR,419.88,Amazon,ES,2026-10-10T10:44:07Z,B08BZT9SQF,,,,,
LG,LG 65QNED80A6A Smart TV 65 pulgadas 4K DVB-T2 HEVC Clase de eficiencia energética G,https://www.amazon.es/dp/B0FQP2D3X5,65.0,,,,,Amazon,ES,2026-10-10T10:44:07Z,B0FQP2D3X5,,,,,
LG,LG 50UR81003LJ - 50 pulgadas (127 cm) - LED - 2023,https://www.amazon.es/dp/B0D54SLGVV,50.0,539.09,539.09,EUR,539.09,Amazon,ES,2026-10-10T10:44:07Z,B0D54SLGVV,,,,,
Toshiba,"TOSHIBA 50UV2363DG Smart TV 4K UHD de 50"", sin Marcos, con HDR10, Dolby Audio, Compatible con Asistente de Voz Alexa y Google",https://www.amazon.es/dp/B0CJVPTQ96,50.0,,,,,Amazon,ES,2026-10-10T10:44:07Z,B0CJVPTQ96,,,,,
Sony,"Sony Kit de Cine, Sonido Envolvente Dolby Vision/Atmos, TV BRAVIA 3 de 50"", Direct LED, Google TV (2025) y Barra de Sonido...",https://www.amazon.es/dp/B0F9PRZC2C,50.0,948.0,948.0,EUR,948.0,Amazon,ES,2026-10-10T10:44:07Z,B0F9PRZC2C,,,,,
Sony,"Sony Kit Cine en casa con Sonido Envolvente Dolby Vision/Atmos y DTS:X, TV BRAVIA 3 de 75"", LED, Google TV (2025) y Barra ...",https://www.amazon.es/dp/B0F9PP4L8L,75.0,1283.0,1283.0,EUR,1283.0,Amazon,ES,2026-10-10T10:44:07Z,B0F9PP4L8L,,,,,
LG,"Yhytgbhk Placa Base Compatible con televisores LG de 32 y 37 Pulgadas (32LH23UR-CA, 32LH20R-CA y 37LH22UR-CA): LP91A EAX56...",https://www.amazon.es/dp/B0F6D4WTV8,37.0,115.92,115.92,EUR,115.92,Amazon,ES,2026-10-10T10:44:07Z,B0F6D4WTV8,,,,,
Panasonic,"Panasonic Premium TV-50W80AEZC, Serie W80 50 Pulgadas 4K Ultra HD QLED Smart TV, Fire TV, Dolby Vision y Atmos, Modo De Ju...",https://www.amazon.es/dp/B0H2MT1K3R,50.0,427.05,427.05,EUR,427.05,Amazon,ES,2026-10-10T10:44:07Z,B0H2MT1K3R,,,,,
Sony,"Sony Kit Cine en casa con Sonido Envolvente Dolby Vision/Atmos y DTS:X, TV BRAVIA 3 de 55"", LED, Google TV (2025) y Barra ...",https://www.amazon.es/dp/B0F9PQ87CW,55.0,1048.0,1048.0,EUR,1048.0,Amazon,ES,2026-10-10T10:44:07Z,B0F9PQ87CW,,,,,
Sony,"Sony Kit de Cine, Sonido Envolvente Dolby Vision/Atmos, TV BRAVIA 3 de 43"", Direct LED, Google TV (2025) y Barra de Sonido...",https://www.amazon.es/dp/B0F9PR3GN3,43.0,848.0,848.0,EUR,848.0,Amazon,ES,2026-10-10T10:44:07Z,B0F9PR3GN3,,,,,
Panasonic,"Panasonic Premium TV-55W85BEZC, Serie W85B, 55 Pulgadas, Smart TV 4K Ultra HD QLED, 120 Hz, Fire TV, Dolby Vision y Atmos,...",https://www.amazon.es/dp/B0H2MP79B3,55.0,749.0,749.0,EUR,749.0,Amazon,ES,2026-10-10T10:44:07Z,B0H2MP79B3,,,,,
LG,"LG OLED83B59LA.AEUD evo TV, OLED-Fernseher 210 cm (83 Zoll), schwarz, UltraHD/4K, HDR, SmartTV, Panel de 120Hz (OLED83B59L...",https://www.amazon.es/dp/B0F38MPV9J,83.0,,,,,Amazon,ES,2026-10-10T10:44:07Z,B0F38MPV9J,,,,,
LG,"LG NanoCell 75NANO81A6A Smart TV 75"" 4K UHD HDR webOS WiFi Bluetooth HDMI",https://www.amazon.es/dp/B0FY7GT9RP,75.0,,,,,Amazon,ES,2026-10-10T10:44:07Z,B0FY7GT9RP,,,,,
LG,"LG 55UH7J-H UH7J-H Series - 140 cm (55"") Pro:Idiom integriert LCD-Display mit LED-Hintergrundbeleuchtung - 4K - für Dig",https://www.amazon.es/dp/B0BCPSX18C,55.0,2288.78,2288.78,EUR,2288.78,Amazon,ES,2026-10-10T10:44:07Z,B0BCPSX18C,,,,,
LG,"LG 65UH7J-H UH7J-H Series - 165 cm (65"") Pro:Idiom integriert LCD-Display mit LED-Hintergrundbeleuchtung - 4K - für Dig",https://www.amazon.es/dp/B0BCPQ93S8,65.0,2848.81,2848.81,EUR,2848.81,Amazon,ES,2026-10-10T10:44:07Z,B0BCPQ93S8,,,,,
LG,HCZION 8pcs / Set LED Strip Fit for LG 49 TV 49UF6400 49UF6407 49LF510V 49UF640V NC490DUE-SADP2 LGE-WICOP-49InCH-UHD-FHD-R...,https://www.amazon.es/dp/B0BJBT2FL1,49.0,37.36,37.36,EUR,37.36,Amazon,ES,2026-10-10T10:44:07Z,B0BJBT2FL1,,,,,
LG,"OWKAY Protector de pantalla antirreflejos para LG de 32 a 50 pulgadas, Full HD, LED, Smart TV, accesorios",https://www.amazon.es/dp/B0CBWJDVG4,50.0,70.12,70.12,EUR,70.12,Amazon,ES,2026-10-10T10:44:07Z,B0CBWJDVG4,,,,,
TCL,"TCL 43V6C 43 Pulgadas 4K HDR Direct LED Smart TV, Google TV, Dolby Audio | Game Master, Motion Clarity, Google Assistant, ...",https://www.amazon.es/dp/B0DV9HJTTK,43.0,,,,,Amazon,ES,2026-10-10T10:44:07Z,B0DV9HJTTK,,,,,
Panasonic,"Panasonic Premium TV-48Z80BEZ, Serie Z80B, 48 Pulgadas, Smart TV OLED 4K Ultra HD, 2025, Fire TV, Dolby Vision y Atmos, Mo...",https://www.amazon.es/dp/B0FH2539NX,48.0,,,,,Amazon,ES,2026-10-10T10:44:07Z,B0FH2539NX,,,,,
LG,Nuevo 10 PCS/set Tira de retroiluminación LED for LG TV de 42 pulgadas 42LN5400 42LN5300 42LN570S Innotek POLA2.0 42quot; ...,https://www.amazon.es/dp/B0BRCNP5Z8,42.0,27.43,27.43,EUR,27.43,Amazon,ES,2026-10-10T10:44:07Z,B0BRCNP5Z8,,,,,
LG,Placa Base EAX64307906 (1.0) EBT62049202 EBT62029603 EBT62225717 for televisor LG 42LM620S 47LM420T 42LM620T 47LM6200(55inch),https://www.amazon.es/dp/B0F4QYTKGG,55.0,103.59,103.59,EUR,103.59,Amazon,ES,2026-10-10T10:44:07Z,B0F4QYTKGG,,,,,
LG,"QIANHUI LED Tira De Retroiluminación 8 LED Adecuado LG 55 ""TV Innotek 1 7Y 55InCH_B-Tipo SSC_55UJ630V 55UJ6300 55UJ634V 55...",https://www.amazon.es/dp/B0CY56X1XQ,55.0,38.99,38.99,EUR,38.99,Amazon,ES,2026-10-10T10:44:07Z,B0CY56X1XQ,,,,,
LG,"Placa Base EAX66804605 (1.1), Compatible con televisores LG de 55 Pulgadas (55UH650V, 55UH668V, 55UH661V y LC550EGG).",https://www.amazon.es/dp/B0FFZHFZJC,55.0,296.12,296.12,EUR,296.12,Amazon,ES,2026-10-10T10:44:07Z,B0FFZHFZJC,,,,,
TCL,"TCL 40SF560 Televisor 40 Pulgadas QLED Full HD, Smart TV con Fire TV, Control por Voz Alexa, HDR10, Dolby Audio, DTS Virtu...",https://www.amazon.es/dp/B0F9PRSHP8,40.0,,,,,Amazon,ES,2026-10-10T10:44:07Z,B0F9PRSHP8,,,,,
LG,"Placa Base EAX64290501 Compatible con televisores LG de 42"" y 47"" (42CS570, 50LS4000, 47LK520-UA, 42LV5400, 42LV540U-ZC, 5...",https://www.amazon.es/dp/B0F4QZ1M64,42.0,121.2,121.2,EUR,121.2,Amazon,ES,2026-10-10T10:44:07Z,B0F4QZ1M64,,,,,
LG,BAVALU 8 unids/Set Tira de LED for iluminación Trasera for TV de 49 Pulgadas LG 49UH603V 49UH620V LC490DGE 6916L-2705A 691...,https://www.amazon.es/dp/B0BLV699F2,49.0,234.76,234.76,EUR,234.76,Amazon,ES,2026-10-10T10:44:07Z,B0BLV699F2,,,,,
LG,"1 0pcs /Establecer nuevo DIRIGIÓ Despojar a LG 42""TV 42LN540V 42LN613V 42LA620V LC420DUE 42LN575S 42LA620S 42LN540S-R2 691...",https://www.amazon.es/dp/B0B5WT64C1,42.0,244.98,244.98,EUR,244.98,Amazon,ES,2026-10-10T10:44:07Z,B0B5WT64C1,,,,,
Hisense,"Hisense 40A4N - Smart TV HD 40 Pulgadas, TV con Modo Juego, Deportes IA, Dolby DTS VIDAA U6, función Compartir en el telev...",https://www.amazon.es/dp/B0CZX3GM3F,40.0,269.0,269.0,EUR,269.0,Amazon,ES,2026-10-10T10:44:07Z,B0CZX3GM3F,,,,,
LG,"8pcs /Establecer nuevo DIRIGIÓ LED de lámpara de retroiluminación 9 LED for LG 47 pulgadas TV innotek DRT 3.0 47 ""_A/B tip...",https://www.amazon.es/dp/B0B67WLWYZ,47.0,204.55,204.55,EUR,204.55,Amazon,ES,2026-10-10T10:44:07Z,B0B67WLWYZ,,,,,
LG,2B2 B1 Original DIRIGIÓ Despojar a LG 32 '' ROW2.1 Rvdo TV AGF78202301 32LN5400 6916L-1437A 6916L-1438A LC320DUE-SFR1 32LN...,https://www.amazon.es/dp/B0B5WTHWWT,32.0,213.81,213.81,EUR,213.81,Amazon,ES,2026-10-10T10:44:07Z,B0B5WTHWWT,,,,,
TCL,"TCL 55T69C 55 Pulgadas QLED 4K HDR10+ Smart TV, Google TV, Dolby Atmos | Game Master, Dolby Vision, Motion Clarity, Google...",https://www.amazon.es/dp/B0F8QFPB14,55.0,359.0,359.0,EUR,359.0,Amazon,ES,2026-10-10T10:44:07Z,B0F8QFPB14,,,,,
TCL,"TCL 43T69C 43 Pulgadas QLED 4K HDR10+ Smart TV, Google TV, Dolby Atmos | Game Master, Dolby Vision, Motion Clarity, Google...",https://www.amazon.es/dp/B0F8QFTXW9,43.0,298.99,298.99,EUR,298.99,Amazon,ES,2026-10-10T10:44:07Z,B0F8QFTXW9,,,,,
TCL,"TCL 65T8D 65 Pulgadas QD-Mini LED 4K HDR10+ Smart TV Gaming 144Hz VRR | FreeSync Premium, Game Master, Dolby Vision & Atmo...",https://www.amazon.es/dp/B0GR9FLCYT,65.0,669.0,669.0,EUR,669.0,Amazon,ES,2026-10-10T10:44:07Z,B0GR9FLCYT,,,,,
TCL,"TCL 55C7L 55 Pulgadas SQD-Mini LED 4K HDR10+ Smart TV, 2.700 Nits | 800 Zonas de Atenuación, Dolby Vision IQ & Atmos, Audi...",https://www.amazon.es/dp/B0GVSHW14M,55.0,739.0,739.0,EUR,739.0,Amazon,ES,2026-10-10T10:44:07Z,B0GVSHW14M,,,,,
TCL,"TCL 55T8D 55 Pulgadas QD-Mini LED 4K HDR10+ Smart TV Gaming 144Hz VRR | FreeSync Premium, Game Master, Dolby Vision & Atmo...",https://www.amazon.es/dp/B0GR9JWH4T,55.0,549.0,549.0,EUR,549.0,Amazon,ES,2026-10-10T10:44:07Z,B0GR9JWH4T,,,,,
TCL,"TCL 55Q6C 55 Pulgadas QD-Mini LED 4K HDR10+ Smart TV, Google TV | Dolby Vision IQ & Atmos, 144Hz Motion Clarity Pro, Game ...",https://www.amazon.es/dp/B0DX185Q23,55.0,549.0,549.0,EUR,549.0,Amazon,ES,2026-10-10T10:44:07Z,B0DX185Q23,,,,,
TCL,"TCL 65Q6C 65 Pulgadas QD-Mini LED 4K HDR10+ Smart TV, Google TV | Dolby Vision IQ & Atmos, 144Hz Motion Clarity Pro, Game ...",https://www.amazon.es/dp/B0DXQ27X44,65.0,729.0,729.0,EUR,729.0,Amazon,ES,2026-10-10T10:44:07Z,B0DXQ27X44,,,,,
TCL,"TCL 65C8L 65 Pulgadas SQD-Mini LED 4K HDR10+ Smart TV, 5.000 Nits | 2.040 Zonas de Atenuación, Dolby Vision IQ & Atmos, 14...",https://www.amazon.es/dp/B0GTZLF677,65.0,1439.0,1439.0,EUR,1439.0,Amazon,ES,2026-10-10T10:44:07Z,B0GTZLF677,,,,,
TCL,"TCL 65T69C 65 Pulgadas QLED 4K HDR10+ Smart TV, Google TV, Dolby Atmos | Game Master, Dolby Vision, Motion Clarity, Google...",https://www.amazon.es/dp/B0F8QDCBCM,65.0,465.0,465.0,EUR,465.0,Amazon,ES,2026-10-10T10:44:07Z,B0F8QDCBCM,,,,,
TCL,"TCL 40S5L-ES – 40”, Full HD, QLED, HDR, Direct‑LED, Android TV, Decodificación 4K, Dolby Audio, Google Cast, Diseño Delgado",https://www.amazon.es/dp/B0HDBHJ4QT,40.0,260.9,260.9,EUR,260.9,Amazon,ES,2026-10-10T10:44:07Z,B0HDBHJ4QT,,,,,
TCL,"TCL 65V6C 65 Pulgadas 4K HDR Direct LED Smart TV, Google TV, Dolby Audio | Game Master, Motion Clarity, Google Assistant, ...",https://www.amazon.es/dp/B0DV9GHKQ6,65.0,449.0,449.0,EUR,449.0,Amazon,ES,2026-10-10T10:44:07Z,B0DV9GHKQ6,,,,,
TCL,"TCL 65T6C 65 Pulgadas QLED 4K HDR10+ Smart TV con Fire TV, Dolby Atmos | Game Master, VRR, Dolby Vision, Motion Clarity, P...",https://www.amazon.es/dp/B0DW96CFKL,65.0,469.0,469.0,EUR,469.0,Amazon,ES,2026-10-10T10:44:07Z,B0DW96CFKL,,,,,
TCL,"TCL 55Q7D Pro 55 Pulgadas SQD-Mini LED 4K HDR10+ Smart TV, 2.000 Nits | 480 Zonas de Atenuación, Dolby Vision IQ & Atmos, ...",https://www.amazon.es/dp/B0GXKS5GXL,55.0,699.0,699.0,EUR,699.0,Amazon,ES,2026-10-10T10:44:07Z,B0GXKS5GXL,,,,,
TCL,"TCL S5L 32S5L TV 81,3 cm (32"") Smart TV Wi-Fi Nero 300 cd/m?",https://www.amazon.es/dp/B0H2JF9P45,32.0,221.29,221.29,EUR,221.29,Amazon,ES,2026-10-10T10:44:07Z,B0H2JF9P45,,,,,
TCL,"TCL 32S5L-ES – 32”, Full HD, QLED, HDR, Direct‑LED, Android TV, Decodificación 4K, Dolby Audio, Google Cast, Diseño Delgado",https://www.amazon.es/dp/B0HDB5ZMGJ,32.0,232.2,232.2,EUR,232.2,Amazon,ES,2026-10-10T10:44:07Z,B0HDB5ZMGJ,,,,,
TCL,"TCL 85Q7C 85 Pulgadas QD-Mini LED 4K HDR10+ Smart TV, 3.000 Nits | Dolby Vision IQ & Atmos, Panel HVA, 144Hz Motion Clarit...",https://www.amazon.es/dp/B0F38H4X7J,85.0,2098.56,2098.56,EUR,2098.56,Amazon,ES,2026-10-10T10:44:07Z,B0F38H4X7J,,,,,
TCL,"TCL 75RM7L 75 Pulgadas RGB-Mini LED 4K HDR10+ Smart TV, 2.000 Nits | 1.800 Zonas de Color Preciso, Dolby Vision IQ & Atmo...",https://www.amazon.es/dp/B0GZZZVN8B,75.0,1339.0,1339.0,EUR,1339.0,Amazon,ES,2026-10-10T10:44:07Z,B0GZZZVN8B,,,,,
Xiaomi,"Xiaomi TV F 50, 50 Pulgadas (127 cm), 4K UHD, Smart TV, Fire OS8, Control por Voz Alexa, HDR10, MEMC, Modo Game Boost 120H...",https://www.amazon.es/dp/B0F45BXJ1C,50.0,299.0,299.0,EUR,299.0,Amazon,ES,2026-10-10T10:44:07Z,B0F45BXJ1C,,,,,
TCL,"TCL 65A400 Pro 65” TV Art QD-Mini LED NXTVISION, Google TV, Pantalla Mate, diseño Tipo Marco, Dolby Vision IQ y Atmos, Sis...",https://www.amazon.es/dp/B0H3KK6TPG,65.0,999.0,999.0,EUR,999.0,Amazon,ES,2026-10-10T10:44:07Z,B0H3KK6TPG,,,,,
TCL,"TCL 75Q8C 75 Pulgadas QD-Mini LED 4K HDR10+ Smart TV, 4.500 Nits ZeroBorder | Dolby Vision IQ & Atmos, Panel CrystGlow WHV...",https://www.amazon.es/dp/B0F9WSGDLW,75.0,1699.0,1699.0,EUR,1699.0,Amazon,ES,2026-10-10T10:44:07Z,B0F9WSGDLW,,,,,
TCL,"TCL 55A400 Pro 55” TV Art QD-Mini LED NXTVISION, Google TV, Pantalla Mate, diseño Tipo Marco, Dolby Vision IQ y Atmos, Sis...",https://www.amazon.es/dp/B0H3KND3MW,55.0,799.0,799.0,EUR,799.0,Amazon,ES,2026-10-10T10:44:07Z,B0H3KND3MW,,,,,
TCL,"TCL 65A400 65 Pulgadas QLED 4K HDR10+ Smart TV, Diseño Ultrafino | Panel HVA, Dolby Vision & Atmos, Sonido Onkyo 2.0, 144H...",https://www.amazon.es/dp/B0GYPDQ8Y3,65.0,779.0,779.0,EUR,779.0,Amazon,ES,2026-10-10T10:44:07Z,B0GYPDQ8Y3,,,,,
TCL,"TCL 43V5C - Smart QLED Full HD de 43"" Direct LED TV con Android TV y HDR - Compatible con Google Cast y Google Home, diseñ...",https://www.amazon.es/dp/B0F3XM86GV,43.0,274.49,274.49,EUR,274.49,Amazon,ES,2026-10-10T10:44:07Z,B0F3XM86GV,,,,,
TCL,"TCL 85RM9L 85 Pulgadas RGB-Mini LED 4K HDR10+ Smart TV, 4.000 Nits | 8.736 Zonas de Color Preciso, Dolby Vision IQ & Atmo...",https://www.amazon.es/dp/B0GXZ91H3X,85.0,4289.0,4289.0,EUR,4289.0,Amazon,ES,2026-10-10T10:44:07Z,B0GXZ91H3X,,,,,
TCL,"TCL 98X11L 98 Pulgadas SQD-Mini LED 4K HDR10+ Smart TV, 10.000 Nits | 20.736 Zonas de Atenuación, Dolby Vision IQ & Atmos,...",https://www.amazon.es/dp/B0GV4GKQR9,98.0,7999.0,7999.0,EUR,7999.0,Amazon,ES,2026-10-10T10:44:07Z,B0GV4GKQR9,,,,,
TCL,TCL Televisor QLED 32S4K 32'- Full HD- Smart TV- WiFi,https://www.amazon.es/dp/B0FLPRW1P9,32.0,,,,,Amazon,ES,2026-10-10T10:44:07Z,B0FLPRW1P9,,,,,
TCL,"TCL 43A400 Pro 43” TV Art QLED NXTVISION, 4K HDR, Google TV, diseño Tipo Marco, Dolby Vision, Dolby Audio, AirPlay 2",https://www.amazon.es/dp/B0H3KPCXLH,43.0,599.0,599.0,EUR,599.0,Amazon,ES,2026-10-10T10:44:07Z,B0H3KPCXLH,,,,,
TCL,"TCL 32A400 Pro 32” TV Art QLED NXTVISION, Full HD HDR, Android TV, diseño Tipo Marco, HDR10, Dolby Audio",https://www.amazon.es/dp/B0H3KNCSQ4,32.0,399.0,399.0,EUR,399.0,Amazon,ES,2026-10-10T10:44:07Z,B0H3KNCSQ4,,,,,
Hisense,"Hisense 55E8S - MiniLED 55 Pulgadas Smart TV 4K, Quantum Dot Color, 144 Hz | Mini LED, Subwoofer integrado, Hi-View AI Eng...",https://www.amazon.es/dp/B0GQDXNH3L,55.0,549.0,549.0,EUR,549.0,Amazon,ES,2026-10-10T10:44:07Z,B0GQDXNH3L,,,,,
TCL,Tcl 43p6k - Televisor Led De 43 Pulgadas (109 Cm) - 4k Uhd 3840x2160 - Hdr10+ - Google Tv - 3xhdmi 2.1 - WI-fi,https://www.amazon.es/dp/B0F7RT3L5D,43.0,,,,,Amazon,ES,2026-10-10T10:44:07Z,B0F7RT3L5D,,,,,
TCL,"TCL MiniLED 65"" 65C6K UltraHD 4K Sonido Onkyo Google TV | Dolby Vision IQ & Atmos, 144Hz Motion Clarity Pro, Game Master, ...",https://www.amazon.es/dp/B0F9FNQPZP,65.0,929.0,929.0,EUR,929.0,Amazon,ES,2026-10-10T10:44:07Z,B0F9FNQPZP,,,,,
Hisense,"Hisense 65E7S - Hi-QLED Smart TV 65 Pulgadas, Hi-QLED Color, Dolby Vision.Atmos, Escalador IA 4K, Smooth Motion IA, Modo J...",https://www.amazon.es/dp/B0GNF76F8J,65.0,499.0,499.0,EUR,499.0,Amazon,ES,2026-10-10T10:44:07Z,B0GNF76F8J,,,,,
TCL,"TCL 75A400 Pro 75” TV Art QD-Mini LED NXTVISION, Google TV, Pantalla Mate, diseño Tipo Marco, Dolby Vision IQ y Atmos, Sis...",https://www.amazon.es/dp/B0H3KV5HBT,75.0,1699.0,1699.0,EUR,1699.0,Amazon,ES,2026-10-10T10:44:07Z,B0H3KV5HBT,,,,,
Panasonic,"Panasonic Premium TV-43W85BEZ, Serie W85B, 43 Pulgadas, Smart TV 4K Ultra HD QLED, 2025, 120 Hz, Fire TV, Dolby Vision y A...",https://www.amazon.es/dp/B0H2MSSSCS,43.0,599.0,599.0,EUR,599.0,Amazon,ES,2026-10-10T10:44:07Z,B0H2MSSSCS,,,,,
Xiaomi,"Xiaomi TV F Pro 50 Pulgadas (127 cm), 4K UHD QLED Smart Fire TV, L50MB-FPEU | Alexa Voice Control, HDR10, Game Boost Mode ...",https://www.amazon.es/dp/B0F45835F8,50.0,399.0,399.0,EUR,399.0,Amazon,ES,2026-10-10T10:44:07Z,B0F45835F8,,,,,
TCL,"TCL QLED 55"" 55P8K UltraHD 4K Sonido Onkyo Google TV | FreeSync, Dolby Vision & Atmos, 144Hz Motion Clarity Pro, Google Ca...",https://www.amazon.es/dp/B0F8HYKRKX,55.0,,,,,Amazon,ES,2026-10-10T10:44:07Z,B0F8HYKRKX,,,,,
TCL,"TCL QLED 43"" 43P7K UltraHD 4K Dolby Atmos Google TV",https://www.amazon.es/dp/B0F8VZHXJM,43.0,,,,,Amazon,ES,2026-10-10T10:44:07Z,B0F8VZHXJM,,,,,
TCL,"TCL 98A400 Pro 98” TV Art QD-Mini LED NXTVISION, Google TV, Pantalla Mate, diseño Tipo Marco, Dolby Vision IQ y Atmos, Sis...",https://www.amazon.es/dp/B0H3KLPRBF,98.0,2796.42,2796.42,EUR,2796.42,Amazon,ES,2026-10-10T10:44:07Z,B0H3KLPRBF,,,,,
TCL,"TCL 85A400 Pro 85” TV Art QD-Mini LED NXTVISION, Google TV, Pantalla Mate, diseño Tipo Marco, Dolby Vision IQ y Atmos, Sis...",https://www.amazon.es/dp/B0H3KKFXX5,85.0,2042.89,2042.89,EUR,2042.89,Amazon,ES,2026-10-10T10:44:07Z,B0H3KKFXX5,,,,,
TCL,"TCL 85"" A400U 4K QD Mini LED Google TV - 1008 zonas, 2500 nits, 288 Hz VRR para una transmisión y juego fluidos.",https://www.amazon.es/dp/B0H3KKS66H,85.0,2172.52,2172.52,EUR,2172.52,Amazon,ES,2026-10-10T10:44:07Z,B0H3KKS66H,,,,,
TCL,"TCL MiniLED 55"" 55C6K UltraHD 4K Sonido Onkyo Google TV | Dolby Vision IQ & Atmos, 144Hz Motion Clarity Pro, Game Master, ...",https://www.amazon.es/dp/B0F8QKZ82T,55.0,,,,,Amazon,ES,2026-10-10T10:44:07Z,B0F8QKZ82T,,,,,
TCL,"TCL QLED 75"" 75P8K UltraHD 4K Sonido Onkyo Google TV | FreeSync, Dolby Vision & Atmos, 144Hz Motion Clarity Pro, Google Ca...",https://www.amazon.es/dp/B0F8J383MC,75.0,,,,,Amazon,ES,2026-10-10T10:44:07Z,B0F8J383MC,,,,,
TCL,"TCL LED 55"" 55P6K UltraHD 4K Dolby Audio HDR10 Google TV",https://www.amazon.es/dp/B0F7RVDMKF,55.0,,,,,Amazon,ES,2026-10-10T10:44:07Z,B0F7RVDMKF,,,,,
TCL,"TCL MiniLED 75"" 75C6K UltraHD 4K Sonido Onkyo Google TV | Dolby Vision IQ & Atmos, 144Hz Motion Clarity Pro, Game Master, ...",https://www.amazon.es/dp/B0F94DQTQH,75.0,,,,,Amazon,ES,2026-10-10T10:44:07Z,B0F94DQTQH,,,,,
Hisense,"Hisense 100E7Q Pro - QLED Smart TV 100 Pulgadas, Gaming TV, Modo Juego 144Hz, AMD Freesync Premium Dolby Vision IQ, Dolby ...",https://www.amazon.es/dp/B0F1N92VWF,100.0,1599.0,1599.0,EUR,1599.0,Amazon,ES,2026-10-10T10:44:07Z,B0F1N92VWF,,,,,
TCL,"TCL 55P61B 55"" LED UltraHD 4K HDR Google TV",https://www.amazon.es/dp/B0D26DFFNR,55.0,,,,,Amazon,ES,2026-10-10T10:44:07Z,B0D26DFFNR,,,,,
TCL,"TCL TV MiniLED 75"" 75C7K 4K UHDGoogleTV Bang & Olufsen",https://www.amazon.es/dp/B0F5BP3VXC,75.0,,,,,Amazon,ES,2026-10-10T10:44:07Z,B0F5BP3VXC,,,,,
TCL,"TCL NXTVISION A300 PRO TV QLED PRO de 55 pulgadas, 4K UHD Art TV, Diseño de Marco Magnético, Galería de Arte AI, Pantalla ...",https://www.amazon.es/dp/B0F9WFRF4R,55.0,,,,,Amazon,ES,2026-10-10T10:44:07Z,B0F9WFRF4R,,,,,
TCL,"TCL NXTVISION A300 PRO TV QLED PRO de 65 pulgadas, 4K UHD Art TV, Diseño de Marco Magnético, Galería de Arte AI, Pantalla ...",https://www.amazon.es/dp/B0F2GKG2R1,65.0,,,,,Amazon,ES,2026-10-10T10:44:07Z,B0F2GKG2R1,,,,,
Hisense,"Hisense 85E7NQ - QLED Smart TV, 85 Pulgadas Televisor, Quantum Dot Colour, Dolby Vision, Dolby Atmos, Modo Juego Plus, 60H...",https://www.amazon.es/dp/B0CXTNZ9BP,85.0,1635.99,1635.99,EUR,1635.99,Amazon,ES,2026-10-10T10:44:07Z,B0CXTNZ9BP,,,,,
Hisense,"Hisense 43A6N - UHD 4K,VIDAA Smart TV, 43 Pulgadas, Dolby Vision, Modo Juego Plus, DTS Virtual X, Control por Voz televiso...",https://www.amazon.es/dp/B0CZWPDP34,43.0,442.59,442.59,EUR,442.59,Amazon,ES,2026-10-10T10:44:07Z,B0CZWPDP34,,,,,
Hisense,"Hisense 40A5NQ - QLED TV, 40 Pulgadas, Dolby Atmos, Modo Juego, Entrada Tipo C, Peana con Doble posición, función Comparti...",https://www.amazon.es/dp/B0CXTFTHCR,40.0,299.9,299.9,EUR,299.9,Amazon,ES,2026-10-10T10:44:07Z,B0CXTFTHCR,,,,,
Hisense,"Hisense 85A6N - UHD 4K,VIDAA Smart TV, 85 Pulgadas, Dolby Vision, Modo Juego Plus, DTS Virtual X, Control por Voz televiso...",https://www.amazon.es/dp/B0D52RJ9YZ,85.0,1499.49,1499.49,EUR,1499.49,Amazon,ES,2026-10-10T10:44:07Z,B0D52RJ9YZ,,,,,
Hisense,"Hisense TV 55U7KQ - Mini-LED Smart TV de 55 Pulgadas Televisor, Quantum Dot Colour, Modo Juego de 144Hz, Full Array Local ...",https://www.amazon.es/dp/B0C5Y6Q64H,55.0,,,,,Amazon,ES,2026-10-10T10:44:07Z,B0C5Y6Q64H,,,,,
TCL,TUCANSBP Compatible for televisor LCD TCL de 32 Pulgadas 4C-LB3206-HR01J 4C-LB3206-HR08J Tot_32D2900 B32A739 L32F3301B 32H...,https://www.amazon.es/dp/B0D2V14XW6,32.0,19.56,19.56,EUR,19.56,Amazon,ES,2026-10-10T10:44:07Z,B0D2V14XW6,,,,,
Hisense,"Hisense 50A7NQ - QLED Smart TV, 50 Pulgadas, con Quantum Dot Colour, 60Hz VRR 120 fps, Dolby Vision, Bluetooth&HDMI, Compa...",https://www.amazon.es/dp/B0D52FD286,50.0,,,,,Amazon,ES,2026-10-10T10:44:07Z,B0D52FD286,,,,,
TCL,TUCANSBP Compatible for televisor LCD TCL de 55 Pulgadas 55HR330M08A2 V2 4C-LB5507-HR02J TCL 55A660U/55V2 55D6 A 55A460 55...,https://www.amazon.es/dp/B0D2WWFPHK,55.0,24.9,24.9,EUR,24.9,Amazon,ES,2026-10-10T10:44:07Z,B0D2WWFPHK,,,,,
Hisense,"Hisense 65A6N - UHD 4K,VIDAA Smart TV, 65 Pulgadas, Dolby Vision, Modo Juego Plus, DTS Virtual X, Control por Voz televiso...",https://www.amazon.es/dp/B0CZWTB2GD,65.0,,,,,Amazon,ES,2026-10-10T10:44:07Z,B0CZWTB2GD,,,,,
TCL,"Placa Base de alimentación for televisor de 55 Pulgadas, Accesorio for TV, Compatible con TCL 65V2/V6/F6/L2/T3/F8/P6 L55C2",https://www.amazon.es/dp/B0FBSW6PD6,55.0,44.98,44.98,EUR,44.98,Amazon,ES,2026-10-10T10:44:07Z,B0FBSW6PD6,,,,,
Hisense,"Hisense 32A5NQ - QLED TV, 32 Pulgadas, Dolby Atmos, Modo Juego, Entrada Tipo C, Peana con Doble posición, función Comparti...",https://www.amazon.es/dp/B0CXTLDGZ9,32.0,,,,,Amazon,ES,2026-10-10T10:44:07Z,B0CXTLDGZ9,,,,,
Hisense,"Hisense 50E6NT- UHD 4K,VIDAA Smart TV, 50 Pulgadas, Dolby Vision, Modo Juego Plus, DTS Virtual X, Control por Voz televiso...",https://www.amazon.es/dp/B0CZWS3CN9,50.0,,,,,Amazon,ES,2026-10-10T10:44:07Z,B0CZWS3CN9,,,,,
TCL,"TUCANSBP 2 unids/Lote Compatible for TV de 32 ""TCL L32F1B/L32P1A/L32P2 D32A810 B32A739 L32F3301B 32HB5426 32D100 L32S4900s...",https://www.amazon.es/dp/B0D2TZK46W,32.0,62.95,62.95,EUR,62.95,Amazon,ES,2026-10-10T10:44:07Z,B0D2TZK46W,,,,,
TCL,"Placa lógica T-con ST6451D02-AC-2 342911008R Compatible con televisores TCL y Xiaomi de 65"" L65M5 L65M5-5ASP H65E17 65EP65...",https://www.amazon.es/dp/B0F4R18GJ4,65.0,25.61,25.61,EUR,25.61,Amazon,ES,2026-10-10T10:44:07Z,B0F4R18GJ4,,,,,
TCL,"32""TV TCL LED32D3000 32R3000 32S6400 GOLDSTAR LT-32T510R LCD L32M5-AZ TCL32D05-ZC22AG-11 LVW320CSDX 4C-LB320T-HDSA 6V Mpeg",https://www.amazon.es/dp/B0B6VP62QC,32.0,26.58,26.58,EUR,26.58,Amazon,ES,2026-10-10T10:44:07Z,B0B6VP62QC,,,,,
TCL,TUCANSBP Compatible for televisor LCD de 32 Pulgadas TCL 4C-LB3207-HQ1 32HR330M07A2 32S3750 32D2700 L32F3301B L32F3303B L3...,https://www.amazon.es/dp/B0D2WVGH25,32.0,21.6,21.6,EUR,21.6,Amazon,ES,2026-10-10T10:44:07Z,B0D2WVGH25,,,,,
TCL,CObyda For televisor LCD de 40 pulgadas TCL-GIC-40D6-2X10-3030-10EA 4C LB4010 HR01J HR02J T-CL 40S6500S 40S6500 40S6500FS ...,https://www.amazon.es/dp/B0CRQ65TCH,40.0,33.85,33.85,EUR,33.85,Amazon,ES,2026-10-10T10:44:07Z,B0CRQ65TCH,,,,,
TCL,TUCANSBP Compatible for televisor LCD TCL de 55 Pulgadas 55HR330M08A2 V2 4C-LB5507-HR02J 4C-LB5508-HR02J 55DP603 55S423 55...,https://www.amazon.es/dp/B0D1R92HBC,55.0,24.82,24.82,EUR,24.82,Amazon,ES,2026-10-10T10:44:07Z,B0D1R92HBC,,,,,
TCL,Compatible Con Placa Base TCL L39/L42/L46/L48F3500A-3D L55F3390A 40-1MS801-MAF2HG(32 inches.),https://www.amazon.es/dp/B0FWSWTBZ2,32.0,53.56,53.56,EUR,53.56,Amazon,ES,2026-10-10T10:44:07Z,B0FWSWTBZ2,,,,,
TCL,TUCANSBP Adecuado Compatible con TCL TV LCD de 32 Pulgadas 4C-LB3206-HR01J 4C-LB3206-HR08J 32HR330M06A5 V5 32HR330M06A8 To...,https://www.amazon.es/dp/B0D2KLNVYF,32.0,64.04,64.04,EUR,64.04,Amazon,ES,2026-10-10T10:44:07Z,B0D2KLNVYF,,,,,
TCL,KANGH Adecuado Compatible for TCL TV LCD de 32 Pulgadas 4C-LB3206-HR01J 4C-LB3206-HR08J 32HR330M06A5 V5 32HR330M06A8 Tot_3...,https://www.amazon.es/dp/B0D3T1X6D4,32.0,85.89,85.89,EUR,85.89,Amazon,ES,2026-10-10T10:44:07Z,B0D3T1X6D4,,,,,
TCL,TUCANSBP Compatible for televisor LCD de 42 Pulgadas Lexer 42T09007-05B TCL L42P11FBDE L42V6200DEG L42V6200DEG LE42H300 LE...,https://www.amazon.es/dp/B0D2XZ9VNT,42.0,26.97,26.97,EUR,26.97,Amazon,ES,2026-10-10T10:44:07Z,B0D2XZ9VNT,,,,,
TCL,"TUCANSBP 8 unids/Lote Compatible for TV de 49 ""49U67EBC 49U67EBC TCL 49A660U Thomson 49UC6406 9 LED 49D2900A 49HR330M05A0 ...",https://www.amazon.es/dp/B0D2VT6GMR,49.0,30.37,30.37,EUR,30.37,Amazon,ES,2026-10-10T10:44:07Z,B0D2VT6GMR,,,,,
TCL,SIONNE For televisor LCD de 55 pulgadas 55HR330M08A2 V2 4C-LB5507-HR02J 4C-LB5508-HR02J TCL 55A660U/55V2 55D6 A 55A460 55S...,https://www.amazon.es/dp/B0D2MY4D4S,55.0,35.02,35.02,EUR,35.02,Amazon,ES,2026-10-10T10:44:07Z,B0D2MY4D4S,,,,,
TCL,"Compatible Con Placa De TV TCL, L55F3500A-3D L48F33 Logic Tcon SQ60PB-MB34C4LV0.1 De 43/46/48/55 Pulgadas(43 inch)",https://www.amazon.es/dp/B0FWSVH5P8,55.0,27.0,27.0,EUR,27.0,Amazon,ES,2026-10-10T10:44:07Z,B0FWSVH5P8,,,,,
TCL,"4 unids/Lote Compatible for TV de 50 ""Thomson 50UD6306 50UD6406 TCL 50S425 50P65US 50S421 50S423 LVU500NDL 4C-LB5007 ZM02J...",https://www.amazon.es/dp/B0D2SFDPM6,50.0,24.03,24.03,EUR,24.03,Amazon,ES,2026-10-10T10:44:07Z,B0D2SFDPM6,,,,,
TCL,BAVALU Tira de lámpara LED for Thomson T43D16SF-01B TCL 43''TV JL.D43081330-140FS-M 43L1600C 2600C 43L26CMC L43E9600,https://www.amazon.es/dp/B0BTBYNFG2,43.0,36.01,36.01,EUR,36.01,Amazon,ES,2026-10-10T10:44:07Z,B0BTBYNFG2,,,,,
TCL,TUCANSBP 3 Piezas compatibles for TV LCD de 32 Pulgadas JL.D32061235-017IS-F RH43-D3202X-06A-JF TCL LE32D99 32LE12J YH19E3...,https://www.amazon.es/dp/B0D2WW6JFQ,32.0,23.39,23.39,EUR,23.39,Amazon,ES,2026-10-10T10:44:07Z,B0D2WW6JFQ,,,,,
TCL,"TUCANSBP 2 unids/Lote Compatible for TV LCD de 32 ""PB08D554173BL051-002H JL.D32061330-004AS-M TCL LE32D99 LED-32B750 LE32B...",https://www.amazon.es/dp/B0D2V1SQVH,32.0,19.34,19.34,EUR,19.34,Amazon,ES,2026-10-10T10:44:07Z,B0D2V1SQVH,,,,,
TCL,"TUCANSBP Tira de retroiluminación LED de 15 Piezas (5TV) Compatible for TCL 40"" TV 40HR330M08A7 V1 4C-LB4008-HR03J 40D2900...",https://www.amazon.es/dp/B0D1P7N76X,40.0,65.96,65.96,EUR,65.96,Amazon,ES,2026-10-10T10:44:07Z,B0D1P7N76X,,,,,
TCL,TUCANSBP 1 Juego = 8 Uds 6leds 6v 380mm Compatible for TCL 39 Pulgadas LCD TV Tira de retroiluminación TCL(TMT) 39F3300-8...,https://www.amazon.es/dp/B0D2W8VBRZ,39.0,31.26,31.26,EUR,31.26,Amazon,ES,2026-10-10T10:44:07Z,B0D2W8VBRZ,,,,,
TCL,TUCANSBP Tira de LED for iluminación Trasera de 32 Uds (4TV) Compatible for 50D2700 50HR330M05A0 TCL 50'' TV 50FS3800 50FA...,https://www.amazon.es/dp/B0D1P69TLT,50.0,58.85,58.85,EUR,58.85,Amazon,ES,2026-10-10T10:44:07Z,B0D1P69TLT,,,,,
TCL,AYAZER TIRA DE LUCES LED LB43101 V0_01 for 43'' TPT430H3 43PFS5531 43PFS5532 TCL L42F220B L42P60BD L42F3250B LVF420AUBK 43...,https://www.amazon.es/dp/B0CCSCNLFH,43.0,33.41,33.41,EUR,33.41,Amazon,ES,2026-10-10T10:44:07Z,B0CCSCNLFH,,,,,
TCL,"TUCANSBP 8 unids/Lote 6LEDs 6V 380mm Compatible for TCL 39 ""LCD TV Tira de retroiluminación Compatible for TCL(TMT) 39F330...",https://www.amazon.es/dp/B0D3DRRP5R,39.0,29.08,29.08,EUR,29.08,Amazon,ES,2026-10-10T10:44:07Z,B0D3DRRP5R,,,,,
TCL,LUNCHS Tira de LED for iluminación Trasera de 32 Uds (4TV) Compatible for 50D2700 50HR330M05A0 TCL 50'' TV 50FS3800 50FA32...,https://www.amazon.es/dp/B0CS6WFHNN,50.0,80.38,80.38,EUR,80.38,Amazon,ES,2026-10-10T10:44:07Z,B0CS6WFHNN,,,,,
TCL,"Placa De Alimentación De TV De 75 Pulgadas, Compatible con TCL,75V2 75L8 40-L302W4-PWD1CG / PWB1CG Placa Principal De Alim...",https://www.amazon.es/dp/B0HKJWNKLN,75.0,60.75,60.75,EUR,60.75,Amazon,ES,2026-10-10T10:44:07Z,B0HKJWNKLN,,,,,
TCL,"Patas de TV para TCL Roku, patas de repuesto para TCL 28 pulgadas, 32 pulgadas, 40 pulgadas, 43 pulgadas, 49 pulgadas, 50 ...",https://www.amazon.es/dp/B0CJ974HQ5,28.0,39.52,39.52,EUR,39.52,Amazon,ES,2026-10-10T10:44:07Z,B0CJ974HQ5,,,,,
TCL,"LUNCHS Tira de retroiluminación LED de 15 piezas (5TV) Compatible for TCL 40"" TV 40HR330M08A7 V1 4C-LB4008-HR03J 40D2900 T...",https://www.amazon.es/dp/B0CSB9P3KX,40.0,63.98,63.98,EUR,63.98,Amazon,ES,2026-10-10T10:44:07Z,B0CSB9P3KX,,,,,
TCL,TUCANSBP Tira de retroiluminación LED 50D2700 50HR330M05A0 V2 Compatible for TCL 50'' TV 50FS3800 50FA3213 Thomson 50FA321...,https://www.amazon.es/dp/B0D1QYVB2P,50.0,50.45,50.45,EUR,50.45,Amazon,ES,2026-10-10T10:44:07Z,B0D1QYVB2P,,,,,
TCL,"RobertDTesta DIRIGIÓ Lámpara de retroceso 5 lámpara for TCL 32S5300 32S6500 32S6400 MI 32 ""TV LCD L32M5-AZ TCL32D05-ZC22A...",https://www.amazon.es/dp/B0B6VNNT5Z,32.0,26.38,26.38,EUR,26.38,Amazon,ES,2026-10-10T10:44:07Z,B0B6VNNT5Z,,,,,
Samsung,"Placa lógica for TV de 37 Pulgadas T370XW02 V5 06A69-1A 07A18-1A, Compatible con TCL, Samsung, Hisense y Otras Marcas. 06A...",https://www.amazon.es/dp/B0F4R14X5Y,37.0,32.03,32.03,EUR,32.03,Amazon,ES,2026-10-10T10:44:07Z,B0F4R14X5Y,,,,,
TCL,"Placa De Alimentación for TV De 75 Pulgadas, Compatible con TCL, 75V2 75L8 40-L302W4-PWD1CG/PWB1CG(2 backlights)",https://www.amazon.es/dp/B0H9RL9T5Z,75.0,63.06,63.06,EUR,63.06,Amazon,ES,2026-10-10T10:44:07Z,B0H9RL9T5Z,,,,,
Hisense,"Hisense 43E7S - Hi-QLED 43 Pulgadas Smart TV 4K HDR10+ | Smooth Motion IA, Modo Juego Plus, Dolby Vision IQ, Dolby Atmos, ...",https://www.amazon.es/dp/B0GND85Y1P,43.0,303.99,303.99,EUR,303.99,Amazon,ES,2026-10-10T10:44:07Z,B0GND85Y1P,,,,,
Hisense,"Hisense 50E7S - Hi-QLED 50 Pulgadas Smart TV 4K HDR10+ | Smooth Motion IA, Modo Juego Plus, Dolby Vision IQ, Dolby Atmos, ...",https://www.amazon.es/dp/B0GNDPWJV8,50.0,350.16,350.16,EUR,350.16,Amazon,ES,2026-10-10T10:44:07Z,B0GNDPWJV8,,,,,
Hisense,"Hisense 32A4S - 32 Pulgadas Smart TV HD, Dolby Audio, DVB-T2 | Natural Colour Enhancer, Share to TV, Reducción de ruido, M...",https://www.amazon.es/dp/B0GJFWX36Y,32.0,169.0,169.0,EUR,169.0,Amazon,ES,2026-10-10T10:44:07Z,B0GJFWX36Y,,,,,
Hisense,"Hisense 43A6S - UHD 4K Smart TV 43 Pulgadas, Escalador IA 4K, Smooth Motion Modo Juego Plus, Dolby Vision, Control por Vo...",https://www.amazon.es/dp/B0GJFM3F7P,43.0,274.0,274.0,EUR,274.0,Amazon,ES,2026-10-10T10:44:07Z,B0GJFM3F7P,,,,,
Hisense,"Hisense 50E8S - MiniLED 50 Pulgadas Smart TV 4K, Quantum Dot Color, 144 Hz | Mini LED, Subwoofer integrado, Hi-View AI Eng...",https://www.amazon.es/dp/B0GQDSSGNB,50.0,499.0,499.0,EUR,499.0,Amazon,ES,2026-10-10T10:44:07Z,B0GQDSSGNB,,,,,
Hisense,"Hisense 55E7S Pro - Hi-QLED Smart TV 55 Pulgadas, Modo Juego 144 Hz Nativos - Color, Dolby Vison.Atmos, Imágenes IA, Smoot...",https://www.amazon.es/dp/B0GR7DTKP8,55.0,479.0,479.0,EUR,479.0,Amazon,ES,2026-10-10T10:44:07Z,B0GR7DTKP8,,,,,
Hisense,"Hisense 32S5Q - Hi-QLED Smart TV 32 Pulgadas Lifestyle TV, Diseño Artístico | Resolución Full HD, Quantum Dot Color, Dolby...",https://www.amazon.es/dp/B0FSLMYL4W,32.0,216.03,216.03,EUR,216.03,Amazon,ES,2026-10-10T10:44:07Z,B0FSLMYL4W,,,,,
Hisense,"Hisense 50A6S - 50 Pulgadas Smart TV 4K UHD, Escalador IA 4K, MEMC | Modo Juego PLUS, Dolby Vision, Control por Voz, Filmm...",https://www.amazon.es/dp/B0GJFVQDWB,50.0,321.45,321.45,EUR,321.45,Amazon,ES,2026-10-10T10:44:07Z,B0GJFVQDWB,,,,,
Hisense,"Hisense 65U7SE - MiniLED 65 Pulgadas Smart TV 4K, Quantum Dot Color, 144 Hz | Subwoofer integrado, Hi-View AI Engine, IMAX...",https://www.amazon.es/dp/B0GKPTBTNP,65.0,749.0,749.0,EUR,749.0,Amazon,ES,2026-10-10T10:44:07Z,B0GKPTBTNP,,,,,
Hisense,"Hisense 32A5Q - QLED Smart TV 32 Pulgadas, Dolby Atmos, Modo Juego, Entrada USB Tipo C, Peana con Doble posición, Control ...",https://www.amazon.es/dp/B0F2MZRGGH,32.0,266.23,266.23,EUR,266.23,Amazon,ES,2026-10-10T10:44:07Z,B0F2MZRGGH,,,,,
Hisense,"Hisense 55U8Q - Mini LED Pro Smart TV 55 Pulgadas, Procesador Hi-View IA Pro, 4.1.2 Sonido multicanal, Modo Juego Ultra 16...",https://www.amazon.es/dp/B0F1WHZW4G,55.0,,,,,Amazon,ES,2026-10-10T10:44:07Z,B0F1WHZW4G,,,,,
Hisense,"Hisense 75U8NQ - Mini-LED Televisor, 75 Pulgadas,con Quantum Dot Colour, 2.1.2 Sonido multicanal, Modo Juego de 144Hz VRR ...",https://www.amazon.es/dp/B0D35H4SWP,75.0,1537.11,1537.11,EUR,1537.11,Amazon,ES,2026-10-10T10:44:07Z,B0D35H4SWP,,,,,
Hisense,"Hisense Smart TV QLED 43"" 4K 43E7S PRO",https://www.amazon.es/dp/B0GR5RW1P2,43.0,627.01,627.01,EUR,627.01,Amazon,ES,2026-10-10T10:44:07Z,B0GR5RW1P2,,,,,
Hisense,"Hisense 55A7Q - QLED Smart TV 55 Pulgadas, Movimientos Suaves IA, Dolby Vision, Dolby Atmos, Subwoofer Integrado, Modo Jue...",https://www.amazon.es/dp/B0F2T1B4NL,55.0,493.18,493.18,EUR,493.18,Amazon,ES,2026-10-10T10:44:07Z,B0F2T1B4NL,,,,,
Hisense,"Hisense 65E63QT - UHD 4K, Smart TV 65 Pulgadas, Dolby Vision, Modo Juego Plus, DTS Virtual X, Control por Voz, Doble Contr...",https://www.amazon.es/dp/B0F1MJP6K7,65.0,467.85,467.85,EUR,467.85,Amazon,ES,2026-10-10T10:44:07Z,B0F1MJP6K7,,,,,
Hisense,"Hisense 58A6N, 147,3 cm (58 Zoll), 3840 x 2160 Pixel, LED, Smart-TV, WLAN, Schwarz",https://www.amazon.es/dp/B0D4QCQJLQ,58.0,617.39,617.39,EUR,617.39,Amazon,ES,2026-10-10T10:44:07Z,B0D4QCQJLQ,,,,,
Hisense,"Hisense 65UR9S - Smart TV 4K RGB MiniLED de 65 pulgadas con Dolby Vision IQ, Dolby Atmos, 4.1.2ch Devialet Audio, modo de ...",https://www.amazon.es/dp/B0GR6VCJL6,65.0,1649.0,1649.0,EUR,1649.0,Amazon,ES,2026-10-10T10:44:07Z,B0GR6VCJL6,,,,,
Hisense,"Hisense 50E63QT - UHD 4K, Smart TV 50 Pulgadas, Dolby Vision, Modo Juego Plus, DTS Virtual X, Control por Voz, Doble Contr...",https://www.amazon.es/dp/B0F1MH6497,50.0,379.0,379.0,EUR,379.0,Amazon,ES,2026-10-10T10:44:07Z,B0F1MH6497,,,,,
Hisense,"Hisense LED 55"" 55A6Q UltraHD 4K Dolby Audio VIDAA",https://www.amazon.es/dp/B0F4D9MLMQ,55.0,,,,,Amazon,ES,2026-10-10T10:44:07Z,B0F4D9MLMQ,,,,,
Hisense,"Hisense TV 50E77Q 50"" QLED Smart TV Dolby Vision",https://www.amazon.es/dp/B0FSSF88P6,50.0,470.98,470.98,EUR,470.98,Amazon,ES,2026-10-10T10:44:07Z,B0FSSF88P6,,,,,
Hisense,Hisense 40-Inch Class H4,https://www.amazon.es/dp/B084B1T8KK,40.0,289.2,289.2,EUR,289.2,Amazon,ES,2026-10-10T10:44:07Z,B084B1T8KK,,,,,
Hisense,"Hisense Smart TV QLED 50"" 4K 50A7S",https://www.amazon.es/dp/B0GSBQDY7T,50.0,523.59,523.59,EUR,523.59,Amazon,ES,2026-10-10T10:44:07Z,B0GSBQDY7T,,,,,
Hisense,"Hisense TV 32A5KQ - QLED Quantum Dot Colour, Smart TV de 32 Pulgadas, DTS HD, Modo Juego, Entrada Tipo C, Peana con Doble ...",https://www.amazon.es/dp/B0BWJS9JXT,32.0,,,,,Amazon,ES,2026-10-10T10:44:07Z,B0BWJS9JXT,,,,,
Hisense,"TV QLED 55"" - HISENSE 55A72KQ, UHD 4K, Smart TV, DVB-T2 (H.265), Negro",https://www.amazon.es/dp/B0C7KZ9SM2,55.0,,,,,Amazon,ES,2026-10-10T10:44:07Z,B0C7KZ9SM2,,,,,
Hisense,"Hisense 65A85N - OLED Smart TV, 65 Pulgadas 120Hz, Dolby Vision IQ, HDR10+, IMAX Enhanced, Hybrid Log-Gamma (HLG), Vidaa O...",https://www.amazon.es/dp/B0D7CX78ZD,65.0,1479.26,1479.26,EUR,1479.26,Amazon,ES,2026-10-10T10:44:07Z,B0D7CX78ZD,,,,,
Hisense,"Hisense 55U7Q Pro - Mini LED Pro Smart TV 55 Pulgadas, Procesador Hi-View IA Pro, Modo Juego Ultra de 165Hz, Full Array Lo...",https://www.amazon.es/dp/B0F24CNGSS,55.0,,,,,Amazon,ES,2026-10-10T10:44:07Z,B0F24CNGSS,,,,,
Hisense,"HISENSE 55A69S TVC 55"" 4K TV SAT DOLBY TV SAT",https://www.amazon.es/dp/B0H1N42692,55.0,510.0,510.0,EUR,510.0,Amazon,ES,2026-10-10T10:44:07Z,B0H1N42692,,,,,
Hisense,"HISENSE 85A69Q TVC 85"" 4K TVSAT DOLBY VISION SAT",https://www.amazon.es/dp/B0FRG2KB9B,85.0,,,,,Amazon,ES,2026-10-10T10:44:07Z,B0FRG2KB9B,,,,,
Hisense,"Hisense 100U7Q, LED-Fernseher - (253 cm (100 Zoll), schwarz (matt), UltraHD/4K, Mini-LED, Hi-View AI Engine, QLED Colour, ...",https://www.amazon.es/dp/B0F32LDRKP,100.0,,,,,Amazon,ES,2026-10-10T10:44:07Z,B0F32LDRKP,,,,,
Hisense,"Hisense TV (2025) 75"" LED UHD 4K – 75A6Q",https://www.amazon.es/dp/B0F4DBKHJC,75.0,,,,,Amazon,ES,2026-10-10T10:44:07Z,B0F4DBKHJC,,,,,
TCL,"TCL 55V6C 55 Pulgadas 4K HDR Direct LED Smart TV, Google TV, Dolby Audio | Game Master, Motion Clarity, Google Assistant, ...",https://www.amazon.es/dp/B0DV94JCVX,55.0,,,,,Amazon,ES,2026-10-10T10:44:07Z,B0DV94JCVX,,,,,
Panasonic,"Panasonic Premium TV-50W85BEZ, Serie W85B, 50 Pulgadas, Smart TV 4K Ultra HD QLED, 2025, 120 Hz, Fire TV, Dolby Vision y A...",https://www.amazon.es/dp/B0H2MG9C8W,50.0,629.0,629.0,EUR,629.0,Amazon,ES,2026-10-10T10:44:07Z,B0H2MG9C8W,,,,,
Hisense,TUCANSBP Compatible for televisor LCD Hisense de 48 Pulgadas RSAG7.820.6733 HE48UGEJR34E45205647 LED48K20JD LED48K220 LED4...,https://www.amazon.es/dp/B0D2V29TJ5,48.0,35.98,35.98,EUR,35.98,Amazon,ES,2026-10-10T10:44:07Z,B0D2V29TJ5,,,,,
Hisense,Yhytgbhk Placa lógica T-con 6870C-0552A Compatible con televisores Hisense/LG/Westinghouse/Philips/Vizio de 43 Pulgadas(wi...,https://www.amazon.es/dp/B0F6D6KC18,43.0,90.84,90.84,EUR,90.84,Amazon,ES,2026-10-10T10:44:07Z,B0F6D6KC18,,,,,
Hisense,TUCANSBP Tira de LED de 6 uds Compatible for Hisense 40 ''TV JL.D40081330-003BS-M H40M2100C H40M2600 JHD400DF-E31 40H3C1 4...,https://www.amazon.es/dp/B0D223GTT4,40.0,35.14,35.14,EUR,35.14,Amazon,ES,2026-10-10T10:44:07Z,B0D223GTT4,,,,,
Hisense,TUCANSBP Tira de LED de 33 Uds (3TV) Compatible for Hisense 50 ''TV SVH500A24 HD500DF-B53 HD500DF-B54 RSAG7.820.6660 50H5G...,https://www.amazon.es/dp/B0D1P5SYTN,50.0,54.47,54.47,EUR,54.47,Amazon,ES,2026-10-10T10:44:07Z,B0D1P5SYTN,,,,,
Hisense,"571 mm DIRIGIÓ Lámpara de tira 6 for Hisense 32""TV LED32K20JD LED32K30JD E227809 LED32EC110JD HE32VJF2M74X00804787 HXF-S",https://www.amazon.es/dp/B0B5WW95F7,32.0,29.97,29.97,EUR,29.97,Amazon,ES,2026-10-10T10:44:07Z,B0B5WW95F7,,,,,
Hisense,VOLDO Tira de LED for iluminación Trasera Compatible con Hisense 43 ''TV JL.D42581330-003AS-M 43H6E H43A6100 43RGE JHD425S...,https://www.amazon.es/dp/B0CS5SCT1H,43.0,29.71,29.71,EUR,29.71,Amazon,ES,2026-10-10T10:44:07Z,B0CS5SCT1H,,,,,
Hisense,TUCANSBP 8PCS = 1SET Compatible con Hisense TV LCD de 42 Pulgadas LED40K20JD LED39K20JD NS-40D420NA16 SVH390A06 2013CHI400...,https://www.amazon.es/dp/B0D2M9FG4R,42.0,29.24,29.24,EUR,29.24,Amazon,ES,2026-10-10T10:44:07Z,B0D2M9FG4R,,,,,
Hisense,TUCANSBP 48LED 1PCS 495MM Backlight Strip TV Compatible with Hisense 39 Inch 6V 390HK1-LS5-TREM4LED39H310 LED39K310NX3D LE...,https://www.amazon.es/dp/B0D2QWSH3K,39.0,21.06,21.06,EUR,21.06,Amazon,ES,2026-10-10T10:44:07Z,B0D2QWSH3K,,,,,
Hisense,HCZION 11pcs X 50 '' LED Lightlight Fit for Hisense TV E257384 SVH500A24 5LED REV06 140303 T500HVN07.1 HD500DF-B54 LTDN50K...,https://www.amazon.es/dp/B0BHR7KGPG,50.0,37.67,37.67,EUR,37.67,Amazon,ES,2026-10-10T10:44:07Z,B0BHR7KGPG,,,,,
Hisense,"Yhytgbhk Placa lógica V500HK1-CS5 Compatible con Hisense LED50K310X3D Konka LED50R5100DE, Pantalla de TV de 55 Pulgadas(50...",https://www.amazon.es/dp/B0F63JJ87H,55.0,80.15,80.15,EUR,80.15,Amazon,ES,2026-10-10T10:44:07Z,B0F63JJ87H,,,,,
Hisense,CARZE 11 Uds 6LED(6V) 503mm Tira De LED For Iluminación Trasera Apta For Hisense 50 Pulgadas HD500DU-B01 RSAG7.820.6311/RO...,https://www.amazon.es/dp/B0C4FMBM2G,50.0,46.77,46.77,EUR,46.77,Amazon,ES,2026-10-10T10:44:07Z,B0C4FMBM2G,,,,,
Hisense,"TUCANSBP 11 unids/Lote Compatible con Hisense 50 ""TV SVH500A24-5LED-REV06 HD500DF-B53 HD500DF-B54 RSAG7.820.6660 LEDN50D36...",https://www.amazon.es/dp/B0D2LFDGWP,50.0,39.87,39.87,EUR,39.87,Amazon,ES,2026-10-10T10:44:07Z,B0D2LFDGWP,,,,,
Hisense,LUNCHS Tira de LED de 33 Uds (3TV) Compatible for Hisense 50 ''TV SVH500A24 HD500DF-B53 HD500DF-B54 RSAG7.820.6660 50H5GB ...,https://www.amazon.es/dp/B0CSBBYQ5R,50.0,52.83,52.83,EUR,52.83,Amazon,ES,2026-10-10T10:44:07Z,B0CSBBYQ5R,,,,,
Hisense,"TUCANSBP Compatible with Hisense 48"" LCD TV RSAG7.820.6733 HE48UGEJR34E45205647 HD480DF-B31 LED48K20JD LED48K220 LED48K320...",https://www.amazon.es/dp/B0D2QVBDZ4,48.0,34.83,34.83,EUR,34.83,Amazon,ES,2026-10-10T10:44:07Z,B0D2QVBDZ4,,,,,
Hisense,"TUCANSBP 7 unids/Lote Compatible for Hisense 43 ""LCD TV LED 43EC35 0A LED 43N260 LED 43K180 LED 43H1600 JL.D42641330-003C...",https://www.amazon.es/dp/B0D2WVCB77,43.0,27.76,27.76,EUR,27.76,Amazon,ES,2026-10-10T10:44:07Z,B0D2WVCB77,,,,,
Hisense,TUCANSBP Adecuado Compatible for Hisense TV LCD de 50 Pulgadas SVH500A22-REV05-6LED-131113 LED50K20JD LED50EC280JD LED50K3...,https://www.amazon.es/dp/B0D2W99B9S,50.0,37.69,37.69,EUR,37.69,Amazon,ES,2026-10-10T10:44:07Z,B0D2W99B9S,,,,,
Hisense,"TUCANSBP 4 unids/Set 42LED 6V 355mm Compatible for Hisense 65 ""LCD TV V650DJ4-QS5 GT-1146680-A LED65K3500 LED65EC660US LED...",https://www.amazon.es/dp/B0D2VSM64N,65.0,28.18,28.18,EUR,28.18,Amazon,ES,2026-10-10T10:44:07Z,B0D2VSM64N,,,,,
Hisense,Placa Lógica T430HVN01.0 43T01-C0B For TV De 43 Pulgadas. Compatible Con Hisense Compatible ConXiaomi. Marcas: 43T01-COB,https://www.amazon.es/dp/B0F4DV386X,43.0,32.75,32.75,EUR,32.75,Amazon,ES,2026-10-10T10:44:07Z,B0F4DV386X,,,,,
Hisense,"Placa T-CON For TV De 43 Pulgadas T430HVN01.0 43T01-C0B, Compatible Con Hisense, LeTV, Xiaomi Y Otras Marcas.",https://www.amazon.es/dp/B0G3LJXT95,43.0,29.63,29.63,EUR,29.63,Amazon,ES,2026-10-10T10:44:07Z,B0G3LJXT95,,,,,
Hisense,"CEPAIXN Placa T-con 1P-0149J00-4011. Compatible con Xiaomi, Compatibile con Hisense. Repuestos For TV De 40 Pulgadas. Plac...",https://www.amazon.es/dp/B0F4KTTG77,40.0,32.75,32.75,EUR,32.75,Amazon,ES,2026-10-10T10:44:07Z,B0F4KTTG77,,,,,
Sony,"Sony BRAVIA KD65X75WL, 65 Pulgadas, TV LED con 4K HDR, Google TV, Procesador X1, Eco Pack, Asistentes de Voz, Bravia Core,...",https://www.amazon.es/dp/B0BYP2PVXK,65.0,799.0,799.0,EUR,799.0,Amazon,ES,2026-10-10T10:44:07Z,B0BYP2PVXK,,,,,
Sony,"Sony BRAVIA KD32W804 - Smart TV 32 Pulgadas HD Ready (Alto Rango Dinámico HDR, Android TV) Negro, Modelo 2022",https://www.amazon.es/dp/B0BPMCFG1S,32.0,324.6,324.6,EUR,324.6,Amazon,ES,2026-10-10T10:44:07Z,B0BPMCFG1S,,,,,
Sony,"Sony BRAVIA KD55X85L, 55 pulgadas, TV Full Array LED, 4K HDR, Smart Google TV, Funciones ECO, Bravia Core, Marco fino",https://www.amazon.es/dp/B0BYPHSGN5,55.0,799.0,799.0,EUR,799.0,Amazon,ES,2026-10-10T10:44:07Z,B0BYPHSGN5,,,,,
Sony,"Sony BRAVIA 8 OLED 55"" – Televisor 4K HDR con Dolby Vision Atmos, IMAX Enhanced y Procesador Cognitive XR, Google TV, 120H...",https://www.amazon.es/dp/B0D1VTR2M5,55.0,1499.0,1499.0,EUR,1499.0,Amazon,ES,2026-10-10T10:44:07Z,B0D1VTR2M5,,,,,
Sony,"Sony BRAVIA 7 II True RGB 55 Inch TV, 4K Smart TV (Google TV), RGB LED, XR Processor con Tecnología de IA, TV 120hz con Do...",https://www.amazon.es/dp/B0H2JXW744,55.0,1699.0,1699.0,EUR,1699.0,Amazon,ES,2026-10-10T10:44:07Z,B0H2JXW744,,,,,
Sony,"Sony BRAVIA 6 OLED Google-TV, 65 Pulgadas | 4K Smart TV (Google TV), 120hz Televisor con Dolby Vision/Atmos, 6562",https://www.amazon.es/dp/B0HD87B246,65.0,1599.0,1599.0,EUR,1599.0,Amazon,ES,2026-10-10T10:44:07Z,B0HD87B246,,,,,
Sony,"Sony BRAVIA 7 II True RGB 65 Inch TV, 4K Smart TV (Google TV), RGB LED, XR Processor con Tecnología de IA, TV 120hz con Do...",https://www.amazon.es/dp/B0H2JSJ8QM,65.0,1899.0,1899.0,EUR,1899.0,Amazon,ES,2026-10-10T10:44:07Z,B0H2JSJ8QM,,,,,
Philips,"PHILIPS Ambilight 43PUS8200 4K LED Smart TV - Pantalla de 43 Pulgadas con Plataforma Titan OS, Pixel Precise Ultra HD y So...",https://www.amazon.es/dp/B0F2N565FP,43.0,341.69,341.69,EUR,341.69,Amazon,ES,2026-10-10T10:44:07Z,B0F2N565FP,,,,,
Sony,"Sony BRAVIA 8 OLED 65"" 4K HDR – Google Smart TV con 120Hz, HDMI 2.1, Funciones Gaming para PS5, Dolby Vision Atmos, IMAX E...",https://www.amazon.es/dp/B0D1VV8K32,65.0,1899.0,1899.0,EUR,1899.0,Amazon,ES,2026-10-10T10:44:07Z,B0D1VV8K32,,,,,
Sony,"Sony BRAVIA 3 II 65 Pulgadas TV 4K Smart TV (Google TV), Procesador XR con Inteligencia Artificial, 120 Hz, Dolby Vision y...",https://www.amazon.es/dp/B0GZPZZRWL,65.0,1049.0,1049.0,EUR,1049.0,Amazon,ES,2026-10-10T10:44:07Z,B0GZPZZRWL,,,,,
Sony,"Sony BRAVIA XR-85X90L, 85 Pulgadas, TV Full Array LED, 4K HDR, Smart Google TV, Funciones Eco, Bravia Core, Menú Gaming pa...",https://www.amazon.es/dp/B0BYPHDLWX,85.0,1699.0,1699.0,EUR,1699.0,Amazon,ES,2026-10-10T10:44:07Z,B0BYPHDLWX,,,,,
Sony,"Sony BRAVIA KD75X85L, 75 pulgadas, TV Full Array LED, 4K HDR, Smart Google TV, Funciones ECO, Bravia Core, Marco fino",https://www.amazon.es/dp/B0BYPJ5W74,75.0,1299.0,1299.0,EUR,1299.0,Amazon,ES,2026-10-10T10:44:07Z,B0BYPJ5W74,,,,,
Sony,"Sony BRAVIA 3 II 85 Pulgadas TV 4K Smart TV (Google TV), Procesador XR con Inteligencia Artificial, 120 Hz, Dolby Vision y...",https://www.amazon.es/dp/B0GZQJC7W6,85.0,1559.0,1559.0,EUR,1559.0,Amazon,ES,2026-10-10T10:44:07Z,B0GZQJC7W6,,,,,
Sony,"Sony BRAVIA 8 OLED 77"" – Televisor 4K HDR con Dolby Vision Atmos, IMAX Enhanced y Procesador Cognitive XR, Google TV, 120H...",https://www.amazon.es/dp/B0D1VV32HH,77.0,2599.0,2599.0,EUR,2599.0,Amazon,ES,2026-10-10T10:44:07Z,B0D1VV32HH,,,,,
Sony,Sony BRAVIA 7 II True RGB TV 75 Pulgadas 4K Smart TV Google TV,https://www.amazon.es/dp/B0H2JZD8HX,75.0,2499.0,2499.0,EUR,2499.0,Amazon,ES,2026-10-10T10:44:07Z,B0H2JZD8HX,,,,,
Sony,"Sony BRAVIA KD75X75WL 75 Pulgadas, TV LED con 4K HDR, Google TV, Procesador X1, Eco Pack, Asistentes de Voz, Bravia Core, ...",https://www.amazon.es/dp/B0BYP2QT3X,75.0,849.0,849.0,EUR,849.0,Amazon,ES,2026-10-10T10:44:07Z,B0BYP2QT3X,,,,,
Sony,"Sony BRAVIA 6 83 Pulgadas OLED TV, 4K Smart TV (Google TV), 120hz Televisor con Dolby Vision/Atmos, 83A62, Modelo 2030",https://www.amazon.es/dp/B0HD8R2NBG,83.0,2799.0,2799.0,EUR,2799.0,Amazon,ES,2026-10-10T10:44:07Z,B0HD8R2NBG,,,,,
Toshiba,"TOSHIBA 55UV2363DG Smart TV 4K UHD de 55"", sin Marcos, con HDR10, Dolby Audio, Compatible con Asistente de Voz Alexa y Goo...",https://www.amazon.es/dp/B0CJVQXV52,55.0,386.99,386.99,EUR,386.99,Amazon,ES,2026-10-10T10:44:07Z,B0CJVQXV52,,,,,
Sony,"Sony 50"" Bravia 2 II - 4K LED Google TV con Dolby Atmos, X-Reality PRO y Live Colour para una imagen y sonido nítidos.",https://www.amazon.es/dp/B0HDZ5C7GM,50.0,692.61,692.61,EUR,692.61,Amazon,ES,2026-10-10T10:44:07Z,B0HDZ5C7GM,,,,,
Sony,"Sony BRAVIA XR-77A80L, 77 Pulgadas, TV OLED con 4K HDR, Smart Google TV, Eco Pack, Bravia Core, Óptimo para PlayStation5, ...",https://www.amazon.es/dp/B0BYGVVBHM,77.0,2999.0,2999.0,EUR,2999.0,Amazon,ES,2026-10-10T10:44:07Z,B0BYGVVBHM,,,,,
Sony,"Sony Kit Cine en casa con Sonido Envolvente Dolby Vision/Atmos y DTS:X, TV BRAVIA 3 de 65"", LED, Google TV (2025) y Barra ...",https://www.amazon.es/dp/B0F9PQJDM9,65.0,1198.0,1198.0,EUR,1198.0,Amazon,ES,2026-10-10T10:44:07Z,B0F9PQJDM9,,,,,
Sony,Sony BRAVIA 3 K-43XR35M2 LED-Fernseher 43 Zoll,https://www.amazon.es/dp/B0HDZ26B6X,43.0,785.2,785.2,EUR,785.2,Amazon,ES,2026-10-10T10:44:07Z,B0HDZ26B6X,,,,,
Sony,"Sony BRAVIA 3 II 75 Pulgadas TV 4K Smart TV (Google TV), Procesador XR con Inteligencia Artificial, 120 Hz, Dolby Vision y...",https://www.amazon.es/dp/B0GZQ9F4Y3,75.0,1349.0,1349.0,EUR,1349.0,Amazon,ES,2026-10-10T10:44:07Z,B0GZQ9F4Y3,,,,,
Sony,"Sony BRAVIA 3 II 100 Pulgadas TV 4K Smart TV (Google TV), Procesador XR con Inteligencia Artificial, 120 Hz, Dolby Vision ...",https://www.amazon.es/dp/B0GZQB773S,100.0,2699.0,2699.0,EUR,2699.0,Amazon,ES,2026-10-10T10:44:07Z,B0GZQB773S,,,,,
Sony,"Sony TV LED 4K UHD K75S35B 75"" | Smart TV, Google TV, HDR",https://www.amazon.es/dp/B0FCX43PK5,75.0,,,,,Amazon,ES,2026-10-10T10:44:07Z,B0FCX43PK5,,,,,
Sony,"Sony FWD-55X80K affichage de messages 139,7 cm (55"") LCD Wifi 450 cd/m² 4K Ultra HD Noir Android 10",https://www.amazon.es/dp/B0B8LQ91MH,55.0,1215.53,1215.53,EUR,1215.53,Amazon,ES,2026-10-10T10:44:07Z,B0B8LQ91MH,,,,,
Philips,"PHILIPS Ambilight 50PUS8510 4K QLED Smart TV - Pantalla de 50 Pulgadas con Plataforma Titan OS, Pixel Precise Ultra HD y S...",https://www.amazon.es/dp/B0F337X4R1,50.0,,,,,Amazon,ES,2026-10-10T10:44:07Z,B0F337X4R1,,,,,
Philips,"Philips Ambilight 50PUS8010 4K LED Smart TV - Pantalla de 50 Pulgadas con Plataforma Titan OS, Pixel Precise Ultra HD y So...",https://www.amazon.es/dp/B0F33TYQLH,50.0,,,,,Amazon,ES,2026-10-10T10:44:07Z,B0F33TYQLH,,,,,
Philips,"PHILIPS 55MLED820 Mini LED 4K Smart TV - Pantalla de 55 Pulgadas con Motor P5 Picture Engine Ultra HD, Titan OS, Dolby Vis...",https://www.amazon.es/dp/B0F338PVS8,55.0,,,,,Amazon,ES,2026-10-10T10:44:07Z,B0F338PVS8,,,,,
Sony,"NIBOTT Tira de LED for iluminación trasera compatible for SONY KDL-32WE613 KDL-32WE615 KDL-32WE610 KDL-32RE403 17Y 32""_702...",https://www.amazon.es/dp/B0CY981XWW,32.0,21.99,21.99,EUR,21.99,Amazon,ES,2026-10-10T10:44:07Z,B0CY981XWW,,,,,
Sony,"Placa Lógica CPWBX RUNTK 4353TP T-CON ZE/ZB/ZZ/ZC/ZA/ZD For Televisores Sony De 32, 40, 46 Y 52 Pulgadas.(ZZ 32inch)",https://www.amazon.es/dp/B0G5B24XH4,52.0,123.23,123.23,EUR,123.23,Amazon,ES,2026-10-10T10:44:07Z,B0G5B24XH4,,,,,
Sony,Placa Base T-CON 18Y_S75HU11A2H2A6AV0.2 For Televisor Sony KD-75X7800F De 75 Pulgadas. Placa Base 18Y-S75HU11A2H2A6AV0.2T...,https://www.amazon.es/dp/B0G2HHXL2T,75.0,46.03,46.03,EUR,46.03,Amazon,ES,2026-10-10T10:44:07Z,B0G2HHXL2T,,,,,
Sony,"Placa Lógica T650HVN12.3 CTRL BD 65T37-C04 For Televisor De 65 Pulgadas, Compatible Con Sony, KDL-65W850C, Etc. Producto: ...",https://www.amazon.es/dp/B0G2HBC53L,65.0,46.21,46.21,EUR,46.21,Amazon,ES,2026-10-10T10:44:07Z,B0G2HBC53L,,,,,
Sony,"Placa Lógica T650HVN12.3 CTRL BD 65T37-C04 For Televisor De 65 Pulgadas, Compatible Con Sony, KDL-65W850C, Etc. Producto: ...",https://www.amazon.es/dp/B0G2HHXNW6,65.0,43.48,43.48,EUR,43.48,Amazon,ES,2026-10-10T10:44:07Z,B0G2HHXNW6,,,,,
Sony,Yhytgbhk Placa lógica T-con 18Y_S75HU11A2H2A6AV0.2 Compatible con televisores Sony KD-75X7800F de 75 Pulgadas.(LMY750),https://www.amazon.es/dp/B0F6NVPRKJ,75.0,46.51,46.51,EUR,46.51,Amazon,ES,2026-10-10T10:44:07Z,B0F6NVPRKJ,,,,,
Sony,"Placa lógica CPWBX RUNTK 4353TP T-con ZE/ZB/ZZ/ZC/ZA/ZD televisores Compatible con Sony de 32, 40, 46 y 52 Pulgadas.(ZE 52...",https://www.amazon.es/dp/B0F6BW944T,52.0,108.41,108.41,EUR,108.41,Amazon,ES,2026-10-10T10:44:07Z,B0F6BW944T,,,,,
Sony,"CEPAIXN Placa T-con 4353TP ZE/ZB/ZZ/ZC/ZA/ZD. Compatible con Televisores Sony De 32, 40, 46 Y 52 Pulgadas.(ZE 52inch)",https://www.amazon.es/dp/B0F2MYVD3S,52.0,60.98,60.98,EUR,60.98,Amazon,ES,2026-10-10T10:44:07Z,B0F2MYVD3S,,,,,
Sony,"Placa Lógica ESL_MB7_C2LV1.3, Placa T-CON, Compatible Con Televisores Sony De 40 Pulgadas Con Pantalla LTY400HM08 LTU400HM...",https://www.amazon.es/dp/B0G2HG5Y2C,40.0,34.62,34.62,EUR,34.62,Amazon,ES,2026-10-10T10:44:07Z,B0G2HG5Y2C,,,,,
Sony,NIBOTT Kit de retroiluminación de tira LED compatible for Sony TV de 55 pulgadas KD-55X8509C KD-55X8508C XBR-55X850C Y55QH...,https://www.amazon.es/dp/B0CY979RYP,55.0,26.95,26.95,EUR,26.95,Amazon,ES,2026-10-10T10:44:07Z,B0CY979RYP,,,,,
Sony,"Placa Lógica T550HVN08.2 CTRL BD 55T23-C03 T-con, Compatible Con Televisores Sony De 43, 50 Y 55 Pulgadas, KDL-43W800C, KD...",https://www.amazon.es/dp/B0FWQSTN3D,55.0,54.37,54.37,EUR,54.37,Amazon,ES,2026-10-10T10:44:07Z,B0FWQSTN3D,,,,,
Sony,"CObyda Tira de retroiluminación LED for televisor de 55"" YLS_HRN55_7020_REV2 Sony KD-55X8507C KD-55X8505C KD-55X8509C KD-5...",https://www.amazon.es/dp/B0CSCSM5DN,55.0,34.76,34.76,EUR,34.76,Amazon,ES,2026-10-10T10:44:07Z,B0CSCSM5DN,,,,,
Sony,10 unid/lote for SONY Use 40 pulgadas TV BACKLIGHTS for LED BAR SUG400A81_REV3_121114 for SONY KDL-40R473A,https://www.amazon.es/dp/B0BY9DPRP2,40.0,28.5,28.5,EUR,28.5,Amazon,ES,2026-10-10T10:44:07Z,B0BY9DPRP2,,,,,
Sony,10pcs 5leds LED de retroiluminación for Sony 40'' 2013SONY40A 2013SONY40B 3228 05 REV1.0 KDL-40R455 KDL-40W600B KDL-40W590...,https://www.amazon.es/dp/B0C3XL8LTR,40.0,27.9,27.9,EUR,27.9,Amazon,ES,2026-10-10T10:44:07Z,B0C3XL8LTR,,,,,
Sony,BAVALU Tira de retroiluminación LED for Sony TV de 49 Pulgadas KD-49XD7005 LC490EQY-SJA3 KD-49XD7005 KD-49XD7066 JDE 49''C...,https://www.amazon.es/dp/B0BRJP8C3N,49.0,52.47,52.47,EUR,52.47,Amazon,ES,2026-10-10T10:44:07Z,B0BRJP8C3N,,,,,
Sony,4 Piezas/Kit Compatible con Sony 65 Pulgadas 48 Luces LED 65PUS7600/12 65PUS7600/60 65PUS700 12 60 TPT650LS-FJ01 TPUE-650S...,https://www.amazon.es/dp/B0D2LFVRN2,65.0,30.0,30.0,EUR,30.0,Amazon,ES,2026-10-10T10:44:07Z,B0D2LFVRN2,,,,,
Sony,VOLDO Tira De LED Compatible Con Sony 55 ''TV STO550AP5 STO550AN5 R + L KD-55XE7005 KD-55XE7093 KD-55XE7002 KD-55XE7096 K...,https://www.amazon.es/dp/B0CS996YNG,55.0,27.18,27.18,EUR,27.18,Amazon,ES,2026-10-10T10:44:07Z,B0CS996YNG,,,,,
Sony,HABITZ 3 tiras de retroiluminación LED de 612 mm compatibles for Sony 32 pulgadas KDL-32RD303 KDL-32R305B KDL-32R303C 201...,https://www.amazon.es/dp/B0C9XV7JDZ,32.0,47.09,47.09,EUR,47.09,Amazon,ES,2026-10-10T10:44:07Z,B0C9XV7JDZ,,,,,
Sony,BAVALU Tira de retroiluminación LED de 10 Piezas for Sony 40''2013SONY40A 2013SONY40B 3228 05 REV1.0 KDL-40R455 KDL-40W600...,https://www.amazon.es/dp/B0BRCMRCV9,40.0,34.48,34.48,EUR,34.48,Amazon,ES,2026-10-10T10:44:07Z,B0BRCMRCV9,,,,,
Sony,HABITZ Tira de LED for iluminación trasera Compatible for Sony TV de 65 pulgadas KDL-65W855C Kdl-65w859c 650TV02 V3 T650HV...,https://www.amazon.es/dp/B0CBPBY65Z,65.0,65.11,65.11,EUR,65.11,Amazon,ES,2026-10-10T10:44:07Z,B0CBPBY65Z,,,,,
Sony,Tira de LED for iluminación Trasera de 8 Uds Compatible con Sony 49 Pulgadas KD-49X8000C SVY490A23_Rev00_5LED-L_150223 SVY...,https://www.amazon.es/dp/B0CR3MK3FR,49.0,46.97,46.97,EUR,46.97,Amazon,ES,2026-10-10T10:44:07Z,B0CR3MK3FR,,,,,
Sony,CARZE 10 Unid/Lote Aptos For Sony Use Retroiluminación De TV De 40 Pulgadas For Barra LED SUG400A81_REV3_121114 For Sony K...,https://www.amazon.es/dp/B0BZST59HS,40.0,32.81,32.81,EUR,32.81,Amazon,ES,2026-10-10T10:44:07Z,B0BZST59HS,,,,,
Sony,"TUCANSBP 7 unids/Lote Compatible for TV de 48 ""Sony KDL-48W656D KDL-48WD653 E465853 NS6S480DND02 LSY480WN02-301 KDL-48WD65...",https://www.amazon.es/dp/B0D2WV5S2J,48.0,28.11,28.11,EUR,28.11,Amazon,ES,2026-10-10T10:44:07Z,B0D2WV5S2J,,,,,
Sony,"Placa T-CON 18Y_S75HU11A2H2A6AV0.2, Compatible Con Sony, Placa Lógica For TV KD-75X7800F De 75 Pulgadas 18Y-S75HU11A2H2A6A...",https://www.amazon.es/dp/B0FWQRQJY1,75.0,37.92,37.92,EUR,37.92,Amazon,ES,2026-10-10T10:44:07Z,B0FWQRQJY1,,,,,
Sony,BAVALU Retroiluminación LED for Sony TV de 55 Pulgadas KD-55X8507C YLS_HRN55_7020_REV2 YLS_HAN55_7020_REV2 15521N SYV5541 ...,https://www.amazon.es/dp/B0BTTGP3FY,55.0,35.15,35.15,EUR,35.15,Amazon,ES,2026-10-10T10:44:07Z,B0BTTGP3FY,,,,,
Sony,"LJ94-03925E T-CON, Placa Lógica, EDL_4LV0.3 LJ94-03925J, Compatible Con Sony, EDL-4LV0.3, TV De 46 Pulgadas, KDL-46EX620 K...",https://www.amazon.es/dp/B0GWSKLJLB,46.0,50.62,50.62,EUR,50.62,Amazon,ES,2026-10-10T10:44:07Z,B0GWSKLJLB,,,,,
Sony,BAVALU 10pcs 5leds LED de retroiluminación for Sony 40'' 2013SONY40A 2013SONY40B 3228 05 REV1.0 KDL-40R455 KDL-40W600B KD...,https://www.amazon.es/dp/B0C4HMSBQK,40.0,31.97,31.97,EUR,31.97,Amazon,ES,2026-10-10T10:44:07Z,B0C4HMSBQK,,,,,
Samsung,"TUCANSBP 10 unids/Lote Compatible con TV de 40 ""2013SONY40 Sony KDL-40W605B NS4S400DND01 KDL-40R353B 40R485A Samsung 2013S...",https://www.amazon.es/dp/B0D2LGJK53,40.0,29.84,29.84,EUR,29.84,Amazon,ES,2026-10-10T10:44:07Z,B0D2LGJK53,,,,,
Sony,"TUCANSBP 7 unids/Lote Compatible for TV de 48 ""Sony KDL-48WD653 KDL48WD653 KDL-48W650D KDL-48W653 KDL-48W655D KDL48W650D K...",https://www.amazon.es/dp/B0D2WWNZ6K,48.0,29.02,29.02,EUR,29.02,Amazon,ES,2026-10-10T10:44:07Z,B0D2WWNZ6K,,,,,
Sony,"T550HVN08.2 CTRL BD 55T23-C03 Placa T-con, Adecuada For Sony, KDL-50W800C KDL-55W800C KDL-43W800C(43 inch)",https://www.amazon.es/dp/B0FWQKMDQX,43.0,36.44,36.44,EUR,36.44,Amazon,ES,2026-10-10T10:44:07Z,B0FWQKMDQX,,,,,
Sony,"Compatible Con Sony, Placa Lógica KDL-60W600B RUNTK 5475TP 0106FV, Compatible Con Sharp, Pantalla(60 inch)",https://www.amazon.es/dp/B0FWLZGGZ1,60.0,29.11,29.11,EUR,29.11,Amazon,ES,2026-10-10T10:44:07Z,B0FWLZGGZ1,,,,,
Sony,"Tira de LED for iluminación Trasera for Sony 40 ""KDL-40RM10B 2013SONY40A 2013SONY40B KDL-40W600B KDL-40R480B KDL-40R450B K...",https://www.amazon.es/dp/B0CPXSC3GF,40.0,31.11,31.11,EUR,31.11,Amazon,ES,2026-10-10T10:44:07Z,B0CPXSC3GF,,,,,
Sony,"Placa Base De TV, Placa Lógica T-CON, Placa Controladora, Compatible Con SONY, TV De 65 Pulgadas, XBR-65Z9D, Placa De Repu...",https://www.amazon.es/dp/B0F8H94VF8,65.0,97.5,97.5,EUR,97.5,Amazon,ES,2026-10-10T10:44:07Z,B0F8H94VF8,,,,,
Sony,"NIBOTT Tira de LED for iluminación trasera compatible for Sony 40 ""KDL-40RM10B 2013SONY40A 2013SONY40B KDL-40W600B KDL-40R...",https://www.amazon.es/dp/B0CY98DRZT,40.0,29.71,29.71,EUR,29.71,Amazon,ES,2026-10-10T10:44:07Z,B0CY98DRZT,,,,,
Sony,BAVALU Retroiluminación de TV LED for SONY 40 pulgadas KLV-40R470A KLV-40R450A KDL-40R473A SVG400A81 REV3 121114 S400H1LC...,https://www.amazon.es/dp/B0C3996TZS,40.0,29.54,29.54,EUR,29.54,Amazon,ES,2026-10-10T10:44:07Z,B0C3996TZS,,,,,
Sony,TUCANSBP Tira de retroiluminación LED for TV de 12 Piezas LG Innotek 48 Pulgadas FHD NDSOEM Compatible for Sony KDL-48R480...,https://www.amazon.es/dp/B0D1P9JQM5,48.0,49.76,49.76,EUR,49.76,Amazon,ES,2026-10-10T10:44:07Z,B0D1P9JQM5,,,,,
Sony,"CEPAIXN Nouvelle Carte Logique 18Y-SHU11A2H2A4V0.0 120Hz 4K. Compatible Avec Sony KD-55X9000F, 55 ""TV Carte Graphique 18y ...",https://www.amazon.es/dp/B0F3VYKJQH,55.0,56.15,56.15,EUR,56.15,Amazon,ES,2026-10-10T10:44:07Z,B0F3VYKJQH,,,,,
Sony,"NIBOTT Tira de retroiluminación LED compatible for Sony 32"" TV KDL-32W700B KDL-32W705B 32W650A 74.32T41.001-0-DX1 T320HVF0...",https://www.amazon.es/dp/B0CY9892BL,32.0,20.33,20.33,EUR,20.33,Amazon,ES,2026-10-10T10:44:07Z,B0CY9892BL,,,,,
Sony,"QIANHUI LED Falta de retroiluminación Ajuste for Sony 40"" KDL-40RM10B 2013Sony40A 2013Sony40B KDL-40W600B KDL-40R480B KDL-...",https://www.amazon.es/dp/B0CY7RTTNC,40.0,33.25,33.25,EUR,33.25,Amazon,ES,2026-10-10T10:44:07Z,B0CY7RTTNC,,,,,
Sony,HABITZ Tira de retroiluminación LED for TV SVG400A81 REV3 121114 Compatible for SONY 40'' KLV-40R470A KDL-40R473A S400H1LC...,https://www.amazon.es/dp/B0CBBTH1FC,40.0,28.58,28.58,EUR,28.58,Amazon,ES,2026-10-10T10:44:07Z,B0CBBTH1FC,,,,,
Sony,WHARGTSL Tira de LED for iluminación Trasera Compatible for Sony TV de 65 Pulgadas KDL-65W855C Kdl-65w859c 650TV02 V3 T650...,https://www.amazon.es/dp/B0D9V45HN7,65.0,120.74,120.74,EUR,120.74,Amazon,ES,2026-10-10T10:44:07Z,B0D9V45HN7,,,,,
Sony,"TUCANSBP Retroiluminación LCD Compatible for Sony 50 Pulgadas KDL-50R550A KDL-50R556A 50"" V13 Edge Rev0.1 LC500EUD 6922L-0...",https://www.amazon.es/dp/B0D37C951B,50.0,39.57,39.57,EUR,39.57,Amazon,ES,2026-10-10T10:44:07Z,B0D37C951B,,,,,
Sony,"TUCANSBP Tira LED Compatible for Sony 40"" TV KDL-40W605B KDL-40R353B KDL-40W580B 2013SONY40A 2013SONY40B NS4S400DND01 A198...",https://www.amazon.es/dp/B0D1NQJHHZ,40.0,31.23,31.23,EUR,31.23,Amazon,ES,2026-10-10T10:44:07Z,B0D1NQJHHZ,,,,,
Sony,"TUCANSBP Tira de retroiluminación LED Compatible for Sony 40"" KDL-40RM10B 2013SONY40A 2013SONY40B KDL-40W600B KDL-40R480B ...",https://www.amazon.es/dp/B0D1NTNLKZ,40.0,30.96,30.96,EUR,30.96,Amazon,ES,2026-10-10T10:44:07Z,B0D1NTNLKZ,,,,,
Sony,TUCANSBP Retroiluminación de TV LCD Compatible con Sony 55 Pulgadas 55PFF3655 55PFF3750 55PUF6481 55PUF6401 55PFF5701 T3 G...,https://www.amazon.es/dp/B0D2PWDXPT,55.0,39.78,39.78,EUR,39.78,Amazon,ES,2026-10-10T10:44:07Z,B0D2PWDXPT,,,,,
Sony,TUCANSBP Tira de retroiluminación LED Sony 55 Pulgadas Compatible for 55PFF5701 55PUS6501 LB55072 55PUS6561 55PUS6581 55PU...,https://www.amazon.es/dp/B0D34TNGXB,55.0,40.68,40.68,EUR,40.68,Amazon,ES,2026-10-10T10:44:07Z,B0D34TNGXB,,,,,
Samsung,"Samsung TV 77 Pulgadas OLED S93F 4K Smart TV | Vision AI, Motion Xcelerator 144Hz y Colores certificados por Pantone",https://www.amazon.es/dp/B0F225ZVVW,77.0,1599.0,1599.0,EUR,1599.0,Amazon,ES,2026-10-10T10:44:07Z,B0F225ZVVW,,,,,
Samsung,"Samsung TV OLED 4K 2024 55S93D Smart TV de 55"" con Más Brillo y Contraste, un Sonido de Cine con Q-Symphony, el Mejor Smar...",https://www.amazon.es/dp/B0CSGCFWMK,55.0,729.0,729.0,EUR,729.0,Amazon,ES,2026-10-10T10:44:07Z,B0CSGCFWMK,,,,,
Samsung,"Samsung TV 48 Pulgadas OLED S93F 4K Smart TV | Vision AI, Motion Xcelerator 144Hz y Colores certificados por Pantone",https://www.amazon.es/dp/B0F222TW2K,48.0,1049.0,1049.0,EUR,1049.0,Amazon,ES,2026-10-10T10:44:07Z,B0F222TW2K,,,,,
Samsung,"Samsung TV OLED S93H 65"" 4K Smart TV con IA y Pantalla sin Reflejos | Pantalla sin reflejos, Vision AI Companion, Ultimate...",https://www.amazon.es/dp/B0GL3J9YY7,65.0,1409.0,1409.0,EUR,1409.0,Amazon,ES,2026-10-10T10:44:07Z,B0GL3J9YY7,,,,,
Samsung,"Samsung TV 83 Pulgadas OLED S93F 4K Smart TV | Vision AI, Motion Xcelerator 144Hz y Colores certificados por Pantone",https://www.amazon.es/dp/B0F22388GZ,83.0,2269.0,2269.0,EUR,2269.0,Amazon,ES,2026-10-10T10:44:07Z,B0F22388GZ,,,,,
Xiaomi,"XIAOMI TV Pro 43 Pulgadas 2026, 4K UHD QLED Smart Fire TV, L43MB-FPVEU",https://www.amazon.es/dp/B0H44MW1ST,43.0,269.0,269.0,EUR,269.0,Amazon,ES,2026-10-10T10:44:07Z,B0H44MW1ST,,,,,
Samsung,"Samsung TV OLED S90H 55"" 4K Smart TV con IA y Pantalla sin Reflejos | Pantalla sin reflejos, Vision AI Companion, Ultimate...",https://www.amazon.es/dp/B0GKPF1WN4,55.0,999.0,999.0,EUR,999.0,Amazon,ES,2026-10-10T10:44:07Z,B0GKPF1WN4,,,,,
Samsung,"Samsung TV OLED S93H 42"" 4K Smart TV con IA y Pantalla sin Reflejos | Pantalla sin reflejos, Vision AI Companion, Ultimate...",https://www.amazon.es/dp/B0GKB57WDB,42.0,899.0,899.0,EUR,899.0,Amazon,ES,2026-10-10T10:44:07Z,B0GKB57WDB,,,,,
Samsung,"Samsung TV OLED S95H 65"" 4K Smart TV con IA y Pantalla sin Reflejos | Pantalla SIN reflejos, Vision AI Companion, Ultimate...",https://www.amazon.es/dp/B0GL39VP48,65.0,1789.0,1789.0,EUR,1789.0,Amazon,ES,2026-10-10T10:44:07Z,B0GL39VP48,,,,,
LG,"LG 55NU800B6LA - Smart TV Nano UHD AI 55"" 4K Sin Reflejos 94%, 2026 | Nano UHD, Smart TV, WebOS 25 (Actualizable), Procesa...",https://www.amazon.es/dp/B0GTRP9673,55.0,393.0,393.0,EUR,393.0,Amazon,ES,2026-10-10T10:44:07Z,B0GTRP9673,,,,,
LG,"LG OLED42C54LA - TV 42"", OLED EVO 4K, Smart TV AI C5, WebOS 25, Super Upscaling, Dolby Vision y Dolby Atmos, AMD FreeSync,...",https://www.amazon.es/dp/B0FQP7K879,42.0,,,,,Amazon,ES,2026-10-10T10:44:07Z,B0FQP7K879,,,,,
LG,"LG OLED55C64LA - Smart TV OLED EVO AI 55"" 4K Sin Reflejos 98.9%, 2026 | OLED evo, Smart TV, WebOS 26, Procesador α11 AI Ge...",https://www.amazon.es/dp/B0GYPT56B8,55.0,1015.0,1015.0,EUR,1015.0,Amazon,ES,2026-10-10T10:44:07Z,B0GYPT56B8,,,,,
LG,"LG 55QNED82B6B - Smart TV QNED EVO AI 55"" 4K Sin Reflejos 94%, 2026 | QNED EVO MiniLED, Smart TV, WebOS 26, Procesador α8 ...",https://www.amazon.es/dp/B0GVDVBZT8,55.0,629.0,629.0,EUR,629.0,Amazon,ES,2026-10-10T10:44:07Z,B0GVDVBZT8,,,,,
LG,"LG 75QNED80B6A - Smart TV QNED EVO AI 75"" 4K Sin Reflejos 94%, 2026 | QNED EVO MiniLED, Smart TV, WebOS 26, Procesador α7 ...",https://www.amazon.es/dp/B0GTZSJ455,75.0,849.0,849.0,EUR,849.0,Amazon,ES,2026-10-10T10:44:07Z,B0GTZSJ455,,,,,
LG,"LG OLED55G64LW - Smart TV OLED EVO AI 55"" 4K Sin Reflejos, 2026 | OLED evo, Smart TV, WebOS 26, Procesador α11 AI Gen3, VR...",https://www.amazon.es/dp/B0GYPN5KK9,55.0,1549.0,1549.0,EUR,1549.0,Amazon,ES,2026-10-10T10:44:07Z,B0GYPN5KK9,,,,,
LG,"LG 65QNED70B6C - Smart TV QNED MiniLED AI 65"" 4K Sin Reflejos 94%, 2026 | QNED MiniLED, Smart TV, WebOS 25, Procesador Alp...",https://www.amazon.es/dp/B0GTRV1PS9,65.0,579.0,579.0,EUR,579.0,Amazon,ES,2026-10-10T10:44:07Z,B0GTRV1PS9,,,,,
LG,"LG 86MRGB87B6B - Smart TV MRGB AI 86"" 4K Sin Reflejos 94%, 2026 | Mini RGB, Smart TV, WebOS 26, Procesador α8 AI Gen3, VRR...",https://www.amazon.es/dp/B0GTZHWJDL,86.0,1979.0,1979.0,EUR,1979.0,Amazon,ES,2026-10-10T10:44:07Z,B0GTZHWJDL,,,,,
LG,"LG OLED55B65LA - Smart TV OLED AI 55"" 4K Sin Reflejos 98.3%, 2026 | OLED, Smart TV, WebOS 26, Procesador α8 AI Gen3, VRR 1...",https://www.amazon.es/dp/B0GYPZ5CZD,55.0,949.0,949.0,EUR,949.0,Amazon,ES,2026-10-10T10:44:07Z,B0GYPZ5CZD,,,,,
LG,"LG 43QNED81B6C - Smart TV QNED EVO MiniLED 4K UHD 43 Pulgadas, Sin Reflejos al 94%, webOS 26 AI Copilot, Procesador Inteli...",https://www.amazon.es/dp/B0H1JLYV4C,43.0,395.0,395.0,EUR,395.0,Amazon,ES,2026-10-10T10:44:07Z,B0H1JLYV4C,,,,,
LG,"LG OLED48G66LS - Smart TV OLED EVO AI 48"" 4K Sin Reflejos 98.9%, 2026 | OLED evo, Smart TV, WebOS 26, Procesador α11 AI Ge...",https://www.amazon.es/dp/B0GYQ4TK5F,48.0,1149.0,1149.0,EUR,1149.0,Amazon,ES,2026-10-10T10:44:07Z,B0GYQ4TK5F,,,,,
LG,"LG 86QNED86B6B - Smart TV QNED EVO AI 86"" 4K Sin Reflejos 94%, 2026 | QNED EVO MiniLED, Smart TV, WebOS 26, Procesador α8 ...",https://www.amazon.es/dp/B0GTZNPDJJ,86.0,,,,,Amazon,ES,2026-10-10T10:44:07Z,B0GTZNPDJJ,,,,,
LG,"LG OLED83C64LA - Smart TV OLED EVO AI 83"" 4K Sin Reflejos 98.9%, 2026 | OLED evo, Smart TV, WebOS 26, Procesador α11 AI Ge...",https://www.amazon.es/dp/B0GYPZMN7H,83.0,2599.0,2599.0,EUR,2599.0,Amazon,ES,2026-10-10T10:44:07Z,B0GYPZMN7H,,,,,
LG,"LG OLED77B6ELC - Smart TV OLED AI 77"" 4K Sin Reflejos 95.6%, 2026 | OLED, Smart TV, WebOS 26, Procesador α8 AI Gen3, VRR 1...",https://www.amazon.es/dp/B0GWF8F14Z,77.0,1599.0,1599.0,EUR,1599.0,Amazon,ES,2026-10-10T10:44:07Z,B0GWF8F14Z,,,,,
TCL,"TCL 50Q6C 50 Pulgadas QD-Mini LED 4K HDR10+ Smart TV, Google TV | Dolby Vision IQ & Atmos, 144Hz Motion Clarity Pro, Game ...",https://www.amazon.es/dp/B0FD9VF12V,50.0,499.0,499.0,EUR,499.0,Amazon,ES,2026-10-10T10:44:07Z,B0FD9VF12V,,,,,
TCL,"TCL 50T69C 50 Pulgadas QLED 4K HDR10+ Smart TV, Google TV, Dolby Atmos | Game Master, Dolby Vision, Motion Clarity, Google...",https://www.amazon.es/dp/B0F8QDY84D,50.0,349.0,349.0,EUR,349.0,Amazon,ES,2026-10-10T10:44:07Z,B0F8QDY84D,,,,,
TCL,"TCL 50T6C 50 Pulgadas QLED 4K HDR10+ Smart TV con Fire TV, Dolby Atmos | Game Master, VRR, Dolby Vision, Motion Clarity, P...",https://www.amazon.es/dp/B0DW9792RH,50.0,339.0,339.0,EUR,339.0,Amazon,ES,2026-10-10T10:44:07Z,B0DW9792RH,,,,,
TCL,"TCL 55T6C 55 Pulgadas QLED 4K HDR10+ Smart TV con Fire TV, Dolby Atmos | Game Master, VRR, Dolby Vision, Motion Clarity, P...",https://www.amazon.es/dp/B0DW9698LP,55.0,349.0,349.0,EUR,349.0,Amazon,ES,2026-10-10T10:44:07Z,B0DW9698LP,,,,,
TCL,"TCL 55C8L 55 Pulgadas SQD-Mini LED 4K HDR10+ Smart TV, 3.000 Nits | 1.008 Zonas de Atenuación, Dolby Vision IQ & Atmos, 14...",https://www.amazon.es/dp/B0GTZS35X6,55.0,905.34,905.34,EUR,905.34,Amazon,ES,2026-10-10T10:44:07Z,B0GTZS35X6,,,,,
TCL,"TCL 75Q7C 75 Pulgadas QD-Mini LED 4K HDR10+ Smart TV, 3.000 Nits | Dolby Vision IQ & Atmos, Panel HVA, 144Hz Motion Clarit...",https://www.amazon.es/dp/B0F38FDD88,75.0,,,,,Amazon,ES,2026-10-10T10:44:07Z,B0F38FDD88,,,,,
TCL,"TCL 55PF650A Televisor 55 Pulgadas 4K UHD, Smart TV con Fire TV, Dolby Vision y Atmos, AirPlay 2, HDR10, DTS, Game Master,...",https://www.amazon.es/dp/B0FNRC5YWQ,55.0,339.0,339.0,EUR,339.0,Amazon,ES,2026-10-10T10:44:07Z,B0FNRC5YWQ,,,,,
TCL,"TCL 65Q8C 65 Pulgadas QD-Mini LED 4K HDR10+ Smart TV, 4.500 Nits ZeroBorder | Dolby Vision IQ & Atmos, Panel CrystGlow WHV...",https://www.amazon.es/dp/B0F9WRKNS3,65.0,1299.0,1299.0,EUR,1299.0,Amazon,ES,2026-10-10T10:44:07Z,B0F9WRKNS3,,,,,
TCL,FOXRMT RC833 Mando para TCL LED LCD TV Compatible con Original Mando RC833 GUB1 TCL 43/50/55/65/75/85 Inch C645K Series Sm...,https://www.amazon.es/dp/B0FDGDBMD2,85.0,14.99,14.99,EUR,14.99,Amazon,ES,2026-10-10T10:44:07Z,B0FDGDBMD2,,,,,
TCL,"TCL 75T8D 75 Pulgadas QD-Mini LED 4K HDR10+ Smart TV Gaming 144Hz VRR | FreeSync Premium, Game Master, Dolby Vision & Atmo...",https://www.amazon.es/dp/B0GR9GFMCD,75.0,899.0,899.0,EUR,899.0,Amazon,ES,2026-10-10T10:44:07Z,B0GR9GFMCD,,,,,
TCL,"TCL 65RM7L Televisor 65 Pulgadas RGB-Mini LED 4K Smart TV, HDR 2000 nits, 144Hz Motion Clarity Pro, Onkyo 2.1, Dolby Visio...",https://www.amazon.es/dp/B0H1135WTX,65.0,999.0,999.0,EUR,999.0,Amazon,ES,2026-10-10T10:44:07Z,B0H1135WTX,,,,,
Xiaomi,"XIAOMI TV 43 Pulgadas 2026, 4K UHD Smart TV Fire OS8 HDR10 L43MB-FAVEU | Alexa Voice Control, MEMC, 2GB+32GB, Compatible w...",https://www.amazon.es/dp/B0H448LDSH,43.0,279.0,279.0,EUR,279.0,Amazon,ES,2026-10-10T10:44:07Z,B0H448LDSH,,,,,
TCL,"TCL 43T6C 43 Pulgadas QLED 4K HDR10+ Smart TV con Fire TV, Dolby Atmos | Game Master, VRR, Dolby Vision, Motion Clarity, P...",https://www.amazon.es/dp/B0DW98NN53,43.0,,,,,Amazon,ES,2026-10-10T10:44:07Z,B0DW98NN53,,,,,
Hisense,"Hisense 65A6S - TV 2026 4K UHD 65"" (164 cm), Smart TV HomeOS U9.5, Dolby Vision HDR, Game Mode Plus (VRR 60Hz), DTS Virtua...",https://www.amazon.es/dp/B0GJF87VQ6,65.0,419.0,419.0,EUR,419.0,Amazon,ES,2026-10-10T10:44:07Z,B0GJF87VQ6,,,,,
Xiaomi,"Xiaomi TV A Pro 55, 55 Pulgadas (140 cm), 4K UHD QLED, Smart TV, Google TV, Control por Voz, HDR10+, Modo Game Boost 120H...",https://www.amazon.es/dp/B0FSS7QRW4,55.0,269.0,269.0,EUR,269.0,Amazon,ES,2026-10-10T10:44:07Z,B0FSS7QRW4,,,,,
Hisense,"Hisense 55E7S - Hi-QLED 55 Pulgadas Smart TV 4K HDR10+ | Smooth Motion IA, Modo Juego Plus, Dolby Vision IQ, Dolby Atmos, ...",https://www.amazon.es/dp/B0GNDHW3BM,55.0,369.0,369.0,EUR,369.0,Amazon,ES,2026-10-10T10:44:07Z,B0GNDHW3BM,,,,,
Hisense,"Hisense 55E7Q - QLED Smart TV 55 Pulgadas, Dolby Vision, Dolby Atmos, Modo Juego Plus, 60Hz VRR 120 fps, Modo Deportes, Mo...",https://www.amazon.es/dp/B0F1MPWV27,55.0,,,,,Amazon,ES,2026-10-10T10:44:07Z,B0F1MPWV27,,,,,
Hisense,"Hisense 50U7Q - MiniLED 50 Pulgadas Smart TV 4K, Quantum Dot Color, 144 Hz | Mini LED, Subwoofer integrado, Hi-View AI Eng...",https://www.amazon.es/dp/B0F32KTJK8,50.0,,,,,Amazon,ES,2026-10-10T10:44:07Z,B0F32KTJK8,,,,,
Hisense,"Hisense 50A7Q - QLED Smart TV 50 Pulgadas, Movimientos Suaves IA, Dolby Vision, Dolby Atmos, Subwoofer Integrado, Modo Jue...",https://www.amazon.es/dp/B0F2T2717X,50.0,,,,,Amazon,ES,2026-10-10T10:44:07Z,B0F2T2717X,,,,,
Hisense,"Hisense 65U8NQ - Mini-LED Televisor, 65 Pulgadas,con Quantum Dot Colour, 2.1.2 Sonido multicanal, Modo Juego de 144Hz VRR ...",https://www.amazon.es/dp/B0D35H4YWY,65.0,1575.0,1575.0,EUR,1575.0,Amazon,ES,2026-10-10T10:44:07Z,B0D35H4YWY,,,,,
Hisense,"Hisense 65E8S - MiniLED 65 Pulgadas Smart TV 4K, Quantum Dot Color, 144 Hz | Mini LED, Subwoofer integrado, Hi-View AI Eng...",https://www.amazon.es/dp/B0GQF24H9M,65.0,689.0,689.0,EUR,689.0,Amazon,ES,2026-10-10T10:44:07Z,B0GQF24H9M,,,,,
Hisense,"Hisense 75E7S Pro - Hi-QLED Smart TV 75 Pulgadas, Modo Juego 144 Hz Nativos - Color, Dolby Vison.Atmos, Imágenes IA, Smoot...",https://www.amazon.es/dp/B0GR6SXXNM,75.0,779.0,779.0,EUR,779.0,Amazon,ES,2026-10-10T10:44:07Z,B0GR6SXXNM,,,,,
Hisense,"Hisense 65U7S Pro - MiniLED Smart TV 65 Pulgadas, Hi-QLED Modo Juego 165 Hz Nativos, Sonido Envolvente 2.1.2, Anti Reflect...",https://www.amazon.es/dp/B0GT2HY84T,65.0,929.0,929.0,EUR,929.0,Amazon,ES,2026-10-10T10:44:07Z,B0GT2HY84T,,,,,
Hisense,"Hisense 75U8Q - Mini LED Pro Smart TV 75 Pulgadas, Procesador Hi-View IA Pro, 4.1.2 Sonido multicanal, Modo Juego Ultra 16...",https://www.amazon.es/dp/B0F1W3TRZT,75.0,,,,,Amazon,ES,2026-10-10T10:44:07Z,B0F1W3TRZT,,,,,
Hisense,"Hisense 43S5Q - Hi-QLED Smart TV 43 Pulgadas Lifestyle TV, Diseño Artístico | Resolución 4K, Quantum Dot Color, Dolby Visi...",https://www.amazon.es/dp/B0GM1RDY9Z,43.0,392.32,392.32,EUR,392.32,Amazon,ES,2026-10-10T10:44:07Z,B0GM1RDY9Z,,,,,
Xiaomi,"Xiaomi QLED 55"" A Pro 2025 UltraHD 4K Dolby Audio Google TV",https://www.amazon.es/dp/B0F9XH1FGM,55.0,329.0,329.0,EUR,329.0,Amazon,ES,2026-10-10T10:44:07Z,B0F9XH1FGM,,,,,
Sony,"Sony BRAVIA 6 OLED Google-TV, 55 Pulgadas",https://www.amazon.es/dp/B0HD8TJTZH,55.0,1349.0,1349.0,EUR,1349.0,Amazon,ES,2026-10-10T10:44:07Z,B0HD8TJTZH,,,,,
LG,"LG 55QNED80B6B - Smart TV QNED EVO AI 55"" 4K Sin Reflejos 94%, 2026 | QNED EVO MiniLED, Smart TV, WebOS 26, Procesador α7 ...",https://www.amazon.es/dp/B0GVF2P153,55.0,499.0,499.0,EUR,499.0,Amazon,ES,2026-10-10T10:44:07Z,B0GVF2P153,,,,,
Panasonic,"Panasonic Premium TV-55W80AEZC, Serie W80 55 Pulgadas 4K Ultra HD QLED Smart TV, Fire TV, Dolby Vision y Atmos, Modo De Ju...",https://www.amazon.es/dp/B0H2MQ3PHP,55.0,599.0,599.0,EUR,599.0,Amazon,ES,2026-10-10T10:44:07Z,B0H2MQ3PHP,,,,,
LG,"LG 85NU800B6LA - Smart TV Nano UHD AI 85"" 4K Sin Reflejos 94%, 2026 | NANO UHD, Smart TV, WebOS 25 (Actualizable), Procesa...",https://www.amazon.es/dp/B0GTRH6HHP,85.0,1129.0,1129.0,EUR,1129.0,Amazon,ES,2026-10-10T10:44:07Z,B0GTRH6HHP,,,,,
LG,"LG 55MRGB88B6A - Smart TV MRGB AI 55"" 4K Sin Reflejos 94%, 2026 | Mini RGB, Smart TV, WebOS 26, Procesador α8 AI Gen3, VRR...",https://www.amazon.es/dp/B0GWFF6GPF,55.0,779.0,779.0,EUR,779.0,Amazon,ES,2026-10-10T10:44:07Z,B0GWFF6GPF,,,,,
TCL,"TCL 75A400 75 Pulgadas QLED 4K HDR10+ Smart TV, Diseño Ultrafino | Panel HVA, Dolby Vision & Atmos, Sonido Onkyo 2.0, 144H...",https://www.amazon.es/dp/B0GYPJP1KL,75.0,999.0,999.0,EUR,999.0,Amazon,ES,2026-10-10T10:44:07Z,B0GYPJP1KL,,,,,
TCL,"TCL 55A400 55 Pulgadas QLED 4K HDR10+ Smart TV, Diseño Ultrafino | Panel HVA, Dolby Vision & Atmos, Sonido Onkyo 2.0, 144H...",https://www.amazon.es/dp/B0GYPLJRKC,55.0,506.22,506.22,EUR,506.22,Amazon,ES,2026-10-10T10:44:07Z,B0GYPLJRKC,,,,,
TCL,"TCL 98Q8C 98 Pulgadas QD-Mini LED 4K HDR10+ Smart TV, 5.000 Nits ZeroBorder | Dolby Vision IQ & Atmos, Panel CrystGlow WHV...",https://www.amazon.es/dp/B0F9WRNP3W,98.0,2999.0,2999.0,EUR,2999.0,Amazon,ES,2026-10-10T10:44:07Z,B0F9WRNP3W,,,,,
TCL,"TCL 98RM9L 98 Pulgadas RGB-Mini LED 4K HDR10+ Smart TV, 6.000 Nits | 11.520 Zonas de Color Preciso, Dolby Vision IQ & Atmo...",https://www.amazon.es/dp/B0GXZ5SWL8,98.0,8224.0,8224.0,EUR,8224.0,Amazon,ES,2026-10-10T10:44:07Z,B0GXZ5SWL8,,,,,
Hisense,"Hisense 55A6S - 55 Pulgadas Smart TV 4K UHD, Escalador IA 4K, MEMC | Modo Juego PLUS, Dolby Vision, Control por Voz, Filmm...",https://www.amazon.es/dp/B0GJFF3XT7,55.0,339.99,339.99,EUR,339.99,Amazon,ES,2026-10-10T10:44:07Z,B0GJFF3XT7,,,,,
Hisense,"Hisense 98E7Q - QLED Smart TV 98 Pulgadas, Modo Juego Pro 144Hz, Subwoofer Integrado, Dolby Vision, Dolby Atmos, Modo Depo...",https://www.amazon.es/dp/B0FQ68967J,98.0,1469.0,1469.0,EUR,1469.0,Amazon,ES,2026-10-10T10:44:07Z,B0FQ68967J,,,,,
Hisense,"Hisense 100U70Q Pro - Mini LED Pro Smart TV 100 Pulgadas, Procesador Hi-View IA Pro, Modo Juego Ultra de 165Hz, Full Array...",https://www.amazon.es/dp/B0FQK4ZGFR,100.0,3699.0,3699.0,EUR,3699.0,Amazon,ES,2026-10-10T10:44:07Z,B0FQK4ZGFR,,,,,
Hisense,"Hisense TV 85UXKQ - Mini-LED Smart TV de 85 Pulgadas Televisor, Quantum Dot Colour, 1500 Zonas de Control, 4.1.2 Sonido mu...",https://www.amazon.es/dp/B0C5Y3N9M9,85.0,4999.0,4999.0,EUR,4999.0,Amazon,ES,2026-10-10T10:44:07Z,B0C5Y3N9M9,,,,,
Philips,PHILIPS Ambilight 55MLED920 'The Xtra' Mini LED 4K Smart TV - Pantalla de 55 Pulgadas con Motor P5 Picture Engine Ultra H...,https://www.amazon.es/dp/B0F338CGPH,920.0,549.0,549.0,EUR,549.0,Amazon,ES,2026-10-10T10:44:07Z,B0F338CGPH,,,,,
Sony,"Sony BRAVIA 6 OLED Google-TV, 77 Pulgadas",https://www.amazon.es/dp/B0HD95FW76,77.0,2399.0,2399.0,EUR,2399.0,Amazon,ES,2026-10-10T10:44:07Z,B0HD95FW76,,,,,
LG,"LG 85QNED70B6A - Smart TV QNED MiniLED AI 85"" 4K Sin Reflejos 94%, 2026 | QNED MiniLED, Smart TV, WebOS 25, Procesador Alp...",https://www.amazon.es/dp/B0GTRQNMS6,85.0,1089.0,1089.0,EUR,1089.0,Amazon,ES,2026-10-10T10:44:07Z,B0GTRQNMS6,,,,,
LG,"LG 85QNED80B6A - Smart TV QNED EVO AI 85"" 4K Sin Reflejos 94%, 2026 | QNED EVO MiniLED, Smart TV, WebOS 26, Procesador α7 ...",https://www.amazon.es/dp/B0GTZQHVGG,85.0,1371.59,1371.59,EUR,1371.59,Amazon,ES,2026-10-10T10:44:07Z,B0GTZQHVGG,,,,,
TCL,"TCL 75Q6C 75 Pulgadas QD-Mini LED 4K HDR10+ Smart TV, Google TV | Dolby Vision IQ & Atmos, 144Hz Motion Clarity Pro, Game ...",https://www.amazon.es/dp/B0DXQ48PD9,75.0,949.0,949.0,EUR,949.0,Amazon,ES,2026-10-10T10:44:07Z,B0DXQ48PD9,,,,,
TCL,"TCL 75T69C 75 Pulgadas QLED 4K HDR10+ Smart TV, Google TV, Dolby Atmos | Game Master, Dolby Vision, Motion Clarity, Google...",https://www.amazon.es/dp/B0F8QB4KM3,75.0,649.0,649.0,EUR,649.0,Amazon,ES,2026-10-10T10:44:07Z,B0F8QB4KM3,,,,,
Hisense,"Hisense 50E7S Pro - Hi-QLED 50 Pulgadas Smart TV 4K, 144 Hz Nativos | Quantum Dot Color, Dolby Vison.Atmos, Imágenes AI, S...",https://www.amazon.es/dp/B0GR77T4BZ,50.0,449.0,449.0,EUR,449.0,Amazon,ES,2026-10-10T10:44:07Z,B0GR77T4BZ,,,,,
Hisense,"Hisense 65E7S Pro - Hi-QLED Smart TV 65 Pulgadas, Modo Juego 144 Hz Nativos - Color, Dolby Vison.Atmos, Imágenes IA, Smoot...",https://www.amazon.es/dp/B0GR6XCQMY,65.0,619.0,619.0,EUR,619.0,Amazon,ES,2026-10-10T10:44:07Z,B0GR6XCQMY,,,,,
TCL,"TCL 75V6D Televisor 75 Pulgadas 4K UHD Smart TV, Fire TV, Alexa Integrado, Dolby Vision & Atmos, Game Master, HDR10+, Cont...",https://www.amazon.es/dp/B0GQHHZD3H,75.0,619.0,619.0,EUR,619.0,Amazon,ES,2026-10-10T10:44:07Z,B0GQHHZD3H,,,,,
LG,"LG 75QNED82B6A - Smart TV QNED EVO AI 75"" 4K Sin Reflejos 94%, 2026 | QNED EVO MiniLED, Smart TV, WebOS 26, Procesador α8 ...",https://www.amazon.es/dp/B0GTZLCJW9,75.0,999.0,999.0,EUR,999.0,Amazon,ES,2026-10-10T10:44:07Z,B0GTZLCJW9,,,,,
Hisense,"Hisense 55UR8S - RGB MiniLED 55 Pulgadas Smart TV 4K,180 Hz Nativos | 100% BT.2020, Modo Juego 180 Hz, Anti-Reflection & G...",https://www.amazon.es/dp/B0GX9JNFGJ,55.0,998.98,998.98,EUR,998.98,Amazon,ES,2026-10-10T10:44:07Z,B0GX9JNFGJ,,,,,
Hisense,"Hisense 85UR8S - RGB MiniLED 85 Pulgadas Smart TV 4K, 180 Hz Nativos | 100% BT.2020, Modo Juego 180 Hz, Anti-Reflection & ...",https://www.amazon.es/dp/B0GX9BK2NH,85.0,2199.0,2199.0,EUR,2199.0,Amazon,ES,2026-10-10T10:44:07Z,B0GX9BK2NH,,,,,
Hisense,"Hisense 75U7SE - MiniLED 75 Pulgadas Smart TV 4K, Quantum Dot Color, 144 Hz | Subwoofer integrado, Hi-View AI Engine, IMAX...",https://www.amazon.es/dp/B0GKPMTBMC,75.0,999.0,999.0,EUR,999.0,Amazon,ES,2026-10-10T10:44:07Z,B0GKPMTBMC,,,,,
TCL,"TCL 43V6D Televisor 43 Pulgadas 4K UHD Smart TV, Fire TV, Alexa Integrado, Dolby Vision & Atmos, Game Master, HDR10+, Cont...",https://www.amazon.es/dp/B0GQHTCGBB,43.0,289.0,289.0,EUR,289.0,Amazon,ES,2026-10-10T10:44:07Z,B0GQHTCGBB,,,,,
Samsung,Samsung TQ48S90HAEXXC (2026) 48 Pulgadas OLED 4K UHD,https://www.amazon.es/dp/B0HLF141KH,48.0,1013.08,1013.08,EUR,1013.08,Amazon,ES,2026-10-10T10:44:07Z,B0HLF141KH,,,,,
LG,"LG 50QNED70B6C - Smart TV QNED MiniLED AI 50"" 4K Sin Reflejos 94%, 2026",https://www.amazon.es/dp/B0GTRQQYVC,50.0,,,,,Amazon,ES,2026-10-10T10:44:07Z,B0GTRQQYVC,,,,,
TCL,"TCL 85C8L 85 Pulgadas SQD-Mini LED 4K HDR10+ Smart TV, 6.000 Nits",https://www.amazon.es/dp/B0GTZRP159,85.0,2615.0,2615.0,EUR,2615.0,Amazon,ES,2026-10-10T10:44:07Z,B0GTZRP159,,,,,
Hisense,Hisense 75E7S - Hi-QLED 75 Pulgadas Smart TV 4K HDR10+,https://www.amazon.es/dp/B0GNDJ3WZT,75.0,665.0,665.0,EUR,665.0,Amazon,ES,2026-10-10T10:44:07Z,B0GNDJ3WZT,,,,,
Samsung,"Samsung TV OLED S90H 65"" 4K Smart TV con IA y Pantalla sin Reflejos",https://www.amazon.es/dp/B0GL2X9QTB,65.0,1310.31,1310.31,EUR,1310.31,Amazon,ES,2026-10-10T10:44:07Z,B0GL2X9QTB,,,,,
LG,"LG 75QNED70B6A - Smart TV QNED MiniLED AI 75"" 4K Sin Reflejos 94%, 2026",https://www.amazon.es/dp/B0GTRDSN7K,75.0,,,,,Amazon,ES,2026-10-10T10:44:07Z,B0GTRDSN7K,,,,,
TCL,"TCL 98C8L 98 Pulgadas SQD-Mini LED 4K HDR10+ Smart TV, 6.000 Nits",https://www.amazon.es/dp/B0GTZQ77RW,98.0,3349.0,3349.0,EUR,3349.0,Amazon,ES,2026-10-10T10:44:07Z,B0GTZQ77RW,,,,,
Hisense,Hisense 85E7S - Hi-QLED 85 Pulgadas Smart TV 4K HDR10+,https://www.amazon.es/dp/B0GNCGYDGJ,85.0,899.0,899.0,EUR,899.0,Amazon,ES,2026-10-10T10:44:07Z,B0GNCGYDGJ,,,,,
Samsung,"Samsung TV OLED S95H 55"" 4K Smart TV con IA y Pantalla sin Reflejos",https://www.amazon.es/dp/B0GKQ1SC9D,55.0,1510.02,1510.02,EUR,1510.02,Amazon,ES,2026-10-10T10:44:07Z,B0GKQ1SC9D,,,,,
LG,"LG OLED42C64LA - Smart TV OLED EVO AI 42"" 4K Sin Reflejos 98.9%, 2026",https://www.amazon.es/dp/B0GYPQTKG8,42.0,879.0,879.0,EUR,879.0,Amazon,ES,2026-10-10T10:44:07Z,B0GYPQTKG8,,,,,
TCL,"TCL 75X11L 75 Pulgadas SQD-Mini LED 4K HDR10+ Smart TV, 9.000 Nits",https://www.amazon.es/dp/B0GV3VXQB8,75.0,3879.0,3879.0,EUR,3879.0,Amazon,ES,2026-10-10T10:44:07Z,B0GV3VXQB8,,,,,
Hisense,"Hisense 75E8S - MiniLED 75 Pulgadas Smart TV 4K, Quantum Dot Color, 144 Hz",https://www.amazon.es/dp/B0GQCXP6VM,75.0,999.0,999.0,EUR,999.0,Amazon,ES,2026-10-10T10:44:07Z,B0GQCXP6VM,,,,,
Samsung,"Samsung TV OLED S95H 77"" 4K Smart TV con IA y Pantalla sin Reflejos",https://www.amazon.es/dp/B0GHS8C7LV,77.0,2599.0,2599.0,EUR,2599.0,Amazon,ES,2026-10-10T10:44:07Z,B0GHS8C7LV,,,,,
LG,LG OLED65G66LS – Televisor de 65 pulgadas Smart TV 4K DVB-T2 HEVC/H.265 OLED Wifi Clase energética E,https://www.amazon.es/dp/B0H36VQ8P1,65.0,,,,,Amazon,ES,2026-10-10T10:44:07Z,B0H36VQ8P1,,,,,
TCL,"TCL 85X11L 85 Pulgadas SQD-Mini LED 4K HDR10+ Smart TV, 10.000 Nits",https://www.amazon.es/dp/B0GV4DDPZD,85.0,5299.0,5299.0,EUR,5299.0,Amazon,ES,2026-10-10T10:44:07Z,B0GV4DDPZD,,,,,
Hisense,"Hisense 85E8S - MiniLED 85 Pulgadas Smart TV 4K, Quantum Dot Color, 144 Hz",https://www.amazon.es/dp/B0GQDDL8D7,85.0,1299.0,1299.0,EUR,1299.0,Amazon,ES,2026-10-10T10:44:07Z,B0GQDDL8D7,,,,,
Samsung,"Samsung TV Micro RGB R95H 75"" 4K Smart TV con IA y Pantalla sin Reflejos",https://www.amazon.es/dp/B0GK2D65BB,75.0,,,,,Amazon,ES,2026-10-10T10:44:07Z,B0GK2D65BB,,,,,
LG,"LG 75NU800B6LA - Smart TV Nano UHD AI 75"" 4K Sin Reflejos 94%, 2026",https://www.amazon.es/dp/B0GTRQF5S3,75.0,649.0,649.0,EUR,649.0,Amazon,ES,2026-10-10T10:44:07Z,B0GTRQF5S3,,,,,
TCL,"TCL 85C7L 85 Pulgadas SQD-Mini LED 4K HDR10+ Smart TV, 3.000 Nits",https://www.amazon.es/dp/B0GVT5HYB3,85.0,1749.0,1749.0,EUR,1749.0,Amazon,ES,2026-10-10T10:44:07Z,B0GVT5HYB3,,,,,
Hisense,"Hisense 75UR8S - RGB MiniLED 75 Pulgadas Smart TV 4K, 180 Hz Nativos",https://www.amazon.es/dp/B0GX9P1JKM,75.0,1635.0,1635.0,EUR,1635.0,Amazon,ES,2026-10-10T10:44:07Z,B0GX9P1JKM,,,,,
Samsung,"Samsung TV OLED S99H 65"" 4K Smart TV con IA y Pantalla sin Reflejos",https://www.amazon.es/dp/B0GL3JDD5C,65.0,2032.1,2032.1,EUR,2032.1,Amazon,ES,2026-10-10T10:44:07Z,B0GL3JDD5C,,,,,
LG,LG Televisor QNED EVO AI QNED72 Mini LED 43QNED72B6B 43'- Ultra HD 4K- Smart TV- WiFi,https://www.amazon.es/dp/B0HGF8SXHR,43.0,429.08,429.08,EUR,429.08,Amazon,ES,2026-10-10T10:44:07Z,B0HGF8SXHR,,,,,
TCL,"TCL 85A400 85 Pulgadas QLED 4K HDR10+ Smart TV, Diseño Ultrafino",https://www.amazon.es/dp/B0GYPNX2S7,85.0,1499.0,1499.0,EUR,1499.0,Amazon,ES,2026-10-10T10:44:07Z,B0GYPNX2S7,,,,,
Hisense,"Hisense 100UR8S - RGB MiniLED 100 Pulgadas Smart TV 4K, 180 Hz Nativos",https://www.amazon.es/dp/B0GX9LY7QD,100.0,,,,,Amazon,ES,2026-10-10T10:44:07Z,B0GX9LY7QD,,,,,
Samsung,"Samsung TV 75 Pulgadas QLED Q7F 4K Smart TV con Vision AI, 100% Volumen de Color con Quantum Dot y más de 500 Canales",https://www.amazon.es/dp/B0F2FMVN12,75.0,,,,,Amazon,ES,2026-10-10T10:44:07Z,B0F2FMVN12,,,,,
LG,"LG 65QNED80B6B - Smart TV QNED EVO AI 65"" 4K Sin Reflejos 94%, 2026",https://www.amazon.es/dp/B0GVF91FS8,65.0,,,,,Amazon,ES,2026-10-10T10:44:07Z,B0GVF91FS8,,,,,
TCL,"TCL 98A400 98 Pulgadas QLED 4K HDR10+ Smart TV, Diseño Ultrafino",https://www.amazon.es/dp/B0GYPFVH6M,98.0,2099.0,2099.0,EUR,2099.0,Amazon,ES,2026-10-10T10:44:07Z,B0GYPFVH6M,,,,,
Hisense,"Hisense 43E7Q - QLED Smart TV 43 Pulgadas, Dolby Vision, Dolby Atmos, Modo Juego Plus, 60Hz VRR 120 fps, Modo Deportes, Monvimiento Suave IA, Bluetooth y HDMI 2.1, Control por Voz Alexa",https://www.amazon.es/dp/B0F1MSX2W7,43.0,323.99,323.99,EUR,323.99,Amazon,ES,2026-10-10T10:44:07Z,B0F1MSX2W7,,,,,
Samsung,"Samsung TV 85 Pulgadas QLED Q7F 4K Smart TV con Vision AI, 100% Volumen de Color Quantum Dot y más de 500 Canales TV Plus, 2025",https://www.amazon.es/dp/B0F22827ND,85.0,,,,,Amazon,ES,2026-10-10T10:44:07Z,B0F22827ND,,,,,
LG,"LG 115QNED93B6 - Smart TV QNED EVO AI 115"" 4K Sin Reflejos 98%, 2026",https://www.amazon.es/dp/B0GXFL59K4,115.0,11074.15,11074.15,EUR,11074.15,Amazon,ES,2026-10-10T10:44:07Z,B0GXFL59K4,,,,,
TCL,"TCL 85Q6C 85 Pulgadas QD-Mini LED 4K HDR10+ Smart TV, Google TV",https://www.amazon.es/dp/B0DXQ5VTVK,85.0,1399.0,1399.0,EUR,1399.0,Amazon,ES,2026-10-10T10:44:07Z,B0DXQ5VTVK,,,,,
Hisense,"Hisense 65E7Q - QLED Smart TV 65 Pulgadas, Dolby Vision, Dolby Atmos, Modo Juego Plus, 60Hz VRR 120 fps, Modo Deportes, Monvimiento Suave IA, Bluetooth y HDMI 2.1, Control por Voz Alexa",https://www.amazon.es/dp/B0F1MRPC4B,65.0,,,,,Amazon,ES,2026-10-10T10:44:07Z,B0F1MRPC4B,,,,,
Samsung,"Samsung TV 50 Pulgadas Crystal UHD U8075F 4K Smart TV, Colores increíbles con Processor Escucha Todos los Altavoces con Q-Symphony, Datos protegidos Knox Security y Gaming Hub, 2025",https://www.amazon.es/dp/B0F9Q122K4,50.0,,,,,Amazon,ES,2026-10-10T10:44:07Z,B0F9Q122K4,,,,,
LG,"LG OLED55B56LA - TV 55"", OLED 4K, Smart TV AI B5, WebOS 25, Super Upscaling, Dolby Vision y Dolby Atmos, AMD FreeSync, Alexa/Google Assistant, Negro",https://www.amazon.es/dp/B0F3D8DRTN,55.0,,,,,Amazon,ES,2026-10-10T10:44:07Z,B0F3D8DRTN,,,,,
TCL,"TCL 98Q6C 98 Pulgadas QD-Mini LED 4K HDR10+ Smart TV, Google TV",https://www.amazon.es/dp/B0DXQ3G6CL,98.0,2199.0,2199.0,EUR,2199.0,Amazon,ES,2026-10-10T10:44:07Z,B0DXQ3G6CL,,,,,
Hisense,"Hisense 75E7Q - QLED Smart TV 75 Pulgadas, Dolby Vision, Dolby Atmos, Modo Juego Plus, 60Hz VRR 120 fps, Modo Deportes, Monvimiento Suave IA, Bluetooth y HDMI 2.1, Control por Voz Alexa",https://www.amazon.es/dp/B0F1MNRHYV,75.0,751.09,751.09,EUR,751.09,Amazon,ES,2026-10-10T10:44:07Z,B0F1MNRHYV,,,,,
Samsung,"Samsung TV 55 Pulgadas Crystal UHD U8075F 4K Smart TV, Colores increíbles con Processor Escucha Todos los Altavoces con Q-Symphony, Datos protegidos Knox Security y Gaming Hub, 2025",https://www.amazon.es/dp/B0F9Q2QDJZ,55.0,,,,,Amazon,ES,2026-10-10T10:44:07Z,B0F9Q2QDJZ,,,,,
LG,"LG OLED77B56LA - TV 77"", OLED 4K, Smart TV AI B5, WebOS 25, Super Upscaling, Dolby Vision y Dolby Atmos, AMD FreeSync, Alexa/Google Assistant, Negro",https://www.amazon.es/dp/B0F3D7YVZB,77.0,,,,,Amazon,ES,2026-10-10T10:44:07Z,B0F3D7YVZB,,,,,
Hisense,"Hisense 85E7Q - QLED Smart TV 85 Pulgadas, Dolby Vision, Dolby Atmos, Modo Juego Plus, 60Hz VRR 120 fps, Modo Deportes, Monvimiento Suave IA, Bluetooth y HDMI 2.1, Control por Voz Alexa",https://www.amazon.es/dp/B0F1MR1FQ3,85.0,1419.54,1419.54,EUR,1419.54,Amazon,ES,2026-10-10T10:44:07Z,B0F1MR1FQ3,,,,,
Samsung,"FPD TV Smart 32 Pulgadas, Televisor con Tizen OS, Compatible con Samsung TV Plus, HDR 10, Miracast, HD 720P, Dolby Audio, SmartThings, Gaming Hub, Control por Voz, Televisor De Pantalla Plana",https://www.amazon.es/dp/B0F32H9KTX,32.0,199.99,199.99,EUR,199.99,Amazon,ES,2026-10-10T10:44:07Z,B0F32H9KTX,,,,,
Samsung,FPD 40 Pulgadas Smart TV 1080p Full HD Tizen OS Televisor de Pantalla Plana,https://www.amazon.es/dp/B0F32F8JD6,40.0,207.25,207.25,EUR,207.25,Amazon,ES,2026-10-10T10:44:07Z,B0F32F8JD6,,,,,
Samsung,"FPD Smart TV 50 Pulgadas (127 cm), 4K Tizen TV Compatible with Samsung TV Plus, Airplay & Miracast, HDR 10, Dolby Audio, Gaming Hub, HDMI 2.1, UHD Televisión (AT50, 2026)",https://www.amazon.es/dp/B0H4YQTJGF,50.0,288.9,288.9,EUR,288.9,Amazon,ES,2026-10-10T10:44:07Z,B0H4YQTJGF,,,,,
Samsung,"FPD Smart TV 32 Pulgadas – (81 cm) Google TV con 720p, HDR 10, Dolby Audio, Google Play y Google Cast Integrados, telecommande vocale, Streaming TV en Direct",https://www.amazon.es/dp/B0CRRD2DV4,32.0,189.99,189.99,EUR,189.99,Amazon,ES,2026-10-10T10:44:07Z,B0CRRD2DV4,,,,,
Samsung,"FPD Smart TV 40 Pulgadas, Full HD Google TV HDR10, Dolby Audio (CG40)",https://www.amazon.es/dp/B0DJR1RWS3,40.0,233.99,233.99,EUR,233.99,Amazon,ES,2026-10-10T10:44:07Z,B0DJR1RWS3,,,,,
Samsung,FPD Smart TV 43 Pulgadas Televisor 4K UHD Google TV Pantalla Plana 60Hz,https://www.amazon.es/dp/B0DJQJ6T68,43.0,279.99,279.99,EUR,279.99,Amazon,ES,2026-10-10T10:44:07Z,B0DJQJ6T68,,,,,
Samsung,"FPD TV 55 Pulgadas Smart TV 4K UHD, Google TV con Cast Integrado, Dolby Vision y Dolby Atmos, HDR 10, MEMC para imágenes más fluidas",https://www.amazon.es/dp/B0CRRSCMWX,55.0,411.29,411.29,EUR,411.29,Amazon,ES,2026-10-10T10:44:07Z,B0CRRSCMWX,,,,,
LG,"LG OLED83G54LW - Smart TV OLED EVO AI G5 83"", 4K, 2025",https://www.amazon.es/dp/B0F3D5PD4T,83.0,,,,,Amazon,ES,2026-10-10T10:44:07Z,B0F3D5PD4T,,,,,
Philips,"Philips Ambilight 65PUS8010 4K LED Smart TV - Pantalla de 65 Pulgadas con Plataforma Titan OS, Pixel Precise Ultra HD y Sonido Dolby Atmos - Funciona con Alexa y con el Asistente de Voz de Google",https://www.amazon.es/dp/B0F33B6Z42,65.0,499.0,499.0,EUR,499.0,Amazon,ES,2026-10-10T10:44:07Z,B0F33B6Z42,,,,,
Philips,"Philips Ambilight 43PUS8010 4K LED Smart TV - Pantalla de 43 Pulgadas con Plataforma Titan OS, Pixel Precise Ultra HD y Sonido Dolby Atmos - Funciona con Alexa y con el Asistente de Voz de Google",https://www.amazon.es/dp/B0F338S4CK,43.0,,,,,Amazon,ES,2026-10-10T10:44:07Z,B0F338S4CK,,,,,
Philips,"Philips Ambilight 55PUS8010 4K LED Smart TV - Pantalla de 55 Pulgadas con Plataforma Titan OS, Pixel Precise Ultra HD y Sonido Dolby Atmos - Funciona con Alexa y con el Asistente de Voz de Google",https://www.amazon.es/dp/B0F33BN75D,55.0,,,,,Amazon,ES,2026-10-10T10:44:07Z,B0F33BN75D,,,,,
Toshiba,"Toshiba 32WV2563DG Smart TV 32 Pulgadas, Resolución HD 1366 x 768, HDR10, Compatible con Asistente de Voz Alexa, TV Satélite, Dolby Audio",https://www.amazon.es/dp/B0FPDG6SWS,32.0,,,,,Amazon,ES,2026-10-10T10:44:07Z,B0FPDG6SWS,,,,,
Xiaomi,"XIAOMI TV 32 Pulgadas (81 cm) 2026, HD Smart TV, Fire OS14, L32MB-FAVEU",https://www.amazon.es/dp/B0H44KWKRS,32.0,139.0,139.0,EUR,139.0,Amazon,ES,2026-10-10T10:44:07Z,B0H44KWKRS,,,,,
Samsung,"Cello CTRAV-19TZ Smart TV 19"" 12V para Autocaravana y Camping, Tizen OS de Samsung, Gaming Hub, Altavoces Pitch, Bluetooth, Triple Sintonizador",https://www.amazon.es/dp/B0GJLKGZ8C,19.0,229.99,229.99,EUR,229.99,Amazon,ES,2026-10-10T10:44:07Z,B0GJLKGZ8C,,,,,
Samsung,"Cello Voyager C24TZR-VOY TV Traveller Smart 12V de 24"" con Router Wi-Fi 5G y Hotspot Integrados, Tizen OS de Samsung, Internet en Cualquier Lugar, Ideal para autocaravanas",https://www.amazon.es/dp/B0GHRJ6JJC,24.0,512.56,512.56,EUR,512.56,Amazon,ES,2026-10-10T10:44:07Z,B0GHRJ6JJC,,,,,
Samsung,"Cello CTRAV-27TZ TV Traveller Smart 12V de 27"" con Tizen OS de Samsung, recepción por satélite, Gaming Hub, Altavoces Pitch, Bluetooth, Ideal para autocaravanas y Barcos, Triple sintonizador",https://www.amazon.es/dp/B0GHR9GHZL,27.0,279.99,279.99,EUR,279.99,Amazon,ES,2026-10-10T10:44:07Z,B0GHR9GHZL,,,,,
Sony,"Sony BRAVIA 7 II True RGB 85 Inch TV, 4K Smart TV (Google TV), RGB LED, XR Processor con Tecnología de IA, TV 120hz con Dolby Vision/Atmos, Compatibilidad con PS5, 85XR75M2, Modelo 2026",https://www.amazon.es/dp/B0H2K25NJ4,85.0,,,,,Amazon,ES,2026-10-10T10:44:07Z,B0H2K25NJ4,,,,,
Sony,"Sony BRAVIA 7 II True RGB 98 Inch TV, 4K Smart TV (Google TV), RGB LED, XR Processor con Tecnología de IA, TV 120hz con Dolby Vision/Atmos, Compatibilidad con PS5, 98XR75M2, Modelo 2026",https://www.amazon.es/dp/B0H2JLDM94,98.0,,,,,Amazon,ES,2026-10-10T10:44:07Z,B0H2JLDM94,,,,,
Philips,"PHILIPS 65MLED820 Mini LED 4K Smart TV - Pantalla de 65 Pulgadas con Motor P5 Picture Engine Ultra HD, Titan OS, Dolby Vision y Sonido Dolby Atmos",https://www.amazon.es/dp/B0F33J3GRD,65.0,,,,,Amazon,ES,2026-10-10T10:44:07Z,B0F33J3GRD,,,,,
Philips,"PHILIPS 75MLED820 Mini LED 4K Smart TV - Pantalla de 75 Pulgadas con Motor P5 Picture Engine Ultra HD, Titan OS, Dolby Vision y Sonido Dolby Atmos",https://www.amazon.es/dp/B0F338H6TV,75.0,,,,,Amazon,ES,2026-10-10T10:44:07Z,B0F338H6TV,,,,,
LG,"LG OLED77C54LA - TV 77"", OLED EVO 4K, Smart TV AI C5, WebOS 25, Super Upscaling, Dolby Vision y Dolby Atmos, AMD FreeSync, Alexa/Google Assistant, Negro",https://www.amazon.es/dp/B0F3D64K3K,77.0,,,,,Amazon,ES,2026-10-10T10:44:07Z,B0F3D64K3K,,,,,
LG,"LG OLED42C54LA - TV 42"", OLED EVO 4K, Smart TV AI C5, WebOS 25, Super Upscaling, Dolby Vision y Dolby Atmos, AMD FreeSync, Alexa/Google Assistant, Negro",https://www.amazon.es/dp/B0F3D644H2,42.0,,,,,Amazon,ES,2026-10-10T10:44:07Z,B0F3D644H2,,,,,
LG,"LG OLED48C54LA - TV 48"", OLED EVO 4K, Smart TV AI C5, WebOS 25, Super Upscaling, Dolby Vision y Dolby Atmos, AMD FreeSync, Alexa/Google Assistant, Negro",https://www.amazon.es/dp/B0F3D7TC7P,48.0,,,,,Amazon,ES,2026-10-10T10:44:07Z,B0F3D7TC7P,,,,,
LG,"LG OLED55C54LA - Smart TV OLED EVO AI C5 55"" 4K, 2025",https://www.amazon.es/dp/B0F3D7S36K,55.0,,,,,Amazon,ES,2026-10-10T10:44:07Z,B0F3D7S36K,,,,,
Hisense,"Hisense 32A4Q - HD Smart TV 32 Pulgadas, Modo Juego, Deportes IA, Sonido Dolby DTS HD, Alto Contraste, Función Compartir en el Televisor, DVB - T2, Auto Ordenación de los Canales TDT",https://www.amazon.es/dp/B0F1MJCGRY,32.0,,,,,Amazon,ES,2026-10-10T10:44:07Z,B0F1MJCGRY,,,,,
Panasonic,"Panasonic TB-32S40AEZC, 32 Pulgadas televisor, HD LED, TiVo",https://www.amazon.es/dp/B0H2MPMR8R,32.0,200.0,200.0,EUR,200.0,Amazon,ES,2026-10-10T10:44:07Z,B0H2MPMR8R,,,,,
Xiaomi,"XIAOMI TV Pro 32 Pulgadas 2026, QLED Smart TV, Fire OS14, L32MB-FPVEU",https://www.amazon.es/dp/B0H7BF91XG,32.0,139.0,139.0,EUR,139.0,Amazon,ES,2026-10-10T10:44:07Z,B0H7BF91XG,,,,,
Xiaomi,"XIAOMI TV Pro 55 Pulgadas 2026, 4K UHD QLED Smart Fire TV, L55MB-FPVEU",https://www.amazon.es/dp/B0H448WZ71,55.0,419.0,419.0,EUR,419.0,Amazon,ES,2026-10-10T10:44:07Z,B0H448WZ71,,,,,
Xiaomi,"Xiaomi TV F Pro 65 Pulgadas (165 cm), 4K UHD QLED Smart Fire TV, L65MB-FPEU",https://www.amazon.es/dp/B0F454CH49,65.0,429.0,429.0,EUR,429.0,Amazon,ES,2026-10-10T10:44:07Z,B0F454CH49,,,,,
LG,"LG OLED55G54LW - TV 55"", OLED EVO 4K, Smart TV AI G5, WebOS 25, Super Upscaling, Dolby Vision y Dolby Atmos, AMD FreeSync, Alexa/Google Assistant, Negro",https://www.amazon.es/dp/B0F3D88VP6,55.0,,,,,Amazon,ES,2026-10-10T10:44:07Z,B0F3D88VP6,,,,,
Hisense,"Hisense 75U7S Pro - MiniLED Pro 75 Pulgadas Smart TV 4K, 165 Hz",https://www.amazon.es/dp/B0GT2VFCQ9,75.0,1199.0,1199.0,EUR,1199.0,Amazon,ES,2026-10-10T10:44:07Z,B0GT2VFCQ9,,,,,
Hisense,"Hisense 85U7S Pro - MiniLED Pro 85 Pulgadas Smart TV 4K, 165 Hz",https://www.amazon.es/dp/B0GT2RHKJX,85.0,1569.0,1569.0,EUR,1569.0,Amazon,ES,2026-10-10T10:44:07Z,B0GT2RHKJX,,,,,
Panasonic,"Panasonic TV-40S55AEZ, S55 Series 40 Pulgadas Full HD LED Smart TV, 2024, Fire TV, HD Colour Engine, HDR, Alexa Control De Voz, Modo De Juego, Reproductor Multimedia, Experiencia Visual Excepcional",https://www.amazon.es/dp/B0H2MJG3K9,40.0,299.0,299.0,EUR,299.0,Amazon,ES,2026-10-10T10:44:07Z,B0H2MJG3K9,,,,,
LG,"LG 50QNED84A6C - Smart TV QNED AI 50"", QNED84, 4K, 2025",https://www.amazon.es/dp/B0F44GYGQ9,50.0,,,,,Amazon,ES,2026-10-10T10:44:07Z,B0F44GYGQ9,,,,,
Panasonic,"Panasonic TV-24S50AEZC, 24 Pulgadas televisor, HD LED, Fire TV",https://www.amazon.es/dp/B0H2MPDR7G,24.0,249.0,249.0,EUR,249.0,Amazon,ES,2026-10-10T10:44:07Z,B0H2MPDR7G,,,,,
Samsung,"Samsung QE55Q80B 55"" QLED UltraHD 4K HDR10+",https://www.amazon.es/dp/B09MWBGFC5,55.0,,,,,Amazon,ES,2026-10-10T10:44:07Z,B09MWBGFC5,,,,,
Samsung,"SAMSUNG QE65Q80B Televisor QLED UHD 4K 65"" Smart TV",https://www.amazon.es/dp/B09MWB5SK1,65.0,,,,,Amazon,ES,2026-10-10T10:44:07Z,B09MWB5SK1,,,,,
