brand_raw,raw_text,url,size_hint_inch,price_hint_eur,price_local,currency,price_eur,platform,country,scraped_at,asin,elkjop_sku,model_year,filter_year,source_brand,fx_rate_date
Samsung,"Samsung Crystal UHD U8079F 43 Zoll (108 cm) LED, MetalStream Design, SmartThings, AI Upscaling, Gaming Hub, Knox Security, Smart TV, 2025",https://www.amazon.de/dp/B0F7LG4F8P,43.0,295.99,295.99,EUR,295.99,Amazon,DE,2026-10-01T11:06:48Z,B0F7LG4F8P,,,,,
Samsung,"Samsung Crystal U7099H 4K 55 Zoll (138 cm), UHD Fernseher, AI Companion für Deine Fragen, 4K Upscaling, Dynamik Sound Pack für Premium-Sounderlebnis, Gaming Hub, kostenlos 900 Sender, Smart AI TV",https://www.amazon.de/dp/B0GXZGQTGX,55.0,449.0,449.0,EUR,449.0,Amazon,DE,2026-10-01T11:06:48Z,B0GXZGQTGX,,,,,
Samsung,"Samsung OLED 4K S90F 55 Zoll (138 cm), UHD Fernseher, Optimiert für Fussball und Gaming, NQ4 AI Gen3 Prozessor, OLED HDR+, 4K Upscaling Pro, Dolby Atmos, Motion Xcelerator, Samsung Vision AI Smart TV",https://www.amazon.de/dp/B0F62WB7N6,55.0,839.0,839.0,EUR,839.0,Amazon,DE,2026-10-01T11:06:48Z,B0F62WB7N6,,,,,
Samsung,"Samsung Mini LED M80H 4K 55 Zoll (138 cm) UHD Fernseher, Neural Quantum 4K AI Gen2 Prozessor, Motion Xcelerator 144 Hz, Vision AI Companion, Dynamic Sound Pack, Gaming Hub, Knox Security, Smart TV",https://www.amazon.de/dp/B0H335S6NL,55.0,519.0,519.0,EUR,519.0,Amazon,DE,2026-10-01T11:06:48Z,B0H335S6NL,,,,,
Samsung,"Samsung QLED Q7F 4K Smart TV 43 Zoll (108 cm) mit AI-Vision, 100% Farbvolumen mit Quantum Dot, HDR10+, Q4 AI Prozessor, One UI Tizen, Wi-Fi, Bluetooth 5.3 und Motion Xcelerator",https://www.amazon.de/dp/B0FFSRHM9L,43.0,331.7,331.7,EUR,331.7,Amazon,DE,2026-10-01T11:06:48Z,B0FFSRHM9L,,,,,
Samsung,"Samsung Neo QLED 4K QN90F 55 Zoll (138 cm) Mini LED Fernseher, Antireflexion, NQ4 AI Gen3 Prozessor, Neo Quantum HDR+, 4K Upscaling Pro, Dolby Atmos, Knox Security, Samsung Vision AI Smart TV",https://www.amazon.de/dp/B0DFVV8V7N,55.0,840.0,840.0,EUR,840.0,Amazon,DE,2026-10-01T11:06:48Z,B0DFVV8V7N,,,,,
Samsung,"Samsung RU7099 108 cm (43 Zoll) LED Fernseher (Ultra HD, HDR, Triple Tuner, Smart TV) [Modelljahr 2019]",https://www.amazon.de/dp/B07WL6ZX97,43.0,300.64,300.64,EUR,300.64,Amazon,DE,2026-10-01T11:06:48Z,B07WL6ZX97,,,,,
Samsung,"Samsung QLED Q8F 4K Smart TV 85 Zoll (214 cm) mit AI-Vision, 100% Farbvolumen mit Quantum Dot, HDR10+, Q4 AI Prozessor, One UI Tizen, Wi-Fi, Bluetooth 5.3 und Motion...[Länderversion Ungarisch]",https://www.amazon.de/dp/B0FHXK9QHX,85.0,1035.0,1035.0,EUR,1035.0,Amazon,DE,2026-10-01T11:06:48Z,B0FHXK9QHX,,,,,
Samsung,"Samsung Full HD F6009F 32 Zoll (81 cm) LED Flachbildfernseher, PurColor-Technologie, HDR, Object Tracking Sound Lite, Knox Security, One UI Tizen, Smart TV, Unbegrenzt kostenlose Inhalte",https://www.amazon.de/dp/B0DFVXK726,32.0,,,,,Amazon,DE,2026-10-01T11:06:48Z,B0DFVXK726,,,,,
Samsung,"Samsung OLED S95H 4K 65 Zoll (163 cm), UHD Fernseher, Antireflexion mit Glare Free, OLED HDR pro, Ultimate Gaming Pack (NVIDIA G-SYNC & AMD FreeSync Pro) mit 165Hz, HDMI 2.1, Dolby Atmos, Smart AI TV",https://www.amazon.de/dp/B0GXZLQJ48,65.0,2167.0,2167.0,EUR,2167.0,Amazon,DE,2026-10-01T11:06:48Z,B0GXZLQJ48,,,,,
Samsung,"Samsung Mini LED M70H 4K 43 Zoll (108 cm), UHD Fernseher, Mini LED HDR für beeindruckende Details, Motion Xcelerator 144Hz, Dynamik Sound Pack, AI Companion für Fragen, kostenlos 900 Sender, Smart TV",https://www.amazon.de/dp/B0GXZPJ971,43.0,359.0,359.0,EUR,359.0,Amazon,DE,2026-10-01T11:06:48Z,B0GXZPJ971,,,,,
Samsung,"Samsung QLED Q8F 4K Smart TV 75 Zoll (189 cm) mit AI-Vision, 100% Farbvolumen mit Quantum Dot, HDR10+, Q4 AI Prozessor, One UI Tizen, Wi-Fi, Bluetooth 5.3 und Motion...[Länderversion Ungarisch]",https://www.amazon.de/dp/B0FHXMLHHK,75.0,886.42,886.42,EUR,886.42,Amazon,DE,2026-10-01T11:06:48Z,B0FHXMLHHK,,,,,
Samsung,"Samsung Crystal UHD 4K TV 43 Zoll (GU43AU7179UXZG, Deutsches Modell), HDR, Q-Symphony, rahmenloses Design, Smart TV [2021]",https://www.amazon.de/dp/B092R9P5S5,43.0,298.99,298.99,EUR,298.99,Amazon,DE,2026-10-01T11:06:48Z,B092R9P5S5,,,,,
Samsung,"Samsung OLED 4K S85F 65 Zoll (163 cm) UHD Fernseher, NQ4 AI Gen2 Prozessor,4K Upscaling, OLED HDR, Farben Pantone validiert, Dolby Atmos, Gaming-Hub, Knox Security, Samsung Vision AI Smart TV",https://www.amazon.de/dp/B0DF8SM66W,65.0,978.9,978.9,EUR,978.9,Amazon,DE,2026-10-01T11:06:48Z,B0DF8SM66W,,,,,
Samsung,"Samsung QLED 4K Q60D 43 Zoll Fernseher mit Quantum Prozessor Lite, 100% Farbvolumen, Upscaling, Tizen OS, Smart TV, 43Q60D [2024]",https://www.amazon.de/dp/B0D5BNFMHF,43.0,385.15,385.15,EUR,385.15,Amazon,DE,2026-10-01T11:06:48Z,B0D5BNFMHF,,,,,
Samsung,"Samsung TV 24"" LED FHD 4K SmartTV TU24F6005FKXXC [Länderversion Französisch, Spanisch, Portugiesisch]...[Länderversion Französisch, Spanisch, Portugiesisch]",https://www.amazon.de/dp/B0F22BB8VV,24.0,181.69,181.69,EUR,181.69,Amazon,DE,2026-10-01T11:06:48Z,B0F22BB8VV,,,,,
Samsung,"Samsung 32Q5F 32 Zoll (80 cm) FHD QLED AI Smart TV | Hyper Real Prozessor, Dolby Digital Plus Sound, Motion Xcelerator 60H...",https://www.amazon.de/dp/B0HFSJHDTD,32.0,339.0,339.0,EUR,339.0,Amazon,DE,2026-10-01T11:06:48Z,B0HFSJHDTD,,,,,
Samsung,"Samsung RU7179 108 cm (43 Zoll) LED Fernseher (Ultra HD, HDR, Triple Tuner, Smart TV) [Modelljahr 2019]",https://www.amazon.de/dp/B07PGBHP37,43.0,340.04,340.04,EUR,340.04,Amazon,DE,2026-10-01T11:06:48Z,B07PGBHP37,,,,,
Samsung,"Samsung The Frame LS03F 4K QLED 65 Zoll (163 cm) UHD, NQ4 AI Gen2 Prozessor, Art Mode, Artful Picture Quality, One Connect Kabel, 2025",https://www.amazon.de/dp/B0F62T7RFM,65.0,949.0,949.0,EUR,949.0,Amazon,DE,2026-10-01T11:06:48Z,B0F62T7RFM,,,,,
Samsung,"Samsung Neo QLED 4K QN70F 65 Zoll (165 cm) 4K Fernseher TV mit Neural Quantum AI Gen2 Prozessor, Quantum-Matrix-Technologie Slim, Upscaling, Smart TV, 65QN70F [2025]",https://www.amazon.de/dp/B0FC32BSZ1,65.0,772.39,772.39,EUR,772.39,Amazon,DE,2026-10-01T11:06:48Z,B0FC32BSZ1,,,,,
Samsung,"Samsung QLED 4K Q7FA 43 Zoll (108 cm) UHD Fernseher, Q4 AI Prozessor, Quantum Dot, Upscaling, Gaming Hub, Knox Security, Smart TV, 2025",https://www.amazon.de/dp/B0F5BXDVK2,43.0,335.0,335.0,EUR,335.0,Amazon,DE,2026-10-01T11:06:48Z,B0F5BXDVK2,,,,,
Samsung,"Samsung Crystal UHD U8079F 4K 55 Zoll (138 cm) LED Fernseher, Crystal Prozessor 4K, MetalStream Design, SmartThings, AI Upscaling, Gaming Hub, Knox Security, Kostenlose Inhalte, Smart TV",https://www.amazon.de/dp/B0F62VWJX3,55.0,,,,,Amazon,DE,2026-10-01T11:06:48Z,B0F62VWJX3,,,,,
Samsung,"Samsung Crystal UHD U8079F 4K 50 Zoll (125 cm) LED Fernseher, Crystal Prozessor 4K, MetalStream Design, SmartThings, AI Upscaling, Gaming Hub, Knox Security, Kostenlose Inhalte, Smart TV",https://www.amazon.de/dp/B0F62WYBXV,50.0,,,,,Amazon,DE,2026-10-01T11:06:48Z,B0F62WYBXV,,,,,
Samsung,"Samsung Neo QLED 4K QN85F 65 Zoll (163 cm) Mini LED Fernseher, Optimiert für Fussball, NQ4 AI Gen2 Prozessor, Quantum Matrix Plus, Dolby Atmos, Knox Security, Samsung Vision AI Smart TV",https://www.amazon.de/dp/B0DFVGG5PZ,65.0,,,,,Amazon,DE,2026-10-01T11:06:48Z,B0DFVGG5PZ,,,,,
Samsung,"Samsung Crystal UHD 4K U7099F 43 Zoll (108 cm) LED, Optimiert für Fussball und Gaming, 4K Prozessor, AI Upscaling, SmartThings, Knox Security, 2025",https://www.amazon.de/dp/B0F5BR3WSK,43.0,,,,,Amazon,DE,2026-10-01T11:06:48Z,B0F5BR3WSK,,,,,
Samsung,"Samsung Neo QLED 4K QN70F 55 Zoll (138 cm) Mini LED Fernseher, Optimiert für Fussball, NQ4 AI Gen2 Prozessor, Quantum Matrix Technology Slim, Motion Xcelerator, Samsung Vision AI Smart TV",https://www.amazon.de/dp/B0DF6PGDMT,55.0,,,,,Amazon,DE,2026-10-01T11:06:48Z,B0DF6PGDMT,,,,,
Samsung,"Samsung QLED Q8F 4K 55 Zoll (138 cm) UHD Fernseher, Q4 AI Prozessor, Quantum Dot für Reale Farben, AirSlim Design, 4K Upscaling, Gaming Hub, Kostenlose Inhalte, Samsung Vision AI Smart TV",https://www.amazon.de/dp/B0FCX5NT4S,55.0,,,,,Amazon,DE,2026-10-01T11:06:48Z,B0FCX5NT4S,,,,,
Samsung,"Samsung Crystal UHD DU7170 43 Zoll Fernseher, 109 cm (43DU7170), PurColor, Crystal Prozessor 4K, Q-Symphony, Smart TV [2024]",https://www.amazon.de/dp/B0D5RHK9TS,43.0,301.47,301.47,EUR,301.47,Amazon,DE,2026-10-01T11:06:48Z,B0D5RHK9TS,,,,,
Samsung,"Samsung Neo QLED QN70H 4K 43 Zoll (108 cm), Quantum-Mini-LED für ultrafeine Kontraste, UHD Fernseher, 4K AI Upscaling, Adaptive Sound+, Gaming Hub, Motion Xcelerator 144Hz, AI Companion, Smart TV",https://www.amazon.de/dp/B0GXZTJZBG,43.0,619.0,619.0,EUR,619.0,Amazon,DE,2026-10-01T11:06:48Z,B0GXZTJZBG,,,,,
Samsung,"Samsung QLED 4K Q6FA 75 Zoll (189 cm) UHD Fernseher, 100% Farbvolumen für satte Farben, Quantum HDR, 4K Upscaling, Knox Security, Kostenlos 900 Sender TV Plus, Samsung Vision AI Smart TV",https://www.amazon.de/dp/B0FKTKVZ2J,75.0,791.95,791.95,EUR,791.95,Amazon,DE,2026-10-01T11:06:48Z,B0FKTKVZ2J,,,,,
Samsung,"Samsung Neo QLED 4K QN90F 50 Zoll (127 cm) 4K Fernseher, TV mit Neural Quantum AI Gen3 Prozessor, Quantum-Matrix-Technologie Plus, AI Upscaling Pro, Smart TV, 50QN90F [2025]",https://www.amazon.de/dp/B0FC2DKRLN,50.0,688.01,688.01,EUR,688.01,Amazon,DE,2026-10-01T11:06:48Z,B0FC2DKRLN,,,,,
Samsung,"Samsung Mini LED M80H 4K 65 Zoll (163 cm), UHD Fernseher, Mini LED HDR für beeindruckende Details, Motion Xcelerator 144Hz, AI Fußballmodus, Dynamik Sound Pack, AI Companion für deine Fragen, Smart TV",https://www.amazon.de/dp/B0GXZTJG1Y,65.0,713.0,713.0,EUR,713.0,Amazon,DE,2026-10-01T11:06:48Z,B0GXZTJG1Y,,,,,
Samsung,"Samsung TU7079 108 cm (43 Zoll) LED Fernseher (Ultra HD, HDR 10+, Triple Tuner, Smart TV) [Modelljahr 2020]",https://www.amazon.de/dp/B085L8SQ9N,43.0,298.98,298.98,EUR,298.98,Amazon,DE,2026-10-01T11:06:48Z,B085L8SQ9N,,,,,
Samsung,"Samsung Crystal UHD 4K U80F 55 Zoll (138 cm) LED Fernseher, Crystal Prozessor 4K, MetalStream Design, SmartThings, Knox Security, Gaming Hub, AI Upscaling, Kostenlos...[Länderversion Ungarisch]",https://www.amazon.de/dp/B0FLJYHB8D,55.0,364.14,364.14,EUR,364.14,Amazon,DE,2026-10-01T11:06:48Z,B0FLJYHB8D,,,,,
Samsung,Samsung Smart TV TU43DU7105 4K Ultra HD LED 43 Zoll,https://www.amazon.de/dp/B0D2LJMNXG,43.0,296.78,296.78,EUR,296.78,Amazon,DE,2026-10-01T11:06:48Z,B0D2LJMNXG,,,,,
Samsung,"Samsung Neo QLED QN70H 4K 43 Zoll (108 cm) Fernseher, Quantum Mini LED, Neural Quantum 4K AI Prozessor, Motion Xcelerator, Samsung Vision AI, Adaptive Sound+, Gaming Hub",https://www.amazon.de/dp/B0H3KJH64R,43.0,,,,,Amazon,DE,2026-10-01T11:06:48Z,B0H3KJH64R,,,,,
Samsung,"Samsung Neo QLED QN80H 4K 65 Zoll (163 cm), UHD Fernseher, Quantum-Mini-LED für ultrafeine Kontraste, 4K AI Upscaling, Adaptive Sound Pro, Gaming Hub, Motion Xcelerator 144Hz, AI Companion, Smart TV",https://www.amazon.de/dp/B0GXZQHTDL,65.0,1299.0,1299.0,EUR,1299.0,Amazon,DE,2026-10-01T11:06:48Z,B0GXZQHTDL,,,,,
Samsung,"Samsung QLED Q7F4 4K 65 Zoll UHD Fernseher, Q4 AI Prozessor, Quantum Dot Für Reale Farben, Upscaling, Knox Security, Adaptive Sound, Samsung Vision Smart TV, 65Q7F (2025), 165 Cm",https://www.amazon.de/dp/B0FFB4LJ94,65.0,,,,,Amazon,DE,2026-10-01T11:06:48Z,B0FFB4LJ94,,,,,
Samsung,"Samsung QLED Q7F 4K Smart TV 65 Zoll (163 cm) mit AI-Vision, 100% Farbvolumen mit Quantum Dot, HDR10+, Q4 AI Prozessor, One UI Tizen, Wi-Fi, Bluetooth 5.3 und Motion...[Länderversion Ungarisch]",https://www.amazon.de/dp/B0FMRZZJ9Z,65.0,603.63,603.63,EUR,603.63,Amazon,DE,2026-10-01T11:06:48Z,B0FMRZZJ9Z,,,,,
Samsung,"Samsung Neo QLED 4K QN85F 55 Zoll (138 cm) Mini LED Fernseher, NQ4 AI Gen2 Prozessor, Quantum Matrix Plus, Neo Quantum HDR+, Dolby Atmos, Knox Security, Samsung Vision AI Smart TV",https://www.amazon.de/dp/B0DFVGXR6J,55.0,599.0,599.0,EUR,599.0,Amazon,DE,2026-10-01T11:06:48Z,B0DFVGXR6J,,,,,
Samsung,"Samsung 75QN70F 75 Zoll (190 cm) 4K UHD Neo QLED AI Smart TV | NQ4 AI Gen2 Prozessor mit AI-Upscaling, Dolby Atmos Sound, ...",https://www.amazon.de/dp/B0FC35H3ND,75.0,1025.53,1025.53,EUR,1025.53,Amazon,DE,2026-10-01T11:06:48Z,B0FC35H3ND,,,,,
Samsung,"Samsung Crystal U9079H 4K 98 Zoll (247 cm), UHD Fernseher, AI Companion für Deine Fragen, Color Booster Pro für intensivere Farben, 4K AI Upscaling, Dynamik Sound Pack, kostenlos 900 Sender, Smart TV",https://www.amazon.de/dp/B0GXZJQQ1B,98.0,1679.84,1679.84,EUR,1679.84,Amazon,DE,2026-10-01T11:06:48Z,B0GXZJQQ1B,,,,,
Samsung,"Samsung Full HD TV 40F6000 40 Zoll (102cm) Fernseher, Smart-TV inkl WLAN, HDR 10+, Triple Tuner, UE40F6000FU [2025] [Länderversion Niederländisch]",https://www.amazon.de/dp/B0DFVWYPBF,40.0,,,,,Amazon,DE,2026-10-01T11:06:48Z,B0DFVWYPBF,,,,,
Samsung,"Samsung Series 7 UE43CU7092U Crystal UHD Smart TV 109,2 cm (43"""")",https://www.amazon.de/dp/B0CYTDD425,43.0,290.78,290.78,EUR,290.78,Amazon,DE,2026-10-01T11:06:48Z,B0CYTDD425,,,,,
Samsung,"Samsung Crystal UHD 4K U80F 43 Zoll (108 cm) LED Fernseher, Crystal Prozessor 4K, MetalStream Design, SmartThings, Knox Security, Gaming Hub, AI Upscaling, Kostenlos...[Länderversion Ungarisch]",https://www.amazon.de/dp/B0FLDQF3Y7,43.0,,,,,Amazon,DE,2026-10-01T11:06:48Z,B0FLDQF3Y7,,,,,
Samsung,"Samsung Crystal UHD DU7170 50 Zoll Fernseher, 127 cm (50DU7170), PurColor, Crystal Prozessor 4K, Q-Symphony, Smart TV [2024]",https://www.amazon.de/dp/B0D5DJF9QQ,50.0,344.7,344.7,EUR,344.7,Amazon,DE,2026-10-01T11:06:48Z,B0D5DJF9QQ,,,,,
Samsung,"Samsung Neo QLED 4K QN80F 85 Zoll (214 cm) Mini LED Fernseher, NQ4 AI Gen2 Prozessor, Quantum Matrix Technology Core, 4K Upscaling, Dolby Atmos, Knox Security, Samsung Vision AI Smart TV",https://www.amazon.de/dp/B0DFVN7D6L,85.0,1689.69,1689.69,EUR,1689.69,Amazon,DE,2026-10-01T11:06:48Z,B0DFVN7D6L,,,,,
Samsung,"Samsung Neo QLED 4K QN80F 55 Zoll (138 cm) Mini LED Fernseher, NQ4 AI Gen2 Prozessor, Quantum Matrix Technology Slim, Motion Xcelerator 144Hz, AirSlim Design, Samsun...[Länderversion Ungarisch]",https://www.amazon.de/dp/B0FMY7DGWK,55.0,509.0,509.0,EUR,509.0,Amazon,DE,2026-10-01T11:06:48Z,B0FMY7DGWK,,,,,
Samsung,"Samsung Neo QLED 8K QN900F 75 Zoll (189 cm) Mini LED Fernseher, Antireflexion, 8K AI Upscaling, Metal Frame Design, Knox Security, Dolby Atmos, Art Store Galerie, Samsung Vision AI Smart TV",https://www.amazon.de/dp/B0F62ZTQQK,75.0,2588.0,2588.0,EUR,2588.0,Amazon,DE,2026-10-01T11:06:48Z,B0F62ZTQQK,,,,,
Samsung,"Samsung Neo QLED 4K QN70F 65 Zoll (163 cm) Mini LED Fernseher, NQ4 AI Gen2 Prozessor, Quantum Matrix Technology Slim, Motion Xcelerator 144Hz, AirSlim Design, Samsun...[Länderversion Ungarisch]",https://www.amazon.de/dp/B0FHXPNHGR,65.0,765.9,765.9,EUR,765.9,Amazon,DE,2026-10-01T11:06:48Z,B0FHXPNHGR,,,,,
Samsung,"Samsung QLED Q7F4 4K 50 Zoll (127 cm) UHD Fernseher, Q4 AI Prozessor, Quantum Dot für Reale Farben, 4K Upscaling, Knox Security, Adaptive Sound, Samsung Vis... [Niederländische Version]",https://www.amazon.de/dp/B0FFB4S5MB,50.0,366.13,366.13,EUR,366.13,Amazon,DE,2026-10-01T11:06:48Z,B0FFB4S5MB,,,,,
Samsung,"Samsung Neo QLED 4K QN90F 43 Zoll (109 cm) 4K Fernseher, TV mit Neural Quantum AI Gen3 Prozessor, Quantum-Matrix-Technologie Plus, AI Upscaling Pro, Smart TV, 43QN90F [2025]",https://www.amazon.de/dp/B0FC2FF8W6,43.0,719.0,719.0,EUR,719.0,Amazon,DE,2026-10-01T11:06:48Z,B0FC2FF8W6,,,,,
Samsung,"Samsung Neo QLED 4K QN70F 55 Zoll (138 cm) Mini LED Fernseher, NQ4 AI Gen2 Prozessor, Quantum Matrix Technology Slim, Motion Xcelerator 144Hz, AirSlim Design, Samsun...[Länderversion Ungarisch]",https://www.amazon.de/dp/B0FM8TDCTT,55.0,546.51,546.51,EUR,546.51,Amazon,DE,2026-10-01T11:06:48Z,B0FM8TDCTT,,,,,
Samsung,"Samsung Crystal UHD 4K U80F 50 Zoll (125 cm) LED Fernseher, Crystal Prozessor 4K, MetalStream Design, SmartThings, Knox Security, Gaming Hub, AI Upscaling, Koste... [Ungarische Version]",https://www.amazon.de/dp/B0FMF8VJB1,50.0,,,,,Amazon,DE,2026-10-01T11:06:48Z,B0FMF8VJB1,,,,,
Samsung,"Samsung 43 Zoll Mini LED TV M72H 4K Smart TV mit Vision AI Companion, AI Modus Fußball TV Plus, Sport, Kino und Gaming",https://www.amazon.de/dp/B0GWN6CDVH,43.0,339.99,339.99,EUR,339.99,Amazon,DE,2026-10-01T11:06:48Z,B0GWN6CDVH,,,,,
Philips,"PHILIPS 32PHS6000 HD LED Smart TV - 32 Zoll Display mit Pixel Plus, Titan OS Plattform Und Dolby Digital Sound - Funktioniert Mit Alexa Und Google Sprachassistent, 2025",https://www.amazon.de/dp/B0F2N4N53N,32.0,,,,,Amazon,DE,2026-10-01T11:06:48Z,B0F2N4N53N,,,,,
Samsung,"SAMSUNG TV 50 Zoll QLED 50Q7F 4K Smart TV mit AI-Vision, 100% Farbvolumen mit Quantum Dots, authentischem Quantum Dot und Motion Xcelerator [Länderversion Spanisch]",https://www.amazon.de/dp/B0F9Q7MC87,50.0,369.13,369.13,EUR,369.13,Amazon,DE,2026-10-01T11:06:48Z,B0F9Q7MC87,,,,,
Samsung,"Samsung Neo QLED 4K QN80F Mini LED TV, NQ4 AI Gen2 Processor, Quantum Matrix Technology Slim, Motion Xcelerator 144hz, Airslim Design, 163 Cm, 65 Inch",https://www.amazon.de/dp/B0FMY8JRPW,65.0,837.3,837.3,EUR,837.3,Amazon,DE,2026-10-01T11:06:48Z,B0FMY8JRPW,,,,,
Samsung,"Samsung TU7199 108 cm (43 Zoll) LED Fernseher (Ultra HD, HDR 10+, Triple Tuner, Smart TV) [Modelljahr 2020]",https://www.amazon.de/dp/B0896V3YWW,43.0,295.53,295.53,EUR,295.53,Amazon,DE,2026-10-01T11:06:48Z,B0896V3YWW,,,,,
Xiaomi,"Xiaomi TV F 65 Zoll 2025, 4K UHD, Smart TV, Fire OS8, HDR10, L65MB-FAEU | Triple Tuner DVB-C/S/S2/T/T2, 60Hz with 120Hz Ga...",https://www.amazon.de/dp/B0F457MQCQ,65.0,399.0,399.0,EUR,399.0,Amazon,DE,2026-10-01T11:06:48Z,B0F457MQCQ,,,,,
Samsung,"Samsung Smart TV 43 Zoll QN70H Mini LED Neo QLED 4K, Quantum Mini LED, Real QLED 100% Farbvolumen, Crystal 4K Prozessor optimiert durch KI, Motion Xcelerator, Vision AI Companion [2026]",https://www.amazon.de/dp/B0H11F4MXN,43.0,570.43,570.43,EUR,570.43,Amazon,DE,2026-10-01T11:06:48Z,B0H11F4MXN,,,,,
Samsung,"Samsung The Frame LS03H 4K 55 Zoll (138 cm), UHD Fernseher, Art Mode mit wechselnden Kunstwerken, Wireless One Connect Box, Antireflexion mit Glare Free, QLED-Bildqualität, Dolby Atmos, Smart AI TV",https://www.amazon.de/dp/B0GXZJW39B,55.0,999.0,999.0,EUR,999.0,Amazon,DE,2026-10-01T11:06:48Z,B0GXZJW39B,,,,,
Samsung,"Samsung OLED 4K S90F 65 Zoll (165 cm), UHD Fernseher, NQ4 AI Gen3 Prozessor, OLED HDR+, 4K Upscaling Pro, Dolby Atmos, Gaming Hub, Motion Xcelerator 144Hz, Samsung V...[Länderversion Niederländisch]",https://www.amazon.de/dp/B0FP51R6WF,65.0,1445.98,1445.98,EUR,1445.98,Amazon,DE,2026-10-01T11:06:48Z,B0FP51R6WF,,,,,
Samsung,"Samsung OLED S90H 4K 55 Zoll (138 cm), UHD Fernseher, Antireflexion mit Glare Free, OLED HDR+, Ultimate Gaming Pack (NVIDIA G-SYNC & AMD FreeSync Pro) mit 165Hz, HDMI 2.1, Dolby Atmos, Smart AI TV",https://www.amazon.de/dp/B0GXZQL9W2,55.0,1455.0,1455.0,EUR,1455.0,Amazon,DE,2026-10-01T11:06:48Z,B0GXZQL9W2,,,,,
Samsung,Samsung QE32LS03C QLED-Fernseher 32 Zoll The Frame,https://www.amazon.de/dp/B0BWFPKGMZ,32.0,348.76,348.76,EUR,348.76,Amazon,DE,2026-10-01T11:06:48Z,B0BWFPKGMZ,,,,,
Samsung,"Samsung Micro RGB R85H 4K 55 Zoll (138 cm), UHD Fernseher, Micro RGB HDR+ & AI Engine für realitätsnahe Farben, Dolby Atmos, Gaming Hub, Motion Xcelerator 144Hz, AI Companion für Fragen, Smart TV",https://www.amazon.de/dp/B0GXZHQ5ZC,55.0,1053.99,1053.99,EUR,1053.99,Amazon,DE,2026-10-01T11:06:48Z,B0GXZHQ5ZC,,,,,
Samsung,"Samsung 65S95H 65 Zoll (165 cm) 4K UHD OLED evo AI Smart TV | NQ4 AI Gen3 Prozessor mit AI-Upscaling, Dolby Atmos Sound, M...",https://www.amazon.de/dp/B0HF551V2W,65.0,2159.0,2159.0,EUR,2159.0,Amazon,DE,2026-10-01T11:06:48Z,B0HF551V2W,,,,,
Samsung,"Samsung QLED 4K Q60A TV 43 Zoll (GQ43Q60AAUXZG), Quantum HDR, Quantum Prozessor Lite 4K, 100% Farbvolumen [2021]",https://www.amazon.de/dp/B092R8T45C,43.0,371.65,371.65,EUR,371.65,Amazon,DE,2026-10-01T11:06:48Z,B092R8T45C,,,,,
Samsung,"Samsung Crystal UHD DU7170 65 Zoll Fernseher, 165 cm (65DU7170), PurColor, Crystal Prozessor 4K, Q-Symphony, Smart TV [2024]",https://www.amazon.de/dp/B0D6GSK1N7,65.0,538.73,538.73,EUR,538.73,Amazon,DE,2026-10-01T11:06:48Z,B0D6GSK1N7,,,,,
Samsung,"Samsung Crystal UHD 4K U70F 43 Zoll (108 cm) LED Fernseher, Crystal Prozessor 4K, MetalStream Design, SmartThings, Knox Security, Gaming Hub, AI Upscaling, Kostenlos...[Länderversion Ungarisch]",https://www.amazon.de/dp/B0FM9G9LSY,43.0,301.95,301.95,EUR,301.95,Amazon,DE,2026-10-01T11:06:48Z,B0FM9G9LSY,,,,,
Samsung,"Samsung QLED Q7F4 4K 75 Zoll (191 cm) UHD Fernseher, Q4 AI Prozessor, Quantum Dot für Reale Farben, 4K Upscaling, Knox Security, Adaptive Sound, Samsung Vision AI Smart TV, 75Q7F (2025)",https://www.amazon.de/dp/B0FFB5LGJ6,75.0,713.97,713.97,EUR,713.97,Amazon,DE,2026-10-01T11:06:48Z,B0FFB5LGJ6,,,,,
Samsung,"Samsung QLED FHD QE32Q50A 81,3 cm (32 Zoll) Smart TV WLAN Schwarz [Länderversion Niederländisch]",https://www.amazon.de/dp/B0CPPQJG69,32.0,,,,,Amazon,DE,2026-10-01T11:06:48Z,B0CPPQJG69,,,,,
Samsung,"Samsung TU8079 108 cm (43 Zoll) LED Fernseher (Ultra HD, HDR10+, Triple Tuner, Smart TV) [Modelljahr 2020]",https://www.amazon.de/dp/B085L2FVVK,43.0,305.99,305.99,EUR,305.99,Amazon,DE,2026-10-01T11:06:48Z,B085L2FVVK,,,,,
Samsung,"Samsung QE32Q5FAAUXZT Smart-TV, 32 Zoll Full HD QLED DVB-T2 CI+ HbbTV Energieeffizienzklasse F",https://www.amazon.de/dp/B0H4MHNH14,32.0,307.0,307.0,EUR,307.0,Amazon,DE,2026-10-01T11:06:48Z,B0H4MHNH14,,,,,
Samsung,"Samsung The Frame LS03F 4K QLED 65 Zoll (165 cm) UHD Fernseher, Modern Frame Design, NQ4 AI Gen2 Prozessor, Art Mode, Artful Picture Quality, One Connect Box, Vision Smart TV, 65LS03FA (2025)",https://www.amazon.de/dp/B0FFBJCVSW,65.0,847.68,847.68,EUR,847.68,Amazon,DE,2026-10-01T11:06:48Z,B0FFBJCVSW,,,,,
Samsung,"SAMSUNG TV 55 Zoll Crystal UHD U8075F 4K Smart TV, unglaubliche Farben mit Crystal Processor 4K, Hören Sie alle Lautsprecher mit Q-Symphony, Daten geschützt durch Kn...[Länderversion Spanisch]",https://www.amazon.de/dp/B0F9Q2QDJZ,55.0,423.62,423.62,EUR,423.62,Amazon,DE,2026-10-01T11:06:48Z,B0F9Q2QDJZ,,,,,
Samsung,"Samsung Neo QLED 4K QN80F 50 Zoll (125 cm) Mini LED Fernseher, NQ4 AI Gen2 Prozessor, Quantum Matrix Technology Slim, Motion Xcelerator 144Hz, AirSlim Design, Sa... [Ungarische Version]",https://www.amazon.de/dp/B0FHXFNNCD,50.0,576.4,576.4,EUR,576.4,Amazon,DE,2026-10-01T11:06:48Z,B0FHXFNNCD,,,,,
Samsung,"Samsung Crystal UHD 4K U80F 65 Zoll (163 cm) LED Fernseher, Crystal Prozessor 4K, MetalStream Design, SmartThings, Knox Security, Gaming Hub, AI Upscaling, Kostenlos...[Länderversion Ungarisch]",https://www.amazon.de/dp/B0FMS3F365,65.0,578.18,578.18,EUR,578.18,Amazon,DE,2026-10-01T11:06:48Z,B0FMS3F365,,,,,
Hisense,"Hisense 55E7DS Fernseher 55 Zoll, 4K UHD QLED, Smart TV, Hi View AI Engine, 60Hz Game Mode Plus, Dolby Vision IQ, QLED Colour, Filmmaker, Smooth Motion, Airplay, Sprachsteuerung, 2026",https://www.amazon.de/dp/B0GM1TVSMG,55.0,399.99,399.99,EUR,399.99,Amazon,DE,2026-10-01T11:06:48Z,B0GM1TVSMG,,,,,
Samsung,Samsung 50 Zoll Mini LED M1EH 4K Samsung Vision AI Smart TV (2026),https://www.amazon.de/dp/B0H5P9P2GX,50.0,499.0,499.0,EUR,499.0,Amazon,DE,2026-10-01T11:06:48Z,B0H5P9P2GX,,,,,
Samsung,"Samsung Crystal UHD 4K U80F 50 Zoll (125 cm) LED Fernseher, Crystal Prozessor 4K, MetalStream Design, SmartThings, Knox Security, Gaming Hub, AI Upscaling, Kostenlos...[Länderversion Ungarisch]",https://www.amazon.de/dp/B0FM98T47Y,50.0,345.0,345.0,EUR,345.0,Amazon,DE,2026-10-01T11:06:48Z,B0FM98T47Y,,,,,
Samsung,"Samsung Crystal UHD 4K DU9079 Fernseher 98 Zoll (249 cm), AI mit Gaming-Hub, Fussball-optimiertes Heimkino, Smart TV mit Alexa, Knox Security, 3D Surround Sound & Q-Symphony, KI TV",https://www.amazon.de/dp/B0CZS4X2S8,98.0,,,,,Amazon,DE,2026-10-01T11:06:48Z,B0CZS4X2S8,,,,,
Samsung,"Samsung UE43DU8072UXXH Crystal UHD Smart TV 109,2 cm (43"""")",https://www.amazon.de/dp/B0D5D33WRZ,43.0,329.4,329.4,EUR,329.4,Amazon,DE,2026-10-01T11:06:48Z,B0D5D33WRZ,,,,,
Samsung,"Samsung OLED S95F 77 Zoll (195 cm) 4K, NQ4 AI Gen3 Prozessor, OLED HDR Pro, Gaming Hub, Motion Xcelerator 165Hz, Upscaling, Dolby Atmos, Smart TV, 2025",https://www.amazon.de/dp/B0F62WKPXD,77.0,,,,,Amazon,DE,2026-10-01T11:06:48Z,B0F62WKPXD,,,,,
Samsung,"Samsung Crystal UHD Fernseher 4K DU7179, 43 Zoll (108 cm), PurColor, Upscaling, Gaming Hub, Prozessor, Tizen OS, Smart TV, Alexa, 3D Surround Sound & Q-Symphony, 2024",https://www.amazon.de/dp/B0CZS1YTCF,43.0,,,,,Amazon,DE,2026-10-01T11:06:48Z,B0CZS1YTCF,,,,,
Samsung,"Samsung QLED Q7F2 4K 85 Zoll (214 cm) UHD, Q4 AI Prozessor, Quantum Dot, Upscaling, Knox Security, Gaming Hub, Smart TV",https://www.amazon.de/dp/B0F62RQFP5,85.0,,,,,Amazon,DE,2026-10-01T11:06:48Z,B0F62RQFP5,,,,,
Samsung,"Samsung LS03T The Frame 80 cm (32 Zoll) QLED Lifestyle Fernseher (Art Mode, Full HD, Dual LED, HDR 10+, Smart TV) [Modelljahr 2020]",https://www.amazon.de/dp/B085L3VZYR,32.0,519.0,519.0,EUR,519.0,Amazon,DE,2026-10-01T11:06:48Z,B085L3VZYR,,,,,
Samsung,Samsung F6002F Smart TV 27 Zoll Full HD LED DVB-T2/S2/C HD HDR WiFi Bluetooth VESA 2025 [Ungarische Version],https://www.amazon.de/dp/B0FTFSJDYQ,27.0,,,,,Amazon,DE,2026-10-01T11:06:48Z,B0FTFSJDYQ,,,,,
Samsung,"Samsung OLED 4K S90D Fernseher 55 Zoll (140 cm), TV Mit Neural Quantum AI Gen2 Prozessor, HDR+, AI Upscaling, Smart TV, KI TV, 55S90D [2024]",https://www.amazon.de/dp/B0DJH67TYL,55.0,,,,,Amazon,DE,2026-10-01T11:06:48Z,B0DJH67TYL,,,,,
Samsung,"Samsung Neo QLED 4K QN85F 55 Zoll (138 cm) Mini LED Fernseher, NQ4 AI Gen2 Prozessor, Quantum Matrix Technology Slim, Motion Xcelerator 144Hz, AirSlim Design, Samsun...[Länderversion Ungarisch]",https://www.amazon.de/dp/B0FND79K77,55.0,629.0,629.0,EUR,629.0,Amazon,DE,2026-10-01T11:06:48Z,B0FND79K77,,,,,
Samsung,"Samsung Neo QLED 4K QN90F 43 Zoll (108 cm) Mini LED Fernseher, NQ4 AI Gen2 Prozessor, Quantum Matrix Technology Slim, Motion Xcelerator 165Hz, AirSlim Design, Samsun...[Länderversion Ungarisch]",https://www.amazon.de/dp/B0FPCQTF91,43.0,719.0,719.0,EUR,719.0,Amazon,DE,2026-10-01T11:06:48Z,B0FPCQTF91,,,,,
Samsung,"Cello CTRAV-16TZ 16 Zoll Smart-TV, 12 V/230 V, Tizen OS von Samsung, Bluetooth, Triple-Tuner, Pitch Perfect Sound, für Campervans, LKW und Boote",https://www.amazon.de/dp/B0GJLKVJLP,16.0,229.99,229.99,EUR,229.99,Amazon,DE,2026-10-01T11:06:48Z,B0GJLKVJLP,,,,,
Samsung,"Samsung Neo QLED 4K QN80F 75 Zoll (189 cm) Mini LED Fernseher, NQ4 AI Gen2 Prozessor, Quantum Matrix Technology Slim, Motion Xcelerator 144Hz, AirSlim Design, Samsung Vision AI Smart TV",https://www.amazon.de/dp/B0FR5J19T2,75.0,1103.41,1103.41,EUR,1103.41,Amazon,DE,2026-10-01T11:06:48Z,B0FR5J19T2,,,,,
Samsung,"Samsung OLED S85H 4K 48 Zoll (121 cm), UHD Fernseher, OLED HDR, Premium Gaming Pack (NVIDIA G-SYNC & AMD FreeSync Premium) mit 120Hz, HDMI 2.1, Dolby Atmos, AI Companion für Fragen, Smart AI TV",https://www.amazon.de/dp/B0GXZK1RXH,48.0,1099.0,1099.0,EUR,1099.0,Amazon,DE,2026-10-01T11:06:48Z,B0GXZK1RXH,,,,,
Samsung,Samsung 85 Zoll Micro RGB R95H 4K Samsung Vision AI Smart TV (2026),https://www.amazon.de/dp/B0H8SQLGJD,85.0,5799.0,5799.0,EUR,5799.0,Amazon,DE,2026-10-01T11:06:48Z,B0H8SQLGJD,,,,,
Samsung,"Samsung Smart TV 50 Zoll M70H Mini LED 4K, UHD, Mini LED HDR für atemberaubende Details, Pure Spectrum Color, Motion Xcelerator 144 Hz, Dynamic Sound Pack, Vision AI Companion [2026]",https://www.amazon.de/dp/B0H11LDLWP,50.0,374.79,374.79,EUR,374.79,Amazon,DE,2026-10-01T11:06:48Z,B0H11LDLWP,,,,,
Samsung,"Samsung Q80D QE75Q80DATXXH TV 190,5 cm (75"") 4K Ultra HD Smart TV WiFi Argent",https://www.amazon.de/dp/B0DF5R6VPT,75.0,1049.0,1049.0,EUR,1049.0,Amazon,DE,2026-10-01T11:06:48Z,B0DF5R6VPT,,,,,
Samsung,"Samsung Smart TV 50 Zoll U8075H Crystal UHD 4K, PurColor, Upscaling 4K, Motion Xcelerator, Dynamic Sound Pack, Gaming Hub, Fußball, Vision AI Companion [2026]",https://www.amazon.de/dp/B0GJ5F3LRV,50.0,364.23,364.23,EUR,364.23,Amazon,DE,2026-10-01T11:06:48Z,B0GJ5F3LRV,,,,,
Samsung,"Samsung Crystal UHD LED Fernseher 2025, Crystal Prozessor 4K, MetalStream Design, SmartThings, Knox Security, Gaming Hub, AI Upscaling, Kostenlose Inhalte, Smart AI TV (U70F, 50 Zoll)",https://www.amazon.de/dp/B0FDGRFFLM,50.0,355.35,355.35,EUR,355.35,Amazon,DE,2026-10-01T11:06:48Z,B0FDGRFFLM,,,,,
Samsung,Samsung 55 Zoll The Frame Pro LS03HW 4K Samsung Vision AI Smart TV (2026),https://www.amazon.de/dp/B0H5XS3QM6,55.0,1599.0,1599.0,EUR,1599.0,Amazon,DE,2026-10-01T11:06:48Z,B0H5XS3QM6,,,,,
Samsung,"Samsung 32HT5300 Professioneller Hotelfernseher 81,3 cm (32 Zoll)",https://www.amazon.de/dp/B0C18ZG8P8,32.0,253.5,253.5,EUR,253.5,Amazon,DE,2026-10-01T11:06:48Z,B0C18ZG8P8,,,,,
Samsung,"Samsung QLED Q7F5 4K Smart TV 75 Zoll mit AI-Vision, 100% Farbvolumen mit Quantum Dot und mehr als 500 Kanälen [Länderversion Spanisch]",https://www.amazon.de/dp/B0F2FLQTM9,75.0,695.86,695.86,EUR,695.86,Amazon,DE,2026-10-01T11:06:48Z,B0F2FLQTM9,,,,,
Samsung,"Samsung QLED Q70D 65 Zoll (165 cm) Fernseher TV mit Quantum Prozessor 4K, 100% Farbvolumen,AI Upscaling, Tizen OS, Smart TV, 65Q70D, [2024]",https://www.amazon.de/dp/B0D3M71F9P,65.0,931.38,931.38,EUR,931.38,Amazon,DE,2026-10-01T11:06:48Z,B0D3M71F9P,,,,,
Samsung,"Samsung The Frame LS03F 4K QLED 55 Zoll (138 cm) UHD Fernseher, Modern Frame Design, NQ4 AI Gen2 Prozessor, Art Mode, Artful Picture Quality, One Connect Kabel, Sams...[Länderversion Ungarisch]",https://www.amazon.de/dp/B0FM8QJ5TD,55.0,725.66,725.66,EUR,725.66,Amazon,DE,2026-10-01T11:06:48Z,B0FM8QJ5TD,,,,,
Samsung,Samsung UE43CU7190 LED-Fernseher 43 Zoll UHD,https://www.amazon.de/dp/B0BWFPXMJZ,43.0,302.4,302.4,EUR,302.4,Amazon,DE,2026-10-01T11:06:48Z,B0BWFPXMJZ,,,,,
Samsung,Samsung UE50M70HAUXZT - 50 Zoll Smart TV 4K DVB-T2 LED Schwarz Energieklasse F,https://www.amazon.de/dp/B0H4LZ5VCD,50.0,374.79,374.79,EUR,374.79,Amazon,DE,2026-10-01T11:06:48Z,B0H4LZ5VCD,,,,,
Samsung,"Samsung OLED S99H 4K 65 Zoll (163 cm), UHD Fernseher, Antireflexion mit Glare Free, FloatLayer OLED Design mit Metallrahmen, bündige Wandmontage, Dolby Atmos, bis 165Hz, AI Companion, Smart AI TV",https://www.amazon.de/dp/B0GXZSJ2RG,65.0,2899.0,2899.0,EUR,2899.0,Amazon,DE,2026-10-01T11:06:48Z,B0GXZSJ2RG,,,,,
Samsung,"Samsung 77S95H 77 Zoll (196 cm) 4K UHD OLED evo AI Smart TV | NQ4 AI Gen3 Prozessor mit AI-Upscaling, Dolby Atmos Sound, M...",https://www.amazon.de/dp/B0HF5H76L9,77.0,2849.0,2849.0,EUR,2849.0,Amazon,DE,2026-10-01T11:06:48Z,B0HF5H76L9,,,,,
Samsung,Samsung 65 Zoll The Frame Pro LS03HW 4K Samsung Vision AI Smart TV (2026),https://www.amazon.de/dp/B0H62DFVF1,65.0,1979.0,1979.0,EUR,1979.0,Amazon,DE,2026-10-01T11:06:48Z,B0H62DFVF1,,,,,
Samsung,"Samsung Neo QLED 4K QN85D 65 Zoll Fernseher Mit Neural Quantum AI Gen2 Prozessor, Quantum-Matrix-Technologie, AI Upscaling, Smart TV, KI TV, 65QN85D [2024] [Länderversion Niederländisch]",https://www.amazon.de/dp/B0DG2L9C2F,65.0,999.0,999.0,EUR,999.0,Amazon,DE,2026-10-01T11:06:48Z,B0DG2L9C2F,,,,,
Samsung,"Samsung Crystal UHD DU7170 75 Zoll Fernseher, 191 cm (75DU7170), PurColor, Crystal Prozessor 4K, Q-Symphony, Smart TV [2024]",https://www.amazon.de/dp/B0D5Y9ZRTR,75.0,697.1,697.1,EUR,697.1,Amazon,DE,2026-10-01T11:06:48Z,B0D5Y9ZRTR,,,,,
Samsung,"Samsung Neo QLED 4K QN85F 65 Zoll (163 cm) Mini LED Fernseher, NQ4 AI Gen2 Prozessor, Quantum Matrix Technology Slim, Motion Xcelerator 144Hz, AirSlim Design, Samsun...[Länderversion Ungarisch]",https://www.amazon.de/dp/B0FND6LTR5,65.0,954.13,954.13,EUR,954.13,Amazon,DE,2026-10-01T11:06:48Z,B0FND6LTR5,,,,,
Samsung,"Samsung Full HD F6009F FHD 40 Zoll, HDR 10+, PurColor für realitätsnahe Farben, OTS Lite für einen virtuellen Sound, Q-Symphony, Gaming Hub, Google Assistant, AirPlay, kostenlos 900 Sender mit TV Plus",https://www.amazon.de/dp/B0H2DG9MNV,40.0,399.0,399.0,EUR,399.0,Amazon,DE,2026-10-01T11:06:48Z,B0H2DG9MNV,,,,,
Samsung,"SAMSUNG TV 43 Zoll QLED Q8F 4K Smart TV mit AI-Vision, 100% Farbvolumen mit Quantum Dot, authentischem Quantum Dot und Motion Xcelerator [Länderversion Spanisch]",https://www.amazon.de/dp/B0F2296XMW,43.0,,,,,Amazon,DE,2026-10-01T11:06:48Z,B0F2296XMW,,,,,
Samsung,"Samsung TV S90F (2025) 42"" OLED 4K - TQ42S90FAEXXC [Länderversion Französisch, Spanisch, Portugiesisch]...[Länderversion Französisch, Spanisch, Portugiesisch]",https://www.amazon.de/dp/B0FT879YNJ,42.0,1019.0,1019.0,EUR,1019.0,Amazon,DE,2026-10-01T11:06:48Z,B0FT879YNJ,,,,,
Samsung,"Samsung 65"" TV (2025) QLED 4K UHD - TQ65Q8FAAUXXC [Länderversion Französisch, Spanisch, Portugiesisch]...[Länderversion Französisch, Spanisch, Portugiesisch]",https://www.amazon.de/dp/B0F2FKKLTG,65.0,643.87,643.87,EUR,643.87,Amazon,DE,2026-10-01T11:06:48Z,B0F2FKKLTG,,,,,
Samsung,"Samsung Neo QLED 4K QN90D 43 Zoll (109 cm) Fernseher Mit Neural Quantum AI Gen2 Prozessor, Quantum-Matrix-Technologie, AI Upscaling, Smart TV, KI TV, 43QN90D [2024]",https://www.amazon.de/dp/B0D5CXBK1J,43.0,719.0,719.0,EUR,719.0,Amazon,DE,2026-10-01T11:06:48Z,B0D5CXBK1J,,,,,
Samsung,"Samsung Crystal UHD DU7170 55 Zoll Fernseher, 140 cm (55DU7170), PurColor, Crystal Prozessor 4K, Q-Symphony, Smart TV [2024]",https://www.amazon.de/dp/B0D4ZLKNRF,55.0,435.23,435.23,EUR,435.23,Amazon,DE,2026-10-01T11:06:48Z,B0D4ZLKNRF,,,,,
Samsung,"Samsung QLED 4K TV 2024 65Q80D 65 Zoll Smart TV mit verbessertem Bild und Ton, bessere Farbkontrolle mit Full Array, Bester Smart TV und Hören Sie alle Lautsprecher mit Q-Symphony",https://www.amazon.de/dp/B0CSDJVQ4S,65.0,1051.49,1051.49,EUR,1051.49,Amazon,DE,2026-10-01T11:06:48Z,B0CSDJVQ4S,,,,,
Samsung,"Samsung QLED 4K Fernseher The Frame 75 Zoll, Samsung TV mit mattem Display und austauschbarem Rahmen, Art Mode, Smart TV, GQ75LS03DAUXZG, Deutsches Modell [2024]",https://www.amazon.de/dp/B0CZS1S652,75.0,2099.0,2099.0,EUR,2099.0,Amazon,DE,2026-10-01T11:06:48Z,B0CZS1S652,,,,,
Samsung,"Samsung QLED 4K Q60C 65 Zoll Fernseher (GQ65Q60CAUXZG, Deutsches Modell), Quantum-Dot-Technologie, Quantum HDR, AirSlim Design, Smart TV [2023]",https://www.amazon.de/dp/B0BXTBL2DW,65.0,979.0,979.0,EUR,979.0,Amazon,DE,2026-10-01T11:06:48Z,B0BXTBL2DW,,,,,
Samsung,"Samsung 43-Inch Class QLED Q7F2 Series Samsung Vision AI Smart TV (2025 Model, 43Q7F2)",https://www.amazon.de/dp/B0F63QCT2T,43.0,326.03,326.03,EUR,326.03,Amazon,DE,2026-10-01T11:06:48Z,B0F63QCT2T,,,,,
Samsung,"Samsung QLED 4K Q70D Fernseher 85 Zoll, Quantum Prozessor, AI Upscaling, Tizen OS, Motion Xcelerator 120 Hz, Smart TV, KI TV, GQ85Q70DATXZG, Deutsches Modell",https://www.amazon.de/dp/B0CZS36H3J,85.0,1399.0,1399.0,EUR,1399.0,Amazon,DE,2026-10-01T11:06:48Z,B0CZS36H3J,,,,,
Samsung,"Samsung Crystal UHD 4K DU8079 Fernseher 55 Zoll, TV mit Dynamic Crystal Color, 4K Upscaling, AirSlim Design, Smart TV, GU55DU8079UXZG, Deutsches Modell",https://www.amazon.de/dp/B0CZS36DQM,55.0,589.9,589.9,EUR,589.9,Amazon,DE,2026-10-01T11:06:48Z,B0CZS36DQM,,,,,
Samsung,"Samsung 2021 43"" AU8000 Crystal UHD 4K HDR Smart TV mit Alexa eingebaut",https://www.amazon.de/dp/B08ZNMT5BY,43.0,340.03,340.03,EUR,340.03,Amazon,DE,2026-10-01T11:06:48Z,B08ZNMT5BY,,,,,
Samsung,"Samsung Crystal UHD 4K TV 75 Zoll (GU75AU8079UXZG), HDR, AirSlim, Dynamic Crystal Color [2021]",https://www.amazon.de/dp/B092RC6ST8,75.0,913.0,913.0,EUR,913.0,Amazon,DE,2026-10-01T11:06:48Z,B092RC6ST8,,,,,
Samsung,"Samsung Neo QLED QN80H 4K 50 Zoll (125 cm) Fernseher, Quantum Mini LED, Neural Quantum 4K AI Gen2 Prozessor, Motion Xcelerator 144 Hz, Samsung Vision AI, Dolby Atmos, Gaming Hub",https://www.amazon.de/dp/B0H3KN31WH,50.0,719.96,719.96,EUR,719.96,Amazon,DE,2026-10-01T11:06:48Z,B0H3KN31WH,,,,,
Samsung,"Samsung NU7099 125 cm (50 Zoll) LED Fernseher (Ultra HD, HDR, Triple Tuner, Smart TV) [Modelljahr 2018]",https://www.amazon.de/dp/B07GM4RXZR,50.0,364.23,364.23,EUR,364.23,Amazon,DE,2026-10-01T11:06:48Z,B07GM4RXZR,,,,,
Samsung,"Samsung UE40JU6485 101cm (40 Zoll) LED-Backlight-Fernseher, EEK A (Ultra HD, 1000 PQI, Smart-TV, DVB-T2/-C/S2, CI+, Quad Core, WLAN, HbbTV)",https://www.amazon.de/dp/B00UZHX90G,40.0,400.0,400.0,EUR,400.0,Amazon,DE,2026-10-01T11:06:48Z,B00UZHX90G,,,,,
Samsung,"TV Samsung The Frame 75"" QLED 4K UHD - TQ75LS03DAU [Länderversion Französisch, Spanisch, Portugiesisch]...[Länderversion Französisch, Spanisch, Portugiesisch]",https://www.amazon.de/dp/B0CSDMYNLY,75.0,1830.36,1830.36,EUR,1830.36,Amazon,DE,2026-10-01T11:06:48Z,B0CSDMYNLY,,,,,
Samsung,"Samsung TV The Frame 55"" (2025) 4K Smart TV - TQ55LS03FAUXXC [Länderversion Französisch, Spanisch, Portugiesisch]...[Länderversion Französisch, Spanisch, Portugiesisch]",https://www.amazon.de/dp/B0F2295TXB,55.0,694.5,694.5,EUR,694.5,Amazon,DE,2026-10-01T11:06:48Z,B0F2295TXB,,,,,
Samsung,"Samsung T5379 80 cm (32 Zoll) LED Fernseher (Full HD, Triple Tuner, Smart TV) [Modelljahr 2020]",https://www.amazon.de/dp/B0869DCD7N,32.0,329.99,329.99,EUR,329.99,Amazon,DE,2026-10-01T11:06:48Z,B0869DCD7N,,,,,
Samsung,"Samsung Crystal UHD 4K DU8070 Fernseher 65 Zoll, (165 cm) Samsung TV mit Dynamic Crystal Color, 4K Upscaling, AirSlim Design, Smart TV, 65DU8070U [2024]",https://www.amazon.de/dp/B0D54HY1LC,65.0,595.57,595.57,EUR,595.57,Amazon,DE,2026-10-01T11:06:48Z,B0D54HY1LC,,,,,
Samsung,"Samsung Crystal UHD CU7170 Series 55 Zoll Fernseher, PurColor, Crystal Prozessor 4K, Motion Xcelerator, Smart TV, (Modell 2023, 55CU7170)",https://www.amazon.de/dp/B0C42J27K5,55.0,415.4,415.4,EUR,415.4,Amazon,DE,2026-10-01T11:06:48Z,B0C42J27K5,,,,,
Samsung,"Samsung OLED TV 4K S90D 77 Zoll (195 cm), Fernseher mit NQ AI Gen2 Prozessor, OLED HDR+, 4K AI Bildverbesserung, Gaming Hub bis 144Hz, Dolby Atmos Sound, OTS Lite, Knox Security, Smart KI TV",https://www.amazon.de/dp/B0D6RWTJ7D,77.0,1999.0,1999.0,EUR,1999.0,Amazon,DE,2026-10-01T11:06:48Z,B0D6RWTJ7D,,,,,
Samsung,"Samsung QLED 4K Q60C 65 Zoll Fernseher, Quantum-Dot-Technologie, Quantum HDR, AirSlim Design, Smart TV [2023] (65Q60C)",https://www.amazon.de/dp/B0C4246L8X,65.0,999.0,999.0,EUR,999.0,Amazon,DE,2026-10-01T11:06:48Z,B0C4246L8X,,,,,
Samsung,Samsung QE50Q65C QLED-Fernseher 50 Zoll UHD,https://www.amazon.de/dp/B0BWFNSJ1M,50.0,427.22,427.22,EUR,427.22,Amazon,DE,2026-10-01T11:06:48Z,B0BWFNSJ1M,,,,,
Samsung,"Samsung QLED Q70D 55 Zoll Fernseher TV Mit Quantum Prozessor 4K, Farbvolumen,ai Upscaling, Tizen OS, Smart TV, 55q70d, [2024], 140 Cm",https://www.amazon.de/dp/B0D54K972K,55.0,584.16,584.16,EUR,584.16,Amazon,DE,2026-10-01T11:06:48Z,B0D54K972K,,,,,
Samsung,"Samsung Crystal UHD TV 4K AU7199 65 Zoll (GU65AU7199UXZG, Deutsches Modell), HDR, Q-Symphony, rahmenloses Design, Smart TV [2021]",https://www.amazon.de/dp/B098C5STFB,65.0,688.0,688.0,EUR,688.0,Amazon,DE,2026-10-01T11:06:48Z,B098C5STFB,,,,,
Samsung,"Samsung Q60R 123 cm (49 Zoll) 4K QLED Fernseher (Q HDR, Ultra HD, HDR, Twin Tuner, Smart TV) [Modelljahr 2019]",https://www.amazon.de/dp/B07PF1F4Z5,49.0,,,,,Amazon,DE,2026-10-01T11:06:48Z,B07PF1F4Z5,,,,,
Samsung,"Samsung M70H 55 Zoll (138 cm) 4K Mini LED Vision AI Smart TV | Pure Spectrum Color, Dynamic Sound Pack, Samsung Vision AI,...",https://www.amazon.de/dp/B0HJ2N7148,55.0,459.0,459.0,EUR,459.0,Amazon,DE,2026-10-01T11:06:48Z,B0HJ2N7148,,,,,
Samsung,Samsung Fernseher TQ55S95D 55 Zoll (55 Zoll) OLED 4K Smart TV 2024,https://www.amazon.de/dp/B0CSKKGYWN,55.0,1449.0,1449.0,EUR,1449.0,Amazon,DE,2026-10-01T11:06:48Z,B0CSKKGYWN,,,,,
Samsung,"Samsung OLED 4K S90C 65 Zoll Fernseher, Quantum HDR OLED, Neural Quantum Prozessor 4K, LaserSlim Design, Smart TV, (Modell 2023, 65S90C)",https://www.amazon.de/dp/B0C5NKHBFV,65.0,1699.0,1699.0,EUR,1699.0,Amazon,DE,2026-10-01T11:06:48Z,B0C5NKHBFV,,,,,
Samsung,"Samsung QLED 4K Q64C Fernseher 55 Zoll, UHD, Samsung TV mit Quantum-Dot-Technologie, Quantum HDR, AirSlim Design, Smart TV, GQ55Q64CAUXZG, Deutsches Modell [2023]",https://www.amazon.de/dp/B0CYHC6C6H,55.0,,,,,Amazon,DE,2026-10-01T11:06:48Z,B0CYHC6C6H,,,,,
Samsung,"Samsung N5375 80 cm (32 Zoll) LED Fernseher (Full HD, Triple Tuner, Smart TV) [Modelljahr 2019]",https://www.amazon.de/dp/B07NP9SYPJ,32.0,329.99,329.99,EUR,329.99,Amazon,DE,2026-10-01T11:06:48Z,B07NP9SYPJ,,,,,
Samsung,"Samsung GU65DU7199U 165,1 cm (65"") 4K Ultra HD Smart TV WiFi Noir",https://www.amazon.de/dp/B0D58N4YY6,65.0,699.0,699.0,EUR,699.0,Amazon,DE,2026-10-01T11:06:48Z,B0D58N4YY6,,,,,
Samsung,"Samsung Neo QLED 4K QN85F 85 Zoll (214 cm) Mini LED Fernseher, NQ4 AI Gen2 Prozessor, Quantum Matrix Technology Slim, Motion Xcelerator 144Hz, AirSlim Design, Samsun...[Länderversion Ungarisch]",https://www.amazon.de/dp/B0FNMYQ547,85.0,1894.17,1894.17,EUR,1894.17,Amazon,DE,2026-10-01T11:06:48Z,B0FNMYQ547,,,,,
Samsung,"Samsung Neo QLED 4K QN70F 75 Zoll (189 cm) Mini LED Fernseher, NQ4 AI Gen2 Prozessor, Quantum Matrix Technology Slim, Motion Xcelerator 144Hz, AirSlim Design, Samsun...[Länderversion Ungarisch]",https://www.amazon.de/dp/B0FPCMYXHF,75.0,,,,,Amazon,DE,2026-10-01T11:06:48Z,B0FPCMYXHF,,,,,
Samsung,"Samsung UE55J6200AK 139,7 cm (55 Zoll) Full HD Fernseher (1920 x 1080 Pixel, LED, Smart-TV, WLAN, Schwarz)",https://www.amazon.de/dp/B01550PZT0,55.0,400.0,400.0,EUR,400.0,Amazon,DE,2026-10-01T11:06:48Z,B01550PZT0,,,,,
Samsung,"Samsung 106,7 cm (42 Zoll) Klasse OLED S90H (Modell 2026, 42S90H) OLED HDR+ mit Blendfrei, AI Sound Controller Pro, NQ4 AI Gen3 Prozessor, 4K AI Upscaling Pro, Ultimate Gaming Pack, Alexa Built-in",https://www.amazon.de/dp/B0GPYHR94N,42.0,999.0,999.0,EUR,999.0,Amazon,DE,2026-10-01T11:06:48Z,B0GPYHR94N,,,,,
Samsung,"Samsung Neo QLED 4K QN90F 50 Zoll (125 cm) Mini LED Fernseher, NQ4 AI Gen2 Prozessor, Quantum Matrix Technology Slim, Motion Xcelerator 165Hz, AirSlim Design, Samsun...[Länderversion Ungarisch]",https://www.amazon.de/dp/B0FPCTTV33,50.0,689.0,689.0,EUR,689.0,Amazon,DE,2026-10-01T11:06:48Z,B0FPCTTV33,,,,,
Samsung,"Samsung QLED 4K Q80C 98 Zoll Fernseher, Direct Full Array, AI Neural Quantum Prozessor 4K, Real Depth Enhancer, Smart-TV, KI TV, GQ98Q80CATXZG, Deutsches Modell [2023]",https://www.amazon.de/dp/B0C3N8JWXC,98.0,5249.0,5249.0,EUR,5249.0,Amazon,DE,2026-10-01T11:06:48Z,B0C3N8JWXC,,,,,
Samsung,Samsung 65 Zoll OLED S82H 4K Samsung Vision AI Smart TV (2026),https://www.amazon.de/dp/B0H5KTBM68,65.0,1999.0,1999.0,EUR,1999.0,Amazon,DE,2026-10-01T11:06:48Z,B0H5KTBM68,,,,,
Samsung,Samsung 65 Zoll Neo QLED QN1EH 4K Samsung Vision AI Smart TV (2026),https://www.amazon.de/dp/B0H5Q61DDQ,65.0,1099.0,1099.0,EUR,1099.0,Amazon,DE,2026-10-01T11:06:48Z,B0H5Q61DDQ,,,,,
Samsung,"Samsung Crystal UHD CU8079 65 Zoll Fernseher TV 4K (GU-65CU8079, Deutsches Modell), HDR10+, Crystal Prozessor 4K, Motion Xcelerator, Smart TV [2023], Schwarz",https://www.amazon.de/dp/B0C1CPV9MW,65.0,699.0,699.0,EUR,699.0,Amazon,DE,2026-10-01T11:06:48Z,B0C1CPV9MW,,,,,
Samsung,"Samsung 65 Zoll OLED S99H 4K Smart TV mit blendfreiem Display, Vision AI Companion, Art Store und schwebendem Design ohne Kabel, Heimkino und Gaming",https://www.amazon.de/dp/B0GL3JDD5C,65.0,2235.79,2235.79,EUR,2235.79,Amazon,DE,2026-10-01T11:06:48Z,B0GL3JDD5C,,,,,
Samsung,"Samsung TV The Frame Pro LS03HW 165 cm (65 Zoll), 4K Smart TV IA und | Blendfreies Display, kabelloses Design, Kunstgaleri...",https://www.amazon.de/dp/B0GKPQK57W,65.0,1582.05,1582.05,EUR,1582.05,Amazon,DE,2026-10-01T11:06:48Z,B0GKPQK57W,,,,,
Samsung,"Samsung Neo QLED 8K QN900F 65 Zoll (165 cm) Mini LED, 8K Fernseher, NQ8 AI Gen2 Prozessor, Upscaling, Glare Free, One Connect, Art Store Galerie, Samsung Vision AI Smart TV, 65QN900F (2025)",https://www.amazon.de/dp/B0FBX9DWZ4,65.0,1899.0,1899.0,EUR,1899.0,Amazon,DE,2026-10-01T11:06:48Z,B0FBX9DWZ4,,,,,
Samsung,"Samsung UE46H7000SL 116,8 cm (46 Zoll) Full HD 3D Smart-TV WLAN Schwarz - Fernseher (116,8 cm (46 Zoll), 1920 x 1080 Pixel, 3D, Smart-TV, WLAN, Schwarz)",https://www.amazon.de/dp/B00JJIEA3C,46.0,400.0,400.0,EUR,400.0,Amazon,DE,2026-10-01T11:06:48Z,B00JJIEA3C,,,,,
Samsung,"Samsung TV TU8005 55"" (2025) LED UHD 4K – TU55U8005FUXXC [Länderversion Französisch, Spanisch, Portugiesisch]...[Länderversion Französisch, Spanisch, Portugiesisch]",https://www.amazon.de/dp/B0F2249D1G,55.0,373.65,373.65,EUR,373.65,Amazon,DE,2026-10-01T11:06:48Z,B0F2249D1G,,,,,
Samsung,"Samsung TV 75"" (2025) Neo QLED 4K UHD - TQ75QN90FATXXC [Länderversion Französisch, Spanisch, Portugiesisch]...[Länderversion Französisch, Spanisch, Portugiesisch]",https://www.amazon.de/dp/B0F224QHQD,75.0,2399.0,2399.0,EUR,2399.0,Amazon,DE,2026-10-01T11:06:48Z,B0F224QHQD,,,,,
Samsung,"Samsung UE65F8000 165cm (65 Zoll) 3D LED-Backlight-Fernseher (Full HD, 1000Hz CMR, DVB-T/C/S2, CI+, Smart TV, HbbTV, Sprachsteuerung) schwarz",https://www.amazon.de/dp/B00DYQIU5O,65.0,,,,,Amazon,DE,2026-10-01T11:06:48Z,B00DYQIU5O,,,,,
Samsung,"Samsung QLED Q70D 85 Zoll (216 cm) Fernseher TV mit Quantum Prozessor 4K, 100% Farbvolumen,AI Upscaling, Tizen OS, Smart TV, 85Q70D, [2024]",https://www.amazon.de/dp/B0D3VJBB99,85.0,1999.0,1999.0,EUR,1999.0,Amazon,DE,2026-10-01T11:06:48Z,B0D3VJBB99,,,,,
Samsung,"Samsung Neo QLED 8K TV 2024 65QN900D Smart TV 65 Zoll mit der besten Auflösung mit KI, bestem Sound mit IA, bestem Smart TV und bestem Design mit Infinity Air Design",https://www.amazon.de/dp/B0CSGBMTH4,65.0,2549.0,2549.0,EUR,2549.0,Amazon,DE,2026-10-01T11:06:48Z,B0CSGBMTH4,,,,,
Samsung,"Samsung LS03R The Frame 108 cm (43 Zoll) QLED Lifestyle Fernseher (Art Mode, Ultra HD, HDR, Smart TV) [Modelljahr 2019]",https://www.amazon.de/dp/B07NHMWRQF,43.0,,,,,Amazon,DE,2026-10-01T11:06:48Z,B07NHMWRQF,,,,,
Samsung,"Samsung QLED 4K Q70C 55 Zoll Fernseher, Quantum Prozessor 4K, Motion Xcelerator Turbo+, Quantum HDR, Smart TV [2023] (Modell 2023 55Q70C)",https://www.amazon.de/dp/B0C5JYFR24,55.0,564.69,564.69,EUR,564.69,Amazon,DE,2026-10-01T11:06:48Z,B0C5JYFR24,,,,,
Samsung,"Samsung Mini LED M61H FHD 50 Zoll (125 cm) Fernseher, Vision AI Smart TV | Pure Spectrum Color für realitätsnahe Farben, D...",https://www.amazon.de/dp/B0HF5M1425,50.0,499.0,499.0,EUR,499.0,Amazon,DE,2026-10-01T11:06:48Z,B0HF5M1425,,,,,
Samsung,"Samsung OLED 4K S90C 55 Zoll Fernseher (GQ55S90CATXZG, Deutsches Modell), Quantum HDR OLED, Neural Quantum Prozessor 4K, LaserSlim Design, Smart TV [2023]",https://www.amazon.de/dp/B0BXTBCFBZ,55.0,1299.0,1299.0,EUR,1299.0,Amazon,DE,2026-10-01T11:06:48Z,B0BXTBCFBZ,,,,,
Samsung,"Samsung M80H 65 Zoll (163 cm) 4K Mini LED Vision AI Smart TV | NQ4 AI Gen2 Prozessor, Pure Spectrum Color, Color Booster P...",https://www.amazon.de/dp/B0HKS9GT7J,65.0,729.0,729.0,EUR,729.0,Amazon,DE,2026-10-01T11:06:48Z,B0HKS9GT7J,,,,,
Samsung,"Samsung UE55 J5570SU - 138cm/55"", UE55J5570SUXZG",https://www.amazon.de/dp/B013U7EXES,55.0,400.0,400.0,EUR,400.0,Amazon,DE,2026-10-01T11:06:48Z,B013U7EXES,,,,,
Samsung,"Samsung Neo QLED 8K QN990F 75 Zoll (189 cm) Mini LED Fernseher, Antireflexion, NQ8 AI Gen3 Prozessor, 8K Upscaling Pro, Wireless One Connect, Art Store Galerie, Samsung Vision AI Smart TV",https://www.amazon.de/dp/B0DFVG7XK3,75.0,3599.0,3599.0,EUR,3599.0,Amazon,DE,2026-10-01T11:06:48Z,B0DFVG7XK3,,,,,
Samsung,"Samsung OLED S95F 55 Zoll (140 cm) 4K Glare Free, UHD Fernseher, NQ4 AI Gen3 Prozessor, OLED HDR Pro, Gaming Hub, Motion Xcelerator 165Hz, 4K Upscaling, Dolby Atmos, Smart TV, 55S95F (2025)",https://www.amazon.de/dp/B0FC3XSWYS,55.0,,,,,Amazon,DE,2026-10-01T11:06:48Z,B0FC3XSWYS,,,,,
Samsung,"Samsung MRE65R85H 65 Zoll (165 cm) 4K UHD Micro RGB AI Smart TV | NQ8 AI Gen3 Prozessor mit AI-Upscaling, Dolby Atmos 3D-S...",https://www.amazon.de/dp/B0HFSBMQRY,65.0,1299.0,1299.0,EUR,1299.0,Amazon,DE,2026-10-01T11:06:48Z,B0HFSBMQRY,,,,,
Samsung,"Samsung Neo QLED 8K QN800D 75 Zoll (191 cm) 8K Fernseher, TV mit Neo Quantum HDR, Neural Quantum AI Gen2 Prozessor, AI Upscaling, Smart TV, 75QN800D [2024]",https://www.amazon.de/dp/B0DJMLXMRJ,75.0,,,,,Amazon,DE,2026-10-01T11:06:48Z,B0DJMLXMRJ,,,,,
Samsung,"Samsung UE40D7090 101 cm (40 Zoll) 3D-LED-Fernseher, Energieeffizienzklasse B (Full-HD, 800Hz, DVB-T/C/S2 Tuner, HDMI, VGA, WLAN) titan-schwarz",https://www.amazon.de/dp/B004RB5TQ8,40.0,400.0,400.0,EUR,400.0,Amazon,DE,2026-10-01T11:06:48Z,B004RB5TQ8,,,,,
Samsung,"Samsung OLEDGQ65S95D 4K Fernseher 65 Zoll (163 cm), OLED HDR Pro, Dolby Atmos, TV mit Neural Quantum AI Gen2 Prozessor, OLED Glare Free, AI Upscaling, Smart TV, KI, Deutsches Modell",https://www.amazon.de/dp/B0CZS37VL9,65.0,2399.0,2399.0,EUR,2399.0,Amazon,DE,2026-10-01T11:06:48Z,B0CZS37VL9,,,,,
Samsung,"Samsung Neo QLED 4K QN85C 65 Zoll Fernseher, Neo Quantum HDR, Neural Quantum Prozessor 4K, Dolby Atmos, Smart TV (Modell 2023, 65QN85C)",https://www.amazon.de/dp/B0C5R6WSJM,65.0,1252.69,1252.69,EUR,1252.69,Amazon,DE,2026-10-01T11:06:48Z,B0C5R6WSJM,,,,,
Samsung,"Samsung Neo QLED 4K QN70F 85 Zoll (214 cm) Mini LED Fernseher, NQ4 AI Gen2 Prozessor, Quantum Matrix Technology Slim, Motion Xcelerator 144Hz, AirSlim Design, Samsun...[Länderversion Ungarisch]",https://www.amazon.de/dp/B0FPCLHQ26,85.0,1421.46,1421.46,EUR,1421.46,Amazon,DE,2026-10-01T11:06:48Z,B0FPCLHQ26,,,,,
Samsung,"Samsung The Frame 65 Zoll TV-Rahmen, Magnetisch, Teak, VG-SCFH65TKBXC | Individueller TV-Bilderrahmen für Samsung The Fram...",https://www.amazon.de/dp/B0HDTK9NC2,65.0,79.0,79.0,EUR,79.0,Amazon,DE,2026-10-01T11:06:48Z,B0HDTK9NC2,,,,,
Samsung,"Samsung TV The Frame Pro LS03HW 85"" 4K Smart TV IA und Display ohne | Blendfreies Display, kabelloses Design, Kunstgaleri...",https://www.amazon.de/dp/B0GHS2Y64D,85.0,3310.95,3310.95,EUR,3310.95,Amazon,DE,2026-10-01T11:06:48Z,B0GHS2Y64D,,,,,
Samsung,"Samsung QLED 4K Q70C 55 Zoll Fernseher (GQ55Q70CATXZG, Deutsches Modell), Quantum Prozessor 4K, Motion Xcelerator Turbo+, Quantum HDR, Smart TV [2023]",https://www.amazon.de/dp/B0BXTBFWMR,55.0,849.0,849.0,EUR,849.0,Amazon,DE,2026-10-01T11:06:48Z,B0BXTBFWMR,,,,,
Samsung,"Samsung QLED The Sero 43 Zoll Fernseher (GQ43LS05BGUXZG, Deutsches Modell), drehbarer Bildschirm, mattes Display, erstklassiger Sound, Smart TV [2023]",https://www.amazon.de/dp/B0BXT91B2L,43.0,,,,,Amazon,DE,2026-10-01T11:06:48Z,B0BXT91B2L,,,,,
Samsung,"Samsung UE55JS8090 138 cm (55 Zoll) Fernseher (Ultra HD, Twin Tuner, 3D, Smart TV)",https://www.amazon.de/dp/B015KFY1N6,55.0,400.0,400.0,EUR,400.0,Amazon,DE,2026-10-01T11:06:48Z,B015KFY1N6,,,,,
Samsung,"Samsung TV 43"" (2025) Neo QLED 4K UHD - TQ43QN90FATXXC [Länderversion Französisch, Spanisch, Portugiesisch]...[Länderversion Französisch, Spanisch, Portugiesisch]",https://www.amazon.de/dp/B0F21YMCYJ,43.0,759.92,759.92,EUR,759.92,Amazon,DE,2026-10-01T11:06:48Z,B0F21YMCYJ,,,,,
Samsung,"Samsung QLED Q70D 75 Zoll (191 cm) Fernseher TV mit Quantum Prozessor 4K, 100% Farbvolumen,AI Upscaling, Tizen OS, Smart TV, 75Q70D, [2024]",https://www.amazon.de/dp/B0DCZCMW15,75.0,1047.59,1047.59,EUR,1047.59,Amazon,DE,2026-10-01T11:06:48Z,B0DCZCMW15,,,,,
Samsung,"Samsung Neo QLED 8K QN800D 65 Zoll (165 cm) 8K Fernseher, TV mit Neo Quantum HDR, Neural Quantum AI Gen2 Prozessor, AI Upscaling, Smart TV, 65QN800D [2024]",https://www.amazon.de/dp/B0FB4XPRFB,65.0,,,,,Amazon,DE,2026-10-01T11:06:48Z,B0FB4XPRFB,,,,,
Samsung,"Samsung QLED 4K Q60B 43 Zoll Fernseher (GQ43Q60BAUXZG, Deutsches Modell), Quantum HDR, Quantum Prozessor Lite 4K, Multi View, Smart TV [2022]",https://www.amazon.de/dp/B09VTG1HSH,43.0,549.0,549.0,EUR,549.0,Amazon,DE,2026-10-01T11:06:48Z,B09VTG1HSH,,,,,
Samsung,"TV Samsung The Frame 43"" LS03B 4K TQ43LS03BGUXXC",https://www.amazon.de/dp/B0BS3YX4N4,43.0,609.51,609.51,EUR,609.51,Amazon,DE,2026-10-01T11:06:48Z,B0BS3YX4N4,,,,,
Samsung,"Samsung RU7419 108 cm (43 Zoll) LED Fernseher (Ultra HD, HDR, Triple Tuner, Smart TV) [Modelljahr 2019]",https://www.amazon.de/dp/B07PPHTNK8,43.0,,,,,Amazon,DE,2026-10-01T11:06:48Z,B07PPHTNK8,,,,,
Samsung,"Samsung TV QLED 85"" Q60D 2024, 4K, Smart TV",https://www.amazon.de/dp/B0CSDPPMQ4,85.0,1890.0,1890.0,EUR,1890.0,Amazon,DE,2026-10-01T11:06:48Z,B0CSDPPMQ4,,,,,
Samsung,"Samsung Crystal UHD CU7170 Series 85 Zoll Fernseher, PurColor, Crystal Prozessor 4K, Motion Xcelerator, Smart TV, (Modell 2023, 85CU7170)",https://www.amazon.de/dp/B0C7GS6YLM,85.0,954.13,954.13,EUR,954.13,Amazon,DE,2026-10-01T11:06:48Z,B0C7GS6YLM,,,,,
Samsung,"Samsung QLED 4K The Serif 125 cm (50 Zoll) (Ambient Mode, QLED-Technologie, Active Voice Amplifier) [Modelljahr 2020]",https://www.amazon.de/dp/B085L6ZCSJ,50.0,,,,,Amazon,DE,2026-10-01T11:06:48Z,B085L6ZCSJ,,,,,
Samsung,"Samsung QLED 4K Q70A TV 75 Zoll (GQ75Q70AATXZG), Quantum HDR, Quantum Prozessor 4K, Motion Xcelerator Turbo+ [2021]",https://www.amazon.de/dp/B092R99WFH,75.0,1730.0,1730.0,EUR,1730.0,Amazon,DE,2026-10-01T11:06:48Z,B092R99WFH,,,,,
Samsung,"Samsung Neo QLED 4K QN85B 55 Zoll Fernseher (GQ55QN85BATXZG, Deutsches Modell), Quantum HDR 1500, Neo Quantum Prozessor 4K, Dolby Atmos, Smart TV [2022]",https://www.amazon.de/dp/B09TRLJHFL,55.0,899.0,899.0,EUR,899.0,Amazon,DE,2026-10-01T11:06:48Z,B09TRLJHFL,,,,,
LG,"LG 55NU8E0B3LA TV 55 Zoll (139 cm) Nano 4K UHD TV (α7 Gen9 4K AI Prozessor, webOS 26, 60Hz (VRR bis zu 60Hz)) [Modelljahr 2026] [Energieklasse E]",https://www.amazon.de/dp/B0GSH1DNSP,55.0,489.0,489.0,EUR,489.0,Amazon,DE,2026-10-01T11:06:48Z,B0GSH1DNSP,,,,,
LG,"LG 43NU8E0B3LA Nano 4K UHD TV, 43 Zoll, α7 Gen9 4K AI Prozessor, webOS 26, 60Hz, VRR bis zu 60Hz, Modelljahr 2026, Energieklasse F",https://www.amazon.de/dp/B0GSRLQ5J3,43.0,369.0,369.0,EUR,369.0,Amazon,DE,2026-10-01T11:06:48Z,B0GSRLQ5J3,,,,,
LG,"LG 55QNED7EB3C 4K QNED Mini LED AI TV, 55 Zoll, α7 Gen9 Prozessor, webOS 26, 60Hz, VRR bis zu 60Hz, Modelljahr 2026",https://www.amazon.de/dp/B0GSGXDD7M,55.0,449.0,449.0,EUR,449.0,Amazon,DE,2026-10-01T11:06:48Z,B0GSGXDD7M,,,,,
LG,"LG 65NU8E0B3LA Nano 4K UHD TV, 65 Zoll, α7 Gen9 4K AI Prozessor, webOS 26, 60Hz, VRR bis zu 60Hz, Modelljahr 2026, Energieklasse E",https://www.amazon.de/dp/B0GSGWWKHY,65.0,609.0,609.0,EUR,609.0,Amazon,DE,2026-10-01T11:06:48Z,B0GSGWWKHY,,,,,
LG,"LG OLED55C6ELB 4K OLED Evo AI TV, 55 Zoll, α11 Gen3 Prozessor, webOS 26, 120Hz, VRR bis zu 165Hz, Modelljahr 2026, Energieklasse G",https://www.amazon.de/dp/B0GSH2S5VY,55.0,1219.0,1219.0,EUR,1219.0,Amazon,DE,2026-10-01T11:06:48Z,B0GSH2S5VY,,,,,
LG,"LG 75NANO80A6B TV 75 Zoll (190 cm) 4K NanoCell AI TV (α7 Gen8 4K AI Prozessor, webOS 25, 60Hz) [Modelljahr 2025]",https://www.amazon.de/dp/B0F2GYMG62,75.0,669.0,669.0,EUR,669.0,Amazon,DE,2026-10-01T11:06:48Z,B0F2GYMG62,,,,,
LG,"LG OLED77C6ELB 4K OLED Evo AI TV, 77 Zoll, α11 Gen3 Prozessor, webOS 26, 120Hz, VRR bis zu 165Hz, Modelljahr 2026, Energieklasse E",https://www.amazon.de/dp/B0GSH4GVKC,77.0,1999.0,1999.0,EUR,1999.0,Amazon,DE,2026-10-01T11:06:48Z,B0GSH4GVKC,,,,,
LG,"LG 32LQ63006LA TV 80 cm (32 Zoll) Full HD Fernseher (Google Assistant, 60 Hz, Smart TV) [Modelljahr 2022], schwarz",https://www.amazon.de/dp/B09RQ4C4KX,32.0,201.18,201.18,EUR,201.18,Amazon,DE,2026-10-01T11:06:48Z,B09RQ4C4KX,,,,,
LG,"LG 65QNED7EB3C TV 65 Zoll, 1650 Mm, 4K QNED Mini LED AI, α7 Gen9 Prozessor, webOS 26, 60Hz, VRR, Modelljahr 2026",https://www.amazon.de/dp/B0GSGY9XR7,65.0,668.99,668.99,EUR,668.99,Amazon,DE,2026-10-01T11:06:48Z,B0GSGY9XR7,,,,,
LG,"LG OLED55B68LA TV 55 Zoll (139 cm) 4K OLED AI TV (α8 Gen3 4K AI Prozessor, webOS 26, 120Hz (VRR bis zu 120Hz)) [Modelljahr 2026] [Energieklasse F]",https://www.amazon.de/dp/B0GSGX6FF1,55.0,948.6,948.6,EUR,948.6,Amazon,DE,2026-10-01T11:06:48Z,B0GSGX6FF1,,,,,
LG,"LG OLED65G67LW TV 65 Zoll, 4K OLED Evo AI, α11 Gen3 Prozessor, webOS 26, 120Hz, VRR bis zu 165Hz, Modelljahr 2026, Energieklasse E",https://www.amazon.de/dp/B0GSH6Z2NJ,65.0,1899.0,1899.0,EUR,1899.0,Amazon,DE,2026-10-01T11:06:48Z,B0GSH6Z2NJ,,,,,
LG,"LG TV 65 Zoll (165 cm) 4K UHD AI TV 2025 (α7 Gen8 4K AI Prozessor, webOS 25, 60Hz) 65UA73006LA",https://www.amazon.de/dp/B0F2GBVRN8,65.0,479.0,479.0,EUR,479.0,Amazon,DE,2026-10-01T11:06:48Z,B0F2GBVRN8,,,,,
LG,"LG 27LB70003LA TV 27 Zoll (68 cm) Full HD LCD TV (α5 Gen9 4K AI Prozessor, webOS 26, 120Hz) [Modelljahr 2026] [Energieklasse E]",https://www.amazon.de/dp/B0HCCNNBYG,27.0,199.99,199.99,EUR,199.99,Amazon,DE,2026-10-01T11:06:48Z,B0HCCNNBYG,,,,,
LG,"LG 65UA75006LA TV 65 Zoll (165 cm) 4K UHD AI TV (α7 Gen8 4K AI Prozessor, webOS 25, 60Hz) [Modelljahr 2025]",https://www.amazon.de/dp/B0F2GL2LXJ,65.0,499.9,499.9,EUR,499.9,Amazon,DE,2026-10-01T11:06:48Z,B0F2GL2LXJ,,,,,
LG,"LG 32LQ63806LC TV 80 cm (32 Zoll) LCD Fernseher (1080p FHD, 60 Hz, Smart TV, weiß) (Modelljahr 2022), Multicolor",https://www.amazon.de/dp/B09V5C4BN7,32.0,189.0,189.0,EUR,189.0,Amazon,DE,2026-10-01T11:06:48Z,B09V5C4BN7,,,,,
LG,"LG 75QNED82A6B TV 75 Zoll (190 cm) 4K QNED AI TV (α7 Gen8 4K AI Prozessor, webOS 25, 60Hz) [Modelljahr 2025]",https://www.amazon.de/dp/B0F2293HRK,75.0,749.0,749.0,EUR,749.0,Amazon,DE,2026-10-01T11:06:48Z,B0F2293HRK,,,,,
LG,"LG OLED77C54LA TV 77 Zoll (195 cm) 4K OLED evo AI TV (α9 Gen8 4K AI Prozessor, webOS 25, 120Hz (VRR bis zu 144Hz)) [Modelljahr 2025] [Energieklasse F]",https://www.amazon.de/dp/B0F3D64K3K,77.0,1949.0,1949.0,EUR,1949.0,Amazon,DE,2026-10-01T11:06:48Z,B0F3D64K3K,,,,,
LG,LG Smart TV 55 Zoll 4K Ultra HD LED Display NanoCell System WebOS Prozessor A7 Gen8 Klasse G Farbe Schwarz Fernseher - 55NANO81A6A.API,https://www.amazon.de/dp/B0FFGZZTMH,55.0,399.0,399.0,EUR,399.0,Amazon,DE,2026-10-01T11:06:48Z,B0FFGZZTMH,,,,,
LG,"LG OLED48G56LS TV 48"" (121 cm) OLED evo Fernseher (α11 4K AI-Prozessor, webOS 25, Dolby Vision, bis zu 120Hz) [Modelljahr 2025]",https://www.amazon.de/dp/B0F7468M2N,48.0,949.0,949.0,EUR,949.0,Amazon,DE,2026-10-01T11:06:48Z,B0F7468M2N,,,,,
LG,"LG 27LB70006LA TV 27 Zoll (68 cm) Full HD LCD TV (α5 Gen9 4K AI Prozessor, webOS 26, 120Hz) [Modelljahr 2026] [Energieklasse E]",https://www.amazon.de/dp/B0H2F6QFQK,27.0,209.0,209.0,EUR,209.0,Amazon,DE,2026-10-01T11:06:48Z,B0H2F6QFQK,,,,,
LG,"LG 24LB70003LA TV 24 Zoll (60 cm) Full HD LCD TV (α5 Gen9 4K AI Prozessor, webOS 26, 120Hz) [Modelljahr 2026] [Energieklasse E]",https://www.amazon.de/dp/B0HHHSGMX8,24.0,169.99,169.99,EUR,169.99,Amazon,DE,2026-10-01T11:06:48Z,B0HHHSGMX8,,,,,
LG,"LG Full HD LR60006LA TV 43 Zoll (109 cm) Smart TV, a5 Gen6 AI Prozessor,WebOS 23, 60Hz, HDR, 43LR60006LA (2025)",https://www.amazon.de/dp/B0FNRFJ2Y5,43.0,,,,,Amazon,DE,2026-10-01T11:06:48Z,B0FNRFJ2Y5,,,,,
LG,"LG UHD TV AI 2025 | 50UA73 | 50 Zoll (126cm) | 4K UHD | HDR10 |webOS 25 | Alexa, Google Assistant | Netflix Disney+ C+ Prime Video | AirPlay 2",https://www.amazon.de/dp/B0F2GF65MX,50.0,319.0,319.0,EUR,319.0,Amazon,DE,2026-10-01T11:06:48Z,B0F2GF65MX,,,,,
LG,"LG 50QNED82A6B TV 50 Zoll (127 cm) 4K QNED AI TV (α7 Gen8 4K AI Prozessor, webOS 25, 60Hz) [Modelljahr 2025]",https://www.amazon.de/dp/B0F228H2M1,50.0,348.0,348.0,EUR,348.0,Amazon,DE,2026-10-01T11:06:48Z,B0F228H2M1,,,,,
Toshiba,Toshiba 43UV2363DG Fernseher 43 Zoll VIDAA Smart TV mit 4K UHD Auflösung | HDR | 3x HDMI | 2x USB | Dolby Audio | Sprachst...,https://www.amazon.de/dp/B0CHF5GKTL,43.0,,,,,Amazon,DE,2026-10-01T11:06:48Z,B0CHF5GKTL,,,,,
LG,"LG 50QNED86A6C TV 50 Zoll (127 cm) 4K QNED evo AI TV (α7 Gen8 4K AI Prozessor, webOS 25, 60Hz) [Modelljahr 2025]",https://www.amazon.de/dp/B0F3DNWVBZ,50.0,649.0,649.0,EUR,649.0,Amazon,DE,2026-10-01T11:06:48Z,B0F3DNWVBZ,,,,,
LG,"LG 43UR78006LK 109 cm (43 Zoll) UHD Fernseher (Active HDR, 60 Hz, Smart TV) [Modelljahr 2023]",https://www.amazon.de/dp/B0BWWJQVGZ,43.0,,,,,Amazon,DE,2026-10-01T11:06:48Z,B0BWWJQVGZ,,,,,
LG,LG 32 inch SMART TV AI LB65 HD Model 2026 (32LB650B3LA),https://www.amazon.de/dp/B0HG9BD9D8,32.0,229.0,229.0,EUR,229.0,Amazon,DE,2026-10-01T11:06:48Z,B0HG9BD9D8,,,,,
LG,"LG 43QNED82A6B TV 43 Zoll (109 cm) 4K QNED AI TV (α7 Gen8 4K AI Prozessor, webOS 25, 60Hz) [Modelljahr 2025]",https://www.amazon.de/dp/B0F2269H9B,43.0,359.0,359.0,EUR,359.0,Amazon,DE,2026-10-01T11:06:48Z,B0F2269H9B,,,,,
LG,"LG 85QNED83B6A TV 85 Zoll (215 cm) 4K QNED evo Mini LED AI TV (α8 Gen3 4K AI Prozessor, webOS 26, 120Hz (VRR bis zu 144Hz)) [Modelljahr 2026] [Energieklasse F]",https://www.amazon.de/dp/B0GSH5475Q,85.0,1369.0,1369.0,EUR,1369.0,Amazon,DE,2026-10-01T11:06:48Z,B0GSH5475Q,,,,,
LG,LG TV AI NANO81 (2025) 65 Zoll NanoCell UHD 4K - 65NANO81A6A,https://www.amazon.de/dp/B0F4PS3DLS,65.0,549.9,549.9,EUR,549.9,Amazon,DE,2026-10-01T11:06:48Z,B0F4PS3DLS,,,,,
LG,"LG OLED48C5ELB, 48 Zoll (121 cm), 4K OLED evo AI TV, α9 Gen8 Prozessor, webOS 25, 120Hz (VRR bis zu 144Hz), Modelljahr 2025",https://www.amazon.de/dp/B0F2JG88PX,48.0,,,,,Amazon,DE,2026-10-01T11:06:48Z,B0F2JG88PX,,,,,
LG,"LG OLED EVO 48C58LA 48 Zoll Fernseher, 4K Smart TV 120Hz, a9 Gen8 AI Prozessor 4K, WebOS 25",https://www.amazon.de/dp/B0F4JY1RD9,48.0,739.0,739.0,EUR,739.0,Amazon,DE,2026-10-01T11:06:48Z,B0F4JY1RD9,,,,,
LG,"Smart TV LG 32LR60006LA.AEUQ Full HD 32"" LED",https://www.amazon.de/dp/B0F227Q92B,32.0,249.9,249.9,EUR,249.9,Amazon,DE,2026-10-01T11:06:48Z,B0F227Q92B,,,,,
LG,"LG 43NU850B6LA 43 Zoll (108 cm) 4K UHD LED AI Smart TV | Alpha 5 AI Prozessor, 4K AI Upscaling, webOS mit ThinQ, HDR10 Pr...",https://www.amazon.de/dp/B0H2DWJC5L,43.0,304.01,304.01,EUR,304.01,Amazon,DE,2026-10-01T11:06:48Z,B0H2DWJC5L,,,,,
LG,"LG OLED83B59LA TV 83 Zoll (210 cm) 4K OLED AI TV (α8 Gen2 4K AI Prozessor, webOS 25, 120Hz) [Modelljahr 2025]",https://www.amazon.de/dp/B0F38MPV9J,83.0,1995.0,1995.0,EUR,1995.0,Amazon,DE,2026-10-01T11:06:48Z,B0F38MPV9J,,,,,
LG,"LG QNED AI 2025 TV | 43QNED70 | 43 Zoll (108 cm) | 4K UHD | HDR10 | webOS 25 | AI Magic Remote | Alexa, Google Assistant | Netflix Disney+ K+ Prime Video",https://www.amazon.de/dp/B0FV1XBMNB,43.0,374.57,374.57,EUR,374.57,Amazon,DE,2026-10-01T11:06:48Z,B0FV1XBMNB,,,,,
LG,"Smart TV LG 50NANO81A6A 4K Ultra HD 50"" LED Wi-Fi",https://www.amazon.de/dp/B0FY7KJBKZ,50.0,,,,,Amazon,DE,2026-10-01T11:06:48Z,B0FY7KJBKZ,,,,,
LG,"LG OLED65G66LS 65 Zoll 4K OLED evo AI TV (α11 Gen3 4K AI Prozessor, webOS 26, 120Hz (VRR bis zu 165Hz)) [Modelljahr 2026] [Energieklasse E]",https://www.amazon.de/dp/B0HBX78KJM,65.0,2099.0,2099.0,EUR,2099.0,Amazon,DE,2026-10-01T11:06:48Z,B0HBX78KJM,,,,,
LG,"LG 65QNED82A6B TV 65 Zoll (165 cm) 4K QNED AI TV (α7 Gen8 4K AI Prozessor, webOS 25, 60Hz) [Modelljahr 2025]",https://www.amazon.de/dp/B0F226M1SY,65.0,689.0,689.0,EUR,689.0,Amazon,DE,2026-10-01T11:06:48Z,B0F226M1SY,,,,,
Hisense,"Hisense 50E7DS Fernseher 50 Zoll, 4K UHD QLED, Smart TV, Hi View AI Engine, 60Hz Game Mode Plus, Dolby Vision IQ, QLED Colour, Filmmaker, Smooth Motion, Airplay, Sprachsteuerung, 2026",https://www.amazon.de/dp/B0GM1R36YW,50.0,409.0,409.0,EUR,409.0,Amazon,DE,2026-10-01T11:06:48Z,B0GM1R36YW,,,,,
LG,"LG OLED65G69LS 65 Zoll (165 cm) 4K UHD Gallery OLED evo AI Smart TV | Alpha 11 AI Prozessor, Brightness Booster Max, Ultra...",https://www.amazon.de/dp/B0HH9VLL4J,65.0,1899.0,1899.0,EUR,1899.0,Amazon,DE,2026-10-01T11:06:48Z,B0HH9VLL4J,,,,,
LG,"LG 98NU900B6LB 98 Zoll (248 cm) 4K UHD LED AI Smart TV | Alpha 5 AI Prozessor, 4K AI Upscaling, webOS mit ThinQ, HDR10 Pr...",https://www.amazon.de/dp/B0H5KYV6LN,98.0,1799.0,1799.0,EUR,1799.0,Amazon,DE,2026-10-01T11:06:48Z,B0H5KYV6LN,,,,,
LG,LG 55UA73006LA 55 Zoll 4 K TV,https://www.amazon.de/dp/B0F3XQZP95,55.0,389.0,389.0,EUR,389.0,Amazon,DE,2026-10-01T11:06:48Z,B0F3XQZP95,,,,,
LG,"LG 65QNED86T6A TV 65"" (165 cm) QNED Fernseher (α8 4K AI-Prozessor, webOS 24, HDR10, bis zu 120Hz) [Modelljahr 2024]",https://www.amazon.de/dp/B0CYPY4DYN,65.0,1409.0,1409.0,EUR,1409.0,Amazon,DE,2026-10-01T11:06:48Z,B0CYPY4DYN,,,,,
LG,"LG 43LR60006LA・109 cm (43"") Diagonalklasse (43LR60006LA)",https://www.amazon.de/dp/B0G6KMCJD2,43.0,325.95,325.95,EUR,325.95,Amazon,DE,2026-10-01T11:06:48Z,B0G6KMCJD2,,,,,
LG,"LG 43UA73003LA – 43 Zoll Fernseher (Smart TV, DVB-T2, 4K, LED, Energieeffizienzklasse G",https://www.amazon.de/dp/B0G1ZDLM2H,43.0,313.16,313.16,EUR,313.16,Amazon,DE,2026-10-01T11:06:48Z,B0G1ZDLM2H,,,,,
LG,"LG 55QNED82A6B TV 55 Zoll (139 cm) 4K QNED AI TV (α7 Gen8 4K AI Prozessor, webOS 25, 60Hz) [Modelljahr 2025]",https://www.amazon.de/dp/B0F2259VV1,55.0,,,,,Amazon,DE,2026-10-01T11:06:48Z,B0F2259VV1,,,,,
LG,"LG OLED55G59LS TV 55 Zoll (139 cm) 4K OLED evo AI TV (α11 Gen2 4K AI Prozessor, webOS 25, 120Hz (VRR bis zu 165Hz)) [Modelljahr 2025]",https://www.amazon.de/dp/B0F4KQJFFM,55.0,,,,,Amazon,DE,2026-10-01T11:06:48Z,B0F4KQJFFM,,,,,
Hisense,"Hisense 43E6NT 108cm (43 Zoll) Fernseher, 4K UHD Smart TV, Precision Colour, HDR, Dolby Vision, 60Hz, Triple Tuner DVB-C/S/S2/T/T2, WiFi, HDMI 2.1, Bluetooth, Alexa Built-in, Schwarz, [2024]",https://www.amazon.de/dp/B0CZWNDNXW,43.0,,,,,Amazon,DE,2026-10-01T11:06:48Z,B0CZWNDNXW,,,,,
LG,"LG 50NU850B6LA 50 Zoll (127 cm) 4K UHD LED AI Smart TV | Alpha 5 AI Prozessor, 4K AI Upscaling, webOS mit ThinQ, HDR10 Pr...",https://www.amazon.de/dp/B0H19L9W71,50.0,379.0,379.0,EUR,379.0,Amazon,DE,2026-10-01T11:06:48Z,B0H19L9W71,,,,,
LG,"LG OLED65G68LW 65 Zoll (165 cm) 4K UHD Gallery OLED evo AI Smart TV | Alpha 11 AI Prozessor, Brightness Booster Max, Ultra...",https://www.amazon.de/dp/B0HH9RGC3M,65.0,1899.0,1899.0,EUR,1899.0,Amazon,DE,2026-10-01T11:06:48Z,B0HH9RGC3M,,,,,
Samsung,"Samsung QLED Q7F 4K Smart TV 50 Zoll (125 cm) mit AI-Vision, 100% Farbvolumen mit Quantum Dot, HDR10+, Q4 AI Prozessor, One UI Tizen, Wi-Fi, Bluetooth 5.3 und Motion...[Länderversion Ungarisch]",https://www.amazon.de/dp/B0FFSVPJ7Y,50.0,361.01,361.01,EUR,361.01,Amazon,DE,2026-10-01T11:06:48Z,B0FFSVPJ7Y,,,,,
LG,"LG 75NANO81T6A TV 75"" (190 cm) NanoCell Fernseher (α5 Gen7 4K AI-Prozessor, webOS 24, HDR10, bis zu 60Hz) [Modelljahr 2024]",https://www.amazon.de/dp/B0CYQ1HZHW,75.0,683.08,683.08,EUR,683.08,Amazon,DE,2026-10-01T11:06:48Z,B0CYQ1HZHW,,,,,
LG,"LG 55UF680V schwarz Ultra HD 1000PMI LED-TV 55"" (139cm) Metallic Design",https://www.amazon.de/dp/B013SOPSJW,55.0,400.0,400.0,EUR,400.0,Amazon,DE,2026-10-01T11:06:48Z,B013SOPSJW,,,,,
TCL,"TCL 65Q6C 65 Zoll QD-Mini LED Fernseher, 4K HDR Premium 1000nits, Smart TV mit Google TV (Dolby Vision IQ & Atmos, Onkyo 2.1 Soundsystem, 144Hz Motion Clarity Pro, Game Master)",https://www.amazon.de/dp/B0DXQ27X44,65.0,679.0,679.0,EUR,679.0,Amazon,DE,2026-10-01T11:06:48Z,B0DXQ27X44,,,,,
TCL,"TCL 43T69C 43 Zoll QLED, Direct LED TV, 4K HDR TV, Smart Google TV (Dolby Vision & Atmos, Game Master, Motion Clarity, Kompatibel mit Google Assistant & Alexa)",https://www.amazon.de/dp/B0F8QFTXW9,43.0,299.0,299.0,EUR,299.0,Amazon,DE,2026-10-01T11:06:48Z,B0F8QFTXW9,,,,,
LG,"LG OLED65C64LA 65 Zoll (165 cm) 4K UHD OLED evo AI Smart TV | Alpha 11 AI Prozessor Gen3, Brightness Booster Pro, 165Hz VR...",https://www.amazon.de/dp/B0H3MN2ZLX,65.0,1499.0,1499.0,EUR,1499.0,Amazon,DE,2026-10-01T11:06:48Z,B0H3MN2ZLX,,,,,
LG,"LG 47LA6608 119 cm (47 Zoll) 3D-LED-Backlight-Fernseher, EEK A+ (Full HD, 400Hz MCI, WLAN, DVB-T/C/S, Smart TV)",https://www.amazon.de/dp/B00C5H1DI4,47.0,400.0,400.0,EUR,400.0,Amazon,DE,2026-10-01T11:06:48Z,B00C5H1DI4,,,,,
Hisense,"Hisense 85U7DSE Fernseher 85 Zoll, 4K UHD, Hi-QLED Mini LED, Smart TV, 144Hz, Hi-View AI Engine, IMAX Enhanced, AI Lichtsensor, Dolby Vision.Atmos, Tuned by DeVialet, FreeSync Premium Pro [2026]",https://www.amazon.de/dp/B0GTW11V8C,85.0,1219.0,1219.0,EUR,1219.0,Amazon,DE,2026-10-01T11:06:48Z,B0GTW11V8C,,,,,
TCL,"TCL 50T6C 50 Zoll QLED Fernseher, 4K UHD Fire TV, HDR10+, Dolby Vision & Atmos, Smart TV mit Sprachsteuerung mit Alexa, Google Cast & AirPlay 2",https://www.amazon.de/dp/B0DW9792RH,50.0,299.0,299.0,EUR,299.0,Amazon,DE,2026-10-01T11:06:48Z,B0DW9792RH,,,,,
LG,"LG 98UT91006LA TV 98"" (249 cm) UHD Fernseher (α8 4K AI-Prozessor, webOS 24, bis zu 120Hz) [Modelljahr 2024]",https://www.amazon.de/dp/B0FBS98KPZ,98.0,,,,,Amazon,DE,2026-10-01T11:06:48Z,B0FBS98KPZ,,,,,
LG,"LG OLED83G58LW TV 83 Zoll (210 cm) 4K OLED evo AI TV (α11 Gen2 4K AI Prozessor, webOS 25, 120Hz (VRR bis zu 165Hz)) [Modelljahr 2025]",https://www.amazon.de/dp/B0F4J22QGD,83.0,3399.0,3399.0,EUR,3399.0,Amazon,DE,2026-10-01T11:06:48Z,B0F4J22QGD,,,,,
LG,"Cello C2425WSF Trav 24"" 230V 12V Full HD SMART/DVD Camping Reise TV integrierter DVD Player Rahmenlos Triple Tuner Bluetooth WebOS by LG Pitch Perfect Lautsprecher Wohnmobil LKW [2025]",https://www.amazon.de/dp/B0DZCSKQ2D,24.0,219.99,219.99,EUR,219.99,Amazon,DE,2026-10-01T11:06:48Z,B0DZCSKQ2D,,,,,
Philips,"PHILIPS Ambilight 43PUS8200 4K LED Smart TV - 43 Zoll Display mit Pixel Precise Ultra HD, Titan OS, Dolby Vision und Dolby Atmos Sound, 2025",https://www.amazon.de/dp/B0F2N565FP,43.0,349.0,349.0,EUR,349.0,Amazon,DE,2026-10-01T11:06:48Z,B0F2N565FP,,,,,
LG,"LG OLED48C37LA TV 121 cm (48 Zoll) OLED evo Fernseher (Smart TV, Filmmaker Mode, 120 Hz) [Modelljahr 2023]",https://www.amazon.de/dp/B009LYC01I,48.0,899.95,899.95,EUR,899.95,Amazon,DE,2026-10-01T11:06:48Z,B009LYC01I,,,,,
TCL,"TCL 50Q7C 50 Zoll QD-Mini LED Fernseher, 4K HDR Premium 2000, Smart TV unterstützt durch Google TV (Dolby Vision IQ & Atmos, HVA-Panel, 144Hz Motion Clarity Pro, Freihändige Sprachsteuerung)",https://www.amazon.de/dp/B0F38D74ZD,50.0,640.51,640.51,EUR,640.51,Amazon,DE,2026-10-01T11:06:48Z,B0F38D74ZD,,,,,
Hisense,"Hisense 55E89Q Fernseher, 55 Zoll (139cm), 4K ULED Mini LED, Smart TV, 144Hz Game Mode PRO, Hi-View AI Engine, AI Smoothmotion, Built-in Subwoofer, Dolby Vision.Atmos, Filmmaker Mode, Hi-Concerto",https://www.amazon.de/dp/B0G5QTS4MN,55.0,,,,,Amazon,DE,2026-10-01T11:06:48Z,B0G5QTS4MN,,,,,
LG,"LG OLED77B4ELA TV 195 cm (77 Zoll) OLED Fernseher (α8 4K AI-Prozessor, webOS 24, Dolby Vision, bis zu 120Hz) [Modelljahr 2024]",https://www.amazon.de/dp/B0DDTXJ355,77.0,2061.01,2061.01,EUR,2061.01,Amazon,DE,2026-10-01T11:06:48Z,B0DDTXJ355,,,,,
TCL,"TCL 43V6C 43 Zoll Direct LED TV, 4K HDR Fernseher, Smart TV mithilfe von Google TV (Dolby Audio, Motion Clarity, Kompatibel mit Google Assistant & Alexa)",https://www.amazon.de/dp/B0DV9HJTTK,43.0,,,,,Amazon,DE,2026-10-01T11:06:48Z,B0DV9HJTTK,,,,,
LG,"LG 32LQ63006LA Smart TV 32 Zoll Full HD, LED TV 2022 mit α5 Gen 5 Prozessor mit AI, webOS 22, HDR, WLAN, Bluetooth, Game Optimizer, Google Stadia und GeForce Now, kompatibel mit Google Home und Alexa",https://www.amazon.de/dp/B09T74KPR6,32.0,,,,,Amazon,DE,2026-10-01T11:06:48Z,B09T74KPR6,,,,,
TCL,"TCL 55V6C 55 Zoll Direct LED TV, 4K HDR Fernseher, Smart TV mithilfe von Google TV (Dolby Audio, Motion Clarity, Kompatibel mit Google Assistant & Alexa)",https://www.amazon.de/dp/B0DV94JCVX,55.0,,,,,Amazon,DE,2026-10-01T11:06:48Z,B0DV94JCVX,,,,,
LG,"LG OLED77G48LW TV 77"" (195 cm) OLED evo Fernseher (α11 4K AI-Prozessor, webOS 24, Dolby Vision, bis zu 120Hz) [Modelljahr 2024]",https://www.amazon.de/dp/B0CYQ1C3T8,77.0,,,,,Amazon,DE,2026-10-01T11:06:48Z,B0CYQ1C3T8,,,,,
LG,"LG 85NU850B6LA 85 Zoll (216 cm) 4K UHD LED AI Smart TV | Alpha 5 AI Prozessor, 4K AI Upscaling, webOS mit ThinQ, HDR10 Pr...",https://www.amazon.de/dp/B0H19FG4ZG,85.0,1099.0,1099.0,EUR,1099.0,Amazon,DE,2026-10-01T11:06:48Z,B0H19FG4ZG,,,,,
LG,"LG 24LB70006LA Smart TV FHD AI LB70 24 Zoll 2K 2026, WebOS 26 IA mit Copilot, α5 AI Gen9, 120Hz, Upscaler, Dolby Digital Plus, schwarz",https://www.amazon.de/dp/B0H72HGH3Q,24.0,334.57,334.57,EUR,334.57,Amazon,DE,2026-10-01T11:06:48Z,B0H72HGH3Q,,,,,
LG,"LG OLED48C44LA TV 48"" (122cm) OLED evo Fernseher (α9 Gen7 4K AI-Prozessor, webOS 24, Dolby Vision, bis zu 120Hz) [Modelljahr 2024]",https://www.amazon.de/dp/B0D671PGJM,48.0,,,,,Amazon,DE,2026-10-01T11:06:48Z,B0D671PGJM,,,,,
LG,LG TV QNED AI 2026 | 55QNED7E | 55 Zoll (139 cm),https://www.amazon.de/dp/B0GWFCK9S9,55.0,498.35,498.35,EUR,498.35,Amazon,DE,2026-10-01T11:06:48Z,B0GWFCK9S9,,,,,
LG,"LG 50UR781C 127 cm (50"") LCD-TV mit LED-Hintergrundbeleuchtung - 4K - für Hotel/Gastgewerbe",https://www.amazon.de/dp/B0CNXHY4JB,50.0,339.44,339.44,EUR,339.44,Amazon,DE,2026-10-01T11:06:48Z,B0CNXHY4JB,,,,,
LG,LG NanoCell 43NANO82T3B 4K Ultra HD 55 Zoll HDR HDR10 Direct-LED Smart TV,https://www.amazon.de/dp/B0D96NB3XJ,55.0,,,,,Amazon,DE,2026-10-01T11:06:48Z,B0D96NB3XJ,,,,,
LG,LG TV Evo AI G6 (2026) 48 Zoll OLED UHD 4K - OLED48G63LS,https://www.amazon.de/dp/B0HCCPCWBG,48.0,1299.0,1299.0,EUR,1299.0,Amazon,DE,2026-10-01T11:06:48Z,B0HCCPCWBG,,,,,
LG,"LG Mini RGB 50 Zoll Serie MRGB87 2026 Smart TV 4K - 50MRGB87B6B | RGB Primary Color Pro, DualColor 100% DCI-P3/Adobe RGB, ...",https://www.amazon.de/dp/B0GWN6L3JG,50.0,749.0,749.0,EUR,749.0,Amazon,DE,2026-10-01T11:06:48Z,B0GWN6L3JG,,,,,
LG,"REFLEXION LDDX24IBT-Black Smart LED Fernseher 24 Zoll / 60cm, LG webOSHub, Wohnwagen/Wohnmobil/Camping/Caravan/Boot/LKW TV, Slimline, 12/24/230 Volt, Full HD, Triple Tuner, Bluetooth, WLAN, DVD-Player",https://www.amazon.de/dp/B0DK1R5Y4P,24.0,319.95,319.95,EUR,319.95,Amazon,DE,2026-10-01T11:06:48Z,B0DK1R5Y4P,,,,,
LG,LG TV (2026) 55 Zoll Mini-LED 4K - 55MRGB86B6A,https://www.amazon.de/dp/B0H4H3DGDB,55.0,1100.59,1100.59,EUR,1100.59,Amazon,DE,2026-10-01T11:06:48Z,B0H4H3DGDB,,,,,
LG,"LG 55QNED70B3C, 55"" 4K QNED MiniLED Smart TV, 3840x2160, DVB-T2/C/S2, Alpha 7 AI Processor, HDR10 / HLG, webOS 26 ThinQ, VRR/ALLM/HGiG, 4K Super Upscaling, WiFi 5, Bluetooth 5.3, AirPlay 2, LAN,CI",https://www.amazon.de/dp/B0H6QRP9BT,55.0,499.0,499.0,EUR,499.0,Amazon,DE,2026-10-01T11:06:48Z,B0H6QRP9BT,,,,,
LG,"LG OLED42C44LA TV 42"" (107cm) OLED evo Fernseher (α9 Gen7 4K AI-Prozessor, webOS 24, Dolby Vision, bis zu 120Hz) [Modelljahr 2024]",https://www.amazon.de/dp/B0D671ZZXL,42.0,,,,,Amazon,DE,2026-10-01T11:06:48Z,B0D671ZZXL,,,,,
LG,"LG 32LQ63806LA TV 80 cm (32 Zoll) LCD Fernseher (1080p FHD, 50 Hz, Smart TV, weiß) [Modelljahr 2021",https://www.amazon.de/dp/B08VWDCW1D,32.0,,,,,Amazon,DE,2026-10-01T11:06:48Z,B08VWDCW1D,,,,,
LG,"LG 55NU800B3LC Nano 4K UHD TV, 55 Zoll, α7 Gen9 4K AI Prozessor, webOS 26, 60Hz, VRR bis zu 60Hz, Modelljahr 2026, Energieklasse F",https://www.amazon.de/dp/B0HGRXT24R,55.0,439.0,439.0,EUR,439.0,Amazon,DE,2026-10-01T11:06:48Z,B0HGRXT24R,,,,,
LG,"TV intelligente LG 65NANO766QA 65"" 4K ULTRA HD LED WIFI",https://www.amazon.de/dp/B09XXXZNB5,65.0,,,,,Amazon,DE,2026-10-01T11:06:48Z,B09XXXZNB5,,,,,
LG,LG - TV - OLED - 48 Zoll - 4K UHD - B6 - Smart TV - 120Hz - Schwarz Absolu | Display – 48 Zoll – (3840 x 2160) – realistis...,https://www.amazon.de/dp/B0GWFNR5PT,48.0,999.0,999.0,EUR,999.0,Amazon,DE,2026-10-01T11:06:48Z,B0GWFNR5PT,,,,,
LG,"LG OLED42C62LA TV 42 Zoll (106 cm) 4K OLED evo AI TV (α11 Gen3 4K AI Prozessor, webOS 26, 120Hz (VRR bis zu 165Hz)) [Modelljahr 2026] [Energieklasse G]",https://www.amazon.de/dp/B0HCCTVBJY,42.0,999.0,999.0,EUR,999.0,Amazon,DE,2026-10-01T11:06:48Z,B0HCCTVBJY,,,,,
LG,"LG 65NU850B6LA 65 Zoll (165 cm) 4K UHD LED AI Smart TV | Alpha 5 AI Prozessor, 4K AI Upscaling, webOS mit ThinQ, HDR10 Pr...",https://www.amazon.de/dp/B0H1JGZQVN,65.0,,,,,Amazon,DE,2026-10-01T11:06:48Z,B0H1JGZQVN,,,,,
LG,"LG 43QNED70B3C, 43"" 4K QNED MiniLED Smart TV, 3840x2160, DVB-T2/C/S2, Alpha 7 AI Processor, HDR10 / HLG, webOS 26 ThinQ, VRR/ALLM/HGiG, 4K Super Upscaling, WiFi 5, Bluetooth 5.3, AirPlay 2, LAN,CI",https://www.amazon.de/dp/B0H758J7BP,43.0,359.0,359.0,EUR,359.0,Amazon,DE,2026-10-01T11:06:48Z,B0H758J7BP,,,,,
LG,"LG OLED77C64LA 77 Zoll (196 cm) 4K UHD OLED evo AI Smart TV | Alpha 11 AI Prozessor Gen3, Brightness Booster Pro, 165Hz VR...",https://www.amazon.de/dp/B0GYQ4CYGZ,77.0,2169.0,2169.0,EUR,2169.0,Amazon,DE,2026-10-01T11:06:48Z,B0GYQ4CYGZ,,,,,
LG,"LG OLED42C64LA 42 Zoll (106 cm) 4K UHD OLED evo AI Smart TV | Alpha 11 AI Prozessor Gen3, Brightness Booster Pro, 165Hz VR...",https://www.amazon.de/dp/B0H3MH5T8J,42.0,999.0,999.0,EUR,999.0,Amazon,DE,2026-10-01T11:06:48Z,B0H3MH5T8J,,,,,
LG,LG 75NANO81A6A 75 Zoll 4K Ultra HD HDR D-LED NanoCell Smart TV,https://www.amazon.de/dp/B0FY7GT9RP,75.0,,,,,Amazon,DE,2026-10-01T11:06:48Z,B0FY7GT9RP,,,,,
LG,"LG 65QNED869QA TV 164 cm (65 Zoll) QNED MiniLED Fernseher (Cinema HDR, 120 Hz, Smart TV) [Modelljahr 2022]",https://www.amazon.de/dp/B09RQ3TBK3,65.0,1578.59,1578.59,EUR,1578.59,Amazon,DE,2026-10-01T11:06:48Z,B09RQ3TBK3,,,,,
LG,"LG 43LB65006LA 43 Zoll (108 cm) FHD LED Smart TV | Triple Tuner, webOS Smart TV, HDMI Anschlüsse, USB Mediaplayer, Dolby D...",https://www.amazon.de/dp/B0HHRZNSW4,43.0,388.76,388.76,EUR,388.76,Amazon,DE,2026-10-01T11:06:48Z,B0HHRZNSW4,,,,,
LG,"LG 50QNED70B3C, 50"" 4K QNED MiniLED Smart TV, 3840x2160, DVB-T2/C/S2, Alpha 7 AI Processor, HDR10 / HLG, webOS 26 ThinQ, VRR/ALLM/HGiG, 4K Super Upscaling, WiFi 5, Bluetooth 5.3, AirPlay 2, LAN,CI",https://www.amazon.de/dp/B0H75GNLLM,50.0,419.0,419.0,EUR,419.0,Amazon,DE,2026-10-01T11:06:48Z,B0H75GNLLM,,,,,
LG,"Cello 32-Zoll-Smart TV Rahmenloser, benutzerfreundlicher LED-Fernseher – Mit LG WebOS Integriert Netflix Apple+ Bluetooth Prime Video – Mit HDMI-, optischen, RF- und USB-Anschlüssen",https://www.amazon.de/dp/B0CF9VT914,32.0,178.99,178.99,EUR,178.99,Amazon,DE,2026-10-01T11:06:48Z,B0CF9VT914,,,,,
LG,"LG 75QNED756RA 190 cm (75 Zoll) 4K QNED MiniLED TV (Active HDR, 60 Hz, Smart TV) [Modelljahr 2023]",https://www.amazon.de/dp/B0BWWHXPR4,75.0,890.69,890.69,EUR,890.69,Amazon,DE,2026-10-01T11:06:48Z,B0BWWHXPR4,,,,,
LG,"LG OLED55G64LW Fernseher 55 Zoll, 4K OLED EVO AI G6, Smart TV, WebOS 26, Prozessor α11 AI Gen3, VRR 165Hz, Reflection Free Premium, Dolby Vision und Atmos, Alexa/Google Assistant, Dunkelgrau Titan",https://www.amazon.de/dp/B0GYPN5KK9,55.0,1715.66,1715.66,EUR,1715.66,Amazon,DE,2026-10-01T11:06:48Z,B0GYPN5KK9,,,,,
LG,"LG OLED evo G4 55G48LW 4K Smart-TV, (55 Zoll) Bildschirmdiagonale, 2024",https://www.amazon.de/dp/B0DHPBX84W,55.0,,,,,Amazon,DE,2026-10-01T11:06:48Z,B0DHPBX84W,,,,,
LG,"LG QNED 4K UHD 43QNED84A6C 43 Zoll Smart TV, WebOS, HDR",https://www.amazon.de/dp/B0GL68XJYT,43.0,347.42,347.42,EUR,347.42,Amazon,DE,2026-10-01T11:06:48Z,B0GL68XJYT,,,,,
LG,"LG 75QNED86B6B TV 75 Zoll (175 cm), 4K QNED EVO MiniLED, Smart TV, WebOS 26, Prozessor α8 AI Gen3, VRR 144Hz, Dolby Vision und Dolby Digital Plus, Alexa/Google Assistant, Schwarz",https://www.amazon.de/dp/B0GTZQGQ62,75.0,1733.71,1733.71,EUR,1733.71,Amazon,DE,2026-10-01T11:06:48Z,B0GTZQGQ62,,,,,
LG,"LG 47LW4500 119 cm (47 Zoll) Cinema 3D LED-Backlight-Fernseher (Full-HD, 400Hz, DVB-T, DVB-C, CI+) schwarz",https://www.amazon.de/dp/B004QF0PT6,47.0,,,,,Amazon,DE,2026-10-01T11:06:48Z,B004QF0PT6,,,,,
LG,LG QNED Evo AI 43 Zoll (2026) QNED Mini-LED 4K UHD - 43QNED81B6C,https://www.amazon.de/dp/B0H1JLYV4C,43.0,516.03,516.03,EUR,516.03,Amazon,DE,2026-10-01T11:06:48Z,B0H1JLYV4C,,,,,
LG,"LG 55EG920V TVC OLED 55"" UHD Curved 3D SMART SAT",https://www.amazon.de/dp/B016KKSXM0,55.0,700.0,700.0,EUR,700.0,Amazon,DE,2026-10-01T11:06:48Z,B016KKSXM0,,,,,
LG,LG OLED55G66LS - TV 55 Zoll Smart TV 4K 3840 x 2160 Pixel OLed DVB-T2 HEVC/H.265 Wifi Silber Energieklasse E,https://www.amazon.de/dp/B0H374GQDY,55.0,1891.03,1891.03,EUR,1891.03,Amazon,DE,2026-10-01T11:06:48Z,B0H374GQDY,,,,,
LG,"LG OLED48C62LA TV 48 Zoll (121 cm) 4K OLED evo AI TV (α11 Gen3 4K AI Prozessor, webOS 26, 120Hz (VRR bis zu 165Hz)) [Modelljahr 2026] [Energieklasse E]",https://www.amazon.de/dp/B0HCVN1T5M,48.0,1099.0,1099.0,EUR,1099.0,Amazon,DE,2026-10-01T11:06:48Z,B0HCVN1T5M,,,,,
LG,"LG OLED EVO 55C58LA 55 Zoll Fernseher, 4K Smart TV 120Hz, a9 Gen8 AI Prozessor 4K, WebOS 25",https://www.amazon.de/dp/B0F4JQYXXK,55.0,1252.33,1252.33,EUR,1252.33,Amazon,DE,2026-10-01T11:06:48Z,B0F4JQYXXK,,,,,
LG,"LG 50QNED86A6C TV 50 Zoll (127 cm) 4K QNED evo AI TV (α7 Gen8 4K AI Prozessor, webOS 25, 60Hz) [Modelljahr 2025]",https://www.amazon.de/dp/B0F2289CCK,50.0,635.85,635.85,EUR,635.85,Amazon,DE,2026-10-01T11:06:48Z,B0F2289CCK,,,,,
LG,"LG OLED evo G4 65G48LW 4K Smart-TV, 165 cm (65 Zoll) Bildschirmdiagonale, 2024",https://www.amazon.de/dp/B0DHP7QRG7,65.0,,,,,Amazon,DE,2026-10-01T11:06:48Z,B0DHP7QRG7,,,,,
LG,LG Smart TV 75QNED80T6A.AEU 4K Ultra HD 75 Zoll HDR Edge-LED QNED,https://www.amazon.de/dp/B0D858BKKS,75.0,,,,,Amazon,DE,2026-10-01T11:06:48Z,B0D858BKKS,,,,,
LG,"LG 65QNED866RE 165 cm (65 Zoll) 4K QNED MiniLED TV (Active HDR, 120 Hz, Smart TV) [Modelljahr 2023]",https://www.amazon.de/dp/B0BWWKPRM8,65.0,,,,,Amazon,DE,2026-10-01T11:06:48Z,B0BWWKPRM8,,,,,
LG,"LG 43UR78006LK・108 cm (43"") Diagonalklasse UR78 Series LCD-TV mit LED-Hintergrundbeleuchtung・Smart TV・ThinQ AI・webOS・4K UHD (2160p) (43UR78006LK.AEU)",https://www.amazon.de/dp/B0C4T3HR77,43.0,309.69,309.69,EUR,309.69,Amazon,DE,2026-10-01T11:06:48Z,B0C4T3HR77,,,,,
LG,"LG 65QNED80B6B 65 Zoll (165 cm) 4K UHD QNED AI Smart TV | Alpha 7 AI Prozessor, 120Hz Bildwiederholrate, HDMI 2.1, Quantum...",https://www.amazon.de/dp/B0HJ69B1LM,65.0,786.46,786.46,EUR,786.46,Amazon,DE,2026-10-01T11:06:48Z,B0HJ69B1LM,,,,,
LG,LG OLED55C5ELB.AEU Smart TV OLED EVO AI C5 55 Zoll 4K 2025,https://www.amazon.de/dp/B0GDN8W466,55.0,,,,,Amazon,DE,2026-10-01T11:06:48Z,B0GDN8W466,,,,,
LG,"LG Electronics OLED48A19LA TV 121 cm (48 Zoll) OLED Fernseher (4K Cinema HDR, 60 Hz, Smart TV) [Modelljahr 2021]",https://www.amazon.de/dp/B08VWHH817,48.0,,,,,Amazon,DE,2026-10-01T11:06:48Z,B08VWHH817,,,,,
LG,"LG 115QNED93B6 115 Zoll (292 cm) 4K UHD MiniLED QNED AI Smart TV | Precision Dimming MiniLED, Alpha 9 AI Prozessor, 120Hz,...",https://www.amazon.de/dp/B0HJ8XHSCM,115.0,8399.0,8399.0,EUR,8399.0,Amazon,DE,2026-10-01T11:06:48Z,B0HJ8XHSCM,,,,,
LG,"LG 86MRGB96B9B TV 86 Zoll (218 cm) 4K Micro RGB evo AI TV (α11 Gen3 4K AI-Prozessor mit Dual AI Engine, webOS 26, 120Hz (VRR bis zu 165Hz)) [Modelljahr 2026] [Energieklasse D]",https://www.amazon.de/dp/B0HJ3ZPRXL,86.0,8999.0,8999.0,EUR,8999.0,Amazon,DE,2026-10-01T11:06:48Z,B0HJ3ZPRXL,,,,,
LG,"LG OLED77W69LA 77 Zoll (196 cm) 4K UHD Wallpaper OLED AI Smart TV | Alpha 11 AI Prozessor, Ultradünnes Wallpaper Design, E...",https://www.amazon.de/dp/B0HDZ78W8C,77.0,3979.0,3979.0,EUR,3979.0,Amazon,DE,2026-10-01T11:06:48Z,B0HDZ78W8C,,,,,
LG,LG LED TV (2026) Micro RGB Evo UHD 4K 75 Zoll 75MRGB86B6A,https://www.amazon.de/dp/B0H2JQRP7H,75.0,1741.78,1741.78,EUR,1741.78,Amazon,DE,2026-10-01T11:06:48Z,B0H2JQRP7H,,,,,
LG,LG 50QNED826RE 50' 4K QNED TV,https://www.amazon.de/dp/B0C2J5J2MM,50.0,1045.15,1045.15,EUR,1045.15,Amazon,DE,2026-10-01T11:06:48Z,B0C2J5J2MM,,,,,
LG,LG TV Mini RGB AI (2026) 50 Zoll Mini-LED 4K UHD - 50MRGB86B6A,https://www.amazon.de/dp/B0H2KG2BYM,50.0,885.45,885.45,EUR,885.45,Amazon,DE,2026-10-01T11:06:48Z,B0H2KG2BYM,,,,,
LG,LG TV AI B6 (2026) 48 Zoll OLED UHD 4K - OLED48B65LA,https://www.amazon.de/dp/B0H2JW6V1X,48.0,960.89,960.89,EUR,960.89,Amazon,DE,2026-10-01T11:06:48Z,B0H2JW6V1X,,,,,
LG,"LG OLED77G64LW Fernseher 77 Zoll, 4K OLED EVO AI G6, Smart TV, WebOS 26, Prozessor α11 AI Gen3, VRR 165Hz, Reflection Free Premium, Dolby Vision und Atmos, Alexa/Google Assistant, Dunkelgrau Titan",https://www.amazon.de/dp/B0GYQ2Y1P9,77.0,3747.3,3747.3,EUR,3747.3,Amazon,DE,2026-10-01T11:06:48Z,B0GYQ2Y1P9,,,,,
LG,"LG 75QNED72B6A 75 Zoll (190 cm) 4K UHD QNED AI Smart TV | Quantum Dot & NanoCell Technologie, Alpha 5 AI Prozessor, webOS,...",https://www.amazon.de/dp/B0H4MGRJWC,75.0,,,,,Amazon,DE,2026-10-01T11:06:48Z,B0H4MGRJWC,,,,,
LG,LG 55 inch OLED evo AI OLED55G62LW 4K Smart TV Model 2026,https://www.amazon.de/dp/B0GT9VLCGD,55.0,1749.0,1749.0,EUR,1749.0,Amazon,DE,2026-10-01T11:06:48Z,B0GT9VLCGD,,,,,
LG,LG 55QNED70B6C - TV 55 Zoll Smart TV 4K DVB-T2 Wifi Energieklasse E Schwarz,https://www.amazon.de/dp/B0H1N8Y6RV,55.0,634.5,634.5,EUR,634.5,Amazon,DE,2026-10-01T11:06:48Z,B0H1N8Y6RV,,,,,
LG,LG OLED77C31LA TV 195 cm (77 Zoll) OLED evo Fernseher,https://www.amazon.de/dp/B0CPT95D4L,77.0,,,,,Amazon,DE,2026-10-01T11:06:48Z,B0CPT95D4L,,,,,
LG,LG TV AI B6 (2026) 65 Zoll OLED UHD 4K - OLED65B65LA,https://www.amazon.de/dp/B0H2DYMQ4N,65.0,1521.73,1521.73,EUR,1521.73,Amazon,DE,2026-10-01T11:06:48Z,B0H2DYMQ4N,,,,,
LG,LG TV Evo AI G6 (2026) 65 Zoll OLED UHD 4K - OLED65G66LS,https://www.amazon.de/dp/B0H2F7Y2YQ,65.0,2141.93,2141.93,EUR,2141.93,Amazon,DE,2026-10-01T11:06:48Z,B0H2F7Y2YQ,,,,,
LG,"LG 43LH604V 108 cm (43 Zoll) Full HD Fernseher (Triple XD Engine, Smart TV, Virtual Surround Plus, 20 Watt Sound)",https://www.amazon.de/dp/B01C8TFDZ2,43.0,411.0,411.0,EUR,411.0,Amazon,DE,2026-10-01T11:06:48Z,B01C8TFDZ2,,,,,
LG,"LG 65SK8000 164 cm (65 Zoll) Fernseher (4K SUPER UHD, Triple Tuner, 4K Cinema HDR, Dolby Vision/Atmos, Smart TV)",https://www.amazon.de/dp/B07B4F8XSM,65.0,,,,,Amazon,DE,2026-10-01T11:06:48Z,B07B4F8XSM,,,,,
LG,LG TV AI B6 (2026) 55 Zoll OLED 4K UHD - OLED55B65LA,https://www.amazon.de/dp/B0H2DKLD4L,55.0,1077.26,1077.26,EUR,1077.26,Amazon,DE,2026-10-01T11:06:48Z,B0H2DKLD4L,,,,,
LG,"LG Smart TV 98 Zoll UHD AI UT91 4K LED (2024) – α8 AI Gen7 Prozessor, HDR10 Pro, Dolby Digital Plus, VRR 120Hz, webOS 24, Magic Remote, WiFi 5, Bluetooth 5.1",https://www.amazon.de/dp/B0FV2YV719,98.0,1986.54,1986.54,EUR,1986.54,Amazon,DE,2026-10-01T11:06:48Z,B0FV2YV719,,,,,
LG,"55"" TV LED Lg 55UF8507, ULTRA HD 4K 3D, 1500Hz, Tr",https://www.amazon.de/dp/B00W41YW6G,55.0,700.0,700.0,EUR,700.0,Amazon,DE,2026-10-01T11:06:48Z,B00W41YW6G,,,,,
LG,"LG 55QNED72B6B – TV 139,7 cm (55 Zoll), QNED MiniLED 4K, webOS 26, α7 AI-Gen9-Prozessor, HDR10, AI Sound Pro, 60 Hz, Schwarz",https://www.amazon.de/dp/B0HJ2W4Q2F,55.0,,,,,Amazon,DE,2026-10-01T11:06:48Z,B0HJ2W4Q2F,,,,,
LG,"LG 55QNED86A6A TV 55 Zoll (139 cm) 4K QNED evo AI TV (α8 Gen2 4K AI Prozessor, webOS 25, 120Hz) [Modelljahr 2025]",https://www.amazon.de/dp/B0F22731RT,55.0,,,,,Amazon,DE,2026-10-01T11:06:48Z,B0F22731RT,,,,,
LG,LG TV QNED Evo AI 2025 | 65QNED93A | 65 Zoll (164 cm) | MiniLED 144 Hz | Prozessor α8 AI 4K Gen2 | Dolby Vision & Atmos | Alexa,https://www.amazon.de/dp/B0F2GFMTXC,65.0,,,,,Amazon,DE,2026-10-01T11:06:48Z,B0F2GFMTXC,,,,,
LG,LG Smart TV 75QNED87T6B 4K Ultra HD 55 Zoll,https://www.amazon.de/dp/B0D361PB78,55.0,719.99,719.99,EUR,719.99,Amazon,DE,2026-10-01T11:06:48Z,B0D361PB78,,,,,
LG,"LG, OLED48C26LB, Smart TV, 4K, 48 Zoll, TV OLED evo Serie C2, α9-Prozessor der 5.Generation, Dolby Vision, präzise Details, 4 HDMI 2.1, 48Gbps, VRR, Google Assistant und Alexa, Wi-Fi, webOS 22",https://www.amazon.de/dp/B09Z31BLBR,48.0,,,,,Amazon,DE,2026-10-01T11:06:48Z,B09Z31BLBR,,,,,
LG,"LG NanoCell 50NANO82T6B 4K UHD Smart TV 127 cm (50"""")",https://www.amazon.de/dp/B0DJCBZM6T,50.0,429.0,429.0,EUR,429.0,Amazon,DE,2026-10-01T11:06:48Z,B0DJCBZM6T,,,,,
LG,"LG 75QNED80B6A 75 Zoll (190 cm) 4K UHD QNED AI Smart TV | Alpha 7 AI Prozessor, 120Hz Bildwiederholrate, HDMI 2.1, Quantum...",https://www.amazon.de/dp/B0GTZSJ455,75.0,,,,,Amazon,DE,2026-10-01T11:06:48Z,B0GTZSJ455,,,,,
LG,"LG OLED48B53LA Smart-TV, 48 Zoll, 4K, OLED, WLAN, DVB-T2, Schwarz, Energieeffizienzklasse G",https://www.amazon.de/dp/B0GTMNYCRY,48.0,1496.32,1496.32,EUR,1496.32,Amazon,DE,2026-10-01T11:06:48Z,B0GTMNYCRY,,,,,
LG,"LG 65QNED86A6A TV 65 Zoll (165 cm) 4K QNED evo AI TV (α8 Gen2 4K AI Prozessor, webOS 25, 120Hz (VRR bis zu 144Hz)) [Modelljahr 2025]",https://www.amazon.de/dp/B0F226FL1G,65.0,,,,,Amazon,DE,2026-10-01T11:06:48Z,B0F226FL1G,,,,,
LG,"LG OLED55C41LA TV 139,7 cm (55"") 4K Ultra HD Smart TV WiFi Noir",https://www.amazon.de/dp/B0D4NF5RC5,55.0,1389.2,1389.2,EUR,1389.2,Amazon,DE,2026-10-01T11:06:48Z,B0D4NF5RC5,,,,,
LG,LG – LED-Fernseher 55 Zoll LG 55 Nano 91 6 NA – 55 Nano 91 6 NA,https://www.amazon.de/dp/B086D42NHM,55.0,,,,,Amazon,DE,2026-10-01T11:06:48Z,B086D42NHM,,,,,
LG,"LG OLED55GX6LA 4K UHD Fernseher, 55"", Smart-TV, WLAN",https://www.amazon.de/dp/B08C7Z7NLX,55.0,1899.0,1899.0,EUR,1899.0,Amazon,DE,2026-10-01T11:06:48Z,B08C7Z7NLX,,,,,
LG,"LG OLED77G39LA TV 195 cm (77 Zoll) OLED evo Fernseher (Gallery Design, Brightness Booster Max, 120 Hz) [Modelljahr 2023]",https://www.amazon.de/dp/B0BWWJYZDN,77.0,,,,,Amazon,DE,2026-10-01T11:06:48Z,B0BWWJYZDN,,,,,
LG,"LG ST-G4SN65 Aufstellung für OLED-Display Bildschirmgröße: 165,1 cm 65"" Schreibtisch",https://www.amazon.de/dp/B0D7HVGMFQ,65.0,104.9,104.9,EUR,104.9,Amazon,DE,2026-10-01T11:06:48Z,B0D7HVGMFQ,,,,,
TCL,"TCL 55Q6C 55 Zoll QD-Mini LED Fernseher, 4K HDR Premium 1000nits, Smart TV mit Google TV (Dolby Vision IQ & Atmos, Onkyo 2.1 Sound System, 144Hz Motion Clarity Pro, Game Master)",https://www.amazon.de/dp/B0DX185Q23,55.0,524.45,524.45,EUR,524.45,Amazon,DE,2026-10-01T11:06:48Z,B0DX185Q23,,,,,
TCL,"TCL 55T6C 55 Zoll QLED Fernseher, 4K UHD Fire TV, HDR10+, Dolby Vision & Atmos, Smart TV mit Sprachsteuerung mit Alexa, Google Cast & AirPlay 2",https://www.amazon.de/dp/B0DW9698LP,55.0,339.0,339.0,EUR,339.0,Amazon,DE,2026-10-01T11:06:48Z,B0DW9698LP,,,,,
TCL,"TCL 75Q6C 75 Zoll QD-Mini LED Fernseher, 4K HDR Premium 1000nits, Smart TV mit Google TV (Dolby Vision IQ & Atmos, Onkyo 2.1 Soundsystem, 144Hz Motion Clarity Pro, Game Master)",https://www.amazon.de/dp/B0DXQ48PD9,75.0,899.0,899.0,EUR,899.0,Amazon,DE,2026-10-01T11:06:48Z,B0DXQ48PD9,,,,,
TCL,"TCL 65Q7D Pro SQD-Mini LED 65 Zoll Fernseher, 4K Smart TV, Google TV | 646 Dimming-Zonen, 2000 Nits Spitzenhelligkeit, Dol...",https://www.amazon.de/dp/B0GXKSZKLT,65.0,949.0,949.0,EUR,949.0,Amazon,DE,2026-10-01T11:06:48Z,B0GXKSZKLT,,,,,
TCL,"TCL 75Q7D Pro SQD-Mini LED 75 Zoll Fernseher, 4K Smart TV, Google TV | 760 Dimming-Zonen, 2000 Nits Spitzenhelligkeit, Dol...",https://www.amazon.de/dp/B0GXKRP7FM,75.0,1349.0,1349.0,EUR,1349.0,Amazon,DE,2026-10-01T11:06:48Z,B0GXKRP7FM,,,,,
TCL,"TCL 32SF560 – 32 Zoll, Full HD Smart QLED Direct LED TV mit Fire TV & HDR, Metallic Design, Rahmenlos",https://www.amazon.de/dp/B0F9PVTQL2,32.0,159.99,159.99,EUR,159.99,Amazon,DE,2026-10-01T11:06:48Z,B0F9PVTQL2,,,,,
TCL,"TCL 85C8L SQD-Mini LED 85 Zoll Fernseher, 4K Smart TV, Google TV, HDR10+ | 3200 Dimming-Zonen, 6000 Nits Spitzenhelligkei...",https://www.amazon.de/dp/B0GTZRP159,85.0,2699.0,2699.0,EUR,2699.0,Amazon,DE,2026-10-01T11:06:48Z,B0GTZRP159,,,,,
TCL,"TCL 65T8D QD-Mini LED 65 Zoll Fernseher, 4K Smart TV, Google TV, 144 Hz | FreeSync Premium, Game Master, Dolby Vision, HDR...",https://www.amazon.de/dp/B0GR9FLCYT,65.0,699.0,699.0,EUR,699.0,Amazon,DE,2026-10-01T11:06:48Z,B0GR9FLCYT,,,,,
TCL,"TCL 50C7K 50 Zoll QD-Mini LED Fernseher, 4K HDR Premium 2000, Smart Google TV mit 144Hz Motion Clarity Pro (Dolby Vision IQ & Atmos, HVA-Panel, Game Master)",https://www.amazon.de/dp/B0F5BSJ83Z,50.0,649.0,649.0,EUR,649.0,Amazon,DE,2026-10-01T11:06:48Z,B0F5BSJ83Z,,,,,
TCL,"TCL 43V5C - 43 Zoll Full HD Smart QLED Direct LED-Fernseher mit Android TV & HDR - Kompatibel mit Google Cast & Google Home, Schlankes Design",https://www.amazon.de/dp/B0F3XM86GV,43.0,229.0,229.0,EUR,229.0,Amazon,DE,2026-10-01T11:06:48Z,B0F3XM86GV,,,,,
TCL,"TCL 43PF650 43 Zoll Fernseher, 4K Ultra HD Smart TV, Fire TV, Dolby Atmos | Dolby Vision, Alexa-kompatibel",https://www.amazon.de/dp/B0D8J7L6N9,43.0,249.0,249.0,EUR,249.0,Amazon,DE,2026-10-01T11:06:48Z,B0D8J7L6N9,,,,,
TCL,"TCL 55V6D 55 Zoll, 4K UHD, Smart TV, Fire TV, HDR10+, Dolby Atmos, DTS:X, Game Master, Motion Clarity, AirPlay 2, Kompatibel mit Alexa",https://www.amazon.de/dp/B0GQHGGWHX,55.0,379.0,379.0,EUR,379.0,Amazon,DE,2026-10-01T11:06:48Z,B0GQHGGWHX,,,,,
TCL,"TCL 65P7K 65""QLED 4K HDR TV, Google TV, Smart TV (Dolby Vision & Atmos, Game Master, Motion Clarity)",https://www.amazon.de/dp/B0FH78VT5V,65.0,499.0,499.0,EUR,499.0,Amazon,DE,2026-10-01T11:06:48Z,B0FH78VT5V,,,,,
TCL,"TCL 40V5D QLED 40 Zoll Fernseher, Full HD HDR Smart TV, Fire TV, Direct LED | Apple AirPlay 2, Alexa-kompatibel, Rahmenlos...",https://www.amazon.de/dp/B0GYTCCKMW,40.0,279.0,279.0,EUR,279.0,Amazon,DE,2026-10-01T11:06:48Z,B0GYTCCKMW,,,,,
TCL,"TCL 55T69C 55 Zoll QLED, Direct LED TV, 4K HDR TV, Smart Google TV (Dolby Vision & Atmos, Game Master, Motion Clarity, Kompatibel mit Google Assistant & Alexa)",https://www.amazon.de/dp/B0F8QFPB14,55.0,408.24,408.24,EUR,408.24,Amazon,DE,2026-10-01T11:06:48Z,B0F8QFPB14,,,,,
TCL,"TCL C6K 65C6K Fernseher 165,1 cm (65 Zoll) 4K Ultra HD Smart TV WiFi Metallic",https://www.amazon.de/dp/B0F9FNQPZP,65.0,799.0,799.0,EUR,799.0,Amazon,DE,2026-10-01T11:06:48Z,B0F9FNQPZP,,,,,
TCL,"TCL 55C8L SQD-Mini LED 55 Zoll Fernseher, 4K Smart TV, Google TV, HDR10+ | 1008 Dimming-Zonen, 3000 Nits Spitzenhelligkei...",https://www.amazon.de/dp/B0GTZS35X6,55.0,927.52,927.52,EUR,927.52,Amazon,DE,2026-10-01T11:06:48Z,B0GTZS35X6,,,,,
TCL,"TCL 32S5L - Fernseher 32 Zoll Smart TV Full HD DVB-T2 H.264, H.265 Schwarz Energieklasse F",https://www.amazon.de/dp/B0H2JF9P45,32.0,219.0,219.0,EUR,219.0,Amazon,DE,2026-10-01T11:06:48Z,B0H2JF9P45,,,,,
TCL,"TCL 55T8C 55 Zoll QLED 4K HDR UHD Fernseher, Smart Google TV Dolby Vision & Atmos, 144Hz Motion Clarity Pro, Game Bar, ALLM, FreeSync, Onkyo 2.1 Sound, Sprachsteuerung, Kompatibel mit Google Assistant",https://www.amazon.de/dp/B0DV9JP49P,55.0,519.72,519.72,EUR,519.72,Amazon,DE,2026-10-01T11:06:48Z,B0DV9JP49P,,,,,
TCL,"TCL 55Q7C 55 Zoll QD-Mini LED Fernseher, 4K HDR Premium 2600, Smart TV unterstützt durch Google TV (Dolby Vision IQ & Atmos, CrystGlow HVA-Panel, Audio von Bang & Olufsen, 144Hz Motion Clarity Pro)",https://www.amazon.de/dp/B0F38H2GGC,55.0,,,,,Amazon,DE,2026-10-01T11:06:48Z,B0F38H2GGC,,,,,
TCL,"TCL 98RM7L RGB-Mini LED 98 Zoll Fernseher, 4K Smart TV, Google TV, HDR10+ | 2880 RGB-Farbzonen, 2000 Nits Spitzenhelligkei...",https://www.amazon.de/dp/B0GZZYN4VR,98.0,2099.0,2099.0,EUR,2099.0,Amazon,DE,2026-10-01T11:06:48Z,B0GZZYN4VR,,,,,
TCL,"TCL 55P6K LED TV Direct 55 Zoll, 4K HDR TV, Smart TV mit Google TV Technologie (Dolby Audio, Motion Clarity, kompatibel mit Google Assistant und Alexa)",https://www.amazon.de/dp/B0F7RVDMKF,55.0,299.0,299.0,EUR,299.0,Amazon,DE,2026-10-01T11:06:48Z,B0F7RVDMKF,,,,,
Xiaomi,"Xiaomi TV F Pro 75 (190 cm), 4K UHD QLED, Smart TV, Fire OS8, HDR10+, MEMC | Triple Tuner DVB-C/S/S2/T/T2, 60Hz with 120Hz...",https://www.amazon.de/dp/B0F45BLD1H,75.0,549.0,549.0,EUR,549.0,Amazon,DE,2026-10-01T11:06:48Z,B0F45BLD1H,,,,,
TCL,"TCL 98X11L SQD-Mini LED 98 Zoll Fernseher, 4K Smart TV, Google TV, HDR10+ | 20736 Dimming-Zonen, 10000 Nits Spitzenhelligk...",https://www.amazon.de/dp/B0GV4GKQR9,98.0,7999.0,7999.0,EUR,7999.0,Amazon,DE,2026-10-01T11:06:48Z,B0GV4GKQR9,,,,,
TCL,"TCL 75P8K 75 Zoll QLED 4K HDR UHD Fernseher, Smart Google TV (Dolby Vision & Atmos, 144Hz Motion Clarity Pro, FreeSync, Onkyo 2.1 Sound, Sprachsteuerung, Kompatibel mit Google Assistant, Google Cast)",https://www.amazon.de/dp/B0F8J383MC,75.0,1049.0,1049.0,EUR,1049.0,Amazon,DE,2026-10-01T11:06:48Z,B0F8J383MC,,,,,
TCL,Smart TV TCL 32S4K,https://www.amazon.de/dp/B0FLPRW1P9,32.0,193.0,193.0,EUR,193.0,Amazon,DE,2026-10-01T11:06:48Z,B0FLPRW1P9,,,,,
TCL,"TCL 85Q8C 85 Zoll QD-Mini LED-Fernseher, 4K HDR Premium 5000, ZeroBorder™, Smart Google TV, CrystGlow WHVA-Panel, Audio von Bang & Olufsen, 144Hz Motion Clarity Pro, Dolby Vision IQ & Atmos",https://www.amazon.de/dp/B0F9WW49C3,85.0,2199.0,2199.0,EUR,2199.0,Amazon,DE,2026-10-01T11:06:48Z,B0F9WW49C3,,,,,
TCL,TCL 32V4C 32 Zoll HD Smart QLED Direct LED TV mit Android TV und HDR kompatibel mit Google Cast und Google Home Delgado Design,https://www.amazon.de/dp/B0F54B34TH,32.0,174.64,174.64,EUR,174.64,Amazon,DE,2026-10-01T11:06:48Z,B0F54B34TH,,,,,
TCL,"TCL 43V6B 43 Zoll, 4K Ultra HD, HDR TV, Smart TV unterstützt von Google TV (Dolby Audio, Motion Clarity, Sprachsteuerung, Kompatibel mit Google Assistant, Chromecast eingebaut",https://www.amazon.de/dp/B0CXF544YP,43.0,,,,,Amazon,DE,2026-10-01T11:06:48Z,B0CXF544YP,,,,,
TCL,"TCL 55P8K 55 Zoll QLED 4K HDR UHD Fernseher, Smart Google TV (Dolby Vision & Atmos, 144Hz Motion Clarity Pro, FreeSync, Onkyo 2.1 Sound, Sprachsteuerung, Kompatibel mit Google Assistant, Google Cast)",https://www.amazon.de/dp/B0F8HYKRKX,55.0,,,,,Amazon,DE,2026-10-01T11:06:48Z,B0F8HYKRKX,,,,,
TCL,"TCL 65P8K 65 Zoll QLED 4K HDR UHD Fernseher, Smart Google TV (Dolby Vision & Atmos, 144Hz Motion Clarity Pro, FreeSync, Onkyo 2.1 Sound, Sprachsteuerung, Kompatibel mit Google Assistant, Google Cast)",https://www.amazon.de/dp/B0F8J37SQ5,65.0,799.0,799.0,EUR,799.0,Amazon,DE,2026-10-01T11:06:48Z,B0F8J37SQ5,,,,,
TCL,"TCL NXTVISION A300 PRO 65 Zoll QLED PRO Fernseher, 4K UHD Art TV, Magnetisches Rahmendesign, Ai”Art Kunstgalerie, Mattes Display, Google Smart TV",https://www.amazon.de/dp/B0F2GKG2R1,65.0,1226.95,1226.95,EUR,1226.95,Amazon,DE,2026-10-01T11:06:48Z,B0F2GKG2R1,,,,,
LG,"LG 75QNED7EB3A TV 75 Zoll, 1900 Mm, 4K QNED Mini LED AI, α7 Gen9 Prozessor, webOS 26, 60Hz, VRR, Modelljahr 2026",https://www.amazon.de/dp/B0GSGYR42K,75.0,756.91,756.91,EUR,756.91,Amazon,DE,2026-10-01T11:06:48Z,B0GSGYR42K,,,,,
Hisense,"Hisense 85E8DS Fernseher 85 Zoll, 4K UHD, Hi-QLED Mini LED, Smart TV, 144Hz, Hi-View AI Engine, Dolby Vision.Atmos, Unibody Slim, FreeSync Premium, AI-Lichtsensor, Game Bar, Tuned by Devialet",https://www.amazon.de/dp/B0GYZ753CY,85.0,1149.0,1149.0,EUR,1149.0,Amazon,DE,2026-10-01T11:06:48Z,B0GYZ753CY,,,,,
Xiaomi,"XIAOMI TV S Mini LED 65 Zoll (165 cm), 4K UHD Smart TV, HDR10+, Google TV | 144Hz (240Hz Game Boost Mode), Dolby Atmos & V...",https://www.amazon.de/dp/B0DJMBJPXN,65.0,599.0,599.0,EUR,599.0,Amazon,DE,2026-10-01T11:06:48Z,B0DJMBJPXN,,,,,
TCL,"TCL 75V6C 75 Zoll Direct LED TV, 4K HDR Fernseher, Smart TV mithilfe von Google TV (Dolby Audio, Motion Clarity, Kompatibel mit Google Assistant & Alexa)",https://www.amazon.de/dp/B0DV9L8KLJ,75.0,,,,,Amazon,DE,2026-10-01T11:06:48Z,B0DV9L8KLJ,,,,,
Xiaomi,"XIAOMI TV MAX 85 Zoll (216 cm) QLED 4K UHD Smart TV, Dolby Atmos & Vision | 144Hz (240Hz Game Boost Mode), Dolby Atmos & V...",https://www.amazon.de/dp/B0DJM9QBTR,85.0,999.0,999.0,EUR,999.0,Amazon,DE,2026-10-01T11:06:48Z,B0DJM9QBTR,,,,,
TCL,"TCL 55C6K - 55"" Smart TV QD‑Mini LED 4K HDR10+ Google TV | Dolby Vision IQ & Atmos, 144Hz Motion Clarity Pro, Game Master,...",https://www.amazon.de/dp/B0F8QKZ82T,55.0,,,,,Amazon,DE,2026-10-01T11:06:48Z,B0F8QKZ82T,,,,,
Hisense,"Hisense 55UR8DS Fernseher 55 Zoll, 4K UHD, RGB Mini LED, Smart TV, 180Hz, Hi-View AI Engine RGB, Dolby Vision.Atmos, AI RGB Lichtsensor, AI 4K Upscaler, AMD FreeSync Premium Pro, Tuned by Devialet",https://www.amazon.de/dp/B0H2YK2DQS,55.0,999.0,999.0,EUR,999.0,Amazon,DE,2026-10-01T11:06:48Z,B0H2YK2DQS,,,,,
Hisense,"Hisense 98E7Q Fernseher, 98 Zoll, 2480 Mm, 4K UHD QLED, Smart TV, 144Hz Game Mode PRO, AI 4K Upscaler, Smoothmotion, Lichtsensor, Colour, Dolby Vision Atmos, Sprachsteuerung, EZPlay",https://www.amazon.de/dp/B0FQ68967J,98.0,1649.0,1649.0,EUR,1649.0,Amazon,DE,2026-10-01T11:06:48Z,B0FQ68967J,,,,,
LG,"LG 85NU8E0B3LA Nano 4K UHD TV, 85 Zoll, α7 Gen9 4K AI Prozessor, webOS 26, 60Hz, VRR bis zu 60Hz, Modelljahr 2026, Energieklasse E",https://www.amazon.de/dp/B0GSGZGZ3Z,85.0,,,,,Amazon,DE,2026-10-01T11:06:48Z,B0GSGZGZ3Z,,,,,
TCL,"TCL 115C7K QLED Mini LED Fernseher, 115 Zoll, 4K HDR Premium, Dolby Vision IQ & Atmos, Smart TV mit Google TV, Onkyo 4.2 Sound, 144Hz VRR, AMD FreeSync Premium Pro, HDMI 2.1, AirPlay 2, Alexa",https://www.amazon.de/dp/B0F5BQDNGB,115.0,,,,,Amazon,DE,2026-10-01T11:06:48Z,B0F5BQDNGB,,,,,
Hisense,"Hisense 65E7Q PRO Fehrnseher,65 Zoll, 4K UHD QLED, Smart TV,144Hz Game Mode PRO,Filmaker Mode, AMD FreeSync Premium,AI HDR Upscaler,Dolby Vision IQ,Dolby Atmos,Sprachsteuerung [2025]",https://www.amazon.de/dp/B0F1N62VSW,65.0,655.56,655.56,EUR,655.56,Amazon,DE,2026-10-01T11:06:48Z,B0F1N62VSW,,,,,
Hisense,"Hisense 65E89Q Fernseher, 65 Zoll (164cm), 4K ULED Mini LED, Smart TV, 144Hz Game Mode PRO, Hi-View AI Engine, AI Smoothmotion, Built-in Subwoofer, Dolby Vision.Atmos, Filmmaker Mode, Hi-Concerto",https://www.amazon.de/dp/B0G5QGGKPR,65.0,848.0,848.0,EUR,848.0,Amazon,DE,2026-10-01T11:06:48Z,B0G5QGGKPR,,,,,
Xiaomi,"Xiaomi TV FX Mini LED 65 Inch QD Mini LED Smart TV, 4K UHD, Fire TV, HDR10+, 2026",https://www.amazon.de/dp/B0H26TKHL5,65.0,649.0,649.0,EUR,649.0,Amazon,DE,2026-10-01T11:06:48Z,B0H26TKHL5,,,,,
TCL,"TCL 98T8B 98-Zoll QLED Pro 144Hz Onkyo Gaming Fernseher, 4K UHD, HDR Pro, Google TV (Dolby Vision IQ & Atmos, Motion Clarity, Freihändige Sprachsteureung, Kompatibel mit Google Assistant & Alexa)",https://www.amazon.de/dp/B0D4TBW6VY,98.0,,,,,Amazon,DE,2026-10-01T11:06:48Z,B0D4TBW6VY,,,,,
TCL,TCL 32SF540-32 FHD Smart TV - HDR & HLG-Dolby Audio S45HE Barra de Sonido DE 2.0 Canales para TV Con Dolby Atmos y DTS Virtual:X,https://www.amazon.de/dp/B0FC2VLJQQ,32.0,281.33,281.33,EUR,281.33,Amazon,DE,2026-10-01T11:06:48Z,B0FC2VLJQQ,,,,,
TCL,"TCL 65T8A TV, QLED, HDR 1000 nits, Full Array Local Dimming, IMAX Enhanced, 144 Hz VRR, Dolby Vision & Atoms TV Powered by Google",https://www.amazon.de/dp/B0C5QVPDMV,65.0,,,,,Amazon,DE,2026-10-01T11:06:48Z,B0C5QVPDMV,,,,,
TCL,TCL A400U 55A400U-UK 4K Ultra HD QD-Mini LED HDR Smart TV,https://www.amazon.de/dp/B0HJNRDBP6,55.0,1249.55,1249.55,EUR,1249.55,Amazon,DE,2026-10-01T11:06:48Z,B0HJNRDBP6,,,,,
TCL,"TCL Fernseher (U49P6006) 125 cm (49 Zoll) Smart TV (4K UHD, HDR, Ultra Micro Dimming, Dolby Digital Plug, YouTube 4K, Netflix 4K)",https://www.amazon.de/dp/B077GZ6T2F,49.0,,,,,Amazon,DE,2026-10-01T11:06:48Z,B077GZ6T2F,,,,,
TCL,TCL Smart TV 98C655 4K Ultra HD QLED AMD FreeSync 98 Zoll,https://www.amazon.de/dp/B0D45L37T3,98.0,2424.99,2424.99,EUR,2424.99,Amazon,DE,2026-10-01T11:06:48Z,B0D45L37T3,,,,,
TCL,"TCL 50C639 50 Zoll (126cm) QLED Fernseher, 4K UHD, Smart TV, Google TV, HDR Premium, 60Hz Motion Clarity, Dolby Vision & Atmos, 2.0 ONKYO Sound, Sprachsteuerung, Metallgehäuse, Alexa kompatibel",https://www.amazon.de/dp/B09XQLH785,50.0,461.53,461.53,EUR,461.53,Amazon,DE,2026-10-01T11:06:48Z,B09XQLH785,,,,,
TCL,"TCL 65C935 65 Zoll 164cm QLED Mini-LED Fernseher, 4K UHD, Google TV, HDR Extreme, 2500nits, 144Hz VRR, 120Hz Motion Clarity, Dolby Vision & Atmos, 2.1.2 ONKYO Soundbar, Sprachsteuerung",https://www.amazon.de/dp/B09ZSKD48J,65.0,,,,,Amazon,DE,2026-10-01T11:06:48Z,B09ZSKD48J,,,,,
TCL,"TCL 65C69KS – 65 Zoll Smart TV, 4K, WLAN, QD-Mini LED, DVB-T2, H.264, H.265, Energieeffizienzklasse E",https://www.amazon.de/dp/B0FSS5LMNS,65.0,911.94,911.94,EUR,911.94,Amazon,DE,2026-10-01T11:06:48Z,B0FSS5LMNS,,,,,
TCL,"TCL 65C745, Fernseher 165,1 cm (65 Zoll),120 Hz, 3840 x 2160 Pixel, QLED, Smart-TV, WLAN, Schwarz, Quantum dot",https://www.amazon.de/dp/B0CFJNXC5Q,65.0,,,,,Amazon,DE,2026-10-01T11:06:48Z,B0CFJNXC5Q,,,,,
TCL,"TCL U55S7906 140 cm (55 Zoll) Fernseher (Ultra HD, Triple Tuner, Smart TV)",https://www.amazon.de/dp/B01BGRWIZA,55.0,580.0,580.0,EUR,580.0,Amazon,DE,2026-10-01T11:06:48Z,B01BGRWIZA,,,,,
Toshiba,"Toshiba 32LV3E63DAZ 32 Zoll Fernseher/VIDAA Smart TV (Full HD, HDR, Triple-Tuner, Bluetooth, Dolby Audio)",https://www.amazon.de/dp/B0CPYM2TKW,32.0,,,,,Amazon,DE,2026-10-01T11:06:48Z,B0CPYM2TKW,,,,,
TCL,"TCL 65P6K 65 Zoll LED Direct TV 4K HDR TV Smart TV mit Google TV-Technologie (Dolby Audio, Motion Clarity, Google Assistant und Alexa kompatibel)",https://www.amazon.de/dp/B0F74855ZF,65.0,,,,,Amazon,DE,2026-10-01T11:06:48Z,B0F74855ZF,,,,,
Hisense,"Hisense 55S7NQ 139 cm (55 Zoll) Canvas TV, 4K QLED, Wide Color Gamut, Dolby Vision IQ, 144 Hz, DVB-T2/T/C/S2/S Tuner, Wifi, HDMI 2.1, HLG, HDR10/HDR10+ Adaptive, VIDAA, Alexa Built-in, Filmmaker Modus",https://www.amazon.de/dp/B0DPMYKRT5,55.0,,,,,Amazon,DE,2026-10-01T11:06:48Z,B0DPMYKRT5,,,,,
Hisense,"Hisense 40E4DS Fernseher 40 Zoll, 4K FHD Smart TV, Hi-View AI Engine, 60Hz Game Mode, Natural Colour Enhancer, Dolby Audio",https://www.amazon.de/dp/B0GTB317ZL,40.0,219.0,219.0,EUR,219.0,Amazon,DE,2026-10-01T11:06:48Z,B0GTB317ZL,,,,,
Hisense,"Hisense 43E7DS Fernseher 43 Zoll, 4K UHD QLED, Smart TV, Hi View AI Engine, 60Hz Game Mode Plus, Dolby Vision IQ, QLED Colour, Filmmaker, Smooth Motion, Airplay, Sprachsteuerung, 2026",https://www.amazon.de/dp/B0GM1NJDDK,43.0,299.99,299.99,EUR,299.99,Amazon,DE,2026-10-01T11:06:48Z,B0GM1NJDDK,,,,,
Hisense,"Hisense 65E7DS Fernseher 65 Zoll, 4K UHD QLED, Smart TV, Hi View AI Engine, 60Hz Game Mode Plus, Dolby Vision IQ, QLED Colour, Filmmaker, Smooth Motion, Airplay, Sprachsteuerung, 2026",https://www.amazon.de/dp/B0GM1NNY7D,65.0,629.0,629.0,EUR,629.0,Amazon,DE,2026-10-01T11:06:48Z,B0GM1NNY7D,,,,,
Hisense,"Hisense 32E4DS Fernseher 32 Zoll, 4K FHD Smart TV, Hi-View AI Engine, 60Hz Game Mode, Natural Colour Enhancer, Dolby Audio, DTS Virtual: X, Rauschunterdrückung, Airplay [2026]",https://www.amazon.de/dp/B0GT9QKMRM,32.0,174.0,174.0,EUR,174.0,Amazon,DE,2026-10-01T11:06:48Z,B0GT9QKMRM,,,,,
Hisense,"Hisense 65E7DS PRO Fernseher 65 Zoll, 4K UHD QLED, Smart TV, Hi Concerto, 144Hz Game Mode, QLED Colour, Dolby Vision, Atmos, Filmmaker, Audio, DTS Virtual, X, FreeSync Premium, 2026",https://www.amazon.de/dp/B0GTWCGQRP,65.0,599.99,599.99,EUR,599.99,Amazon,DE,2026-10-01T11:06:48Z,B0GTWCGQRP,,,,,
Hisense,"Hisense 50E8DS Fernseher 50 Zoll, 4K UHD, Hi-QLED Mini LED, Smart TV, 144Hz, Hi-View AI Engine, Dolby Vision.Atmos, Unibody Slim, FreeSync Premium, AI-Lichtsensor, Game Bar, Tuned by Devialet",https://www.amazon.de/dp/B0GYYXRNL8,50.0,579.0,579.0,EUR,579.0,Amazon,DE,2026-10-01T11:06:48Z,B0GYYXRNL8,,,,,
Hisense,"Hisense 40A5DS Fernseher 40 Zoll, FHD, QLED, Smart TV, 60Hz, Hi-QLED Colour, Dolby Atmos, Game Mode, Noise Reduction, Hohe Kontraste, Share to TV, HDR10, VIDAA OS",https://www.amazon.de/dp/B0GYZC9GRT,40.0,299.0,299.0,EUR,299.0,Amazon,DE,2026-10-01T11:06:48Z,B0GYZC9GRT,,,,,
Hisense,"Hisense 58E6DS Fernseher 58 Zoll, 4K UHD Smart TV, Hi View AI Engine, 60Hz Game Mode Plus, Dolby Vision, 4K Upscaler, DTS Virtual, X, Smooth Motion, Airplay, Sprachsteuerung, 2026",https://www.amazon.de/dp/B0GTB3548V,58.0,459.0,459.0,EUR,459.0,Amazon,DE,2026-10-01T11:06:48Z,B0GTB3548V,,,,,
Hisense,"Hisense 65UR8DS Fernseher 65 Zoll, 4K UHD, RGB Mini LED, Smart TV, 180Hz, Hi-View AI Engine RGB, Dolby Vision.Atmos, AI RGB Lichtsensor, AI 4K Upscaler, AMD FreeSync Premium Pro, Tuned by Devialet",https://www.amazon.de/dp/B0H2YNKM7X,65.0,1199.0,1199.0,EUR,1199.0,Amazon,DE,2026-10-01T11:06:48Z,B0H2YNKM7X,,,,,
Hisense,"Hisense 58E7Q Fehrnseher, 58 Zoll, QLED&DLED, Smart TV, Game Mode Plus, Filmaker Mode, Dolby Vision Atmos, HDR10, HLG, 4K HDR Immersive, AI 4K Upscaler, Dolby MS12, DTS X, Sprachsteuerung [2025]",https://www.amazon.de/dp/B0F9YWJ5MT,58.0,499.0,499.0,EUR,499.0,Amazon,DE,2026-10-01T11:06:48Z,B0F9YWJ5MT,,,,,
Hisense,"Hisense 50E89Q Fernseher, 50 Zoll, 4K ULED Mini LED, Smart TV, 144 Hz Game Mode PRO, Hi View AI Engine, Smoothmotion, Built in Subwoofer, Dolby Vision Atmos, Filmmaker, Concerto, 2025",https://www.amazon.de/dp/B0G5QNP2CQ,50.0,499.0,499.0,EUR,499.0,Amazon,DE,2026-10-01T11:06:48Z,B0G5QNP2CQ,,,,,
Hisense,"Hisense 40A5Q Fehrnseher, 40 Zoll, 2K QLED, Smart TV, Game Mode, AI Sports Mode, Dolby Atmos, Dolby MS12, DTS X, HDR10, HLG, Full HD, High Contrast, Rauschunterdrückung [2025]",https://www.amazon.de/dp/B0F2N11D11,40.0,,,,,Amazon,DE,2026-10-01T11:06:48Z,B0F2N11D11,,,,,
Hisense,"Hisense 32A5NQ 80 cm (32 Zoll) QLED Fernseher Full HD, Smart TV, Triple Tuner, AI Sports Mode, Dolby Atmos, Share to TV, Duale Positionierung, WiFi, Game & Hotel Modus, Schwarz [2024]",https://www.amazon.de/dp/B0CXTLDGZ9,32.0,205.99,205.99,EUR,205.99,Amazon,DE,2026-10-01T11:06:48Z,B0CXTLDGZ9,,,,,
Hisense,"Hisense 55U7DS PRO Fernseher 55 Zoll, 4K UHD, Hi-QLED Mini LED Pro, Smart TV, 165Hz, Hi-View AI Engine Pro, IMAX Enhanced, AI RGB Lichtsensor, Dolby Vision Atmos, Unibody Slim, FreeSync Premium, 2026",https://www.amazon.de/dp/B0GTVZZBQ8,55.0,749.0,749.0,EUR,749.0,Amazon,DE,2026-10-01T11:06:48Z,B0GTVZZBQ8,,,,,
Hisense,"Hisense TV 65E7S (2026) 65"" VA QLED 4K UHD Preta",https://www.amazon.de/dp/B0GNF76F8J,65.0,509.0,509.0,EUR,509.0,Amazon,DE,2026-10-01T11:06:48Z,B0GNF76F8J,,,,,
Hisense,"Hisense 50E7S - QLED Smart TV 50 Zoll, Hi-QLED Color, Dolby Vision.Atmos, 4K IA Treppe, Smooth Motion IA, Gaming-Modus Plus, Dolby Vision IQ, HDR10+Adaptive",https://www.amazon.de/dp/B0GNDPWJV8,50.0,333.39,333.39,EUR,333.39,Amazon,DE,2026-10-01T11:06:48Z,B0GNDPWJV8,,,,,
Hisense,"Hisense 55E7S Pro – QLED TV 55 Zoll (139 cm), 4K UHD, 144 Hz Nativ, Dolby Vision IQ & Atmos, HDMI 2.1, FreeSync Premium, Smart TV VIDAA U9.5, integrierte Alexa Sprachsteuerung, Modell 2026",https://www.amazon.de/dp/B0GR7DTKP8,55.0,479.0,479.0,EUR,479.0,Amazon,DE,2026-10-01T11:06:48Z,B0GR7DTKP8,,,,,
Hisense,"Hisense 43A6S TV 2026 4K UHD 43 Zoll (108 cm), Smart TV HomeOS U9.5, Dolby | 4K IA Kletterer, Smooth Motion IA, Gaming-Mod...",https://www.amazon.de/dp/B0GJFM3F7P,43.0,269.0,269.0,EUR,269.0,Amazon,DE,2026-10-01T11:06:48Z,B0GJFM3F7P,,,,,
Hisense,"Hisense 65A85Q 164cm (65 Zoll) Fernseher, 4K UHD OLED Smart TV,120Hz, HDMI 2.1, Game Mode Pro, AMD FreeSync Premium, Dolby Vision IQ & Atmos, Bluetooth, Alexa Built-in, Schwarz, [2025]",https://www.amazon.de/dp/B0FKGR14TB,65.0,999.0,999.0,EUR,999.0,Amazon,DE,2026-10-01T11:06:48Z,B0FKGR14TB,,,,,
Hisense,"Hisense TV 55E7S (2026) 55"" VA QLED 4K UHD Preta",https://www.amazon.de/dp/B0GNDHW3BM,55.0,379.0,379.0,EUR,379.0,Amazon,DE,2026-10-01T11:06:48Z,B0GNDHW3BM,,,,,
Hisense,"Hisense 50E8S 126cm 50"" 4K UHD Mini LED Smart TV Fernseher (50E8S) | Mini LED, integrierter Subwoofer, Hi-View AI Engine, ...",https://www.amazon.de/dp/B0GQDSSGNB,50.0,459.0,459.0,EUR,459.0,Amazon,DE,2026-10-01T11:06:48Z,B0GQDSSGNB,,,,,
Hisense,"Hisense 75U7Q Fernseher 75 Zoll, 4K Mini LED ULED, Smart TV, Hi-View AI Engine, 144Hz Game Mode Pro, FreeSync Premium, Built in Subwoofer, Dolby Vision IQ Atmos, Airplay, Sprachsteuerung[2025]",https://www.amazon.de/dp/B0F32MFDX7,75.0,1090.0,1090.0,EUR,1090.0,Amazon,DE,2026-10-01T11:06:48Z,B0F32MFDX7,,,,,
Hisense,"Hisense 65U7Q Pro Fernseher 65 Zoll, 4K Mini LED, Smart TV, Hi-View AI Engine Pro, 165Hz Game Mode Ultra, FreeSync Premium Pro, 2.1.2 ch. Surround Sound, Dolby Vision IQ Atmos, Sprachsteuerung [2025]",https://www.amazon.de/dp/B0F24FL4CL,65.0,943.14,943.14,EUR,943.14,Amazon,DE,2026-10-01T11:06:48Z,B0F24FL4CL,,,,,
Hisense,"Hisense 85E6NT 214,78cm (85 Zoll) Fernseher, 4K UHD Smart TV, Precision Colour, HDR, Dolby Vision, 60Hz, Triple Tuner DVB-C/S/S2/T/T2, WiFi, HDMI 2.1, Bluetooth, Alexa Built-in, Schwarz, [2024]",https://www.amazon.de/dp/B0D35H8QQG,85.0,799.0,799.0,EUR,799.0,Amazon,DE,2026-10-01T11:06:48Z,B0D35H8QQG,,,,,
Hisense,"Hisense 55U7SE TV Mini-LED 4K 55 Zoll (139 cm) – Serie U7 2026 – QLED, 144 Hz (HSR 240 Hz), 1300 Nits, 192 Zonen, VA Kontrast 5000:1",https://www.amazon.de/dp/B0GKPVQ86Z,55.0,635.59,635.59,EUR,635.59,Amazon,DE,2026-10-01T11:06:48Z,B0GKPVQ86Z,,,,,
Hisense,"Hisense 43E7NQ 108 cm (43 Zoll) Fernseher, 4K UHD, QLED, HDR10, HDR10+ decoding, HLG, Dolby Vision Atmos, 60Hz Panel, Smooth Motion, Bluetooth, Alexa Built-in, VIDAA Voice, Schwarz [2024]",https://www.amazon.de/dp/B0CXTL4DBP,43.0,,,,,Amazon,DE,2026-10-01T11:06:48Z,B0CXTL4DBP,,,,,
Hisense,"Hisense 65E7S Pro – QLED Gaming TV 65 Zoll (164 cm), 4K UHD, 144 Hz Nativ, Dolby Vision IQ & Atmos, HDMI 2.1, FreeSync Premium, Smart TV VIDAA U9.5, integrierte Alexa Sprachsteuerung [Modell 2026]",https://www.amazon.de/dp/B0GR6XCQMY,65.0,662.05,662.05,EUR,662.05,Amazon,DE,2026-10-01T11:06:48Z,B0GR6XCQMY,,,,,
Hisense,"Hisense 65E7NQ Pro 164 cm (65 Zoll) Fernseher, 4K UHD, QLED, Smart TV, Total HDR, Dolby Vision IQ Atmos, 144Hz (VRR), HDMI 2.1, Game Mode PRO, Triple Tuner, Alexa Built-In, Dunkelgrau, [2024]",https://www.amazon.de/dp/B0CYQ2XDYQ,65.0,732.13,732.13,EUR,732.13,Amazon,DE,2026-10-01T11:06:48Z,B0CYQ2XDYQ,,,,,
Hisense,"Hisense Smart TV 40 Zoll 40A4N – Full HD 60 Hz, Sport IA, Dolby Audio, VIDAA OS mit YouTube, Netflix, K +",https://www.amazon.de/dp/B0CZX3GM3F,40.0,270.65,270.65,EUR,270.65,Amazon,DE,2026-10-01T11:06:48Z,B0CZX3GM3F,,,,,
Hisense,"Hisense Smart TV 50 Zoll 50A6N 4K UHD, Dolby Vision, HDR, VIDAA mit YouTube, Netflix, Disney+, Canal + (Modell 2024)",https://www.amazon.de/dp/B0CZWTSGZX,50.0,349.99,349.99,EUR,349.99,Amazon,DE,2026-10-01T11:06:48Z,B0CZWTSGZX,,,,,
Hisense,"Hisense 65E8S 164cm 65"" 4K UHD Mini LED Smart TV Fernseher (65E8S)",https://www.amazon.de/dp/B0GQF24H9M,65.0,777.0,777.0,EUR,777.0,Amazon,DE,2026-10-01T11:06:48Z,B0GQF24H9M,,,,,
Hisense,"Hisense 75E7NQ 189 cm (75 Zoll) Fernseher, 4K UHD, QLED, HDR10, HDR10+ decoding, HLG, Dolby Vision Atmos, 60Hz Panel, Smooth Motion, Bluetooth, Alexa Built-in, VIDAA Voice, Schwarz [2024]",https://www.amazon.de/dp/B0CXTK5666,75.0,873.89,873.89,EUR,873.89,Amazon,DE,2026-10-01T11:06:48Z,B0CXTK5666,,,,,
Hisense,"Hisense 65E8Q 65 Zoll (164 cm), 4K ULED Mini-LED QLED, 144 Hz Native Panel, Dolby Vision IQ & Atmos, Pro Gaming-Modus, Smart TV Vidaa",https://www.amazon.de/dp/B0F1W5MSBZ,65.0,,,,,Amazon,DE,2026-10-01T11:06:48Z,B0F1W5MSBZ,,,,,
Hisense,"Hisense 75A6BG 190cm 75"" 4K LED Smart TV Fernseher",https://www.amazon.de/dp/B09HHN2YBD,75.0,878.1,878.1,EUR,878.1,Amazon,DE,2026-10-01T11:06:48Z,B09HHN2YBD,,,,,
Hisense,"Hisense 65E6KT 164cm (65 Zoll) Fernseher, 4K UHD, HDR, Dolby Vision, Triple Tuner, Smart-TV, Bluetooth, WiFi, Alexa Built-In, DTS Virtual X, Hotel Mode, Schwarz [2023]",https://www.amazon.de/dp/B0C1C64DP2,65.0,549.0,549.0,EUR,549.0,Amazon,DE,2026-10-01T11:06:48Z,B0C1C64DP2,,,,,
Hisense,"Hisense 75A7Q QLED Smart TV, 190 cm (75 Zoll), sanfte Bewegungen IA, Dolby Vision, Dolby Atmos, integrierter Subwoofer, Spielmodus Plus, Sportmodus, Bluetooth & HDMI 2.1, Sprachsteuerung Alexa",https://www.amazon.de/dp/B0F2T44B26,75.0,719.0,719.0,EUR,719.0,Amazon,DE,2026-10-01T11:06:48Z,B0F2T44B26,,,,,
Hisense,"Hisense 50U7SE TV Mini-LED 4K 50 Zoll (126 cm) – Serie U7 2026 – QLED, 144 Hz Nativ, 1300 Nits, 144 Zonen, 2.1 Devialet Sound",https://www.amazon.de/dp/B0GKQ1371K,50.0,549.0,549.0,EUR,549.0,Amazon,DE,2026-10-01T11:06:48Z,B0GKQ1371K,,,,,
Hisense,"Hisense 75U7SE TV Mini-LED 4K 75 Zoll (189 cm) – Serie 2026 – QLED, 144 Hz, Pic 1400 Nits, 320 Zonen, ADS Wide View, IMAX Enhanced, Game Mode Pro, HDMI 2.1",https://www.amazon.de/dp/B0GKPMTBMC,75.0,1059.0,1059.0,EUR,1059.0,Amazon,DE,2026-10-01T11:06:48Z,B0GKPMTBMC,,,,,
Hisense,"Hisense 40A5S LED-TV 40 Zoll (102 cm) Full HD, Smart TV VIDAA U7.6, USB-C Port (Mobile to TV), Dolby Audio & DTS HD, Bluetooth, WLAN, schwarz",https://www.amazon.de/dp/B0GJ5WRCG2,40.0,,,,,Amazon,DE,2026-10-01T11:06:48Z,B0GJ5WRCG2,,,,,
Hisense,"Hisense 50E6KT 127cm (50 Zoll) Fernseher, 4K UHD, LED, Smart TV, HDR, Dolby Vision, Triple Tuner DVB-C/S/S2/T/T2, WiFi, Bluetooth, Alexa Built-In, Hotel Mode [2023], schwarz",https://www.amazon.de/dp/B0C4B3SKQ5,50.0,374.16,374.16,EUR,374.16,Amazon,DE,2026-10-01T11:06:48Z,B0C4B3SKQ5,,,,,
Hisense,"Hisense Laser Cinema PT1, 80''-150"" Projektionsgröße,LPU Tech,4K,IMAX Enhanced,Dolby Vision · Atmos,HDR10+,2500 Lumen Helligkeit,Ultra Short Throw,3D,240Hz Bildwiederholungsrate,VIDAA,ohne Leinwand",https://www.amazon.de/dp/B0FBW9Q8HZ,80.0,1445.0,1445.0,EUR,1445.0,Amazon,DE,2026-10-01T11:06:48Z,B0FBW9Q8HZ,,,,,
LG,"LG 50NANO80A6B TV 50 Zoll (127 cm) 4K NanoCell AI TV (α7 Gen8 4K AI Prozessor, webOS 25, 60Hz) [Modelljahr 2025]",https://www.amazon.de/dp/B0F2GDSGB7,50.0,328.8,328.8,EUR,328.8,Amazon,DE,2026-10-01T11:06:48Z,B0F2GDSGB7,,,,,
Xiaomi,"Xiaomi TV Pro 55 Zoll 2025, 4K UHD QLED Smart Fire TV HDR10+ L55MB-FPEU | Triple Tuner DVB-C/S/S2/T/T2, 60Hz with 120Hz Ga...",https://www.amazon.de/dp/B0F44W5HQH,55.0,449.0,449.0,EUR,449.0,Amazon,DE,2026-10-01T11:06:48Z,B0F44W5HQH,,,,,
Hisense,"Hisense 75E7NQ Pro 189 cm (75 Zoll) Fernseher, 4K UHD, QLED, Smart TV, Total HDR, Dolby Vision IQ Atmos, 144Hz (VRR), HDMI 2.1, Game Mode PRO, Triple Tuner, Alexa Built-In, Dunkelgrau, [2024]",https://www.amazon.de/dp/B0CXTNC3TZ,75.0,,,,,Amazon,DE,2026-10-01T11:06:48Z,B0CXTNC3TZ,,,,,
Toshiba,"Toshiba 43 Zoll Fernseher Fire TV (4K UHD Smart TV, HDR Dolby Vision, Triple-Tuner, Alexa Built-In, Sound by Onkyo) 43UF3F63DAZ",https://www.amazon.de/dp/B0DCZ8S7KW,43.0,279.99,279.99,EUR,279.99,Amazon,DE,2026-10-01T11:06:48Z,B0DCZ8S7KW,,,,,
Hisense,"Hisense 55 Zoll 55A6N 4K UHD Dolby Vision HDR VIDAA Smart TV mit YouTube, Netflix, Disney+, Channel + (2024 Modell)",https://www.amazon.de/dp/B0CZWTBDW6,55.0,,,,,Amazon,DE,2026-10-01T11:06:48Z,B0CZWTBDW6,,,,,
Hisense,HISENSE 50A7K QLED Fernseher 50 Zoll UHD 4K Smart TV,https://www.amazon.de/dp/B0C43WKRTC,50.0,647.09,647.09,EUR,647.09,Amazon,DE,2026-10-01T11:06:48Z,B0C43WKRTC,,,,,
Hisense,"Hisense Bundle 43E7DS Fernseher 43 Zoll, 4K UHD QLED, Smart TV, 2026 + HS2000, 2.1 Kanal Soundbar, Visual Built-in subwoofer, 240W max Audio Power,Dolby Audio, DTS Virtual:X, TV Mode, EzPlay",https://www.amazon.de/dp/B0HF484QD1,43.0,388.99,388.99,EUR,388.99,Amazon,DE,2026-10-01T11:06:48Z,B0HF484QD1,,,,,
Hisense,"Hisense Bundle 43E7DS Fernseher 43 Zoll, 4K UHD QLED, Smart TV, 2026 HS1000, 2.0 Kanal Soundbar, 120W max Audio Power, Dolby Audio, DTS Virtual:X, Voice Enhanced, TV Mode, EzPlay",https://www.amazon.de/dp/B0HF4G97MJ,43.0,368.99,368.99,EUR,368.99,Amazon,DE,2026-10-01T11:06:48Z,B0HF4G97MJ,,,,,
Hisense,"Hisense 65E77Q, QLED-Fernseher - (164 cm (65 Zoll), schwarz, UltraHD/4K, Triple Tuner) [Energieklasse E] (65E77Q)",https://www.amazon.de/dp/B0FVVTHFW3,65.0,,,,,Amazon,DE,2026-10-01T11:06:48Z,B0FVVTHFW3,,,,,
Hisense,"Hisense Bundle 75E7DS Fernseher 75 Zoll, 4K UHD QLED, Smart TV, 2026 HS1000, 2.0 Kanal Soundbar, 120W max Audio Power, Dolby Audio, DTS Virtual:X, Voice Enhanced, TV Mode, EzPlay",https://www.amazon.de/dp/B0HF48YFTN,75.0,740.43,740.43,EUR,740.43,Amazon,DE,2026-10-01T11:06:48Z,B0HF48YFTN,,,,,
Hisense,"Hisense Bundle 55E7DS Fernseher 55 Zoll, 4K UHD QLED, Smart TV, 2026 HS1000, 2.0 Kanal Soundbar, 120W max Audio Power, Dolby Audio, DTS Virtual:X, Voice Enhanced, TV Mode, EzPlay",https://www.amazon.de/dp/B0HF47VS4N,55.0,468.99,468.99,EUR,468.99,Amazon,DE,2026-10-01T11:06:48Z,B0HF47VS4N,,,,,
Hisense,"Hisense Bundle 55E7DS Fernseher 55 Zoll, 4K UHD QLED, Smart TV, 2026 + HS2000, 2.1 Kanal Soundbar, Visual Built-in subwoofer, 240W max Audio Power,Dolby Audio, DTS Virtual:X, TV Mode, EzPlay",https://www.amazon.de/dp/B0HF4HLT1Z,55.0,488.99,488.99,EUR,488.99,Amazon,DE,2026-10-01T11:06:48Z,B0HF4HLT1Z,,,,,
Hisense,"Hisense 65U7S Pro - Mini LED Pro Smart TV 65 Zoll, Hi-QLED MiniLED Pro, nativer 165 Hz Gaming-Modus, 2.1.2 Surround-Sound, entspiegelt und blendfrei, IMAX Enhanced, Dolby Vision IQ, HDR 10+",https://www.amazon.de/dp/B0GT2HY84T,65.0,998.63,998.63,EUR,998.63,Amazon,DE,2026-10-01T11:06:48Z,B0GT2HY84T,,,,,
Hisense,"Hisense Bundle 50E7DS PRO Fernseher 50 Zoll, 4K UHD QLED, Smart TV, 2026 HS1000, 2.0 Kanal Soundbar, 120W max Audio Power, Dolby Audio, DTS Virtual:X, Voice Enhanced, TV Mode, EzPlay",https://www.amazon.de/dp/B0HF3YS8BB,50.0,568.0,568.0,EUR,568.0,Amazon,DE,2026-10-01T11:06:48Z,B0HF3YS8BB,,,,,
Hisense,"Hisense Bundle 50E7DS PRO Fernseher 50 Zoll, 4K UHD QLED, Smart TV, 2026 + HS2000, 2.1 Kanal Soundbar, Visual Built-in subwoofer, 240W max Audio Power,Dolby Audio, DTS Virtual:X, TV Mode, EzPlay",https://www.amazon.de/dp/B0HF4N735X,50.0,588.0,588.0,EUR,588.0,Amazon,DE,2026-10-01T11:06:48Z,B0HF4N735X,,,,,
Hisense,"Hisense Bundle 75E7DS Fernseher 75 Zoll, 4K UHD QLED, Smart TV, 2026 + HS2000, 2.1 Kanal Soundbar, Visual Built-in subwoofer, 240W max Audio Power,Dolby Audio, DTS Virtual:X, TV Mode, EzPlay",https://www.amazon.de/dp/B0HF47Z78Y,75.0,760.43,760.43,EUR,760.43,Amazon,DE,2026-10-01T11:06:48Z,B0HF47Z78Y,,,,,
Hisense,"Hisense 55U7S Pro MiniLED Pro 55 Zoll Smart TV 4K 165 Hz | Quantum Dot Color, 2.1.2 Mehrk-Sound, Anti Reflection & Glare F...",https://www.amazon.de/dp/B0GT2MQNKD,55.0,,,,,Amazon,DE,2026-10-01T11:06:48Z,B0GT2MQNKD,,,,,
Hisense,"Hisense Bundle 50E7DS Fernseher 50 Zoll, 4K UHD QLED, Smart TV, 2026 HS1000, 2.0 Kanal Soundbar, 120W max Audio Power, Dolby Audio, DTS Virtual:X, Voice Enhanced, TV Mode, EzPlay",https://www.amazon.de/dp/B0HF4JKXVT,50.0,478.0,478.0,EUR,478.0,Amazon,DE,2026-10-01T11:06:48Z,B0HF4JKXVT,,,,,
Hisense,"Hisense 85UXKQ 217 cm (85 Zoll) Fernseher, 4K Mini LED ULED, Smart TV, HDR10+, Dolby Vision IQ, Triple Tuner, 144 Hz (VRR), Airplay, Alexa Built-in, Dolby Atmos, Anthrazit (2023)",https://www.amazon.de/dp/B0C5Y3N9M9,85.0,,,,,Amazon,DE,2026-10-01T11:06:48Z,B0C5Y3N9M9,,,,,
Hisense,"Hisense Bundle 75E7DS PRO Fernseher 75 Zoll, 4K UHD QLED, Smart TV 2026 HS1000 2.0ch Soundbar, 120 W, Dolby Audio, DTS Virtual:X, EzPlay",https://www.amazon.de/dp/B0HF13PYG3,75.0,968.0,968.0,EUR,968.0,Amazon,DE,2026-10-01T11:06:48Z,B0HF13PYG3,,,,,
Hisense,"Hisense 85U7KQ (85 Zoll) Fernseher 4K Mini LED ULED HDR Smart TV, Quantum Dot, 120Hz, HDMI 2.1, Game Mode Pro, Dolby Vision IQ & Atmos, Bluetooth, Alexa Built-in, Anthrazit",https://www.amazon.de/dp/B0CJYHFTCL,85.0,2192.99,2192.99,EUR,2192.99,Amazon,DE,2026-10-01T11:06:48Z,B0CJYHFTCL,,,,,
Hisense,"Hisense Canvas TV QLED 144Hz 65"" 4K 65S7S | Hi-Matte Display, Art Gallery, Audio Tuned by Devialet, VIDAA OS, Dolby Vision...",https://www.amazon.de/dp/B0GNF3KJGW,65.0,1398.81,1398.81,EUR,1398.81,Amazon,DE,2026-10-01T11:06:48Z,B0GNF3KJGW,,,,,
Hisense,"Hisense LTDN65XT910 171,2 cm (65 Zoll) Fernseher (Ultra HD, Triple Tuner, Smart TV)",https://www.amazon.de/dp/B013QX8ASG,65.0,,,,,Amazon,DE,2026-10-01T11:06:48Z,B013QX8ASG,,,,,
Hisense,"Hisense 85E77Q PRO, QLED-Fernseher - (215 cm (85 Zoll), schwarz, UltraHD/4K, Tripple Tuner, USB Recording, Time Shift, 144Hz Panel) [Energieklasse E] (20015962)",https://www.amazon.de/dp/B0FTG2M23M,85.0,,,,,Amazon,DE,2026-10-01T11:06:48Z,B0FTG2M23M,,,,,
Hisense,"Hisense 100U7SE 100 Zoll Mini LED Smart TV, Hi-QLED MiniLED MiniLED Gaming-Modus, 165 Hz nativ, Eingebauter Subwoofer, Hi-View AI Engine Pro, Dolby Vision IQ, Smooth Motion IA, Filmmaker Modus",https://www.amazon.de/dp/B0GR6P7MGV,100.0,2113.7,2113.7,EUR,2113.7,Amazon,DE,2026-10-01T11:06:48Z,B0GR6P7MGV,,,,,
Hisense,"Hisense Bundle 65E7DS Fernseher 65 Zoll, 4K UHD QLED, Smart TV, 2026 HS1000, 2.0 Kanal Soundbar, 120W max Audio Power, Dolby Audio, DTS Virtual:X, Voice Enhanced, TV Mode, EzPlay",https://www.amazon.de/dp/B0HF4QWVXZ,65.0,698.0,698.0,EUR,698.0,Amazon,DE,2026-10-01T11:06:48Z,B0HF4QWVXZ,,,,,
Hisense,"Hisense 55A7KQ Fernseher 139,7 cm (55 Zoll) 4K Ultra HD Smart-TV WiFi Schwarz, Betriebsystem VIDAA U",https://www.amazon.de/dp/B0C43TVGB2,55.0,459.0,459.0,EUR,459.0,Amazon,DE,2026-10-01T11:06:48Z,B0C43TVGB2,,,,,
Hisense,Hisense Smart TV QLED 50 Zoll 4K 50A7S,https://www.amazon.de/dp/B0GSBQDY7T,50.0,597.5,597.5,EUR,597.5,Amazon,DE,2026-10-01T11:06:48Z,B0GSBQDY7T,,,,,
Hisense,"Hisense Bundle 65E7DS Fernseher 65 Zoll, 4K UHD QLED, Smart TV, 2026 + HS2000, 2.1 Kanal Soundbar, Visual Built-in subwoofer, 240W max Audio Power,Dolby Audio, DTS Virtual:X, TV Mode, EzPlay",https://www.amazon.de/dp/B0HF49PMPY,65.0,718.0,718.0,EUR,718.0,Amazon,DE,2026-10-01T11:06:48Z,B0HF49PMPY,,,,,
Hisense,"Hisense 55U8Q Mini LED Pro Smart TV, 139,7 cm (55 Zoll), Hi-View-Prozessor IA Pro, 4.1.2, Mehrk-Sound, Spielmodus Ultra 165Hz, Antireflex, Pro, Full Array Local Dimming, Dolby Vision IQ",https://www.amazon.de/dp/B0F1WHZW4G,55.0,,,,,Amazon,DE,2026-10-01T11:06:48Z,B0F1WHZW4G,,,,,
Hisense,"Hisense Bundle 100E7DS PRO Fernseher 100 Zoll, 4K UHD QLED, Smart TV [2026] HS1000 2.0ch Soundbar, 120 W, Dolby Audio, DTS Virtual:X, EzPlay",https://www.amazon.de/dp/B0HF172M89,100.0,1668.0,1668.0,EUR,1668.0,Amazon,DE,2026-10-01T11:06:48Z,B0HF172M89,,,,,
Hisense,"Hisense 85E77Q, QLED-Fernseher 215 cm (85 Zoll), schwarz, UltraHD/4K, Triple Tuner (85E77Q)",https://www.amazon.de/dp/B0FTGBG7K2,85.0,,,,,Amazon,DE,2026-10-01T11:06:48Z,B0FTGBG7K2,,,,,
Hisense,"Hisense 81,3 cm (32 Zoll) S5 DécoTV Serie QLED FHD Smart Fire TV (32S5QF, Modell 2025) – vielseitige Passform, Hi-QLED-Farbe, kunstinspiriertes Design, flüssiger zentraler Ständer, DTS Virtual: X",https://www.amazon.de/dp/B0FXMWY914,32.0,373.33,373.33,EUR,373.33,Amazon,DE,2026-10-01T11:06:48Z,B0FXMWY914,,,,,
Hisense,"Hisense 65A79NQ Smart-TV, 65 Zoll, 4K, DLED, DVB-T2, HEVC(H.265), Schwarz",https://www.amazon.de/dp/B0DJT45V9J,65.0,648.0,648.0,EUR,648.0,Amazon,DE,2026-10-01T11:06:48Z,B0DJT45V9J,,,,,
Hisense,"Hisense Bundle 100E7DS PRO Fernseher 100 Zoll, 4K UHD QLED, Smart TV [2026] + HS2000, 2.1 Kanal Soundbar, Visual Built-in subwoofer, 240W max Audio Power,Dolby Audio, DTS Virtual:X, TV Mode",https://www.amazon.de/dp/B0HF4L6LG3,100.0,1688.0,1688.0,EUR,1688.0,Amazon,DE,2026-10-01T11:06:48Z,B0HF4L6LG3,,,,,
Hisense,"Hisense Bundle of 65E7NQ Pro 164 cm (65 Zoll) Fernseher, 4K UHD, QLED, Smart TV, Total HDR, Dolby Vision IQ Atmos, 144Hz (VRR), HDMI 2.1, Game Mode PRO, Triple Tuner HS3100",https://www.amazon.de/dp/B0D961KQ6Y,65.0,924.66,924.66,EUR,924.66,Amazon,DE,2026-10-01T11:06:48Z,B0D961KQ6Y,,,,,
Hisense,"Hisense 100E77NQ Pro 254cm (100 Zoll) Fernseher, 4K UHD, QLED, Smart TV, Total HDR, Dolby Vision IQ Atmos, 144Hz (VRR), HDMI 2.1, Game Mode PRO, Triple Tuner, Alexa Built-In, Dunkelgrau, [2024]",https://www.amazon.de/dp/B0CXTM89CR,100.0,2440.89,2440.89,EUR,2440.89,Amazon,DE,2026-10-01T11:06:48Z,B0CXTM89CR,,,,,
Hisense,"Hisense 85U7S Pro - Mini LED Pro Smart TV 85 Zoll, Hi-QLED MiniLED Pro, Nativer 165Hz Gaming-Modus, 2.1.2 Surround-Sound, Anti-Glare und Blendfrei, IMAX Enhanced, Dolby Vision IQ, HDR 10+",https://www.amazon.de/dp/B0GT2RHKJX,85.0,1988.19,1988.19,EUR,1988.19,Amazon,DE,2026-10-01T11:06:48Z,B0GT2RHKJX,,,,,
Hisense,"Hisense 65A85H OLED 164cm (65 Zoll) Fernseher, 4K, HDR, Dolby Vision IQ & Atmos, IMAX Enhanced, Filmmaker Mode, 120Hz, Alexa Built-in, Google Assistant, Game Mode Pro, DTS Virtual X, anthrazit [2022 ]",https://www.amazon.de/dp/B0B534DNNM,65.0,1945.59,1945.59,EUR,1945.59,Amazon,DE,2026-10-01T11:06:48Z,B0B534DNNM,,,,,
Hisense,"Hisense 75E7KQ PRO 189cm (75 Zoll) Fernseher, 4K UHD, QLED, Smart TV, HDR, Dolby Vision IQ, 144Hz (VRR), HDMI 2.1, Game Mode PRO, Triple Tuner, Alexa Built-In, Dolby Atmos, Dunkelgrau [2023]",https://www.amazon.de/dp/B0C43WS8C4,75.0,1149.99,1149.99,EUR,1149.99,Amazon,DE,2026-10-01T11:06:48Z,B0C43WS8C4,,,,,
Hisense,"Hisense 65U6KQ 164 cm (65 Zoll) Fernseher 4K Mini LED ULED HDR Smart TV, Quantum Dot, 60Hz, HDMI 2.0, Game Mode Plus, Dolby Vision & Atmos, Bluetooth, Alexa Built-in, anthrazit [2023], Schwarz",https://www.amazon.de/dp/B0C5Y4QZ4F,65.0,,,,,Amazon,DE,2026-10-01T11:06:48Z,B0C5Y4QZ4F,,,,,
Hisense,"Hisense 85A69K - Smart TV, 85 Zoll, 4K, LED, DVB-T2, HEVC(H.265), Schwarz",https://www.amazon.de/dp/B0DJSZTFWW,85.0,1616.99,1616.99,EUR,1616.99,Amazon,DE,2026-10-01T11:06:48Z,B0DJSZTFWW,,,,,
Hisense,"Hisense Bundle 85E7DS PRO Fernseher 85 Zoll, 4K UHD QLED, Smart TV [2026] HS1000 2.0ch Soundbar, 120 W, Dolby Audio, DTS Virtual:X, EzPlay",https://www.amazon.de/dp/B0HDZXDGGD,85.0,1268.0,1268.0,EUR,1268.0,Amazon,DE,2026-10-01T11:06:48Z,B0HDZXDGGD,,,,,
Hisense,"Hisense Bundle 85E7DS PRO Fernseher 85 Zoll, 4K UHD QLED, Smart TV [2026] + HS2000, 2.1 Kanal Soundbar, Visual Built-in subwoofer, 240W max Audio Power,Dolby Audio, DTS Virtual:X, TV Mode, EzPlay",https://www.amazon.de/dp/B0HF4DV9RZ,85.0,1288.0,1288.0,EUR,1288.0,Amazon,DE,2026-10-01T11:06:48Z,B0HF4DV9RZ,,,,,
Hisense,"Hisense 55A79NQ - Smart TV, 55 Zoll, 4K, DVB-T2, HEVC(H.265), Schwarz",https://www.amazon.de/dp/B0DJT1VKW2,55.0,,,,,Amazon,DE,2026-10-01T11:06:48Z,B0DJT1VKW2,,,,,
Hisense,"Hisense Bundle 75E7DS PRO Fernseher 75 Zoll, 4K UHD QLED, Smart TV, 2026 + HS2000, 2.1 Kanal Soundbar, Visual Built-in subwoofer, 240W max Audio Power,Dolby Audio, DTS Virtual:X, TV Mode, EzPlay",https://www.amazon.de/dp/B0HF48Q68N,75.0,988.0,988.0,EUR,988.0,Amazon,DE,2026-10-01T11:06:48Z,B0HF48Q68N,,,,,
Hisense,"Hisense Bundle 85E7DS Fernseher 85 Zoll, 4K UHD QLED, Smart TV [2026] + HS2000, 2.1 Kanal Soundbar, Visual Built-in subwoofer, 240W max Audio Power,Dolby Audio, DTS Virtual:X, TV Mode, EzPlay",https://www.amazon.de/dp/B0HF4DC7GB,85.0,1088.0,1088.0,EUR,1088.0,Amazon,DE,2026-10-01T11:06:48Z,B0HF4DC7GB,,,,,
Hisense,"Hisense 75U8NQ 189cm (75 Zoll) Fernseher, 4K Mini LED ULED HDR Smart TV, Quantum Dot, 120Hz/ 144Hz VRR, HDMI 2.1, Game Mode Pro, 2.1.2 Kanal Sound, Dolby Vision IQ & Atmos, Anthrazit, [2024]",https://www.amazon.de/dp/B0D35H4SWP,75.0,,,,,Amazon,DE,2026-10-01T11:06:48Z,B0D35H4SWP,,,,,
Hisense,"Hisense E7H 55"" QLED UHD 4K HDR Smart TV",https://www.amazon.de/dp/B0B52GH6YT,55.0,757.1,757.1,EUR,757.1,Amazon,DE,2026-10-01T11:06:48Z,B0B52GH6YT,,,,,
Xiaomi,"Xiaomi TV FX 43 Mini LED 2025,43 Zoll,4K UHD,Smart TV,Fire OS8,L43MB-FAEU | Triple Tuner DVB-C/S/S2/T/T2, Voice Control wi...",https://www.amazon.de/dp/B0F44MCCL3,43.0,259.0,259.0,EUR,259.0,Amazon,DE,2026-10-01T11:06:48Z,B0F44MCCL3,,,,,
Hisense,"Hisense Canvas TV QLED 144Hz 55"" 4K 55S7S | Hi-Matte Display, Art Gallery, Audio Tuned by Devialet, VIDAA OS, Dolby Vision...",https://www.amazon.de/dp/B0H3112112,55.0,,,,,Amazon,DE,2026-10-01T11:06:48Z,B0H3112112,,,,,
Hisense,"Hisense Bundle 65E7DS PRO Fernseher 65 Zoll, 4K UHD QLED, Smart TV 2026 HS1000, 2.0 Kanal Soundbar, 120W max Audio Power, Dolby Audio, DTS Virtual:X, Voice Enhanced, TV Mode, EzPlay",https://www.amazon.de/dp/B0HF4CXHBW,65.0,668.99,668.99,EUR,668.99,Amazon,DE,2026-10-01T11:06:48Z,B0HF4CXHBW,,,,,
Sony,"Sony BRAVIA 3 - Direct LED 50 Zoll Fernseher (K50S32), X-Balanced Speaker, Dolby Vision/Atmos, IMAX Enhanced, Google TV (2025), Google Cast, Apple AirPlay 2, Eco Dashboard 2, Game Menu 2, Smart TV",https://www.amazon.de/dp/B0F4KT1F4F,50.0,549.0,549.0,EUR,549.0,Amazon,DE,2026-10-01T11:06:48Z,B0F4KT1F4F,,,,,
Sony,"Sony BRAVIA 3 - Direct LED 43 Zoll Fernseher (K43S32), X-Balanced Speaker, Dolby Vision/Atmos, IMAX Enhanced, Google TV (2025), Google Cast, Apple AirPlay 2, Eco Dashboard 2, Game Menu 2, Smart TV",https://www.amazon.de/dp/B0F4KVZSKW,43.0,489.0,489.0,EUR,489.0,Amazon,DE,2026-10-01T11:06:48Z,B0F4KVZSKW,,,,,
Sony,"Sony BRAVIA 5 XR Mini-LED 55 Zoll Fernseher (K55XR52), AI XR-Prozessor, akustisches Multi-Audio, Dolby Vision/Atmos, IMAX Enhanced, Google TV (2025), Google Cast, Apple AirPlay 2, Game Menu, Smart TV",https://www.amazon.de/dp/B0F4KYR4RT,55.0,919.09,919.09,EUR,919.09,Amazon,DE,2026-10-01T11:06:48Z,B0F4KYR4RT,,,,,
Sony,"Sony BRAVIA 5 XR Mini-LED 65 Zoll Fernseher (K65XR52), AI XR-Prozessor, akustisches Multi-Audio, Dolby Vision/Atmos, IMAX Enhanced, Google TV (2025), Google Cast, Apple AirPlay 2, Game Menu, Smart TV",https://www.amazon.de/dp/B0F4L1887W,65.0,1099.0,1099.0,EUR,1099.0,Amazon,DE,2026-10-01T11:06:48Z,B0F4L1887W,,,,,
Sony,"Sony BRAVIA 3 - Direct LED 55 Zoll Fernseher (K55S32), X-Balanced Speaker, Dolby Vision/Atmos, IMAX Enhanced, Google TV (2025), Google Cast, Apple AirPlay 2, Eco Dashboard 2, Game Menu 2, Smart TV",https://www.amazon.de/dp/B0F4KXJQ42,55.0,599.0,599.0,EUR,599.0,Amazon,DE,2026-10-01T11:06:48Z,B0F4KXJQ42,,,,,
Sony,"Sony BRAVIA 8 OLED 55 Zoll 4K HDR Google Smart TV | Gaming Features,IMAX Enhanced, Dolby Vision Atmos, Chromecast, Apple AirPlay, 120Hz 55XR80",https://www.amazon.de/dp/B0D1VTR2M5,55.0,1299.0,1299.0,EUR,1299.0,Amazon,DE,2026-10-01T11:06:48Z,B0D1VTR2M5,,,,,
Sony,"Sony BRAVIA, KD-32W800, 32 Zoll Fernseher, LED, 2K HDR, Android TV, Smart TV",https://www.amazon.de/dp/B0BNW6941F,32.0,328.0,328.0,EUR,328.0,Amazon,DE,2026-10-01T11:06:48Z,B0BNW6941F,,,,,
Sony,"Sony BRAVIA 5 XR Mini-LED 85 Zoll Fernseher (K85XR55), AI XR-Prozessor, akustisches Multi-Audio, Dolby Vision/Atmos, IMAX Enhanced, Google TV (2025), Google Cast, Apple AirPlay 2, Game Menu, Smart TV",https://www.amazon.de/dp/B0F4KZW14B,85.0,1799.0,1799.0,EUR,1799.0,Amazon,DE,2026-10-01T11:06:48Z,B0F4KZW14B,,,,,
Sony,"Sony BRAVIA 7 II True RGB Fernseher, 65 Zoll, 4K-Smart-TV (Google TV), RGB-LED, XR Prozessor mit KI-Technologie, 120-Hz-Fernseher mit Dolby Vision/Atmos, PS5-kompatibel, Modell 2026 – Schwarz",https://www.amazon.de/dp/B0H2JSJ8QM,65.0,1999.0,1999.0,EUR,1999.0,Amazon,DE,2026-10-01T11:06:48Z,B0H2JSJ8QM,,,,,
Sony,"Sony BRAVIA 3II 43-Zoll-Fernseher, 4K-Smart-TV (Google TV), XR Prozessor mit KI-Technologie, 120-Hz-Fernseher mit Dolby Vision/Atmos, PS5-kompatibel, 43XR32M2, Modell 2026",https://www.amazon.de/dp/B0GZQ8F1R6,43.0,759.0,759.0,EUR,759.0,Amazon,DE,2026-10-01T11:06:48Z,B0GZQ8F1R6,,,,,
Sony,"Sony BRAVIA 8 II - QD-OLED, AI XR Processor, Acoustic Surface Audio+, Dolby Vision/Atmos, IMAX Enhanced, Google TV (2025), Google Cast, Apple AirPlay 2, Eco Dashboard 2, Game Menu 2 – 55 Zoll",https://www.amazon.de/dp/B0FG465NBM,55.0,1899.0,1899.0,EUR,1899.0,Amazon,DE,2026-10-01T11:06:48Z,B0FG465NBM,,,,,
Sony,"Sony BRAVIA 2 II 43 Zoll Fernseher, 4K Smart TV (Google TV), X1 Prozessor, 4K-Upscaling, Fernseher mit Dolby Atmos und DTS:X, PS5-Kompatibilität, 43S20M2, Modell 2026",https://www.amazon.de/dp/B0GZL6GMFJ,43.0,599.0,599.0,EUR,599.0,Amazon,DE,2026-10-01T11:06:48Z,B0GZL6GMFJ,,,,,
Sony,"Sony BRAVIA 6 4K-OLED-Google-TV, 48 Zoll | 120 Hz, Dolby Vision Atmos 2026, Schwarz",https://www.amazon.de/dp/B0HD8R1N66,48.0,1299.0,1299.0,EUR,1299.0,Amazon,DE,2026-10-01T11:06:48Z,B0HD8R1N66,,,,,
Sony,"Sony BRAVIA, KD-65X80L, 65 Zoll Fernseher, LED, 4K HDR, Google TV, Smart TV, Works with Alexa, BRAVIA CORE, TRILUMINOS PRO, HDMI 2.1, Gaming-Menü mit ALLM",https://www.amazon.de/dp/B0BZSD6QN8,65.0,759.0,759.0,EUR,759.0,Amazon,DE,2026-10-01T11:06:48Z,B0BZSD6QN8,,,,,
Sony,"Sony BRAVIA XR, XR-85X90L, 85 Zoll Fernseher, Full Array LED, 4K HDR 120Hz, Google TV, Smart TV, Works with Alexa, mit exklusiven PS5-Features, HDMI 2.1, Gaming-Menü mit ALLM + VRR, 24 + 12M Garantie",https://www.amazon.de/dp/B0BYPHDLWX,85.0,1799.0,1799.0,EUR,1799.0,Amazon,DE,2026-10-01T11:06:48Z,B0BYPHDLWX,,,,,
Sony,"Sony KDL-50W815B 126cm (50 Zoll) 3D-LED-Backlight-Fernseher (Full HD, 600Hz Motionflow XR, Smart View, DVB-T/T2/C/S/S2, CI+, WLAN, Skype, X-Reality PRO)",https://www.amazon.de/dp/B00IRWKEK4,50.0,300.0,300.0,EUR,300.0,Amazon,DE,2026-10-01T11:06:48Z,B00IRWKEK4,,,,,
Sony,"Sony KDL-49WD755 123 cm (49 Zoll) Fernseher (Full HD, HD Triple Tuner, Smart-TV) silber",https://www.amazon.de/dp/B01DPQ6JDM,49.0,399.0,399.0,EUR,399.0,Amazon,DE,2026-10-01T11:06:48Z,B01DPQ6JDM,,,,,
Philips,"PHILIPS Ambilight 65MLED910 Mini LED 4K Smart TV - 65 Zoll Display mit P5 Perfect Picture Engine Ultra HD, Titan OS, Dolby Vision Und Dolby Atmos Sound, 2025",https://www.amazon.de/dp/B0F2N7PPP7,65.0,749.0,749.0,EUR,749.0,Amazon,DE,2026-10-01T11:06:48Z,B0F2N7PPP7,,,,,
Sony,"Sony BRAVIA 8 II - QD-OLED, AI XR Processor, Acoustic Surface Audio+, Dolby Vision/Atmos, IMAX Enhanced, Google TV (2025), Google Cast, Apple AirPlay 2, Eco Dashboard 2, Game Menu 2 (65, Zoll)",https://www.amazon.de/dp/B0FQTSJZ9H,65.0,,,,,Amazon,DE,2026-10-01T11:06:48Z,B0FQTSJZ9H,,,,,
Xiaomi,"XIAOMI TV S Mini LED 55 Zoll (140 cm), 4K UHD Smart TV, HDR10+, Google TV | 144Hz (240Hz Game Boost Mode), Dolby Atmos & V...",https://www.amazon.de/dp/B0DJM9GBHK,55.0,489.0,489.0,EUR,489.0,Amazon,DE,2026-10-01T11:06:48Z,B0DJM9GBHK,,,,,
Philips,"PHILIPS 55PUS7800 4K QLED Smart TV - 55 Zoll Display mit Pixel Precise Ultra HD, Titan OS Plattform und Dolby Atmos Sound - Funktioniert mit Alexa und Google Sprachassistent",https://www.amazon.de/dp/B0F2N59KGW,55.0,379.99,379.99,EUR,379.99,Amazon,DE,2026-10-01T11:06:48Z,B0F2N59KGW,,,,,
TCL,"TCL 85Q7D Pro SQD-Mini LED 85 Zoll Fernseher, 4K Smart TV, Google TV | 1056 Dimming-Zonen, 2000 Nits Spitzenhelligkeit, Do...",https://www.amazon.de/dp/B0GXKSVDW9,85.0,1699.0,1699.0,EUR,1699.0,Amazon,DE,2026-10-01T11:06:48Z,B0GXKSVDW9,,,,,
Panasonic,"Panasonic TB-65W61AEZ, W61 Serie, 65 Zoll, 4K Ultra HD LED Smart TV, 2025, TiVo, Dolby Vision & Atmos, Game Mode Plus, Alexa & Google Sprachsteuerung, Schwarz",https://www.amazon.de/dp/B0F94HB79V,65.0,569.0,569.0,EUR,569.0,Amazon,DE,2026-10-01T11:06:48Z,B0F94HB79V,,,,,
Toshiba,Toshiba 50UV3463DAW Fernseher 50 Zoll VIDAA Smart TV mit 4K UHD Auflösung | Dolby Vision HDR | 3x HDMI | 2x USB | Dolby Au...,https://www.amazon.de/dp/B0CW21QHGR,50.0,339.99,339.99,EUR,339.99,Amazon,DE,2026-10-01T11:06:48Z,B0CW21QHGR,,,,,
Philips,"PHILIPS 50PUS7000 4K LED Smart TV - 50 Zoll Display mit Pixel Precise Ultra HD, Titan OS Plattform und Dolby Atmos Sound - Funktioniert mit Alexa und Google Sprachassistent, 2025",https://www.amazon.de/dp/B0F2N4CQ1S,50.0,,,,,Amazon,DE,2026-10-01T11:06:48Z,B0F2N4CQ1S,,,,,
Hisense,"Hisense 32S5Q Deco TV, 800 Mm, 32 Zoll, FHD QLED, HDR10, Dolby Atmos, Colour, 60Hz, DVB T2 und C und S2 Tuner, WiFi, HDMI, Gallerie Mode, Rauschreduzierung, DTS Virtual, X, 2025",https://www.amazon.de/dp/B0FSLMYL4W,32.0,224.0,224.0,EUR,224.0,Amazon,DE,2026-10-01T11:06:48Z,B0FSLMYL4W,,,,,
Philips,"PHILIPS 40PFS6000 HD LED Smart TV - 40 Zoll Display mit Pixel Plus, Titan OS Plattform Und Dolby Digital Sound - Funktioniert Mit Alexa Und Google Sprachassistent",https://www.amazon.de/dp/B0F2N4WSJ9,40.0,269.0,269.0,EUR,269.0,Amazon,DE,2026-10-01T11:06:48Z,B0F2N4WSJ9,,,,,
Xiaomi,"Xiaomi TV FX Mini LED 43"" QD Mini LED Smart TV, 4K UHD, Fire TV, HDR10+, MEMC, DTS:X, AirPlay 2, HDMI, Filmmaker Mode, Voice Control with Alexa",https://www.amazon.de/dp/B0H26RB46K,43.0,349.0,349.0,EUR,349.0,Amazon,DE,2026-10-01T11:06:48Z,B0H26RB46K,,,,,
Philips,"PHILIPS Ambilight 55PUS8600 4K QLED Smart TV - 55 Zoll Display mit P5 Perfect Picture Engine Ultra HD, Titan OS, Dolby Vision und Dolby Atmos Sound, 2025",https://www.amazon.de/dp/B0F2N63FSG,55.0,,,,,Amazon,DE,2026-10-01T11:06:48Z,B0F2N63FSG,,,,,
LG,"LG 75UA75006LA TV 75 Zoll (190 cm) 4K UHD AI TV (α7 Gen8 4K AI Prozessor, webOS 25, 60Hz) [Modelljahr 2025]",https://www.amazon.de/dp/B0F2GHCHXJ,75.0,679.0,679.0,EUR,679.0,Amazon,DE,2026-10-01T11:06:48Z,B0F2GHCHXJ,,,,,
Samsung,Samsung UE43CU7172,https://www.amazon.de/dp/B0C279SDLR,43.0,290.78,290.78,EUR,290.78,Amazon,DE,2026-10-01T11:06:48Z,B0C279SDLR,,,,,
Hisense,"Hisense 100U7Q Fernseher 100 Zoll, 4K Mini LED ULED, Smart TV, Hi-View AI Engine Pro, 165Hz Game Mode Ultra, FreeSync Premium, Built in Subwoofer, Dolby Vision IQ Atmos, Airplay[2025]",https://www.amazon.de/dp/B0F32LDRKP,100.0,2243.33,2243.33,EUR,2243.33,Amazon,DE,2026-10-01T11:06:48Z,B0F32LDRKP,,,,,
Samsung,"Samsung Neo QLED 4K QN90D Fernseher 50 Zoll, Neural Quantum 4K AI Gen2 Prozessor, Mini LED TV, AI Upscaling, Smart TV, Dolby Atmos, Gaming Hub, GQ50QN90DATXZG, Deutsches Modell",https://www.amazon.de/dp/B0CZS1XHGV,50.0,801.66,801.66,EUR,801.66,Amazon,DE,2026-10-01T11:06:48Z,B0CZS1XHGV,,,,,
Philips,"PHILIPS 32PFS6900 HD LED Smart TV - 32 Zoll Display mit Pixel Plus, Titan OS Plattform Und Dolby Digital Sound - Funktioniert Mit Alexa Und Google Sprachassistent",https://www.amazon.de/dp/B0F2N4D1LL,32.0,,,,,Amazon,DE,2026-10-01T11:06:48Z,B0F2N4D1LL,,,,,
Samsung,"3M Ersatz Samsung TV Netzkabel Stromkabel C7 Eurostecker für Samsung Fernseher(24"",28"",32"",43"",55"",65"",75"",UN43,UN48, 2-poliges Netzkabel für Philips Sony LG Panasonic TV -Schwarz",https://www.amazon.de/dp/B0H1LRF2R9,24.0,7.99,7.99,EUR,7.99,Amazon,DE,2026-10-01T11:06:48Z,B0H1LRF2R9,,,,,
Panasonic,"Panasonic TN-65W70AEZ, W70-Serie 65 Zoll 4K Ultra HD LED Smart TV, 2024, Google Assistant, Chromecast, Dolby Vision & Atmos, Gaming-Modus, Bluetooth, für EIN außergewöhnliches visuelles Erlebnis",https://www.amazon.de/dp/B0D9MHLNXF,65.0,730.06,730.06,EUR,730.06,Amazon,DE,2026-10-01T11:06:48Z,B0D9MHLNXF,,,,,
Sony,"SONY XR-48A90K 121,9 cm (48"") 4K Ultra HD Smart TV WiFi Noir",https://www.amazon.de/dp/B0BJVH3F8T,48.0,,,,,Amazon,DE,2026-10-01T11:06:48Z,B0BJVH3F8T,,,,,
Sony,Sony KD-65S8005C,https://www.amazon.de/dp/B010DE7DZ2,65.0,2000.0,2000.0,EUR,2000.0,Amazon,DE,2026-10-01T11:06:48Z,B010DE7DZ2,,,,,
Sony,"Sony BRAVIA XR, XR-85X90L, 85 Zoll Fernseher, Full ArrayandSony HT-A3000 3.1-Kanal Dolby Atmos Soundbar Set",https://www.amazon.de/dp/B0C85KH7J3,85.0,2148.0,2148.0,EUR,2148.0,Amazon,DE,2026-10-01T11:06:48Z,B0C85KH7J3,,,,,
Hisense,"Hisense 85U7Q Pro Fernseher 85 Zoll, 4K Mini LED, Smart TV, Hi-View AI Engine Pro, 165Hz Game Mode Ultra, FreeSync Premium Pro, 2.1.2 ch. Surround Sound, Dolby Vision IQ Atmos, Sprachsteuerung [2025]",https://www.amazon.de/dp/B0F24CKN33,85.0,,,,,Amazon,DE,2026-10-01T11:06:48Z,B0F24CKN33,,,,,
Samsung,"Samsung Crystal UHD U8079F 4K 75 Zoll (189 cm) LED Fernseher, Optimiert für Fussball und Gaming, Crystal Prozessor 4K, SmartThings, AI Upscaling, Knox Security, Kostenlose Inhalte, Smart TV",https://www.amazon.de/dp/B0F62T416G,75.0,570.59,570.59,EUR,570.59,Amazon,DE,2026-10-01T11:06:48Z,B0F62T416G,,,,,
Samsung,"Samsung The Frame LS03F 4K QLED 43 Zoll (108 cm) UHD, NQ4 AI Gen2 Prozessor, Art Mode, Artful Picture Quality, One Connect Kabel, 2025",https://www.amazon.de/dp/B0F62PWHH9,43.0,529.0,529.0,EUR,529.0,Amazon,DE,2026-10-01T11:06:48Z,B0F62PWHH9,,,,,
Samsung,"Samsung The Frame LS03F 4K QLED 55 Zoll (138 cm) UHD, NQ4 AI Gen2 Prozessor, Art Mode, Artful Picture Quality, One Connect Kabel, Smart TV, 2025",https://www.amazon.de/dp/B0F62PYDZ6,55.0,749.0,749.0,EUR,749.0,Amazon,DE,2026-10-01T11:06:48Z,B0F62PYDZ6,,,,,
Samsung,"Samsung LED Smart TV UE32H5002F, 80 cm, HD, HDR, Class F, Model 2025",https://www.amazon.de/dp/B0FBMDBDWN,32.0,229.9,229.9,EUR,229.9,Amazon,DE,2026-10-01T11:06:48Z,B0FBMDBDWN,,,,,
Samsung,"Samsung Neo QLED 4K QN90F 43 Zoll (108 cm) Mini LED Fernseher, Antireflexion, NQ4 AI Gen3 Prozessor, Neo Quantum HDR, 4K Upscaling Pro, Dolby Atmos, Knox Security, Samsung Vision AI Smart TV",https://www.amazon.de/dp/B0DFVGGKJN,43.0,738.9,738.9,EUR,738.9,Amazon,DE,2026-10-01T11:06:48Z,B0DFVGGKJN,,,,,
Samsung,"Samsung QLED 4K Q7FA 75 Zoll (189 cm) UHD Fernseher, Q4 AI Prozessor, Quantum Dot, 4K Upscaling, Gaming Hub, Knox Security, 2025",https://www.amazon.de/dp/B0F5BT9XBB,75.0,799.0,799.0,EUR,799.0,Amazon,DE,2026-10-01T11:06:48Z,B0F5BT9XBB,,,,,
Samsung,"Samsung Mini LED 2026: M70H / M80H 4K UHD Fernseher, Mini LED Prozessor 4K, AI Companion für Fragen, Pure Spectrum Color, Dynamic SoundPack, Gaming Hub, Knox Security, Smart TV (50, Zoll, 2026: M70)",https://www.amazon.de/dp/B0H33D2SFV,50.0,347.36,347.36,EUR,347.36,Amazon,DE,2026-10-01T11:06:48Z,B0H33D2SFV,,,,,
Samsung,"Samsung Mini LED 2026: M70H / M80H 4K UHD Fernseher, Mini LED Prozessor 4K, AI Companion für Fragen, Pure Spectrum Color, Dynamic SoundPack, Gaming Hub, Knox Security, Smart TV (43, Zoll, 2026: M70)",https://www.amazon.de/dp/B0H2J5QPY6,43.0,307.99,307.99,EUR,307.99,Amazon,DE,2026-10-01T11:06:48Z,B0H2J5QPY6,,,,,
Samsung,"Samsung M70H Mini LED 4K 65 Zoll (163 cm) UHD, HDR, Motion Xcelerator 144Hz, AI Companion, 900 Sender, Smart TV, GU65M70HAU, 2026",https://www.amazon.de/dp/B0GXZPQL27,65.0,666.0,666.0,EUR,666.0,Amazon,DE,2026-10-01T11:06:48Z,B0GXZPQL27,,,,,
Samsung,"Samsung Neo QLED QN80H 4K 55 Zoll (138 cm), UHD Fernseher, Quantum-Mini-LED für ultrafeine Kontraste, 4K AI Upscaling, Adaptive Sound Pro, Gaming Hub, Motion Xcelerator 144Hz, AI Companion, Smart TV",https://www.amazon.de/dp/B0GXZS2FCQ,55.0,755.0,755.0,EUR,755.0,Amazon,DE,2026-10-01T11:06:48Z,B0GXZS2FCQ,,,,,
Samsung,"Samsung Crystal U7099H 4K 65 Zoll (163 cm), UHD Fernseher, AI Companion für Deine Fragen, 4K Upscaling, Dynamik Sound Pack für Premium-Sounderlebnis, Gaming Hub, kostenlos 900 Sender, Smart AI TV",https://www.amazon.de/dp/B0GXZJZ45C,65.0,629.0,629.0,EUR,629.0,Amazon,DE,2026-10-01T11:06:48Z,B0GXZJZ45C,,,,,
Samsung,"Samsung U80H Crystal UHD 4K Smart TV Modelljahr 2026, Tizen OS, Gaming Hub, HDR10+, PurColor (50, Zoll, 2026)",https://www.amazon.de/dp/B0H5K7C1NN,50.0,345.0,345.0,EUR,345.0,Amazon,DE,2026-10-01T11:06:48Z,B0H5K7C1NN,,,,,
Samsung,"Samsung 65 Zoll M70H 4K Mini LED-TV - Tizen Smart TV, hervorragende Bildverwaltung, ideal für Filme, Serien und Sport.",https://www.amazon.de/dp/B0H3KPWMCZ,65.0,804.86,804.86,EUR,804.86,Amazon,DE,2026-10-01T11:06:48Z,B0H3KPWMCZ,,,,,
Samsung,"Samsung Neo QLED QN70H 4K 75 Zoll (189 cm), Quantum-Mini-LED für ultrafeine Kontraste, UHD Fernseher, 4K AI Upscaling, Adaptive Sound+, Gaming Hub, Motion Xcelerator 144Hz, AI Companion, Smart TV",https://www.amazon.de/dp/B0GXZLC8G8,75.0,1264.0,1264.0,EUR,1264.0,Amazon,DE,2026-10-01T11:06:48Z,B0GXZLC8G8,,,,,
LG,"LG TV 55 Zoll (140 cm) 4K UHD AI TV 2025 (α7 Gen8 4K AI Prozessor, webOS 25, 60Hz) 55UA73006LA",https://www.amazon.de/dp/B0F2GM6FYZ,55.0,389.0,389.0,EUR,389.0,Amazon,DE,2026-10-01T11:06:48Z,B0F2GM6FYZ,,,,,
LG,"LG OLED65G59LS TV 65 Zoll (165 cm) 4K OLED evo AI TV (α11 Gen2 4K AI Prozessor, webOS 25, 120Hz (VRR bis zu 165Hz)) [Modelljahr 2025]",https://www.amazon.de/dp/B0F2JBGW18,65.0,1419.0,1419.0,EUR,1419.0,Amazon,DE,2026-10-01T11:06:48Z,B0F2JBGW18,,,,,
LG,"LG OLED42C5ELB, 42 Zoll (106 cm), 4K OLED evo AI TV, α9 Gen8 Prozessor, webOS 25, 120Hz (VRR bis zu 144Hz), Modelljahr 2025",https://www.amazon.de/dp/B0F2JCD8F3,42.0,739.0,739.0,EUR,739.0,Amazon,DE,2026-10-01T11:06:48Z,B0F2JCD8F3,,,,,
LG,LG TV AI NANO81 (2025) 86 Zoll NanoCell UHD 4K - 86NANO81A6A,https://www.amazon.de/dp/B0F2GGYGH4,86.0,1039.0,1039.0,EUR,1039.0,Amazon,DE,2026-10-01T11:06:48Z,B0F2GGYGH4,,,,,
LG,"LG OLED65C6ELB TV 65 Zoll (165 cm) 4K OLED evo AI TV (α11 Gen3 4K AI Prozessor, webOS 26, 120Hz (VRR bis zu 165Hz)) [Modelljahr 2026] [Energieklasse F]",https://www.amazon.de/dp/B0GSGWPS8Z,65.0,1449.0,1449.0,EUR,1449.0,Amazon,DE,2026-10-01T11:06:48Z,B0GSGWPS8Z,,,,,
LG,"LG OLED48C6ELB TV 48 Zoll (121 cm) 4K OLED evo AI TV (α11 Gen3 4K AI Prozessor, webOS 26, 120Hz (VRR bis zu 165Hz)) [Modelljahr 2026] [Energieklasse F]",https://www.amazon.de/dp/B0GSH1X6WF,48.0,999.01,999.01,EUR,999.01,Amazon,DE,2026-10-01T11:06:48Z,B0GSH1X6WF,,,,,
LG,"LG 65QNED83B6A TV 65 Zoll (165 cm) 4K QNED evo Mini LED AI TV (α8 Gen3 4K AI Prozessor, webOS 26, 120Hz (VRR bis zu 144Hz)) [Modelljahr 2026] [Energieklasse F]",https://www.amazon.de/dp/B0GSGZ5489,65.0,865.7,865.7,EUR,865.7,Amazon,DE,2026-10-01T11:06:48Z,B0GSGZ5489,,,,,
LG,"LG 85QNED7EB3A TV 85 Zoll, 2150 Mm, 4K QNED Mini LED AI, α7 Gen9 Prozessor, webOS 26, 60Hz, VRR, Modelljahr 2026",https://www.amazon.de/dp/B0GSHBHRJD,85.0,1122.76,1122.76,EUR,1122.76,Amazon,DE,2026-10-01T11:06:48Z,B0GSHBHRJD,,,,,
TCL,"TCL 65T6C 65 Zoll QLED Fernseher, 4K UHD Fire TV, HDR10+, Dolby Vision & Atmos, Smart TV mit Sprachsteuerung mit Alexa, Google Cast & AirPlay 2",https://www.amazon.de/dp/B0DW96CFKL,65.0,439.0,439.0,EUR,439.0,Amazon,DE,2026-10-01T11:06:48Z,B0DW96CFKL,,,,,
TCL,"TCL 85Q6C 85 Zoll QD-Mini LED Fernseher, 4K HDR Premium 1000nits, Smart TV mit Google TV (Dolby Vision IQ & Atmos, Onkyo 2.1 Soundsystem, 144Hz Motion Clarity Pro, Game Master)",https://www.amazon.de/dp/B0DXQ5VTVK,85.0,1199.0,1199.0,EUR,1199.0,Amazon,DE,2026-10-01T11:06:48Z,B0DXQ5VTVK,,,,,
TCL,TCL QLED 43 Zoll 43P7K UltraHD 4K Dolby Atmos Google TV,https://www.amazon.de/dp/B0F8VZHXJM,43.0,367.0,367.0,EUR,367.0,Amazon,DE,2026-10-01T11:06:48Z,B0F8VZHXJM,,,,,
TCL,"TCL 55Q7D Pro SQD-Mini LED 55 Zoll Fernseher, 4K Smart TV, Google TV | 480 Dimming-Zonen, 2000 Nits Spitzenhelligkeit, Dol...",https://www.amazon.de/dp/B0GXKS5GXL,55.0,749.0,749.0,EUR,749.0,Amazon,DE,2026-10-01T11:06:48Z,B0GXKS5GXL,,,,,
TCL,"TCL 65C8L SQD-Mini LED 65 Zoll Fernseher, 4K Smart TV, Google TV, HDR10+ | 2040 Dimming-Zonen, 5000 Nits Spitzenhelligkei...",https://www.amazon.de/dp/B0GTZLF677,65.0,1345.36,1345.36,EUR,1345.36,Amazon,DE,2026-10-01T11:06:48Z,B0GTZLF677,,,,,
TCL,"TCL 55T8D QD-Mini LED 55 Zoll Fernseher, 4K Smart TV, Google TV, 144 Hz | FreeSync Premium, Game Master, Dolby Vision, HDR...",https://www.amazon.de/dp/B0GR9JWH4T,55.0,539.0,539.0,EUR,539.0,Amazon,DE,2026-10-01T11:06:48Z,B0GR9JWH4T,,,,,
TCL,"TCL 98C8L SQD-Mini LED 98 Zoll Fernseher, 4K Smart TV, Google TV, HDR10+ | 4032 Dimming-Zonen, 6000 Nits Spitzenhelligkei...",https://www.amazon.de/dp/B0GTZQ77RW,98.0,2999.0,2999.0,EUR,2999.0,Amazon,DE,2026-10-01T11:06:48Z,B0GTZQ77RW,,,,,
TCL,"TCL 75T8D QD-Mini LED 75 Zoll Fernseher, 4K Smart TV, Google TV, 144 Hz | FreeSync Premium, Game Master, Dolby Vision, HDR...",https://www.amazon.de/dp/B0GR9GFMCD,75.0,899.0,899.0,EUR,899.0,Amazon,DE,2026-10-01T11:06:48Z,B0GR9GFMCD,,,,,
TCL,"TCL Smart TV QLED 40S5L, 100 cm, Full HD, Smart Android TV, Class F, Model 2026",https://www.amazon.de/dp/B0HFWYW3WN,40.0,269.99,269.99,EUR,269.99,Amazon,DE,2026-10-01T11:06:48Z,B0HFWYW3WN,,,,,
TCL,"TCL 75RM7L RGB-Mini LED 75 Zoll Fernseher, 4K Smart TV, Google TV, HDR10+ | 1800 RGB-Farbzonen, 2000 Nits Spitzenhelligkei...",https://www.amazon.de/dp/B0GZZZVN8B,75.0,1199.0,1199.0,EUR,1199.0,Amazon,DE,2026-10-01T11:06:48Z,B0GZZZVN8B,,,,,
TCL,"TCL Smart TV QLED 50S5L, 126 cm, Full HD, Smart Android TV, Class F, Model 2026",https://www.amazon.de/dp/B0HHRYP3KK,50.0,399.0,399.0,EUR,399.0,Amazon,DE,2026-10-01T11:06:48Z,B0HHRYP3KK,,,,,
Hisense,"Hisense 50E7Q PRO Fehrnseher,50 Zoll, 4K UHD QLED, Smart TV,144Hz Game Mode PRO,Filmaker Mode, AMD FreeSync Premium,AI HDR Upscaler,Dolby Vision IQ,Dolby Atmos,Sprachsteuerung [2025]",https://www.amazon.de/dp/B0FFH8CWBK,50.0,478.49,478.49,EUR,478.49,Amazon,DE,2026-10-01T11:06:48Z,B0FFH8CWBK,,,,,
Hisense,"Hisense 32A5Q Fehrnseher, 32 Zoll, 2K QLED, Smart TV, Game Mode, AI Sports Mode, Dolby Atmos, Dolby MS12, DTS X, HDR10, HLG, Full HD, High Contrast, Rauschunterdrückung [2025]",https://www.amazon.de/dp/B0F2MZRGGH,32.0,192.9,192.9,EUR,192.9,Amazon,DE,2026-10-01T11:06:48Z,B0F2MZRGGH,,,,,
Hisense,"Hisense 75E7Q Fehrnseher, 75 Zoll, 4K UHD QLED, Smart TV, Game Mode Plus, Filmaker Mode, Dolby Vision Atmos, HDR10, HLG, HDR Immersive, AI 4K Upscaler, Dolby MS12, DTS X, Sprachsteuerung [2025]",https://www.amazon.de/dp/B0F1MNRHYV,75.0,639.0,639.0,EUR,639.0,Amazon,DE,2026-10-01T11:06:48Z,B0F1MNRHYV,,,,,
Hisense,"Hisense 75E7DS PRO Fernseher 75 Zoll, 4K UHD QLED, Smart TV, Hi-Concerto, 144Hz Game Mode, QLED Colour, Dolby Vision Atmos, Filmmaker, Audio, DTS Virtual, X, FreeSync Premium, 2026",https://www.amazon.de/dp/B0GTVWZHH8,75.0,899.0,899.0,EUR,899.0,Amazon,DE,2026-10-01T11:06:48Z,B0GTVWZHH8,,,,,
Hisense,"Hisense 65U7DSE Fernseher 65 Zoll, 4K UHD, Hi-QLED Mini LED, Smart TV, 144Hz, Hi-View AI Engine, IMAX Enhanced, AI Lichtsensor, Dolby Vision.Atmos, Tuned by DeVialet, FreeSync Premium Pro [2026]",https://www.amazon.de/dp/B0GTVYXL3H,65.0,779.0,779.0,EUR,779.0,Amazon,DE,2026-10-01T11:06:48Z,B0GTVYXL3H,,,,,
Hisense,"Hisense 43E6DS Fernseher 43 Zoll, 4K UHD Smart TV, Hi View AI Engine, 60Hz Game Mode Plus, Dolby Vision, 4K Upscaler, DTS Virtual, X, Smooth Motion, Airplay, Sprachsteuerung, 2026",https://www.amazon.de/dp/B0GTB8LFKS,43.0,269.0,269.0,EUR,269.0,Amazon,DE,2026-10-01T11:06:48Z,B0GTB8LFKS,,,,,
Hisense,"Hisense 55E6DS Fernseher 55 Zoll, 4K UHD Smart TV, Hi View AI Engine, 60Hz Game Mode Plus, Dolby Vision, 4K Upscaler, DTS Virtual, X, Smooth Motion, Airplay, Sprachsteuerung, 2026",https://www.amazon.de/dp/B0GTB5RY79,55.0,389.0,389.0,EUR,389.0,Amazon,DE,2026-10-01T11:06:48Z,B0GTB5RY79,,,,,
Hisense,"Hisense 75E7DS Fernseher 75 Zoll, 4K UHD QLED, Smart TV, Hi View AI Engine, 60Hz Game Mode Plus, Dolby Vision IQ, QLED Colour, Filmmaker, Smooth Motion, Airplay, Sprachsteuerung, 2026",https://www.amazon.de/dp/B0GM1S9LV7,75.0,619.0,619.0,EUR,619.0,Amazon,DE,2026-10-01T11:06:48Z,B0GM1S9LV7,,,,,
Sony,"Sony BRAVIA 3 - Direct LED 65 Zoll Fernseher (K65S32), X-Balanced Speaker, Dolby Vision/Atmos, IMAX Enhanced, Google TV (2025), Google Cast, Apple AirPlay 2, Eco Dashboard 2, Game Menu 2, Smart TV",https://www.amazon.de/dp/B0F4KX8CK4,65.0,749.0,749.0,EUR,749.0,Amazon,DE,2026-10-01T11:06:48Z,B0F4KX8CK4,,,,,
Sony,"Sony BRAVIA, KD-43X80L, 43 Zoll Fernseher, LED, 4K HDR, Google TV, Smart TV, Works with Alexa, BRAVIA CORE, TRILUMINOS PRO, HDMI 2.1, Gaming-Menü mit ALLM",https://www.amazon.de/dp/B0BWY5WY73,43.0,,,,,Amazon,DE,2026-10-01T11:06:48Z,B0BWY5WY73,,,,,
Sony,"Sony BRAVIA 3II 75-Zoll-Fernseher, 4K-Smart-TV (Google TV), XR Prozessor mit KI-Technologie, 120-Hz-Fernseher mit Dolby Vision/Atmos, PS5-kompatibel, 75XR32M2, Modell 2026",https://www.amazon.de/dp/B0GZQ9F4Y3,75.0,1499.0,1499.0,EUR,1499.0,Amazon,DE,2026-10-01T11:06:48Z,B0GZQ9F4Y3,,,,,
Sony,"Sony BRAVIA 6 4K-OLED-Google-TV, 65 Zoll | 120 Hz, Dolby Vision Atmos 2026, Schwarz",https://www.amazon.de/dp/B0HD87B246,65.0,1699.0,1699.0,EUR,1699.0,Amazon,DE,2026-10-01T11:06:48Z,B0HD87B246,,,,,
Sony,"Sony BRAVIA 3II 85-Zoll-Fernseher, 4K-Smart-TV (Google TV), XR Prozessor mit KI-Technologie, 120-Hz-Fernseher mit Dolby Vision/Atmos, PS5-kompatibel, 85XR35M2, Modell 2026",https://www.amazon.de/dp/B0GZQJC7W6,85.0,1799.0,1799.0,EUR,1799.0,Amazon,DE,2026-10-01T11:06:48Z,B0GZQJC7W6,,,,,
Sony,"Sony BRAVIA 7 II True RGB Fernseher, 75 Zoll, 4K-Smart-TV (Google TV), RGB-LED, XR Prozessor mit KI-Technologie, 120-Hz-Fernseher mit Dolby Vision/Atmos, PS5-kompatibel, Modell 2026 – Schwarz",https://www.amazon.de/dp/B0H2JZD8HX,75.0,2899.0,2899.0,EUR,2899.0,Amazon,DE,2026-10-01T11:06:48Z,B0H2JZD8HX,,,,,
Sony,"Sony BRAVIA 2II 55 Zoll Fernseher, 4K Smart TV (Google TV), X1 Prozessor, 4K-Upscaling, Fernseher mit Dolby Atmos und DTS:X, PS5-Kompatibilität, 55S20M2, Modell 2026",https://www.amazon.de/dp/B0GZL1BLJ9,55.0,749.0,749.0,EUR,749.0,Amazon,DE,2026-10-01T11:06:48Z,B0GZL1BLJ9,,,,,
Samsung,"Samsung The Frame LS03H 4K 43 Zoll (108 cm), UHD Fernseher, Art Mode mit wechselnen Kunstwerken, wandbündiges Built-in Design, Antireflexion mit Glare Free, QLED-Bildqualität, Dolby Atmos, Smart AI TV",https://www.amazon.de/dp/B0GXZN5KXG,43.0,849.0,849.0,EUR,849.0,Amazon,DE,2026-10-01T11:06:48Z,B0GXZN5KXG,,,,,
Samsung,"Samsung The Frame LS03H 4K QLED Fernseher 55 Zoll (138 cm), 2026, Modern Frame Design, NQ4 AI Gen2 Prozessor, Art Mode, Artful Picture Quality, One Connect Kabel, Samsung Vision AI Smart TV",https://www.amazon.de/dp/B0H335TKDF,55.0,979.0,979.0,EUR,979.0,Amazon,DE,2026-10-01T11:06:48Z,B0H335TKDF,,,,,
Samsung,"Samsung The Frame LS03H 4K 65 Zoll (163 cm), UHD Fernseher, Art Mode mit wechselnden Kunstwerken, Wireless One Connect Box, Antireflexion mit Glare Free, QLED-Bildqualität, Dolby Atmos, Smart AI TV",https://www.amazon.de/dp/B0GXZBG1KF,65.0,1549.0,1549.0,EUR,1549.0,Amazon,DE,2026-10-01T11:06:48Z,B0GXZBG1KF,,,,,
Samsung,"Samsung The Frame LS03F 4K QLED 43 Zoll (109 cm) UHD Fernseher, Modern Frame Design, NQ4 AI Gen2 Prozessor, Art Mode, Artful Picture Quality, One Connect Box, Vision Smart TV, 43LS03FA (2025)",https://www.amazon.de/dp/B0FFBJV4N6,43.0,595.84,595.84,EUR,595.84,Amazon,DE,2026-10-01T11:06:48Z,B0FFBJV4N6,,,,,
Samsung,"Samsung QLED 4K Fernseher The Frame 43 Zoll, Samsung TV mit mattem Display und austauschbarem Rahmen, Art Mode, Smart TV, GQ43LS03DAUXZG, Deutsches Modell [2024]",https://www.amazon.de/dp/B0CZS4H87H,43.0,,,,,Amazon,DE,2026-10-01T11:06:48Z,B0CZS4H87H,,,,,
Samsung,"5 m / 16 ft BN39-02470A The Frame One Connect Kabel kompatibel mit Samsung Frame TV LS03FA, LS03DA, LS03BA, LS03AA, LS03RA und LS03TA QLED 4K Art Smart TVs (nicht kompatibel mit 32-Zoll-Fernsehern).",https://www.amazon.de/dp/B0DG5KVTFP,32.0,90.0,90.0,EUR,90.0,Amazon,DE,2026-10-01T11:06:48Z,B0DG5KVTFP,,,,,
Samsung,"Samsung 65"" LS03HA The Frame 4K QLED TV – Tavellik-Design, 144 Hz, KI-Prozessor, Art Mode",https://www.amazon.de/dp/B0H3KR8S4P,65.0,1541.76,1541.76,EUR,1541.76,Amazon,DE,2026-10-01T11:06:48Z,B0H3KR8S4P,,,,,
Samsung,"Samsung QLED FullHD The Frame 32 Zoll Fernseher (GQ32LS03CBUXZG, Deutsches Modell), mattes Display, austauschbare Rahmen, Art Mode, Smart TV [2023]",https://www.amazon.de/dp/B0BXTB8N28,32.0,,,,,Amazon,DE,2026-10-01T11:06:48Z,B0BXTB8N28,,,,,
LG,"LG 43NU800B3LC Nano 4K UHD TV, 43 Zoll, α7 Gen9 4K AI Prozessor, webOS 26, 60Hz, VRR bis zu 60Hz, Modelljahr 2026, Energieklasse F",https://www.amazon.de/dp/B0HDZ6LQL8,43.0,319.0,319.0,EUR,319.0,Amazon,DE,2026-10-01T11:06:48Z,B0HDZ6LQL8,,,,,
LG,"LG 50NU800B3LC Nano 4K UHD TV, 50 Zoll, α7 Gen9 4K AI Prozessor, webOS 26, 60Hz, VRR bis zu 60Hz, Modelljahr 2026, Energieklasse F",https://www.amazon.de/dp/B0HDYZB42R,50.0,375.0,375.0,EUR,375.0,Amazon,DE,2026-10-01T11:06:48Z,B0HDYZB42R,,,,,
LG,"LG 50NU8E0B3LA TV 50 Zoll (127 cm) Nano 4K UHD TV (α7 Gen9 4K AI Prozessor, webOS 26, 60Hz (VRR bis zu 60Hz)) [Modelljahr 2026] [Energieklasse F]",https://www.amazon.de/dp/B0GSRXF51X,50.0,,,,,Amazon,DE,2026-10-01T11:06:48Z,B0GSRXF51X,,,,,
LG,"LG 75NU850B6LA 75 Zoll (190 cm) 4K UHD LED AI Smart TV | Alpha 5 AI Prozessor, 4K AI Upscaling, webOS mit ThinQ, HDR10 Pr...",https://www.amazon.de/dp/B0H1JGZ393,75.0,789.0,789.0,EUR,789.0,Amazon,DE,2026-10-01T11:06:48Z,B0H1JGZ393,,,,,
LG,"LG 43NANO81T6A TV 43"" (109 cm) NanoCell Fernseher (α5 Gen7 4K AI-Prozessor, webOS 24, HDR10, bis zu 60Hz) [Modelljahr 2024]",https://www.amazon.de/dp/B0CYQ24YY5,43.0,,,,,Amazon,DE,2026-10-01T11:06:48Z,B0CYQ24YY5,,,,,
LG,"LG NANOCELL AI 2025 TV | 75NANO90| 75 Zoll (189cm) | 4K UHD | HDR10 | webOS 25 | Telekommade AI Magic Remote | Alexa, Google Assistant | Netflix Disney+ C+ Prime Video | AirPlay 2 | Reine Farben",https://www.amazon.de/dp/B0F4KQGZNC,75.0,1295.0,1295.0,EUR,1295.0,Amazon,DE,2026-10-01T11:06:48Z,B0F4KQGZNC,,,,,
LG,"LG OLED77C37LA TV 195 cm (77 Zoll) OLED evo Fernseher (Smart TV, Brightness Booster, 120 Hz) [Modelljahr 2023]",https://www.amazon.de/dp/B0BWWKHW9J,77.0,2718.63,2718.63,EUR,2718.63,Amazon,DE,2026-10-01T11:06:48Z,B0BWWKHW9J,,,,,
TCL,"TCL 50 Zoll 50Q6C QLED Mini LED Fernseher, 4K HDR Premium, Dolby Vision IQ & Atmos, Onkyo 2.1, Smart Google TV, Game Master, 144Hz Motion Clarity Pro, AMD FreeSync Premium Pro, HDMI 2.1, AirPlay 2",https://www.amazon.de/dp/B0FD9VF12V,50.0,446.56,446.56,EUR,446.56,Amazon,DE,2026-10-01T11:06:48Z,B0FD9VF12V,,,,,
TCL,"TCL 43T6C 43 Zoll QLED Fernseher, 4K UHD Fire TV, HDR10+, Dolby Vision & Atmos, Smart TV mit Sprachsteuerung mit Alexa, Google Cast & AirPlay 2",https://www.amazon.de/dp/B0DW98NN53,43.0,259.0,259.0,EUR,259.0,Amazon,DE,2026-10-01T11:06:48Z,B0DW98NN53,,,,,
Hisense,"Hisense 43E7Q Fehrnseher, 43 Zoll, 4K UHD QLED, Smart TV, Game Mode Plus, Filmaker Mode, Dolby Vision Atmos, HDR10, HLG, HDR Immersive, AI 4K Upscaler, Dolby MS12, DTS X, Sprachsteuerung [2025]",https://www.amazon.de/dp/B0F1MSX2W7,43.0,,,,,Amazon,DE,2026-10-01T11:06:48Z,B0F1MSX2W7,,,,,
Sony,"Sony BRAVIA 7 II True RGB Fernseher, 55 Zoll, 4K-Smart-TV (Google TV), RGB-LED, XR Prozessor mit KI-Technologie, 120-Hz-Fernseher mit Dolby Vision/Atmos, PS5-kompatibel, Modell 2026 – Schwarz",https://www.amazon.de/dp/B0H2JXW744,55.0,1952.7,1952.7,EUR,1952.7,Amazon,DE,2026-10-01T11:06:48Z,B0H2JXW744,,,,,
Sony,"Sony BRAVIA 3II 55-Zoll-Fernseher, 4K-Smart-TV (Google TV), XR Prozessor mit KI-Technologie, 120-Hz-Fernseher mit Dolby Vision/Atmos, PS5-kompatibel, 55XR32M2, Modell 2026",https://www.amazon.de/dp/B0GZPV9JS8,55.0,899.99,899.99,EUR,899.99,Amazon,DE,2026-10-01T11:06:48Z,B0GZPV9JS8,,,,,
Sony,"Sony BRAVIA 8 OLED 65 Zoll 4K HDR Google Smart TV (2024) | Gaming Features,IMAX Enhanced, Dolby Vision Atmos, Chromecast, Apple AirPlay, 120Hz 65XR80",https://www.amazon.de/dp/B0D1VV8K32,65.0,1738.95,1738.95,EUR,1738.95,Amazon,DE,2026-10-01T11:06:48Z,B0D1VV8K32,,,,,
Sony,"Sony BRAVIA 6 4K-OLED-Google-TV, 83 Zoll | 120 Hz, Dolby Vision Atmos 2026, Schwarz",https://www.amazon.de/dp/B0HD8R2NBG,83.0,3299.0,3299.0,EUR,3299.0,Amazon,DE,2026-10-01T11:06:48Z,B0HD8R2NBG,,,,,
Sony,"Sony BRAVIA XR, XR-65X90L, 65 Zoll Fernseher, Full Array LED, 4K HDR 120Hz, Google, Smart TV, Works with Alexa, mit exklusiven PS5-Features, HDMI 2.1, Gaming-Menü mit ALLM + VRR, 24 + 12M Garantie",https://www.amazon.de/dp/B0BYPGPSN6,65.0,,,,,Amazon,DE,2026-10-01T11:06:48Z,B0BYPGPSN6,,,,,
Sony,"Sony KD-55XH90 Bravia Full Array LED High Dynamic Range (HDR) Android Fernseher, Schwarz, 55 Zoll",https://www.amazon.de/dp/B089QW2Y9N,55.0,1133.0,1133.0,EUR,1133.0,Amazon,DE,2026-10-01T11:06:48Z,B089QW2Y9N,,,,,
Samsung,"Samsung Neo QLED 8K QN990F 65 Zoll (163 cm) Mini LED, NQ8 AI Gen3 Prozessor, Upscaling Pro, Wireless One Connect, Art Store, Smart TV, 2025",https://www.amazon.de/dp/B0F62T4RPX,65.0,2999.0,2999.0,EUR,2999.0,Amazon,DE,2026-10-01T11:06:48Z,B0F62T4RPX,,,,,
Samsung,"Samsung Neo QLED 8K QN990F 65 Zoll (165 cm) Mini LED, 8K Fernseher, NQ8 AI Gen3 Prozessor, Upscaling Pro, Glare Free, Wireless One Connect, Art Galerie, Vision Smart TV, 65QN990F (2025)",https://www.amazon.de/dp/B0FBX878JM,65.0,2999.99,2999.99,EUR,2999.99,Amazon,DE,2026-10-01T11:06:48Z,B0FBX878JM,,,,,
Samsung,"Samsung Neo QLED 8K QN990F 75 Zoll (191 cm) Mini LED, 8K Fernseher, NQ8 AI Gen3 Prozessor, Upscaling Pro, Glare Free, Wireless One Connect, Art Galerie, Vision Smart TV, 75QN990F (2025)",https://www.amazon.de/dp/B0FBX9QJKV,75.0,5899.0,5899.0,EUR,5899.0,Amazon,DE,2026-10-01T11:06:48Z,B0FBX9QJKV,,,,,
Samsung,"Samsung 85 Zoll Mini TV Neo QLED QN990F 8K Mini LED, Smart TV mit AI-Vision, kabelfreie Verbindung, Glare Free Bildschirm und bis zu 240 Hz [Länderversion Spanisch]",https://www.amazon.de/dp/B0F21ZWSMZ,85.0,,,,,Amazon,DE,2026-10-01T11:06:48Z,B0F21ZWSMZ,,,,,
Samsung,"Samsung TV 75"" (2025) Neo QLED 8K UHD - TQ75QN990FTXXC [Länderversion Französisch, Spanisch, Portugiesisch]...[Länderversion Französisch, Spanisch, Portugiesisch]",https://www.amazon.de/dp/B0F2219MC8,75.0,,,,,Amazon,DE,2026-10-01T11:06:48Z,B0F2219MC8,,,,,
Samsung,"Samsung Neo QLED 4K QN90F 75 Zoll (189 cm) Mini LED Fernseher, NQ4 AI Gen2 Prozessor, Quantum Matrix Technology Slim, Motion Xcelerator 165Hz, AirSlim Design, Samsun...[Länderversion Ungarisch]",https://www.amazon.de/dp/B0FPCS6BLN,75.0,,,,,Amazon,DE,2026-10-01T11:06:48Z,B0FPCS6BLN,,,,,
Samsung,"Samsung Neo QLED 4K QN80F 85 Zoll (214 cm) Mini LED Fernseher, NQ4 AI Gen2 Prozessor, Quantum Matrix Technology Slim, Motion Xcelerator 144Hz, AirSlim Design, Samsun...[Länderversion Ungarisch]",https://www.amazon.de/dp/B0FPCS42TN,85.0,1671.49,1671.49,EUR,1671.49,Amazon,DE,2026-10-01T11:06:48Z,B0FPCS42TN,,,,,
TCL,"TCL 75"" A400U 4K QD Mini-LED Fernseher, 720 Dimmzonen, 2500 Nits, 288 Hz VRR, Google TV",https://www.amazon.de/dp/B0H3KVDTPX,75.0,1116.0,1116.0,EUR,1116.0,Amazon,DE,2026-10-01T11:06:48Z,B0H3KVDTPX,,,,,
TCL,"TCL 65 Zoll A400U 4K QD LED-Mini-TV, 576 Dimmzonen, 2500 Nits, Google TV, 288 Hz VRR für Spiele.",https://www.amazon.de/dp/B0H3KQR6NF,65.0,1098.0,1098.0,EUR,1098.0,Amazon,DE,2026-10-01T11:06:48Z,B0H3KQR6NF,,,,,
TCL,"TCL 75T6C 75 Zoll QLED Fernseher, 4K UHD Fire TV, HDR10+, Dolby Vision & Atmos, Smart TV mit Sprachsteuerung mit Alexa, Google Cast & AirPlay 2, HDMI 2.1",https://www.amazon.de/dp/B0DW996637,75.0,599.0,599.0,EUR,599.0,Amazon,DE,2026-10-01T11:06:48Z,B0DW996637,,,,,
Hisense,"Hisense 75E8DS Fernseher 75 Zoll, 4K UHD, Hi-QLED Mini LED, Smart TV, 144Hz, Hi-View AI Engine, Dolby Vision.Atmos, Unibody Slim, FreeSync Premium, AI-Lichtsensor, Game Bar, Tuned by Devialet",https://www.amazon.de/dp/B0GYZFWJZC,75.0,1149.0,1149.0,EUR,1149.0,Amazon,DE,2026-10-01T11:06:48Z,B0GYZFWJZC,,,,,
Hisense,"Hisense 32A5DS Fernseher 32 Zoll, FHD, QLED, Smart TV, 60Hz, Hi-QLED Colour, Dolby Atmos, Game Mode, Noise Reduction, Hohe Kontraste, Share to TV, HDR10, VIDAA OS",https://www.amazon.de/dp/B0GYZMPVXG,32.0,249.0,249.0,EUR,249.0,Amazon,DE,2026-10-01T11:06:48Z,B0GYZMPVXG,,,,,
Sony,"Sony BRAVIA 2II 75 Zoll Fernseher, 4K Smart TV (Google TV), X1 Prozessor, 4K-Upscaling, Fernseher mit Dolby Atmos und DTS:X, PS5-Kompatibilität, 75S20M2, Modell 2026",https://www.amazon.de/dp/B0GZKYXYQX,75.0,1199.0,1199.0,EUR,1199.0,Amazon,DE,2026-10-01T11:06:48Z,B0GZKYXYQX,,,,,
Sony,"Sony BRAVIA XR, XR-77A80L, 77 Zoll Fernseher, OLED, 4K HDR 120Hz, Google TV, Smart TV, Works with Alexa, mit exklusiven PS5-Features, HDMI 2.1, Gaming-Menü mit ALLM + VRR, 24 + 12M Garantie",https://www.amazon.de/dp/B0BYGVVBHM,77.0,,,,,Amazon,DE,2026-10-01T11:06:48Z,B0BYGVVBHM,,,,,
Samsung,"Samsung Micro RGB R85H 4K 65 Zoll (163 cm), UHD Fernseher, Micro RGB HDR+ & AI Engine für realitätsnahe Farben, Dolby Atmos, Gaming Hub, Motion Xcelerator 144Hz, AI Companion für Fragen, Smart TV",https://www.amazon.de/dp/B0GXZRGM8X,65.0,1336.0,1336.0,EUR,1336.0,Amazon,DE,2026-10-01T11:06:48Z,B0GXZRGM8X,,,,,
Samsung,"Samsung Micro RGB R85H 4K 75 Zoll (189 cm), UHD Fernseher, Micro RGB HDR+ & AI Engine für realitätsnahe Farben, Dolby Atmos, Gaming Hub, Motion Xcelerator 144Hz, AI Companion für Fragen, Smart TV",https://www.amazon.de/dp/B0GXZFCQCX,75.0,1799.0,1799.0,EUR,1799.0,Amazon,DE,2026-10-01T11:06:48Z,B0GXZFCQCX,,,,,
Samsung,"Samsung MRE55R85H 55 Zoll (140 cm) 4K UHD Micro RGB AI Smart TV | NQ8 AI Gen3 Prozessor mit AI-Upscaling, Dolby Atmos 3D-S...",https://www.amazon.de/dp/B0HFS3FGYL,55.0,979.0,979.0,EUR,979.0,Amazon,DE,2026-10-01T11:06:48Z,B0HFS3FGYL,,,,,
Samsung,"Samsung MRE85R85H 85 Zoll (216 cm) 4K UHD Micro RGB AI Smart TV | NQ8 AI Gen3 Prozessor mit AI-Upscaling, Dolby Atmos 3D-S...",https://www.amazon.de/dp/B0HFS8VVJZ,85.0,2799.0,2799.0,EUR,2799.0,Amazon,DE,2026-10-01T11:06:48Z,B0HFS8VVJZ,,,,,
Samsung,"Samsung TV Micro RGB R85H 75"" 4K Smart TV mit IA | Vision AI Companion, Micro RGB Technologie, Micro RGB AI-Engine, AI-Fuß...",https://www.amazon.de/dp/B0GK2BT41M,75.0,2179.14,2179.14,EUR,2179.14,Amazon,DE,2026-10-01T11:06:48Z,B0GK2BT41M,,,,,
Samsung,"Samsung Neo QLED QN80H 4K 85 Zoll (214 cm), UHD Fernseher, Quantum-Mini-LED für ultrafeine Kontraste, 4K AI Upscaling, Adaptive Sound Pro, Gaming Hub, Motion Xcelerator 144Hz, AI Companion, Smart TV",https://www.amazon.de/dp/B0GXZLJ1T4,85.0,2649.0,2649.0,EUR,2649.0,Amazon,DE,2026-10-01T11:06:48Z,B0GXZLJ1T4,,,,,
Samsung,Samsung 85 Zoll The Frame Pro LS03HW 4K Samsung Vision AI Smart TV (2026),https://www.amazon.de/dp/B0H62KB2YV,85.0,3590.0,3590.0,EUR,3590.0,Amazon,DE,2026-10-01T11:06:48Z,B0H62KB2YV,,,,,
Samsung,"Samsung Neo QLED 4K QN85D UHD Fernseher 85 Zoll (214 cm), NQ 4K AI Gen2 Prozessor, HDR Mini LED TV, AI Upscaling, Smart TV, Dolby Atmos Sound, Gaming Hub, Motion Xcelerator 120Hz, Knox Security",https://www.amazon.de/dp/B0CZRZXPXZ,85.0,2249.0,2249.0,EUR,2249.0,Amazon,DE,2026-10-01T11:06:48Z,B0CZRZXPXZ,,,,,
Samsung,"Samsung OLED S85H 4K 48 Zoll (122 cm) Fernseher bis 120 Hz, Antireflexion mit Glare Free, FloatLayer OLED Design mit Metallrahmen, bündige Wandmontage, Dolby Atmos, AI Companion, Smart TV",https://www.amazon.de/dp/B0H32Z3SBD,48.0,899.0,899.0,EUR,899.0,Amazon,DE,2026-10-01T11:06:48Z,B0H32Z3SBD,,,,,
Samsung,"Samsung 65 Zoll QN80H LED Mini TV 4K QD, leistungsstarke Bildverarbeitung, klares und kontrastreiches Display für Filme, Sport, Spiele",https://www.amazon.de/dp/B0H3KSM4F4,65.0,1086.69,1086.69,EUR,1086.69,Amazon,DE,2026-10-01T11:06:48Z,B0H3KSM4F4,,,,,
Samsung,"Samsung 55"" S85H 4K OLED TV - Leuchtender Pixelkontrast, 120Hz Bewegung, NQ4 AI Gen2 Prozessor",https://www.amazon.de/dp/B0H3KMSFTZ,55.0,1269.55,1269.55,EUR,1269.55,Amazon,DE,2026-10-01T11:06:48Z,B0H3KMSFTZ,,,,,
TCL,"TCL 65Q8C 65 Zoll QD-Mini LED-Fernseher, 4K HDR Premium 4500, ZeroBorder™, Smart Google TV, CrystGlow WHVA-Panel, Audio von Bang & Olufsen, 144Hz Motion Clarity Pro, Dolby Vision IQ & Atmos",https://www.amazon.de/dp/B0F9WRKNS3,65.0,,,,,Amazon,DE,2026-10-01T11:06:48Z,B0F9WRKNS3,,,,,
TCL,"TCL 98Q8C 98 Zoll QD-Mini LED Fernseher, 4K HDR Premium 5000, ZeroBorder™, Smart Google TV CrystGlow WHVA-Panel, Audio von Bang & Olufsen, 144Hz Motion Clarity Pro, Dolby Vision IQ & Atmos",https://www.amazon.de/dp/B0F9WRNP3W,98.0,,,,,Amazon,DE,2026-10-01T11:06:48Z,B0F9WRNP3W,,,,,
Hisense,"Hisense TV 55A7Q (2025) 55"" LED UHD 4K - 55A7Q",https://www.amazon.de/dp/B0F2T1B4NL,55.0,,,,,Amazon,DE,2026-10-01T11:06:48Z,B0F2T1B4NL,,,,,
Sony,"Sony KD-55XE8096 139 cm (55 Zoll) Fernseher (Ultra HD, HD Triple Tuner, Android-TV, X-Reality PRO, Triluminos Display, USB Aufnahmefunktion)",https://www.amazon.de/dp/B06X99QFKM,55.0,,,,,Amazon,DE,2026-10-01T11:06:48Z,B06X99QFKM,,,,,
Sony,"Sony BRAVIA , XR-77A95L, 77 Zoll Fernseher, QD-OLED, 4K HDR 120Hz, Google , Smart TV, Works with Alexa, mit exklusiven PS5-Features, HDMI 2.1, Gaming-Menü mit ALLM + VRR, 24 + 12M Garantie",https://www.amazon.de/dp/B0CDH3SS8D,77.0,,,,,Amazon,DE,2026-10-01T11:06:48Z,B0CDH3SS8D,,,,,
Samsung,Samsung 75 Zoll Micro RGB R95H 4K Samsung Vision AI Smart TV (2026),https://www.amazon.de/dp/B0H8SG4WXL,75.0,4244.71,4244.71,EUR,4244.71,Amazon,DE,2026-10-01T11:06:48Z,B0H8SG4WXL,,,,,
Samsung,Samsung 65 Zoll Micro RGB R95H 4K Samsung Vision AI Smart TV (2026),https://www.amazon.de/dp/B0H8SQBLF3,65.0,3299.0,3299.0,EUR,3299.0,Amazon,DE,2026-10-01T11:06:48Z,B0H8SQBLF3,,,,,
Samsung,"Samsung TV 75 Zoll Micro RGB R95H 4K Smart TV mit blendfreiem Display, Vision AI Companion, Micro RGB Technology und One Connect Wireless, Kino, Sport und Gaming",https://www.amazon.de/dp/B0GK2D65BB,75.0,,,,,Amazon,DE,2026-10-01T11:06:48Z,B0GK2D65BB,,,,,
Samsung,"Samsung OLED S95H 4K 55 Zoll (138 cm), UHD Fernseher, Antireflexion mit Glare Free, OLED HDR pro, Ultimate Gaming Pack (NVIDIA G-SYNC & AMD FreeSync Pro) mit 165Hz, HDMI 2.1, Dolby Atmos, Smart AI TV",https://www.amazon.de/dp/B0GXZDXDX9,55.0,1747.38,1747.38,EUR,1747.38,Amazon,DE,2026-10-01T11:06:48Z,B0GXZDXDX9,,,,,
Samsung,"Samsung OLED S95H 4K 48 Zoll (121 cm), UHD Fernseher, Antireflexion mit Glare Free, OLED HDR pro, Ultimate Gaming Pack (NVIDIA G-SYNC & AMD FreeSync Pro) mit 165Hz, HDMI 2.1, Dolby Atmos, Smart AI TV",https://www.amazon.de/dp/B0GXZM9K15,48.0,1399.0,1399.0,EUR,1399.0,Amazon,DE,2026-10-01T11:06:48Z,B0GXZM9K15,,,,,
Samsung,"Samsung Neo QLED QN80H 4K 100 Zoll (254 cm), UHD Fernseher, Quantum-Mini-LED für ultrafeine Kontraste, 4K AI Upscaling, Adaptive Sound Pro, Gaming Hub, Motion Xcelerator 144Hz, AI Companion, Smart TV",https://www.amazon.de/dp/B0GXZQDPFD,100.0,3499.0,3499.0,EUR,3499.0,Amazon,DE,2026-10-01T11:06:48Z,B0GXZQDPFD,,,,,
Samsung,"Samsung OLED S90H 4K 77 Zoll (195 cm), UHD Fernseher, Antireflexion mit Glare Free, OLED HDR+, Ultimate Gaming Pack (NVIDIA G-SYNC & AMD FreeSync Pro) mit 165Hz, HDMI 2.1, Dolby Atmos, Smart AI TV",https://www.amazon.de/dp/B0GXZQ647Z,77.0,2759.0,2759.0,EUR,2759.0,Amazon,DE,2026-10-01T11:06:48Z,B0GXZQ647Z,,,,,
Samsung,"Samsung OLED S85H 4K 77 Zoll (195 cm), UHD Fernseher, OLED HDR, Premium Gaming Pack (NVIDIA G-SYNC & AMD FreeSync Premium) mit 120Hz, HDMI 2.1, Dolby Atmos, AI Companion für Fragen, Smart AI TV",https://www.amazon.de/dp/B0GXZQ6FFF,77.0,2499.0,2499.0,EUR,2499.0,Amazon,DE,2026-10-01T11:06:48Z,B0GXZQ6FFF,,,,,
Samsung,"Samsung 55S95H 55 Zoll (140 cm) 4K UHD OLED evo AI Smart TV | NQ4 AI Gen3 Prozessor mit AI-Upscaling, Dolby Atmos Sound, M...",https://www.amazon.de/dp/B0HF56F4ZX,55.0,1798.0,1798.0,EUR,1798.0,Amazon,DE,2026-10-01T11:06:48Z,B0HF56F4ZX,,,,,
Samsung,Samsung Neo QLED QN80H 98 Zoll 4K Smart TV mit IA,https://www.amazon.de/dp/B0GHS3TTGN,98.0,2579.35,2579.35,EUR,2579.35,Amazon,DE,2026-10-01T11:06:48Z,B0GHS3TTGN,,,,,
Samsung,"Samsung 65 Zoll OLED S95H 4K Smart TV mit blendfreiem Display, Vision AI Companion, Ultimate Gaming Pack und One Connect, Heimkino und Gaming",https://www.amazon.de/dp/B0GL39VP48,65.0,2102.05,2102.05,EUR,2102.05,Amazon,DE,2026-10-01T11:06:48Z,B0GL39VP48,,,,,
Samsung,"Samsung 65"" S90H 4K OLED TV – Ultra HD, Auto Motion Plus, DVB-kompatibel, Wi-Fi/Ethernet-Konnektivität",https://www.amazon.de/dp/B0H3KMLVHN,65.0,1933.73,1933.73,EUR,1933.73,Amazon,DE,2026-10-01T11:06:48Z,B0H3KMLVHN,,,,,
Samsung,"Samsung Neo QLED 4K QN95B 75 Zoll Fernseher (GQ75QN95BATXZG, Deutsches Modell), Quantum HDR 2000, Neural Quantum Prozessor 4K, Dolby Atmos, Smart TV [2022]",https://www.amazon.de/dp/B09TRJCRZY,75.0,2499.0,2499.0,EUR,2499.0,Amazon,DE,2026-10-01T11:06:48Z,B09TRJCRZY,,,,,
Samsung,"Samsung OLED 4K S95D Fernseher 65 Zoll, (165 cm) TV mit Neural Quantum 4K AI Gen2 Prozessor, OLED HDR Pro, OLED Glare Free, 4K Upscaling, Smart TV, KI TV, 65S95DA [2024]",https://www.amazon.de/dp/B0D5D2SV6X,65.0,,,,,Amazon,DE,2026-10-01T11:06:48Z,B0D5D2SV6X,,,,,
LG,"LG 55QNED83B6A 4K QNED Evo Mini LED AI TV, 55 Zoll, α8 Gen3 Prozessor, webOS 26, 120Hz, VRR bis zu 144Hz, Modelljahr 2026, Energieklasse F",https://www.amazon.de/dp/B0GSH9Z1JM,55.0,669.0,669.0,EUR,669.0,Amazon,DE,2026-10-01T11:06:48Z,B0GSH9Z1JM,,,,,
LG,"LG QNED AI 2025 TV | 43QNED8E | 43 Zoll (108 cm) | 4K UHD | HDR10 | webOS 25 | Telekommade AI Magic Remote | Alexa, Google Assistant | Netflix Disney+ C+ Prime Video | AirPlay 2 | Brillante",https://www.amazon.de/dp/B0F4KMPM6B,43.0,,,,,Amazon,DE,2026-10-01T11:06:48Z,B0F4KMPM6B,,,,,
LG,"LG 86QNED86B6B Fernseher 86 Zoll, 4K QNED EVO MiniLED, Smart TV, WebOS 26, Prozessor α8 AI Gen3, VRR 144Hz, Dolby Vision und Dolby Digital Plus, Alexa/Google Assistant, Schwarz",https://www.amazon.de/dp/B0GTZNPDJJ,86.0,2282.67,2282.67,EUR,2282.67,Amazon,DE,2026-10-01T11:06:48Z,B0GTZNPDJJ,,,,,
LG,"LG 100QNED87B6 100 Zoll (254 cm) 4K UHD MiniLED QNED AI Smart TV | Precision Dimming MiniLED, Alpha 8 AI Prozessor, 120Hz,...",https://www.amazon.de/dp/B0H4ZLSKF4,100.0,3224.67,3224.67,EUR,3224.67,Amazon,DE,2026-10-01T11:06:48Z,B0H4ZLSKF4,,,,,
LG,LG OLED TV 2025 | OLED48B5 | 48 Zoll (121 cm) | OLED | Prozessor α8 AI 4K Gen2 | Dolby Vision & Atmos | Alexa,https://www.amazon.de/dp/B0FF52R2WK,48.0,988.0,988.0,EUR,988.0,Amazon,DE,2026-10-01T11:06:48Z,B0FF52R2WK,,,,,
TCL,"TCL 75C8L SQD-Mini LED 75 Zoll Fernseher, 4K Smart TV, Google TV, HDR10+ | 2584 Dimming-Zonen, 5500 Nits Spitzenhelligkei...",https://www.amazon.de/dp/B0GTZSYZLM,75.0,1849.0,1849.0,EUR,1849.0,Amazon,DE,2026-10-01T11:06:48Z,B0GTZSYZLM,,,,,
TCL,"TCL 75V6D 75 Zoll, 4K UHD, Smart TV, Fire TV, HDR10+, Dolby Atmos, DTS:X, Game Master, Motion Clarity, AirPlay 2, Kompatibel mit Alexa",https://www.amazon.de/dp/B0GQHHZD3H,75.0,649.0,649.0,EUR,649.0,Amazon,DE,2026-10-01T11:06:48Z,B0GQHHZD3H,,,,,
Hisense,"Hisense 50E7DS PRO Fernseher 50 Zoll, 4K UHD QLED, Smart TV, Hi-Concerto, 144Hz Game Mode, QLED Colour, Dolby Vision Atmos, Filmmaker, Audio, DTS Virtual, X, FreeSync Premium, 2026",https://www.amazon.de/dp/B0GTVTFDNQ,50.0,499.0,499.0,EUR,499.0,Amazon,DE,2026-10-01T11:06:48Z,B0GTVTFDNQ,,,,,
Hisense,"Hisense 75U7DSE Fernseher 75 Zoll, 4K UHD, Hi-QLED Mini LED, Smart TV, 144Hz, Hi-View AI Engine, IMAX Enhanced, AI Lichtsensor, Dolby Vision.Atmos, Tuned by DeVialet, FreeSync Premium Pro [2026]",https://www.amazon.de/dp/B0GTVXDJ2B,75.0,1149.99,1149.99,EUR,1149.99,Amazon,DE,2026-10-01T11:06:48Z,B0GTVXDJ2B,,,,,
Sony,"Sony BRAVIA 3 - Direct LED 75 Zoll Fernseher (K75S32), X-Balanced Speaker, Dolby Vision/Atmos, IMAX Enhanced, Google TV (2025), Google Cast, Apple AirPlay 2, Eco Dashboard 2, Game Menu 2, Smart TV",https://www.amazon.de/dp/B0F4KRYP8L,75.0,998.0,998.0,EUR,998.0,Amazon,DE,2026-10-01T11:06:48Z,B0F4KRYP8L,,,,,
Sony,"Sony BRAVIA 3II 50-Zoll-Fernseher, 4K-Smart-TV (Google TV), XR Prozessor mit KI-Technologie, 120-Hz-Fernseher mit Dolby Vision/Atmos, PS5-kompatibel, 50XR32M2, Modell 2026",https://www.amazon.de/dp/B0GZQ4G7BL,50.0,829.99,829.99,EUR,829.99,Amazon,DE,2026-10-01T11:06:48Z,B0GZQ4G7BL,,,,,
Samsung,"Samsung 83"" TV (2025) OLED 4K - TQ83S85FAEXXC [Länderversion Französisch, Spanisch, Portugiesisch]...[Länderversion Französisch, Spanisch, Portugiesisch]",https://www.amazon.de/dp/B0F2FMLH3V,83.0,2137.73,2137.73,EUR,2137.73,Amazon,DE,2026-10-01T11:06:48Z,B0F2FMLH3V,,,,,
Samsung,"Samsung OLED 4K S90D Fernseher 48 Zoll (122 cm), TV Mit Neural Quantum AI Gen2 Prozessor, HDR+, AI Upscaling, Smart TV, KI TV, 48S90D [2024]",https://www.amazon.de/dp/B0DK9HVNLZ,48.0,991.23,991.23,EUR,991.23,Amazon,DE,2026-10-01T11:06:48Z,B0DK9HVNLZ,,,,,
Samsung,"Samsung OLED 4K S90F 48 Zoll (122 cm), UHD Fernseher, NQ4 AI Gen3 Prozessor, OLED HDR+, 4K Upscaling Pro, Dolby Atmos, Gaming Hub, Motion Xcelerator 144Hz, Samsung Vision AI Smart TV, 48S90F",https://www.amazon.de/dp/B0FP4ZF41G,48.0,,,,,Amazon,DE,2026-10-01T11:06:48Z,B0FP4ZF41G,,,,,
Samsung,"Samsung OLED S90H 4K 48 Zoll (121 cm), UHD Fernseher, Antireflexion mit Glare Free, OLED HDR+, Ultimate Gaming Pack (NVIDIA G-SYNC & AMD FreeSync Pro) mit 165Hz, HDMI 2.1, Dolby Atmos, Smart AI TV",https://www.amazon.de/dp/B0GXZMQDTZ,48.0,1429.0,1429.0,EUR,1429.0,Amazon,DE,2026-10-01T11:06:48Z,B0GXZMQDTZ,,,,,
LG,"LG QNED evo AI MiniLED 55 Zoll Serie QNED86B 55QNED86B6B Smart TV 4K Dolby Vision, α8 Gen3 Prozessor, AI Magic Remote, webOS mit Gemini und Copilot, Dicke 29,7 mm, Motion Booster 288, TV 2026",https://www.amazon.de/dp/B0GWN2ZF85,55.0,864.34,864.34,EUR,864.34,Amazon,DE,2026-10-01T11:06:48Z,B0GWN2ZF85,,,,,
LG,"LG 75QNED83B6A TV 75 Zoll (190 cm) 4K QNED evo Mini LED AI TV (α8 Gen3 4K AI Prozessor, webOS 26, 120Hz (VRR bis zu 144Hz)) [Modelljahr 2026] [Energieklasse F]",https://www.amazon.de/dp/B0GSGRMNR3,75.0,1055.0,1055.0,EUR,1055.0,Amazon,DE,2026-10-01T11:06:48Z,B0GSGRMNR3,,,,,
LG,"LG 86QNED82A6B, 86 Zoll (218 cm), 4K QNED AI TV, α7 Gen8 Prozessor, webOS 25, 60Hz, Modelljahr 2025",https://www.amazon.de/dp/B0F2275Q5H,86.0,1186.52,1186.52,EUR,1186.52,Amazon,DE,2026-10-01T11:06:48Z,B0F2275Q5H,,,,,
LG,"LG 43QNED80B6B 43 Zoll (108 cm) 4K UHD QNED AI Smart TV | Alpha 7 AI Prozessor, 120Hz Bildwiederholrate, HDMI 2.1, Quantum...",https://www.amazon.de/dp/B0HJ68Q3L6,43.0,474.28,474.28,EUR,474.28,Amazon,DE,2026-10-01T11:06:48Z,B0HJ68Q3L6,,,,,
TCL,"TCL 75X11L SQD-Mini LED 75 Zoll Fernseher, 4K Smart TV, Google TV, HDR10+ | 10520 Dimming-Zonen, 9000 Nits Spitzenhelligke...",https://www.amazon.de/dp/B0GV3VXQB8,75.0,3333.0,3333.0,EUR,3333.0,Amazon,DE,2026-10-01T11:06:48Z,B0GV3VXQB8,,,,,
TCL,"TCL 85X11L SQD-Mini LED 85 Zoll Fernseher, 4K Smart TV, Google TV, HDR10+ | 14400 Dimming-Zonen, 10000 Nits Spitzenhelligk...",https://www.amazon.de/dp/B0GV4DDPZD,85.0,4899.0,4899.0,EUR,4899.0,Amazon,DE,2026-10-01T11:06:48Z,B0GV4DDPZD,,,,,
Sony,"Sony BRAVIA 2II 50 Zoll Fernseher, 4K Smart TV (Google TV), X1 Prozessor, 4K-Upscaling, Fernseher mit Dolby Atmos und DTS:X, PS5-Kompatibilität, 50S20M2, Modell 2026",https://www.amazon.de/dp/B0GZLDN3SH,50.0,699.0,699.0,EUR,699.0,Amazon,DE,2026-10-01T11:06:48Z,B0GZLDN3SH,,,,,
Sony,"Sony BRAVIA 6 4K-OLED-Google-TV, 55 Zoll | 120 Hz, Dolby Vision Atmos 2026, Schwarz",https://www.amazon.de/dp/B0HD8TJTZH,55.0,1399.0,1399.0,EUR,1399.0,Amazon,DE,2026-10-01T11:06:48Z,B0HD8TJTZH,,,,,
Sony,"Sony KD-55XG7005 Bravia 55 Zoll (138,8cm) Fernseher (Ultra HD, 4K HDR, Smart TV, USB HDD Recording) schwarz",https://www.amazon.de/dp/B07P7KXRRK,55.0,,,,,Amazon,DE,2026-10-01T11:06:48Z,B07P7KXRRK,,,,,
Samsung,"Samsung Neo QLED QN70H 4K 50 Zoll (125 cm), Quantum-Mini-LED für ultrafeine Kontraste, UHD Fernseher, 4K AI Upscaling, Adaptive Sound+, Gaming Hub, Motion Xcelerator 144Hz, AI Companion, Smart TV",https://www.amazon.de/dp/B0GXZLVNY7,50.0,719.0,719.0,EUR,719.0,Amazon,DE,2026-10-01T11:06:48Z,B0GXZLVNY7,,,,,
LG,LG UHD TV AI 2026 | 65NU80 | 65 Zoll (164 cm),https://www.amazon.de/dp/B0GTRTW8P9,65.0,,,,,Amazon,DE,2026-10-01T11:06:48Z,B0GTRTW8P9,,,,,
TCL,"TCL 85C7L Fernseher 85 Zoll SQD-Mini LED 4K Smart TV, 2600 nits HDR Premium, 144Hz Motion Clarity Pro, Game Master Pro, ZeroBorder, Google TV",https://www.amazon.de/dp/B0GVT5HYB3,85.0,,,,,Amazon,DE,2026-10-01T11:06:48Z,B0GVT5HYB3,,,,,
Hisense,"Hisense 50A6S TV 2026 4K UHD 50 Zoll (127 cm), Smart TV HomeOS U9.5, Dolby Vision HDR, Game Mode Plus (VRR 60 Hz), DTS Virtual:X, Alexa integriert, Schwarz",https://www.amazon.de/dp/B0GJFVQDWB,50.0,374.97,374.97,EUR,374.97,Amazon,DE,2026-10-01T11:06:48Z,B0GJFVQDWB,,,,,
Sony,"Sony BRAVIA 3II 65-Zoll-Fernseher, 4K-Smart-TV (Google TV), XR Prozessor mit KI-Technologie, 120-Hz-Fernseher mit Dolby Vision/Atmos, PS5-kompatibel, 65XR32M2, Modell 2026",https://www.amazon.de/dp/B0GZPZZRWL,65.0,1139.0,1139.0,EUR,1139.0,Amazon,DE,2026-10-01T11:06:48Z,B0GZPZZRWL,,,,,
Samsung,"Samsung Neo QLED QN70H 4K 50 Zoll (125 cm) Fernseher, Quantum Mini LED, Neural Quantum 4K AI Prozessor, Motion Xcelerator 144 Hz, Samsung Vision AI, AirSlim Design, Gaming Hub",https://www.amazon.de/dp/B0H3KVSVVM,50.0,549.0,549.0,EUR,549.0,Amazon,DE,2026-10-01T11:06:48Z,B0H3KVSVVM,,,,,
LG,LG UHD TV AI 2026 | 75NU80 | 75 Zoll (189 cm),https://www.amazon.de/dp/B0GTRQF5S3,75.0,,,,,Amazon,DE,2026-10-01T11:06:48Z,B0GTRQF5S3,,,,,
TCL,"TCL 55C7K QD-Mini LED Fernseher, 55 Zoll, 4K HDR Premium, Dolby Vision IQ & Atmos, Bang & Olufsen Sound, Smart TV mit Google TV, 144Hz, HDMI 2.1, AMD FreeSync Premium Pro, AirPlay 2, Google Assistant",https://www.amazon.de/dp/B0F5BP4KFM,55.0,,,,,Amazon,DE,2026-10-01T11:06:48Z,B0F5BP4KFM,,,,,
Hisense,"Hisense 55A6S - UHD 4K Smart TV 55 Pulgadas, Escalador IA 4K, Smooth Motion IA, Modo Juego Plus, Dolby Vision, Control por Voz, Filmmaker Mode, Airplay",https://www.amazon.de/dp/B0GJFF3XT7,55.0,394.9,394.9,EUR,394.9,Amazon,DE,2026-10-01T11:06:48Z,B0GJFF3XT7,,,,,
Sony,"Sony BRAVIA 3II 100-Zoll-Fernseher, 4K-Smart-TV (Google TV), XR Prozessor mit KI-Technologie, 120-Hz-Fernseher mit Dolby Vision/Atmos, PS5-kompatibel, 100XR35M2, Modell 2026",https://www.amazon.de/dp/B0GZQB773S,100.0,2649.0,2649.0,EUR,2649.0,Amazon,DE,2026-10-01T11:06:48Z,B0GZQB773S,,,,,
Samsung,Samsung QE50QN70HAUXZT - 50 Zoll Smart TV 4K Neo QLED DVB-T2 HbbTV 2.0.4 Bluetooth Schwarz Energieklasse E,https://www.amazon.de/dp/B0H838LZR4,50.0,,,,,Amazon,DE,2026-10-01T11:06:48Z,B0H838LZR4,,,,,
LG,LG UHD TV AI 2026 | 85NU80 | 85 Zoll (215 cm),https://www.amazon.de/dp/B0GTRH6HHP,85.0,,,,,Amazon,DE,2026-10-01T11:06:48Z,B0GTRH6HHP,,,,,
TCL,"TCL 65C7K 65 Zoll QD-Mini LED Fernseher, 4K HDR Premium 2600, Smart Google TV mit 144Hz Motion Clarity Pro (Dolby Vision IQ & Atmos, CrystGlow HVA Panel, Audio von Bang & Olufsen, Game Master)",https://www.amazon.de/dp/B0F5BRZSTR,65.0,,,,,Amazon,DE,2026-10-01T11:06:48Z,B0F5BRZSTR,,,,,
Hisense,"Hisense 58A6S TV 2026 4K UHD 58 Zoll (146 cm), Smart TV HomeOS U9.5, Dolby Vision HDR, Game Mode Plus (VRR 60 Hz), DTS Virtual:X, Alexa integriert, Schwarz",https://www.amazon.de/dp/B0GJFLN5QB,58.0,,,,,Amazon,DE,2026-10-01T11:06:48Z,B0GJFLN5QB,,,,,
Sony,"Sony BRAVIA 2II 65 Zoll Fernseher, 4K Smart TV (Google TV), X1 Prozessor, 4K-Upscaling, Fernseher mit Dolby Atmos und DTS:X, PS5-Kompatibilität, 65S20M2, Modell 2026",https://www.amazon.de/dp/B0GZKY262Y,65.0,949.0,949.0,EUR,949.0,Amazon,DE,2026-10-01T11:06:48Z,B0GZKY262Y,,,,,
Samsung,"Samsung Smart TV 50 Zoll QN70H Mini LED Neo QLED 4K, Quantum Mini LED, Real QLED 100% Farbvolumen, Crystal 4K Prozessor optimiert durch KI, Motion Xcelerator, Vision AI Companion [2026]",https://www.amazon.de/dp/B0H11JV3RV,50.0,559.0,559.0,EUR,559.0,Amazon,DE,2026-10-01T11:06:48Z,B0H11JV3RV,,,,,
LG,LG 50QNED80B6B 50 Zoll (127 cm) 4K UHD QNED AI Smart TV,https://www.amazon.de/dp/B0HJ68N3Z9,50.0,523.64,523.64,EUR,523.64,Amazon,DE,2026-10-01T11:06:48Z,B0HJ68N3Z9,,,,,
TCL,"TCL 75C7K 75 Zoll QD-Mini LED Fernseher, 4K HDR Premium 3000, Smart Google TV mit 144Hz Motion Clarity Pro (Dolby Vision IQ & Atmos, CrystGlow HVA Panel, Audio von Bang & Olufsen, Game Master)",https://www.amazon.de/dp/B0F5BP3VXC,75.0,,,,,Amazon,DE,2026-10-01T11:06:48Z,B0F5BP3VXC,,,,,
Hisense,"Hisense 65A6S – TV 4K UHD 65 Zoll (164 cm), Smart TV HomeOS U9.5, Dolby Vision HDR, Game Mode Plus (VRR 60 Hz), DTS Virtual:X, Alexa integriert, Schwarz",https://www.amazon.de/dp/B0GJF87VQ6,65.0,509.0,509.0,EUR,509.0,Amazon,DE,2026-10-01T11:06:48Z,B0GJF87VQ6,,,,,
Sony,"Sony BRAVIA 9 QLED (XR l Mini LED) 65 Zoll 4K HDR Google Smart TV | Gaming-Funktionen, IMAX Erweitert, Dolby Vision Atmos, Chromecast, AirPlay, 120Hz K65XR90",https://www.amazon.de/dp/B0DSWFM8GK,65.0,,,,,Amazon,DE,2026-10-01T11:06:48Z,B0DSWFM8GK,,,,,
Samsung,"Samsung Smart TV 55 Zoll QN70H Mini LED Neo QLED 4K, Quantum Mini LED, Real QLED 100% Farbvolumen, Crystal 4K Prozessor optimiert durch KI, Motion Xcelerator, Vision AI Companion [2026]",https://www.amazon.de/dp/B0H11GBZBS,55.0,533.08,533.08,EUR,533.08,Amazon,DE,2026-10-01T11:06:48Z,B0H11GBZBS,,,,,
LG,LG 55QNED80B6B 55 Zoll (140 cm) 4K UHD QNED AI Smart TV,https://www.amazon.de/dp/B0HJ67K8B7,55.0,640.6,640.6,EUR,640.6,Amazon,DE,2026-10-01T11:06:48Z,B0HJ67K8B7,,,,,
TCL,"TCL 85C7K 85 Zoll QD-Mini LED Fernseher, 4K HDR Premium 3000, Smart Google TV mit 144Hz Motion Clarity Pro (Dolby Vision IQ & Atmos, CrystGlow HVA Panel, Audio von Bang & Olufsen, Game Master)",https://www.amazon.de/dp/B0F5BSK9JW,85.0,,,,,Amazon,DE,2026-10-01T11:06:48Z,B0F5BSK9JW,,,,,
Hisense,"""hisense 43e7s - Tv Qled 43"""" (108 Cm) - 4k Uhd 3840x2160 - Hdr10+ - Smart Tv Vidaa - 3xhdmi 2.1 - Wifi""",https://www.amazon.de/dp/B0GND85Y1P,43.0,289.0,289.0,EUR,289.0,Amazon,DE,2026-10-01T11:06:48Z,B0GND85Y1P,,,,,
Sony,"Sony BRAVIA 9 QLED (XR l Mini LED) 75 Zoll 4K HDR Google Smart TV (2024) | Gaming-Funktionen, IMAX Erweitert, Dolby Vision Atmos, Chromecast, AirPlay, 120Hz K75R90 [Energieklasse D]",https://www.amazon.de/dp/B0D1VYFB2C,75.0,,,,,Amazon,DE,2026-10-01T11:06:48Z,B0D1VYFB2C,,,,,
Samsung,"Samsung Neo QLED QN70H 4K 55 Zoll (138 cm) Fernseher, Quantum Mini LED, Neural Quantum 4K AI Prozessor, Motion Xcelerator 144 Hz, Samsung Vision AI, AirSlim Design, Gaming Hub",https://www.amazon.de/dp/B0H3KJG3K1,55.0,,,,,Amazon,DE,2026-10-01T11:06:48Z,B0H3KJG3K1,,,,,
LG,"LG 85QNED80B6LA TV 85 Zoll, QNED MiniLED, 4K AI, Smart TV, WebOS 25, Alpha 5 Gen7 AI, 120 Hz, Super Upscaling, HDR10 und Dolby Digital Plus, Alexa/Google Assistant, Schwarz",https://www.amazon.de/dp/B0GTRQNMS6,85.0,,,,,Amazon,DE,2026-10-01T11:06:48Z,B0GTRQNMS6,,,,,
TCL,"TCL 98C7K 98 Zoll QD-Mini LED Fernseher, 4K HDR Premium 3000, Smart Google TV mit 144Hz Motion Clarity Pro (Dolby Vision IQ & Atmos, CrystGlow HVA Panel, Audio von Bang & Olufsen, Game Master)",https://www.amazon.de/dp/B0F5BL77MF,98.0,,,,,Amazon,DE,2026-10-01T11:06:48Z,B0F5BL77MF,,,,,
Hisense,"Hisense 75E7S 189cm 75"" 4K QLED Smart TV Fernseher (75E7S)",https://www.amazon.de/dp/B0GNDJ3WZT,75.0,699.0,699.0,EUR,699.0,Amazon,DE,2026-10-01T11:06:48Z,B0GNDJ3WZT,,,,,
Sony,"Sony BRAVIA 9 QLED (XR l Mini LED) 85 Zoll 4K HDR Google Smart TV (2024) | Gaming Features, IMAX Enhanced, Dolby Vision Atmos, Chromecast, AirPlay, 120Hz K75R90",https://www.amazon.de/dp/B0D1VVT6GJ,85.0,,,,,Amazon,DE,2026-10-01T11:06:48Z,B0D1VVT6GJ,,,,,
Samsung,"Samsung Neo QLED QN70H 4K 55 Zoll (138 cm), Quantum-Mini-LED für ultrafeine Kontraste, UHD Fernseher, 4K AI Upscaling, Adaptive Sound+, Gaming Hub, Motion Xcelerator 144Hz, AI Companion, Smart TV",https://www.amazon.de/dp/B0GXZDFK7F,55.0,848.98,848.98,EUR,848.98,Amazon,DE,2026-10-01T11:06:48Z,B0GXZDFK7F,,,,,
LG,"LG OLED77B68LA TV 77 Zoll (195 cm) 4K OLED AI TV (α8 Gen3 4K AI Prozessor, webOS 26, 120Hz (VRR bis zu 120Hz)) [Modelljahr 2026] [Energieklasse E]",https://www.amazon.de/dp/B0GSGX4RNZ,77.0,1799.0,1799.0,EUR,1799.0,Amazon,DE,2026-10-01T11:06:48Z,B0GSGX4RNZ,,,,,
TCL,"Smart TV TCL 50P7K 50"" 4K Ultra HD HDR QLED",https://www.amazon.de/dp/B0F9FMTPH8,50.0,,,,,Amazon,DE,2026-10-01T11:06:48Z,B0F9FMTPH8,,,,,
Hisense,"Hisense 85E7S 215 cm (85"" ) 4K QLED Hi-QLED Smart TV VIDAA OS Schwarz",https://www.amazon.de/dp/B0GNCGYDGJ,85.0,889.94,889.94,EUR,889.94,Amazon,DE,2026-10-01T11:06:48Z,B0GNCGYDGJ,,,,,
Sony,"Sony BRAVIA 5 XR Mini-LED 75 Zoll Fernseher (K75XR55), AI XR-Prozessor, akustisches Multi-Audio, Dolby Vision/Atmos, IMAX Enhanced, Google TV (2025), Google Cast, Apple AirPlay 2, Game Menu, Smart TV",https://www.amazon.de/dp/B0F4L4JSYM,75.0,1659.0,1659.0,EUR,1659.0,Amazon,DE,2026-10-01T11:06:48Z,B0F4L4JSYM,,,,,
Samsung,"Samsung Neo QLED QN70H 4K 65 Zoll (163 cm), Quantum-Mini-LED für ultrafeine Kontraste, UHD Fernseher, 4K AI Upscaling, Adaptive Sound+, Gaming Hub, Motion Xcelerator 144Hz, AI Companion, Smart TV",https://www.amazon.de/dp/B0GXZLLYHR,65.0,1099.0,1099.0,EUR,1099.0,Amazon,DE,2026-10-01T11:06:48Z,B0GXZLLYHR,,,,,
LG,"LG OLED83B68LA TV 83 Zoll (210 cm) 4K OLED AI TV (α8 Gen3 4K AI Prozessor, webOS 26, 120Hz (VRR bis zu 120Hz)) [Modelljahr 2026] [Energieklasse E]",https://www.amazon.de/dp/B0GSGYH7VH,83.0,2716.97,2716.97,EUR,2716.97,Amazon,DE,2026-10-01T11:06:48Z,B0GSGYH7VH,,,,,
TCL,"TCL 55P7K 55"" QLED 4K HDR TV, Google TV, Smart TV (Dolby Vision & Atmos, Game Master, Motion Clarity)",https://www.amazon.de/dp/B0F99Z7M9M,55.0,492.46,492.46,EUR,492.46,Amazon,DE,2026-10-01T11:06:48Z,B0F99Z7M9M,,,,,
Hisense,"Hisense 50E7S Pro – QLED TV 50 Zoll (126 cm), 4K UHD, 144 Hz Nativ, Dolby Vision IQ & Atmos, HDMI 2.1, FreeSync Premium, Smart TV VIDAA U9.5, integrierte Alexa Sprachsteuerung, Modell 2026",https://www.amazon.de/dp/B0GR77T4BZ,50.0,499.0,499.0,EUR,499.0,Amazon,DE,2026-10-01T11:06:48Z,B0GR77T4BZ,,,,,
Sony,"Sony BRAVIA 5 XR Mini-LED 98 Zoll Fernseher (K98XR55), AI XR-Prozessor, akustisches Multi-Audio, Dolby Vision/Atmos, IMAX Enhanced, Google TV (2025), Google Cast, Apple AirPlay 2, Game Menu, Smart TV",https://www.amazon.de/dp/B0F7R8NY37,98.0,3999.0,3999.0,EUR,3999.0,Amazon,DE,2026-10-01T11:06:48Z,B0F7R8NY37,,,,,
Samsung,"Samsung Crystal UHD U8079F 4K 65 Zoll (163 cm) LED Fernseher, Crystal Prozessor 4K, MetalStream Design, SmartThings, AI Upscaling, Gaming Hub, Knox Security, Kostenlose Inhalte, Smart TV",https://www.amazon.de/dp/B0F62VGMHW,65.0,,,,,Amazon,DE,2026-10-01T11:06:48Z,B0F62VGMHW,,,,,
Samsung,"Samsung Crystal UHD U8079F 4K 85 Zoll (214 cm) LED Fernseher, Crystal Prozessor 4K, MetalStream Design, SmartThings, AI Upscaling, Gaming Hub, Knox Security, Kostenlose Inhalte, Smart TV",https://www.amazon.de/dp/B0F62T3RGK,85.0,,,,,Amazon,DE,2026-10-01T11:06:48Z,B0F62T3RGK,,,,,
LG,"LG OLED42C6ELB 4K OLED Evo AI TV, 42 Zoll, α11 Gen3 Prozessor, webOS 26, 120Hz, VRR bis zu 165Hz, Modelljahr 2026, Energieklasse G",https://www.amazon.de/dp/B0GSH2NHSZ,42.0,999.01,999.01,EUR,999.01,Amazon,DE,2026-10-01T11:06:48Z,B0GSH2NHSZ,,,,,
LG,"LG OLED83C6ELB TV 83 Zoll (210 cm) 4K OLED evo AI TV (α11 Gen3 4K AI Prozessor, webOS 26, 120Hz (VRR bis zu 165Hz)) [Modelljahr 2026] [Energieklasse D]",https://www.amazon.de/dp/B0GSH5L491,83.0,2599.0,2599.0,EUR,2599.0,Amazon,DE,2026-10-01T11:06:48Z,B0GSH5L491,,,,,
Hisense,"Hisense 85E7Q PRO Fehrnseher,85 Zoll,4K UHD QLED, Smart TV,144Hz Game Mode PRO,Filmaker Mode, AMD FreeSync Premium,AI HDR Upscaler,Dolby Vision IQ,Dolby Atmos,Sprachsteuerung [2025]",https://www.amazon.de/dp/B0F1N6RKFQ,85.0,1350.06,1350.06,EUR,1350.06,Amazon,DE,2026-10-01T11:06:48Z,B0F1N6RKFQ,,,,,
Hisense,"Hisense 100E7Q PRO Fernseher, 100 Zoll, 4K UHD QLED, Smart TV, 144Hz Game Mode, Filmmaker, AMD FreeSync Premium, AI HDR Upscaler, Built in Subwoofer, Sprachsteuerung, 2025",https://www.amazon.de/dp/B0F1N92VWF,100.0,,,,,Amazon,DE,2026-10-01T11:06:48Z,B0F1N92VWF,,,,,
Hisense,"Hisense 43E7Q PRO Fehrnseher,43 Zoll, 4K UHD QLED, Smart TV,144Hz Game Mode PRO,Filmaker Mode, AMD FreeSync Premium,AI HDR Upscaler,Dolby Vision IQ,Dolby Atmos,Sprachsteuerung [2025]",https://www.amazon.de/dp/B0FFH953XW,43.0,,,,,Amazon,DE,2026-10-01T11:06:48Z,B0FFH953XW,,,,,
Hisense,"Hisense 55E7Q PRO Fernseher 139cm (55 Zoll) 4K UHD QLED, Smart TV,144Hz Game Mode PRO,Filmaker Mode, AMD FreeSync Premium,AI HDR Upscaler,Dolby Vision IQ,Dolby Atmos,Sprachsteuerung[2025]",https://www.amazon.de/dp/B0F1N7WT6C,55.0,,,,,Amazon,DE,2026-10-01T11:06:48Z,B0F1N7WT6C,,,,,
Hisense,"Hisense 75E7Q PRO Fehrnseher,75 Zoll,4K UHD QLED, Smart TV,144Hz Game Mode PRO,Filmaker Mode, AMD FreeSync Premium,AI HDR Upscaler,Dolby Vision IQ,Dolby Atmos,Sprachsteuerung [2025]",https://www.amazon.de/dp/B0F1N63F97,75.0,,,,,Amazon,DE,2026-10-01T11:06:48Z,B0F1N63F97,,,,,
Sony,"Sony BRAVIA 3 - Direct LED 85 Zoll Fernseher (K85S32), X-Balanced Speaker, Dolby Vision/Atmos, IMAX Enhanced, Google TV (2025), Google Cast, Apple AirPlay 2, Eco Dashboard 2, Game Menu 2, Smart TV",https://www.amazon.de/dp/B0F4KVCDCW,85.0,1199.0,1199.0,EUR,1199.0,Amazon,DE,2026-10-01T11:06:48Z,B0F4KVCDCW,,,,,
Panasonic,"Panasonic TB-55W61AEZ, W61 Serie, 55 Zoll, 4K Ultra HD LED Smart TV, 2025, TiVo, Dolby Vision & Atmos, Game Mode Plus, Alexa & Google Sprachsteuerung, Schwarz",https://www.amazon.de/dp/B0F99NFJRR,55.0,,,,,Amazon,DE,2026-10-01T11:06:48Z,B0F99NFJRR,,,,,
Philips,"PHILIPS Ambilight 55PUS8200 4K LED Smart TV - 55 Zoll Display mit Pixel Precise Ultra HD, Titan OS, Dolby Vision und Dolby Atmos Sound, 2025",https://www.amazon.de/dp/B0F2N7LRL4,55.0,,,,,Amazon,DE,2026-10-01T11:06:48Z,B0F2N7LRL4,,,,,
Philips,"PHILIPS Ambilight 65PUS8200 4K LED Smart TV - 65 Zoll Display mit Pixel Precise Ultra HD, Titan OS, Dolby Vision und Dolby Atmos Sound",https://www.amazon.de/dp/B0F2N4SKN3,65.0,,,,,Amazon,DE,2026-10-01T11:06:48Z,B0F2N4SKN3,,,,,
Toshiba,Toshiba 32LF3F63DAZ Fernseher 32 Zoll Smart TV Full HD Amazon Fire TV HDR,https://www.amazon.de/dp/B0CYZRK65R,32.0,189.99,189.99,EUR,189.99,Amazon,DE,2026-10-01T11:06:48Z,B0CYZRK65R,,,,,
Toshiba,Toshiba 40LF2663DAZ Fernseher 40 Zoll Smart TV Full HD Amazon Fire TV HDR,https://www.amazon.de/dp/B0H99BJ8JF,40.0,239.99,239.99,EUR,239.99,Amazon,DE,2026-10-01T11:06:48Z,B0H99BJ8JF,,,,,
Toshiba,"Toshiba 50 Zoll Fernseher Fire TV (4K UHD Smart TV, HDR Dolby Vision, Triple-Tuner, Alexa Built-In, Sound by Onkyo) 50UF3F63DAZ",https://www.amazon.de/dp/B0DCZ8KZR9,50.0,,,,,Amazon,DE,2026-10-01T11:06:48Z,B0DCZ8KZR9,,,,,
Toshiba,"Toshiba 55 Zoll Fernseher Fire TV (4K UHD Smart TV, HDR Dolby Vision, Triple-Tuner, Alexa Built-In, Sound by Onkyo) 55UF3F63DAZ 2024",https://www.amazon.de/dp/B0DHHH6Q7B,55.0,,,,,Amazon,DE,2026-10-01T11:06:48Z,B0DHHH6Q7B,,,,,
Toshiba,"Toshiba 65 Zoll Fernseher Fire TV (4K UHD Smart TV, HDR Dolby Vision, Triple-Tuner, Alexa Built-In, Sound by Onkyo) 65UF3F63DAZ",https://www.amazon.de/dp/B0DCZ8L76W,65.0,,,,,Amazon,DE,2026-10-01T11:06:48Z,B0DCZ8L76W,,,,,
Toshiba,Toshiba 43UF3F63DAR Fernseher 43 Zoll Smart TV mit 4K UHD Amazon Fire TV,https://www.amazon.de/dp/B0DFY942V9,43.0,,,,,Amazon,DE,2026-10-01T11:06:48Z,B0DFY942V9,,,,,
Xiaomi,"Xiaomi TV F 32 2025, 32"" HD Smart TV Fire OS7 Triple Tuner L32MB-FAEU",https://www.amazon.de/dp/B0F4548TCQ,32.0,139.0,139.0,EUR,139.0,Amazon,DE,2026-10-01T11:06:48Z,B0F4548TCQ,,,,,
Xiaomi,"XIAOMI TV 43 Zoll 2026, 4K UHD, Smart TV, Fire OS8, HDR10, L43MB-FAVEU",https://www.amazon.de/dp/B0H448LDSH,43.0,329.0,329.0,EUR,329.0,Amazon,DE,2026-10-01T11:06:48Z,B0H448LDSH,,,,,
Xiaomi,"Xiaomi TV 50 Zoll (127 cm), 4K UHD Smart TV, Fire OS8, HDR10, L50MB-FAEU",https://www.amazon.de/dp/B0F45BXJ1C,50.0,299.0,299.0,EUR,299.0,Amazon,DE,2026-10-01T11:06:48Z,B0F45BXJ1C,,,,,
Xiaomi,"Xiaomi TV F 55 Zoll 2025, 4K UHD Smart TV, Fire OS8, HDR10, L55MB-FAEU",https://www.amazon.de/dp/B0F457G5QG,55.0,349.0,349.0,EUR,349.0,Amazon,DE,2026-10-01T11:06:48Z,B0F457G5QG,,,,,
Samsung,"Samsung Neo QLED 4K QN90F 75 Zoll (189 cm) Mini LED Fernseher, Antireflexion, NQ4 AI Gen3 Prozessor, Neo Quantum HDR+, 4K Upscaling Pro, Dolby Atmos, Knox Security, Samsung Vision AI Smart TV",https://www.amazon.de/dp/B0DFVP4TBV,75.0,,,,,Amazon,DE,2026-10-01T11:06:48Z,B0DFVP4TBV,,,,,
Samsung,"Samsung Neo QLED 4K QN90F 85 Zoll (214 cm) Mini LED Fernseher, Antireflexion, NQ4 AI Gen3 Prozessor, Neo Quantum HDR+, 4K Upscaling Pro, Dolby Atmos, Knox Security, Samsung Vision AI Smart TV",https://www.amazon.de/dp/B0DFVTD5QZ,85.0,,,,,Amazon,DE,2026-10-01T11:06:48Z,B0DFVTD5QZ,,,,,
Samsung,"Samsung Neo QLED 4K QN90F 98 Zoll (249 cm) Mini LED Fernseher, Antireflexion, NQ4 AI Gen3 Prozessor, Neo Quantum HDR+, 4K Upscaling Pro, Dolby Atmos, Knox Security, Samsung Vision AI Smart TV",https://www.amazon.de/dp/B0DFVGVH41,98.0,,,,,Amazon,DE,2026-10-01T11:06:48Z,B0DFVGVH41,,,,,
Samsung,"Samsung Neo QLED 4K QN90F 50 Zoll (125 cm) Mini LED Fernseher, Antireflexion, NQ4 AI Gen3 Prozessor, Neo Quantum HDR, 4K Upscaling Pro, Dolby Atmos, Knox Security, Samsung Vision AI Smart TV",https://www.amazon.de/dp/B0DFVHCWC1,50.0,,,,,Amazon,DE,2026-10-01T11:06:48Z,B0DFVHCWC1,,,,,
Samsung,"Samsung Neo QLED 4K QN90F 65 Zoll (163 cm) Mini LED Fernseher, Antireflexion, NQ4 AI Gen3 Prozessor, Neo Quantum HDR+, 4K Upscaling Pro, Dolby Atmos, Knox Security, Samsung Vision AI Smart TV",https://www.amazon.de/dp/B0DFVNQLFX,65.0,,,,,Amazon,DE,2026-10-01T11:06:48Z,B0DFVNQLFX,,,,,
Hisense,"Hisense 65E7Q Fehrnseher, 65 Zoll, 4K UHD QLED, Smart TV, Game Mode Plus, Filmaker Mode, Dolby Vision Atmos, HDR10, HLG, HDR Immersive, AI 4K Upscaler, Dolby MS12, DTS X, Sprachsteuerung [2025]",https://www.amazon.de/dp/B0F1MRPC4B,65.0,519.0,519.0,EUR,519.0,Amazon,DE,2026-10-01T11:06:48Z,B0F1MRPC4B,,,,,
Hisense,"Hisense 85E7Q Fehrnseher, 85 Zoll, 4K UHD QLED, Smart TV, Game Mode Plus, Filmaker Mode, Dolby Vision Atmos, HDR10, HLG, HDR Immersive, AI 4K Upscaler, DTS:X, Sprachsteuerung [2025]",https://www.amazon.de/dp/B0F1MR1FQ3,85.0,899.0,899.0,EUR,899.0,Amazon,DE,2026-10-01T11:06:48Z,B0F1MR1FQ3,,,,,
Hisense,"Hisense 55E7Q Fehrnseher, 55 Zoll, 4K UHD QLED, Smart TV, Game Mode Plus, Filmaker Mode, Dolby Vision Atmos, HDR10, HLG, HDR Immersive, AI 4K Upscaler, Dolby MS12, DTS X, Sprachsteuerung [2025]",https://www.amazon.de/dp/B0F1MPWV27,55.0,,,,,Amazon,DE,2026-10-01T11:06:48Z,B0F1MPWV27,,,,,
Hisense,"Hisense 50E7Q Fehrnseher, 50 Zoll, 4K QLED, Smart TV, Game Mode Plus, Filmaker Mode, Dolby Vision Atmos, HDR10, HLG, HDR Immersive, AI 4K Upscaler, Dolby MS12, DTS X, Sprachsteuerung [2025]",https://www.amazon.de/dp/B0F1MQRCGF,50.0,,,,,Amazon,DE,2026-10-01T11:06:48Z,B0F1MQRCGF,,,,,
Panasonic,"Panasonic TN-43W70AEZ, W70-Serie 43 Zoll 4K Ultra HD LED Smart TV, 2024, Google Assistant, Chromecast, Dolby Vision & Atmos, Gaming-Modus, Bluetooth, für EIN außergewöhnliches visuelles Erlebnis",https://www.amazon.de/dp/B0D9MGL3TB,43.0,,,,,Amazon,DE,2026-10-01T11:06:48Z,B0D9MGL3TB,,,,,
Panasonic,"Panasonic -TN-50W70AEZ Televiseur, Farbe, 50"", TN-50W70AEZ",https://www.amazon.de/dp/B0D9MH3L6C,50.0,459.99,459.99,EUR,459.99,Amazon,DE,2026-10-01T11:06:48Z,B0D9MH3L6C,,,,,
Panasonic,"Panasonic TN-55W70AEZ, W70-Serie 55 Zoll 4K Ultra HD LED Smart TV, 2024, Google Assistant, Chromecast, Dolby Vision & Atmos, Gaming-Modus, Bluetooth, für EIN außergewöhnliches visuelles Erlebnis",https://www.amazon.de/dp/B0D9MGH49P,55.0,,,,,Amazon,DE,2026-10-01T11:06:48Z,B0D9MGH49P,,,,,
Philips,"PHILIPS Ambilight 55MLED910 Mini LED 4K Smart TV - 55 Zoll Display mit P5 Perfect Picture Engine Ultra HD, Titan OS, Dolby Vision Und Dolby Atmos Sound",https://www.amazon.de/dp/B0F2N7K35H,55.0,643.99,643.99,EUR,643.99,Amazon,DE,2026-10-01T11:06:48Z,B0F2N7K35H,,,,,
Philips,"PHILIPS Ambilight 75MLED910 Mini LED 4K Smart TV - 75 Zoll Display mit P5 Perfect Picture Engine Ultra HD, Titan OS, Dolby Vision Und Dolby Atmos Sound",https://www.amazon.de/dp/B0F24XBNWV,75.0,,,,,Amazon,DE,2026-10-01T11:06:48Z,B0F24XBNWV,,,,,
Toshiba,Toshiba 43UV3463DAW Fernseher 43 Zoll VIDAA Smart TV mit 4K UHD Auflösung,https://www.amazon.de/dp/B0CW1Y4R81,43.0,299.99,299.99,EUR,299.99,Amazon,DE,2026-10-01T11:06:48Z,B0CW1Y4R81,,,,,
Toshiba,"Toshiba 55 Zoll VIDAA TV Fernseher (4K UHD Smart TV, HDR Dolby Vision, Triple-Tuner, Bluetooth, Dolby Audio) 55UV3463DAW",https://www.amazon.de/dp/B0CW1WDWS1,55.0,,,,,Amazon,DE,2026-10-01T11:06:48Z,B0CW1WDWS1,,,,,
Toshiba,"Toshiba 65 Zoll VIDAA TV Fernseher (4K UHD Smart TV, HDR Dolby Vision, Triple-Tuner, Bluetooth, Dolby Audio) 65UV3463DAW",https://www.amazon.de/dp/B0CW1WDPRR,65.0,,,,,Amazon,DE,2026-10-01T11:06:48Z,B0CW1WDPRR,,,,,
Toshiba,"Toshiba Fernseher 24 Zoll Smart TV - VIDAA TV (HD LED TV, HDR, Triple-Tuner) 24WV3463DAZ",https://www.amazon.de/dp/B0DJBSRRFH,24.0,169.99,169.99,EUR,169.99,Amazon,DE,2026-10-01T11:06:48Z,B0DJBSRRFH,,,,,
Toshiba,"Toshiba 40LV2E63DAZ 40 Zoll Fernseher/VIDAA Smart TV (Full HD, HDR, Triple-Tuner, Bluetooth, Dolby Audio) [2024]",https://www.amazon.de/dp/B0CNKK8DCF,40.0,276.67,276.67,EUR,276.67,Amazon,DE,2026-10-01T11:06:48Z,B0CNKK8DCF,,,,,
Toshiba,"Toshiba 43QV3463DG 43"" QLED UltraHD 4K VIDAA",https://www.amazon.de/dp/B0DG36C62Y,43.0,,,,,Amazon,DE,2026-10-01T11:06:48Z,B0DG36C62Y,,,,,
Toshiba,"Toshiba 50QV2363DAW 50 Zoll QLED Fernseher/VIDAA Smart TV (4K UHD, HDR Dolby Vision, Triple-Tuner, Bluetooth, Dolby Audio)",https://www.amazon.de/dp/B0CQ5FZC9R,50.0,,,,,Amazon,DE,2026-10-01T11:06:48Z,B0CQ5FZC9R,,,,,
Xiaomi,"Xiaomi TV FX Mini LED 55 Inch QD Mini LED Smart TV, 4K UHD, Fire TV, HDR10+",https://www.amazon.de/dp/B0H26SBKX4,55.0,499.0,499.0,EUR,499.0,Amazon,DE,2026-10-01T11:06:48Z,B0H26SBKX4,,,,,
Xiaomi,"Xiaomi TV FX Mini LED 75"" QD Mini LED Smart TV, 4K UHD, Fire TV, HDR10+, 60Hz with 120Hz Game Boost Mode, MEMC, DTS:X, AirPlay 2, HDMI, Filmmaker Mode, Voice Control with Alexa",https://www.amazon.de/dp/B0H26V48FQ,75.0,849.0,849.0,EUR,849.0,Amazon,DE,2026-10-01T11:06:48Z,B0H26V48FQ,,,,,
Samsung,"Samsung OLED S95H 4K 77 Zoll (195 cm), UHD Fernseher, Antireflexion mit Glare Free, OLED HDR pro, Ultimate Gaming Pack (NVIDIA G-SYNC & AMD FreeSync Pro) mit 165Hz, HDMI 2.1, Dolby Atmos, Smart AI TV",https://www.amazon.de/dp/B0GXZNVCFZ,77.0,3048.9,3048.9,EUR,3048.9,Amazon,DE,2026-10-01T11:06:48Z,B0GXZNVCFZ,,,,,
LG,"LG OLED48B68LA TV 48 Zoll (121 cm) 4K OLED AI TV (α8 Gen3 4K AI Prozessor, webOS 26, 120Hz (VRR bis zu 120Hz)) [Modelljahr 2026] [Energieklasse G]",https://www.amazon.de/dp/B0GSGWZZH9,48.0,849.0,849.0,EUR,849.0,Amazon,DE,2026-10-01T11:06:48Z,B0GSGWZZH9,,,,,
LG,"LG OLED65B68LA 4K OLED AI TV, 65 Zoll, α8 Gen3 Prozessor, webOS 26, 120Hz, VRR bis zu 120Hz, Modelljahr 2026, Energieklasse F",https://www.amazon.de/dp/B0GSH1VH5S,65.0,1309.0,1309.0,EUR,1309.0,Amazon,DE,2026-10-01T11:06:48Z,B0GSH1VH5S,,,,,
TCL,"TCL 75P7K 75"" QLED 4K HDR TV, Google TV, Smart TV (Dolby Vision & Atmos, Game Master, Motion Clarity)",https://www.amazon.de/dp/B0F9FNDBN7,75.0,,,,,Amazon,DE,2026-10-01T11:06:48Z,B0F9FNDBN7,,,,,
TCL,"TCL 85P7K 85"" QLED 4K HDR TV, Google TV, Smart TV (Dolby Vision & Atmos, Game Master, Motion Clarity, Onkyo Audio System 2.1)",https://www.amazon.de/dp/B0FPQM3QJC,85.0,,,,,Amazon,DE,2026-10-01T11:06:48Z,B0FPQM3QJC,,,,,
Philips,"PHILIPS 24PHS6000 HD LED Smart TV - 24 Zoll Display mit Pixel Plus, Titan OS Plattform Und Dolby Digital Sound - Funktioniert Mit Alexa Und Google Sprachassistent",https://www.amazon.de/dp/B0F2N4KC8W,24.0,,,,,Amazon,DE,2026-10-01T11:06:48Z,B0F2N4KC8W,,,,,
Toshiba,"Toshiba 55UV2363DAW 55 Zoll Fernseher/VIDAA Smart TV (4K UHD, HDR Dolby Vision, Triple-Tuner, Bluetooth, Dolby Audio)",https://www.amazon.de/dp/B0CQ5DG178,55.0,,,,,Amazon,DE,2026-10-01T11:06:48Z,B0CQ5DG178,,,,,
Toshiba,"Toshiba 65QV2363DAW 65 Zoll QLED Fernseher/VIDAA Smart TV (4K UHD, HDR Dolby Vision, Triple-Tuner, Dolby Audio) [2024]",https://www.amazon.de/dp/B0CNTRTHV7,65.0,,,,,Amazon,DE,2026-10-01T11:06:48Z,B0CNTRTHV7,,,,,
Toshiba,"Toshiba 43LV3E63DAZ 43 Zoll Fernseher/VIDAA Smart TV (Full HD, HDR, Triple-Tuner, Bluetooth, Dolby Audio)",https://www.amazon.de/dp/B0CQ5HKK9G,43.0,298.6,298.6,EUR,298.6,Amazon,DE,2026-10-01T11:06:48Z,B0CQ5HKK9G,,,,,
Xiaomi,"XIAOMI F2 Smart Fire TV 43 Zoll, 108 cm Fernseher (4K UHD, HDR10, Rahmenloses Metallgehäuse, Prime Video, Netflix, Alexa Sprachsteuerung, HDMI 2.1, Bluetooth, USB, Triple Tuner) Modelljahr:2022",https://www.amazon.de/dp/B09XY1G7PT,43.0,,,,,Amazon,DE,2026-10-01T11:06:48Z,B09XY1G7PT,,,,,
Xiaomi,"Xiaomi TV Pro 32 Zoll 2025 QLED Smart TV Fire OS7 Triple Tuner, L32MB-FPEU",https://www.amazon.de/dp/B0F457M449,32.0,159.0,159.0,EUR,159.0,Amazon,DE,2026-10-01T11:06:48Z,B0F457M449,,,,,
Xiaomi,"Xiaomi TV F Pro 43 Zoll 2025 QLED TV, 4K Ultra HD, Fire TV, L43MB-FPEU",https://www.amazon.de/dp/B0F454D76T,43.0,299.0,299.0,EUR,299.0,Amazon,DE,2026-10-01T11:06:48Z,B0F454D76T,,,,,
Xiaomi,"Xiaomi TV F Pro 50 (127 cm), 4K UHD QLED, Smart TV, Fire OS8, MEMC",https://www.amazon.de/dp/B0F45835F8,50.0,379.0,379.0,EUR,379.0,Amazon,DE,2026-10-01T11:06:48Z,B0F45835F8,,,,,
Xiaomi,"Xiaomi TV Pro 65 Zoll 2025, 4K UHD QLED Smart Fire TV HDR10+ L65MB-FPEU",https://www.amazon.de/dp/B0F454CH49,65.0,599.0,599.0,EUR,599.0,Amazon,DE,2026-10-01T11:06:48Z,B0F454CH49,,,,,
Samsung,"Samsung Neo QLED QN70H 4K 85 Zoll (214 cm), Quantum-Mini-LED für ultrafeine Kontraste, UHD Fernseher, 4K AI Upscaling, Adaptive Sound+, Gaming Hub, Motion Xcelerator 144Hz, AI Companion, Smart TV",https://www.amazon.de/dp/B0GXZRNB6Z,85.0,1999.0,1999.0,EUR,1999.0,Amazon,DE,2026-10-01T11:06:48Z,B0GXZRNB6Z,,,,,
LG,"LG OLED55G67LW 4K OLED Evo AI TV, 55 Zoll, α11 Gen3 Prozessor, webOS 26, 120Hz, VRR bis zu 165Hz, Modelljahr 2026, Energieklasse E",https://www.amazon.de/dp/B0GSGWWKH6,55.0,1599.0,1599.0,EUR,1599.0,Amazon,DE,2026-10-01T11:06:48Z,B0GSGWWKH6,,,,,
LG,"LG OLED77G67LW 4K OLED Evo AI TV, 77 Zoll, α11 Gen3 Prozessor, webOS 26, 120Hz, VRR bis zu 165Hz, Modelljahr 2026, Energieklasse E",https://www.amazon.de/dp/B0GSGYQ3S4,77.0,2849.0,2849.0,EUR,2849.0,Amazon,DE,2026-10-01T11:06:48Z,B0GSGYQ3S4,,,,,
LG,"LG OLED83G67LW 4K OLED Evo AI TV, 83 Zoll, α11 Gen3 Prozessor, webOS 26, 120Hz, VRR bis zu 165Hz, Modelljahr 2026, Energieklasse D",https://www.amazon.de/dp/B0GSRX1RNN,83.0,3889.0,3889.0,EUR,3889.0,Amazon,DE,2026-10-01T11:06:48Z,B0GSRX1RNN,,,,,
Philips,"PHILIPS 75PUS7000 4K LED Smart TV - 75 Zoll Display mit Pixel Precise Ultra HD, Titan OS Plattform und Dolby Atmos Sound - Funktioniert mit Alexa und Google Sprachassistent",https://www.amazon.de/dp/B0F24WLLX9,75.0,639.99,639.99,EUR,639.99,Amazon,DE,2026-10-01T11:06:48Z,B0F24WLLX9,,,,,
Toshiba,"Toshiba 55QV2363DAW 55 Zoll QLED Fernseher/VIDAA Smart TV (4K UHD, HDR Dolby Vision, Triple-Tuner, Bluetooth, Dolby Audio)",https://www.amazon.de/dp/B0CQ5GJK88,55.0,,,,,Amazon,DE,2026-10-01T11:06:48Z,B0CQ5GJK88,,,,,
Toshiba,Toshiba 32LV3F63DAZ Fernseher 32 Zoll VIDAA Smart TV mit Full HD Auflösung,https://www.amazon.de/dp/B0FPWXB29Y,32.0,186.98,186.98,EUR,186.98,Amazon,DE,2026-10-01T11:06:48Z,B0FPWXB29Y,,,,,
Toshiba,"Toshiba 43QV2363DAW 43 Zoll QLED Fernseher/VIDAA Smart TV (4K UHD, HDR Dolby Vision, Triple-Tuner, Bluetooth, Dolby Audio)",https://www.amazon.de/dp/B0CQ5D8SYC,43.0,,,,,Amazon,DE,2026-10-01T11:06:48Z,B0CQ5D8SYC,,,,,
Samsung,"Samsung Neo QLED 4K QN90F 75 Zoll (191 cm) 4K Fernseher, TV mit Neural Quantum AI Gen3 Prozessor, Quantum-Matrix-Technologie Plus, AI Upscaling Pro, Smart TV, 75QN90F [2025]",https://www.amazon.de/dp/B0FC2FC48J,75.0,,,,,Amazon,DE,2026-10-01T11:06:48Z,B0FC2FC48J,,,,,
Samsung,"Samsung Neo QLED 4K QN90F 85 Zoll (216 cm) 4K Fernseher, TV mit Neural Quantum AI Gen3 Prozessor, Quantum-Matrix-Technologie Plus, AI Upscaling Pro, Smart TV, 85QN90F [2025]",https://www.amazon.de/dp/B0FC2FS484,85.0,,,,,Amazon,DE,2026-10-01T11:06:48Z,B0FC2FS484,,,,,
LG,"LG TV 43 Zoll (108 cm) 4K UHD AI TV 2025 (α7 Gen8 4K AI Prozessor, webOS 25, 60Hz) 43UA73006LA",https://www.amazon.de/dp/B0F2GH8L49,43.0,,,,,Amazon,DE,2026-10-01T11:06:48Z,B0F2GH8L49,,,,,
Hisense,"Hisense 50U7Q Fernseher 50 Zoll, 4K Mini LED ULED, Smart TV, Hi-View AI Engine, 144Hz Game Mode Pro, FreeSync Premium, Built in Subwoofer, Dolby Vision IQ Atmos, Airplay, Sprachsteuerung[2025]",https://www.amazon.de/dp/B0F32KTJK8,50.0,,,,,Amazon,DE,2026-10-01T11:06:48Z,B0F32KTJK8,,,,,
Hisense,"Hisense 55U7Q Fernseher 55 Zoll, 4K Mini LED ULED, Smart TV, Hi-View AI Engine, 144Hz Game Mode Pro, FreeSync Premium, Built in Subwoofer, Dolby Vision IQ Atmos, Airplay, Sprachsteuerung[2025]",https://www.amazon.de/dp/B0F32M68DW,55.0,,,,,Amazon,DE,2026-10-01T11:06:48Z,B0F32M68DW,,,,,
Hisense,"Hisense 65U7Q Fernseher 65 Zoll, 4K Mini LED ULED, Smart TV, Hi-View AI Engine, 144Hz Game Mode Pro, FreeSync Premium, Built in Subwoofer, Dolby Vision IQ Atmos, Airplay, Sprachsteuerung[2025]",https://www.amazon.de/dp/B0F32JG9DR,65.0,,,,,Amazon,DE,2026-10-01T11:06:48Z,B0F32JG9DR,,,,,
Hisense,"Hisense 85U7Q Fernseher 85 Zoll, 4K Mini LED ULED, Smart TV, Hi-View AI Engine, 144Hz Game Mode Pro, FreeSync Premium, Built in Subwoofer, Dolby Vision IQ Atmos, Airplay, Sprachsteuerung[2025]",https://www.amazon.de/dp/B07JL1BDWD,85.0,,,,,Amazon,DE,2026-10-01T11:06:48Z,B07JL1BDWD,,,,,
Philips,"PHILIPS Ambilight 43PUS8600 4K QLED Smart TV - 43 Zoll Display mit P5 Perfect Picture Engine Ultra HD, Titan OS, Dolby Vision und Dolby Atmos Sound",https://www.amazon.de/dp/B0F2N4VKN4,43.0,460.38,460.38,EUR,460.38,Amazon,DE,2026-10-01T11:06:48Z,B0F2N4VKN4,,,,,
Philips,"PHILIPS Ambilight 65PUS8600 4K QLED Smart TV - 65 Zoll Display mit P5 Perfect Picture Engine Ultra HD, Titan OS, Dolby Vision und Dolby Atmos Sound",https://www.amazon.de/dp/B0F2N6H1PP,65.0,,,,,Amazon,DE,2026-10-01T11:06:48Z,B0F2N6H1PP,,,,,
