brand_raw,raw_text,url,size_hint_inch,price_hint_eur,price_local,currency,price_eur,platform,country,scraped_at,asin,elkjop_sku,model_year,filter_year,source_brand,fx_rate_date
Samsung,"Samsung Smart TV 43-Inch U7020H Crystal UHD 4K TV, HDR10+, Motion Xcelerator, Dynamic Sound Pack, Gaming Hub, Knox Security, Vision AI Companion [2026]",https://www.amazon.co.uk/dp/B0GWJMJMKV,43.0,301.26,259.0,GBP,301.26,Amazon,GB,2026-08-18T04:51:51Z,B0GWJMJMKV,,,,,2026-07-01
Samsung,"Samsung Smart TV 55-Inch U7020H Crystal UHD 4K TV, HDR10+, Motion Xcelerator, Dynamic Sound Pack, Gaming Hub, Knox Security, Vision AI Companion [2026]",https://www.amazon.co.uk/dp/B0GWJGV816,55.0,405.94,349.0,GBP,405.94,Amazon,GB,2026-08-18T04:51:51Z,B0GWJGV816,,,,,2026-07-01
Samsung,"Samsung Smart TV 50-Inch U7020H Crystal UHD 4K TV, HDR10+, Motion Xcelerator, Dynamic Sound Pack, Gaming Hub, Knox Security, Vision AI Companion [2026]",https://www.amazon.co.uk/dp/B0GWJK91S6,50.0,336.15,289.0,GBP,336.15,Amazon,GB,2026-08-18T04:51:51Z,B0GWJK91S6,,,,,2026-07-01
Samsung,"Samsung Smart TV 43-Inch U8000H Crystal UHD 4K TV, HDR10+, Motion Xcelerator, Dynamic Sound Pack, Gaming Hub, Knox Security, Vision AI Companion [2026]",https://www.amazon.co.uk/dp/B0GYZQ5XDK,43.0,301.26,259.0,GBP,301.26,Amazon,GB,2026-08-18T04:51:51Z,B0GYZQ5XDK,,,,,2026-07-01
Samsung,Samsung 55 Inch Crystal UHD U8020F Smart TV,https://www.amazon.co.uk/dp/B0F6VSSSWX,55.0,378.03,325.0,GBP,378.03,Amazon,GB,2026-08-18T04:51:51Z,B0F6VSSSWX,,,,,2026-07-01
Samsung,"Samsung Smart TV 65-Inch U7020H Crystal UHD 4K TV, HDR10+, Motion Xcelerator, Dynamic Sound Pack, Gaming Hub, Knox Security, Vision AI Companion [2026]",https://www.amazon.co.uk/dp/B0GWJ51X7T,65.0,545.52,469.0,GBP,545.52,Amazon,GB,2026-08-18T04:51:51Z,B0GWJ51X7T,,,,,2026-07-01
Samsung,Samsung 43 Inch Crystal UHD U8020F Smart TV,https://www.amazon.co.uk/dp/B0F6VKMDQS,43.0,,,,,Amazon,GB,2026-08-18T04:51:51Z,B0F6VKMDQS,,,,,
Samsung,Samsung 50 Inch Crystal UHD U8020F Smart TV,https://www.amazon.co.uk/dp/B0F6VTVCW6,50.0,371.05,319.0,GBP,371.05,Amazon,GB,2026-08-18T04:51:51Z,B0F6VTVCW6,,,,,2026-07-01
Samsung,"Samsung Smart TV 50"" Q7F2 QLED 4K TV, Real QLED Certified, Q4 AI Processor, 100% Colour Volume with Quantum Dot, Knox Security, Endless Free Content, Samsung Vision AI [2025] | Real QLED Certified, Q4 AI Processor, 100% Colour Volume with Quantum Dot, Knox Security, Samsung Vision AI",https://www.amazon.co.uk/dp/B0F6NSJWL9,50.0,409.43,352.0,GBP,409.43,Amazon,GB,2026-08-18T04:51:51Z,B0F6NSJWL9,,,,,2026-07-01
Samsung,"Samsung 50"" QLED Q7FA 4K, Q4 AI Processor, 100% Colour Volume with Quantum Dot, Knox Security, Endless Free Content, Samsung Vision AI Smart TV, 2025",https://www.amazon.co.uk/dp/B0F6W2N6H1,50.0,,,,,Amazon,GB,2026-08-18T04:51:51Z,B0F6W2N6H1,,,,,
Samsung,"32"" LED Smart TV - HD Ready, Samsung Tizen OS & Gaming Hub, Black | Apple AirPlay, Alexa & Bixby Voice Control, HDR, Bluetooth, WiFi, 3x HDMI - Perfect for Streaming, Gaming & Entertainment",https://www.amazon.co.uk/dp/B0FH292XF5,32.0,150.02,128.98,GBP,150.02,Amazon,GB,2026-08-18T04:51:51Z,B0FH292XF5,,,,,2026-07-01
Samsung,"Samsung 43"" 4K QN90F, NQ4 AI Gen3 Processor, 4K AI Upscaling Pro, Neo Quantum HDR+, Glare Free, Samsung Vision AI, 2025",https://www.amazon.co.uk/dp/B0DFVNSKS3,43.0,685.1,589.0,GBP,685.1,Amazon,GB,2026-08-18T04:51:51Z,B0DFVNSKS3,,,,,2026-07-01
Samsung,"Samsung 32 Inch, 720p, T4300 LED HDR Smart TV With Contrast Enhancer, Ultra Clean View & Purcolour Image Technology Built-In, HDMI, USB, Easy To Set Up, App Connectivity",https://www.amazon.co.uk/dp/B089RR148Y,32.0,219.84,189.0,GBP,219.84,Amazon,GB,2026-08-18T04:51:51Z,B089RR148Y,,,,,2026-07-01
Samsung,"Samsung 65"" QLED Q7FA 4K, Q4 AI Processor, 100% Colour Volume with Quantum Dot, Knox Security, Endless Free Content, Samsung Vision AI Smart TV, 2025",https://www.amazon.co.uk/dp/B0F6VXNQ6C,65.0,638.57,549.0,GBP,638.57,Amazon,GB,2026-08-18T04:51:51Z,B0F6VXNQ6C,,,,,2026-07-01
Samsung,"Samsung 85"" QLED Q7FA 4K, Q4 AI Processor, 100% Colour Volume with Quantum Dot, Knox Security, Endless Free Content, Samsung Vision AI Smart TV, 2025",https://www.amazon.co.uk/dp/B0F6VFQFVZ,85.0,1161.99,999.0,GBP,1161.99,Amazon,GB,2026-08-18T04:51:51Z,B0F6VFQFVZ,,,,,2026-07-01
Samsung,"Samsung Smart TV 50-Inch U8000H Crystal UHD 4K TV, HDR10+, Motion Xcelerator, Dynamic Sound Pack, Gaming Hub, Knox Security, Vision AI Companion [2026]",https://www.amazon.co.uk/dp/B0GYZN51TT,50.0,359.42,309.0,GBP,359.42,Amazon,GB,2026-08-18T04:51:51Z,B0GYZN51TT,,,,,2026-07-01
Samsung,"Samsung 65"" S90F, NQ4 AI Gen3 Processor, 4K AI Upscaling Pro, OLED HDR+, Motion Xcelerator 144Hz, Samsung Vision AI, 2025",https://www.amazon.co.uk/dp/B0F6VQKK6Q,65.0,1336.47,1149.0,GBP,1336.47,Amazon,GB,2026-08-18T04:51:51Z,B0F6VQKK6Q,,,,,2026-07-01
Samsung,"Samsung 65"" Q7F5 Vision AI 4K Smart TV, Q4 AI Processor, Bixby Voice Assistant, Quantum HDR, Object Tracking Sound Lite, One UI Tizen, 2025",https://www.amazon.co.uk/dp/B0F6VKL1P2,65.0,696.73,599.0,GBP,696.73,Amazon,GB,2026-08-18T04:51:51Z,B0F6VKL1P2,,,,,2026-07-01
Samsung,"Samsung Smart TV 55-Inch S84F 4K OLED Television for Live Football & Home Cinema, OLED HDR, 4K AI Upscaling, Motion Xcelerator 120Hz Gaming TV, Dolby Atmos, Vision AI [2025] [Energy Class G]",https://www.amazon.co.uk/dp/B0G96NWP4X,55.0,847.94,729.0,GBP,847.94,Amazon,GB,2026-08-18T04:51:51Z,B0G96NWP4X,,,,,2026-07-01
Samsung,"Samsung Smart TV 55-Inch U8000H Crystal UHD 4K TV, HDR10+, Motion Xcelerator, Dynamic Sound Pack, Gaming Hub, Knox Security, Vision AI Companion [2026]",https://www.amazon.co.uk/dp/B0GYZYM2DC,55.0,440.84,379.0,GBP,440.84,Amazon,GB,2026-08-18T04:51:51Z,B0GYZYM2DC,,,,,2026-07-01
Samsung,Samsung 55 Inch QLED Q7F2 AI Smart TV,https://www.amazon.co.uk/dp/B0F6NMYGZ5,55.0,453.62,389.99,GBP,453.62,Amazon,GB,2026-08-18T04:51:51Z,B0F6NMYGZ5,,,,,2026-07-01
Hisense,"Hisense 55"" 55E6QTUK 4K Ultra HD Smart AI TV - Hi-View AI Engine, precision colour, AI smooth motion, sports mode with Freely, Disney+, YouTube, Netflix",https://www.amazon.co.uk/dp/B0F7WQ6P7Y,55.0,371.05,319.0,GBP,371.05,Amazon,GB,2026-08-18T04:51:51Z,B0F7WQ6P7Y,,,,,2026-07-01
Samsung,"Samsung Smart TV 32-Inch LS03C The Frame Television for Live Football & Home Cinema, With Object Tracking Sound Lite, Tizen OS & Gaming Hub, QLED Technology, Matte Display [2025]",https://www.amazon.co.uk/dp/B0C2VJ1QR5,32.0,376.85,323.99,GBP,376.85,Amazon,GB,2026-08-18T04:51:51Z,B0C2VJ1QR5,,,,,2026-07-01
Samsung,"Samsung Smart TV 43-Inch QN70H Neo QLED 4K Quantum Mini LED, HDR 10+, Motion Xcelerator, Adpative Sound+, Gaming Hub, Knox Security, Voice Control with AI(VAC), Alexa Built-in [2026]",https://www.amazon.co.uk/dp/B0GYZ7Z8B5,43.0,638.57,549.0,GBP,638.57,Amazon,GB,2026-08-18T04:51:51Z,B0GYZ7Z8B5,,,,,2026-07-01
Samsung,Samsung 65 Inch Crystal UHD U8020F Smart TV,https://www.amazon.co.uk/dp/B0F6VQS959,65.0,545.52,469.0,GBP,545.52,Amazon,GB,2026-08-18T04:51:51Z,B0F6VQS959,,,,,2026-07-01
Samsung,"Samsung Smart TV 55-Inch S83H 4K OLED, Premium 120Hz Gaming TV with AI Upscaling, OLED HDR, Vision AI Companion, Object Tracking Sound Lite & Alexa Built-in [2026]",https://www.amazon.co.uk/dp/B0GYZKRK7N,55.0,1627.26,1399.0,GBP,1627.26,Amazon,GB,2026-08-18T04:51:51Z,B0GYZKRK7N,,,,,2026-07-01
LG,LG 43LR60006LA 43-Inch FHD Smart TV (alpha 5 AI Processor Gen6,https://www.amazon.co.uk/dp/B0FR5HDG5Q,43.0,208.2,179.0,GBP,208.2,Amazon,GB,2026-08-18T04:51:51Z,B0FR5HDG5Q,,,,,2026-07-01
Samsung,"Samsung Smart TV Q5F 32-Inch, QLED Full HD, Quantum Dot Colour, HDR, Contrast Enhancer, Tizen OS, Gaming Hub, Slim Look Design, [2026]",https://www.amazon.co.uk/dp/B0GYZ8D9HC,32.0,382.68,329.0,GBP,382.68,Amazon,GB,2026-08-18T04:51:51Z,B0GYZ8D9HC,,,,,2026-07-01
Samsung,"Samsung 55"" QLED Q7FA 4K, Q4 AI Processor, 100% Colour Volume with Quantum Dot, Knox Security, Endless Free Content, Samsung Vision AI Smart TV, 2025",https://www.amazon.co.uk/dp/B0F6VR94Y4,55.0,,,,,Amazon,GB,2026-08-18T04:51:51Z,B0F6VR94Y4,,,,,
Samsung,"Samsung Smart TV 43"" Q7FA QLED 4K TV, Real QLED Certified, Q4 AI Processor, 100% Colour Volume with Quantum Dot, Knox Security, Endless Free Content, Samsung Vision AI [2025]",https://www.amazon.co.uk/dp/B0F6VTV71J,43.0,,,,,Amazon,GB,2026-08-18T04:51:51Z,B0F6VTV71J,,,,,
Samsung,Samsung 32 Inch HD H5000 Smart TV,https://www.amazon.co.uk/dp/B0F6VMCYRW,32.0,,,,,Amazon,GB,2026-08-18T04:51:51Z,B0F6VMCYRW,,,,,
Samsung,"Samsung Smart TV M1EH 43-Inch, 4K Mini LED, Vision AI Companion, Mini LED HDR, Motion Xcelerator 120Hz, Dynamic Sound Pack, Gaming Hub [2026]",https://www.amazon.co.uk/dp/B0GYZ3H27Q,43.0,382.68,329.0,GBP,382.68,Amazon,GB,2026-08-18T04:51:51Z,B0GYZ3H27Q,,,,,2026-07-01
Samsung,"Samsung 55"" 4K QN80F, NQ4 AI Gen2 Processor, 4K AI Upscaling, Quantum Matrix Technology Core, OTS Lite, Samsung Vision AI,...",https://www.amazon.co.uk/dp/B0DF6Q5TFX,55.0,731.63,629.0,GBP,731.63,Amazon,GB,2026-08-18T04:51:51Z,B0DF6Q5TFX,,,,,2026-07-01
Samsung,"Samsung TV 24"" LED FHD 4K SmartTV TU24F6005FKXXC [Country Version French, Spanish, Portuguese]...[Country Version French, Spanish, Portuguese]",https://www.amazon.co.uk/dp/B0F22BB8VV,24.0,261.0,224.39,GBP,261.0,Amazon,GB,2026-08-18T04:51:51Z,B0F22BB8VV,,,,,2026-07-01
Xiaomi,"XIAOMI TV F 32, 32 Inch (81 cm), HD, Smart TV, Fire TV, Dolby Audio™, DTS Virtual:X S Alexa Voice Control, Works with Apple AirPlay, [Model Year] | DTS Virtual:X, Alexa, DTS-HD, Voice Control, Works with Apple AirPlay",https://www.amazon.co.uk/dp/B0FCXRJ6V5,32.0,126.78,109.0,GBP,126.78,Amazon,GB,2026-08-18T04:51:51Z,B0FCXRJ6V5,,,,,2026-07-01
Samsung,"Samsung UE32T4300AEX 32"" Smart HD Ready TV, 2023",https://www.amazon.co.uk/dp/B0BYR6BBVR,32.0,219.84,189.0,GBP,219.84,Amazon,GB,2026-08-18T04:51:51Z,B0BYR6BBVR,,,,,2026-07-01
Samsung,"Samsung Smart TV 75-Inch U7020H Crystal UHD 4K TV, HDR10+, Motion Xcelerator, Dynamic Sound Pack, Gaming Hub, Knox Security, Vision AI Companion [2026]",https://www.amazon.co.uk/dp/B0GWJBLG6Q,75.0,731.63,629.0,GBP,731.63,Amazon,GB,2026-08-18T04:51:51Z,B0GWJBLG6Q,,,,,2026-07-01
LG,"LG 43QNED70A6A 43-Inch 4K UHD Smart TV (α7 AI Processor, Amazon Alexa, 60Hz) [Model 2025]",https://www.amazon.co.uk/dp/B0FDR8BQMX,43.0,289.51,248.9,GBP,289.51,Amazon,GB,2026-08-18T04:51:51Z,B0FDR8BQMX,,,,,2026-07-01
Samsung,"Samsung 32-Inch Class Full HD F6000 Smart TV (2025 Model) HDR, Object Tracking Sound Lite, Knox Security, One UI Tizen, Sm...",https://www.amazon.co.uk/dp/B0DXN3T1GD,32.0,,,,,Amazon,GB,2026-08-18T04:51:51Z,B0DXN3T1GD,,,,,
Samsung,"Samsung 50 Inch CU7100 UHD HDR Smart TV (2023) - 4K Crystal Processor, Adaptive Sound Audio, PurColour, Built In Gaming TV Hub, Smart TV Streaming (Renewed)",https://www.amazon.co.uk/dp/B0C78G7MC2,50.0,295.43,253.99,GBP,295.43,Amazon,GB,2026-08-18T04:51:51Z,B0C78G7MC2,,,,,2026-07-01
Samsung,"Samsung QLED Q7F 50"" 4K Smart TV with AI Vision, 100% Color Volume with Quantum Dot, HDR10+, Q4 AI Processor, One UI Tizen, Wi-Fi, Bluetooth 5.3 and Motion Xcelerator",https://www.amazon.co.uk/dp/B0FFSVPJ7Y,50.0,,,,,Amazon,GB,2026-08-18T04:51:51Z,B0FFSVPJ7Y,,,,,
Samsung,"Samsung Neo QLED 4K QN70F 55"" Mini LED TV NQ4 AI Gen2 Quantum Matrix Technology Slim, Motion Xcelerator 144Hz, AirSlim, Samsung Vision, AI Smart TV",https://www.amazon.co.uk/dp/B0FM8TDCTT,55.0,615.31,529.0,GBP,615.31,Amazon,GB,2026-08-18T04:51:51Z,B0FM8TDCTT,,,,,2026-07-01
Samsung,"Samsung Smart TV 43-Inch Mini LED M72H 4K, UHD TV, Mini LED HDR, Motion Xcelerator, Dynamic Sound Pack, AI Companion for questions [2026]",https://www.amazon.co.uk/dp/B0GYZ7Q2ZH,43.0,405.94,349.0,GBP,405.94,Amazon,GB,2026-08-18T04:51:51Z,B0GYZ7Q2ZH,,,,,2026-07-01
Samsung,Samsung QE65Q60C 65 inch Smart 4K HDR QLED TV,https://www.amazon.co.uk/dp/B0BX76B4V8,65.0,564.12,484.99,GBP,564.12,Amazon,GB,2026-08-18T04:51:51Z,B0BX76B4V8,,,,,2026-07-01
Samsung,"Samsung Smart TV 75-Inch U8000H Crystal UHD 4K TV, HDR10+, Motion Xcelerator, Dynamic Sound Pack, Gaming Hub, Knox Security, Vision AI Companion [2026]",https://www.amazon.co.uk/dp/B0GYZ9KWHQ,75.0,789.78,679.0,GBP,789.78,Amazon,GB,2026-08-18T04:51:51Z,B0GYZ9KWHQ,,,,,2026-07-01
Samsung,Samsung T5300 32 Inch Full HD HDR Smart LED TV,https://www.amazon.co.uk/dp/B09HR4STPF,32.0,243.1,209.0,GBP,243.1,Amazon,GB,2026-08-18T04:51:51Z,B09HR4STPF,,,,,2026-07-01
Samsung,"Samsung Smart TV 85-Inch U7020H Crystal UHD 4K TV, HDR10+, Motion Xcelerator, Dynamic Sound Pack, Gaming Hub, Knox Security, Vision AI Companion [2026]",https://www.amazon.co.uk/dp/B0GWJ1FDDH,85.0,1103.83,949.0,GBP,1103.83,Amazon,GB,2026-08-18T04:51:51Z,B0GWJ1FDDH,,,,,2026-07-01
Samsung,"Samsung Smart TV 55-Inch QN70H Neo QLED 4K Quantum Mini LED, HDR 10+, Motion Xcelerator, Adpative Sound+, Gaming Hub, Knox Security, Voice Control with AI(VAC), Alexa Built-in [2026]",https://www.amazon.co.uk/dp/B0GYZV6H3Y,55.0,987.52,849.0,GBP,987.52,Amazon,GB,2026-08-18T04:51:51Z,B0GYZV6H3Y,,,,,2026-07-01
Samsung,"Samsung Smart TV 50-Inch QN70H Neo QLED 4K Quantum Mini LED, HDR 10+, Motion Xcelerator, Adpative Sound+, Gaming Hub, Knox Security, Voice Control with AI(VAC), Alexa Built-in [2026]",https://www.amazon.co.uk/dp/B0GYZN5YMJ,50.0,871.2,749.0,GBP,871.2,Amazon,GB,2026-08-18T04:51:51Z,B0GYZN5YMJ,,,,,2026-07-01
Samsung,"Samsung Smart TV 65-Inch S95H OLED 4K, Glare-Free, HDR 10+, Motion Xcelerator 165Hz, Dolby Atmos, Gaming Hub, FreeSync Premium Pro, G-Sync, Voice Control with AI(VAC), Alexa Built-in [2026]",https://www.amazon.co.uk/dp/B0GYZLHJSW,65.0,3139.36,2699.0,GBP,3139.36,Amazon,GB,2026-08-18T04:51:51Z,B0GYZLHJSW,,,,,2026-07-01
Samsung,"Samsung Smart TV 98-Inch U9000H Crystal UHD 4K, HDR 10+, Vision AI Companion, Motion Xcelerator 144Hz, Adaptive Sound+, Gaming Hub, FreeSync Premium [2026]",https://www.amazon.co.uk/dp/B0GYZVJVNF,98.0,1976.2,1699.0,GBP,1976.2,Amazon,GB,2026-08-18T04:51:51Z,B0GYZVJVNF,,,,,2026-07-01
Samsung,"Samsung Smart TV 65-Inch U8000H Crystal UHD 4K TV, HDR10+, Motion Xcelerator, Dynamic Sound Pack, Gaming Hub, Knox Security, Vision AI Companion [2026]",https://www.amazon.co.uk/dp/B0GYZQXH2Y,65.0,580.41,499.0,GBP,580.41,Amazon,GB,2026-08-18T04:51:51Z,B0GYZQXH2Y,,,,,2026-07-01
Samsung,"Samsung Smart TV 65-Inch QN70H Neo QLED 4K Quantum Mini LED, HDR 10+, Motion Xcelerator, Adpative Sound+, Gaming Hub, Knox Security, Voice Control with AI(VAC), Alexa Built-in [2026]",https://www.amazon.co.uk/dp/B0GYZKS4MB,65.0,1161.99,999.0,GBP,1161.99,Amazon,GB,2026-08-18T04:51:51Z,B0GYZKS4MB,,,,,2026-07-01
Samsung,Samsung QE55Q60C 55 inch QLED 4K Ultra HD HDR Smart TV,https://www.amazon.co.uk/dp/B0D1VRDRBH,55.0,395.46,339.99,GBP,395.46,Amazon,GB,2026-08-18T04:51:51Z,B0D1VRDRBH,,,,,2026-07-01
Samsung,"Samsung Smart TV QN1EH 65-Inch, Neo QLED 4K, Glare-Free, NQ HDR, Motion Xcelerator, Object Tracking Sound Lite with Gaming Hub and Vision AI Companion, & Alexa Built-in [2026]",https://www.amazon.co.uk/dp/B0GYZ7V6SB,65.0,1278.31,1099.0,GBP,1278.31,Amazon,GB,2026-08-18T04:51:51Z,B0GYZ7V6SB,,,,,2026-07-01
Samsung,"Samsung Smart TV 65-Inch Mini LED M70H 4K, UHD TV, Mini LED HDR, Motion Xcelerator 144Hz, Dynamic Sound Pack, AI Companion for questions [2026]",https://www.amazon.co.uk/dp/B0GYZP78W9,65.0,719.99,619.0,GBP,719.99,Amazon,GB,2026-08-18T04:51:51Z,B0GYZP78W9,,,,,2026-07-01
Samsung,"Samsung 55"" 4K QN85F, NQ4 AI Gen2 Processor, 4K AI Upscaling, Neo Quantum HDR+, Glare Free, Samsung Vision AI, 2025",https://www.amazon.co.uk/dp/B0F6VD73DY,55.0,871.2,749.0,GBP,871.2,Amazon,GB,2026-08-18T04:51:51Z,B0F6VD73DY,,,,,2026-07-01
Samsung,"Samsung Smart TV 50-Inch QN80H Neo QLED 4K, Quantum Mini LED, NQ HDR+, Motion Xcelerator, Dolby Atmos & OTS Lite, Gaming Hub, Knox Security, Vision AI Companion, Alexa Built-in [2026]",https://www.amazon.co.uk/dp/B0GYZPLTHG,50.0,871.2,749.0,GBP,871.2,Amazon,GB,2026-08-18T04:51:51Z,B0GYZPLTHG,,,,,2026-07-01
Samsung,"Samsung QES90F 42"" 4K Ultra HD OLED HDR Smart TV - QE42S90F",https://www.amazon.co.uk/dp/B0FNRXK2HX,42.0,801.41,689.0,GBP,801.41,Amazon,GB,2026-08-18T04:51:51Z,B0FNRXK2HX,,,,,2026-07-01
Samsung,"Samsung QLED Q7F 4K 55"" Smart TV with AI Vision, 100% Color Volume with Quantum Dot, HDR10+, Q4 AI Processor, One UI Tizen, Wi-Fi, Bluetooth 5.3 and Motion Xcelerator",https://www.amazon.co.uk/dp/B0FM8SY9ZK,55.0,,,,,Amazon,GB,2026-08-18T04:51:51Z,B0FM8SY9ZK,,,,,
TCL,"TCL 32SF560-UK 32"" Full HD QLED Direct LED Smart TV with Fire TV, Alexa Voice Control, Vivid Colour & Enhanced Brightness",https://www.amazon.co.uk/dp/B0F9PP6BKT,32.0,160.52,138.0,GBP,160.52,Amazon,GB,2026-08-18T04:51:51Z,B0F9PP6BKT,,,,,2026-07-01
Samsung,"Samsung 55QN70F Neo QLED Smart TV, Mini LED, 138 cm, 4K Ultra HD (2025)",https://www.amazon.co.uk/dp/B0F9X28L93,55.0,615.31,529.0,GBP,615.31,Amazon,GB,2026-08-18T04:51:51Z,B0F9X28L93,,,,,2026-07-01
Samsung,Samsung OLED 55 Inch S93F AI Smart TV,https://www.amazon.co.uk/dp/B0F6VX3S9N,55.0,1150.36,989.0,GBP,1150.36,Amazon,GB,2026-08-18T04:51:51Z,B0F6VX3S9N,,,,,2026-07-01
Samsung,Samsung 43 Inch Neo QLED 4K with Mini LED QN93F Glare Free AI Smart TV,https://www.amazon.co.uk/dp/B0DFVW7D2G,43.0,813.05,699.0,GBP,813.05,Amazon,GB,2026-08-18T04:51:51Z,B0DFVW7D2G,,,,,2026-07-01
Samsung,"Samsung 65"" 4K QN70F, NQ4 AI Gen2 Processor, 4K AI Upscaling, Quantum Matrix Technology Slim, OTS Lite, Samsung Vision AI,...",https://www.amazon.co.uk/dp/B0DF989T6J,65.0,,,,,Amazon,GB,2026-08-18T04:51:51Z,B0DF989T6J,,,,,
Samsung,"Samsung Smart TV 27-Inch The Movingstyle QHD Portable Television for Live Football & Home Cinema, Touch Screen, Built-in Battery, 120Hz Gaming TV, HDR10+, Dolby Atmos [2025]",https://www.amazon.co.uk/dp/B0G98STGYR,27.0,1161.99,999.0,GBP,1161.99,Amazon,GB,2026-08-18T04:51:51Z,B0G98STGYR,,,,,2026-07-01
Samsung,"Samsung Smart TV 85-Inch U8000H Crystal UHD 4K TV, HDR10+, Motion Xcelerator, Dynamic Sound Pack, Gaming Hub, Knox Security, Vision AI Companion [2026]",https://www.amazon.co.uk/dp/B0GYZ6M35S,85.0,1161.99,999.0,GBP,1161.99,Amazon,GB,2026-08-18T04:51:51Z,B0GYZ6M35S,,,,,2026-07-01
Samsung,"Samsung Smart TV 65-Inch LS03HA The Frame, 4K QLED, Glare-Free, HDR 10+, Motion Xcelerator 144Hz, Dolby Atmos, Gaming Hub, FreeSync Premium, Art Mode, Voice Control with AI(VAC), Alexa Built-in [2026]",https://www.amazon.co.uk/dp/B0GYZKDCW5,65.0,2092.52,1799.0,GBP,2092.52,Amazon,GB,2026-08-18T04:51:51Z,B0GYZKDCW5,,,,,2026-07-01
Samsung,"Samsung QE77S91FAEXXU 77"" S91F 4K OLED HDR+ WIFI & Bluetooth enabled Motion Xcelerator 144Hz 4 HDMI, 2 USB, Vision AI Smart TV - Alexa Voice Assistant",https://www.amazon.co.uk/dp/B0GH1RR8CB,77.0,2208.83,1899.0,GBP,2208.83,Amazon,GB,2026-08-18T04:51:51Z,B0GH1RR8CB,,,,,2026-07-01
Samsung,"Samsung Smart TV 55 Inch U8020H Crystal UHD 4K TV, HDR10+, Motion Xcelerator, Dynamic Sound Pack, Gaming Hub, Knox Security, Vision AI Companion [2026]",https://www.amazon.co.uk/dp/B0GYZ7TSXS,55.0,440.84,379.0,GBP,440.84,Amazon,GB,2026-08-18T04:51:51Z,B0GYZ7TSXS,,,,,2026-07-01
Samsung,"Samsung Smart TV 55-Inch LS03HA The Frame, 4K QLED, Glare-Free, HDR 10+, Motion Xcelerator 144Hz, Dolby Atmos, Gaming Hub, FreeSync Premium, Art Mode, Voice Control with AI(VAC), Alexa Built-in [2026]",https://www.amazon.co.uk/dp/B0GYZH2TQB,55.0,1627.26,1399.0,GBP,1627.26,Amazon,GB,2026-08-18T04:51:51Z,B0GYZH2TQB,,,,,2026-07-01
Samsung,"Samsung Q7F 43"" 4K Ultra HD QLED Smart TV",https://www.amazon.co.uk/dp/B0FM3ZTMKS,43.0,,,,,Amazon,GB,2026-08-18T04:51:51Z,B0FM3ZTMKS,,,,,
Samsung,"Samsung Smart TV 50-Inch Mini LED M72H 4K, UHD TV, Mini LED HDR, Motion Xcelerator, Dynamic Sound Pack, AI Companion for questions [2026]",https://www.amazon.co.uk/dp/B0GYZH5DGQ,50.0,498.99,429.0,GBP,498.99,Amazon,GB,2026-08-18T04:51:51Z,B0GYZH5DGQ,,,,,2026-07-01
Samsung,"Samsung Smart TV 43-Inch LS03HE The Frame, 4K QLED Glare Free, HDR 10+, Motion Xcelerator 144Hz, Dolby Atmos, Gaming Hub, FreeSync Premium, Art Mode, VAC, Alexa Built-in [2026]",https://www.amazon.co.uk/dp/B0GYYR5P7N,43.0,1045.68,899.0,GBP,1045.68,Amazon,GB,2026-08-18T04:51:51Z,B0GYYR5P7N,,,,,2026-07-01
Samsung,"Samsung Smart TV 55-Inch Mini LED M72H 4K, UHD TV, Mini LED HDR, Motion Xcelerator, Dynamic Sound Pack, AI Companion for questions [2026]",https://www.amazon.co.uk/dp/B0GYZ9QXZZ,55.0,557.15,479.0,GBP,557.15,Amazon,GB,2026-08-18T04:51:51Z,B0GYZ9QXZZ,,,,,2026-07-01
Samsung,"Samsung UE32T4300AK 81,3 cm (32"") HD Smart TV Wi-Fi Nero",https://www.amazon.co.uk/dp/B08V1XJC1G,32.0,219.84,189.0,GBP,219.84,Amazon,GB,2026-08-18T04:51:51Z,B08V1XJC1G,,,,,2026-07-01
Samsung,"Samsung 75"" Neo QLED QN1EF 4K, NQ4 AI Processor, Quantum Matrix Technology, Vision AI Smart TV, 2025",https://www.amazon.co.uk/dp/B0F6VKGXV8,75.0,1336.47,1149.0,GBP,1336.47,Amazon,GB,2026-08-18T04:51:51Z,B0F6VKGXV8,,,,,2026-07-01
Samsung,"Samsung 50"" The Frame LS03FA, NQ4 AI Gen2 Processor, QLED, Matte Display, Modern Frame Design & Art Mode, Samsung Vision A...",https://www.amazon.co.uk/dp/B0F5WXCBK1,50.0,731.63,629.0,GBP,731.63,Amazon,GB,2026-08-18T04:51:51Z,B0F5WXCBK1,,,,,2026-07-01
Samsung,"Samsung 43"" Q8F, Q4 Ai Processor, Quantum HDR+, Motion Xcelerator, Air Slim Design, Samsung Vision AI, 2025",https://www.amazon.co.uk/dp/B0F6VKLHR6,43.0,439.64,377.97,GBP,439.64,Amazon,GB,2026-08-18T04:51:51Z,B0F6VKLHR6,,,,,2026-07-01
Samsung,"Samsung 55"" S95F, NQ4 AI Gen3 Processor, 4K AI Upscaling,OLED HDR Pro, Motion Xcelerator 165Hz, Samsung Vision AI, 2025",https://www.amazon.co.uk/dp/B0F6TQKN1T,55.0,1592.36,1369.0,GBP,1592.36,Amazon,GB,2026-08-18T04:51:51Z,B0F6TQKN1T,,,,,2026-07-01
Samsung,"Samsung Smart TV 85-Inch QN70H Neo QLED 4K Quantum Mini LED, HDR 10+, Motion Xcelerator, Adpative Sound+, Gaming Hub, Knox Security, Voice Control with AI(VAC), Alexa Built-in [2026]",https://www.amazon.co.uk/dp/B0GYZMQPFY,85.0,2441.46,2099.0,GBP,2441.46,Amazon,GB,2026-08-18T04:51:51Z,B0GYZMQPFY,,,,,2026-07-01
Samsung,"Samsung Smart TV 48 Inch S90H OLED 4K, Glare-Free, HDR10+, Motion Xcelerator 165Hz, Dolby Atmos & OTS Lite, Gaming Hub, FreeSync Premium Pro, Knox Security, AI Voice Control, Alexa Built-in [2026]",https://www.amazon.co.uk/dp/B0GYYXSMD3,48.0,1510.94,1299.0,GBP,1510.94,Amazon,GB,2026-08-18T04:51:51Z,B0GYYXSMD3,,,,,2026-07-01
Samsung,"Samsung Smart TV M1EH 65-Inch, 4K Mini LED, Vision AI Companion, Mini LED HDR, Motion Xcelerator 120Hz, Dynamic Sound Pack, Gaming Hub [2026]",https://www.amazon.co.uk/dp/B0GYZ8PPP8,65.0,673.47,579.0,GBP,673.47,Amazon,GB,2026-08-18T04:51:51Z,B0GYZ8PPP8,,,,,2026-07-01
Samsung,Samsung 75 Inch Neo QLED 8K with Mini LED QN900F Glare Free AI Smart TV,https://www.amazon.co.uk/dp/B0F6VRPG67,75.0,2674.1,2299.0,GBP,2674.1,Amazon,GB,2026-08-18T04:51:51Z,B0F6VRPG67,,,,,2026-07-01
Samsung,"Samsung DU7110 55"" Crystal UHD SmartTV, With Crystal Processor 4K, PurColour, Object Tracking Sound Lite, Gaming Hub, Smart TV powered by Tizen, UE55DU7110KXXU, English Model (2024)",https://www.amazon.co.uk/dp/B0CYC4YY4F,55.0,383.84,330.0,GBP,383.84,Amazon,GB,2026-08-18T04:51:51Z,B0CYC4YY4F,,,,,2026-07-01
Samsung,"Samsung Crystal UHD 85"" U7000F, Crystal Processor 4k, 4k Upscaling, Object Tracking Sound Lite, One UI Tizen, Smart TV, 2025",https://www.amazon.co.uk/dp/B0F6VKCKT3,85.0,,,,,Amazon,GB,2026-08-18T04:51:51Z,B0F6VKCKT3,,,,,
Samsung,"Samsung Smart TV 65-Inch U7000H Crystal UHD 4K TV, HDR10+, Motion Xcelerator, Dynamic Sound Pack, Gaming Hub, Knox Security, Vision AI Companion [2026]",https://www.amazon.co.uk/dp/B0GZ342L5C,65.0,545.52,469.0,GBP,545.52,Amazon,GB,2026-08-18T04:51:51Z,B0GZ342L5C,,,,,2026-07-01
Samsung,"Samsung Series 4 UE32T4302AE 81,3 cm (32"") HD Smart TV Wifi Noir",https://www.amazon.co.uk/dp/B0C277D7N8,32.0,215.18,185.0,GBP,215.18,Amazon,GB,2026-08-18T04:51:51Z,B0C277D7N8,,,,,2026-07-01
Samsung,"Samsung The Sero 2023 43LS05B 43"" Smart TV with Matte Screen, First Vertical TV, Quantum Dot Technology, Powerful Sound System and SolarCell Remote",https://www.amazon.co.uk/dp/B0BS72KJ1K,43.0,5116.72,4399.0,GBP,5116.72,Amazon,GB,2026-08-18T04:51:51Z,B0BS72KJ1K,,,,,2026-07-01
Samsung,SAMSUNG QLED TV 50 Inch QE50Q60CAU,https://www.amazon.co.uk/dp/B0C2777WL7,50.0,,,,,Amazon,GB,2026-08-18T04:51:51Z,B0C2777WL7,,,,,
Samsung,"Samsung Smart TV QN1EH 85-Inch, Neo QLED 4K, Glare-Free, NQ HDR, Motion Xcelerator, Object Tracking Sound Lite with Gaming Hub and Vision AI Companion, & Alexa Built-in [2026]",https://www.amazon.co.uk/dp/B0GYZPTN4Y,85.0,2557.78,2199.0,GBP,2557.78,Amazon,GB,2026-08-18T04:51:51Z,B0GYZPTN4Y,,,,,2026-07-01
Samsung,"Samsung Smart TV 75-Inch QN70H Neo QLED 4K Quantum Mini LED, HDR 10+, Motion Xcelerator, Adpative Sound+, Gaming Hub, Knox Security, Voice Control with AI(VAC), Alexa Built-in [2026]",https://www.amazon.co.uk/dp/B0GYZNNGNV,75.0,1859.89,1599.0,GBP,1859.89,Amazon,GB,2026-08-18T04:51:51Z,B0GYZNNGNV,,,,,2026-07-01
Samsung,"Samsung 55 Inch AU7020 UHD HDR 4K Smart TV (2023) - Crystal UHD 4K Smart TV With HDR Picture, Adaptive Sound Lite, PurColour Colour Technology & Q-Symphony Sound - Compatible With Alexa",https://www.amazon.co.uk/dp/B0CH3JJN66,55.0,405.94,349.0,GBP,405.94,Amazon,GB,2026-08-18T04:51:51Z,B0CH3JJN66,,,,,2026-07-01
Samsung,"Samsung Smart TV 65-Inch LS03HW The Frame Pro, 4K Neo QLED, Art Mode, Modern Frame Design, Glare Free, HDR10+, Motion Xcelerator 144Hz, Dolby Atmos, Vision AI Companion, Alexa [2026]",https://www.amazon.co.uk/dp/B0GYZRF1HD,65.0,2092.52,1799.0,GBP,2092.52,Amazon,GB,2026-08-18T04:51:51Z,B0GYZRF1HD,,,,,2026-07-01
Samsung,"SAMSUNG 2023 55S90C OLED Smart TV 55"" OLED Quantum HDR 1500, Quantum 4K Processor with AI, Dolby Atmos and Motion Xcelerat...",https://www.amazon.co.uk/dp/B0BRJDFGYY,55.0,2092.52,1799.0,GBP,2092.52,Amazon,GB,2026-08-18T04:51:51Z,B0BRJDFGYY,,,,,2026-07-01
Samsung,"Samsung UE65RU7105 2019 65"" Smart TV with 4K UHD Resolution, Ultra Dimming, HDR (HDR10+), 4K Processor, One Remote Experience, Apple TV and Alexa Compatible",https://www.amazon.co.uk/dp/B07PMS9NG9,65.0,3230.08,2777.0,GBP,3230.08,Amazon,GB,2026-08-18T04:51:51Z,B07PMS9NG9,,,,,2026-07-01
Samsung,Samsung The Frame 50 Inch (2025) 4K Smart TV - TQ50LS03FAUXXC [Spanish version],https://www.amazon.co.uk/dp/B0F225B9KJ,50.0,786.29,676.0,GBP,786.29,Amazon,GB,2026-08-18T04:51:51Z,B0F225B9KJ,,,,,2026-07-01
Samsung,"Samsung HG32CF800EU HCF8000 Series - 32"" LED-backlit LCD TV - QLED - Full HD - for hotel/hospitality",https://www.amazon.co.uk/dp/B0FVLL714C,32.0,413.56,355.55,GBP,413.56,Amazon,GB,2026-08-18T04:51:51Z,B0FVLL714C,,,,,2026-07-01
Samsung,Samsung QE32LS03C 32-inch QLED TV The Frame,https://www.amazon.co.uk/dp/B0BWFPKGMZ,32.0,371.04,318.99,GBP,371.04,Amazon,GB,2026-08-18T04:51:51Z,B0BWFPKGMZ,,,,,2026-07-01
Samsung,"Samsung Series 9 DU9000 98"" 4K Ultra HD Smart TV",https://www.amazon.co.uk/dp/B0D1YJ8BGQ,98.0,1743.57,1499.0,GBP,1743.57,Amazon,GB,2026-08-18T04:51:51Z,B0D1YJ8BGQ,,,,,2026-07-01
Samsung,"Samsung QE83S91FAEXXU 83"" S91F 4K OLED HDR+ WIFI & Bluetooth enabled Motion Xcelerator 144Hz 4 HDMI, 2 USB, Vision AI Smart TV - Alexa Voice Assistant",https://www.amazon.co.uk/dp/B0GH17C5JS,83.0,2790.41,2399.0,GBP,2790.41,Amazon,GB,2026-08-18T04:51:51Z,B0GH17C5JS,,,,,2026-07-01
Hisense,"Hisense 50"" 50E78QTUK PRO 144Hz QLED Smart AI TV - Hi-View AI Engine, 144Hz Game Mode PRO, Dolby Atmos, Quantum Dot Colour with Freely, Disney +, YouTube, Netflix",https://www.amazon.co.uk/dp/B0F7WKP6XN,50.0,429.2,369.0,GBP,429.2,Amazon,GB,2026-08-18T04:51:51Z,B0F7WKP6XN,,,,,2026-07-01
Samsung,Samsung The Frame Pro 75 Inch TV (2025) QLED 4K UHD - TQ75LS03FWUXXC [Spanish version],https://www.amazon.co.uk/dp/B0F228V6ML,75.0,3872.15,3329.0,GBP,3872.15,Amazon,GB,2026-08-18T04:51:51Z,B0F228V6ML,,,,,2026-07-01
Samsung,Samsung 85 Inch Neo QLED 8K with Mini LED QN990F Glare Free AI Smart TV,https://www.amazon.co.uk/dp/B0F6VRGFXV,85.0,4651.46,3999.0,GBP,4651.46,Amazon,GB,2026-08-18T04:51:51Z,B0F6VRGFXV,,,,,2026-07-01
Samsung,Samsung QN32LS03CBFXZA 32 Inch The Frame QLED Smart TV with Art Mode and 2 Year Amber Protection Plan (2023),https://www.amazon.co.uk/dp/B0D4SSM4V1,32.0,382.68,329.0,GBP,382.68,Amazon,GB,2026-08-18T04:51:51Z,B0D4SSM4V1,,,,,2026-07-01
Samsung,"Samsung QLED TV 2023 98Q80C 98"" Smart TV, Direct Full Array, Quantum HDR 1500, 60W with Dolby Atmos, 4K QLED Processor and Motion Xcelerator Turbo+",https://www.amazon.co.uk/dp/B0BVG8GYC8,98.0,6905.99,5937.29,GBP,6905.99,Amazon,GB,2026-08-18T04:51:51Z,B0BVG8GYC8,,,,,2026-07-01
Samsung,"Smart TV Samsung QE55Q60T 55"" 4K Ultra HD QLED WiFi Zwart",https://www.amazon.co.uk/dp/B083QXCKY5,55.0,1908.74,1641.0,GBP,1908.74,Amazon,GB,2026-08-18T04:51:51Z,B083QXCKY5,,,,,2026-07-01
Samsung,"Samsung Smart TV QN1EH 55-Inch, Neo QLED 4K, Glare-Free, NQ HDR, Motion Xcelerator, Object Tracking Sound Lite with Gaming Hub and Vision AI Companion, & Alexa Built-in [2026]",https://www.amazon.co.uk/dp/B0GYZBDF12,55.0,929.36,799.0,GBP,929.36,Amazon,GB,2026-08-18T04:51:51Z,B0GYZBDF12,,,,,2026-07-01
Samsung,"Samsung TV The Frame 55"" (2025) 4K Smart TV - TQ55LS03FAUXXC [Country Version French, Spanish, Portuguese]...[Country version French, Spanish, Portuguese]",https://www.amazon.co.uk/dp/B0F2295TXB,55.0,929.36,799.0,GBP,929.36,Amazon,GB,2026-08-18T04:51:51Z,B0F2295TXB,,,,,2026-07-01
Samsung,SAMSUNG 50Q80D - QLED 50 TV (127cm) - 4K UHD 3840x2160 - HDR+ - Smart TV - Gaming Hub - 4xHDMI - WiFi,https://www.amazon.co.uk/dp/B0CSKKKXBZ,50.0,922.14,792.79,GBP,922.14,Amazon,GB,2026-08-18T04:51:51Z,B0CSKKKXBZ,,,,,2026-07-01
Samsung,"Samsung LT24E310EX 23"" HD ready Black LED TV - LED TVs (HD ready, A, 16:9, Mega Contrast, Black, 1366 x 768 pixels)",https://www.amazon.co.uk/dp/B00ZC8J56U,23.0,875.86,753.0,GBP,875.86,Amazon,GB,2026-08-18T04:51:51Z,B00ZC8J56U,,,,,2026-07-01
Samsung,"Samsung Smart TV 65-Inch R85H Micro RGB 4K, HDR+, Motion Xcelerator 144Hz, Dolby Atmos & OTS Lite, Gaming Hub, FreeSync Premium Pro, Knox Security, Vision AI Companion, Alexa Built-in [2026]",https://www.amazon.co.uk/dp/B0GYZ4PCKW,65.0,2208.84,1899.01,GBP,2208.84,Amazon,GB,2026-08-18T04:51:51Z,B0GYZ4PCKW,,,,,2026-07-01
Samsung,"Samsung Smart TV 75-Inch Mini LED M72H 4K, UHD TV, Mini LED HDR, Motion Xcelerator, Dynamic Sound Pack, AI Companion for questions [2026]",https://www.amazon.co.uk/dp/B0GYZKYZWG,75.0,987.52,849.0,GBP,987.52,Amazon,GB,2026-08-18T04:51:51Z,B0GYZKYZWG,,,,,2026-07-01
Samsung,SAMSUNG Neo QLED 55 Inch QE55QN700B 8K UHD Grey Anthracite,https://www.amazon.co.uk/dp/B09MV2F6HM,55.0,5349.35,4599.0,GBP,5349.35,Amazon,GB,2026-08-18T04:51:51Z,B09MV2F6HM,,,,,2026-07-01
Samsung,"Samsung TV 43 Inch The Frame LS03F 4K Smart TV, Art Gallery with Matte Display, Interchangeable Frames, 100% Color Volume with Quantum Dot and Almost Invisible Cable with One Connect",https://www.amazon.co.uk/dp/B0F229Y3KG,43.0,696.73,599.0,GBP,696.73,Amazon,GB,2026-08-18T04:51:51Z,B0F229Y3KG,,,,,2026-07-01
Samsung,"Samsung DU8070 Crystal UHD 4K 43"" Smart TV, With Object Tracking Sound Lite, AirSlim, Gaming Hub, Crystal Processor 4K, Smart TV powered by Tizen, UE43DU8070UXXU, English Model (2024)",https://www.amazon.co.uk/dp/B0CYBX6T88,43.0,289.63,249.0,GBP,289.63,Amazon,GB,2026-08-18T04:51:51Z,B0CYBX6T88,,,,,2026-07-01
Samsung,Samsung UE40H5500 - LED Smart TV,https://www.amazon.co.uk/dp/B00KBXXC6U,40.0,,,,,Amazon,GB,2026-08-18T04:51:51Z,B00KBXXC6U,,,,,
LG,"LG 32LQ63806LC 32inch LED Full HD Smart TV, Model 2024",https://www.amazon.co.uk/dp/B0D17VJPSD,32.0,253.37,217.83,GBP,253.37,Amazon,GB,2026-08-18T04:51:51Z,B0D17VJPSD,,,,,2026-07-01
Samsung,"Samsung UE50NU7025 4K 4K LED TV - 50"" LCD TV - Smart TV - Netflix",https://www.amazon.co.uk/dp/B07GQQ4VK9,50.0,1983.18,1705.0,GBP,1983.18,Amazon,GB,2026-08-18T04:51:51Z,B07GQQ4VK9,,,,,2026-07-01
Samsung,"Samsung TV QLED 43"" Q60D 2024, 4K, Smart TV",https://www.amazon.co.uk/dp/B0CRZCY6PB,43.0,,,,,Amazon,GB,2026-08-18T04:51:51Z,B0CRZCY6PB,,,,,
Samsung,"Samsung The Frame 4K 2024 43LS03D 43"" Smart TV with Art Gallery with Matte Display, Interchangeable Frames, 100% Color Volume with Quantum Dot and One Connect and Nearly Invisible Cable",https://www.amazon.co.uk/dp/B0CXTNBS93,43.0,696.73,599.0,GBP,696.73,Amazon,GB,2026-08-18T04:51:51Z,B0CXTNBS93,,,,,2026-07-01
Samsung,"Samsung Smart TV 48-Inch S83H 4K OLED, Premium 120Hz Gaming TV with AI Upscaling, OLED HDR, Vision AI Companion, Object Tracking Sound Lite & Alexa Built-in [2026]",https://www.amazon.co.uk/dp/B0GYZS4PML,48.0,1627.26,1399.0,GBP,1627.26,Amazon,GB,2026-08-18T04:51:51Z,B0GYZS4PML,,,,,2026-07-01
Samsung,"Samsung TV QLED 50"" Q60D 2024, 4K, Smart TV",https://www.amazon.co.uk/dp/B0CS3J3B7V,50.0,857.58,737.29,GBP,857.58,Amazon,GB,2026-08-18T04:51:51Z,B0CS3J3B7V,,,,,2026-07-01
Samsung,"Samsung DU8000 Crystal UHD 4K 43"" Smart TV, With Object Tracking Sound Lite, AirSlim, Gaming Hub, Crystal Processor 4K, Smart TV powered by Tizen, UE43DU8000UXXU, English Model (2024)",https://www.amazon.co.uk/dp/B0CYBPD7TM,43.0,,,,,Amazon,GB,2026-08-18T04:51:51Z,B0CYBPD7TM,,,,,
Samsung,"Samsung Neo QLED 8K 2024 65QN800D 65"" Smart TV with 8K Resolution, More Speakers Than Ever With Dolby Atmos and Q-Symphony, the Best Smart TV and No Cables with Slim One Connect",https://www.amazon.co.uk/dp/B0CSDKRHRN,65.0,3169.25,2724.7,GBP,3169.25,Amazon,GB,2026-08-18T04:51:51Z,B0CSDKRHRN,,,,,2026-07-01
Samsung,Samsung 65 Inch Neo QLED 4K with Mini LED QN73F AI Smart TV,https://www.amazon.co.uk/dp/B0DF8SK81D,65.0,929.36,799.0,GBP,929.36,Amazon,GB,2026-08-18T04:51:51Z,B0DF8SK81D,,,,,2026-07-01
Samsung,Samsung 43 Inch TV SMART 4K QLED TV QE43Q7FAAU Ultra HD HDR Alexa Bixby TV,https://www.amazon.co.uk/dp/B0GX9RZL7R,43.0,,,,,Amazon,GB,2026-08-18T04:51:51Z,B0GX9RZL7R,,,,,
Samsung,"Samsung QE50Q60TAUXZT Smart TV 50"" QLED 4K, Ultra HD, Dual LED, Quantum Lite Processor, Quantum HDR, Wi-Fi, New Bezel-less Design, Black, 2020, Built-in Alexa, Google Assistant Compatible",https://www.amazon.co.uk/dp/B086B6M17V,50.0,2443.79,2101.0,GBP,2443.79,Amazon,GB,2026-08-18T04:51:51Z,B086B6M17V,,,,,2026-07-01
Samsung,"Samsung TV 75"" QN95D Neo QLED 4K Mini LED TV, Infinity One Design, Dolby Atmos, Quantum Matrix Technology, Motion Xcelerator 144Hz, Object Tracking Sound+",https://www.amazon.co.uk/dp/B0CYBMWVG9,75.0,2092.52,1799.0,GBP,2092.52,Amazon,GB,2026-08-18T04:51:51Z,B0CYBMWVG9,,,,,2026-07-01
Samsung,SAMSUNG QN55LS03FAFXZA 55 Inch The Frame QLED 4K Art Mode Vision AI Smart TV with 4 Year Amber Protection Plan (2025),https://www.amazon.co.uk/dp/B0F56JGVSM,55.0,929.36,799.0,GBP,929.36,Amazon,GB,2026-08-18T04:51:51Z,B0F56JGVSM,,,,,2026-07-01
Samsung,"Samsung Smart TV 100-Inch M90H Mini LED 4K, HDR 10+, Motion Xcelerator 144Hz, Adaptive Sound+, Gaming Hub, FreeSync Premium, AI Football Mode, Voice Control with AI(VAC), Alexa Built-in [2026]",https://www.amazon.co.uk/dp/B0GYZK89X3,100.0,2325.15,1999.0,GBP,2325.15,Amazon,GB,2026-08-18T04:51:51Z,B0GYZK89X3,,,,,2026-07-01
Samsung,"Samsung The Terrace 65 inch TV 4K Smart TV, Quantum Matrix Technology Slim Outdoor TV, Anti-Glare Screen, Water and Dust R...",https://www.amazon.co.uk/dp/B0F2FJX2XH,65.0,5763.54,4955.09,GBP,5763.54,Amazon,GB,2026-08-18T04:51:51Z,B0F2FJX2XH,,,,,2026-07-01
Samsung,"Samsung QN88D 55"" Neo QLED 4K, Quantum Matrix Technology, Dolby Atmos, NQ4 AI Gen2 Processor, Neo Quantum HDR, Motion Xcelerator 120Hz, QE55QN88DBTXXU, English Model (2024)",https://www.amazon.co.uk/dp/B0CYBTHTX2,55.0,929.36,799.0,GBP,929.36,Amazon,GB,2026-08-18T04:51:51Z,B0CYBTHTX2,,,,,2026-07-01
Samsung,Samsung QE55Q60R QLED TV,https://www.amazon.co.uk/dp/B07Q4PNBV9,55.0,1871.52,1609.0,GBP,1871.52,Amazon,GB,2026-08-18T04:51:51Z,B07Q4PNBV9,,,,,2026-07-01
Samsung,"Samsung Smart TV M1EH 75-Inch, 4K Mini LED, Vision AI Companion, Mini LED HDR, Motion Xcelerator 120Hz, Dynamic Sound Pack, Gaming Hub [2026]",https://www.amazon.co.uk/dp/B0GYZR1GM2,75.0,987.52,849.0,GBP,987.52,Amazon,GB,2026-08-18T04:51:51Z,B0GYZR1GM2,,,,,2026-07-01
Hisense,"Hisense 40"" 40A4QTUK FHD LED TV with Freely - Direct Lit LED, Dolby Audio, Natural Colour Enhancer, Games Mode, Sports Mode with Freely, Disney +, YouTube, Netflix",https://www.amazon.co.uk/dp/B0F7WFJB57,40.0,219.84,189.0,GBP,219.84,Amazon,GB,2026-08-18T04:51:51Z,B0F7WFJB57,,,,,2026-07-01
TCL,"TCL 55PF650K 55-inch 4K Ultra HD, HDR TV, Smart LED Fire TV (Dolby Vision, Dolby Atmos, DTS, HDR 10, Alexa built-in, Airplay2, Miracast)",https://www.amazon.co.uk/dp/B0D7ZC2QY4,55.0,324.52,279.0,GBP,324.52,Amazon,GB,2026-08-18T04:51:51Z,B0D7ZC2QY4,,,,,2026-07-01
Xiaomi,"XIAOMI TV F Pro 43, 43 Inch (101 cm) 4K QLED Smart TV, Fire TV, HDR10+ | MEMC, Alexa Voice Control, 2GB+32GB, Works with Apple AirPlay",https://www.amazon.co.uk/dp/B0FCY8MNS4,43.0,231.47,199.0,GBP,231.47,Amazon,GB,2026-08-18T04:51:51Z,B0FCY8MNS4,,,,,2026-07-01
Samsung,"TELEVISOR QLED SAMSUNG QE55Q60- 55""/139CM - UHD 4K 3840*2160 - 3000HZ PQI - HDR 10+/HLG - 2*T2CS2X - SMART TV - WIFI - 4*HDMI - 2*USB - AUDIO 20W",https://www.amazon.co.uk/dp/B07PRY3T45,55.0,2048.32,1761.0,GBP,2048.32,Amazon,GB,2026-08-18T04:51:51Z,B07PRY3T45,,,,,2026-07-01
Samsung,Samsung TV UE50U8072 Crystal UHD (UE50U8072FUXXH),https://www.amazon.co.uk/dp/B0FMF8VJB1,50.0,529.42,455.16,GBP,529.42,Amazon,GB,2026-08-18T04:51:51Z,B0FMF8VJB1,,,,,2026-07-01
Panasonic,"Panasonic TB-55W60AEY, W60 Series 55 inch 4K Ultra HD LED Smart TV, 2024, Freely, TiVo, 4K Colour Engine, Dolby Vision & Atmos, For An Exceptional Visual Experience",https://www.amazon.co.uk/dp/B0DBM5TDZR,55.0,684.63,588.6,GBP,684.63,Amazon,GB,2026-08-18T04:51:51Z,B0DBM5TDZR,,,,,2026-07-01
Samsung,"Samsung 50 Inch Neo QLED QN90F 4K Mini LED Smart TV with AI Vision, Glare Free Screen and Quantum Matrix Technology Plus",https://www.amazon.co.uk/dp/B0F2241BR4,50.0,1501.86,1291.19,GBP,1501.86,Amazon,GB,2026-08-18T04:51:51Z,B0F2241BR4,,,,,2026-07-01
Samsung,"Samsung Smart TV 48 Inch S93H OLED 4K, Glare Free, HDR10+, Motion Xcelerator 165Hz, Dolby Atmos & OTS, Dual Tuner, Gaming Hub, FreeSync Premium Pro, Knox Security, AI Voice Control, Alexa [2026]",https://www.amazon.co.uk/dp/B0GYZPYYGB,48.0,1394.62,1199.0,GBP,1394.62,Amazon,GB,2026-08-18T04:51:51Z,B0GYZPYYGB,,,,,2026-07-01
Samsung,SAMSUNG 75DU7105 - LED TV 75 (190 cm) - 4K UHD 3840x2160 - HDR - Smart TV - Gaming Hub - 3xHDMI - WiFi,https://www.amazon.co.uk/dp/B0CSPNT5L1,75.0,1101.15,946.69,GBP,1101.15,Amazon,GB,2026-08-18T04:51:51Z,B0CSPNT5L1,,,,,2026-07-01
Samsung,"Samsung Smart TV QN1EH 75-Inch, Neo QLED 4K, Glare-Free, NQ HDR, Motion Xcelerator, Object Tracking Sound Lite with Gaming Hub and Vision AI Companion, & Alexa Built-in [2026]",https://www.amazon.co.uk/dp/B0GYZ7Z2JH,75.0,1743.57,1499.0,GBP,1743.57,Amazon,GB,2026-08-18T04:51:51Z,B0GYZ7Z2JH,,,,,2026-07-01
Samsung,"Samsung Smart TV 65-Inch Mini LED M72H 4K, UHD TV, Mini LED HDR, Motion Xcelerator, Dynamic Sound Pack, AI Companion for questions [2026]",https://www.amazon.co.uk/dp/B0GYZ7SVX4,65.0,719.99,619.0,GBP,719.99,Amazon,GB,2026-08-18T04:51:51Z,B0GYZ7SVX4,,,,,2026-07-01
Samsung,"Samsung 85"" (2025) Neo QLED 8K UHD TV - TQ85QN80FAUXXC",https://www.amazon.co.uk/dp/B0F2FNFKDD,85.0,2881.47,2477.29,GBP,2881.47,Amazon,GB,2026-08-18T04:51:51Z,B0F2FNFKDD,,,,,2026-07-01
Samsung,"Samsung QE32LS03T 32"" The Frame Art Mode QLED Full HD HDR Smart TV",https://www.amazon.co.uk/dp/B09QSV474F,32.0,382.68,329.0,GBP,382.68,Amazon,GB,2026-08-18T04:51:51Z,B09QSV474F,,,,,2026-07-01
Samsung,"Samsung TV QLED 65"" Q60D 2024, 4K, Smart TV",https://www.amazon.co.uk/dp/B0CS6Z8RTB,65.0,,,,,Amazon,GB,2026-08-18T04:51:51Z,B0CS6Z8RTB,,,,,
Samsung,Samsung T28E310 28 -inch LCD 50 Hz TV,https://www.amazon.co.uk/dp/B013DUSOZG,28.0,1394.62,1199.0,GBP,1394.62,Amazon,GB,2026-08-18T04:51:51Z,B013DUSOZG,,,,,2026-07-01
Samsung,"Samsung 55 inch Crystal UHD U8005 4K Smart TV, incredible colors with Crystal Processor 4K, listen to all speakers with Q-Symphony, Protected Data, Knox Security and Gaming Hub",https://www.amazon.co.uk/dp/B0F2249D1G,55.0,634.72,545.69,GBP,634.72,Amazon,GB,2026-08-18T04:51:51Z,B0F2249D1G,,,,,2026-07-01
Samsung,"Smart TV Samsung QE32LS03B 32""",https://www.amazon.co.uk/dp/B0B8JMSLR2,32.0,394.31,339.0,GBP,394.31,Amazon,GB,2026-08-18T04:51:51Z,B0B8JMSLR2,,,,,2026-07-01
Samsung,Samsung QE65Q70CATXXU 65inch QLED UHD 4K Quantum HDR10+ SMART TV WiFi,https://www.amazon.co.uk/dp/B0BX737534,65.0,,,,,Amazon,GB,2026-08-18T04:51:51Z,B0BX737534,,,,,
Samsung,Samsung UE32F5000 32-inch Widescreen 1080p Full HD LED TV with Freeview HD,https://www.amazon.co.uk/dp/B00BP58C1S,32.0,371.86,319.7,GBP,371.86,Amazon,GB,2026-08-18T04:51:51Z,B00BP58C1S,,,,,2026-07-01
Samsung,"Samsung 75 Inch QN90C 4K Neo QLED HDR Smart TV (2023) - Quantum Matrix Technology & Alexa Built In, Dolby Atmos Object Tracking Sound Audio, Slim Design & Anti Reflection Screen, 100% Colour Volume",https://www.amazon.co.uk/dp/B0BX77KDVQ,75.0,,,,,Amazon,GB,2026-08-18T04:51:51Z,B0BX77KDVQ,,,,,
Samsung,Samsung 55U8072 LED TV 138 cm Smart 4K Ultra HD 50Hz Model 2025 UE55U8072FUXXH [Hungarian Version],https://www.amazon.co.uk/dp/B0FF1THHJ9,55.0,417.57,359.0,GBP,417.57,Amazon,GB,2026-08-18T04:51:51Z,B0FF1THHJ9,,,,,2026-07-01
Samsung,Samsung 65Q70D - QLED TV 65'' (165cm) - 4K UHD 3840x2160 - 120 Hz - HDR10+ - Gaming Hub - Smart TV - 4xHDMI,https://www.amazon.co.uk/dp/B0CSDBDM94,65.0,1287.02,1106.49,GBP,1287.02,Amazon,GB,2026-08-18T04:51:51Z,B0CSDBDM94,,,,,2026-07-01
Samsung,"Samsung 65"" TU7100 HDR Smart 4K TV with Tizen OS",https://www.amazon.co.uk/dp/B086T2QHHH,65.0,1163.14,999.99,GBP,1163.14,Amazon,GB,2026-08-18T04:51:51Z,B086T2QHHH,,,,,2026-07-01
Samsung,SAMSUNG 43CU7025-43 inch LED TV - Crystal UHD 4K 3840 x 2160 - HDR - Smart TV - Gaming Hub - 3xHDMI,https://www.amazon.co.uk/dp/B0CZ47SPT3,43.0,523.64,450.19,GBP,523.64,Amazon,GB,2026-08-18T04:51:51Z,B0CZ47SPT3,,,,,2026-07-01
Samsung,"Samsung The Frame LS03F 4K Smart TV 65 Inch Art Gallery with Matte Screen, Interchangeable Frames, 100% Color Volume with Quantum Dot and Almost Invisible Cable with One Connect",https://www.amazon.co.uk/dp/B0F2FJBXMK,65.0,1045.68,899.0,GBP,1045.68,Amazon,GB,2026-08-18T04:51:51Z,B0F2FJBXMK,,,,,2026-07-01
Samsung,Samsung Neo QLED 4K QN85F Mini LED TV NQ4 AI Gen2 Processor Quantum Matrix Slim Technology 144Hz Motion Xcelerator AirSlim Design Samsung Vision AI,https://www.amazon.co.uk/dp/B0FND79K77,55.0,1092.6,939.34,GBP,1092.6,Amazon,GB,2026-08-18T04:51:51Z,B0FND79K77,,,,,2026-07-01
Samsung,"Samsung TV The Frame 2019, 4K, Black",https://www.amazon.co.uk/dp/B07TD8ZS8N,43.0,696.73,599.0,GBP,696.73,Amazon,GB,2026-08-18T04:51:51Z,B07TD8ZS8N,,,,,2026-07-01
Samsung,"Samsung 50"" TV (2025) QLED 4K UHD - TQ50Q8FAAUXXC [Country Version French, Spanish, Portuguese]...[Country Version French, Spanish, Portuguese]",https://www.amazon.co.uk/dp/B0F22BFWQQ,50.0,664.27,571.09,GBP,664.27,Amazon,GB,2026-08-18T04:51:51Z,B0F22BFWQQ,,,,,2026-07-01
Samsung,"Samsung 42 Inch S90F 4K Smart TV AI OLED TV 2025, Vision AI, NQ4 AI Gen3 Processor, 4K AI Upscaling Pro, HDR10+ Adaptive, Dolby Atmos, Gaming Hub, Knox Security",https://www.amazon.co.uk/dp/B0FT879YNJ,42.0,1490.11,1281.09,GBP,1490.11,Amazon,GB,2026-08-18T04:51:51Z,B0FT879YNJ,,,,,2026-07-01
Samsung,Samsung UE40J6240 TV,https://www.amazon.co.uk/dp/B01LXLR1H7,40.0,686.03,589.8,GBP,686.03,Amazon,GB,2026-08-18T04:51:51Z,B01LXLR1H7,,,,,2026-07-01
Samsung,"Samsung 65"" QN800D Neo QLED 8K, NQ8 AI Gen2 Processor, Infinity One Design with One Connect Box, Dolby Atmos, Neo Quantum ...",https://www.amazon.co.uk/dp/B0CYBZDNGQ,65.0,,,,,Amazon,GB,2026-08-18T04:51:51Z,B0CYBZDNGQ,,,,,
Samsung,"Samsung The Frame QE32LS03TCUXXC Televisor, 81.3 cm (32 inches), Full HD Smart TV, WiFi",https://www.amazon.co.uk/dp/B08ZY3BTCL,32.0,382.68,329.0,GBP,382.68,Amazon,GB,2026-08-18T04:51:51Z,B08ZY3BTCL,,,,,2026-07-01
Samsung,"Samsung UE43DU7172U 109,2 cm (43"") 4K Ultra HD Smart TV Wifi Noir",https://www.amazon.co.uk/dp/B0D3C6V4KR,43.0,502.08,431.65,GBP,502.08,Amazon,GB,2026-08-18T04:51:51Z,B0D3C6V4KR,,,,,2026-07-01
Samsung,"Samsung The Frame QE50LS03TAU 127 cm (50"") 4K Ultra HD Smart TV Wi-Fi Nero",https://www.amazon.co.uk/dp/B0872D83PX,50.0,796.76,685.0,GBP,796.76,Amazon,GB,2026-08-18T04:51:51Z,B0872D83PX,,,,,2026-07-01
Samsung,"Samsung 2020 32"" The Frame Art Mode QLED Full HD HDR Smart TV, CHARCOAL BLACK, LS03T",https://www.amazon.co.uk/dp/B08CBJ7GDP,32.0,394.31,339.0,GBP,394.31,Amazon,GB,2026-08-18T04:51:51Z,B08CBJ7GDP,,,,,2026-07-01
Hisense,"Hisense 50"" 50E78QTUK QLED Smart AI TV - 4K Direct Lit Viewing, Quantum Dot Colour, Hi-View AI Engine, Dolby Vision, Dolby Atmos with Freely, Disney +, YouTube, Netflix",https://www.amazon.co.uk/dp/B0F7WD2G4S,50.0,330.34,284.0,GBP,330.34,Amazon,GB,2026-08-18T04:51:51Z,B0F7WD2G4S,,,,,2026-07-01
Samsung,"Samsung AI QLED TV 65"" Q6F 2025, 4K, Quantum Dots",https://www.amazon.co.uk/dp/B0FRSHBY4K,65.0,785.93,675.69,GBP,785.93,Amazon,GB,2026-08-18T04:51:51Z,B0FRSHBY4K,,,,,2026-07-01
Samsung,"Samsung TV The Frame 4K 55"" QE55LS03B Smart TV Wifi Black 2022",https://www.amazon.co.uk/dp/B09XN5FWMG,55.0,929.36,799.0,GBP,929.36,Amazon,GB,2026-08-18T04:51:51Z,B09XN5FWMG,,,,,2026-07-01
Samsung,TV Samsung The Frame 43 Inch LS03B 4K TQ43LS03BGUXXC,https://www.amazon.co.uk/dp/B0BS3YX4N4,43.0,696.73,599.0,GBP,696.73,Amazon,GB,2026-08-18T04:51:51Z,B0BS3YX4N4,,,,,2026-07-01
Samsung,Samsung S27BM500EU,https://www.amazon.co.uk/dp/B09RB9GBZP,27.0,266.35,228.99,GBP,266.35,Amazon,GB,2026-08-18T04:51:51Z,B09RB9GBZP,,,,,2026-07-01
TCL,"TCL 55T6C-UK 55 Inch QLED 4K HDR TV, Fire TV (Smart TV with Dolby Vision & Atmos, HDR10+, Press & Ask Alexa, 2025 Model)",https://www.amazon.co.uk/dp/B0DW8PZCHX,55.0,382.68,329.0,GBP,382.68,Amazon,GB,2026-08-18T04:51:51Z,B0DW8PZCHX,,,,,2026-07-01
Samsung,"Samsung 65"" QN85D Neo QLED 4K, Quantum Matrix Technology, Dolby Atmos, NQ4 AI Gen2 Processor, Neo Quantum HDR, Motion Xcelerator 120Hz",https://www.amazon.co.uk/dp/B0CYBZM6S3,65.0,,,,,Amazon,GB,2026-08-18T04:51:51Z,B0CYBZM6S3,,,,,
Samsung,"Samsung The Frame TV Bezel/Mounts Modern black,Compatible ONLY with Samsung The Frame TV 50""(Fits 2021-2026 models, model codes:50LS03A/B/C/D/FA/HE) (Gilded Noir, 50-LS03)",https://www.amazon.co.uk/dp/B0GD7FCMWK,50.0,347.78,299.0,GBP,347.78,Amazon,GB,2026-08-18T04:51:51Z,B0GD7FCMWK,,,,,2026-07-01
Samsung,"Samsung the Frame TV Bezel/Mounts,compatible ONLY with Samsung The Frame TV 65""/PRO(Fits 2021-2026 models, model codes:65LS03A/B/C/D/FA/FW/HE/HW) (Light Gold, 65-LS03)",https://www.amazon.co.uk/dp/B0GCNSF4HG,65.0,394.31,339.0,GBP,394.31,Amazon,GB,2026-08-18T04:51:51Z,B0GCNSF4HG,,,,,2026-07-01
Samsung,"Samsung The Frame TV Bezel/Mounts Modern White,Compatible ONLY with Samsung The Frame TV 65""/PRO(Fits 2021-2026 models, model codes:65LS03A/B/C/D/FA/FW/HE/HW) (Ivory White, 65-LS03)",https://www.amazon.co.uk/dp/B0GD1N2RXC,65.0,440.84,379.0,GBP,440.84,Amazon,GB,2026-08-18T04:51:51Z,B0GD1N2RXC,,,,,2026-07-01
Samsung,"Samsung The Frame TV Bezel/Mounts Gilded Walnut,Compatible ONLY with Samsung The Frame TV 55""/PRO(Fits 2021-2026 models, model codes:55LS03A/B/C/D/FA/HE/HW) (Gilded Walnut, 55-LS03)",https://www.amazon.co.uk/dp/B0GDQFMKRY,55.0,394.31,339.0,GBP,394.31,Amazon,GB,2026-08-18T04:51:51Z,B0GDQFMKRY,,,,,2026-07-01
LG,"LG 43UA75006LA UHD UA75 4K Smart TV, α7 AI Processor Gen8, 60Hz, HDR10, Filmmaker Mode™, Google Cast, Apple AirPlay 2, Model Year 2025",https://www.amazon.co.uk/dp/B0GTVR5RHH,43.0,266.36,229.0,GBP,266.36,Amazon,GB,2026-08-18T04:51:51Z,B0GTVR5RHH,,,,,2026-07-01
LG,"LG LED AI LB650B 32 inch HD Smart TV - 32LB650B6LA (α5 AI Processor Gen9, 60Hz, HDR10, Google Cast, Apple AirPlay 2) [Model year 2026]",https://www.amazon.co.uk/dp/B0H1RT2T4S,32.0,184.94,159.0,GBP,184.94,Amazon,GB,2026-08-18T04:51:51Z,B0H1RT2T4S,,,,,2026-07-01
LG,"LG 50QNED7EB3C QNED MiniLED AI 4K Smart TV QNED7E, α7 Processor Gen9, 60Hz, HDR10, Filmmaker Mode™, Google Cast, Apple AirPlay 2, Model Year 2026",https://www.amazon.co.uk/dp/B0GT9Q3S7X,50.0,440.84,379.0,GBP,440.84,Amazon,GB,2026-08-18T04:51:51Z,B0GT9Q3S7X,,,,,2026-07-01
LG,"LG OLED48C55LA 48-Inch OLEDevo 4K UHD Smart TV, (α9 AI Processor, Dolby Atmos, Freeview Play and Amazon Alexa, 120Hz) [Model 2025]",https://www.amazon.co.uk/dp/B0F3CYJM6T,48.0,929.36,799.0,GBP,929.36,Amazon,GB,2026-08-18T04:51:51Z,B0F3CYJM6T,,,,,2026-07-01
LG,"LG 43UA73006LA 43-Inch 4K Ultra HD HDR Smart TV (webOS 25 Platform with AI Concierge, Alpha 7 Processor 4K Gen8, Game Optimiser & ALLM, 60Hz) [Model 2025]",https://www.amazon.co.uk/dp/B0F3XNWZKJ,43.0,,,,,Amazon,GB,2026-08-18T04:51:51Z,B0F3XNWZKJ,,,,,
LG,"LG 65QNED70A6A 65-Inch 4K UHD Smart TV (α7 AI Processor, Amazon Alexa, 60Hz) [Model 2025]",https://www.amazon.co.uk/dp/B0FDR737K6,65.0,638.57,549.0,GBP,638.57,Amazon,GB,2026-08-18T04:51:51Z,B0FDR737K6,,,,,2026-07-01
LG,"LG LED AI LB6500 43 inch Full HD Smart TV - 43LB65006LA (α5 AI Processor Gen9, 60Hz, HDR10, Google Cast, Apple AirPlay 2) [Model year 2026]",https://www.amazon.co.uk/dp/B0H3Q1HLWQ,43.0,290.78,249.99,GBP,290.78,Amazon,GB,2026-08-18T04:51:51Z,B0H3Q1HLWQ,,,,,2026-07-01
LG,"LG 55QNED70A6A 55-Inch 4K UHD Smart TV (α7 AI Processor, Amazon Alexa, 60Hz) [Model 2025]",https://www.amazon.co.uk/dp/B0FDR6R5LB,55.0,500.13,429.98,GBP,500.13,Amazon,GB,2026-08-18T04:51:51Z,B0FDR6R5LB,,,,,2026-07-01
LG,"LG 50NU800B6LC Nano UHD AI NU80 4K Smart TV, α7 Processor Gen9, 60Hz, HDR10, Filmmaker Mode™, Google Cast, Apple AirPlay 2, Model Year 2026",https://www.amazon.co.uk/dp/B0GTBTSKWP,50.0,347.78,299.0,GBP,347.78,Amazon,GB,2026-08-18T04:51:51Z,B0GTBTSKWP,,,,,2026-07-01
LG,"LG 55QNED80A6A 55-Inch 4K UHD Smart TV, (α7 AI Processor, Freeview Play and Amazon Alexa, 60Hz) [Model 2025]",https://www.amazon.co.uk/dp/B0F1519SC2,55.0,435.02,374.0,GBP,435.02,Amazon,GB,2026-08-18T04:51:51Z,B0F1519SC2,,,,,2026-07-01
LG,"LG 50QNED80A6A 50-Inch 4K UHD Smart TV, (α7 AI Processor, Freeview Play and Amazon Alexa, 60Hz) [Model 2025]",https://www.amazon.co.uk/dp/B0F14KGHT5,50.0,464.1,399.0,GBP,464.1,Amazon,GB,2026-08-18T04:51:51Z,B0F14KGHT5,,,,,2026-07-01
LG,"LG 75NU800B6LA Nano UHD AI NU80 4K Smart TV, α7 Processor Gen9, 60Hz, HDR10, Filmmaker Mode™, Google Cast, Apple AirPlay 2, Model Year 2026",https://www.amazon.co.uk/dp/B0GT9SM15L,75.0,754.89,649.0,GBP,754.89,Amazon,GB,2026-08-18T04:51:51Z,B0GT9SM15L,,,,,2026-07-01
LG,"LG OLED65C55LA 65-Inch OLEDevo 4K UHD Smart TV, (α9 AI Processor Gen7, Dolby Atmos, Freeview Play and Amazon Alexa, 120Hz) [Model 2025]",https://www.amazon.co.uk/dp/B0F14NSMPH,65.0,1510.94,1299.0,GBP,1510.94,Amazon,GB,2026-08-18T04:51:51Z,B0F14NSMPH,,,,,2026-07-01
LG,"LG 43QNED70B6C QNED MiniLED AI 4K Smart TV QNED70, α7 Processor Gen9, 60Hz, HDR10, Filmmaker Mode™, Google Cast, Apple AirPlay 2, Model Year 2026",https://www.amazon.co.uk/dp/B0GT9J3VMT,43.0,417.57,359.0,GBP,417.57,Amazon,GB,2026-08-18T04:51:51Z,B0GT9J3VMT,,,,,2026-07-01
LG,"LG 43NU800B6LC Nano UHD AI NU80 4K Smart TV, α7 Processor Gen9, 60Hz, HDR10, Filmmaker Mode™, Google Cast, Apple AirPlay 2, Model Year 2026",https://www.amazon.co.uk/dp/B0GTB1PJ3V,43.0,301.26,259.0,GBP,301.26,Amazon,GB,2026-08-18T04:51:51Z,B0GTB1PJ3V,,,,,2026-07-01
LG,"LG 55QNED7EB3C QNED MiniLED AI 4K Smart TV QNED7E, α7 Processor Gen9, 60Hz, HDR10, Filmmaker Mode™, Google Cast, Apple AirPlay 2, Model Year 2026",https://www.amazon.co.uk/dp/B0GT9WZMZG,55.0,498.99,429.0,GBP,498.99,Amazon,GB,2026-08-18T04:51:51Z,B0GT9WZMZG,,,,,2026-07-01
LG,"LG 32LQ63006LA LED LQ63 32 Inch Full HD Smart TV, α5 Gen5 AI Processor, 60Hz, HDR10, Works with Alexa, Apple AirPlay 2, Model Year 2022",https://www.amazon.co.uk/dp/B09YD4MHJ9,32.0,215.18,185.0,GBP,215.18,Amazon,GB,2026-08-18T04:51:51Z,B09YD4MHJ9,,,,,2026-07-01
LG,"LG 43NANO82T6B 43-Inch Nanocell AI 4K UHD Smart TV, (α5 AI Processor Gen7, Freeview Play and Amazon Alexa, 60Hz), Ashed Blue [Model 2024]",https://www.amazon.co.uk/dp/B0D1Y7HZ8X,43.0,277.99,239.0,GBP,277.99,Amazon,GB,2026-08-18T04:51:51Z,B0D1Y7HZ8X,,,,,2026-07-01
LG,"LG 43NU850B6LA Nano UHD AI NU85 4K Smart TV, α7 Processor Gen9, 60Hz, HDR10, Filmmaker Mode™, Google Cast, Apple AirPlay 2, Model Year 2026",https://www.amazon.co.uk/dp/B0GT9PDN97,43.0,289.63,249.0,GBP,289.63,Amazon,GB,2026-08-18T04:51:51Z,B0GT9PDN97,,,,,2026-07-01
LG,"LG 43QNED7EB3C QNED MiniLED AI 4K Smart TV QNED7E, α7 Processor Gen9, 60Hz, HDR10, Filmmaker Mode™, Google Cast, Apple AirPlay 2, Model Year 2026",https://www.amazon.co.uk/dp/B0GT9QB8KR,43.0,405.94,349.0,GBP,405.94,Amazon,GB,2026-08-18T04:51:51Z,B0GT9QB8KR,,,,,2026-07-01
LG,"LG LED LQ63 32 HD 720p Smart TV, 2024 Model",https://www.amazon.co.uk/dp/B09SKR4QD9,32.0,215.18,185.0,GBP,215.18,Amazon,GB,2026-08-18T04:51:51Z,B09SKR4QD9,,,,,2026-07-01
LG,"LG 75NANO90A6B 75 Inch Nano AI 4K Smart TV, webOS 25 Platform, Concierge, Alpha 7 Processor Gen8, Game Optimiser, ALLM, 60 Hz, 2025",https://www.amazon.co.uk/dp/B0FNXC46YC,75.0,929.36,799.0,GBP,929.36,Amazon,GB,2026-08-18T04:51:51Z,B0FNXC46YC,,,,,2026-07-01
Hisense,"Hisense 40"" 40E4QTUK FHD LED TV with Freely - Direct Lit LED, Dolby Audio, Natural Colour Enhancer, Games Mode, Sports Mode with Freely, Disney +, YouTube, Netflix",https://www.amazon.co.uk/dp/B0F7WDSW1P,40.0,286.09,245.96,GBP,286.09,Amazon,GB,2026-08-18T04:51:51Z,B0F7WDSW1P,,,,,2026-07-01
LG,"LG OLED65B56LA 65-Inch OLED 4K UHD Smart TV, B5 Series, (α8 AI Processor, Dolby Atmos, Freeview Play and Amazon Alexa, 120Hz) [Model 2025]",https://www.amazon.co.uk/dp/B0F1515WBL,65.0,,,,,Amazon,GB,2026-08-18T04:51:51Z,B0F1515WBL,,,,,
LG,"LG 32LQ63006LA 32"" Full HD Smart TV, 2022 LED TV with α5 Gen 5 Processor with AI, WebOS 22, HDR, Wi-Fi, Bluetooth, Game Optimizer, Google Stadia and GeForce NOW, Compatible with Google Home and Alexa",https://www.amazon.co.uk/dp/B09T74KPR6,32.0,,,,,Amazon,GB,2026-08-18T04:51:51Z,B09T74KPR6,,,,,
LG,"LG 75QNED92A6A 75-Inch 4K UHD Smart TV, (α8 AI Processor, Freeview Play and Amazon Alexa, 120Hz) [Model 2025]",https://www.amazon.co.uk/dp/B0F5BVTC3G,75.0,1627.26,1399.0,GBP,1627.26,Amazon,GB,2026-08-18T04:51:51Z,B0F5BVTC3G,,,,,2026-07-01
LG,"LG OLED55B6ELC OLED AI B6 4K Smart TV, α8 Processor Gen3, 120Hz, VRR, Dolby Vision and Atmos, Filmmaker Mode™, Model Year ...",https://www.amazon.co.uk/dp/B0GTB2F6VG,55.0,1045.68,899.0,GBP,1045.68,Amazon,GB,2026-08-18T04:51:51Z,B0GTB2F6VG,,,,,2026-07-01
LG,"LG 55QNED82A6B 55"" 4K QNED AI TV (α7 Gen8 4K AI Processor, 25 WebOS, 60 Hz) Model Year 2025",https://www.amazon.co.uk/dp/B0F2259VV1,55.0,464.1,399.0,GBP,464.1,Amazon,GB,2026-08-18T04:51:51Z,B0F2259VV1,,,,,2026-07-01
LG,"LG 65QNED82A6B 65"" 4K QNED AI TV (α7 Gen8 4K AI Processor, 25 WebOS 25, 60Hz) Model Year 2025",https://www.amazon.co.uk/dp/B0F226M1SY,65.0,622.28,534.99,GBP,622.28,Amazon,GB,2026-08-18T04:51:51Z,B0F226M1SY,,,,,2026-07-01
LG,"LG OLED evo AI C6 42-inch 4K Smart TV - OLED42C65LA (α11 AI Processor 4K Gen3, 120Hz (VRR 165Hz), Dolby Vision, Dolby Atmos, FILMMAKER MODE™ [Model year 2026]",https://www.amazon.co.uk/dp/B0GT9KRRW2,42.0,1394.62,1199.0,GBP,1394.62,Amazon,GB,2026-08-18T04:51:51Z,B0GT9KRRW2,,,,,2026-07-01
LG,"LG 55NANO82T6B 55-Inch Nanocell AI 4K UHD Smart TV, (α5 AI Processor Gen7, Freeview Play and Amazon Alexa, 60Hz), Ashed Blue [Model 2024]",https://www.amazon.co.uk/dp/B0D1Y8RW1B,55.0,407.09,349.99,GBP,407.09,Amazon,GB,2026-08-18T04:51:51Z,B0D1Y8RW1B,,,,,2026-07-01
LG,"LG OLED48C45LA 48-Inch OLED Evo 4K UHD Smart TV, (α9 AI Processor Gen7, Dolby Atmos, Freeview Play and Amazon Alexa, 120Hz), Umber Brown [Model 2024]",https://www.amazon.co.uk/dp/B0D4N6R7YG,48.0,929.36,799.0,GBP,929.36,Amazon,GB,2026-08-18T04:51:51Z,B0D4N6R7YG,,,,,2026-07-01
LG,"LG 32LK6200PLA TV 80 cm (32"") 1080p (Full HD, Triple Tuner, Active HDR, Smart TV) White",https://www.amazon.co.uk/dp/B07B4F8WC6,32.0,254.73,219.0,GBP,254.73,Amazon,GB,2026-08-18T04:51:51Z,B07B4F8WC6,,,,,2026-07-01
LG,LG OLED55C46LA 4K OLED HDR Smart TV,https://www.amazon.co.uk/dp/B0D1VHXXZ2,55.0,1278.31,1099.0,GBP,1278.31,Amazon,GB,2026-08-18T04:51:51Z,B0D1VHXXZ2,,,,,2026-07-01
LG,"LG evo OLED48C44LA 48-Inch 4K UHD Smart TV, (α9 AI Processor Gen7, Dolby Atmos, Freeview Play and Amazon Alexa, 120Hz), Umber Brown [Model 2024]",https://www.amazon.co.uk/dp/B0D17WTJ4W,48.0,929.36,799.0,GBP,929.36,Amazon,GB,2026-08-18T04:51:51Z,B0D17WTJ4W,,,,,2026-07-01
LG,"LG 65NANO81T6A 65-Inch Nanocell AI 4K UHD Smart TV, (α5 AI Processor Gen7, Freeview Play and Amazon Alexa, 60Hz), Ashed Blue [Model 2024]",https://www.amazon.co.uk/dp/B0D183RP5P,65.0,546.67,469.99,GBP,546.67,Amazon,GB,2026-08-18T04:51:51Z,B0D183RP5P,,,,,2026-07-01
LG,"LG LED UR75 43"" 4K Smart TV, 2024",https://www.amazon.co.uk/dp/B0DH8KKX15,43.0,255.88,219.99,GBP,255.88,Amazon,GB,2026-08-18T04:51:51Z,B0DH8KKX15,,,,,2026-07-01
LG,"LG 32LM637BPLA 32 inch HD HDR Smart LED TV, with Quad Core Processor, Active HDR, Alexa compatible",https://www.amazon.co.uk/dp/B08X3RRY94,32.0,215.18,185.0,GBP,215.18,Amazon,GB,2026-08-18T04:51:51Z,B08X3RRY94,,,,,2026-07-01
LG,"TV 32"" LG Full HD EU Smart White USB DVBT2 DVBS2 4Core AI WEBOS",https://www.amazon.co.uk/dp/B09V5C4BN7,32.0,254.73,219.0,GBP,254.73,Amazon,GB,2026-08-18T04:51:51Z,B09V5C4BN7,,,,,2026-07-01
LG,"LG 32LQ631C 32"" LED-backlit LCD TV - Full HD - for hotel/hospitality",https://www.amazon.co.uk/dp/B0BSLV549N,32.0,231.47,199.0,GBP,231.47,Amazon,GB,2026-08-18T04:51:51Z,B0BSLV549N,,,,,2026-07-01
LG,"LG LG 32LQ630B6LA WebOS22 32"" HD TV, Bluetooth, A5 Gen 5 High Power Processor, Supports HDR 10, HLG, HGiG",https://www.amazon.co.uk/dp/B09XXX78CS,32.0,215.18,185.0,GBP,215.18,Amazon,GB,2026-08-18T04:51:51Z,B09XXX78CS,,,,,2026-07-01
LG,"LG Objet Collection Posé 55LX1T6LA.AEK OLEDevo LX1 55 inch 4K Smart TV, Objet Collection, Lifestyle TV, Ultra HD 4K resolution, AI ThinQ",https://www.amazon.co.uk/dp/B0F14XTRYC,55.0,2082.05,1790.0,GBP,2082.05,Amazon,GB,2026-08-18T04:51:51Z,B0F14XTRYC,,,,,2026-07-01
LG,"LG NANO 4K UHD AI NU90 98 inch 4K Smart TV - 98NU900B6LB (α8 AI Processor 4K Gen3, 120Hz, HDR10, FILMMAKER MODE™, FreeSync Compatible (AMD), Google Cast, Apple AirPlay 2) [Model year 2026]",https://www.amazon.co.uk/dp/B0H1RW64NJ,98.0,2092.52,1799.0,GBP,2092.52,Amazon,GB,2026-08-18T04:51:51Z,B0H1RW64NJ,,,,,2026-07-01
Philips,"PHILIPS 24PHS6000 2K HD LED Smart TV - 24 Inch Display with Pixel Plus, Titan OS Platform and Dolby Digital Sound, Works with Alexa and Google Voice Assistant",https://www.amazon.co.uk/dp/B0F24TDBKZ,24.0,170.91,146.94,GBP,170.91,Amazon,GB,2026-08-18T04:51:51Z,B0F24TDBKZ,,,,,2026-07-01
LG,"LG 86QNED80T6A 86-Inch 4K UHD Smart TV, (α5 AI Processor Gen7, Freeview Play and Amazon Alexa, 60Hz) [Model 2024]",https://www.amazon.co.uk/dp/B0D2LGK83J,86.0,2482.24,2134.06,GBP,2482.24,Amazon,GB,2026-08-18T04:51:51Z,B0D2LGK83J,,,,,2026-07-01
Hisense,"Hisense 50"" 50E6QTUK 4K Ultra HD Smart AI TV - Hi-View AI Engine, precision colour, AI smooth motion, sports mode with Freely, Disney+, YouTube, Netflix",https://www.amazon.co.uk/dp/B0F7W98BQK,50.0,277.99,239.0,GBP,277.99,Amazon,GB,2026-08-18T04:51:51Z,B0F7W98BQK,,,,,2026-07-01
LG,LG Smart TV 55 inch 4K Ultra HD Display NanoCell System WebOS Processor a7 Gen8 Class G Color Black - 55NANO81A6A.API,https://www.amazon.co.uk/dp/B0FFGZZTMH,55.0,510.39,438.8,GBP,510.39,Amazon,GB,2026-08-18T04:51:51Z,B0FFGZZTMH,,,,,2026-07-01
TCL,"TCL 55V6C-UK 55"" 4K Ultra HD, HDR TV, Smart TV Powered by Google TV (Dolby Audio, Voice Control, compatible with Google assistant, Chromecast built-in, 2025 New Model)",https://www.amazon.co.uk/dp/B0DPM31FH8,55.0,295.44,254.0,GBP,295.44,Amazon,GB,2026-08-18T04:51:51Z,B0DPM31FH8,,,,,2026-07-01
TCL,"TCL 50V5C-UK 50Inch Full HD Smart QLED Direct LED TV with Android TV​ and HDR - Compatible with Google Cast and Google Home, Slim Design",https://www.amazon.co.uk/dp/B0FVFW9CZS,50.0,266.36,229.0,GBP,266.36,Amazon,GB,2026-08-18T04:51:51Z,B0FVFW9CZS,,,,,2026-07-01
Xiaomi,"XIAOMI TV F 65, 65 Inch (165 cm) 4K UHD, Smart TV, Fire TV, HDR10, MEMC | Alexa Voice Control, 60Hz with 120Hz Game Boost Mode, 2GB+32GB, Works with Apple AirPlay",https://www.amazon.co.uk/dp/B0FCYCDY13,65.0,440.84,379.0,GBP,440.84,Amazon,GB,2026-08-18T04:51:51Z,B0FCYCDY13,,,,,2026-07-01
TCL,"TCL 75T6C-UK 75 Inch QLED 4K HDR TV, Fire TV (Smart TV with Dolby Vision & Atmos, HDR10+, Press & Ask Alexa, 2025 Model)",https://www.amazon.co.uk/dp/B0DW8RJSG6,75.0,696.73,599.0,GBP,696.73,Amazon,GB,2026-08-18T04:51:51Z,B0DW8RJSG6,,,,,2026-07-01
Samsung,"Samsung 42"" S90F, NQ4 AI Gen3 Processor, 4K AI Upscaling Pro, OLED HDR+, Motion Xcelerator 144Hz, Samsung Vision AI, 2025",https://www.amazon.co.uk/dp/B0F6TQC9SX,42.0,754.89,649.0,GBP,754.89,Amazon,GB,2026-08-18T04:51:51Z,B0F6TQC9SX,,,,,2026-07-01
Sony,"Sony BRAVIA 7 II True RGB 75 Inch TV, 4K Smart TV (Google TV), RGB LED, XR Processor with AI Technology, 120hz Television with Dolby Vision/Atmos, PS5 compatibility, 75XR75M2, 2026 Model",https://www.amazon.co.uk/dp/B0H2JW181N,75.0,3488.3,2999.0,GBP,3488.3,Amazon,GB,2026-08-18T04:51:51Z,B0H2JW181N,,,,,2026-07-01
Hisense,"Hisense 65"" 65U7QTUK MiniLED QLED 144Hz Smart AI TV - Hi-View AI Engine, 144Hz Game Mode PRO, 2.1 Channel, Dolby Atmos, Quantum Dot Colour, Anti-Reflection with Freely, Disney +, YouTube, Netflix",https://www.amazon.co.uk/dp/B0F7WC5H3X,65.0,871.2,749.0,GBP,871.2,Amazon,GB,2026-08-18T04:51:51Z,B0F7WC5H3X,,,,,2026-07-01
Hisense,"Hisense 50 Inch 4K QLED Smart TV 50E77NQTUK - Quantum Dot Colour, 4K AI Processor, Dolby Vision Atmos, Smooth Motion, Sports Mode, Vidaa OS with Freely, Youtube, Netflix and Disney+ (2024 Model)",https://www.amazon.co.uk/dp/B0CYQ2JFJW,50.0,325.67,279.99,GBP,325.67,Amazon,GB,2026-08-18T04:51:51Z,B0CYQ2JFJW,,,,,2026-07-01
LG,LG TV OLED evo OLED42C54LA 42 4K Dolby Atmos G-SYNC FreeSync Smart TV,https://www.amazon.co.uk/dp/B0FQP7K879,42.0,,,,,Amazon,GB,2026-08-18T04:51:51Z,B0FQP7K879,,,,,
LG,"LG 55UA75006LA 55"" 4K UHD AI TV (α7 Gen8 4K AI Processor, WebOS 25, 60Hz) Model Year 2025",https://www.amazon.co.uk/dp/B0F2GHFZCJ,55.0,,,,,Amazon,GB,2026-08-18T04:51:51Z,B0F2GHFZCJ,,,,,
LG,"LG OLED77C54LA - 77"" OLED EVO 4K, Smart TV AI B5, WebOS 25, Dolby Vision and Dolby Atmos, AMD FreeSync, Alexa/Google Assistant, Black",https://www.amazon.co.uk/dp/B0F3D64K3K,77.0,3307.65,2843.69,GBP,3307.65,Amazon,GB,2026-08-18T04:51:51Z,B0F3D64K3K,,,,,2026-07-01
LG,TV LED UHD LG 49UM7100PLB,https://www.amazon.co.uk/dp/B07R9B3J4J,49.0,1751.71,1506.0,GBP,1751.71,Amazon,GB,2026-08-18T04:51:51Z,B07R9B3J4J,,,,,2026-07-01
LG,"LG 65"" 65C44LA 4K Ultra HD HDR OLED AMD FreeSync Smart TV",https://www.amazon.co.uk/dp/B0D671RPKR,65.0,1627.26,1399.0,GBP,1627.26,Amazon,GB,2026-08-18T04:51:51Z,B0D671RPKR,,,,,2026-07-01
LG,"LG 65UA75006LA 65"" 4K UHD AI TV (α7 Gen8 4K AI Processor, WebOS 25, 60Hz) Model Year 2025",https://www.amazon.co.uk/dp/B0F2GL2LXJ,65.0,566.31,486.87,GBP,566.31,Amazon,GB,2026-08-18T04:51:51Z,B0F2GL2LXJ,,,,,2026-07-01
LG,TV LG OLED evo G4 55 Inch 4K UHD - OLED55G45LW,https://www.amazon.co.uk/dp/B0CY5RGZF4,55.0,2200.45,1891.79,GBP,2200.45,Amazon,GB,2026-08-18T04:51:51Z,B0CY5RGZF4,,,,,2026-07-01
LG,"LG Gallery TV AI with Frame LX7 Mini LED 55 inch 4K Smart TV - 55LX7B6LA (α7 AI Processor 4K Gen9, 60Hz, HDR10, FILMMAKER MODE™, Google Cast, Apple AirPlay 2) [Model year 2026]",https://www.amazon.co.uk/dp/B0H3W4CFHG,55.0,1161.99,999.0,GBP,1161.99,Amazon,GB,2026-08-18T04:51:51Z,B0H3W4CFHG,,,,,2026-07-01
LG,"LG 32LJ510B - 32"" HD READY LED TELEVISION",https://www.amazon.co.uk/dp/B0777SDYRC,32.0,823.51,708.0,GBP,823.51,Amazon,GB,2026-08-18T04:51:51Z,B0777SDYRC,,,,,2026-07-01
LG,LG 55QNED70A6A (2025) 55-Inch QNED AI 4K UHD HDR Smart TV bundle with US20A Bluetooth Soundbar 2.0 Channel,https://www.amazon.co.uk/dp/B0GQTDMKZX,55.0,575.73,494.97,GBP,575.73,Amazon,GB,2026-08-18T04:51:51Z,B0GQTDMKZX,,,,,2026-07-01
LG,LG 43 Inch UHD TV - 43UR78006LK,https://www.amazon.co.uk/dp/B0C4T3HR77,43.0,560.63,481.99,GBP,560.63,Amazon,GB,2026-08-18T04:51:51Z,B0C4T3HR77,,,,,2026-07-01
LG,"LG OLED55G56LS.AEU, OLED 4K, Intelligent Processor, 11 AI Processor 4K Gen2, Smart TV, DVB-T2 (H.265), Rocky Black",https://www.amazon.co.uk/dp/B0FTTMD4DB,55.0,2489.72,2140.49,GBP,2489.72,Amazon,GB,2026-08-18T04:51:51Z,B0FTTMD4DB,,,,,2026-07-01
LG,LG OLED48C55LA 48-Inch OLEDevo AI 4K UHD Smart TV bundle with US40T Bluetooth Soundbar 2.1 Channel (Wireless Subwoofer),https://www.amazon.co.uk/dp/B0GQTJZR7L,48.0,1114.3,958.0,GBP,1114.3,Amazon,GB,2026-08-18T04:51:51Z,B0GQTJZR7L,,,,,2026-07-01
LG,"TV LG Led QNED evo AI QNED86 2025 43"" Edge-LED 4K Ultra HD",https://www.amazon.co.uk/dp/B0F227BJW3,43.0,785.93,675.69,GBP,785.93,Amazon,GB,2026-08-18T04:51:51Z,B0F227BJW3,,,,,2026-07-01
LG,LG 2024 OLED TV | OLED55B4 | 55'' (139 cm) | OLED| α8 AI 4K Processor | Dolby Vision & Atmos | Alexa,https://www.amazon.co.uk/dp/B0D54N4TR6,55.0,1430.2,1229.59,GBP,1430.2,Amazon,GB,2026-08-18T04:51:51Z,B0D54N4TR6,,,,,2026-07-01
LG,"LG 75QNED86T6A TV 75 Inch (190 cm) QNED TV (α8 4K AI Processor, webOS 24, HDR10, up to 120 Hz) [Model Year 2024]",https://www.amazon.co.uk/dp/B0CYQ18M44,75.0,1560.48,1341.59,GBP,1560.48,Amazon,GB,2026-08-18T04:51:51Z,B0CYQ18M44,,,,,2026-07-01
LG,LG OLED65C55LA 65-Inch OLEDevo AI 4K UHD Smart TV bundle with US40T Bluetooth Soundbar 2.1 Channel (Wireless Subwoofer),https://www.amazon.co.uk/dp/B0GQTT7G7S,65.0,1695.88,1458.0,GBP,1695.88,Amazon,GB,2026-08-18T04:51:51Z,B0GQTT7G7S,,,,,2026-07-01
LG,"LG OLED48C55LA 48-Inch OLEDevo AI 4K UHD Smart TV bundle with X02 Portable Bluetooth Multi-Directional Speaker, 15H Battery Life, IP55 Waterproof",https://www.amazon.co.uk/dp/B0GH7THF1F,48.0,991.92,852.78,GBP,991.92,Amazon,GB,2026-08-18T04:51:51Z,B0GH7THF1F,,,,,2026-07-01
LG,"LG OLED42C35LA 42"", 4K OLED EVO, Smart TV, webOS23, maximum power processor, Dolby Vision, Dolby Atmos, Gaming, Alexa/Google Assistant",https://www.amazon.co.uk/dp/B0C1H8GN1J,42.0,1430.2,1229.59,GBP,1430.2,Amazon,GB,2026-08-18T04:51:51Z,B0C1H8GN1J,,,,,2026-07-01
LG,LG OLED TV Evo OLED48C54LA 48.4K UHD 144Hz Dolby Atmos HDR10 Smart Wi-FI 6 AirPlay 2,https://www.amazon.co.uk/dp/B0F74MGW2D,48.0,,,,,Amazon,GB,2026-08-18T04:51:51Z,B0F74MGW2D,,,,,
LG,"LG 42C44LA 4K Ultra HD OLED AMD FreeSync 42"" Smart TV",https://www.amazon.co.uk/dp/B0D671ZZXL,42.0,1430.2,1229.59,GBP,1430.2,Amazon,GB,2026-08-18T04:51:51Z,B0D671ZZXL,,,,,2026-07-01
LG,"Smart TV 43"" UHD 4K LG 43UP751C",https://www.amazon.co.uk/dp/B09N7NDZXR,43.0,312.89,269.0,GBP,312.89,Amazon,GB,2026-08-18T04:51:51Z,B09N7NDZXR,,,,,2026-07-01
LG,"LG OLED65C54LA 65"" 4K Ultra HD HDR OLED Smart TV",https://www.amazon.co.uk/dp/B0FQP6YQJG,65.0,1766.78,1518.95,GBP,1766.78,Amazon,GB,2026-08-18T04:51:51Z,B0FQP6YQJG,,,,,2026-07-01
LG,"LG OLED65C55LA 65-Inch OLEDevo AI 4K UHD Smart TV bundle US60T Bluetooth Soundbar 3.1 channel, 340W",https://www.amazon.co.uk/dp/B0F7Y428FX,65.0,1742.41,1498.0,GBP,1742.41,Amazon,GB,2026-08-18T04:51:51Z,B0F7Y428FX,,,,,2026-07-01
LG,LG 50UR81003LJ - 50 inch (127cm) - LED - 2023,https://www.amazon.co.uk/dp/B0D54SLGVV,50.0,636.61,547.31,GBP,636.61,Amazon,GB,2026-08-18T04:51:51Z,B0D54SLGVV,,,,,2026-07-01
LG,"LG OLED evo C3 65"" 4K Smart TV, 2023 (Renewed)",https://www.amazon.co.uk/dp/B0H95NQ8DW,65.0,1343.43,1154.99,GBP,1343.43,Amazon,GB,2026-08-18T04:51:51Z,B0H95NQ8DW,,,,,2026-07-01
LG,"LG 75QNED91T6A 75"", 4K QNED MiniLED, Smart TV, WebOS24, Series 91, High Power Processor, Dolby Vision, Dolby Atmos, Gaming, Alexa/Google Assistant, Black",https://www.amazon.co.uk/dp/B0CYH2LJ8R,75.0,2002.94,1721.99,GBP,2002.94,Amazon,GB,2026-08-18T04:51:51Z,B0CYH2LJ8R,,,,,2026-07-01
LG,"LG Ultimate AI 50UA75006LA UHD Smart TV - 50"" (127cm) 4K UHD, HDR10 Pro, webOS 25, α7 Gen8, Dolby Digital Plus, VRR, HDMI x3",https://www.amazon.co.uk/dp/B0FQTVDWGK,50.0,799.77,687.59,GBP,799.77,Amazon,GB,2026-08-18T04:51:51Z,B0FQTVDWGK,,,,,2026-07-01
LG,LG TV AI B5 (2025) 55 Inch OLED UHD 4K Preta,https://www.amazon.co.uk/dp/B0FLDYSCZ8,55.0,,,,,Amazon,GB,2026-08-18T04:51:51Z,B0FLDYSCZ8,,,,,
LG,LG 50 Inch UHD TV 2023 - 50UR78006LK,https://www.amazon.co.uk/dp/B0C2DGWQS4,50.0,394.31,339.0,GBP,394.31,Amazon,GB,2026-08-18T04:51:51Z,B0C2DGWQS4,,,,,2026-07-01
LG,"LG 55"" 55C44LA 4K Ultra HD OLED AMD FreeSync Smart TV",https://www.amazon.co.uk/dp/B0D66YSRL9,55.0,1703.66,1464.69,GBP,1703.66,Amazon,GB,2026-08-18T04:51:51Z,B0D66YSRL9,,,,,2026-07-01
LG,"LG 75QNED80A6A 75-Inch QNED AI 4K UHD Smart TV bundle with X02 Portable Bluetooth Multi-Directional Speaker, 15H Battery Life, IP55 Waterproof",https://www.amazon.co.uk/dp/B0GH7L77XL,75.0,1457.18,1252.78,GBP,1457.18,Amazon,GB,2026-08-18T04:51:51Z,B0GH7L77XL,,,,,2026-07-01
LG,"LG 65UA75006LA UHD UA75 4K Smart TV, α7 AI Processor Gen8, 60Hz, HDR10, Filmmaker Mode™, Google Cast, Apple AirPlay 2, Model Year 2025 [Energy Class G]",https://www.amazon.co.uk/dp/B0HDPCYXJK,65.0,574.59,493.99,GBP,574.59,Amazon,GB,2026-08-18T04:51:51Z,B0HDPCYXJK,,,,,2026-07-01
LG,LG LED TV NANOCELL 2025 65NANO81A6A 164 cm 4K HDR10 60Hz Pure Colors webOS 25,https://www.amazon.co.uk/dp/B0F4PS3DLS,65.0,663.53,570.46,GBP,663.53,Amazon,GB,2026-08-18T04:51:51Z,B0F4PS3DLS,,,,,2026-07-01
LG,"LG C5 77"" OLED evo AI 4K HDR Smart TV 2025 (OLED77C56LB) & USC9S 3.1.3 Wireless Sound Bar Bundle",https://www.amazon.co.uk/dp/B0GPKCLNJZ,77.0,2557.78,2199.0,GBP,2557.78,Amazon,GB,2026-08-18T04:51:51Z,B0GPKCLNJZ,,,,,2026-07-01
LG,LG 50QNED80A6A 50-Inch 4K UHD Smart TV bundle with xboom Grab Portable Bluetooth Speaker,https://www.amazon.co.uk/dp/B0G7XZHSYJ,50.0,555.99,478.0,GBP,555.99,Amazon,GB,2026-08-18T04:51:51Z,B0G7XZHSYJ,,,,,2026-07-01
LG,"LG 49"" LED-TV, UHD - 4K, HDR10, Voice Control - 49UN73906LE.AEU, 2021",https://www.amazon.co.uk/dp/B086G5Y2J1,49.0,,,,,Amazon,GB,2026-08-18T04:51:51Z,B086G5Y2J1,,,,,
LG,LG 50QNED70B6C - Smart TV 50 Inch 4K QNED DVB-T2 HEVC/H.265 Wifi Black Energy Class F,https://www.amazon.co.uk/dp/B0H36SHKPF,50.0,851.66,732.2,GBP,851.66,Amazon,GB,2026-08-18T04:51:51Z,B0H36SHKPF,,,,,2026-07-01
LG,LG 42LV550T 42-inch Widescreen Full HD 1080p 100Hz LED Smart TV with Freeview HD,https://www.amazon.co.uk/dp/B004ZC3JAC,42.0,666.76,573.23,GBP,666.76,Amazon,GB,2026-08-18T04:51:51Z,B004ZC3JAC,,,,,2026-07-01
LG,LG 65QNED80A6A (2025) 65-Inch QNED AI 4K UHD HDR Smart TV bundle with US40TR Bluetooth Soundbar 4.1 Channel (Wireless Subwoofer),https://www.amazon.co.uk/dp/B0FSF3V4DK,65.0,1082.4,930.57,GBP,1082.4,Amazon,GB,2026-08-18T04:51:51Z,B0FSF3V4DK,,,,,2026-07-01
LG,"LG Electronics, NanoCell TV",https://www.amazon.co.uk/dp/B0873NLP8N,65.0,,,,,Amazon,GB,2026-08-18T04:51:51Z,B0873NLP8N,,,,,
LG,LG 32LN662V TV 32 Inch Smart TV DVB-T2 HD LCD Energy Class F,https://www.amazon.co.uk/dp/B0G1ZCRKXN,32.0,609.02,523.59,GBP,609.02,Amazon,GB,2026-08-18T04:51:51Z,B0G1ZCRKXN,,,,,2026-07-01
LG,"LG OLED65C65LA 65-Inch OLED evo AI 4K UHD Smart TV bundle with US60T Soundbar with Cinematic Sound & WOW Interface 3.1 channel, 340W",https://www.amazon.co.uk/dp/B0GVDRNCYF,65.0,2905.56,2498.0,GBP,2905.56,Amazon,GB,2026-08-18T04:51:51Z,B0GVDRNCYF,,,,,2026-07-01
LG,"LG 55QNED866RE_AEK 55"" 4K Smart QNED TV, (Pack Of 1)",https://www.amazon.co.uk/dp/B0BYZKGTNF,55.0,,,,,Amazon,GB,2026-08-18T04:51:51Z,B0BYZKGTNF,,,,,
LG,"LG OLED55C65LA 55-Inch OLED evo AI 4K UHD Smart TV bundle with US40TR Soundbar with Wireless Subwoofer & Surround Sound 4.1 channel, 400W",https://www.amazon.co.uk/dp/B0GVDTF3FN,55.0,2129.24,1830.57,GBP,2129.24,Amazon,GB,2026-08-18T04:51:51Z,B0GVDTF3FN,,,,,2026-07-01
LG,"LG OLED42C65LA 42-Inch OLED evo AI 4K UHD Smart TV bundle with XO2 Portable Bluetooth Multi-Directional Speaker, 15H Battery Life, IP55 Waterproof",https://www.amazon.co.uk/dp/B0GVDGZK18,42.0,1457.18,1252.78,GBP,1457.18,Amazon,GB,2026-08-18T04:51:51Z,B0GVDGZK18,,,,,2026-07-01
LG,LG 43QNED70A6A (2025) 43-Inch QNED AI 4K UHD HDR Smart TV bundle with US40T Bluetooth Soundbar 2.1 Channel (Wireless Subwo...,https://www.amazon.co.uk/dp/B0GQV35CVD,43.0,567.62,488.0,GBP,567.62,Amazon,GB,2026-08-18T04:51:51Z,B0GQV35CVD,,,,,2026-07-01
LG,LG 43QNED80A6A (2025) 43-Inch QNED AI 4K UHD HDR Smart TV bundle with US40T Bluetooth Soundbar 2.1 Channel (Wireless Subwo...,https://www.amazon.co.uk/dp/B0GQTN1GVN,43.0,602.51,518.0,GBP,602.51,Amazon,GB,2026-08-18T04:51:51Z,B0GQTN1GVN,,,,,2026-07-01
LG,"LG OLED42C65LA 42-Inch OLED evo AI 4K UHD Smart TV bundle with US60T Soundbar with Cinematic Sound & WOW Interface 3.1 channel, 340W",https://www.amazon.co.uk/dp/B0GVDGSKK9,42.0,1626.09,1398.0,GBP,1626.09,Amazon,GB,2026-08-18T04:51:51Z,B0GVDGSKK9,,,,,2026-07-01
LG,"LG OLED55C65LA 55-Inch OLED evo AI 4K UHD Smart TV bundle with US40T Soundbar with Wireless Subwoofer & WOW Interface 2.1 channel, 300W",https://www.amazon.co.uk/dp/B0GVDGBY3T,55.0,2044.83,1758.0,GBP,2044.83,Amazon,GB,2026-08-18T04:51:51Z,B0GVDGBY3T,,,,,2026-07-01
LG,"LG OLED42C65LA 42-Inch OLED evo AI 4K UHD Smart TV bundle with US40T Soundbar with Wireless Subwoofer & WOW Interface 2.1 channel, 300W",https://www.amazon.co.uk/dp/B0GVDLMJHZ,42.0,1579.57,1358.0,GBP,1579.57,Amazon,GB,2026-08-18T04:51:51Z,B0GVDLMJHZ,,,,,2026-07-01
LG,"LG LED UR80 75"" 4K Smart TV, 2023",https://www.amazon.co.uk/dp/B0BYKC4WC9,75.0,,,,,Amazon,GB,2026-08-18T04:51:51Z,B0BYKC4WC9,,,,,
LG,LG 43QNED70B6C - Smart TV 43 Inch 4K 3840 x 2160 pixels QNED DVB-T2 Wifi HEVC/H.265 Energy Class F,https://www.amazon.co.uk/dp/B0H3717ZS4,43.0,765.87,658.44,GBP,765.87,Amazon,GB,2026-08-18T04:51:51Z,B0H3717ZS4,,,,,2026-07-01
LG,"LG 50QNED70A6A (2025) 50-Inch QNED AI 4K UHD HDR Smart TV bundle with US60T Bluetooth Soundbar 3.1 channel, 340W",https://www.amazon.co.uk/dp/B0GQTQF6P7,50.0,649.04,558.0,GBP,649.04,Amazon,GB,2026-08-18T04:51:51Z,B0GQTQF6P7,,,,,2026-07-01
LG,"LG OLED42C65LA 42-Inch OLED evo AI 4K UHD Smart TV bundle with US40TR Soundbar with Wireless Subwoofer & Surround Sound 4.1 channel, 400W",https://www.amazon.co.uk/dp/B0GVDHCJYZ,42.0,1663.98,1430.57,GBP,1663.98,Amazon,GB,2026-08-18T04:51:51Z,B0GVDHCJYZ,,,,,2026-07-01
LG,"LG 43QNED70A6A (2025) 43-Inch QNED AI 4K UHD HDR Smart TV bundle with US60T Bluetooth Soundbar 3.1 channel, 340W",https://www.amazon.co.uk/dp/B0GQTQ1YHM,43.0,614.15,528.0,GBP,614.15,Amazon,GB,2026-08-18T04:51:51Z,B0GQTQ1YHM,,,,,2026-07-01
LG,LG OLED42C55LA 42-Inch OLEDevo AI 4K UHD Smart TV bundle with US40T Bluetooth Soundbar 2.1 Channel (Wireless Subwoofer),https://www.amazon.co.uk/dp/B0GQTP7FLY,42.0,1044.51,898.0,GBP,1044.51,Amazon,GB,2026-08-18T04:51:51Z,B0GQTP7FLY,,,,,2026-07-01
LG,LG OLED65G66LS – 65 Inch Smart TV 4K DVB-T2 HEVC/H.265 OLED Wifi Energy Class E,https://www.amazon.co.uk/dp/B0H36VQ8P1,65.0,3965.08,3408.9,GBP,3965.08,Amazon,GB,2026-08-18T04:51:51Z,B0H36VQ8P1,,,,,2026-07-01
LG,"LG 55QNED70A6A (2025) 55-Inch QNED AI 4K UHD HDR Smart TV bundle with US60T Bluetooth Soundbar 3.1 channel, 340W",https://www.amazon.co.uk/dp/B0GQTR5BFM,55.0,731.6,628.98,GBP,731.6,Amazon,GB,2026-08-18T04:51:51Z,B0GQTR5BFM,,,,,2026-07-01
LG,"LG 75QNED80A6A (2025) 75-Inch QNED AI 4K UHD HDR Smart TV bundle with US60T Bluetooth Soundbar 3.1 channel, 340W",https://www.amazon.co.uk/dp/B0GQTTBQ5X,75.0,1626.09,1398.0,GBP,1626.09,Amazon,GB,2026-08-18T04:51:51Z,B0GQTTBQ5X,,,,,2026-07-01
LG,"LG OLED55C65LA 55-Inch OLED evo AI 4K UHD Smart TV bundle with XO2 Portable Bluetooth Multi-Directional Speaker, 15H Battery Life, IP55 Waterproof",https://www.amazon.co.uk/dp/B0GVDHHJYN,55.0,1922.44,1652.78,GBP,1922.44,Amazon,GB,2026-08-18T04:51:51Z,B0GVDHHJYN,,,,,2026-07-01
LG,"LG 55QNED85B6B 55-Inch QNED evo MiniLED AI 4K UHD Smart TV bundle with US60T Soundbar with Cinematic Sound & WOW Interface 3.1 channel, 340W",https://www.amazon.co.uk/dp/B0GVDGQ3RJ,55.0,1102.67,948.0,GBP,1102.67,Amazon,GB,2026-08-18T04:51:51Z,B0GVDGQ3RJ,,,,,2026-07-01
LG,"LG OLED48C65LA 48-Inch OLED evo AI 4K UHD Smart TV bundle with US40TR Soundbar with Wireless Subwoofer & Surround Sound 4.1 channel, 400W",https://www.amazon.co.uk/dp/B0GVDGQTJZ,48.0,1780.29,1530.57,GBP,1780.29,Amazon,GB,2026-08-18T04:51:51Z,B0GVDGQTJZ,,,,,2026-07-01
LG,"LG OLED48C65LA 48-Inch OLED evo AI 4K UHD Smart TV bundle with US40T Soundbar with Wireless Subwoofer & WOW Interface 2.1 channel, 300W",https://www.amazon.co.uk/dp/B0GVDKZDL8,48.0,1695.88,1458.0,GBP,1695.88,Amazon,GB,2026-08-18T04:51:51Z,B0GVDKZDL8,,,,,2026-07-01
TCL,"TCL 75P6K-UK 75"" 4K Ultra HD, HDR TV, Smart TV Powered by Google TV (Dolby Audio, Voice Control, compatible with Google assistant, Chromecast built-in, 2025 Model)",https://www.amazon.co.uk/dp/B0F2133XR5,75.0,,,,,Amazon,GB,2026-08-18T04:51:51Z,B0F2133XR5,,,,,
LG,"LG OLED48C65LA 48-Inch OLED evo AI 4K UHD Smart TV bundle with US60T Soundbar with Cinematic Sound & WOW Interface 3.1 channel, 340W",https://www.amazon.co.uk/dp/B0GVDD4QK8,48.0,1742.41,1498.0,GBP,1742.41,Amazon,GB,2026-08-18T04:51:51Z,B0GVDD4QK8,,,,,2026-07-01
LG,"LG OLED48C65LA 48-Inch OLED evo AI 4K UHD Smart TV bundle with XO2 Portable Bluetooth Multi-Directional Speaker, 15H Battery Life, IP55 Waterproof",https://www.amazon.co.uk/dp/B0GVDP23XP,48.0,1573.49,1352.78,GBP,1573.49,Amazon,GB,2026-08-18T04:51:51Z,B0GVDP23XP,,,,,2026-07-01
Hisense,"Hisense 55"" 55A7QTUK QLED Smart AI TV - 4K Direct Lit Viewing, Quantum Dot Colour, Hi-View AI Engine, Built in Subwoofer, Dolby Vision, Dolby Atmos with with Freely, Disney +, YouTube, Netflix",https://www.amazon.co.uk/dp/B0F7WSRXSH,55.0,405.94,349.0,GBP,405.94,Amazon,GB,2026-08-18T04:51:51Z,B0F7WSRXSH,,,,,2026-07-01
Hisense,"Hisense 55A6BGTUK (55 Inch) 4K UHD Smart TV, with Dolby Vision HDR, DTS Virtual X, Youtube, Netflix, Disney +, Freeview Play and Alexa Built-in, Bluetooth and WiFi (2022 NEW), black",https://www.amazon.co.uk/dp/B09ZPWRGN4,55.0,359.42,309.0,GBP,359.42,Amazon,GB,2026-08-18T04:51:51Z,B09ZPWRGN4,,,,,2026-07-01
Sony,"Sony BRAVIA 5 – XR, Mini LED, AI XR Processor, Acoustic Multi-Audio, Dolby Vision/Atmos, IMAX Enhanced, Google TV (2025), Google Cast, Apple AirPlay 2, Eco Dashboard 2 – 85-inch",https://www.amazon.co.uk/dp/B0F29J593K,85.0,2674.1,2299.0,GBP,2674.1,Amazon,GB,2026-08-18T04:51:51Z,B0F29J593K,,,,,2026-07-01
TCL,"TCL 65PF650K 65-inch 4K Ultra HD, HDR TV, Smart LED Fire TV (Dolby Vision, Dolby Atmos, DTS, HDR 10, Alexa built-in, Airplay2, Miracast)",https://www.amazon.co.uk/dp/B0D81MXY4N,65.0,,,,,Amazon,GB,2026-08-18T04:51:51Z,B0D81MXY4N,,,,,
TCL,"TCL 50PF650K 50-inch 4K Ultra HD, HDR TV, Smart LED Fire TV (Dolby Vision, Dolby Atmos, DTS, HDR 10, Alexa built-in, Airplay2, Miracast)",https://www.amazon.co.uk/dp/B0D7ZBWK6K,50.0,289.63,249.0,GBP,289.63,Amazon,GB,2026-08-18T04:51:51Z,B0D7ZBWK6K,,,,,2026-07-01
TCL,"TCL 55C6K-UK QD-Mini LED TV, 4K HDR Premium 1000nits, Smart TV Powered by Google TV (Dolby Vision IQ & Atmos, Onkyo 2.1 Sound System, 144Hz Motion Clarity Pro)",https://www.amazon.co.uk/dp/B0H4R1PD9L,55.0,580.41,499.0,GBP,580.41,Amazon,GB,2026-08-18T04:51:51Z,B0H4R1PD9L,,,,,2026-07-01
TCL,"TCL 43V5C-UK 43Inch Full HD Smart QLED Direct LED TV with Android TV​ and HDR - Compatible with Google Cast and Google Home, Slim Design",https://www.amazon.co.uk/dp/B0FVFS9S7F,43.0,231.47,199.0,GBP,231.47,Amazon,GB,2026-08-18T04:51:51Z,B0FVFS9S7F,,,,,2026-07-01
TCL,"TCL 43PF650K 43-inch 4K Ultra HD, HDR TV, Smart LED Fire TV (Dolby Vision, Dolby Atmos, DTS, HDR 10, Alexa built-in, Airplay2, Miracast)",https://www.amazon.co.uk/dp/B0D81MT2ZN,43.0,,,,,Amazon,GB,2026-08-18T04:51:51Z,B0D81MT2ZN,,,,,
TCL,"TCL 50T6C-UK 50 Inch QLED 4K HDR TV, Fire TV (Smart TV with Dolby Vision & Atmos, HDR10+, Press & Ask Alexa, 2025 Model)",https://www.amazon.co.uk/dp/B0DW8P6BCG,50.0,324.52,279.0,GBP,324.52,Amazon,GB,2026-08-18T04:51:51Z,B0DW8P6BCG,,,,,2026-07-01
TCL,"TCL 50C7K-UK 50 Inch QD-Mini LED TV, 4K HDR Premium 2000, Smart TV Powered by Google TV (Dolby Vision IQ & Atmos, HVA Panel, 144Hz Motion Clarity Pro, Game Master)",https://www.amazon.co.uk/dp/B0GL921KL1,50.0,615.31,529.0,GBP,615.31,Amazon,GB,2026-08-18T04:51:51Z,B0GL921KL1,,,,,2026-07-01
TCL,"TCL 43V6D-UK 43 Inch 4K HDR, Fire TV, HDR10+, Dolby Atmos, DTS:X, Game Master, Motion Clarity, AirPlay 2, Press & Ask Alexa (2026 New Model)",https://www.amazon.co.uk/dp/B0GZPVKBN9,43.0,301.26,259.0,GBP,301.26,Amazon,GB,2026-08-18T04:51:51Z,B0GZPVKBN9,,,,,2026-07-01
TCL,"TCL 65T6C-UK 65 Inch QLED 4K HDR TV, Fire TV (Smart TV with Dolby Vision & Atmos, HDR10+, Press & Ask Alexa, 2025 Model)",https://www.amazon.co.uk/dp/B0DW8PXV62,65.0,518.77,446.0,GBP,518.77,Amazon,GB,2026-08-18T04:51:51Z,B0DW8PXV62,,,,,2026-07-01
TCL,"TCL 50Q6C-UK QD-Mini LED TV, 4K HDR Premium 1000nits, Smart TV Powered by Google TV (Dolby Vision IQ & Atmos, 144Hz Motion Clarity Pro,2025 Model)",https://www.amazon.co.uk/dp/B0FKT36J2G,50.0,498.99,429.0,GBP,498.99,Amazon,GB,2026-08-18T04:51:51Z,B0FKT36J2G,,,,,2026-07-01
Hisense,"Hisense 50"" 50A6QTUK 4K Ultra HD Smart AI TV - Hi-View AI Engine, precision colour, AI smooth motion, sports mode with Freely, Disney+, YouTube, Netflix",https://www.amazon.co.uk/dp/B0F7WH2QM2,50.0,305.91,263.0,GBP,305.91,Amazon,GB,2026-08-18T04:51:51Z,B0F7WH2QM2,,,,,2026-07-01
TCL,"TCL 55P7K-UK 55"" QLED 4K Ultra HD HDR Google TV (Google Assistant, Freeview Play, Dolby Atmos, Dolby Vision, HDR10+, 120Hz Game Accelerator, Motion Clarity，2025 Model)",https://www.amazon.co.uk/dp/B0DPM2TXQG,55.0,432.67,371.98,GBP,432.67,Amazon,GB,2026-08-18T04:51:51Z,B0DPM2TXQG,,,,,2026-07-01
TCL,"TCL 85T6C-UK 85 Inch QLED 4K HDR TV, Fire TV (Smart TV with Dolby Vision & Atmos, HDR10+, Press & Ask Alexa, 2025 Model)",https://www.amazon.co.uk/dp/B0F66G8689,85.0,929.36,799.0,GBP,929.36,Amazon,GB,2026-08-18T04:51:51Z,B0F66G8689,,,,,2026-07-01
TCL,"TCL 98Q6C-UK QD-Mini LED TV, 4K HDR Premium 1000nits, Smart TV Powered by Google TV (Dolby Vision IQ & Atmos, Matte HVA Panel, Onkyo 2.1 Sound System, 144Hz Motion Clarity Pro, 2025 Model)",https://www.amazon.co.uk/dp/B0DWF1SZPM,98.0,1743.57,1499.0,GBP,1743.57,Amazon,GB,2026-08-18T04:51:51Z,B0DWF1SZPM,,,,,2026-07-01
TCL,"TCL 65P8L-UK 65 Inch QD-Mini LED 4K HDR Ultra HD TV, Smart Google TV (Dolby Vision, HDR10+ & Atmos, 144Hz VRR, FreeSync Premium, Onkyo 2.1 sound, Game Master, Voice Control, 2026 New Model)",https://www.amazon.co.uk/dp/B0GY582KSN,65.0,987.52,849.0,GBP,987.52,Amazon,GB,2026-08-18T04:51:51Z,B0GY582KSN,,,,,2026-07-01
TCL,"TCL 65Q7D-UK 65 Inch RGB-Mini LED TV, 4K HDR 2000 nits, 1,344 Precise colour Zones, Google TV, Dolby Vision IQ & Atmos, 2.1 Onkyo, 144Hz, Apple AirPlay 2, Alexa (2026 New Model)",https://www.amazon.co.uk/dp/B0H1C5D26Z,65.0,1510.94,1299.0,GBP,1510.94,Amazon,GB,2026-08-18T04:51:51Z,B0H1C5D26Z,,,,,2026-07-01
TCL,"TCL 43A400PRO-UK 43 Inch NXTVISION QLED Art TV, 4K HDR, Google TV, Frame Design, Dolby Vision, Dolby Audio, AirPlay 2 (2026 New Model)",https://www.amazon.co.uk/dp/B0GYFDBJ93,43.0,696.73,599.0,GBP,696.73,Amazon,GB,2026-08-18T04:51:51Z,B0GYFDBJ93,,,,,2026-07-01
TCL,"TCL 50P7K-UK 50"" QLED 4K Ultra HD HDR Google TV (Google Assistant, Freeview Play, Dolby Atmos, Dolby Vision, HDR10+, Motion Clarity，2025 Model)",https://www.amazon.co.uk/dp/B0DPM2CCWQ,50.0,382.68,329.0,GBP,382.68,Amazon,GB,2026-08-18T04:51:51Z,B0DPM2CCWQ,,,,,2026-07-01
TCL,"TCL 40V5D-UK 40 Inch Full HD QLED HDR Smart TV with Fire TV | Direct LED, Apple AirPlay 2, Press & Ask Alexa, Metallic Bezel-Less Design",https://www.amazon.co.uk/dp/B0H7H3HFQZ,40.0,277.99,239.0,GBP,277.99,Amazon,GB,2026-08-18T04:51:51Z,B0H7H3HFQZ,,,,,2026-07-01
TCL,"TCL NXTVISION 55A300W-UK QLED PRO 4K Ultra HD TV, 4K HDR PRO, Matte Screen, Smart TV Powered by Google TV (Dolby Vision IQ & Atmos, 144Hz Motion Clarity Pro, compatible with Google Assistant)",https://www.amazon.co.uk/dp/B0FKT1MNM1,55.0,772.34,664.0,GBP,772.34,Amazon,GB,2026-08-18T04:51:51Z,B0FKT1MNM1,,,,,2026-07-01
TCL,"TCL 75RC650K 75-inch QLED Pro Television, 4K Ultra HD, Roku TV (Smart TV with Dolby Vision & Audio, HDR 10+, compatible with Google assistant & Alexa)",https://www.amazon.co.uk/dp/B0DDXKY2RQ,75.0,661.84,569.0,GBP,661.84,Amazon,GB,2026-08-18T04:51:51Z,B0DDXKY2RQ,,,,,2026-07-01
TCL,"TCL 43SF560-UK 43"" Full HD QLED Direct LED Smart TV with Fire TV, Alexa Voice Control, Vivid Colour & Enhanced Brightness",https://www.amazon.co.uk/dp/B0F9PNYPBF,43.0,,,,,Amazon,GB,2026-08-18T04:51:51Z,B0F9PNYPBF,,,,,
TCL,"TCL 75C855K 75-inch QLED Mini LED TV, QLED PRO, 4K HDR Premium 3500nits, Smart TV Powered by Google TV (Dolby Vision & Atmos, Onkyo 2.1.2 sound system, 144Hz Motion Clarity Pro)",https://www.amazon.co.uk/dp/B0D8TYQHV3,75.0,1510.94,1299.0,GBP,1510.94,Amazon,GB,2026-08-18T04:51:51Z,B0D8TYQHV3,,,,,2026-07-01
TCL,TCL TV MiniLED 65 Inch 65C8K 4K UHD Google TV B&O,https://www.amazon.co.uk/dp/B0FQSZV3ZS,65.0,,,,,Amazon,GB,2026-08-18T04:51:51Z,B0FQSZV3ZS,,,,,
TCL,"TCL 75C6KS-UK QD-Mini LED TV, 4K HDR Premium, Powered by Google TV (Dolby Vision & Atmos, Onkyo 2.1 Sound System, Hands-Free Voice Control, Apple AirPlay 2 & Alexa，2025 Model)",https://www.amazon.co.uk/dp/B0F25TH44Q,75.0,,,,,Amazon,GB,2026-08-18T04:51:51Z,B0F25TH44Q,,,,,
TCL,"TCL 55CF630K 139cm (55 inch) QLED Fire TV (4K Ultra HD, HDR 10+, Dolby Vision & Atmos, Smart TV, Game Master, 60Hz Motion clarity, Press & Ask Alexa), Black",https://www.amazon.co.uk/dp/B0BBQ11VCF,55.0,558.3,479.99,GBP,558.3,Amazon,GB,2026-08-18T04:51:51Z,B0BBQ11VCF,,,,,2026-07-01
TCL,"TCL 65-Inch Class QM8K Series QD-Mini LED 4K UHD Google Smart TV Next Generation Mini-LED TV - QLED, 144hz, 288hz VRR, No Bezel Design, Unrivaled Picture Quality, Ai Processing (65QM8K, 2025 Model)",https://www.amazon.co.uk/dp/B0F53CZ4WT,65.0,2918.68,2509.28,GBP,2918.68,Amazon,GB,2026-08-18T04:51:51Z,B0F53CZ4WT,,,,,2026-07-01
TCL,"TCL 40RS530K 40"" Roku Full HD LED Smart TV",https://www.amazon.co.uk/dp/B0FHWNC3JN,40.0,219.84,189.0,GBP,219.84,Amazon,GB,2026-08-18T04:51:51Z,B0FHWNC3JN,,,,,2026-07-01
Hisense,"Hisense 65"" 65E78QTUK QLED Smart AI TV - 4K Direct Lit Viewing, Quantum Dot Colour, Hi-View AI Engine, Dolby Vision, Dolby Atmos with Freely, Disney +, YouTube, Netflix",https://www.amazon.co.uk/dp/B0F7WB3V34,65.0,580.41,499.0,GBP,580.41,Amazon,GB,2026-08-18T04:51:51Z,B0F7WB3V34,,,,,2026-07-01
TCL,"TCL 55DP628 55-Inch 4K LED Ultra HD Smart TV - HDR10 / Freeview Play / BBC iPlayer / Netflix / YouTube, Work with Alexa, Wi-Fi, 3*HDMI, 2*USB Port, Black",https://www.amazon.co.uk/dp/B07GT9G3TL,55.0,440.84,379.0,GBP,440.84,Amazon,GB,2026-08-18T04:51:51Z,B07GT9G3TL,,,,,2026-07-01
Hisense,"Hisense 32"" 32E5QTUK QLED FHD Smart TV - Quantum Dot Colour, Full HD, Dolby Atmos, Sports Mode, Games Mode, Dual Position Stand with Freely, Disney +, YouTube, Netflix",https://www.amazon.co.uk/dp/B0F7WHXDTZ,32.0,219.88,189.04,GBP,219.88,Amazon,GB,2026-08-18T04:51:51Z,B0F7WHXDTZ,,,,,2026-07-01
Hisense,"Hisense 50"" 50A7QTUK QLED Smart AI TV - 4K Direct Lit Viewing, Quantum Dot Colour, Hi-View AI Engine, Built in Subwoofer, Dolby Vision, Dolby Atmos with with Freely, Disney +, YouTube, Netflix",https://www.amazon.co.uk/dp/B0F7WCBMJZ,50.0,371.05,319.0,GBP,371.05,Amazon,GB,2026-08-18T04:51:51Z,B0F7WCBMJZ,,,,,2026-07-01
Hisense,"Hisense 55"" 55U7QTUK MiniLED QLED 144Hz Smart AI TV - Hi-View AI Engine, 144Hz Game Mode PRO, 2.1 Channel, Dolby Atmos, Quantum Dot Colour, Anti-Reflection with Freely, Disney +, YouTube, Netflix",https://www.amazon.co.uk/dp/B0F7WJWY9H,55.0,568.78,489.0,GBP,568.78,Amazon,GB,2026-08-18T04:51:51Z,B0F7WJWY9H,,,,,2026-07-01
Philips,"PHILIPS Ambilight 43PUS8200 4K LED Smart TV - 43 Inch Display with Pixel Precise, Ultra HD, Titan OS Platform and Dolby Atmos Sound, Works with Alexa and Google Voice Assistant",https://www.amazon.co.uk/dp/B0F24V6J2B,43.0,231.47,199.0,GBP,231.47,Amazon,GB,2026-08-18T04:51:51Z,B0F24V6J2B,,,,,2026-07-01
Hisense,"Hisense 75"" 75U8QTUK MiniLED QLED 165Hz Smart AI TV - Hi-View AI Engine PRO, 165Hz Game Mode Ultra, 4.1.2 Channel, Dolby Atmos, Quantum Dot Colour, Anti-Reflection PRO with Freely, YouTube, Netflix",https://www.amazon.co.uk/dp/B0F7WSVV99,75.0,1859.89,1599.0,GBP,1859.89,Amazon,GB,2026-08-18T04:51:51Z,B0F7WSVV99,,,,,2026-07-01
Samsung,"Samsung 75"" QLED QEF1 4K, Q4 AI Processor, Knox Security, 100% Colour Volume with Quantum Dot, Endless Free Content, Samsung Vision AI Smart TV, 2025",https://www.amazon.co.uk/dp/B0F6TQHG7P,75.0,871.2,749.0,GBP,871.2,Amazon,GB,2026-08-18T04:51:51Z,B0F6TQHG7P,,,,,2026-07-01
Toshiba,"Toshiba 43”UV1563DB 4K Smart VIDAA TV, Ultra HD, HDR10, Freely, Disney+, Prime Video, Netflix, Dolby Audio Processing and Vision, Works with Alexa and Google Assistant, VIDAA Voice 2025",https://www.amazon.co.uk/dp/B0FQNJWQTH,43.0,,,,,Amazon,GB,2026-08-18T04:51:51Z,B0FQNJWQTH,,,,,
Hisense,"Hisense 85 Inch 4K QLED Smart TV 85E7NQTUK - Quantum Dot Colour, 4K AI Processor, Dolby Vision Atmos, Smooth Motion, Sports Mode, Vidaa OS with Freely, Youtube, Netflix and Disney+ (2024 Model)",https://www.amazon.co.uk/dp/B0CYT9PY1Q,85.0,964.26,829.0,GBP,964.26,Amazon,GB,2026-08-18T04:51:51Z,B0CYT9PY1Q,,,,,2026-07-01
TCL,"TCL 55V6C LED Direct Smart TV 55"", HDR 4K, with Google TV Technology (Dolby Audio, Motion Clarity, Compatible with Google Assistant and Alexa)",https://www.amazon.co.uk/dp/B0DV94JCVX,55.0,,,,,Amazon,GB,2026-08-18T04:51:51Z,B0DV94JCVX,,,,,
TCL,"TCL 32 Inch Class S3 1080p LED Smart TV with Google TV (32S350G, 2023 Model), Google Assistant Built-in with Voice Remote Control, Compatible with Alexa, Streaming FHD TV",https://www.amazon.co.uk/dp/B0C1HZ9HCM,32.0,434.92,373.91,GBP,434.92,Amazon,GB,2026-08-18T04:51:51Z,B0C1HZ9HCM,,,,,2026-07-01
TCL,Smart TV TCL 43P6K 43 Inch 4K Ultra HD LED HDR D-LED,https://www.amazon.co.uk/dp/B0F7RT3L5D,43.0,461.73,396.96,GBP,461.73,Amazon,GB,2026-08-18T04:51:51Z,B0F7RT3L5D,,,,,2026-07-01
TCL,"TCL QD Mini 144Hz 75C69K 75"" 4K LED TV with Google and Onkyo x Dolby Atmos 2.1 Sound System",https://www.amazon.co.uk/dp/B0F99LCHWP,75.0,1288.53,1107.79,GBP,1288.53,Amazon,GB,2026-08-18T04:51:51Z,B0F99LCHWP,,,,,2026-07-01
TCL,"TCL 65-Inch Class QLED 4K Smart NXTFrame TV with Google TV (65A300W, 2024 Model) Dolby Vision HDR & Dolby Atmos, Built-in Google Assistant with Voice Remote, Works with Alexa, Streaming Television",https://www.amazon.co.uk/dp/B0DB6HJDJL,65.0,2710.33,2330.15,GBP,2710.33,Amazon,GB,2026-08-18T04:51:51Z,B0DB6HJDJL,,,,,2026-07-01
TCL,Tv Tcl 55Q6C Q SERIES Black,https://www.amazon.co.uk/dp/B0DX185Q23,55.0,,,,,Amazon,GB,2026-08-18T04:51:51Z,B0DX185Q23,,,,,
TCL,TCL QLED TV 4K 139 cm TV NXTFrame 55A300W,https://www.amazon.co.uk/dp/B0DPLP7KHP,55.0,,,,,Amazon,GB,2026-08-18T04:51:51Z,B0DPLP7KHP,,,,,
TCL,"TCL 75P8K QLED 4K HDR UHD Smart Google TV (Dolby Vision & Atmos, 144Hz Motion Clarity Pro, FreeSync, Onkyo 2.1, Voice Control, Google Assistant, Google Cast Compatible)",https://www.amazon.co.uk/dp/B0F8J383MC,75.0,1327.32,1141.14,GBP,1327.32,Amazon,GB,2026-08-18T04:51:51Z,B0F8J383MC,,,,,2026-07-01
TCL,QLED Tcl 75P79K 189cm 4K UHD Brushed Aluminium TV,https://www.amazon.co.uk/dp/B0FR1HH7H9,75.0,1073.7,923.09,GBP,1073.7,Amazon,GB,2026-08-18T04:51:51Z,B0FR1HH7H9,,,,,2026-07-01
TCL,TCL QLED 55 Inch 55P7K UltraHD 4K Dolby Atmos Google TV,https://www.amazon.co.uk/dp/B0F99Z7M9M,55.0,,,,,Amazon,GB,2026-08-18T04:51:51Z,B0F99Z7M9M,,,,,
TCL,TCL 65C69B - Smart TV 65 Inch 4K QLED Class F Black,https://www.amazon.co.uk/dp/B0DGQBSD39,65.0,857.58,737.29,GBP,857.58,Amazon,GB,2026-08-18T04:51:51Z,B0DGQBSD39,,,,,2026-07-01
TCL,TCL 55C645 55 inch 4K UHD Google TV 2023 Brushed Aluminium QLED TV,https://www.amazon.co.uk/dp/B0CHBKT8NJ,55.0,857.58,737.29,GBP,857.58,Amazon,GB,2026-08-18T04:51:51Z,B0CHBKT8NJ,,,,,2026-07-01
TCL,"TCL 65P6L - 65 Inch Smart TV 4K LCD DVB-T2 H.264, H.265 Black Energy Class E",https://www.amazon.co.uk/dp/B0H2JKM82C,65.0,1075.15,924.34,GBP,1075.15,Amazon,GB,2026-08-18T04:51:51Z,B0H2JKM82C,,,,,2026-07-01
TCL,"Smart TV TCL 58P635 LED 4K Ultra HD 58"" Direct-LED",https://www.amazon.co.uk/dp/B0C328LKLK,58.0,862.35,741.39,GBP,862.35,Amazon,GB,2026-08-18T04:51:51Z,B0C328LKLK,,,,,2026-07-01
TCL,"TCL 85T69C 85 Inch QLED, Direct LED TV, 4K HDR TV, Smart Google TV (Dolby Vision & Atmos, Game Master, Motion Clarity, Onkyo 2.1 Sound, Compatible with Google Assistant & Alexa)",https://www.amazon.co.uk/dp/B0F8QB3MLJ,85.0,2056.86,1768.34,GBP,2056.86,Amazon,GB,2026-08-18T04:51:51Z,B0F8QB3MLJ,,,,,2026-07-01
TCL,"TCL HD 65"" 65P69K Smart TV 4K Ultra, Dolby Audio, DVB-T2, Hevc Main 10, Google TV",https://www.amazon.co.uk/dp/B0FMRX2CQV,65.0,,,,,Amazon,GB,2026-08-18T04:51:51Z,B0FMRX2CQV,,,,,
TCL,"TCL NXTVISION A300 PRO 55"" QLED PRO 4K UHD 4K HDR PRO Matte Screen Smart Google TV (Dolby Vision IQ & Dolby Audio, 144Hz Motion Clarity Pro)",https://www.amazon.co.uk/dp/B0F9WFRF4R,55.0,1560.48,1341.59,GBP,1560.48,Amazon,GB,2026-08-18T04:51:51Z,B0F9WFRF4R,,,,,2026-07-01
TCL,"TCL 65P6K 65"" LED Direct TV 4K HDR TV Smart TV with Google TV Technology (Dolby Audio, Motion Clarity, Google Assistant and Alexa Compatible)",https://www.amazon.co.uk/dp/B0F74855ZF,65.0,728.18,626.04,GBP,728.18,Amazon,GB,2026-08-18T04:51:51Z,B0F74855ZF,,,,,2026-07-01
TCL,"TCL A300W 75"" 4K Ultra HD QLED Canvase Lifestyle TV - 75A300W",https://www.amazon.co.uk/dp/B0FLF4LCNN,75.0,,,,,Amazon,GB,2026-08-18T04:51:51Z,B0FLF4LCNN,,,,,
TCL,"TCL QLED 50"" 50P7KUltraHD 4K Dolby Atmos Google TV",https://www.amazon.co.uk/dp/B0F9FMTPH8,50.0,,,,,Amazon,GB,2026-08-18T04:51:51Z,B0F9FMTPH8,,,,,
TCL,"TCL 85C8K QD-Mini LED 4K Smart TV, 5000 nits HDR Premium, 144Hz, ZeroBorder, Bang & Olufsen, Google TV, Dolby Vision IQ and Atmos, Panel WHVA, Game Master",https://www.amazon.co.uk/dp/B0FS813JCW,85.0,3687.13,3169.94,GBP,3687.13,Amazon,GB,2026-08-18T04:51:51Z,B0FS813JCW,,,,,2026-07-01
TCL,"TCL Z100 Wireless Home Theater Subwoofer with Dolby Atmos FlexConnect Technology, 5.25"" Woofer, 130W Output Power, Smart Calibration",https://www.amazon.co.uk/dp/B0FQ97LDRP,25.0,687.2,590.81,GBP,687.2,Amazon,GB,2026-08-18T04:51:51Z,B0FQ97LDRP,,,,,2026-07-01
Hisense,"Hisense 50 Inch 4K QLED Smart TV 50E7NQTUK - Quantum Dot Colour, 4K AI Processor, Dolby Vision Atmos, Smooth Motion, Sports Mode, Vidaa OS with Freely, Youtube, Netflix and Disney+ (2024 Model)",https://www.amazon.co.uk/dp/B0CYT78HNS,50.0,371.05,319.0,GBP,371.05,Amazon,GB,2026-08-18T04:51:51Z,B0CYT78HNS,,,,,2026-07-01
Samsung,"3M long LG TV Power Cable for LG TV 24"" 28"" 32"" 40"" 43"" 48"" 49"" 50"" 55"" 60"" 65"" 75"" 80"" 85"" LCD HD Smart 4K TVs 2 Prong AC Power Cord, Samsung/TCL/Sony/Hisense Replacement Cable",https://www.amazon.co.uk/dp/B0FZK3CWHN,24.0,11.62,9.99,GBP,11.62,Amazon,GB,2026-08-18T04:51:51Z,B0FZK3CWHN,,,,,2026-07-01
Hisense,"Hisense 55 Inch 4K QLED Smart TV 55A7NQTUK - Quantum Dot Colour, 4K AI Processor, Dolby Vision Atmos, Smooth Motion, Sports Mode, Vidaa OS with Freely, Youtube, Netflix and Disney+ (2024 Model)",https://www.amazon.co.uk/dp/B0D2ZLBC1M,55.0,,,,,Amazon,GB,2026-08-18T04:51:51Z,B0D2ZLBC1M,,,,,
TCL,TV Base Pedestal Feet TVs Legs Universal Stand Legs for TCL Roku 32 40 49 | 50 55 Inch Most Smart Television Table Desk Pedestal Replacement Tabletop Brackets Mount with Screws Mounting,https://www.amazon.co.uk/dp/B0DHRRJWPF,55.0,11.62,9.99,GBP,11.62,Amazon,GB,2026-08-18T04:51:51Z,B0DHRRJWPF,,,,,2026-07-01
TCL,"RC833A FMB4 Remote Control Fit for TCL T6C 43""-85"" QLED Fi-re TV | Fit for TV 43T6C 50T6C 55T6C 65T6C 75T6C 85T6C, Voice Control",https://www.amazon.co.uk/dp/B0GS93S138,43.0,29.07,24.99,GBP,29.07,Amazon,GB,2026-08-18T04:51:51Z,B0GS93S138,,,,,2026-07-01
Hisense,"Hisense 43 Inch 4K QLED Smart TV 43E7NQTUK - Quantum Dot Colour, 4K AI Processor, Dolby Vision Atmos, Smooth Motion, Sports Mode, Vidaa OS with Freely, Youtube, Netflix and Disney+ (2024 Model)",https://www.amazon.co.uk/dp/B0CYT7V571,43.0,312.89,269.0,GBP,312.89,Amazon,GB,2026-08-18T04:51:51Z,B0CYT7V571,,,,,2026-07-01
TCL,"Universal Table Top Tv Feet for Tcl, Pedestal Stand Legs with Screws | Fits 32-55 Inch Screens, Non-Slip Base for Stable Support and Quick Installation",https://www.amazon.co.uk/dp/B0DK2T4B1C,55.0,9.29,7.99,GBP,9.29,Amazon,GB,2026-08-18T04:51:51Z,B0DK2T4B1C,,,,,2026-07-01
Samsung,"Lisbon Gold Handmade Decorative Design for Samsung Frame TV, Hisense CanvasTV, TCL NXTFrame and LG Gallery Style TVs (Samsung The Frame Pro, 55'')",https://www.amazon.co.uk/dp/B0GTVWFRNH,55.0,313.94,269.9,GBP,313.94,Amazon,GB,2026-08-18T04:51:51Z,B0GTVWFRNH,,,,,2026-07-01
TCL,"Thin Ornate Gold TV Frame 65 Inch for TCL NXTFRAME & NXTVISION TVs, Handmade Wooden Art Bezel Cover, Secure Lock Picture Frame Decor Fits 65"" 4K QLED Smart Art TV Models 65A300W, 65A307W",https://www.amazon.co.uk/dp/B0FTHSXHTS,65.0,501.31,430.99,GBP,501.31,Amazon,GB,2026-08-18T04:51:51Z,B0FTHSXHTS,,,,,2026-07-01
Samsung,"Lisbon Aged Gold Handmade Decorative Design for Samsung Frame TV, Hisense CanvasTV, TCL NXTFrame and LG Gallery Style TVs (TCL NXTFrame, 85'')",https://www.amazon.co.uk/dp/B0GTZ1R3LK,85.0,547.73,470.9,GBP,547.73,Amazon,GB,2026-08-18T04:51:51Z,B0GTZ1R3LK,,,,,2026-07-01
Hisense,"Hisense 43"" 43E6QTUK 4K Ultra HD Smart AI TV - Hi-View AI Engine, precision colour, AI smooth motion, sports mode with Freely, Disney+, YouTube, Netflix",https://www.amazon.co.uk/dp/B0F7WLZN2T,43.0,266.36,229.0,GBP,266.36,Amazon,GB,2026-08-18T04:51:51Z,B0F7WLZN2T,,,,,2026-07-01
Hisense,"Hisense 32"" 32A4QTUK FHD LED TV with Freely - Direct Lit LED, Dolby Audio, Natural Colour Enhancer, Games Mode, Sports Mode with Freely, Disney +, YouTube, Netflix",https://www.amazon.co.uk/dp/B0F7WHLF6M,32.0,173.31,149.0,GBP,173.31,Amazon,GB,2026-08-18T04:51:51Z,B0F7WHLF6M,,,,,2026-07-01
Hisense,"Hisense 43"" 43E78QTUK PRO 144Hz QLED Smart AI TV - Hi-View AI Engine, 144Hz Game Mode PRO, Dolby Atmos, Quantum Dot Colour with Freely, Disney +, YouTube, Netflix",https://www.amazon.co.uk/dp/B0F7W1WN3P,43.0,368.72,317.0,GBP,368.72,Amazon,GB,2026-08-18T04:51:51Z,B0F7W1WN3P,,,,,2026-07-01
Hisense,"Hisense 43"" 43E78QTUK QLED Smart AI TV - 4K Direct Lit Viewing, Quantum Dot Colour, Hi-View AI Engine, Dolby Vision, Dolby Atmos with Freely, Disney +, YouTube, Netflix",https://www.amazon.co.uk/dp/B0F7WM1171,43.0,312.89,269.0,GBP,312.89,Amazon,GB,2026-08-18T04:51:51Z,B0F7WM1171,,,,,2026-07-01
Hisense,"Hisense 65"" 65A6QTUK 4K Ultra HD Smart AI TV - Hi-View AI Engine, precision colour, AI smooth motion, sports mode with Freely, Disney+, YouTube, Netflix",https://www.amazon.co.uk/dp/B0F7W18VSF,65.0,452.47,389.0,GBP,452.47,Amazon,GB,2026-08-18T04:51:51Z,B0F7W18VSF,,,,,2026-07-01
Hisense,"Hisense 65"" 65A85QTUK OLED Smart AI TV - 120Hz Game Mode PRO, Dolby Atmos, Dolby Vision, IMAX Enhanced, Sport Mode, Filmmaker Mode, Infinite Blacks with Freely, Disney +, YouTube, Netflix",https://www.amazon.co.uk/dp/B0F7WVWRDV,65.0,1187.61,1021.02,GBP,1187.61,Amazon,GB,2026-08-18T04:51:51Z,B0F7WVWRDV,,,,,2026-07-01
Samsung,"24"" LED Smart TV - HD Ready, Samsung Tizen OS & Gaming Hub, Black | Apple AirPlay, Alexa & Bixby Voice Control, HDR, Bluetooth, WiFi, 3x HDMI - Perfect for Streaming, Gaming & Entertainment",https://www.amazon.co.uk/dp/B0F6YYDN1Q,24.0,143.59,123.45,GBP,143.59,Amazon,GB,2026-08-18T04:51:51Z,B0F6YYDN1Q,,,,,2026-07-01
Hisense,"Hisense 58 Inch VIDAA Smart TV 58A6KTUK - Dolby Vision, Pixel Tuning, Voice Remote, Share to TV, and Youtube, Freeview Play, Netflix and Disney (2023 Model), Black",https://www.amazon.co.uk/dp/B0C4Z3L239,58.0,382.68,329.0,GBP,382.68,Amazon,GB,2026-08-18T04:51:51Z,B0C4Z3L239,,,,,2026-07-01
Hisense,"Hisense 32"" 32S5QTUK Deco TV - Quantum Dot Colour, Dolby Atmos with Freely, Disney +, YouTube, Netflix",https://www.amazon.co.uk/dp/B0GGSH8BQ5,32.0,405.94,349.0,GBP,405.94,Amazon,GB,2026-08-18T04:51:51Z,B0GGSH8BQ5,,,,,2026-07-01
Hisense,"Hisense 65"" 65U8QTUK MiniLED QLED 165Hz Smart AI TV - Hi-View AI Engine PRO, 165Hz Game Mode Ultra, 4.1.2 Channel, Dolby Atmos, Quantum Dot Colour, Anti-Reflection PRO with Freely, YouTube, Netflix",https://www.amazon.co.uk/dp/B0F7WFH1HL,65.0,1278.31,1099.0,GBP,1278.31,Amazon,GB,2026-08-18T04:51:51Z,B0F7WFH1HL,,,,,2026-07-01
Hisense,"Hisense 50"" 50A6STUK 4K Ultra HD AI Smart TV with Freely, Netflix, Disney+ and YouTube - AI 4K Upscaler, AI Smooth Motion, Game Mode Plus, Dolby Vision, Voice Control, DTS Virtual: X, Filmmaker Mode",https://www.amazon.co.uk/dp/B0GV4Z1KBW,50.0,580.41,499.0,GBP,580.41,Amazon,GB,2026-08-18T04:51:51Z,B0GV4Z1KBW,,,,,2026-07-01
Hisense,"Hisense 32"" 32E4STUK LED Full HD Smart TV with Freely, Netflix, Disney+ and YouTube - Natural Colour Enhancer, Dolby Audio, Share to TV, Noise Reduction, Game Mode, DTS Virtual: X, Smart Home Ready",https://www.amazon.co.uk/dp/B0GV4YDXMJ,32.0,289.63,249.0,GBP,289.63,Amazon,GB,2026-08-18T04:51:51Z,B0GV4YDXMJ,,,,,2026-07-01
Hisense,"Hisense 75 Inch 144Hz 4K QLED Smart Gaming TV 75E7NQTUK PRO - Full Array Local Dimming, Dolby Vision Atmos, Freesync, Subwoofer, Vidaa OS with Freely, Youtube, Netflix and Disney+ (2024 Model)",https://www.amazon.co.uk/dp/B0CYLN4FMJ,75.0,836.31,719.0,GBP,836.31,Amazon,GB,2026-08-18T04:51:51Z,B0CYLN4FMJ,,,,,2026-07-01
Xiaomi,"XIAOMI TV F Pro 32, 32 Inch (81 cm), QLED, Smart TV, Fire TV, Dolby Audio™, DTS Virtual:X S-HD, Alexa Voice Control, Works with Apple AirPlay, [Model Year] | DTS Virtual:X, DTS-HD, Alexa Voice Control, Works with Apple AirPlay",https://www.amazon.co.uk/dp/B0FCXVFVW5,32.0,161.68,139.0,GBP,161.68,Amazon,GB,2026-08-18T04:51:51Z,B0FCXVFVW5,,,,,2026-07-01
Hisense,"Hisense 43"" 43E7STUK Hi-QLED 4K Ultra HD AI Smart TV with Freely, Netflix, Disney+ and YouTube - Hi-QLED Colour, Dolby Vision.Atmos, AI 4K Upscaler, AI Smooth Motion, Game Mode Plus, Filmmaker Mode",https://www.amazon.co.uk/dp/B0GV533BJ7,43.0,522.26,449.0,GBP,522.26,Amazon,GB,2026-08-18T04:51:51Z,B0GV533BJ7,,,,,2026-07-01
Hisense,"Hisense 55"" 55A85QTUK OLED Smart AI TV - 120Hz Game Mode PRO, Dolby Atmos, Dolby Vision, IMAX Enhanced, Sport Mode, Filmmaker Mode, Infinite Blacks with Freely, Disney +, YouTube, Netflix",https://www.amazon.co.uk/dp/B0F7W6DD5X,55.0,929.36,799.0,GBP,929.36,Amazon,GB,2026-08-18T04:51:51Z,B0F7W6DD5X,,,,,2026-07-01
Hisense,"Hisense 65 Inch 144Hz QLED Gaming TV 65E7KQTUK PRO - 144Hz VRR, HDMI 2.1, Freesync Premium, Quantum Dot Colour, VIDAA U7, and Youtube, Freeview Play, Netflix and Disney+ (2023 Model)",https://www.amazon.co.uk/dp/B0C4Z4Y84G,65.0,638.57,549.0,GBP,638.57,Amazon,GB,2026-08-18T04:51:51Z,B0C4Z4Y84G,,,,,2026-07-01
Hisense,"Hisense 65"" 65E7QTUK QLED Smart AI TV - 4K Direct Lit Viewing, Quantum Dot Colour, Hi-View AI Engine, Dolby Vision, Dolby Atmos with Freely, Disney +, YouTube, Netflix",https://www.amazon.co.uk/dp/B0F7W1SWVW,65.0,615.31,529.0,GBP,615.31,Amazon,GB,2026-08-18T04:51:51Z,B0F7W1SWVW,,,,,2026-07-01
Hisense,"Hisense 43"" 43E6STUK 4K Ultra HD AI Smart TV with Freely, Netflix, Disney+ and YouTube - AI 4K Upscaler, AI Smooth Motion, Game Mode Plus, Dolby Vision, Voice Control, DTS Virtual: X, Filmmaker Mode",https://www.amazon.co.uk/dp/B0GV56B1FX,43.0,498.99,429.0,GBP,498.99,Amazon,GB,2026-08-18T04:51:51Z,B0GV56B1FX,,,,,2026-07-01
Hisense,"Hisense 32"" 32A4STUK LED Full HD Smart TV with Freely, Netflix, Disney+ and YouTube - Natural Colour Enhancer, Dolby Audio, Share to TV, Noise Reduction, Game Mode, DTS Virtual: X, Smart Home Ready",https://www.amazon.co.uk/dp/B0GV4SLYWB,32.0,289.63,249.0,GBP,289.63,Amazon,GB,2026-08-18T04:51:51Z,B0GV4SLYWB,,,,,2026-07-01
Hisense,"Hisense 65 Inch 144Hz 4K QLED Smart Gaming TV 65E7NQTUK PRO - Full Array Local Dimming, Dolby Vision Atmos, Freesync, Subwoofer, Vidaa OS with Freely, Youtube, Netflix and Disney+ (2024 Model)",https://www.amazon.co.uk/dp/B0CYLMT8CC,65.0,638.57,549.0,GBP,638.57,Amazon,GB,2026-08-18T04:51:51Z,B0CYLMT8CC,,,,,2026-07-01
Hisense,"Hisense 55” 55ER8STUK RGB MiniLED 180Hz 4K Ultra HD AI Smart TV with Freely, Netflix, Disney+ and YouTube – Hi-View Ai Engine RGB, Native 180Hz Game Mode, Anti-Reflection & Glare-Free",https://www.amazon.co.uk/dp/B0H1HV2Q1Q,55.0,1743.57,1499.0,GBP,1743.57,Amazon,GB,2026-08-18T04:51:51Z,B0H1HV2Q1Q,,,,,2026-07-01
Hisense,"Hisense 50"" 50Q8STUK MiniLED 144Hz 4K Ultra HD AI Smart TV with Freely, Netflix, Disney+ and YouTube - Hi-QLED MiniLED, Built-in Subwoofer, Hi-View AI Engine, Hi-QLED Colour, Hands-Free Voice Control",https://www.amazon.co.uk/dp/B0GV53JVZ8,50.0,1161.99,999.0,GBP,1161.99,Amazon,GB,2026-08-18T04:51:51Z,B0GV53JVZ8,,,,,2026-07-01
Hisense,"Hisense 32 inch Full HD QLED Smart TV 32A5NQTUK - Quantum Dot Colour, Natural Enhancer,HDR & HLG-Dolby Atoms, HDMI, Share to TV, and Youtube, Freeview Play, Netflix and Disney+ (2024 Model)",https://www.amazon.co.uk/dp/B0CYZR8T4K,32.0,,,,,Amazon,GB,2026-08-18T04:51:51Z,B0CYZR8T4K,,,,,
Hisense,"Hisense 43 Inch 4K QLED Smart TV 43A7NQTUK - Quantum Dot Colour, 4K AI Processor, Dolby Vision Atmos, Smooth Motion, Sports Mode, Vidaa OS with Freely, Youtube, Netflix and Disney+ (2024 Model)",https://www.amazon.co.uk/dp/B0D2ZK1D4Y,43.0,,,,,Amazon,GB,2026-08-18T04:51:51Z,B0D2ZK1D4Y,,,,,
Hisense,"Hisense 43"" 43E78STUK PRO Hi-QLED 144Hz 4K Ultra HD AI Smart TV with Freely, Netflix, Disney+ and YouTube - Hi-QLED Colour, Built-in Subwoofer, AI Smooth Motion, AMD FreeSync Premium, Filmmaker Mode",https://www.amazon.co.uk/dp/B0GV4YP92R,43.0,813.05,699.0,GBP,813.05,Amazon,GB,2026-08-18T04:51:51Z,B0GV4YP92R,,,,,2026-07-01
Hisense,"Hisense 100 Inch 144Hz ULED Mini-LED Smart TV 100U7KQTUK - 144Hz VRR, HDMI 2.1, Quantum Dot Colour, Dolby Vision IQ, VIDAA Smart TV, and Youtube, Freeview Play, Netflix and Disney+ (2023 Model)",https://www.amazon.co.uk/dp/B0CHZ3DPQZ,100.0,2208.83,1899.0,GBP,2208.83,Amazon,GB,2026-08-18T04:51:51Z,B0CHZ3DPQZ,,,,,2026-07-01
Hisense,"Hisense 40 inch Full HD QLED Smart TV 40A5NQTUK - Quantum Dot Colour, Natural Enhancer,HDR & HLG-Dolby Atoms, HDMI, Share to TV, and Youtube, Freeview Play, Netflix and Disney+ (2024 Model)",https://www.amazon.co.uk/dp/B0CYZNSTKZ,40.0,535.04,459.99,GBP,535.04,Amazon,GB,2026-08-18T04:51:51Z,B0CYZNSTKZ,,,,,2026-07-01
Hisense,"Hisense 65 Inch 120Hz OLED Smart TV 65A85NTUK - Dolby Vision IQ, HDR10+ Adaptive, IMAX Enhanced, Hybrid Log-Gamma (HLG), Vidaa OS with Freely, Youtube, Netflix and Disney+ (2024 Model)",https://www.amazon.co.uk/dp/B0DJ6RWJ65,65.0,1103.83,949.0,GBP,1103.83,Amazon,GB,2026-08-18T04:51:51Z,B0DJ6RWJ65,,,,,2026-07-01
Hisense,"Hisense 65 Inch 4K QLED Smart TV 65E7NQTUK - Quantum Dot Colour, 4K AI Processor, Dolby Vision Atmos, Smooth Motion, Sports Mode, Vidaa OS with Freely, Youtube, Netflix and Disney+ (2024 Model)",https://www.amazon.co.uk/dp/B0CYT7YG7B,65.0,638.57,549.0,GBP,638.57,Amazon,GB,2026-08-18T04:51:51Z,B0CYT7YG7B,,,,,2026-07-01
Hisense,"Hisense 43 Inch 4K QLED Smart TV 43E77NQTUK - Quantum Dot Colour, 4K AI Processor, Dolby Vision Atmos, Smooth Motion, Sports Mode, Vidaa OS with Freely, Youtube, Netflix and Disney+ (2024 Model)",https://www.amazon.co.uk/dp/B0CYQ6CM3J,43.0,,,,,Amazon,GB,2026-08-18T04:51:51Z,B0CYQ6CM3J,,,,,
Hisense,"Hisense 50 Inch 4K QLED Smart TV 50A7NQTUK - Quantum Dot Colour, 4K AI Processor, Dolby Vision Atmos, Smooth Motion, Sports Mode, Vidaa OS with Freely, Youtube, Netflix and Disney+ (2024 Model)",https://www.amazon.co.uk/dp/B0D2ZHF2KC,50.0,,,,,Amazon,GB,2026-08-18T04:51:51Z,B0D2ZHF2KC,,,,,
Hisense,"Hisense 43 Inch UHD VIDAA Smart TV 43E6KTUK - Dolby Vision, Pixel Tuning, Voice Remote, Share to TV, and Youtube, Freeview Play, Netflix and Disney (2023 Model), Operating System VIDAA",https://www.amazon.co.uk/dp/B0C4Z7VJP4,43.0,,,,,Amazon,GB,2026-08-18T04:51:51Z,B0C4Z7VJP4,,,,,
Hisense,"Hisense 40 Inch FHD VIDAA Smart TV 40A4KTUK - Natural Enhancer, HDMI, Share to TV, and Youtube, Freeview Play, Netflix and Disney+ (2023 Model)",https://www.amazon.co.uk/dp/B0C4Z3H35M,40.0,383.83,329.99,GBP,383.83,Amazon,GB,2026-08-18T04:51:51Z,B0C4Z3H35M,,,,,2026-07-01
Hisense,"Hisense Laser Cinema PT1, 80-150 inch projection size, LPU tech, 4K, IMAX enhanced, Dolby Vision, Atmos, HDR10+, 2500 lumens brightness, ultra short throw, 3D, 240Hz refresh rate, VIDAA, without",https://www.amazon.co.uk/dp/B0FBW9Q8HZ,150.0,2138.87,1838.85,GBP,2138.87,Amazon,GB,2026-08-18T04:51:51Z,B0FBW9Q8HZ,,,,,2026-07-01
Hisense,"Hisense 50A6GTUK (50 Inch) 4K UHD Smart TV, with Dolby Vision HDR, DTS Virtual X, Youtube, Netflix, Freeview Play and Alexa Built-in, Bluetooth and WiFi (2021 NEW), Operating System VIDAA",https://www.amazon.co.uk/dp/B092RCJR9W,50.0,581.57,499.99,GBP,581.57,Amazon,GB,2026-08-18T04:51:51Z,B092RCJR9W,,,,,2026-07-01
Hisense,Hisense 55 inch Canvas TV Frame - Teak,https://www.amazon.co.uk/dp/B0FY1FMMHQ,55.0,173.31,149.0,GBP,173.31,Amazon,GB,2026-08-18T04:51:51Z,B0FY1FMMHQ,,,,,2026-07-01
Philips,"PHILIPS Ambilight 55PUS8200 4K LED Smart TV - 55 Inch Display with Pixel Precise, Ultra HD, Titan OS Platform and Dolby Atmos Sound, Works with Alexa and Google Voice Assistant",https://www.amazon.co.uk/dp/B0F24X53Q7,55.0,312.89,269.0,GBP,312.89,Amazon,GB,2026-08-18T04:51:51Z,B0F24X53Q7,,,,,2026-07-01
Hisense,"Hisense Canvas TV QLED 144Hz 55"" 4K 55S7S, Hi-Matte Display, Audio 2.0.2 Tuned by Devialet, VIDAA OS, Dolby Vision IQ, Native 144Hz Game Mode, Art Gallery, 4 HDMI 2.1, Wifi, Bluetooth, AirPlay",https://www.amazon.co.uk/dp/B0H3112112,55.0,1192.32,1025.07,GBP,1192.32,Amazon,GB,2026-08-18T04:51:51Z,B0H3112112,,,,,2026-07-01
Hisense,"Hisense 65E7S Pro QLED 65-inch Smart TV, 144Hz Gaming Mode, Hi-QLED Color, Dolby Vison.Atmos, AI Images, Smooth Motion IA, AMD FreeSync Premium Pro, HDR10+Gaming",https://www.amazon.co.uk/dp/B0GR6XCQMY,65.0,,,,,Amazon,GB,2026-08-18T04:51:51Z,B0GR6XCQMY,,,,,
Hisense,"Hisense 55E7S Pro QLED 55-inch Smart TV, 144Hz Native Gaming Mode, Hi-QLED Color, Dolby Vison.Atmos, AI Images, Smooth Motion IA, AMD FreeSync Premium Pro, HDR10+Gaming",https://www.amazon.co.uk/dp/B0GR7DTKP8,55.0,831.73,715.06,GBP,831.73,Amazon,GB,2026-08-18T04:51:51Z,B0GR7DTKP8,,,,,2026-07-01
Hisense,Hisense 55 inch Canvas TV Frame - White,https://www.amazon.co.uk/dp/B0FY1F4GWN,55.0,173.31,149.0,GBP,173.31,Amazon,GB,2026-08-18T04:51:51Z,B0FY1F4GWN,,,,,2026-07-01
Hisense,Hisense 55E7Q,https://www.amazon.co.uk/dp/B0F1MPWV27,55.0,531.09,456.59,GBP,531.09,Amazon,GB,2026-08-18T04:51:51Z,B0F1MPWV27,,,,,2026-07-01
Hisense,"Hisense Smart TV 4K 50U6NQTUK 50"" Ultra HD HDR Mini LED Freely TV Black (Renewed)",https://www.amazon.co.uk/dp/B0DHSR1Z3W,50.0,,,,,Amazon,GB,2026-08-18T04:51:51Z,B0DHSR1Z3W,,,,,
Hisense,"Hisense 65 Inch 144Hz MiniLED Smart TV 65U7NQTUK - Quantum Dot Colour, Dolby Vision IQ & Atmos, iMax Enhanced, Built-in Subwoofer and Vidaa OS with Freely, Youtube, Netflix and Disney+ (2024 Model)",https://www.amazon.co.uk/dp/B0CYQ92K8C,65.0,,,,,Amazon,GB,2026-08-18T04:51:51Z,B0CYQ92K8C,,,,,
Hisense,Hisense TV & Soundbar Bundle: 85E78QTUK PRO QLED TV plus the HT SATURN Soundbar – stunning scale with immersive 3D audio,https://www.amazon.co.uk/dp/B0FFGP2J47,85.0,2207.67,1898.0,GBP,2207.67,Amazon,GB,2026-08-18T04:51:51Z,B0FFGP2J47,,,,,2026-07-01
Hisense,"Hisense Canvas TV QLED 144Hz 65"" 4K 65S7S | Hi-Matte Display, Art Gallery, Audio Tuned by Devialet, VIDAA OS, Dolby Vision IQ, 4 HDMI, Wifi, BT, AirPlay2, 2026 Model",https://www.amazon.co.uk/dp/B0GNF3KJGW,65.0,,,,,Amazon,GB,2026-08-18T04:51:51Z,B0GNF3KJGW,,,,,
Hisense,"Hisense 43E77Q TV 43"" [43] 4K Ul",https://www.amazon.co.uk/dp/B00VSWSBA0,43.0,562.96,483.99,GBP,562.96,Amazon,GB,2026-08-18T04:51:51Z,B00VSWSBA0,,,,,2026-07-01
Hisense,"Hisense 58A6GTUK (58 Inch) 4K UHD Smart TV, with Dolby Vision HDR, DTS Virtual X, Youtube, Netflix, Freeview Play and Alexa Built-in, Bluetooth and WiFi (2021 NEW), Operating System VIDAA",https://www.amazon.co.uk/dp/B092RFH8GJ,58.0,697.84,599.95,GBP,697.84,Amazon,GB,2026-08-18T04:51:51Z,B092RFH8GJ,,,,,2026-07-01
Hisense,"Hisense 65"" 65S7NQTUK Canvas TV & TV Frame - White",https://www.amazon.co.uk/dp/B0G1S968SM,65.0,1172.3,1007.86,GBP,1172.3,Amazon,GB,2026-08-18T04:51:51Z,B0G1S968SM,,,,,2026-07-01
Hisense,Hisense TV & Soundbar Bundle: 85U7QTUK ULED TV plus the HT SATURN Soundbar – vibrant colour meets room-filling 3D sound,https://www.amazon.co.uk/dp/B0FLXY3CRZ,85.0,2556.62,2198.0,GBP,2556.62,Amazon,GB,2026-08-18T04:51:51Z,B0FLXY3CRZ,,,,,2026-07-01
Hisense,"Hisense 65A6EGTUK (65 Inch) 4K UHD Smart TV, with Dolby Vision HDR, DTS Virtual X, Youtube, Netflix, Disney +, Freeview Play and Alexa Built-in, Bluetooth and WiFi (2022 NEW), Operating System VIDAA",https://www.amazon.co.uk/dp/B09ZPVFK4T,65.0,,,,,Amazon,GB,2026-08-18T04:51:51Z,B09ZPVFK4T,,,,,
Hisense,"Hisense 40A5S – 40"" Full HD LED TV, Smart TV VIDAA U7.6, USB-C Port (Mobile to TV), Dolby Audio & DTS HD, Bluetooth, WiFi,...",https://www.amazon.co.uk/dp/B0GJ5WRCG2,40.0,388.76,334.23,GBP,388.76,Amazon,GB,2026-08-18T04:51:51Z,B0GJ5WRCG2,,,,,2026-07-01
Hisense,"Hisense 98E7Q TV, 98 Inch (248 cm), 4K UHD QLED, Smart TV, 144Hz Game Mode PRO, AI 4K Upscaler, AI Smoothmotion, AI Light Sensor, QLED Colour, Dolby Vision Atmos, Voice Control, EZPlay",https://www.amazon.co.uk/dp/B0FQ68967J,98.0,2225.95,1913.72,GBP,2225.95,Amazon,GB,2026-08-18T04:51:51Z,B0FQ68967J,,,,,2026-07-01
Hisense,"Hisense 58A6S - 58"" 4K UHD TV, HomeOS U9.5 Smart TV, Dolby Vision HDR, Game Mode Plus (VRR 60Hz), DTS Virtual:X, Alexa Built-in, Black",https://www.amazon.co.uk/dp/B0GJFLN5QB,58.0,608.13,522.83,GBP,608.13,Amazon,GB,2026-08-18T04:51:51Z,B0GJFLN5QB,,,,,2026-07-01
Hisense,"Hisense 85A6BTUK (85 Inch) 4K UHD Smart TV, with Dolby Vision HDR, DTS Virtual X, Youtube, Netflix, Disney +, Freeview Play and Alexa Built-in, Bluetooth and WiFi (2022), Operating System VIDAA",https://www.amazon.co.uk/dp/B0BPT89H11,85.0,1054.18,906.31,GBP,1054.18,Amazon,GB,2026-08-18T04:51:51Z,B0BPT89H11,,,,,2026-07-01
Hisense,Hisense TV & Soundbar Bundle: 65E78QTUK PRO QLED TV plus the AX3120Q Soundbar – an entertainment upgrade with balanced visuals and audio power,https://www.amazon.co.uk/dp/B0FLPRKHV1,65.0,1125.93,968.0,GBP,1125.93,Amazon,GB,2026-08-18T04:51:51Z,B0FLPRKHV1,,,,,2026-07-01
Hisense,Hisense 65E7Q Pro,https://www.amazon.co.uk/dp/B0F1N62VSW,65.0,,,,,Amazon,GB,2026-08-18T04:51:51Z,B0F1N62VSW,,,,,
Hisense,Hisense 34U8Q,https://www.amazon.co.uk/dp/B0F1W3TRZT,75.0,2477.28,2129.79,GBP,2477.28,Amazon,GB,2026-08-18T04:51:51Z,B0F1W3TRZT,,,,,2026-07-01
Hisense,Hisense 55 inch Canvas TV Frame - Walnut,https://www.amazon.co.uk/dp/B0FY1H9967,55.0,173.31,149.0,GBP,173.31,Amazon,GB,2026-08-18T04:51:51Z,B0FY1H9967,,,,,2026-07-01
Hisense,"Hisense 55U8GQTUK Quantum Series 55-inch 1000-nit 4K UHD Dolby Vision HDR Smart TV with YouTube, Freeview Play and Alexa Built-in and IMAX Enhanced, TUV Certificated (2021 NEW)",https://www.amazon.co.uk/dp/B09577Y5DB,55.0,921.45,792.2,GBP,921.45,Amazon,GB,2026-08-18T04:51:51Z,B09577Y5DB,,,,,2026-07-01
Hisense,Hisense TV & Soundbar Bundle: 85U8QTUK Mini-LED TV plus the HT SATURN Soundbar – a high-end AV setup for ultimate immersion,https://www.amazon.co.uk/dp/B0FFGJNNBH,85.0,3360.36,2889.0,GBP,3360.36,Amazon,GB,2026-08-18T04:51:51Z,B0FFGJNNBH,,,,,2026-07-01
Hisense,Hisense 43A69S - Smart TV 43 Inch LED 4K DVB-T2 HEVC/H.265 Wifi Black Energy Class E,https://www.amazon.co.uk/dp/B0H83CB2LF,43.0,436.29,375.09,GBP,436.29,Amazon,GB,2026-08-18T04:51:51Z,B0H83CB2LF,,,,,2026-07-01
Hisense,"Hisense 40A59S - 40 Inch Smart TV, 4K Full HD QLED DVB-T2 Black Energy Class E",https://www.amazon.co.uk/dp/B0H1N6FDBV,40.0,445.31,382.85,GBP,445.31,Amazon,GB,2026-08-18T04:51:51Z,B0H1N6FDBV,,,,,2026-07-01
Hisense,Hisense Smart TV 50 Inch 4K Ultra HD 2025 50A6Q Smart TV VIDAA U8 Dolby Vision HDR 10 Game Mode Plus Alexa Built-in VIDAA Voice Tuner DVB-T2/S2 HEVC 10 Lativù 4K 50 Inch 2025 LED,https://www.amazon.co.uk/dp/B0F4D9YNHR,50.0,,,,,Amazon,GB,2026-08-18T04:51:51Z,B0F4D9YNHR,,,,,
Hisense,"Hisense H43A6200UK 43-Inch 4K Ultra HD Smart TV - Black, Operating System VIDAA",https://www.amazon.co.uk/dp/B07BMZMFKJ,43.0,,,,,Amazon,GB,2026-08-18T04:51:51Z,B07BMZMFKJ,,,,,
Hisense,"Hisense 50A5S - 50"" Full HD LED TV, Smart TV VIDAA U7.6, USB-C Port (Mobile to TV), Dolby Audio & DTS HD, Bluetooth, WiFi,...",https://www.amazon.co.uk/dp/B0GJ5TLQHW,50.0,,,,,Amazon,GB,2026-08-18T04:51:51Z,B0GJ5TLQHW,,,,,
Hisense,"Hisense 65U8NQ TV, 164 cm (65 ""), 4K Mini LED ULED HDR, Smart TV, Quantum Dot, 120Hz/144Hz VRR, HDMI 2.1, Game Mode Pro, 2.1.2 Channel Sound, Dolby Vision IQ & Atmos, Charcoal",https://www.amazon.co.uk/dp/B0D35H4YWY,65.0,1430.2,1229.59,GBP,1430.2,Amazon,GB,2026-08-18T04:51:51Z,B0D35H4YWY,,,,,2026-07-01
Hisense,Hisense TV & Soundbar Bundle: 55A85QTUK OLED TV plus the HT SATURN Soundbar – rich OLED visuals and dynamic surround sound in perfect harmony,https://www.amazon.co.uk/dp/B0FFGMR38H,55.0,1975.04,1698.0,GBP,1975.04,Amazon,GB,2026-08-18T04:51:51Z,B0FFGMR38H,,,,,2026-07-01
Hisense,Hisense 40A5NQ 2024 Full HD QLED Smart TV Triple Tuner AI Sports Mode Dolby Atmos Share to TV Dual Positioning WiFi Game & Hotel Mode Black,https://www.amazon.co.uk/dp/B0CXTFTHCR,40.0,347.78,299.0,GBP,347.78,Amazon,GB,2026-08-18T04:51:51Z,B0CXTFTHCR,,,,,2026-07-01
Hisense,"Hisense 65E77Q PRO, QLED-Fernseher 164 cm (65 Zoll), schwarz, UltraHD/4K, Tripple Tuner, USB Recording, Time Shift, 144Hz Panel (20015825)",https://www.amazon.co.uk/dp/B0FTG6KB5Q,65.0,672.65,578.3,GBP,672.65,Amazon,GB,2026-08-18T04:51:51Z,B0FTG6KB5Q,,,,,2026-07-01
Hisense,"Hisense 43A6S 4K UHD 43 Inch Smart TV HomeOS U9.5, Dolby Vision, Game Mode Plus, Compact and Performance, Black",https://www.amazon.co.uk/dp/B0GJFM3F7P,43.0,498.25,428.36,GBP,498.25,Amazon,GB,2026-08-18T04:51:51Z,B0GJFM3F7P,,,,,2026-07-01
Hisense,"Hisense 50"" 50A7STUK Hi-QLED 4K Ultra HD AI Smart TV with Freely, Netflix, Disney+ and YouTube - Hi-QLED Colour, Dolby Vision.Atmos, AI 4K Upscaler, Total HDR Solution, Hands-Free Voice Control",https://www.amazon.co.uk/dp/B0GV516W66,50.0,754.89,649.0,GBP,754.89,Amazon,GB,2026-08-18T04:51:51Z,B0GV516W66,,,,,2026-07-01
Hisense,"Hisense 85"" 4K Ultra HD 85A6Q Smart TV VIDAA U8, Dolby Vision, HDR 10, Game Mode Plus, Alexa Built-in, VIDAA Voice, DVB-T2/S2 HEVC 10 Tuner, Lativu 4K",https://www.amazon.co.uk/dp/B0F32QWD5H,85.0,,,,,Amazon,GB,2026-08-18T04:51:51Z,B0F32QWD5H,,,,,
Hisense,"Hisense 65A6S - TV 4K UHD 65 Inch (164 cm), Smart TV HomeOS U9.5, Dolby Vision HDR, Game Mode Plus (VRR 60Hz), DTS Virtual: X, Alexa Integrated, Black",https://www.amazon.co.uk/dp/B0GJF87VQ6,65.0,,,,,Amazon,GB,2026-08-18T04:51:51Z,B0GJF87VQ6,,,,,
Hisense,"Hisense 32A4K9 32"" LED HD Con Modo Juego y Deportes IA Sonido DTS Alexa Smart TV VIDAA U6",https://www.amazon.co.uk/dp/B0BZF27SK2,32.0,264.85,227.7,GBP,264.85,Amazon,GB,2026-08-18T04:51:51Z,B0BZF27SK2,,,,,2026-07-01
Hisense,TV Hisense 20016068 U8 Series 65U8Q Black,https://www.amazon.co.uk/dp/B0F1WBGQBM,65.0,1703.66,1464.69,GBP,1703.66,Amazon,GB,2026-08-18T04:51:51Z,B0F1WBGQBM,,,,,2026-07-01
Hisense,Hisense TV & Soundbar Bundle: 55U8QTUK Mini-LED TV plus the HT SATURN Soundbar – the perfect match of Mini-LED technology and deep surround sound,https://www.amazon.co.uk/dp/B0FFMGB3NS,55.0,,,,,Amazon,GB,2026-08-18T04:51:51Z,B0FFMGB3NS,,,,,
Hisense,Hisense 65 inch Canvas TV Frame - White,https://www.amazon.co.uk/dp/B0FY1C6QCH,65.0,184.78,158.86,GBP,184.78,Amazon,GB,2026-08-18T04:51:51Z,B0FY1C6QCH,,,,,2026-07-01
Hisense,"Hisense Smart TV 75"" 4K Ultra HD 2025 75A6Q, Smart TV VIDAA U8, Dolby Vision, HDR 10, Game Mode Plus, Alexa Built-in, VIDAA Voice, DVB-T2/S2 HEVC 10 Tuner, Lativu 4K",https://www.amazon.co.uk/dp/B0F4DBKHJC,75.0,929.12,798.79,GBP,929.12,Amazon,GB,2026-08-18T04:51:51Z,B0F4DBKHJC,,,,,2026-07-01
Toshiba,"Toshiba 50”UV1563DB 4K Smart VIDAA TV, Ultra HD, HDR10, Freely, Disney+, Prime Video, Netflix, Dolby Audio Processing and Vision, Works with Alexa and Google Assistant, VIDAA Voice 2025",https://www.amazon.co.uk/dp/B0FQNJF6W1,50.0,343.12,294.99,GBP,343.12,Amazon,GB,2026-08-18T04:51:51Z,B0FQNJF6W1,,,,,2026-07-01
Toshiba,"Toshiba UF3F 65 Inch Fire 4K HDR TV, TRU Picture Engine, HDR10, Dolby Vision & Atmos, Sound by Onkyo, DTS Virtual X, Alexa Voice Remote",https://www.amazon.co.uk/dp/B0DCC1Y6TV,65.0,440.84,379.0,GBP,440.84,Amazon,GB,2026-08-18T04:51:51Z,B0DCC1Y6TV,,,,,2026-07-01
Hisense,"Hisense HS214 2.1Ch All- In-One 108W Soundbar with Built-In Subwoofer, Black & GRIFEMA GB1004 Swivel TV Wall Bracket, for 26-55 inch Screens, for Flat & Curved TV up to 30KG",https://www.amazon.co.uk/dp/B0D73WQL46,55.0,117.34,100.88,GBP,117.34,Amazon,GB,2026-08-18T04:51:51Z,B0D73WQL46,,,,,2026-07-01
Hisense,TV Floor Stand With Glass Base 37-70 Inch Screens Compatible with Hisense 50E78QTUK 50A7NQTUK 50E7NQTUK 55A85QTUK Smart 4K Ultra HD HDR QLED,https://www.amazon.co.uk/dp/B0FS35ML8F,70.0,75.59,64.99,GBP,75.59,Amazon,GB,2026-08-18T04:51:51Z,B0FS35ML8F,,,,,2026-07-01
Sony,"Sony BRAVIA 3 – Direct LED, X-Balanced Speaker, Dolby Vision/Atmos, IMAX Enhanced, Google TV (2025), Google Cast, Apple AirPlay 2, Eco Dashboard 2, Game Menu 2 – 43-inch",https://www.amazon.co.uk/dp/B0F29KJPSN,43.0,580.41,499.0,GBP,580.41,Amazon,GB,2026-08-18T04:51:51Z,B0F29KJPSN,,,,,2026-07-01
Sony,Sony BRAVIA KD-32W800 - 32-inch - HD Ready (HD) - High Dynamic Range (HDR) - Android TV - (Black),https://www.amazon.co.uk/dp/B0913JZKPB,32.0,312.89,269.0,GBP,312.89,Amazon,GB,2026-08-18T04:51:51Z,B0913JZKPB,,,,,2026-07-01
Sony,"Sony BRAVIA 2 Ⅱ 43 Inch TV, 4K Smart TV (Google TV), X1 Processor, 4K Upscaling, Television with Dolby Atmos and DTS:X, PS5 compatibility, 43S25M2, 2026 Model",https://www.amazon.co.uk/dp/B0GZW6MKPF,43.0,696.73,599.0,GBP,696.73,Amazon,GB,2026-08-18T04:51:51Z,B0GZW6MKPF,,,,,2026-07-01
Sony,"Sony BRAVIA 7 II True RGB 65 Inch TV, 4K Smart TV (Google TV), RGB LED, XR Processor with AI Technology, 120hz Television with Dolby Vision/Atmos, PS5 compatibility, 65XR75M2, 2026 Model",https://www.amazon.co.uk/dp/B0H2K36ZYB,65.0,2674.1,2299.0,GBP,2674.1,Amazon,GB,2026-08-18T04:51:51Z,B0H2K36ZYB,,,,,2026-07-01
Sony,"Sony BRAVIA 3 – Direct LED, X-Balanced Speaker, Dolby Vision/Atmos, IMAX Enhanced, Google TV (2025), Google Cast, Apple AirPlay 2, Eco Dashboard 2, Game Menu 2 – 50-inch",https://www.amazon.co.uk/dp/B0F29H8XBP,50.0,813.05,699.0,GBP,813.05,Amazon,GB,2026-08-18T04:51:51Z,B0F29H8XBP,,,,,2026-07-01
Sony,"Sony BRAVIA 8A OLED 65 Inch 4K HDR Smart TV, Gaming Features for PlayStation 5 and IMAX Enhanced, Dolby Vision Atmos, Google Cast, Apple AirPlay, 120Hz 65XR8A",https://www.amazon.co.uk/dp/B0FWCYT7DS,65.0,1743.57,1499.0,GBP,1743.57,Amazon,GB,2026-08-18T04:51:51Z,B0FWCYT7DS,,,,,2026-07-01
Sony,"Sony BRAVIA 3 – Direct LED, X-Balanced Speaker, Dolby Vision/Atmos, IMAX Enhanced, Google TV (2025), Google Cast, Apple AirPlay 2, Eco Dashboard 2, Game Menu 2 – 55-inch",https://www.amazon.co.uk/dp/B0F29JHZBD,55.0,987.52,849.0,GBP,987.52,Amazon,GB,2026-08-18T04:51:51Z,B0F29JHZBD,,,,,2026-07-01
Sony,"Sony BRAVIA 3 – Direct LED, X-Balanced Speaker, Dolby Vision/Atmos, IMAX Enhanced, Google TV (2025), Google Cast, Apple AirPlay 2, Eco Dashboard 2, Game Menu 2 – 65-inch",https://www.amazon.co.uk/dp/B0F29K6BG7,65.0,1278.31,1099.0,GBP,1278.31,Amazon,GB,2026-08-18T04:51:51Z,B0F29K6BG7,,,,,2026-07-01
Sony,"Sony BRAVIA 8A OLED 55 Inch 4K HDR Smart TV, Gaming Features for PlayStation 5 and IMAX Enhanced, Dolby Vision Atmos, Google Cast, Apple AirPlay, 120Hz 55XR8A",https://www.amazon.co.uk/dp/B0FWCYHMWZ,55.0,1743.57,1499.0,GBP,1743.57,Amazon,GB,2026-08-18T04:51:51Z,B0FWCYHMWZ,,,,,2026-07-01
Sony,"Sony BRAVIA 8 OLED, K55XR80, 55 Inch 4K HDR Google Smart TV, Gaming Features for PlayStation 5 and IMAX Enhanced, Dolby Vision Atmos, Chromecast, Apple AirPlay, 120Hz",https://www.amazon.co.uk/dp/B0CZTZTQXJ,55.0,1743.57,1499.0,GBP,1743.57,Amazon,GB,2026-08-18T04:51:51Z,B0CZTZTQXJ,,,,,2026-07-01
Sony,"Sony BRAVIA 2 Ⅱ 50 Inch TV, 4K Smart TV (Google TV), X1 Processor, 4K Upscaling, Television with Dolby Atmos and DTS:X, PS5 compatibility, 50S25M2, 2026 Model",https://www.amazon.co.uk/dp/B0GZWGF7V9,50.0,813.05,699.0,GBP,813.05,Amazon,GB,2026-08-18T04:51:51Z,B0GZWGF7V9,,,,,2026-07-01
Sony,"Sony BRAVIA 5 – XR, Mini LED, AI XR Processor, Acoustic Multi-Audio, Dolby Vision/Atmos, IMAX Enhanced, Google TV (2025), Google Cast, Apple AirPlay 2, Eco Dashboard 2, Game Menu 2 – 65-inch",https://www.amazon.co.uk/dp/B0F29KYPN4,65.0,1510.94,1299.0,GBP,1510.94,Amazon,GB,2026-08-18T04:51:51Z,B0F29KYPN4,,,,,2026-07-01
Sony,"Sony BRAVIA 2 Ⅱ 55 Inch TV, 4K Smart TV (Google TV), X1 Processor, 4K Upscaling, Television with Dolby Atmos and DTS:X, PS5 compatibility, 55S25M2, 2026 Model",https://www.amazon.co.uk/dp/B0GZWCLPQM,55.0,987.52,849.0,GBP,987.52,Amazon,GB,2026-08-18T04:51:51Z,B0GZWCLPQM,,,,,2026-07-01
Sony,"Sony BRAVIA 7 QLED (XR l Mini LED), K55XR70, 55 Inch 4K HDR Google Smart TV, Gaming Features for PlayStation 5, IMAX Enhanced, Dolby Vision Atmos, Chromecast, AirPlay, 120Hz, 5 Year Warranty",https://www.amazon.co.uk/dp/B0CZTYCDMR,55.0,1627.26,1399.0,GBP,1627.26,Amazon,GB,2026-08-18T04:51:51Z,B0CZTYCDMR,,,,,2026-07-01
Sony,"Sony BRAVIA 7 II True RGB 50 Inch TV, 4K Smart TV (Google TV), RGB LED, XR Processor with AI Technology, 120hz Television with Dolby Vision/Atmos, PS5 compatibility, 50XR75M2, 2026 Model",https://www.amazon.co.uk/dp/B0H2JTQCZ4,50.0,2208.83,1899.0,GBP,2208.83,Amazon,GB,2026-08-18T04:51:51Z,B0H2JTQCZ4,,,,,2026-07-01
Sony,"Sony BRAVIA 8 II 55"" QD-OLED, K55XR8M25BP (2025), 4K HDR Smart TV, AI XR Processor, Acoustic Surface Audio+, Dolby Vision/Atmos, IMAX Enhanced, Apple AirPlay 2, Eco Dashboard, 5 year warranty.",https://www.amazon.co.uk/dp/B0FG465NBM,55.0,2325.15,1999.0,GBP,2325.15,Amazon,GB,2026-08-18T04:51:51Z,B0FG465NBM,,,,,2026-07-01
Sony,"Sony BRAVIA XR, XR-42A90K, 42 Inch, OLED, Smart TV, 4K HDR, Google TV, BRAVIA CORE, Perfect for PlayStation5, Metal Flush Surface Design, 5 Year Warranty",https://www.amazon.co.uk/dp/B09ZF7GJ3V,42.0,1685.41,1449.0,GBP,1685.41,Amazon,GB,2026-08-18T04:51:51Z,B09ZF7GJ3V,,,,,2026-07-01
Sony,"Sony BRAVIA XR, XR-85X90L, 85 Inch, Full Array LED, Smart TV, 4K HDR, Google TV, ECO PACK, BRAVIA CORE, Perfect for PlayStation5, Aluminium Seamless Edge Design, 5 Year Warranty",https://www.amazon.co.uk/dp/B0BX6MJSHT,85.0,2603.11,2237.97,GBP,2603.11,Amazon,GB,2026-08-18T04:51:51Z,B0BX6MJSHT,,,,,2026-07-01
Sony,"Sony BRAVIA 9 QLED (XR l Mini LED), K65XR90, 65 Inch 4K HDR Google Smart TV, Gaming Features for PlayStation 5, IMAX Enhanced, Dolby Vision Atmos, Chromecast, AirPlay, 120Hz, 5 Year Warranty",https://www.amazon.co.uk/dp/B0DJDDR25R,65.0,2786.54,2395.67,GBP,2786.54,Amazon,GB,2026-08-18T04:51:51Z,B0DJDDR25R,,,,,2026-07-01
Samsung,"Samsung 48"" S90F, NQ4 AI Gen3 Processor, 4K AI Upscaling Pro, OLED HDR+, Motion Xcelerator 144Hz, Samsung Vision AI, 2025",https://www.amazon.co.uk/dp/B0F6VKBXHR,48.0,932.85,802.0,GBP,932.85,Amazon,GB,2026-08-18T04:51:51Z,B0F6VKBXHR,,,,,2026-07-01
LG,"LG 85QNED92A6A 85-Inch 4K UHD Smart TV, (α8 AI Processor, Freeview Play and Amazon Alexa, 120Hz) [Model 2025]",https://www.amazon.co.uk/dp/B0F5BRD36S,85.0,3837.25,3299.0,GBP,3837.25,Amazon,GB,2026-08-18T04:51:51Z,B0F5BRD36S,,,,,2026-07-01
Hisense,"Hisense 40"" 40E5QTUK QLED FHD Smart TV - Quantum Dot Colour, Full HD, Dolby Atmos, Sports Mode, Games Mode, Dual Position Stand with Freely, Disney +, YouTube, Netflix",https://www.amazon.co.uk/dp/B0F7WH53QJ,40.0,289.63,249.0,GBP,289.63,Amazon,GB,2026-08-18T04:51:51Z,B0F7WH53QJ,,,,,2026-07-01
Hisense,"Hisense 100"" 100U8QTUK MiniLED QLED 165Hz Smart AI TV - Hi-View AI Engine PRO, 165Hz Game Mode Ultra, 4.1.2 Channel, Dolby Atmos, Quantum Dot Colour, Anti-Reflection PRO with Freely, YouTube, Netflix",https://www.amazon.co.uk/dp/B0FR8LPDZB,100.0,4065.23,3495.0,GBP,4065.23,Amazon,GB,2026-08-18T04:51:51Z,B0FR8LPDZB,,,,,2026-07-01
Hisense,"Hisense 65"" 65E78QTUK PRO 144Hz QLED Smart AI TV - Hi-View AI Engine, 144Hz Game Mode PRO, Dolby Atmos, Quantum Dot Colour with Freely, Disney +, YouTube, Netflix",https://www.amazon.co.uk/dp/B0F7WDJ22C,65.0,685.1,589.0,GBP,685.1,Amazon,GB,2026-08-18T04:51:51Z,B0F7WDJ22C,,,,,2026-07-01
Samsung,"Samsung 55"" S90F, NQ4 AI Gen3 Processor, 4K AI Upscaling Pro, OLED HDR+, Motion Xcelerator 144Hz, Samsung Vision AI, 2025",https://www.amazon.co.uk/dp/B0F6VNBGQC,55.0,1045.68,899.0,GBP,1045.68,Amazon,GB,2026-08-18T04:51:51Z,B0F6VNBGQC,,,,,2026-07-01
Samsung,"Samsung 50"" 4K QN90F, NQ4 AI Gen3 Processor, 4K AI Upscaling Pro, Neo Quantum HDR+, Glare Free, Samsung Vision AI, 2025",https://www.amazon.co.uk/dp/B0DFVV7WT1,50.0,813.05,699.0,GBP,813.05,Amazon,GB,2026-08-18T04:51:51Z,B0DFVV7WT1,,,,,2026-07-01
Samsung,"Samsung Smart TV 55-Inch S95H OLED 4K, Glare-Free, HDR 10+, Motion Xcelerator 165Hz, Dolby Atmos, Gaming Hub, FreeSync Premium Pro, G-Sync, Voice Control with AI(VAC), Alexa Built-in [2026]",https://www.amazon.co.uk/dp/B0GYZ7VDN9,55.0,2441.46,2099.0,GBP,2441.46,Amazon,GB,2026-08-18T04:51:51Z,B0GYZ7VDN9,,,,,2026-07-01
Samsung,"Samsung Smart TV 50-Inch Mini LED M70H 4K, UHD TV, Mini LED HDR, Motion Xcelerator 144Hz, Dynamic Sound Pack, AI Companion for questions [2026]",https://www.amazon.co.uk/dp/B0GYZLNCX6,50.0,498.99,429.0,GBP,498.99,Amazon,GB,2026-08-18T04:51:51Z,B0GYZLNCX6,,,,,2026-07-01
LG,"LG OLED55C55LA 55-Inch OLEDevo 4K UHD Smart TV, (α9 AI Processor Gen7, Dolby Atmos, Freeview Play and Amazon Alexa, 120Hz) [Model 2025]",https://www.amazon.co.uk/dp/B0F14NCCQ1,55.0,1161.96,998.97,GBP,1161.96,Amazon,GB,2026-08-18T04:51:51Z,B0F14NCCQ1,,,,,2026-07-01
LG,"LG 65NU800B6LA Nano UHD AI NU80 4K Smart TV, α7 Processor Gen9, 60Hz, HDR10, Filmmaker Mode™, Google Cast, Apple AirPlay 2, Model Year 2026",https://www.amazon.co.uk/dp/B0GT9S4VTG,65.0,568.78,489.0,GBP,568.78,Amazon,GB,2026-08-18T04:51:51Z,B0GT9S4VTG,,,,,2026-07-01
LG,"LG 75QNED70B6A QNED MiniLED AI 4K Smart TV QNED70, α7 Processor Gen9, 60Hz, HDR10, Filmmaker Mode™, Google Cast, Apple AirPlay 2, Model Year 2026",https://www.amazon.co.uk/dp/B0GT9WYD8N,75.0,1045.68,899.0,GBP,1045.68,Amazon,GB,2026-08-18T04:51:51Z,B0GT9WYD8N,,,,,2026-07-01
LG,"LG 75NU850B6LA Nano UHD AI NU85 4K Smart TV, α7 Processor Gen9, 60Hz, HDR10, Filmmaker Mode™, Google Cast, Apple AirPlay 2, Model Year 2026",https://www.amazon.co.uk/dp/B0GTB1RWF1,75.0,813.05,699.0,GBP,813.05,Amazon,GB,2026-08-18T04:51:51Z,B0GTB1RWF1,,,,,2026-07-01
LG,"LG OLED65B6ELC OLED AI B6 4K Smart TV, α8 Processor Gen3, 120Hz, VRR, Dolby Vision and Atmos, Filmmaker Mode™, Model Year ...",https://www.amazon.co.uk/dp/B0GTB223FL,65.0,1394.62,1199.0,GBP,1394.62,Amazon,GB,2026-08-18T04:51:51Z,B0GTB223FL,,,,,2026-07-01
LG,"LG OLED evo AI C6 65-inch 4K Smart TV - OLED65C65LA (α11 AI Processor 4K Gen3, 120Hz (VRR 165Hz), Dolby Vision, Dolby Atmos, FILMMAKER MODE™ [Model year 2026]",https://www.amazon.co.uk/dp/B0GT9SP9M3,65.0,2674.1,2299.0,GBP,2674.1,Amazon,GB,2026-08-18T04:51:51Z,B0GT9SP9M3,,,,,2026-07-01
TCL,"TCL 85Q6C-UK QD-Mini LED TV, 4K HDR Premium 1000nits, Smart TV Powered by Google TV (Dolby Vision IQ & Atmos, Matte HVA Panel, Onkyo 2.1 Sound System, 144Hz Motion Clarity Pro, 2025 Model)",https://www.amazon.co.uk/dp/B0DWF49LC5,85.0,1278.31,1099.0,GBP,1278.31,Amazon,GB,2026-08-18T04:51:51Z,B0DWF49LC5,,,,,2026-07-01
TCL,"TCL 75C6K-UK 75 Inch QD-Mini LED TV, 4K HDR Premium 1000nits, Smart TV Powered by Google TV (Dolby Vision IQ & Atmos, Onkyo 2.1 Sound System, 144Hz Motion Clarity Pro)",https://www.amazon.co.uk/dp/B0H7286935,75.0,1134.07,974.99,GBP,1134.07,Amazon,GB,2026-08-18T04:51:51Z,B0H7286935,,,,,2026-07-01
TCL,"TCL 55C7L-UK 55 Inch SQD-Mini LED TV, 4K HDR 2700 nits and 800 dimming zones, Google TV, Dolby Vision & Atmos, Audio by Bang & Olufsen, 144Hz, Apple AirPlay 2 & Alexa (2026 New Model)",https://www.amazon.co.uk/dp/B0GY55SH2Q,55.0,1278.31,1099.0,GBP,1278.31,Amazon,GB,2026-08-18T04:51:51Z,B0GY55SH2Q,,,,,2026-07-01
TCL,"TCL 65C7L-UK 65 Inch SQD-Mini LED TV, 4K HDR 3000 nits and 1,152 dimming zones, Google TV, Dolby Vision & Atmos, Audio by Bang & Olufsen, 144Hz, Apple AirPlay 2 & Alexa (2026 New Model)",https://www.amazon.co.uk/dp/B0GY5DJ1MV,65.0,1510.94,1299.0,GBP,1510.94,Amazon,GB,2026-08-18T04:51:51Z,B0GY5DJ1MV,,,,,2026-07-01
TCL,"TCL 65V6D-UK 65 Inch 4K HDR, Fire TV, HDR10+, Dolby Atmos, DTS:X, Game Master, Motion Clarity, AirPlay 2, Press & Ask Alexa (2026 New Model)",https://www.amazon.co.uk/dp/B0GZPHNT83,65.0,580.41,499.0,GBP,580.41,Amazon,GB,2026-08-18T04:51:51Z,B0GZPHNT83,,,,,2026-07-01
TCL,"TCL 75P8L-UK 75 Inch QD-Mini LED 4K HDR Ultra HD TV, Smart Google TV (Dolby Vision, HDR10+ & Atmos, 144Hz VRR, FreeSync Premium, Onkyo 2.1 sound, Game Master, Voice Control, 2026 New Model)",https://www.amazon.co.uk/dp/B0GY55XCTG,75.0,1209.68,1040.0,GBP,1209.68,Amazon,GB,2026-08-18T04:51:51Z,B0GY55XCTG,,,,,2026-07-01
TCL,"TCL 75C7L-UK 75 Inch SQD-Mini LED TV, 4K HDR 3000 nits and 1,352 dimming zones, Google TV, Dolby Vision & Atmos, Audio by Bang & Olufsen, 144Hz, Apple AirPlay 2 & Alexa (2026 New Model)",https://www.amazon.co.uk/dp/B0GY53BFY3,75.0,1976.2,1699.0,GBP,1976.2,Amazon,GB,2026-08-18T04:51:51Z,B0GY53BFY3,,,,,2026-07-01
TCL,"TCL 50V6D-UK 50 Inch 4K HDR, Fire TV, HDR10+, Dolby Atmos, DTS:X, Game Master, Motion Clarity, AirPlay 2, Press & Ask Alexa (2026 New Model)",https://www.amazon.co.uk/dp/B0GZPZTD97,50.0,382.68,329.0,GBP,382.68,Amazon,GB,2026-08-18T04:51:51Z,B0GZPZTD97,,,,,2026-07-01
TCL,"TCL 98C7L-UK 98 Inch SQD-Mini LED TV, 4K HDR 3000 nits and 2,176 dimming zones, Google TV, Dolby Vision & Atmos, Audio by Bang & Olufsen, 144Hz, Apple AirPlay 2 & Alexa (2026 New Model)",https://www.amazon.co.uk/dp/B0GY55YB9Z,98.0,3837.25,3299.0,GBP,3837.25,Amazon,GB,2026-08-18T04:51:51Z,B0GY55YB9Z,,,,,2026-07-01
TCL,"TCL 75Q7D-UK 75 Inch RGB-Mini LED TV, 4K HDR 2000 nits, 1,800 Precise colour Zones, Google TV, Dolby Vision IQ & Atmos, 2.1 Onkyo, 144Hz, Apple AirPlay 2, Alexa (2026 New Model)",https://www.amazon.co.uk/dp/B0H1BRKPLG,75.0,1976.2,1699.0,GBP,1976.2,Amazon,GB,2026-08-18T04:51:51Z,B0H1BRKPLG,,,,,2026-07-01
TCL,"TCL 55T8D 4K QLED 55"" TV with QD-Mini LED Dimming HDR Smart TV, 4K Ultra HD, Google TV with 144Hz VRR and Dolby Vision & A...",https://www.amazon.co.uk/dp/B0GR9JWH4T,55.0,1028.99,884.65,GBP,1028.99,Amazon,GB,2026-08-18T04:51:51Z,B0GR9JWH4T,,,,,2026-07-01
Hisense,"Hisense 55"" 55E78QTUK QLED Smart AI TV - 4K Direct Lit Viewing, Quantum Dot Colour, Hi-View AI Engine, Dolby Vision, Dolby Atmos with Freely, Disney +, YouTube, Netflix",https://www.amazon.co.uk/dp/B0F7W1H394,55.0,382.68,329.0,GBP,382.68,Amazon,GB,2026-08-18T04:51:51Z,B0F7W1H394,,,,,2026-07-01
Hisense,"Hisense 43"" 43A7QTUK QLED Smart AI TV - 4K Direct Lit Viewing, Quantum Dot Colour, Hi-View AI Engine, Dolby Vision, Dolby Atmos with with Freely, Disney +, YouTube, Netflix",https://www.amazon.co.uk/dp/B0F7WGKRLQ,43.0,348.94,299.99,GBP,348.94,Amazon,GB,2026-08-18T04:51:51Z,B0F7WGKRLQ,,,,,2026-07-01
Hisense,"Hisense 50"" 50U7QTUK MiniLED QLED 144Hz Smart AI TV - Hi-View AI Engine, 144Hz Game Mode PRO, 2.1 Channel, Dolby Atmos, Quantum Dot Colour, Anti-Reflection with Freely, Disney +, YouTube, Netflix",https://www.amazon.co.uk/dp/B0F7WKMM1J,50.0,522.26,449.0,GBP,522.26,Amazon,GB,2026-08-18T04:51:51Z,B0F7WKMM1J,,,,,2026-07-01
Hisense,Hisense 32 inch Smart TV Deco 32S5QTUK 2025 LED HDR Full HD White,https://www.amazon.co.uk/dp/B0HF8CGRZM,32.0,341.96,293.99,GBP,341.96,Amazon,GB,2026-08-18T04:51:51Z,B0HF8CGRZM,,,,,2026-07-01
Hisense,"Hisense 65"" 65U7STUK PRO Hi-QLED MiniLED 165Hz 4K Ultra HD AI Smart TV with Freely, Netflix, Disney+ and YouTube - Hi-QLED MiniLED PRO, 2.1.2 Multi-Channel Surround, Anti Reflection & Glare Free",https://www.amazon.co.uk/dp/B0GV4XPH5M,65.0,1743.57,1499.0,GBP,1743.57,Amazon,GB,2026-08-18T04:51:51Z,B0GV4XPH5M,,,,,2026-07-01
Hisense,"TV Hisense 55E7S (2026) 55"" VA QLED 4K UHD Preta",https://www.amazon.co.uk/dp/B0GNDHW3BM,55.0,490.31,421.53,GBP,490.31,Amazon,GB,2026-08-18T04:51:51Z,B0GNDHW3BM,,,,,2026-07-01
Sony,"Sony BRAVIA 3 – Direct LED, X-Balanced Speaker, Dolby Vision/Atmos, IMAX Enhanced, Google TV (2025), Google Cast, Apple AirPlay 2, Eco Dashboard 2, Game Menu 2 – 75-inch",https://www.amazon.co.uk/dp/B0F29H88PT,75.0,1569.21,1349.1,GBP,1569.21,Amazon,GB,2026-08-18T04:51:51Z,B0F29H88PT,,,,,2026-07-01
Sony,"Sony BRAVIA 8 II 65"" QD-OLED, K65XR8M25B (2025), 4K HDR Smart TV, AI XR Processor, Acoustic Surface Audio+, Dolby Vision/Atmos, IMAX Enhanced, Apple AirPlay 2, Eco Dashboard, 5 year warranty.",https://www.amazon.co.uk/dp/B0GKQ17CNY,65.0,2790.41,2399.0,GBP,2790.41,Amazon,GB,2026-08-18T04:51:51Z,B0GKQ17CNY,,,,,2026-07-01
Sony,"Sony BRAVIA 7 II True RGB 55 Inch TV, 4K Smart TV (Google TV), RGB LED, XR Processor with AI Technology, 120hz Television with Dolby Vision/Atmos, PS5 compatibility, 55XR75M2, 2026 Model",https://www.amazon.co.uk/dp/B0H2KCGB73,55.0,2325.15,1999.0,GBP,2325.15,Amazon,GB,2026-08-18T04:51:51Z,B0H2KCGB73,,,,,2026-07-01
Sony,"Sony BRAVIA 2Ⅱ75 Inch TV, 4K Smart TV (Google TV), X1 Processor, 4K Upscaling, Television with Dolby Atmos and DTS:X, PS5 compatibility, 75S25M2, 2026 Model",https://www.amazon.co.uk/dp/B0GZWGHNDY,75.0,1510.94,1299.0,GBP,1510.94,Amazon,GB,2026-08-18T04:51:51Z,B0GZWGHNDY,,,,,2026-07-01
Sony,"Sony BRAVIA 2 Ⅱ 65 Inch TV, 4K Smart TV (Google TV), X1 Processor, 4K Upscaling, Television with Dolby Atmos and DTS:X, PS5 compatibility, 65S25M2, 2026 Model",https://www.amazon.co.uk/dp/B0GZW6Q5JK,65.0,1278.31,1099.0,GBP,1278.31,Amazon,GB,2026-08-18T04:51:51Z,B0GZW6Q5JK,,,,,2026-07-01
Sony,"Sony XR65A95L 65"" 4K Ultra HD HDR OLED Smart TV Brand Sony",https://www.amazon.co.uk/dp/B0CPPL8FNM,65.0,3198.35,2749.72,GBP,3198.35,Amazon,GB,2026-08-18T04:51:51Z,B0CPPL8FNM,,,,,2026-07-01
LG,"LG OLED evo AI C6 55-inch 4K Smart TV - OLED55C65LA (α11 AI Processor 4K Gen3, 120Hz (VRR 165Hz), Dolby Vision, Dolby Atmos, FILMMAKER MODE™ [Model year 2026]",https://www.amazon.co.uk/dp/B0GT9VGFLR,55.0,1859.89,1599.0,GBP,1859.89,Amazon,GB,2026-08-18T04:51:51Z,B0GT9VGFLR,,,,,2026-07-01
LG,"LG OLED42C55LA 42-Inch OLEDevo 4K UHD Smart TV, (α9 AI Processor Gen7, Dolby Atmos, Freeview Play and Amazon Alexa, 120Hz) [Model 2025]",https://www.amazon.co.uk/dp/B0F14943MR,42.0,859.57,739.0,GBP,859.57,Amazon,GB,2026-08-18T04:51:51Z,B0F14943MR,,,,,2026-07-01
Sony,"Sony BRAVIA XR, XR-48A90K, 48 Inch, OLED, Smart TV, 4K HDR, Google TV, BRAVIA CORE, Perfect for PlayStation5, Metal Flush Surface Design, 5 Year Warranty",https://www.amazon.co.uk/dp/B09ZPQ9JRG,48.0,1859.89,1599.0,GBP,1859.89,Amazon,GB,2026-08-18T04:51:51Z,B09ZPQ9JRG,,,,,2026-07-01
Samsung,"Samsung 65"" Q8F, Q4 Ai Processor, Quantum HDR+, Motion Xcelerator, Air Slim Design, Samsung Vision AI, 2025",https://www.amazon.co.uk/dp/B0F6VLTN7Z,65.0,871.2,749.0,GBP,871.2,Amazon,GB,2026-08-18T04:51:51Z,B0F6VLTN7Z,,,,,2026-07-01
Samsung,"Samsung 85"" Q8F, Q4 Ai Processor, Quantum HDR+, Motion Xcelerator, Air Slim Design, Samsung Vision AI, 2025",https://www.amazon.co.uk/dp/B0F6VV9W9H,85.0,,,,,Amazon,GB,2026-08-18T04:51:51Z,B0F6VV9W9H,,,,,
Samsung,"Samsung QLED Q8F 4K Smart TV, 75"", with AI vision, 100% color volume with Quantum Dot, HDR10+, Q4 AI processor, One UI Tizen, Wi-Fi, Bluetooth 5.3 and Motion, Hungarian country version",https://www.amazon.co.uk/dp/B0FHXMLHHK,75.0,,,,,Amazon,GB,2026-08-18T04:51:51Z,B0FHXMLHHK,,,,,
Samsung,"Samsung 75"" 4K QN70F, NQ4 AI Gen2 Processor, 4K AI Upscaling, Quantum Matrix Technology Slim, OTS Lite, Samsung Vision AI,...",https://www.amazon.co.uk/dp/B0DF8VVKXW,75.0,1278.31,1099.0,GBP,1278.31,Amazon,GB,2026-08-18T04:51:51Z,B0DF8VVKXW,,,,,2026-07-01
LG,"LG OLED AI B6 77-inch 4K Smart TV - OLED77B6ELC (α8 AI Processor 4K Gen3, 120Hz (VRR 120Hz), Dolby Vision, Dolby Atmos, FILMMAKER MODE™ [Model year 2026]",https://www.amazon.co.uk/dp/B0GT9SQN83,77.0,2092.52,1799.0,GBP,2092.52,Amazon,GB,2026-08-18T04:51:51Z,B0GT9SQN83,,,,,2026-07-01
LG,"LG OLED evo AI C6 48-inch 4K Smart TV - OLED48C65LA (α11 AI Processor 4K Gen3, 120Hz (VRR 165Hz), Dolby Vision, Dolby Atmos, FILMMAKER MODE™ [Model year 2026]",https://www.amazon.co.uk/dp/B0GTB3VJ34,48.0,1510.94,1299.0,GBP,1510.94,Amazon,GB,2026-08-18T04:51:51Z,B0GTB3VJ34,,,,,2026-07-01
LG,"LG OLED evo AI C6 83-inch 4K Smart TV - OLED83C64LA (α11 AI Processor 4K Gen3, 120Hz (VRR 165Hz), Dolby Vision, Dolby Atmos, FILMMAKER MODE™ [Model year 2026]",https://www.amazon.co.uk/dp/B0GT9M6SNY,83.0,4651.46,3999.0,GBP,4651.46,Amazon,GB,2026-08-18T04:51:51Z,B0GT9M6SNY,,,,,2026-07-01
Hisense,"Hisense 85"" 85E78QTUK PRO 144Hz QLED Smart AI TV - Hi-View AI Engine, 144Hz Game Mode PRO, Dolby Atmos, Quantum Dot Colour with Freely, Disney +, YouTube, Netflix",https://www.amazon.co.uk/dp/B0F7W96P9T,85.0,1161.99,999.0,GBP,1161.99,Amazon,GB,2026-08-18T04:51:51Z,B0F7W96P9T,,,,,2026-07-01
Sony,"Sony BRAVIA 8 OLED, K65XR80, 65 Inch 4K HDR Google Smart TV, Gaming Features for PlayStation 5 and IMAX Enhanced, Dolby Vision Atmos, Chromecast, Apple AirPlay, 120Hz",https://www.amazon.co.uk/dp/B0CZV9MYWG,65.0,2208.83,1899.0,GBP,2208.83,Amazon,GB,2026-08-18T04:51:51Z,B0CZV9MYWG,,,,,2026-07-01
TCL,"TCL 55A400PRO-UK 55 Inch NXTVISION QD-Mini LED Art TV, Google TV, Matte Screen, Frame Design, Dolby Vision IQ & Atmos, 2.0 Onkyo, 144Hz, AirPlay 2 (2026 New Model)",https://www.amazon.co.uk/dp/B0GYF9F8S4,55.0,1045.68,899.0,GBP,1045.68,Amazon,GB,2026-08-18T04:51:51Z,B0GYF9F8S4,,,,,2026-07-01
TCL,"TCL 65A400PRO-UK 65 Inch NXTVISION QD-Mini LED Art TV, Google TV, Matte Screen, Frame Design, Dolby Vision IQ & Atmos, 2.0 Onkyo, 144Hz, AirPlay 2 (2026 New Model)",https://www.amazon.co.uk/dp/B0GYFB6JWC,65.0,1278.31,1099.0,GBP,1278.31,Amazon,GB,2026-08-18T04:51:51Z,B0GYFB6JWC,,,,,2026-07-01
TCL,"TCL 75A400PRO-UK 75 Inch NXTVISION QD-Mini LED Art TV, Google TV, Matte Screen, Frame Design, Dolby Vision IQ & Atmos, 2.0 Onkyo, 144Hz, AirPlay 2 (2026 New Model)",https://www.amazon.co.uk/dp/B0GYF4984H,75.0,1627.26,1399.0,GBP,1627.26,Amazon,GB,2026-08-18T04:51:51Z,B0GYF4984H,,,,,2026-07-01
Hisense,"Hisense 75"" 75E7QTUK QLED Smart AI TV - 4K Direct Lit Viewing, Quantum Dot Colour, Hi-View AI Engine, Dolby Vision, Dolby Atmos with Freely, Disney +, YouTube, Netflix",https://www.amazon.co.uk/dp/B0F7WPNSC3,75.0,754.89,649.0,GBP,754.89,Amazon,GB,2026-08-18T04:51:51Z,B0F7WPNSC3,,,,,2026-07-01
Samsung,"Samsung Smart TV 55-Inch QN80H Neo QLED 4K, Quantum Mini LED, NQ HDR+, Motion Xcelerator 144Hz, Dolby Atmos & OTS Lite, Gaming Hub, FreeSync Premium Pro, Knox Security, Vision AI, Alexa [2026]",https://www.amazon.co.uk/dp/B0GYZRNZB6,55.0,1045.68,899.0,GBP,1045.68,Amazon,GB,2026-08-18T04:51:51Z,B0GYZRNZB6,,,,,2026-07-01
Samsung,"Samsung Smart TV 65-Inch QN80H Neo QLED 4K, Quantum Mini LED, NQ HDR+, Motion Xcelerator 144Hz, Dolby Atmos & OTS Lite, Gaming Hub, FreeSync Premium Pro, Knox Security, Vision AI, Alexa [2026]",https://www.amazon.co.uk/dp/B0GYZ81N5V,65.0,1394.62,1199.0,GBP,1394.62,Amazon,GB,2026-08-18T04:51:51Z,B0GYZ81N5V,,,,,2026-07-01
Samsung,"Samsung Smart TV 85-Inch QN80H Neo QLED 4K, Quantum Mini LED, NQ HDR+, Motion Xcelerator 144Hz, Dolby Atmos & OTS Lite, Gaming Hub, FreeSync Premium Pro, Knox Security, Vision AI, Alexa [2026]",https://www.amazon.co.uk/dp/B0GYZ9MXKP,85.0,2674.1,2299.0,GBP,2674.1,Amazon,GB,2026-08-18T04:51:51Z,B0GYZ9MXKP,,,,,2026-07-01
Samsung,"Samsung Smart TV 100-Inch QN80H Neo QLED 4K, Quantum Mini LED, NQ HDR+, Motion Xcelerator 144Hz, Dolby Atmos & OTS Lite, Gaming Hub, FreeSync Premium Pro, Knox Security, Vision AI, Alexa [2026]",https://www.amazon.co.uk/dp/B0GYZ7TPPL,100.0,4651.46,3999.0,GBP,4651.46,Amazon,GB,2026-08-18T04:51:51Z,B0GYZ7TPPL,,,,,2026-07-01
LG,"LG 55NU800B6LA Nano UHD AI NU80 4K Smart TV, α7 Processor Gen9, 60Hz, HDR10, Filmmaker Mode™, Google Cast, Apple AirPlay 2, Model Year 2026",https://www.amazon.co.uk/dp/B0GT9KCWNC,55.0,429.2,369.0,GBP,429.2,Amazon,GB,2026-08-18T04:51:51Z,B0GT9KCWNC,,,,,2026-07-01
Hisense,"Hisense 58"" 58E6QTUK 4K Ultra HD Smart AI TV - Hi-View AI Engine, precision colour, AI smooth motion, sports mode with Freely, Disney+, YouTube, Netflix",https://www.amazon.co.uk/dp/B0F7WCNYLQ,58.0,371.05,319.0,GBP,371.05,Amazon,GB,2026-08-18T04:51:51Z,B0F7WCNYLQ,,,,,2026-07-01
Hisense,"Hisense 55"" 55E78QTUK PRO 144Hz QLED Smart AI TV - Hi-View AI Engine, 144Hz Game Mode PRO, Dolby Atmos, Quantum Dot Colour with Freely, Disney +, YouTube, Netflix",https://www.amazon.co.uk/dp/B0F7VXCPFZ,55.0,517.6,445.0,GBP,517.6,Amazon,GB,2026-08-18T04:51:51Z,B0F7VXCPFZ,,,,,2026-07-01
Samsung,"Samsung 75"" 4K QN85F, NQ4 AI Gen2 Processor, 4K AI Upscaling, Neo Quantum HDR+, Glare Free, Samsung Vision AI, 2025",https://www.amazon.co.uk/dp/B0F6VQ6GCR,75.0,,,,,Amazon,GB,2026-08-18T04:51:51Z,B0F6VQ6GCR,,,,,
Samsung,"Samsung 85"" 4K QN85F, NQ4 AI Gen2 Processor, 4K AI Upscaling, Neo Quantum HDR+, Glare Free, Samsung Vision AI, 2025",https://www.amazon.co.uk/dp/B0F6VSSSW1,85.0,2325.15,1999.0,GBP,2325.15,Amazon,GB,2026-08-18T04:51:51Z,B0F6VSSSW1,,,,,2026-07-01
Samsung,"Samsung Neo QLED 4K QN85F 85"" Mini LED TV NQ4 AI Gen2 Processor Quantum Matrix Slim Technology 144Hz Motion Xcelerator AirSlim Design Samsung Vision AI",https://www.amazon.co.uk/dp/B0FNMYQ547,85.0,3251.9,2795.76,GBP,3251.9,Amazon,GB,2026-08-18T04:51:51Z,B0FNMYQ547,,,,,2026-07-01
Samsung,"Samsung 85"" Neo QLED QN1EF 4K, NQ4 AI Processor, Quantum Matrix Technology, Vision AI Smart TV, 2025",https://www.amazon.co.uk/dp/B0F6VN8GLF,85.0,1859.89,1599.0,GBP,1859.89,Amazon,GB,2026-08-18T04:51:51Z,B0F6VN8GLF,,,,,2026-07-01
Samsung,Samsung 85 Inch Neo QLED 4K with Mini LED QN73F AI Smart TV,https://www.amazon.co.uk/dp/B0DF8KVR1R,85.0,1859.89,1599.0,GBP,1859.89,Amazon,GB,2026-08-18T04:51:51Z,B0DF8KVR1R,,,,,2026-07-01
LG,"LG 50QNED85B6B QNED Evo MiniLED AI 4K Smart TV QNED85, α8 Processor Gen3, 120Hz, VRR 144Hz, Dolby Vision, Filmmaker Mode™, FreeSync Compatible, AMD, Google Cast, Model Year 2026",https://www.amazon.co.uk/dp/B0GT9YFWYS,50.0,754.89,649.0,GBP,754.89,Amazon,GB,2026-08-18T04:51:51Z,B0GT9YFWYS,,,,,2026-07-01
LG,"LG 65QNED85B6B QNED Evo MiniLED AI 4K Smart TV QNED85, α8 Processor Gen3, 120Hz, VRR 144Hz, Dolby Vision, Filmmaker Mode™, FreeSync Compatible, AMD, Google Cast, Model Year 2026",https://www.amazon.co.uk/dp/B0GT9Y1KF6,65.0,1161.99,999.0,GBP,1161.99,Amazon,GB,2026-08-18T04:51:51Z,B0GT9Y1KF6,,,,,2026-07-01
LG,"LG 55QNED85B6B QNED Evo MiniLED AI 4K Smart TV QNED85, α8 Processor Gen3, 120Hz, VRR 144Hz, Dolby Vision, Filmmaker Mode™, FreeSync Compatible, AMD, Google Cast, Model Year 2026",https://www.amazon.co.uk/dp/B0GT9QPJBP,55.0,871.2,749.0,GBP,871.2,Amazon,GB,2026-08-18T04:51:51Z,B0GT9QPJBP,,,,,2026-07-01
LG,"LG QNED evo MiniLED AI QNED85 75-inch 4K Smart TV - 75QNED85B6B (α8 AI Processor 4K Gen3, 120Hz (VRR 144Hz), Dolby Vision, FILMMAKER MODE™, FreeSync Compatible (AMD), Google Cast [Model year 2026]",https://www.amazon.co.uk/dp/B0GTB1PJ34,75.0,1627.26,1399.0,GBP,1627.26,Amazon,GB,2026-08-18T04:51:51Z,B0GTB1PJ34,,,,,2026-07-01
LG,"LG 50QNED85B6B 50-Inch QNED evo MiniLED AI 4K UHD Smart TV bundle with XO2 Portable Bluetooth Multi-Directional Speaker, 15H Battery Life, IP55 Waterproof",https://www.amazon.co.uk/dp/B0GVD8FY53,50.0,817.44,702.78,GBP,817.44,Amazon,GB,2026-08-18T04:51:51Z,B0GVD8FY53,,,,,2026-07-01
LG,"LG NANO 4K UHD AI NU85 85-inch 4K Smart TV - 85NU850B6LA (α7 AI Processor 4K Gen9, 60Hz, HDR10, FILMMAKER MODE™, Google Cast, Apple AirPlay 2) [Model year 2026]",https://www.amazon.co.uk/dp/B0GT9TL99M,85.0,1278.31,1099.0,GBP,1278.31,Amazon,GB,2026-08-18T04:51:51Z,B0GT9TL99M,,,,,2026-07-01
LG,"LG 86QNED80A6A 86-Inch 4K UHD Smart TV, (α7 AI Processor, Freeview Play and Amazon Alexa, 60Hz) [Model 2025]",https://www.amazon.co.uk/dp/B0F14JH7Q5,86.0,1849.25,1589.86,GBP,1849.25,Amazon,GB,2026-08-18T04:51:51Z,B0F14JH7Q5,,,,,2026-07-01
TCL,"TCL 115C7K QD-Mini LED TV, 115"", 4K HDR Premium 3000, Smart Google TV with Motion Clarity Pro 144Hz (Dolby Vision IQ & Atmos, ONKYO 4.2.2 Ch Hi-Fi, CrystGlow HVA Panel, Game Master)",https://www.amazon.co.uk/dp/B0F5BQDNGB,115.0,,,,,Amazon,GB,2026-08-18T04:51:51Z,B0F5BQDNGB,,,,,
Samsung,Samsung 85 Inch Neo QLED 8K with Mini LED QN900F Glare Free AI Smart TV,https://www.amazon.co.uk/dp/B0F6VQZGQM,85.0,4186.2,3599.0,GBP,4186.2,Amazon,GB,2026-08-18T04:51:51Z,B0F6VQZGQM,,,,,2026-07-01
Sony,"Sony BRAVIA, KD-65X85L, 65 Inch, Full Array LED, Smart TV, 4K HDR, Google TV, ECO PACK, BRAVIA CORE, Seamless Edge Design",https://www.amazon.co.uk/dp/B0BX6N82T2,65.0,,,,,Amazon,GB,2026-08-18T04:51:51Z,B0BX6N82T2,,,,,
Samsung,"Samsung Smart TV 43-Inch M70H Mini LED 4K, HDR 10+, Motion Xcelerator, Dynamic Sound Pack, Gaming Hub, Pure Spectrum Color, Knox Security, Voice Control with AI (VAC) [2026]",https://www.amazon.co.uk/dp/B0GYZ87RL7,43.0,405.94,349.0,GBP,405.94,Amazon,GB,2026-08-18T04:51:51Z,B0GYZ87RL7,,,,,2026-07-01
LG,"LG Nano 4K UHD AI 50NU850B6LA NU85 50 Inch Smart TV, α7 Processor Gen9, 60 Hz, HDR10, Filmmaker Mode™, Google Cast, Apple AirPlay 2, 2026",https://www.amazon.co.uk/dp/B0GTB3TB9P,50.0,382.68,329.0,GBP,382.68,Amazon,GB,2026-08-18T04:51:51Z,B0GTB3TB9P,,,,,2026-07-01
TCL,"TCL 55P8L-UK 55 Inch QD-Mini LED 4K HDR Ultra HD TV, Smart Google TV (Dolby Vision, HDR10+ & Atmos, 144Hz VRR, FreeSync Premium, Game Master, Voice Control, 2026 New Model)",https://www.amazon.co.uk/dp/B0GY53DBN5,55.0,,,,,Amazon,GB,2026-08-18T04:51:51Z,B0GY53DBN5,,,,,
Hisense,"Hisense 32A4S – 32 inch HD LED TV, Smart TV VIDAA, Dolby Audio & DTS HD, WiFi, Bluetooth, Game Mode, Black",https://www.amazon.co.uk/dp/B0GJFWX36Y,32.0,238.38,204.94,GBP,238.38,Amazon,GB,2026-08-18T04:51:51Z,B0GJFWX36Y,,,,,2026-07-01
Sony,"Sony BRAVIA 5 – XR, Mini LED, AI XR Processor, Acoustic Multi-Audio, Dolby Vision/Atmos, IMAX Enhanced, Google TV (2025), Google Cast, Apple AirPlay 2, Eco Dashboard 2 – 55-inch",https://www.amazon.co.uk/dp/B0F29LGQ7K,55.0,,,,,Amazon,GB,2026-08-18T04:51:51Z,B0F29LGQ7K,,,,,
Samsung,"Samsung Smart TV 55-Inch Mini LED M70H 4K, UHD TV, Mini LED HDR, Motion Xcelerator 144Hz, Dynamic Sound Pack, AI Companion for questions [2026]",https://www.amazon.co.uk/dp/B0GYZ8BPJN,55.0,567.61,487.99,GBP,567.61,Amazon,GB,2026-08-18T04:51:51Z,B0GYZ8BPJN,,,,,2026-07-01
TCL,"TCL 85P8L-UK 85 Inch QD-Mini LED 4K HDR Ultra HD TV, Smart Google TV (Dolby Vision, HDR10+ & Atmos, 144Hz VRR, FreeSync Premium, Onkyo 2.1 sound, Game Master, Voice Control, 2026 New Model)",https://www.amazon.co.uk/dp/B0GY5F33F8,85.0,,,,,Amazon,GB,2026-08-18T04:51:51Z,B0GY5F33F8,,,,,
Hisense,Hisense 40A4S – 40 Inch Full HD LED TV Smart TV VIDAA Dolby Audio & DTS HD WiFi Bluetooth Borderless Design Black,https://www.amazon.co.uk/dp/B0GJFC1Q9Z,40.0,315.51,271.25,GBP,315.51,Amazon,GB,2026-08-18T04:51:51Z,B0GJFC1Q9Z,,,,,2026-07-01
Sony,"Sony BRAVIA 5 – XR, Mini LED, AI XR Processor, Acoustic Multi-Audio, Dolby Vision/Atmos, IMAX Enhanced, Google TV (2025), Google Cast, Apple AirPlay 2, Eco Dashboard 2 – 75-inch",https://www.amazon.co.uk/dp/B0F29J38YL,75.0,,,,,Amazon,GB,2026-08-18T04:51:51Z,B0F29J38YL,,,,,
Samsung,"Samsung Smart TV 75-Inch Mini LED M70H 4K, UHD TV, Mini LED HDR, Motion Xcelerator 144Hz, Dynamic Sound Pack, AI Companion for questions [2026]",https://www.amazon.co.uk/dp/B0GYZNMMKS,75.0,987.52,849.0,GBP,987.52,Amazon,GB,2026-08-18T04:51:51Z,B0GYZNMMKS,,,,,2026-07-01
TCL,"TCL 85C7L-UK 85 Inch SQD-Mini LED TV, 4K HDR 3000 nits and 1,624 dimming zones, Google TV, Dolby Vision & Atmos, Audio by Bang & Olufsen, 144Hz, Apple AirPlay 2 & Alexa (2026 New Model)",https://www.amazon.co.uk/dp/B0GY5F5J99,85.0,2674.1,2299.0,GBP,2674.1,Amazon,GB,2026-08-18T04:51:51Z,B0GY5F5J99,,,,,2026-07-01
Hisense,"Hisense 50A6S - 50"" 4K UHD TV, HomeOS U9.5 Smart TV, Dolby Vision HDR, Game Mode Plus (VRR 60Hz), DTS Virtual:X, Alexa Built-in, Black",https://www.amazon.co.uk/dp/B0GJFVQDWB,50.0,402.88,346.37,GBP,402.88,Amazon,GB,2026-08-18T04:51:51Z,B0GJFVQDWB,,,,,2026-07-01
Sony,"Sony BRAVIA 5 – XR, Mini LED, AI XR Processor, Acoustic Multi-Audio, Dolby Vision/Atmos, IMAX Enhanced, Google TV (2025), Google Cast, Apple AirPlay 2, Eco Dashboard 2, Game Menu 2 – 98-inch",https://www.amazon.co.uk/dp/B0F29J81CM,98.0,5233.04,4499.0,GBP,5233.04,Amazon,GB,2026-08-18T04:51:51Z,B0F29J81CM,,,,,2026-07-01
Samsung,"Samsung M70H 85"" 4K Ultra HD Mini LED HDR Vision AI Smart TV - UE85M70H",https://www.amazon.co.uk/dp/B0H3KN31WC,85.0,,,,,Amazon,GB,2026-08-18T04:51:51Z,B0H3KN31WC,,,,,
LG,LG 55QNED70B6C - 55 Inch Smart TV 4K DVB-T2 Wifi Energy Class E Black,https://www.amazon.co.uk/dp/B0H1N8Y6RV,55.0,,,,,Amazon,GB,2026-08-18T04:51:51Z,B0H1N8Y6RV,,,,,
TCL,"TCL 43P7K-UK 43"" QLED 4K Ultra HD HDR Google TV (Google Assistant, Freeview Play, Dolby Atmos, Dolby Vision, HDR10+, Motion Clarity，2025 Model)",https://www.amazon.co.uk/dp/B0DPM1P6NB,43.0,,,,,Amazon,GB,2026-08-18T04:51:51Z,B0DPM1P6NB,,,,,
Hisense,"Hisense 55A6S - UHD 4K Smart TV 55 Pulgadas, Escalador IA 4K, Smooth Motion IA, Modo Juego Plus, Dolby Vision, Control por Voz, Filmmaker Mode, Airplay",https://www.amazon.co.uk/dp/B0GJFF3XT7,55.0,,,,,Amazon,GB,2026-08-18T04:51:51Z,B0GJFF3XT7,,,,,
Sony,"Sony BRAVIA 3 – Direct LED, X-Balanced Speaker, Dolby Vision/Atmos, IMAX Enhanced, Google TV (2025), Google Cast, Apple AirPlay 2, Eco Dashboard 2, Game Menu 2 – 85-inch",https://www.amazon.co.uk/dp/B0F29HDTWX,85.0,1976.2,1699.0,GBP,1976.2,Amazon,GB,2026-08-18T04:51:51Z,B0F29HDTWX,,,,,2026-07-01
Samsung,"Samsung Smart TV 85-Inch Mini LED M70H 4K, UHD TV, Mini LED HDR, Motion Xcelerator 144Hz, Dynamic Sound Pack, AI Companion for questions [2026]",https://www.amazon.co.uk/dp/B0GYZM1DLJ,85.0,1569.1,1349.0,GBP,1569.1,Amazon,GB,2026-08-18T04:51:51Z,B0GYZM1DLJ,,,,,2026-07-01
TCL,"TCL 65P7K-UK 65"" QLED 4K Ultra HD HDR Google TV (Google Assistant, Freeview Play, Dolby Atmos, Dolby Vision, HDR10+, 120Hz Game Accelerator, Motion Clarity，2025 Model)",https://www.amazon.co.uk/dp/B0DPM1QW8W,65.0,,,,,Amazon,GB,2026-08-18T04:51:51Z,B0DPM1QW8W,,,,,
Hisense,"Hisense 50E8S 50 Inch Mini LED Smart TV, Hi-QLED MiniLED, 144Hz Native Gaming Mode, Built-in Subwoofer, Hi-View AI Engine, Total HDR Solution, Filmmaker Mode, Hands-Free Control",https://www.amazon.co.uk/dp/B0GQDSSGNB,50.0,,,,,Amazon,GB,2026-08-18T04:51:51Z,B0GQDSSGNB,,,,,
Sony,"Sony BRAVIA 8 OLED, K77XR80, 77 Inch 4K HDR Google Smart TV, Gaming Features for PlayStation 5 and IMAX Enhanced, Dolby Vision Atmos, Chromecast, Apple AirPlay, 120Hz",https://www.amazon.co.uk/dp/B0CZVL353R,77.0,3255.67,2799.0,GBP,3255.67,Amazon,GB,2026-08-18T04:51:51Z,B0CZVL353R,,,,,2026-07-01
Samsung,"Samsung Smart TV 55-Inch R85H Micro RGB 4K, HDR+, Motion Xcelerator 144Hz, Dolby Atmos & OTS Lite, Gaming Hub, FreeSync Premium Pro, Knox Security, Vision AI Companion, Alexa Built-in [2026]",https://www.amazon.co.uk/dp/B0GYZNYXH2,55.0,1394.62,1199.0,GBP,1394.62,Amazon,GB,2026-08-18T04:51:51Z,B0GYZNYXH2,,,,,2026-07-01
LG,"LG QNED MiniLED AI QNED70 85 inch 4K Smart TV - 85QNED70B6A (α7 AI Processor 4K Gen9, 60Hz, HDR10, FILMMAKER MODE™, Google Cast, Apple AirPlay 2) [Model year 2026]",https://www.amazon.co.uk/dp/B0GTB1482P,85.0,1627.26,1399.0,GBP,1627.26,Amazon,GB,2026-08-18T04:51:51Z,B0GTB1482P,,,,,2026-07-01
TCL,"TCL QLED 65"" 65P7K UltraHD 4K Dolby Atmos Google TV",https://www.amazon.co.uk/dp/B0FH78VT5V,65.0,,,,,Amazon,GB,2026-08-18T04:51:51Z,B0FH78VT5V,,,,,
Hisense,"Hisense 65E8S - 65-inch Mini LED Smart TV, Hi-QLED MiniLED, 144Hz Native Gaming Mode, Built-in Subwoofer, Hi-View AI Engine, Total HDR Solution, Filmmaker Mode, Hands-Free Control",https://www.amazon.co.uk/dp/B0GQF24H9M,65.0,1305.06,1122.0,GBP,1305.06,Amazon,GB,2026-08-18T04:51:51Z,B0GQF24H9M,,,,,2026-07-01
Sony,"Sony BRAVIA 8 OLED, K77XR80, 77"" TV BRAVIA Theatre Bar 9 – Dolby Atmos Single Soundbar",https://www.amazon.co.uk/dp/B0DDXDDM5V,77.0,4882.93,4198.0,GBP,4882.93,Amazon,GB,2026-08-18T04:51:51Z,B0DDXDDM5V,,,,,2026-07-01
Samsung,"Samsung Smart TV 75-Inch R85H Micro RGB 4K, HDR+, Motion Xcelerator 144Hz, Dolby Atmos & OTS Lite, Gaming Hub, FreeSync Premium Pro, Knox Security, Vision AI Companion, Alexa Built-in [2026]",https://www.amazon.co.uk/dp/B0GYZQMWQC,75.0,2906.73,2499.0,GBP,2906.73,Amazon,GB,2026-08-18T04:51:51Z,B0GYZQMWQC,,,,,2026-07-01
LG,"LG OLED AI B6 83-inch 4K Smart TV - OLED83B65LA (α8 AI Processor 4K Gen3, 120Hz (VRR 120Hz), Dolby Vision, Dolby Atmos, FILMMAKER MODE™, G-Sync Compatible (Nvidia), [Model year 2026]",https://www.amazon.co.uk/dp/B0GVTCYXHP,83.0,3488.3,2999.0,GBP,3488.3,Amazon,GB,2026-08-18T04:51:51Z,B0GVTCYXHP,,,,,2026-07-01
TCL,"TCL 75P7K-UK 75"" QLED 4K Ultra HD HDR Google TV (Google Assistant, Freeview Play, Dolby Atmos, Dolby Vision, HDR10+, 120Hz Game Accelerator, Motion Clarity，2025 Model)",https://www.amazon.co.uk/dp/B0DPM23MZH,75.0,,,,,Amazon,GB,2026-08-18T04:51:51Z,B0DPM23MZH,,,,,
Hisense,"Hisense 85E7S QLED Smart TV, 85 Inches, Hi-QLED Colour, Dolby Vision.Atmos, IA 4K, Smooth Motion IA, Game Mode Plus, Dolby Vision IQ, HDR10 + Adaptive",https://www.amazon.co.uk/dp/B0GNCGYDGJ,85.0,1354.47,1164.48,GBP,1354.47,Amazon,GB,2026-08-18T04:51:51Z,B0GNCGYDGJ,,,,,2026-07-01
Sony,"Sony BRAVIA 8 OLED, K77XR80, 77"" TV BRAVIA Theatre Quad",https://www.amazon.co.uk/dp/B0DDXMYLRL,77.0,6162.4,5298.0,GBP,6162.4,Amazon,GB,2026-08-18T04:51:51Z,B0DDXMYLRL,,,,,2026-07-01
Samsung,"Samsung Smart TV 42 Inch S90H OLED 4K, Glare-Free, HDR10+, Motion Xcelerator 165Hz, Dolby Atmos & OTS Lite, Gaming Hub, FreeSync Premium Pro, Knox Security, AI Voice Control, Alexa Built-in [2026]",https://www.amazon.co.uk/dp/B0GYZ7MZ2Q,42.0,1394.62,1199.0,GBP,1394.62,Amazon,GB,2026-08-18T04:51:51Z,B0GYZ7MZ2Q,,,,,2026-07-01
LG,"LG OLED77C65LA 77-Inch OLED evo AI 4K UHD Smart TV bundle with US40T Soundbar with Wireless Subwoofer & WOW Interface 2.1 channel, 300W",https://www.amazon.co.uk/dp/B0GVDRPYLJ,77.0,4254.82,3658.0,GBP,4254.82,Amazon,GB,2026-08-18T04:51:51Z,B0GVDRPYLJ,,,,,2026-07-01
TCL,"TCL 85P7K-UK 85"" QLED 4K Ultra HD HDR Google TV (Google Assistant, Freeview Play, Dolby Atmos, Dolby Vision, HDR10+, 120Hz Game Accelerator, Motion Clarity，2025 Model)",https://www.amazon.co.uk/dp/B0DPM23Q3P,85.0,1045.68,899.0,GBP,1045.68,Amazon,GB,2026-08-18T04:51:51Z,B0DPM23Q3P,,,,,2026-07-01
Hisense,"Hisense 85UR9S 85"" 4K MiniLED RGB Smart TV",https://www.amazon.co.uk/dp/B0GR5Z4S73,85.0,4300.57,3697.33,GBP,4300.57,Amazon,GB,2026-08-18T04:51:51Z,B0GR5Z4S73,,,,,2026-07-01
Sony,"Sony BRAVIA 8 OLED, K77XR80, 77"" TV BRAVIA Theatre Bar 8 – Dolby Atmos Single Soundbar",https://www.amazon.co.uk/dp/B0DDX8PHB9,77.0,4185.03,3598.0,GBP,4185.03,Amazon,GB,2026-08-18T04:51:51Z,B0DDX8PHB9,,,,,2026-07-01
Samsung,Samsung 75 Inch Crystal UHD U8020F Smart TV,https://www.amazon.co.uk/dp/B0F6VQZFCB,75.0,719.99,619.0,GBP,719.99,Amazon,GB,2026-08-18T04:51:51Z,B0F6VQZFCB,,,,,2026-07-01
Samsung,Samsung 85 Inch Crystal UHD U8020F Smart TV,https://www.amazon.co.uk/dp/B0F6VFTBDF,85.0,,,,,Amazon,GB,2026-08-18T04:51:51Z,B0F6VFTBDF,,,,,
LG,"LG 50QNED70A6A 50-Inch 4K UHD Smart TV (α7 AI Processor, Amazon Alexa, 60Hz) [Model 2025]",https://www.amazon.co.uk/dp/B0FDRCB9LJ,50.0,417.57,359.0,GBP,417.57,Amazon,GB,2026-08-18T04:51:51Z,B0FDRCB9LJ,,,,,2026-07-01
Hisense,"Smart TV Hisense 43A6Q 4K Ultra HD LED 43""",https://www.amazon.co.uk/dp/B0F4DF55P6,43.0,,,,,Amazon,GB,2026-08-18T04:51:51Z,B0F4DF55P6,,,,,
Hisense,"Hisense Smart TV 55 Inch 4K Ultra HD 2025 55A6Q Dolby Vision, HDR 10, Game Mode Plus, Alexa Built-in, VIDAA Voice, DVB-T2/S2 HEVC 10 Tuner, Lativù 4K, LED",https://www.amazon.co.uk/dp/B0F4D9MLMQ,55.0,,,,,Amazon,GB,2026-08-18T04:51:51Z,B0F4D9MLMQ,,,,,
Hisense,"Hisense Smart TV 65 Inch 4K Ultra HD 2025 65A6Q, Smart TV VIDAA U8, Dolby Vision, HDR 10, Game Mode Plus, Alexa Built-in, VIDAA Voice, Tuner DVB-T2/S2 HEVC 10, Lativù 4K, 65 Inch, 2025 LED",https://www.amazon.co.uk/dp/B0F4DCJ7K6,65.0,,,,,Amazon,GB,2026-08-18T04:51:51Z,B0F4DCJ7K6,,,,,
Panasonic,"Panasonic TB-43W60AEY, W60 Series 43 Inch 4K Ultra HD LED Smart TV, 2024, Freely, TiVo, 4K Colour Engine, Dolby Vision & Atmos, Exceptional Visual Experience",https://www.amazon.co.uk/dp/B0D9K4NBGV,43.0,,,,,Amazon,GB,2026-08-18T04:51:51Z,B0D9K4NBGV,,,,,
Panasonic,"Panasonic TB-50W60AEY, W60 Series 50 inch 4K Ultra HD LED Smart TV, 2024, Freely, TiVo, 4K Colour Engine, Dolby Vision & Atmos, For An Exceptional Visual Experience",https://www.amazon.co.uk/dp/B0DBMBD61G,50.0,,,,,Amazon,GB,2026-08-18T04:51:51Z,B0DBMBD61G,,,,,
Panasonic,"Panasonic TB-65W60AEY, W60 Series 65 Inch 4K Ultra HD LED Smart TV, 2024, Freely, TiVo, 4K Colour Engine, Dolby Vision & Atmos, Exceptional Visual Experience",https://www.amazon.co.uk/dp/B0D9W62YRZ,65.0,,,,,Amazon,GB,2026-08-18T04:51:51Z,B0D9W62YRZ,,,,,
Philips,"Philips Ambilight 65PUS8200 4K LED Smart TV - 65 Inch Display with Pixel Precise, Ultra HD, Titan OS Platform and Dolby Atmos Sound, Works with Alexa and Google Voice Assistant",https://www.amazon.co.uk/dp/B0F24WL1VF,65.0,639.44,549.75,GBP,639.44,Amazon,GB,2026-08-18T04:51:51Z,B0F24WL1VF,,,,,2026-07-01
Toshiba,"Toshiba 65"" UV1563DB 4K Smart VIDAA TV, Ultra HD, Dolby Vision, HDR10, Freely, Disney+, Prime Video, Netflix, Audio Processing, Alexa & Google Assistant, VIDAA Voice 2025",https://www.amazon.co.uk/dp/B0FQNL8ZCD,65.0,440.84,379.0,GBP,440.84,Amazon,GB,2026-08-18T04:51:51Z,B0FQNL8ZCD,,,,,2026-07-01
Toshiba,"Toshiba 55”UV1563DB 4K Smart VIDAA TV, Ultra HD,Dolby Vision, HDR10, Freely, Disney+, Prime Video, Netflix, Dolby Audio Processing, Works with Alexa, Works with Google Assistant, VIDAA Voice 2025",https://www.amazon.co.uk/dp/B0FQNL6YMM,55.0,,,,,Amazon,GB,2026-08-18T04:51:51Z,B0FQNL6YMM,,,,,
Xiaomi,"XIAOMI TV F 43, 43 Inch (109 cm) 4K UHD Smart TV, Fire TV, HDR10, MEMC | Alexa Voice Control, 2GB+32GB, Works with Apple AirPlay",https://www.amazon.co.uk/dp/B0FCXR6FLL,43.0,254.73,219.0,GBP,254.73,Amazon,GB,2026-08-18T04:51:51Z,B0FCXR6FLL,,,,,2026-07-01
Xiaomi,"XIAOMI TV F 50, 50 Inch 4K UHD, Smart TV, Fire TV, HDR10, MEMC | Alexa Voice Control, 60Hz with 120Hz Game Boost Mode, 2GB+32GB, Works with Apple AirPlay",https://www.amazon.co.uk/dp/B0FCY3CP28,50.0,312.89,269.0,GBP,312.89,Amazon,GB,2026-08-18T04:51:51Z,B0FCY3CP28,,,,,2026-07-01
Xiaomi,"XIAOMI TV F 55 inch (109 cm), HD Smart TV Fire TV Dolby Audio L55MB-FAVEU | Alexa Voice Control, 60Hz with 120Hz Game Boost Mode, 2GB+32GB, Works with Apple AirPlay",https://www.amazon.co.uk/dp/B0FCY8TGFF,55.0,,,,,Amazon,GB,2026-08-18T04:51:51Z,B0FCY8TGFF,,,,,
LG,"LG 55UA75006LA UHD UA75 4K Smart TV, α7 AI Processor Gen8, 60Hz, HDR10, Filmmaker Mode™, Google Cast, Apple AirPlay 2, Model Year 2025",https://www.amazon.co.uk/dp/B0GTVYL47V,55.0,,,,,Amazon,GB,2026-08-18T04:51:51Z,B0GTVYL47V,,,,,
LG,"LG 50UA75006LA UHD UA75 50 Inch 4K Smart TV, α7 AI Processor Gen8, 60Hz, HDR10, Filmmaker Mode™, Google Cast, Apple AirPlay 2, Model Year 2025",https://www.amazon.co.uk/dp/B0GHP139W4,50.0,,,,,Amazon,GB,2026-08-18T04:51:51Z,B0GHP139W4,,,,,
Hisense,"Hisense 50U7Q TV 50 Inches, 4K Mini LED ULED, Smart TV, Hi-View AI Engine, 144Hz Game Mode Pro, FreeSync Premium, Built in Subwoofer, Dolby Vision IQ Atmos, Airplay, Voice Control [2025]",https://www.amazon.co.uk/dp/B0F32KTJK8,50.0,,,,,Amazon,GB,2026-08-18T04:51:51Z,B0F32KTJK8,,,,,
Hisense,"Hisense 85U7NQ 215 cm (85 Inch) TV, 4K Mini LED ULED HDR Smart TV, Quantum Dot, 120Hz/ 144Hz VRR, HDMI 2.1, Game Mode Pro, Dolby Vision IQ & Atmos, Bluetooth, Alexa Built-in, Anthracite, [2024]",https://www.amazon.co.uk/dp/B0D7CWPC5W,85.0,2477.28,2129.79,GBP,2477.28,Amazon,GB,2026-08-18T04:51:51Z,B0D7CWPC5W,,,,,2026-07-01
Xiaomi,"XIAOMI TV F Pro 50, 50 Inch (127 cm) 4K QLED Smart TV, Fire TV, HDR10 | 60Hz with 120Hz Game Boost Mode, MEMC, Alexa Voice Control, 2GB+32GB, Works with Apple AirPlay",https://www.amazon.co.uk/dp/B0FCXVBZFT,50.0,336.15,289.0,GBP,336.15,Amazon,GB,2026-08-18T04:51:51Z,B0FCXVBZFT,,,,,2026-07-01
Xiaomi,"XIAOMI TV F Pro 55, 55 Inch (140 cm) 4K QLED Smart TV, Fire TV, HDR10+ | 60Hz with 120Hz Game Boost Mode, MEMC, Alexa Voice Control, 2GB+32GB, Works with Apple AirPlay",https://www.amazon.co.uk/dp/B0FCXF1WKX,55.0,371.05,319.0,GBP,371.05,Amazon,GB,2026-08-18T04:51:51Z,B0FCXF1WKX,,,,,2026-07-01
Xiaomi,"XIAOMI TV F Pro 65, 65 Inch (165 cm) 4K QLED Smart TV, Fire TV, HDR10+ | 60Hz with 120Hz Game Boost Mode, MEMC, lexa Voice Control, 2GB+32GB, Works with Apple AirPlay",https://www.amazon.co.uk/dp/B0FCXTSCP9,65.0,522.26,449.0,GBP,522.26,Amazon,GB,2026-08-18T04:51:51Z,B0FCXTSCP9,,,,,2026-07-01
Xiaomi,"XIAOMI TV F Pro 75, 75 Inch (190 cm) 4K QLED Smart TV, Fire TV, HDR10+ | 60Hz with 120Hz Game Boost Mode, MEMC, Alexa Voice Control, 2GB+32GB, Works with Apple AirPlay",https://www.amazon.co.uk/dp/B0FCY2PN68,75.0,,,,,Amazon,GB,2026-08-18T04:51:51Z,B0FCY2PN68,,,,,
Samsung,"Samsung 98"" 4K QN90F, NQ4 AI Gen3 Processor, 4K AI Upscaling Pro, Neo Quantum HDR+, Glare Free, Samsung Vision AI, 2025",https://www.amazon.co.uk/dp/B0DFVWCBLP,98.0,5466.83,4700.0,GBP,5466.83,Amazon,GB,2026-08-18T04:51:51Z,B0DFVWCBLP,,,,,2026-07-01
Samsung,"Samsung 75"" 4K QN90F, NQ4 AI Gen3 Processor, 4K AI Upscaling Pro, Neo Quantum HDR+, Glare Free, Samsung Vision AI, 2025",https://www.amazon.co.uk/dp/B0F6VR68MD,75.0,,,,,Amazon,GB,2026-08-18T04:51:51Z,B0F6VR68MD,,,,,
LG,"LG OLED83C54LA 83-Inch OLEDevo 4K UHD Smart TV, (α9 AI Processor Gen7, Dolby Atmos, Freeview Play and Amazon Alexa, 120Hz) [Model 2025]",https://www.amazon.co.uk/dp/B0F3CZ77GD,83.0,3488.3,2999.0,GBP,3488.3,Amazon,GB,2026-08-18T04:51:51Z,B0F3CZ77GD,,,,,2026-07-01
LG,"LG OLED77C55LA 77-Inch OLEDevo 4K UHD Smart TV, (α9 AI Processor Gen7, Dolby Atmos, Freeview Play and Amazon Alexa, 120Hz) [Model 2025]",https://www.amazon.co.uk/dp/B0F148V3DG,77.0,,,,,Amazon,GB,2026-08-18T04:51:51Z,B0F148V3DG,,,,,
TCL,"TCL 50C6K-UK 50 Inch QD-Mini LED TV, 4K HDR Premium 1000nits, Smart TV Powered by Google TV (Dolby Vision IQ & Atmos, 144Hz Motion Clarity Pro)",https://www.amazon.co.uk/dp/B0H7BGSVPB,50.0,,,,,Amazon,GB,2026-08-18T04:51:51Z,B0H7BGSVPB,,,,,
TCL,"TCL 65C6K-UK 65 Inch QD-Mini LED TV, 4K HDR Premium 1000nits, Smart TV Powered by Google TV (Dolby Vision IQ & Atmos, Onkyo 2.1 Sound System, 144Hz Motion Clarity Pro)",https://www.amazon.co.uk/dp/B0H726FRPQ,65.0,,,,,Amazon,GB,2026-08-18T04:51:51Z,B0H726FRPQ,,,,,
Hisense,"Hisense 65"" 65E6QTUK 4K Ultra HD Smart AI TV - Hi-View AI Engine, precision colour, AI smooth motion, sports mode with Freely, Disney+, YouTube, Netflix",https://www.amazon.co.uk/dp/B0F7WJYSN6,65.0,464.1,399.0,GBP,464.1,Amazon,GB,2026-08-18T04:51:51Z,B0F7WJYSN6,,,,,2026-07-01
Hisense,"Hisense 75"" 75A6QTUK 4K Ultra HD Smart AI TV - Hi-View AI Engine, precision colour, AI smooth motion, sports mode with Freely, Disney+, YouTube, Netflix",https://www.amazon.co.uk/dp/B0F7W5WQYP,75.0,,,,,Amazon,GB,2026-08-18T04:51:51Z,B0F7W5WQYP,,,,,
Hisense,"Hisense 85"" 85A6QTUK 4K Ultra HD Smart AI TV - Hi-View AI Engine, precision colour, AI smooth motion, sports mode with Freely, Disney+, YouTube, Netflix",https://www.amazon.co.uk/dp/B0F7WK9DLX,85.0,929.36,799.0,GBP,929.36,Amazon,GB,2026-08-18T04:51:51Z,B0F7WK9DLX,,,,,2026-07-01
Hisense,"Hisense 55"" 55A6QTUK 4K Ultra HD Smart AI TV - Hi-View AI Engine, precision colour, AI smooth motion, sports mode with Freely, Disney+, YouTube, Netflix",https://www.amazon.co.uk/dp/B0F7WKRQPK,55.0,347.78,299.0,GBP,347.78,Amazon,GB,2026-08-18T04:51:51Z,B0F7WKRQPK,,,,,2026-07-01
Hisense,"Hisense 55 Inch 4K Smart TV 55E6NTUK - Dolby Vision, Game Mode PLUS with 60Hz VRR ALLM, Smooth Motion, AI Sports Mode, Vidaa OS with Freely, Youtube, Netflix and Disney+ & Now TV (2024 Model)",https://www.amazon.co.uk/dp/B0CZ3MV2GL,55.0,,,,,Amazon,GB,2026-08-18T04:51:51Z,B0CZ3MV2GL,,,,,
Toshiba,"Toshiba UF3F 55 Inch Fire 4K HDR TV, TRU Picture Engine, HDR10, Dolby Vision & Atmos, Sound by Onkyo, DTS Virtual X, Alexa Voice Remote",https://www.amazon.co.uk/dp/B0DCBYF2QN,55.0,324.52,279.0,GBP,324.52,Amazon,GB,2026-08-18T04:51:51Z,B0DCBYF2QN,,,,,2026-07-01
Samsung,"Samsung 77"" S90F, NQ4 AI Gen3 Processor, 4K AI Upscaling Pro, OLED HDR+, Motion Xcelerator 144Hz, Samsung Vision AI, 2025",https://www.amazon.co.uk/dp/B0F6VHHS4R,77.0,2325.15,1999.0,GBP,2325.15,Amazon,GB,2026-08-18T04:51:51Z,B0F6VHHS4R,,,,,2026-07-01
Samsung,"Samsung 83"" S90F, NQ4 AI Gen3 Processor, 4K AI Upscaling Pro, OLED HDR+, Motion Xcelerator 144Hz, Samsung Vision AI, 2025",https://www.amazon.co.uk/dp/B0F6TQFXQL,83.0,3254.51,2798.0,GBP,3254.51,Amazon,GB,2026-08-18T04:51:51Z,B0F6TQFXQL,,,,,2026-07-01
Samsung,"Samsung 65"" S85F, NQ4 AI Gen2 Processor, 4K AI Upscaling, OLED HDR, PANTONE Validated, Samsung Vision AI, 2025",https://www.amazon.co.uk/dp/B0DFVF5LFQ,65.0,1278.31,1099.0,GBP,1278.31,Amazon,GB,2026-08-18T04:51:51Z,B0DFVF5LFQ,,,,,2026-07-01
Hisense,"Hisense 75"" 75E78QTUK PRO 144Hz QLED Smart AI TV - Hi-View AI Engine, 144Hz Game Mode PRO, Dolby Atmos, Quantum Dot Colour with Freely, Disney +, YouTube, Netflix",https://www.amazon.co.uk/dp/B0F7W3RHS3,75.0,,,,,Amazon,GB,2026-08-18T04:51:51Z,B0F7W3RHS3,,,,,
Hisense,"Hisense 100"" 100E78QTUK PRO 144Hz QLED Smart AI TV - Hi-View AI Engine, 144Hz Game Mode PRO, Dolby Atmos, Quantum Dot Colour with Freely, Disney +, YouTube, Netflix",https://www.amazon.co.uk/dp/B0F7WF4CC9,100.0,,,,,Amazon,GB,2026-08-18T04:51:51Z,B0F7WF4CC9,,,,,
LG,"LG 85NU800B6LA Nano UHD AI NU80 4K Smart TV, α7 Processor Gen9, 60Hz, HDR10, Filmmaker Mode™, Google Cast, Apple AirPlay 2, Model Year 2026",https://www.amazon.co.uk/dp/B0GT9YHTMM,85.0,1161.99,999.0,GBP,1161.99,Amazon,GB,2026-08-18T04:51:51Z,B0GT9YHTMM,,,,,2026-07-01
