brand_raw,raw_text,url,size_hint_inch,price_hint_eur,price_local,currency,price_eur,platform,country,scraped_at,asin,elkjop_sku,model_year,filter_year,source_brand,fx_rate_date
Samsung,"Samsung Crystal UHD U8079F 4K 50 Zoll (125 cm) LED Fernseher, Crystal Prozessor 4K, MetalStream Design, SmartThings, AI Upscaling, Gaming Hub, Knox Security, Kostenlose Inhalte, Smart TV",https://www.amazon.de/dp/B0F62WYBXV,50.0,349.0,349.0,EUR,349.0,Amazon,DE,2026-09-03T08:56:51Z,B0F62WYBXV,,,,,
Samsung,"Samsung Neo QLED 4K QN70F 55 Zoll (138 cm) Mini LED Fernseher, Optimiert für Fussball, NQ4 AI Gen2 Prozessor, Quantum Matrix Technology Slim, Motion Xcelerator, Samsung Vision AI Smart TV",https://www.amazon.de/dp/B0DF6PGDMT,55.0,539.0,539.0,EUR,539.0,Amazon,DE,2026-09-03T08:56:51Z,B0DF6PGDMT,,,,,
Samsung,"Samsung QLED Q7F 4K Smart TV 43 Zoll (108 cm) mit AI-Vision, 100% Farbvolumen mit Quantum Dot, HDR10+, Q4 AI Prozessor, One UI Tizen, Wi-Fi, Bluetooth 5.3 und Motion Xcelerator",https://www.amazon.de/dp/B0FFSRHM9L,43.0,316.74,316.74,EUR,316.74,Amazon,DE,2026-09-03T08:56:51Z,B0FFSRHM9L,,,,,
Samsung,"Samsung Crystal UHD U8079F 43 Zoll (108 cm) LED, MetalStream Design, SmartThings, AI Upscaling, Gaming Hub, Knox Security, Smart TV, 2025",https://www.amazon.de/dp/B0F7LG4F8P,43.0,319.99,319.99,EUR,319.99,Amazon,DE,2026-09-03T08:56:51Z,B0F7LG4F8P,,,,,
Samsung,"Samsung Full HD F6009F 32 Zoll (81 cm) LED Flachbildfernseher, PurColor-Technologie, HDR, Object Tracking Sound Lite, Knox Security, One UI Tizen, Smart TV, Unbegrenzt kostenlose Inhalte",https://www.amazon.de/dp/B0DFVXK726,32.0,279.99,279.99,EUR,279.99,Amazon,DE,2026-09-03T08:56:51Z,B0DFVXK726,,,,,
Samsung,"Samsung QLED 4K Q7FA 43 Zoll (108 cm) UHD Fernseher, Q4 AI Prozessor, Quantum Dot, Upscaling, Gaming Hub, Knox Security, Smart TV, 2025",https://www.amazon.de/dp/B0F5BXDVK2,43.0,299.0,299.0,EUR,299.0,Amazon,DE,2026-09-03T08:56:51Z,B0F5BXDVK2,,,,,
Samsung,"Samsung Neo QLED 4K QN85F 65 Zoll (163 cm) Mini LED Fernseher, Optimiert für Fussball, NQ4 AI Gen2 Prozessor, Quantum Matrix Plus, Dolby Atmos, Knox Security, Samsung Vision AI Smart TV",https://www.amazon.de/dp/B0DFVGG5PZ,65.0,799.0,799.0,EUR,799.0,Amazon,DE,2026-09-03T08:56:51Z,B0DFVGG5PZ,,,,,
Samsung,"Samsung TV 24"" LED FHD 4K SmartTV TU24F6005FKXXC [Länderversion Französisch, Spanisch, Portugiesisch]...[Länderversion Französisch, Spanisch, Portugiesisch]",https://www.amazon.de/dp/B0F22BB8VV,24.0,181.69,181.69,EUR,181.69,Amazon,DE,2026-09-03T08:56:51Z,B0F22BB8VV,,,,,
Samsung,"Samsung QLED Q8F 4K 55 Zoll (138 cm) UHD Fernseher, Q4 AI Prozessor, Quantum Dot für Reale Farben, AirSlim Design, 4K Upscaling, Gaming Hub, Kostenlose Inhalte, Samsung Vision AI Smart TV",https://www.amazon.de/dp/B0FCX5NT4S,55.0,539.99,539.99,EUR,539.99,Amazon,DE,2026-09-03T08:56:51Z,B0FCX5NT4S,,,,,
Samsung,"Samsung Mini LED M70H 4K 50 Zoll (125 cm) UHD Fernseher, Mini LED Prozessor 4K, AI Companion für Fragen, Pure Spectrum Color, Dynamic SoundPack, MetalStream Design, Gaming Hub, Knox Security, Smart TV",https://www.amazon.de/dp/B0H33D2SFV,50.0,362.0,362.0,EUR,362.0,Amazon,DE,2026-09-03T08:56:51Z,B0H33D2SFV,,,,,
Samsung,"Samsung Mini LED M70H 4K 43 Zoll (108 cm) UHD Fernseher, Mini LED Prozessor 4K, AI Companion für Fragen, Pure Spectrum Color, Dynamic SoundPack, MetalStream Design, Gaming Hub, Knox Security, Smart TV",https://www.amazon.de/dp/B0H2J5QPY6,43.0,319.08,319.08,EUR,319.08,Amazon,DE,2026-09-03T08:56:51Z,B0H2J5QPY6,,,,,
Samsung,"Samsung Crystal UHD DU7170 43 Zoll Fernseher, 109 cm (43DU7170), PurColor, Crystal Prozessor 4K, Q-Symphony, Smart TV [2024]",https://www.amazon.de/dp/B0D5RHK9TS,43.0,289.48,289.48,EUR,289.48,Amazon,DE,2026-09-03T08:56:51Z,B0D5RHK9TS,,,,,
Samsung,"Samsung Mini LED M70H 4K 43 Zoll (108 cm), UHD Fernseher, Mini LED HDR für beeindruckende Details, Motion Xcelerator 144Hz, Dynamik Sound Pack, AI Companion für Fragen, kostenlos 900 Sender, Smart TV",https://www.amazon.de/dp/B0GXZPJ971,43.0,359.0,359.0,EUR,359.0,Amazon,DE,2026-09-03T08:56:51Z,B0GXZPJ971,,,,,
Samsung,"Samsung QLED Q7F2 4K 65 Zoll (163 cm) UHD, Q4 AI Prozessor, Quantum Dot, Upscaling, Knox Security, Gaming Hub, Smart TV, 2025",https://www.amazon.de/dp/B0F62RTCZP,65.0,499.0,499.0,EUR,499.0,Amazon,DE,2026-09-03T08:56:51Z,B0F62RTCZP,,,,,
Samsung,"Samsung QLED 4K Q60A TV 43 Zoll (GQ43Q60AAUXZG), Quantum HDR, Quantum Prozessor Lite 4K, 100% Farbvolumen [2021]",https://www.amazon.de/dp/B092R8T45C,43.0,339.9,339.9,EUR,339.9,Amazon,DE,2026-09-03T08:56:51Z,B092R8T45C,,,,,
Samsung,"Samsung OLED 4K S90F 55 Zoll (138 cm), UHD Fernseher, Optimiert für Fussball und Gaming, NQ4 AI Gen3 Prozessor, OLED HDR+, 4K Upscaling Pro, Dolby Atmos, Motion Xcelerator, Samsung Vision AI Smart TV",https://www.amazon.de/dp/B0F62WB7N6,55.0,999.99,999.99,EUR,999.99,Amazon,DE,2026-09-03T08:56:51Z,B0F62WB7N6,,,,,
Samsung,"Samsung Crystal U7099H 4K 50 Zoll (125 cm), UHD Fernseher, AI Companion für Deine Fragen, 4K Upscaling, Dynamik Sound Pack für Premium-Sounderlebnis, Gaming Hub, kostenlos 900 Sender, Smart AI TV",https://www.amazon.de/dp/B0GXZJW37V,50.0,395.42,395.42,EUR,395.42,Amazon,DE,2026-09-03T08:56:51Z,B0GXZJW37V,,,,,
Samsung,"Samsung UE43DU8072UXXH Crystal UHD Smart TV 109,2 cm (43"""")",https://www.amazon.de/dp/B0D5D33WRZ,43.0,262.95,262.95,EUR,262.95,Amazon,DE,2026-09-03T08:56:51Z,B0D5D33WRZ,,,,,
Samsung,"SAMSUNG TV 50 Zoll QLED 50Q7F 4K Smart TV mit AI-Vision, 100% Farbvolumen mit Quantum Dots, authentischem Quantum Dot und Motion Xcelerator [Länderversion Spanisch]",https://www.amazon.de/dp/B0F9Q7MC87,50.0,345.3,345.3,EUR,345.3,Amazon,DE,2026-09-03T08:56:51Z,B0F9Q7MC87,,,,,
Samsung,"Samsung TU7199 108 cm (43 Zoll) LED Fernseher (Ultra HD, HDR 10+, Triple Tuner, Smart TV) [Modelljahr 2020]",https://www.amazon.de/dp/B0896V3YWW,43.0,276.5,276.5,EUR,276.5,Amazon,DE,2026-09-03T08:56:51Z,B0896V3YWW,,,,,
Samsung,"Samsung 75QN70H 75 Zoll (190 cm) 4K UHD Neo QLED AI Smart TV | NQ4 AI Gen2 Prozessor mit AI-Upscaling, Dolby Atmos Sound, Motion Xcelerator 120Hz, HDR10+ & SmartThings Smart Home.",https://www.amazon.de/dp/B0FC35H3ND,75.0,895.71,895.71,EUR,895.71,Amazon,DE,2026-09-03T08:56:51Z,B0FC35H3ND,,,,,
Samsung,"Samsung QLED 4K Q60D 43 Zoll Fernseher mit Quantum Prozessor Lite, 100% Farbvolumen, Upscaling, Tizen OS, Smart TV, 43Q60D [2024]",https://www.amazon.de/dp/B0D5BNFMHF,43.0,367.95,367.95,EUR,367.95,Amazon,DE,2026-09-03T08:56:51Z,B0D5BNFMHF,,,,,
Samsung,"Samsung Neo QLED 4K QN90F 50 Zoll (125 cm) Mini LED Fernseher, Antireflexion, NQ4 AI Gen3 Prozessor, Neo Quantum HDR, 4K Upscaling Pro, Dolby Atmos, Knox Security, Samsung Vision AI Smart TV",https://www.amazon.de/dp/B0DFVHCWC1,50.0,699.99,699.99,EUR,699.99,Amazon,DE,2026-09-03T08:56:51Z,B0DFVHCWC1,,,,,
Samsung,"Samsung 43U80H Crystal UHD 4K Smart TV, 43 Zoll (108 cm), Modelljahr 2026, Tizen OS, Gaming Hub, HDR10+, PurColor",https://www.amazon.de/dp/B0H5KBWMKK,43.0,307.0,307.0,EUR,307.0,Amazon,DE,2026-09-03T08:56:51Z,B0H5KBWMKK,,,,,
Samsung,"Samsung OLED 4K S90F 65 Zoll (165 cm), UHD Fernseher, NQ4 AI Gen3 Prozessor, OLED HDR+, 4K Upscaling Pro, Dolby Atmos, Gaming Hub, Motion Xcelerator 144Hz, Samsung V...[Länderversion Niederländisch]",https://www.amazon.de/dp/B0FP51R6WF,65.0,1224.21,1224.21,EUR,1224.21,Amazon,DE,2026-09-03T08:56:51Z,B0FP51R6WF,,,,,
Samsung,"Samsung Crystal UHD DU7170 50 Zoll Fernseher, 127 cm (50DU7170), PurColor, Crystal Prozessor 4K, Q-Symphony, Smart TV [2024]",https://www.amazon.de/dp/B0D5DJF9QQ,50.0,337.51,337.51,EUR,337.51,Amazon,DE,2026-09-03T08:56:51Z,B0D5DJF9QQ,,,,,
Samsung,"Samsung QLED Q7F2 4K 55 Zoll (138 cm) UHD Fernseher, Q4 AI Prozessor, Quantum Dot für Reale Farben, 4K Upscaling, Knox Security, Gaming Hub, Kostenlose Inhalte, Samsung Vision AI Smart TV",https://www.amazon.de/dp/B0F62T33BJ,55.0,535.0,535.0,EUR,535.0,Amazon,DE,2026-09-03T08:56:51Z,B0F62T33BJ,,,,,
Samsung,"Samsung OLED 4K S90F 48 Zoll (121 cm), UHD Fernseher, NQ4 AI Gen3 Prozessor, OLED HDR, 4K Upscaling Pro, Dolby Atmos, Gaming Hub, Motion Xcelerator 144Hz, Samsung Vision AI Smart TV",https://www.amazon.de/dp/B0F62PX9XD,48.0,,,,,Amazon,DE,2026-09-03T08:56:51Z,B0F62PX9XD,,,,,
Samsung,"Samsung QLED Q8F 4K 85 Zoll (214 cm) UHD, Q4 AI Prozessor, Quantum Dot, AirSlim Design, Upscaling, Gaming Hub, Vision AI Smart TV",https://www.amazon.de/dp/B0F62W9YZ5,85.0,1058.9,1058.9,EUR,1058.9,Amazon,DE,2026-09-03T08:56:51Z,B0F62W9YZ5,,,,,
Samsung,"Samsung Crystal UHD 4K U7099F 43 Zoll (108 cm) LED, Optimiert für Fussball und Gaming, 4K Prozessor, AI Upscaling, SmartThings, Knox Security, 2025",https://www.amazon.de/dp/B0F5BR3WSK,43.0,,,,,Amazon,DE,2026-09-03T08:56:51Z,B0F5BR3WSK,,,,,
Samsung,"Samsung Crystal UHD 4K U80F 50 Zoll (125 cm) LED Fernseher, Crystal Prozessor 4K, MetalStream Design, SmartThings, Knox Security, Gaming Hub, AI Upscaling, Koste... [Ungarische Version]",https://www.amazon.de/dp/B0FMF8VJB1,50.0,,,,,Amazon,DE,2026-09-03T08:56:51Z,B0FMF8VJB1,,,,,
Samsung,"Samsung Neo QLED 4K QN80F 55 Zoll (138 cm) Mini LED Fernseher, NQ4 AI Gen2 Prozessor, Quantum Matrix Technology Slim, Motion Xcelerator 144Hz, AirSlim Design, Samsun...[Länderversion Ungarisch]",https://www.amazon.de/dp/B0FMY7DGWK,55.0,514.06,514.06,EUR,514.06,Amazon,DE,2026-09-03T08:56:51Z,B0FMY7DGWK,,,,,
Samsung,"Samsung Neo QLED 4K QN90F 55 Zoll (138 cm) Mini LED Fernseher, Antireflexion, NQ4 AI Gen3 Prozessor, Neo Quantum HDR+, 4K Upscaling Pro, Dolby Atmos, Knox Security, Samsung Vision AI Smart TV",https://www.amazon.de/dp/B0DFVV8V7N,55.0,949.0,949.0,EUR,949.0,Amazon,DE,2026-09-03T08:56:51Z,B0DFVV8V7N,,,,,
Samsung,"Samsung 32Q5F 32 Zoll (80 cm) FHD QLED AI Smart TV | Hyper Real Prozessor, Dolby Digital Plus Sound, Motion Xcelerator 60Hz, HDR & SmartThings Smart Home",https://www.amazon.de/dp/B0HFSJHDTD,32.0,339.0,339.0,EUR,339.0,Amazon,DE,2026-09-03T08:56:51Z,B0HFSJHDTD,,,,,
Samsung,"Samsung Crystal UHD 4K U80F 55 Zoll (138 cm) LED Fernseher, Crystal Prozessor 4K, MetalStream Design, SmartThings, Knox Security, Gaming Hub, AI Upscaling, Kostenlos...[Länderversion Ungarisch]",https://www.amazon.de/dp/B0FLJYHB8D,55.0,415.4,415.4,EUR,415.4,Amazon,DE,2026-09-03T08:56:51Z,B0FLJYHB8D,,,,,
Samsung,"Samsung OLED S95H 4K 65 Zoll (163 cm), UHD Fernseher, Antireflexion mit Glare Free, OLED HDR pro, Ultimate Gaming Pack (NVIDIA G-SYNC & AMD FreeSync Pro) mit 165Hz, HDMI 2.1, Dolby Atmos, Smart AI TV",https://www.amazon.de/dp/B0GXZLQJ48,65.0,2349.0,2349.0,EUR,2349.0,Amazon,DE,2026-09-03T08:56:51Z,B0GXZLQJ48,,,,,
Samsung,"Samsung QLED 4K Q6FA 55 Zoll (138 cm) UHD, Optimiert für Fussball, Quantum HDR, 4K Upscaling, 900 Sender TV Plus, Smart TV, 2025",https://www.amazon.de/dp/B0GJTMPY2F,55.0,449.0,449.0,EUR,449.0,Amazon,DE,2026-09-03T08:56:51Z,B0GJTMPY2F,,,,,
Samsung,"Samsung Crystal UHD DU7179 55 Zoll (138 cm), PurColor, Upscaling, Gaming Hub, Tizen OS, Smart TV, Alexa, 3D Surround Sound & Q-Symphony, 2024",https://www.amazon.de/dp/B0CZS4B1WC,55.0,,,,,Amazon,DE,2026-09-03T08:56:51Z,B0CZS4B1WC,,,,,
Samsung,"Samsung Neo QLED 4K QN85F 55 Zoll (138 cm) Mini LED Fernseher, NQ4 AI Gen2 Prozessor, Quantum Matrix Plus, Neo Quantum HDR+, Dolby Atmos, Knox Security, Samsung Vision AI Smart TV",https://www.amazon.de/dp/B0DFVGXR6J,55.0,666.0,666.0,EUR,666.0,Amazon,DE,2026-09-03T08:56:51Z,B0DFVGXR6J,,,,,
Samsung,"Samsung Full HD TV 40F6000 40 Zoll (102cm) Fernseher, Smart-TV inkl WLAN, HDR 10+, Triple Tuner, UE40F6000FU [2025] [Länderversion Niederländisch]",https://www.amazon.de/dp/B0DFVWYPBF,40.0,369.0,369.0,EUR,369.0,Amazon,DE,2026-09-03T08:56:51Z,B0DFVWYPBF,,,,,
Samsung,"Samsung Crystal U7099H 4K 55 Zoll (138 cm), UHD Fernseher, AI Companion für Deine Fragen, 4K Upscaling, Dynamik Sound Pack für Premium-Sounderlebnis, Gaming Hub, kostenlos 900 Sender, Smart AI TV",https://www.amazon.de/dp/B0GXZGQTGX,55.0,549.0,549.0,EUR,549.0,Amazon,DE,2026-09-03T08:56:51Z,B0GXZGQTGX,,,,,
Samsung,"Samsung Mini LED M80H 4K 55 Zoll (138 cm), UHD Fernseher, Mini LED HDR für beeindruckende Details, Motion Xcelerator 144Hz, AI Fußballmodus, Dynamik Sound Pack, AI Companion für deine Fragen, Smart TV",https://www.amazon.de/dp/B0GXZHZD2Z,55.0,579.0,579.0,EUR,579.0,Amazon,DE,2026-09-03T08:56:51Z,B0GXZHZD2Z,,,,,
Samsung,"Samsung Series 7 UE43CU7092U Crystal UHD Smart TV 109,2 cm (43"""")",https://www.amazon.de/dp/B0CYTDD425,43.0,276.5,276.5,EUR,276.5,Amazon,DE,2026-09-03T08:56:51Z,B0CYTDD425,,,,,
Samsung,"Samsung QLED Q7F4 4K 65 Zoll UHD Fernseher, Q4 AI Prozessor, Quantum Dot Für Reale Farben, Upscaling, Knox Security, Adaptive Sound, Samsung Vision Smart TV, 65Q7F (2025), 165 Cm",https://www.amazon.de/dp/B0FFB4LJ94,65.0,545.0,545.0,EUR,545.0,Amazon,DE,2026-09-03T08:56:51Z,B0FFB4LJ94,,,,,
Samsung,"Samsung OLED 4K S85F 65 Zoll (163 cm) UHD Fernseher, NQ4 AI Gen2 Prozessor,4K Upscaling, OLED HDR, Farben Pantone validiert, Dolby Atmos, Gaming-Hub, Knox Security, Samsung Vision AI Smart TV",https://www.amazon.de/dp/B0DF8SM66W,65.0,1149.0,1149.0,EUR,1149.0,Amazon,DE,2026-09-03T08:56:51Z,B0DF8SM66W,,,,,
Samsung,"Samsung TV 43U7022F 4K Ultra HD 43' LED HDR, Model 2025",https://www.amazon.de/dp/B0F7RL94YS,43.0,307.0,307.0,EUR,307.0,Amazon,DE,2026-09-03T08:56:51Z,B0F7RL94YS,,,,,
Samsung,"Samsung Crystal UHD 4K DU9079 Fernseher 98 Zoll (249 cm), AI mit Gaming-Hub, Fussball-optimiertes Heimkino, Smart TV mit Alexa, Knox Security, 3D Surround Sound & Q-Symphony, KI TV",https://www.amazon.de/dp/B0CZS4X2S8,98.0,,,,,Amazon,DE,2026-09-03T08:56:51Z,B0CZS4X2S8,,,,,
Samsung,"Samsung Crystal UHD 4K U80F 43 Zoll (108 cm) LED Fernseher, Crystal Prozessor 4K, MetalStream Design, SmartThings, Knox Security, Gaming Hub, AI Upscaling, Kostenlos...[Länderversion Ungarisch]",https://www.amazon.de/dp/B0FLDQF3Y7,43.0,,,,,Amazon,DE,2026-09-03T08:56:51Z,B0FLDQF3Y7,,,,,
Samsung,"Samsung QLED 4K Q7FA 85 Zoll (214 cm) UHD Fernseher, Q4 AI Prozessor, Quantum Dot für Reale Farben, 4K Upscaling, Gaming Hub, Knox Security, Kostenlose Inhalte, Samsung Vision AI Smart TV",https://www.amazon.de/dp/B0F5BWV3BV,85.0,999.0,999.0,EUR,999.0,Amazon,DE,2026-09-03T08:56:51Z,B0F5BWV3BV,,,,,
Samsung,"Samsung TV 43 Zoll (108 cm) QLED Q7F 4K Smart TV mit AI-Vision, 100% Farbvolumen mit Quantum Dot, HDR10+, Q4 AI Prozessor, One UI Tizen, Wi-Fi, Bluetooth 5.3 und Mot...[Länderversion Ungarisch]",https://www.amazon.de/dp/B0FM3ZTMKS,43.0,289.0,289.0,EUR,289.0,Amazon,DE,2026-09-03T08:56:51Z,B0FM3ZTMKS,,,,,
Samsung,"Samsung Neo QLED QN70H 4K 43 Zoll (108 cm) Fernseher, Quantum Mini LED, Neural Quantum 4K AI Prozessor, Motion Xcelerator, Samsung Vision AI, Adaptive Sound+, Gaming Hub",https://www.amazon.de/dp/B0H3KJH64R,43.0,493.37,493.37,EUR,493.37,Amazon,DE,2026-09-03T08:56:51Z,B0H3KJH64R,,,,,
Samsung,"Samsung Smart TV 50 Zoll QN70H Mini LED Neo QLED 4K, Quantum Mini LED, Real QLED 100% Farbvolumen, Crystal 4K Prozessor optimiert durch KI, Motion Xcelerator, Vision AI Companion [2026]",https://www.amazon.de/dp/B0H11JV3RV,50.0,583.83,583.83,EUR,583.83,Amazon,DE,2026-09-03T08:56:51Z,B0H11JV3RV,,,,,
Samsung,"Samsung The Frame LS03F 4K QLED 50 Zoll (125 cm) UHD Fernseher, Modern Frame Design, NQ4 AI Gen2 Prozessor, Art Mode, Artful Picture Quality, One Connect Kabel, Samsung Vision AI Smart TV",https://www.amazon.de/dp/B0F62VMDZ7,50.0,643.99,643.99,EUR,643.99,Amazon,DE,2026-09-03T08:56:51Z,B0F62VMDZ7,,,,,
Samsung,"Samsung Neo QLED 4K QN80F 75 Zoll (189 cm) Mini LED Fernseher, NQ4 AI Gen2 Prozessor, Quantum Matrix Technology Core, 4K Upscaling, Dolby Atmos, Knox Security, Samsung Vision AI Smart TV",https://www.amazon.de/dp/B0DFVN2MKN,75.0,1299.0,1299.0,EUR,1299.0,Amazon,DE,2026-09-03T08:56:51Z,B0DFVN2MKN,,,,,
Samsung,"Samsung 55S90F 55 Zoll (140 cm) 4K UHD OLED evo AI Smart TV | NQ4 AI Gen3 Prozessor mit AI-Upscaling, Dolby Atmos Sound, Motion Xcelerator 165Hz, HDR10+ & SmartThings Smart Home.",https://www.amazon.de/dp/B0FC3M6PW1,55.0,915.0,915.0,EUR,915.0,Amazon,DE,2026-09-03T08:56:51Z,B0FC3M6PW1,,,,,
Samsung,"Samsung Neo QLED 4K QN90F 43 Zoll (109 cm) 4K Fernseher, TV mit Neural Quantum AI Gen3 Prozessor, Quantum-Matrix-Technologie Plus, AI Upscaling Pro, Smart TV, 43QN90F [2025]",https://www.amazon.de/dp/B0FC2FF8W6,43.0,719.0,719.0,EUR,719.0,Amazon,DE,2026-09-03T08:56:51Z,B0FC2FF8W6,,,,,
Samsung,"Samsung TU7079 108 cm (43 Zoll) LED Fernseher (Ultra HD, HDR 10+, Triple Tuner, Smart TV) [Modelljahr 2020]",https://www.amazon.de/dp/B085L8SQ9N,43.0,323.65,323.65,EUR,323.65,Amazon,DE,2026-09-03T08:56:51Z,B085L8SQ9N,,,,,
Samsung,"Samsung Neo QLED 4K QN70F 65 Zoll (165 cm) 4K Fernseher TV mit Neural Quantum AI Gen2 Prozessor, Quantum-Matrix-Technologie Slim, Upscaling, Smart TV, 65QN70F [2025]",https://www.amazon.de/dp/B0FC32BSZ1,65.0,752.92,752.92,EUR,752.92,Amazon,DE,2026-09-03T08:56:51Z,B0FC32BSZ1,,,,,
Samsung,"Samsung 43-Inch Class QLED Q7F2 Series Samsung Vision AI Smart TV (2025 Model, 43Q7F2)",https://www.amazon.de/dp/B0F63QCT2T,43.0,318.95,318.95,EUR,318.95,Amazon,DE,2026-09-03T08:56:51Z,B0F63QCT2T,,,,,
Samsung,"Samsung Neo QLED 4K QN80F Mini LED TV, NQ4 AI Gen2 Processor, Quantum Matrix Technology Slim, Motion Xcelerator 144hz, Airslim Design, 163 Cm, 65 Inch",https://www.amazon.de/dp/B0FMY8JRPW,65.0,688.01,688.01,EUR,688.01,Amazon,DE,2026-09-03T08:56:51Z,B0FMY8JRPW,,,,,
Samsung,"Samsung QLED Q7F4 4K 75 Zoll (191 cm) UHD Fernseher, Q4 AI Prozessor, Quantum Dot für Reale Farben, 4K Upscaling, Knox Security, Adaptive Sound, Samsung Vision AI Smart TV, 75Q7F (2025)",https://www.amazon.de/dp/B0FFB5LGJ6,75.0,702.44,702.44,EUR,702.44,Amazon,DE,2026-09-03T08:56:51Z,B0FFB5LGJ6,,,,,
Samsung,"Samsung QLED 4K Q6FA 85 Zoll (214 cm) UHD Fernseher, Optimiert für Fussball, 100% Farbvolumen für satte Farben, Quantum HDR, 4K Upscaling, Kostenlos 900 Sender TV Plus, Samsung Vision AI Smart TV",https://www.amazon.de/dp/B0FKTLCQX3,85.0,979.99,979.99,EUR,979.99,Amazon,DE,2026-09-03T08:56:51Z,B0FKTLCQX3,,,,,
Samsung,"Samsung Neo QLED 4K QN85F 65 Zoll (163 cm) Mini LED Fernseher, NQ4 AI Gen2 Prozessor, Quantum Matrix Technology Slim, Motion Xcelerator 144Hz, AirSlim Design, Samsun...[Länderversion Ungarisch]",https://www.amazon.de/dp/B0FND6LTR5,65.0,778.28,778.28,EUR,778.28,Amazon,DE,2026-09-03T08:56:51Z,B0FND6LTR5,,,,,
Samsung,"Samsung QE32Q5FAAUXZT Smart-TV, 32 Zoll Full HD QLED DVB-T2 CI+ HbbTV Energieeffizienzklasse F",https://www.amazon.de/dp/B0H4MHNH14,32.0,321.56,321.56,EUR,321.56,Amazon,DE,2026-09-03T08:56:51Z,B0H4MHNH14,,,,,
Xiaomi,"Xiaomi TV F 65 Zoll (165 cm), 4K UHD, Smart TV, Fire OS8, HDR10, L65MB-FAEU | Triple Tuner DVB-C/S/S2/T/T2, 60Hz with 120Hz Game Boost Mode, Voice Control with Alexa",https://www.amazon.de/dp/B0F457MQCQ,65.0,379.0,379.0,EUR,379.0,Amazon,DE,2026-09-03T08:56:51Z,B0F457MQCQ,,,,,
Samsung,"Samsung Neo QLED QN80H 4K 65 Zoll (163 cm), UHD Fernseher, Quantum-Mini-LED für ultrafeine Kontraste, 4K AI Upscaling, Adaptive Sound Pro, Gaming Hub, Motion Xcelerator 144Hz, AI Companion, Smart TV",https://www.amazon.de/dp/B0GXZQHTDL,65.0,1299.0,1299.0,EUR,1299.0,Amazon,DE,2026-09-03T08:56:51Z,B0GXZQHTDL,,,,,
Samsung,"Samsung Crystal UHD 4K DU8070 Fernseher 65 Zoll, (165 cm) Samsung TV mit Dynamic Crystal Color, 4K Upscaling, AirSlim Design, Smart TV, 65DU8070U [2024]",https://www.amazon.de/dp/B0D54HY1LC,65.0,599.0,599.0,EUR,599.0,Amazon,DE,2026-09-03T08:56:51Z,B0D54HY1LC,,,,,
Samsung,"Samsung Series 4 UE32T4302AE 81,3 cm (32"") HD Smart TV WiFi Noir",https://www.amazon.de/dp/B0C277D7N8,32.0,249.0,249.0,EUR,249.0,Amazon,DE,2026-09-03T08:56:51Z,B0C277D7N8,,,,,
Samsung,"Cello CTRAV-16TZ 16 Zoll Smart-TV, 12 V/230 V, Tizen OS von Samsung, Bluetooth, Triple-Tuner, Pitch Perfect Sound, für Campervans, LKW und Boote",https://www.amazon.de/dp/B0GJLKVJLP,16.0,219.99,219.99,EUR,219.99,Amazon,DE,2026-09-03T08:56:51Z,B0GJLKVJLP,,,,,
Samsung,"Samsung Neo QLED QN70H 4K 43 Zoll (108 cm), Quantum-Mini-LED für ultrafeine Kontraste, UHD Fernseher, 4K AI Upscaling, Adaptive Sound+, Gaming Hub, Motion Xcelerator 144Hz, AI Companion, Smart TV",https://www.amazon.de/dp/B0GXZTJZBG,43.0,598.95,598.95,EUR,598.95,Amazon,DE,2026-09-03T08:56:51Z,B0GXZTJZBG,,,,,
Samsung,"Samsung TU8079 108 cm (43 Zoll) LED Fernseher (Ultra HD, HDR10+, Triple Tuner, Smart TV) [Modelljahr 2020]",https://www.amazon.de/dp/B085L2FVVK,43.0,314.68,314.68,EUR,314.68,Amazon,DE,2026-09-03T08:56:51Z,B085L2FVVK,,,,,
Samsung,Samsung UE43CU7190 LED-Fernseher 43 Zoll UHD,https://www.amazon.de/dp/B0BWFPXMJZ,43.0,263.52,263.52,EUR,263.52,Amazon,DE,2026-09-03T08:56:51Z,B0BWFPXMJZ,,,,,
Samsung,"Samsung UE55J6200AK 139,7 cm (55 Zoll) Full HD Fernseher (1920 x 1080 Pixel, LED, Smart-TV, WLAN, Schwarz)",https://www.amazon.de/dp/B01550PZT0,55.0,300.0,300.0,EUR,300.0,Amazon,DE,2026-09-03T08:56:51Z,B01550PZT0,,,,,
Samsung,Samsung QE32LS03C QLED-Fernseher 32 Zoll The Frame,https://www.amazon.de/dp/B0BWFPKGMZ,32.0,348.76,348.76,EUR,348.76,Amazon,DE,2026-09-03T08:56:51Z,B0BWFPKGMZ,,,,,
Samsung,"Samsung QLED Q7F4 4K 50 Zoll (127 cm) UHD Fernseher, Q4 AI Prozessor, Quantum Dot für Reale Farben, 4K Upscaling, Knox Security, Adaptive Sound, Samsung Vis... [Niederländische Version]",https://www.amazon.de/dp/B0FFB4S5MB,50.0,349.2,349.2,EUR,349.2,Amazon,DE,2026-09-03T08:56:51Z,B0FFB4S5MB,,,,,
Samsung,"Samsung Neo QLED 4K QN80F 50 Zoll (125 cm) Mini LED Fernseher, NQ4 AI Gen2 Prozessor, Quantum Matrix Technology Slim, Motion Xcelerator 144Hz, AirSlim Design, Sa... [Ungarische Version]",https://www.amazon.de/dp/B0FHXFNNCD,50.0,469.0,469.0,EUR,469.0,Amazon,DE,2026-09-03T08:56:51Z,B0FHXFNNCD,,,,,
Samsung,"Samsung Neo QLED 4K QN70F 55 Zoll (138 cm) Mini LED Fernseher, NQ4 AI Gen2 Prozessor, Quantum Matrix Technology Slim, Motion Xcelerator 144Hz, AirSlim Design, Samsun...[Länderversion Ungarisch]",https://www.amazon.de/dp/B0FM8TDCTT,55.0,520.55,520.55,EUR,520.55,Amazon,DE,2026-09-03T08:56:51Z,B0FM8TDCTT,,,,,
Samsung,"Samsung OLED S95F 77 Zoll (195 cm) 4K, NQ4 AI Gen3 Prozessor, OLED HDR Pro, Gaming Hub, Motion Xcelerator 165Hz, Upscaling, Dolby Atmos, Smart TV, 2025",https://www.amazon.de/dp/B0F62WKPXD,77.0,,,,,Amazon,DE,2026-09-03T08:56:51Z,B0F62WKPXD,,,,,
Samsung,Samsung UE65JS8500 163 cm (65 Zoll) Curved 4K Ultra HD 3D LED-TV,https://www.amazon.de/dp/B00VTPOET8,65.0,416.0,416.0,EUR,416.0,Amazon,DE,2026-09-03T08:56:51Z,B00VTPOET8,,,,,
Samsung,"Samsung Neo QLED 4K QN70F 65 Zoll (163 cm) Mini LED Fernseher, NQ4 AI Gen2 Prozessor, Quantum Matrix Technology Slim, Motion Xcelerator 144Hz, AirSlim Design, Samsun...[Länderversion Ungarisch]",https://www.amazon.de/dp/B0FHXPNHGR,65.0,668.54,668.54,EUR,668.54,Amazon,DE,2026-09-03T08:56:51Z,B0FHXPNHGR,,,,,
Samsung,"Samsung QLED FullHD The Frame 32 Zoll Fernseher (GQ32LS03CBUXZG, Deutsches Modell), mattes Display, austauschbare Rahmen, Art Mode, Smart TV [2023]",https://www.amazon.de/dp/B0BXTB8N28,32.0,365.99,365.99,EUR,365.99,Amazon,DE,2026-09-03T08:56:51Z,B0BXTB8N28,,,,,
Samsung,"Samsung Crystal UHD 4K U80F 50 Zoll (125 cm) LED Fernseher, Crystal Prozessor 4K, MetalStream Design, SmartThings, Knox Security, Gaming Hub, AI Upscaling, Kostenlos...[Länderversion Ungarisch]",https://www.amazon.de/dp/B0FM98T47Y,50.0,321.94,321.94,EUR,321.94,Amazon,DE,2026-09-03T08:56:51Z,B0FM98T47Y,,,,,
Hisense,"Hisense 55E7DS Fernseher 55 Zoll, 4K UHD QLED, Smart TV, Hi View AI Engine, 60Hz Game Mode Plus, Dolby Vision IQ, QLED Colour, Filmmaker, Smooth Motion, Airplay, Sprachsteuerung, 2026",https://www.amazon.de/dp/B0GM1TVSMG,55.0,359.0,359.0,EUR,359.0,Amazon,DE,2026-09-03T08:56:51Z,B0GM1TVSMG,,,,,
Samsung,Samsung 85 Zoll Micro RGB R95H 4K Samsung Vision AI Smart TV (2026),https://www.amazon.de/dp/B0H8SQLGJD,85.0,7199.0,7199.0,EUR,7199.0,Amazon,DE,2026-09-03T08:56:51Z,B0H8SQLGJD,,,,,
Samsung,"Samsung QE43Q8FA 43 Zoll (108 cm) QLED 4K UHD Smart TV, Edge LED, 3840 x 2160 Pixel, 60Hz, HDR10+, Q4 AI Prozessor, One UI Tizen, 16:9 [Länderversion Ungarisch]",https://www.amazon.de/dp/B0FM94TKK1,43.0,353.09,353.09,EUR,353.09,Amazon,DE,2026-09-03T08:56:51Z,B0FM94TKK1,,,,,
Samsung,Samsung Smart TV TU43DU7105 4K Ultra HD LED 43 Zoll,https://www.amazon.de/dp/B0D2LJMNXG,43.0,289.48,289.48,EUR,289.48,Amazon,DE,2026-09-03T08:56:51Z,B0D2LJMNXG,,,,,
Samsung,"Samsung The Frame LS03F 4K QLED 55 Zoll (138 cm) UHD Fernseher, Modern Frame Design, NQ4 AI Gen2 Prozessor, Art Mode, Artful Picture Quality, One Connect Kabel, Sams...[Länderversion Ungarisch]",https://www.amazon.de/dp/B0FM8QJ5TD,55.0,678.92,678.92,EUR,678.92,Amazon,DE,2026-09-03T08:56:51Z,B0FM8QJ5TD,,,,,
Samsung,"Samsung T5370CD 32 Zoll LED-Fernseher, Full HD, Smart TV (UE32T5370CD), 2023, HDR, PurColor",https://www.amazon.de/dp/B0CQMJDVYK,32.0,329.99,329.99,EUR,329.99,Amazon,DE,2026-09-03T08:56:51Z,B0CQMJDVYK,,,,,
Samsung,"Samsung Neo QLED 4K QN90D 43 Zoll (109 cm) Fernseher Mit Neural Quantum AI Gen2 Prozessor, Quantum-Matrix-Technologie, AI Upscaling, Smart TV, KI TV, 43QN90D [2024]",https://www.amazon.de/dp/B0D5CXBK1J,43.0,719.0,719.0,EUR,719.0,Amazon,DE,2026-09-03T08:56:51Z,B0D5CXBK1J,,,,,
Samsung,"Samsung UE65F8000 165cm (65 Zoll) 3D LED-Backlight-Fernseher (Full HD, 1000Hz CMR, DVB-T/C/S2, CI+, Smart TV, HbbTV, Sprachsteuerung) schwarz",https://www.amazon.de/dp/B00DYQIU5O,65.0,470.0,470.0,EUR,470.0,Amazon,DE,2026-09-03T08:56:51Z,B00DYQIU5O,,,,,
Samsung,"Samsung Neo QLED 4K QN85F 55 Zoll (138 cm) Mini LED Fernseher, NQ4 AI Gen2 Prozessor, Quantum Matrix Technology Slim, Motion Xcelerator 144Hz, AirSlim Design, Samsun...[Länderversion Ungarisch]",https://www.amazon.de/dp/B0FND79K77,55.0,629.0,629.0,EUR,629.0,Amazon,DE,2026-09-03T08:56:51Z,B0FND79K77,,,,,
Samsung,"Samsung Crystal UHD 4K U70F 43 Zoll (108 cm) LED Fernseher, Crystal Prozessor 4K, MetalStream Design, SmartThings, Knox Security, Gaming Hub, AI Upscaling, Kostenlos...[Länderversion Ungarisch]",https://www.amazon.de/dp/B0FM9G9LSY,43.0,316.0,316.0,EUR,316.0,Amazon,DE,2026-09-03T08:56:51Z,B0FM9G9LSY,,,,,
Samsung,"Samsung The Frame LS03F 4K QLED 65 Zoll (165 cm) UHD Fernseher, Modern Frame Design, NQ4 AI Gen2 Prozessor, Art Mode, Artful Picture Quality, One Connect Box, Vision Smart TV, 65LS03FA (2025)",https://www.amazon.de/dp/B0FFBJCVSW,65.0,830.81,830.81,EUR,830.81,Amazon,DE,2026-09-03T08:56:51Z,B0FFBJCVSW,,,,,
Samsung,"Samsung QLED FHD QE32Q50A 81,3 cm (32 Zoll) Smart TV WLAN Schwarz [Länderversion Niederländisch]",https://www.amazon.de/dp/B0CPPQJG69,32.0,409.99,409.99,EUR,409.99,Amazon,DE,2026-09-03T08:56:51Z,B0CPPQJG69,,,,,
Samsung,"Samsung Neo QLED 4K QN90F 50 Zoll (127 cm) 4K Fernseher, TV mit Neural Quantum AI Gen3 Prozessor, Quantum-Matrix-Technologie Plus, AI Upscaling Pro, Smart TV, 50QN90F [2025]",https://www.amazon.de/dp/B0FC2DKRLN,50.0,694.5,694.5,EUR,694.5,Amazon,DE,2026-09-03T08:56:51Z,B0FC2DKRLN,,,,,
Samsung,"Samsung OLED S90H 4K 65 Zoll (163 cm), UHD Fernseher, Antireflexion mit Glare Free, OLED HDR+, Ultimate Gaming Pack (NVIDIA G-SYNC & AMD FreeSync Pro) mit 165Hz, HDMI 2.1, Dolby Atmos, Smart AI TV",https://www.amazon.de/dp/B0GXZLZD3H,65.0,2289.0,2289.0,EUR,2289.0,Amazon,DE,2026-09-03T08:56:51Z,B0GXZLZD3H,,,,,
Samsung,"Samsung TV 50"" (2025) QLED 4K Smart TV - TQ50Q7FAAUXXC [Länderversion Französisch, Spanisch, Portugiesisch]...[Länderversion Französisch, Spanisch, Portugiesisch]",https://www.amazon.de/dp/B0F2293K11,50.0,364.78,364.78,EUR,364.78,Amazon,DE,2026-09-03T08:56:51Z,B0F2293K11,,,,,
Samsung,"Samsung Crystal UHD U8070F 4K 85 Zoll (216 cm) LED Fernseher, Crystal Prozessor 4K, MetalStream Design, SmartThings, AI Upscaling, Gaming Hub, Knox Security, Smart TV, 85U8070F (2025)",https://www.amazon.de/dp/B0FFGZ7YP3,85.0,899.0,899.0,EUR,899.0,Amazon,DE,2026-09-03T08:56:51Z,B0FFGZ7YP3,,,,,
Samsung,"Samsung N5375 80 cm (32 Zoll) LED Fernseher (Full HD, Triple Tuner, Smart TV) [Modelljahr 2019]",https://www.amazon.de/dp/B07NP9SYPJ,32.0,329.99,329.99,EUR,329.99,Amazon,DE,2026-09-03T08:56:51Z,B07NP9SYPJ,,,,,
Samsung,"SAMSUNG TV 55 Zoll Crystal UHD U8075F 4K Smart TV, unglaubliche Farben mit Crystal Processor 4K, Hören Sie alle Lautsprecher mit Q-Symphony, Daten geschützt durch Kn...[Länderversion Spanisch]",https://www.amazon.de/dp/B0F9Q2QDJZ,55.0,422.27,422.27,EUR,422.27,Amazon,DE,2026-09-03T08:56:51Z,B0F9Q2QDJZ,,,,,
Samsung,"Samsung Smart TV 50 Zoll M70H Mini LED 4K, UHD, Mini LED HDR für atemberaubende Details, Pure Spectrum Color, Motion Xcelerator 144 Hz, Dynamic Sound Pack, Vision AI Companion [2026]",https://www.amazon.de/dp/B0H11LDLWP,50.0,382.18,382.18,EUR,382.18,Amazon,DE,2026-09-03T08:56:51Z,B0H11LDLWP,,,,,
Samsung,"Samsung OLED S95F 83 Zoll (211 cm) 4K Glare Free, UHD Fernseher, NQ4 AI Gen3 Prozessor, OLED HDR Pro, Gaming Hub, Motion Xcelerator 165Hz, 4K Upscaling, Dolby Atmos, Smart TV, 83S95F (2025)",https://www.amazon.de/dp/B0FC3YFGRD,83.0,3659.0,3659.0,EUR,3659.0,Amazon,DE,2026-09-03T08:56:51Z,B0FC3YFGRD,,,,,
Samsung,"Samsung Neo QLED 8K QN900F 75 Zoll (189 cm) Mini LED Fernseher, Antireflexion, 8K AI Upscaling, Metal Frame Design, Knox Security, Dolby Atmos, Art Store Galerie, Samsung Vision AI Smart TV",https://www.amazon.de/dp/B0F62ZTQQK,75.0,2659.0,2659.0,EUR,2659.0,Amazon,DE,2026-09-03T08:56:51Z,B0F62ZTQQK,,,,,
Samsung,"Samsung Micro RGB R85H 4K 75 Zoll (189 cm), UHD Fernseher, Micro RGB HDR+ & AI Engine für realitätsnahe Farben, Dolby Atmos, Gaming Hub, Motion Xcelerator 144Hz, AI Companion für Fragen, Smart TV",https://www.amazon.de/dp/B0GXZFCQCX,75.0,2222.0,2222.0,EUR,2222.0,Amazon,DE,2026-09-03T08:56:51Z,B0GXZFCQCX,,,,,
Samsung,"SAMSUNG Series 8 CU8000 Crystal UHD 109,2 cm (43 Zoll) 4K Ultra HD Smart TV, WLAN, Schwarz",https://www.amazon.de/dp/B0BQW93VNZ,43.0,335.0,335.0,EUR,335.0,Amazon,DE,2026-09-03T08:56:51Z,B0BQW93VNZ,,,,,
Samsung,"Samsung Crystal UHD 4K U80F 65 Zoll (163 cm) LED Fernseher, Crystal Prozessor 4K, MetalStream Design, SmartThings, Knox Security, Gaming Hub, AI Upscaling, Kostenlos...[Länderversion Ungarisch]",https://www.amazon.de/dp/B0FMS3F365,65.0,512.76,512.76,EUR,512.76,Amazon,DE,2026-09-03T08:56:51Z,B0FMS3F365,,,,,
Samsung,"Samsung The Frame LS03H 4K 55 Zoll (138 cm), UHD Fernseher, Art Mode mit wechselnden Kunstwerken, Wireless One Connect Box, Antireflexion mit Glare Free, QLED-Bildqualität, Dolby Atmos, Smart AI TV",https://www.amazon.de/dp/B0GXZJW39B,55.0,1099.0,1099.0,EUR,1099.0,Amazon,DE,2026-09-03T08:56:51Z,B0GXZJW39B,,,,,
Samsung,"Samsung Smart TV 43 Zoll U8075H Crystal UHD 4K, PurColor, Upscaling 4K, Motion Xcelerator, Dynamic Sound Pack, Gaming Hub, Fußball, Vision AI Companion [2026]",https://www.amazon.de/dp/B0GJ5KJDKJ,43.0,324.68,324.68,EUR,324.68,Amazon,DE,2026-09-03T08:56:51Z,B0GJ5KJDKJ,,,,,
Samsung,"Samsung 2021 43"" AU8000 Crystal UHD 4K HDR Smart TV mit Alexa eingebaut",https://www.amazon.de/dp/B08ZNMT5BY,43.0,364.91,364.91,EUR,364.91,Amazon,DE,2026-09-03T08:56:51Z,B08ZNMT5BY,,,,,
Samsung,"Samsung Neo QLED 4K QN90F 115 Zoll (292 cm) Mini LED Fernseher, Antireflektion, NQ4 AI Gen3 Prozessor, Neo Quantum HDR+, 4K Upscaling Pro, Dolby Atmos, Knox Security, Samsung Vision AI Smart TV",https://www.amazon.de/dp/B0FKTP2397,115.0,14999.0,14999.0,EUR,14999.0,Amazon,DE,2026-09-03T08:56:51Z,B0FKTP2397,,,,,
Samsung,"Samsung Neo QLED 4K QN90F 75 Zoll (189 cm) Mini LED Fernseher, NQ4 AI Gen2 Prozessor, Quantum Matrix Technology Slim, Motion Xcelerator 165Hz, AirSlim Design, Samsun...[Länderversion Ungarisch]",https://www.amazon.de/dp/B0FPCS6BLN,75.0,1732.89,1732.89,EUR,1732.89,Amazon,DE,2026-09-03T08:56:51Z,B0FPCS6BLN,,,,,
Samsung,"Samsung Neo QLED 4K QN80F 75 Zoll (189 cm) Mini LED Fernseher, NQ4 AI Gen2 Prozessor, Quantum Matrix Technology Slim, Motion Xcelerator 144Hz, AirSlim Design, Samsung Vision AI Smart TV",https://www.amazon.de/dp/B0FR5J19T2,75.0,1074.79,1074.79,EUR,1074.79,Amazon,DE,2026-09-03T08:56:51Z,B0FR5J19T2,,,,,
Samsung,"Samsung Crystal UHD CU7170 Series 55 Zoll Fernseher, PurColor, Crystal Prozessor 4K, Motion Xcelerator, Smart TV, (Modell 2023, 55CU7170)",https://www.amazon.de/dp/B0C42J27K5,55.0,415.4,415.4,EUR,415.4,Amazon,DE,2026-09-03T08:56:51Z,B0C42J27K5,,,,,
Samsung,"Samsung OLED TV 4K S90D 55 Zoll (138 cm), Fernseher mit NQ AI Gen2 Prozessor, OLED HDR+, 4K AI Bildverbesserung, Gaming Hub bis 144Hz, Dolby Atmos Sound, OTS Lite, Knox Security, Smart KI TV",https://www.amazon.de/dp/B0D6RZGC3P,55.0,965.0,965.0,EUR,965.0,Amazon,DE,2026-09-03T08:56:51Z,B0D6RZGC3P,,,,,
Samsung,"Samsung QLED 4K Q60T 108 cm (43 Zoll) (Quantum Dot, Dual LED, Quantum HDR) [Modelljahr 2020]",https://www.amazon.de/dp/B0869BYN6X,43.0,339.75,339.75,EUR,339.75,Amazon,DE,2026-09-03T08:56:51Z,B0869BYN6X,,,,,
Samsung,"Samsung UE55JS8090 138 cm (55 Zoll) Fernseher (Ultra HD, Twin Tuner, 3D, Smart TV)",https://www.amazon.de/dp/B015KFY1N6,55.0,400.0,400.0,EUR,400.0,Amazon,DE,2026-09-03T08:56:51Z,B015KFY1N6,,,,,
Samsung,"Samsung T5379 80 cm (32 Zoll) LED Fernseher (Full HD, Triple Tuner, Smart TV) [Modelljahr 2020]",https://www.amazon.de/dp/B0869DCD7N,32.0,329.99,329.99,EUR,329.99,Amazon,DE,2026-09-03T08:56:51Z,B0869DCD7N,,,,,
Samsung,"Samsung Smart TV HG43CU700EUXEN 4K Ultra HD 43"" LED HDR",https://www.amazon.de/dp/B0D2J4R5NX,43.0,399.0,399.0,EUR,399.0,Amazon,DE,2026-09-03T08:56:51Z,B0D2J4R5NX,,,,,
Samsung,"Samsung QLED 4K Q70D Fernseher 85 Zoll, Quantum Prozessor, AI Upscaling, Tizen OS, Motion Xcelerator 120 Hz, Smart TV, KI TV, GQ85Q70DATXZG, Deutsches Modell",https://www.amazon.de/dp/B0CZS36H3J,85.0,1899.0,1899.0,EUR,1899.0,Amazon,DE,2026-09-03T08:56:51Z,B0CZS36H3J,,,,,
Samsung,"Samsung Neo QLED 4K QN70F 75 Zoll (189 cm) Mini LED Fernseher, NQ4 AI Gen2 Prozessor, Quantum Matrix Technology Slim, Motion Xcelerator 144Hz, AirSlim Design, Samsun...[Länderversion Ungarisch]",https://www.amazon.de/dp/B0FPCMYXHF,75.0,889.22,889.22,EUR,889.22,Amazon,DE,2026-09-03T08:56:51Z,B0FPCMYXHF,,,,,
Samsung,"Samsung Crystal UHD 4K 2023 55CU7025 Smart TV 55 Zoll mit PurColor, Crystal UHD Prozessor, SmartThings, Contrast Enhancer mit HDR10+ und Smart TV Powered by Tizen",https://www.amazon.de/dp/B0CZ495C1L,55.0,364.78,364.78,EUR,364.78,Amazon,DE,2026-09-03T08:56:51Z,B0CZ495C1L,,,,,
Samsung,"Samsung Crystal UHD LED Fernseher 2025, Crystal Prozessor 4K, MetalStream Design, SmartThings, Knox Security, Gaming Hub, AI Upscaling, Kostenlose Inhalte, Smart AI TV (U70F, 50 Zoll)",https://www.amazon.de/dp/B0FDGRFFLM,50.0,359.47,359.47,EUR,359.47,Amazon,DE,2026-09-03T08:56:51Z,B0FDGRFFLM,,,,,
Samsung,Samsung 85 Zoll The Frame Pro LS03HW 4K Samsung Vision AI Smart TV (2026),https://www.amazon.de/dp/B0H62KB2YV,85.0,3649.0,3649.0,EUR,3649.0,Amazon,DE,2026-09-03T08:56:51Z,B0H62KB2YV,,,,,
Samsung,"Samsung QLED Q8F 4K Smart TV 85 Zoll (214 cm) mit AI-Vision, 100% Farbvolumen mit Quantum Dot, HDR10+, Q4 AI Prozessor, One UI Tizen, Wi-Fi, Bluetooth 5.3 und Motion...[Länderversion Ungarisch]",https://www.amazon.de/dp/B0FHXK9QHX,85.0,1018.0,1018.0,EUR,1018.0,Amazon,DE,2026-09-03T08:56:51Z,B0FHXK9QHX,,,,,
Samsung,"Samsung Crystal UHD DU7170 75 Zoll Fernseher, 191 cm (75DU7170), PurColor, Crystal Prozessor 4K, Q-Symphony, Smart TV [2024]",https://www.amazon.de/dp/B0D5Y9ZRTR,75.0,678.92,678.92,EUR,678.92,Amazon,DE,2026-09-03T08:56:51Z,B0D5Y9ZRTR,,,,,
Samsung,"Samsung QLED 4K Q80C 98 Zoll Fernseher, Direct Full Array, AI Neural Quantum Prozessor 4K, Real Depth Enhancer, Smart-TV, KI TV, GQ98Q80CATXZG, Deutsches Modell [2023]",https://www.amazon.de/dp/B0C3N8JWXC,98.0,5249.0,5249.0,EUR,5249.0,Amazon,DE,2026-09-03T08:56:51Z,B0C3N8JWXC,,,,,
Samsung,"Samsung QLED 4K Fernseher The Frame 75 Zoll, Samsung TV mit mattem Display und austauschbarem Rahmen, Art Mode, Smart TV, GQ75LS03DAUXZG, Deutsches Modell [2024]",https://www.amazon.de/dp/B0CZS1S652,75.0,2099.0,2099.0,EUR,2099.0,Amazon,DE,2026-09-03T08:56:51Z,B0CZS1S652,,,,,
Samsung,"Samsung Neo QLED 4K QN90F 50 Zoll (125 cm) Mini LED Fernseher, NQ4 AI Gen2 Prozessor, Quantum Matrix Technology Slim, Motion Xcelerator 165Hz, AirSlim Design, Samsun...[Länderversion Ungarisch]",https://www.amazon.de/dp/B0FPCTTV33,50.0,694.5,694.5,EUR,694.5,Amazon,DE,2026-09-03T08:56:51Z,B0FPCTTV33,,,,,
Samsung,"Samsung The Frame 50"" (2025) 4K Smart TV - TQ50LS03FAUXXC [Länderversion Französisch, Spanisch, Portugiesisch]...[Länderversion Französisch, Spanisch, Portugiesisch]",https://www.amazon.de/dp/B0F225B9KJ,50.0,597.14,597.14,EUR,597.14,Amazon,DE,2026-09-03T08:56:51Z,B0F225B9KJ,,,,,
Samsung,"Samsung Crystal UHD 4K DU8079 Fernseher 65 Zoll, Samsung TV mit Dynamic Crystal Color, 4K Upscaling, AirSlim Design, Smart TV, GU65DU8079UXZG, Deutsches Modell [2024]",https://www.amazon.de/dp/B0CZS41SFN,65.0,690.0,690.0,EUR,690.0,Amazon,DE,2026-09-03T08:56:51Z,B0CZS41SFN,,,,,
Samsung,"Samsung Crystal UHD 4K TV 55 Zoll (GU55AU7179UXZG, Deutsches Modell), HDR, Q-Symphony, rahmenloses Design, Smart TV [2021]",https://www.amazon.de/dp/B092RDMM72,55.0,599.0,599.0,EUR,599.0,Amazon,DE,2026-09-03T08:56:51Z,B092RDMM72,,,,,
Samsung,"Samsung QLED 4K Q70C 55 Zoll Fernseher (GQ55Q70CATXZG, Deutsches Modell), Quantum Prozessor 4K, Motion Xcelerator Turbo+, Quantum HDR, Smart TV [2023]",https://www.amazon.de/dp/B0BXTBFWMR,55.0,,,,,Amazon,DE,2026-09-03T08:56:51Z,B0BXTBFWMR,,,,,
Samsung,"Samsung QLED 4K Q70C 55 Zoll Fernseher, Quantum Prozessor 4K, Motion Xcelerator Turbo+, Quantum HDR, Smart TV [2023] (Modell 2023 55Q70C)",https://www.amazon.de/dp/B0C5JYFR24,55.0,587.27,587.27,EUR,587.27,Amazon,DE,2026-09-03T08:56:51Z,B0C5JYFR24,,,,,
Samsung,"Samsung QLED 4K TV 2024 65Q80D 65 Zoll Smart TV mit verbessertem Bild und Ton, bessere Farbkontrolle mit Full Array, Bester Smart TV und Hören Sie alle Lautsprecher mit Q-Symphony",https://www.amazon.de/dp/B0CSDJVQ4S,65.0,1006.04,1006.04,EUR,1006.04,Amazon,DE,2026-09-03T08:56:51Z,B0CSDJVQ4S,,,,,
Samsung,Samsung 55 Zoll Neo QLED QN1EH 4K Samsung Vision AI Smart TV (2026),https://www.amazon.de/dp/B0H5QGXJ2M,55.0,899.0,899.0,EUR,899.0,Amazon,DE,2026-09-03T08:56:51Z,B0H5QGXJ2M,,,,,
Samsung,"Samsung QLED Q70D 65 Zoll (165 cm) Fernseher TV mit Quantum Prozessor 4K, 100% Farbvolumen,AI Upscaling, Tizen OS, Smart TV, 65Q70D, [2024]",https://www.amazon.de/dp/B0D3M71F9P,65.0,822.31,822.31,EUR,822.31,Amazon,DE,2026-09-03T08:56:51Z,B0D3M71F9P,,,,,
Samsung,"Samsung Neo QLED 4K QN85F 75 Zoll (189 cm) Mini LED Fernseher, NQ4 AI Gen2 Prozessor, Quantum Matrix Technology Slim, Motion Xcelerator 144Hz, AirSlim Design, Samsun...[Länderversion Ungarisch]",https://www.amazon.de/dp/B0FND5PTST,75.0,,,,,Amazon,DE,2026-09-03T08:56:51Z,B0FND5PTST,,,,,
Samsung,"Samsung Q60R 138 cm (55 Zoll) 4K QLED Fernseher (Q HDR, Ultra HD, HDR, Twin Tuner, Smart TV) [Modelljahr 2019]",https://www.amazon.de/dp/B07PH1HGHN,55.0,,,,,Amazon,DE,2026-09-03T08:56:51Z,B07PH1HGHN,,,,,
Samsung,"Samsung Crystal UHD DU7170 65 Zoll Fernseher, 165 cm (65DU7170), PurColor, Crystal Prozessor 4K, Q-Symphony, Smart TV [2024]",https://www.amazon.de/dp/B0D6GSK1N7,65.0,545.22,545.22,EUR,545.22,Amazon,DE,2026-09-03T08:56:51Z,B0D6GSK1N7,,,,,
Samsung,"Samsung Crystal UHD DU7170 55 Zoll Fernseher, 140 cm (55DU7170), PurColor, Crystal Prozessor 4K, Q-Symphony, Smart TV [2024]",https://www.amazon.de/dp/B0D4ZLKNRF,55.0,431.14,431.14,EUR,431.14,Amazon,DE,2026-09-03T08:56:51Z,B0D4ZLKNRF,,,,,
Samsung,"Samsung OLED S85H 4K 48 Zoll (121 cm), UHD Fernseher, OLED HDR, Premium Gaming Pack (NVIDIA G-SYNC & AMD FreeSync Premium) mit 120Hz, HDMI 2.1, Dolby Atmos, AI Companion für Fragen, Smart AI TV",https://www.amazon.de/dp/B0GXZK1RXH,48.0,1169.0,1169.0,EUR,1169.0,Amazon,DE,2026-09-03T08:56:51Z,B0GXZK1RXH,,,,,
Samsung,"Samsung Neo QLED 4K QN90F 43 Zoll (108 cm) Mini LED Fernseher, NQ4 AI Gen2 Prozessor, Quantum Matrix Technology Slim, Motion Xcelerator 165Hz, AirSlim Design, Samsun...[Länderversion Ungarisch]",https://www.amazon.de/dp/B0FPCQTF91,43.0,719.0,719.0,EUR,719.0,Amazon,DE,2026-09-03T08:56:51Z,B0FPCQTF91,,,,,
Samsung,"Samsung NU7179 138 cm (55 Zoll) LED Fernseher (Ultra HD, HDR, Triple Tuner, Smart TV) [Modelljahr 2018]",https://www.amazon.de/dp/B07B6JMD2Q,55.0,529.0,529.0,EUR,529.0,Amazon,DE,2026-09-03T08:56:51Z,B07B6JMD2Q,,,,,
Samsung,"Samsung UE40JU6485 101cm (40 Zoll) LED-Backlight-Fernseher, EEK A (Ultra HD, 1000 PQI, Smart-TV, DVB-T2/-C/S2, CI+, Quad Core, WLAN, HbbTV)",https://www.amazon.de/dp/B00UZHX90G,40.0,400.0,400.0,EUR,400.0,Amazon,DE,2026-09-03T08:56:51Z,B00UZHX90G,,,,,
Samsung,"Samsung GU65DU7199U 165,1 cm (65"") 4K Ultra HD Smart TV WiFi Noir",https://www.amazon.de/dp/B0D58N4YY6,65.0,699.0,699.0,EUR,699.0,Amazon,DE,2026-09-03T08:56:51Z,B0D58N4YY6,,,,,
Samsung,"Samsung TV The Frame 55"" (2025) 4K Smart TV - TQ55LS03FAUXXC [Länderversion Französisch, Spanisch, Portugiesisch]...[Länderversion Französisch, Spanisch, Portugiesisch]",https://www.amazon.de/dp/B0F2295TXB,55.0,678.92,678.92,EUR,678.92,Amazon,DE,2026-09-03T08:56:51Z,B0F2295TXB,,,,,
Samsung,"Samsung UE55MU6179U 55 Zoll Flat Fernseher (Ultra HD, HDR, Triple Tuner, Smart TV), Schwarz",https://www.amazon.de/dp/B06XGS3Q4Y,55.0,,,,,Amazon,DE,2026-09-03T08:56:51Z,B06XGS3Q4Y,,,,,
Samsung,Samsung QE50Q65C QLED-Fernseher 50 Zoll UHD,https://www.amazon.de/dp/B0BWFNSJ1M,50.0,,,,,Amazon,DE,2026-09-03T08:56:51Z,B0BWFNSJ1M,,,,,
Samsung,"Samsung 65"" TV (2025) QLED 4K UHD - TQ65Q8FAAUXXC [Länderversion Französisch, Spanisch, Portugiesisch]...[Länderversion Französisch, Spanisch, Portugiesisch]",https://www.amazon.de/dp/B0F2FKKLTG,65.0,623.1,623.1,EUR,623.1,Amazon,DE,2026-09-03T08:56:51Z,B0F2FKKLTG,,,,,
Samsung,"Samsung QLED 4K Q60C 50 Zoll Fernseher, Quantum-Dot-Technologie, Quantum HDR, AirSlim Design, Smart TV [2023] (50Q60C)",https://www.amazon.de/dp/B0C53Q71PG,50.0,545.22,545.22,EUR,545.22,Amazon,DE,2026-09-03T08:56:51Z,B0C53Q71PG,,,,,
Samsung,"Samsung Neo QLED 8K QN990F 65 Zoll (163 cm) Mini LED, NQ8 AI Gen3 Prozessor, Upscaling Pro, Wireless One Connect, Art Store, Smart TV, 2025",https://www.amazon.de/dp/B0F62T4RPX,65.0,3319.51,3319.51,EUR,3319.51,Amazon,DE,2026-09-03T08:56:51Z,B0F62T4RPX,,,,,
Samsung,"Samsung Neo QLED 4K QN85D 75 Zoll Fernseher Mit Neural Quantum AI Gen2 Prozessor, Quantum-Matrix-Technologie, AI Upscaling, Smart TV, KI TV, 75QN85D [2024]",https://www.amazon.de/dp/B0DF34CZZX,75.0,1399.0,1399.0,EUR,1399.0,Amazon,DE,2026-09-03T08:56:51Z,B0DF34CZZX,,,,,
Samsung,"Samsung The Frame QE43LS03FAU QLED TV, 109 cm (43 Zoll), 4K UHD, Smart TV, HDR",https://www.amazon.de/dp/B0F5PZD3RW,43.0,568.71,568.71,EUR,568.71,Amazon,DE,2026-09-03T08:56:51Z,B0F5PZD3RW,,,,,
Samsung,TV intelligente Samsung TU55DU7105 4K Ultra HD 55' LED,https://www.amazon.de/dp/B0D2LHQGZ4,55.0,414.1,414.1,EUR,414.1,Amazon,DE,2026-09-03T08:56:51Z,B0D2LHQGZ4,,,,,
Samsung,"Samsung Neo QLED 8K QN900B 85 Zoll Fernseher (GQ85QN900BTXZG, Deutsches Modell), Quantum HDR 4000, Neural Quantum Prozessor 8K, Dolby Atmos, Smart TV [2022]",https://www.amazon.de/dp/B09TRKGF49,85.0,5999.99,5999.99,EUR,5999.99,Amazon,DE,2026-09-03T08:56:51Z,B09TRKGF49,,,,,
Samsung,"Samsung Neo QLED 4K QN85C 55 Zoll Fernseher, Neo Quantum HDR, Neural Quantum Prozessor 4K, Dolby Atmos, Smart TV (Modell 2023, 55QN85C)",https://www.amazon.de/dp/B0C5R83RJ2,55.0,,,,,Amazon,DE,2026-09-03T08:56:51Z,B0C5R83RJ2,,,,,
Samsung,"Samsung Crystal UHD TV 4K AU7199 65 Zoll (GU65AU7199UXZG, Deutsches Modell), HDR, Q-Symphony, rahmenloses Design, Smart TV [2021]",https://www.amazon.de/dp/B098C5STFB,65.0,688.0,688.0,EUR,688.0,Amazon,DE,2026-09-03T08:56:51Z,B098C5STFB,,,,,
Samsung,"Samsung Neo QLED 4K QN70F 85 Zoll (214 cm) Mini LED Fernseher, NQ4 AI Gen2 Prozessor, Quantum Matrix Technology Slim, Motion Xcelerator 144Hz, AirSlim Design, Samsun...[Länderversion Ungarisch]",https://www.amazon.de/dp/B0FPCLHQ26,85.0,1421.46,1421.46,EUR,1421.46,Amazon,DE,2026-09-03T08:56:51Z,B0FPCLHQ26,,,,,
Samsung,"Samsung QLED The Sero 43 Zoll Fernseher (GQ43LS05BGUXZG, Deutsches Modell), drehbarer Bildschirm, mattes Display, erstklassiger Sound, Smart TV [2023]",https://www.amazon.de/dp/B0BXT91B2L,43.0,,,,,Amazon,DE,2026-09-03T08:56:51Z,B0BXT91B2L,,,,,
Samsung,"Samsung QLED 4K TV Q80A 50 Zoll (GQ50Q80AATXZG), Quantum HDR 1000, Direct Full Array, Game Pro Mode [2021]",https://www.amazon.de/dp/B094JDVCVF,50.0,563.97,563.97,EUR,563.97,Amazon,DE,2026-09-03T08:56:51Z,B094JDVCVF,,,,,
Samsung,"Samsung TV S90F (2025) 42"" OLED 4K - TQ42S90FAEXXC [Länderversion Französisch, Spanisch, Portugiesisch]...[Länderversion Französisch, Spanisch, Portugiesisch]",https://www.amazon.de/dp/B0FT879YNJ,42.0,699.9,699.9,EUR,699.9,Amazon,DE,2026-09-03T08:56:51Z,B0FT879YNJ,,,,,
Samsung,Samsung UE50M70HAUXZT - 50 Zoll Smart TV 4K DVB-T2 LED Schwarz Energieklasse F,https://www.amazon.de/dp/B0H4LZ5VCD,50.0,382.18,382.18,EUR,382.18,Amazon,DE,2026-09-03T08:56:51Z,B0H4LZ5VCD,,,,,
Samsung,Samsung 55 Zoll OLED S82H 4K Samsung Vision AI Smart TV (2026),https://www.amazon.de/dp/B0H5DBLBS2,55.0,1299.0,1299.0,EUR,1299.0,Amazon,DE,2026-09-03T08:56:51Z,B0H5DBLBS2,,,,,
Samsung,Samsung Fernseher TQ55S95D 55 Zoll (55 Zoll) OLED 4K Smart TV 2024,https://www.amazon.de/dp/B0CSKKGYWN,55.0,1449.0,1449.0,EUR,1449.0,Amazon,DE,2026-09-03T08:56:51Z,B0CSKKGYWN,,,,,
Samsung,"Samsung UE40D7090 101 cm (40 Zoll) 3D-LED-Fernseher, Energieeffizienzklasse B (Full-HD, 800Hz, DVB-T/C/S2 Tuner, HDMI, VGA, WLAN) titan-schwarz",https://www.amazon.de/dp/B004RB5TQ8,40.0,400.0,400.0,EUR,400.0,Amazon,DE,2026-09-03T08:56:51Z,B004RB5TQ8,,,,,
Samsung,"Samsung Crystal UHD 4K TV 65 Zoll (GU65AU8079UXZG), HDR, AirSlim, Dynamic Crystal Color [2021],Nachtschwarz",https://www.amazon.de/dp/B092R96849,65.0,699.0,699.0,EUR,699.0,Amazon,DE,2026-09-03T08:56:51Z,B092R96849,,,,,
Samsung,"Samsung Neo QLED QN900F 65 Zoll (163 cm) 8K Neo QLED TV, 7680 x 4320 Pixel, 165Hz, AirSlim Design, NQ4 AI Gen2 Prozessor, Mini LED, HDR10+, Quantum Matrix Pro, Samsu...[Länderversion Ungarisch]",https://www.amazon.de/dp/B0FND5LVPL,65.0,1480.15,1480.15,EUR,1480.15,Amazon,DE,2026-09-03T08:56:51Z,B0FND5LVPL,,,,,
Samsung,"Samsung Neo QLED 4K TV QN85A 65 Zoll (GQ65QN85AATXZG), Quantum HDR 1500, Quantum-Matrix-Technologie, Ultra Viewing Angle [2021]",https://www.amazon.de/dp/B092R9H35M,65.0,1139.0,1139.0,EUR,1139.0,Amazon,DE,2026-09-03T08:56:51Z,B092R9H35M,,,,,
Samsung,"Samsung QLED Q70D 55 Zoll Fernseher TV Mit Quantum Prozessor 4K, Farbvolumen,ai Upscaling, Tizen OS, Smart TV, 55q70d, [2024], 140 Cm",https://www.amazon.de/dp/B0D54K972K,55.0,609.9,609.9,EUR,609.9,Amazon,DE,2026-09-03T08:56:51Z,B0D54K972K,,,,,
Samsung,"Samsung OLED 4K S90D Fernseher 77 Zoll (196 cm), TV Mit Neural Quantum AI Gen2 Prozessor, HDR+, AI Upscaling, Smart TV, KI TV, 77S90D [2024]",https://www.amazon.de/dp/B0DJ9GXC61,77.0,1799.0,1799.0,EUR,1799.0,Amazon,DE,2026-09-03T08:56:51Z,B0DJ9GXC61,,,,,
Samsung,"Samsung QLED 4K Fernseher The Frame 65 Zoll, Samsung TV mit mattem Display und austauschbarem Rahmen, Art Mode, Smart TV, GQ65LS03DAUXZG, Deutsches Modell [2024]",https://www.amazon.de/dp/B0CZS3FCML,65.0,1199.0,1199.0,EUR,1199.0,Amazon,DE,2026-09-03T08:56:51Z,B0CZS3FCML,,,,,
Samsung,"Samsung QLED 4K Q64C Fernseher 55 Zoll, UHD, Samsung TV mit Quantum-Dot-Technologie, Quantum HDR, AirSlim Design, Smart TV, GQ55Q64CAUXZG, Deutsches Modell [2023]",https://www.amazon.de/dp/B0CYHC6C6H,55.0,,,,,Amazon,DE,2026-09-03T08:56:51Z,B0CYHC6C6H,,,,,
Samsung,Samsung QE43Q60B QLED UHD 4K 43 Zoll Smart TV 2022,https://www.amazon.de/dp/B09XN6SF5J,43.0,349.8,349.8,EUR,349.8,Amazon,DE,2026-09-03T08:56:51Z,B09XN6SF5J,,,,,
Samsung,"Samsung Q80D QE75Q80DATXXH TV 190,5 cm (75"") 4K Ultra HD Smart TV WiFi Argent",https://www.amazon.de/dp/B0DF5R6VPT,75.0,,,,,Amazon,DE,2026-09-03T08:56:51Z,B0DF5R6VPT,,,,,
Samsung,"Samsung OLEDGQ77S95D 4K Fernseher 77 Zoll (195 cm), OLED HDR Pro, Dolby Atmos, TV mit Neural Quantum AI Gen2 Prozessor, OLED Glare Free, AI Upscaling, Smart TV, KI, Deutsches Modell",https://www.amazon.de/dp/B0CZS4PS8H,77.0,2899.0,2899.0,EUR,2899.0,Amazon,DE,2026-09-03T08:56:51Z,B0CZS4PS8H,,,,,
Samsung,"Samsung OLED 4K S90C 55 Zoll Fernseher (GQ55S90CATXZG, Deutsches Modell), Quantum HDR OLED, Neural Quantum Prozessor 4K, LaserSlim Design, Smart TV [2023]",https://www.amazon.de/dp/B0BXTBCFBZ,55.0,1299.0,1299.0,EUR,1299.0,Amazon,DE,2026-09-03T08:56:51Z,B0BXTBCFBZ,,,,,
Samsung,"Samsung TV TU75U8005FU (2025) 75"" LED UHD 4K [Länderversion Französisch, Spanisch, Portugiesisch]...[Länderversion Französisch, Spanisch, Portugiesisch]",https://www.amazon.de/dp/B0F225CDYG,75.0,764.74,764.74,EUR,764.74,Amazon,DE,2026-09-03T08:56:51Z,B0F225CDYG,,,,,
Samsung,"Samsung GU55DU7199U 139,7 cm (55"") 4K Ultra HD Smart TV WiFi Noir",https://www.amazon.de/dp/B0D58MX8G9,55.0,539.0,539.0,EUR,539.0,Amazon,DE,2026-09-03T08:56:51Z,B0D58MX8G9,,,,,
Samsung,"Samsung QLED Q70D 75 Zoll (191 cm) Fernseher TV mit Quantum Prozessor 4K, 100% Farbvolumen,AI Upscaling, Tizen OS, Smart TV, 75Q70D, [2024]",https://www.amazon.de/dp/B0DCZCMW15,75.0,1047.59,1047.59,EUR,1047.59,Amazon,DE,2026-09-03T08:56:51Z,B0DCZCMW15,,,,,
Samsung,"Samsung - TV LED SAMSUNG 50"" ULTRA HD 4K SMART TV UE50MU6192 - 8806088948676",https://www.amazon.de/dp/B075VTV6T4,50.0,,,,,Amazon,DE,2026-09-03T08:56:51Z,B075VTV6T4,,,,,
Samsung,"Samsung QLED 4K Q60C 65 Zoll Fernseher, Quantum-Dot-Technologie, Quantum HDR, AirSlim Design, Smart TV [2023] (65Q60C)",https://www.amazon.de/dp/B0C4246L8X,65.0,999.0,999.0,EUR,999.0,Amazon,DE,2026-09-03T08:56:51Z,B0C4246L8X,,,,,
Samsung,"Samsung QLED 4K Q60C 55 Zoll Fernseher, Quantum-Dot-Technologie, Quantum HDR, AirSlim Design, Smart TV [2023] (55Q60C)",https://www.amazon.de/dp/B0C5JVYD4Y,55.0,616.62,616.62,EUR,616.62,Amazon,DE,2026-09-03T08:56:51Z,B0C5JVYD4Y,,,,,
Samsung,"Samsung Full HD F6009F FHD 40 Zoll, HDR 10+, PurColor für realitätsnahe Farben, OTS Lite für einen virtuellen Sound, Q-Symphony, Gaming Hub, Google Assistant, AirPlay, kostenlos 900 Sender mit TV Plus",https://www.amazon.de/dp/B0H2DG9MNV,40.0,399.0,399.0,EUR,399.0,Amazon,DE,2026-09-03T08:56:51Z,B0H2DG9MNV,,,,,
Samsung,"Samsung The Frame QLED 4K TV 43 Zoll (GQ43LS03AAUXZG), Quantum HDR, Design im Rahmen-Look, Austauschbare Rahmen [2021]",https://www.amazon.de/dp/B092R9SDGQ,43.0,999.0,999.0,EUR,999.0,Amazon,DE,2026-09-03T08:56:51Z,B092R9SDGQ,,,,,
Samsung,"Samsung Fernseher QE32LS03BBUXZT, Smart TV 32 Zoll Serie LS03B, QLED 4K Full HD, Alexa und Google Assistant integriert, Schwarz, 2022, DVB-T2",https://www.amazon.de/dp/B0BNFNWBBC,32.0,,,,,Amazon,DE,2026-09-03T08:56:51Z,B0BNFNWBBC,,,,,
Samsung,"Samsung Neo QLED 4K QN85F 85 Zoll (214 cm) Mini LED Fernseher, NQ4 AI Gen2 Prozessor, Quantum Matrix Technology Slim, Motion Xcelerator 144Hz, AirSlim Design, Samsun...[Länderversion Ungarisch]",https://www.amazon.de/dp/B0FNMYQ547,85.0,1894.17,1894.17,EUR,1894.17,Amazon,DE,2026-09-03T08:56:51Z,B0FNMYQ547,,,,,
Samsung,"Samsung QLED 4K Q60C 85 Zoll Fernseher, Quantum-Dot-Technologie, Quantum HDR, AirSlim Design, Smart TV [2023] (85Q60C)",https://www.amazon.de/dp/B0C7H1KQJ5,85.0,1490.0,1490.0,EUR,1490.0,Amazon,DE,2026-09-03T08:56:51Z,B0C7H1KQJ5,,,,,
Samsung,"Samsung Tv 65"" Led Ultra Hd 4k Smart Dvb/t2/s2 65u8092",https://www.amazon.de/dp/B0FVTYJFBR,65.0,664.87,664.87,EUR,664.87,Amazon,DE,2026-09-03T08:56:51Z,B0FVTYJFBR,,,,,
Samsung,"Samsung Mini LED M61H FHD 50 Zoll (125 cm) Fernseher, Vision AI Smart TV | Pure Spectrum Color für realitätsnahe Farben, Dynamic Sound Pack, Samsung TV Plus, Mini LED HDR, Metal Stream Design",https://www.amazon.de/dp/B0HF5M1425,50.0,499.0,499.0,EUR,499.0,Amazon,DE,2026-09-03T08:56:51Z,B0HF5M1425,,,,,
Samsung,"Samsung QLED 4K Q70C 65 Zoll Fernseher (GQ65Q70CATXZG, Deutsches Modell), Quantum Prozessor 4K, Motion Xcelerator Turbo+, Quantum HDR, Smart TV [2023]",https://www.amazon.de/dp/B0BXTCLLG1,65.0,1069.0,1069.0,EUR,1069.0,Amazon,DE,2026-09-03T08:56:51Z,B0BXTCLLG1,,,,,
Samsung,"Samsung Neo QLED 8K QN800D 75 Zoll (191 cm) 8K Fernseher, TV mit Neo Quantum HDR, Neural Quantum AI Gen2 Prozessor, AI Upscaling, Smart TV, 75QN800D [2024]",https://www.amazon.de/dp/B0DJMLXMRJ,75.0,,,,,Amazon,DE,2026-09-03T08:56:51Z,B0DJMLXMRJ,,,,,
Samsung,"Samsung TV 65"" (2025) Neo QLED 4K UHD - TQ65QN90FATXXC [Länderversion Französisch, Spanisch, Portugiesisch]...[Länderversion Französisch, Spanisch, Portugiesisch]",https://www.amazon.de/dp/B0F222XVF4,65.0,1619.0,1619.0,EUR,1619.0,Amazon,DE,2026-09-03T08:56:51Z,B0F222XVF4,,,,,
Samsung,"Samsung 83"" TV (2025) OLED 4K - TQ83S85FAEXXC [Länderversion Französisch, Spanisch, Portugiesisch]...[Länderversion Französisch, Spanisch, Portugiesisch]",https://www.amazon.de/dp/B0F2FMLH3V,83.0,2124.57,2124.57,EUR,2124.57,Amazon,DE,2026-09-03T08:56:51Z,B0F2FMLH3V,,,,,
LG,"LG 43NU8E0B3LA Nano 4K UHD TV, 43 Zoll, α7 Gen9 4K AI Prozessor, webOS 26, 60Hz, VRR bis zu 60Hz, Modelljahr 2026, Energieklasse F",https://www.amazon.de/dp/B0GSRLQ5J3,43.0,299.0,299.0,EUR,299.0,Amazon,DE,2026-09-03T08:56:51Z,B0GSRLQ5J3,,,,,
LG,"LG 32LQ63806LC TV 80 cm (32 Zoll) LCD Fernseher (1080p FHD, 60 Hz, Smart TV, weiß) (Modelljahr 2022), Multicolor",https://www.amazon.de/dp/B09V5C4BN7,32.0,187.9,187.9,EUR,187.9,Amazon,DE,2026-09-03T08:56:51Z,B09V5C4BN7,,,,,
LG,"LG OLED48C5ELB, 48 Zoll (121 cm), 4K OLED evo AI TV, α9 Gen8 Prozessor, webOS 25, 120Hz (VRR bis zu 144Hz), Modelljahr 2025",https://www.amazon.de/dp/B0F2JG88PX,48.0,649.0,649.0,EUR,649.0,Amazon,DE,2026-09-03T08:56:51Z,B0F2JG88PX,,,,,
LG,"LG 32LQ63006LA TV 80 cm (32 Zoll) Full HD Fernseher (Google Assistant, 60 Hz, Smart TV) [Modelljahr 2022], schwarz",https://www.amazon.de/dp/B09RQ4C4KX,32.0,188.69,188.69,EUR,188.69,Amazon,DE,2026-09-03T08:56:51Z,B09RQ4C4KX,,,,,
LG,"LG 65QNED7EB3C TV 65 Zoll, 1650 Mm, 4K QNED Mini LED AI, α7 Gen9 Prozessor, webOS 26, 60Hz, VRR, Modelljahr 2026",https://www.amazon.de/dp/B0GSGY9XR7,65.0,579.0,579.0,EUR,579.0,Amazon,DE,2026-09-03T08:56:51Z,B0GSGY9XR7,,,,,
LG,"LG 55QNED7EB3C 4K QNED Mini LED AI TV, 55 Zoll, α7 Gen9 Prozessor, webOS 26, 60Hz, VRR bis zu 60Hz, Modelljahr 2026",https://www.amazon.de/dp/B0GSGXDD7M,55.0,458.99,458.99,EUR,458.99,Amazon,DE,2026-09-03T08:56:51Z,B0GSGXDD7M,,,,,
LG,"LG 27LB70006LA TV 27 Zoll (68 cm) Full HD LCD TV (α5 Gen9 4K AI Prozessor, webOS 26, 120Hz) [Modelljahr 2026] [Energieklasse E]",https://www.amazon.de/dp/B0H2F6QFQK,27.0,209.0,209.0,EUR,209.0,Amazon,DE,2026-09-03T08:56:51Z,B0H2F6QFQK,,,,,
LG,"LG 65NU8E0B3LA Nano 4K UHD TV, 65 Zoll, α7 Gen9 4K AI Prozessor, webOS 26, 60Hz, VRR bis zu 60Hz, Modelljahr 2026, Energieklasse E",https://www.amazon.de/dp/B0GSGWWKHY,65.0,499.0,499.0,EUR,499.0,Amazon,DE,2026-09-03T08:56:51Z,B0GSGWWKHY,,,,,
LG,"LG 50NANO80A6B TV 50 Zoll (127 cm) 4K NanoCell AI TV (α7 Gen8 4K AI Prozessor, webOS 25, 60Hz) [Modelljahr 2025]",https://www.amazon.de/dp/B0F2GDSGB7,50.0,329.0,329.0,EUR,329.0,Amazon,DE,2026-09-03T08:56:51Z,B0F2GDSGB7,,,,,
LG,"Smart TV LG 50NANO81A6A 4K Ultra HD 50"" LED Wi-Fi",https://www.amazon.de/dp/B0FY7KJBKZ,50.0,349.0,349.0,EUR,349.0,Amazon,DE,2026-09-03T08:56:51Z,B0FY7KJBKZ,,,,,
LG,"LG 43UR78006LK 109 cm (43 Zoll) UHD Fernseher (Active HDR, 60 Hz, Smart TV) [Modelljahr 2023]",https://www.amazon.de/dp/B0BWWJQVGZ,43.0,285.99,285.99,EUR,285.99,Amazon,DE,2026-09-03T08:56:51Z,B0BWWJQVGZ,,,,,
LG,"LG 43UA75006LA TV 43 Zoll (109 cm) 4K UHD AI TV (α7 Gen8 4K AI Prozessor, webOS 25, 60Hz) [Modelljahr 2025]",https://www.amazon.de/dp/B0F2GHSMX5,43.0,279.0,279.0,EUR,279.0,Amazon,DE,2026-09-03T08:56:51Z,B0F2GHSMX5,,,,,
LG,"LG OLED48B59LA TV 48 Zoll (121 cm) 4K OLED AI TV (α8 Gen2 4K AI Prozessor, webOS 25, 120Hz) [Modelljahr 2025]",https://www.amazon.de/dp/B0F2JFD3PN,48.0,575.1,575.1,EUR,575.1,Amazon,DE,2026-09-03T08:56:51Z,B0F2JFD3PN,,,,,
LG,"LG OLED55C6ELB 4K OLED Evo AI TV, 55 Zoll, α11 Gen3 Prozessor, webOS 26, 120Hz, VRR bis zu 165Hz, Modelljahr 2026, Energieklasse G",https://www.amazon.de/dp/B0GSH2S5VY,55.0,1299.0,1299.0,EUR,1299.0,Amazon,DE,2026-09-03T08:56:51Z,B0GSH2S5VY,,,,,
LG,LG 32 inch SMART TV AI LB65 HD Model 2026 (32LB650B3LA),https://www.amazon.de/dp/B0HG9BD9D8,32.0,229.0,229.0,EUR,229.0,Amazon,DE,2026-09-03T08:56:51Z,B0HG9BD9D8,,,,,
LG,"LG 50UA75006LA TV 50 Zoll (127 cm) 4K UHD AI TV (α7 Gen8 4K AI Prozessor, webOS 25, 60Hz) [Modelljahr 2025]",https://www.amazon.de/dp/B0F2GFLHR9,50.0,349.0,349.0,EUR,349.0,Amazon,DE,2026-09-03T08:56:51Z,B0F2GFLHR9,,,,,
LG,"LG 27LB70003LA TV 27 Zoll (68 cm) Full HD LCD TV (α5 Gen9 4K AI Prozessor, webOS 26, 120Hz) [Modelljahr 2026] [Energieklasse E]",https://www.amazon.de/dp/B0HCCNNBYG,27.0,199.99,199.99,EUR,199.99,Amazon,DE,2026-09-03T08:56:51Z,B0HCCNNBYG,,,,,
LG,LG TV AI NANO81 (2025) 65 Zoll NanoCell UHD 4K - 65NANO81A6A,https://www.amazon.de/dp/B0F4PS3DLS,65.0,,,,,Amazon,DE,2026-09-03T08:56:51Z,B0F4PS3DLS,,,,,
LG,"LG 55QNED82A6B TV 55 Zoll (139 cm) 4K QNED AI TV (α7 Gen8 4K AI Prozessor, webOS 25, 60Hz) [Modelljahr 2025]",https://www.amazon.de/dp/B0F2259VV1,55.0,399.0,399.0,EUR,399.0,Amazon,DE,2026-09-03T08:56:51Z,B0F2259VV1,,,,,
LG,"LG Full HD LR60006LA TV 43 Zoll (109 cm) Smart TV, a5 Gen6 AI Prozessor,WebOS 23, 60Hz, HDR, 43LR60006LA (2025)",https://www.amazon.de/dp/B0FNRFJ2Y5,43.0,,,,,Amazon,DE,2026-09-03T08:56:51Z,B0FNRFJ2Y5,,,,,
LG,LG Smart TV 55 Zoll 4K Ultra HD LED Display NanoCell System WebOS Prozessor A7 Gen8 Klasse G Farbe Schwarz Fernseher - 55NANO81A6A.API,https://www.amazon.de/dp/B0FFGZZTMH,55.0,396.0,396.0,EUR,396.0,Amazon,DE,2026-09-03T08:56:51Z,B0FFGZZTMH,,,,,
LG,"LG OLED65G59LS TV 65 Zoll (165 cm) 4K OLED evo AI TV (α11 Gen2 4K AI Prozessor, webOS 25, 120Hz (VRR bis zu 165Hz)) [Modelljahr 2025]",https://www.amazon.de/dp/B0F2JBGW18,65.0,1529.0,1529.0,EUR,1529.0,Amazon,DE,2026-09-03T08:56:51Z,B0F2JBGW18,,,,,
LG,"LG OLED65C6ELB TV 65 Zoll (165 cm) 4K OLED evo AI TV (α11 Gen3 4K AI Prozessor, webOS 26, 120Hz (VRR bis zu 165Hz)) [Modelljahr 2026] [Energieklasse F]",https://www.amazon.de/dp/B0GSGWPS8Z,65.0,1678.9,1678.9,EUR,1678.9,Amazon,DE,2026-09-03T08:56:51Z,B0GSGWPS8Z,,,,,
LG,"LG 65QNED83B6A TV 65 Zoll (165 cm) 4K QNED evo Mini LED AI TV (α8 Gen3 4K AI Prozessor, webOS 26, 120Hz (VRR bis zu 144Hz)) [Modelljahr 2026] [Energieklasse F]",https://www.amazon.de/dp/B0GSGZ5489,65.0,849.0,849.0,EUR,849.0,Amazon,DE,2026-09-03T08:56:51Z,B0GSGZ5489,,,,,
Toshiba,Toshiba 43UV2363DG Fernseher 43 Zoll VIDAA Smart TV mit 4K UHD Auflösung | HDR | 3x HDMI | 2x USB | Dolby Audio | Sprachsteuerung | Frameless Design | Triple-Tuner DVB-C/-S2/-T2 | Modelljahr 2026,https://www.amazon.de/dp/B0CHF5GKTL,43.0,225.04,225.04,EUR,225.04,Amazon,DE,2026-09-03T08:56:51Z,B0CHF5GKTL,,,,,
LG,"LG 43QNED82A6B TV 43 Zoll (109 cm) 4K QNED AI TV (α7 Gen8 4K AI Prozessor, webOS 25, 60Hz) [Modelljahr 2025]",https://www.amazon.de/dp/B0F2269H9B,43.0,329.0,329.0,EUR,329.0,Amazon,DE,2026-09-03T08:56:51Z,B0F2269H9B,,,,,
LG,"LG OLED42C5ELB, 42 Zoll (106 cm), 4K OLED evo AI TV, α9 Gen8 Prozessor, webOS 25, 120Hz (VRR bis zu 144Hz), Modelljahr 2025",https://www.amazon.de/dp/B0F2JCD8F3,42.0,649.0,649.0,EUR,649.0,Amazon,DE,2026-09-03T08:56:51Z,B0F2JCD8F3,,,,,
LG,"LG TV 65 Zoll (165 cm) 4K UHD AI TV 2025 (α7 Gen8 4K AI Prozessor, webOS 25, 60Hz) 65UA73006LA",https://www.amazon.de/dp/B0F2GBVRN8,65.0,489.0,489.0,EUR,489.0,Amazon,DE,2026-09-03T08:56:51Z,B0F2GBVRN8,,,,,
LG,"LG OLED48G56LS TV 48"" (121 cm) OLED evo Fernseher (α11 4K AI-Prozessor, webOS 25, Dolby Vision, bis zu 120Hz) [Modelljahr 2025]",https://www.amazon.de/dp/B0F7468M2N,48.0,879.99,879.99,EUR,879.99,Amazon,DE,2026-09-03T08:56:51Z,B0F7468M2N,,,,,
LG,"LG 32LQ63006LA Smart TV 32 Zoll Full HD, LED TV 2022 mit α5 Gen 5 Prozessor mit AI, webOS 22, HDR, WLAN, Bluetooth, Game Optimizer, Google Stadia und GeForce Now, kompatibel mit Google Home und Alexa",https://www.amazon.de/dp/B09T74KPR6,32.0,208.95,208.95,EUR,208.95,Amazon,DE,2026-09-03T08:56:51Z,B09T74KPR6,,,,,
LG,"LG OLED65G67LW TV 65 Zoll, 4K OLED Evo AI, α11 Gen3 Prozessor, webOS 26, 120Hz, VRR bis zu 165Hz, Modelljahr 2026, Energieklasse E",https://www.amazon.de/dp/B0GSH6Z2NJ,65.0,2099.01,2099.01,EUR,2099.01,Amazon,DE,2026-09-03T08:56:51Z,B0GSH6Z2NJ,,,,,
LG,"LG OLED65C54LA TV 65 Zoll (165 cm) 4K OLED evo AI TV (α9 Gen8 4K AI Prozessor, webOS 25, 120Hz (VRR bis zu 144Hz)) [Modelljahr 2025] [Energieklasse F]",https://www.amazon.de/dp/B0FQP6YQJG,65.0,,,,,Amazon,DE,2026-09-03T08:56:51Z,B0FQP6YQJG,,,,,
LG,"LG UHD TV AI 2025 | 50UA73 | 50 Zoll (126cm) | 4K UHD | HDR10 |webOS 25 | Alexa, Google Assistant | Netflix Disney+ C+ Prime Video | AirPlay 2",https://www.amazon.de/dp/B0F2GF65MX,50.0,333.0,333.0,EUR,333.0,Amazon,DE,2026-09-03T08:56:51Z,B0F2GF65MX,,,,,
LG,"LG 50QNED82A6B TV 50 Zoll (127 cm) 4K QNED AI TV (α7 Gen8 4K AI Prozessor, webOS 25, 60Hz) [Modelljahr 2025]",https://www.amazon.de/dp/B0F228H2M1,50.0,359.0,359.0,EUR,359.0,Amazon,DE,2026-09-03T08:56:51Z,B0F228H2M1,,,,,
LG,"LG 50QNED86A6C TV 50 Zoll (127 cm) 4K QNED evo AI TV (α7 Gen8 4K AI Prozessor, webOS 25, 60Hz) [Modelljahr 2025]",https://www.amazon.de/dp/B0F3DNWVBZ,50.0,549.0,549.0,EUR,549.0,Amazon,DE,2026-09-03T08:56:51Z,B0F3DNWVBZ,,,,,
LG,"Smart TV LG 32LR60006LA.AEUQ Full HD 32"" LED",https://www.amazon.de/dp/B0F227Q92B,32.0,,,,,Amazon,DE,2026-09-03T08:56:51Z,B0F227Q92B,,,,,
LG,"LG 55UF680V schwarz Ultra HD 1000PMI LED-TV 55"" (139cm) Metallic Design",https://www.amazon.de/dp/B013SOPSJW,55.0,300.0,300.0,EUR,300.0,Amazon,DE,2026-09-03T08:56:51Z,B013SOPSJW,,,,,
TCL,"TCL 50T6C 50 Zoll QLED Fernseher, 4K UHD Fire TV, HDR10+, Dolby Vision & Atmos, Smart TV mit Sprachsteuerung mit Alexa, Google Cast & AirPlay 2",https://www.amazon.de/dp/B0DW9792RH,50.0,259.0,259.0,EUR,259.0,Amazon,DE,2026-09-03T08:56:51Z,B0DW9792RH,,,,,
LG,"LG 75QNED82A6B TV 75 Zoll (190 cm) 4K QNED AI TV (α7 Gen8 4K AI Prozessor, webOS 25, 60Hz) [Modelljahr 2025]",https://www.amazon.de/dp/B0F2293HRK,75.0,749.0,749.0,EUR,749.0,Amazon,DE,2026-09-03T08:56:51Z,B0F2293HRK,,,,,
LG,"LG 85QNED83B6A TV 85 Zoll (215 cm) 4K QNED evo Mini LED AI TV (α8 Gen3 4K AI Prozessor, webOS 26, 120Hz (VRR bis zu 144Hz)) [Modelljahr 2026] [Energieklasse F]",https://www.amazon.de/dp/B0GSH5475Q,85.0,1359.0,1359.0,EUR,1359.0,Amazon,DE,2026-09-03T08:56:51Z,B0GSH5475Q,,,,,
LG,"LG 55UH600V 139 cm (55 Zoll) 4K Ultra HD Fernseher (3840 x 2160, Smart TV)",https://www.amazon.de/dp/B01C8TFAY6,55.0,400.0,400.0,EUR,400.0,Amazon,DE,2026-09-03T08:56:51Z,B01C8TFAY6,,,,,
LG,"LG OLED55G67LW 4K OLED Evo AI TV, 55 Zoll, α11 Gen3 Prozessor, webOS 26, 120Hz, VRR bis zu 165Hz, Modelljahr 2026, Energieklasse E",https://www.amazon.de/dp/B0GSGWWKH6,55.0,1699.0,1699.0,EUR,1699.0,Amazon,DE,2026-09-03T08:56:51Z,B0GSGWWKH6,,,,,
LG,LG 98NU900B6LB - Smart TV Nano 4K UHD AI NU90 98 Zoll 4K 2026,https://www.amazon.de/dp/B0H5KYV6LN,98.0,1799.0,1799.0,EUR,1799.0,Amazon,DE,2026-09-03T08:56:51Z,B0H5KYV6LN,,,,,
LG,"TV intelligente LG 24TQ510S-PZ 24"" HD LED WIFI",https://www.amazon.de/dp/B09ZV6HKQT,24.0,,,,,Amazon,DE,2026-09-03T08:56:51Z,B09ZV6HKQT,,,,,
LG,"LG 32LQ630B6LA TV 81,3 cm [32] HD Smart TV Wi-Fi Nero (LG 32LQ630B6LA LQ630B Series - 32 LED)",https://www.amazon.de/dp/B09XXX78CS,32.0,,,,,Amazon,DE,2026-09-03T08:56:51Z,B09XXX78CS,,,,,
LG,"LG 65QNED82A6B TV 65 Zoll (165 cm) 4K QNED AI TV (α7 Gen8 4K AI Prozessor, webOS 25, 60Hz) [Modelljahr 2025]",https://www.amazon.de/dp/B0F226M1SY,65.0,669.0,669.0,EUR,669.0,Amazon,DE,2026-09-03T08:56:51Z,B0F226M1SY,,,,,
LG,"LG 43LR60006LA・109 cm (43"") Diagonalklasse (43LR60006LA)",https://www.amazon.de/dp/B0G6KMCJD2,43.0,236.56,236.56,EUR,236.56,Amazon,DE,2026-09-03T08:56:51Z,B0G6KMCJD2,,,,,
LG,LG TV QNED 2024 | 65QNED85T | 65 Zoll (164 cm) | QNED | Prozessor α8 AI 4K | Alexa,https://www.amazon.de/dp/B0D54NQ796,65.0,849.0,849.0,EUR,849.0,Amazon,DE,2026-09-03T08:56:51Z,B0D54NQ796,,,,,
LG,"LG 65NANO80A6B TV 65 Zoll (165 cm) 4K NanoCell AI TV (α7 Gen8 4K AI Prozessor, webOS 25, 60Hz) [Modelljahr 2025]",https://www.amazon.de/dp/B0F2GKL4VG,65.0,1199.0,1199.0,EUR,1199.0,Amazon,DE,2026-09-03T08:56:51Z,B0F2GKL4VG,,,,,
Xiaomi,"Xiaomi TV F Pro 75 (190 cm), 4K UHD QLED, Smart TV, Fire OS8, HDR10+, MEMC | Triple Tuner DVB-C/S/S2/T/T2, 60Hz with 120Hz Game Boost Mode, Voice Control with Alexa, 2GB + 32GB",https://www.amazon.de/dp/B0F45BLD1H,75.0,509.0,509.0,EUR,509.0,Amazon,DE,2026-09-03T08:56:51Z,B0F45BLD1H,,,,,
LG,"LG TV 55QNED70A6A (2025) 55"" QNED 4K UHD",https://www.amazon.de/dp/B0FV25V1Q7,55.0,452.1,452.1,EUR,452.1,Amazon,DE,2026-09-03T08:56:51Z,B0FV25V1Q7,,,,,
Hisense,"Hisense 58E7DS Fernseher 58 Zoll, 4K UHD QLED, Smart TV, Hi View AI Engine, 60Hz Game Mode Plus, Dolby Vision IQ, QLED Colour, Filmmaker, Smooth Motion, Airplay, Sprachsteuerung, 2026",https://www.amazon.de/dp/B0GM1RDCJC,58.0,399.0,399.0,EUR,399.0,Amazon,DE,2026-09-03T08:56:51Z,B0GM1RDCJC,,,,,
LG,"LG 98UT91006LA TV 98"" (249 cm) UHD Fernseher (α8 4K AI-Prozessor, webOS 24, bis zu 120Hz) [Modelljahr 2024]",https://www.amazon.de/dp/B0FBS98KPZ,98.0,1589.0,1589.0,EUR,1589.0,Amazon,DE,2026-09-03T08:56:51Z,B0FBS98KPZ,,,,,
LG,"REFLEXION LED24IBT Smart LED Fernseher, LG webOSHub, 60 cm / 24 Zoll, Wohnwagen/Wohnmobil/Camping/Caravan/Boot/LKW TV, 12/230 Volt, Full HD, Triple Tuner, DVB-T2HD, DVB-S2, DVB-C, Bluetooth, WLAN",https://www.amazon.de/dp/B0DK62XLYP,24.0,,,,,Amazon,DE,2026-09-03T08:56:51Z,B0DK62XLYP,,,,,
Hisense,"Hisense 43E6NT 108cm (43 Zoll) Fernseher, 4K UHD Smart TV, Precision Colour, HDR, Dolby Vision, 60Hz, Triple Tuner DVB-C/S/S2/T/T2, WiFi, HDMI 2.1, Bluetooth, Alexa Built-in, Schwarz, [2024]",https://www.amazon.de/dp/B0CZWNDNXW,43.0,,,,,Amazon,DE,2026-09-03T08:56:51Z,B0CZWNDNXW,,,,,
LG,"LG OLED65B68LA 4K OLED AI TV, 65 Zoll, α8 Gen3 Prozessor, webOS 26, 120Hz, VRR bis zu 120Hz, Modelljahr 2026, Energieklasse F",https://www.amazon.de/dp/B0GSH1VH5S,65.0,1199.0,1199.0,EUR,1199.0,Amazon,DE,2026-09-03T08:56:51Z,B0GSH1VH5S,,,,,
TCL,"TCL 43T69C 43 Zoll QLED, Direct LED TV, 4K HDR TV, Smart Google TV (Dolby Vision & Atmos, Game Master, Motion Clarity, Kompatibel mit Google Assistant & Alexa)",https://www.amazon.de/dp/B0F8QFTXW9,43.0,279.0,279.0,EUR,279.0,Amazon,DE,2026-09-03T08:56:51Z,B0F8QFTXW9,,,,,
Hisense,"Hisense 55E89Q Fernseher, 55 Zoll (139cm), 4K ULED Mini LED, Smart TV, 144Hz Game Mode PRO, Hi-View AI Engine, AI Smoothmotion, Built-in Subwoofer, Dolby Vision.Atmos, Filmmaker Mode, Hi-Concerto",https://www.amazon.de/dp/B0G5QTS4MN,55.0,499.0,499.0,EUR,499.0,Amazon,DE,2026-09-03T08:56:51Z,B0G5QTS4MN,,,,,
LG,"LG 65QNED86T6A TV 65"" (165 cm) QNED Fernseher (α8 4K AI-Prozessor, webOS 24, HDR10, bis zu 120Hz) [Modelljahr 2024]",https://www.amazon.de/dp/B0CYPY4DYN,65.0,1219.0,1219.0,EUR,1219.0,Amazon,DE,2026-09-03T08:56:51Z,B0CYPY4DYN,,,,,
LG,"LG 43UA73003LA – 43 Zoll Fernseher (Smart TV, DVB-T2, 4K, LED, Energieeffizienzklasse G",https://www.amazon.de/dp/B0G1ZDLM2H,43.0,267.99,267.99,EUR,267.99,Amazon,DE,2026-09-03T08:56:51Z,B0G1ZDLM2H,,,,,
LG,"TV intelligente LG 24TQ510SWZ 24"" HD LED WIFI",https://www.amazon.de/dp/B09ZV7BJJM,24.0,205.97,205.97,EUR,205.97,Amazon,DE,2026-09-03T08:56:51Z,B09ZV7BJJM,,,,,
Hisense,"Hisense 55E7Q PRO Fernseher 139cm (55 Zoll) 4K UHD QLED, Smart TV,144Hz Game Mode PRO,Filmaker Mode, AMD FreeSync Premium,AI HDR Upscaler,Dolby Vision IQ,Dolby Atmos,Sprachsteuerung[2025]",https://www.amazon.de/dp/B0F1N7WT6C,55.0,469.92,469.92,EUR,469.92,Amazon,DE,2026-09-03T08:56:51Z,B0F1N7WT6C,,,,,
LG,"LG OLED EVO 48C58LA 48 Zoll Fernseher, 4K Smart TV 120Hz, a9 Gen8 AI Prozessor 4K, WebOS 25",https://www.amazon.de/dp/B0F4JY1RD9,48.0,,,,,Amazon,DE,2026-09-03T08:56:51Z,B0F4JY1RD9,,,,,
LG,"LG OLED65G54LW TV 65 Zoll (15,2 cm), OLED EVO 4K, Smart TV AI B5, WebOS 25, Dolby Vision und Dolby Atmos, AMD FreeSync, Alexa/Google Assistant, Schwarz",https://www.amazon.de/dp/B0F3D871FD,65.0,,,,,Amazon,DE,2026-09-03T08:56:51Z,B0F3D871FD,,,,,
LG,"LG OLED55G59LS TV 55 Zoll (139 cm) 4K OLED evo AI TV (α11 Gen2 4K AI Prozessor, webOS 25, 120Hz (VRR bis zu 165Hz)) [Modelljahr 2025]",https://www.amazon.de/dp/B0F4KQJFFM,55.0,,,,,Amazon,DE,2026-09-03T08:56:51Z,B0F4KQJFFM,,,,,
TCL,"TCL 32V5C - 32 Zoll Full HD Smart QLED Direct LED-Fernseher mit Android TV & HDR - Kompatibel mit Google Cast & Google Home, Schlankes Design",https://www.amazon.de/dp/B0F3XMZWRX,32.0,219.0,219.0,EUR,219.0,Amazon,DE,2026-09-03T08:56:51Z,B0F3XMZWRX,,,,,
LG,"LG OLED83G58LW TV 83 Zoll (210 cm) 4K OLED evo AI TV (α11 Gen2 4K AI Prozessor, webOS 25, 120Hz (VRR bis zu 165Hz)) [Modelljahr 2025]",https://www.amazon.de/dp/B0F4J22QGD,83.0,3399.0,3399.0,EUR,3399.0,Amazon,DE,2026-09-03T08:56:51Z,B0F4J22QGD,,,,,
LG,"LG 49UF690V 124 cm (Fernseher,600 Hz)",https://www.amazon.de/dp/B00XNAI16Y,49.0,,,,,Amazon,DE,2026-09-03T08:56:51Z,B00XNAI16Y,,,,,
TCL,"TCL 43V6C 43 Zoll Direct LED TV, 4K HDR Fernseher, Smart TV mithilfe von Google TV (Dolby Audio, Motion Clarity, Kompatibel mit Google Assistant & Alexa)",https://www.amazon.de/dp/B0DV9HJTTK,43.0,249.0,249.0,EUR,249.0,Amazon,DE,2026-09-03T08:56:51Z,B0DV9HJTTK,,,,,
LG,"Reflexion LDD27iBT 27 Zoll Full HD Smart TV mit DVD-Player und LG webOSHub, Wohnwagen/Wohnmobil/Camping/Caravan/Boot/LKW TV, DVB-T2 HD/S2/C, HDMI, USB, Bluetooth1",https://www.amazon.de/dp/B0F63KC3WN,27.0,269.95,269.95,EUR,269.95,Amazon,DE,2026-09-03T08:56:51Z,B0F63KC3WN,,,,,
Hisense,"Hisense 43E7NQ 108 cm (43 Zoll) Fernseher, 4K UHD, QLED, HDR10, HDR10+ decoding, HLG, Dolby Vision Atmos, 60Hz Panel, Smooth Motion, Bluetooth, Alexa Built-in, VIDAA Voice, Schwarz [2024]",https://www.amazon.de/dp/B0CXTL4DBP,43.0,,,,,Amazon,DE,2026-09-03T08:56:51Z,B0CXTL4DBP,,,,,
LG,"LG OLED55G58LW TV 55 Zoll (139 cm) 4K OLED evo AI TV (α11 Gen2 4K AI Prozessor, webOS 25, 120Hz (VRR bis zu 165Hz)) [Modelljahr 2025]",https://www.amazon.de/dp/B0F4GJMHZB,55.0,,,,,Amazon,DE,2026-09-03T08:56:51Z,B0F4GJMHZB,,,,,
LG,"LG OLED77B59LA TV 77 Zoll (195 cm) 4K OLED AI TV (α8 Gen2 4K AI Prozessor, webOS 25, 120Hz) [Modelljahr 2025]",https://www.amazon.de/dp/B0F225VHQ7,77.0,1619.0,1619.0,EUR,1619.0,Amazon,DE,2026-09-03T08:56:51Z,B0F225VHQ7,,,,,
LG,"REFLEXION LDDX24IBT-Black Smart LED Fernseher 24 Zoll / 60cm, LG webOSHub, Wohnwagen/Wohnmobil/Camping/Caravan/Boot/LKW TV, Slimline, 12/24/230 Volt, Full HD, Triple Tuner, Bluetooth, WLAN, DVD-Player",https://www.amazon.de/dp/B0DK1R5Y4P,24.0,319.95,319.95,EUR,319.95,Amazon,DE,2026-09-03T08:56:51Z,B0DK1R5Y4P,,,,,
Hisense,"Hisense 75E7Q Fehrnseher, 75 Zoll, 4K UHD QLED, Smart TV, Game Mode Plus, Filmaker Mode, Dolby Vision Atmos, HDR10, HLG, HDR Immersive, AI 4K Upscaler, Dolby MS12, DTS X, Sprachsteuerung [2025]",https://www.amazon.de/dp/B0F1MNRHYV,75.0,619.0,619.0,EUR,619.0,Amazon,DE,2026-09-03T08:56:51Z,B0F1MNRHYV,,,,,
LG,"Cello C2425WSF Trav 24"" 230V 12V Full HD SMART/DVD Camping Reise TV integrierter DVD Player Rahmenlos Triple Tuner Bluetooth WebOS by LG Pitch Perfect Lautsprecher Wohnmobil LKW [2025]",https://www.amazon.de/dp/B0DZCSKQ2D,24.0,219.99,219.99,EUR,219.99,Amazon,DE,2026-09-03T08:56:51Z,B0DZCSKQ2D,,,,,
LG,"LG OLED42C47LA TV 42"" (106 cm) OLED evo Fernseher (α9 Gen7 4K AI-Prozessor, webOS 24, Dolby Vision, bis zu 120Hz) [Modelljahr 2024]",https://www.amazon.de/dp/B0CYPZ4Y6G,42.0,1199.0,1199.0,EUR,1199.0,Amazon,DE,2026-09-03T08:56:51Z,B0CYPZ4Y6G,,,,,
LG,"Falcon 22 Zoll Full HD LED Fernseher LG WebOS SMART WiFi Camping Wohnmobil 12V/24V,DVD Player, Bluetooth, HDMI, USB, Paramount Plus, Magenta, Netflix, Prime Video, Disney Plus, DAZN, IPTV Streaming",https://www.amazon.de/dp/B0CW1VHNGC,22.0,289.0,289.0,EUR,289.0,Amazon,DE,2026-09-03T08:56:51Z,B0CW1VHNGC,,,,,
LG,LG TV Evo AI G6 (2026) 48 Zoll OLED UHD 4K - OLED48G63LS,https://www.amazon.de/dp/B0HCCPCWBG,48.0,1399.0,1399.0,EUR,1399.0,Amazon,DE,2026-09-03T08:56:51Z,B0HCCPCWBG,,,,,
LG,"LG OLED42C44LA TV 42"" (107cm) OLED evo Fernseher (α9 Gen7 4K AI-Prozessor, webOS 24, Dolby Vision, bis zu 120Hz) [Modelljahr 2024]",https://www.amazon.de/dp/B0D671ZZXL,42.0,,,,,Amazon,DE,2026-09-03T08:56:51Z,B0D671ZZXL,,,,,
LG,"LG OLED55G54LW TV 55 Zoll (139,7 cm), OLED EVO 4K, Smart TV AI G5, WebOS 25, Super Upscaling, Dolby Vision und Dolby Atmos, AMD FreeSync, Alexa/Google Assistant, Schwarz",https://www.amazon.de/dp/B0F3D88VP6,55.0,,,,,Amazon,DE,2026-09-03T08:56:51Z,B0F3D88VP6,,,,,
Xiaomi,"Xiaomi TV F 43, 43 Zoll, 4K UHD, Smart TV, Fire OS8, HDR10, L43MB-FAEU | Triple Tuner DVB-C/S/S2/T/T2, Voice Control with Alexa, Compatible with Apple AirPlay",https://www.amazon.de/dp/B0F44MCCL3,43.0,,,,,Amazon,DE,2026-09-03T08:56:51Z,B0F44MCCL3,,,,,
LG,"LG NanoCell 43NANO82T6B TV 109,2 cm [43] 4K Ultra HD Smart TV Wi-Fi Nero (TELEVISION NANOCELL 43 LG 43NANO82T6B)",https://www.amazon.de/dp/B0D4VHM1R1,43.0,,,,,Amazon,DE,2026-09-03T08:56:51Z,B0D4VHM1R1,,,,,
LG,"LG 55LX7B6LA TV 55 Zoll (139 cm) 4K Mini LED AI Lifestyle Gallery TV mit wechselbarem Gallery Frame (α7 Gen9 4K AI Prozessor, webOS 26, 60Hz (VRR bis zu 60Hz)) [Modelljahr 2026] [Energieklasse G]",https://www.amazon.de/dp/B0H2F3J467,55.0,1299.0,1299.0,EUR,1299.0,Amazon,DE,2026-09-03T08:56:51Z,B0H2F3J467,,,,,
LG,LG 50 inch QNED evo AI QNED87 Mini LED 4K Smart TV 2026,https://www.amazon.de/dp/B0H7BQXYZQ,50.0,749.0,749.0,EUR,749.0,Amazon,DE,2026-09-03T08:56:51Z,B0H7BQXYZQ,,,,,
LG,"LG OLED 65C44LA 65 Zoll Fernseher, 4K Smart TV, a9 Gen7 AI Prozessor 4K, WebOS 24",https://www.amazon.de/dp/B0D671RPKR,65.0,,,,,Amazon,DE,2026-09-03T08:56:51Z,B0D671RPKR,,,,,
LG,LG 50QNED80A6A QNED evo AI,https://www.amazon.de/dp/B0FLQ7Y2MZ,50.0,436.44,436.44,EUR,436.44,Amazon,DE,2026-09-03T08:56:51Z,B0FLQ7Y2MZ,,,,,
LG,"LG 32LM637BPLA TV 81,3 cm (32"") HD Smart TV WiFi Noir",https://www.amazon.de/dp/B08Y5RBF45,32.0,344.95,344.95,EUR,344.95,Amazon,DE,2026-09-03T08:56:51Z,B08Y5RBF45,,,,,
LG,"LG Televisore LCD 43UM7100 WebOS-Fernseher, 108 cm (43 Zoll), 4K UHD, Schwarz",https://www.amazon.de/dp/B07RBNLL6V,43.0,,,,,Amazon,DE,2026-09-03T08:56:51Z,B07RBNLL6V,,,,,
LG,Smart TV LG 43NANO81A6A,https://www.amazon.de/dp/B0FY7KGN76,42.0,,,,,Amazon,DE,2026-09-03T08:56:51Z,B0FY7KGN76,,,,,
LG,LG 65NANO813QA 65 Zoll 4K Ultra-HD-Smart-TV,https://www.amazon.de/dp/B0BXLZ1YMM,65.0,,,,,Amazon,DE,2026-09-03T08:56:51Z,B0BXLZ1YMM,,,,,
LG,"LG 47LA6608 119 cm (47 Zoll) 3D-LED-Backlight-Fernseher, EEK A+ (Full HD, 400Hz MCI, WLAN, DVB-T/C/S, Smart TV)",https://www.amazon.de/dp/B00C5H1DI4,47.0,400.0,400.0,EUR,400.0,Amazon,DE,2026-09-03T08:56:51Z,B00C5H1DI4,,,,,
LG,LG TV QNED Evo AI 2025 | 55QNED93A | 55 Zoll (139 cm) | MiniLED 144 Hz | Prozessor α8 AI 4K Gen2 | Dolby Vision & Atmos | Alexa,https://www.amazon.de/dp/B0F2GJ482T,55.0,,,,,Amazon,DE,2026-09-03T08:56:51Z,B0F2GJ482T,,,,,
LG,"LG OLED77C44LA TV 77"" (196cm) OLED evo Fernseher (α9 Gen7 4K AI-Prozessor, webOS 24, Dolby Vision, bis zu 120Hz) [Modelljahr 2024]",https://www.amazon.de/dp/B0CYCDSNMY,77.0,,,,,Amazon,DE,2026-09-03T08:56:51Z,B0CYCDSNMY,,,,,
LG,"LG 55EG920V TVC OLED 55"" UHD Curved 3D SMART SAT",https://www.amazon.de/dp/B016KKSXM0,55.0,700.0,700.0,EUR,700.0,Amazon,DE,2026-09-03T08:56:51Z,B016KKSXM0,,,,,
LG,"LG NANOCELL AI 2025 TV | 50NANO90| 50 Zoll (126cm) | 4K UHD | HDR10 | webOS 25 | Telekommade AI Magic Remote | Alexa, Google Assistant | Netflix Disney+ C+ Prime Video | AirPlay 2 | Reine Farben",https://www.amazon.de/dp/B0F4KML7G4,50.0,815.85,815.85,EUR,815.85,Amazon,DE,2026-09-03T08:56:51Z,B0F4KML7G4,,,,,
LG,"LG OLED48C31LA TV 121 cm (48 Zoll) OLED evo Fernseher (Smart TV, Filmmaker Mode, 120 Hz) [Modelljahr 2023]",https://www.amazon.de/dp/B0CJVLZVR8,48.0,,,,,Amazon,DE,2026-09-03T08:56:51Z,B0CJVLZVR8,,,,,
LG,"LG 75UR80006LJ 190 cm (75 Zoll) UHD Fernseher (Active HDR, 60 Hz, Smart TV) [Modelljahr 2023]",https://www.amazon.de/dp/B0BWWKTDPY,75.0,1040.35,1040.35,EUR,1040.35,Amazon,DE,2026-09-03T08:56:51Z,B0BWWKTDPY,,,,,
LG,"LG OLED EVO 42C58LA 42 Zoll Fernseher, 4K Smart TV 120Hz, a9 Gen8 AI Prozessor 4K, WebOS 25",https://www.amazon.de/dp/B0F4H639VZ,42.0,853.85,853.85,EUR,853.85,Amazon,DE,2026-09-03T08:56:51Z,B0F4H639VZ,,,,,
LG,LG LED TV 2022 | 55UQ7000 | 55'' (140cm) | UHD | α5 Gen5 AI 4K Prozessor,https://www.amazon.de/dp/B09ZVCDJZP,55.0,,,,,Amazon,DE,2026-09-03T08:56:51Z,B09ZVCDJZP,,,,,
LG,"LG 43NANO80A6B TV 43 Zoll (109 cm) 4K NanoCell AI TV (α7 Gen8 4K AI Prozessor, webOS 25, 60Hz) [Modelljahr 2025]",https://www.amazon.de/dp/B0F3DMY6DQ,43.0,,,,,Amazon,DE,2026-09-03T08:56:51Z,B0F3DMY6DQ,,,,,
LG,"LG 43UR78006LK・108 cm (43"") Diagonalklasse UR78 Series LCD-TV mit LED-Hintergrundbeleuchtung・Smart TV・ThinQ AI・webOS・4K UHD (2160p) (43UR78006LK.AEU)",https://www.amazon.de/dp/B0C4T3HR77,43.0,312.23,312.23,EUR,312.23,Amazon,DE,2026-09-03T08:56:51Z,B0C4T3HR77,,,,,
LG,"LG OLED evo G4 55G48LW 4K Smart-TV, (55 Zoll) Bildschirmdiagonale, 2024",https://www.amazon.de/dp/B0DHPBX84W,55.0,,,,,Amazon,DE,2026-09-03T08:56:51Z,B0DHPBX84W,,,,,
LG,"LG 55LJ615V 139 cm (55 Zoll) Fernseher (Full HD, Triple Tuner, Smart TV)",https://www.amazon.de/dp/B06XPR41RM,55.0,,,,,Amazon,DE,2026-09-03T08:56:51Z,B06XPR41RM,,,,,
LG,"LG OLED55C44LA TV 55"" (140 cm) OLED evo Fernseher (α9 Gen7 4K AI-Prozessor, webOS 24, Dolby Vision, bis zu 120Hz) [Modelljahr 2024]",https://www.amazon.de/dp/B0D66YSRL9,55.0,,,,,Amazon,DE,2026-09-03T08:56:51Z,B0D66YSRL9,,,,,
TCL,"TCL 50Q7C 50 Zoll QD-Mini LED Fernseher, 4K HDR Premium 2000, Smart TV unterstützt durch Google TV (Dolby Vision IQ & Atmos, HVA-Panel, 144Hz Motion Clarity Pro, Freihändige Sprachsteuerung)",https://www.amazon.de/dp/B0F38D74ZD,50.0,,,,,Amazon,DE,2026-09-03T08:56:51Z,B0F38D74ZD,,,,,
LG,LG TV Evo AI QNED87 (2026) 100 Zoll QNED MiniLED UHD 4K - 100QNED87B6,https://www.amazon.de/dp/B0H4ZLSKF4,100.0,,,,,Amazon,DE,2026-09-03T08:56:51Z,B0H4ZLSKF4,,,,,
LG,"LG OLED77C64LA TV 77 Zoll (196 cm) 4K OLED evo AI Smart TV, α11 Gen3 AI Prozessor, 120 Hz (VRR bis 165 Hz), Modelljahr 2026",https://www.amazon.de/dp/B0GYQ4CYGZ,77.0,2399.0,2399.0,EUR,2399.0,Amazon,DE,2026-09-03T08:56:51Z,B0GYQ4CYGZ,,,,,
LG,LG TV (2026) 55 Zoll Mini-LED 4K - 55MRGB86B6A,https://www.amazon.de/dp/B0H4H3DGDB,55.0,1112.11,1112.11,EUR,1112.11,Amazon,DE,2026-09-03T08:56:51Z,B0H4H3DGDB,,,,,
LG,"LG OLED42C62LA TV 42 Zoll (106 cm) 4K OLED evo AI TV (α11 Gen3 4K AI Prozessor, webOS 26, 120Hz (VRR bis zu 165Hz)) [Modelljahr 2026] [Energieklasse G]",https://www.amazon.de/dp/B0HCCTVBJY,42.0,1049.0,1049.0,EUR,1049.0,Amazon,DE,2026-09-03T08:56:51Z,B0HCCTVBJY,,,,,
LG,"Cello 32-Zoll-Smart TV Rahmenloser, benutzerfreundlicher LED-Fernseher – Mit LG WebOS Integriert Netflix Apple+ Bluetooth Prime Video – Mit HDMI-, optischen, RF- und USB-Anschlüssen",https://www.amazon.de/dp/B0CF9VT914,32.0,229.99,229.99,EUR,229.99,Amazon,DE,2026-09-03T08:56:51Z,B0CF9VT914,,,,,
LG,"LG OLED EVO 55C58LA 55 Zoll Fernseher, 4K Smart TV 120Hz, a9 Gen8 AI Prozessor 4K, WebOS 25",https://www.amazon.de/dp/B0F4JQYXXK,55.0,,,,,Amazon,DE,2026-09-03T08:56:51Z,B0F4JQYXXK,,,,,
LG,"LG 65"" QNED 80 – 4K Smart TV (2025), QNED-Technologie, Alpha 7 AI Gen8 Prozessor, Präzisions-Dimming, webOS 25, HDR10, 60 Hz",https://www.amazon.de/dp/B0H3KVHCJJ,65.0,,,,,Amazon,DE,2026-09-03T08:56:51Z,B0H3KVHCJJ,,,,,
LG,"LG 75QNED756RA 190 cm (75 Zoll) 4K QNED MiniLED TV (Active HDR, 60 Hz, Smart TV) [Modelljahr 2023]",https://www.amazon.de/dp/B0BWWHXPR4,75.0,890.69,890.69,EUR,890.69,Amazon,DE,2026-09-03T08:56:51Z,B0BWWHXPR4,,,,,
LG,LG HTV 32 Direct LED IPS FHD HDR10PRO,https://www.amazon.de/dp/B094N7Q7T2,32.0,299.0,299.0,EUR,299.0,Amazon,DE,2026-09-03T08:56:51Z,B094N7Q7T2,,,,,
Hisense,"Hisense 55U7Q Fernseher 55 Zoll, 4K Mini LED ULED, Smart TV, Hi-View AI Engine, 144Hz Game Mode Pro, FreeSync Premium, Built in Subwoofer, Dolby Vision IQ Atmos, Airplay, Sprachsteuerung[2025]",https://www.amazon.de/dp/B0F32M68DW,55.0,549.0,549.0,EUR,549.0,Amazon,DE,2026-09-03T08:56:51Z,B0F32M68DW,,,,,
LG,"LG 43UK6300 108 cm (43 Zoll) Fernseher (4K UHD, Triple Tuner, 4K Active HDR, Smart TV)",https://www.amazon.de/dp/B07B4F8XSD,43.0,,,,,Amazon,DE,2026-09-03T08:56:51Z,B07B4F8XSD,,,,,
TCL,"TCL 75T8C 75 Zoll QLED 4K HDR UHD Fernseher, Smart Google TV Dolby Vision & Atmos, 144Hz Motion Clarity Pro, Game Bar, ALLM, FreeSync, Onkyo 2.1 Sound, Sprachsteuerung, Kompatibel mit Google Assistant",https://www.amazon.de/dp/B0DV9L71QL,75.0,,,,,Amazon,DE,2026-09-03T08:56:51Z,B0DV9L71QL,,,,,
LG,LG 55QNED80A6A QNED evo AI,https://www.amazon.de/dp/B0FLDXMX95,55.0,555.22,555.22,EUR,555.22,Amazon,DE,2026-09-03T08:56:51Z,B0FLDXMX95,,,,,
LG,"LG 85NU850B6LA - Smart TV Nano 4K UHD NU80 85 Zoll, ohne Reflexionen zu 94 %, WebOS 26 AI, intelligenter Prozessor α7 AI, Prozessor 4K Gen9, HDR10, 4K Super Upscaling, Dolby Digital Plus (85 Zoll)",https://www.amazon.de/dp/B0H19FG4ZG,85.0,1099.0,1099.0,EUR,1099.0,Amazon,DE,2026-09-03T08:56:51Z,B0H19FG4ZG,,,,,
LG,"55"" TV LED Lg 55UF8507, ULTRA HD 4K 3D, 1500Hz, Tr",https://www.amazon.de/dp/B00W41YW6G,55.0,700.0,700.0,EUR,700.0,Amazon,DE,2026-09-03T08:56:51Z,B00W41YW6G,,,,,
LG,"LG 65QNED869QA TV 164 cm (65 Zoll) QNED MiniLED Fernseher (Cinema HDR, 120 Hz, Smart TV) [Modelljahr 2022]",https://www.amazon.de/dp/B09RQ3TBK3,65.0,1582.27,1582.27,EUR,1582.27,Amazon,DE,2026-09-03T08:56:51Z,B09RQ3TBK3,,,,,
LG,LG Smart TV 75QNED80T6A.AEU 4K Ultra HD 75 Zoll HDR Edge-LED QNED,https://www.amazon.de/dp/B0D858BKKS,75.0,899.0,899.0,EUR,899.0,Amazon,DE,2026-09-03T08:56:51Z,B0D858BKKS,,,,,
LG,"LG 75NU850B6LA - Smart TV Nano 4K UHD AI NU85 75 Zoll, ohne 94 % Reflexionen, WebOS 26 AI Gemini, Intelligenter Prozessor α7 AI Prozessor 4K Gen9, HDR10 Pro, 4K Super Upscaling, Dolby",https://www.amazon.de/dp/B0H1JGZ393,75.0,789.0,789.0,EUR,789.0,Amazon,DE,2026-09-03T08:56:51Z,B0H1JGZ393,,,,,
LG,"LG OLED evo G4 65G48LW 4K Smart-TV, 165 cm (65 Zoll) Bildschirmdiagonale, 2024",https://www.amazon.de/dp/B0DHP7QRG7,65.0,,,,,Amazon,DE,2026-09-03T08:56:51Z,B0DHP7QRG7,,,,,
LG,LG Standfuß passend für Flachbildschirme,https://www.amazon.de/dp/B0C2K2PTCH,65.0,79.99,79.99,EUR,79.99,Amazon,DE,2026-09-03T08:56:51Z,B0C2K2PTCH,,,,,
LG,LG OLED55C5ELB.AEU Smart TV OLED EVO AI C5 55 Zoll 4K 2025,https://www.amazon.de/dp/B0GDN8W466,55.0,,,,,Amazon,DE,2026-09-03T08:56:51Z,B0GDN8W466,,,,,
LG,"LG 48"" OLED evo C5 4K TV – 144Hz, Dolby Vision IQ, webOS 25, HDMI 2.1, KI-Prozessor, Dolby Atmos",https://www.amazon.de/dp/B0G6C27G1X,48.0,,,,,Amazon,DE,2026-09-03T08:56:51Z,B0G6C27G1X,,,,,
LG,"LG 65EG960V TVC OLED 65"" UHD CURVED 3D SMART SAT",https://www.amazon.de/dp/B016CS9ATU,65.0,,,,,Amazon,DE,2026-09-03T08:56:51Z,B016CS9ATU,,,,,
LG,"Reflexion Smart LED Fernseher, LG webOSHub, Rahmenloser Wohnwagen/Wohnmobil/Camping/Caravan/Boot/LKW TV, Slimline, 12/24/230 Volt, Full HD, Triple Tuner, Bluetooth, WLAN, Schwarz/Silber (LDDX24IBT)",https://www.amazon.de/dp/B0CLPGGTSB,22.0,375.93,375.93,EUR,375.93,Amazon,DE,2026-09-03T08:56:51Z,B0CLPGGTSB,,,,,
LG,LG - TV - OLED - 48 Zoll - 4K UHD - B6 - Smart TV - 120Hz - Schwarz Absolu | Display – 48 Zoll – (3840 x 2160) – realistische Farben – NVIDIA Gsync und AMD FreeSync – 4 x HDMI 2.1 – AI 2026,https://www.amazon.de/dp/B0GWFNR5PT,48.0,1049.0,1049.0,EUR,1049.0,Amazon,DE,2026-09-03T08:56:51Z,B0GWFNR5PT,,,,,
LG,LG OLED55G66LS - TV 55 Zoll Smart TV 4K 3840 x 2160 Pixel OLed DVB-T2 HEVC/H.265 Wifi Silber Energieklasse E,https://www.amazon.de/dp/B0H374GQDY,55.0,2073.0,2073.0,EUR,2073.0,Amazon,DE,2026-09-03T08:56:51Z,B0H374GQDY,,,,,
LG,LG OLED TV 2025 | OLED48B5 | 48 Zoll (121 cm) | OLED | Prozessor α8 AI 4K Gen2 | Dolby Vision & Atmos | Alexa,https://www.amazon.de/dp/B0FF52R2WK,48.0,988.0,988.0,EUR,988.0,Amazon,DE,2026-09-03T08:56:51Z,B0FF52R2WK,,,,,
LG,LG 75NANO81A6A 75 Zoll 4K Ultra HD HDR D-LED NanoCell Smart TV,https://www.amazon.de/dp/B0FY7GT9RP,75.0,795.0,795.0,EUR,795.0,Amazon,DE,2026-09-03T08:56:51Z,B0FY7GT9RP,,,,,
LG,"LG OLED48C62LA TV 48 Zoll (121 cm) 4K OLED evo AI TV (α11 Gen3 4K AI Prozessor, webOS 26, 120Hz (VRR bis zu 165Hz)) [Modelljahr 2026] [Energieklasse E]",https://www.amazon.de/dp/B0HCVN1T5M,48.0,1099.0,1099.0,EUR,1099.0,Amazon,DE,2026-09-03T08:56:51Z,B0HCVN1T5M,,,,,
LG,LG TV AI B6 (2026) 55 Zoll OLED 4K UHD - OLED55B65LA,https://www.amazon.de/dp/B0H2DKLD4L,55.0,1077.26,1077.26,EUR,1077.26,Amazon,DE,2026-09-03T08:56:51Z,B0H2DKLD4L,,,,,
LG,LG LED TV 8K 189cm 75QNED966PA,https://www.amazon.de/dp/B08Y42NJYL,75.0,4605.99,4605.99,EUR,4605.99,Amazon,DE,2026-09-03T08:56:51Z,B08Y42NJYL,,,,,
LG,"LG OLED65C17LB TV 164 cm (65 Zoll) OLED Fernseher (4K Cinema HDR, 120 Hz, Twin Triple Tuner, Smart TV) [Modelljahr 2021]",https://www.amazon.de/dp/B08VDM43LL,65.0,,,,,Amazon,DE,2026-09-03T08:56:51Z,B08VDM43LL,,,,,
LG,LG 50UT80006LA.AEK TV 127 cm [50] 4K Ultra HD Smart TV Wi-Fi Nero (50IN SMART 4K ULTRA HD HDR LED - TV ASHED BLUE HDMI 2.0 X3 /2X US),https://www.amazon.de/dp/B0D17RYGC2,50.0,,,,,Amazon,DE,2026-09-03T08:56:51Z,B0D17RYGC2,,,,,
Samsung,"Samsung OLED 4K S90D Fernseher 55 Zoll (140 cm), TV Mit Neural Quantum AI Gen2 Prozessor, HDR+, AI Upscaling, Smart TV, KI TV, 55S90D [2024]",https://www.amazon.de/dp/B0DJH67TYL,55.0,,,,,Amazon,DE,2026-09-03T08:56:51Z,B0DJH67TYL,,,,,
LG,"LG 55QNED86A6A TV 55 Zoll (139 cm) 4K QNED evo AI TV (α8 Gen2 4K AI Prozessor, webOS 25, 120Hz) [Modelljahr 2025]",https://www.amazon.de/dp/B0F22731RT,55.0,863.8,863.8,EUR,863.8,Amazon,DE,2026-09-03T08:56:51Z,B0F22731RT,,,,,
LG,"LG 65UF860V 65"" 4K Ultra HD 3D Kompatibilität Smart-TV WLAN Schwarz LED TV - LED-Fernseher (4K Ultra HD, Web OS, A+, Schwarz, 3840 x 2160 Pixel, Flach)",https://www.amazon.de/dp/B019HYMWV4,65.0,1000.0,1000.0,EUR,1000.0,Amazon,DE,2026-09-03T08:56:51Z,B019HYMWV4,,,,,
LG,"LG 75QNED86B6B TV 75 Zoll (175 cm), 4K QNED EVO MiniLED, Smart TV, WebOS 26, Prozessor α8 AI Gen3, VRR 144Hz, Dolby Vision und Dolby Digital Plus, Alexa/Google Assistant, Schwarz",https://www.amazon.de/dp/B0GTZQGQ62,75.0,1969.84,1969.84,EUR,1969.84,Amazon,DE,2026-09-03T08:56:51Z,B0GTZQGQ62,,,,,
LG,"LG OLED65C97LA 164 cm (65 Zoll) OLED Fernseher (OLED, Dual Triple Tuner, 4K Cinema HDR, Dolby Vision, Dolby Atmos, Smart TV)",https://www.amazon.de/dp/B07R5KPLX5,65.0,,,,,Amazon,DE,2026-09-03T08:56:51Z,B07R5KPLX5,,,,,
LG,LG OLED TV 2025 | OLED65B5 | 65 Zoll (164 cm) | OLED 120 Hz | Prozessor α8 AI 4K Gen2 | Dolby Vision & Atmos | Alexa,https://www.amazon.de/dp/B0F7HYW329,65.0,1578.45,1578.45,EUR,1578.45,Amazon,DE,2026-09-03T08:56:51Z,B0F7HYW329,,,,,
LG,"TV LG evo AI G6 (2026) 55"" OLED UHD 4K - OLED55G66LS",https://www.amazon.de/dp/B0H2F7CXXK,55.0,,,,,Amazon,DE,2026-09-03T08:56:51Z,B0H2F7CXXK,,,,,
LG,LG TV Evo AI G6 (2026) 65 Zoll OLED UHD 4K - OLED65G66LS,https://www.amazon.de/dp/B0H2F7Y2YQ,65.0,,,,,Amazon,DE,2026-09-03T08:56:51Z,B0H2F7Y2YQ,,,,,
LG,"LG OLED42C64LA TV 42 Zoll (107 cm) 4K OLED evo AI Smart TV, α11 Gen3 AI Prozessor, 120 Hz (VRR bis 165 Hz), Modelljahr 2026",https://www.amazon.de/dp/B0H3MH5T8J,42.0,1029.0,1029.0,EUR,1029.0,Amazon,DE,2026-09-03T08:56:51Z,B0H3MH5T8J,,,,,
LG,"LG, OLED48C26LB, Smart TV, 4K, 48 Zoll, TV OLED evo Serie C2, α9-Prozessor der 5.Generation, Dolby Vision, präzise Details, 4 HDMI 2.1, 48Gbps, VRR, Google Assistant und Alexa, Wi-Fi, webOS 22",https://www.amazon.de/dp/B09Z31BLBR,48.0,,,,,Amazon,DE,2026-09-03T08:56:51Z,B09Z31BLBR,,,,,
LG,"LG 65SK8000 164 cm (65 Zoll) Fernseher (4K SUPER UHD, Triple Tuner, 4K Cinema HDR, Dolby Vision/Atmos, Smart TV)",https://www.amazon.de/dp/B07B4F8XSM,65.0,,,,,Amazon,DE,2026-09-03T08:56:51Z,B07B4F8XSM,,,,,
LG,"LG OLED55G64LW Fernseher 55 Zoll, 4K OLED EVO AI G6, Smart TV, WebOS 26, Prozessor α11 AI Gen3, VRR 165Hz, Reflection Free Premium, Dolby Vision und Atmos, Alexa/Google Assistant, Dunkelgrau Titan",https://www.amazon.de/dp/B0GYPN5KK9,55.0,1875.77,1875.77,EUR,1875.77,Amazon,DE,2026-09-03T08:56:51Z,B0GYPN5KK9,,,,,
LG,LG TV AI B6 (2026) 48 Zoll OLED UHD 4K - OLED48B65LA,https://www.amazon.de/dp/B0H2JW6V1X,48.0,960.89,960.89,EUR,960.89,Amazon,DE,2026-09-03T08:56:51Z,B0H2JW6V1X,,,,,
LG,LG Smart TV 75QNED87T6B 4K Ultra HD 55 Zoll,https://www.amazon.de/dp/B0D361PB78,55.0,719.99,719.99,EUR,719.99,Amazon,DE,2026-09-03T08:56:51Z,B0D361PB78,,,,,
LG,"LG 85QNED80B6LA TV 85 Zoll, QNED MiniLED, 4K AI, Smart TV, WebOS 25, Alpha 5 Gen7 AI, 120 Hz, Super Upscaling, HDR10 und Dolby Digital Plus, Alexa/Google Assistant, Schwarz",https://www.amazon.de/dp/B0GTRQNMS6,85.0,,,,,Amazon,DE,2026-09-03T08:56:51Z,B0GTRQNMS6,,,,,
LG,"LG OLED77G39LA TV 195 cm (77 Zoll) OLED evo Fernseher (Gallery Design, Brightness Booster Max, 120 Hz) [Modelljahr 2023]",https://www.amazon.de/dp/B0BWWJYZDN,77.0,,,,,Amazon,DE,2026-09-03T08:56:51Z,B0BWWJYZDN,,,,,
LG,"LG OLED55G66LS 55 Zoll 4K OLED evo AI TV (α11 Gen3 4K AI Prozessor, webOS 26, 120Hz (VRR bis zu 165Hz)) [Modelljahr 2026] [Energieklasse E]",https://www.amazon.de/dp/B0HBXLNYMY,55.0,2899.0,2899.0,EUR,2899.0,Amazon,DE,2026-09-03T08:56:51Z,B0HBXLNYMY,,,,,
LG,LG 55 inch OLED evo AI OLED55G62LW 4K Smart TV Model 2026,https://www.amazon.de/dp/B0GT9VLCGD,55.0,1799.0,1799.0,EUR,1799.0,Amazon,DE,2026-09-03T08:56:51Z,B0GT9VLCGD,,,,,
LG,LG OLED65G66LS – Fernseher 65 Zoll Smart TV 4K DVB-T2 HEVC/H.265 OLED Wifi Energieklasse E,https://www.amazon.de/dp/B0H36VQ8P1,65.0,2599.0,2599.0,EUR,2599.0,Amazon,DE,2026-09-03T08:56:51Z,B0H36VQ8P1,,,,,
LG,"LG 65B68LA 4K OLED TV | ALPHA8 Gen3 AI Prozessor, Cinema HDR mit Dolby Vision IQ, 4x HDMI mit VRR, eARC, 4K HFR, ALLM, 20 Watt Soundsystem 2.0 Kanal",https://www.amazon.de/dp/B0HBXZ9ZLR,65.0,1299.0,1299.0,EUR,1299.0,Amazon,DE,2026-09-03T08:56:51Z,B0HBXZ9ZLR,,,,,
LG,Televisore LG Smart TV OLED evo Gallery Edition,https://www.amazon.de/dp/B09Y9GR78L,55.0,2468.0,2468.0,EUR,2468.0,Amazon,DE,2026-09-03T08:56:51Z,B09Y9GR78L,,,,,
LG,LG Electronics 55BX3 UHD 4K OLED-Fernseher - 55 (139 cm) - Smart-Fernseher - 4XHDMI - 3XUSB - Dolby Vision - Energieklasse ET - Schwarz,https://www.amazon.de/dp/B08M36PVH6,55.0,1399.0,1399.0,EUR,1399.0,Amazon,DE,2026-09-03T08:56:51Z,B08M36PVH6,,,,,
TCL,"TCL 55Q6C 55 Zoll QD-Mini LED Fernseher, 4K HDR Premium 1000nits, Smart TV mit Google TV (Dolby Vision IQ & Atmos, Onkyo 2.1 Sound System, 144Hz Motion Clarity Pro, Game Master)",https://www.amazon.de/dp/B0DX185Q23,55.0,472.17,472.17,EUR,472.17,Amazon,DE,2026-09-03T08:56:51Z,B0DX185Q23,,,,,
TCL,"TCL 32SF560 – 32 Zoll, Full HD Smart QLED Direct LED TV mit Fire TV & HDR, Metallic Design, Rahmenlos",https://www.amazon.de/dp/B0F9PVTQL2,32.0,159.99,159.99,EUR,159.99,Amazon,DE,2026-09-03T08:56:51Z,B0F9PVTQL2,,,,,
TCL,"TCL 65Q7D Pro SQD-Mini LED 65 Zoll Fernseher, 4K Smart TV, Google TV | 646 Dimming-Zonen, 2000 Nits Spitzenhelligkeit, Dolby Vision IQ & Atmos, 2.1 Onkyo Sound, 144 Hz VRR, AirPlay 2 & Alexa",https://www.amazon.de/dp/B0GXKSZKLT,65.0,849.0,849.0,EUR,849.0,Amazon,DE,2026-09-03T08:56:51Z,B0GXKSZKLT,,,,,
TCL,"TCL 65Q6C 65 Zoll QD-Mini LED Fernseher, 4K HDR Premium 1000nits, Smart TV mit Google TV (Dolby Vision IQ & Atmos, Onkyo 2.1 Soundsystem, 144Hz Motion Clarity Pro, Game Master)",https://www.amazon.de/dp/B0DXQ27X44,65.0,679.0,679.0,EUR,679.0,Amazon,DE,2026-09-03T08:56:51Z,B0DXQ27X44,,,,,
TCL,"TCL 50C7K 50 Zoll QD-Mini LED Fernseher, 4K HDR Premium 2000, Smart Google TV mit 144Hz Motion Clarity Pro (Dolby Vision IQ & Atmos, HVA-Panel, Game Master)",https://www.amazon.de/dp/B0F5BSJ83Z,50.0,549.0,549.0,EUR,549.0,Amazon,DE,2026-09-03T08:56:51Z,B0F5BSJ83Z,,,,,
TCL,"TCL 43T6C 43 Zoll QLED Fernseher, 4K UHD Fire TV, HDR10+, Dolby Vision & Atmos, Smart TV mit Sprachsteuerung mit Alexa, Google Cast & AirPlay 2",https://www.amazon.de/dp/B0DW98NN53,43.0,279.99,279.99,EUR,279.99,Amazon,DE,2026-09-03T08:56:51Z,B0DW98NN53,,,,,
TCL,TCL QLED 65 Zoll 65P7K UltraHD 4K Dolby Atmos Google TV,https://www.amazon.de/dp/B0FH78VT5V,65.0,444.0,444.0,EUR,444.0,Amazon,DE,2026-09-03T08:56:51Z,B0FH78VT5V,,,,,
TCL,"TCL 43SF560 – 43 Zoll, Full HD Smart QLED Direct LED TV mit Fire TV & HDR, Metallic Design, Rahmenlos",https://www.amazon.de/dp/B0F9PQTM25,43.0,190.98,190.98,EUR,190.98,Amazon,DE,2026-09-03T08:56:51Z,B0F9PQTM25,,,,,
TCL,"TCL 43V5C - 43 Zoll Full HD Smart QLED Direct LED-Fernseher mit Android TV & HDR - Kompatibel mit Google Cast & Google Home, Schlankes Design",https://www.amazon.de/dp/B0F3XM86GV,43.0,209.0,209.0,EUR,209.0,Amazon,DE,2026-09-03T08:56:51Z,B0F3XM86GV,,,,,
TCL,"TCL 75T8D QD-Mini LED 75 Zoll Fernseher, 4K Smart TV, Google TV, 144 Hz | FreeSync Premium, Game Master, Dolby Vision, HDR10+, Dolby Atmos, 2.1 Onkyo Sound, Apple AirPlay 2, Google Cast",https://www.amazon.de/dp/B0GR9GFMCD,75.0,891.0,891.0,EUR,891.0,Amazon,DE,2026-09-03T08:56:51Z,B0GR9GFMCD,,,,,
TCL,"TCL 55V6B 55 Zoll, 4K Ultra HD, HDR TV, Smart TV unterstützt von Google TV (Dolby Audio, Motion Clarity, Sprachsteuerung, Kompatibel mit Google Assistant, Chromecast eingebaut",https://www.amazon.de/dp/B0CXF49BXG,55.0,,,,,Amazon,DE,2026-09-03T08:56:51Z,B0CXF49BXG,,,,,
TCL,"TCL 85Q7D Pro SQD-Mini LED 85 Zoll Fernseher, 4K Smart TV, Google TV | 1056 Dimming-Zonen, 2000 Nits Spitzenhelligkeit, Dolby Vision IQ & Atmos, 2.1 Onkyo Sound, 144 Hz VRR, AirPlay 2 & Alexa",https://www.amazon.de/dp/B0GXKSVDW9,85.0,1699.0,1699.0,EUR,1699.0,Amazon,DE,2026-09-03T08:56:51Z,B0GXKSVDW9,,,,,
TCL,"TCL 65PF650 65 Zoll Fernseher, 4K Ultra HD Smart TV, Fire TV, Dolby Atmos | Dolby Vision, Alexa-kompatibel",https://www.amazon.de/dp/B0D8J994FH,65.0,399.0,399.0,EUR,399.0,Amazon,DE,2026-09-03T08:56:51Z,B0D8J994FH,,,,,
TCL,"TCL 55C8L SQD-Mini LED 55 Zoll Fernseher, 4K Smart TV, Google TV, HDR10+ | 1008 Dimming-Zonen, 3000 Nits Spitzenhelligkeit, Dolby Vision IQ & Atmos, Audio by Bang & Olufsen, 144 Hz VRR, AirPlay 2",https://www.amazon.de/dp/B0GTZS35X6,55.0,993.35,993.35,EUR,993.35,Amazon,DE,2026-09-03T08:56:51Z,B0GTZS35X6,,,,,
TCL,"TCL 55C6K - 55"" Smart TV QD‑Mini LED 4K HDR10+ Google TV | Dolby Vision IQ & Atmos, 144Hz Motion Clarity Pro, Game Master, Onkyo 2.1 Sound, Apple AirPlay 2",https://www.amazon.de/dp/B0F8QKZ82T,55.0,499.0,499.0,EUR,499.0,Amazon,DE,2026-09-03T08:56:51Z,B0F8QKZ82T,,,,,
TCL,"TCL 32V5D QLED 32 Zoll Fernseher, Full HD HDR Smart TV, Fire TV, Direct LED | Apple AirPlay 2, Alexa-kompatibel, Rahmenloses Metalldesign",https://www.amazon.de/dp/B0GYSZDBNH,32.0,189.0,189.0,EUR,189.0,Amazon,DE,2026-09-03T08:56:51Z,B0GYSZDBNH,,,,,
TCL,"TCL 85C8L SQD-Mini LED 85 Zoll Fernseher, 4K Smart TV, Google TV, HDR10+ | 3200 Dimming-Zonen, 6000 Nits Spitzenhelligkeit, Dolby Vision IQ & Atmos, 144Hz, ZeroBorder Design, Audio by Bang & Olufsen",https://www.amazon.de/dp/B0GTZRP159,85.0,2399.0,2399.0,EUR,2399.0,Amazon,DE,2026-09-03T08:56:51Z,B0GTZRP159,,,,,
TCL,"TCL 55V6D 55 Zoll, 4K UHD, Smart TV, Fire TV, HDR10+, Dolby Atmos, DTS:X, Game Master, Motion Clarity, AirPlay 2, Kompatibel mit Alexa",https://www.amazon.de/dp/B0GQHGGWHX,55.0,349.0,349.0,EUR,349.0,Amazon,DE,2026-09-03T08:56:51Z,B0GQHGGWHX,,,,,
TCL,"TCL 65T8D QD-Mini LED 65 Zoll Fernseher, 4K Smart TV, Google TV, 144 Hz | FreeSync Premium, Game Master, Dolby Vision, HDR10+, Dolby Atmos, 2.1 Onkyo Sound, Apple AirPlay 2, Google Cast",https://www.amazon.de/dp/B0GR9FLCYT,65.0,679.0,679.0,EUR,679.0,Amazon,DE,2026-09-03T08:56:51Z,B0GR9FLCYT,,,,,
TCL,"TCL 98C8L SQD-Mini LED 98 Zoll Fernseher, 4K Smart TV, Google TV, HDR10+ | 4032 Dimming-Zonen, 6000 Nits Spitzenhelligkeit, Dolby Vision IQ & Atmos, 144Hz, ZeroBorder Design, Audio by Bang & Olufsen",https://www.amazon.de/dp/B0GTZQ77RW,98.0,,,,,Amazon,DE,2026-09-03T08:56:51Z,B0GTZQ77RW,,,,,
TCL,"TCL 75Q8C 75 Zoll QD-Mini LED Fernseher, 4K HDR Premium 4500, ZeroBorder™, Smart Google TV, CrystGlow WHVA Panel, Audio von Bang & Olufsen, 144Hz Motion Clarity Pro, Dolby Vision IQ & Atmos",https://www.amazon.de/dp/B0F9WSGDLW,75.0,,,,,Amazon,DE,2026-09-03T08:56:51Z,B0F9WSGDLW,,,,,
TCL,"TCL 55P8K 55 Zoll QLED 4K HDR UHD Fernseher, Smart Google TV (Dolby Vision & Atmos, 144Hz Motion Clarity Pro, FreeSync, Onkyo 2.1 Sound, Sprachsteuerung, Kompatibel mit Google Assistant, Google Cast)",https://www.amazon.de/dp/B0F8HYKRKX,55.0,429.0,429.0,EUR,429.0,Amazon,DE,2026-09-03T08:56:51Z,B0F8HYKRKX,,,,,
TCL,"TCL 65T8C 65 Zoll QLED 4K HDR UHD Fernseher, Smart Google TV Dolby Vision & Atmos, 144Hz Motion Clarity Pro, Game Bar, ALLM, FreeSync, Onkyo 2.1 Sound, Sprachsteuerung, Kompatibel mit Google Assistant",https://www.amazon.de/dp/B0DV9LYQJ1,65.0,,,,,Amazon,DE,2026-09-03T08:56:51Z,B0DV9LYQJ1,,,,,
TCL,"TCL 43V6D 43 Zoll, 4K UHD, Smart TV, Fire TV, HDR10+, Dolby Atmos, DTS:X, Game Master, Motion Clarity, AirPlay 2, Kompatibel mit Alexa",https://www.amazon.de/dp/B0GQHTCGBB,43.0,279.0,279.0,EUR,279.0,Amazon,DE,2026-09-03T08:56:51Z,B0GQHTCGBB,,,,,
TCL,"TCL 40V5C - 40 Zoll Full HD Smart QLED Direct LED-Fernseher mit Android TV & HDR - Kompatibel mit Google Cast & Google Home, Schlankes Design",https://www.amazon.de/dp/B0F3XN9M4V,40.0,220.49,220.49,EUR,220.49,Amazon,DE,2026-09-03T08:56:51Z,B0F3XN9M4V,,,,,
TCL,"TCL 65T69C 65 Zoll QLED, Direct LED TV, 4K HDR TV, Smart Google TV (Dolby Vision & Atmos, Game Master, Motion Clarity, Kompatibel mit Google Assistant & Alexa)",https://www.amazon.de/dp/B0F8QDCBCM,65.0,444.0,444.0,EUR,444.0,Amazon,DE,2026-09-03T08:56:51Z,B0F8QDCBCM,,,,,
TCL,"TCL 55V6C 55 Zoll Direct LED TV, 4K HDR Fernseher, Smart TV mithilfe von Google TV (Dolby Audio, Motion Clarity, Kompatibel mit Google Assistant & Alexa)",https://www.amazon.de/dp/B0DV94JCVX,55.0,,,,,Amazon,DE,2026-09-03T08:56:51Z,B0DV94JCVX,,,,,
TCL,"TCL 55T69C 55 Zoll QLED, Direct LED TV, 4K HDR TV, Smart Google TV (Dolby Vision & Atmos, Game Master, Motion Clarity, Kompatibel mit Google Assistant & Alexa)",https://www.amazon.de/dp/B0F8QFPB14,55.0,349.0,349.0,EUR,349.0,Amazon,DE,2026-09-03T08:56:51Z,B0F8QFPB14,,,,,
TCL,"TCL 65Q8C 65 Zoll QD-Mini LED-Fernseher, 4K HDR Premium 4500, ZeroBorder™, Smart Google TV, CrystGlow WHVA-Panel, Audio von Bang & Olufsen, 144Hz Motion Clarity Pro, Dolby Vision IQ & Atmos",https://www.amazon.de/dp/B0F9WRKNS3,65.0,,,,,Amazon,DE,2026-09-03T08:56:51Z,B0F9WRKNS3,,,,,
TCL,TCL 32V4C 32 Zoll HD Smart QLED Direct LED TV mit Android TV und HDR kompatibel mit Google Cast und Google Home Delgado Design,https://www.amazon.de/dp/B0F54B34TH,32.0,171.77,171.77,EUR,171.77,Amazon,DE,2026-09-03T08:56:51Z,B0F54B34TH,,,,,
TCL,"TCL 55Q7C 55 Zoll QD-Mini LED Fernseher, 4K HDR Premium 2600, Smart TV unterstützt durch Google TV (Dolby Vision IQ & Atmos, CrystGlow HVA-Panel, Audio von Bang & Olufsen, 144Hz Motion Clarity Pro)",https://www.amazon.de/dp/B0F38H2GGC,55.0,,,,,Amazon,DE,2026-09-03T08:56:51Z,B0F38H2GGC,,,,,
TCL,"TCL Mini LED Google TV 50 Zoll C6K 4K QD 144Hz, Dolby Vision IQ, HDR10+, ALLM, VRR, 4x HDMI 2.1, Dolby Atmos, Wi-Fi 5",https://www.amazon.de/dp/B0G6KJ3G4Y,50.0,485.38,485.38,EUR,485.38,Amazon,DE,2026-09-03T08:56:51Z,B0G6KJ3G4Y,,,,,
TCL,"TCL 55P6K LED TV Direct 55 Zoll, 4K HDR TV, Smart TV mit Google TV Technologie (Dolby Audio, Motion Clarity, kompatibel mit Google Assistant und Alexa)",https://www.amazon.de/dp/B0F7RVDMKF,55.0,319.0,319.0,EUR,319.0,Amazon,DE,2026-09-03T08:56:51Z,B0F7RVDMKF,,,,,
TCL,"TCL 98C6K 98 Zoll QD-Mini LED TV, 4K HDR Premium 1000nits, Smart TV mit Google TV Technologie (Dolby Vision IQ und Atmos, Onkyo 2.1 Audiosystem, Motion Clarity Pro 144Hz, Game Master)",https://www.amazon.de/dp/B0FPQLYVWB,98.0,1978.87,1978.87,EUR,1978.87,Amazon,DE,2026-09-03T08:56:51Z,B0FPQLYVWB,,,,,
TCL,"TCL 75X11L SQD-Mini LED 75 Zoll Fernseher, 4K Smart TV, Google TV, HDR10+ | 10520 Dimming-Zonen, 9000 Nits Spitzenhelligkeit, Dolby Vision IQ & Atmos, 144Hz, ZeroBorder Design, Audio by Bang & Olufsen",https://www.amazon.de/dp/B0GV3VXQB8,75.0,3499.0,3499.0,EUR,3499.0,Amazon,DE,2026-09-03T08:56:51Z,B0GV3VXQB8,,,,,
TCL,TCL QLED 43 Zoll 43P7K UltraHD 4K Dolby Atmos Google TV,https://www.amazon.de/dp/B0F8VZHXJM,43.0,319.0,319.0,EUR,319.0,Amazon,DE,2026-09-03T08:56:51Z,B0F8VZHXJM,,,,,
TCL,"TCL 98P8K 98 Zoll QLED 4K HDR UHD Fernseher, Smart Google TV (Dolby Vision & Atmos, 144Hz Motion Clarity Pro, FreeSync, Onkyo 2.1 Sound, Sprachsteuerung, Kompatibel mit Google Assistant, Google Cast)",https://www.amazon.de/dp/B0F7RW2JX3,98.0,1703.53,1703.53,EUR,1703.53,Amazon,DE,2026-09-03T08:56:51Z,B0F7RW2JX3,,,,,
TCL,"TCL 50V6C 50 Zoll Direct LED TV, 4K HDR Fernseher, Smart TV mithilfe von Google TV (Dolby Audio, Motion Clarity, Kompatibel mit Google Assistant & Alexa)",https://www.amazon.de/dp/B0DV9JL61N,50.0,462.7,462.7,EUR,462.7,Amazon,DE,2026-09-03T08:56:51Z,B0DV9JL61N,,,,,
TCL,"TCL C6K 65C6K Fernseher 165,1 cm (65 Zoll) 4K Ultra HD Smart TV WiFi Metallic",https://www.amazon.de/dp/B0F9FNQPZP,65.0,799.0,799.0,EUR,799.0,Amazon,DE,2026-09-03T08:56:51Z,B0F9FNQPZP,,,,,
TCL,"TCL 98RM7L RGB-Mini LED 98 Zoll Fernseher, 4K Smart TV, Google TV, HDR10+ | 2880 RGB-Farbzonen, 2000 Nits Spitzenhelligkeit, Dolby Vision IQ & Atmos, 2.1 Onkyo Sound, 144 Hz VRR, Apple AirPlay 2",https://www.amazon.de/dp/B0GZZYN4VR,98.0,2499.0,2499.0,EUR,2499.0,Amazon,DE,2026-09-03T08:56:51Z,B0GZZYN4VR,,,,,
TCL,"TCL 98X11L SQD-Mini LED 98 Zoll Fernseher, 4K Smart TV, Google TV, HDR10+ | 20736 Dimming-Zonen, 10000 Nits Spitzenhelligkeit, Dolby Vision IQ & Atmos, 144Hz, ZeroBorder Design, Audio by Bang & Olufsen",https://www.amazon.de/dp/B0GV4GKQR9,98.0,8259.0,8259.0,EUR,8259.0,Amazon,DE,2026-09-03T08:56:51Z,B0GV4GKQR9,,,,,
TCL,Smart TV TCL 32S4K,https://www.amazon.de/dp/B0FLPRW1P9,32.0,188.95,188.95,EUR,188.95,Amazon,DE,2026-09-03T08:56:51Z,B0FLPRW1P9,,,,,
TCL,"TCL 65P8K 65 Zoll QLED 4K HDR UHD Fernseher, Smart Google TV (Dolby Vision & Atmos, 144Hz Motion Clarity Pro, FreeSync, Onkyo 2.1 Sound, Sprachsteuerung, Kompatibel mit Google Assistant, Google Cast)",https://www.amazon.de/dp/B0F8J37SQ5,65.0,569.0,569.0,EUR,569.0,Amazon,DE,2026-09-03T08:56:51Z,B0F8J37SQ5,,,,,
TCL,"TCL 65V6C 65 Zoll Direct LED TV, 4K HDR Fernseher, Smart TV mithilfe von Google TV (Dolby Audio, Motion Clarity, Kompatibel mit Google Assistant & Alexa)",https://www.amazon.de/dp/B0DV9GHKQ6,65.0,,,,,Amazon,DE,2026-09-03T08:56:51Z,B0DV9GHKQ6,,,,,
LG,"LG 75QNED7EB3A TV 75 Zoll, 1900 Mm, 4K QNED Mini LED AI, α7 Gen9 Prozessor, webOS 26, 60Hz, VRR, Modelljahr 2026",https://www.amazon.de/dp/B0GSGYR42K,75.0,749.0,749.0,EUR,749.0,Amazon,DE,2026-09-03T08:56:51Z,B0GSGYR42K,,,,,
TCL,"TCL NXTVISION A300 PRO 55 Zoll QLED PRO Fernseher, 4K UHD Art TV, Magnetisches Rahmendesign, Ai”Art Kunstgalerie, Mattes Display, Google Smart TV",https://www.amazon.de/dp/B0F9WFRF4R,55.0,799.0,799.0,EUR,799.0,Amazon,DE,2026-09-03T08:56:51Z,B0F9WFRF4R,,,,,
TCL,"TCL 75P8K 75 Zoll QLED 4K HDR UHD Fernseher, Smart Google TV (Dolby Vision & Atmos, 144Hz Motion Clarity Pro, FreeSync, Onkyo 2.1 Sound, Sprachsteuerung, Kompatibel mit Google Assistant, Google Cast)",https://www.amazon.de/dp/B0F8J383MC,75.0,1049.0,1049.0,EUR,1049.0,Amazon,DE,2026-09-03T08:56:51Z,B0F8J383MC,,,,,
TCL,TCL QLED 55 Zoll 55P7K UltraHD 4K Dolby Atmos Google TV,https://www.amazon.de/dp/B0F99Z7M9M,55.0,,,,,Amazon,DE,2026-09-03T08:56:51Z,B0F99Z7M9M,,,,,
LG,"LG 85NU8E0B3LA Nano 4K UHD TV, 85 Zoll, α7 Gen9 4K AI Prozessor, webOS 26, 60Hz, VRR bis zu 60Hz, Modelljahr 2026, Energieklasse E",https://www.amazon.de/dp/B0GSGZGZ3Z,85.0,899.0,899.0,EUR,899.0,Amazon,DE,2026-09-03T08:56:51Z,B0GSGZGZ3Z,,,,,
Hisense,"Hisense 50U7Q Fernseher 50 Zoll, 4K Mini LED ULED, Smart TV, Hi-View AI Engine, 144Hz Game Mode Pro, FreeSync Premium, Built in Subwoofer, Dolby Vision IQ Atmos, Airplay, Sprachsteuerung[2025]",https://www.amazon.de/dp/B0F32KTJK8,50.0,519.0,519.0,EUR,519.0,Amazon,DE,2026-09-03T08:56:51Z,B0F32KTJK8,,,,,
Hisense,"Hisense 85E8DS Fernseher 85 Zoll, 4K UHD, Hi-QLED Mini LED, Smart TV, 144Hz, Hi-View AI Engine, Dolby Vision.Atmos, Unibody Slim, FreeSync Premium, AI-Lichtsensor, Game Bar, Tuned by Devialet",https://www.amazon.de/dp/B0GYZ753CY,85.0,1179.0,1179.0,EUR,1179.0,Amazon,DE,2026-09-03T08:56:51Z,B0GYZ753CY,,,,,
Hisense,"Hisense 98E7Q Fernseher, 98 Zoll, 2480 Mm, 4K UHD QLED, Smart TV, 144Hz Game Mode PRO, AI 4K Upscaler, Smoothmotion, Lichtsensor, Colour, Dolby Vision Atmos, Sprachsteuerung, EZPlay",https://www.amazon.de/dp/B0FQ68967J,98.0,1649.0,1649.0,EUR,1649.0,Amazon,DE,2026-09-03T08:56:51Z,B0FQ68967J,,,,,
Xiaomi,"XIAOMI TV S Mini LED 75 Zoll (191 cm), 4K UHD Smart TV, HDR10+, Google TV | 144Hz (240Hz Game Boost Mode), Dolby Atmos & Vision, HDR10+, Triple Tuner, DVB-C/S/S2/T/T2, Google TV, MEMC, Airplay",https://www.amazon.de/dp/B0DJM9RT2C,75.0,799.0,799.0,EUR,799.0,Amazon,DE,2026-09-03T08:56:51Z,B0DJM9RT2C,,,,,
Xiaomi,"XIAOMI TV MAX 85 Zoll (216 cm) QLED 4K UHD Smart TV, Dolby Atmos & Vision | 144Hz (240Hz Game Boost Mode), Dolby Atmos & Vision, HDR10+, Triple Tuner, DVB-C/S/S2/T/T2, Google TV, MEMC, Airplay",https://www.amazon.de/dp/B0DJM9QBTR,85.0,999.0,999.0,EUR,999.0,Amazon,DE,2026-09-03T08:56:51Z,B0DJM9QBTR,,,,,
TCL,"TCL 55P739 55 Zoll Fernseher, 4K HDR, Ultra HD, Smart TV Powered by Google TV, Rahmenloses Design (Dolby Vision & Atmos, Freihändige Sprachsteuerung, Kompatibel mit Google Assistant & Alexa)",https://www.amazon.de/dp/B09XB3Q6BP,55.0,,,,,Amazon,DE,2026-09-03T08:56:51Z,B09XB3Q6BP,,,,,
TCL,"TCL 75"" A400U 4K QD Mini-LED Fernseher, 720 Dimmzonen, 2500 Nits, 288 Hz VRR, Google TV",https://www.amazon.de/dp/B0H3KVDTPX,75.0,1398.0,1398.0,EUR,1398.0,Amazon,DE,2026-09-03T08:56:51Z,B0H3KVDTPX,,,,,
TCL,"TCL 127,7 cm (50 Zoll) P6K LED 4K UHD HDR Smart TV | Google TV, 60Hz, HDR 10, AiPQ Prozessor, Dolby Audio, MEMC, HDMI 2.1, Bluetooth 5.2, WiFi 5, Lünettenloses Design (50P6K - Modell 2025)",https://www.amazon.de/dp/B0F7RSYNY9,50.0,407.62,407.62,EUR,407.62,Amazon,DE,2026-09-03T08:56:51Z,B0F7RSYNY9,,,,,
TCL,"TCL HD 65 Zoll 65P69K Smart TV 4K Ultra, Dolby Audio, DVB-T2, Hevc Main 10, Google TV",https://www.amazon.de/dp/B0FMRX2CQV,65.0,,,,,Amazon,DE,2026-09-03T08:56:51Z,B0FMRX2CQV,,,,,
TCL,TCL 50P61B - Smart Fernseher TV 50 Zoll 4K Klasse F Titan,https://www.amazon.de/dp/B0DGQ9SC5M,50.0,,,,,Amazon,DE,2026-09-03T08:56:51Z,B0DGQ9SC5M,,,,,
TCL,"TCL 50C639 50 Zoll (126cm) QLED Fernseher, 4K UHD, Smart TV, Google TV, HDR Premium, 60Hz Motion Clarity, Dolby Vision & Atmos, 2.0 ONKYO Sound, Sprachsteuerung, Metallgehäuse, Alexa kompatibel",https://www.amazon.de/dp/B09XQLH785,50.0,475.05,475.05,EUR,475.05,Amazon,DE,2026-09-03T08:56:51Z,B09XQLH785,,,,,
TCL,"TCL 65C745, Fernseher 165,1 cm (65 Zoll),120 Hz, 3840 x 2160 Pixel, QLED, Smart-TV, WLAN, Schwarz, Quantum dot",https://www.amazon.de/dp/B0CFJNXC5Q,65.0,,,,,Amazon,DE,2026-09-03T08:56:51Z,B0CFJNXC5Q,,,,,
TCL,"TCL LED-Mini-TV C6K Pro 4K QD, 144 Hz, HDR, Dolby Vision, Google TV, Google Assistant",https://www.amazon.de/dp/B0H3KSHN8P,55.0,634.49,634.49,EUR,634.49,Amazon,DE,2026-09-03T08:56:51Z,B0H3KSHN8P,,,,,
TCL,TCL TV 43S5K (2025) 43 Zoll QLED FHD,https://www.amazon.de/dp/B0H2ZQ3KLF,43.0,342.88,342.88,EUR,342.88,Amazon,DE,2026-09-03T08:56:51Z,B0H2ZQ3KLF,,,,,
TCL,"TCL 55C61B - Smart TV 55 Zoll QLED 4K DVB-T2 H.264, H.265 Klasse F Titan",https://www.amazon.de/dp/B0DGQCDCFV,55.0,538.99,538.99,EUR,538.99,Amazon,DE,2026-09-03T08:56:51Z,B0DGQCDCFV,,,,,
TCL,"TCL U55S7906 140 cm (55 Zoll) Fernseher (Ultra HD, Triple Tuner, Smart TV)",https://www.amazon.de/dp/B01BGRWIZA,55.0,580.0,580.0,EUR,580.0,Amazon,DE,2026-09-03T08:56:51Z,B01BGRWIZA,,,,,
TCL,"TCL 55C69K TVC 55"" 4K MINILED 144HZ GOOGLE SAT/AUDIO ONKYO 2.0",https://www.amazon.de/dp/B0F7XPY5FF,55.0,613.1,613.1,EUR,613.1,Amazon,DE,2026-09-03T08:56:51Z,B0F7XPY5FF,,,,,
TCL,"TCL 75"" P81K 4K QLED TV - Google TV, 120Hz, Dolby Vision, AI-Bildverbesserung, HDR, Ultra HD",https://www.amazon.de/dp/B0H3KJN663,75.0,1652.75,1652.75,EUR,1652.75,Amazon,DE,2026-09-03T08:56:51Z,B0H3KJN663,,,,,
TCL,"TCL 43P610 LED Fernseher 43 Zoll (108 cm) Smart TV (4K UHD, HDR 10, Netflix, YouTube, Micro dimming, Dolby Audio, T-cast, schmales Design) Schwarz",https://www.amazon.de/dp/B08H2FFRCZ,43.0,461.99,461.99,EUR,461.99,Amazon,DE,2026-09-03T08:56:51Z,B08H2FFRCZ,,,,,
Hisense,"Hisense 55S7NQ 139 cm (55 Zoll) Canvas TV, 4K QLED, Wide Color Gamut, Dolby Vision IQ, 144 Hz, DVB-T2/T/C/S2/S Tuner, Wifi, HDMI 2.1, HLG, HDR10/HDR10+ Adaptive, VIDAA, Alexa Built-in, Filmmaker Modus",https://www.amazon.de/dp/B0DPMYKRT5,55.0,,,,,Amazon,DE,2026-09-03T08:56:51Z,B0DPMYKRT5,,,,,
TCL,TCL TELEVISIÓN DLED 50 50P631 Google-TV 4K UHD,https://www.amazon.de/dp/B0BWGZH9Y3,50.0,807.16,807.16,EUR,807.16,Amazon,DE,2026-09-03T08:56:51Z,B0BWGZH9Y3,,,,,
TCL,TCL 32FHD7900X1 LCD-LED Fernseher,https://www.amazon.de/dp/B0FQWDX74P,32.0,572.99,572.99,EUR,572.99,Amazon,DE,2026-09-03T08:56:51Z,B0FQWDX74P,,,,,
TCL,"98QLED780-TCL QLED780 Series TV 2,49 m (98 Zoll) 4K Ultra HD Smart TV schwarz 450 CD/m²",https://www.amazon.de/dp/B0DZ278SHL,98.0,,,,,Amazon,DE,2026-09-03T08:56:51Z,B0DZ278SHL,,,,,
Hisense,"Hisense 32E4DS Fernseher 32 Zoll, 4K FHD Smart TV, Hi-View AI Engine, 60Hz Game Mode, Natural Colour Enhancer, Dolby Audio, DTS Virtual: X, Rauschunterdrückung, Airplay [2026]",https://www.amazon.de/dp/B0GT9QKMRM,32.0,159.99,159.99,EUR,159.99,Amazon,DE,2026-09-03T08:56:51Z,B0GT9QKMRM,,,,,
Hisense,"Hisense 43E7DS Fernseher 43 Zoll, 4K UHD QLED, Smart TV, Hi View AI Engine, 60Hz Game Mode Plus, Dolby Vision IQ, QLED Colour, Filmmaker, Smooth Motion, Airplay, Sprachsteuerung, 2026",https://www.amazon.de/dp/B0GM1NJDDK,43.0,269.0,269.0,EUR,269.0,Amazon,DE,2026-09-03T08:56:51Z,B0GM1NJDDK,,,,,
Hisense,"Hisense 40E4DS Fernseher 40 Zoll, 4K FHD Smart TV, Hi-View AI Engine, 60Hz Game Mode, Natural Colour Enhancer, Dolby Audio",https://www.amazon.de/dp/B0GTB317ZL,40.0,199.0,199.0,EUR,199.0,Amazon,DE,2026-09-03T08:56:51Z,B0GTB317ZL,,,,,
Hisense,"Hisense 65E7DS Fernseher 65 Zoll, 4K UHD QLED, Smart TV, Hi View AI Engine, 60Hz Game Mode Plus, Dolby Vision IQ, QLED Colour, Filmmaker, Smooth Motion, Airplay, Sprachsteuerung, 2026",https://www.amazon.de/dp/B0GM1NNY7D,65.0,499.0,499.0,EUR,499.0,Amazon,DE,2026-09-03T08:56:51Z,B0GM1NNY7D,,,,,
Hisense,"Hisense 65U7DS PRO Fernseher 65 Zoll, 4K UHD, Hi QLED Mini LED, Smart TV, 165 Hz, View AI Engine, IMAX Enhanced, RGB Lichtsensor, Dolby Vision Atmos, Unibody Slim, FreeSync Premium, 2026",https://www.amazon.de/dp/B0GTW4292Z,65.0,379.99,379.99,EUR,379.99,Amazon,DE,2026-09-03T08:56:51Z,B0GTW4292Z,,,,,
Hisense,"Hisense 32A5DS Fernseher 32 Zoll, FHD, QLED, Smart TV, 60Hz, Hi-QLED Colour, Dolby Atmos, Game Mode, Noise Reduction, Hohe Kontraste, Share to TV, HDR10, VIDAA OS",https://www.amazon.de/dp/B0GYZMPVXG,32.0,199.99,199.99,EUR,199.99,Amazon,DE,2026-09-03T08:56:51Z,B0GYZMPVXG,,,,,
Hisense,"Hisense 50E8DS Fernseher 50 Zoll, 4K UHD, Hi-QLED Mini LED, Smart TV, 144Hz, Hi-View AI Engine, Dolby Vision.Atmos, Unibody Slim, FreeSync Premium, AI-Lichtsensor, Game Bar, Tuned by Devialet",https://www.amazon.de/dp/B0GYYXRNL8,50.0,469.99,469.99,EUR,469.99,Amazon,DE,2026-09-03T08:56:51Z,B0GYYXRNL8,,,,,
Hisense,"Hisense 32A5Q Fehrnseher, 32 Zoll, 2K QLED, Smart TV, Game Mode, AI Sports Mode, Dolby Atmos, Dolby MS12, DTS X, HDR10, HLG, Full HD, High Contrast, Rauschunterdrückung [2025]",https://www.amazon.de/dp/B0F2MZRGGH,32.0,205.99,205.99,EUR,205.99,Amazon,DE,2026-09-03T08:56:51Z,B0F2MZRGGH,,,,,
Hisense,"Hisense TV 43E7S (2026) 43"" VA QLED 4K UHD Preta",https://www.amazon.de/dp/B0GND85Y1P,43.0,,,,,Amazon,DE,2026-09-03T08:56:51Z,B0GND85Y1P,,,,,
Hisense,"Hisense 100U7DSE Fernseher 100 Zoll, 4K UHD, Hi-QLED Mini LED, Smart TV, 165Hz, Hi-View AI Engine Pro, IMAX Enhanced, AI Lichtsensor, Dolby Vision.Atmos, Tuned by DeVialet, FreeSync Premium [2026]",https://www.amazon.de/dp/B0GTW3MG91,100.0,2219.0,2219.0,EUR,2219.0,Amazon,DE,2026-09-03T08:56:51Z,B0GTW3MG91,,,,,
Hisense,"Hisense 55U7DS PRO Fernseher 55 Zoll, 4K UHD, Hi QLED Mini LED, Smart TV, 165 Hz, View AI Engine, IMAX Enhanced, RGB Lichtsensor, Dolby Vision Atmos, Unibody Slim, FreeSync Premium, 2026",https://www.amazon.de/dp/B0GTW3RM81,55.0,849.0,849.0,EUR,849.0,Amazon,DE,2026-09-03T08:56:51Z,B0GTW3RM81,,,,,
Hisense,"Hisense 65E7DS PRO Fernseher 65 Zoll, 4K UHD QLED, Smart TV, Hi Concerto, 144Hz Game Mode, QLED Colour, Dolby Vision, Atmos, Filmmaker, Audio, DTS Virtual, X, FreeSync Premium, 2026",https://www.amazon.de/dp/B0GTWCGQRP,65.0,599.99,599.99,EUR,599.99,Amazon,DE,2026-09-03T08:56:51Z,B0GTWCGQRP,,,,,
Hisense,"Hisense 40A5DS Fernseher 40 Zoll, FHD, QLED, Smart TV, 60Hz, Hi-QLED Colour, Dolby Atmos, Game Mode, Noise Reduction, Hohe Kontraste, Share to TV, HDR10, VIDAA OS",https://www.amazon.de/dp/B0GYZC9GRT,40.0,399.99,399.99,EUR,399.99,Amazon,DE,2026-09-03T08:56:51Z,B0GYZC9GRT,,,,,
Hisense,"Hisense 65E7Q PRO Fehrnseher,65 Zoll, 4K UHD QLED, Smart TV,144Hz Game Mode PRO,Filmaker Mode, AMD FreeSync Premium,AI HDR Upscaler,Dolby Vision IQ,Dolby Atmos,Sprachsteuerung [2025]",https://www.amazon.de/dp/B0F1N62VSW,65.0,655.56,655.56,EUR,655.56,Amazon,DE,2026-09-03T08:56:51Z,B0F1N62VSW,,,,,
Hisense,"Hisense 65UR8DS Fernseher 65 Zoll, 4K UHD, RGB Mini LED, Smart TV, 180Hz, Hi-View AI Engine RGB, Dolby Vision.Atmos, AI RGB Lichtsensor, AI 4K Upscaler, AMD FreeSync Premium Pro, Tuned by Devialet",https://www.amazon.de/dp/B0H2YNKM7X,65.0,1099.0,1099.0,EUR,1099.0,Amazon,DE,2026-09-03T08:56:51Z,B0H2YNKM7X,,,,,
Hisense,"Hisense 40A5S LED-TV 40 Zoll (102 cm) Full HD, Smart TV VIDAA U7.6, USB-C Port (Mobile to TV), Dolby Audio & DTS HD, Bluetooth, WLAN, schwarz",https://www.amazon.de/dp/B0GJ5WRCG2,40.0,224.99,224.99,EUR,224.99,Amazon,DE,2026-09-03T08:56:51Z,B0GJ5WRCG2,,,,,
Hisense,"Hisense 75U7DSE Fernseher 75 Zoll, 4K UHD, Hi-QLED Mini LED, Smart TV, 144Hz, Hi-View AI Engine, IMAX Enhanced, AI Lichtsensor, Dolby Vision.Atmos, Tuned by DeVialet, FreeSync Premium Pro [2026]",https://www.amazon.de/dp/B0GTVXDJ2B,75.0,1099.0,1099.0,EUR,1099.0,Amazon,DE,2026-09-03T08:56:51Z,B0GTVXDJ2B,,,,,
Hisense,"Hisense 50E7S - QLED Smart TV 50 Zoll, Hi-QLED Color, Dolby Vision.Atmos, 4K IA Treppe, Smooth Motion IA, Gaming-Modus Plus, Dolby Vision IQ, HDR10+Adaptive",https://www.amazon.de/dp/B0GNDPWJV8,50.0,319.0,319.0,EUR,319.0,Amazon,DE,2026-09-03T08:56:51Z,B0GNDPWJV8,,,,,
Hisense,"Hisense 40A5NQ 101cm (40 Zoll) QLED Fernseher Full HD, Smart TV, Triple Tuner, AI Sports Mode, Dolby Atmos, Share to TV, Duale Positionierung, WiFi, Game & Hotel Modus, Schwarz [2024]",https://www.amazon.de/dp/B0CXTFTHCR,40.0,278.98,278.98,EUR,278.98,Amazon,DE,2026-09-03T08:56:51Z,B0CXTFTHCR,,,,,
Hisense,"Hisense 43A6S TV 2026 4K UHD 43 Zoll (108 cm), Smart TV HomeOS U9.5, Dolby | 4K IA Kletterer, Smooth Motion IA, Gaming-Modus Plus, Dolby Vision, Sprachsteuerung",https://www.amazon.de/dp/B0GJFM3F7P,43.0,269.0,269.0,EUR,269.0,Amazon,DE,2026-09-03T08:56:51Z,B0GJFM3F7P,,,,,
Hisense,"Hisense 65E7NQ Pro 164 cm (65 Zoll) Fernseher, 4K UHD, QLED, Smart TV, Total HDR, Dolby Vision IQ Atmos, 144Hz (VRR), HDMI 2.1, Game Mode PRO, Triple Tuner, Alexa Built-In, Dunkelgrau, [2024]",https://www.amazon.de/dp/B0CYQ2XDYQ,65.0,764.54,764.54,EUR,764.54,Amazon,DE,2026-09-03T08:56:51Z,B0CYQ2XDYQ,,,,,
Hisense,"Hisense 55E7S Pro – QLED TV 55 Zoll (139 cm), 4K UHD, 144 Hz Nativ, Dolby Vision IQ & Atmos, HDMI 2.1, FreeSync Premium, Smart TV VIDAA U9.5, integrierte Alexa Sprachsteuerung, Modell 2026",https://www.amazon.de/dp/B0GR7DTKP8,55.0,459.0,459.0,EUR,459.0,Amazon,DE,2026-09-03T08:56:51Z,B0GR7DTKP8,,,,,
Hisense,"Hisense 65E89Q Fernseher, 65 Zoll (164cm), 4K ULED Mini LED, Smart TV, 144Hz Game Mode PRO, Hi-View AI Engine, AI Smoothmotion, Built-in Subwoofer, Dolby Vision.Atmos, Filmmaker Mode, Hi-Concerto",https://www.amazon.de/dp/B0G5QGGKPR,65.0,848.0,848.0,EUR,848.0,Amazon,DE,2026-09-03T08:56:51Z,B0G5QGGKPR,,,,,
Hisense,"Hisense TV 65E7S (2026) 65"" VA QLED 4K UHD Preta",https://www.amazon.de/dp/B0GNF76F8J,65.0,498.0,498.0,EUR,498.0,Amazon,DE,2026-09-03T08:56:51Z,B0GNF76F8J,,,,,
Hisense,"Hisense 55U7SE TV Mini-LED 4K 55 Zoll (139 cm) – Serie U7 2026 – QLED, 144 Hz (HSR 240 Hz), 1300 Nits, 192 Zonen, VA Kontrast 5000:1",https://www.amazon.de/dp/B0GKPVQ86Z,55.0,579.0,579.0,EUR,579.0,Amazon,DE,2026-09-03T08:56:51Z,B0GKPVQ86Z,,,,,
Hisense,"Hisense 58E7Q Fehrnseher, 58 Zoll, QLED&DLED, Smart TV, Game Mode Plus, Filmaker Mode, Dolby Vision Atmos, HDR10, HLG, 4K HDR Immersive, AI 4K Upscaler, Dolby MS12, DTS X, Sprachsteuerung [2025]",https://www.amazon.de/dp/B0F9YWJ5MT,58.0,549.99,549.99,EUR,549.99,Amazon,DE,2026-09-03T08:56:51Z,B0F9YWJ5MT,,,,,
Hisense,"Hisense 65A85Q 164cm (65 Zoll) Fernseher, 4K UHD OLED Smart TV,120Hz, HDMI 2.1, Game Mode Pro, AMD FreeSync Premium, Dolby Vision IQ & Atmos, Bluetooth, Alexa Built-in, Schwarz, [2025]",https://www.amazon.de/dp/B0FKGR14TB,65.0,1079.0,1079.0,EUR,1079.0,Amazon,DE,2026-09-03T08:56:51Z,B0FKGR14TB,,,,,
Hisense,"Hisense 65E7S Pro – QLED Gaming TV 65 Zoll (164 cm), 4K UHD, 144 Hz Nativ, Dolby Vision IQ & Atmos, HDMI 2.1, FreeSync Premium, Smart TV VIDAA U9.5, integrierte Alexa Sprachsteuerung [Modell 2026]",https://www.amazon.de/dp/B0GR6XCQMY,65.0,655.56,655.56,EUR,655.56,Amazon,DE,2026-09-03T08:56:51Z,B0GR6XCQMY,,,,,
Hisense,"Hisense 40A4S LED-TV, 40 Zoll (102 cm), Full HD, Smart TV, VIDAA, Dolby Audio & DTS HD, WLAN, Bluetooth, randloses Design, Schwarz",https://www.amazon.de/dp/B0GJFC1Q9Z,40.0,,,,,Amazon,DE,2026-09-03T08:56:51Z,B0GJFC1Q9Z,,,,,
Hisense,"Hisense 65U7Q Pro Fernseher 65 Zoll, 4K Mini LED, Smart TV, Hi-View AI Engine Pro, 165Hz Game Mode Ultra, FreeSync Premium Pro, 2.1.2 ch. Surround Sound, Dolby Vision IQ Atmos, Sprachsteuerung [2025]",https://www.amazon.de/dp/B0F24FL4CL,65.0,,,,,Amazon,DE,2026-09-03T08:56:51Z,B0F24FL4CL,,,,,
Hisense,"Hisense 65U7SE TV Mini-LED 4K 65 Zoll (164 cm) QLED 144 Hz 1400 Nits 260 | Dolby Atmos 2.1 By Devialet, Dolby Vision IQ, HDR10+, VIDAA OS, Alexa, lativù 4K, Wifi, BT, Airplay2, Modell 2026",https://www.amazon.de/dp/B0GKPTBTNP,65.0,779.0,779.0,EUR,779.0,Amazon,DE,2026-09-03T08:56:51Z,B0GKPTBTNP,,,,,
Hisense,"Hisense Smart TV 40 Zoll 40A4N – Full HD 60 Hz, Sport IA, Dolby Audio, VIDAA OS mit YouTube, Netflix, K +",https://www.amazon.de/dp/B0CZX3GM3F,40.0,270.82,270.82,EUR,270.82,Amazon,DE,2026-09-03T08:56:51Z,B0CZX3GM3F,,,,,
Hisense,"Hisense 75E7S Pro – QLED Gaming TV 75 Zoll (189 cm), 4K UHD, 144 Hz Nativ, Dolby Vision IQ & Atmos, HDMI 2.1, FreeSync Premium, Smart TV VIDAA U9.5, integrierte Alexa Sprachsteuerung, Modell 2026",https://www.amazon.de/dp/B0GR6SXXNM,75.0,799.0,799.0,EUR,799.0,Amazon,DE,2026-09-03T08:56:51Z,B0GR6SXXNM,,,,,
Hisense,"Hisense 75E7NQ 189 cm (75 Zoll) Fernseher, 4K UHD, QLED, HDR10, HDR10+ decoding, HLG, Dolby Vision Atmos, 60Hz Panel, Smooth Motion, Bluetooth, Alexa Built-in, VIDAA Voice, Schwarz [2024]",https://www.amazon.de/dp/B0CXTK5666,75.0,856.41,856.41,EUR,856.41,Amazon,DE,2026-09-03T08:56:51Z,B0CXTK5666,,,,,
Hisense,"Hisense 75E7NQ Pro 189 cm (75 Zoll) Fernseher, 4K UHD, QLED, Smart TV, Total HDR, Dolby Vision IQ Atmos, 144Hz (VRR), HDMI 2.1, Game Mode PRO, Triple Tuner, Alexa Built-In, Dunkelgrau, [2024]",https://www.amazon.de/dp/B0CXTNC3TZ,75.0,958.8,958.8,EUR,958.8,Amazon,DE,2026-09-03T08:56:51Z,B0CXTNC3TZ,,,,,
Hisense,"Hisense 55E7NQ 139 cm (55 Zoll) Fernseher, 4K UHD, QLED, HDR10, HDR10+ decoding, HLG, Dolby Vision Atmos, 60Hz Panel, Smooth Motion, Bluetooth, Alexa Built-in, VIDAA Voice, Schwarz [2024]",https://www.amazon.de/dp/B0CXTKWMZK,55.0,,,,,Amazon,DE,2026-09-03T08:56:51Z,B0CXTKWMZK,,,,,
Hisense,"Hisense 65E8S 164cm 65"" 4K UHD Mini LED Smart TV Fernseher (65E8S)",https://www.amazon.de/dp/B0GQF24H9M,65.0,791.78,791.78,EUR,791.78,Amazon,DE,2026-09-03T08:56:51Z,B0GQF24H9M,,,,,
Hisense,"Hisense 65E6KT 164cm (65 Zoll) Fernseher, 4K UHD, HDR, Dolby Vision, Triple Tuner, Smart-TV, Bluetooth, WiFi, Alexa Built-In, DTS Virtual X, Hotel Mode, Schwarz [2023]",https://www.amazon.de/dp/B0C1C64DP2,65.0,549.0,549.0,EUR,549.0,Amazon,DE,2026-09-03T08:56:51Z,B0C1C64DP2,,,,,
Hisense,"Hisense Smart TV 50 Zoll 50A6N 4K UHD, Dolby Vision, HDR, VIDAA mit YouTube, Netflix, Disney+, Canal + (Modell 2024)",https://www.amazon.de/dp/B0CZWTSGZX,50.0,,,,,Amazon,DE,2026-09-03T08:56:51Z,B0CZWTSGZX,,,,,
Hisense,"Hisense 75U7SE TV Mini-LED 4K 75 Zoll (189 cm) – Serie 2026 – QLED, 144 Hz, Pic 1400 Nits, 320 Zonen, ADS Wide View, IMAX Enhanced, Game Mode Pro, HDMI 2.1",https://www.amazon.de/dp/B0GKPMTBMC,75.0,1059.0,1059.0,EUR,1059.0,Amazon,DE,2026-09-03T08:56:51Z,B0GKPMTBMC,,,,,
Hisense,"Hisense 50U7SE TV Mini-LED 4K 50 Zoll (126 cm) – Serie U7 2026 – QLED, 144 Hz Nativ, 1300 Nits, 144 Zonen, 2.1 Devialet Sound",https://www.amazon.de/dp/B0GKQ1371K,50.0,549.0,549.0,EUR,549.0,Amazon,DE,2026-09-03T08:56:51Z,B0GKQ1371K,,,,,
Hisense,"Hisense 65A6S – TV 4K UHD 65 Zoll (164 cm), Smart TV HomeOS U9.5, Dolby Vision HDR, Game Mode Plus (VRR 60 Hz), DTS Virtual:X, Alexa integriert, Schwarz",https://www.amazon.de/dp/B0GJF87VQ6,65.0,509.0,509.0,EUR,509.0,Amazon,DE,2026-09-03T08:56:51Z,B0GJF87VQ6,,,,,
Hisense,"Hisense 75A7Q QLED Smart TV, 190 cm (75 Zoll), sanfte Bewegungen IA, Dolby Vision, Dolby Atmos, integrierter Subwoofer, Spielmodus Plus, Sportmodus, Bluetooth & HDMI 2.1, Sprachsteuerung Alexa",https://www.amazon.de/dp/B0F2T44B26,75.0,715.0,715.0,EUR,715.0,Amazon,DE,2026-09-03T08:56:51Z,B0F2T44B26,,,,,
Samsung,"FPD 43 Zoll Smart TV 1080p Full HD Fernseher Tizen OS Flachbildfernseher | 350+ kostenlose Samsung TV Plus Sender, Dolby Audio, HDR10, Gaming Hub Cloudspiele, SmartThings Steuerung, MiracastProjektion",https://www.amazon.de/dp/B0F32KWFQW,43.0,213.99,213.99,EUR,213.99,Amazon,DE,2026-09-03T08:56:51Z,B0F32KWFQW,,,,,
Toshiba,"Toshiba 43 Zoll Fernseher Fire TV (4K UHD Smart TV, HDR Dolby Vision, Triple-Tuner, Alexa Built-In, Sound by Onkyo) 43UF3F63DAZ",https://www.amazon.de/dp/B0DCZ8S7KW,43.0,279.99,279.99,EUR,279.99,Amazon,DE,2026-09-03T08:56:51Z,B0DCZ8S7KW,,,,,
Hisense,"Hisense 55 Zoll 55A6N 4K UHD Dolby Vision HDR VIDAA Smart TV mit YouTube, Netflix, Disney+, Channel + (2024 Modell)",https://www.amazon.de/dp/B0CZWTBDW6,55.0,,,,,Amazon,DE,2026-09-03T08:56:51Z,B0CZWTBDW6,,,,,
Hisense,Hisense TV 55U7S Pro (2026) 55 Zoll Mini-LED Pro Hi-QLED UHD 4K,https://www.amazon.de/dp/B0GT2MQNKD,55.0,799.0,799.0,EUR,799.0,Amazon,DE,2026-09-03T08:56:51Z,B0GT2MQNKD,,,,,
Hisense,"Hisense 81,3 cm (32 Zoll) S5 DécoTV Serie QLED FHD Smart Fire TV (32S5QF, Modell 2025) – vielseitige Passform, Hi-QLED-Farbe, kunstinspiriertes Design, flüssiger zentraler Ständer, DTS Virtual: X",https://www.amazon.de/dp/B0FXMWY914,32.0,319.43,319.43,EUR,319.43,Amazon,DE,2026-09-03T08:56:51Z,B0FXMWY914,,,,,
Hisense,"Hisense 58A6S TV 2026 4K UHD 58 Zoll (146 cm), Smart TV HomeOS U9.5, Dolby Vision HDR, Game Mode Plus (VRR 60 Hz), DTS Virtual:X, Alexa integriert, Schwarz",https://www.amazon.de/dp/B0GJFLN5QB,58.0,,,,,Amazon,DE,2026-09-03T08:56:51Z,B0GJFLN5QB,,,,,
Hisense,"Hisense 85E7S PRO 215cm 85"" 4K QLED Smart TV Fernseher (85E7S PRO)",https://www.amazon.de/dp/B0GR6KRXBJ,85.0,1179.0,1179.0,EUR,1179.0,Amazon,DE,2026-09-03T08:56:51Z,B0GR6KRXBJ,,,,,
Hisense,"Hisense 75E7KQ PRO 189cm (75 Zoll) Fernseher, 4K UHD, QLED, Smart TV, HDR, Dolby Vision IQ, 144Hz (VRR), HDMI 2.1, Game Mode PRO, Triple Tuner, Alexa Built-In, Dolby Atmos, Dunkelgrau [2023]",https://www.amazon.de/dp/B0C43WS8C4,75.0,1149.99,1149.99,EUR,1149.99,Amazon,DE,2026-09-03T08:56:51Z,B0C43WS8C4,,,,,
Hisense,"Hisense Bundle of 75E7NQ Pro 189 cm (75 Zoll) Fernseher, 4K UHD, QLED, Smart TV, Total HDR, Dolby Vision IQ Atmos, 144Hz (VRR), HDMI 2.1, Game Mode PRO, Triple Tuner HS3100",https://www.amazon.de/dp/B0D9617CYJ,75.0,1077.8,1077.8,EUR,1077.8,Amazon,DE,2026-09-03T08:56:51Z,B0D9617CYJ,,,,,
Hisense,"Hisense Bundle 43E7DS Fernseher 43 Zoll, 4K UHD QLED, Smart TV, 2026 + HS2000, 2.1 Kanal Soundbar, Visual Built-in subwoofer, 240W max Audio Power,Dolby Audio, DTS Virtual:X, TV Mode, EzPlay",https://www.amazon.de/dp/B0HF484QD1,43.0,348.0,348.0,EUR,348.0,Amazon,DE,2026-09-03T08:56:51Z,B0HF484QD1,,,,,
Xiaomi,"XIAOMI TV S Mini LED 65 Zoll (165 cm), 4K UHD Smart TV, HDR10+, Google TV | 144Hz (240Hz Game Boost Mode), Dolby Atmos & Vision, HDR10+, Triple Tuner, DVB-C/S/S2/T/T2, Google TV, MEMC, Airplay",https://www.amazon.de/dp/B0DJMBJPXN,65.0,599.0,599.0,EUR,599.0,Amazon,DE,2026-09-03T08:56:51Z,B0DJMBJPXN,,,,,
Hisense,"Hisense 65U6KQ 164 cm (65 Zoll) Fernseher 4K Mini LED ULED HDR Smart TV, Quantum Dot, 60Hz, HDMI 2.0, Game Mode Plus, Dolby Vision & Atmos, Bluetooth, Alexa Built-in, anthrazit [2023], Schwarz",https://www.amazon.de/dp/B0C5Y4QZ4F,65.0,,,,,Amazon,DE,2026-09-03T08:56:51Z,B0C5Y4QZ4F,,,,,
Hisense,"Hisense 55A7NQ, 139,7 cm (55 Zoll), 3840 x 2160 Pixel, QLED, Smart-TV, WLAN, Grau",https://www.amazon.de/dp/B0D53B9SGR,55.0,461.16,461.16,EUR,461.16,Amazon,DE,2026-09-03T08:56:51Z,B0D53B9SGR,,,,,
Hisense,"Hisense 43E7S PRO 108cm 43"" 4K QLED Smart TV Fernseher (43E7S PRO)",https://www.amazon.de/dp/B0GR5RW1P2,43.0,,,,,Amazon,DE,2026-09-03T08:56:51Z,B0GR5RW1P2,,,,,
Hisense,"Hisense 55A79NQ - Smart TV, 55 Zoll, 4K, DVB-T2, HEVC(H.265), Schwarz",https://www.amazon.de/dp/B0DJT1VKW2,55.0,,,,,Amazon,DE,2026-09-03T08:56:51Z,B0DJT1VKW2,,,,,
Hisense,"Hisense 55A7KQ Fernseher 139,7 cm (55 Zoll) 4K Ultra HD Smart-TV WiFi Schwarz, Betriebsystem VIDAA U",https://www.amazon.de/dp/B0C43TVGB2,55.0,449.0,449.0,EUR,449.0,Amazon,DE,2026-09-03T08:56:51Z,B0C43TVGB2,,,,,
Hisense,"Hisense 75E77NQ UHD-Fernseher 191 cm (75""""), 3840×2160",https://www.amazon.de/dp/B0CZXP11SJ,75.0,997.89,997.89,EUR,997.89,Amazon,DE,2026-09-03T08:56:51Z,B0CZXP11SJ,,,,,
Hisense,"Hisense 55E8S 139cm 55"" 4K UHD Mini LED Smart TV Fernseher (55E8S)",https://www.amazon.de/dp/B0GQDXNH3L,55.0,649.15,649.15,EUR,649.15,Amazon,DE,2026-09-03T08:56:51Z,B0GQDXNH3L,,,,,
Hisense,Hisense 43E78HQ 43 Zoll QLED 4K STV 3 x HDMi 2 x USB Wi,https://www.amazon.de/dp/B0B12RV1RK,43.0,,,,,Amazon,DE,2026-09-03T08:56:51Z,B0B12RV1RK,,,,,
Hisense,"Hisense Bundle 65E7DS Fernseher 65 Zoll, 4K UHD QLED, Smart TV, 2026 HS1000, 2.0 Kanal Soundbar, 120W max Audio Power, Dolby Audio, DTS Virtual:X, Voice Enhanced, TV Mode, EzPlay",https://www.amazon.de/dp/B0HF4QWVXZ,65.0,561.0,561.0,EUR,561.0,Amazon,DE,2026-09-03T08:56:51Z,B0HF4QWVXZ,,,,,
Hisense,"Hisense Bundle 65E7DS Fernseher 65 Zoll, 4K UHD QLED, Smart TV, 2026 + HS2000, 2.1 Kanal Soundbar, Visual Built-in subwoofer, 240W max Audio Power,Dolby Audio, DTS Virtual:X, TV Mode, EzPlay",https://www.amazon.de/dp/B0HF49PMPY,65.0,578.0,578.0,EUR,578.0,Amazon,DE,2026-09-03T08:56:51Z,B0HF49PMPY,,,,,
Hisense,"Hisense Bundle 43E7DS PRO Fernseher 43 Zoll, 4K UHD QLED, Smart TV, Hi-Concerto, 144Hz Game Mode, + HS2100, 2.1 Kanal Soundbar, 240W, Dolby Audio, DTS Virtual:X, Ultra-Slim Wireless subwoofer",https://www.amazon.de/dp/B0H87H169F,43.0,468.99,468.99,EUR,468.99,Amazon,DE,2026-09-03T08:56:51Z,B0H87H169F,,,,,
Hisense,"Hisense Bundle 75E7DS PRO Fernseher 75 Zoll, 4K UHD QLED, Smart TV, Hi-Concerto, 144Hz Game Mode [2026] + HS2100, 2.1 Kanal Soundbar, 240W,Dolby Audio, DTS Virtual:X, Ultra-Slim Wireless subwoofer",https://www.amazon.de/dp/B0H87Q8V42,75.0,988.0,988.0,EUR,988.0,Amazon,DE,2026-09-03T08:56:51Z,B0H87Q8V42,,,,,
Hisense,"Hisense Bundle 85E7DS PRO Fernseher 85 Zoll, 4K UHD QLED, Smart TV, Hi-Concerto, 144Hz Game Mode[2026] + HS2100, 2.1 Kanal Soundbar, 240W,Dolby Audio, DTS Virtual:X, Ultra-Slim Wireless subwoofer",https://www.amazon.de/dp/B0H87RTHCQ,85.0,1238.0,1238.0,EUR,1238.0,Amazon,DE,2026-09-03T08:56:51Z,B0H87RTHCQ,,,,,
Hisense,"Hisense 100U7SE 100 Zoll Mini LED Smart TV, Hi-QLED MiniLED MiniLED Gaming-Modus, 165 Hz nativ, Eingebauter Subwoofer, Hi-View AI Engine Pro, Dolby Vision IQ, Smooth Motion IA, Filmmaker Modus",https://www.amazon.de/dp/B0GR6P7MGV,100.0,2432.02,2432.02,EUR,2432.02,Amazon,DE,2026-09-03T08:56:51Z,B0GR6P7MGV,,,,,
Hisense,"Hisense Bundle 100E7DS PRO Fernseher 100 Zoll, 4K UHD QLED, Smart TV [2026] HS1000 2.0ch Soundbar, 120 W, Dolby Audio, DTS Virtual:X, EzPlay",https://www.amazon.de/dp/B0HF172M89,100.0,1690.75,1690.75,EUR,1690.75,Amazon,DE,2026-09-03T08:56:51Z,B0HF172M89,,,,,
Hisense,"Hisense Bundle 50E7DS PRO Fernseher 50 Zoll, 4K UHD QLED, Smart TV, Hi-Concerto, 144Hz Game Mode + HS2100, 2.1 Kanal Soundbar, 240W,Dolby Audio, DTS Virtual:X, Ultra-Slim Wireless subwoofer",https://www.amazon.de/dp/B0H87FDP3N,50.0,538.99,538.99,EUR,538.99,Amazon,DE,2026-09-03T08:56:51Z,B0H87FDP3N,,,,,
Hisense,"Hisense Bundle 55E7DS PRO Fernseher 55 Zoll, 4K UHD QLED, Smart TV, 2026 + HS2000, 2.1 Kanal Soundbar, Visual Built-in subwoofer, 240W max Audio Power,Dolby Audio, DTS Virtual:X, TV Mode, EzPlay",https://www.amazon.de/dp/B0HF4H3CNX,55.0,563.99,563.99,EUR,563.99,Amazon,DE,2026-09-03T08:56:51Z,B0HF4H3CNX,,,,,
Hisense,"Hisense 65A85H OLED 164cm (65 Zoll) Fernseher, 4K, HDR, Dolby Vision IQ & Atmos, IMAX Enhanced, Filmmaker Mode, 120Hz, Alexa Built-in, Google Assistant, Game Mode Pro, DTS Virtual X, anthrazit [2022 ]",https://www.amazon.de/dp/B0B534DNNM,65.0,1537.13,1537.13,EUR,1537.13,Amazon,DE,2026-09-03T08:56:51Z,B0B534DNNM,,,,,
Hisense,"Hisense Bundle of 43E7DS Fernseher 43 Zoll, 4K UHD QLED, Smart TV, Hi-View AI Engine[2026] + HS2100, 2.1 Kanal Soundbar, 240W max Audio Power,Dolby Audio, DTS",https://www.amazon.de/dp/B0H848LKT9,43.0,358.0,358.0,EUR,358.0,Amazon,DE,2026-09-03T08:56:51Z,B0H848LKT9,,,,,
TCL,"TCL 75V6C 75 Zoll Direct LED TV, 4K HDR Fernseher, Smart TV mithilfe von Google TV (Dolby Audio, Motion Clarity, Kompatibel mit Google Assistant & Alexa)",https://www.amazon.de/dp/B0DV9L8KLJ,75.0,,,,,Amazon,DE,2026-09-03T08:56:51Z,B0DV9L8KLJ,,,,,
Hisense,Hisense Smart TV QLED 50 Zoll 4K 50A7S,https://www.amazon.de/dp/B0GSBQDY7T,50.0,597.5,597.5,EUR,597.5,Amazon,DE,2026-09-03T08:56:51Z,B0GSBQDY7T,,,,,
Hisense,"Hisense 50QS7 50"" QLED 4K UHD Smart-TV Multituner WLAN Dolby Atmos Schwarz",https://www.amazon.de/dp/B0H83625QD,50.0,,,,,Amazon,DE,2026-09-03T08:56:51Z,B0H83625QD,,,,,
Hisense,"Hisense 43S5DQ Deco TV, 108cm (42 Zoll), UHD QLED, HDR10, Dolby Atmos, QLED Colour, 60Hz, DVB-T2+C+S2 Tuner, WiFi, HDMI, Gallerie Mode, Kunst-Inspiriertes Design, Rauschreduzierung, DTS Virtual: X",https://www.amazon.de/dp/B0H5W3KFRV,42.0,474.92,474.92,EUR,474.92,Amazon,DE,2026-09-03T08:56:51Z,B0H5W3KFRV,,,,,
Hisense,HISENSE 50A7K QLED Fernseher 50 Zoll UHD 4K Smart TV,https://www.amazon.de/dp/B0C43WKRTC,50.0,647.09,647.09,EUR,647.09,Amazon,DE,2026-09-03T08:56:51Z,B0C43WKRTC,,,,,
Hisense,"Hisense 65E77Q, QLED-Fernseher - (164 cm (65 Zoll), schwarz, UltraHD/4K, Triple Tuner) [Energieklasse E] (65E77Q)",https://www.amazon.de/dp/B0FVVTHFW3,65.0,,,,,Amazon,DE,2026-09-03T08:56:51Z,B0FVVTHFW3,,,,,
Hisense,"Hisense Bundle 50E7DS Fernseher 50 Zoll, 4K UHD QLED, Smart TV, 2026 HS1000, 2.0 Kanal Soundbar, 120W max Audio Power, Dolby Audio, DTS Virtual:X, Voice Enhanced, TV Mode, EzPlay",https://www.amazon.de/dp/B0HF4JKXVT,50.0,381.0,381.0,EUR,381.0,Amazon,DE,2026-09-03T08:56:51Z,B0HF4JKXVT,,,,,
Hisense,"Hisense Bundle 75E7DS PRO Fernseher 75 Zoll, 4K UHD QLED, Smart TV 2026 HS1000 2.0ch Soundbar, 120 W, Dolby Audio, DTS Virtual:X, EzPlay",https://www.amazon.de/dp/B0HF13PYG3,75.0,961.0,961.0,EUR,961.0,Amazon,DE,2026-09-03T08:56:51Z,B0HF13PYG3,,,,,
Hisense,"Hisense 65A79NQ Smart-TV, 65 Zoll, 4K, DLED, DVB-T2, HEVC(H.265), Schwarz",https://www.amazon.de/dp/B0DJT45V9J,65.0,636.0,636.0,EUR,636.0,Amazon,DE,2026-09-03T08:56:51Z,B0DJT45V9J,,,,,
Hisense,"Hisense 85U7S Pro - Mini LED Pro Smart TV 85 Zoll, Hi-QLED MiniLED Pro, Nativer 165Hz Gaming-Modus, 2.1.2 Surround-Sound, Anti-Glare und Blendfrei, IMAX Enhanced, Dolby Vision IQ, HDR 10+",https://www.amazon.de/dp/B0GT2RHKJX,85.0,2376.2,2376.2,EUR,2376.2,Amazon,DE,2026-09-03T08:56:51Z,B0GT2RHKJX,,,,,
Hisense,"Hisense 100UR8DS Fernseher, 100 Zoll, RGB MiniLED, Smart TV, Hi-View AI Engine RGB, Native 180Hz Game Mode, 4000 Nits Spitzenhelligkeit, 2.1.2 ch. Surround Sound, Imax Enhanced, Dolby Vision Atmos",https://www.amazon.de/dp/B0H3C85RD8,100.0,,,,,Amazon,DE,2026-09-03T08:56:51Z,B0H3C85RD8,,,,,
Hisense,"Hisense Bundle 55E7DS PRO Fernseher 55 Zoll, 4K UHD QLED, Smart TV, Hi-Concerto, 144Hz Game Mode [2026] + HS2100, 2.1 Kanal Soundbar, 240W,Dolby Audio, DTS Virtual:X, Ultra-Slim Wireless subwoofer",https://www.amazon.de/dp/B0H87MYMFZ,55.0,573.99,573.99,EUR,573.99,Amazon,DE,2026-09-03T08:56:51Z,B0H87MYMFZ,,,,,
Hisense,"Hisense Bundle 100E7DS PRO Fernseher 100 Zoll, 4K UHD QLED, Smart TV [2026] + HS2000, 2.1 Kanal Soundbar, Visual Built-in subwoofer, 240W max Audio Power,Dolby Audio, DTS Virtual:X, TV Mode",https://www.amazon.de/dp/B0HF4L6LG3,100.0,1707.75,1707.75,EUR,1707.75,Amazon,DE,2026-09-03T08:56:51Z,B0HF4L6LG3,,,,,
Hisense,"Hisense Bundle 55E7DS Fernseher 55 Zoll, 4K UHD QLED, Smart TV, 2026 + HS2000, 2.1 Kanal Soundbar, Visual Built-in subwoofer, 240W max Audio Power,Dolby Audio, DTS Virtual:X, TV Mode, EzPlay",https://www.amazon.de/dp/B0HF4HLT1Z,55.0,438.0,438.0,EUR,438.0,Amazon,DE,2026-09-03T08:56:51Z,B0HF4HLT1Z,,,,,
Hisense,"Hisense Bundle 43E7DS PRO Fernseher 43 Zoll, 4K UHD QLED, Smart TV, 2026 HS1000, 2.0 Kanal Soundbar, 120W max Audio Power, Dolby Audio, DTS Virtual:X, Voice Enhanced, TV Mode, EzPlay",https://www.amazon.de/dp/B0HF4BTZ6V,43.0,441.99,441.99,EUR,441.99,Amazon,DE,2026-09-03T08:56:51Z,B0HF4BTZ6V,,,,,
Hisense,"Hisense 85E77Q PRO, QLED-Fernseher - (215 cm (85 Zoll), schwarz, UltraHD/4K, Tripple Tuner, USB Recording, Time Shift, 144Hz Panel) [Energieklasse E] (20015962)",https://www.amazon.de/dp/B0FTG2M23M,85.0,,,,,Amazon,DE,2026-09-03T08:56:51Z,B0FTG2M23M,,,,,
Hisense,"Hisense Bundle 55E7DS PRO Fernseher 55 Zoll, 4K UHD QLED, Smart TV, 2026 HS1000, 2.0 Kanal Soundbar, 120W max Audio Power, Dolby Audio, DTS Virtual:X, Voice Enhanced, TV Mode, EzPlay",https://www.amazon.de/dp/B0HF48LFB8,55.0,546.99,546.99,EUR,546.99,Amazon,DE,2026-09-03T08:56:51Z,B0HF48LFB8,,,,,
Hisense,"Hisense Bundle 55E7DS Fernseher 55 Zoll, 4K UHD QLED, Smart TV, 2026 HS1000, 2.0 Kanal Soundbar, 120W max Audio Power, Dolby Audio, DTS Virtual:X, Voice Enhanced, TV Mode, EzPlay",https://www.amazon.de/dp/B0HF47VS4N,55.0,421.0,421.0,EUR,421.0,Amazon,DE,2026-09-03T08:56:51Z,B0HF47VS4N,,,,,
Hisense,"Hisense Bundle 50E7DS PRO Fernseher 50 Zoll, 4K UHD QLED, Smart TV, 2026 HS1000, 2.0 Kanal Soundbar, 120W max Audio Power, Dolby Audio, DTS Virtual:X, Voice Enhanced, TV Mode, EzPlay",https://www.amazon.de/dp/B0HF3YS8BB,50.0,511.99,511.99,EUR,511.99,Amazon,DE,2026-09-03T08:56:51Z,B0HF3YS8BB,,,,,
Hisense,"Hisense Bundle 65E7DS PRO Fernseher 65 Zoll, 4K UHD QLED, Smart TV 2026 HS1000, 2.0 Kanal Soundbar, 120W max Audio Power, Dolby Audio, DTS Virtual:X, Voice Enhanced, TV Mode, EzPlay",https://www.amazon.de/dp/B0HF4CXHBW,65.0,661.99,661.99,EUR,661.99,Amazon,DE,2026-09-03T08:56:51Z,B0HF4CXHBW,,,,,
Hisense,"Hisense Bundle 50E7DS PRO Fernseher 50 Zoll, 4K UHD QLED, Smart TV, 2026 + HS2000, 2.1 Kanal Soundbar, Visual Built-in subwoofer, 240W max Audio Power,Dolby Audio, DTS Virtual:X, TV Mode, EzPlay",https://www.amazon.de/dp/B0HF4N735X,50.0,528.99,528.99,EUR,528.99,Amazon,DE,2026-09-03T08:56:51Z,B0HF4N735X,,,,,
Hisense,"Hisense Bundle 50E7DS Fernseher 50 Zoll, 4K UHD QLED, Smart TV, 2026 + HS2000, 2.1 Kanal Soundbar, Visual Built-in subwoofer, 240W max Audio Power,Dolby Audio, DTS Virtual:X, TV Mode, EzPlay",https://www.amazon.de/dp/B0HF3W9Q2Q,50.0,398.0,398.0,EUR,398.0,Amazon,DE,2026-09-03T08:56:51Z,B0HF3W9Q2Q,,,,,
Hisense,Televizorius HISENSE 65inch LED Smart TV 65A7GQ,https://www.amazon.de/dp/B099NTXNDM,65.0,795.99,795.99,EUR,795.99,Amazon,DE,2026-09-03T08:56:51Z,B099NTXNDM,,,,,
Hisense,"Hisense Bundle 65E7DS PRO Fernseher 65 Zoll, 4K UHD QLED, Smart TV, 2026 + HS2000, 2.1 Kanal Soundbar, Visual Built-in subwoofer, 240W max Audio Power,Dolby Audio, DTS Virtual:X, TV Mode, EzPlay",https://www.amazon.de/dp/B0HF4B6PRP,65.0,678.99,678.99,EUR,678.99,Amazon,DE,2026-09-03T08:56:51Z,B0HF4B6PRP,,,,,
Hisense,"Hisense Bundle 75E7DS Fernseher 75 Zoll, 4K UHD QLED, Smart TV, 2026 + HS2000, 2.1 Kanal Soundbar, Visual Built-in subwoofer, 240W max Audio Power,Dolby Audio, DTS Virtual:X, TV Mode, EzPlay",https://www.amazon.de/dp/B0HF47Z78Y,75.0,738.99,738.99,EUR,738.99,Amazon,DE,2026-09-03T08:56:51Z,B0HF47Z78Y,,,,,
Hisense,"Hisense Bundle 85E7DS Fernseher 85 Zoll, 4K UHD QLED, Smart TV [2026] + HS2000, 2.1 Kanal Soundbar, Visual Built-in subwoofer, 240W max Audio Power,Dolby Audio, DTS Virtual:X, TV Mode, EzPlay",https://www.amazon.de/dp/B0HF4DC7GB,85.0,928.99,928.99,EUR,928.99,Amazon,DE,2026-09-03T08:56:51Z,B0HF4DC7GB,,,,,
Hisense,"Hisense Bundle 50E7DS Fernseher 50 Zoll, 4K UHD QLED, Smart TV + HS2100, 2.1 Kanal Soundbar, 240W max Audio Power,Dolby Audio, DTS Virtual:X, Ultra-Slim Wireless subwoofer, TV Mode, EzPlay",https://www.amazon.de/dp/B0H875RS9D,50.0,408.0,408.0,EUR,408.0,Amazon,DE,2026-09-03T08:56:51Z,B0H875RS9D,,,,,
Hisense,"Hisense Canvas TV QLED 144Hz 55"" 4K 55S7S | Hi-Matte Display, Art Gallery, Audio Tuned by Devialet, VIDAA OS, Dolby Vision IQ, 4 HDMI, Wifi, BT, AirPlay2, 2026 Model",https://www.amazon.de/dp/B0H3112112,55.0,,,,,Amazon,DE,2026-09-03T08:56:51Z,B0H3112112,,,,,
Hisense,"Hisense 98E7DS Fernseher 98 Zoll, 4K UHD QLED, Smart TV | Hi-View AI Engine, Native 144Hz Game Mode , Dolby Vision IQ, HI-QLED Colour, Filmmaker Mode, AI Smooth Motion, Airplay [2026]",https://www.amazon.de/dp/B0H5C879HS,98.0,2399.0,2399.0,EUR,2399.0,Amazon,DE,2026-09-03T08:56:51Z,B0H5C879HS,,,,,
Hisense,"Hisense Bundle 65E7DS PRO Fernseher 65 Zoll, 4K UHD QLED, Smart TV, Hi-Concerto, 144Hz Game Mode + HS2100, 2.1 Kanal Soundbar, 240W, Dolby Audio, DTS Virtual:X, Ultra-Slim Wireless subwoofer",https://www.amazon.de/dp/B0H87XMBYS,65.0,688.99,688.99,EUR,688.99,Amazon,DE,2026-09-03T08:56:51Z,B0H87XMBYS,,,,,
Hisense,"Hisense Bundle 55E7DS Fernseher 55 Zoll, 4K UHD QLED, Smart TV, 60Hz Game Mode Plus + HS2100, 2.1 Kanal Soundbar, 240W max Audio Power,Dolby Audio, DTS Virtual:X, Ultra-Slim Wireless subwoofer",https://www.amazon.de/dp/B0H87BXM9J,55.0,448.0,448.0,EUR,448.0,Amazon,DE,2026-09-03T08:56:51Z,B0H87BXM9J,,,,,
Hisense,"Hisense Bundle 85E7DS Fernseher 85 Zoll, 4K UHD QLED, Smart TV, 60Hz Game Mode Plus + HS2100, 2.1 Kanal Soundbar, 240W max Audio Power,Dolby Audio, DTS Virtual:X, Ultra-Slim Wireless subwoofer",https://www.amazon.de/dp/B0H87GH264,85.0,938.99,938.99,EUR,938.99,Amazon,DE,2026-09-03T08:56:51Z,B0H87GH264,,,,,
Hisense,"Hisense Bundle 85E7DS PRO Fernseher 85 Zoll, 4K UHD QLED, Smart TV [2026] + HS2000, 2.1 Kanal Soundbar, Visual Built-in subwoofer, 240W max Audio Power,Dolby Audio, DTS Virtual:X, TV Mode, EzPlay",https://www.amazon.de/dp/B0HF4DV9RZ,85.0,1228.0,1228.0,EUR,1228.0,Amazon,DE,2026-09-03T08:56:51Z,B0HF4DV9RZ,,,,,
Hisense,"Hisense Bundle 85E7DS PRO Fernseher 85 Zoll, 4K UHD QLED, Smart TV [2026] HS1000 2.0ch Soundbar, 120 W, Dolby Audio, DTS Virtual:X, EzPlay",https://www.amazon.de/dp/B0HDZXDGGD,85.0,1211.0,1211.0,EUR,1211.0,Amazon,DE,2026-09-03T08:56:51Z,B0HDZXDGGD,,,,,
Hisense,"Hisense 75A6BG 190cm 75"" 4K LED Smart TV Fernseher",https://www.amazon.de/dp/B09HHN2YBD,75.0,631.85,631.85,EUR,631.85,Amazon,DE,2026-09-03T08:56:51Z,B09HHN2YBD,,,,,
Hisense,"Hisense 85A69K - Smart TV, 85 Zoll, 4K, LED, DVB-T2, HEVC(H.265), Schwarz",https://www.amazon.de/dp/B0DJSZTFWW,85.0,1571.99,1571.99,EUR,1571.99,Amazon,DE,2026-09-03T08:56:51Z,B0DJSZTFWW,,,,,
Sony,"Sony BRAVIA 3 - Direct LED 50 Zoll Fernseher (K50S32), X-Balanced Speaker, Dolby Vision/Atmos, IMAX Enhanced, Google TV (2025), Google Cast, Apple AirPlay 2, Eco Dashboard 2, Game Menu 2, Smart TV",https://www.amazon.de/dp/B0F4KT1F4F,50.0,539.0,539.0,EUR,539.0,Amazon,DE,2026-09-03T08:56:51Z,B0F4KT1F4F,,,,,
Sony,"Sony BRAVIA 3 - Direct LED 43 Zoll Fernseher (K43S32), X-Balanced Speaker, Dolby Vision/Atmos, IMAX Enhanced, Google TV (2025), Google Cast, Apple AirPlay 2, Eco Dashboard 2, Game Menu 2, Smart TV",https://www.amazon.de/dp/B0F4KVZSKW,43.0,489.0,489.0,EUR,489.0,Amazon,DE,2026-09-03T08:56:51Z,B0F4KVZSKW,,,,,
Sony,"Sony BRAVIA, KD-32W800, 32 Zoll Fernseher, LED, 2K HDR, Android TV, Smart TV",https://www.amazon.de/dp/B0BNW6941F,32.0,295.99,295.99,EUR,295.99,Amazon,DE,2026-09-03T08:56:51Z,B0BNW6941F,,,,,
Sony,"Sony BRAVIA 8 OLED 55 Zoll 4K HDR Google Smart TV | Gaming Features,IMAX Enhanced, Dolby Vision Atmos, Chromecast, Apple AirPlay, 120Hz 55XR80",https://www.amazon.de/dp/B0D1VTR2M5,55.0,1249.0,1249.0,EUR,1249.0,Amazon,DE,2026-09-03T08:56:51Z,B0D1VTR2M5,,,,,
Sony,"Sony BRAVIA 5 XR Mini-LED 55 Zoll Fernseher (K55XR52), AI XR-Prozessor, akustisches Multi-Audio, Dolby Vision/Atmos, IMAX Enhanced, Google TV (2025), Google Cast, Apple AirPlay 2, Game Menu, Smart TV",https://www.amazon.de/dp/B0F4KYR4RT,55.0,949.0,949.0,EUR,949.0,Amazon,DE,2026-09-03T08:56:51Z,B0F4KYR4RT,,,,,
Sony,"Sony BRAVIA 7 II True RGB Fernseher, 65 Zoll, 4K-Smart-TV (Google TV), RGB-LED, XR Prozessor mit KI-Technologie, 120-Hz-Fernseher mit Dolby Vision/Atmos, PS5-kompatibel, Modell 2026 – Schwarz",https://www.amazon.de/dp/B0H2JSJ8QM,65.0,1999.0,1999.0,EUR,1999.0,Amazon,DE,2026-09-03T08:56:51Z,B0H2JSJ8QM,,,,,
Sony,"Sony BRAVIA, KD-65X80L, 65 Zoll Fernseher, LED, 4K HDR, Google TV, Smart TV, Works with Alexa, BRAVIA CORE, TRILUMINOS PRO, HDMI 2.1, Gaming-Menü mit ALLM",https://www.amazon.de/dp/B0BZSD6QN8,65.0,749.0,749.0,EUR,749.0,Amazon,DE,2026-09-03T08:56:51Z,B0BZSD6QN8,,,,,
Sony,"Sony BRAVIA 5 XR Mini-LED 65 Zoll Fernseher (K65XR52), AI XR-Prozessor, akustisches Multi-Audio, Dolby Vision/Atmos, IMAX Enhanced, Google TV (2025), Google Cast, Apple AirPlay 2, Game Menu, Smart TV",https://www.amazon.de/dp/B0F4L1887W,65.0,1165.8,1165.8,EUR,1165.8,Amazon,DE,2026-09-03T08:56:51Z,B0F4L1887W,,,,,
Sony,"Sony BRAVIA 3II 55-Zoll-Fernseher, 4K-Smart-TV (Google TV), XR Prozessor mit KI-Technologie, 120-Hz-Fernseher mit Dolby Vision/Atmos, PS5-kompatibel, 55XR32M2, Modell 2026",https://www.amazon.de/dp/B0GZPV9JS8,55.0,949.0,949.0,EUR,949.0,Amazon,DE,2026-09-03T08:56:51Z,B0GZPV9JS8,,,,,
Sony,"Sony BRAVIA 2 II 43 Zoll Fernseher, 4K Smart TV (Google TV), X1 Prozessor, 4K-Upscaling, Fernseher mit Dolby Atmos und DTS:X, PS5-Kompatibilität, 43S20M2, Modell 2026",https://www.amazon.de/dp/B0GZL6GMFJ,43.0,599.0,599.0,EUR,599.0,Amazon,DE,2026-09-03T08:56:51Z,B0GZL6GMFJ,,,,,
Sony,"Sony BRAVIA 3II 65-Zoll-Fernseher, 4K-Smart-TV (Google TV), XR Prozessor mit KI-Technologie, 120-Hz-Fernseher mit Dolby Vision/Atmos, PS5-kompatibel, 65XR32M2, Modell 2026",https://www.amazon.de/dp/B0GZPZZRWL,65.0,1099.0,1099.0,EUR,1099.0,Amazon,DE,2026-09-03T08:56:51Z,B0GZPZZRWL,,,,,
Sony,"Sony BRAVIA 8 OLED 65 Zoll 4K HDR Google Smart TV (2024) | Gaming Features,IMAX Enhanced, Dolby Vision Atmos, Chromecast, Apple AirPlay, 120Hz 65XR80",https://www.amazon.de/dp/B0D1VV8K32,65.0,1449.0,1449.0,EUR,1449.0,Amazon,DE,2026-09-03T08:56:51Z,B0D1VV8K32,,,,,
Hisense,"Hisense 43E6DS Fernseher 43 Zoll, 4K UHD Smart TV, Hi View AI Engine, 60Hz Game Mode Plus, Dolby Vision, 4K Upscaler, DTS Virtual, X, Smooth Motion, Airplay, Sprachsteuerung, 2026",https://www.amazon.de/dp/B0GTB8LFKS,43.0,269.0,269.0,EUR,269.0,Amazon,DE,2026-09-03T08:56:51Z,B0GTB8LFKS,,,,,
Hisense,"Hisense 58E6DS Fernseher 58 Zoll, 4K UHD Smart TV, Hi View AI Engine, 60Hz Game Mode Plus, Dolby Vision, 4K Upscaler, DTS Virtual, X, Smooth Motion, Airplay, Sprachsteuerung, 2026",https://www.amazon.de/dp/B0GTB3548V,58.0,359.99,359.99,EUR,359.99,Amazon,DE,2026-09-03T08:56:51Z,B0GTB3548V,,,,,
Sony,"Sony BRAVIA XR, XR-85X90L, 85 Zoll Fernseher, Full Array LED, 4K HDR 120Hz, Google TV, Smart TV, Works with Alexa, mit exklusiven PS5-Features, HDMI 2.1, Gaming-Menü mit ALLM + VRR, 24 + 12M Garantie",https://www.amazon.de/dp/B0BYPHDLWX,85.0,1799.0,1799.0,EUR,1799.0,Amazon,DE,2026-09-03T08:56:51Z,B0BYPHDLWX,,,,,
Sony,"Sony BRAVIA 2II 55 Zoll Fernseher, 4K Smart TV (Google TV), X1 Prozessor, 4K-Upscaling, Fernseher mit Dolby Atmos und DTS:X, PS5-Kompatibilität, 55S20M2, Modell 2026",https://www.amazon.de/dp/B0GZL1BLJ9,55.0,799.0,799.0,EUR,799.0,Amazon,DE,2026-09-03T08:56:51Z,B0GZL1BLJ9,,,,,
Hisense,"Hisense 50E7DS Fernseher 50 Zoll, 4K UHD QLED, Smart TV, Hi View AI Engine, 60Hz Game Mode Plus, Dolby Vision IQ, QLED Colour, Filmmaker, Smooth Motion, Airplay, Sprachsteuerung, 2026",https://www.amazon.de/dp/B0GM1R36YW,50.0,319.0,319.0,EUR,319.0,Amazon,DE,2026-09-03T08:56:51Z,B0GM1R36YW,,,,,
Sony,"Sony BRAVIA 7 II True RGB Fernseher, 85 Zoll, 4K-Smart-TV (Google TV), RGB-LED, XR Prozessor mit KI-Technologie, 120-Hz-Fernseher mit Dolby Vision/Atmos, PS5-kompatibel, Modell 2026 – Schwarz",https://www.amazon.de/dp/B0H2K25NJ4,85.0,3299.0,3299.0,EUR,3299.0,Amazon,DE,2026-09-03T08:56:51Z,B0H2K25NJ4,,,,,
Sony,"Sony BRAVIA 8 II - QD-OLED, AI XR Processor, Acoustic Surface Audio+, Dolby Vision/Atmos, IMAX Enhanced, Google TV (2025), Google Cast, Apple AirPlay 2, Eco Dashboard 2, Game Menu 2 (65, Zoll)",https://www.amazon.de/dp/B0FQTSJZ9H,65.0,,,,,Amazon,DE,2026-09-03T08:56:51Z,B0FQTSJZ9H,,,,,
Philips,"Philips 55PUS7800 4K QLED Smart TV - 55 Zoll Display mit Pixel Precise Ultra HD, Titan OS Plattform und Dolby Atmos Sound - Funktioniert mit Alexa und Google Sprachassistent",https://www.amazon.de/dp/B0F2N59KGW,55.0,379.0,379.0,EUR,379.0,Amazon,DE,2026-09-03T08:56:51Z,B0F2N59KGW,,,,,
Xiaomi,"XIAOMI TV S Mini LED 55 Zoll (140 cm), 4K UHD Smart TV, HDR10+, Google TV | 144Hz (240Hz Game Boost Mode), Dolby Atmos & Vision, HDR10+, Triple Tuner, DVB-C/S/S2/T/T2, Google TV, MEMC, Airplay",https://www.amazon.de/dp/B0DJM9GBHK,55.0,489.0,489.0,EUR,489.0,Amazon,DE,2026-09-03T08:56:51Z,B0DJM9GBHK,,,,,
Philips,"PHILIPS 50PUS7000 4K LED Smart TV - 50 Zoll Display mit Pixel Precise Ultra HD, Titan OS Plattform und Dolby Atmos Sound - Funktioniert mit Alexa und Google Sprachassistent, 2025",https://www.amazon.de/dp/B0F2N4CQ1S,50.0,314.99,314.99,EUR,314.99,Amazon,DE,2026-09-03T08:56:51Z,B0F2N4CQ1S,,,,,
Philips,"Philips 32PHS6000 HD LED Smart TV - 32 Zoll Display mit Pixel Plus, Titan OS Plattform Und Dolby Digital Sound - Funktioniert Mit Alexa Und Google Sprachassistent, 2025",https://www.amazon.de/dp/B0F2N4N53N,32.0,,,,,Amazon,DE,2026-09-03T08:56:51Z,B0F2N4N53N,,,,,
Hisense,"Hisense 43E7Q Fehrnseher, 43 Zoll, 4K UHD QLED, Smart TV, Game Mode Plus, Filmaker Mode, Dolby Vision Atmos, HDR10, HLG, HDR Immersive, AI 4K Upscaler, Dolby MS12, DTS X, Sprachsteuerung [2025]",https://www.amazon.de/dp/B0F1MSX2W7,43.0,289.0,289.0,EUR,289.0,Amazon,DE,2026-09-03T08:56:51Z,B0F1MSX2W7,,,,,
Philips,"PHILIPS Ambilight 55PUS8600 4K QLED Smart TV - 55 Zoll Display mit P5 Perfect Picture Engine Ultra HD, Titan OS, Dolby Vision und Dolby Atmos Sound",https://www.amazon.de/dp/B0F2N63FSG,55.0,549.99,549.99,EUR,549.99,Amazon,DE,2026-09-03T08:56:51Z,B0F2N63FSG,,,,,
Toshiba,Toshiba 50UV3463DAW Fernseher 50 Zoll VIDAA Smart TV mit 4K UHD Auflösung | Dolby Vision HDR | 3x HDMI | 2x USB | Dolby Audio | Sprachsteuerung | Frameless Design | Triple-Tuner DVB-C/-S2/-T2 | 2026,https://www.amazon.de/dp/B0CW21QHGR,50.0,315.04,315.04,EUR,315.04,Amazon,DE,2026-09-03T08:56:51Z,B0CW21QHGR,,,,,
Hisense,"Hisense 32S5Q Deco TV, 800 Mm, 32 Zoll, FHD QLED, HDR10, Dolby Atmos, Colour, 60Hz, DVB T2 und C und S2 Tuner, WiFi, HDMI, Gallerie Mode, Rauschreduzierung, DTS Virtual, X, 2025",https://www.amazon.de/dp/B0FSLMYL4W,32.0,234.0,234.0,EUR,234.0,Amazon,DE,2026-09-03T08:56:51Z,B0FSLMYL4W,,,,,
Philips,"PHILIPS 40PFS6000 HD LED Smart TV - 40 Zoll Display mit Pixel Plus, Titan OS Plattform Und Dolby Digital Sound - Funktioniert Mit Alexa Und Google Sprachassistent",https://www.amazon.de/dp/B0F2N4WSJ9,40.0,268.95,268.95,EUR,268.95,Amazon,DE,2026-09-03T08:56:51Z,B0F2N4WSJ9,,,,,
TCL,"TCL 75Q7D Pro SQD-Mini LED 75 Zoll Fernseher, 4K Smart TV, Google TV | 760 Dimming-Zonen, 2000 Nits Spitzenhelligkeit, Dolby Vision IQ & Atmos, 2.1 Onkyo Sound, 144 Hz VRR, AirPlay 2 & Alexa",https://www.amazon.de/dp/B0GXKRP7FM,75.0,1199.0,1199.0,EUR,1199.0,Amazon,DE,2026-09-03T08:56:51Z,B0GXKRP7FM,,,,,
Philips,"PHILIPS 32PFS6900 HD LED Smart TV - 32 Zoll Display mit Pixel Plus, Titan OS Plattform Und Dolby Digital Sound - Funktioniert Mit Alexa Und Google Sprachassistent",https://www.amazon.de/dp/B0F2N4D1LL,32.0,,,,,Amazon,DE,2026-09-03T08:56:51Z,B0F2N4D1LL,,,,,
Philips,"PHILIPS Ambilight 65MLED910 Mini LED 4K Smart TV - 65 Zoll Display mit P5 Perfect Picture Engine Ultra HD, Titan OS, Dolby Vision Und Dolby Atmos Sound, 2025",https://www.amazon.de/dp/B0F2N7PPP7,65.0,857.61,857.61,EUR,857.61,Amazon,DE,2026-09-03T08:56:51Z,B0F2N7PPP7,,,,,
Philips,"PHILIPS Ambilight 43PUS8200 4K LED Smart TV - 43 Zoll Display mit Pixel Precise Ultra HD, Titan OS, Dolby Vision und Dolby Atmos Sound",https://www.amazon.de/dp/B0F2N565FP,43.0,,,,,Amazon,DE,2026-09-03T08:56:51Z,B0F2N565FP,,,,,
Panasonic,"Panasonic TB-65W61AEZ, W61 Serie, 65 Zoll, 4K Ultra HD LED Smart TV, 2025, TiVo, Dolby Vision & Atmos, Game Mode Plus, Alexa & Google Sprachsteuerung, Schwarz",https://www.amazon.de/dp/B0F94HB79V,65.0,579.0,579.0,EUR,579.0,Amazon,DE,2026-09-03T08:56:51Z,B0F94HB79V,,,,,
Xiaomi,"XIAOMI TV FX Mini LED 43"" QD Mini LED Smart TV, 4K UHD, Fire TV, HDR10+",https://www.amazon.de/dp/B0H26RB46K,43.0,309.0,309.0,EUR,309.0,Amazon,DE,2026-09-03T08:56:51Z,B0H26RB46K,,,,,
Philips,"Philips Ambilight 75PUS8500 4K LED Smart TV - 75 Zoll Display mit Pixel Precise Ultra HD, Titan OS, Dolby Vision und Dolby Atmos Sound",https://www.amazon.de/dp/B0F24XGFPR,75.0,979.99,979.99,EUR,979.99,Amazon,DE,2026-09-03T08:56:51Z,B0F24XGFPR,,,,,
Samsung,Samsung UE43CU7172,https://www.amazon.de/dp/B0C279SDLR,43.0,280.75,280.75,EUR,280.75,Amazon,DE,2026-09-03T08:56:51Z,B0C279SDLR,,,,,
Hisense,"Hisense 85U7Q Pro Fernseher 85 Zoll, 4K Mini LED, Smart TV, Hi-View AI Engine Pro, 165Hz Game Mode Ultra, FreeSync Premium Pro, 2.1.2 ch. Surround Sound, Dolby Vision IQ Atmos, Sprachsteuerung [2025]",https://www.amazon.de/dp/B0F24CKN33,85.0,,,,,Amazon,DE,2026-09-03T08:56:51Z,B0F24CKN33,,,,,
Panasonic,"Panasonic TV-65Z80AEZ, Z80 Serie 65 Zoll 4K Ultra HD OLED Smart TV, 2024, Fire TV, Dolby Vision & Atmos, Game Mode Extreme, Alexa Sprachsteuerung, Airplay, Schwarz",https://www.amazon.de/dp/B0DJCXKT2B,65.0,1339.99,1339.99,EUR,1339.99,Amazon,DE,2026-09-03T08:56:51Z,B0DJCXKT2B,,,,,
Panasonic,"Panasonic TN-65W70AEZ, W70-Serie 65 Zoll 4K Ultra HD LED Smart TV, 2024, Google Assistant, Chromecast, Dolby Vision & Atmos, Gaming-Modus, Bluetooth, für EIN außergewöhnliches visuelles Erlebnis",https://www.amazon.de/dp/B0D9MHLNXF,65.0,721.2,721.2,EUR,721.2,Amazon,DE,2026-09-03T08:56:51Z,B0D9MHLNXF,,,,,
Xiaomi,"XIAOMI TV MAX 100 Zoll (254 cm) QLED 4K UHD Smart TV, Dolby Atmos & Vision | 144Hz (240Hz Game Boost Mode), Dolby Atmos & Vision, HDR10+, Triple Tuner, DVB-C/S/S2/T/T2, Google TV, MEMC, Airplay",https://www.amazon.de/dp/B0DJM91FMC,100.0,1699.0,1699.0,EUR,1699.0,Amazon,DE,2026-09-03T08:56:51Z,B0DJM91FMC,,,,,
Samsung,"Samsung Neo QLED 4K QN90D Fernseher 50 Zoll, Neural Quantum 4K AI Gen2 Prozessor, Mini LED TV, AI Upscaling, Smart TV, Dolby Atmos, Gaming Hub, GQ50QN90DATXZG, Deutsches Modell",https://www.amazon.de/dp/B0CZS1XHGV,50.0,1026.5,1026.5,EUR,1026.5,Amazon,DE,2026-09-03T08:56:51Z,B0CZS1XHGV,,,,,
Sony,"Sony BRAVIA XR, XR-85X90L, 85 Zoll Fernseher, Full ArrayandSony HT-A3000 3.1-Kanal Dolby Atmos Soundbar Set",https://www.amazon.de/dp/B0C85KH7J3,85.0,2128.0,2128.0,EUR,2128.0,Amazon,DE,2026-09-03T08:56:51Z,B0C85KH7J3,,,,,
Sony,"Sony OLED-TV EEK: G (A - G) KE-55A8 Bravia KE55A8BAEP 139 cm (55 Zoll) N/A UHD, WLAN, Smart TV, Twin DVB-T2/C/S2, C",https://www.amazon.de/dp/B095HZTC86,55.0,,,,,Amazon,DE,2026-09-03T08:56:51Z,B095HZTC86,,,,,
Sony,"SONY FW-55BZ40L affichage de Messages Panneau plat de signalisation numérique 139,7 cm (55"") LCD WiFi 700 cd/m² 4K ULT",https://www.amazon.de/dp/B0C9YPXLS1,55.0,1032.69,1032.69,EUR,1032.69,Amazon,DE,2026-09-03T08:56:51Z,B0C9YPXLS1,,,,,
Sony,"Sony BRAVIA | KD-43X75WL | LED | 4K HDR | Google TV HT-S40R - 5.1.-Kanal-Soundbar, Schwarz",https://www.amazon.de/dp/B0C85NHTBN,43.0,848.99,848.99,EUR,848.99,Amazon,DE,2026-09-03T08:56:51Z,B0C85NHTBN,,,,,
Sony,"Sony KD-85X85J 215cm 85"" 4K LED 100 Hz Smart Google TV Fernseher",https://www.amazon.de/dp/B097YC5S27,85.0,2299.0,2299.0,EUR,2299.0,Amazon,DE,2026-09-03T08:56:51Z,B097YC5S27,,,,,
Philips,"Philips Ambilight 48OLED759 4K OLED Smart TV - 48-Zoll Display mit P5 AI Perfect Picture Ultra HD, Titan OS, Dolby Vision und Dolby Atmos Sound - Funktioniert mit Alexa und Google Sprachassistent",https://www.amazon.de/dp/B0D2JFJWPS,48.0,799.0,799.0,EUR,799.0,Amazon,DE,2026-09-03T08:56:51Z,B0D2JFJWPS,,,,,
Samsung,"Samsung QLED Q7F4 4K 43 Zoll UHD Fernseher, Q4 AI Prozessor, Quantum Dot Für Reale Farben, Upscaling, Knox Security, Adaptive Sound, Samsung Vision Smart TV, 43Q7F (2025), 109 Cm",https://www.amazon.de/dp/B0FFB2K3D4,43.0,317.04,317.04,EUR,317.04,Amazon,DE,2026-09-03T08:56:51Z,B0FFB2K3D4,,,,,
Samsung,"Samsung LED Smart TV UE32H5002F, 80 cm, HD, HDR, Class F, Model 2025",https://www.amazon.de/dp/B0FBMDBDWN,32.0,229.9,229.9,EUR,229.9,Amazon,DE,2026-09-03T08:56:51Z,B0FBMDBDWN,,,,,
Samsung,"Samsung Neo QLED 4K QN90F 43 Zoll (108 cm) Mini LED Fernseher, Antireflexion, NQ4 AI Gen3 Prozessor, Neo Quantum HDR, 4K Upscaling Pro, Dolby Atmos, Knox Security, Samsung Vision AI Smart TV",https://www.amazon.de/dp/B0DFVGGKJN,43.0,738.9,738.9,EUR,738.9,Amazon,DE,2026-09-03T08:56:51Z,B0DFVGGKJN,,,,,
Samsung,"Samsung The Frame LS03F 4K QLED 55 Zoll (138 cm) UHD, NQ4 AI Gen2 Prozessor, Art Mode, Artful Picture Quality, One Connect Kabel, Smart TV, 2025",https://www.amazon.de/dp/B0F62PYDZ6,55.0,795.0,795.0,EUR,795.0,Amazon,DE,2026-09-03T08:56:51Z,B0F62PYDZ6,,,,,
Samsung,"Samsung Smart TV 43 Zoll QN70H Mini LED Neo QLED 4K, Quantum Mini LED, Real QLED 100% Farbvolumen, Crystal 4K Prozessor optimiert durch KI, Motion Xcelerator, Vision AI Companion [2026]",https://www.amazon.de/dp/B0H11F4MXN,43.0,505.7,505.7,EUR,505.7,Amazon,DE,2026-09-03T08:56:51Z,B0H11F4MXN,,,,,
Samsung,"Samsung M70H Mini LED 4K 65 Zoll (163 cm) UHD, HDR, Motion Xcelerator 144Hz, AI Companion, 900 Sender, Smart TV, GU65M70HAU, 2026",https://www.amazon.de/dp/B0GXZPQL27,65.0,666.0,666.0,EUR,666.0,Amazon,DE,2026-09-03T08:56:51Z,B0GXZPQL27,,,,,
Samsung,"Samsung Mini LED M80H 4K 55 Zoll (138 cm) UHD Fernseher, Neural Quantum 4K AI Gen2 Prozessor, Motion Xcelerator 144 Hz, Vision AI Companion, Dynamic Sound Pack, Gaming Hub, Knox Security, Smart TV",https://www.amazon.de/dp/B0H335S6NL,55.0,524.26,524.26,EUR,524.26,Amazon,DE,2026-09-03T08:56:51Z,B0H335S6NL,,,,,
Samsung,"Samsung Crystal U7099H 4K 65 Zoll (163 cm), UHD Fernseher, AI Companion für Deine Fragen, 4K Upscaling, Dynamik Sound Pack für Premium-Sounderlebnis, Gaming Hub, kostenlos 900 Sender, Smart AI TV",https://www.amazon.de/dp/B0GXZJZ45C,65.0,629.0,629.0,EUR,629.0,Amazon,DE,2026-09-03T08:56:51Z,B0GXZJZ45C,,,,,
Samsung,"Samsung Mini LED M80H 4K 65 Zoll (163 cm), UHD Fernseher, Mini LED HDR für beeindruckende Details, Motion Xcelerator 144Hz, AI Fußballmodus, Dynamik Sound Pack, AI Companion für deine Fragen, Smart TV",https://www.amazon.de/dp/B0GXZTJG1Y,65.0,799.96,799.96,EUR,799.96,Amazon,DE,2026-09-03T08:56:51Z,B0GXZTJG1Y,,,,,
Samsung,"Samsung Neo QLED QN70H 4K 55 Zoll (138 cm) Fernseher, Quantum Mini LED, Neural Quantum 4K AI Prozessor, Motion Xcelerator 144 Hz, Samsung Vision AI, AirSlim Design, Gaming Hub",https://www.amazon.de/dp/B0H3KJG3K1,55.0,559.0,559.0,EUR,559.0,Amazon,DE,2026-09-03T08:56:51Z,B0H3KJG3K1,,,,,
Samsung,"Samsung Neo QLED QN80H 4K 50 Zoll (125 cm), UHD Fernseher, Quantum-Mini-LED für ultrafeine Kontraste, 4K AI Upscaling, Adaptive Sound Pro, Gaming Hub, AI Companion für Deine Fragen, AI Gen 2 Smart TV",https://www.amazon.de/dp/B0GXZJ32FC,50.0,871.98,871.98,EUR,871.98,Amazon,DE,2026-09-03T08:56:51Z,B0GXZJ32FC,,,,,
LG,"LG Full HD LR60006LA TV 32 Zoll (81 cm) Smart TV, a5 Gen6 AI Prozessor,WebOS 23, 60Hz, HDR, 32LR60006LA (2025)",https://www.amazon.de/dp/B0F94BRF5M,32.0,,,,,Amazon,DE,2026-09-03T08:56:51Z,B0F94BRF5M,,,,,
LG,"LG 55NANO80A6B TV 55 Zoll (139 cm) 4K NanoCell AI TV (α7 Gen8 4K AI Prozessor, webOS 25, 60Hz) [Modelljahr 2025]",https://www.amazon.de/dp/B0F2GJL6JK,55.0,477.0,477.0,EUR,477.0,Amazon,DE,2026-09-03T08:56:51Z,B0F2GJL6JK,,,,,
LG,LG TV AI NANO81 (2025) 75 Zoll NanoCell UHD 4K - 75NANO81A6A,https://www.amazon.de/dp/B0F4PSX5Q9,75.0,688.0,688.0,EUR,688.0,Amazon,DE,2026-09-03T08:56:51Z,B0F4PSX5Q9,,,,,
LG,"LG TV 50 Zoll (127 cm) 4K UHD AI TV 2025 (α7 Gen8 4K AI Prozessor, webOS 25, 60Hz) 50UA73006LA",https://www.amazon.de/dp/B0F3XS2DM8,50.0,333.0,333.0,EUR,333.0,Amazon,DE,2026-09-03T08:56:51Z,B0F3XS2DM8,,,,,
LG,"LG 55NU8E0B3LA TV 55 Zoll (139 cm) Nano 4K UHD TV (α7 Gen9 4K AI Prozessor, webOS 26, 60Hz (VRR bis zu 60Hz)) [Modelljahr 2026] [Energieklasse E]",https://www.amazon.de/dp/B0GSH1DNSP,55.0,379.0,379.0,EUR,379.0,Amazon,DE,2026-09-03T08:56:51Z,B0GSH1DNSP,,,,,
LG,"LG 43QNED7EB3C TV 43 Zoll, 1090 Mm, 4K QNED Mini LED AI, α7 Gen9 Prozessor, webOS 26, 60Hz, VRR, Modelljahr 2026",https://www.amazon.de/dp/B0GSGYGTY8,43.0,359.0,359.0,EUR,359.0,Amazon,DE,2026-09-03T08:56:51Z,B0GSGYGTY8,,,,,
LG,"LG 55QNED83B6A 4K QNED Evo Mini LED AI TV, 55 Zoll, α8 Gen3 Prozessor, webOS 26, 120Hz, VRR bis zu 144Hz, Modelljahr 2026, Energieklasse F",https://www.amazon.de/dp/B0GSH9Z1JM,55.0,669.99,669.99,EUR,669.99,Amazon,DE,2026-09-03T08:56:51Z,B0GSH9Z1JM,,,,,
LG,"LG OLED42C6ELB 4K OLED Evo AI TV, 42 Zoll, α11 Gen3 Prozessor, webOS 26, 120Hz, VRR bis zu 165Hz, Modelljahr 2026, Energieklasse G",https://www.amazon.de/dp/B0GSH2NHSZ,42.0,999.0,999.0,EUR,999.0,Amazon,DE,2026-09-03T08:56:51Z,B0GSH2NHSZ,,,,,
TCL,"TCL 75Q6C 75 Zoll QD-Mini LED Fernseher, 4K HDR Premium 1000nits, Smart TV mit Google TV (Dolby Vision IQ & Atmos, Onkyo 2.1 Soundsystem, 144Hz Motion Clarity Pro, Game Master)",https://www.amazon.de/dp/B0DXQ48PD9,75.0,849.0,849.0,EUR,849.0,Amazon,DE,2026-09-03T08:56:51Z,B0DXQ48PD9,,,,,
TCL,"TCL 50 Zoll 50Q6C QLED Mini LED Fernseher, 4K HDR Premium, Dolby Vision IQ & Atmos, Onkyo 2.1, Smart Google TV, Game Master, 144Hz Motion Clarity Pro, AMD FreeSync Premium Pro, HDMI 2.1, AirPlay 2",https://www.amazon.de/dp/B0FD9VF12V,50.0,451.75,451.75,EUR,451.75,Amazon,DE,2026-09-03T08:56:51Z,B0FD9VF12V,,,,,
TCL,"TCL 43PF650 43 Zoll Fernseher, 4K Ultra HD Smart TV, Fire TV, Dolby Atmos | Dolby Vision, Alexa-kompatibel",https://www.amazon.de/dp/B0D8J7L6N9,43.0,229.0,229.0,EUR,229.0,Amazon,DE,2026-09-03T08:56:51Z,B0D8J7L6N9,,,,,
TCL,"TCL 40SF560 QLED 40 Zoll Fernseher, Full HD HDR Smart TV, Fire TV | Alexa-kompatibel, Rahmenloses Metalldesign",https://www.amazon.de/dp/B0F9PRSHP8,40.0,209.99,209.99,EUR,209.99,Amazon,DE,2026-09-03T08:56:51Z,B0F9PRSHP8,,,,,
TCL,"TCL 65T6C 65 Zoll QLED Fernseher, 4K UHD Fire TV, HDR10+, Dolby Vision & Atmos, Smart TV mit Sprachsteuerung mit Alexa, Google Cast & AirPlay 2",https://www.amazon.de/dp/B0DW96CFKL,65.0,399.0,399.0,EUR,399.0,Amazon,DE,2026-09-03T08:56:51Z,B0DW96CFKL,,,,,
TCL,"TCL 55T8D QD-Mini LED 55 Zoll Fernseher, 4K Smart TV, Google TV, 144 Hz | FreeSync Premium, Game Master, Dolby Vision, HDR10+, Dolby Atmos, Apple AirPlay 2, Google Cast, Google Assistant",https://www.amazon.de/dp/B0GR9JWH4T,55.0,549.0,549.0,EUR,549.0,Amazon,DE,2026-09-03T08:56:51Z,B0GR9JWH4T,,,,,
TCL,"TCL 75C8L SQD-Mini LED 75 Zoll Fernseher, 4K Smart TV, Google TV, HDR10+ | 2584 Dimming-Zonen, 5500 Nits Spitzenhelligkeit, Dolby Vision IQ & Atmos, 144Hz, ZeroBorder Design, Audio by Bang & Olufsen",https://www.amazon.de/dp/B0GTZSYZLM,75.0,2038.9,2038.9,EUR,2038.9,Amazon,DE,2026-09-03T08:56:51Z,B0GTZSYZLM,,,,,
TCL,"TCL Smart TV QLED 40S5L, 100 cm, Full HD, Smart Android TV, Class F, Model 2026",https://www.amazon.de/dp/B0HFWYW3WN,40.0,269.99,269.99,EUR,269.99,Amazon,DE,2026-09-03T08:56:51Z,B0HFWYW3WN,,,,,
TCL,"TCL 40V5D QLED 40 Zoll Fernseher, Full HD HDR Smart TV, Fire TV, Direct LED | Apple AirPlay 2, Alexa-kompatibel, Rahmenloses Metalldesign",https://www.amazon.de/dp/B0GYTCCKMW,40.0,239.0,239.0,EUR,239.0,Amazon,DE,2026-09-03T08:56:51Z,B0GYTCCKMW,,,,,
Hisense,"Hisense 40A5Q Fehrnseher, 40 Zoll, 2K QLED, Smart TV, Game Mode, AI Sports Mode, Dolby Atmos, Dolby MS12, DTS X, HDR10, HLG, Full HD, High Contrast, Rauschunterdrückung [2025]",https://www.amazon.de/dp/B0F2N11D11,40.0,219.0,219.0,EUR,219.0,Amazon,DE,2026-09-03T08:56:51Z,B0F2N11D11,,,,,
Hisense,"Hisense 40E4QT Fehrnseher, 40 Zoll, DLED, Smart TV, Game Mode, AI Sports Mode, Dolby Audio, Dolby MS12, DTS Virtual X, HDR10, HLG, Full HD, High Contrast, Rauschunterdrückung [2025]",https://www.amazon.de/dp/B0F9YRTQTP,40.0,,,,,Amazon,DE,2026-09-03T08:56:51Z,B0F9YRTQTP,,,,,
Hisense,"Hisense TV 55A7Q (2025) 55"" LED UHD 4K - 55A7Q",https://www.amazon.de/dp/B0F2T1B4NL,55.0,460.05,460.05,EUR,460.05,Amazon,DE,2026-09-03T08:56:51Z,B0F2T1B4NL,,,,,
Hisense,"Hisense 50E89Q Fernseher, 50 Zoll, 4K ULED Mini LED, Smart TV, 144 Hz Game Mode PRO, Hi View AI Engine, Smoothmotion, Built in Subwoofer, Dolby Vision Atmos, Filmmaker, Concerto, 2025",https://www.amazon.de/dp/B0G5QNP2CQ,50.0,499.0,499.0,EUR,499.0,Amazon,DE,2026-09-03T08:56:51Z,B0G5QNP2CQ,,,,,
Hisense,"Hisense 50E6DS Fernseher 50 Zoll, 4K UHD Smart TV, Hi View AI Engine, 60Hz Game Mode Plus, Dolby Vision, 4K Upscaler, DTS Virtual, X, Smooth Motion, Airplay, Sprachsteuerung, 2026",https://www.amazon.de/dp/B0GTB42DRQ,50.0,329.0,329.0,EUR,329.0,Amazon,DE,2026-09-03T08:56:51Z,B0GTB42DRQ,,,,,
Hisense,"Hisense TV 55E7S (2026) 55"" VA QLED 4K UHD Preta",https://www.amazon.de/dp/B0GNDHW3BM,55.0,359.0,359.0,EUR,359.0,Amazon,DE,2026-09-03T08:56:51Z,B0GNDHW3BM,,,,,
Hisense,"Hisense 85U7DSE Fernseher 85 Zoll, 4K UHD, Hi-QLED Mini LED, Smart TV, 144Hz, Hi-View AI Engine, IMAX Enhanced, AI Lichtsensor, Dolby Vision.Atmos, Tuned by DeVialet, FreeSync Premium Pro [2026]",https://www.amazon.de/dp/B0GTW11V8C,85.0,1299.0,1299.0,EUR,1299.0,Amazon,DE,2026-09-03T08:56:51Z,B0GTW11V8C,,,,,
Hisense,Hisense 55U7DS Pro LED-TV Mini LED 4K Multituner BT Smart PVR (20018705),https://www.amazon.de/dp/B0GTVZZBQ8,55.0,699.0,699.0,EUR,699.0,Amazon,DE,2026-09-03T08:56:51Z,B0GTVZZBQ8,,,,,
Hisense,"Hisense 55E8DS Fernseher 55 Zoll, 4K UHD, Hi-QLED Mini LED, Smart TV, 144Hz, Hi-View AI Engine, Dolby Vision.Atmos, Unibody Slim, FreeSync Premium, AI-Lichtsensor, Game Bar, Tuned by Devialet",https://www.amazon.de/dp/B0GYZ123RT,55.0,563.99,563.99,EUR,563.99,Amazon,DE,2026-09-03T08:56:51Z,B0GYZ123RT,,,,,
Hisense,"Hisense 65U7DSE Fernseher 65 Zoll, 4K UHD, Hi-QLED Mini LED, Smart TV, 144Hz, Hi-View AI Engine, IMAX Enhanced, AI Lichtsensor, Dolby Vision.Atmos, Tuned by DeVialet, FreeSync Premium Pro [2026]",https://www.amazon.de/dp/B0GTVYXL3H,65.0,799.0,799.0,EUR,799.0,Amazon,DE,2026-09-03T08:56:51Z,B0GTVYXL3H,,,,,
Sony,"Sony BRAVIA 3 - Direct LED 65 Zoll Fernseher (K65S32), X-Balanced Speaker, Dolby Vision/Atmos, IMAX Enhanced, Google TV (2025), Google Cast, Apple AirPlay 2, Eco Dashboard 2, Game Menu 2, Smart TV",https://www.amazon.de/dp/B0F4KX8CK4,65.0,749.0,749.0,EUR,749.0,Amazon,DE,2026-09-03T08:56:51Z,B0F4KX8CK4,,,,,
Sony,"Sony BRAVIA 3II 50-Zoll-Fernseher, 4K-Smart-TV (Google TV), XR Prozessor mit KI-Technologie, 120-Hz-Fernseher mit Dolby Vision/Atmos, PS5-kompatibel, 50XR32M2, Modell 2026",https://www.amazon.de/dp/B0GZQ4G7BL,50.0,879.0,879.0,EUR,879.0,Amazon,DE,2026-09-03T08:56:51Z,B0GZQ4G7BL,,,,,
Sony,"Sony BRAVIA 6 4K-OLED-Google-TV, 48 Zoll | 120 Hz, Dolby Vision Atmos 2026, Schwarz",https://www.amazon.de/dp/B0HD8R1N66,48.0,1399.0,1399.0,EUR,1399.0,Amazon,DE,2026-09-03T08:56:51Z,B0HD8R1N66,,,,,
Sony,"Sony BRAVIA 7 II True RGB Fernseher, 75 Zoll, 4K-Smart-TV (Google TV), RGB-LED, XR Prozessor mit KI-Technologie, 120-Hz-Fernseher mit Dolby Vision/Atmos, PS5-kompatibel, Modell 2026 – Schwarz",https://www.amazon.de/dp/B0H2JZD8HX,75.0,2899.0,2899.0,EUR,2899.0,Amazon,DE,2026-09-03T08:56:51Z,B0H2JZD8HX,,,,,
Sony,"Sony BRAVIA 6 4K-OLED-Google-TV, 65 Zoll | 120 Hz, Dolby Vision Atmos 2026, Schwarz",https://www.amazon.de/dp/B0HD87B246,65.0,1799.0,1799.0,EUR,1799.0,Amazon,DE,2026-09-03T08:56:51Z,B0HD87B246,,,,,
Sony,"Sony BRAVIA 2II 75 Zoll Fernseher, 4K Smart TV (Google TV), X1 Prozessor, 4K-Upscaling, Fernseher mit Dolby Atmos und DTS:X, PS5-Kompatibilität, 75S20M2, Modell 2026",https://www.amazon.de/dp/B0GZKYXYQX,75.0,1249.0,1249.0,EUR,1249.0,Amazon,DE,2026-09-03T08:56:51Z,B0GZKYXYQX,,,,,
Samsung,"Samsung The Frame LS03H 4K 43 Zoll (108 cm), UHD Fernseher, Art Mode mit wechselnen Kunstwerken, wandbündiges Built-in Design, Antireflexion mit Glare Free, QLED-Bildqualität, Dolby Atmos, Smart AI TV",https://www.amazon.de/dp/B0GXZN5KXG,43.0,899.99,899.99,EUR,899.99,Amazon,DE,2026-09-03T08:56:51Z,B0GXZN5KXG,,,,,
Samsung,"Samsung The Frame LS03H 4K QLED Fernseher 55 Zoll (138 cm), 2026, Modern Frame Design, NQ4 AI Gen2 Prozessor, Art Mode, Artful Picture Quality, One Connect Kabel, Samsung Vision AI Smart TV",https://www.amazon.de/dp/B0H335TKDF,55.0,1018.67,1018.67,EUR,1018.67,Amazon,DE,2026-09-03T08:56:51Z,B0H335TKDF,,,,,
Samsung,"Samsung The Frame LS03F 4K QLED 43 Zoll (108 cm) UHD, NQ4 AI Gen2 Prozessor, Art Mode, Artful Picture Quality, One Connect Kabel, 2025",https://www.amazon.de/dp/B0F62PWHH9,43.0,573.95,573.95,EUR,573.95,Amazon,DE,2026-09-03T08:56:51Z,B0F62PWHH9,,,,,
Samsung,"Samsung The Frame LS03F 4K QLED 55 Zoll (140 cm) UHD Fernseher, Modern Frame Design, NQ4 AI Gen2 Prozessor, Art Mode, Artful Picture Quality, One Connect Box, Vision Smart TV, 55LS03FA (2025)",https://www.amazon.de/dp/B0FFBKJNRK,55.0,,,,,Amazon,DE,2026-09-03T08:56:51Z,B0FFBKJNRK,,,,,
Samsung,"Samsung The Frame LS03F 4K QLED 43 Zoll (109 cm) UHD Fernseher, Modern Frame Design, NQ4 AI Gen2 Prozessor, Art Mode, Artful Picture Quality, One Connect Box, Vision Smart TV, 43LS03FA (2025)",https://www.amazon.de/dp/B0FFBJV4N6,43.0,568.71,568.71,EUR,568.71,Amazon,DE,2026-09-03T08:56:51Z,B0FFBJV4N6,,,,,
Samsung,"Samsung QLED 4K Fernseher The Frame 43 Zoll, Samsung TV mit mattem Display und austauschbarem Rahmen, Art Mode, Smart TV, GQ43LS03DAUXZG, Deutsches Modell [2024]",https://www.amazon.de/dp/B0CZS4H87H,43.0,729.0,729.0,EUR,729.0,Amazon,DE,2026-09-03T08:56:51Z,B0CZS4H87H,,,,,
Samsung,"TV Samsung The Frame 43"" QLED 4K UHD - TQ43LS03DAU [Länderversion Französisch, Spanisch, Portugiesisch]...[Länderversion Französisch, Spanisch, Portugiesisch]",https://www.amazon.de/dp/B0CXTNBS93,43.0,548.81,548.81,EUR,548.81,Amazon,DE,2026-09-03T08:56:51Z,B0CXTNBS93,,,,,
Samsung,"TV Samsung The Frame 43"" LS03B 4K TQ43LS03BGUXXC",https://www.amazon.de/dp/B0BS3YX4N4,43.0,609.51,609.51,EUR,609.51,Amazon,DE,2026-09-03T08:56:51Z,B0BS3YX4N4,,,,,
Samsung,"Samsung LS03T The Frame 80 cm (32 Zoll) QLED Lifestyle Fernseher (Art Mode, Full HD, Dual LED, HDR 10+, Smart TV) [Modelljahr 2020]",https://www.amazon.de/dp/B085L3VZYR,32.0,519.0,519.0,EUR,519.0,Amazon,DE,2026-09-03T08:56:51Z,B085L3VZYR,,,,,
Samsung,"Samsung LS03R The Frame 108 cm (43 Zoll) QLED Lifestyle Fernseher (Art Mode, Ultra HD, HDR, Smart TV) [Modelljahr 2019]",https://www.amazon.de/dp/B07NHMWRQF,43.0,,,,,Amazon,DE,2026-09-03T08:56:51Z,B07NHMWRQF,,,,,
Samsung,"Samsung LS03R The Frame 123 cm (49 Zoll) QLED Lifestyle Fernseher (Art Mode, Ultra HD, HDR, Smart TV) [Modelljahr 2019]",https://www.amazon.de/dp/B07PP3Y1Q2,49.0,,,,,Amazon,DE,2026-09-03T08:56:51Z,B07PP3Y1Q2,,,,,
LG,"LG 43NANO81T6A TV 43"" (109 cm) NanoCell Fernseher (α5 Gen7 4K AI-Prozessor, webOS 24, HDR10, bis zu 60Hz) [Modelljahr 2024]",https://www.amazon.de/dp/B0CYQ24YY5,43.0,,,,,Amazon,DE,2026-09-03T08:56:51Z,B0CYQ24YY5,,,,,
LG,"LG NANOCELL AI 2025 TV | 55NANO90| 55 Zoll (139cm) | 4K UHD | HDR10 | webOS 25 | Telekommade AI Magic Remote | Alexa, Google Assistant | Netflix Disney+ C+ Prime Video | AirPlay 2 | Reine Farben",https://www.amazon.de/dp/B0F4KP88XQ,55.0,1021.85,1021.85,EUR,1021.85,Amazon,DE,2026-09-03T08:56:51Z,B0F4KP88XQ,,,,,
TCL,"TCL 43V5D QLED 43 Zoll Fernseher, Full HD HDR Smart TV, Fire TV, Direct LED | Apple AirPlay 2, Alexa-kompatibel, Rahmenloses Metalldesign",https://www.amazon.de/dp/B0GYSYBJXK,43.0,259.0,259.0,EUR,259.0,Amazon,DE,2026-09-03T08:56:51Z,B0GYSYBJXK,,,,,
TCL,"TCL 50V6B 50 Zoll, 4K Ultra HD, HDR TV, Smart TV unterstützt von Google TV (Dolby Audio, Motion Clarity, Sprachsteuerung, Kompatibel mit Google Assistant, Chromecast eingebaut",https://www.amazon.de/dp/B0CXF75HGG,50.0,,,,,Amazon,DE,2026-09-03T08:56:51Z,B0CXF75HGG,,,,,
TCL,"TCL 43L5A, 43 Zoll Fernseher, FHD, HDR smart TV unterstützt bei Android TV (Kindermodus, Dolby Audio, kompatibel mit Google Assistant)",https://www.amazon.de/dp/B0D31D6NCR,43.0,,,,,Amazon,DE,2026-09-03T08:56:51Z,B0D31D6NCR,,,,,
Sony,"Sony BRAVIA 7 II True RGB Fernseher, 55 Zoll, 4K-Smart-TV (Google TV), RGB-LED, XR Prozessor mit KI-Technologie, 120-Hz-Fernseher mit Dolby Vision/Atmos, PS5-kompatibel, Modell 2026 – Schwarz",https://www.amazon.de/dp/B0H2JXW744,55.0,1799.0,1799.0,EUR,1799.0,Amazon,DE,2026-09-03T08:56:51Z,B0H2JXW744,,,,,
Sony,"Sony BRAVIA 3II 43-Zoll-Fernseher, 4K-Smart-TV (Google TV), XR Prozessor mit KI-Technologie, 120-Hz-Fernseher mit Dolby Vision/Atmos, PS5-kompatibel, 43XR32M2, Modell 2026",https://www.amazon.de/dp/B0GZQ8F1R6,43.0,769.0,769.0,EUR,769.0,Amazon,DE,2026-09-03T08:56:51Z,B0GZQ8F1R6,,,,,
Sony,"Sony BRAVIA XR, XR-65X90L, 65 Zoll Fernseher, Full Array LED, 4K HDR 120Hz, Google, Smart TV, Works with Alexa, mit exklusiven PS5-Features, HDMI 2.1, Gaming-Menü mit ALLM + VRR, 24 + 12M Garantie",https://www.amazon.de/dp/B0BYPGPSN6,65.0,,,,,Amazon,DE,2026-09-03T08:56:51Z,B0BYPGPSN6,,,,,
Sony,"Sony BRAVIA 2II 50 Zoll Fernseher, 4K Smart TV (Google TV), X1 Prozessor, 4K-Upscaling, Fernseher mit Dolby Atmos und DTS:X, PS5-Kompatibilität, 50S20M2, Modell 2026",https://www.amazon.de/dp/B0GZLDN3SH,50.0,699.0,699.0,EUR,699.0,Amazon,DE,2026-09-03T08:56:51Z,B0GZLDN3SH,,,,,
Samsung,"Samsung QLED Q7F 4K Smart TV 65 Zoll (163 cm) mit AI-Vision, 100% Farbvolumen mit Quantum Dot, HDR10+, Q4 AI Prozessor, One UI Tizen, Wi-Fi, Bluetooth 5.3 und Motion...[Länderversion Ungarisch]",https://www.amazon.de/dp/B0FMRZZJ9Z,65.0,529.0,529.0,EUR,529.0,Amazon,DE,2026-09-03T08:56:51Z,B0FMRZZJ9Z,,,,,
Samsung,Samsung QE43Q72F - QLED TV 43 (109 cm) - 4K UHD 3840x2160 - HDR10+ - Smart TV - Hub di gioco - 3xHDMI - WiFi [Länderversion Spanisch],https://www.amazon.de/dp/B0F225N6PT,43.0,320.03,320.03,EUR,320.03,Amazon,DE,2026-09-03T08:56:51Z,B0F225N6PT,,,,,
Samsung,"Samsung QLED Q7F4 4K 85 Zoll (216 cm) UHD Fernseher, Q4 AI Prozessor, Quantum Dot für Reale Farben, 4K Upscaling, Knox Security, Adaptive Sound, Samsung Vision AI Smart TV, 85Q7F (2025)",https://www.amazon.de/dp/B0FFB5XWRL,85.0,1015.0,1015.0,EUR,1015.0,Amazon,DE,2026-09-03T08:56:51Z,B0FFB5XWRL,,,,,
Samsung,"Samsung Crystal UHD 4K TV 65 Zoll (GU65AU7179UXZG, Deutsches Modell), HDR, Q-Symphony, rahmenloses Design, Smart TV [2021]",https://www.amazon.de/dp/B092R9R3SJ,65.0,689.0,689.0,EUR,689.0,Amazon,DE,2026-09-03T08:56:51Z,B092R9R3SJ,,,,,
Samsung,"Samsung Crystal UHD CU8079 65 Zoll Fernseher TV 4K (GU-65CU8079, Deutsches Modell), HDR10+, Crystal Prozessor 4K, Motion Xcelerator, Smart TV [2023], Schwarz",https://www.amazon.de/dp/B0C1CPV9MW,65.0,699.0,699.0,EUR,699.0,Amazon,DE,2026-09-03T08:56:51Z,B0C1CPV9MW,,,,,
Samsung,"Samsung Neo QLED 4K QN85C 65 Zoll Fernseher (GQ65QN85CATXZG, Deutsches Modell), Neo Quantum HDR, Neural Quantum Prozessor 4K, Dolby Atmos, Smart TV [2023]",https://www.amazon.de/dp/B0BXTB8HQR,65.0,1349.0,1349.0,EUR,1349.0,Amazon,DE,2026-09-03T08:56:51Z,B0BXTB8HQR,,,,,
LG,"LG 50QNED7EB3C TV 50 Zoll, 1270 Mm, 4K QNED Mini LED AI, α7 Gen9 Prozessor, webOS 26, 60Hz, VRR, Modelljahr 2026",https://www.amazon.de/dp/B0GSGZZVB3,50.0,399.0,399.0,EUR,399.0,Amazon,DE,2026-09-03T08:56:51Z,B0GSGZZVB3,,,,,
LG,LG TV QNED Evo (2026) 55 Zoll QNED MiniLED 4K UHD - 55QNED81B6A.AEU,https://www.amazon.de/dp/B0H1JJCFHR,55.0,571.15,571.15,EUR,571.15,Amazon,DE,2026-09-03T08:56:51Z,B0H1JJCFHR,,,,,
LG,"LG QNED AI 2025 TV | 43QNED70 | 43 Zoll (108 cm) | 4K UHD | HDR10 | webOS 25 | AI Magic Remote | Alexa, Google Assistant | Netflix Disney+ K+ Prime Video",https://www.amazon.de/dp/B0FV1XBMNB,43.0,339.99,339.99,EUR,339.99,Amazon,DE,2026-09-03T08:56:51Z,B0FV1XBMNB,,,,,
LG,"LG 75UR78006LK 190 cm (75 Zoll) UHD Fernseher (Active HDR, 60 Hz, Smart TV) [Modelljahr 2023]",https://www.amazon.de/dp/B0BWWKBZ81,75.0,,,,,Amazon,DE,2026-09-03T08:56:51Z,B0BWWKBZ81,,,,,
LG,"LG 55UR78006LK 140 cm (55 Zoll) UHD Fernseher (Active HDR, 60 Hz, Smart TV) [Modelljahr 2023]",https://www.amazon.de/dp/B0C2DG877X,55.0,,,,,Amazon,DE,2026-09-03T08:56:51Z,B0C2DG877X,,,,,
TCL,"TCL 65 Zoll A400U 4K QD LED-Mini-TV, 576 Dimmzonen, 2500 Nits, Google TV, 288 Hz VRR für Spiele.",https://www.amazon.de/dp/B0H3KQR6NF,65.0,,,,,Amazon,DE,2026-09-03T08:56:51Z,B0H3KQR6NF,,,,,
TCL,"TCL 85"" A400U 4K QD Mini-LED Google TV – 1008 Zonen, 2500 Nits, 288 Hz VRR für reibungsloses Streaming und Spielen.",https://www.amazon.de/dp/B0H3KKS66H,85.0,1713.0,1713.0,EUR,1713.0,Amazon,DE,2026-09-03T08:56:51Z,B0H3KKS66H,,,,,
Hisense,"Hisense 55A6S - UHD 4K Smart TV 55 Pulgadas, Escalador IA 4K, Smooth Motion IA, Modo Juego Plus, Dolby Vision, Control por Voz, Filmmaker Mode, Airplay",https://www.amazon.de/dp/B0GJFF3XT7,55.0,379.99,379.99,EUR,379.99,Amazon,DE,2026-09-03T08:56:51Z,B0GJFF3XT7,,,,,
Sony,"Sony BRAVIA 3 - Direct LED 55 Zoll Fernseher (K55S32), X-Balanced Speaker, Dolby Vision/Atmos, IMAX Enhanced, Google TV (2025), Google Cast, Apple AirPlay 2, Eco Dashboard 2, Game Menu 2, Smart TV",https://www.amazon.de/dp/B0F4KXJQ42,55.0,599.0,599.0,EUR,599.0,Amazon,DE,2026-09-03T08:56:51Z,B0F4KXJQ42,,,,,
Sony,"Sony BRAVIA 6 4K-OLED-Google-TV, 55 Zoll | 120 Hz, Dolby Vision Atmos 2026, Schwarz",https://www.amazon.de/dp/B0HD8TJTZH,55.0,1499.0,1499.0,EUR,1499.0,Amazon,DE,2026-09-03T08:56:51Z,B0HD8TJTZH,,,,,
Sony,"Sony KD-55XE8096 139 cm (55 Zoll) Fernseher (Ultra HD, HD Triple Tuner, Android-TV, X-Reality PRO, Triluminos Display, USB Aufnahmefunktion)",https://www.amazon.de/dp/B06X99QFKM,55.0,,,,,Amazon,DE,2026-09-03T08:56:51Z,B06X99QFKM,,,,,
Samsung,"Samsung Neo QLED 8K QN990F 75 Zoll (189 cm) Mini LED Fernseher, Antireflexion, NQ8 AI Gen3 Prozessor, 8K Upscaling Pro, Wireless One Connect, Art Store Galerie, Samsung Vision AI Smart TV",https://www.amazon.de/dp/B0DFVG7XK3,75.0,3599.0,3599.0,EUR,3599.0,Amazon,DE,2026-09-03T08:56:51Z,B0DFVG7XK3,,,,,
Samsung,"Samsung Neo QLED 8K QN990F 65 Zoll (165 cm) Mini LED, 8K Fernseher, NQ8 AI Gen3 Prozessor, Upscaling Pro, Glare Free, Wireless One Connect, Art Galerie, Vision Smart TV, 65QN990F (2025)",https://www.amazon.de/dp/B0FBX878JM,65.0,3299.0,3299.0,EUR,3299.0,Amazon,DE,2026-09-03T08:56:51Z,B0FBX878JM,,,,,
Samsung,"Samsung TV 75"" (2025) Neo QLED 8K UHD - TQ75QN990FTXXC [Länderversion Französisch, Spanisch, Portugiesisch]...[Länderversion Französisch, Spanisch, Portugiesisch]",https://www.amazon.de/dp/B0F2219MC8,75.0,4196.74,4196.74,EUR,4196.74,Amazon,DE,2026-09-03T08:56:51Z,B0F2219MC8,,,,,
Samsung,"Samsung 85 Zoll Mini TV Neo QLED QN990F 8K Mini LED, Smart TV mit AI-Vision, kabelfreie Verbindung, Glare Free Bildschirm und bis zu 240 Hz [Länderversion Spanisch]",https://www.amazon.de/dp/B0F21ZWSMZ,85.0,6804.57,6804.57,EUR,6804.57,Amazon,DE,2026-09-03T08:56:51Z,B0F21ZWSMZ,,,,,
Samsung,"Samsung Neo QLED 8K QN990F 75 Zoll (191 cm) Mini LED, 8K Fernseher, NQ8 AI Gen3 Prozessor, Upscaling Pro, Glare Free, Wireless One Connect, Art Galerie, Vision Smart TV, 75QN990F (2025)",https://www.amazon.de/dp/B0FBX9QJKV,75.0,5899.0,5899.0,EUR,5899.0,Amazon,DE,2026-09-03T08:56:51Z,B0FBX9QJKV,,,,,
Samsung,"Samsung TV QN80F (2025) 100"" Neo QLED 4K UHD 100Hz [Länderversion Französisch, Spanisch, Portugiesisch]...[Länderversion Französisch, Spanisch, Portugiesisch]",https://www.amazon.de/dp/B0F22834RH,100.0,,,,,Amazon,DE,2026-09-03T08:56:51Z,B0F22834RH,,,,,
Samsung,"Samsung Neo QLED 4K QN80F 100 Zoll (254 cm) Mini LED Fernseher, NQ4 AI Gen2 Prozessor, Quantum Matrix Technology Core, 4K Upscaling, Dolby Atmos, Knox Security, Samsung Vision AI Smart TV",https://www.amazon.de/dp/B0DFVNBT5G,100.0,,,,,Amazon,DE,2026-09-03T08:56:51Z,B0DFVNBT5G,,,,,
Samsung,"Samsung QLED 4K The Frame 55 Zoll Fernseher (GQ55LS03BGUXZG, Deutsches Modell), mattes Display, austauschbare Rahmen, Art Mode, Smart TV [2023]",https://www.amazon.de/dp/B0BXT9Z2NF,55.0,,,,,Amazon,DE,2026-09-03T08:56:51Z,B0BXT9Z2NF,,,,,
Samsung,"Samsung Neo QLED 4K TV QN85A 55 Zoll (GQ55QN85AATXZG), Quantum HDR 1500, Quantum-Matrix-Technologie, Ultra Viewing Angle [2021]",https://www.amazon.de/dp/B092RCTKQS,55.0,,,,,Amazon,DE,2026-09-03T08:56:51Z,B092RCTKQS,,,,,
Samsung,"Samsung Neo QLED 4K QN90B 65 Zoll Fernseher (GQ65QN90BATXZG, Deutsches Modell), Quantum HDR 2000, Neo Quantum Prozessor 4K, Dolby Atmos, Smart TV [2022]",https://www.amazon.de/dp/B09TRL5PMC,65.0,,,,,Amazon,DE,2026-09-03T08:56:51Z,B09TRL5PMC,,,,,
LG,"LG 75QNED83B6A TV 75 Zoll (190 cm) 4K QNED evo Mini LED AI TV (α8 Gen3 4K AI Prozessor, webOS 26, 120Hz (VRR bis zu 144Hz)) [Modelljahr 2026] [Energieklasse F]",https://www.amazon.de/dp/B0GSGRMNR3,75.0,1049.0,1049.0,EUR,1049.0,Amazon,DE,2026-09-03T08:56:51Z,B0GSGRMNR3,,,,,
LG,LG 43QNED80A6A QNED evo AI,https://www.amazon.de/dp/B0FY7KG858,43.0,,,,,Amazon,DE,2026-09-03T08:56:51Z,B0FY7KG858,,,,,
Samsung,"Samsung QLED 4K Q80B 50 Zoll Fernseher (GQ50Q80BATXZG, Deutsches Modell), Quantum HDR 1500, Quantum Prozessor 4K, Dolby Atmos, Smart TV [2022]",https://www.amazon.de/dp/B09VTGJBP2,50.0,596.37,596.37,EUR,596.37,Amazon,DE,2026-09-03T08:56:51Z,B09VTGJBP2,,,,,
Sony,"Sony BRAVIA 6 4K-OLED-Google-TV, 83 Zoll | 120 Hz, Dolby Vision Atmos 2026, Schwarz",https://www.amazon.de/dp/B0HD8R2NBG,83.0,3299.0,3299.0,EUR,3299.0,Amazon,DE,2026-09-03T08:56:51Z,B0HD8R2NBG,,,,,
Sony,"Sony KD-55XH90 Bravia Full Array LED High Dynamic Range (HDR) Android Fernseher, Schwarz, 55 Zoll",https://www.amazon.de/dp/B089QW2Y9N,55.0,1133.0,1133.0,EUR,1133.0,Amazon,DE,2026-09-03T08:56:51Z,B089QW2Y9N,,,,,
Samsung,"Samsung Micro RGB R85H 4K 55 Zoll (138 cm), UHD Fernseher, Micro RGB HDR+ & AI Engine für realitätsnahe Farben, Dolby Atmos, Gaming Hub, Motion Xcelerator 144Hz, AI Companion für Fragen, Smart TV",https://www.amazon.de/dp/B0GXZHQ5ZC,55.0,1333.0,1333.0,EUR,1333.0,Amazon,DE,2026-09-03T08:56:51Z,B0GXZHQ5ZC,,,,,
Samsung,"Samsung TV Micro RGB R85H 75"" 4K Smart TV mit IA",https://www.amazon.de/dp/B0GK2BT41M,75.0,2179.14,2179.14,EUR,2179.14,Amazon,DE,2026-09-03T08:56:51Z,B0GK2BT41M,,,,,
Samsung,"Samsung Neo QLED 4K QN85D UHD Fernseher 85 Zoll (214 cm), NQ 4K AI Gen2 Prozessor, HDR Mini LED TV, AI Upscaling, Smart TV, Dolby Atmos Sound, Gaming Hub, Motion Xcelerator 120Hz, Knox Security",https://www.amazon.de/dp/B0CZRZXPXZ,85.0,2249.0,2249.0,EUR,2249.0,Amazon,DE,2026-09-03T08:56:51Z,B0CZRZXPXZ,,,,,
Samsung,"Samsung Neo QLED 4K QN85B 55 Zoll Fernseher (GQ55QN85BATXZG, Deutsches Modell), Quantum HDR 1500, Neo Quantum Prozessor 4K, Dolby Atmos, Smart TV [2022]",https://www.amazon.de/dp/B09TRLJHFL,55.0,899.0,899.0,EUR,899.0,Amazon,DE,2026-09-03T08:56:51Z,B09TRLJHFL,,,,,
Samsung,"Samsung 65 Zoll QN80H LED Mini TV 4K QD, leistungsstarke Bildverarbeitung, klares und kontrastreiches Display für Filme, Sport, Spiele",https://www.amazon.de/dp/B0H3KSM4F4,65.0,1322.8,1322.8,EUR,1322.8,Amazon,DE,2026-09-03T08:56:51Z,B0H3KSM4F4,,,,,
Samsung,"Samsung TV 85"" (2025) Neo QLED 4K UHD - TQ85QN90FATXXC [Länderversion Französisch, Spanisch, Portugiesisch]...[Länderversion Französisch, Spanisch, Portugiesisch]",https://www.amazon.de/dp/B0F224SMXB,85.0,3599.0,3599.0,EUR,3599.0,Amazon,DE,2026-09-03T08:56:51Z,B0F224SMXB,,,,,
Samsung,"Samsung QLED 4K Q70C 85 Zoll Fernseher (GQ85Q70CATXZG, Deutsches Modell), Quantum Prozessor 4K, Motion Xcelerator Turbo+, Quantum HDR, Smart TV [2023]",https://www.amazon.de/dp/B0BXT9WQ2S,85.0,1849.0,1849.0,EUR,1849.0,Amazon,DE,2026-09-03T08:56:51Z,B0BXT9WQ2S,,,,,
Samsung,"Samsung Neo QLED 8K QN900C 85 Zoll Fernseher (GQ85QN900CTXZG, Deutsches Modell), HDR 8K Pro, Neural Quantum Prozessor, Infinity Screen, Smart TV [2023]",https://www.amazon.de/dp/B0BXTBLXP4,85.0,6850.0,6850.0,EUR,6850.0,Amazon,DE,2026-09-03T08:56:51Z,B0BXTBLXP4,,,,,
Samsung,"Samsung QLED 4K The Frame 85 Zoll Fernseher (GQ85LS03BAUXZG, Deutsches Modell), mattes Display, austauschbare Rahmen, Art Mode, Smart TV [2022]",https://www.amazon.de/dp/B09TRK5VMC,85.0,3589.0,3589.0,EUR,3589.0,Amazon,DE,2026-09-03T08:56:51Z,B09TRK5VMC,,,,,
Samsung,"Samsung QLED 4K Q80B 85 Zoll Fernseher (GQ85Q80BATXZG, Deutsches Modell), Quantum HDR 1500, Quantum Prozessor 4K, Dolby Atmos, Smart TV [2022]",https://www.amazon.de/dp/B09VTH39YW,85.0,,,,,Amazon,DE,2026-09-03T08:56:51Z,B09VTH39YW,,,,,
Samsung,"Samsung Series 6 QE85Q60CAU 2,16 m (85"") 4K Ultra HD Smart TV WiFi Noir",https://www.amazon.de/dp/B0C278XF7J,85.0,1800.0,1800.0,EUR,1800.0,Amazon,DE,2026-09-03T08:56:51Z,B0C278XF7J,,,,,
Samsung,"Samsung The Frame Pro 4K LS03FW Vision AI Smart TV (2025) 85' Smart TV Display mit Matter Oberfläche, wechselbarem Rahmen und 4K AI Gen2 Processor",https://www.amazon.de/dp/B0F7HTQ4Z7,85.0,,,,,Amazon,DE,2026-09-03T08:56:51Z,B0F7HTQ4Z7,,,,,
LG,LG TV AI NANO81 (2025) 86 Zoll NanoCell UHD 4K - 86NANO81A6A,https://www.amazon.de/dp/B0F2GGYGH4,86.0,959.0,959.0,EUR,959.0,Amazon,DE,2026-09-03T08:56:51Z,B0F2GGYGH4,,,,,
LG,"LG 43QNED86A6C TV 43 Zoll (109 cm) 4K QNED evo AI TV (α7 Gen8 4K AI Prozessor, webOS 25, 60Hz) [Modelljahr 2025]",https://www.amazon.de/dp/B0F3DPVC82,43.0,439.99,439.99,EUR,439.99,Amazon,DE,2026-09-03T08:56:51Z,B0F3DPVC82,,,,,
LG,"LG 86QNED82A6B, 86 Zoll (218 cm), 4K QNED AI TV, α7 Gen8 Prozessor, webOS 25, 60Hz, Modelljahr 2025",https://www.amazon.de/dp/B0F2275Q5H,86.0,,,,,Amazon,DE,2026-09-03T08:56:51Z,B0F2275Q5H,,,,,
LG,"LG 50QNED86T6A TV 50"" (127 cm) QNED Fernseher (α8 4K AI-Prozessor, webOS 24, HDR10, bis zu 120Hz) [Modelljahr 2024]",https://www.amazon.de/dp/B0CYPY2CW8,50.0,,,,,Amazon,DE,2026-09-03T08:56:51Z,B0CYPY2CW8,,,,,
TCL,"TCL 85C7K 85 Zoll QD-Mini LED Fernseher, 4K HDR Premium 3000, Smart Google TV mit 144Hz Motion Clarity Pro (Dolby Vision IQ & Atmos, CrystGlow HVA Panel, Audio von Bang & Olufsen, Game Master)",https://www.amazon.de/dp/B0F5BSK9JW,85.0,1838.16,1838.16,EUR,1838.16,Amazon,DE,2026-09-03T08:56:51Z,B0F5BSK9JW,,,,,
TCL,"TCL 75T6C 75 Zoll QLED Fernseher, 4K UHD Fire TV, HDR10+, Dolby Vision & Atmos, Smart TV mit Sprachsteuerung mit Alexa, Google Cast & AirPlay 2, HDMI 2.1",https://www.amazon.de/dp/B0DW996637,75.0,549.0,549.0,EUR,549.0,Amazon,DE,2026-09-03T08:56:51Z,B0DW996637,,,,,
Samsung,Samsung 75 Zoll Micro RGB R95H 4K Samsung Vision AI Smart TV (2026),https://www.amazon.de/dp/B0H8SG4WXL,75.0,4599.0,4599.0,EUR,4599.0,Amazon,DE,2026-09-03T08:56:51Z,B0H8SG4WXL,,,,,
Samsung,Samsung 65 Zoll Micro RGB R95H 4K Samsung Vision AI Smart TV (2026),https://www.amazon.de/dp/B0H8SQBLF3,65.0,,,,,Amazon,DE,2026-09-03T08:56:51Z,B0H8SQBLF3,,,,,
Samsung,"Samsung Neo QLED QN80H 4K 100 Zoll (254 cm), UHD Fernseher, Quantum-Mini-LED für ultrafeine Kontraste, 4K AI Upscaling, Adaptive Sound Pro, Gaming Hub, Motion Xcelerator 144Hz, AI Companion, Smart TV",https://www.amazon.de/dp/B0GXZQDPFD,100.0,3699.0,3699.0,EUR,3699.0,Amazon,DE,2026-09-03T08:56:51Z,B0GXZQDPFD,,,,,
Samsung,"Samsung OLED S95H 4K 48 Zoll (121 cm), UHD Fernseher, Antireflexion mit Glare Free, OLED HDR pro, Ultimate Gaming Pack (NVIDIA G-SYNC & AMD FreeSync Pro) mit 165Hz, HDMI 2.1, Dolby Atmos, Smart AI TV",https://www.amazon.de/dp/B0GXZM9K15,48.0,1539.0,1539.0,EUR,1539.0,Amazon,DE,2026-09-03T08:56:51Z,B0GXZM9K15,,,,,
Samsung,"Samsung OLED S99H 4K 77 Zoll (195 cm), UHD Fernseher, Antireflexion mit Glare Free, FloatLayer OLED Design mit Metallrahmen, bündige Wandmontage, Dolby Atmos, bis 165Hz, AI Companion, Smart AI TV",https://www.amazon.de/dp/B0GXZJ6J6Q,77.0,,,,,Amazon,DE,2026-09-03T08:56:51Z,B0GXZJ6J6Q,,,,,
Samsung,"Samsung OLED S90H 4K 77 Zoll (195 cm), UHD Fernseher, Antireflexion mit Glare Free, OLED HDR+, Ultimate Gaming Pack (NVIDIA G-SYNC & AMD FreeSync Pro) mit 165Hz, HDMI 2.1, Dolby Atmos, Smart AI TV",https://www.amazon.de/dp/B0GXZQ647Z,77.0,3149.0,3149.0,EUR,3149.0,Amazon,DE,2026-09-03T08:56:51Z,B0GXZQ647Z,,,,,
Samsung,"Samsung OLED S90H 4K 48 Zoll (121 cm), UHD Fernseher, Antireflexion mit Glare Free, OLED HDR+, Ultimate Gaming Pack (NVIDIA G-SYNC & AMD FreeSync Pro) mit 165Hz, HDMI 2.1, Dolby Atmos, Smart AI TV",https://www.amazon.de/dp/B0GXZMQDTZ,48.0,1489.0,1489.0,EUR,1489.0,Amazon,DE,2026-09-03T08:56:51Z,B0GXZMQDTZ,,,,,
Samsung,Samsung Neo QLED QN80H 98 Zoll 4K Smart TV mit IA,https://www.amazon.de/dp/B0GHS3TTGN,98.0,2568.55,2568.55,EUR,2568.55,Amazon,DE,2026-09-03T08:56:51Z,B0GHS3TTGN,,,,,
Samsung,"Samsung Neo QLED 4K QN95B 85 Zoll Fernseher (GQ85QN95BATXZG, Deutsches Modell), Quantum HDR 2000, Neural Quantum Prozessor 4K, Dolby Atmos, Smart TV [2022], Strahlendes Silber",https://www.amazon.de/dp/B09TRK9PLC,85.0,4529.0,4529.0,EUR,4529.0,Amazon,DE,2026-09-03T08:56:51Z,B09TRK9PLC,,,,,
Samsung,"Samsung Neo QLED 4K QN95B 75 Zoll Fernseher (GQ75QN95BATXZG, Deutsches Modell), Quantum HDR 2000, Neural Quantum Prozessor 4K, Dolby Atmos, Smart TV [2022]",https://www.amazon.de/dp/B09TRJCRZY,75.0,2499.0,2499.0,EUR,2499.0,Amazon,DE,2026-09-03T08:56:51Z,B09TRJCRZY,,,,,
Samsung,"Samsung Neo QLED 4K QN95B 65 Zoll Fernseher (GQ65QN95BATXZG, Deutsches Modell), Quantum HDR 2000, Neural Quantum Prozessor 4K, Dolby Atmos, Smart TV [2022]",https://www.amazon.de/dp/B09TRKM29F,65.0,,,,,Amazon,DE,2026-09-03T08:56:51Z,B09TRKM29F,,,,,
Samsung,"Samsung Neo QLED 4K QN95C 55 Zoll Fernseher (GQ55QN95CATXZG), Neo Quantum HDR+, Infinity One Design, Neural Quantum Prozessor 4K [2023]",https://www.amazon.de/dp/B0CH8RX2MF,55.0,,,,,Amazon,DE,2026-09-03T08:56:51Z,B0CH8RX2MF,,,,,
Samsung,"Samsung Neo QLED 4K TV QN90A 43 Zoll (GQ43QN90AATXZG), Quantum HDR 1500), Quantum-Matrix-Technologie, Motion Xcelerator Turbo+ [2021]",https://www.amazon.de/dp/B09G6XRBBT,43.0,999.0,999.0,EUR,999.0,Amazon,DE,2026-09-03T08:56:51Z,B09G6XRBBT,,,,,
Samsung,"Samsung QLED 4K Q95T 65 Zoll (GQ65Q95TDTXZG), Quantum Prozessor 4K, Direct Full Array, Quantum HDR 2000, Carbonsilber",https://www.amazon.de/dp/B0B1VVH32G,65.0,,,,,Amazon,DE,2026-09-03T08:56:51Z,B0B1VVH32G,,,,,
LG,"LG OLED77B4ELA TV 195 cm (77 Zoll) OLED Fernseher (α8 4K AI-Prozessor, webOS 24, Dolby Vision, bis zu 120Hz) [Modelljahr 2024]",https://www.amazon.de/dp/B0DDTXJ355,77.0,2249.39,2249.39,EUR,2249.39,Amazon,DE,2026-09-03T08:56:51Z,B0DDTXJ355,,,,,
LG,"LG OLED55C37LA TV 139 cm (55 Zoll) OLED evo Fernseher (Smart TV, Brightness Booster, 120 Hz) [Modelljahr 2023]",https://www.amazon.de/dp/B0BWWKT2FB,55.0,,,,,Amazon,DE,2026-09-03T08:56:51Z,B0BWWKT2FB,,,,,
LG,"LG 55QNED70B3C, 55"" 4K QNED MiniLED Smart TV, 3840x2160, DVB-T2/C/S2, Alpha 7 AI Processor, HDR10 / HLG, webOS 26 ThinQ, VRR/ALLM/HGiG, 4K Super Upscaling, WiFi 5, Bluetooth 5.3, AirPlay 2, LAN,CI",https://www.amazon.de/dp/B0H6QRP9BT,55.0,549.0,549.0,EUR,549.0,Amazon,DE,2026-09-03T08:56:51Z,B0H6QRP9BT,,,,,
LG,LG 75QNED80A6A QNED evo AI,https://www.amazon.de/dp/B0FL251RWF,65.0,,,,,Amazon,DE,2026-09-03T08:56:51Z,B0FL251RWF,,,,,
LG,LG QNED 4K TV - 75QNED85A6C,https://www.amazon.de/dp/B0F39C3NWV,75.0,,,,,Amazon,DE,2026-09-03T08:56:51Z,B0F39C3NWV,,,,,
TCL,"TCL 55T6C 55 Zoll QLED Fernseher, 4K UHD Fire TV, HDR10+, Dolby Vision & Atmos, Smart TV mit Sprachsteuerung mit Alexa, Google Cast & AirPlay 2",https://www.amazon.de/dp/B0DW9698LP,55.0,299.0,299.0,EUR,299.0,Amazon,DE,2026-09-03T08:56:51Z,B0DW9698LP,,,,,
Hisense,"Hisense 65U8Q Fernseher, 65 Zoll (164cm), 4K UHD ULED, Smart TV, 165Hz Game Mode Ultra, Mini LED PRO, Hi-View AI Engine PRO, QLED Colour mit Pantone, Dolby Vision.Atmos, IMAX Enhanced, Filmmaker Mode",https://www.amazon.de/dp/B0F1WBGQBM,65.0,,,,,Amazon,DE,2026-09-03T08:56:51Z,B0F1WBGQBM,,,,,
Samsung,"Samsung OLED S85H 4K 55 Zoll (138 cm), UHD Fernseher, OLED HDR, Premium Gaming Pack (NVIDIA G-SYNC & AMD FreeSync Premium) mit 120Hz, HDMI 2.1, Dolby Atmos, AI Companion für Fragen, Smart AI TV",https://www.amazon.de/dp/B0GXZMW88Y,55.0,1474.41,1474.41,EUR,1474.41,Amazon,DE,2026-09-03T08:56:51Z,B0GXZMW88Y,,,,,
LG,"LG TV (2026) NanoCell 65"" LED UHD 4K - 65NU850B6LA",https://www.amazon.de/dp/B0H1JGZQVN,65.0,625.38,625.38,EUR,625.38,Amazon,DE,2026-09-03T08:56:51Z,B0H1JGZQVN,,,,,
TCL,"TCL 75C7L Fernseher 75 Zoll SQD-Mini LED 4K Smart TV, 2600 Nits HDR Premium, 144Hz Motion Clarity Pro, Game Master Pro, ZeroBorder, Google TV",https://www.amazon.de/dp/B0GVSSJFDT,75.0,,,,,Amazon,DE,2026-09-03T08:56:51Z,B0GVSSJFDT,,,,,
Hisense,"Hisense 75E7S 189cm 75"" 4K QLED Smart TV Fernseher (75E7S)",https://www.amazon.de/dp/B0GNDJ3WZT,75.0,659.0,659.0,EUR,659.0,Amazon,DE,2026-09-03T08:56:51Z,B0GNDJ3WZT,,,,,
Sony,"Sony BRAVIA 3II 75-Zoll-Fernseher, 4K-Smart-TV (Google TV), XR Prozessor mit KI-Technologie, 120-Hz-Fernseher mit Dolby Vision/Atmos, PS5-kompatibel, 75XR32M2, Modell 2026",https://www.amazon.de/dp/B0GZQ9F4Y3,75.0,1499.0,1499.0,EUR,1499.0,Amazon,DE,2026-09-03T08:56:51Z,B0GZQ9F4Y3,,,,,
Samsung,"Samsung 55"" S85H 4K OLED TV - Leuchtender Pixelkontrast, 120Hz Bewegung, NQ4 AI Gen2 Prozessor",https://www.amazon.de/dp/B0H3KMSFTZ,55.0,1441.72,1441.72,EUR,1441.72,Amazon,DE,2026-09-03T08:56:51Z,B0H3KMSFTZ,,,,,
LG,"LG 43NU800B3LC Nano 4K UHD TV, 43 Zoll, α7 Gen9 4K AI Prozessor, webOS 26, 60Hz, VRR bis zu 60Hz, Modelljahr 2026, Energieklasse F",https://www.amazon.de/dp/B0HDZ6LQL8,43.0,349.0,349.0,EUR,349.0,Amazon,DE,2026-09-03T08:56:51Z,B0HDZ6LQL8,,,,,
TCL,"TCL 85C7L Fernseher 85 Zoll SQD-Mini LED 4K Smart TV, 2600 nits HDR Premium, 144Hz Motion Clarity Pro, Game Master Pro, ZeroBorder, Google TV",https://www.amazon.de/dp/B0GVT5HYB3,85.0,,,,,Amazon,DE,2026-09-03T08:56:51Z,B0GVT5HYB3,,,,,
Hisense,"Hisense 85E7S 215 cm (85"" ) 4K QLED Hi-QLED Smart TV VIDAA OS Schwarz",https://www.amazon.de/dp/B0GNCGYDGJ,85.0,,,,,Amazon,DE,2026-09-03T08:56:51Z,B0GNCGYDGJ,,,,,
Sony,"Sony BRAVIA 3II 85-Zoll-Fernseher, 4K-Smart-TV (Google TV), XR Prozessor mit KI-Technologie, 120-Hz-Fernseher mit Dolby Vision/Atmos, PS5-kompatibel, 85XR35M2, Modell 2026",https://www.amazon.de/dp/B0GZQJC7W6,85.0,1859.0,1859.0,EUR,1859.0,Amazon,DE,2026-09-03T08:56:51Z,B0GZQJC7W6,,,,,
Samsung,Samsung QE65S85HAE - Fernseher 65 Zoll Smart TV 4K 3840 x 2160 OLED DVB-T2 Wifi Schwarz Energieklasse F,https://www.amazon.de/dp/B0H4M5WWY9,65.0,,,,,Amazon,DE,2026-09-03T08:56:51Z,B0H4M5WWY9,,,,,
LG,LG UHD TV AI 2026 | 43NU80 | 43 Zoll (108 cm),https://www.amazon.de/dp/B0GTRJ4LRS,43.0,,,,,Amazon,DE,2026-09-03T08:56:51Z,B0GTRJ4LRS,,,,,
TCL,"TCL 65C8L SQD-Mini LED 65 Zoll Fernseher, 4K Smart TV, Google TV, HDR10+",https://www.amazon.de/dp/B0GTZLF677,65.0,,,,,Amazon,DE,2026-09-03T08:56:51Z,B0GTZLF677,,,,,
Hisense,"Hisense 32A4S - HD Smart TV 32 Pulgadas, Natural Colour Enhancer, Dolby Audio, Share to TV, Reducción de Ruido, Modo Juego, Airplay, Smart Home Ready",https://www.amazon.de/dp/B0GJFWX36Y,32.0,177.0,177.0,EUR,177.0,Amazon,DE,2026-09-03T08:56:51Z,B0GJFWX36Y,,,,,
Sony,"Sony BRAVIA 3II 100-Zoll-Fernseher, 4K-Smart-TV (Google TV), XR Prozessor mit KI-Technologie, 120-Hz-Fernseher mit Dolby Vision/Atmos, PS5-kompatibel, 100XR35M2, Modell 2026",https://www.amazon.de/dp/B0GZQB773S,100.0,2799.0,2799.0,EUR,2799.0,Amazon,DE,2026-09-03T08:56:51Z,B0GZQB773S,,,,,
Samsung,"Samsung OLED S85H 4K 65 Zoll (163 cm), UHD Fernseher, OLED HDR, Premium Gaming Pack (NVIDIA G-SYNC & AMD FreeSync Premium) mit 120Hz, HDMI 2.1, Dolby Atmos, AI Companion für Fragen, Smart AI TV",https://www.amazon.de/dp/B0GXZTVXCY,65.0,1999.0,1999.0,EUR,1999.0,Amazon,DE,2026-09-03T08:56:51Z,B0GXZTVXCY,,,,,
LG,"LG 50NU800B3LC Nano 4K UHD TV, 50 Zoll, α7 Gen9 4K AI Prozessor, webOS 26, 60Hz, VRR bis zu 60Hz, Modelljahr 2026, Energieklasse F",https://www.amazon.de/dp/B0HDYZB42R,50.0,419.0,419.0,EUR,419.0,Amazon,DE,2026-09-03T08:56:51Z,B0HDYZB42R,,,,,
TCL,"TCL 32S5L - Fernseher 32 Zoll Smart TV Full HD DVB-T2 H.264, H.265 Schwarz Energieklasse F",https://www.amazon.de/dp/B0H2JF9P45,32.0,199.99,199.99,EUR,199.99,Amazon,DE,2026-09-03T08:56:51Z,B0H2JF9P45,,,,,
Hisense,"Hisense 50A5S LED-TV, 50 Zoll (127 cm), Full HD, Smart TV VIDAA U7.6, USB-C-Anschluss (Mobile to TV), Dolby Audio & DTS HD, Bluetooth, WLAN, schwarz",https://www.amazon.de/dp/B0GJ5TLQHW,50.0,,,,,Amazon,DE,2026-09-03T08:56:51Z,B0GJ5TLQHW,,,,,
Sony,"Sony BRAVIA 2II 65 Zoll Fernseher, 4K Smart TV (Google TV), X1 Prozessor, 4K-Upscaling, Fernseher mit Dolby Atmos und DTS:X, PS5-Kompatibilität, 65S20M2, Modell 2026",https://www.amazon.de/dp/B0GZKY262Y,65.0,969.0,969.0,EUR,969.0,Amazon,DE,2026-09-03T08:56:51Z,B0GZKY262Y,,,,,
Samsung,"Samsung 65"" S85H 4K OLED TV – Leuchtpixel, 120 Hz Bewegung, NQ4 AI Gen2 Prozessor, intelligente Funktionen",https://www.amazon.de/dp/B0H3KTGC7M,65.0,,,,,Amazon,DE,2026-09-03T08:56:51Z,B0H3KTGC7M,,,,,
LG,"LG 55NU800B3LC Nano 4K UHD TV, 55 Zoll, α7 Gen9 4K AI Prozessor, webOS 26, 60Hz, VRR bis zu 60Hz, Modelljahr 2026, Energieklasse F",https://www.amazon.de/dp/B0HGRXT24R,55.0,469.99,469.99,EUR,469.99,Amazon,DE,2026-09-03T08:56:51Z,B0HGRXT24R,,,,,
TCL,"TCL 85X11L SQD-Mini LED 85 Zoll Fernseher, 4K Smart TV, Google TV, HDR10+",https://www.amazon.de/dp/B0GV4DDPZD,85.0,4509.0,4509.0,EUR,4509.0,Amazon,DE,2026-09-03T08:56:51Z,B0GV4DDPZD,,,,,
Hisense,"Hisense 50A6S TV 2026 4K UHD 50 Zoll (127 cm), Smart TV HomeOS U9.5, Dolby Vision HDR, Game Mode Plus (VRR 60 Hz), DTS Virtual:X, Alexa integriert, Schwarz",https://www.amazon.de/dp/B0GJFVQDWB,50.0,,,,,Amazon,DE,2026-09-03T08:56:51Z,B0GJFVQDWB,,,,,
Sony,"Sony BRAVIA 5 XR Mini-LED 75 Zoll Fernseher (K75XR55), AI XR-Prozessor, akustisches Multi-Audio, Dolby Vision/Atmos, IMAX Enhanced, Google TV (2025), Google Cast, Apple AirPlay 2, Game Menu, Smart TV",https://www.amazon.de/dp/B0F4L4JSYM,75.0,,,,,Amazon,DE,2026-09-03T08:56:51Z,B0F4L4JSYM,,,,,
Samsung,"Samsung OLED S85H 4K 77 Zoll (195 cm), UHD Fernseher, OLED HDR, Premium Gaming Pack (NVIDIA G-SYNC & AMD FreeSync Premium) mit 120Hz, HDMI 2.1, Dolby Atmos, AI Companion für Fragen, Smart AI TV",https://www.amazon.de/dp/B0GXZQ6FFF,77.0,2699.0,2699.0,EUR,2699.0,Amazon,DE,2026-09-03T08:56:51Z,B0GXZQ6FFF,,,,,
LG,LG QNED Evo AI 43 Zoll (2026) QNED Mini-LED 4K UHD - 43QNED81B6C,https://www.amazon.de/dp/B0H1JLYV4C,43.0,540.05,540.05,EUR,540.05,Amazon,DE,2026-09-03T08:56:51Z,B0H1JLYV4C,,,,,
TCL,"TCL 55C7K QD-Mini LED Fernseher, 55 Zoll, 4K HDR Premium, Dolby Vision IQ & Atmos, Bang & Olufsen Sound, Smart TV mit Google TV, 144Hz, HDMI 2.1, AMD FreeSync Premium Pro, AirPlay 2, Google Assistant",https://www.amazon.de/dp/B0F5BP4KFM,55.0,,,,,Amazon,DE,2026-09-03T08:56:51Z,B0F5BP4KFM,,,,,
Hisense,"Hisense 50E7S Pro – QLED TV 50 Zoll (126 cm), 4K UHD, 144 Hz Nativ, Dolby Vision IQ & Atmos, HDMI 2.1, FreeSync Premium, Smart TV VIDAA U9.5, integrierte Alexa Sprachsteuerung, Modell 2026",https://www.amazon.de/dp/B0GR77T4BZ,50.0,442.03,442.03,EUR,442.03,Amazon,DE,2026-09-03T08:56:51Z,B0GR77T4BZ,,,,,
Sony,"Sony BRAVIA 5 XR Mini-LED 85 Zoll Fernseher (K85XR55), AI XR-Prozessor, akustisches Multi-Audio, Dolby Vision/Atmos, IMAX Enhanced, Google TV (2025), Google Cast, Apple AirPlay 2, Game Menu, Smart TV",https://www.amazon.de/dp/B0F4KZW14B,85.0,,,,,Amazon,DE,2026-09-03T08:56:51Z,B0F4KZW14B,,,,,
Samsung,"Samsung OLED S85H 4K 83 Zoll (210 cm), UHD Fernseher, OLED HDR, Premium Gaming Pack (NVIDIA G-SYNC & AMD FreeSync Premium) mit 120Hz, HDMI 2.1, Dolby Atmos, AI Companion für Fragen, Smart AI TV",https://www.amazon.de/dp/B0GXZQW4BX,83.0,3199.0,3199.0,EUR,3199.0,Amazon,DE,2026-09-03T08:56:51Z,B0GXZQW4BX,,,,,
LG,LG TV 50 Zoll (2026) QNED MiniLED 4K UHD - 50QNED81B6C,https://www.amazon.de/dp/B0H1JCCN4Q,50.0,,,,,Amazon,DE,2026-09-03T08:56:51Z,B0H1JCCN4Q,,,,,
TCL,"TCL 65C7K 65 Zoll QD-Mini LED Fernseher, 4K HDR Premium 2600, Smart Google TV mit 144Hz Motion Clarity Pro (Dolby Vision IQ & Atmos, CrystGlow HVA Panel, Audio von Bang & Olufsen, Game Master)",https://www.amazon.de/dp/B0F5BRZSTR,65.0,,,,,Amazon,DE,2026-09-03T08:56:51Z,B0F5BRZSTR,,,,,
Hisense,"Hisense 50E8S 126cm 50"" 4K UHD Mini LED Smart TV Fernseher (50E8S)",https://www.amazon.de/dp/B0GQDSSGNB,50.0,459.0,459.0,EUR,459.0,Amazon,DE,2026-09-03T08:56:51Z,B0GQDSSGNB,,,,,
Sony,"Sony BRAVIA 5 XR Mini-LED 98 Zoll Fernseher (K98XR55), AI XR-Prozessor, akustisches Multi-Audio, Dolby Vision/Atmos, IMAX Enhanced, Google TV (2025), Google Cast, Apple AirPlay 2, Game Menu, Smart TV",https://www.amazon.de/dp/B0F7R8NY37,98.0,3999.0,3999.0,EUR,3999.0,Amazon,DE,2026-09-03T08:56:51Z,B0F7R8NY37,,,,,
Samsung,"Samsung Neo QLED QN80H 4K 55 Zoll (138 cm), UHD Fernseher, Quantum-Mini-LED für ultrafeine Kontraste, 4K AI Upscaling, Adaptive Sound Pro, Gaming Hub, Motion Xcelerator 144Hz, AI Companion, Smart TV",https://www.amazon.de/dp/B0GXZS2FCQ,55.0,999.0,999.0,EUR,999.0,Amazon,DE,2026-09-03T08:56:51Z,B0GXZS2FCQ,,,,,
LG,LG 85QNED81B6A Smart TV QNED EVO Mini LED AI QNED81 85 Zoll 4K 2026,https://www.amazon.de/dp/B0H5D24GG3,85.0,,,,,Amazon,DE,2026-09-03T08:56:51Z,B0H5D24GG3,,,,,
TCL,"TCL 75C7K 75 Zoll QD-Mini LED Fernseher, 4K HDR Premium 3000, Smart Google TV mit 144Hz Motion Clarity Pro (Dolby Vision IQ & Atmos, CrystGlow HVA Panel, Audio von Bang & Olufsen, Game Master)",https://www.amazon.de/dp/B0F5BP3VXC,75.0,,,,,Amazon,DE,2026-09-03T08:56:51Z,B0F5BP3VXC,,,,,
Hisense,"Hisense 85U7SE TV Mini-LED 4K 85 Zoll (215 cm) 144Hz Nativ (HSR 288Hz), 1300 Nits, 384 Zonen, Dolby Vision IQ, Sound 2.1 Devialet 40W, Smart TV HomeOS, Alexa & AirPlay 2 - Neu 2026",https://www.amazon.de/dp/B0GKPZ6MQ6,85.0,1395.0,1395.0,EUR,1395.0,Amazon,DE,2026-09-03T08:56:51Z,B0GKPZ6MQ6,,,,,
Sony,"Sony BRAVIA 9 QLED (XR l Mini LED) 65 Zoll 4K HDR Google Smart TV | Gaming-Funktionen, IMAX Erweitert, Dolby Vision Atmos, Chromecast, AirPlay, 120Hz K65XR90",https://www.amazon.de/dp/B0DSWFM8GK,65.0,,,,,Amazon,DE,2026-09-03T08:56:51Z,B0DSWFM8GK,,,,,
Samsung,"Samsung Crystal UHD U8079F 4K 75 Zoll (189 cm) LED Fernseher, Optimiert für Fussball und Gaming, Crystal Prozessor 4K, SmartThings, AI Upscaling, Knox Security, Kostenlose Inhalte, Smart TV",https://www.amazon.de/dp/B0F62T416G,75.0,669.99,669.99,EUR,669.99,Amazon,DE,2026-09-03T08:56:51Z,B0F62T416G,,,,,
Samsung,"Samsung Crystal UHD U8079F 4K 55 Zoll (138 cm) LED Fernseher, Crystal Prozessor 4K, MetalStream Design, SmartThings, AI Upscaling, Gaming Hub, Knox Security, Kostenlose Inhalte, Smart TV",https://www.amazon.de/dp/B0F62VWJX3,55.0,,,,,Amazon,DE,2026-09-03T08:56:51Z,B0F62VWJX3,,,,,
Samsung,"Samsung Crystal UHD U8079F 4K 65 Zoll (163 cm) LED Fernseher, Crystal Prozessor 4K, MetalStream Design, SmartThings, AI Upscaling, Gaming Hub, Knox Security, Kostenlose Inhalte, Smart TV",https://www.amazon.de/dp/B0F62VGMHW,65.0,,,,,Amazon,DE,2026-09-03T08:56:51Z,B0F62VGMHW,,,,,
Samsung,"Samsung Crystal UHD U8079F 4K 85 Zoll (214 cm) LED Fernseher, Crystal Prozessor 4K, MetalStream Design, SmartThings, AI Upscaling, Gaming Hub, Knox Security, Kostenlose Inhalte, Smart TV",https://www.amazon.de/dp/B0F62T3RGK,85.0,,,,,Amazon,DE,2026-09-03T08:56:51Z,B0F62T3RGK,,,,,
LG,"LG OLED55C5ELB TV 55 Zoll (139 cm) 4K OLED evo AI TV (α9 Gen8 4K AI Prozessor, webOS 25, 120Hz (VRR bis zu 144Hz)) [Modelljahr 2025]",https://www.amazon.de/dp/B0F2JB8LDX,55.0,,,,,Amazon,DE,2026-09-03T08:56:51Z,B0F2JB8LDX,,,,,
LG,"LG OLED65C5ELB, 65 Zoll (165 cm), 4K OLED evo AI TV, α9 Gen8 Prozessor, webOS 25, 120Hz (VRR bis zu 144Hz), Modelljahr 2025",https://www.amazon.de/dp/B0F2JCZPB4,65.0,,,,,Amazon,DE,2026-09-03T08:56:51Z,B0F2JCZPB4,,,,,
LG,"LG OLED77C5ELB TV 77 Zoll (195 cm) 4K OLED evo AI TV (α9 Gen8 4K AI Prozessor, webOS 25, 120Hz (VRR bis zu 144Hz)) [Modelljahr 2025]",https://www.amazon.de/dp/B0F2JD9RHK,77.0,,,,,Amazon,DE,2026-09-03T08:56:51Z,B0F2JD9RHK,,,,,
LG,"LG OLED83C5ELA TV 83 Zoll (210 cm) 4K OLED evo AI TV (α9 Gen8 4K AI Prozessor, webOS 25, 120Hz (VRR bis zu 144Hz)) [Modelljahr 2025]",https://www.amazon.de/dp/B0F2JCSBRK,83.0,,,,,Amazon,DE,2026-09-03T08:56:51Z,B0F2JCSBRK,,,,,
TCL,"TCL 98C7K 98 Zoll QD-Mini LED Fernseher, 4K HDR Premium 3000, Smart Google TV mit 144Hz Motion Clarity Pro (Dolby Vision IQ & Atmos, CrystGlow HVA Panel, Audio von Bang & Olufsen, Game Master)",https://www.amazon.de/dp/B0F5BL77MF,98.0,,,,,Amazon,DE,2026-09-03T08:56:51Z,B0F5BL77MF,,,,,
Hisense,"Hisense 50E7Q PRO Fehrnseher,50 Zoll, 4K UHD QLED, Smart TV,144Hz Game Mode PRO,Filmaker Mode, AMD FreeSync Premium,AI HDR Upscaler,Dolby Vision IQ,Dolby Atmos,Sprachsteuerung [2025]",https://www.amazon.de/dp/B0FFH8CWBK,50.0,482.89,482.89,EUR,482.89,Amazon,DE,2026-09-03T08:56:51Z,B0FFH8CWBK,,,,,
Hisense,"Hisense 85E7Q PRO Fehrnseher,85 Zoll,4K UHD QLED, Smart TV,144Hz Game Mode PRO,Filmaker Mode, AMD FreeSync Premium,AI HDR Upscaler,Dolby Vision IQ,Dolby Atmos,Sprachsteuerung [2025]",https://www.amazon.de/dp/B0F1N6RKFQ,85.0,1350.06,1350.06,EUR,1350.06,Amazon,DE,2026-09-03T08:56:51Z,B0F1N6RKFQ,,,,,
Hisense,"Hisense 43E7Q PRO Fehrnseher,43 Zoll, 4K UHD QLED, Smart TV,144Hz Game Mode PRO,Filmaker Mode, AMD FreeSync Premium,AI HDR Upscaler,Dolby Vision IQ,Dolby Atmos,Sprachsteuerung [2025]",https://www.amazon.de/dp/B0FFH953XW,43.0,,,,,Amazon,DE,2026-09-03T08:56:51Z,B0FFH953XW,,,,,
Hisense,"Hisense 75E7Q PRO Fehrnseher,75 Zoll,4K UHD QLED, Smart TV,144Hz Game Mode PRO,Filmaker Mode, AMD FreeSync Premium,AI HDR Upscaler,Dolby Vision IQ,Dolby Atmos,Sprachsteuerung [2025]",https://www.amazon.de/dp/B0F1N63F97,75.0,,,,,Amazon,DE,2026-09-03T08:56:51Z,B0F1N63F97,,,,,
Hisense,"Hisense 100E7Q PRO Fernseher, 100 Zoll, 4K UHD QLED, Smart TV, 144Hz Game Mode, Filmmaker, AMD FreeSync Premium, AI HDR Upscaler, Built in Subwoofer, Sprachsteuerung, 2025",https://www.amazon.de/dp/B0F1N92VWF,100.0,,,,,Amazon,DE,2026-09-03T08:56:51Z,B0F1N92VWF,,,,,
Sony,"Sony BRAVIA 3 - Direct LED 75 Zoll Fernseher (K75S32), X-Balanced Speaker, Dolby Vision/Atmos, IMAX Enhanced, Google TV (2025), Google Cast, Apple AirPlay 2, Eco Dashboard 2, Game Menu 2, Smart TV",https://www.amazon.de/dp/B0F4KRYP8L,75.0,999.0,999.0,EUR,999.0,Amazon,DE,2026-09-03T08:56:51Z,B0F4KRYP8L,,,,,
Sony,"Sony BRAVIA 3 - Direct LED 85 Zoll Fernseher (K85S32), X-Balanced Speaker, Dolby Vision/Atmos, IMAX Enhanced, Google TV (2025), Google Cast, Apple AirPlay 2, Eco Dashboard 2, Game Menu 2, Smart TV",https://www.amazon.de/dp/B0F4KVCDCW,85.0,,,,,Amazon,DE,2026-09-03T08:56:51Z,B0F4KVCDCW,,,,,
Panasonic,"Panasonic TB-55W61AEZ, W61 Serie, 55 Zoll, 4K Ultra HD LED Smart TV, 2025, TiVo, Dolby Vision & Atmos, Game Mode Plus, Alexa & Google Sprachsteuerung, Schwarz",https://www.amazon.de/dp/B0F99NFJRR,55.0,,,,,Amazon,DE,2026-09-03T08:56:51Z,B0F99NFJRR,,,,,
Philips,"Philips 75PUS7000 4K LED Smart TV - 75 Zoll Display mit Pixel Precise Ultra HD, Titan OS Plattform und Dolby Atmos Sound - Funktioniert mit Alexa und Google Sprachassistent",https://www.amazon.de/dp/B0F24WLLX9,75.0,599.0,599.0,EUR,599.0,Amazon,DE,2026-09-03T08:56:51Z,B0F24WLLX9,,,,,
Toshiba,"Toshiba 55UV2363DAW 55 Zoll Fernseher/VIDAA Smart TV (4K UHD, HDR Dolby Vision, Triple-Tuner, Bluetooth, Dolby Audio)",https://www.amazon.de/dp/B0CQ5DG178,55.0,,,,,Amazon,DE,2026-09-03T08:56:51Z,B0CQ5DG178,,,,,
Toshiba,"Toshiba Fernseher 24 Zoll Smart TV - VIDAA TV (HD LED TV, HDR, Triple-Tuner) 24WV3463DAZ",https://www.amazon.de/dp/B0DJBSRRFH,24.0,169.99,169.99,EUR,169.99,Amazon,DE,2026-09-03T08:56:51Z,B0DJBSRRFH,,,,,
Toshiba,Toshiba 32LV3F63DAZ Fernseher 32 Zoll VIDAA Smart TV mit Full HD Auflösung,https://www.amazon.de/dp/B0FPWXB29Y,32.0,186.98,186.98,EUR,186.98,Amazon,DE,2026-09-03T08:56:51Z,B0FPWXB29Y,,,,,
Toshiba,"Toshiba 40LV2E63DAZ 40 Zoll Fernseher/VIDAA Smart TV (Full HD, HDR, Triple-Tuner, Bluetooth, Dolby Audio) [2024]",https://www.amazon.de/dp/B0CNKK8DCF,40.0,370.99,370.99,EUR,370.99,Amazon,DE,2026-09-03T08:56:51Z,B0CNKK8DCF,,,,,
Toshiba,"Toshiba 43QV3463DG 43"" QLED UltraHD 4K VIDAA",https://www.amazon.de/dp/B0DG36C62Y,43.0,,,,,Amazon,DE,2026-09-03T08:56:51Z,B0DG36C62Y,,,,,
Toshiba,"Toshiba 65QV2363DAW 65 Zoll QLED Fernseher/VIDAA Smart TV (4K UHD, HDR Dolby Vision, Triple-Tuner, Dolby Audio) [2024]",https://www.amazon.de/dp/B0CNTRTHV7,65.0,,,,,Amazon,DE,2026-09-03T08:56:51Z,B0CNTRTHV7,,,,,
Toshiba,"Toshiba 43LV3E63DAZ 43 Zoll Fernseher/VIDAA Smart TV (Full HD, HDR, Triple-Tuner, Bluetooth, Dolby Audio)",https://www.amazon.de/dp/B0CQ5HKK9G,43.0,297.81,297.81,EUR,297.81,Amazon,DE,2026-09-03T08:56:51Z,B0CQ5HKK9G,,,,,
Toshiba,Toshiba 43UV3463DAW Fernseher 43 Zoll VIDAA Smart TV mit 4K UHD Auflösung,https://www.amazon.de/dp/B0CW1Y4R81,43.0,299.99,299.99,EUR,299.99,Amazon,DE,2026-09-03T08:56:51Z,B0CW1Y4R81,,,,,
Xiaomi,"Xiaomi TV F 32, 32"" HD Smart TV Fire OS7 Triple Tuner L32MB-FAEU",https://www.amazon.de/dp/B0F4548TCQ,32.0,132.0,132.0,EUR,132.0,Amazon,DE,2026-09-03T08:56:51Z,B0F4548TCQ,,,,,
Xiaomi,"XIAOMI TV 43 Zoll 2026, 4K UHD, Smart TV, Fire OS8, HDR10, L43MB-FAVEU",https://www.amazon.de/dp/B0H448LDSH,43.0,329.0,329.0,EUR,329.0,Amazon,DE,2026-09-03T08:56:51Z,B0H448LDSH,,,,,
Xiaomi,"Xiaomi TV 50 Zoll (127 cm), 4K UHD Smart TV, Fire OS8, HDR10, L50MB-FAEU",https://www.amazon.de/dp/B0F45BXJ1C,50.0,299.0,299.0,EUR,299.0,Amazon,DE,2026-09-03T08:56:51Z,B0F45BXJ1C,,,,,
Xiaomi,"Xiaomi TV F 55 Zoll (140 cm), 4K UHD Smart TV, Fire OS8, HDR10, L55MB-FAEU",https://www.amazon.de/dp/B0F457G5QG,55.0,349.0,349.0,EUR,349.0,Amazon,DE,2026-09-03T08:56:51Z,B0F457G5QG,,,,,
Samsung,"Samsung Neo QLED 4K QN70F 85 Zoll (214 cm) Mini LED Fernseher, NQ4 AI Gen2 Prozessor, Quantum Matrix Technology Slim, Motion Xcelerator 144Hz, AirSlim Design, Samsung Vision AI Smart TV",https://www.amazon.de/dp/B0DFVWLJSG,85.0,1499.0,1499.0,EUR,1499.0,Amazon,DE,2026-09-03T08:56:51Z,B0DFVWLJSG,,,,,
Samsung,"Samsung Neo QLED 4K QN70F 65 Zoll (163 cm) Mini LED Fernseher, NQ4 AI Gen2 Prozessor, Quantum Matrix Technology Slim, Motion Xcelerator 144Hz, AirSlim Design, Samsung Vision AI Smart TV",https://www.amazon.de/dp/B0DFVN36ZX,65.0,,,,,Amazon,DE,2026-09-03T08:56:51Z,B0DFVN36ZX,,,,,
Samsung,"Samsung Neo QLED 4K QN70F 75 Zoll (189 cm) Mini LED Fernseher, Optimiert für Fussball, NQ4 AI Gen2 Prozessor, Quantum Matrix Technology Slim, Motion Xcelerator, Samsung Vision AI Smart TV",https://www.amazon.de/dp/B0DFVP3HJ9,75.0,,,,,Amazon,DE,2026-09-03T08:56:51Z,B0DFVP3HJ9,,,,,
LG,"LG 65UA75006LA TV 65 Zoll (165 cm) 4K UHD AI TV (α7 Gen8 4K AI Prozessor, webOS 25, 60Hz) [Modelljahr 2025]",https://www.amazon.de/dp/B0F2GL2LXJ,65.0,499.9,499.9,EUR,499.9,Amazon,DE,2026-09-03T08:56:51Z,B0F2GL2LXJ,,,,,
LG,"LG 75UA75006LA TV 75 Zoll (190 cm) 4K UHD AI TV (α7 Gen8 4K AI Prozessor, webOS 25, 60Hz) [Modelljahr 2025]",https://www.amazon.de/dp/B0F2GHCHXJ,75.0,669.0,669.0,EUR,669.0,Amazon,DE,2026-09-03T08:56:51Z,B0F2GHCHXJ,,,,,
LG,"LG 55UA75006LA TV 55 Zoll (139 cm) 4K UHD AI TV (α7 Gen8 4K AI Prozessor, webOS 25, 60Hz) [Modelljahr 2025]",https://www.amazon.de/dp/B0F2GHFZCJ,55.0,,,,,Amazon,DE,2026-09-03T08:56:51Z,B0F2GHFZCJ,,,,,
LG,"LG 86UA75006LA TV 86 Zoll (218 cm) 4K UHD AI TV (α7 Gen8 4K AI Prozessor, webOS 25, 60Hz) [Modelljahr 2025]",https://www.amazon.de/dp/B0F2GFJNVW,86.0,,,,,Amazon,DE,2026-09-03T08:56:51Z,B0F2GFJNVW,,,,,
Hisense,"Hisense 50E7Q Fehrnseher, 50 Zoll, 4K QLED, Smart TV, Game Mode Plus, Filmaker Mode, Dolby Vision Atmos, HDR10, HLG, HDR Immersive, AI 4K Upscaler, Dolby MS12, DTS X, Sprachsteuerung [2025]",https://www.amazon.de/dp/B0F1MQRCGF,50.0,,,,,Amazon,DE,2026-09-03T08:56:51Z,B0F1MQRCGF,,,,,
Hisense,"Hisense 55E7Q Fehrnseher, 55 Zoll, 4K UHD QLED, Smart TV, Game Mode Plus, Filmaker Mode, Dolby Vision Atmos, HDR10, HLG, HDR Immersive, AI 4K Upscaler, Dolby MS12, DTS X, Sprachsteuerung [2025]",https://www.amazon.de/dp/B0F1MPWV27,55.0,,,,,Amazon,DE,2026-09-03T08:56:51Z,B0F1MPWV27,,,,,
Hisense,"Hisense 65E7Q Fehrnseher, 65 Zoll, 4K UHD QLED, Smart TV, Game Mode Plus, Filmaker Mode, Dolby Vision Atmos, HDR10, HLG, HDR Immersive, AI 4K Upscaler, Dolby MS12, DTS X, Sprachsteuerung [2025]",https://www.amazon.de/dp/B0F1MRPC4B,65.0,,,,,Amazon,DE,2026-09-03T08:56:51Z,B0F1MRPC4B,,,,,
Hisense,"Hisense 85E7Q Fehrnseher, 85 Zoll, 4K UHD QLED, Smart TV, Game Mode Plus, Filmaker Mode, Dolby Vision Atmos, HDR10, HLG, HDR Immersive, AI 4K Upscaler, DTS:X, Sprachsteuerung [2025]",https://www.amazon.de/dp/B0F1MR1FQ3,85.0,,,,,Amazon,DE,2026-09-03T08:56:51Z,B0F1MR1FQ3,,,,,
Panasonic,"Panasonic TV-55Z80AEZ, Z80 Serie 55 Zoll 4K Ultra HD OLED Smart TV, 2024, Fire TV, Dolby Vision & Atmos, Game Mode Extreme, Alexa Sprachsteuerung, Airplay, Schwarz",https://www.amazon.de/dp/B0DJCWNRWG,55.0,,,,,Amazon,DE,2026-09-03T08:56:51Z,B0DJCWNRWG,,,,,
Philips,"PHILIPS Ambilight 55MLED910 Mini LED 4K Smart TV - 55 Zoll Display mit P5 Perfect Picture Engine Ultra HD, Titan OS, Dolby Vision Und Dolby Atmos Sound",https://www.amazon.de/dp/B0F2N7K35H,55.0,659.0,659.0,EUR,659.0,Amazon,DE,2026-09-03T08:56:51Z,B0F2N7K35H,,,,,
Philips,"PHILIPS Ambilight 75MLED910 Mini LED 4K Smart TV - 75 Zoll Display mit P5 Perfect Picture Engine Ultra HD, Titan OS, Dolby Vision Und Dolby Atmos Sound",https://www.amazon.de/dp/B0F24XBNWV,75.0,,,,,Amazon,DE,2026-09-03T08:56:51Z,B0F24XBNWV,,,,,
Toshiba,"Toshiba 55 Zoll VIDAA TV Fernseher (4K UHD Smart TV, HDR Dolby Vision, Triple-Tuner, Bluetooth, Dolby Audio) 55UV3463DAW",https://www.amazon.de/dp/B0CW1WDWS1,55.0,,,,,Amazon,DE,2026-09-03T08:56:51Z,B0CW1WDWS1,,,,,
Toshiba,"Toshiba 65 Zoll VIDAA TV Fernseher (4K UHD Smart TV, HDR Dolby Vision, Triple-Tuner, Bluetooth, Dolby Audio) 65UV3463DAW",https://www.amazon.de/dp/B0CW1WDPRR,65.0,,,,,Amazon,DE,2026-09-03T08:56:51Z,B0CW1WDPRR,,,,,
Toshiba,"Toshiba 50QV2363DAW 50 Zoll QLED Fernseher/VIDAA Smart TV (4K UHD, HDR Dolby Vision, Triple-Tuner, Bluetooth, Dolby Audio)",https://www.amazon.de/dp/B0CQ5FZC9R,50.0,,,,,Amazon,DE,2026-09-03T08:56:51Z,B0CQ5FZC9R,,,,,
Xiaomi,"XIAOMI F2 Smart Fire TV 43 Zoll, 108 cm Fernseher (4K UHD, HDR10, Rahmenloses Metallgehäuse, Prime Video, Netflix, Alexa Sprachsteuerung, HDMI 2.1, Bluetooth, USB, Triple Tuner) Modelljahr:2022",https://www.amazon.de/dp/B09XY1G7PT,43.0,,,,,Amazon,DE,2026-09-03T08:56:51Z,B09XY1G7PT,,,,,
Xiaomi,"Xiaomi TV F Pro 32 32"" QLED Smart TV Fire OS7 Triple Tuner DVB-C/S/S2/T/T2",https://www.amazon.de/dp/B0F457M449,32.0,143.0,143.0,EUR,143.0,Amazon,DE,2026-09-03T08:56:51Z,B0F457M449,,,,,
Xiaomi,"Xiaomi TV F Pro 43 2026 QLED TV 43 Zoll (101 cm), 4K Ultra HD, Fire TV",https://www.amazon.de/dp/B0F454D76T,43.0,269.0,269.0,EUR,269.0,Amazon,DE,2026-09-03T08:56:51Z,B0F454D76T,,,,,
Xiaomi,"Xiaomi TV F Pro 50 (127 cm), 4K UHD QLED, Smart TV, Fire OS8, MEMC",https://www.amazon.de/dp/B0F45835F8,50.0,399.0,399.0,EUR,399.0,Amazon,DE,2026-09-03T08:56:51Z,B0F45835F8,,,,,
Xiaomi,"Xiaomi TV F Pro 55 (140 cm), 4K UHD QLED, Smart TV, Fire OS8, HDR10+, MEMC",https://www.amazon.de/dp/B0F44W5HQH,55.0,359.0,359.0,EUR,359.0,Amazon,DE,2026-09-03T08:56:51Z,B0F44W5HQH,,,,,
Xiaomi,"Xiaomi TV F Pro 65 (165 cm), 4K UHD QLED, Smart TV, Fire OS8, HDR10+, MEMC",https://www.amazon.de/dp/B0F454CH49,65.0,499.0,499.0,EUR,499.0,Amazon,DE,2026-09-03T08:56:51Z,B0F454CH49,,,,,
Samsung,"Samsung QLED Q7F 4K Smart TV 55 Zoll (138 cm) mit AI-Vision, 100% Farbvolumen mit Quantum Dot, HDR10+, Q4 AI Prozessor, One UI Tizen, Wi-Fi, Bluetooth 5.3 und Motion...[Länderversion Ungarisch]",https://www.amazon.de/dp/B0FM8SY9ZK,55.0,395.93,395.93,EUR,395.93,Amazon,DE,2026-09-03T08:56:51Z,B0FM8SY9ZK,,,,,
Samsung,"Samsung QLED Q7F 4K Smart TV 75 Zoll (189 cm) mit AI-Vision, 100% Farbvolumen mit Quantum Dot, HDR10+, Q4 AI Prozessor, One UI Tizen, Wi-Fi, Bluetooth 5.3 und Motion...[Länderversion Ungarisch]",https://www.amazon.de/dp/B0FMRWNLRQ,75.0,730.08,730.08,EUR,730.08,Amazon,DE,2026-09-03T08:56:51Z,B0FMRWNLRQ,,,,,
Samsung,"Samsung QLED Q7F 4K Smart TV 50 Zoll (125 cm) mit AI-Vision, 100% Farbvolumen mit Quantum Dot, HDR10+, Q4 AI Prozessor, One UI Tizen, Wi-Fi, Bluetooth 5.3 und Motion...[Länderversion Ungarisch]",https://www.amazon.de/dp/B0FFSVPJ7Y,50.0,,,,,Amazon,DE,2026-09-03T08:56:51Z,B0FFSVPJ7Y,,,,,
Samsung,"SAMSUNG TV 43 Zoll QLED Q8F 4K Smart TV mit AI-Vision, 100% Farbvolumen mit Quantum Dot, authentischem Quantum Dot und Motion Xcelerator [Länderversion Spanisch]",https://www.amazon.de/dp/B0F2296XMW,43.0,,,,,Amazon,DE,2026-09-03T08:56:51Z,B0F2296XMW,,,,,
LG,"LG OLED83B59LA TV 83 Zoll (210 cm) 4K OLED AI TV (α8 Gen2 4K AI Prozessor, webOS 25, 120Hz) [Modelljahr 2025]",https://www.amazon.de/dp/B0F38MPV9J,83.0,1899.0,1899.0,EUR,1899.0,Amazon,DE,2026-09-03T08:56:51Z,B0F38MPV9J,,,,,
LG,"LG OLED55B59LA TV 55 Zoll (139 cm) 4K OLED AI TV (α8 Gen2 4K AI Prozessor, webOS 25, 120Hz) [Modelljahr 2025]",https://www.amazon.de/dp/B0F2JBY889,55.0,,,,,Amazon,DE,2026-09-03T08:56:51Z,B0F2JBY889,,,,,
LG,"LG OLED65B59LA TV 65 Zoll (165 cm) 4K OLED AI TV (α8 Gen2 4K AI Prozessor, webOS 25, 120Hz) [Modelljahr 2025]",https://www.amazon.de/dp/B0F2JBSBG8,65.0,,,,,Amazon,DE,2026-09-03T08:56:51Z,B0F2JBSBG8,,,,,
LG,"LG OLED77B59LA TV 77 Zoll (195 cm) 4K OLED AI TV (α8 Gen2 4K AI Prozessor, webOS 25, 120Hz) [Modelljahr 2025]",https://www.amazon.de/dp/B0F2JBKSWP,77.0,,,,,Amazon,DE,2026-09-03T08:56:51Z,B0F2JBKSWP,,,,,
Hisense,"Hisense 75U7Q Fernseher 75 Zoll, 4K Mini LED ULED, Smart TV, Hi-View AI Engine, 144Hz Game Mode Pro, FreeSync Premium, Built in Subwoofer, Dolby Vision IQ Atmos, Airplay, Sprachsteuerung[2025]",https://www.amazon.de/dp/B0F32MFDX7,75.0,1089.2,1089.2,EUR,1089.2,Amazon,DE,2026-09-03T08:56:51Z,B0F32MFDX7,,,,,
Hisense,"Hisense 85U7Q Fernseher 85 Zoll, 4K Mini LED ULED, Smart TV, Hi-View AI Engine, 144Hz Game Mode Pro, FreeSync Premium, Built in Subwoofer, Dolby Vision IQ Atmos, Airplay, Sprachsteuerung[2025]",https://www.amazon.de/dp/B07JL1BDWD,85.0,1399.0,1399.0,EUR,1399.0,Amazon,DE,2026-09-03T08:56:51Z,B07JL1BDWD,,,,,
Hisense,"Hisense 100U7Q Fernseher 100 Zoll, 4K Mini LED ULED, Smart TV, Hi-View AI Engine Pro, 165Hz Game Mode Ultra, FreeSync Premium, Built in Subwoofer, Dolby Vision IQ Atmos, Airplay[2025]",https://www.amazon.de/dp/B0F32LDRKP,100.0,2265.99,2265.99,EUR,2265.99,Amazon,DE,2026-09-03T08:56:51Z,B0F32LDRKP,,,,,
Hisense,"Hisense 65U7Q Fernseher 65 Zoll, 4K Mini LED ULED, Smart TV, Hi-View AI Engine, 144Hz Game Mode Pro, FreeSync Premium, Built in Subwoofer, Dolby Vision IQ Atmos, Airplay, Sprachsteuerung[2025]",https://www.amazon.de/dp/B0F32JG9DR,65.0,,,,,Amazon,DE,2026-09-03T08:56:51Z,B0F32JG9DR,,,,,
Panasonic,"Panasonic TN-43W70AEZ, W70-Serie 43 Zoll 4K Ultra HD LED Smart TV, 2024, Google Assistant, Chromecast, Dolby Vision & Atmos, Gaming-Modus, Bluetooth, für EIN außergewöhnliches visuelles Erlebnis",https://www.amazon.de/dp/B0D9MGL3TB,43.0,,,,,Amazon,DE,2026-09-03T08:56:51Z,B0D9MGL3TB,,,,,
Panasonic,"Panasonic TN-50W70AEZ, W70-Serie 50 Zoll 4K Ultra HD LED Smart TV, 2024, Google Assistant, Chromecast, Dolby Vision & Atmos, Gaming-Modus, Bluetooth, für EIN außergewöhnliches visuelles Erlebnis",https://www.amazon.de/dp/B0D9MH3L6C,50.0,,,,,Amazon,DE,2026-09-03T08:56:51Z,B0D9MH3L6C,,,,,
Panasonic,"Panasonic TN-55W70AEZ, W70-Serie 55 Zoll 4K Ultra HD LED Smart TV, 2024, Google Assistant, Chromecast, Dolby Vision & Atmos, Gaming-Modus, Bluetooth, für EIN außergewöhnliches visuelles Erlebnis",https://www.amazon.de/dp/B0D9MGH49P,55.0,,,,,Amazon,DE,2026-09-03T08:56:51Z,B0D9MGH49P,,,,,
Philips,Philips Ambilight TV | 55OLED708/12 | 139 cm (55 Zoll) 4K UHD OLED Fernseher | 120 Hz | HDR | Dolby Vision | Google TV | VRR | WiFi | Bluetooth | DTS:X | Sprachsteuerung,https://www.amazon.de/dp/B0C6L282L1,55.0,,,,,Amazon,DE,2026-09-03T08:56:51Z,B0C6L282L1,,,,,
Philips,"Philips Ambilight 65OLED759 4K OLED Smart TV - 65-Zoll Display mit P5 AI Perfect Picture Ultra HD, Titan OS, Dolby Vision und Dolby Atmos, Funktioniert mit Alexa und Google Sprachassistent",https://www.amazon.de/dp/B0D3VNJVHW,65.0,,,,,Amazon,DE,2026-09-03T08:56:51Z,B0D3VNJVHW,,,,,
Toshiba,Toshiba 32LF3F63DAZ Fernseher 32 Zoll Smart TV Full HD Amazon Fire TV HDR,https://www.amazon.de/dp/B0CYZRK65R,32.0,189.99,189.99,EUR,189.99,Amazon,DE,2026-09-03T08:56:51Z,B0CYZRK65R,,,,,
Toshiba,Toshiba 40LF2663DAZ Fernseher 40 Zoll Smart TV Full HD Amazon Fire TV HDR,https://www.amazon.de/dp/B0H99BJ8JF,40.0,199.99,199.99,EUR,199.99,Amazon,DE,2026-09-03T08:56:51Z,B0H99BJ8JF,,,,,
Toshiba,"Toshiba 50 Zoll Fernseher Fire TV (4K UHD Smart TV, HDR Dolby Vision, Triple-Tuner, Alexa Built-In, Sound by Onkyo) 50UF3F63DAZ",https://www.amazon.de/dp/B0DCZ8KZR9,50.0,,,,,Amazon,DE,2026-09-03T08:56:51Z,B0DCZ8KZR9,,,,,
Toshiba,"Toshiba 55 Zoll Fernseher Fire TV (4K UHD Smart TV, HDR Dolby Vision, Triple-Tuner, Alexa Built-In, Sound by Onkyo) 55UF3F63DAZ 2024",https://www.amazon.de/dp/B0DHHH6Q7B,55.0,,,,,Amazon,DE,2026-09-03T08:56:51Z,B0DHHH6Q7B,,,,,
Toshiba,"Toshiba 65 Zoll Fernseher Fire TV (4K UHD Smart TV, HDR Dolby Vision, Triple-Tuner, Alexa Built-In, Sound by Onkyo) 65UF3F63DAZ",https://www.amazon.de/dp/B0DCZ8L76W,65.0,,,,,Amazon,DE,2026-09-03T08:56:51Z,B0DCZ8L76W,,,,,
Toshiba,Toshiba 43UF3F63DAR Fernseher 43 Zoll Smart TV mit 4K UHD Amazon Fire TV,https://www.amazon.de/dp/B0DFY942V9,43.0,,,,,Amazon,DE,2026-09-03T08:56:51Z,B0DFY942V9,,,,,
Philips,"Philips 24PHS6000 HD LED Smart TV - 24 Zoll Display mit Pixel Plus, Titan OS Plattform Und Dolby Digital Sound - Funktioniert Mit Alexa Und Google Sprachassistent",https://www.amazon.de/dp/B0F2N4KC8W,24.0,,,,,Amazon,DE,2026-09-03T08:56:51Z,B0F2N4KC8W,,,,,
Samsung,"Samsung Neo QLED 4K QN85F 85 Zoll (214 cm) Mini LED Fernseher, NQ4 AI Gen2 Prozessor, Quantum Matrix Plus, Neo Quantum HDR+, Dolby Atmos, Knox Security, Samsung Vision AI Smart TV",https://www.amazon.de/dp/B0F62TDM6G,85.0,2199.0,2199.0,EUR,2199.0,Amazon,DE,2026-09-03T08:56:51Z,B0F62TDM6G,,,,,
Samsung,"Samsung Neo QLED 4K QN85F 75 Zoll (189 cm) Mini LED Fernseher, NQ4 AI Gen2 Prozessor, Quantum Matrix Plus, Neo Quantum HDR+, Dolby Atmos, Knox Security, Samsung Vision AI Smart TV",https://www.amazon.de/dp/B0F66TCGGQ,75.0,,,,,Amazon,DE,2026-09-03T08:56:51Z,B0F66TCGGQ,,,,,
Samsung,"Samsung Neo QLED 4K QN85D UHD Fernseher 55 Zoll (138 cm), NQ 4K AI Gen2 Prozessor, HDR Mini LED TV, AI Upscaling, Smart TV, Dolby Atmos Sound, Gaming Hub, Motion Xcelerator 120Hz, Knox Security",https://www.amazon.de/dp/B0CZS46DSS,55.0,889.0,889.0,EUR,889.0,Amazon,DE,2026-09-03T08:56:51Z,B0CZS46DSS,,,,,
Samsung,"Samsung Neo QLED 4K QN85D UHD Fernseher 65 Zoll (163 cm), NQ AI Gen2 Prozessor, HDR Mini LED TV, Upscaling, Smart TV, Dolby Atmos Sound, Gaming Hub, Motion Xcelerator 120Hz, Knox Security, 2024",https://www.amazon.de/dp/B0CZS4LFFP,65.0,,,,,Amazon,DE,2026-09-03T08:56:51Z,B0CZS4LFFP,,,,,
LG,"LG OLED55G59LS TV 55 Zoll (139 cm) 4K OLED evo AI TV (α11 Gen2 4K AI Prozessor, webOS 25, 120Hz (VRR bis zu 165Hz)) [Modelljahr 2025]",https://www.amazon.de/dp/B0F2JDCF4L,55.0,,,,,Amazon,DE,2026-09-03T08:56:51Z,B0F2JDCF4L,,,,,
LG,"LG OLED77G57LW TV 77 Zoll (195 cm) 4K OLED evo AI TV (α11 Gen2 4K AI Prozessor, webOS 25, 120Hz (VRR bis zu 165Hz)) [Modelljahr 2025]",https://www.amazon.de/dp/B0F228BQJL,77.0,,,,,Amazon,DE,2026-09-03T08:56:51Z,B0F228BQJL,,,,,
LG,"LG OLED83G57LW TV 83 Zoll (210 cm) 4K OLED evo AI TV (α11 Gen2 4K AI Prozessor, webOS 25, 120Hz (VRR bis zu 165Hz)) [Modelljahr 2025]",https://www.amazon.de/dp/B0F222MK9R,83.0,3723.55,3723.55,EUR,3723.55,Amazon,DE,2026-09-03T08:56:51Z,B0F222MK9R,,,,,
LG,"LG OLED65G57LW TV 65 Zoll (165 cm) 4K OLED evo AI TV (α11 Gen2 4K AI Prozessor, webOS 25, 120Hz (VRR bis zu 165Hz)) [Modelljahr 2025]",https://www.amazon.de/dp/B0F2JBN3QH,65.0,,,,,Amazon,DE,2026-09-03T08:56:51Z,B0F2JBN3QH,,,,,
Philips,"PHILIPS 43PUS7800 4K QLED Smart TV - 43 Zoll Display mit Pixel Precise Ultra HD, Titan OS Plattform und Dolby Atmos Sound - Funktioniert mit Alexa und Google Sprachassistent, 2025",https://www.amazon.de/dp/B0F2N687Z5,43.0,,,,,Amazon,DE,2026-09-03T08:56:51Z,B0F2N687Z5,,,,,
Philips,"Philips 50PUS7800 4K QLED Smart TV - 50 Zoll Display mit Pixel Precise Ultra HD, Titan OS Plattform und Dolby Atmos Sound - Funktioniert mit Alexa und Google Sprachassistent",https://www.amazon.de/dp/B0F2N65YPW,50.0,,,,,Amazon,DE,2026-09-03T08:56:51Z,B0F2N65YPW,,,,,
Philips,"Philips 65PUS7800 4K QLED Smart TV - 65 Zoll Display mit Pixel Precise Ultra HD, Titan OS Plattform und Dolby Atmos Sound - Funktioniert mit Alexa und Google Sprachassistent",https://www.amazon.de/dp/B0F24X1FH5,65.0,,,,,Amazon,DE,2026-09-03T08:56:51Z,B0F24X1FH5,,,,,
Philips,"Philips 75PUS7800 4K QLED Smart TV - 75 Zoll Display mit Pixel Precise Ultra HD, Titan OS Plattform und Dolby Atmos Sound - Funktioniert mit Alexa und Google Sprachassistent",https://www.amazon.de/dp/B0F24YB1JD,75.0,,,,,Amazon,DE,2026-09-03T08:56:51Z,B0F24YB1JD,,,,,
