brand_raw,raw_text,url,size_hint_inch,price_hint_eur,price_local,currency,price_eur,platform,country,scraped_at,asin,elkjop_sku,model_year,filter_year,source_brand,fx_rate_date
Samsung,"Samsung Smart TV 43-Inch U7020H Crystal UHD 4K TV, HDR10+, Motion Xcelerator, Dynamic Sound Pack, Gaming Hub, Knox Security, Vision AI Companion [2026]",https://www.amazon.co.uk/dp/B0GWJMJMKV,43.0,289.63,249.0,GBP,289.63,Amazon,GB,2026-10-10T10:48:12Z,B0GWJMJMKV,,,,,2026-07-01
Samsung,"Samsung Smart TV 55-Inch U7020H Crystal UHD 4K TV, HDR10+, Motion Xcelerator, Dynamic Sound Pack, Gaming Hub, Knox Security, Vision AI Companion [2026]",https://www.amazon.co.uk/dp/B0GWJGV816,55.0,405.94,349.0,GBP,405.94,Amazon,GB,2026-10-10T10:48:12Z,B0GWJGV816,,,,,2026-07-01
Samsung,"Samsung Smart TV 50-Inch U8000H Crystal UHD 4K TV, HDR10+, Motion Xcelerator, Dynamic Sound Pack, Gaming Hub, Knox Security, Vision AI Companion [2026]",https://www.amazon.co.uk/dp/B0GYZN51TT,50.0,347.78,299.0,GBP,347.78,Amazon,GB,2026-10-10T10:48:12Z,B0GYZN51TT,,,,,2026-07-01
Samsung,"Samsung Smart TV M1EH 43-Inch, 4K Mini LED, Vision AI Companion [2026] | Mini LED HDR, Motion Xcelerator, Dynamic Sound Pa...",https://www.amazon.co.uk/dp/B0GYZ3H27Q,43.0,371.05,319.0,GBP,371.05,Amazon,GB,2026-10-10T10:48:12Z,B0GYZ3H27Q,,,,,2026-07-01
Samsung,"Samsung Smart TV M1EH 55-Inch, 4K Mini LED, Vision AI Companion [2026] | Mini LED HDR, Motion Xcelerator, Dynamic Sound Pa...",https://www.amazon.co.uk/dp/B0GYZKS4MN,55.0,522.26,449.0,GBP,522.26,Amazon,GB,2026-10-10T10:48:12Z,B0GYZKS4MN,,,,,2026-07-01
Samsung,"Samsung Smart TV M1EH 65-Inch, 4K Mini LED, Vision AI Companion [2026] | Mini LED HDR, Motion Xcelerator, Dynamic Sound Pa...",https://www.amazon.co.uk/dp/B0GYZ8PPP8,65.0,638.57,549.0,GBP,638.57,Amazon,GB,2026-10-10T10:48:12Z,B0GYZ8PPP8,,,,,2026-07-01
Samsung,"Samsung Smart TV Q5F 40-Inch, QLED Full HD, Quantum Dot Colour, HDR, Contrast Enhancer, Tizen OS, Gaming Hub, Slim Look Design, [2026]",https://www.amazon.co.uk/dp/B0GYZ7QNT9,40.0,395.91,340.38,GBP,395.91,Amazon,GB,2026-10-10T10:48:12Z,B0GYZ7QNT9,,,,,2026-07-01
Samsung,"Samsung Smart TV 50-Inch U7020H Crystal UHD 4K TV, HDR10+, Motion Xcelerator, Dynamic Sound Pack, Gaming Hub, Knox Security, Vision AI Companion [2026]",https://www.amazon.co.uk/dp/B0GWJK91S6,50.0,336.15,289.0,GBP,336.15,Amazon,GB,2026-10-10T10:48:12Z,B0GWJK91S6,,,,,2026-07-01
Samsung,"Samsung Smart TV 55-Inch Mini LED M72H 4K, UHD TV, Mini LED HDR, Motion Xcelerator, Dynamic Sound Pack, AI Companion for questions [2026]",https://www.amazon.co.uk/dp/B0GYZ9QXZZ,55.0,522.26,449.0,GBP,522.26,Amazon,GB,2026-10-10T10:48:12Z,B0GYZ9QXZZ,,,,,2026-07-01
Samsung,"Samsung Smart TV 43'' U7000F Crystal UHD 4K TV, Crystal Processor 4K, Object Tracking Sound Lite, Endless Free Content, Gaming Hub, Knox Security, Metal Stream Design [2025]",https://www.amazon.co.uk/dp/B0F6TQGCC8,43.0,254.73,219.0,GBP,254.73,Amazon,GB,2026-10-10T10:48:12Z,B0F6TQGCC8,,,,,2026-07-01
Samsung,"Samsung Smart TV 50 Inch U8020H Crystal UHD 4K TV, HDR10+, Motion Xcelerator, Dynamic Sound Pack, Gaming Hub, Knox Security, Vision AI Companion [2026]",https://www.amazon.co.uk/dp/B0GYZWTDYH,50.0,347.78,299.0,GBP,347.78,Amazon,GB,2026-10-10T10:48:12Z,B0GYZWTDYH,,,,,2026-07-01
Samsung,"Samsung Smart TV 55-Inch S84F 4K OLED Television for Live Football & Home Cinema, OLED HDR, 4K AI Upscaling, Motion Xcelerator 120Hz Gaming TV, Dolby Atmos, Vision AI [2025] [Energy Class G]",https://www.amazon.co.uk/dp/B0G96NWP4X,55.0,911.6,783.73,GBP,911.6,Amazon,GB,2026-10-10T10:48:12Z,B0G96NWP4X,,,,,2026-07-01
Samsung,"Samsung Smart TV 43-Inch QN70H Neo QLED 4K Quantum Mini LED, HDR 10+, Motion Xcelerator, Adpative Sound+, Gaming Hub, Knox Security, Voice Control with AI(VAC), Alexa Built-in [2026]",https://www.amazon.co.uk/dp/B0GYZ7Z8B5,43.0,580.41,499.0,GBP,580.41,Amazon,GB,2026-10-10T10:48:12Z,B0GYZ7Z8B5,,,,,2026-07-01
Samsung,"Samsung 50"" Mini LED M60H Full HD Smart TV (2026) | Pure Spectrum Colour, Object Tracking Sound Lite, Mini LED HDR, MetalS...",https://www.amazon.co.uk/dp/B0HGB6BPPD,50.0,405.94,349.0,GBP,405.94,Amazon,GB,2026-10-10T10:48:12Z,B0HGB6BPPD,,,,,2026-07-01
Samsung,"Samsung Smart TV 50'' U8000F Crystal UHD 4K TV, Crystal Processor 4K, Motion Xcelerator, Gaming Hub, Knox Security, Metal Stream Design [2025]",https://www.amazon.co.uk/dp/B0F6VNSKL6,50.0,347.78,299.0,GBP,347.78,Amazon,GB,2026-10-10T10:48:12Z,B0F6VNSKL6,,,,,2026-07-01
Samsung,"Samsung Smart TV 50-Inch Mini LED M70H 4K, UHD TV, Mini LED HDR, Motion Xcelerator 144Hz, Dynamic Sound Pack, AI Companion for questions [2026]",https://www.amazon.co.uk/dp/B0GYZLNCX6,50.0,464.1,399.0,GBP,464.1,Amazon,GB,2026-10-10T10:48:12Z,B0GYZLNCX6,,,,,2026-07-01
Samsung,"Samsung 65"" 4K QN85F, NQ4 AI Gen2 Processor, 4K AI Upscaling, Neo Quantum HDR+, Glare Free, Samsung Vision AI, 2025",https://www.amazon.co.uk/dp/B0F6VP16LP,65.0,1161.99,999.0,GBP,1161.99,Amazon,GB,2026-10-10T10:48:12Z,B0F6VP16LP,,,,,2026-07-01
Samsung,"Samsung 32-Inch Class Full HD F6000 Smart TV (2025 Model) HDR, Object Tracking Sound Lite, Knox Security, One UI Tizen, Sm...",https://www.amazon.co.uk/dp/B0DXN3T1GD,32.0,266.36,229.0,GBP,266.36,Amazon,GB,2026-10-10T10:48:12Z,B0DXN3T1GD,,,,,2026-07-01
Samsung,Samsung 43 Inch QLED Q7F2 AI Smart TV,https://www.amazon.co.uk/dp/B0F6NH7ZPD,43.0,336.15,289.0,GBP,336.15,Amazon,GB,2026-10-10T10:48:12Z,B0F6NH7ZPD,,,,,2026-07-01
Samsung,"Samsung Smart TV 32-Inch LS03C The Frame Television [2025] | Object Tracking Sound Lite, Tizen OS & Gaming Hub, QLED Techn...",https://www.amazon.co.uk/dp/B0C2VJ1QR5,32.0,376.85,323.99,GBP,376.85,Amazon,GB,2026-10-10T10:48:12Z,B0C2VJ1QR5,,,,,2026-07-01
LG,"LG LED AI LB650B 32 inch HD Smart TV - 32LB650B6LA (α5 AI Processor Gen9, 60Hz, HDR10, Google Cast, Apple AirPlay 2) [Model year 2026]",https://www.amazon.co.uk/dp/B0H1RT2T4S,32.0,184.94,159.0,GBP,184.94,Amazon,GB,2026-10-10T10:48:12Z,B0H1RT2T4S,,,,,2026-07-01
Samsung,"Samsung 55"" Neo QLED QN1EF 4K, NQ4 AI Processor, Quantum Matrix Technology, Vision AI Smart TV, 2025",https://www.amazon.co.uk/dp/B0F6VVTMY5,55.0,754.89,649.0,GBP,754.89,Amazon,GB,2026-10-10T10:48:12Z,B0F6VVTMY5,,,,,2026-07-01
Samsung,"Samsung 65"" 4K QN70F, NQ4 AI Gen2 Processor, 4K AI Upscaling, Quantum Matrix Technology Slim, OTS Lite, Samsung Vision AI,...",https://www.amazon.co.uk/dp/B0DF989T6J,65.0,871.2,749.0,GBP,871.2,Amazon,GB,2026-10-10T10:48:12Z,B0DF989T6J,,,,,2026-07-01
Xiaomi,"XIAOMI TV F 32, 32 Inch (81 cm) HD Smart TV, Fire TV, Dolby Audio | DTS Virtual:X, Alexa, DTS-HD, Voice Control, Works wit...",https://www.amazon.co.uk/dp/B0FCXRJ6V5,32.0,150.05,129.0,GBP,150.05,Amazon,GB,2026-10-10T10:48:12Z,B0FCXRJ6V5,,,,,2026-07-01
Samsung,Samsung 75 Inch Crystal UHD U8020F Smart TV,https://www.amazon.co.uk/dp/B0F6VQZFCB,75.0,731.63,629.0,GBP,731.63,Amazon,GB,2026-10-10T10:48:12Z,B0F6VQZFCB,,,,,2026-07-01
Samsung,Samsung 32 Inch HD H5000 Smart TV,https://www.amazon.co.uk/dp/B0F6VMCYRW,32.0,184.94,159.0,GBP,184.94,Amazon,GB,2026-10-10T10:48:12Z,B0F6VMCYRW,,,,,2026-07-01
Samsung,"Samsung 65"" Q7F5 Vision AI 4K Smart TV, Q4 AI Processor, Bixby Voice Assistant, Quantum HDR, Object Tracking Sound Lite, One UI Tizen, 2025",https://www.amazon.co.uk/dp/B0F6VKL1P2,65.0,,,,,Amazon,GB,2026-10-10T10:48:12Z,B0F6VKL1P2,,,,,
Samsung,"Samsung Smart TV 32-Inch F6000 Television With Full HD Resolution, Object Tracking Sound Lite, Tizen OS & Gaming Hub [2025]",https://www.amazon.co.uk/dp/B0F6VKMCNC,32.0,,,,,Amazon,GB,2026-10-10T10:48:12Z,B0F6VKMCNC,,,,,
Hisense,"Hisense 40"" 40A4QTUK FHD LED TV with Freely - Direct Lit LED, Dolby Audio, Natural Colour Enhancer, Games Mode, Sports Mode, Disney +, YouTube, Netflix",https://www.amazon.co.uk/dp/B0F7WFJB57,40.0,,,,,Amazon,GB,2026-10-10T10:48:12Z,B0F7WFJB57,,,,,
Samsung,"Samsung Smart TV 50-Inch QN80H Neo QLED 4K, Quantum Mini LED, NQ HDR+, Motion Xcelerator, Dolby Atmos & OTS Lite, Gaming Hub, Knox Security, Vision AI Companion, Alexa Built-in [2026]",https://www.amazon.co.uk/dp/B0GYZPLTHG,50.0,871.2,749.0,GBP,871.2,Amazon,GB,2026-10-10T10:48:12Z,B0GYZPLTHG,,,,,2026-07-01
Samsung,"Samsung Smart TV 50"" Q7F2 QLED 4K TV, Real QLED Certified, Q4 AI Processor, 100% Colour Volume with Quantum Dot, Knox Security, Endless Free Content, Samsung Vision AI [2025]",https://www.amazon.co.uk/dp/B0F6NSJWL9,50.0,,,,,Amazon,GB,2026-10-10T10:48:12Z,B0F6NSJWL9,,,,,
Samsung,"Samsung 32 Inch, 720p, T4300 LED HDR Smart TV With Contrast Enhancer, Ultra Clean View & Purcolour Image Technology Built-In, HDMI, USB, Easy To Set Up, App Connectivity",https://www.amazon.co.uk/dp/B089RR148Y,32.0,,,,,Amazon,GB,2026-10-10T10:48:12Z,B089RR148Y,,,,,
Hisense,"Hisense 43"" 43E6STUK 4K Ultra HD AI Smart TV with Freely, Netflix, Disney+ and YouTube - AI 4K Upscaler, AI Smooth Motion, Game Mode Plus, Dolby Vision, Voice Control, DTS Virtual: X, Filmmaker Mode",https://www.amazon.co.uk/dp/B0GV56B1FX,43.0,301.26,259.0,GBP,301.26,Amazon,GB,2026-10-10T10:48:12Z,B0GV56B1FX,,,,,2026-07-01
LG,LG 43LR60006LA 43-Inch FHD Smart TV (alpha 5 AI Processor Gen6,https://www.amazon.co.uk/dp/B0FR5HDG5Q,43.0,,,,,Amazon,GB,2026-10-10T10:48:12Z,B0FR5HDG5Q,,,,,
Samsung,"Samsung 55"" S90F, NQ4 AI Gen3 Processor, 4K AI Upscaling Pro, OLED HDR+, Motion Xcelerator 144Hz, Samsung Vision AI, 2025",https://www.amazon.co.uk/dp/B0F6VNBGQC,55.0,1161.99,999.0,GBP,1161.99,Amazon,GB,2026-10-10T10:48:12Z,B0F6VNBGQC,,,,,2026-07-01
Samsung,"Samsung TV QLED 43"" Q60D 2024, 4K, Smart TV",https://www.amazon.co.uk/dp/B0CRZCY6PB,43.0,,,,,Amazon,GB,2026-10-10T10:48:12Z,B0CRZCY6PB,,,,,
Samsung,"Samsung 43"" Q8F, Q4 Ai Processor, Quantum HDR+, Motion Xcelerator, Air Slim Design, Samsung Vision AI, 2025",https://www.amazon.co.uk/dp/B0F6VKLHR6,43.0,439.64,377.97,GBP,439.64,Amazon,GB,2026-10-10T10:48:12Z,B0F6VKLHR6,,,,,2026-07-01
Samsung,"Samsung Smart TV 98-Inch U9000H Crystal UHD 4K, HDR 10+, Vision AI Companion, Motion Xcelerator 144Hz, Adaptive Sound+, Gaming Hub, FreeSync Premium [2026]",https://www.amazon.co.uk/dp/B0GYZVJVNF,98.0,1859.89,1599.0,GBP,1859.89,Amazon,GB,2026-10-10T10:48:12Z,B0GYZVJVNF,,,,,2026-07-01
Samsung,"Samsung QLED Q7F 4K 55"" Smart TV with AI Vision, 100% Color Volume with Quantum Dot, HDR10+, Q4 AI Processor, One UI Tizen, Wi-Fi, Bluetooth 5.3 and Motion Xcelerator",https://www.amazon.co.uk/dp/B0FM8SY9ZK,55.0,,,,,Amazon,GB,2026-10-10T10:48:12Z,B0FM8SY9ZK,,,,,
Samsung,"Samsung 65-Inch Class NEO QLED 4K QN80F Series (2025 Model, 65QN80F) Mini LED, Neo Quantum HDR, Object Tracking Sound Lite w/Dolby Atoms, NQ4 AI Gen2 Processor, 4K AI Upscaling, Alexa Built-in",https://www.amazon.co.uk/dp/B0DXMVX717,65.0,929.36,799.0,GBP,929.36,Amazon,GB,2026-10-10T10:48:12Z,B0DXMVX717,,,,,2026-07-01
Samsung,"Samsung TV 24"" LED FHD 4K SmartTV TU24F6005FKXXC [Country Version French, Spanish, Portuguese]...[Country Version French, Spanish, Portuguese]",https://www.amazon.co.uk/dp/B0F22BB8VV,24.0,288.45,247.99,GBP,288.45,Amazon,GB,2026-10-10T10:48:12Z,B0F22BB8VV,,,,,2026-07-01
Samsung,"Samsung Smart TV QN1EH 65-Inch, Neo QLED 4K, Glare-Free, NQ HDR, Motion Xcelerator, Object Tracking Sound Lite with Gaming Hub and Vision AI Companion, & Alexa Built-in [2026]",https://www.amazon.co.uk/dp/B0GYZ7V6SB,65.0,1045.68,899.0,GBP,1045.68,Amazon,GB,2026-10-10T10:48:12Z,B0GYZ7V6SB,,,,,2026-07-01
Samsung,"Samsung Q7F 43"" 4K Ultra HD QLED Smart TV",https://www.amazon.co.uk/dp/B0FM3ZTMKS,43.0,346.62,298.0,GBP,346.62,Amazon,GB,2026-10-10T10:48:12Z,B0FM3ZTMKS,,,,,2026-07-01
Samsung,"Samsung 43"" The Frame LS03FA, NQ4 AI Gen2 Processor, QLED, Matte Display, Modern Frame Design & Art Mode, Samsung Vision A...",https://www.amazon.co.uk/dp/B0F5WT1FKX,43.0,692.08,595.0,GBP,692.08,Amazon,GB,2026-10-10T10:48:12Z,B0F5WT1FKX,,,,,2026-07-01
TCL,"TCL 32SF560-UK 32 Inch Full HD QLED HDR Smart TV with Fire TV Press & Ask Alexa, Metallic Bezel-Less Design",https://www.amazon.co.uk/dp/B0F9PP6BKT,32.0,173.31,149.0,GBP,173.31,Amazon,GB,2026-10-10T10:48:12Z,B0F9PP6BKT,,,,,2026-07-01
Samsung,"Samsung Smart TV 65-Inch U7000H Crystal UHD 4K TV, HDR10+, Motion Xcelerator, Dynamic Sound Pack, Gaming Hub, Knox Security, Vision AI Companion [2026]",https://www.amazon.co.uk/dp/B0GZ342L5C,65.0,545.52,469.0,GBP,545.52,Amazon,GB,2026-10-10T10:48:12Z,B0GZ342L5C,,,,,2026-07-01
Samsung,"Samsung Smart TV 50-Inch QN73H Neo QLED 4K with Quantum Mini LED, Real QLED 100% Colour Volume, AI-Powered NQ4 Processor for 4K Upscaling, Motion Xcelerator, Vision AI Companion, AirSlim Design [2026]",https://www.amazon.co.uk/dp/B0GYYQML4L,50.0,804.92,692.01,GBP,804.92,Amazon,GB,2026-10-10T10:48:12Z,B0GYYQML4L,,,,,2026-07-01
Hisense,"Hisense 50"" 50Q8STUK MiniLED 144Hz 4K Ultra HD AI Smart TV with Freely, Netflix, Disney+ and YouTube - Hi-QLED MiniLED, Built-in Subwoofer, Hi-View AI Engine, Hi-QLED Colour, Hands-Free Voice Control",https://www.amazon.co.uk/dp/B0GV53JVZ8,50.0,813.05,699.0,GBP,813.05,Amazon,GB,2026-10-10T10:48:12Z,B0GV53JVZ8,,,,,2026-07-01
Samsung,"Samsung 65"" QLED Q7FA 4K, Q4 AI Processor, 100% Colour Volume with Quantum Dot, Knox Security, Endless Free Content, Samsung Vision AI Smart TV, 2025",https://www.amazon.co.uk/dp/B0F6VXNQ6C,65.0,,,,,Amazon,GB,2026-10-10T10:48:12Z,B0F6VXNQ6C,,,,,
Samsung,SAMSUNG QLED TV 50 Inch QE50Q60CAU,https://www.amazon.co.uk/dp/B0C2777WL7,50.0,,,,,Amazon,GB,2026-10-10T10:48:12Z,B0C2777WL7,,,,,
Samsung,"Samsung 55QN70F Neo QLED Smart TV, Mini LED, 138 cm, 4K Ultra HD (2025)",https://www.amazon.co.uk/dp/B0F9X28L93,55.0,,,,,Amazon,GB,2026-10-10T10:48:12Z,B0F9X28L93,,,,,
Samsung,"Samsung Smart TV 48-Inch S83H, 4K OLED, Motion Xcelerator 120Hz [2026] | AI Upscaling, OLED HDR, Gaming Optimiser, Vision ...",https://www.amazon.co.uk/dp/B0GYZS4PML,48.0,1161.99,999.0,GBP,1161.99,Amazon,GB,2026-10-10T10:48:12Z,B0GYZS4PML,,,,,2026-07-01
Samsung,"Samsung 55 inch Crystal UHD U8005 4K Smart TV, incredible colors with Crystal Processor 4K, listen to all speakers with Q-Symphony, Protected Data, Knox Security and Gaming Hub",https://www.amazon.co.uk/dp/B0F2249D1G,55.0,634.72,545.69,GBP,634.72,Amazon,GB,2026-10-10T10:48:12Z,B0F2249D1G,,,,,2026-07-01
Samsung,Samsung QE65Q60C 65 inch Smart 4K HDR QLED TV,https://www.amazon.co.uk/dp/B0BX76B4V8,65.0,,,,,Amazon,GB,2026-10-10T10:48:12Z,B0BX76B4V8,,,,,
Samsung,"Samsung HD Smart TV 32'' UE32H5000FKXZT HD, Hyper Real Processor, HDR & Pur Color, Smart Experience, OTS Lite & Adaptive Sound, SlimLook Design, 2025",https://www.amazon.co.uk/dp/B0DF6NHYS6,32.0,408.51,351.21,GBP,408.51,Amazon,GB,2026-10-10T10:48:12Z,B0DF6NHYS6,,,,,2026-07-01
Hisense,"Hisense 50 Inch 50E6QTUK 4K Ultra HD Smart AI TV | 4K UHD, Hi-View AI Engine, Precision Colour, AI Smooth Motion and Sport...",https://www.amazon.co.uk/dp/B0F7W98BQK,50.0,324.52,279.0,GBP,324.52,Amazon,GB,2026-10-10T10:48:12Z,B0F7W98BQK,,,,,2026-07-01
Samsung,Samsung QE32LS03C 32-inch QLED TV The Frame,https://www.amazon.co.uk/dp/B0BWFPKGMZ,32.0,370.72,318.72,GBP,370.72,Amazon,GB,2026-10-10T10:48:12Z,B0BWFPKGMZ,,,,,2026-07-01
TCL,"TCL 55PF650K 55-inch 4K Ultra HD, HDR TV, Smart LED Fire TV (Dolby Vision, Dolby Atmos, DTS, HDR 10, Alexa built-in, Airplay2, Miracast)",https://www.amazon.co.uk/dp/B0D7ZC2QY4,55.0,336.15,289.0,GBP,336.15,Amazon,GB,2026-10-10T10:48:12Z,B0D7ZC2QY4,,,,,2026-07-01
Samsung,"Samsung Smart TV 75-Inch Mini LED M72H 4K, UHD TV, Mini LED HDR, Motion Xcelerator, Dynamic Sound Pack, AI Companion for questions [2026]",https://www.amazon.co.uk/dp/B0GYZKYZWG,75.0,987.52,849.0,GBP,987.52,Amazon,GB,2026-10-10T10:48:12Z,B0GYZKYZWG,,,,,2026-07-01
Samsung,Samsung 85 Inch Neo QLED 4K with Mini LED QN73F AI Smart TV,https://www.amazon.co.uk/dp/B0DF8KVR1R,85.0,1743.57,1499.0,GBP,1743.57,Amazon,GB,2026-10-10T10:48:12Z,B0DF8KVR1R,,,,,2026-07-01
Samsung,"Samsung Smart TV 55-Inch R85H Micro RGB 4K, HDR+, Motion Xcelerator 144Hz, Dolby Atmos & OTS Lite, Gaming Hub, FreeSync Premium Pro, Knox Security, Vision AI Companion, Alexa Built-in [2026]",https://www.amazon.co.uk/dp/B0GYZNYXH2,55.0,1220.15,1049.0,GBP,1220.15,Amazon,GB,2026-10-10T10:48:12Z,B0GYZNYXH2,,,,,2026-07-01
Samsung,"Samsung Smart TV 55-Inch LS03HW The Frame Pro, 4K Neo QLED, Art Mode, Modern Frame Design, Glare Free, HDR10+, Motion Xcelerator 144Hz, Dolby Atmos, Vision AI Companion, Alexa [2026]",https://www.amazon.co.uk/dp/B0GYZ7X8NQ,55.0,1510.94,1299.0,GBP,1510.94,Amazon,GB,2026-10-10T10:48:12Z,B0GYZ7X8NQ,,,,,2026-07-01
Samsung,"Samsung HG32CF800EU HCF8000 Series - 32"" LED-backlit LCD TV - QLED - Full HD - for hotel/hospitality",https://www.amazon.co.uk/dp/B0FVLL714C,32.0,486.62,418.36,GBP,486.62,Amazon,GB,2026-10-10T10:48:12Z,B0FVLL714C,,,,,2026-07-01
Samsung,"Samsung Smart TV 42 Inch S90H OLED 4K, Glare-Free, HDR10+, Motion Xcelerator 165Hz, Dolby Atmos & OTS Lite, Gaming Hub, FreeSync Premium Pro, Knox Security, AI Voice Control, Alexa Built-in [2026]",https://www.amazon.co.uk/dp/B0GYZ7MZ2Q,42.0,1161.99,999.0,GBP,1161.99,Amazon,GB,2026-10-10T10:48:12Z,B0GYZ7MZ2Q,,,,,2026-07-01
Samsung,"Samsung Smart TV 48-Inch S95H OLED 4K, Glare-Free, HDR 10+, Motion Xcelerator 165Hz, Dolby Atmos, Gaming Hub, FreeSync Premium Pro, G-Sync, Voice Control with AI(VAC), Alexa Built-in [2026]",https://www.amazon.co.uk/dp/B0GYZQ3S7C,48.0,1627.26,1399.0,GBP,1627.26,Amazon,GB,2026-10-10T10:48:12Z,B0GYZQ3S7C,,,,,2026-07-01
Samsung,Samsung 55U8072 LED TV 138 cm Smart 4K Ultra HD 50Hz Model 2025 UE55U8072FUXXH [Hungarian Version],https://www.amazon.co.uk/dp/B0FF1THHJ9,55.0,417.57,359.0,GBP,417.57,Amazon,GB,2026-10-10T10:48:12Z,B0FF1THHJ9,,,,,2026-07-01
Samsung,"Samsung Smart TV 27-Inch The Movingstyle QHD Portable Television [2025] | Touch Screen, Built-in Battery, 120Hz Gaming TV,...",https://www.amazon.co.uk/dp/B0G98STGYR,27.0,1161.99,999.0,GBP,1161.99,Amazon,GB,2026-10-10T10:48:12Z,B0G98STGYR,,,,,2026-07-01
Samsung,"Samsung TV 43 Inch The Frame LS03F 4K Smart TV, Art Gallery with Matte Display, Interchangeable Frames, 100% Color Volume with Quantum Dot and Almost Invisible Cable with One Connect",https://www.amazon.co.uk/dp/B0F229Y3KG,43.0,754.89,649.0,GBP,754.89,Amazon,GB,2026-10-10T10:48:12Z,B0F229Y3KG,,,,,2026-07-01
Samsung,"Samsung Series 9 DU9000 98"" 4K Ultra HD Smart TV",https://www.amazon.co.uk/dp/B0D1YJ8BGQ,98.0,1859.89,1599.0,GBP,1859.89,Amazon,GB,2026-10-10T10:48:12Z,B0D1YJ8BGQ,,,,,2026-07-01
Xiaomi,"XIAOMI TV F Pro 43 2025, 43 Inch (101 cm) 4K QLED Smart TV, Fire TV, HDR10+ | MEMC, Alexa Voice Control, 2GB+32GB, Works w...",https://www.amazon.co.uk/dp/B0FCY8MNS4,43.0,231.47,199.0,GBP,231.47,Amazon,GB,2026-10-10T10:48:12Z,B0FCY8MNS4,,,,,2026-07-01
Hisense,"Hisense 50"" 50E78QTUK PRO 144Hz QLED Smart AI TV - Hi-View AI Engine, 144Hz Game Mode PRO, Dolby Atmos, Quantum Dot Colour with Freely, Disney +, YouTube, Netflix",https://www.amazon.co.uk/dp/B0F7WKP6XN,50.0,,,,,Amazon,GB,2026-10-10T10:48:12Z,B0F7WKP6XN,,,,,
Hisense,"Hisense 65"" 65E78QTUK QLED Smart AI TV - 4K Direct Lit Viewing, Quantum Dot Colour, Hi-View AI Engine, Dolby Vision, Dolby Atmos with Freely, Disney +, YouTube, Netflix",https://www.amazon.co.uk/dp/B0F7WB3V34,65.0,580.41,499.0,GBP,580.41,Amazon,GB,2026-10-10T10:48:12Z,B0F7WB3V34,,,,,2026-07-01
Samsung,"Samsung Smart TV 100-Inch M90H Mini LED 4K, HDR 10+, Motion Xcelerator 144Hz, Adaptive Sound+, Gaming Hub, FreeSync Premium, AI Football Mode, Voice Control with AI(VAC), Alexa Built-in [2026]",https://www.amazon.co.uk/dp/B0GYZK89X3,100.0,2092.52,1799.0,GBP,2092.52,Amazon,GB,2026-10-10T10:48:12Z,B0GYZK89X3,,,,,2026-07-01
Samsung,Samsung QN32LS03CBFXZA 32 Inch The Frame QLED Smart TV with Art Mode and 2 Year Amber Protection Plan (2023),https://www.amazon.co.uk/dp/B0D4SSM4V1,32.0,382.68,329.0,GBP,382.68,Amazon,GB,2026-10-10T10:48:12Z,B0D4SSM4V1,,,,,2026-07-01
LG,"LG 55QNED70A6A 55-Inch 4K UHD Smart TV (α7 AI Processor, Amazon Alexa, 60Hz) [Model 2025]",https://www.amazon.co.uk/dp/B0FDR6R5LB,55.0,397.82,342.02,GBP,397.82,Amazon,GB,2026-10-10T10:48:12Z,B0FDR6R5LB,,,,,2026-07-01
Samsung,"Samsung 65"" 4K QN80F, NQ4 AI Gen2 Processor, 4K AI Upscaling, Quantum Matrix Technology Core, OTS Lite, Samsung Vision AI,...",https://www.amazon.co.uk/dp/B0DF6NZRWD,65.0,,,,,Amazon,GB,2026-10-10T10:48:12Z,B0DF6NZRWD,,,,,
Samsung,"Samsung Neo QLED 4K QN70F 55"" Mini LED TV NQ4 AI Gen2 Quantum Matrix Technology Slim, Motion Xcelerator 144Hz, AirSlim, Samsung Vision, AI Smart TV",https://www.amazon.co.uk/dp/B0FM8TDCTT,55.0,,,,,Amazon,GB,2026-10-10T10:48:12Z,B0FM8TDCTT,,,,,
Samsung,"Samsung AI TV 65Q6F QLED 4K 65 inch (163 cm) WiFi Smart TV 2025 | Quantum Dots, Q4 Lite Processor, Airplay, HDR, Q-Symphon...",https://www.amazon.co.uk/dp/B0FRSHBY4K,65.0,823.15,707.69,GBP,823.15,Amazon,GB,2026-10-10T10:48:12Z,B0FRSHBY4K,,,,,2026-07-01
Hisense,"Hisense 65"" 65U7QTUK MiniLED QLED 144Hz Smart AI TV - Hi-View AI Engine, 144Hz Game Mode PRO, 2.1 Channel, Dolby Atmos, Quantum Dot Colour, Anti-Reflection with Freely, Disney +, YouTube, Netflix,202144",https://www.amazon.co.uk/dp/B0F7WC5H3X,65.0,871.2,749.0,GBP,871.2,Amazon,GB,2026-10-10T10:48:12Z,B0F7WC5H3X,,,,,2026-07-01
Samsung,Samsung UE65U8092F - Smart TV - 4K - Tizen - 65 inches - Crystal UHD - Motion Xcelerator - Buitenlands model,https://www.amazon.co.uk/dp/B0FVTYJFBR,65.0,825.46,709.67,GBP,825.46,Amazon,GB,2026-10-10T10:48:12Z,B0FVTYJFBR,,,,,2026-07-01
Sony,"Sony BRAVIA 5 – XR, Mini LED, AI XR Processor, Acoustic Multi-Audio, Dolby Vision/Atmos, IMAX Enhanced, Google TV (2025), Google Cast, Apple AirPlay 2, Eco Dashboard 2, Game Menu 2 – 65-inch",https://www.amazon.co.uk/dp/B0F29KYPN4,65.0,1510.94,1299.0,GBP,1510.94,Amazon,GB,2026-10-10T10:48:12Z,B0F29KYPN4,,,,,2026-07-01
Samsung,SAMSUNG 75DU7105 - LED TV 75 (190 cm) - 4K UHD 3840x2160 - HDR - Smart TV - Gaming Hub - 3xHDMI - WiFi,https://www.amazon.co.uk/dp/B0CSPNT5L1,75.0,1067.42,917.69,GBP,1067.42,Amazon,GB,2026-10-10T10:48:12Z,B0CSPNT5L1,,,,,2026-07-01
Samsung,"Samsung DU7110 55"" Crystal UHD SmartTV, With Crystal Processor 4K, PurColour, Object Tracking Sound Lite, Gaming Hub, Smart TV powered by Tizen, UE55DU7110KXXU, English Model (2024)",https://www.amazon.co.uk/dp/B0CYC4YY4F,55.0,,,,,Amazon,GB,2026-10-10T10:48:12Z,B0CYC4YY4F,,,,,
Samsung,"Samsung 65 Inch Crystal UHD U7005 4K Smart TV, Amazing Colors with Crystal 4K Processor, Listen to All Speakers with Q-Symphony, Your Knox Security Protected Data [Spanish version]",https://www.amazon.co.uk/dp/B0F2B3T23S,65.0,737.44,634.0,GBP,737.44,Amazon,GB,2026-10-10T10:48:12Z,B0F2B3T23S,,,,,2026-07-01
Samsung,"Samsung Crystal UHD 55"" U8000H TV with B650F Soundbar",https://www.amazon.co.uk/dp/B0H824XS5Z,55.0,683.94,588.0,GBP,683.94,Amazon,GB,2026-10-10T10:48:12Z,B0H824XS5Z,,,,,2026-07-01
Samsung,Original S.W.A.T. Samsung QE43Q60AAUXXC Telescope 43 Inch QLED 4K Smart TV WiFi Bluetooth Ambient Mode,https://www.amazon.co.uk/dp/B08PD7V1WJ,43.0,,,,,Amazon,GB,2026-10-10T10:48:12Z,B08PD7V1WJ,,,,,
Samsung,"Samsung QE83S91FAEXXU 83"" S91F 4K OLED HDR+ WIFI & Bluetooth enabled Motion Xcelerator 144Hz 4 HDMI, 2 USB, Vision AI Smart TV - Alexa Voice Assistant",https://www.amazon.co.uk/dp/B0GH17C5JS,83.0,2790.41,2399.0,GBP,2790.41,Amazon,GB,2026-10-10T10:48:12Z,B0GH17C5JS,,,,,2026-07-01
Samsung,"Samsung M70H 85"" 4K Ultra HD Mini LED HDR Vision AI Smart TV - UE85M70H",https://www.amazon.co.uk/dp/B0H3KN31WC,85.0,1510.94,1299.0,GBP,1510.94,Amazon,GB,2026-10-10T10:48:12Z,B0H3KN31WC,,,,,2026-07-01
Samsung,"Samsung Smart TV 55 Inch S93H OLED 4K, Glare Free, HDR10+, Motion Xcelerator 165Hz, Dolby Atmos & OTS, Dual Tuner, Gaming Hub, FreeSync Premium Pro, Knox Security, AI Voice Control, Alexa [2026]",https://www.amazon.co.uk/dp/B0GYZ89CH1,55.0,1627.26,1399.0,GBP,1627.26,Amazon,GB,2026-10-10T10:48:12Z,B0GYZ89CH1,,,,,2026-07-01
Samsung,"19” 12V/24V Smart TV with Samsung Tizen OS, WiFi, Netflix, Prime Video, AirPlay, HDMI/USB, Caravan, Motorhome, Truck & Boat TV, 3-Year Warranty",https://www.amazon.co.uk/dp/B0GL95JPRF,19.0,219.84,189.0,GBP,219.84,Amazon,GB,2026-10-10T10:48:12Z,B0GL95JPRF,,,,,2026-07-01
Samsung,"Samsung 55"" S95F, NQ4 AI Gen3 Processor, 4K AI Upscaling,OLED HDR Pro, Motion Xcelerator 165Hz, Samsung Vision AI, 2025",https://www.amazon.co.uk/dp/B0F6TQKN1T,55.0,,,,,Amazon,GB,2026-10-10T10:48:12Z,B0F6TQKN1T,,,,,
Samsung,"Samsung Crystal UHD 65"" U8000H TV with B46CF Soundbar",https://www.amazon.co.uk/dp/B0H82944B2,65.0,788.62,678.0,GBP,788.62,Amazon,GB,2026-10-10T10:48:12Z,B0H82944B2,,,,,2026-07-01
Samsung,"Samsung Crystal UHD 75"" U8000H TV with B46CF Soundbar",https://www.amazon.co.uk/dp/B0H82J1Y3N,75.0,1021.25,878.0,GBP,1021.25,Amazon,GB,2026-10-10T10:48:12Z,B0H82J1Y3N,,,,,2026-07-01
Samsung,"Samsung QE32LS03T 32"" The Frame Art Mode QLED Full HD HDR Smart TV",https://www.amazon.co.uk/dp/B09QSV474F,32.0,382.68,329.0,GBP,382.68,Amazon,GB,2026-10-10T10:48:12Z,B09QSV474F,,,,,2026-07-01
LG,"LG 32LQ63806LC 32inch LED Full HD Smart TV, Model 2024",https://www.amazon.co.uk/dp/B0D17VJPSD,32.0,250.16,215.07,GBP,250.16,Amazon,GB,2026-10-10T10:48:12Z,B0D17VJPSD,,,,,2026-07-01
Samsung,"Samsung AU9000 65 Inch 4K Smart TV (2021) - Slim Ultra HD TV With Alexa Built-In, Game Mode, Motion Xcelerator Turbo, 4K Crystal Processor, Dynamic Crystal Colour, Object Tracking Sound – UE65AU9000",https://www.amazon.co.uk/dp/B08Y7338TW,65.0,,,,,Amazon,GB,2026-10-10T10:48:12Z,B08Y7338TW,,,,,
Samsung,"Smart TV Samsung QE32LS03B 32""",https://www.amazon.co.uk/dp/B0B8JMSLR2,32.0,394.31,339.0,GBP,394.31,Amazon,GB,2026-10-10T10:48:12Z,B0B8JMSLR2,,,,,2026-07-01
Samsung,Samsung Q60 55 INCH QLED Comm TV,https://www.amazon.co.uk/dp/B0DKTZNZX9,55.0,,,,,Amazon,GB,2026-10-10T10:48:12Z,B0DKTZNZX9,,,,,
Samsung,"Samsung 55-inch S85H Smart TV, OLED 4K, 120Hz Gaming TV with AI Upscaling, OLED HDR, Vision AI Companion, Object Tracking Sound Lite, Alexa Built-in [2026]",https://www.amazon.co.uk/dp/B0H11G7S2Z,55.0,1603.99,1379.0,GBP,1603.99,Amazon,GB,2026-10-10T10:48:12Z,B0H11G7S2Z,,,,,2026-07-01
Samsung,Samsung 65 Inch Neo QLED 8K with Mini LED QN990F Glare Free AI Smart TV,https://www.amazon.co.uk/dp/B0F6VVSYBN,65.0,3488.3,2999.0,GBP,3488.3,Amazon,GB,2026-10-10T10:48:12Z,B0F6VVSYBN,,,,,2026-07-01
Samsung,SAMSUNG QN43LS03DAFXZA 43 Inch The Frame 4K Smart Quantum HDR TV with 6 Year Amber Protection Plan (2024),https://www.amazon.co.uk/dp/B0D7P2GPD6,43.0,743.26,639.0,GBP,743.26,Amazon,GB,2026-10-10T10:48:12Z,B0D7P2GPD6,,,,,2026-07-01
Samsung,"Samsung 75 Inch QN90C 4K Neo QLED HDR Smart TV (2023) - Quantum Matrix Technology & Alexa Built In, Dolby Atmos Object Tracking Sound Audio, Slim Design & Anti Reflection Screen, 100% Colour Volume",https://www.amazon.co.uk/dp/B0BX77KDVQ,75.0,,,,,Amazon,GB,2026-10-10T10:48:12Z,B0BX77KDVQ,,,,,
Samsung,"Samsung Crystal UHD TV 2023 55CU7025 55"" Smart TV with PurColor, Crystal UHD Processor, SmartThings, Contrast Enhancer with HDR10+ and Smart TV Powered by Tizen",https://www.amazon.co.uk/dp/B0CZ495C1L,55.0,665.66,572.29,GBP,665.66,Amazon,GB,2026-10-10T10:48:12Z,B0CZ495C1L,,,,,2026-07-01
Samsung,SAMSUNG QN55LS03FAFXZA 55 Inch The Frame QLED 4K Art Mode Vision AI Smart TV with 4 Year Amber Protection Plan (2025),https://www.amazon.co.uk/dp/B0F56JGVSM,55.0,1045.68,899.0,GBP,1045.68,Amazon,GB,2026-10-10T10:48:12Z,B0F56JGVSM,,,,,2026-07-01
TCL,"TCL 55T6C-UK 55 Inch QLED 4K HDR TV, Fire TV (Smart TV with Dolby Vision & Atmos, HDR10+, Press & Ask Alexa",https://www.amazon.co.uk/dp/B0DW8PZCHX,55.0,440.84,379.0,GBP,440.84,Amazon,GB,2026-10-10T10:48:12Z,B0DW8PZCHX,,,,,2026-07-01
Samsung,"Samsung QLED TV 2023 98Q80C 98"" Smart TV, Direct Full Array, Quantum HDR 1500, 60W with Dolby Atmos, 4K QLED Processor and Motion Xcelerator Turbo+",https://www.amazon.co.uk/dp/B0BVG8GYC8,98.0,6905.99,5937.29,GBP,6905.99,Amazon,GB,2026-10-10T10:48:12Z,B0BVG8GYC8,,,,,2026-07-01
Samsung,"Samsung 43 inch Crystal UHD U7005 4K Smart TV, incredible colors with Crystal 4K processor, listen to all speakers with Q-Symphony, your data protected Knox Security",https://www.amazon.co.uk/dp/B0F2B3G2W4,43.0,511.54,439.79,GBP,511.54,Amazon,GB,2026-10-10T10:48:12Z,B0F2B3G2W4,,,,,2026-07-01
Samsung,"Samsung The Frame QE32LS03TCUXXC Televisor, 81.3 cm (32 inches), Full HD Smart TV, WiFi",https://www.amazon.co.uk/dp/B08ZY3BTCL,32.0,382.68,329.0,GBP,382.68,Amazon,GB,2026-10-10T10:48:12Z,B08ZY3BTCL,,,,,2026-07-01
Samsung,SAMSUNG 50Q80D - QLED 50 TV (127cm) - 4K UHD 3840x2160 - HDR+ - Smart TV - Gaming Hub - 4xHDMI - WiFi,https://www.amazon.co.uk/dp/B0CSKKKXBZ,50.0,922.14,792.79,GBP,922.14,Amazon,GB,2026-10-10T10:48:12Z,B0CSKKKXBZ,,,,,2026-07-01
Samsung,Samsung T28E310 28 -inch LCD 50 Hz TV,https://www.amazon.co.uk/dp/B013DUSOZG,28.0,1522.57,1309.0,GBP,1522.57,Amazon,GB,2026-10-10T10:48:12Z,B013DUSOZG,,,,,2026-07-01
Samsung,Samsung QE65Q70CATXXU 65inch QLED UHD 4K Quantum HDR10+ SMART TV WiFi,https://www.amazon.co.uk/dp/B0BX737534,65.0,,,,,Amazon,GB,2026-10-10T10:48:12Z,B0BX737534,,,,,
Samsung,Samsung UE40H5500 - LED Smart TV,https://www.amazon.co.uk/dp/B00KBXXC6U,40.0,,,,,Amazon,GB,2026-10-10T10:48:12Z,B00KBXXC6U,,,,,
Samsung,"Samsung 50 Inch Neo QLED QN80F 4K Mini LED Smart TV with Vision AI, Quantum Matrix Technology Core, Motion Xcelerator 144Hz and Gaming Hub",https://www.amazon.co.uk/dp/B0F22914WP,50.0,1287.02,1106.49,GBP,1287.02,Amazon,GB,2026-10-10T10:48:12Z,B0F22914WP,,,,,2026-07-01
Samsung,"Samsung The Frame 55LS03F QLED 4K 55-inch Smart TV 2025 | No Glare, Picture Frame TV, Art Store, OTS Lite, Q-Symphony, Wal...",https://www.amazon.co.uk/dp/B0F2295TXB,55.0,1045.68,899.0,GBP,1045.68,Amazon,GB,2026-10-10T10:48:12Z,B0F2295TXB,,,,,2026-07-01
Samsung,"Samsung 42 Inch S90F 4K Smart TV AI OLED TV 2025, Vision AI, NQ4 AI Gen3 Processor, 4K AI Upscaling Pro, HDR10+ Adaptive, Dolby Atmos, Gaming Hub, Knox Security",https://www.amazon.co.uk/dp/B0FT879YNJ,42.0,1501.27,1290.69,GBP,1501.27,Amazon,GB,2026-10-10T10:48:12Z,B0FT879YNJ,,,,,2026-07-01
Samsung,"Samsung Series 4 UE32T4302AE 81,3 cm (32"") HD Smart TV Wifi Noir",https://www.amazon.co.uk/dp/B0C277D7N8,32.0,374.72,322.16,GBP,374.72,Amazon,GB,2026-10-10T10:48:12Z,B0C277D7N8,,,,,2026-07-01
Samsung,"Samsung 2020 32"" The Frame Art Mode QLED Full HD HDR Smart TV, CHARCOAL BLACK, LS03T",https://www.amazon.co.uk/dp/B08CBJ7GDP,32.0,394.31,339.0,GBP,394.31,Amazon,GB,2026-10-10T10:48:12Z,B08CBJ7GDP,,,,,2026-07-01
Samsung,Samsung HG46EC890 200 Hz TV,https://www.amazon.co.uk/dp/B00JA5AUGK,46.0,1163.14,999.99,GBP,1163.14,Amazon,GB,2026-10-10T10:48:12Z,B00JA5AUGK,,,,,2026-07-01
Samsung,"Samsung QE43LS05TAUXZT Smart TV 43"" The Sero, QLED 4K, Ultra HD, Adjustable TV with Mobile View and Built-in 60W 4.1 Speakers, Wi-Fi, Blue Navy, 2020, Built-in Alexa, Google Assistant Compatible",https://www.amazon.co.uk/dp/B08B7X7VSD,43.0,5454.04,4689.0,GBP,5454.04,Amazon,GB,2026-10-10T10:48:12Z,B08B7X7VSD,,,,,2026-07-01
Samsung,Samsung QN55LS03DAFXZA 55 inch The Frame QLED 4K Smart TV 2024 Bundle with 2X 4K HDMI 2.0 Cable w/Pure Copper Conductors & Deco Gear CPS Exclusive 26 Month Protection Pack Bundle (BEACH-CPS-261500),https://www.amazon.co.uk/dp/B0D1S86LS4,55.0,1045.68,899.0,GBP,1045.68,Amazon,GB,2026-10-10T10:48:12Z,B0D1S86LS4,,,,,2026-07-01
Samsung,"Samsung HG50Q60AAEU 127 cm (50"") 4K Ultra HD Smart TV Black 20 W",https://www.amazon.co.uk/dp/B0BCK7MLRF,50.0,842.68,724.48,GBP,842.68,Amazon,GB,2026-10-10T10:48:12Z,B0BCK7MLRF,,,,,2026-07-01
Samsung,"Samsung 50 Inch Neo QLED QN90F 4K Mini LED Smart TV with AI Vision, Glare Free Screen and Quantum Matrix Technology Plus",https://www.amazon.co.uk/dp/B0F2241BR4,50.0,1501.86,1291.19,GBP,1501.86,Amazon,GB,2026-10-10T10:48:12Z,B0F2241BR4,,,,,2026-07-01
Samsung,"Samsung AI-TV 55"" The Frame LS03D 4K Smart TV, Art Gallery with Display Matt, Interchangeable Frames, 100% Colour Volume with Quantum Dot and One Connect and Almost Invisible Cable",https://www.amazon.co.uk/dp/B0CS6PL5BY,55.0,1045.68,899.0,GBP,1045.68,Amazon,GB,2026-10-10T10:48:12Z,B0CS6PL5BY,,,,,2026-07-01
Samsung,"Smart TV Samsung QE55Q60T 55"" 4K Ultra HD QLED WiFi Zwart",https://www.amazon.co.uk/dp/B083QXCKY5,55.0,1920.37,1651.0,GBP,1920.37,Amazon,GB,2026-10-10T10:48:12Z,B083QXCKY5,,,,,2026-07-01
Samsung,"Samsung Crystal UHD 65"" U8000H TV with B650F Soundbar",https://www.amazon.co.uk/dp/B0H82LHJC8,65.0,823.51,708.0,GBP,823.51,Amazon,GB,2026-10-10T10:48:12Z,B0H82LHJC8,,,,,2026-07-01
Samsung,"Samsung The Frame TV Bezel/Mounts Antique Gilded Walnut ONLY with Samsung The Frame TV 65""/PRO(Fits 2021-2026 models, model codes: 65LS03A/B/C/D/FA/FW/HE/HW) (Antique Gilded Walnut, 65-LS03)",https://www.amazon.co.uk/dp/B0GDY7L3XV,65.0,347.78,299.0,GBP,347.78,Amazon,GB,2026-10-10T10:48:12Z,B0GDY7L3XV,,,,,2026-07-01
Samsung,"Samsung The Movingstyle LSM7F QHD TV with Portable Screen, Removable Stand, Touch and Smart",https://www.amazon.co.uk/dp/B0FQBYHWZG,27.0,1573.4,1352.7,GBP,1573.4,Amazon,GB,2026-10-10T10:48:12Z,B0FQBYHWZG,,,,,2026-07-01
Samsung,"Samsung Neo QLED 8K 2024 65QN800D 65"" Smart TV with 8K Resolution, More Speakers Than Ever With Dolby Atmos and Q-Symphony, the Best Smart TV and No Cables with Slim One Connect",https://www.amazon.co.uk/dp/B0CSDKRHRN,65.0,3169.25,2724.7,GBP,3169.25,Amazon,GB,2026-10-10T10:48:12Z,B0CSDKRHRN,,,,,2026-07-01
Samsung,"SAMSUNG 65 inch OLED S85F 4K Smart TV with AI Vision, Pantone TV Plus Certified Colors",https://www.amazon.co.uk/dp/B0F2FNVQ73,65.0,1846.86,1587.8,GBP,1846.86,Amazon,GB,2026-10-10T10:48:12Z,B0F2FNVQ73,,,,,2026-07-01
Samsung,"Samsung 83 inch OLED S95F 4K Smart TV with AI Vision, Glare Free Screen and Motion Xcelerator 165Hz [Spanish version]",https://www.amazon.co.uk/dp/B0F223PTBN,83.0,6503.19,5590.99,GBP,6503.19,Amazon,GB,2026-10-10T10:48:12Z,B0F223PTBN,,,,,2026-07-01
Samsung,"Samsung The Serif Green 55-inch QLED TQ55LS01DB TV, Certified Non-Reflective Screen, 360° Design TV, Ambient Mode+, Smart TV, OTS Lite Technologies, Detachable Legs Included",https://www.amazon.co.uk/dp/B0FMQRHVMT,55.0,1501.27,1290.69,GBP,1501.27,Amazon,GB,2026-10-10T10:48:12Z,B0FMQRHVMT,,,,,2026-07-01
Samsung,"Samsung Crystal UHD 50"" U8000H TV with B46CF Soundbar",https://www.amazon.co.uk/dp/B0H82ML5HJ,50.0,579.25,498.0,GBP,579.25,Amazon,GB,2026-10-10T10:48:12Z,B0H82ML5HJ,,,,,2026-07-01
Samsung,Samsung QE55Q80D - 55 inch (140 cm) - OLED - 2024,https://www.amazon.co.uk/dp/B0D3QMNV75,55.0,,,,,Amazon,GB,2026-10-10T10:48:12Z,B0D3QMNV75,,,,,
Samsung,Samsung TV 85 Inch (2025) Neo QLED 4K UHD - TQ85QN90FATXXC,https://www.amazon.co.uk/dp/B0F224SMXB,85.0,6226.48,5353.09,GBP,6226.48,Amazon,GB,2026-10-10T10:48:12Z,B0F224SMXB,,,,,2026-07-01
Samsung,Samsung QE65S85HAE - 65 Inch Smart TV 4K 3840 x 2160 OLED DVB-T2 Wifi Black Energy Class F,https://www.amazon.co.uk/dp/B0H4M5WWY9,65.0,2955.07,2540.56,GBP,2955.07,Amazon,GB,2026-10-10T10:48:12Z,B0H4M5WWY9,,,,,2026-07-01
Samsung,"Samsung 48"" OLED 4K UHD TV - TQ48S90DAE",https://www.amazon.co.uk/dp/B0DCGHLNZQ,48.0,1430.2,1229.59,GBP,1430.2,Amazon,GB,2026-10-10T10:48:12Z,B0DCGHLNZQ,,,,,2026-07-01
Samsung,Samsung 65Q70D - QLED TV 65'' (165cm) - 4K UHD 3840x2160 - 120 Hz - HDR10+ - Gaming Hub - Smart TV - 4xHDMI,https://www.amazon.co.uk/dp/B0CSDBDM94,65.0,1287.02,1106.49,GBP,1287.02,Amazon,GB,2026-10-10T10:48:12Z,B0CSDBDM94,,,,,2026-07-01
Samsung,"Samsung TV The Frame 2019, 4K, Black",https://www.amazon.co.uk/dp/B07TD8ZS8N,43.0,,,,,Amazon,GB,2026-10-10T10:48:12Z,B07TD8ZS8N,,,,,
Samsung,"Samsung The Frame TV 4K 2024 50LS03D 50"" Smart TV with Art Gallery with Matte Display, Interchangeable Frames, 100% Color Volume with Quantum Dot and One Connect and Nearly Invisible Cable",https://www.amazon.co.uk/dp/B0CXY99TYZ,50.0,1287.02,1106.49,GBP,1287.02,Amazon,GB,2026-10-10T10:48:12Z,B0CXY99TYZ,,,,,2026-07-01
Samsung,TV Samsung The Frame 43 Inch LS03B 4K TQ43LS03BGUXXC,https://www.amazon.co.uk/dp/B0BS3YX4N4,43.0,743.26,639.0,GBP,743.26,Amazon,GB,2026-10-10T10:48:12Z,B0BS3YX4N4,,,,,2026-07-01
Samsung,"Samsung Qe55ls03a The Frame 2021 Television Smart Tv 55"" Qled Uhd 4k Hdr",https://www.amazon.co.uk/dp/B08QV9966N,55.0,1045.68,899.0,GBP,1045.68,Amazon,GB,2026-10-10T10:48:12Z,B08QV9966N,,,,,2026-07-01
Samsung,Samsung UE40J6240 TV,https://www.amazon.co.uk/dp/B01LXLR1H7,40.0,686.03,589.8,GBP,686.03,Amazon,GB,2026-10-10T10:48:12Z,B01LXLR1H7,,,,,2026-07-01
Samsung,SAMSUNG Neo QLED 55 Inch QE55QN700B 8K UHD Grey Anthracite,https://www.amazon.co.uk/dp/B09MV2F6HM,55.0,5465.67,4699.0,GBP,5465.67,Amazon,GB,2026-10-10T10:48:12Z,B09MV2F6HM,,,,,2026-07-01
Samsung,"Samsung 85 Inch M80H Class Mini LED (2026 Model, 85M80H) Mini LED with AI Mode, Large Size Image Enhancer, Pure Spectrum Color, 144Hz Motion Xcelator, HDR Remastering",https://www.amazon.co.uk/dp/B0GP992TYC,85.0,2325.15,1999.0,GBP,2325.15,Amazon,GB,2026-10-10T10:48:12Z,B0GP992TYC,,,,,2026-07-01
Samsung,"Samsung QLED Q7F5 4K Smart TV with AI Vision, 100% Colour Volume with Quantum Dot and More than 500 Channels [Country Version Spanish]",https://www.amazon.co.uk/dp/B0F2B67N6F,55.0,757.32,651.09,GBP,757.32,Amazon,GB,2026-10-10T10:48:12Z,B0F2B67N6F,,,,,2026-07-01
Samsung,"Samsung 50"" The Frame QLED 4K 2022 Smart TV, 4K UHD Resolution, QLED Processor with IA, HDR 10+, One Connect, Almost Invisible Cable, SolarCell Remote, Alexa Built-in",https://www.amazon.co.uk/dp/B09MZ1T6GD,50.0,894.47,769.0,GBP,894.47,Amazon,GB,2026-10-10T10:48:12Z,B09MZ1T6GD,,,,,2026-07-01
Samsung,Samsung QE55S85HAEXZT - Smart TV 55 Inch 4K OLED DVB-T2 Wifi HbbTV 2.0.4 Black Energy Class F,https://www.amazon.co.uk/dp/B0H4MBS2YG,55.0,1394.62,1199.0,GBP,1394.62,Amazon,GB,2026-10-10T10:48:12Z,B0H4MBS2YG,,,,,2026-07-01
Samsung,Samsung UE65M70HAUXZT - TV 65 Inch Smart TV 4K LED Wifi DVB-T2 Black Energy Class F,https://www.amazon.co.uk/dp/B0H3345L6V,65.0,1054.25,906.37,GBP,1054.25,Amazon,GB,2026-10-10T10:48:12Z,B0H3345L6V,,,,,2026-07-01
Samsung,Samsung The Frame 2.0 55-Inch Art Mode Ultra HD certified TV,https://www.amazon.co.uk/dp/B07GZMKWL1,55.0,1045.68,899.0,GBP,1045.68,Amazon,GB,2026-10-10T10:48:12Z,B07GZMKWL1,,,,,2026-07-01
Samsung,Samsung UE50M72HA Smart TV with HW-S60D/XU Soundbar,https://www.amazon.co.uk/dp/B0H82842LP,50.0,823.51,708.0,GBP,823.51,Amazon,GB,2026-10-10T10:48:12Z,B0H82842LP,,,,,2026-07-01
Samsung,"Samsung QE50Q60TAUXZT Smart TV 50"" QLED 4K, Ultra HD, Dual LED, Quantum Lite Processor, Quantum HDR, Wi-Fi, New Bezel-less Design, Black, 2020, Built-in Alexa, Google Assistant Compatible",https://www.amazon.co.uk/dp/B086B6M17V,50.0,2467.05,2121.0,GBP,2467.05,Amazon,GB,2026-10-10T10:48:12Z,B086B6M17V,,,,,2026-07-01
Samsung,Samsung UE75M80HAUXZT TV 75 Inch Smart TV 4K Mini LED Wifi DVB-T2 Black Energy Class F,https://www.amazon.co.uk/dp/B0H338C5DT,75.0,1939.2,1667.19,GBP,1939.2,Amazon,GB,2026-10-10T10:48:12Z,B0H338C5DT,,,,,2026-07-01
Samsung,SAMSUNG 75Q70D QLED TV 75 (190 cm) 4K UHD 3840 x 2160 120Hz Quantum HDR Gaming HUB Smart TV 4 x HDMI WiFi,https://www.amazon.co.uk/dp/B0CSDQ3HPK,75.0,2141.13,1840.79,GBP,2141.13,Amazon,GB,2026-10-10T10:48:12Z,B0CSDQ3HPK,,,,,2026-07-01
Samsung,"Samsung TV The Frame 4K 55"" QE55LS03B Smart TV Wifi Black 2022",https://www.amazon.co.uk/dp/B09XN5FWMG,55.0,1045.68,899.0,GBP,1045.68,Amazon,GB,2026-10-10T10:48:12Z,B09XN5FWMG,,,,,2026-07-01
Samsung,"Samsung Qe43ls03a The Frame 2021 Television Smart Tv 43"" Qled Uhd 4k Hdr",https://www.amazon.co.uk/dp/B08QJ2RZZ3,43.0,743.26,639.0,GBP,743.26,Amazon,GB,2026-10-10T10:48:12Z,B08QJ2RZZ3,,,,,2026-07-01
Samsung,"Samsung LT24E310EX 23"" HD ready Black LED TV - LED TVs (HD ready, A, 16:9, Mega Contrast, Black, 1366 x 768 pixels)",https://www.amazon.co.uk/dp/B00ZC8J56U,23.0,875.86,753.0,GBP,875.86,Amazon,GB,2026-10-10T10:48:12Z,B00ZC8J56U,,,,,2026-07-01
Samsung,Samsung UE55M80HAUXZT - Smart TV 55 Inch LED 4K DVB-T2 Wifi HbbTV CI+ Black Energy Class E,https://www.amazon.co.uk/dp/B0H4MQYTM3,55.0,1013.63,871.45,GBP,1013.63,Amazon,GB,2026-10-10T10:48:12Z,B0H4MQYTM3,,,,,2026-07-01
Samsung,"Vueframe Alloy TV Frames 65"" Deco Only for Samsung The Frame TV/Pro TVs | Fits 2021-2026,LS03A,LS03B,LS03C,LS03D,LS03FA,LS...",https://www.amazon.co.uk/dp/B0H14CCL3S,65.0,174.46,149.99,GBP,174.46,Amazon,GB,2026-10-10T10:48:12Z,B0H14CCL3S,,,,,2026-07-01
Samsung,"Samsung TQ65S92FATXXC 65″ OLED TV – 4K UHD, OLED HDR+, NQ4 AI Gen 3 Processor, 4× HDMI 2.1 (4K 144Hz), Tizen Smart TV (2025)",https://www.amazon.co.uk/dp/B0G43VHC6H,65.0,1859.76,1598.89,GBP,1859.76,Amazon,GB,2026-10-10T10:48:12Z,B0G43VHC6H,,,,,2026-07-01
Samsung,Tv Samsung UE98DU9070UXZT SERIES 9 Smart TV UHD Graphite Black [Country Version Italian] [Italian version],https://www.amazon.co.uk/dp/B0D2DXXFRW,98.0,2458.42,2113.58,GBP,2458.42,Amazon,GB,2026-10-10T10:48:12Z,B0D2DXXFRW,,,,,2026-07-01
LG,"LG LED AI LB6500 43 inch Full HD Smart TV - 43LB65006LA (α5 AI Processor Gen9, 60Hz, HDR10, Google Cast, Apple AirPlay 2) [Model year 2026]",https://www.amazon.co.uk/dp/B0H3Q1HLWQ,43.0,254.73,219.0,GBP,254.73,Amazon,GB,2026-10-10T10:48:12Z,B0H3Q1HLWQ,,,,,2026-07-01
LG,"LG 32LQ63006LA LED LQ63 32 Inch Full HD Smart TV, α5 Gen5 AI Processor, 60Hz, HDR10, Works with Alexa, Apple AirPlay 2, Model Year 2022",https://www.amazon.co.uk/dp/B09YD4MHJ9,32.0,197.72,169.99,GBP,197.72,Amazon,GB,2026-10-10T10:48:12Z,B09YD4MHJ9,,,,,2026-07-01
LG,"LG 43"" 4K Ultra HD LED 4K HDR10 webOS AI Smart TV",https://www.amazon.co.uk/dp/B0HHSJ51N4,43.0,302.41,259.99,GBP,302.41,Amazon,GB,2026-10-10T10:48:12Z,B0HHSJ51N4,,,,,2026-07-01
LG,"LG OLED evo AI C6 55-inch 4K Smart TV - OLED55C65LA (α11 AI Processor 4K Gen3, 120Hz (VRR 165Hz), Dolby Vision, Dolby Atmos, FILMMAKER MODE™ [Model year 2026]",https://www.amazon.co.uk/dp/B0GT9VGFLR,55.0,1627.26,1399.0,GBP,1627.26,Amazon,GB,2026-10-10T10:48:12Z,B0GT9VGFLR,,,,,2026-07-01
LG,"LG 50UA73006LA 50-Inch 4K Ultra HD HDR Smart TV (webOS 25 Platform with AI Concierge, Alpha 7 Processor 4K Gen8, Game Optimiser & ALLM, 60Hz) [Model 2025]",https://www.amazon.co.uk/dp/B0F3XS2DM8,50.0,,,,,Amazon,GB,2026-10-10T10:48:12Z,B0F3XS2DM8,,,,,
LG,"LG 43NANO82T6B 43-Inch Nanocell AI 4K UHD Smart TV, (α5 AI Processor Gen7, Freeview Play and Amazon Alexa, 60Hz), Ashed Blue [Model 2024]",https://www.amazon.co.uk/dp/B0D1Y7HZ8X,43.0,255.17,219.38,GBP,255.17,Amazon,GB,2026-10-10T10:48:12Z,B0D1Y7HZ8X,,,,,2026-07-01
LG,"LG 55NANO82T6B 55-Inch Nanocell AI 4K UHD Smart TV, (α5 AI Processor Gen7, Freeview Play and Amazon Alexa, 60Hz), Ashed Blue [Model 2024]",https://www.amazon.co.uk/dp/B0D1Y8RW1B,55.0,407.09,349.99,GBP,407.09,Amazon,GB,2026-10-10T10:48:12Z,B0D1Y8RW1B,,,,,2026-07-01
LG,"LG 65QNED82A6B 65"" 4K QNED AI TV (α7 Gen8 4K AI Processor, 25 WebOS 25, 60Hz) Model Year 2025",https://www.amazon.co.uk/dp/B0F226M1SY,65.0,581.57,499.99,GBP,581.57,Amazon,GB,2026-10-10T10:48:12Z,B0F226M1SY,,,,,2026-07-01
LG,"LG OLED48B56LA 48-Inch OLED 4K UHD Smart TV, B5 Series, (α8 AI Processor, Dolby Atmos, Freeview Play and Amazon Alexa, 120Hz) [Model 2025]",https://www.amazon.co.uk/dp/B0F14XRCH8,48.0,871.2,749.0,GBP,871.2,Amazon,GB,2026-10-10T10:48:12Z,B0F14XRCH8,,,,,2026-07-01
LG,"LG LED UR75 43"" 4K Smart TV, 2024",https://www.amazon.co.uk/dp/B0DH8KKX15,43.0,232.62,199.99,GBP,232.62,Amazon,GB,2026-10-10T10:48:12Z,B0DH8KKX15,,,,,2026-07-01
LG,"LG 32LK6200PLA TV 80 cm (32"") 1080p (Full HD, Triple Tuner, Active HDR, Smart TV) White",https://www.amazon.co.uk/dp/B07B4F8WC6,32.0,254.73,219.0,GBP,254.73,Amazon,GB,2026-10-10T10:48:12Z,B07B4F8WC6,,,,,2026-07-01
Samsung,"43"" LED Smart TV - 4K Ultra HD, Samsung Tizen OS & Gaming Hub, Black | Apple AirPlay, Alexa & Bixby Voice Control, HDR, Bl...",https://www.amazon.co.uk/dp/B0FLQ4B89H,43.0,220.98,189.98,GBP,220.98,Amazon,GB,2026-10-10T10:48:12Z,B0FLQ4B89H,,,,,2026-07-01
LG,"LG OLED48C45LA 48-Inch OLED Evo 4K UHD Smart TV, (α9 AI Processor Gen7, Dolby Atmos, Freeview Play and Amazon Alexa, 120Hz), Umber Brown [Model 2024]",https://www.amazon.co.uk/dp/B0D4N6R7YG,48.0,929.36,799.0,GBP,929.36,Amazon,GB,2026-10-10T10:48:12Z,B0D4N6R7YG,,,,,2026-07-01
LG,"LG OLED48C55LA 48-Inch OLEDevo 4K UHD Smart TV, (α9 AI Processor, Dolby Atmos, Freeview Play and Amazon Alexa, 120Hz) [Model 2025]",https://www.amazon.co.uk/dp/B0F3CYJM6T,48.0,,,,,Amazon,GB,2026-10-10T10:48:12Z,B0F3CYJM6T,,,,,
LG,"LG 86QNED80A6A 86-Inch 4K UHD Smart TV, (α7 AI Processor, Freeview Play and Amazon Alexa, 60Hz) [Model 2025]",https://www.amazon.co.uk/dp/B0F14JH7Q5,86.0,2092.52,1799.0,GBP,2092.52,Amazon,GB,2026-10-10T10:48:12Z,B0F14JH7Q5,,,,,2026-07-01
TCL,"TCL 55V6D-UK 55 Inch 4K HDR, Fire TV, HDR10+, Dolby Atmos, DTS:X, Game Master, Motion Clarity, AirPlay 2, Press & Ask Alexa (2026 New Model)",https://www.amazon.co.uk/dp/B0GZQG1BSV,55.0,405.94,349.0,GBP,405.94,Amazon,GB,2026-10-10T10:48:12Z,B0GZQG1BSV,,,,,2026-07-01
Hisense,"Hisense 50"" 50E7STUK Hi-QLED 4K Ultra HD AI Smart TV with Freely, Netflix, Disney+ and YouTube - Hi-QLED Colour, Dolby Vision.Atmos, AI 4K Upscaler, AI Smooth Motion, Game Mode Plus, Filmmaker Mode",https://www.amazon.co.uk/dp/B0GV55WZKH,50.0,464.1,399.0,GBP,464.1,Amazon,GB,2026-10-10T10:48:12Z,B0GV55WZKH,,,,,2026-07-01
LG,"LG 75NANO90A6B 75 Inch Nano AI 4K Smart TV, webOS 25 Platform, Concierge, Alpha 7 Processor Gen8, Game Optimiser, ALLM, 60 Hz, 2025",https://www.amazon.co.uk/dp/B0FNXC46YC,75.0,929.36,799.0,GBP,929.36,Amazon,GB,2026-10-10T10:48:12Z,B0FNXC46YC,,,,,2026-07-01
LG,"LG LG 32LQ630B6LA WebOS22 32"" HD TV, Bluetooth, A5 Gen 5 High Power Processor, Supports HDR 10, HLG, HGiG",https://www.amazon.co.uk/dp/B09XXX78CS,32.0,215.18,185.0,GBP,215.18,Amazon,GB,2026-10-10T10:48:12Z,B09XXX78CS,,,,,2026-07-01
LG,"LG evo OLED48C44LA 48-Inch 4K UHD Smart TV, (α9 AI Processor Gen7, Dolby Atmos, Freeview Play and Amazon Alexa, 120Hz), Umber Brown [Model 2024]",https://www.amazon.co.uk/dp/B0D17WTJ4W,48.0,929.36,799.0,GBP,929.36,Amazon,GB,2026-10-10T10:48:12Z,B0D17WTJ4W,,,,,2026-07-01
LG,"LG 65NANO81T6A 65-Inch Nanocell AI 4K UHD Smart TV, (α5 AI Processor Gen7, Freeview Play and Amazon Alexa, 60Hz), Ashed Blue [Model 2024]",https://www.amazon.co.uk/dp/B0D183RP5P,65.0,,,,,Amazon,GB,2026-10-10T10:48:12Z,B0D183RP5P,,,,,
LG,"LG 55"" LED TV 55UR78006LK UHD Smart TV 4K 2023",https://www.amazon.co.uk/dp/B0C2DG877X,55.0,758.25,651.89,GBP,758.25,Amazon,GB,2026-10-10T10:48:12Z,B0C2DG877X,,,,,2026-07-01
LG,"LG Gallery TV AI with Frame LX7 Mini LED 55 inch 4K Smart TV - 55LX7B6LA (α7 AI Processor 4K Gen9, 60Hz, HDR10, FILMMAKER MODE™, Google Cast, Apple AirPlay 2) [Model year 2026]",https://www.amazon.co.uk/dp/B0H3W4CFHG,55.0,1046.83,899.99,GBP,1046.83,Amazon,GB,2026-10-10T10:48:12Z,B0H3W4CFHG,,,,,2026-07-01
LG,"TV 32"" LG Full HD EU Smart White USB DVBT2 DVBS2 4Core AI WEBOS",https://www.amazon.co.uk/dp/B09V5C4BN7,32.0,254.73,219.0,GBP,254.73,Amazon,GB,2026-10-10T10:48:12Z,B09V5C4BN7,,,,,2026-07-01
LG,"LG 65UT73006LA 65"", UHD 4K, UT73 Series, Smart TV, WebOS24, A5 Processor, HDR10, Dolby Digital Plus, SmartTV, 3840 x 2160, Black",https://www.amazon.co.uk/dp/B0CY5K2ZGP,65.0,861.19,740.39,GBP,861.19,Amazon,GB,2026-10-10T10:48:12Z,B0CY5K2ZGP,,,,,2026-07-01
Hisense,"Hisense 43"" 43E78QTUK QLED Smart AI TV - 4K Direct Lit Viewing, Quantum Dot Colour, Hi-View AI Engine, Dolby Vision, Dolby Atmos with Freely, Disney +, YouTube, Netflix",https://www.amazon.co.uk/dp/B0F7WM1171,43.0,308.22,264.99,GBP,308.22,Amazon,GB,2026-10-10T10:48:12Z,B0F7WM1171,,,,,2026-07-01
LG,"LG 75QNED92A6A 75-Inch 4K UHD Smart TV, (α8 AI Processor, Freeview Play and Amazon Alexa, 120Hz) [Model 2025]",https://www.amazon.co.uk/dp/B0F5BVTC3G,75.0,1743.57,1499.0,GBP,1743.57,Amazon,GB,2026-10-10T10:48:12Z,B0F5BVTC3G,,,,,2026-07-01
LG,"LG 32LQ631C 32"" LED-backlit LCD TV - Full HD - for hotel/hospitality",https://www.amazon.co.uk/dp/B0BSLV549N,32.0,,,,,Amazon,GB,2026-10-10T10:48:12Z,B0BSLV549N,,,,,
Hisense,"Hisense 58"" 58A6STUK 4K Ultra HD AI Smart TV with Freely, Netflix, Disney+ and YouTube - AI 4K Upscaler, AI Smooth Motion, Game Mode Plus, Dolby Vision, Voice Control, DTS Virtual: X, Filmmaker Mode,2026",https://www.amazon.co.uk/dp/B0GV4TTH5J,58.0,522.26,449.0,GBP,522.26,Amazon,GB,2026-10-10T10:48:12Z,B0GV4TTH5J,,,,,2026-07-01
LG,Smart TV LG 43UA75006LA.AEU 4K Ultra HD 43 Inch LED,https://www.amazon.co.uk/dp/B0FS7M9C78,43.0,465.02,399.79,GBP,465.02,Amazon,GB,2026-10-10T10:48:12Z,B0FS7M9C78,,,,,2026-07-01
Hisense,"Hisense 40"" 40E4QTUK FHD LED TV with Freely - Direct Lit LED, Dolby Audio, Natural Colour Enhancer, Games Mode, Sports Mode, Disney +, YouTube, Netflix",https://www.amazon.co.uk/dp/B0F7WDSW1P,40.0,289.63,249.0,GBP,289.63,Amazon,GB,2026-10-10T10:48:12Z,B0F7WDSW1P,,,,,2026-07-01
LG,"LG OLED55C65LA 55-Inch OLED evo AI 4K UHD Smart TV bundle with US60T Soundbar with Cinematic Sound & WOW Interface 3.1 channel, 340W",https://www.amazon.co.uk/dp/B0GVDD3ZM5,55.0,1858.72,1598.0,GBP,1858.72,Amazon,GB,2026-10-10T10:48:12Z,B0GVDD3ZM5,,,,,2026-07-01
LG,"Ecran/TV 24"" LG 24TQ510S HD Ready (Noir)",https://www.amazon.co.uk/dp/B09ZV6HKQT,24.0,,,,,Amazon,GB,2026-10-10T10:48:12Z,B09ZV6HKQT,,,,,
Sony,"Sony BRAVIA 3 – Direct LED, X-Balanced Speaker, Dolby Vision/Atmos, IMAX Enhanced, Google TV (2025), Google Cast, Apple AirPlay 2, Eco Dashboard 2, Game Menu 2 – 43-inch",https://www.amazon.co.uk/dp/B0F29KJPSN,43.0,580.41,499.0,GBP,580.41,Amazon,GB,2026-10-10T10:48:12Z,B0F29KJPSN,,,,,2026-07-01
Philips,"PHILIPS 24PHS6000 2K HD LED Smart TV - 24 Inch Display with Pixel Plus, Titan OS Platform and Dolby Digital Sound, Works with Alexa and Google Voice Assistant",https://www.amazon.co.uk/dp/B0F24TDBKZ,24.0,169.13,145.41,GBP,169.13,Amazon,GB,2026-10-10T10:48:12Z,B0F24TDBKZ,,,,,2026-07-01
TCL,"TCL 85T6C-UK 85 Inch QLED 4K HDR TV, Fire TV (Smart TV with Dolby Vision & Atmos, HDR10+, Press & Ask Alexa",https://www.amazon.co.uk/dp/B0F66G8689,85.0,929.36,799.0,GBP,929.36,Amazon,GB,2026-10-10T10:48:12Z,B0F66G8689,,,,,2026-07-01
Samsung,Samsung 43 Inch Crystal UHD U8020F Smart TV,https://www.amazon.co.uk/dp/B0F6VKMDQS,43.0,,,,,Amazon,GB,2026-10-10T10:48:12Z,B0F6VKMDQS,,,,,
Xiaomi,"XIAOMI TV F Pro 65 2025, 65 Inch (165 cm) 4K QLED Smart TV, Fire TV, HDR10+ | 60Hz with 120Hz Game Boost Mode, MEMC, lexa ...",https://www.amazon.co.uk/dp/B0FCXTSCP9,65.0,522.26,449.0,GBP,522.26,Amazon,GB,2026-10-10T10:48:12Z,B0FCXTSCP9,,,,,2026-07-01
Sony,"Sony BRAVIA 5 – XR, Mini LED, AI XR Processor, Acoustic Multi-Audio, Dolby Vision/Atmos, IMAX Enhanced, Google TV (2025), Google Cast, Apple AirPlay 2, Eco Dashboard 2 – 55-inch",https://www.amazon.co.uk/dp/B0F29LGQ7K,55.0,1510.94,1299.0,GBP,1510.94,Amazon,GB,2026-10-10T10:48:12Z,B0F29LGQ7K,,,,,2026-07-01
TCL,"TCL 55V6C-UK 55"" 4K Ultra HD, HDR TV, Smart TV Powered by Google TV (Dolby Audio, Voice Control, compatible with Google assistant, Chromecast built-in, 2025 New Model)",https://www.amazon.co.uk/dp/B0DPM31FH8,55.0,,,,,Amazon,GB,2026-10-10T10:48:12Z,B0DPM31FH8,,,,,
LG,"LG 65QNED866RE_AEK 65"" 4K Smart QNED TV, (Pack Of 1)",https://www.amazon.co.uk/dp/B0BYZKCVT1,65.0,,,,,Amazon,GB,2026-10-10T10:48:12Z,B0BYZKCVT1,,,,,
LG,"LG OLED AI B6 83-inch 4K Smart TV - OLED83B65LA (α8 AI Processor 4K Gen3, 120Hz (VRR 120Hz), Dolby Vision, Dolby Atmos, FILMMAKER MODE™, G-Sync Compatible (Nvidia), [Model year 2026]",https://www.amazon.co.uk/dp/B0GVTCYXHP,83.0,3255.67,2799.0,GBP,3255.67,Amazon,GB,2026-10-10T10:48:12Z,B0GVTCYXHP,,,,,2026-07-01
LG,"LG NANO 4K UHD AI NU90 98 inch 4K Smart TV - 98NU900B6LB (α8 AI Processor 4K Gen3, 120Hz, HDR10, FILMMAKER MODE™, FreeSync Compatible (AMD), Google Cast, Apple AirPlay 2) [Model year 2026]",https://www.amazon.co.uk/dp/B0H1RW64NJ,98.0,2080.89,1789.0,GBP,2080.89,Amazon,GB,2026-10-10T10:48:12Z,B0H1RW64NJ,,,,,2026-07-01
Sony,"Sony BRAVIA 7 QLED (XR l Mini LED), K55XR70, 55 Inch 4K HDR Google Smart TV, Gaming Features for PlayStation 5, IMAX Enhanced, Dolby Vision Atmos, Chromecast, AirPlay, 120Hz, 5 Year Warranty",https://www.amazon.co.uk/dp/B0CZTYCDMR,55.0,1627.26,1399.0,GBP,1627.26,Amazon,GB,2026-10-10T10:48:12Z,B0CZTYCDMR,,,,,2026-07-01
LG,LG 65NANO766 LED TV NanoCell 4K 65 inches (164 cm),https://www.amazon.co.uk/dp/B09XXXZNB5,65.0,857.58,737.29,GBP,857.58,Amazon,GB,2026-10-10T10:48:12Z,B09XXXZNB5,,,,,2026-07-01
LG,"LG QNED evo MiniLED AI QNED93 115 inch 4K Smart TV - 115QNED93B6 (α8 AI Processor 4K Gen3, 120Hz, Dolby Vision, Dolby Atmos, FILMMAKER MODE™, FreeSync Compatible (AMD) [Model year 2026]",https://www.amazon.co.uk/dp/B0H3PYMZZY,115.0,10468.39,8999.99,GBP,10468.39,Amazon,GB,2026-10-10T10:48:12Z,B0H3PYMZZY,,,,,2026-07-01
LG,"LG OLED48C54LA TV 48 Inch (121 cm) 4K OLED evo AI TV (α9 Gen8 4K AI Processor, webOS 25, 120Hz (VRR up to 144Hz)) [Model Year 2025] [Energy Class G]",https://www.amazon.co.uk/dp/B0FQP2W4Z4,48.0,1430.2,1229.59,GBP,1430.2,Amazon,GB,2026-10-10T10:48:12Z,B0FQP2W4Z4,,,,,2026-07-01
LG,"LG 32LM6370PLA TV 80 cm (32 Inch) LCD TV (1080p FHD, 50 Hz, Smart TV) [Model Year 2021]",https://www.amazon.co.uk/dp/B08VWQ2MVC,32.0,215.18,185.0,GBP,215.18,Amazon,GB,2026-10-10T10:48:12Z,B08VWQ2MVC,,,,,2026-07-01
LG,"LG OLED65C54LA 65"" 4K Ultra HD HDR OLED Smart TV",https://www.amazon.co.uk/dp/B0FQP6YQJG,65.0,,,,,Amazon,GB,2026-10-10T10:48:12Z,B0FQP6YQJG,,,,,
LG,"LG OLED65G54LW - 65"" OLED EVO 4K Smart TV AI B5, WebOS 25, Dolby Vision and Dolby Atmos, AMD FreeSync, Alexa/Google Assistant, Black",https://www.amazon.co.uk/dp/B0F3D871FD,65.0,,,,,Amazon,GB,2026-10-10T10:48:12Z,B0F3D871FD,,,,,
LG,"LG OLED65C65LA 65-Inch OLED evo AI 4K UHD Smart TV bundle with US40TR Soundbar with Wireless Subwoofer & Surround Sound 4.1 channel, 400W",https://www.amazon.co.uk/dp/B0GVDKX9S1,65.0,2383.29,2048.99,GBP,2383.29,Amazon,GB,2026-10-10T10:48:12Z,B0GVDKX9S1,,,,,2026-07-01
LG,"LG 65-Inch OLED evo AI G5 4K Ultra HD HDR Smart TV, WiFi, Bluetooth, 2025 Model, Stand Version (alpha 11 AI Processor Gen2, 100% Colour Volume, AI Picture Pro, 120Hz Refresh Rate, Dolby Atmos)",https://www.amazon.co.uk/dp/B0F2NCMPY3,65.0,,,,,Amazon,GB,2026-10-10T10:48:12Z,B0F2NCMPY3,,,,,
LG,"LG 32LM637 32"" HDR HD Ready Freeview Play Smart TV",https://www.amazon.co.uk/dp/B08Y5RBF45,32.0,215.18,185.0,GBP,215.18,Amazon,GB,2026-10-10T10:48:12Z,B08Y5RBF45,,,,,2026-07-01
LG,"LG 75QNED84A6C 75"" QNED AI EVO QNED84 4K Ultra HD Smart TV",https://www.amazon.co.uk/dp/B0F2GFFHXP,75.0,1403.8,1206.89,GBP,1403.8,Amazon,GB,2026-10-10T10:48:12Z,B0F2GFFHXP,,,,,2026-07-01
LG,"LG OLED42C65LA 42-Inch OLED evo AI 4K UHD Smart TV bundle with XO2 Portable Bluetooth Multi-Directional Speaker, 15H Battery Life, IP55 Waterproof",https://www.amazon.co.uk/dp/B0GVDGZK18,42.0,1255.05,1079.0,GBP,1255.05,Amazon,GB,2026-10-10T10:48:12Z,B0GVDGZK18,,,,,2026-07-01
LG,"Smart TV 43"" UHD 4K LG 43UP751C",https://www.amazon.co.uk/dp/B09N7NDZXR,43.0,301.26,259.0,GBP,301.26,Amazon,GB,2026-10-10T10:48:12Z,B09N7NDZXR,,,,,2026-07-01
LG,"LG 86QNED80T6A 86-Inch 4K UHD Smart TV, (α5 AI Processor Gen7, Freeview Play and Amazon Alexa, 60Hz) [Model 2024]",https://www.amazon.co.uk/dp/B0D2LGK83J,86.0,3033.12,2607.66,GBP,3033.12,Amazon,GB,2026-10-10T10:48:12Z,B0D2LGK83J,,,,,2026-07-01
LG,"LG TV 48"" OLED48C46LA 4K UHD EVO C4 SMART TV WEBOS24",https://www.amazon.co.uk/dp/B0D54XF4N9,48.0,1117.15,960.45,GBP,1117.15,Amazon,GB,2026-10-10T10:48:12Z,B0D54XF4N9,,,,,2026-07-01
LG,"LG Ultimate AI 50UA75006LA UHD Smart TV - 50"" (127cm) 4K UHD, HDR10 Pro, webOS 25, α7 Gen8, Dolby Digital Plus, VRR, HDMI x3",https://www.amazon.co.uk/dp/B0FQTVDWGK,50.0,,,,,Amazon,GB,2026-10-10T10:48:12Z,B0FQTVDWGK,,,,,
LG,"LG QNED evo AI MiniLED 55-inch QNED86B series 55QNED86B6B, 4K Smart TV, Dolby Vision, α8 Gen3 processor, AI Magic Remote, webOS with Gemini and Copilot, thickness 3 cm, Motion Booster 288, TV 2026",https://www.amazon.co.uk/dp/B0GWN2ZF85,55.0,,,,,Amazon,GB,2026-10-10T10:48:12Z,B0GWN2ZF85,,,,,
LG,LG LED 32 Inch 32LR60006LA.AEUQ FullHD WebOs HDR10 Pro,https://www.amazon.co.uk/dp/B0F227Q92B,32.0,290.67,249.9,GBP,290.67,Amazon,GB,2026-10-10T10:48:12Z,B0F227Q92B,,,,,2026-07-01
LG,LG 43QNED70B6C - Smart TV 43 Inch 4K 3840 x 2160 pixels QNED DVB-T2 Wifi HEVC/H.265 Energy Class F,https://www.amazon.co.uk/dp/B0H3717ZS4,43.0,765.87,658.44,GBP,765.87,Amazon,GB,2026-10-10T10:48:12Z,B0H3717ZS4,,,,,2026-07-01
LG,"LG 50UQ70006LB 50"""" 4K Uq7000 Hdr Smart Led TV",https://www.amazon.co.uk/dp/B09ZV53KKV,50.0,417.57,359.0,GBP,417.57,Amazon,GB,2026-10-10T10:48:12Z,B09ZV53KKV,,,,,2026-07-01
LG,LG 50UR81003LJ - 50 inch (127cm) - LED - 2023,https://www.amazon.co.uk/dp/B0D54SLGVV,50.0,636.61,547.31,GBP,636.61,Amazon,GB,2026-10-10T10:48:12Z,B0D54SLGVV,,,,,2026-07-01
LG,"LG 32LM631C0ZA.AEU Televisor 81.3 cm (32"") Full HD Smart TV Wifi",https://www.amazon.co.uk/dp/B094N7Q7T2,32.0,374.98,322.38,GBP,374.98,Amazon,GB,2026-10-10T10:48:12Z,B094N7Q7T2,,,,,2026-07-01
LG,LG TV MRGB AI 2026 | 55MRGB88 | 55 inches (139 cm),https://www.amazon.co.uk/dp/B0GWFF6GPF,55.0,,,,,Amazon,GB,2026-10-10T10:48:12Z,B0GWFF6GPF,,,,,
LG,LG G56LS 55 Inch 4K Ultra HD OLED 120Hz Smart TV - OLED55G56LS,https://www.amazon.co.uk/dp/B0F2NCC7LW,55.0,,,,,Amazon,GB,2026-10-10T10:48:12Z,B0F2NCC7LW,,,,,
LG,"LG OLED evo C3 77"" 4K Smart TV, 2023",https://www.amazon.co.uk/dp/B0BYK9S9RN,77.0,4897.97,4210.93,GBP,4897.97,Amazon,GB,2026-10-10T10:48:12Z,B0BYK9S9RN,,,,,2026-07-01
LG,LG 55QNED70A6A 55-Inch 4K UHD Smart TV bundle with xboom Grab Portable Bluetooth Speaker,https://www.amazon.co.uk/dp/B0G7YGQRP4,55.0,714.18,614.0,GBP,714.18,Amazon,GB,2026-10-10T10:48:12Z,B0G7YGQRP4,,,,,2026-07-01
LG,LG TV OLED 2024 | OLED65B4 | 65'' (164 cm) | OLED| α8 AI 4K Processor | Dolby Vision & Atmos | Alexa,https://www.amazon.co.uk/dp/B0D54R33MJ,65.0,1846.86,1587.8,GBP,1846.86,Amazon,GB,2026-10-10T10:48:12Z,B0D54R33MJ,,,,,2026-07-01
LG,"LG OLED48C65LA 48-Inch OLED evo AI 4K UHD Smart TV bundle with US40TR Soundbar with Wireless Subwoofer & Surround Sound 4.1 channel, 400W",https://www.amazon.co.uk/dp/B0GVDGQTJZ,48.0,1452.77,1248.99,GBP,1452.77,Amazon,GB,2026-10-10T10:48:12Z,B0GVDGQTJZ,,,,,2026-07-01
LG,"LG OLED42C35LA 42"", 4K OLED EVO, Smart TV, webOS23, maximum power processor, Dolby Vision, Dolby Atmos, Gaming, Alexa/Google Assistant",https://www.amazon.co.uk/dp/B0C1H8GN1J,42.0,1430.2,1229.59,GBP,1430.2,Amazon,GB,2026-10-10T10:48:12Z,B0C1H8GN1J,,,,,2026-07-01
LG,"LG OLED B3 55"" 4K Smart TV, 2023",https://www.amazon.co.uk/dp/B0BYK7PVCY,55.0,1970.39,1694.0,GBP,1970.39,Amazon,GB,2026-10-10T10:48:12Z,B0BYK7PVCY,,,,,2026-07-01
LG,"LG OLED48C65LA 48-Inch OLED evo AI 4K UHD Smart TV bundle with XO2 Portable Bluetooth Multi-Directional Speaker, 15H Battery Life, IP55 Waterproof",https://www.amazon.co.uk/dp/B0GVDP23XP,48.0,1371.36,1179.0,GBP,1371.36,Amazon,GB,2026-10-10T10:48:12Z,B0GVDP23XP,,,,,2026-07-01
LG,LG Electronics OLED83G36LA 83 inch 4K Ultra HD OLED HDR Smart TV with Game Optimiser,https://www.amazon.co.uk/dp/B0BYTNYM7V,83.0,,,,,Amazon,GB,2026-10-10T10:48:12Z,B0BYTNYM7V,,,,,
LG,"LG 65NANO763QA 65"" 4K Ultra HD NanoCell Smart TV",https://www.amazon.co.uk/dp/B0BPCMQL7M,65.0,,,,,Amazon,GB,2026-10-10T10:48:12Z,B0BPCMQL7M,,,,,
LG,"LG 50QNED70A6A (2025) 50-Inch QNED AI 4K UHD HDR Smart TV bundle with US60T Bluetooth Soundbar 3.1 channel, 340W",https://www.amazon.co.uk/dp/B0GQTQF6P7,50.0,695.57,598.0,GBP,695.57,Amazon,GB,2026-10-10T10:48:12Z,B0GQTQF6P7,,,,,2026-07-01
LG,LG 43 Inch UHD TV - 43UR78006LK,https://www.amazon.co.uk/dp/B0C4T3HR77,43.0,583.31,501.49,GBP,583.31,Amazon,GB,2026-10-10T10:48:12Z,B0C4T3HR77,,,,,2026-07-01
LG,LG TV QNED 2024 | 65QNED86T | 65'' (164 cm) | QNED | α8 AI 4K Processor | Alexa,https://www.amazon.co.uk/dp/B0DGGZCZKQ,65.0,1215.49,1044.99,GBP,1215.49,Amazon,GB,2026-10-10T10:48:12Z,B0DGGZCZKQ,,,,,2026-07-01
LG,"LG QNED 75QNED966PA 2021 - 189cm (75"") 8K UHD Smart TV with Artificial Intelligence, α9 Gen4 Smart Processor, Deep Learning, 100% HDR, Dolby ATMOS, HDMI 2.1, USB 2.0, Bluetooth 5.0, WiFi",https://www.amazon.co.uk/dp/B08Y42NJYL,75.0,4600.97,3955.59,GBP,4600.97,Amazon,GB,2026-10-10T10:48:12Z,B08Y42NJYL,,,,,2026-07-01
LG,"LG OLED48C65LA 48-Inch OLED evo AI 4K UHD Smart TV bundle with US60T Soundbar with Cinematic Sound & WOW Interface 3.1 channel, 340W",https://www.amazon.co.uk/dp/B0GVDD4QK8,48.0,1509.78,1298.0,GBP,1509.78,Amazon,GB,2026-10-10T10:48:12Z,B0GVDD4QK8,,,,,2026-07-01
LG,"LG 42C44LA 4K Ultra HD OLED AMD FreeSync 42"" Smart TV",https://www.amazon.co.uk/dp/B0D671ZZXL,42.0,1430.2,1229.59,GBP,1430.2,Amazon,GB,2026-10-10T10:48:12Z,B0D671ZZXL,,,,,2026-07-01
LG,"LG 55"" 55C44LA 4K Ultra HD OLED AMD FreeSync Smart TV",https://www.amazon.co.uk/dp/B0D66YSRL9,55.0,1703.66,1464.69,GBP,1703.66,Amazon,GB,2026-10-10T10:48:12Z,B0D66YSRL9,,,,,2026-07-01
LG,"LG 55NU850B6LA 55-Inch NANO AI 4K UHD Smart TV bundle with US40TR Soundbar with Wireless Subwoofer & Surround Sound 4.1 channel, 400W",https://www.amazon.co.uk/dp/B0GVDJXHYL,55.0,580.4,498.99,GBP,580.4,Amazon,GB,2026-10-10T10:48:12Z,B0GVDJXHYL,,,,,2026-07-01
LG,"LG 83"" 83C44LA 4K Ultra HD OLED AMD FreeSync Smart TV",https://www.amazon.co.uk/dp/B0D39DPK1H,83.0,4968.41,4271.49,GBP,4968.41,Amazon,GB,2026-10-10T10:48:12Z,B0D39DPK1H,,,,,2026-07-01
LG,"LG OLED55B65LA 55-Inch OLED evo AI 4K UHD Smart TV bundle with US95AR Home Cinema Soundbar 9.1 channel, Dolby Atmos and Rear Speakers, 810W",https://www.amazon.co.uk/dp/B0H1X8HW1Y,55.0,2323.99,1998.0,GBP,2323.99,Amazon,GB,2026-10-10T10:48:12Z,B0H1X8HW1Y,,,,,2026-07-01
LG,"LG OLED55G45LW, 55"", OLED EVO* 4K, G4 Series, Smart TV, WebOS24, A11 Processor, Dolby Vision, Dolby Atmos, WebOS 24, 3840X2160, TV Gaming, 144Hz, Wall Integration, Black",https://www.amazon.co.uk/dp/B0CY5RGZF4,55.0,2200.45,1891.79,GBP,2200.45,Amazon,GB,2026-10-10T10:48:12Z,B0CY5RGZF4,,,,,2026-07-01
LG,"LG 55QNED70A6A (2025) 55-Inch QNED AI 4K UHD HDR Smart TV bundle with US60T Bluetooth Soundbar 3.1 channel, 340W",https://www.amazon.co.uk/dp/B0GQTR5BFM,55.0,811.88,698.0,GBP,811.88,Amazon,GB,2026-10-10T10:48:12Z,B0GQTR5BFM,,,,,2026-07-01
LG,"LG OLED48B65LA 48-Inch OLED evo AI 4K UHD Smart TV bundle with US95AR Home Cinema Soundbar 9.1 channel, Dolby Atmos and Rear Speakers, 810W",https://www.amazon.co.uk/dp/B0H1X12FTQ,48.0,1975.04,1698.0,GBP,1975.04,Amazon,GB,2026-10-10T10:48:12Z,B0H1X12FTQ,,,,,2026-07-01
LG,LG 2024 OLED TV | OLED55B4 | 55'' (139 cm) | OLED| α8 AI 4K Processor | Dolby Vision & Atmos | Alexa,https://www.amazon.co.uk/dp/B0D54N4TR6,55.0,1430.2,1229.59,GBP,1430.2,Amazon,GB,2026-10-10T10:48:12Z,B0D54N4TR6,,,,,2026-07-01
LG,"LG OLED77C65LA 77-Inch OLED evo AI 4K UHD Smart TV bundle with US95AR Home Cinema Soundbar 9.1 channel, Dolby Atmos and Rear Speakers, 810W",https://www.amazon.co.uk/dp/B0H1X4BLR8,77.0,3952.4,3398.0,GBP,3952.4,Amazon,GB,2026-10-10T10:48:12Z,B0H1X4BLR8,,,,,2026-07-01
LG,LG TV MRGB AI 2026 | 65MRGB88 | 65 inches (164 cm),https://www.amazon.co.uk/dp/B0GWFRFQZK,65.0,,,,,Amazon,GB,2026-10-10T10:48:12Z,B0GWFRFQZK,,,,,
LG,LG 75UK762H0LB - Smart TV 75 Inch 4K LED DVB-T2 Wi-Fi Colour Black Energy Class G,https://www.amazon.co.uk/dp/B0GTMWF62F,75.0,2041.36,1755.02,GBP,2041.36,Amazon,GB,2026-10-10T10:48:12Z,B0GTMWF62F,,,,,2026-07-01
LG,"LG 49"" LED-TV, UHD - 4K, HDR10, Voice Control - 49UN73906LE.AEU, 2021",https://www.amazon.co.uk/dp/B086G5Y2J1,49.0,,,,,Amazon,GB,2026-10-10T10:48:12Z,B086G5Y2J1,,,,,
LG,"LG OLED65C65LA 65-Inch OLED evo AI 4K UHD Smart TV bundle with XO2 Portable Bluetooth Multi-Directional Speaker, 15H Battery Life, IP55 Waterproof",https://www.amazon.co.uk/dp/B0GVDKLF24,65.0,2301.89,1979.0,GBP,2301.89,Amazon,GB,2026-10-10T10:48:12Z,B0GVDKLF24,,,,,2026-07-01
LG,"LG QNED 65QNED80T6A 165.1 cm (65"") 4K Ultra HD Smart TV Wi-Fi Blue",https://www.amazon.co.uk/dp/B0D77P2RQ7,65.0,1143.95,983.49,GBP,1143.95,Amazon,GB,2026-10-10T10:48:12Z,B0D77P2RQ7,,,,,2026-07-01
LG,"LG 47LB670V 47"" Full HD 3D compatibility Smart TV Wi-Fi Black, Silver LED TV - LED TVs (Full HD, A+, 16:9, 1920 x 1080 (HD 1080), 1080p, Black, Silver)",https://www.amazon.co.uk/dp/B00L2Q88TG,47.0,4884.09,4199.0,GBP,4884.09,Amazon,GB,2026-10-10T10:48:12Z,B00L2Q88TG,,,,,2026-07-01
LG,"LG 65QNED91T6A 65"" QNED MiniLED TV (4K α8 AI processor, Dolby Vision, up to 120Hz), model year 2024",https://www.amazon.co.uk/dp/B0CYPZP954,65.0,2133.22,1833.99,GBP,2133.22,Amazon,GB,2026-10-10T10:48:12Z,B0CYPZP954,,,,,2026-07-01
LG,"LG 86UN85006LA 217cm (86"") UHD TV (4K, Triple Tuner (DVB-T2/T,-C,-S2/S), Dolby Vision, Dolby Atmos, Cinema HDR, 100Hz, Smart TV) [Model Year 2020]",https://www.amazon.co.uk/dp/B084XSJ66N,86.0,,,,,Amazon,GB,2026-10-10T10:48:12Z,B084XSJ66N,,,,,
LG,"LG OLED42C65LA 42-Inch OLED evo AI 4K UHD Smart TV bundle with US95AR Home Cinema Soundbar 9.1 channel, Dolby Atmos and Rear Speakers, 810W",https://www.amazon.co.uk/dp/B0H1X31CK4,42.0,2091.35,1798.0,GBP,2091.35,Amazon,GB,2026-10-10T10:48:12Z,B0H1X31CK4,,,,,2026-07-01
LG,"LG OLED55C65LA 55-Inch OLED evo AI 4K UHD Smart TV bundle with US40TR Soundbar with Wireless Subwoofer & Surround Sound 4.1 channel, 400W",https://www.amazon.co.uk/dp/B0GVDTF3FN,55.0,1801.72,1548.99,GBP,1801.72,Amazon,GB,2026-10-10T10:48:12Z,B0GVDTF3FN,,,,,2026-07-01
LG,"LG OLED55C65LA 55-Inch OLED evo AI 4K UHD Smart TV bundle with US70TR Home Cinema Soundbar 5.1 channel, Dolby Atmos and Rear Speakers, 500W",https://www.amazon.co.uk/dp/B0GVDC4TQ6,55.0,2150.66,1848.99,GBP,2150.66,Amazon,GB,2026-10-10T10:48:12Z,B0GVDC4TQ6,,,,,2026-07-01
LG,"LG OLED83C64LA 83-Inch OLED evo AI 4K UHD Smart TV bundle with XO2 Portable Bluetooth Multi-Directional Speaker, 15H Battery Life, IP55 Waterproof",https://www.amazon.co.uk/dp/B0GVDCP8JF,83.0,4511.88,3879.0,GBP,4511.88,Amazon,GB,2026-10-10T10:48:12Z,B0GVDCP8JF,,,,,2026-07-01
LG,"LG OLED42C65LA 42-Inch OLED evo AI 4K UHD Smart TV bundle with US40TR Soundbar with Wireless Subwoofer & Surround Sound 4.1 channel, 400W",https://www.amazon.co.uk/dp/B0GVDHCJYZ,42.0,1336.45,1148.99,GBP,1336.45,Amazon,GB,2026-10-10T10:48:12Z,B0GVDHCJYZ,,,,,2026-07-01
LG,"LG OLED83B6ELB 83-Inch OLED AI 4K UHD Smart TV bundle with US40TR Soundbar with Wireless Subwoofer & Surround Sound 4.1 channel, 400W",https://www.amazon.co.uk/dp/B0H1X7HBKZ,83.0,3430.14,2948.99,GBP,3430.14,Amazon,GB,2026-10-10T10:48:12Z,B0H1X7HBKZ,,,,,2026-07-01
LG,LG 50QNED70A6A 50-Inch 4K UHD Smart TV bundle with xboom Grab Portable Bluetooth Speaker,https://www.amazon.co.uk/dp/B0G7Y32N4Y,50.0,597.86,514.0,GBP,597.86,Amazon,GB,2026-10-10T10:48:12Z,B0G7Y32N4Y,,,,,2026-07-01
LG,"LG OLED77C65LA 77-Inch OLED evo AI 4K UHD Smart TV bundle with US60T Soundbar with Cinematic Sound & WOW Interface 3.1 channel, 340W",https://www.amazon.co.uk/dp/B0GVDC27WG,77.0,3254.51,2798.0,GBP,3254.51,Amazon,GB,2026-10-10T10:48:12Z,B0GVDC27WG,,,,,2026-07-01
LG,"LG OLED42C65LA 42-Inch OLED evo AI 4K UHD Smart TV bundle with US60T Soundbar with Cinematic Sound & WOW Interface 3.1 channel, 340W",https://www.amazon.co.uk/dp/B0GVDGSKK9,42.0,1393.46,1198.0,GBP,1393.46,Amazon,GB,2026-10-10T10:48:12Z,B0GVDGSKK9,,,,,2026-07-01
LG,"LG OLED65C65LA 65-Inch OLED evo AI 4K UHD Smart TV bundle with US95AR Home Cinema Soundbar 9.1 channel, Dolby Atmos and Rear Speakers, 810W",https://www.amazon.co.uk/dp/B0H1X4DR8L,65.0,3138.19,2698.0,GBP,3138.19,Amazon,GB,2026-10-10T10:48:12Z,B0H1X4DR8L,,,,,2026-07-01
LG,"LG OLED65C65LA 65-Inch OLED evo AI 4K UHD Smart TV bundle with US60T Soundbar with Cinematic Sound & WOW Interface 3.1 channel, 340W",https://www.amazon.co.uk/dp/B0GVDRNCYF,65.0,2440.3,2098.0,GBP,2440.3,Amazon,GB,2026-10-10T10:48:12Z,B0GVDRNCYF,,,,,2026-07-01
LG,"Smart TV LG OLED55C14LB 55"" 4K Ultra HD OLED HDR10",https://www.amazon.co.uk/dp/B094KND2TZ,55.0,2458.91,2114.0,GBP,2458.91,Amazon,GB,2026-10-10T10:48:12Z,B094KND2TZ,,,,,2026-07-01
LG,"LG OLED77C65LA 77-Inch OLED evo AI 4K UHD Smart TV bundle with XO2 Portable Bluetooth Multi-Directional Speaker, 15H Battery Life, IP55 Waterproof",https://www.amazon.co.uk/dp/B0GVDGR4WD,77.0,3116.09,2679.0,GBP,3116.09,Amazon,GB,2026-10-10T10:48:12Z,B0GVDGR4WD,,,,,2026-07-01
LG,"LG OLED55C65LA 55-Inch OLED evo AI 4K UHD Smart TV bundle with XO2 Portable Bluetooth Multi-Directional Speaker, 15H Battery Life, IP55 Waterproof",https://www.amazon.co.uk/dp/B0GVDHHJYN,55.0,1720.31,1479.0,GBP,1720.31,Amazon,GB,2026-10-10T10:48:12Z,B0GVDHHJYN,,,,,2026-07-01
LG,"LG OLED42C65LA 42-Inch OLED evo AI 4K UHD Smart TV bundle with US70TR Home Cinema Soundbar 5.1 channel, Dolby Atmos and Rear Speakers, 500W",https://www.amazon.co.uk/dp/B0GVDL2D8S,42.0,1685.4,1448.99,GBP,1685.4,Amazon,GB,2026-10-10T10:48:12Z,B0GVDL2D8S,,,,,2026-07-01
LG,"LG ST-G4SN55 TV mount/stand 139.7 cm (55"") Black",https://www.amazon.co.uk/dp/B0D5VNGWBB,55.0,103.52,89.0,GBP,103.52,Amazon,GB,2026-10-10T10:48:12Z,B0D5VNGWBB,,,,,2026-07-01
LG,"LG OLED77C65LA 77-Inch OLED evo AI 4K UHD Smart TV bundle with US40TR Soundbar with Wireless Subwoofer & Surround Sound 4.1 channel, 400W",https://www.amazon.co.uk/dp/B0GVDMWMBY,77.0,3197.5,2748.99,GBP,3197.5,Amazon,GB,2026-10-10T10:48:12Z,B0GVDMWMBY,,,,,2026-07-01
LG,"LG 32"" Widescreen Flatron Nicam Silver Television",https://www.amazon.co.uk/dp/B0000C77EF,32.0,728.57,626.37,GBP,728.57,Amazon,GB,2026-10-10T10:48:12Z,B0000C77EF,,,,,2026-07-01
LG,"LG OLED65B6ELC 65-Inch OLED evo AI 4K UHD Smart TV bundle with US95AR Home Cinema Soundbar 9.1 channel, Dolby Atmos and Rear Speakers, 810W",https://www.amazon.co.uk/dp/B0H1X7XW56,65.0,2789.25,2398.0,GBP,2789.25,Amazon,GB,2026-10-10T10:48:12Z,B0H1X7XW56,,,,,2026-07-01
LG,"LG OLED83C64LA 83-Inch OLED evo AI 4K UHD Smart TV bundle with US40TR Soundbar with Wireless Subwoofer & Surround Sound 4.1 channel, 400W",https://www.amazon.co.uk/dp/B0GVDM8T8Z,83.0,4593.29,3948.99,GBP,4593.29,Amazon,GB,2026-10-10T10:48:12Z,B0GVDM8T8Z,,,,,2026-07-01
TCL,"TCL 50T6C-UK 50 Inch QLED 4K HDR TV, Fire TV (Smart TV with Dolby Vision & Atmos, HDR10+, Press & Ask Alexa",https://www.amazon.co.uk/dp/B0DW8P6BCG,50.0,324.52,279.0,GBP,324.52,Amazon,GB,2026-10-10T10:48:12Z,B0DW8P6BCG,,,,,2026-07-01
TCL,"TCL 50C7K-UK 50 Inch QD-Mini LED TV, 4K HDR Premium 2000, Smart TV Powered by Google TV (Dolby Vision IQ & Atmos, HVA Panel, 144Hz Motion Clarity Pro, Game Master)",https://www.amazon.co.uk/dp/B0GL921KL1,50.0,580.41,499.0,GBP,580.41,Amazon,GB,2026-10-10T10:48:12Z,B0GL921KL1,,,,,2026-07-01
TCL,"TCL 43SF560-UK 43 Inch Full HD QLED HDR Smart TV with Fire TV Press & Ask Alexa, Metallic Bezel-Less Design",https://www.amazon.co.uk/dp/B0F9PNYPBF,43.0,231.47,199.0,GBP,231.47,Amazon,GB,2026-10-10T10:48:12Z,B0F9PNYPBF,,,,,2026-07-01
TCL,"TCL 65C6K-UK 65 Inch QD-Mini LED 4K HDR10+ Smart TV, Google TV | Dolby Vision IQ & Atmos, 144Hz Motion Clarity Pro, Game M...",https://www.amazon.co.uk/dp/B0H726FRPQ,65.0,754.89,649.0,GBP,754.89,Amazon,GB,2026-10-10T10:48:12Z,B0H726FRPQ,,,,,2026-07-01
TCL,"TCL 50V6D-UK 50 Inch 4K HDR, Fire TV, HDR10+, Dolby Atmos, DTS:X, Game Master, Motion Clarity, AirPlay 2, Press & Ask Alexa (2026 New Model)",https://www.amazon.co.uk/dp/B0GZPZTD97,50.0,324.52,279.0,GBP,324.52,Amazon,GB,2026-10-10T10:48:12Z,B0GZPZTD97,,,,,2026-07-01
TCL,"TCL 43V6D-UK 43 Inch 4K HDR, Fire TV, HDR10+, Dolby Atmos, DTS:X, Game Master, Motion Clarity, AirPlay 2, Press & Ask Alexa (2026 New Model)",https://www.amazon.co.uk/dp/B0GZPVKBN9,43.0,289.63,249.0,GBP,289.63,Amazon,GB,2026-10-10T10:48:12Z,B0GZPVKBN9,,,,,2026-07-01
TCL,"TCL 55C6K-UK 55 Inch QD-Mini LED 4K HDR10+ Smart TV, Google TV | Dolby Vision IQ & Atmos, 144Hz Motion Clarity Pro, Game M...",https://www.amazon.co.uk/dp/B0H4R1PD9L,55.0,661.81,568.98,GBP,661.81,Amazon,GB,2026-10-10T10:48:12Z,B0H4R1PD9L,,,,,2026-07-01
TCL,"TCL 40V5D-UK 40 Inch Full HD QLED HDR Smart TV with Fire TV | Direct LED, Apple AirPlay 2, Press & Ask Alexa, Metallic Bez...",https://www.amazon.co.uk/dp/B0H7H3HFQZ,40.0,266.36,229.0,GBP,266.36,Amazon,GB,2026-10-10T10:48:12Z,B0H7H3HFQZ,,,,,2026-07-01
TCL,"TCL 65A400 Pro-UK 65 Inch NXTVISION QD-Mini LED Art TV, 4K Smart TV | Google TV, Matte Screen, Frame Design, Art Mode, Dol...",https://www.amazon.co.uk/dp/B0GYFB6JWC,65.0,1138.73,979.0,GBP,1138.73,Amazon,GB,2026-10-10T10:48:12Z,B0GYFB6JWC,,,,,2026-07-01
TCL,"TCL 65C7L-UK 65 Inch SQD-Mini LED TV, 4K HDR 3000 nits and 1,152 dimming zones, Google TV, Dolby Vision & Atmos, Audio by Bang & Olufsen, 144Hz, Apple AirPlay 2 & Alexa (2026 New Model)",https://www.amazon.co.uk/dp/B0GY5DJ1MV,65.0,1394.62,1199.0,GBP,1394.62,Amazon,GB,2026-10-10T10:48:12Z,B0GY5DJ1MV,,,,,2026-07-01
TCL,"TCL 50Q6C-UK 50 Inch QD-Mini LED 4K HDR10+ Smart TV, Google TV | Dolby Vision IQ & Atmos, 144Hz Motion Clarity Pro, Game M...",https://www.amazon.co.uk/dp/B0FKT36J2G,50.0,522.26,449.0,GBP,522.26,Amazon,GB,2026-10-10T10:48:12Z,B0FKT36J2G,,,,,2026-07-01
TCL,"TCL NXTVISION 55A300W-UK QLED PRO 4K Ultra HD TV, 4K HDR PRO, Matte Screen, Smart TV Powered by Google TV (Dolby Vision IQ & Atmos, 144Hz Motion Clarity Pro, compatible with Google Assistant)",https://www.amazon.co.uk/dp/B0FKT1MNM1,55.0,754.89,649.0,GBP,754.89,Amazon,GB,2026-10-10T10:48:12Z,B0FKT1MNM1,,,,,2026-07-01
TCL,"TCL 85P8L-UK 85 Inch QD-Mini LED 4K HDR10+ Smart TV, Onkyo 2.1 Sound | Google TV, FreeSync Premium, Dolby Vision & Atmos, ...",https://www.amazon.co.uk/dp/B0GY5F33F8,85.0,1510.94,1299.0,GBP,1510.94,Amazon,GB,2026-10-10T10:48:12Z,B0GY5F33F8,,,,,2026-07-01
TCL,"TCL 43V5C-UK 43Inch Full HD Smart QLED Direct LED TV with Android TV​ and HDR - Compatible with Google Cast and Google Home, Slim Design",https://www.amazon.co.uk/dp/B0FVFS9S7F,43.0,277.99,239.0,GBP,277.99,Amazon,GB,2026-10-10T10:48:12Z,B0FVFS9S7F,,,,,2026-07-01
TCL,"TCL 43V6C 43"" 4K UHD Smart LED TV, 4K HDR, Google TV with Edgeless Design (Dolby Audio, Motion Clarity, Compatible with Google Assistant and Alexa)",https://www.amazon.co.uk/dp/B0DV9HJTTK,43.0,286.12,245.99,GBP,286.12,Amazon,GB,2026-10-10T10:48:12Z,B0DV9HJTTK,,,,,2026-07-01
TCL,"TCL 75Q7D-UK 75 Inch RGB-Mini LED 4K HDR10+ Smart TV, 2,000 Nits | 1,800 Precise Colour Zones, Google TV, Dolby Vision IQ...",https://www.amazon.co.uk/dp/B0H1BRKPLG,75.0,1627.26,1399.0,GBP,1627.26,Amazon,GB,2026-10-10T10:48:12Z,B0H1BRKPLG,,,,,2026-07-01
TCL,"TCL P7L 43"" 4K Smart QLED Google AI TV - 43P7L-UK",https://www.amazon.co.uk/dp/B0HJYTJC16,43.0,405.94,349.0,GBP,405.94,Amazon,GB,2026-10-10T10:48:12Z,B0HJYTJC16,,,,,2026-07-01
TCL,TCL 65C69B - Smart TV 65 Inch 4K QLED Class F Black,https://www.amazon.co.uk/dp/B0DGQBSD39,65.0,857.58,737.29,GBP,857.58,Amazon,GB,2026-10-10T10:48:12Z,B0DGQBSD39,,,,,2026-07-01
TCL,"TCL HD 65"" 65P69K Smart TV 4K Ultra, Dolby Audio, DVB-T2, Hevc Main 10, Google TV",https://www.amazon.co.uk/dp/B0FMRX2CQV,65.0,739.64,635.89,GBP,739.64,Amazon,GB,2026-10-10T10:48:12Z,B0FMRX2CQV,,,,,2026-07-01
TCL,"TCL P7L 55"" 4K Smart QLED Google AI TV - 55P7L-UK",https://www.amazon.co.uk/dp/B0HJXTN1JV,55.0,557.15,479.0,GBP,557.15,Amazon,GB,2026-10-10T10:48:12Z,B0HJXTN1JV,,,,,2026-07-01
TCL,"TCL 55T69C 55"" QLED 60HZ 4K HDR, Google TV, Smart TV (Dolby Vision & Atmos, Motion Clarity, Compatible with Google Assistant & Alexa), 2025",https://www.amazon.co.uk/dp/B0F8QFPB14,55.0,726.36,624.47,GBP,726.36,Amazon,GB,2026-10-10T10:48:12Z,B0F8QFPB14,,,,,2026-07-01
Hisense,"Hisense 32 Inch 32E5QTUK QLED FHD Smart TV | Quantum Dot Colour, Full HD, Dolby Atmos, Sports Mode and Games Mode",https://www.amazon.co.uk/dp/B0F7WHXDTZ,32.0,224.49,193.0,GBP,224.49,Amazon,GB,2026-10-10T10:48:12Z,B0F7WHXDTZ,,,,,2026-07-01
TCL,"TCL 85P7K-UK 85"" QLED 4K Ultra HD HDR Google TV (Google Assistant, Freeview Play, Dolby Atmos, Dolby Vision, HDR10+, 120Hz Game Accelerator, Motion Clarity，2025 Model)",https://www.amazon.co.uk/dp/B0DPM23Q3P,85.0,,,,,Amazon,GB,2026-10-10T10:48:12Z,B0DPM23Q3P,,,,,
Hisense,"Hisense 55"" 55E78QTUK PRO 144Hz QLED Smart AI TV - Hi-View AI Engine, 144Hz Game Mode PRO, Dolby Atmos, Quantum Dot Colour with Freely, Disney +, YouTube, Netflix",https://www.amazon.co.uk/dp/B0F7VXCPFZ,55.0,517.6,445.0,GBP,517.6,Amazon,GB,2026-10-10T10:48:12Z,B0F7VXCPFZ,,,,,2026-07-01
TCL,"TCL TV 32V4C - 32"" HD Smart QLED Direct LED with Android TV and HDR - Compatible with Google Cast and Google Home, Delgado Design",https://www.amazon.co.uk/dp/B0F54B34TH,32.0,345.6,297.12,GBP,345.6,Amazon,GB,2026-10-10T10:48:12Z,B0F54B34TH,,,,,2026-07-01
TCL,"TCL RM7L 75"" 4K Ultra HD RGB-Mini LED TV - 75RM7LUK",https://www.amazon.co.uk/dp/B0HJHH2N44,75.0,1743.57,1499.0,GBP,1743.57,Amazon,GB,2026-10-10T10:48:12Z,B0HJHH2N44,,,,,2026-07-01
Hisense,"Hisense 43"" 43A7QTUK QLED Smart AI TV - 4K Direct Lit Viewing, Quantum Dot Colour, Hi-View AI Engine, Dolby Vision, Dolby Atmos with with Freely, Disney +, YouTube, Netflix",https://www.amazon.co.uk/dp/B0F7WGKRLQ,43.0,371.02,318.98,GBP,371.02,Amazon,GB,2026-10-10T10:48:12Z,B0F7WGKRLQ,,,,,2026-07-01
Samsung,"Samsung Smart TV 55'' U8000F Crystal UHD 4K TV, Crystal Processor 4K, Motion Xcelerator, Gaming Hub, Knox Security, Metal Stream Design [2025]",https://www.amazon.co.uk/dp/B0F6VX1G23,55.0,,,,,Amazon,GB,2026-10-10T10:48:12Z,B0F6VX1G23,,,,,
Hisense,"Hisense 75"" 75U8QTUK MiniLED QLED 165Hz Smart AI TV - Hi-View AI Engine PRO, Game Mode Ultra, 4.1.2 Channel, Dolby Atmos, Quantum Dot Colour, Anti-Reflection with Freely, YouTube, Netflix",https://www.amazon.co.uk/dp/B0F7WSVV99,75.0,1743.57,1499.0,GBP,1743.57,Amazon,GB,2026-10-10T10:48:12Z,B0F7WSVV99,,,,,2026-07-01
Xiaomi,"XIAOMI TV F 65 2025, 65 Inch 4K UHD, Smart TV, Fire TV, HDR10, MEMC | Alexa Voice Control, 60Hz with 120Hz Game Boost Mod...",https://www.amazon.co.uk/dp/B0FCYCDY13,65.0,464.1,399.0,GBP,464.1,Amazon,GB,2026-10-10T10:48:12Z,B0FCYCDY13,,,,,2026-07-01
Xiaomi,"Xiaomi TV FX Mini LED 43 inch（101cm), QD-Mini LED Smart TV, 4K UHD, Fire TV, HDR10+, MEMC, DTS:X, Airplay 2, HDMI, Filmmaker Mode, Voice Control with Alexa",https://www.amazon.co.uk/dp/B0H73JYM5X,43.0,405.94,349.0,GBP,405.94,Amazon,GB,2026-10-10T10:48:12Z,B0H73JYM5X,,,,,2026-07-01
Hisense,"Hisense 100 Inch 144Hz 4K QLED Smart Gaming TV 100E7NQTUK PRO - Full Array Local Dimming, Dolby Vision Atmos, Freesync, Subwoofer, Vidaa OS with Freely, Youtube, Netflix and Disney+ (2024 Model)",https://www.amazon.co.uk/dp/B0CYLLFMJL,100.0,1919.2,1649.99,GBP,1919.2,Amazon,GB,2026-10-10T10:48:12Z,B0CYLLFMJL,,,,,2026-07-01
Hisense,"Hisense 50 Inch 4K QLED Smart TV 50E77NQTUK - Quantum Dot Colour, 4K AI Processor, Dolby Vision Atmos, Smooth Motion, Sports Mode, Vidaa OS with Freely, Youtube, Netflix and Disney+ (2024 Model)",https://www.amazon.co.uk/dp/B0CYQ2JFJW,50.0,325.67,279.99,GBP,325.67,Amazon,GB,2026-10-10T10:48:12Z,B0CYQ2JFJW,,,,,2026-07-01
TCL,TCL 40Q3K 40 inch Class Q3K Series 1080P FHD QLED Smart Google TV,https://www.amazon.co.uk/dp/B0FDXK14L7,40.0,501.62,431.26,GBP,501.62,Amazon,GB,2026-10-10T10:48:12Z,B0FDXK14L7,,,,,2026-07-01
TCL,"TCL 65T8D, 65"" QLED TV with QD-Mini LED Attenuation, 4K HDR Ultra HD, Smart Google TV (Dolby Vision, HDR10+ and Atmos, VRR 144Hz, FreeSync Premium, Onkyo 2.1 Sound, Game Master)",https://www.amazon.co.uk/dp/B0GR9FLCYT,65.0,1346.63,1157.74,GBP,1346.63,Amazon,GB,2026-10-10T10:48:12Z,B0GR9FLCYT,,,,,2026-07-01
TCL,TCL 32Q3K 32 inch Class Q3K Series 1080P FHD QLED Smart TV,https://www.amazon.co.uk/dp/B0FDX7GC27,32.0,340.48,292.72,GBP,340.48,Amazon,GB,2026-10-10T10:48:12Z,B0FDX7GC27,,,,,2026-07-01
TCL,"TCL 55Q7D Pro 55 Inch SQD-Mini LED 4K HDR10+ Smart TV, 2000 Nits | 480 attenuation zones, Dolby Vision IQ & Atmos, Onkyo ...",https://www.amazon.co.uk/dp/B0GXKS5GXL,55.0,1474.85,1267.97,GBP,1474.85,Amazon,GB,2026-10-10T10:48:12Z,B0GXKS5GXL,,,,,2026-07-01
TCL,QLED Tcl 75P79K 189cm 4K UHD Brushed Aluminium TV,https://www.amazon.co.uk/dp/B0FR1HH7H9,75.0,1073.7,923.09,GBP,1073.7,Amazon,GB,2026-10-10T10:48:12Z,B0FR1HH7H9,,,,,2026-07-01
TCL,Smart TV TCL 65C745 65 Inch 4K Ultra HD HDR QLED AMD FreeSync,https://www.amazon.co.uk/dp/B0CFJNXC5Q,65.0,1072.31,921.9,GBP,1072.31,Amazon,GB,2026-10-10T10:48:12Z,B0CFJNXC5Q,,,,,2026-07-01
TCL,QLED TV Tcl 75P89K 189cm 4K UHD Brushed Aluminium,https://www.amazon.co.uk/dp/B0F99MMK5Q,75.0,1859.76,1598.89,GBP,1859.76,Amazon,GB,2026-10-10T10:48:12Z,B0F99MMK5Q,,,,,2026-07-01
TCL,"TCL NXTVISION A300 PRO 55"" QLED PRO 4K UHD 4K HDR PRO Matte Screen Smart Google TV (Dolby Vision IQ & Dolby Audio, 144Hz Motion Clarity Pro)",https://www.amazon.co.uk/dp/B0F9WFRF4R,55.0,1560.48,1341.59,GBP,1560.48,Amazon,GB,2026-10-10T10:48:12Z,B0F9WFRF4R,,,,,2026-07-01
TCL,"TCL 65T69C 65 Inch QLED, Direct LED TV, 4K HDR TV, Smart Google TV (Dolby Vision & Atmos, Game Master, Motion Clarity, Compatible with Google Assistant & Alexa)",https://www.amazon.co.uk/dp/B0F8QDCBCM,65.0,960.31,825.61,GBP,960.31,Amazon,GB,2026-10-10T10:48:12Z,B0F8QDCBCM,,,,,2026-07-01
TCL,"TCL 65P6L - 65 Inch Smart TV 4K LCD DVB-T2 H.264, H.265 Black Energy Class E",https://www.amazon.co.uk/dp/B0H2JKM82C,65.0,926.07,796.17,GBP,926.07,Amazon,GB,2026-10-10T10:48:12Z,B0H2JKM82C,,,,,2026-07-01
TCL,"TCL 75"" C8K - 4K QD Mini LED Google TV",https://www.amazon.co.uk/dp/B0FQSN912S,75.0,,,,,Amazon,GB,2026-10-10T10:48:12Z,B0FQSN912S,,,,,
TCL,"TCL QD Mini 144Hz 75C69K 75"" 4K LED TV with Google and Onkyo x Dolby Atmos 2.1 Sound System",https://www.amazon.co.uk/dp/B0F99LCHWP,75.0,1288.53,1107.79,GBP,1288.53,Amazon,GB,2026-10-10T10:48:12Z,B0F99LCHWP,,,,,2026-07-01
TCL,"TCL A300W 65"" 4K Ultra HD QLED Canvas/Frame Lifestyle TV - 65A300W",https://www.amazon.co.uk/dp/B0FLF7H6GW,65.0,,,,,Amazon,GB,2026-10-10T10:48:12Z,B0FLF7H6GW,,,,,
TCL,"TCL 85C8K QD-Mini LED 4K Smart TV, 5000 nits HDR Premium, 144Hz, ZeroBorder, Bang & Olufsen, Google TV, Dolby Vision IQ and Atmos, Panel WHVA, Game Master",https://www.amazon.co.uk/dp/B0FS813JCW,85.0,3604.67,3099.04,GBP,3604.67,Amazon,GB,2026-10-10T10:48:12Z,B0FS813JCW,,,,,2026-07-01
TCL,"TCL 32 Inch Class S3 1080p LED Smart TV with Google TV (32S350G, 2023 Model), Google Assistant Built-in with Voice Remote Control, Compatible with Alexa, Streaming FHD TV",https://www.amazon.co.uk/dp/B0C1HZ9HCM,32.0,374.06,321.59,GBP,374.06,Amazon,GB,2026-10-10T10:48:12Z,B0C1HZ9HCM,,,,,2026-07-01
TCL,"TCL 98C6K 98"" QD-Mini LED TV, 4K HDR Premium 1000nits, Smart TV with Google TV Technology (Dolby Vision IQ and Atmos, Onkyo 2.1 Audio System, Motion Clarity Pro 144Hz, Game Master)",https://www.amazon.co.uk/dp/B0FPQLYVWB,98.0,,,,,Amazon,GB,2026-10-10T10:48:12Z,B0FPQLYVWB,,,,,
TCL,TCL QD Mini Pro 144Hz 65C79K 65 Inch 4K LED TV with Google and Bang & Olufsen Sound System,https://www.amazon.co.uk/dp/B0F9L54DM8,65.0,1072.31,921.9,GBP,1072.31,Amazon,GB,2026-10-10T10:48:12Z,B0F9L54DM8,,,,,2026-07-01
TCL,Tv Tcl 55Q6C Q SERIES Black,https://www.amazon.co.uk/dp/B0DX185Q23,55.0,1009.68,868.05,GBP,1009.68,Amazon,GB,2026-10-10T10:48:12Z,B0DX185Q23,,,,,2026-07-01
TCL,"TCL TV 98Q7D PRO 98"" SQD-Mini LED, 4K HDR 2000 nits, 1152 attenuation zones, Google TV, Dolby Vision IQ and Atmos, 2.1 Onkyo,144Hz, Apple AirPlay 2 and Alexa",https://www.amazon.co.uk/dp/B0GXKP3KLR,98.0,3860.75,3319.2,GBP,3860.75,Amazon,GB,2026-10-10T10:48:12Z,B0GXKP3KLR,,,,,2026-07-01
TCL,"TCL P745 Series 98P745 TV 2,49 m (98"") 4K Ultra HD Smart TV Wifi Noir 350 cd/m²",https://www.amazon.co.uk/dp/B0CKTQ63M3,98.0,2766.44,2378.39,GBP,2766.44,Amazon,GB,2026-10-10T10:48:12Z,B0CKTQ63M3,,,,,2026-07-01
TCL,"TCL 75T69C 75 Inch QLED, Direct LED TV, 4K HDR TV, Smart Google TV (Dolby Vision & Atmos, Game Master, Motion Clarity, Compatible with Google Assistant & Alexa)",https://www.amazon.co.uk/dp/B0F8QB4KM3,75.0,1216.49,1045.85,GBP,1216.49,Amazon,GB,2026-10-10T10:48:12Z,B0F8QB4KM3,,,,,2026-07-01
TCL,"TCL 75C89K 75"" QD-Mini LED TV, 4K HDR Premium 4500, ZeroBorder™, Smart TV on Google TV (Dolby Vision IQ & Atmos, CrystGlow WHVA Panel, Audio by Bang & Olufsen, 144Hz Motion Clarity Pro, G",https://www.amazon.co.uk/dp/B0F8VNKM28,75.0,,,,,Amazon,GB,2026-10-10T10:48:12Z,B0F8VNKM28,,,,,
TCL,QD Mini LED TV Tcl 65C69K 65 Inch 4K UHD 2025 Brushed Aluminium,https://www.amazon.co.uk/dp/B0F9TDFQ5K,65.0,1287.02,1106.49,GBP,1287.02,Amazon,GB,2026-10-10T10:48:12Z,B0F9TDFQ5K,,,,,2026-07-01
TCL,"TCL 85T69C 85 Inch QLED, Direct LED TV, 4K HDR TV, Smart Google TV (Dolby | Game Master, Dolby Vision, Dolby Atmos, Motion...",https://www.amazon.co.uk/dp/B0F8QB3MLJ,85.0,1815.17,1560.56,GBP,1815.17,Amazon,GB,2026-10-10T10:48:12Z,B0F8QB3MLJ,,,,,2026-07-01
TCL,"QLED TCL 50C805 50"" 4K UHD Google TV Brushed Aluminium Mini LED TV",https://www.amazon.co.uk/dp/B0CP63M7ZG,50.0,1000.77,860.39,GBP,1000.77,Amazon,GB,2026-10-10T10:48:12Z,B0CP63M7ZG,,,,,2026-07-01
TCL,"TCL 32"" Class 3-Series Full HD 1080p LED Smart Roku TV - 32S359,Black",https://www.amazon.co.uk/dp/B0B232FKLB,32.0,592.0,508.96,GBP,592.0,Amazon,GB,2026-10-10T10:48:12Z,B0B232FKLB,,,,,2026-07-01
TCL,QLED TV Tcl 98C69B 248cm 4K UHD 2024 Brushed Aluminium,https://www.amazon.co.uk/dp/B0DGQ9VS55,98.0,2477.28,2129.79,GBP,2477.28,Amazon,GB,2026-10-10T10:48:12Z,B0DGQ9VS55,,,,,2026-07-01
TCL,"TCL 85C6K 85"" QD-Mini LED TV, 4K HDR Premium 1000nits, Smart TV with Google TV Technology (Dolby Vision IQ and Atmos, Onkyo 2.1 Audio System, Motion Clarity Pro 144Hz, Game Master)",https://www.amazon.co.uk/dp/B0FPPZHM5L,85.0,,,,,Amazon,GB,2026-10-10T10:48:12Z,B0FPPZHM5L,,,,,
TCL,"TCL NXTVISION A300W - QLED Pro 4K HDR Smart TV 65"" Matte Screen | Dolby Vision IQ & Atmos, 144Hz VRR, Motion Clarity, Goog...",https://www.amazon.co.uk/dp/B0DPLN3N3D,65.0,,,,,Amazon,GB,2026-10-10T10:48:12Z,B0DPLN3N3D,,,,,
TCL,"TCL 65-Inch Class QLED 4K Smart NXTFrame TV with Google TV (65A300W, 2024 Model) Dolby Vision HDR & Dolby Atmos, Built-in Google Assistant with Voice Remote, Works with Alexa, Streaming Television",https://www.amazon.co.uk/dp/B0DB6HJDJL,65.0,2700.15,2321.4,GBP,2700.15,Amazon,GB,2026-10-10T10:48:12Z,B0DB6HJDJL,,,,,2026-07-01
TCL,"TCL C8LUK 98"" 4K Ultra HD SQD-Mini LED Smart TV - 98C8LUK",https://www.amazon.co.uk/dp/B0HMJ5P21N,98.0,4651.46,3999.0,GBP,4651.46,Amazon,GB,2026-10-10T10:48:12Z,B0HMJ5P21N,,,,,2026-07-01
TCL,TCL QLED 55 Inch 55P7K UltraHD 4K Dolby Atmos Google TV,https://www.amazon.co.uk/dp/B0F99Z7M9M,55.0,,,,,Amazon,GB,2026-10-10T10:48:12Z,B0F99Z7M9M,,,,,
TCL,QLED TCL 85C805 215cm 4K UHD Google TV Brushed Aluminium Mini LED TV,https://www.amazon.co.uk/dp/B0CNPL8W3N,85.0,1990.03,1710.89,GBP,1990.03,Amazon,GB,2026-10-10T10:48:12Z,B0CNPL8W3N,,,,,2026-07-01
TCL,"TCL 98Q6C 98 Inch QD Mini LED TV, 4K HDR Premium 1000nits, Smart TV with Google TV (Dolby Vision IQ & Atmos, Onkyo 2.1 Sound System, 144Hz Motion Clarity Pro, Game Master)",https://www.amazon.co.uk/dp/B0DXQ3G6CL,98.0,,,,,Amazon,GB,2026-10-10T10:48:12Z,B0DXQ3G6CL,,,,,
TCL,"TCL Z100 Wireless Home Theater Subwoofer with Dolby Atmos FlexConnect Technology, 5.25"" Woofer, 130W Output Power, Smart Calibration",https://www.amazon.co.uk/dp/B0FQ97LDRP,25.0,605.03,520.16,GBP,605.03,Amazon,GB,2026-10-10T10:48:12Z,B0FQ97LDRP,,,,,2026-07-01
TCL,TV Base Pedestal Feet TVs Legs Universal Stand Legs for TCL Roku 32 40 49 | 50 55 Inch Most Smart Television Table Desk Pe...,https://www.amazon.co.uk/dp/B0DHRRJWPF,55.0,11.62,9.99,GBP,11.62,Amazon,GB,2026-10-10T10:48:12Z,B0DHRRJWPF,,,,,2026-07-01
TCL,"Base Stand for TCL Smart Tv - 28"" 32"" 40"" 43"" 49"" 50"" 55"" 65"" 32S305 32S301 40S344 43S455 43S446 43S435 49S403 49S425 50S421 50S450R 50S405 55S425 32S325 32S303 with Manual, Easy to Install",https://www.amazon.co.uk/dp/B08N67QDLN,28.0,23.75,20.42,GBP,23.75,Amazon,GB,2026-10-10T10:48:12Z,B08N67QDLN,,,,,2026-07-01
Samsung,"2M long LG TV Power Cable for LG TV 24"" 28"" 32"" 40"" 43"" 48"" 49"" 50"" 55"" 60"" 65"" 75"" 80"" 85"" LCD HD Smart 4K TVs 2 Prong AC Power Cord, Samsung/TCL/Sony/Hisense Replacement Cable",https://www.amazon.co.uk/dp/B0FZJYVPFH,24.0,10.46,8.99,GBP,10.46,Amazon,GB,2026-10-10T10:48:12Z,B0FZJYVPFH,,,,,2026-07-01
Hisense,"Hisense 50"" 50E6STUK 4K Ultra HD AI Smart TV with Freely, Netflix, Disney+ and YouTube - AI 4K Upscaler, AI Smooth Motion, Game Mode Plus, Dolby Vision, Voice Control, DTS Virtual: X, Filmmaker Mode",https://www.amazon.co.uk/dp/B0GV56DS9M,50.0,371.05,319.0,GBP,371.05,Amazon,GB,2026-10-10T10:48:12Z,B0GV56DS9M,,,,,2026-07-01
Hisense,"Hisense 55 Inch 55E6QTUK 4K Ultra HD Smart AI TV | 4K UHD, Hi-View AI Engine, Precision Colour, AI Smooth Motion and Sport...",https://www.amazon.co.uk/dp/B0F7WQ6P7Y,55.0,371.05,319.0,GBP,371.05,Amazon,GB,2026-10-10T10:48:12Z,B0F7WQ6P7Y,,,,,2026-07-01
Hisense,"Hisense 32"" 32A4QTUK FHD LED TV with Freely - Direct Lit LED, Dolby Audio, Natural Colour Enhancer, Games Mode, Sports Mode, Disney +, YouTube, Netflix",https://www.amazon.co.uk/dp/B0F7WHLF6M,32.0,173.31,149.0,GBP,173.31,Amazon,GB,2026-10-10T10:48:12Z,B0F7WHLF6M,,,,,2026-07-01
Hisense,"Hisense 55"" 55E6STUK 4K Ultra HD AI Smart TV with Freely, Netflix, Disney+ and YouTube - AI 4K Upscaler, AI Smooth Motion, Game Mode Plus, Dolby Vision, Voice Control, DTS Virtual: X, Filmmaker Mode,2026",https://www.amazon.co.uk/dp/B0GV57GHGL,55.0,405.94,349.0,GBP,405.94,Amazon,GB,2026-10-10T10:48:12Z,B0GV57GHGL,,,,,2026-07-01
Hisense,"Hisense 55"" 55E7STUK Hi-QLED 4K Ultra HD AI Smart TV with Freely, Netflix, Disney+ and YouTube - Hi-QLED Colour, Dolby Vision.Atmos, AI 4K Upscaler, AI Smooth Motion, Game Mode Plus, Filmmaker Mode",https://www.amazon.co.uk/dp/B0GV53XJP2,55.0,557.15,479.0,GBP,557.15,Amazon,GB,2026-10-10T10:48:12Z,B0GV53XJP2,,,,,2026-07-01
Hisense,"Hisense 65"" 65E78QTUK PRO 144Hz QLED Smart AI TV - Hi-View AI Engine, 144Hz Game Mode PRO, Dolby Atmos, Quantum Dot Colour with Freely, Disney +, YouTube, Netflix",https://www.amazon.co.uk/dp/B0F7WDJ22C,65.0,661.84,569.0,GBP,661.84,Amazon,GB,2026-10-10T10:48:12Z,B0F7WDJ22C,,,,,2026-07-01
Hisense,"Hisense 40"" 40E4STUK LED Full HD Smart TV with Freely, Netflix, Disney+ and YouTube - Natural Colour Enhancer, Dolby Audio, Share to TV, Noise Reduction, Game Mode, DTS Virtual: X, Smart Home Ready,20240",https://www.amazon.co.uk/dp/B0GV4Y5KHR,40.0,266.36,229.0,GBP,266.36,Amazon,GB,2026-10-10T10:48:12Z,B0GV4Y5KHR,,,,,2026-07-01
Hisense,"Hisense 40"" 40A4STUK LED Full HD Smart TV with Freely, Netflix, Disney+ and YouTube - Natural Colour Enhancer, Dolby Audio, Share to TV, Noise Reduction, Game Mode, DTS Virtual: X, Smart Home Ready,20240",https://www.amazon.co.uk/dp/B0GV4YJB13,40.0,266.36,229.0,GBP,266.36,Amazon,GB,2026-10-10T10:48:12Z,B0GV4YJB13,,,,,2026-07-01
Hisense,"Hisense 55"" 55E78STUK PRO Hi-QLED 144Hz 4K Ultra HD AI Smart TV with Freely, Netflix, Disney+ and YouTube - Hi-QLED Colour, Built-in Subwoofer, AI Smooth Motion, AMD FreeSync Premium, Filmmaker Mode",https://www.amazon.co.uk/dp/B0GV55SX99,55.0,673.47,579.0,GBP,673.47,Amazon,GB,2026-10-10T10:48:12Z,B0GV55SX99,,,,,2026-07-01
Hisense,"Hisense 32"" 32S5QTUK Deco TV - Quantum Dot Colour, Dolby Atmos with Freely, Disney +, YouTube, Netflix",https://www.amazon.co.uk/dp/B0GGSH8BQ5,32.0,405.94,349.0,GBP,405.94,Amazon,GB,2026-10-10T10:48:12Z,B0GGSH8BQ5,,,,,2026-07-01
Hisense,"Hisense 65"" 65A7QTUK QLED Smart AI TV - 4K Direct Lit Viewing, Quantum Dot Colour, Hi-View AI Engine, Built in Subwoofer, Dolby Vision, Dolby Atmos with with Freely, Disney +, YouTube, Netflix",https://www.amazon.co.uk/dp/B0F7WSSVWY,65.0,633.91,544.99,GBP,633.91,Amazon,GB,2026-10-10T10:48:12Z,B0F7WSSVWY,,,,,2026-07-01
Hisense,"Hisense 55"" 55U7QTUK MiniLED QLED 144Hz Smart AI TV - Hi-View AI Engine, Game Mode PRO, 2.1 Channel, Dolby Atmos, Quantum Dot Colour, Anti-Reflection with Freely, Disney +, YouTube, Netflix,202144",https://www.amazon.co.uk/dp/B0F7WJWY9H,55.0,696.73,599.0,GBP,696.73,Amazon,GB,2026-10-10T10:48:12Z,B0F7WJWY9H,,,,,2026-07-01
Hisense,"Hisense 65"" 65E7QTUK QLED Smart AI TV - 4K Direct Lit Viewing, Quantum Dot Colour, Hi-View AI Engine, Dolby Vision, Dolby Atmos with Freely, Disney +, YouTube, Netflix",https://www.amazon.co.uk/dp/B0F7W1SWVW,65.0,580.41,499.0,GBP,580.41,Amazon,GB,2026-10-10T10:48:12Z,B0F7W1SWVW,,,,,2026-07-01
Hisense,"Hisense 65"" 65A85QTUK OLED Smart AI TV - 120Hz Game Mode PRO, Dolby Atmos, Dolby Vision, IMAX Enhanced, Sport Mode, Filmmaker Mode, Infinite Blacks with Freely, Disney +, YouTube, Netflix,20265",https://www.amazon.co.uk/dp/B0F7WVWRDV,65.0,1228.12,1055.85,GBP,1228.12,Amazon,GB,2026-10-10T10:48:12Z,B0F7WVWRDV,,,,,2026-07-01
Hisense,"Hisense 55"" 55U7STUK PRO Hi-QLED MiniLED 165Hz 4K Ultra HD AI Smart TV with Freely, Netflix, Disney+ and YouTube - Hi-QLED MiniLED PRO, 2.1.2 Multi-Channel Surround, Anti Reflection & Glare Free",https://www.amazon.co.uk/dp/B0858XY3MY,55.0,1045.68,899.0,GBP,1045.68,Amazon,GB,2026-10-10T10:48:12Z,B0858XY3MY,,,,,2026-07-01
Xiaomi,"XIAOMI TV F 43 2026, 43 Inch (109 cm), 4K UHD, Smart TV, Fire TV, HDR10 | MEMC, Alexa Voice Control, 2GB+32GB, Works with ...",https://www.amazon.co.uk/dp/B0H457B86V,43.0,289.63,249.0,GBP,289.63,Amazon,GB,2026-10-10T10:48:12Z,B0H457B86V,,,,,2026-07-01
Hisense,"Hisense 55” 55ER8STUK RGB MiniLED 180Hz 4K Ultra HD AI Smart TV with Freely, Netflix, Disney+ and YouTube – Hi-View Ai Engine RGB, Native 180Hz Game Mode, Anti-Reflection & Glare-Free",https://www.amazon.co.uk/dp/B0H1HV2Q1Q,55.0,1510.94,1299.0,GBP,1510.94,Amazon,GB,2026-10-10T10:48:12Z,B0H1HV2Q1Q,,,,,2026-07-01
Hisense,"Hisense 43 Inch 43E6QTUK 4K Ultra HD Smart AI TV | 4K UHD, Hi-View AI Engine, Precision Colour, AI Smooth Motion and Sport...",https://www.amazon.co.uk/dp/B0F7WLZN2T,43.0,,,,,Amazon,GB,2026-10-10T10:48:12Z,B0F7WLZN2T,,,,,
Hisense,"Hisense 50"" 50A7STUK Hi-QLED 4K Ultra HD AI Smart TV with Freely, Netflix, Disney+ and YouTube - Hi-QLED Colour, Dolby Vision.Atmos, AI 4K Upscaler, Total HDR Solution, Hands-Free Voice Control",https://www.amazon.co.uk/dp/B0GV516W66,50.0,557.15,479.0,GBP,557.15,Amazon,GB,2026-10-10T10:48:12Z,B0GV516W66,,,,,2026-07-01
Hisense,"Hisense 65 Inch 4K QLED Smart TV 65E7NQTUK - Quantum Dot Colour, 4K AI Processor, Dolby Vision Atmos, Smooth Motion, Sports Mode, Vidaa OS with Freely, Youtube, Netflix and Disney+ (2024 Model)",https://www.amazon.co.uk/dp/B0CYT7YG7B,65.0,638.57,549.0,GBP,638.57,Amazon,GB,2026-10-10T10:48:12Z,B0CYT7YG7B,,,,,2026-07-01
Hisense,"Hisense Q7S 55"" HI-QLED Smart TV - 55Q7STUK",https://www.amazon.co.uk/dp/B0HJKM51DV,55.0,557.15,479.0,GBP,557.15,Amazon,GB,2026-10-10T10:48:12Z,B0HJKM51DV,,,,,2026-07-01
Hisense,"Hisense 58A6K TV 147,3 cm (58"") 4K Ultra HD Smart TV Wifi Noir",https://www.amazon.co.uk/dp/B0C9VQTYVC,58.0,590.29,507.49,GBP,590.29,Amazon,GB,2026-10-10T10:48:12Z,B0C9VQTYVC,,,,,2026-07-01
Hisense,"Hisense 65"" 65U8QTUK MiniLED QLED 165Hz Smart AI TV - Hi-View AI Engine PRO, 165Hz Game Mode Ultra, 4.1.2 Channel, Dolby Atmos, Quantum Dot Colour, Anti-Reflection PRO with Freely, YouTube, Netflix",https://www.amazon.co.uk/dp/B0F7WFH1HL,65.0,1278.31,1099.0,GBP,1278.31,Amazon,GB,2026-10-10T10:48:12Z,B0F7WFH1HL,,,,,2026-07-01
Hisense,"Hisense 32S5Q - QLED Deco Smart TV 32"", Artistic Design, Dolby Atmos, Morandi White, Central Stand with Style",https://www.amazon.co.uk/dp/B0FSLMYL4W,32.0,369.87,317.99,GBP,369.87,Amazon,GB,2026-10-10T10:48:12Z,B0FSLMYL4W,,,,,2026-07-01
Hisense,"Hisense 65 Inch 120Hz OLED Smart TV 65A85NTUK - Dolby Vision IQ, HDR10+ Adaptive, IMAX Enhanced, Hybrid Log-Gamma (HLG), Vidaa OS with Freely, Youtube, Netflix and Disney+ (2024 Model)",https://www.amazon.co.uk/dp/B0DJ6RWJ65,65.0,1103.83,949.0,GBP,1103.83,Amazon,GB,2026-10-10T10:48:12Z,B0DJ6RWJ65,,,,,2026-07-01
Hisense,"Hisense 65 Inch QLED Smart TV 65E7KQTUK - Quantum Dot Colour, 60Hz VRR, Dolby Vision, Bluetooth&HDMI, Share to TV, VIDAA Smart TV, and Youtube, Freeview Play, Netflix and Disney+ (2023 Model)",https://www.amazon.co.uk/dp/B0C4Z3L4HN,65.0,580.41,499.0,GBP,580.41,Amazon,GB,2026-10-10T10:48:12Z,B0C4Z3L4HN,,,,,2026-07-01
TCL,"TCL 75T6C-UK 75 Inch QLED 4K HDR TV, Fire TV (Smart TV with Dolby Vision & Atmos, HDR10+, Press & Ask Alexa",https://www.amazon.co.uk/dp/B0DW8RJSG6,75.0,696.73,599.0,GBP,696.73,Amazon,GB,2026-10-10T10:48:12Z,B0DW8RJSG6,,,,,2026-07-01
Hisense,"Hisense 55 Inch QLED Smart TV 55E77KQTUK - Quantum Dot Colour, 60Hz VRR, Dolby Vision, Bluetooth&HDMI, Share to TV, and Youtube, Freeview Play, Netflix and Disney+ (2023 Model)",https://www.amazon.co.uk/dp/B0C4Z6HLYW,55.0,522.2,448.95,GBP,522.2,Amazon,GB,2026-10-10T10:48:12Z,B0C4Z6HLYW,,,,,2026-07-01
Hisense,"Hisense 98"" 98E7QTUK QLED 144Hz Smart AI TV - 4K Direct Lit Viewing, Quantum Dot Colour, Hi-View AI Engine, Dolby Vision, Dolby Atmos with Freely, Disney +, YouTube, Netflix",https://www.amazon.co.uk/dp/B0G14SWVRT,98.0,,,,,Amazon,GB,2026-10-10T10:48:12Z,B0G14SWVRT,,,,,
Hisense,"Hisense 55 Inch 144Hz 4K QLED Smart Gaming TV 55E7NQTUK PRO - Full Array Local Dimming, Dolby Vision Atmos, Freesync, Subwoofer, Vidaa OS with Freely, Youtube, Netflix and Disney+ (2024 Model)",https://www.amazon.co.uk/dp/B0CYLLHFTQ,55.0,756.04,649.99,GBP,756.04,Amazon,GB,2026-10-10T10:48:12Z,B0CYLLHFTQ,,,,,2026-07-01
Hisense,"Hisense 55A6S - UHD 4K Smart TV 55 Pulgadas, Escalador IA 4K, Smooth Motion IA, Modo Juego Plus, Dolby Vision, Control por Voz, Filmmaker Mode, Airplay",https://www.amazon.co.uk/dp/B0GJFF3XT7,55.0,611.45,525.68,GBP,611.45,Amazon,GB,2026-10-10T10:48:12Z,B0GJFF3XT7,,,,,2026-07-01
Hisense,"Hisense 85A6BTUK (85 Inch) 4K UHD Smart TV, with Dolby Vision HDR, DTS Virtual X, Youtube, Netflix, Disney +, Freeview Play and Alexa Built-in, Bluetooth and WiFi (2022), Operating System VIDAA",https://www.amazon.co.uk/dp/B0BPT89H11,85.0,,,,,Amazon,GB,2026-10-10T10:48:12Z,B0BPT89H11,,,,,
Hisense,"Hisense 55E7HQTUK QLED Gaming Series 55-inch 4K UHD Dolby Vision HDR Smart TV with YouTube, Netflix, Disney + Freeview Play and Alexa Built-in, Bluetooth and WiFi, TUV Certificated (2022 NEW)",https://www.amazon.co.uk/dp/B0B52GH6YT,55.0,487.44,419.07,GBP,487.44,Amazon,GB,2026-10-10T10:48:12Z,B0B52GH6YT,,,,,2026-07-01
Hisense,"Hisense 50 Inch VIDAA Smart TV 50A6KTUK - Dolby Vision, Pixel Tuning, Voice Remote, Share to TV, and Youtube, Freeview Play, Netflix and Disney (2023 Model), Operating System VIDAA",https://www.amazon.co.uk/dp/B0C4Z49F8X,50.0,,,,,Amazon,GB,2026-10-10T10:48:12Z,B0C4Z49F8X,,,,,
Hisense,"Hisense 55U8GQTUK Quantum Series 55-inch 1000-nit 4K UHD Dolby Vision HDR Smart TV with YouTube, Freeview Play and Alexa Built-in and IMAX Enhanced, TUV Certificated (2021 NEW)",https://www.amazon.co.uk/dp/B09577Y5DB,55.0,1186.79,1020.32,GBP,1186.79,Amazon,GB,2026-10-10T10:48:12Z,B09577Y5DB,,,,,2026-07-01
Hisense,"Hisense 50A6GTUK (50 Inch) 4K UHD Smart TV, with Dolby Vision HDR, DTS Virtual X, Youtube, Netflix, Freeview Play and Alexa Built-in, Bluetooth and WiFi (2021 NEW), Operating System VIDAA",https://www.amazon.co.uk/dp/B092RCJR9W,50.0,581.57,499.99,GBP,581.57,Amazon,GB,2026-10-10T10:48:12Z,B092RCJR9W,,,,,2026-07-01
Hisense,"Hisense 43 Inch 4K QLED Smart TV 43A7NQTUK - Quantum Dot Colour, 4K AI Processor, Dolby Vision Atmos, Smooth Motion, Sports Mode, Vidaa OS with Freely, Youtube, Netflix and Disney+ (2024 Model)",https://www.amazon.co.uk/dp/B0D2ZK1D4Y,43.0,,,,,Amazon,GB,2026-10-10T10:48:12Z,B0D2ZK1D4Y,,,,,
Hisense,"Hisense 100 Inch 144Hz MiniLED Smart TV 100U7NQTUK - Quantum Dot Colour, Dolby Vision IQ & Atmos, iMax Enhanced, Built-in Subwoofer and Vidaa OS with Freely, Youtube, Netflix and Disney+ (2024 Model)",https://www.amazon.co.uk/dp/B0DB5BZH2G,100.0,3656.69,3143.77,GBP,3656.69,Amazon,GB,2026-10-10T10:48:12Z,B0DB5BZH2G,,,,,2026-07-01
Philips,"PHILIPS Ambilight 55PUS8200 4K LED Smart TV - 55 Inch Display with Pixel Precise, Ultra HD, Titan OS Platform and Dolby Atmos Sound, Works with Alexa and Google Voice Assistant",https://www.amazon.co.uk/dp/B0F24X53Q7,55.0,,,,,Amazon,GB,2026-10-10T10:48:12Z,B0F24X53Q7,,,,,
LG,"LG 43QNED70A6A 43-Inch 4K UHD Smart TV (α7 AI Processor, Amazon Alexa, 60Hz) [Model 2025]",https://www.amazon.co.uk/dp/B0FDR8BQMX,43.0,,,,,Amazon,GB,2026-10-10T10:48:12Z,B0FDR8BQMX,,,,,
Toshiba,"Toshiba 50”UV1563DB 4K Smart VIDAA TV, Ultra HD, HDR10, Freely, Disney+, Prime Video, Netflix, Dolby Audio Processing and Vision, Works with Alexa and Google Assistant, VIDAA Voice 2025",https://www.amazon.co.uk/dp/B0FQNJF6W1,50.0,,,,,Amazon,GB,2026-10-10T10:48:12Z,B0FQNJF6W1,,,,,
Hisense,"Hisense 65A85Q 4K UHD OLED Smart TV 164cm (65""), 120Hz, HDMI 2.1, Game Mode Pro, AMD FreeSync Premium, Dolby Vision IQ & Atmos, Bluetooth, Alexa Built-in, Black, 2025",https://www.amazon.co.uk/dp/B0FKGR14TB,65.0,1525.58,1311.59,GBP,1525.58,Amazon,GB,2026-10-10T10:48:12Z,B0FKGR14TB,,,,,2026-07-01
Hisense,"Hisense 65 Inch 144Hz ULED Mini-LED Smart TV 65U7KQTUK - 144Hz VRR, HDMI 2.1, Quantum Dot Colour, Dolby Vision IQ, VIDAA Smart TV, and Youtube, Freeview Play, Netflix and Disney+ (2023 Model)",https://www.amazon.co.uk/dp/B0C4Z3HBT3,65.0,,,,,Amazon,GB,2026-10-10T10:48:12Z,B0C4Z3HBT3,,,,,
Hisense,Hisense 40A5NQ 2024 Full HD QLED Smart TV Triple Tuner AI Sports Mode Dolby Atmos Share to TV Dual Positioning WiFi Game & Hotel Mode Black,https://www.amazon.co.uk/dp/B0CXTFTHCR,40.0,347.78,299.0,GBP,347.78,Amazon,GB,2026-10-10T10:48:12Z,B0CXTFTHCR,,,,,2026-07-01
Hisense,"Hisense 40A4BGTUK (40 Inch) HD Smart TV, with Natural Colour Enhancer, DTS Virtual X, VIDAA U5 OS, Youtube, Netflix, Disney+, Freeview Play and WiFi (2022NEW), Operating System VIDAA",https://www.amazon.co.uk/dp/B09ZPW2YT9,40.0,430.36,369.99,GBP,430.36,Amazon,GB,2026-10-10T10:48:12Z,B09ZPW2YT9,,,,,2026-07-01
Hisense,"Hisense 65A6EGTUK (65 Inch) 4K UHD Smart TV, with Dolby Vision HDR, DTS Virtual X, Youtube, Netflix, Disney +, Freeview Play and Alexa Built-in, Bluetooth and WiFi (2022 NEW), Operating System VIDAA",https://www.amazon.co.uk/dp/B09ZPVFK4T,65.0,,,,,Amazon,GB,2026-10-10T10:48:12Z,B09ZPVFK4T,,,,,
Hisense,"Hisense 43E7Q QLED 43-inch Smart TV, Dolby Vision, Dolby Atmos, Game Plus Mode, 60Hz VRR 120fps, Sport Mode, AI Soft Monitoring, Bluetooth and HDMI 2.1, Alexa Voice Control",https://www.amazon.co.uk/dp/B0F1MSX2W7,43.0,499.83,429.72,GBP,499.83,Amazon,GB,2026-10-10T10:48:12Z,B0F1MSX2W7,,,,,2026-07-01
Hisense,Hisense 43A69S - Smart TV 43 Inch LED 4K DVB-T2 HEVC/H.265 Wifi Black Energy Class E,https://www.amazon.co.uk/dp/B0H83CB2LF,43.0,436.29,375.09,GBP,436.29,Amazon,GB,2026-10-10T10:48:12Z,B0H83CB2LF,,,,,2026-07-01
Hisense,Hisense 30E7Q,https://www.amazon.co.uk/dp/B0F1MRPC4B,65.0,702.42,603.89,GBP,702.42,Amazon,GB,2026-10-10T10:48:12Z,B0F1MRPC4B,,,,,2026-07-01
Hisense,Hisense 55U7Q sw LED TV Mini LED UHD Multituner BT Smart Dolby Vision HDR10+ (20015889),https://www.amazon.co.uk/dp/B0F32M68DW,55.0,844.68,726.2,GBP,844.68,Amazon,GB,2026-10-10T10:48:12Z,B0F32M68DW,,,,,2026-07-01
Hisense,"Hisense 55"" UHD 4K 2023 55E63KT, Smart TV VIDAA U6, Dolby Vision, HDR 10+, Game Mode Plus, Alexa Built-in, DVB-T2/S2 HEVC 10 Tuner, Lativu 4K",https://www.amazon.co.uk/dp/B0C2ZN2TV9,55.0,664.27,571.09,GBP,664.27,Amazon,GB,2026-10-10T10:48:12Z,B0C2ZN2TV9,,,,,2026-07-01
Hisense,"Hisense Smart TV QLED 43"" 4K 43E7S PRO",https://www.amazon.co.uk/dp/B0GR5RW1P2,43.0,689.69,592.95,GBP,689.69,Amazon,GB,2026-10-10T10:48:12Z,B0GR5RW1P2,,,,,2026-07-01
Hisense,Hisense 40A4S – 40 Inch Full HD LED TV Smart TV VIDAA Dolby Audio & DTS HD WiFi Bluetooth Borderless Design Black,https://www.amazon.co.uk/dp/B0GJFC1Q9Z,40.0,376.54,323.72,GBP,376.54,Amazon,GB,2026-10-10T10:48:12Z,B0GJFC1Q9Z,,,,,2026-07-01
Hisense,"Hisense 32A49S 80cm 32"" HD Smart TV Fernseher",https://www.amazon.co.uk/dp/B0H1NGQ215,32.0,341.96,293.99,GBP,341.96,Amazon,GB,2026-10-10T10:48:12Z,B0H1NGQ215,,,,,2026-07-01
Hisense,"Hisense 50A6S - 50"" 4K UHD TV, HomeOS U9.5 Smart TV, Dolby Vision HDR, Game Mode Plus (VRR 60Hz), DTS Virtual:X, Alexa Built-in, Black",https://www.amazon.co.uk/dp/B0GJFVQDWB,50.0,475.23,408.57,GBP,475.23,Amazon,GB,2026-10-10T10:48:12Z,B0GJFVQDWB,,,,,2026-07-01
Hisense,"Hisense 58A6S - 58"" 4K UHD TV, HomeOS U9.5 Smart TV, Dolby Vision HDR, Game Mode Plus (VRR 60Hz), DTS Virtual:X, Alexa Built-in, Black",https://www.amazon.co.uk/dp/B0GJFLN5QB,58.0,685.18,589.07,GBP,685.18,Amazon,GB,2026-10-10T10:48:12Z,B0GJFLN5QB,,,,,2026-07-01
Hisense,Hisense 4K QLED TV E77K and AX3120G with 3.1.2 Surround Sound and Dolby Atmos&DTS Virtual X,https://www.amazon.co.uk/dp/B0C5N7CQF6,55.0,736.21,632.94,GBP,736.21,Amazon,GB,2026-10-10T10:48:12Z,B0C5N7CQF6,,,,,2026-07-01
Hisense,"Hisense 65E8S - 65-inch Mini LED Smart TV, Hi-QLED MiniLED, 144Hz Native Gaming Mode, Built-in Subwoofer, Hi-View AI Engine, Total HDR Solution, Filmmaker Mode, Hands-Free Control",https://www.amazon.co.uk/dp/B0GQF24H9M,65.0,946.89,814.07,GBP,946.89,Amazon,GB,2026-10-10T10:48:12Z,B0GQF24H9M,,,,,2026-07-01
Hisense,MINIQLED HISENSE 75U7QPRO,https://www.amazon.co.uk/dp/B0F24F77CN,75.0,1417.29,1218.49,GBP,1417.29,Amazon,GB,2026-10-10T10:48:12Z,B0F24F77CN,,,,,2026-07-01
Hisense,"Hisense 50E8S 50 Inch Mini LED Smart TV, Hi-QLED MiniLED, 144Hz Native Gaming Mode, Built-in Subwoofer, Hi-View AI Engine, Total HDR Solution, Filmmaker Mode, Hands-Free Control",https://www.amazon.co.uk/dp/B0GQDSSGNB,50.0,950.65,817.3,GBP,950.65,Amazon,GB,2026-10-10T10:48:12Z,B0GQDSSGNB,,,,,2026-07-01
Hisense,"Hisense UR8S 75"" 4K RGB Mini LED Smart TV - 75UR8STUK",https://www.amazon.co.uk/dp/B0HL8LYY59,75.0,2674.1,2299.0,GBP,2674.1,Amazon,GB,2026-10-10T10:48:12Z,B0HL8LYY59,,,,,2026-07-01
Hisense,"Hisense Canvas TV QLED 144Hz 55"" 4K 55S7S, Hi-Matte Display, Audio 2.0.2 Tuned by Devialet, VIDAA OS, Dolby Vision IQ, Native 144Hz Game Mode, Art Gallery, 4 HDMI 2.1, Wifi, Bluetooth, AirPlay",https://www.amazon.co.uk/dp/B0H3112112,55.0,1262.44,1085.36,GBP,1262.44,Amazon,GB,2026-10-10T10:48:12Z,B0H3112112,,,,,2026-07-01
Hisense,"Hisense 55E7S Pro QLED 55-inch Smart TV, 144Hz Native Gaming Mode, Hi-QLED Color, Dolby Vison.Atmos, AI Images, Smooth Motion IA, AMD FreeSync Premium Pro, HDR10+Gaming",https://www.amazon.co.uk/dp/B0GR7DTKP8,55.0,737.62,634.15,GBP,737.62,Amazon,GB,2026-10-10T10:48:12Z,B0GR7DTKP8,,,,,2026-07-01
Hisense,"Hisense 55E8S - Mini LED 55 inch Smart TV 4K, Quantum Dot Color, 144Hz | Mini LED, Built-in Subwoofer, Hi-View AI Engine, ...",https://www.amazon.co.uk/dp/B0GQDXNH3L,55.0,1044.63,898.1,GBP,1044.63,Amazon,GB,2026-10-10T10:48:12Z,B0GQDXNH3L,,,,,2026-07-01
Hisense,"Hisense 43A6S TV 2026 4K UHD 43 Inch (108 cm), Smart TV HomeOS U9.5, Dolby | 4K IA Climber, Smooth Motion IA, Gaming Mode ...",https://www.amazon.co.uk/dp/B0GJFM3F7P,43.0,416.5,358.08,GBP,416.5,Amazon,GB,2026-10-10T10:48:12Z,B0GJFM3F7P,,,,,2026-07-01
Hisense,"Hisense 43E77Q TV 43"" [43] 4K Ul",https://www.amazon.co.uk/dp/B00VSWSBA0,43.0,611.81,525.99,GBP,611.81,Amazon,GB,2026-10-10T10:48:12Z,B00VSWSBA0,,,,,2026-07-01
Hisense,"Hisense 32A4K9 32"" LED HD Con Modo Juego y Deportes IA Sonido DTS Alexa Smart TV VIDAA U6",https://www.amazon.co.uk/dp/B0BZF27SK2,32.0,264.85,227.7,GBP,264.85,Amazon,GB,2026-10-10T10:48:12Z,B0BZF27SK2,,,,,2026-07-01
Hisense,"Hisense 100 Inch 4K QLED Smart TV 100E7NQTUK - Quantum Dot Colour, 4K AI Processor, Dolby Vision Atmos, Smooth Motion, Sports Mode, Vidaa OS with Freely, Youtube, Netflix and Disney+ (2024 Model)",https://www.amazon.co.uk/dp/B0DG2MWT3L,100.0,1919.2,1649.99,GBP,1919.2,Amazon,GB,2026-10-10T10:48:12Z,B0DG2MWT3L,,,,,2026-07-01
Hisense,"Hisense Smart TV MiniLED 55"" 4K TV 55U7SE | Dolby Atmos 2.1 By Devialet, Dolby Vision IQ, HDR10+, VIDAA OS, Alexa, lativù ...",https://www.amazon.co.uk/dp/B0GKPVQ86Z,55.0,1172.57,1008.09,GBP,1172.57,Amazon,GB,2026-10-10T10:48:12Z,B0GKPVQ86Z,,,,,2026-07-01
Hisense,"Hisense 58A6GTUK (58 Inch) 4K UHD Smart TV, with Dolby Vision HDR, DTS Virtual X, Youtube, Netflix, Freeview Play and Alexa Built-in, Bluetooth and WiFi (2021 NEW), Operating System VIDAA",https://www.amazon.co.uk/dp/B092RFH8GJ,58.0,697.84,599.95,GBP,697.84,Amazon,GB,2026-10-10T10:48:12Z,B092RFH8GJ,,,,,2026-07-01
Hisense,"Hisense 75U7NQ - 75-inch LED Mini TV, with Quantum Dot Colour, 144Hz VRR 240fps Gaming Mode, Full Array Local Dimming, Hi-View Engine Processor, Dolby Vision IQ & Dolby Atmos (New 2024)",https://www.amazon.co.uk/dp/B0CXTKYLCV,75.0,1703.66,1464.69,GBP,1703.66,Amazon,GB,2026-10-10T10:48:12Z,B0CXTKYLCV,,,,,2026-07-01
Hisense,"Hisense Q7S 65"" HI-QLED Smart TV - 65Q7STUK",https://www.amazon.co.uk/dp/B0HM6BY38M,65.0,754.89,649.0,GBP,754.89,Amazon,GB,2026-10-10T10:48:12Z,B0HM6BY38M,,,,,2026-07-01
Hisense,"Hisense 85E8S 85 Inch Mini LED Smart TV, Hi-QLED MiniLED, 144Hz Native Gaming Mode, Built-in Subwoofer, Hi-View AI Engine, Total HDR Solution, Filmmaker Mode, Hands-Free Control",https://www.amazon.co.uk/dp/B0GQDDL8D7,85.0,2089.55,1796.45,GBP,2089.55,Amazon,GB,2026-10-10T10:48:12Z,B0GQDDL8D7,,,,,2026-07-01
Hisense,Hisense TV & Soundbar Bundle: 65E78QTUK PRO QLED TV plus the AX3120Q Soundbar – an entertainment upgrade with balanced visuals and audio power,https://www.amazon.co.uk/dp/B0FLPRKHV1,65.0,894.43,768.97,GBP,894.43,Amazon,GB,2026-10-10T10:48:12Z,B0FLPRKHV1,,,,,2026-07-01
Hisense,"Hisense 32A5KQ 80 cm (32 Inch) QLED TV Full HD, Smart TV, Triple Tuner DVB-T2 / T/C / S2 / S, USB-C, Dual Positioning, Works with Alexa, WiFi, Game Mode, Hotel Mode, Black [2 023], Operating System VIDAA",https://www.amazon.co.uk/dp/B0BWJS9JXT,32.0,442.34,380.29,GBP,442.34,Amazon,GB,2026-10-10T10:48:12Z,B0BWJS9JXT,,,,,2026-07-01
Hisense,"Hisense Canvas TV QLED 144Hz 65"" 4K 65S7S | Hi-Matte Display, Art Gallery, Audio Tuned by Devialet, VIDAA OS, Dolby Vision...",https://www.amazon.co.uk/dp/B0GNF3KJGW,65.0,1788.35,1537.5,GBP,1788.35,Amazon,GB,2026-10-10T10:48:12Z,B0GNF3KJGW,,,,,2026-07-01
Hisense,"Hisense 98E7Q TV, 98 Inches, 2480 mm, 4K UHD QLED, Smart TV, 144Hz Game Mode PRO, AI 4K Upscaler, Smoothmotion, Light Sensor, Colour, Dolby Vision Atmos, Voice Control, EZPlay",https://www.amazon.co.uk/dp/B0FQ68967J,98.0,2354.44,2024.18,GBP,2354.44,Amazon,GB,2026-10-10T10:48:12Z,B0FQ68967J,,,,,2026-07-01
Hisense,"Hisense 55U8Q - Mini LED Pro Smart TV 55 Inches, Hi-View IA Pro Processor, 4.1.2 Multi-Channel Sound, Ultra 165Hz Gaming Mode, Anti-Glare Pro, Full Array Local Dimming, Dolby Vision IQ, Dolby Atmos",https://www.amazon.co.uk/dp/B0F1WHZW4G,55.0,1000.77,860.39,GBP,1000.77,Amazon,GB,2026-10-10T10:48:12Z,B0F1WHZW4G,,,,,2026-07-01
Hisense,"Hisense UR8S 65"" 4K RGB Mini LED Smart TV - 65UR8STUK",https://www.amazon.co.uk/dp/B0HM6P1265,65.0,1976.2,1699.0,GBP,1976.2,Amazon,GB,2026-10-10T10:48:12Z,B0HM6P1265,,,,,2026-07-01
Hisense,"Hisense 65E7S Pro QLED 65-inch Smart TV, 144Hz Gaming Mode, Hi-QLED Color, Dolby Vison.Atmos, AI Images, Smooth Motion IA, AMD FreeSync Premium Pro, HDR10+Gaming",https://www.amazon.co.uk/dp/B0GR6XCQMY,65.0,967.44,831.74,GBP,967.44,Amazon,GB,2026-10-10T10:48:12Z,B0GR6XCQMY,,,,,2026-07-01
Hisense,"Hisense 50"" UHD 4K 2023 50E63KT, Smart TV VIDAA U6, Dolby Vision, HDR 10+, Game Mode Plus, Alexa Built-in, Tuner DVB-T2/S2 HEVC 10, lativù 4K",https://www.amazon.co.uk/dp/B0C2ZMMC5F,50.0,516.2,443.79,GBP,516.2,Amazon,GB,2026-10-10T10:48:12Z,B0C2ZMMC5F,,,,,2026-07-01
Hisense,"Hisense 85E7S QLED Smart TV, 85 Inches, Hi-QLED Colour, Dolby Vision.Atmos, IA 4K, Smooth Motion IA, Game Mode Plus, Dolby Vision IQ, HDR10 + Adaptive",https://www.amazon.co.uk/dp/B0GNCGYDGJ,85.0,1836.88,1579.22,GBP,1836.88,Amazon,GB,2026-10-10T10:48:12Z,B0GNCGYDGJ,,,,,2026-07-01
Hisense,Hisense U7NQ Mini LED UltraHD 4K 144Hz IMAX Dolby Vision 55 Pulgadas,https://www.amazon.co.uk/dp/B0CXTPGCH9,55.0,857.58,737.29,GBP,857.58,Amazon,GB,2026-10-10T10:48:12Z,B0CXTPGCH9,,,,,2026-07-01
Hisense,Hisense Smart TV 50 Inch 4K Ultra HD 2025 50A6Q Smart TV VIDAA U8 Dolby Vision HDR 10 Game Mode Plus Alexa Built-in VIDAA Voice Tuner DVB-T2/S2 HEVC 10 Lativù 4K 50 Inch 2025 LED,https://www.amazon.co.uk/dp/B0F4D9YNHR,50.0,,,,,Amazon,GB,2026-10-10T10:48:12Z,B0F4D9YNHR,,,,,
Hisense,"TV Hisense 55E7S (2026) 55"" VA QLED 4K UHD Preta",https://www.amazon.co.uk/dp/B0GNDHW3BM,55.0,721.31,620.13,GBP,721.31,Amazon,GB,2026-10-10T10:48:12Z,B0GNDHW3BM,,,,,2026-07-01
Hisense,"Hisense Q7S 85"" HI-QLED Smart TV - 85Q7STUK",https://www.amazon.co.uk/dp/B0HJYLSZBN,85.0,,,,,Amazon,GB,2026-10-10T10:48:12Z,B0HJYLSZBN,,,,,
Hisense,Hisense 65U7Q Pro,https://www.amazon.co.uk/dp/B0F24FL4CL,65.0,1430.2,1229.59,GBP,1430.2,Amazon,GB,2026-10-10T10:48:12Z,B0F24FL4CL,,,,,2026-07-01
Hisense,"Hisense TV 55U7KQ - 55-inch Mini LED Smart TV, Quantum Dot Colour, 144Hz Gaming Mode, Full Array Local Dimming, Dolby Vision IQ & Dolby Atmos, VIDAA 7 OS (2023)",https://www.amazon.co.uk/dp/B0C5Y6Q64H,55.0,929.12,798.79,GBP,929.12,Amazon,GB,2026-10-10T10:48:12Z,B0C5Y6Q64H,,,,,2026-07-01
Hisense,"Hisense 55"" 55S7NQTUK Canvas TV & TV Frame - White",https://www.amazon.co.uk/dp/B0G1RHDKH4,55.0,,,,,Amazon,GB,2026-10-10T10:48:12Z,B0G1RHDKH4,,,,,
Hisense,"Hisense UR8S 85"" 4K RGB Mini LED Smart TV - 85UR8STUK",https://www.amazon.co.uk/dp/B0HM5YGCWP,85.0,3488.3,2999.0,GBP,3488.3,Amazon,GB,2026-10-10T10:48:12Z,B0HM5YGCWP,,,,,2026-07-01
Hisense,"Hisense BASS12S 2.1 Ch Soundbar with Wireless Subwoofer | 5.25 Inch Wireless Subwoofer, TV Mode, EzPlay 3.0, 6 EQ Modes, S...",https://www.amazon.co.uk/dp/B0H44S4BDR,25.0,161.68,139.0,GBP,161.68,Amazon,GB,2026-10-10T10:48:12Z,B0H44S4BDR,,,,,2026-07-01
Hisense,"Hisense 65U8NQ TV, 164 cm (65 ""), 4K Mini LED ULED HDR, Smart TV, Quantum Dot, 120Hz/144Hz VRR, HDMI 2.1, Game Mode Pro, 2.1.2 Channel Sound, Dolby Vision IQ & Atmos, Charcoal",https://www.amazon.co.uk/dp/B0D35H4YWY,65.0,1430.2,1229.59,GBP,1430.2,Amazon,GB,2026-10-10T10:48:12Z,B0D35H4YWY,,,,,2026-07-01
Hisense,Hisense 55 inch Canvas TV Frame - Walnut,https://www.amazon.co.uk/dp/B0FY1H9967,55.0,173.31,149.0,GBP,173.31,Amazon,GB,2026-10-10T10:48:12Z,B0FY1H9967,,,,,2026-07-01
Hisense,"Hisense 75E7NQ Pro - QLED Gaming TV, 75-inch, VRR 144Hz HSR 240fps, AMD Freesync Premium Pro, Gaming Bar, Total HDR Solution, Dolby Vision IQ & Dolby Atmos (New 2024)",https://www.amazon.co.uk/dp/B0CXTNC3TZ,75.0,1430.2,1229.59,GBP,1430.2,Amazon,GB,2026-10-10T10:48:12Z,B0CXTNC3TZ,,,,,2026-07-01
Hisense,"Hisense Smart TV QLED 144Hz 85"" 4K 85E7S PRO, Audio Dolby Atmos, VIDAA OS with 1000+ APP, Dolby Vision IQ, HDR 10+, Native 144Hz Game Mode, AirPlay2, Alexa Built-in, Lativu 4K",https://www.amazon.co.uk/dp/B0GR6KRXBJ,85.0,1451.96,1248.29,GBP,1451.96,Amazon,GB,2026-10-10T10:48:12Z,B0GR6KRXBJ,,,,,2026-07-01
Hisense,Hisense 55 inch Canvas TV Frame - Teak,https://www.amazon.co.uk/dp/B0FY1FMMHQ,55.0,,,,,Amazon,GB,2026-10-10T10:48:12Z,B0FY1FMMHQ,,,,,
Hisense,Hisense 55 inch Canvas TV Frame - White,https://www.amazon.co.uk/dp/B0FY1F4GWN,55.0,173.31,149.0,GBP,173.31,Amazon,GB,2026-10-10T10:48:12Z,B0FY1F4GWN,,,,,2026-07-01
Hisense,"Hisense H43A6200UK 43-Inch 4K Ultra HD Smart TV - Black, Operating System VIDAA",https://www.amazon.co.uk/dp/B07BMZMFKJ,43.0,,,,,Amazon,GB,2026-10-10T10:48:12Z,B07BMZMFKJ,,,,,
Hisense,Hisense 65 inch Canvas TV Frame - White,https://www.amazon.co.uk/dp/B0FY1C6QCH,65.0,186.74,160.55,GBP,186.74,Amazon,GB,2026-10-10T10:48:12Z,B0FY1C6QCH,,,,,2026-07-01
Hisense,"Hisense TV 100U7KQ - 100-inch Mini LED Smart TV, the largest mini LED TV on the market, Quantum Dot Colour, 144Hz Gaming Mode, Full Array Local Dimming, Dolby Vision IQ & Dolby",https://www.amazon.co.uk/dp/B0CJV5J96Z,100.0,3169.25,2724.7,GBP,3169.25,Amazon,GB,2026-10-10T10:48:12Z,B0CJV5J96Z,,,,,2026-07-01
Hisense,Hisense U7NQ Mini LED UltraHD 4K 144Hz IMAX Dolby Vision 55 Pulgadas,https://www.amazon.co.uk/dp/B0CXTKQMWY,55.0,1143.95,983.49,GBP,1143.95,Amazon,GB,2026-10-10T10:48:12Z,B0CXTKQMWY,,,,,2026-07-01
Hisense,"Hisense 75E8S - 75-inch Mini LED Smart TV, Hi-QLED MiniLED, 144Hz Native Gaming Mode, Built-in Subwoofer, Hi-View AI Engine, Total HDR Solution, Filmmaker Mode, Hands-Free Control",https://www.amazon.co.uk/dp/B0GQCXP6VM,75.0,,,,,Amazon,GB,2026-10-10T10:48:12Z,B0GQCXP6VM,,,,,
Hisense,Hisense 65E7Q Pro,https://www.amazon.co.uk/dp/B0F1N62VSW,65.0,,,,,Amazon,GB,2026-10-10T10:48:12Z,B0F1N62VSW,,,,,
Sony,"Sony BRAVIA 3 – Direct LED, X-Balanced Speaker, Dolby Vision/Atmos, IMAX Enhanced, Google TV (2025), Google Cast, Apple AirPlay 2, Eco Dashboard 2, Game Menu 2 – 50-inch",https://www.amazon.co.uk/dp/B0F29H8XBP,50.0,766.52,659.0,GBP,766.52,Amazon,GB,2026-10-10T10:48:12Z,B0F29H8XBP,,,,,2026-07-01
Sony,Sony BRAVIA KD-32W800 - 32-inch - HD Ready (HD) - High Dynamic Range (HDR) - Android TV - (Black),https://www.amazon.co.uk/dp/B0913JZKPB,32.0,354.75,304.99,GBP,354.75,Amazon,GB,2026-10-10T10:48:12Z,B0913JZKPB,,,,,2026-07-01
Sony,"Sony BRAVIA 2 II 43"" 4K Smart TV, Google TV, X1 Processor, 4K Upscaling, Dolby Atmos and DTS:X, PS5 Compatible, 43S25M2, 2026",https://www.amazon.co.uk/dp/B0GZW6MKPF,43.0,638.57,549.0,GBP,638.57,Amazon,GB,2026-10-10T10:48:12Z,B0GZW6MKPF,,,,,2026-07-01
Sony,"Sony BRAVIA 3 – Direct LED, X-Balanced Speaker, Dolby Vision/Atmos, IMAX Enhanced, Google TV (2025), Google Cast, Apple AirPlay 2, Eco Dashboard 2, Game Menu 2 – 55-inch",https://www.amazon.co.uk/dp/B0F29JHZBD,55.0,987.52,849.0,GBP,987.52,Amazon,GB,2026-10-10T10:48:12Z,B0F29JHZBD,,,,,2026-07-01
Sony,"Sony BRAVIA 7 II True RGB 55 Inch TV, 4K Smart TV (Google TV), RGB LED, XR Processor with AI Technology, 120hz Television with Dolby Vision/Atmos, PS5 compatibility, 55XR75M2, 2026 Model",https://www.amazon.co.uk/dp/B0H2KCGB73,55.0,1976.2,1699.0,GBP,1976.2,Amazon,GB,2026-10-10T10:48:12Z,B0H2KCGB73,,,,,2026-07-01
Sony,"Sony BRAVIA 7 II True RGB 75 Inch TV, 4K Smart TV (Google TV), RGB LED, XR Processor with AI Technology, 120hz Television with Dolby Vision/Atmos, PS5 compatibility, 75XR75M2, 2026 Model",https://www.amazon.co.uk/dp/B0H2JW181N,75.0,3023.04,2599.0,GBP,3023.04,Amazon,GB,2026-10-10T10:48:12Z,B0H2JW181N,,,,,2026-07-01
Sony,"Sony BRAVIA 8A OLED 55 Inch 4K HDR Smart TV, Gaming Features for PlayStation 5 and IMAX Enhanced, Dolby Vision Atmos, Google Cast, Apple AirPlay, 120Hz 55XR8A",https://www.amazon.co.uk/dp/B0FWCYHMWZ,55.0,1743.57,1499.0,GBP,1743.57,Amazon,GB,2026-10-10T10:48:12Z,B0FWCYHMWZ,,,,,2026-07-01
Sony,"Sony BRAVIA 8 OLED, K65XR80, 65 Inch 4K HDR Google Smart TV, Gaming Features for PlayStation 5 and IMAX Enhanced, Dolby Vision Atmos, Chromecast, Apple AirPlay, 120Hz",https://www.amazon.co.uk/dp/B0CZV9MYWG,65.0,2092.52,1799.0,GBP,2092.52,Amazon,GB,2026-10-10T10:48:12Z,B0CZV9MYWG,,,,,2026-07-01
Sony,"Sony BRAVIA XR, XR-42A90K, 42 Inch, OLED, Smart TV, 4K HDR, Google TV, BRAVIA CORE, Perfect for PlayStation5, Metal Flush Surface Design, 5 Year Warranty",https://www.amazon.co.uk/dp/B09ZF7GJ3V,42.0,1743.57,1499.0,GBP,1743.57,Amazon,GB,2026-10-10T10:48:12Z,B09ZF7GJ3V,,,,,2026-07-01
Sony,"Sony BRAVIA 8 II 55"" QD-OLED, K55XR8M25BP (2025), 4K HDR Smart TV, AI XR Processor, Acoustic Surface Audio+, Dolby Vision/Atmos, IMAX Enhanced, Apple AirPlay 2, Eco Dashboard, 5 year warranty.",https://www.amazon.co.uk/dp/B0FG465NBM,55.0,2325.15,1999.0,GBP,2325.15,Amazon,GB,2026-10-10T10:48:12Z,B0FG465NBM,,,,,2026-07-01
Sony,"Sony BRAVIA XR, XR-85X90L, 85 Inch, Full Array LED, Smart TV, 4K HDR, Google TV, ECO PACK, BRAVIA CORE, Perfect for PlayStation5, Aluminium Seamless Edge Design, 5 Year Warranty",https://www.amazon.co.uk/dp/B0BX6MJSHT,85.0,2208.83,1899.0,GBP,2208.83,Amazon,GB,2026-10-10T10:48:12Z,B0BX6MJSHT,,,,,2026-07-01
TCL,"TCL 43T6C-UK 43 Inch QLED 4K HDR TV, Fire TV (Smart TV with Dolby Vision & Atmos, HDR10+, Press & Ask Alexa",https://www.amazon.co.uk/dp/B0DW9833SD,43.0,290.64,249.87,GBP,290.64,Amazon,GB,2026-10-10T10:48:12Z,B0DW9833SD,,,,,2026-07-01
Samsung,"24"" Smart 12V/24V TV, Full HD 1080p Samsung Tizen OS, WiFi, Netflix, Prime Video, AirPlay, HDMI/USB, Caravan, Motorhome, Truck & Boat, 3-Year Warranty",https://www.amazon.co.uk/dp/B0GX2CJKZK,24.0,254.73,219.0,GBP,254.73,Amazon,GB,2026-10-10T10:48:12Z,B0GX2CJKZK,,,,,2026-07-01
Samsung,Samsung 65 Inch Crystal UHD U8020F Smart TV,https://www.amazon.co.uk/dp/B0F6VQS959,65.0,580.41,499.0,GBP,580.41,Amazon,GB,2026-10-10T10:48:12Z,B0F6VQS959,,,,,2026-07-01
Philips,"PHILIPS 32PFS6900 HD LED Smart TV - 32 Inch Display with Pixel Plus, Titan OS Platform and Dolby Digital Sound, Works with Alexa and Google Voice Assistant",https://www.amazon.co.uk/dp/B0F24XKVR9,32.0,266.36,229.0,GBP,266.36,Amazon,GB,2026-10-10T10:48:12Z,B0F24XKVR9,,,,,2026-07-01
Hisense,"Hisense 55"" 55U8QTUK MiniLED QLED 165Hz Smart AI TV - Hi-View AI Engine PRO, 165Hz Game Mode Ultra, 4.1.2 Channel, Dolby Atmos, Quantum Dot Colour, Anti-Reflection PRO with Freely, YouTube, Netflix",https://www.amazon.co.uk/dp/B0F7WC65BD,55.0,1045.68,899.0,GBP,1045.68,Amazon,GB,2026-10-10T10:48:12Z,B0F7WC65BD,,,,,2026-07-01
LG,"LG OLED55B56LA 55-Inch OLED 4K UHD Smart TV, B5 Series, (α8 AI Processor, Dolby Atmos, Freeview Play and Amazon Alexa, 120Hz) [Model 2025]",https://www.amazon.co.uk/dp/B0F14R653N,55.0,,,,,Amazon,GB,2026-10-10T10:48:12Z,B0F14R653N,,,,,
LG,"LG OLED55C55LA 55-Inch OLEDevo 4K UHD Smart TV, (α9 AI Processor Gen7, Dolby Atmos, Freeview Play and Amazon Alexa, 120Hz) [Model 2025]",https://www.amazon.co.uk/dp/B0F14NCCQ1,55.0,,,,,Amazon,GB,2026-10-10T10:48:12Z,B0F14NCCQ1,,,,,
Sony,"Sony SU-WL450 Wall-Mount Bracket, Compatible with 32"" to 85"" BRAVIA LCD TVs",https://www.amazon.co.uk/dp/B00IZEIZB4,32.0,56.72,48.76,GBP,56.72,Amazon,GB,2026-10-10T10:48:12Z,B00IZEIZB4,,,,,2026-07-01
TCL,"TCL 85C7L-UK 85 Inch SQD-Mini LED TV, 4K HDR 3000 nits and 1,624 dimming zones, Google TV, Dolby Vision & Atmos, Audio by Bang & Olufsen, 144Hz, Apple AirPlay 2 & Alexa (2026 New Model)",https://www.amazon.co.uk/dp/B0GY5F5J99,85.0,2557.78,2199.0,GBP,2557.78,Amazon,GB,2026-10-10T10:48:12Z,B0GY5F5J99,,,,,2026-07-01
Sony,19.5V Power Cord Compatible with Sony Bravia TV 24'' 32'' 40'' 42'' | KDL-49WD755 KDL-40 KDL-42 KDL-43 KDL-48 KDL-50 KDL55...,https://www.amazon.co.uk/dp/B0GH5S4SMG,24.0,19.76,16.99,GBP,19.76,Amazon,GB,2026-10-10T10:48:12Z,B0GH5S4SMG,,,,,2026-07-01
Sony,"Sony BRAVIA 8 OLED, K65XR80, 65"" TV BRAVIA Theatre Quad",https://www.amazon.co.uk/dp/B0DDX8NY68,65.0,4999.24,4298.0,GBP,4999.24,Amazon,GB,2026-10-10T10:48:12Z,B0DDX8NY68,,,,,2026-07-01
Sony,"Sony XR-75X95K – 75 Inch - BRAVIA XR™ - Mini LED – 4K Ultra HD – High Dynamic Range (HDR) – Smart TV (Google TV) – Black (2022 model) - Google TV - (Black, 2022 model)",https://www.amazon.co.uk/dp/B09ZPXFVXP,75.0,4651.46,3999.0,GBP,4651.46,Amazon,GB,2026-10-10T10:48:12Z,B09ZPXFVXP,,,,,2026-07-01
Sony,"Sony FW-85BZ35L affichage de messages Panneau plat de signalisation numérique 2,16 m (85"") LCD Wifi 550 cd/m² 4K Ultra",https://www.amazon.co.uk/dp/B0CD2KZTML,85.0,1510.94,1299.0,GBP,1510.94,Amazon,GB,2026-10-10T10:48:12Z,B0CD2KZTML,,,,,2026-07-01
Sony,"Sony BRAVIA 8 OLED, K77XR80, 77"" TV BRAVIA Theatre Bar 9 – Dolby Atmos Single Soundbar",https://www.amazon.co.uk/dp/B0DDXDDM5V,77.0,4784.05,4112.99,GBP,4784.05,Amazon,GB,2026-10-10T10:48:12Z,B0DDXDDM5V,,,,,2026-07-01
Sony,"Sony 65"" BRAVIA 4K HDR Display with Google TV, including 3 years PrimeSupport",https://www.amazon.co.uk/dp/B0C3MWZT2G,65.0,,,,,Amazon,GB,2026-10-10T10:48:12Z,B0C3MWZT2G,,,,,
Sony,"Sony BRAVIA 8 OLED, K55XR80, 55"" TV BRAVIA Theatre Bar 9 – Dolby Atmos Single Soundbar",https://www.amazon.co.uk/dp/B0DDXK58C3,55.0,3370.83,2898.0,GBP,3370.83,Amazon,GB,2026-10-10T10:48:12Z,B0DDXK58C3,,,,,2026-07-01
Sony,19.5V Power Cable Compatible with Sony Bravia TV 24'' 32'' 40'' 42'' KDL-40 KDL-42 KDL-43 KDL-48 KDL-50 KDL-55 KDL-24 KDL-32 and Vaio Laptop,https://www.amazon.co.uk/dp/B0D9FRWSCT,24.0,19.75,16.98,GBP,19.75,Amazon,GB,2026-10-10T10:48:12Z,B0D9FRWSCT,,,,,2026-07-01
Sony,"Sony BRAVIA 8 OLED, K65XR80, 65"" TV BRAVIA Theatre Bar 9 – Dolby Atmos Single Soundbar",https://www.amazon.co.uk/dp/B0DDXG3CJ9,65.0,3719.77,3198.0,GBP,3719.77,Amazon,GB,2026-10-10T10:48:12Z,B0DDXG3CJ9,,,,,2026-07-01
Sony,19.5V Power Cable Adapter Compatible with Sony Bravia TV Vaio Series | Bravia TV 24'' 32'' 40'' 42'' KDL-24 KDL-32 KDL-40 ...,https://www.amazon.co.uk/dp/B07VHNRWFG,24.0,15.81,13.59,GBP,15.81,Amazon,GB,2026-10-10T10:48:12Z,B07VHNRWFG,,,,,2026-07-01
Sony,19.5V Sony Adapter Charger for Sony Bravia TV 24'' 32'' 40'' 42'' | for Sony Bravia KDL-24 KDL-32 KDL-40 KDL-42 W650A W600...,https://www.amazon.co.uk/dp/B0FGJKCZKW,24.0,18.89,16.24,GBP,18.89,Amazon,GB,2026-10-10T10:48:12Z,B0FGJKCZKW,,,,,2026-07-01
Samsung,Samsung 55 Inch Crystal UHD U8020F Smart TV,https://www.amazon.co.uk/dp/B0F6VSSSWX,55.0,429.2,369.0,GBP,429.2,Amazon,GB,2026-10-10T10:48:12Z,B0F6VSSSWX,,,,,2026-07-01
Samsung,"Samsung Smart TV 65'' U8000F Crystal UHD 4K TV, Crystal Processor 4K, Motion Xcelerator, Gaming Hub, Knox Security, Metal Stream Design [2025]",https://www.amazon.co.uk/dp/B0F6VQVVYJ,65.0,482.71,415.0,GBP,482.71,Amazon,GB,2026-10-10T10:48:12Z,B0F6VQVVYJ,,,,,2026-07-01
Samsung,"Samsung Smart TV Q5F 32-Inch, QLED Full HD, Quantum Dot Colour, HDR, Contrast Enhancer, Tizen OS, Gaming Hub, Slim Look Design, [2026]",https://www.amazon.co.uk/dp/B0GYZ8D9HC,32.0,347.78,299.0,GBP,347.78,Amazon,GB,2026-10-10T10:48:12Z,B0GYZ8D9HC,,,,,2026-07-01
Samsung,"Samsung Smart TV 55-Inch U8000H Crystal UHD 4K TV, HDR10+, Motion Xcelerator, Dynamic Sound Pack, Gaming Hub, Knox Security, Vision AI Companion [2026]",https://www.amazon.co.uk/dp/B0GYZYM2DC,55.0,417.57,359.0,GBP,417.57,Amazon,GB,2026-10-10T10:48:12Z,B0GYZYM2DC,,,,,2026-07-01
Samsung,"Samsung Smart TV 65-Inch U8000H Crystal UHD 4K TV, HDR10+, Motion Xcelerator, Dynamic Sound Pack, Gaming Hub, Knox Security, Vision AI Companion [2026]",https://www.amazon.co.uk/dp/B0GYZQXH2Y,65.0,557.15,479.0,GBP,557.15,Amazon,GB,2026-10-10T10:48:12Z,B0GYZQXH2Y,,,,,2026-07-01
Samsung,"Samsung Smart TV 65-Inch QN70H Neo QLED 4K Quantum Mini LED, HDR 10+, Motion Xcelerator, Adpative Sound+, Gaming Hub, Knox Security, Voice Control with AI(VAC), Alexa Built-in [2026]",https://www.amazon.co.uk/dp/B0GYZKS4MB,65.0,1103.83,949.0,GBP,1103.83,Amazon,GB,2026-10-10T10:48:12Z,B0GYZKS4MB,,,,,2026-07-01
Samsung,"Samsung Smart TV 50-Inch Mini LED M72H 4K, UHD TV, Mini LED HDR, Motion Xcelerator, Dynamic Sound Pack, AI Companion for questions [2026]",https://www.amazon.co.uk/dp/B0GYZH5DGQ,50.0,498.99,429.0,GBP,498.99,Amazon,GB,2026-10-10T10:48:12Z,B0GYZH5DGQ,,,,,2026-07-01
Samsung,"Samsung Smart TV 55-Inch LS03HA The Frame, 4K QLED, Glare-Free, HDR 10+, Motion Xcelerator 144Hz, Dolby Atmos, Gaming Hub, FreeSync Premium, Art Mode, Voice Control with AI(VAC), Alexa Built-in [2026]",https://www.amazon.co.uk/dp/B0GYZH2TQB,55.0,1394.62,1199.0,GBP,1394.62,Amazon,GB,2026-10-10T10:48:12Z,B0GYZH2TQB,,,,,2026-07-01
LG,"LG 50NU800B6LC Nano UHD AI NU80 4K Smart TV, α7 Processor Gen9, 60Hz, HDR10, Filmmaker Mode™, Google Cast, Apple AirPlay 2, Model Year 2026",https://www.amazon.co.uk/dp/B0GTBTSKWP,50.0,347.78,299.0,GBP,347.78,Amazon,GB,2026-10-10T10:48:12Z,B0GTBTSKWP,,,,,2026-07-01
LG,"LG 65UA75006LA UHD UA75 4K Smart TV, α7 AI Processor Gen8, 60Hz, HDR10, Filmmaker Mode™, Google Cast, Apple AirPlay 2, Model Year 2025 [Energy Class G]",https://www.amazon.co.uk/dp/B0HDPCYXJK,65.0,574.59,493.99,GBP,574.59,Amazon,GB,2026-10-10T10:48:12Z,B0HDPCYXJK,,,,,2026-07-01
LG,"LG 43QNED80A6A 43-Inch 4K UHD Smart TV, (α7 AI Processor, Freeview Play and Amazon Alexa, 60Hz) [Model 2025]",https://www.amazon.co.uk/dp/B0F14NFS2L,43.0,,,,,Amazon,GB,2026-10-10T10:48:12Z,B0F14NFS2L,,,,,
LG,"LG 55QNED7EB3C QNED MiniLED AI 4K Smart TV QNED7E, α7 Processor Gen9, 60Hz, HDR10, Filmmaker Mode™, Google Cast, Apple AirPlay 2, Model Year 2026",https://www.amazon.co.uk/dp/B0GT9WZMZG,55.0,580.41,499.0,GBP,580.41,Amazon,GB,2026-10-10T10:48:12Z,B0GT9WZMZG,,,,,2026-07-01
LG,"LG 65UA73006LA 65-Inch 4K Ultra HD HDR Smart TV (webOS 25 Platform with AI Concierge, Alpha 7 Processor 4K Gen8, Game Optimiser & ALLM, 60Hz) [Model 2025]",https://www.amazon.co.uk/dp/B0F3XQMT51,65.0,545.52,469.0,GBP,545.52,Amazon,GB,2026-10-10T10:48:12Z,B0F3XQMT51,,,,,2026-07-01
LG,"LG 65NU800B6LA Nano UHD AI NU80 4K Smart TV, α7 Processor Gen9, 60Hz, HDR10, Filmmaker Mode™, Google Cast, Apple AirPlay 2, Model Year 2026",https://www.amazon.co.uk/dp/B0GT9S4VTG,65.0,545.52,469.0,GBP,545.52,Amazon,GB,2026-10-10T10:48:12Z,B0GT9S4VTG,,,,,2026-07-01
LG,"LG 55NU800B6LA Nano UHD AI NU80 4K Smart TV, α7 Processor Gen9, 60Hz, HDR10, Filmmaker Mode™, Google Cast, Apple AirPlay 2, Model Year 2026",https://www.amazon.co.uk/dp/B0GT9KCWNC,55.0,405.94,349.0,GBP,405.94,Amazon,GB,2026-10-10T10:48:12Z,B0GT9KCWNC,,,,,2026-07-01
LG,"LG 43QNED70B6C QNED MiniLED AI 4K Smart TV QNED70, α7 Processor Gen9, 60Hz, HDR10, Filmmaker Mode™, Google Cast, Apple AirPlay 2, Model Year 2026",https://www.amazon.co.uk/dp/B0GT9J3VMT,43.0,348.94,299.99,GBP,348.94,Amazon,GB,2026-10-10T10:48:12Z,B0GT9J3VMT,,,,,2026-07-01
LG,"LG OLED evo AI C6 48-inch 4K Smart TV - OLED48C65LA (α11 AI Processor 4K Gen3, 120Hz (VRR 165Hz), Dolby Vision, Dolby Atmos, FILMMAKER MODE™ [Model year 2026]",https://www.amazon.co.uk/dp/B0GTB3VJ34,48.0,1278.31,1099.0,GBP,1278.31,Amazon,GB,2026-10-10T10:48:12Z,B0GTB3VJ34,,,,,2026-07-01
LG,"LG 55NU850B6LA Nano UHD AI NU85 4K Smart TV, α7 Processor Gen9, 60Hz, HDR10, Filmmaker Mode™, Google Cast, Apple AirPlay 2, Model Year 2026",https://www.amazon.co.uk/dp/B0GTB13M9G,55.0,405.94,349.0,GBP,405.94,Amazon,GB,2026-10-10T10:48:12Z,B0GTB13M9G,,,,,2026-07-01
LG,"LG OLED evo AI C6 65-inch 4K Smart TV - OLED65C65LA (α11 AI Processor 4K Gen3, 120Hz (VRR 165Hz), Dolby Vision, Dolby Atmos, FILMMAKER MODE™ [Model year 2026]",https://www.amazon.co.uk/dp/B0GT9SP9M3,65.0,2208.83,1899.0,GBP,2208.83,Amazon,GB,2026-10-10T10:48:12Z,B0GT9SP9M3,,,,,2026-07-01
LG,"LG OLED65B6ELC OLED AI B6 4K Smart TV, α8 Processor Gen3, 120Hz, VRR, Dolby Vision and Atmos, Filmmaker Mode™, Model Year ...",https://www.amazon.co.uk/dp/B0GTB223FL,65.0,1859.89,1599.0,GBP,1859.89,Amazon,GB,2026-10-10T10:48:12Z,B0GTB223FL,,,,,2026-07-01
LG,"LG Gallery TV AI with Frame LX7 Mini LED 65 inch 4K Smart TV - 65LX7B6LA (α7 AI Processor 4K Gen9, 60Hz, HDR10, FILMMAKER MODE™, Google Cast, Apple AirPlay 2) [Model year 2026]",https://www.amazon.co.uk/dp/B0H3W4WQGL,65.0,1163.14,999.99,GBP,1163.14,Amazon,GB,2026-10-10T10:48:12Z,B0H3W4WQGL,,,,,2026-07-01
TCL,"TCL 65T6C-UK 65 Inch QLED 4K HDR TV, Fire TV (Smart TV with Dolby Vision & Atmos, HDR10+, Press & Ask Alexa",https://www.amazon.co.uk/dp/B0DW8PXV62,65.0,517.6,445.0,GBP,517.6,Amazon,GB,2026-10-10T10:48:12Z,B0DW8PXV62,,,,,2026-07-01
TCL,"TCL 65V6D-UK 65 Inch 4K HDR, Fire TV, HDR10+, Dolby Atmos, DTS:X, Game Master, Motion Clarity, AirPlay 2, Press & Ask Alexa (2026 New Model)",https://www.amazon.co.uk/dp/B0GZPHNT83,65.0,498.99,429.0,GBP,498.99,Amazon,GB,2026-10-10T10:48:12Z,B0GZPHNT83,,,,,2026-07-01
TCL,TCL 75T8C-UK 75 Inch 4K 144Hz Gaming QLED Onkyo 2.1 Dolby Atmos Google TV with Dolby Vision & HDR 10+ BBC iPlayer (2025 Mo...,https://www.amazon.co.uk/dp/B0DT4BNVF6,75.0,808.39,695.0,GBP,808.39,Amazon,GB,2026-10-10T10:48:12Z,B0DT4BNVF6,,,,,2026-07-01
TCL,"TCL 85C6K-UK 85Inch QD-Mini LED TV, 4K HDR Premium, Smart TV Powered by Google TV (Dolby Vision IQ & Atmos, Matte HVA Panel, Onkyo 2.1 Sound System, 144Hz Motion Clarity Pro)",https://www.amazon.co.uk/dp/B0HHFTDNB4,85.0,1278.31,1099.0,GBP,1278.31,Amazon,GB,2026-10-10T10:48:12Z,B0HHFTDNB4,,,,,2026-07-01
TCL,"TCL 32V5D-UK 32 Inch Full HD QLED HDR Smart TV with Fire TV | Direct LED, Apple AirPlay 2, Press & Ask Alexa, Metallic Bez...",https://www.amazon.co.uk/dp/B0H7GYWW5G,32.0,219.84,189.0,GBP,219.84,Amazon,GB,2026-10-10T10:48:12Z,B0H7GYWW5G,,,,,2026-07-01
TCL,"TCL 55P8L-UK 55 Inch QD-Mini LED 4K HDR10+ Smart TV, Dolby Vision & Atmos | Google TV, FreeSync Premium, 144Hz VRR, Apple ...",https://www.amazon.co.uk/dp/B0GY53DBN5,55.0,696.73,599.0,GBP,696.73,Amazon,GB,2026-10-10T10:48:12Z,B0GY53DBN5,,,,,2026-07-01
TCL,"TCL 43A400 Pro-UK 43 Inch NXTVISION QLED Art TV, 4K Smart TV | Google TV, Frame Design, Art Mode, Dolby Vision, Dolby Audi...",https://www.amazon.co.uk/dp/B0GYFDBJ93,43.0,638.57,549.0,GBP,638.57,Amazon,GB,2026-10-10T10:48:12Z,B0GYFDBJ93,,,,,2026-07-01
TCL,"TCL 65P8L-UK 65 Inch QD-Mini LED 4K HDR10+ Smart TV, Onkyo 2.1 Sound | Google TV, FreeSync Premium, Dolby Vision & Atmos, ...",https://www.amazon.co.uk/dp/B0GY582KSN,65.0,871.2,749.0,GBP,871.2,Amazon,GB,2026-10-10T10:48:12Z,B0GY582KSN,,,,,2026-07-01
TCL,"TCL 55C7L-UK 55 Inch SQD-Mini LED TV, 4K HDR 2700 nits and 800 dimming zones, Google TV, Dolby Vision & Atmos, Audio by Bang & Olufsen, 144Hz, Apple AirPlay 2 & Alexa (2026 New Model)",https://www.amazon.co.uk/dp/B0GY55SH2Q,55.0,1161.99,999.0,GBP,1161.99,Amazon,GB,2026-10-10T10:48:12Z,B0GY55SH2Q,,,,,2026-07-01
TCL,"TCL 65Q7D-UK 65 Inch RGB-Mini LED 4K HDR10+ Smart TV, 2,000 Nits | 1,344 Precise Colour Zones, Google TV, Dolby Vision IQ...",https://www.amazon.co.uk/dp/B0H1C5D26Z,65.0,1359.73,1169.0,GBP,1359.73,Amazon,GB,2026-10-10T10:48:12Z,B0H1C5D26Z,,,,,2026-07-01
Hisense,"Hisense 43"" 43E78QTUK PRO 144Hz QLED Smart AI TV - Hi-View AI Engine, 144Hz Game Mode PRO, Dolby Atmos, Quantum Dot Colour with Freely, Disney +, YouTube, Netflix",https://www.amazon.co.uk/dp/B0F7W1WN3P,43.0,401.29,345.0,GBP,401.29,Amazon,GB,2026-10-10T10:48:12Z,B0F7W1WN3P,,,,,2026-07-01
Hisense,"Hisense 40 Inch 40E5QTUK QLED FHD Smart TV | Quantum Dot Colour, Full HD, Dolby Atmos, Sports Mode and Games Mode",https://www.amazon.co.uk/dp/B0F7WH53QJ,40.0,289.63,249.0,GBP,289.63,Amazon,GB,2026-10-10T10:48:12Z,B0F7WH53QJ,,,,,2026-07-01
Hisense,"Hisense 65"" 65E6QTUK 4K Ultra HD Smart AI TV - Hi-View AI Engine, Precision Colour, Smooth Motion, Sports Mode with Freely, Disney+, YouTube, Netflix",https://www.amazon.co.uk/dp/B0F7WJYSN6,65.0,464.1,399.0,GBP,464.1,Amazon,GB,2026-10-10T10:48:12Z,B0F7WJYSN6,,,,,2026-07-01
Hisense,"Hisense 43"" 43E78STUK PRO Hi-QLED 144Hz 4K Ultra HD AI Smart TV with Freely, Netflix, Disney+ and YouTube - Hi-QLED Colour, Built-in Subwoofer, AI Smooth Motion, AMD FreeSync Premium, Filmmaker Mode",https://www.amazon.co.uk/dp/B0GV4YP92R,43.0,522.26,449.0,GBP,522.26,Amazon,GB,2026-10-10T10:48:12Z,B0GV4YP92R,,,,,2026-07-01
Hisense,"Hisense 43"" 43E7STUK Hi-QLED 4K Ultra HD AI Smart TV with Freely, Netflix, Disney+ and YouTube - Hi-QLED Colour, Dolby Vision.Atmos, AI 4K Upscaler, AI Smooth Motion, Game Mode Plus, Filmmaker Mode",https://www.amazon.co.uk/dp/B0GV533BJ7,43.0,405.94,349.0,GBP,405.94,Amazon,GB,2026-10-10T10:48:12Z,B0GV533BJ7,,,,,2026-07-01
Hisense,"Hisense 65"" 65E6STUK 4K Ultra HD AI Smart TV with Freely, Netflix, Disney+ and YouTube - AI 4K Upscaler, AI Smooth Motion, Game Mode Plus, Dolby Vision, Voice Control, DTS Virtual: X, Filmmaker Mode,2026",https://www.amazon.co.uk/dp/B0GV4T4VYK,65.0,568.78,489.0,GBP,568.78,Amazon,GB,2026-10-10T10:48:12Z,B0GV4T4VYK,,,,,2026-07-01
Hisense,"Hisense 65"" 65E78STUK PRO Hi-QLED 144Hz 4K Ultra HD AI Smart TV with Freely, Netflix, Disney+ and YouTube - Hi-QLED Colour, Built-in Subwoofer, AI Smooth Motion, AMD FreeSync Premium, Filmmaker Mode",https://www.amazon.co.uk/dp/B0GV4S7844,65.0,929.36,799.0,GBP,929.36,Amazon,GB,2026-10-10T10:48:12Z,B0GV4S7844,,,,,2026-07-01
LG,"LG 75QNED70B6A QNED MiniLED AI 4K Smart TV QNED70, α7 Processor Gen9, 60Hz, HDR10, Filmmaker Mode™, Google Cast, Apple AirPlay 2, Model Year 2026",https://www.amazon.co.uk/dp/B0GT9WYD8N,75.0,872.36,749.99,GBP,872.36,Amazon,GB,2026-10-10T10:48:12Z,B0GT9WYD8N,,,,,2026-07-01
Hisense,"Hisense 65"" 65E7STUK Hi-QLED 4K Ultra HD AI Smart TV with Freely, Netflix, Disney+ and YouTube - Hi-QLED Colour, Dolby Vision.Atmos, AI 4K Upscaler, AI Smooth Motion, Game Mode Plus, Filmmaker Mode",https://www.amazon.co.uk/dp/B0GV52F4RJ,65.0,696.73,599.0,GBP,696.73,Amazon,GB,2026-10-10T10:48:12Z,B0GV52F4RJ,,,,,2026-07-01
Hisense,"Hisense 43"" 43A6STUK 4K Ultra HD AI Smart TV with Freely, Netflix, Disney+ and YouTube - AI 4K Upscaler, AI Smooth Motion, Game Mode Plus, Dolby Vision, Voice Control, DTS Virtual: X, Filmmaker Mode,2026",https://www.amazon.co.uk/dp/B0GV4ZB426,43.0,301.26,259.0,GBP,301.26,Amazon,GB,2026-10-10T10:48:12Z,B0GV4ZB426,,,,,2026-07-01
Sony,"Sony BRAVIA 5 – XR, Mini LED, AI XR Processor, Acoustic Multi-Audio, Dolby Vision/Atmos, IMAX Enhanced, Google TV (2025), Google Cast, Apple AirPlay 2, Eco Dashboard 2 – 85-inch",https://www.amazon.co.uk/dp/B0F29J593K,85.0,2557.78,2199.0,GBP,2557.78,Amazon,GB,2026-10-10T10:48:12Z,B0F29J593K,,,,,2026-07-01
Sony,"Sony BRAVIA, KD-65X85L, 65 Inch, Full Array LED, Smart TV, 4K HDR, Google TV, ECO PACK, BRAVIA CORE, Seamless Edge Design",https://www.amazon.co.uk/dp/B0BX6N82T2,65.0,1439.38,1237.48,GBP,1439.38,Amazon,GB,2026-10-10T10:48:12Z,B0BX6N82T2,,,,,2026-07-01
Sony,"Sony BRAVIA 5 – XR, Mini LED, AI XR Processor, Acoustic Multi-Audio, Dolby Vision/Atmos, IMAX Enhanced, Google TV (2025), Google Cast, Apple AirPlay 2, Eco Dashboard 2, Game Menu 2 – 98-inch",https://www.amazon.co.uk/dp/B0F29J81CM,98.0,4651.46,3999.0,GBP,4651.46,Amazon,GB,2026-10-10T10:48:12Z,B0F29J81CM,,,,,2026-07-01
LG,TV LED 32'' LG 32LM6300 Full HD HDR Smart TV,https://www.amazon.co.uk/dp/B07Q124XGQ,32.0,215.18,185.0,GBP,215.18,Amazon,GB,2026-10-10T10:48:12Z,B07Q124XGQ,,,,,2026-07-01
Sony,"Sony BRAVIA 2 Ⅱ 65 Inch TV, 4K Smart TV (Google TV), X1 Processor, 4K Upscaling, Television with Dolby Atmos and DTS:X, PS5 compatibility, 65S25M2, 2026 Model",https://www.amazon.co.uk/dp/B0GZW6Q5JK,65.0,1045.68,899.0,GBP,1045.68,Amazon,GB,2026-10-10T10:48:12Z,B0GZW6Q5JK,,,,,2026-07-01
Sony,"Sony BRAVIA 7 II True RGB 50 Inch TV, 4K Smart TV (Google TV), RGB LED, XR Processor with AI Technology, 120hz Television with Dolby Vision/Atmos, PS5 compatibility, 50XR75M2, 2026 Model",https://www.amazon.co.uk/dp/B0H2JTQCZ4,50.0,1801.73,1549.0,GBP,1801.73,Amazon,GB,2026-10-10T10:48:12Z,B0H2JTQCZ4,,,,,2026-07-01
Sony,"Sony BRAVIA 2 Ⅱ 55 Inch TV, 4K Smart TV (Google TV), X1 Processor, 4K Upscaling, Television with Dolby Atmos and DTS:X, PS5 compatibility, 55S25M2, 2026 Model",https://www.amazon.co.uk/dp/B0GZWCLPQM,55.0,813.05,699.0,GBP,813.05,Amazon,GB,2026-10-10T10:48:12Z,B0GZWCLPQM,,,,,2026-07-01
Sony,"Sony BRAVIA 2 II 50"" 4K Smart TV, Google TV, X1 Processor, 4K Upscaling, Dolby Atmos and DTS:X, PS5 Compatible, 50S25M2, 2026",https://www.amazon.co.uk/dp/B0GZWGF7V9,50.0,719.99,619.0,GBP,719.99,Amazon,GB,2026-10-10T10:48:12Z,B0GZWGF7V9,,,,,2026-07-01
Sony,"Sony BRAVIA 7 II True RGB 65 Inch TV, 4K Smart TV (Google TV), RGB LED, XR Processor with AI Technology, 120hz Television with Dolby Vision/Atmos, PS5 compatibility, 65XR75M2, 2026 Model",https://www.amazon.co.uk/dp/B0H2K36ZYB,65.0,2208.83,1899.0,GBP,2208.83,Amazon,GB,2026-10-10T10:48:12Z,B0H2K36ZYB,,,,,2026-07-01
Sony,"Sony BRAVIA 8 II 65"" QD-OLED, K65XR8M25B (2025), 4K HDR Smart TV, AI XR Processor, Acoustic Surface Audio+, Dolby Vision/Atmos, IMAX Enhanced, Apple AirPlay 2, Eco Dashboard, 5 year warranty.",https://www.amazon.co.uk/dp/B0GKQ17CNY,65.0,2790.41,2399.0,GBP,2790.41,Amazon,GB,2026-10-10T10:48:12Z,B0GKQ17CNY,,,,,2026-07-01
Sony,"Sony BRAVIA 8A OLED 65 Inch 4K HDR Smart TV, Gaming Features for PlayStation 5 and IMAX Enhanced, Dolby Vision Atmos, Google Cast, Apple AirPlay, 120Hz 65XR8A",https://www.amazon.co.uk/dp/B0FWCYT7DS,65.0,,,,,Amazon,GB,2026-10-10T10:48:12Z,B0FWCYT7DS,,,,,
Samsung,"Samsung Smart TV 85-Inch U7020H Crystal UHD 4K TV, HDR10+, Motion Xcelerator, Dynamic Sound Pack, Gaming Hub, Knox Security, Vision AI Companion [2026]",https://www.amazon.co.uk/dp/B0GWJ1FDDH,85.0,1103.83,949.0,GBP,1103.83,Amazon,GB,2026-10-10T10:48:12Z,B0GWJ1FDDH,,,,,2026-07-01
Samsung,"Samsung Smart TV 55-Inch Mini LED M70H 4K, UHD TV, Mini LED HDR, Motion Xcelerator 144Hz, Dynamic Sound Pack, AI Companion for questions [2026]",https://www.amazon.co.uk/dp/B0GYZ8BPJN,55.0,,,,,Amazon,GB,2026-10-10T10:48:12Z,B0GYZ8BPJN,,,,,
LG,"LG NANO 4K UHD AI NU85 85-inch 4K Smart TV - 85NU850B6LA (α7 AI Processor 4K Gen9, 60Hz, HDR10, FILMMAKER MODE™, Google Cast, Apple AirPlay 2) [Model year 2026]",https://www.amazon.co.uk/dp/B0GT9TL99M,85.0,1161.99,999.0,GBP,1161.99,Amazon,GB,2026-10-10T10:48:12Z,B0GT9TL99M,,,,,2026-07-01
LG,"LG 43NU850B6LA Nano UHD AI NU85 4K Smart TV, α7 Processor Gen9, 60Hz, HDR10, Filmmaker Mode™, Google Cast, Apple AirPlay 2, Model Year 2026",https://www.amazon.co.uk/dp/B0GT9PDN97,43.0,289.63,249.0,GBP,289.63,Amazon,GB,2026-10-10T10:48:12Z,B0GT9PDN97,,,,,2026-07-01
LG,"LG Nano 4K UHD AI 50NU850B6LA NU85 50 Inch Smart TV, α7 Processor Gen9, 60 Hz, HDR10, Filmmaker Mode™, Google Cast, Apple AirPlay 2, 2026",https://www.amazon.co.uk/dp/B0GTB3TB9P,50.0,371.05,319.0,GBP,371.05,Amazon,GB,2026-10-10T10:48:12Z,B0GTB3TB9P,,,,,2026-07-01
LG,"LG 85NU800B6LA Nano UHD AI NU80 4K Smart TV, α7 Processor Gen9, 60Hz, HDR10, Filmmaker Mode™, Google Cast, Apple AirPlay 2, Model Year 2026",https://www.amazon.co.uk/dp/B0GT9YHTMM,85.0,1161.99,999.0,GBP,1161.99,Amazon,GB,2026-10-10T10:48:12Z,B0GT9YHTMM,,,,,2026-07-01
LG,"LG 43NU800B6LC Nano UHD AI NU80 4K Smart TV, α7 Processor Gen9, 60Hz, HDR10, Filmmaker Mode™, Google Cast, Apple AirPlay 2, Model Year 2026",https://www.amazon.co.uk/dp/B0GTB1PJ3V,43.0,301.26,259.0,GBP,301.26,Amazon,GB,2026-10-10T10:48:12Z,B0GTB1PJ3V,,,,,2026-07-01
LG,"LG 55QNED80T6A 55-Inch 4K UHD Smart TV, (α5 AI Processor Gen7, Freeview Play and Amazon Alexa, 60Hz) [Model 2024]",https://www.amazon.co.uk/dp/B0D2LHM7PZ,55.0,854.07,734.27,GBP,854.07,Amazon,GB,2026-10-10T10:48:12Z,B0D2LHM7PZ,,,,,2026-07-01
TCL,"TCL 75C6K-UK 75 Inch QD-Mini LED 4K HDR10+ Smart TV, Google TV | Dolby Vision IQ & Atmos, 144Hz Motion Clarity Pro, Game M...",https://www.amazon.co.uk/dp/B0H7286935,75.0,964.26,829.0,GBP,964.26,Amazon,GB,2026-10-10T10:48:12Z,B0H7286935,,,,,2026-07-01
TCL,"TCL 75C7L-UK 75 Inch SQD-Mini LED TV, 4K HDR 3000 nits and 1,352 dimming zones, Google TV, Dolby Vision & Atmos, Audio by Bang & Olufsen, 144Hz, Apple AirPlay 2 & Alexa (2026 New Model)",https://www.amazon.co.uk/dp/B0GY53BFY3,75.0,1743.57,1499.0,GBP,1743.57,Amazon,GB,2026-10-10T10:48:12Z,B0GY53BFY3,,,,,2026-07-01
TCL,"TCL 55DP628 55-Inch 4K LED Ultra HD Smart TV - HDR10 / Freeview Play / BBC iPlayer / Netflix / YouTube, Work with Alexa, Wi-Fi, 3*HDMI, 2*USB Port, Black",https://www.amazon.co.uk/dp/B07GT9G3TL,55.0,440.84,379.0,GBP,440.84,Amazon,GB,2026-10-10T10:48:12Z,B07GT9G3TL,,,,,2026-07-01
Sony,"Sony FW-75BZ35L affichage de messages Panneau plat de signalisation numérique 190,5 cm (75"") LCD Wifi 550 cd/m² 4K Ult",https://www.amazon.co.uk/dp/B0C9YP1N7N,75.0,2385.25,2050.67,GBP,2385.25,Amazon,GB,2026-10-10T10:48:12Z,B0C9YP1N7N,,,,,2026-07-01
Samsung,"Samsung 65"" Q8F, Q4 Ai Processor, Quantum HDR+, Motion Xcelerator, Air Slim Design, Samsung Vision AI, 2025",https://www.amazon.co.uk/dp/B0F6VLTN7Z,65.0,871.2,749.0,GBP,871.2,Amazon,GB,2026-10-10T10:48:12Z,B0F6VLTN7Z,,,,,2026-07-01
Samsung,"Samsung 50"" TV (2025) QLED 4K UHD - TQ50Q8FAAUXXC [Country Version French, Spanish, Portuguese]...[Country Version French, Spanish, Portuguese]",https://www.amazon.co.uk/dp/B0F22BFWQQ,50.0,664.27,571.09,GBP,664.27,Amazon,GB,2026-10-10T10:48:12Z,B0F22BFWQQ,,,,,2026-07-01
LG,"LG QNED MiniLED AI QNED70 55QNED70B6C 55 Inch Smart TV, α7 Processor Gen9, 60 Hz, HDR10, Filmmaker Mode™, Google Cast, Apple AirPlay 2, 2026",https://www.amazon.co.uk/dp/B0GT9V54G8,55.0,465.25,399.99,GBP,465.25,Amazon,GB,2026-10-10T10:48:12Z,B0GT9V54G8,,,,,2026-07-01
LG,"LG 50NANO90A6B 50 Inch Nano AI 4K Smart TV, webOS 25 Platform, Alpha 7 Processor Gen8, 60 Hz, Energy Class F, 2025, 1 Count",https://www.amazon.co.uk/dp/B0FNXDRSK8,50.0,,,,,Amazon,GB,2026-10-10T10:48:12Z,B0FNXDRSK8,,,,,
TCL,"TCL 55P8K QLED 4K HDR UHD Smart Google TV (Dolby Vision & Atmos, 144Hz Motion Clarity Pro, FreeSync, Onkyo 2.1, Voice Control, Google Assistant, Google Cast Compatible)",https://www.amazon.co.uk/dp/B0F8HYKRKX,55.0,619.97,533.01,GBP,619.97,Amazon,GB,2026-10-10T10:48:12Z,B0F8HYKRKX,,,,,2026-07-01
Hisense,"Hisense 75"" 75U8QTUK MiniLED QLED 165Hz Smart AI TV - Hi-View AI Engine PRO, Game Mode Ultra, 4.1.2 Channel, Dolby Atmos, Quantum Dot Colour, Anti-Reflection with Freely, YouTube, Netflix,2024",https://www.amazon.co.uk/dp/B0F7W5WQYP,75.0,754.89,649.0,GBP,754.89,Amazon,GB,2026-10-10T10:48:12Z,B0F7W5WQYP,,,,,2026-07-01
Hisense,"Hisense 55"" 55A85QTUK OLED Smart AI TV - 120Hz Game Mode PRO, Dolby Atmos, Dolby Vision, IMAX Enhanced, Sport Mode, Filmmaker Mode, Infinite Blacks with Freely, Disney +, YouTube, Netflix,20255",https://www.amazon.co.uk/dp/B0F7W6DD5X,55.0,1045.68,899.0,GBP,1045.68,Amazon,GB,2026-10-10T10:48:12Z,B0F7W6DD5X,,,,,2026-07-01
Samsung,"Samsung Smart TV 55-Inch QN80H Neo QLED 4K, Quantum Mini LED, NQ HDR+, Motion Xcelerator 144Hz, Dolby Atmos & OTS Lite, Gaming Hub, FreeSync Premium Pro, Knox Security, Vision AI, Alexa [2026]",https://www.amazon.co.uk/dp/B0GYZRNZB6,55.0,1045.68,899.0,GBP,1045.68,Amazon,GB,2026-10-10T10:48:12Z,B0GYZRNZB6,,,,,2026-07-01
Samsung,"Samsung Smart TV 65-Inch QN80H Neo QLED 4K, Quantum Mini LED, NQ HDR+, Motion Xcelerator 144Hz, Dolby Atmos & OTS Lite, Gaming Hub, FreeSync Premium Pro, Knox Security, Vision AI, Alexa [2026]",https://www.amazon.co.uk/dp/B0GYZ81N5V,65.0,1394.62,1199.0,GBP,1394.62,Amazon,GB,2026-10-10T10:48:12Z,B0GYZ81N5V,,,,,2026-07-01
Samsung,"Samsung Smart TV 55-Inch QN70H Neo QLED 4K Quantum Mini LED, HDR 10+, Motion Xcelerator, Adpative Sound+, Gaming Hub, Knox Security, Voice Control with AI(VAC), Alexa Built-in [2026]",https://www.amazon.co.uk/dp/B0GYZV6H3Y,55.0,929.36,799.0,GBP,929.36,Amazon,GB,2026-10-10T10:48:12Z,B0GYZV6H3Y,,,,,2026-07-01
Hisense,"Hisense 85"" 85E78QTUK PRO 144Hz QLED Smart AI TV - Hi-View AI Engine, 144Hz Game Mode PRO, Dolby Atmos, Quantum Dot Colour with Freely, Disney +, YouTube, Netflix",https://www.amazon.co.uk/dp/B0F7W96P9T,85.0,1161.99,999.0,GBP,1161.99,Amazon,GB,2026-10-10T10:48:12Z,B0F7W96P9T,,,,,2026-07-01
Samsung,Samsung LED TV(H) HG65Q60AAEU 65 UK,https://www.amazon.co.uk/dp/B0C1CPC12S,65.0,1675.48,1440.46,GBP,1675.48,Amazon,GB,2026-10-10T10:48:12Z,B0C1CPC12S,,,,,2026-07-01
LG,"LG 43QNED82A6B 43"" 4K Ultra HD LED HDR Edge-LED Smart TV QNED",https://www.amazon.co.uk/dp/B0F2269H9B,43.0,537.85,462.41,GBP,537.85,Amazon,GB,2026-10-10T10:48:12Z,B0F2269H9B,,,,,2026-07-01
Hisense,"Hisense 55"" 55Q8STUK MiniLED 144Hz 4K Ultra HD AI Smart TV with Freely, Netflix, Disney+ and YouTube - Hi-QLED MiniLED, Built-in Subwoofer, Hi-View AI Engine, Hi-QLED Colour, Hands-Free Voice Control",https://www.amazon.co.uk/dp/B0GV513VLX,55.0,1045.68,899.0,GBP,1045.68,Amazon,GB,2026-10-10T10:48:12Z,B0GV513VLX,,,,,2026-07-01
Sony,"Sony BRAVIA 8 OLED, K55XR80, 55 Inch 4K HDR Google Smart TV, Gaming Features for PlayStation 5 and IMAX Enhanced, Dolby Vision Atmos, Chromecast, Apple AirPlay, 120Hz",https://www.amazon.co.uk/dp/B0CZTZTQXJ,55.0,1743.57,1499.0,GBP,1743.57,Amazon,GB,2026-10-10T10:48:12Z,B0CZTZTQXJ,,,,,2026-07-01
Samsung,"Samsung 55"" 4K QN85F, NQ4 AI Gen2 Processor, 4K AI Upscaling, Neo Quantum HDR+, Glare Free, Samsung Vision AI, 2025",https://www.amazon.co.uk/dp/B0F6VD73DY,55.0,929.36,799.0,GBP,929.36,Amazon,GB,2026-10-10T10:48:12Z,B0F6VD73DY,,,,,2026-07-01
Samsung,"Samsung 85"" 4K QN85F, NQ4 AI Gen2 Processor, 4K AI Upscaling, Neo Quantum HDR+, Glare Free, Samsung Vision AI, 2025",https://www.amazon.co.uk/dp/B0F6VSSSW1,85.0,,,,,Amazon,GB,2026-10-10T10:48:12Z,B0F6VSSSW1,,,,,
LG,"LG QNED MiniLED AI QNED70 85 inch 4K Smart TV - 85QNED70B6A (α7 AI Processor 4K Gen9, 60Hz, HDR10, FILMMAKER MODE™, Google Cast, Apple AirPlay 2) [Model year 2026]",https://www.amazon.co.uk/dp/B0GTB1482P,85.0,1395.78,1199.99,GBP,1395.78,Amazon,GB,2026-10-10T10:48:12Z,B0GTB1482P,,,,,2026-07-01
Hisense,"Hisense 85"" 85Q8STUK MiniLED 144Hz 4K Ultra HD AI Smart TV with Freely, Netflix, Disney+ and YouTube - Hi-QLED MiniLED, Built-in Subwoofer, Hi-View AI Engine, Hi-QLED Colour, Hands-Free Voice Control",https://www.amazon.co.uk/dp/B0GV55ZY7Q,85.0,2325.15,1999.0,GBP,2325.15,Amazon,GB,2026-10-10T10:48:12Z,B0GV55ZY7Q,,,,,2026-07-01
Hisense,"Hisense 43"" Deco 43S5QTUK QLED Ultra HD Smart TV with Freely, Netflix, Disney+ and YouTube - Art-Inspired Design, Hi-View Colour, Dolby Atmos, Gallery, Fluid Central Stand, 4K Upscaler",https://www.amazon.co.uk/dp/B0GV4R3QJZ,43.0,522.26,449.0,GBP,522.26,Amazon,GB,2026-10-10T10:48:12Z,B0GV4R3QJZ,,,,,2026-07-01
Hisense,Hisense 55 - Inch 4K Smart HDR ULED TV with Freeview HD,https://www.amazon.co.uk/dp/B01GPIM4MC,55.0,,,,,Amazon,GB,2026-10-10T10:48:12Z,B01GPIM4MC,,,,,
Sony,"Sony FW-75BZ30L affichage de messages Panneau plat de signalisation numérique 190,5 cm (75"") LCD Wifi 440 cd/m² 4K Ult",https://www.amazon.co.uk/dp/B0C9YPHGXV,75.0,2119.94,1822.58,GBP,2119.94,Amazon,GB,2026-10-10T10:48:12Z,B0C9YPHGXV,,,,,2026-07-01
Samsung,Samsung 75 Inch Neo QLED 8K with Mini LED QN990F Glare Free AI Smart TV,https://www.amazon.co.uk/dp/B0F6VNWY7T,75.0,,,,,Amazon,GB,2026-10-10T10:48:12Z,B0F6VNWY7T,,,,,
LG,"LG QNED evo MiniLED AI QNED85 86-inch 4K Smart TV - 86QNED85B6B (α8 AI Processor 4K Gen3, 120Hz (VRR 144Hz), Dolby Vision, FILMMAKER MODE™, FreeSync Compatible (AMD), Google Cast [Model year 2026]",https://www.amazon.co.uk/dp/B0GT9MNF1N,86.0,2035.51,1749.99,GBP,2035.51,Amazon,GB,2026-10-10T10:48:12Z,B0GT9MNF1N,,,,,2026-07-01
TCL,"TCL 55A400 Pro-UK 55 Inch NXTVISION QD-Mini LED Art TV, 4K Smart TV | Google TV, Matte Screen, Frame Design, Art Mode, Dol...",https://www.amazon.co.uk/dp/B0GYF9F8S4,55.0,929.36,799.0,GBP,929.36,Amazon,GB,2026-10-10T10:48:12Z,B0GYF9F8S4,,,,,2026-07-01
Hisense,"HISENSE 50AE7000FTUK 50-inch 4K UHD HDR Smart TV with Freeview play, and Alexa Built-in (2020 series) [Amazon Exclusive], ...",https://www.amazon.co.uk/dp/B089P2B224,50.0,461.13,396.45,GBP,461.13,Amazon,GB,2026-10-10T10:48:12Z,B089P2B224,,,,,2026-07-01
Samsung,"Samsung Smart TV 48 Inch S90H OLED 4K, Glare-Free, HDR10+, Motion Xcelerator 165Hz, Dolby Atmos & OTS Lite, Gaming Hub, FreeSync Premium Pro, Knox Security, AI Voice Control, Alexa Built-in [2026]",https://www.amazon.co.uk/dp/B0GYYXSMD3,48.0,1278.31,1099.0,GBP,1278.31,Amazon,GB,2026-10-10T10:48:12Z,B0GYYXSMD3,,,,,2026-07-01
LG,"LG 50QNED85B6B 50-Inch QNED evo MiniLED AI 4K UHD Smart TV bundle with XO2 Portable Bluetooth Multi-Directional Speaker, 15H Battery Life, IP55 Waterproof",https://www.amazon.co.uk/dp/B0GVD8FY53,50.0,,,,,Amazon,GB,2026-10-10T10:48:12Z,B0GVD8FY53,,,,,
TCL,"TCL 75A400PRO-UK 75 Inch NXTVISION QD-Mini LED Art TV, Google TV, Matte Screen, Frame Design, Dolby Vision IQ & Atmos, 2.0 Onkyo, 144Hz, AirPlay 2 (2026 New Model)",https://www.amazon.co.uk/dp/B0GYF4984H,75.0,1452.78,1249.0,GBP,1452.78,Amazon,GB,2026-10-10T10:48:12Z,B0GYF4984H,,,,,2026-07-01
Hisense,"Hisense 40A5S – 40"" Full HD LED TV, Smart TV VIDAA U7.6, USB-C Port (Mobile to TV), Dolby Audio & DTS HD, Bluetooth, WiFi, Black",https://www.amazon.co.uk/dp/B0GJ5WRCG2,40.0,433.53,372.72,GBP,433.53,Amazon,GB,2026-10-10T10:48:12Z,B0GJ5WRCG2,,,,,2026-07-01
Sony,"Sony BRAVIA 3 – Direct LED, X-Balanced Speaker, Dolby Vision/Atmos, IMAX Enhanced, Google TV (2025), Google Cast, Apple AirPlay 2, Eco Dashboard 2, Game Menu 2 – 65-inch",https://www.amazon.co.uk/dp/B0F29K6BG7,65.0,1278.31,1099.0,GBP,1278.31,Amazon,GB,2026-10-10T10:48:12Z,B0F29K6BG7,,,,,2026-07-01
Samsung,"Samsung Smart TV 55 Inch S90H OLED 4K, Glare-Free, HDR10+, Motion Xcelerator 165Hz, Dolby Atmos & OTS Lite, Gaming Hub, FreeSync Premium Pro, Knox Security, AI Voice Control, Alexa Built-in [2026]",https://www.amazon.co.uk/dp/B0GYZ8MQHZ,55.0,1627.26,1399.0,GBP,1627.26,Amazon,GB,2026-10-10T10:48:12Z,B0GYZ8MQHZ,,,,,2026-07-01
LG,"LG 55QNED85B6B 55-Inch QNED evo MiniLED AI 4K UHD Smart TV bundle with US40TR Soundbar with Wireless Subwoofer & Surround Sound 4.1 channel, 400W",https://www.amazon.co.uk/dp/B0GVDJRS1Z,55.0,,,,,Amazon,GB,2026-10-10T10:48:12Z,B0GVDJRS1Z,,,,,
TCL,"TCL 98C7L-UK 98 Inch SQD-Mini LED TV, 4K HDR 3000 nits and 2,176 dimming zones, Google TV, Dolby Vision & Atmos, Audio by Bang & Olufsen, 144Hz, Apple AirPlay 2 & Alexa (2026 New Model)",https://www.amazon.co.uk/dp/B0GY55YB9Z,98.0,3371.99,2899.0,GBP,3371.99,Amazon,GB,2026-10-10T10:48:12Z,B0GY55YB9Z,,,,,2026-07-01
Hisense,"Hisense 50A5S - 50"" Full HD LED TV, Smart TV VIDAA U7.6, USB-C Port (Mobile to TV), Dolby Audio & DTS HD, Bluetooth, WiFi, Black",https://www.amazon.co.uk/dp/B0GJ5TLQHW,50.0,,,,,Amazon,GB,2026-10-10T10:48:12Z,B0GJ5TLQHW,,,,,
Samsung,"Samsung Smart TV 65 Inch S90H OLED 4K, Glare-Free, HDR10+, Motion Xcelerator 165Hz, Dolby Atmos & OTS Lite, Gaming Hub, FreeSync Premium Pro, Knox Security, AI Voice Control, Alexa Built-in [2026]",https://www.amazon.co.uk/dp/B0GYZ6ZR99,65.0,2185.57,1879.0,GBP,2185.57,Amazon,GB,2026-10-10T10:48:12Z,B0GYZ6ZR99,,,,,2026-07-01
TCL,"TCL P7L 75"" 4K Smart QLED Google AI TV - 75P7L-UK",https://www.amazon.co.uk/dp/B0HJYH2SQF,75.0,929.36,799.0,GBP,929.36,Amazon,GB,2026-10-10T10:48:12Z,B0HJYH2SQF,,,,,2026-07-01
Hisense,"Hisense 32A4S – 32 inch HD LED TV, Smart TV VIDAA, Dolby Audio & DTS HD, WiFi, Bluetooth, Game Mode, Black",https://www.amazon.co.uk/dp/B0GJFWX36Y,32.0,300.57,258.41,GBP,300.57,Amazon,GB,2026-10-10T10:48:12Z,B0GJFWX36Y,,,,,2026-07-01
Sony,"Sony BRAVIA 3 – Direct LED, X-Balanced Speaker, Dolby Vision/Atmos, IMAX Enhanced, Google TV (2025), Google Cast, Apple AirPlay 2, Eco Dashboard 2, Game Menu 2 – 75-inch",https://www.amazon.co.uk/dp/B0F29H88PT,75.0,1510.94,1299.0,GBP,1510.94,Amazon,GB,2026-10-10T10:48:12Z,B0F29H88PT,,,,,2026-07-01
Samsung,"Samsung Smart TV 77 Inch S90H OLED 4K, Glare-Free, HDR10+, Motion Xcelerator 165Hz, Dolby Atmos & OTS Lite, Gaming Hub, FreeSync Premium Pro, Knox Security, AI Voice Control, Alexa Built-in [2026]",https://www.amazon.co.uk/dp/B0GYZ7ZG8C,77.0,3023.04,2599.0,GBP,3023.04,Amazon,GB,2026-10-10T10:48:12Z,B0GYZ7ZG8C,,,,,2026-07-01
LG,"LG QNED evo MiniLED AI QNED85 75-inch 4K Smart TV - 75QNED85B6B (α8 AI Processor 4K Gen3, 120Hz (VRR 144Hz), Dolby Vision, FILMMAKER MODE™, FreeSync Compatible (AMD), Google Cast [Model year 2026]",https://www.amazon.co.uk/dp/B0GTB1PJ34,75.0,,,,,Amazon,GB,2026-10-10T10:48:12Z,B0GTB1PJ34,,,,,
TCL,"TCL 75P8L-UK 75 Inch QD-Mini LED 4K HDR10+ Smart TV, Onkyo 2.1 Sound",https://www.amazon.co.uk/dp/B0GY55XCTG,75.0,1128.25,969.99,GBP,1128.25,Amazon,GB,2026-10-10T10:48:12Z,B0GY55XCTG,,,,,2026-07-01
Hisense,"Hisense 65A6S - TV 4K UHD 65 Inch (164 cm), Smart TV HomeOS U9.5, Dolby Vision HDR, Game Mode Plus (VRR 60Hz), DTS Virtual: X, Alexa Integrated, Black",https://www.amazon.co.uk/dp/B0GJF87VQ6,65.0,822.3,706.96,GBP,822.3,Amazon,GB,2026-10-10T10:48:12Z,B0GJF87VQ6,,,,,2026-07-01
Samsung,"Samsung Smart TV 83 Inch S90H OLED 4K, Glare-Free, HDR10+, Motion Xcelerator 165Hz, Dolby Atmos & OTS Lite, Gaming Hub, FreeSync Premium Pro, Knox Security, AI Voice Control, Alexa Built-in [2026]",https://www.amazon.co.uk/dp/B0GYZZSNZX,83.0,4418.83,3799.0,GBP,4418.83,Amazon,GB,2026-10-10T10:48:12Z,B0GYZZSNZX,,,,,2026-07-01
LG,LG OLED65G66LS – 65 Inch Smart TV 4K DVB-T2 HEVC/H.265 OLED Wifi Energy Class E,https://www.amazon.co.uk/dp/B0H36VQ8P1,65.0,,,,,Amazon,GB,2026-10-10T10:48:12Z,B0H36VQ8P1,,,,,
TCL,"TCL 32S5L - 32"" Smart TV Full HD DVB-T2 H.264, H.265 Black Energy Class F",https://www.amazon.co.uk/dp/B0H2JF9P45,32.0,396.51,340.89,GBP,396.51,Amazon,GB,2026-10-10T10:48:12Z,B0H2JF9P45,,,,,2026-07-01
Hisense,"Hisense 85UR9S 85"" 4K MiniLED RGB Smart TV",https://www.amazon.co.uk/dp/B0GR5Z4S73,85.0,4060.82,3491.21,GBP,4060.82,Amazon,GB,2026-10-10T10:48:12Z,B0GR5Z4S73,,,,,2026-07-01
Sony,"Sony BRAVIA 3 – Direct LED, X-Balanced Speaker, Dolby Vision/Atmos, IMAX Enhanced, Google TV (2025), Google Cast, Apple AirPlay 2, Eco Dashboard 2, Game Menu 2 – 85-inch",https://www.amazon.co.uk/dp/B0F29HDTWX,85.0,1976.2,1699.0,GBP,1976.2,Amazon,GB,2026-10-10T10:48:12Z,B0F29HDTWX,,,,,2026-07-01
Samsung,"Samsung Smart TV 43-Inch M70H Mini LED 4K, HDR 10+, Motion Xcelerator, Dynamic Sound Pack, Gaming Hub, Pure Spectrum Color, Knox Security, Voice Control with AI (VAC) [2026]",https://www.amazon.co.uk/dp/B0GYZ87RL7,43.0,382.68,329.0,GBP,382.68,Amazon,GB,2026-10-10T10:48:12Z,B0GYZ87RL7,,,,,2026-07-01
LG,"LG OLED83G64LW 2026 Smart TV OLED EVO AI 83"" 4K No Glare",https://www.amazon.co.uk/dp/B0GYQ32WKS,83.0,,,,,Amazon,GB,2026-10-10T10:48:12Z,B0GYQ32WKS,,,,,
TCL,"TCL X11L 75"" 4K Ultra HD SQD-Mini LED Smart TV - 75X11LUK",https://www.amazon.co.uk/dp/B0HK7N4675,75.0,4651.46,3999.0,GBP,4651.46,Amazon,GB,2026-10-10T10:48:12Z,B0HK7N4675,,,,,2026-07-01
Hisense,"Smart TV Hisense 43A6Q 4K Ultra HD LED 43""",https://www.amazon.co.uk/dp/B0F4DF55P6,43.0,,,,,Amazon,GB,2026-10-10T10:48:12Z,B0F4DF55P6,,,,,
Sony,"Sony BRAVIA 5 – XR, Mini LED, AI XR Processor, Acoustic Multi-Audio, Dolby Vision/Atmos, IMAX Enhanced, Google TV (2025), Google Cast, Apple AirPlay 2, Eco Dashboard 2 – 75-inch",https://www.amazon.co.uk/dp/B0F29J38YL,75.0,2208.83,1899.0,GBP,2208.83,Amazon,GB,2026-10-10T10:48:12Z,B0F29J38YL,,,,,2026-07-01
Samsung,"Samsung Smart TV 65-Inch Mini LED M70H 4K, UHD TV, Mini LED HDR, Motion Xcelerator 144Hz, Dynamic Sound Pack, AI Companion for questions [2026]",https://www.amazon.co.uk/dp/B0GYZP78W9,65.0,683.94,588.0,GBP,683.94,Amazon,GB,2026-10-10T10:48:12Z,B0GYZP78W9,,,,,2026-07-01
TCL,"TCL A400U 55"" 4K Ultra HD QD-Mini LED HDR Smart TV - 55A400U-UK",https://www.amazon.co.uk/dp/B0HJNRDBP6,55.0,1045.68,899.0,GBP,1045.68,Amazon,GB,2026-10-10T10:48:12Z,B0HJNRDBP6,,,,,2026-07-01
Hisense,"Hisense Smart TV 55 Inch 4K Ultra HD 2025 55A6Q Dolby Vision, HDR 10, Game Mode Plus, Alexa Built-in, VIDAA Voice, DVB-T2/S2 HEVC 10 Tuner, Lativù 4K, LED",https://www.amazon.co.uk/dp/B0F4D9MLMQ,55.0,,,,,Amazon,GB,2026-10-10T10:48:12Z,B0F4D9MLMQ,,,,,
Sony,"Sony BRAVIA 9 QLED (XR l Mini LED), K65XR90, 65 Inch 4K HDR Google Smart TV, Gaming Features for PlayStation 5, IMAX Enhanced, Dolby Vision Atmos, Chromecast, AirPlay, 120Hz, 5 Year Warranty",https://www.amazon.co.uk/dp/B0DJDDR25R,65.0,,,,,Amazon,GB,2026-10-10T10:48:12Z,B0DJDDR25R,,,,,
Samsung,"Samsung Smart TV 75-Inch Mini LED M70H 4K, UHD TV, Mini LED HDR, Motion Xcelerator 144Hz, Dynamic Sound Pack, AI Companion for questions [2026]",https://www.amazon.co.uk/dp/B0GYZNMMKS,75.0,987.52,849.0,GBP,987.52,Amazon,GB,2026-10-10T10:48:12Z,B0GYZNMMKS,,,,,2026-07-01
TCL,"TCL A400U 65"" 4K Ultra HD QD-Mini LED HDR Smart TV - 65A400U-UK",https://www.amazon.co.uk/dp/B0HKP1LWFS,65.0,1220.15,1049.0,GBP,1220.15,Amazon,GB,2026-10-10T10:48:12Z,B0HKP1LWFS,,,,,2026-07-01
Hisense,"Hisense Smart TV 65 inch 4K Ultra HD 2025 65A6Q, Smart TV VIDAA U8, Dolby Vision, HDR 10, Game Mode Plus, Alexa Built-in, VIDAA Voice, DVB-T2/S2 HEVC 10 Tuner, lativù 4K, 65'', 2025 LED",https://www.amazon.co.uk/dp/B0F4DCJ7K6,65.0,,,,,Amazon,GB,2026-10-10T10:48:12Z,B0F4DCJ7K6,,,,,
Sony,"Sony BRAVIA 9 QLED (XR l Mini LED), K65XR90, 65 Inch 4K HDR Google Smart TV + BRAVIA Theatre Bar 9 – Dolby Atmos single soundbar, DTS:X, 13 speakers, Wi-Fi, Bluetooth, 360 Spatial Sound Mapping",https://www.amazon.co.uk/dp/B0GNML1N4N,65.0,,,,,Amazon,GB,2026-10-10T10:48:12Z,B0GNML1N4N,,,,,
Samsung,"Samsung Smart TV 50'' U7000F Crystal UHD 4K TV, Crystal Processor 4K, Object Tracking Sound Lite, Endless Free Content, Gaming Hub, Knox Security, Metal Stream Design [2025]",https://www.amazon.co.uk/dp/B0F6VKKW4J,50.0,,,,,Amazon,GB,2026-10-10T10:48:12Z,B0F6VKKW4J,,,,,
Samsung,"Samsung Smart TV 55'' U7000F Crystal UHD 4K TV, Crystal Processor 4K, Object Tracking Sound Lite, Endless Free Content, Gaming Hub, Knox Security, Metal Stream Design [2025]",https://www.amazon.co.uk/dp/B0F6VSNLRR,55.0,,,,,Amazon,GB,2026-10-10T10:48:12Z,B0F6VSNLRR,,,,,
Samsung,"Samsung Smart TV 65'' U7000F Crystal UHD 4K TV, Crystal Processor 4K, Object Tracking Sound Lite, Endless Free Content, Gaming Hub, Knox Security, Metal Stream Design [2025]",https://www.amazon.co.uk/dp/B0F6VTWCX8,65.0,,,,,Amazon,GB,2026-10-10T10:48:12Z,B0F6VTWCX8,,,,,
Samsung,"Samsung Smart TV 75'' U7000F Crystal UHD 4K TV, Crystal Processor 4K, Object Tracking Sound Lite, Endless Free Content, Gaming Hub, Knox Security, Metal Stream Design [2025]",https://www.amazon.co.uk/dp/B0F6TQK1P9,75.0,,,,,Amazon,GB,2026-10-10T10:48:12Z,B0F6TQK1P9,,,,,
Samsung,"Samsung Crystal UHD 85"" U7000F, Crystal Processor 4k, 4k Upscaling, Object Tracking Sound Lite, One UI Tizen, Smart TV, 2025",https://www.amazon.co.uk/dp/B0F6VKCKT3,85.0,,,,,Amazon,GB,2026-10-10T10:48:12Z,B0F6VKCKT3,,,,,
LG,"LG 65QNED70A6A 65-Inch 4K UHD Smart TV (α7 AI Processor, Amazon Alexa, 60Hz) [Model 2025]",https://www.amazon.co.uk/dp/B0FDR737K6,65.0,,,,,Amazon,GB,2026-10-10T10:48:12Z,B0FDR737K6,,,,,
LG,"LG 50QNED70A6A 50-Inch 4K UHD Smart TV (α7 AI Processor, Amazon Alexa, 60Hz) [Model 2025]",https://www.amazon.co.uk/dp/B0FDRCB9LJ,50.0,,,,,Amazon,GB,2026-10-10T10:48:12Z,B0FDRCB9LJ,,,,,
Philips,"Philips Ambilight 65PUS8200 4K LED Smart TV - 65 Inch Display with Pixel Precise, Ultra HD, Titan OS Platform and Dolby Atmos Sound, Works with Alexa and Google Voice Assistant",https://www.amazon.co.uk/dp/B0F24WL1VF,65.0,650.77,559.49,GBP,650.77,Amazon,GB,2026-10-10T10:48:12Z,B0F24WL1VF,,,,,2026-07-01
Philips,"PHILIPS Ambilight 43PUS8200 4K LED Smart TV - 43 Inch Display with Pixel Precise, Ultra HD, Titan OS Platform and Dolby Atmos Sound, Works with Alexa and Google Voice Assistant",https://www.amazon.co.uk/dp/B0F24V6J2B,43.0,,,,,Amazon,GB,2026-10-10T10:48:12Z,B0F24V6J2B,,,,,
Toshiba,"Toshiba 65"" UV1563DB 4K Smart VIDAA TV, Ultra HD, Dolby Vision, HDR10, Freely, Disney+, Prime Video, Netflix, Audio Processing, Alexa & Google Assistant, VIDAA Voice 2025",https://www.amazon.co.uk/dp/B0FQNL8ZCD,65.0,,,,,Amazon,GB,2026-10-10T10:48:12Z,B0FQNL8ZCD,,,,,
Toshiba,"Toshiba 55”UV1563DB 4K Smart VIDAA TV, Ultra HD,Dolby Vision, HDR10, Freely, Disney+, Prime Video, Netflix, Dolby Audio Processing, Works with Alexa, Works with Google Assistant, VIDAA Voice 2025",https://www.amazon.co.uk/dp/B0FQNL6YMM,55.0,,,,,Amazon,GB,2026-10-10T10:48:12Z,B0FQNL6YMM,,,,,
Xiaomi,"XIAOMI TV F Pro 32, 32 Inch (81 cm), QLED, Smart TV, Fire OS7, Dolby Audio™, DTS Virtual:X, DTS-HD, Alexa Voice Control, Works with Apple AirPlay",https://www.amazon.co.uk/dp/B0FCXVFVW5,32.0,173.31,149.0,GBP,173.31,Amazon,GB,2026-10-10T10:48:12Z,B0FCXVFVW5,,,,,2026-07-01
Xiaomi,"XIAOMI TV F Pro 50, 50 Inch (127 cm) 4K QLED Smart TV, Fire TV, HDR10",https://www.amazon.co.uk/dp/B0FCXVBZFT,50.0,382.68,329.0,GBP,382.68,Amazon,GB,2026-10-10T10:48:12Z,B0FCXVBZFT,,,,,2026-07-01
Xiaomi,"XIAOMI TV F Pro 55 2025, 55 Inch (140 cm) 4K QLED Smart TV, Fire TV, HDR10+",https://www.amazon.co.uk/dp/B0FCXF1WKX,55.0,394.31,339.0,GBP,394.31,Amazon,GB,2026-10-10T10:48:12Z,B0FCXF1WKX,,,,,2026-07-01
Xiaomi,"XIAOMI TV F Pro 75 2026, 75 Inch (190 cm), 4K UHD QLED, Smart TV, Fire TV",https://www.amazon.co.uk/dp/B0H44YRKNM,75.0,696.73,599.0,GBP,696.73,Amazon,GB,2026-10-10T10:48:12Z,B0H44YRKNM,,,,,2026-07-01
Samsung,"Samsung Smart TV 50-Inch QN70H Neo QLED 4K Quantum Mini LED, HDR 10+, Motion Xcelerator, Adpative Sound+, Gaming Hub, Knox Security, Voice Control with AI(VAC), Alexa Built-in [2026]",https://www.amazon.co.uk/dp/B0GYZN5YMJ,50.0,813.05,699.0,GBP,813.05,Amazon,GB,2026-10-10T10:48:12Z,B0GYZN5YMJ,,,,,2026-07-01
Samsung,"Samsung Smart TV 75-Inch QN70H Neo QLED 4K Quantum Mini LED, HDR 10+, Motion Xcelerator, Adpative Sound+, Gaming Hub, Knox Security, Voice Control with AI(VAC), Alexa Built-in [2026]",https://www.amazon.co.uk/dp/B0GYZNNGNV,75.0,1743.57,1499.0,GBP,1743.57,Amazon,GB,2026-10-10T10:48:12Z,B0GYZNNGNV,,,,,2026-07-01
Samsung,"Samsung Smart TV 85-Inch QN70H Neo QLED 4K Quantum Mini LED, HDR 10+, Motion Xcelerator, Adpative Sound+, Gaming Hub, Knox Security, Voice Control with AI(VAC), Alexa Built-in [2026]",https://www.amazon.co.uk/dp/B0GYZMQPFY,85.0,2208.83,1899.0,GBP,2208.83,Amazon,GB,2026-10-10T10:48:12Z,B0GYZMQPFY,,,,,2026-07-01
LG,"LG OLED evo AI C6 42-inch 4K Smart TV - OLED42C65LA (α11 AI Processor 4K Gen3, 120Hz (VRR 165Hz), Dolby Vision, Dolby Atmos, FILMMAKER MODE™ [Model year 2026]",https://www.amazon.co.uk/dp/B0GT9KRRW2,42.0,1161.99,999.0,GBP,1161.99,Amazon,GB,2026-10-10T10:48:12Z,B0GT9KRRW2,,,,,2026-07-01
LG,"LG OLED evo AI C6 77-inch 4K Smart TV - OLED77C65LA (α11 AI Processor 4K Gen3, 120Hz (VRR 165Hz), Dolby Vision, Dolby Atmos, FILMMAKER MODE™ [Model year 2026]",https://www.amazon.co.uk/dp/B0GT9MYD5P,77.0,3023.04,2599.0,GBP,3023.04,Amazon,GB,2026-10-10T10:48:12Z,B0GT9MYD5P,,,,,2026-07-01
LG,"LG OLED evo AI C6 83-inch 4K Smart TV - OLED83C64LA (α11 AI Processor 4K Gen3, 120Hz (VRR 165Hz), Dolby Vision, Dolby Atmos, FILMMAKER MODE™ [Model year 2026]",https://www.amazon.co.uk/dp/B0GT9M6SNY,83.0,4418.83,3799.0,GBP,4418.83,Amazon,GB,2026-10-10T10:48:12Z,B0GT9M6SNY,,,,,2026-07-01
TCL,"TCL 50C6K-UK 50 Inch QD-Mini LED 4K HDR10+ Smart TV, Google TV",https://www.amazon.co.uk/dp/B0H7BGSVPB,50.0,580.41,499.0,GBP,580.41,Amazon,GB,2026-10-10T10:48:12Z,B0H7BGSVPB,,,,,2026-07-01
TCL,"TCL 98C6K-UK 98Inch QD-Mini LED TV, 4K HDR Premium, Smart TV Powered by Google TV (Dolby Vision IQ & Atmos, Matte HVA Panel, Onkyo 2.1 Sound System, 144Hz Motion Clarity Pro)",https://www.amazon.co.uk/dp/B0G6JZ7JFK,98.0,2035.51,1749.99,GBP,2035.51,Amazon,GB,2026-10-10T10:48:12Z,B0G6JZ7JFK,,,,,2026-07-01
Hisense,"Hisense 50"" 50A6STUK 4K Ultra HD AI Smart TV with Freely, Netflix, Disney+ and YouTube - AI 4K Upscaler, AI Smooth Motion, Game Mode Plus, Dolby Vision, Voice Control, DTS Virtual: X, Filmmaker Mode",https://www.amazon.co.uk/dp/B0GV4Z1KBW,50.0,371.05,319.0,GBP,371.05,Amazon,GB,2026-10-10T10:48:12Z,B0GV4Z1KBW,,,,,2026-07-01
Hisense,"Hisense 55"" 55A6STUK 4K Ultra HD AI Smart TV with Freely, Netflix, Disney+ and YouTube - AI 4K Upscaler, AI Smooth Motion, Game Mode Plus, Dolby Vision, Voice Control, DTS Virtual: X, Filmmaker Mode,2026",https://www.amazon.co.uk/dp/B0GV4WSS2W,55.0,452.47,389.0,GBP,452.47,Amazon,GB,2026-10-10T10:48:12Z,B0GV4WSS2W,,,,,2026-07-01
Hisense,"Hisense 65"" 65A6STUK 4K Ultra HD AI Smart TV with Freely, Netflix, Disney+ and YouTube - AI 4K Upscaler, AI Smooth Motion, Game Mode Plus, Dolby Vision, Voice Control, DTS Virtual: X, Filmmaker Mode",https://www.amazon.co.uk/dp/B0GV51CN6F,65.0,580.41,499.0,GBP,580.41,Amazon,GB,2026-10-10T10:48:12Z,B0GV51CN6F,,,,,2026-07-01
Samsung,"Samsung Smart TV 70'' U8000F Crystal UHD 4K TV, Crystal Processor 4K, Motion Xcelerator, Gaming Hub, Knox Security, Metal Stream Design [2025]",https://www.amazon.co.uk/dp/B0F6VTV71T,70.0,,,,,Amazon,GB,2026-10-10T10:48:12Z,B0F6VTV71T,,,,,
Samsung,"Samsung Smart TV 75'' U8000F Crystal UHD 4K TV, Crystal Processor 4K, Motion Xcelerator, Gaming Hub, Knox Security, Metal Stream Design [2025]",https://www.amazon.co.uk/dp/B0F6VWDYJX,75.0,719.99,619.0,GBP,719.99,Amazon,GB,2026-10-10T10:48:12Z,B0F6VWDYJX,,,,,2026-07-01
Samsung,"Samsung Smart TV 43'' U8000F Crystal UHD 4K TV, Crystal Processor 4K, Motion Xcelerator, Gaming Hub, Knox Security, Metal Stream Design [2025]",https://www.amazon.co.uk/dp/B0F6VX56W8,43.0,,,,,Amazon,GB,2026-10-10T10:48:12Z,B0F6VX56W8,,,,,
Samsung,"Samsung Smart TV 85'' U8000F Crystal UHD 4K TV, Crystal Processor 4K, Motion Xcelerator, Gaming Hub, Knox Security, Metal Stream Design [2025]",https://www.amazon.co.uk/dp/B0F6VWNMFL,85.0,,,,,Amazon,GB,2026-10-10T10:48:12Z,B0F6VWNMFL,,,,,
Samsung,"Samsung DU8070 Crystal UHD 4K 43"" Smart TV, With Object Tracking Sound Lite, AirSlim, Gaming Hub, Crystal Processor 4K, Smart TV powered by Tizen, UE43DU8070UXXU, English Model (2024)",https://www.amazon.co.uk/dp/B0CYBX6T88,43.0,,,,,Amazon,GB,2026-10-10T10:48:12Z,B0CYBX6T88,,,,,
LG,"LG OLED77B46LA 77-Inch 4K UHD Smart TV, (α8 AI Processor, Dolby Atmos, Freeview Play and Amazon Alexa, 120Hz), Black [Model 2024]",https://www.amazon.co.uk/dp/B0CZS686DK,77.0,2743.95,2359.06,GBP,2743.95,Amazon,GB,2026-10-10T10:48:12Z,B0CZS686DK,,,,,2026-07-01
LG,"LG OLED48B46LA OLED 4K Smart TV, A8 Processor, 120HZ, HDR [Model 2024]",https://www.amazon.co.uk/dp/B0DK46PM7T,48.0,,,,,Amazon,GB,2026-10-10T10:48:12Z,B0DK46PM7T,,,,,
LG,"LG OLED55B46LA 55-Inch 4K UHD Smart TV, (α8 AI Processor, Dolby Atmos, Freeview Play and Amazon Alexa, 120Hz), Black [Model 2024]",https://www.amazon.co.uk/dp/B0D17XSD2C,55.0,,,,,Amazon,GB,2026-10-10T10:48:12Z,B0D17XSD2C,,,,,
LG,"LG OLED65B56LA 65-Inch OLED 4K UHD Smart TV, B5 Series, (α8 AI Processor, Dolby Atmos, Freeview Play and Amazon Alexa, 120Hz) [Model 2025]",https://www.amazon.co.uk/dp/B0F1515WBL,65.0,,,,,Amazon,GB,2026-10-10T10:48:12Z,B0F1515WBL,,,,,
LG,"LG OLED65B46LA 65-Inch 4K UHD Smart TV, (α8 AI Processor, Dolby Atmos, Freeview Play and Amazon Alexa, 120Hz), Black [Model 2024]",https://www.amazon.co.uk/dp/B0D17XG8BC,65.0,,,,,Amazon,GB,2026-10-10T10:48:12Z,B0D17XG8BC,,,,,
LG,"LG OLED77B56LA 77-Inch OLED 4K UHD Smart TV, B5 Series, (α8 AI Processor, Dolby Atmos, Freeview Play and Amazon Alexa, 120Hz) [Model 2025]",https://www.amazon.co.uk/dp/B0F1492VX9,77.0,,,,,Amazon,GB,2026-10-10T10:48:12Z,B0F1492VX9,,,,,
LG,"LG OLED83B56LA 2108 Mm OLED AI 4K UHD Smart TV, α8 Processor, Dolby Atmos, Freeview Play and Amazon Alexa, 120 Hz, B5, 2025",https://www.amazon.co.uk/dp/B0F3D19YMB,83.0,,,,,Amazon,GB,2026-10-10T10:48:12Z,B0F3D19YMB,,,,,
Hisense,"Hisense 58"" 58E6STUK 4K Ultra HD AI Smart TV with Freely, Netflix, Disney+ and YouTube - AI 4K Upscaler, AI Smooth Motion, Game Mode Plus, Dolby Vision, Voice Control, DTS Virtual: X, Filmmaker Mode",https://www.amazon.co.uk/dp/B0GV4Q9871,58.0,,,,,Amazon,GB,2026-10-10T10:48:12Z,B0GV4Q9871,,,,,
Xiaomi,"XIAOMI TV F 50, 50 Inch 4K UHD, Smart TV, Fire TV, HDR10, MEMC",https://www.amazon.co.uk/dp/B0FCY3CP28,50.0,312.89,269.0,GBP,312.89,Amazon,GB,2026-10-10T10:48:12Z,B0FCY3CP28,,,,,2026-07-01
Xiaomi,"Xiaomi TV 55 inch 2026, HD Smart TV Fire TV Dolby Audio L55MB-FAVEU",https://www.amazon.co.uk/dp/B0H45HMJY4,55.0,382.68,329.0,GBP,382.68,Amazon,GB,2026-10-10T10:48:12Z,B0H45HMJY4,,,,,2026-07-01
Xiaomi,"XIAOMI TV F 65 2026, 65 Inch (165 cm), 4K UHD, Smart TV, Fire TV, HDR10",https://www.amazon.co.uk/dp/B0H45BZMLH,65.0,464.1,399.0,GBP,464.1,Amazon,GB,2026-10-10T10:48:12Z,B0H45BZMLH,,,,,2026-07-01
Samsung,"Samsung Smart TV 85-Inch Mini LED M70H 4K, UHD TV, Mini LED HDR, Motion Xcelerator 144Hz, Dynamic Sound Pack, AI Companion for questions [2026]",https://www.amazon.co.uk/dp/B0GYZM1DLJ,85.0,,,,,Amazon,GB,2026-10-10T10:48:12Z,B0GYZM1DLJ,,,,,
LG,"LG 75QNED80A6A 75-Inch 4K UHD Smart TV, (α7 AI Processor, Freeview Play and Amazon Alexa, 60Hz) [Model 2025]",https://www.amazon.co.uk/dp/B0F14VKMMN,75.0,,,,,Amazon,GB,2026-10-10T10:48:12Z,B0F14VKMMN,,,,,
LG,"LG 50QNED80A6A 50-Inch 4K UHD Smart TV, (α7 AI Processor, Freeview Play and Amazon Alexa, 60Hz) [Model 2025]",https://www.amazon.co.uk/dp/B0F14KGHT5,50.0,,,,,Amazon,GB,2026-10-10T10:48:12Z,B0F14KGHT5,,,,,
LG,"LG 55QNED80A6A 55-Inch 4K UHD Smart TV, (α7 AI Processor, Freeview Play and Amazon Alexa, 60Hz) [Model 2025]",https://www.amazon.co.uk/dp/B0F1519SC2,55.0,,,,,Amazon,GB,2026-10-10T10:48:12Z,B0F1519SC2,,,,,
LG,"LG 65QNED80A6A 65-Inch 4K UHD Smart TV, (α7 AI Processor, Freeview Play and Amazon Alexa, 60Hz) [Model 2025]",https://www.amazon.co.uk/dp/B0F15139F9,65.0,,,,,Amazon,GB,2026-10-10T10:48:12Z,B0F15139F9,,,,,
Samsung,"Samsung 75"" 4K QN85F, NQ4 AI Gen2 Processor, 4K AI Upscaling, Neo Quantum HDR+, Glare Free, Samsung Vision AI, 2025",https://www.amazon.co.uk/dp/B0F6VQ6GCR,75.0,,,,,Amazon,GB,2026-10-10T10:48:12Z,B0F6VQ6GCR,,,,,
LG,"LG 85QNED92A6A 85-Inch 4K UHD Smart TV, (α8 AI Processor, Freeview Play and Amazon Alexa, 120Hz) [Model 2025]",https://www.amazon.co.uk/dp/B0F5BRD36S,85.0,3255.67,2799.0,GBP,3255.67,Amazon,GB,2026-10-10T10:48:12Z,B0F5BRD36S,,,,,2026-07-01
LG,"LG 55QNED92A6A 55-Inch 4K UHD Smart TV, (α8 AI Processor, Freeview Play and Amazon Alexa, 120Hz) [Model 2025]",https://www.amazon.co.uk/dp/B0F5BSXGYG,55.0,,,,,Amazon,GB,2026-10-10T10:48:12Z,B0F5BSXGYG,,,,,
LG,"LG 100QNED86A6A 100-Inch 4K UHD Smart TV, (α8 AI Processor, Freeview Play and Amazon Alexa, 120Hz) [Model 2025]",https://www.amazon.co.uk/dp/B0F154TBQ4,100.0,,,,,Amazon,GB,2026-10-10T10:48:12Z,B0F154TBQ4,,,,,
Sony,"Sony BRAVIA 2Ⅱ75 Inch TV, 4K Smart TV (Google TV), X1 Processor, 4K Upscaling, Television with Dolby Atmos and DTS:X, PS5 compatibility, 75S25M2, 2026 Model",https://www.amazon.co.uk/dp/B0GZWGHNDY,75.0,1394.62,1199.0,GBP,1394.62,Amazon,GB,2026-10-10T10:48:12Z,B0GZWGHNDY,,,,,2026-07-01
Xiaomi,"Xiaomi TV FX Mini LED 55 inch（140cm), QD-Mini LED Smart TV, 4K UHD, Fire TV, HDR10+, 60Hz with 120Hz Game Boost Mode, MEMC, DTS:X, Airplay 2, HDMI, Filmmaker Mode, Voice Control with Alexa",https://www.amazon.co.uk/dp/B0H73SSWT2,55.0,580.41,499.0,GBP,580.41,Amazon,GB,2026-10-10T10:48:12Z,B0H73SSWT2,,,,,2026-07-01
Xiaomi,"Xiaomi TV FX Mini LED 65 inch（165cm), QD-Mini LED Smart TV, 4K UHD, Fire TV, HDR10+, 60Hz with 120Hz Game Boost Mode, MEMC, DTS:X, Airplay 2, HDMI, Filmmaker Mode, Voice Control with Alexa",https://www.amazon.co.uk/dp/B0H73RLM7H,65.0,754.89,649.0,GBP,754.89,Amazon,GB,2026-10-10T10:48:12Z,B0H73RLM7H,,,,,2026-07-01
Xiaomi,"Xiaomi TV FX Mini LED 75 inch（190cm), QD-Mini LED Smart TV, 4K UHD, Fire TV, HDR10+, 60Hz with 120Hz Game Boost Mode, MEMC, DTS:X, Airplay 2, HDMI, Filmmaker Mode, Voice Control with Alexa",https://www.amazon.co.uk/dp/B0H73P45CC,75.0,987.52,849.0,GBP,987.52,Amazon,GB,2026-10-10T10:48:12Z,B0H73P45CC,,,,,2026-07-01
Samsung,"Samsung 75"" 4K QN70F, NQ4 AI Gen2 Processor, 4K AI Upscaling, Quantum Matrix Technology Slim, OTS Lite, Samsung Vision AI, 2025",https://www.amazon.co.uk/dp/B0DF8VVKXW,75.0,1394.62,1199.0,GBP,1394.62,Amazon,GB,2026-10-10T10:48:12Z,B0DF8VVKXW,,,,,2026-07-01
Samsung,"Samsung 85"" 4K QN70F, NQ4 AI Gen2 Processor, 4K AI Upscaling, Quantum Matrix Technology Slim, OTS Lite, Samsung Vision AI, 2025",https://www.amazon.co.uk/dp/B0DF8WWNKF,85.0,,,,,Amazon,GB,2026-10-10T10:48:12Z,B0DF8WWNKF,,,,,
LG,"LG 75NU800B6LA Nano UHD AI NU80 4K Smart TV, α7 Processor Gen9, 60Hz, HDR10, Filmmaker Mode™, Google Cast, Apple AirPlay 2, Model Year 2026",https://www.amazon.co.uk/dp/B0GT9SM15L,75.0,754.89,649.0,GBP,754.89,Amazon,GB,2026-10-10T10:48:12Z,B0GT9SM15L,,,,,2026-07-01
Hisense,TV Hisense 20016068 U8 Series 65U8Q Black,https://www.amazon.co.uk/dp/B0F1WBGQBM,65.0,1703.66,1464.69,GBP,1703.66,Amazon,GB,2026-10-10T10:48:12Z,B0F1WBGQBM,,,,,2026-07-01
Hisense,"Cover the Hisense 85U7NQ, an 85"" MiniLED QLED TV offering a 4K UHD 3840x2160 solution Enjoy a 144Hz refresh rate and HDR10+ technology for images",https://www.amazon.co.uk/dp/B0D7CWPC5W,85.0,2477.28,2129.79,GBP,2477.28,Amazon,GB,2026-10-10T10:48:12Z,B0D7CWPC5W,,,,,2026-07-01
Hisense,"Hisense 100U7Q Pro TV 100 Inches, 4K Mini LED, Smart TV, Hi-View AI Engine Pro, 165Hz Game Mode Ultra, FreeSync Premium Pro, 2.1.2 ch. Surround Sound, Dolby Vision IQ Atmos, Voice Control [2025]",https://www.amazon.co.uk/dp/B0F1YST2D4,100.0,,,,,Amazon,GB,2026-10-10T10:48:12Z,B0F1YST2D4,,,,,
Hisense,"Hisense 50U7Q TV 50 Inches, 4K Mini LED ULED, Smart TV, Hi-View AI Engine, 144Hz Game Mode Pro, FreeSync Premium, Built in Subwoofer, Dolby Vision IQ Atmos, Airplay, Voice Control [2025]",https://www.amazon.co.uk/dp/B0F32KTJK8,50.0,,,,,Amazon,GB,2026-10-10T10:48:12Z,B0F32KTJK8,,,,,
Samsung,Samsung 50 Inch Crystal UHD U8020F Smart TV,https://www.amazon.co.uk/dp/B0F6VTVCW6,50.0,,,,,Amazon,GB,2026-10-10T10:48:12Z,B0F6VTVCW6,,,,,
Samsung,Samsung 85 Inch Crystal UHD U8020F Smart TV,https://www.amazon.co.uk/dp/B0F6VFTBDF,85.0,,,,,Amazon,GB,2026-10-10T10:48:12Z,B0F6VFTBDF,,,,,
LG,"LG 43UA73006LA 43-Inch 4K Ultra HD HDR Smart TV (webOS 25 Platform with AI Concierge, Alpha 7 Processor 4K Gen8, Game Optimiser & ALLM, 60Hz) [Model 2025]",https://www.amazon.co.uk/dp/B0F3XNWZKJ,43.0,,,,,Amazon,GB,2026-10-10T10:48:12Z,B0F3XNWZKJ,,,,,
LG,"LG 55UA73006LA 55-Inch 4K Ultra HD HDR Smart TV (webOS 25 Platform with AI Concierge, Alpha 7 Processor 4K Gen8, Game Optimiser & ALLM, 60Hz) [Model 2025]",https://www.amazon.co.uk/dp/B0F3XQZP95,55.0,,,,,Amazon,GB,2026-10-10T10:48:12Z,B0F3XQZP95,,,,,
LG,"LG 75UR78006LK 75-Inch 4K Ultra HD Smart TV, α5 AI processor 4K Gen6, Freeview Play and Amazon Alexa",https://www.amazon.co.uk/dp/B0BYK85VQK,75.0,,,,,Amazon,GB,2026-10-10T10:48:12Z,B0BYK85VQK,,,,,
