brand_raw,raw_text,url,size_hint_inch,price_hint_eur,price_local,currency,price_eur,platform,country,scraped_at,asin,elkjop_sku,model_year,filter_year,source_brand,fx_rate_date
Samsung,"Samsung Crystal UHD 4K U7099F 43 Zoll (108 cm) LED, Optimiert für Fussball und Gaming, 4K Prozessor, AI Upscaling, SmartThings, Knox Security, 2025",https://www.amazon.de/dp/B0F5BR3WSK,43.0,259.0,259.0,EUR,259.0,Amazon,DE,2026-08-21T04:55:59Z,B0F5BR3WSK,,,,,
Samsung,"Samsung QLED 4K Q7FA 65 Zoll (163 cm) UHD, Q4 AI Prozessor, Quantum Dot, Upscaling, Gaming Hub, Knox Security, Smart TV, 2025",https://www.amazon.de/dp/B0F5BX12JR,65.0,499.0,499.0,EUR,499.0,Amazon,DE,2026-08-21T04:55:59Z,B0F5BX12JR,,,,,
Samsung,"Samsung Crystal UHD U8079F 4K 50 Zoll (125 cm) LED Fernseher, Crystal Prozessor 4K, MetalStream Design, SmartThings, AI Upscaling, Gaming Hub, Knox Security, Kostenlose Inhalte, Smart TV",https://www.amazon.de/dp/B0F62WYBXV,50.0,329.0,329.0,EUR,329.0,Amazon,DE,2026-08-21T04:55:59Z,B0F62WYBXV,,,,,
Samsung,"Samsung Crystal UHD U8079F 43 Zoll (108 cm) LED, MetalStream Design, SmartThings, AI Upscaling, Gaming Hub, Knox Security, Smart TV, 2025",https://www.amazon.de/dp/B0F7LG4F8P,43.0,299.99,299.99,EUR,299.99,Amazon,DE,2026-08-21T04:55:59Z,B0F7LG4F8P,,,,,
Samsung,"Samsung QLED Q8F 4K 55 Zoll (138 cm) UHD Fernseher, Q4 AI Prozessor, Quantum Dot für Reale Farben, AirSlim Design, 4K Upscaling, Gaming Hub, Kostenlose Inhalte, Samsung Vision AI Smart TV",https://www.amazon.de/dp/B0FCX5NT4S,55.0,479.0,479.0,EUR,479.0,Amazon,DE,2026-08-21T04:55:59Z,B0FCX5NT4S,,,,,
Samsung,"Samsung QLED Q7F 4K Smart TV 43 Zoll (108 cm) mit AI-Vision, 100% Farbvolumen mit Quantum Dot, HDR10+, Q4 AI Prozessor, One UI Tizen, Wi-Fi, Bluetooth 5.3 und Motion Xcelerator",https://www.amazon.de/dp/B0FFSRHM9L,43.0,294.09,294.09,EUR,294.09,Amazon,DE,2026-08-21T04:55:59Z,B0FFSRHM9L,,,,,
Samsung,"Samsung Crystal UHD U8079F 4K 55 Zoll (138 cm) LED Fernseher, Crystal Prozessor 4K, MetalStream Design, SmartThings, AI Upscaling, Gaming Hub, Knox Security, Kostenlose Inhalte, Smart TV",https://www.amazon.de/dp/B0F62VWJX3,55.0,379.0,379.0,EUR,379.0,Amazon,DE,2026-08-21T04:55:59Z,B0F62VWJX3,,,,,
Samsung,"Samsung Neo QLED 4K QN70F 55 Zoll (138 cm) Mini LED Fernseher, Optimiert für Fussball, NQ4 AI Gen2 Prozessor, Quantum Matrix Technology Slim, Motion Xcelerator, Samsung Vision AI Smart TV",https://www.amazon.de/dp/B0DF6PGDMT,55.0,569.0,569.0,EUR,569.0,Amazon,DE,2026-08-21T04:55:59Z,B0DF6PGDMT,,,,,
Samsung,"Samsung Full HD F6009F 32 Zoll (81 cm) LED Flachbildfernseher, PurColor-Technologie, HDR, Object Tracking Sound Lite, Knox Security, One UI Tizen, Smart TV, Unbegrenzt kostenlose Inhalte",https://www.amazon.de/dp/B0DFVXK726,32.0,276.04,276.04,EUR,276.04,Amazon,DE,2026-08-21T04:55:59Z,B0DFVXK726,,,,,
Samsung,"Samsung Neo QLED 4K QN85F 65 Zoll (163 cm) Mini LED Fernseher, Optimiert für Fussball, NQ4 AI Gen2 Prozessor, Quantum Matrix Plus, Dolby Atmos, Knox Security, Samsung Vision AI Smart TV",https://www.amazon.de/dp/B0DFVGG5PZ,65.0,799.0,799.0,EUR,799.0,Amazon,DE,2026-08-21T04:55:59Z,B0DFVGG5PZ,,,,,
Samsung,"Samsung QLED Q7F2 4K 55 Zoll (138 cm) UHD Fernseher, Q4 AI Prozessor, Quantum Dot für Reale Farben, 4K Upscaling, Knox Security, Gaming Hub, Kostenlose Inhalte, Samsung Vision AI Smart TV",https://www.amazon.de/dp/B0F62T33BJ,55.0,440.6,440.6,EUR,440.6,Amazon,DE,2026-08-21T04:55:59Z,B0F62T33BJ,,,,,
Samsung,"Samsung QLED Q8F 4K 65 Zoll (163 cm) UHD, Q4 AI Prozessor, Quantum Dot, AirSlim Design, Upscaling, Gaming Hub, Smart TV, 2025",https://www.amazon.de/dp/B0FCXFKMPZ,65.0,,,,,Amazon,DE,2026-08-21T04:55:59Z,B0FCXFKMPZ,,,,,
Samsung,"Samsung Crystal UHD 4K U7099F 65 Zoll (163 cm) LED, Optimiert für Fussball und Gaming, Prozessor, AI Upscaling, SmartThings, Knox Security, Smart TV, 2025",https://www.amazon.de/dp/B0F5BSYQGZ,65.0,,,,,Amazon,DE,2026-08-21T04:55:59Z,B0F5BSYQGZ,,,,,
Samsung,"Samsung Crystal UHD U8079F 4K 75 Zoll (189 cm) LED Fernseher, Optimiert für Fussball und Gaming, Crystal Prozessor 4K, SmartThings, AI Upscaling, Knox Security, Kostenlose Inhalte, Smart TV",https://www.amazon.de/dp/B0F62T416G,75.0,680.0,680.0,EUR,680.0,Amazon,DE,2026-08-21T04:55:59Z,B0F62T416G,,,,,
Samsung,"Samsung TV 43U7022F 4K Ultra HD 43' LED HDR, Model 2025",https://www.amazon.de/dp/B0F7RL94YS,43.0,249.99,249.99,EUR,249.99,Amazon,DE,2026-08-21T04:55:59Z,B0F7RL94YS,,,,,
Samsung,"Samsung OLED 4K S90F 55 Zoll (138 cm), UHD Fernseher, Optimiert für Fussball und Gaming, NQ4 AI Gen3 Prozessor, OLED HDR+, 4K Upscaling Pro, Dolby Atmos, Motion Xcelerator, Samsung Vision AI Smart TV",https://www.amazon.de/dp/B0F62WB7N6,55.0,939.0,939.0,EUR,939.0,Amazon,DE,2026-08-21T04:55:59Z,B0F62WB7N6,,,,,
Samsung,"Samsung LED Smart TV UE32H5002F, 80 cm, HD, HDR, Class F, Model 2025",https://www.amazon.de/dp/B0FBMDBDWN,32.0,229.9,229.9,EUR,229.9,Amazon,DE,2026-08-21T04:55:59Z,B0FBMDBDWN,,,,,
Samsung,"Samsung Neo QLED 4K QN70F 55 Zoll (140 cm) 4K Fernseher TV mit Neural Quantum AI Gen2 Prozessor, Quantum-Matrix-Technologie Slim, Upscaling, Smart TV, 55QN70F [2025]",https://www.amazon.de/dp/B0FC33TCJX,55.0,490.1,490.1,EUR,490.1,Amazon,DE,2026-08-21T04:55:59Z,B0FC33TCJX,,,,,
Samsung,"Samsung Crystal U7099H 4K 55 Zoll (138 cm), UHD Fernseher, AI Companion für Deine Fragen, 4K Upscaling, Dynamik Sound Pack für Premium-Sounderlebnis, Gaming Hub, kostenlos 900 Sender, Smart AI TV",https://www.amazon.de/dp/B0GXZGQTGX,55.0,464.53,464.53,EUR,464.53,Amazon,DE,2026-08-21T04:55:59Z,B0GXZGQTGX,,,,,
Samsung,"Samsung Crystal UHD 4K U80F 55 Zoll (138 cm) LED Fernseher, Crystal Prozessor 4K, MetalStream Design, SmartThings, Knox Security, Gaming Hub, AI Upscaling, Kostenlos...[Länderversion Ungarisch]",https://www.amazon.de/dp/B0FLJYHB8D,55.0,411.25,411.25,EUR,411.25,Amazon,DE,2026-08-21T04:55:59Z,B0FLJYHB8D,,,,,
Samsung,"Samsung Crystal UHD DU7170 43 Zoll Fernseher, 109 cm (43DU7170), PurColor, Crystal Prozessor 4K, Q-Symphony, Smart TV [2024]",https://www.amazon.de/dp/B0D5RHK9TS,43.0,289.48,289.48,EUR,289.48,Amazon,DE,2026-08-21T04:55:59Z,B0D5RHK9TS,,,,,
Samsung,"Samsung Crystal UHD DU7170 50 Zoll Fernseher, 127 cm (50DU7170), PurColor, Crystal Prozessor 4K, Q-Symphony, Smart TV [2024]",https://www.amazon.de/dp/B0D5DJF9QQ,50.0,316.74,316.74,EUR,316.74,Amazon,DE,2026-08-21T04:55:59Z,B0D5DJF9QQ,,,,,
Samsung,"Samsung Crystal UHD 4K DU9079 Fernseher 98 Zoll (249 cm), AI mit Gaming-Hub, Fussball-optimiertes Heimkino, Smart TV mit Alexa, Knox Security, 3D Surround Sound & Q-Symphony, KI TV",https://www.amazon.de/dp/B0CZS4X2S8,98.0,1349.0,1349.0,EUR,1349.0,Amazon,DE,2026-08-21T04:55:59Z,B0CZS4X2S8,,,,,
Samsung,"Samsung QLED Q8F 4K Smart TV 75 Zoll (189 cm) mit AI-Vision, 100% Farbvolumen mit Quantum Dot, HDR10+, Q4 AI Prozessor, One UI Tizen, Wi-Fi, Bluetooth 5.3 und Motion...[Länderversion Ungarisch]",https://www.amazon.de/dp/B0FHXMLHHK,75.0,747.92,747.92,EUR,747.92,Amazon,DE,2026-08-21T04:55:59Z,B0FHXMLHHK,,,,,
Samsung,"Samsung QLED Q7F4 4K 65 Zoll UHD Fernseher, Q4 AI Prozessor, Quantum Dot Für Reale Farben, Upscaling, Knox Security, Adaptive Sound, Samsung Vision Smart TV, 65Q7F (2025), 165 Cm",https://www.amazon.de/dp/B0FFB4LJ94,65.0,545.0,545.0,EUR,545.0,Amazon,DE,2026-08-21T04:55:59Z,B0FFB4LJ94,,,,,
Samsung,"Samsung Neo QLED 4K QN70F 75 Zoll (191 cm) 4K Fernseher TV mit Neural Quantum AI Gen2 Prozessor, Quantum-Matrix-Technologie Slim, Upscaling, Smart TV, 75QN70F [2025]",https://www.amazon.de/dp/B0FC35H3ND,75.0,902.2,902.2,EUR,902.2,Amazon,DE,2026-08-21T04:55:59Z,B0FC35H3ND,,,,,
Samsung,"Samsung QLED 4K Q6FA 55 Zoll (138 cm) UHD, Optimiert für Fussball, Quantum HDR, 4K Upscaling, 900 Sender TV Plus, Smart TV, 2025",https://www.amazon.de/dp/B0GJTMPY2F,55.0,469.99,469.99,EUR,469.99,Amazon,DE,2026-08-21T04:55:59Z,B0GJTMPY2F,,,,,
Samsung,"Samsung OLED 4K S85F 65 Zoll (163 cm) UHD Fernseher, NQ4 AI Gen2 Prozessor,4K Upscaling, OLED HDR, Farben Pantone validiert, Dolby Atmos, Gaming-Hub, Knox Security, Samsung Vision AI Smart TV",https://www.amazon.de/dp/B0DF8SM66W,65.0,1049.0,1049.0,EUR,1049.0,Amazon,DE,2026-08-21T04:55:59Z,B0DF8SM66W,,,,,
Samsung,"Samsung The Frame LS03F 4K QLED 43 Zoll (108 cm) UHD, NQ4 AI Gen2 Prozessor, Art Mode, Artful Picture Quality, One Connect Kabel, 2025",https://www.amazon.de/dp/B0F62PWHH9,43.0,569.0,569.0,EUR,569.0,Amazon,DE,2026-08-21T04:55:59Z,B0F62PWHH9,,,,,
Samsung,"Samsung Neo QLED 4K QN85F 55 Zoll (138 cm) Mini LED Fernseher, NQ4 AI Gen2 Prozessor, Quantum Matrix Plus, Neo Quantum HDR+, Dolby Atmos, Knox Security, Samsung Vision AI Smart TV",https://www.amazon.de/dp/B0DFVGXR6J,55.0,599.0,599.0,EUR,599.0,Amazon,DE,2026-08-21T04:55:59Z,B0DFVGXR6J,,,,,
Samsung,"Samsung Crystal UHD 4K U80F 50 Zoll (125 cm) LED Fernseher, Crystal Prozessor 4K, MetalStream Design, SmartThings, Knox Security, Gaming Hub, AI Upscaling, Koste... [Ungarische Version]",https://www.amazon.de/dp/B0FMF8VJB1,50.0,298.99,298.99,EUR,298.99,Amazon,DE,2026-08-21T04:55:59Z,B0FMF8VJB1,,,,,
Samsung,"Samsung Crystal UHD Fernseher 4K DU7179, 43 Zoll (108 cm), PurColor, Upscaling, Gaming Hub, Prozessor, Tizen OS, Smart TV, Alexa, 3D Surround Sound & Q-Symphony, 2024",https://www.amazon.de/dp/B0CZS1YTCF,43.0,,,,,Amazon,DE,2026-08-21T04:55:59Z,B0CZS1YTCF,,,,,
Samsung,"Samsung Mini LED M70H 4K 43 Zoll (108 cm) UHD Fernseher, Mini LED Prozessor 4K, AI Companion für Fragen, Pure Spectrum Color, Dynamic SoundPack, MetalStream Design, Gaming Hub, Knox Security, Smart TV",https://www.amazon.de/dp/B0H2J5QPY6,43.0,,,,,Amazon,DE,2026-08-21T04:55:59Z,B0H2J5QPY6,,,,,
Samsung,"Samsung Crystal UHD 4K U80F 43 Zoll (108 cm) LED Fernseher, Crystal Prozessor 4K, MetalStream Design, SmartThings, Knox Security, Gaming Hub, AI Upscaling, Kostenlos...[Länderversion Ungarisch]",https://www.amazon.de/dp/B0FLDQF3Y7,43.0,,,,,Amazon,DE,2026-08-21T04:55:59Z,B0FLDQF3Y7,,,,,
Samsung,"Samsung Mini LED M70H 4K 43 Zoll (108 cm), UHD Fernseher, Mini LED HDR für beeindruckende Details, Motion Xcelerator 144Hz, Dynamik Sound Pack, AI Companion für Fragen, kostenlos 900 Sender, Smart TV",https://www.amazon.de/dp/B0GXZPJ971,43.0,363.0,363.0,EUR,363.0,Amazon,DE,2026-08-21T04:55:59Z,B0GXZPJ971,,,,,
Samsung,"Samsung Full HD TV 40F6000 40 Zoll (102cm) Fernseher, Smart-TV inkl WLAN, HDR 10+, Triple Tuner, UE40F6000FU [2025] [Länderversion Niederländisch]",https://www.amazon.de/dp/B0DFVWYPBF,40.0,369.0,369.0,EUR,369.0,Amazon,DE,2026-08-21T04:55:59Z,B0DFVWYPBF,,,,,
Samsung,"Samsung Neo QLED 4K QN90F 55 Zoll (138 cm) Mini LED Fernseher, Antireflexion, NQ4 AI Gen3 Prozessor, Neo Quantum HDR+, 4K Upscaling Pro, Dolby Atmos, Knox Security, Samsung Vision AI Smart TV",https://www.amazon.de/dp/B0DFVV8V7N,55.0,999.0,999.0,EUR,999.0,Amazon,DE,2026-08-21T04:55:59Z,B0DFVV8V7N,,,,,
Samsung,"Samsung Crystal UHD 4K DU8070 Fernseher 65 Zoll, (165 cm) Samsung TV mit Dynamic Crystal Color, 4K Upscaling, AirSlim Design, Smart TV, 65DU8070U [2024]",https://www.amazon.de/dp/B0D54HY1LC,65.0,599.0,599.0,EUR,599.0,Amazon,DE,2026-08-21T04:55:59Z,B0D54HY1LC,,,,,
Samsung,"Samsung OLED 4K S90F 55 Zoll (140 cm), UHD Fernseher, NQ4 AI Gen3 Prozessor, OLED HDR+, 4K Upscaling Pro, Dolby Atmos, Gaming Hub, Motion Xcelerator 144Hz, Samsung Vision AI Smart TV, 55S90F",https://www.amazon.de/dp/B0FC3M6PW1,55.0,899.0,899.0,EUR,899.0,Amazon,DE,2026-08-21T04:55:59Z,B0FC3M6PW1,,,,,
Samsung,"Samsung Neo QLED 4K QN70F 65 Zoll (165 cm) 4K Fernseher TV mit Neural Quantum AI Gen2 Prozessor, Quantum-Matrix-Technologie Slim, Upscaling, Smart TV, 65QN70F [2025]",https://www.amazon.de/dp/B0FC32BSZ1,65.0,752.92,752.92,EUR,752.92,Amazon,DE,2026-08-21T04:55:59Z,B0FC32BSZ1,,,,,
Samsung,"Samsung OLED 4K S90F 65 Zoll (165 cm), UHD Fernseher, NQ4 AI Gen3 Prozessor, OLED HDR+, 4K Upscaling Pro, Dolby Atmos, Gaming Hub, Motion Xcelerator 144Hz, Samsung V...[Länderversion Niederländisch]",https://www.amazon.de/dp/B0FP51R6WF,65.0,1160.0,1160.0,EUR,1160.0,Amazon,DE,2026-08-21T04:55:59Z,B0FP51R6WF,,,,,
Samsung,"Samsung Neo QLED 4K QN80F Mini LED TV, NQ4 AI Gen2 Processor, Quantum Matrix Technology Slim, Motion Xcelerator 144hz, Airslim Design, 163 Cm, 65 Inch",https://www.amazon.de/dp/B0FMY8JRPW,65.0,699.0,699.0,EUR,699.0,Amazon,DE,2026-08-21T04:55:59Z,B0FMY8JRPW,,,,,
Samsung,"Samsung Mini LED M80H 4K 55 Zoll (138 cm), UHD Fernseher, Mini LED HDR für beeindruckende Details, Motion Xcelerator 144Hz, AI Fußballmodus, Dynamik Sound Pack, AI Companion für deine Fragen, Smart TV",https://www.amazon.de/dp/B0GXZHZD2Z,55.0,559.0,559.0,EUR,559.0,Amazon,DE,2026-08-21T04:55:59Z,B0GXZHZD2Z,,,,,
Samsung,"Samsung QLED FullHD The Frame 32 Zoll Fernseher (GQ32LS03CBUXZG, Deutsches Modell), mattes Display, austauschbare Rahmen, Art Mode, Smart TV [2023]",https://www.amazon.de/dp/B0BXTB8N28,32.0,,,,,Amazon,DE,2026-08-21T04:55:59Z,B0BXTB8N28,,,,,
Samsung,"Samsung Neo QLED 4K QN80F 55 Zoll (138 cm) Mini LED Fernseher, NQ4 AI Gen2 Prozessor, Quantum Matrix Technology Slim, Motion Xcelerator 144Hz, AirSlim Design, Samsun...[Länderversion Ungarisch]",https://www.amazon.de/dp/B0FMY7DGWK,55.0,509.0,509.0,EUR,509.0,Amazon,DE,2026-08-21T04:55:59Z,B0FMY7DGWK,,,,,
Samsung,"Samsung Neo QLED 4K QN80F 55 Zoll (138 cm) Mini LED Fernseher, NQ4 AI Gen2 Prozessor, Quantum Matrix Technology Core, 4K Upscaling, Dolby Atmos, Knox Security, Samsung Vision AI Smart TV",https://www.amazon.de/dp/B0DFVNKP7B,55.0,689.26,689.26,EUR,689.26,Amazon,DE,2026-08-21T04:55:59Z,B0DFVNKP7B,,,,,
Xiaomi,"Xiaomi TV F 65 Zoll (165 cm), 4K UHD, Smart TV, Fire OS8, HDR10, L65MB-FAEU | Triple Tuner DVB-C/S/S2/T/T2, 60Hz with 120Hz Game Boost Mode, Voice Control with Alexa",https://www.amazon.de/dp/B0F457MQCQ,65.0,379.0,379.0,EUR,379.0,Amazon,DE,2026-08-21T04:55:59Z,B0F457MQCQ,,,,,
Samsung,Samsung UE43CU7172,https://www.amazon.de/dp/B0C279SDLR,43.0,284.05,284.05,EUR,284.05,Amazon,DE,2026-08-21T04:55:59Z,B0C279SDLR,,,,,
Samsung,"Samsung UE40JU6485 101cm (40 Zoll) LED-Backlight-Fernseher, EEK A (Ultra HD, 1000 PQI, Smart-TV, DVB-T2/-C/S2, CI+, Quad Core, WLAN, HbbTV)",https://www.amazon.de/dp/B00UZHX90G,40.0,300.0,300.0,EUR,300.0,Amazon,DE,2026-08-21T04:55:59Z,B00UZHX90G,,,,,
Samsung,"Samsung 32 Zoll Full HD F6005 4K Smart TV, mehr Kontrast mit HDR, Sound mit OTS Lite, über 500 TV-Plus-Kanäle und Ihre Knox Security geschützten Daten [Länderversion Spanisch]",https://www.amazon.de/dp/B0F22716RJ,32.0,299.99,299.99,EUR,299.99,Amazon,DE,2026-08-21T04:55:59Z,B0F22716RJ,,,,,
Samsung,"Samsung U80H Crystal UHD 4K Smart TV Modelljahr 2026, Tizen OS, Gaming Hub, HDR10+, PurColor (55, Zoll, 2026)",https://www.amazon.de/dp/B0H5K6P1BY,55.0,422.3,422.3,EUR,422.3,Amazon,DE,2026-08-21T04:55:59Z,B0H5K6P1BY,,,,,
Samsung,"Samsung Neo QLED 4K QN85F 65 Zoll (163 cm) Mini LED Fernseher, NQ4 AI Gen2 Prozessor, Quantum Matrix Technology Slim, Motion Xcelerator 144Hz, AirSlim Design, Samsun...[Länderversion Ungarisch]",https://www.amazon.de/dp/B0FND6LTR5,65.0,766.35,766.35,EUR,766.35,Amazon,DE,2026-08-21T04:55:59Z,B0FND6LTR5,,,,,
Samsung,"Samsung QLED 4K Q60A TV 43 Zoll (GQ43Q60AAUXZG), Quantum HDR, Quantum Prozessor Lite 4K, 100% Farbvolumen [2021]",https://www.amazon.de/dp/B092R8T45C,43.0,,,,,Amazon,DE,2026-08-21T04:55:59Z,B092R8T45C,,,,,
Samsung,"Samsung Crystal UHD DU7170 55 Zoll Fernseher, 140 cm (55DU7170), PurColor, Crystal Prozessor 4K, Q-Symphony, Smart TV [2024]",https://www.amazon.de/dp/B0D4ZLKNRF,55.0,478.42,478.42,EUR,478.42,Amazon,DE,2026-08-21T04:55:59Z,B0D4ZLKNRF,,,,,
Samsung,"Samsung Crystal UHD 4K U80F 65 Zoll (163 cm) LED Fernseher, Crystal Prozessor 4K, MetalStream Design, SmartThings, Knox Security, Gaming Hub, AI Upscaling, Kostenlos...[Länderversion Ungarisch]",https://www.amazon.de/dp/B0FMS3F365,65.0,539.11,539.11,EUR,539.11,Amazon,DE,2026-08-21T04:55:59Z,B0FMS3F365,,,,,
Samsung,"Samsung TV 43 Zoll (108 cm) QLED Q7F 4K Smart TV mit AI-Vision, 100% Farbvolumen mit Quantum Dot, HDR10+, Q4 AI Prozessor, One UI Tizen, Wi-Fi, Bluetooth 5.3 und Mot...[Länderversion Ungarisch]",https://www.amazon.de/dp/B0FM3ZTMKS,43.0,293.38,293.38,EUR,293.38,Amazon,DE,2026-08-21T04:55:59Z,B0FM3ZTMKS,,,,,
Samsung,"Samsung OLED S95H 4K 65 Zoll (163 cm), UHD Fernseher, Antireflexion mit Glare Free, OLED HDR pro, Ultimate Gaming Pack (NVIDIA G-SYNC & AMD FreeSync Pro) mit 165Hz, HDMI 2.1, Dolby Atmos, Smart AI TV",https://www.amazon.de/dp/B0GXZLQJ48,65.0,2555.0,2555.0,EUR,2555.0,Amazon,DE,2026-08-21T04:55:59Z,B0GXZLQJ48,,,,,
Samsung,"Samsung TU7079 108 cm (43 Zoll) LED Fernseher (Ultra HD, HDR 10+, Triple Tuner, Smart TV) [Modelljahr 2020]",https://www.amazon.de/dp/B085L8SQ9N,43.0,323.65,323.65,EUR,323.65,Amazon,DE,2026-08-21T04:55:59Z,B085L8SQ9N,,,,,
Samsung,"SAMSUNG TV 50 Zoll QLED 50Q7F 4K Smart TV mit AI-Vision, 100% Farbvolumen mit Quantum Dots, authentischem Quantum Dot und Motion Xcelerator [Länderversion Spanisch]",https://www.amazon.de/dp/B0F9Q7MC87,50.0,315.45,315.45,EUR,315.45,Amazon,DE,2026-08-21T04:55:59Z,B0F9Q7MC87,,,,,
Samsung,"Samsung Neo QLED QN80H 4K 50 Zoll (125 cm), UHD Fernseher, Quantum-Mini-LED für ultrafeine Kontraste, 4K AI Upscaling, Adaptive Sound Pro, Gaming Hub, AI Companion für Deine Fragen, AI Gen 2 Smart TV",https://www.amazon.de/dp/B0GXZJ32FC,50.0,871.98,871.98,EUR,871.98,Amazon,DE,2026-08-21T04:55:59Z,B0GXZJ32FC,,,,,
Samsung,"Samsung QLED 4K Q60D 50 Zoll Fernseher Mit Quantum Prozessor Lite, 100% Farbvolumen, Upscaling, Tizen OS, Smart TV, 50Q60D [2024]",https://www.amazon.de/dp/B0D9LVG3SG,50.0,,,,,Amazon,DE,2026-08-21T04:55:59Z,B0D9LVG3SG,,,,,
Samsung,"Samsung Neo QLED 4K QN70F 65 Zoll (163 cm) Mini LED Fernseher, NQ4 AI Gen2 Prozessor, Quantum Matrix Technology Slim, Motion Xcelerator 144Hz, AirSlim Design, Samsun...[Länderversion Ungarisch]",https://www.amazon.de/dp/B0FHXPNHGR,65.0,668.54,668.54,EUR,668.54,Amazon,DE,2026-08-21T04:55:59Z,B0FHXPNHGR,,,,,
Philips,"Philips 32PHS6000 HD LED Smart TV - 32 Zoll Display mit Pixel Plus, Titan OS Plattform Und Dolby Digital Sound - Funktioniert Mit Alexa Und Google Sprachassistent, 2025",https://www.amazon.de/dp/B0F2N4N53N,32.0,,,,,Amazon,DE,2026-08-21T04:55:59Z,B0F2N4N53N,,,,,
Samsung,"Samsung Neo QLED 4K QN90F 43 Zoll (109 cm) 4K Fernseher, TV mit Neural Quantum AI Gen3 Prozessor, Quantum-Matrix-Technologie Plus, AI Upscaling Pro, Smart TV, 43QN90F [2025]",https://www.amazon.de/dp/B0FC2FF8W6,43.0,719.0,719.0,EUR,719.0,Amazon,DE,2026-08-21T04:55:59Z,B0FC2FF8W6,,,,,
Samsung,"Samsung QLED Q7F4 4K 75 Zoll (191 cm) UHD Fernseher, Q4 AI Prozessor, Quantum Dot für Reale Farben, 4K Upscaling, Knox Security, Adaptive Sound, Samsung Vision AI Smart TV, 75Q7F (2025)",https://www.amazon.de/dp/B0FFB5LGJ6,75.0,713.97,713.97,EUR,713.97,Amazon,DE,2026-08-21T04:55:59Z,B0FFB5LGJ6,,,,,
Samsung,"Samsung TU7199 108 cm (43 Zoll) LED Fernseher (Ultra HD, HDR 10+, Triple Tuner, Smart TV) [Modelljahr 2020]",https://www.amazon.de/dp/B0896V3YWW,43.0,276.5,276.5,EUR,276.5,Amazon,DE,2026-08-21T04:55:59Z,B0896V3YWW,,,,,
Samsung,"Samsung QLED Q7F4 4K 50 Zoll (127 cm) UHD Fernseher, Q4 AI Prozessor, Quantum Dot für Reale Farben, 4K Upscaling, Knox Security, Adaptive Sound, Samsung Vis... [Niederländische Version]",https://www.amazon.de/dp/B0FFB4S5MB,50.0,338.81,338.81,EUR,338.81,Amazon,DE,2026-08-21T04:55:59Z,B0FFB4S5MB,,,,,
Samsung,"Samsung 43-Inch Class QLED Q7F2 Series Samsung Vision AI Smart TV (2025 Model, 43Q7F2)",https://www.amazon.de/dp/B0F63QCT2T,43.0,299.87,299.87,EUR,299.87,Amazon,DE,2026-08-21T04:55:59Z,B0F63QCT2T,,,,,
Samsung,"Samsung The Frame LS03F 4K QLED 50 Zoll (127 cm) UHD Fernseher, Modern Frame Design, NQ4 AI Gen2 Prozessor, Art Mode, Artful Picture Quality, One Connect Box, Vision Smart TV, 50LS03FA (2025)",https://www.amazon.de/dp/B0FFBH4NNX,50.0,605.59,605.59,EUR,605.59,Amazon,DE,2026-08-21T04:55:59Z,B0FFBH4NNX,,,,,
Samsung,"Samsung Neo QLED 4K QN70F 55 Zoll (138 cm) Mini LED Fernseher, NQ4 AI Gen2 Prozessor, Quantum Matrix Technology Slim, Motion Xcelerator 144Hz, AirSlim Design, Samsun...[Länderversion Ungarisch] | NQ4 AI Gen2 Prozessor mit AI-Upscaling, Dolby Atmos Sound, Motion Xcelerator 120Hz, HDR10+ & SmartThings Smart Home.",https://www.amazon.de/dp/B0FM8TDCTT,55.0,489.4,489.4,EUR,489.4,Amazon,DE,2026-08-21T04:55:59Z,B0FM8TDCTT,,,,,
Toshiba,"Toshiba Fernseher 24 Zoll Smart TV - VIDAA TV (HD LED TV, HDR, Triple-Tuner) 24WV3463DAZ",https://www.amazon.de/dp/B0DJBSRRFH,24.0,169.99,169.99,EUR,169.99,Amazon,DE,2026-08-21T04:55:59Z,B0DJBSRRFH,,,,,
Samsung,Samsung 85 Zoll Micro RGB R95H 4K Samsung Vision AI Smart TV (2026),https://www.amazon.de/dp/B0H8SQLGJD,85.0,7199.0,7199.0,EUR,7199.0,Amazon,DE,2026-08-21T04:55:59Z,B0H8SQLGJD,,,,,
Samsung,"Samsung Crystal UHD 4K TV 43 Zoll (GU43AU7179UXZG, Deutsches Modell), HDR, Q-Symphony, rahmenloses Design, Smart TV [2021]",https://www.amazon.de/dp/B092R9P5S5,43.0,,,,,Amazon,DE,2026-08-21T04:55:59Z,B092R9P5S5,,,,,
Samsung,"Samsung Smart TV 43 Zoll QN70H Mini LED Neo QLED 4K, Quantum Mini LED, Real QLED 100% Farbvolumen, Crystal 4K Prozessor optimiert durch KI, Motion Xcelerator, Vision AI Companion [2026]",https://www.amazon.de/dp/B0H11F4MXN,43.0,570.43,570.43,EUR,570.43,Amazon,DE,2026-08-21T04:55:59Z,B0H11F4MXN,,,,,
Samsung,"Samsung N5375 80 cm (32 Zoll) LED Fernseher (Full HD, Triple Tuner, Smart TV) [Modelljahr 2019]",https://www.amazon.de/dp/B07NP9SYPJ,32.0,,,,,Amazon,DE,2026-08-21T04:55:59Z,B07NP9SYPJ,,,,,
Samsung,"Samsung Neo QLED 4K QN80F 50 Zoll (125 cm) Mini LED Fernseher, NQ4 AI Gen2 Prozessor, Quantum Matrix Technology Slim, Motion Xcelerator 144Hz, AirSlim Design, Sa... [Ungarische Version]",https://www.amazon.de/dp/B0FHXFNNCD,50.0,464.04,464.04,EUR,464.04,Amazon,DE,2026-08-21T04:55:59Z,B0FHXFNNCD,,,,,
TCL,"TCL 55T8C 55 Zoll QLED 4K HDR UHD Fernseher, Smart Google TV Dolby Vision & Atmos, 144Hz Motion Clarity Pro, Game Bar, ALLM, FreeSync, Onkyo 2.1 Sound, Sprachsteuerung, Kompatibel mit Google Assistant | FreeSync, Dolby Vision, Dolby Atmos, Motion Clarity, 2.1 Onkyo Sound, Google Cast, Google Assistant, Sprachsteuerung",https://www.amazon.de/dp/B0DV9JP49P,55.0,423.99,423.99,EUR,423.99,Amazon,DE,2026-08-21T04:55:59Z,B0DV9JP49P,,,,,
Samsung,Samsung 65 Zoll The Frame Pro LS03HW 4K Samsung Vision AI Smart TV (2026),https://www.amazon.de/dp/B0H62DFVF1,65.0,2015.0,2015.0,EUR,2015.0,Amazon,DE,2026-08-21T04:55:59Z,B0H62DFVF1,,,,,
Samsung,"Samsung Series 7 UE43CU7092U Crystal UHD Smart TV 109,2 cm (43"""")",https://www.amazon.de/dp/B0CYTDD425,43.0,276.5,276.5,EUR,276.5,Amazon,DE,2026-08-21T04:55:59Z,B0CYTDD425,,,,,
Samsung,"Samsung QE32Q5FAAUXZT Smart-TV, 32 Zoll Full HD QLED DVB-T2 CI+ HbbTV Energieeffizienzklasse F",https://www.amazon.de/dp/B0H4MHNH14,32.0,321.83,321.83,EUR,321.83,Amazon,DE,2026-08-21T04:55:59Z,B0H4MHNH14,,,,,
Samsung,"SAMSUNG Series 8 CU8000 Crystal UHD 109,2 cm (43 Zoll) 4K Ultra HD Smart TV, WLAN, Schwarz",https://www.amazon.de/dp/B0BQW93VNZ,43.0,341.0,341.0,EUR,341.0,Amazon,DE,2026-08-21T04:55:59Z,B0BQW93VNZ,,,,,
Samsung,"Samsung The Frame LS03H 4K 55 Zoll (138 cm), UHD Fernseher, Art Mode mit wechselnden Kunstwerken, Wireless One Connect Box, Antireflexion mit Glare Free, QLED-Bildqualität, Dolby Atmos, Smart AI TV",https://www.amazon.de/dp/B0GXZJW39B,55.0,1099.0,1099.0,EUR,1099.0,Amazon,DE,2026-08-21T04:55:59Z,B0GXZJW39B,,,,,
Samsung,Samsung Smart TV TU43DU7105 4K Ultra HD LED 43 Zoll,https://www.amazon.de/dp/B0D2LJMNXG,43.0,289.48,289.48,EUR,289.48,Amazon,DE,2026-08-21T04:55:59Z,B0D2LJMNXG,,,,,
Samsung,"Samsung Crystal UHD U8070F 4K 85 Zoll (216 cm) LED Fernseher, Crystal Prozessor 4K, MetalStream Design, SmartThings, AI Upscaling, Gaming Hub, Knox Security, Smart TV, 85U8070F (2025)",https://www.amazon.de/dp/B0FFGZ7YP3,85.0,899.0,899.0,EUR,899.0,Amazon,DE,2026-08-21T04:55:59Z,B0FFGZ7YP3,,,,,
Samsung,"Samsung Neo QLED 4K QN80F 75 Zoll (189 cm) Mini LED Fernseher, NQ4 AI Gen2 Prozessor, Quantum Matrix Technology Slim, Motion Xcelerator 144Hz, AirSlim Design, Samsung Vision AI Smart TV",https://www.amazon.de/dp/B0FR5J19T2,75.0,1083.94,1083.94,EUR,1083.94,Amazon,DE,2026-08-21T04:55:59Z,B0FR5J19T2,,,,,
Samsung,"Samsung Neo QLED QN70H 4K 85 Zoll (214 cm), Quantum-Mini-LED für ultrafeine Kontraste, UHD Fernseher, 4K AI Upscaling, Adaptive Sound+, Gaming Hub, Motion Xcelerator 144Hz, AI Companion, Smart TV",https://www.amazon.de/dp/B0GXZRNB6Z,85.0,2002.59,2002.59,EUR,2002.59,Amazon,DE,2026-08-21T04:55:59Z,B0GXZRNB6Z,,,,,
Samsung,"Samsung QLED Q8F 4K Smart TV 85 Zoll (214 cm) mit AI-Vision, 100% Farbvolumen mit Quantum Dot, HDR10+, Q4 AI Prozessor, One UI Tizen, Wi-Fi, Bluetooth 5.3 und Motion...[Länderversion Ungarisch]",https://www.amazon.de/dp/B0FHXK9QHX,85.0,1018.0,1018.0,EUR,1018.0,Amazon,DE,2026-08-21T04:55:59Z,B0FHXK9QHX,,,,,
Hisense,"Hisense 55E7DS Fernseher 55 Zoll, 4K UHD QLED, Smart TV, Hi View AI Engine, 60Hz Game Mode Plus, Dolby Vision IQ, QLED Colour, Filmmaker, Smooth Motion, Airplay, Sprachsteuerung, 2026 | Dolby Atmos, VIDAA OS, Dolby Vision IQ, HDR 10+, Game Mode, Bluetooth, Wifi, Alexa, AirPlay2, Lativù 4K, 2026 Model",https://www.amazon.de/dp/B0GM1TVSMG,55.0,363.95,363.95,EUR,363.95,Amazon,DE,2026-08-21T04:55:59Z,B0GM1TVSMG,,,,,
Samsung,"Samsung The Frame LS03F 4K QLED 55 Zoll (138 cm) UHD Fernseher, Modern Frame Design, NQ4 AI Gen2 Prozessor, Art Mode, Artful Picture Quality, One Connect Kabel, Sams...[Länderversion Ungarisch]",https://www.amazon.de/dp/B0FM8QJ5TD,55.0,678.92,678.92,EUR,678.92,Amazon,DE,2026-08-21T04:55:59Z,B0FM8QJ5TD,,,,,
Samsung,"Samsung QLED Q70D 55 Zoll Fernseher TV Mit Quantum Prozessor 4K, Farbvolumen,ai Upscaling, Tizen OS, Smart TV, 55q70d, [2024], 140 Cm",https://www.amazon.de/dp/B0D54K972K,55.0,490.69,490.69,EUR,490.69,Amazon,DE,2026-08-21T04:55:59Z,B0D54K972K,,,,,
Samsung,"Samsung Smart TV 43 Zoll M70H Mini LED 4K, UHD, Mini LED HDR für atemberaubende Details, Pure Spectrum Color, Motion Xcelerator 144 Hz, Dynamic Sound Pack, Vision AI Companion [2026]",https://www.amazon.de/dp/B0H11FX852,43.0,354.73,354.73,EUR,354.73,Amazon,DE,2026-08-21T04:55:59Z,B0H11FX852,,,,,
Samsung,Samsung QE32LS03C QLED-Fernseher 32 Zoll The Frame,https://www.amazon.de/dp/B0BWFPKGMZ,32.0,395.12,395.12,EUR,395.12,Amazon,DE,2026-08-21T04:55:59Z,B0BWFPKGMZ,,,,,
Samsung,"Samsung Neo QLED 4K QN90D 43 Zoll (109 cm) Fernseher Mit Neural Quantum AI Gen2 Prozessor, Quantum-Matrix-Technologie, AI Upscaling, Smart TV, KI TV, 43QN90D [2024]",https://www.amazon.de/dp/B0D5CXBK1J,43.0,719.0,719.0,EUR,719.0,Amazon,DE,2026-08-21T04:55:59Z,B0D5CXBK1J,,,,,
Samsung,LED-Fernseher SAMSUNG 43AU7020 43 Zoll (108 cm) Crystal UHD 4K 3840 x 2160 HDR Smart TV Gaming HUB 3 x HDMI,https://www.amazon.de/dp/B0CZ47SPT3,43.0,274.6,274.6,EUR,274.6,Amazon,DE,2026-08-21T04:55:59Z,B0CZ47SPT3,,,,,
Samsung,"Samsung TU8079 108 cm (43 Zoll) LED Fernseher (Ultra HD, HDR10+, Triple Tuner, Smart TV) [Modelljahr 2020]",https://www.amazon.de/dp/B085L2FVVK,43.0,305.99,305.99,EUR,305.99,Amazon,DE,2026-08-21T04:55:59Z,B085L2FVVK,,,,,
Samsung,"Samsung QLED 4K Q64D Fernseher 43 Zoll, TV mit Quantum Prozessor Lite, 100% Farbvolumen, 4K Upscaling, Motion Xcelerator, Smart TV, GQ43Q64DAUXZG, Deutsches Modell",https://www.amazon.de/dp/B0D1GWZFFS,43.0,,,,,Amazon,DE,2026-08-21T04:55:59Z,B0D1GWZFFS,,,,,
Samsung,"Samsung T5370CD 32 Zoll LED-Fernseher, Full HD, Smart TV (UE32T5370CD), 2023, HDR, PurColor",https://www.amazon.de/dp/B0CQMJDVYK,32.0,,,,,Amazon,DE,2026-08-21T04:55:59Z,B0CQMJDVYK,,,,,
Samsung,"Samsung HD-TV, 81,3 cm (32 Zoll), H5005 Smart TV Plus, OTS Lite, HDR Knox Security, kann UHD 4K-Inhalte streamen",https://www.amazon.de/dp/B0GHY2KZQY,32.0,225.77,225.77,EUR,225.77,Amazon,DE,2026-08-21T04:55:59Z,B0GHY2KZQY,,,,,
Samsung,"Samsung Crystal UHD DU7170 65 Zoll Fernseher, 165 cm (65DU7170), PurColor, Crystal Prozessor 4K, Q-Symphony, Smart TV [2024]",https://www.amazon.de/dp/B0D6GSK1N7,65.0,585.46,585.46,EUR,585.46,Amazon,DE,2026-08-21T04:55:59Z,B0D6GSK1N7,,,,,
Samsung,"Samsung Crystal UHD CU7170 Series 55 Zoll Fernseher, PurColor, Crystal Prozessor 4K, Motion Xcelerator, Smart TV, (Modell 2023, 55CU7170)",https://www.amazon.de/dp/B0C42J27K5,55.0,415.4,415.4,EUR,415.4,Amazon,DE,2026-08-21T04:55:59Z,B0C42J27K5,,,,,
Samsung,"Samsung QE43Q60C Smart QLED Television, 108 cm, 4K, Ultra HD,2023",https://www.amazon.de/dp/B0C278W9RG,43.0,,,,,Amazon,DE,2026-08-21T04:55:59Z,B0C278W9RG,,,,,
Samsung,"Samsung The Frame LS03H 4K QLED Fernseher 55 Zoll (138 cm), 2026, Modern Frame Design, NQ4 AI Gen2 Prozessor, Art Mode, Artful Picture Quality, One Connect Kabel, Samsung Vision AI Smart TV",https://www.amazon.de/dp/B0H335TKDF,55.0,1028.97,1028.97,EUR,1028.97,Amazon,DE,2026-08-21T04:55:59Z,B0H335TKDF,,,,,
Samsung,"Samsung TV 50"" (2025) QLED 4K Smart TV - TQ50Q7FAAUXXC [Länderversion Französisch, Spanisch, Portugiesisch]...[Länderversion Französisch, Spanisch, Portugiesisch]",https://www.amazon.de/dp/B0F2293K11,50.0,338.81,338.81,EUR,338.81,Amazon,DE,2026-08-21T04:55:59Z,B0F2293K11,,,,,
Samsung,"Samsung QLED Q70D 65 Zoll (165 cm) Fernseher TV mit Quantum Prozessor 4K, 100% Farbvolumen,AI Upscaling, Tizen OS, Smart TV, 65Q70D, [2024]",https://www.amazon.de/dp/B0D3M71F9P,65.0,822.31,822.31,EUR,822.31,Amazon,DE,2026-08-21T04:55:59Z,B0D3M71F9P,,,,,
Samsung,"Samsung Micro RGB R85H 4K 55 Zoll (138 cm), UHD Fernseher, Micro RGB HDR+ & AI Engine für realitätsnahe Farben, Dolby Atmos, Gaming Hub, Motion Xcelerator 144Hz, AI Companion für Fragen, Smart TV",https://www.amazon.de/dp/B0GXZHQ5ZC,55.0,1249.0,1249.0,EUR,1249.0,Amazon,DE,2026-08-21T04:55:59Z,B0GXZHQ5ZC,,,,,
Samsung,Samsung 4K Crystal UHD 2020 - Smart TV,https://www.amazon.de/dp/B083T1Q3J1,43.0,,,,,Amazon,DE,2026-08-21T04:55:59Z,B083T1Q3J1,,,,,
Samsung,"Samsung Crystal UHD 43 Zoll U8075F 2025 4K Smart TV [Länderversion Französisch, Spanisch, Portugiesisch]...[Länderversion Französisch, Spanisch, Portugiesisch]",https://www.amazon.de/dp/B0F9Q1YQSQ,43.0,312.88,312.88,EUR,312.88,Amazon,DE,2026-08-21T04:55:59Z,B0F9Q1YQSQ,,,,,
Samsung,"Samsung UE65F8000 165cm (65 Zoll) 3D LED-Backlight-Fernseher (Full HD, 1000Hz CMR, DVB-T/C/S2, CI+, Smart TV, HbbTV, Sprachsteuerung) schwarz",https://www.amazon.de/dp/B00DYQIU5O,65.0,470.0,470.0,EUR,470.0,Amazon,DE,2026-08-21T04:55:59Z,B00DYQIU5O,,,,,
Samsung,"Samsung OLED TV 4K S90D 55 Zoll (138 cm), Fernseher mit NQ AI Gen2 Prozessor, OLED HDR+, 4K AI Bildverbesserung, Gaming Hub bis 144Hz, Dolby Atmos Sound, OTS Lite, Knox Security, Smart KI TV",https://www.amazon.de/dp/B0D6RZGC3P,55.0,,,,,Amazon,DE,2026-08-21T04:55:59Z,B0D6RZGC3P,,,,,
Samsung,"Samsung QLED FHD QE32Q50A 81,3 cm (32 Zoll) Smart TV WLAN Schwarz [Länderversion Niederländisch]",https://www.amazon.de/dp/B0CPPQJG69,32.0,409.99,409.99,EUR,409.99,Amazon,DE,2026-08-21T04:55:59Z,B0CPPQJG69,,,,,
Samsung,"Samsung OLEDGQ65S85D 4K Fernseher 65 Zoll (163 cm), OLED HDR, Dolby Atmos, TV mit Neural Quantum AI Gen2 Prozessor, AI Upscaling, Smart TV, KI, Deutsches Modell",https://www.amazon.de/dp/B0D1GQQQYR,65.0,,,,,Amazon,DE,2026-08-21T04:55:59Z,B0D1GQQQYR,,,,,
Samsung,"Samsung Crystal UHD LED Fernseher 2025, Crystal Prozessor 4K, MetalStream Design, SmartThings, Knox Security, Gaming Hub, AI Upscaling, Kostenlose Inhalte, Smart AI ...[Länderversion Ungarisch]",https://www.amazon.de/dp/B0FN81YWFN,85.0,915.67,915.67,EUR,915.67,Amazon,DE,2026-08-21T04:55:59Z,B0FN81YWFN,,,,,
Samsung,"Samsung Smart TV 43 Zoll U8075H Crystal UHD 4K, PurColor, Upscaling 4K, Motion Xcelerator, Dynamic Sound Pack, Gaming Hub, Fußball, Vision AI Companion [2026]",https://www.amazon.de/dp/B0GJ5KJDKJ,43.0,323.65,323.65,EUR,323.65,Amazon,DE,2026-08-21T04:55:59Z,B0GJ5KJDKJ,,,,,
Samsung,"Samsung 2021 43"" AU8000 Crystal UHD 4K HDR Smart TV mit Alexa eingebaut",https://www.amazon.de/dp/B08ZNMT5BY,43.0,359.99,359.99,EUR,359.99,Amazon,DE,2026-08-21T04:55:59Z,B08ZNMT5BY,,,,,
Samsung,Samsung F6002F Smart TV 27 Zoll Full HD LED DVB-T2/S2/C HD HDR WiFi Bluetooth VESA 2025 [Ungarische Version],https://www.amazon.de/dp/B0FTFSJDYQ,27.0,,,,,Amazon,DE,2026-08-21T04:55:59Z,B0FTFSJDYQ,,,,,
Samsung,"Samsung Crystal UHD 4K DU8079 Fernseher 43 Zoll, Samsung TV mit Dynamic Crystal Color, 4K Upscaling, AirSlim Design, Smart TV, GU43DU8079UXZG, Deutsches Modell [2024]",https://www.amazon.de/dp/B0CZS34F12,43.0,369.99,369.99,EUR,369.99,Amazon,DE,2026-08-21T04:55:59Z,B0CZS34F12,,,,,
Samsung,"Samsung Crystal UHD 4K U80F 50 Zoll (125 cm) LED Fernseher, Crystal Prozessor 4K, MetalStream Design, SmartThings, Knox Security, Gaming Hub, AI Upscaling, Kostenlos...[Länderversion Ungarisch]",https://www.amazon.de/dp/B0FM98T47Y,50.0,321.94,321.94,EUR,321.94,Amazon,DE,2026-08-21T04:55:59Z,B0FM98T47Y,,,,,
Samsung,"Kiano Elegance 55 Zoll (140 cm) 4K UHD LED Smart TV mit TIZEN OS (Powered by Samsung), Dolby Audio, Triple Tuner DVB-T2/C/S2, 3× HDMI, USB-PVR, WLAN",https://www.amazon.de/dp/B0GPF1NRHV,55.0,289.0,289.0,EUR,289.0,Amazon,DE,2026-08-21T04:55:59Z,B0GPF1NRHV,,,,,
Samsung,"Samsung Crystal UHD LED Fernseher 2025, Crystal Prozessor 4K, MetalStream Design, SmartThings, Knox Security, Gaming Hub, AI Upscaling, Kostenlose Inhalte, Smart AI TV (U70F, 50 Zoll)",https://www.amazon.de/dp/B0FDGRFFLM,50.0,369.77,369.77,EUR,369.77,Amazon,DE,2026-08-21T04:55:59Z,B0FDGRFFLM,,,,,
Samsung,"Samsung OLED S90H 4K 55 Zoll (138 cm), UHD Fernseher, Antireflexion mit Glare Free, OLED HDR+, Ultimate Gaming Pack (NVIDIA G-SYNC & AMD FreeSync Pro) mit 165Hz, HDMI 2.1, Dolby Atmos, Smart AI TV",https://www.amazon.de/dp/B0GXZQL9W2,55.0,1999.0,1999.0,EUR,1999.0,Amazon,DE,2026-08-21T04:55:59Z,B0GXZQL9W2,,,,,
Samsung,"Samsung Neo QLED 4K QN70F 85 Zoll (216 cm) 4K Fernseher TV mit Neural Quantum AI Gen2 Prozessor, Quantum-Matrix-Technologie Slim, Upscaling, Smart TV, 85QN70F [2025]",https://www.amazon.de/dp/B0FC33PRPD,85.0,1432.01,1432.01,EUR,1432.01,Amazon,DE,2026-08-21T04:55:59Z,B0FC33PRPD,,,,,
Samsung,"Samsung OLED 4K S90D Fernseher 65 Zoll (165 cm), TV Mit Neural Quantum AI Gen2 Prozessor, HDR+, AI Upscaling, Smart TV, KI TV, 65S90D [2024] [Länderversion Niederländisch]",https://www.amazon.de/dp/B0DJFH7RCX,65.0,1299.0,1299.0,EUR,1299.0,Amazon,DE,2026-08-21T04:55:59Z,B0DJFH7RCX,,,,,
Samsung,"Samsung Neo QLED 4K QN85F 75 Zoll (189 cm) Mini LED Fernseher, NQ4 AI Gen2 Prozessor, Quantum Matrix Technology Slim, Motion Xcelerator 144Hz, AirSlim Design, Samsun...[Länderversion Ungarisch]",https://www.amazon.de/dp/B0FND5PTST,75.0,,,,,Amazon,DE,2026-08-21T04:55:59Z,B0FND5PTST,,,,,
Samsung,Samsung 55 Zoll OLED S82H 4K Samsung Vision AI Smart TV (2026),https://www.amazon.de/dp/B0H5DBLBS2,55.0,1299.0,1299.0,EUR,1299.0,Amazon,DE,2026-08-21T04:55:59Z,B0H5DBLBS2,,,,,
Samsung,Samsung 75 Zoll Neo QLED QN1EH 4K Samsung Vision AI Smart TV (2026),https://www.amazon.de/dp/B0H5QJZR1S,75.0,1599.0,1599.0,EUR,1599.0,Amazon,DE,2026-08-21T04:55:59Z,B0H5QJZR1S,,,,,
Samsung,"Samsung UE46H7000SL 116,8 cm (46 Zoll) Full HD 3D Smart-TV WLAN Schwarz - Fernseher (116,8 cm (46 Zoll), 1920 x 1080 Pixel, 3D, Smart-TV, WLAN, Schwarz)",https://www.amazon.de/dp/B00JJIEA3C,46.0,300.0,300.0,EUR,300.0,Amazon,DE,2026-08-21T04:55:59Z,B00JJIEA3C,,,,,
Samsung,"Samsung Neo QLED 4K QN85F 55 Zoll (138 cm) Mini LED Fernseher, NQ4 AI Gen2 Prozessor, Quantum Matrix Technology Slim, Motion Xcelerator 144Hz, AirSlim Design, Samsun...[Länderversion Ungarisch]",https://www.amazon.de/dp/B0FND79K77,55.0,629.0,629.0,EUR,629.0,Amazon,DE,2026-08-21T04:55:59Z,B0FND79K77,,,,,
Samsung,"Samsung Crystal UHD 4K U70F 43 Zoll (108 cm) LED Fernseher, Crystal Prozessor 4K, MetalStream Design, SmartThings, Knox Security, Gaming Hub, AI Upscaling, Kostenlos...[Länderversion Ungarisch]",https://www.amazon.de/dp/B0FM9G9LSY,43.0,312.63,312.63,EUR,312.63,Amazon,DE,2026-08-21T04:55:59Z,B0FM9G9LSY,,,,,
Samsung,"Samsung Neo QLED 4K QN85C 55 Zoll Fernseher, Neo Quantum HDR, Neural Quantum Prozessor 4K, Dolby Atmos, Smart TV (Modell 2023, 55QN85C)",https://www.amazon.de/dp/B0C5R83RJ2,55.0,706.3,706.3,EUR,706.3,Amazon,DE,2026-08-21T04:55:59Z,B0C5R83RJ2,,,,,
Samsung,"Samsung QLED 4K Q70D Fernseher 85 Zoll, Quantum Prozessor, AI Upscaling, Tizen OS, Motion Xcelerator 120 Hz, Smart TV, KI TV, GQ85Q70DATXZG, Deutsches Modell",https://www.amazon.de/dp/B0CZS36H3J,85.0,1899.0,1899.0,EUR,1899.0,Amazon,DE,2026-08-21T04:55:59Z,B0CZS36H3J,,,,,
Samsung,Samsung 65QN85D Neo QLED-Fernseher 65'' (165 cm) 4K UHD 3840 x 2160 HDR 10+ Dolby Atmos Tizen Smart TV Gaming HUB 4 x HDMI,https://www.amazon.de/dp/B0CSG9RRD6,65.0,979.0,979.0,EUR,979.0,Amazon,DE,2026-08-21T04:55:59Z,B0CSG9RRD6,,,,,
Samsung,Samsung Q60d Qe50q60dau 50´´ 4k Qled Tv One Size,https://www.amazon.de/dp/B0D1VLQ721,50.0,415.0,415.0,EUR,415.0,Amazon,DE,2026-08-21T04:55:59Z,B0D1VLQ721,,,,,
Samsung,"Samsung Smart TV 50DU7172, 125 cm, Ultra HD 4K (Model 2024)",https://www.amazon.de/dp/B0D3F6RN2K,50.0,335.77,335.77,EUR,335.77,Amazon,DE,2026-08-21T04:55:59Z,B0D3F6RN2K,,,,,
Samsung,"Samsung UE43DU8072UXXH Crystal UHD Smart TV 109,2 cm (43"""")",https://www.amazon.de/dp/B0D5D33WRZ,43.0,269.99,269.99,EUR,269.99,Amazon,DE,2026-08-21T04:55:59Z,B0D5D33WRZ,,,,,
Samsung,Samsung UE50M70HAUXZT - 50 Zoll Smart TV 4K DVB-T2 LED Schwarz Energieklasse F,https://www.amazon.de/dp/B0H4LZ5VCD,50.0,406.46,406.46,EUR,406.46,Amazon,DE,2026-08-21T04:55:59Z,B0H4LZ5VCD,,,,,
Samsung,"Samsung T5379 80 cm (32 Zoll) LED Fernseher (Full HD, Triple Tuner, Smart TV) [Modelljahr 2020]",https://www.amazon.de/dp/B0869DCD7N,32.0,329.99,329.99,EUR,329.99,Amazon,DE,2026-08-21T04:55:59Z,B0869DCD7N,,,,,
Samsung,Samsung TV LED 55U8072 138cm Smart 4K Ultra HD 50Hz Model 2025 UE55U8072FUXXH [Länderversion Ungarisch],https://www.amazon.de/dp/B0FF1THHJ9,55.0,385.24,385.24,EUR,385.24,Amazon,DE,2026-08-21T04:55:59Z,B0FF1THHJ9,,,,,
Samsung,"Samsung QLED 4K Fernseher The Frame 75 Zoll, Samsung TV mit mattem Display und austauschbarem Rahmen, Art Mode, Smart TV, GQ75LS03DAUXZG, Deutsches Modell [2024]",https://www.amazon.de/dp/B0CZS1S652,75.0,2099.0,2099.0,EUR,2099.0,Amazon,DE,2026-08-21T04:55:59Z,B0CZS1S652,,,,,
Samsung,"Samsung 65"" TV (2025) QLED 4K UHD - TQ65Q8FAAUXXC [Länderversion Französisch, Spanisch, Portugiesisch]...[Länderversion Französisch, Spanisch, Portugiesisch]",https://www.amazon.de/dp/B0F2FKKLTG,65.0,629.6,629.6,EUR,629.6,Amazon,DE,2026-08-21T04:55:59Z,B0F2FKKLTG,,,,,
Samsung,"SAMSUNG TV 55 Zoll Crystal UHD U8075F 4K Smart TV, unglaubliche Farben mit Crystal Processor 4K, Hören Sie alle Lautsprecher mit Q-Symphony, Daten geschützt durch Kn...[Länderversion Spanisch]",https://www.amazon.de/dp/B0F9Q2QDJZ,55.0,439.45,439.45,EUR,439.45,Amazon,DE,2026-08-21T04:55:59Z,B0F9Q2QDJZ,,,,,
Samsung,"Samsung 55QN70F Neo QLED Smart TV, Mini LED, 138 cm, 4K Ultra HD (2025)",https://www.amazon.de/dp/B0F9X28L93,55.0,490.0,490.0,EUR,490.0,Amazon,DE,2026-08-21T04:55:59Z,B0F9X28L93,,,,,
Samsung,"Samsung Neo QLED 4K QN90F 115 Zoll (292 cm) Mini LED Fernseher, Antireflektion, NQ4 AI Gen3 Prozessor, Neo Quantum HDR+, 4K Upscaling Pro, Dolby Atmos, Knox Security, Samsung Vision AI Smart TV",https://www.amazon.de/dp/B0FKTP2397,115.0,14999.0,14999.0,EUR,14999.0,Amazon,DE,2026-08-21T04:55:59Z,B0FKTP2397,,,,,
Samsung,"Samsung Neo QLED 8K QN900C 85 Zoll Fernseher (GQ85QN900CTXZG, Deutsches Modell), HDR 8K Pro, Neural Quantum Prozessor, Infinity Screen, Smart TV [2023]",https://www.amazon.de/dp/B0BXTBLXP4,85.0,6850.0,6850.0,EUR,6850.0,Amazon,DE,2026-08-21T04:55:59Z,B0BXTBLXP4,,,,,
Samsung,"Samsung QLED 4K Q80C 98 Zoll Fernseher, Direct Full Array, AI Neural Quantum Prozessor 4K, Real Depth Enhancer, Smart-TV, KI TV, GQ98Q80CATXZG, Deutsches Modell [2023]",https://www.amazon.de/dp/B0C3N8JWXC,98.0,5249.0,5249.0,EUR,5249.0,Amazon,DE,2026-08-21T04:55:59Z,B0C3N8JWXC,,,,,
Samsung,"Samsung Neo QLED 8K QN900F 85 Zoll (214 cm) Mini LED, 8K Fernseher, NQ8 AI Gen2 Prozessor, Upscaling, Glare Free, One Connect, Art Store Galerie, Samsung Vision AI Smart TV, 85QN900F (2025)",https://www.amazon.de/dp/B0FBXBCXK7,85.0,4999.0,4999.0,EUR,4999.0,Amazon,DE,2026-08-21T04:55:59Z,B0FBXBCXK7,,,,,
Samsung,"Samsung 43 Zoll Crystal UHD U7025F 4K Smart TV, unglaubliche Farben mit Crystal Processor 4K, hören Sie alle Lautsprecher mit Q-Symphony, geschützten Daten, Knox Sec...[Länderversion Spanisch]",https://www.amazon.de/dp/B0F2FNR82K,43.0,330.12,330.12,EUR,330.12,Amazon,DE,2026-08-21T04:55:59Z,B0F2FNR82K,,,,,
Samsung,"Samsung QLED 4K Q60C 50 Zoll Fernseher, Quantum-Dot-Technologie, Quantum HDR, AirSlim Design, Smart TV [2023] (50Q60C)",https://www.amazon.de/dp/B0C53Q71PG,50.0,545.22,545.22,EUR,545.22,Amazon,DE,2026-08-21T04:55:59Z,B0C53Q71PG,,,,,
Samsung,"Samsung Neo QLED 4K QN95C 55 Zoll Fernseher (GQ55QN95CATXZG), Neo Quantum HDR+, Infinity One Design, Neural Quantum Prozessor 4K [2023]",https://www.amazon.de/dp/B0CH8RX2MF,55.0,1310.58,1310.58,EUR,1310.58,Amazon,DE,2026-08-21T04:55:59Z,B0CH8RX2MF,,,,,
Samsung,"Smart TV Samsung QE55QN85B NEO QLED WI-FI 3840 x 2160 px 55"" Ultra HD 4K",https://www.amazon.de/dp/B09MW54V3V,55.0,706.3,706.3,EUR,706.3,Amazon,DE,2026-08-21T04:55:59Z,B09MW54V3V,,,,,
Samsung,"Samsung Smart LED TV UE50DU7192UXXH, 125 cm, Ulta HD 4K, HDR, Class G",https://www.amazon.de/dp/B0D9BYGQYN,100.0,323.24,323.24,EUR,323.24,Amazon,DE,2026-08-21T04:55:59Z,B0D9BYGQYN,,,,,
Samsung,"Samsung 32HT5300 Professioneller Hotelfernseher 81,3 cm (32 Zoll)",https://www.amazon.de/dp/B0C18ZG8P8,32.0,255.0,255.0,EUR,255.0,Amazon,DE,2026-08-21T04:55:59Z,B0C18ZG8P8,,,,,
Samsung,"Samsung Neo QLED 8K QN800D Fernseher 85 Zoll, Neo Quantum HDR 8K+, Neural Quantum AI Gen2 Prozessor, AI Upscaling, Smart TV, KI TV, GQ85QN800DTXZG, Deutsches Modell",https://www.amazon.de/dp/B0CZS5QPFS,85.0,5059.0,5059.0,EUR,5059.0,Amazon,DE,2026-08-21T04:55:59Z,B0CZS5QPFS,,,,,
Samsung,"Samsung Crystal UHD DU7170 75 Zoll Fernseher, 191 cm (75DU7170), PurColor, Crystal Prozessor 4K, Q-Symphony, Smart TV [2024]",https://www.amazon.de/dp/B0D5Y9ZRTR,75.0,721.73,721.73,EUR,721.73,Amazon,DE,2026-08-21T04:55:59Z,B0D5Y9ZRTR,,,,,
Samsung,"Samsung Neo QLED 4K QN85D 65 Zoll Fernseher Mit Neural Quantum AI Gen2 Prozessor, Quantum-Matrix-Technologie, AI Upscaling, Smart TV, KI TV, 65QN85D [2024] [Länderversion Niederländisch]",https://www.amazon.de/dp/B0DG2L9C2F,65.0,868.45,868.45,EUR,868.45,Amazon,DE,2026-08-21T04:55:59Z,B0DG2L9C2F,,,,,
Samsung,"Samsung TV The Frame 55"" (2025) 4K Smart TV - TQ55LS03FAUXXC [Länderversion Französisch, Spanisch, Portugiesisch]...[Länderversion Französisch, Spanisch, Portugiesisch]",https://www.amazon.de/dp/B0F2295TXB,55.0,678.92,678.92,EUR,678.92,Amazon,DE,2026-08-21T04:55:59Z,B0F2295TXB,,,,,
Samsung,"Samsung The Frame 43"" 4K TV - TQ43LS03FAUXXC [Länderversion Französisch, Spanisch, Portugiesisch]...[Länderversion Französisch, Spanisch, Portugiesisch]",https://www.amazon.de/dp/B0F229Y3KG,43.0,556.9,556.9,EUR,556.9,Amazon,DE,2026-08-21T04:55:59Z,B0F229Y3KG,,,,,
Samsung,Samsung 50 Zoll QLED QEF1 4K Vision AI Smart TV (2025),https://www.amazon.de/dp/B0G1W784VV,50.0,488.17,488.17,EUR,488.17,Amazon,DE,2026-08-21T04:55:59Z,B0G1W784VV,,,,,
Samsung,"Samsung UE55J6200AK 139,7 cm (55 Zoll) Full HD Fernseher (1920 x 1080 Pixel, LED, Smart-TV, WLAN, Schwarz)",https://www.amazon.de/dp/B01550PZT0,55.0,300.0,300.0,EUR,300.0,Amazon,DE,2026-08-21T04:55:59Z,B01550PZT0,,,,,
Samsung,"Samsung Crystal UHD LED Fernseher 2025, Crystal Prozessor 4K, MetalStream Design, SmartThings, Knox Security, Gaming Hub, AI Upscaling, Kostenlose Inhalte, Smart AI ...[Länderversion Ungarisch]",https://www.amazon.de/dp/B0FL3DGYNW,75.0,690.61,690.61,EUR,690.61,Amazon,DE,2026-08-21T04:55:59Z,B0FL3DGYNW,,,,,
Samsung,SAMSUNG 65QN800C NeoQLED 65 Fernseher (165 cm) 8K 7680 x 4320 100 Hz HDR Smart TV Gaming HUB 4 x HDMI WLAN [Länderversion Spanisch],https://www.amazon.de/dp/B0CSDKRHRN,65.0,1689.0,1689.0,EUR,1689.0,Amazon,DE,2026-08-21T04:55:59Z,B0CSDKRHRN,,,,,
Samsung,"Samsung UE40D7090 101 cm (40 Zoll) 3D-LED-Fernseher, Energieeffizienzklasse B (Full-HD, 800Hz, DVB-T/C/S2 Tuner, HDMI, VGA, WLAN) titan-schwarz",https://www.amazon.de/dp/B004RB5TQ8,40.0,,,,,Amazon,DE,2026-08-21T04:55:59Z,B004RB5TQ8,,,,,
Samsung,"Samsung Crystal UHD LED Fernseher 2025, Crystal Prozessor 4K, MetalStream Design, SmartThings, Knox Security, Gaming Hub, AI Upscaling, Kostenlose Inhalte, Smart AI ...[Länderversion Ungarisch]",https://www.amazon.de/dp/B0FMF4YSGL,55.0,456.58,456.58,EUR,456.58,Amazon,DE,2026-08-21T04:55:59Z,B0FMF4YSGL,,,,,
Samsung,"Samsung UE55JS8090 138 cm (55 Zoll) Fernseher (Ultra HD, Twin Tuner, 3D, Smart TV)",https://www.amazon.de/dp/B015KFY1N6,55.0,400.0,400.0,EUR,400.0,Amazon,DE,2026-08-21T04:55:59Z,B015KFY1N6,,,,,
Samsung,"Samsung GU43AU6979UXZG Contrast Enhancer, PurColor, Q-Symphony, UHD Dimming, 4K",https://www.amazon.de/dp/B0CJ7XHS6B,43.0,328.24,328.24,EUR,328.24,Amazon,DE,2026-08-21T04:55:59Z,B0CJ7XHS6B,,,,,
Samsung,Samsung 32HJ690W Professional Hotel TV 32 Zoll,https://www.amazon.de/dp/B0BZMKM6PQ,32.0,,,,,Amazon,DE,2026-08-21T04:55:59Z,B0BZMKM6PQ,,,,,
Samsung,Samsung TV NeoQLED TQ55QN70F MiniLED TV 55 (140 cm) 4K UHD 3840 x 2160 144 Hz HDR10+ Smart TV Gaming Hub 3xHDMI WLAN [Länderversion Spanisch],https://www.amazon.de/dp/B0DFVFXKWQ,55.0,501.1,501.1,EUR,501.1,Amazon,DE,2026-08-21T04:55:59Z,B0DFVFXKWQ,,,,,
Samsung,"Samsung Full HD F6009F FHD 40 Zoll, HDR 10+, PurColor für realitätsnahe Farben, OTS Lite für einen virtuellen Sound, Q-Symphony, Gaming Hub, Google Assistant, AirPlay, kostenlos 900 Sender mit TV Plus",https://www.amazon.de/dp/B0H2DG9MNV,40.0,399.0,399.0,EUR,399.0,Amazon,DE,2026-08-21T04:55:59Z,B0H2DG9MNV,,,,,
Samsung,"Samsung LS03T The Frame 80 cm (32 Zoll) QLED Lifestyle Fernseher (Art Mode, Full HD, Dual LED, HDR 10+, Smart TV) [Modelljahr 2020]",https://www.amazon.de/dp/B085L3VZYR,32.0,519.0,519.0,EUR,519.0,Amazon,DE,2026-08-21T04:55:59Z,B085L3VZYR,,,,,
Samsung,"Samsung F5070 102 cm (40 Zoll) Fernseher (Full HD, DVB-T/C/S2)",https://www.amazon.de/dp/B00GD7ABQ2,40.0,,,,,Amazon,DE,2026-08-21T04:55:59Z,B00GD7ABQ2,,,,,
Samsung,"Samsung The Frame QE43LS03FAU QLED TV, 109 cm (43 Zoll), 4K UHD, Smart TV, HDR",https://www.amazon.de/dp/B0F5PZD3RW,43.0,568.71,568.71,EUR,568.71,Amazon,DE,2026-08-21T04:55:59Z,B0F5PZD3RW,,,,,
Samsung,"Samsung Crystal UHD TV 4K AU7199 65 Zoll (GU65AU7199UXZG, Deutsches Modell), HDR, Q-Symphony, rahmenloses Design, Smart TV [2021]",https://www.amazon.de/dp/B098C5STFB,65.0,688.0,688.0,EUR,688.0,Amazon,DE,2026-08-21T04:55:59Z,B098C5STFB,,,,,
Samsung,"Samsung QLED 4K Q70C 55 Zoll Fernseher, Quantum Prozessor 4K, Motion Xcelerator Turbo+, Quantum HDR, Smart TV [2023] (Modell 2023 55Q70C)",https://www.amazon.de/dp/B0C5JYFR24,55.0,607.88,607.88,EUR,607.88,Amazon,DE,2026-08-21T04:55:59Z,B0C5JYFR24,,,,,
Samsung,"Samsung QLED LED The Frame 50LS03D TV, 125 cm, Smart, 4K Ultra HD, Class G",https://www.amazon.de/dp/B0D54KDMQV,50.0,653.51,653.51,EUR,653.51,Amazon,DE,2026-08-21T04:55:59Z,B0D54KDMQV,,,,,
Samsung,"Samsung Neo QLED 8K QN900D Fernseher 75 Zoll, Neo Quantum HDR 8K Pro, Neural Quantum AI Gen3 Prozessor, AI Upscaling, Smart TV, KI TV, GQ75QN900DTXZG, Deutsches Modell",https://www.amazon.de/dp/B0CZS3385B,75.0,2999.0,2999.0,EUR,2999.0,Amazon,DE,2026-08-21T04:55:59Z,B0CZS3385B,,,,,
Samsung,"Samsung QLED 4K Q70C 55 Zoll Fernseher (GQ55Q70CATXZG, Deutsches Modell), Quantum Prozessor 4K, Motion Xcelerator Turbo+, Quantum HDR, Smart TV [2023]",https://www.amazon.de/dp/B0BXTBFWMR,55.0,,,,,Amazon,DE,2026-08-21T04:55:59Z,B0BXTBFWMR,,,,,
Samsung,Samsung UE65JS8500 163 cm (65 Zoll) Curved 4K Ultra HD 3D LED-TV,https://www.amazon.de/dp/B00VTPOET8,65.0,416.0,416.0,EUR,416.0,Amazon,DE,2026-08-21T04:55:59Z,B00VTPOET8,,,,,
Samsung,"Samsung Neo QLED QN900F 65 Zoll (163 cm) 8K Neo QLED TV, 7680 x 4320 Pixel, 165Hz, AirSlim Design, NQ4 AI Gen2 Prozessor, Mini LED, HDR10+, Quantum Matrix Pro, Samsu...[Länderversion Ungarisch]",https://www.amazon.de/dp/B0FND5LVPL,65.0,1480.76,1480.76,EUR,1480.76,Amazon,DE,2026-08-21T04:55:59Z,B0FND5LVPL,,,,,
Samsung,"Samsung TV F6005 (2025) 27"" LED Full HD [Länderversion Französisch, Spanisch, Portugiesisch]...[Länderversion Französisch, Spanisch, Portugiesisch]",https://www.amazon.de/dp/B0F227T2DK,27.0,362.85,362.85,EUR,362.85,Amazon,DE,2026-08-21T04:55:59Z,B0F227T2DK,,,,,
Samsung,"Samsung The Frame LS03H 4K 65 Zoll (163 cm), UHD Fernseher, Art Mode mit wechselnden Kunstwerken, Wireless One Connect Box, Antireflexion mit Glare Free, QLED-Bildqualität, Dolby Atmos, Smart AI TV",https://www.amazon.de/dp/B0GXZBG1KF,65.0,1639.0,1639.0,EUR,1639.0,Amazon,DE,2026-08-21T04:55:59Z,B0GXZBG1KF,,,,,
Samsung,"Samsung Neo QLED 4K TV QN85A 65 Zoll (GQ65QN85AATXZG), Quantum HDR 1500, Quantum-Matrix-Technologie, Ultra Viewing Angle [2021]",https://www.amazon.de/dp/B092R9H35M,65.0,1139.0,1139.0,EUR,1139.0,Amazon,DE,2026-08-21T04:55:59Z,B092R9H35M,,,,,
Samsung,"Samsung Crystal UHD 4K TV 65 Zoll (GU65AU8079UXZG), HDR, AirSlim, Dynamic Crystal Color [2021],Nachtschwarz",https://www.amazon.de/dp/B092R96849,65.0,699.0,699.0,EUR,699.0,Amazon,DE,2026-08-21T04:55:59Z,B092R96849,,,,,
Samsung,"Samsung OLED 4K S90C 55 Zoll Fernseher (GQ55S90CATXZG, Deutsches Modell), Quantum HDR OLED, Neural Quantum Prozessor 4K, LaserSlim Design, Smart TV [2023]",https://www.amazon.de/dp/B0BXTBCFBZ,55.0,1299.0,1299.0,EUR,1299.0,Amazon,DE,2026-08-21T04:55:59Z,B0BXTBCFBZ,,,,,
Samsung,Samsung Fernseher TQ55S95D 55 Zoll (55 Zoll) OLED 4K Smart TV 2024,https://www.amazon.de/dp/B0CSKKGYWN,55.0,1419.0,1419.0,EUR,1419.0,Amazon,DE,2026-08-21T04:55:59Z,B0CSKKGYWN,,,,,
Samsung,"Samsung The Frame 50"" (2025) 4K Smart TV - TQ50LS03FAUXXC [Länderversion Französisch, Spanisch, Portugiesisch]...[Länderversion Französisch, Spanisch, Portugiesisch]",https://www.amazon.de/dp/B0F225B9KJ,50.0,597.14,597.14,EUR,597.14,Amazon,DE,2026-08-21T04:55:59Z,B0F225B9KJ,,,,,
Samsung,"Samsung TV S90F (2025) 42"" OLED 4K - TQ42S90FAEXXC [Länderversion Französisch, Spanisch, Portugiesisch]...[Länderversion Französisch, Spanisch, Portugiesisch]",https://www.amazon.de/dp/B0FT879YNJ,42.0,810.45,810.45,EUR,810.45,Amazon,DE,2026-08-21T04:55:59Z,B0FT879YNJ,,,,,
Samsung,"Samsung QLED 4K Q64C Fernseher 55 Zoll, UHD, Samsung TV mit Quantum-Dot-Technologie, Quantum HDR, AirSlim Design, Smart TV, GQ55Q64CAUXZG, Deutsches Modell [2023]",https://www.amazon.de/dp/B0CYHC6C6H,55.0,,,,,Amazon,DE,2026-08-21T04:55:59Z,B0CYHC6C6H,,,,,
Samsung,TV intelligente Samsung TU55DU7105 4K Ultra HD 55' LED,https://www.amazon.de/dp/B0D2LHQGZ4,55.0,414.1,414.1,EUR,414.1,Amazon,DE,2026-08-21T04:55:59Z,B0D2LHQGZ4,,,,,
Samsung,"Samsung QLED 4K The Frame 85 Zoll Fernseher (GQ85LS03BAUXZG, Deutsches Modell), mattes Display, austauschbare Rahmen, Art Mode, Smart TV [2022]",https://www.amazon.de/dp/B09TRK5VMC,85.0,3589.0,3589.0,EUR,3589.0,Amazon,DE,2026-08-21T04:55:59Z,B09TRK5VMC,,,,,
Samsung,"Samsung Q60R 138 cm (55 Zoll) 4K QLED Fernseher (Q HDR, Ultra HD, HDR, Twin Tuner, Smart TV) [Modelljahr 2019]",https://www.amazon.de/dp/B07PH1HGHN,55.0,,,,,Amazon,DE,2026-08-21T04:55:59Z,B07PH1HGHN,,,,,
Samsung,"Samsung NU7179 138 cm (55 Zoll) LED Fernseher (Ultra HD, HDR, Triple Tuner, Smart TV) [Modelljahr 2018]",https://www.amazon.de/dp/B07B6JMD2Q,55.0,529.0,529.0,EUR,529.0,Amazon,DE,2026-08-21T04:55:59Z,B07B6JMD2Q,,,,,
Samsung,"Samsung QLED 4K Q80B 55 Zoll Fernseher (GQ55Q80BATXZG, Deutsches Modell), Quantum HDR 1500, Quantum Prozessor 4K, Dolby Atmos, Smart TV [2022]",https://www.amazon.de/dp/B09VTFKCGJ,55.0,641.65,641.65,EUR,641.65,Amazon,DE,2026-08-21T04:55:59Z,B09VTFKCGJ,,,,,
Samsung,Samsung QE55QN90D,https://www.amazon.de/dp/B0DGY2J3K8,55.0,941.15,941.15,EUR,941.15,Amazon,DE,2026-08-21T04:55:59Z,B0DGY2J3K8,,,,,
Samsung,"TV Samsung The Frame 43"" QLED 4K UHD - TQ43LS03DAU [Länderversion Französisch, Spanisch, Portugiesisch]...[Länderversion Französisch, Spanisch, Portugiesisch]",https://www.amazon.de/dp/B0CXTNBS93,43.0,548.81,548.81,EUR,548.81,Amazon,DE,2026-08-21T04:55:59Z,B0CXTNBS93,,,,,
Samsung,"Samsung TV TU75U8005FU (2025) 75"" LED UHD 4K [Länderversion Französisch, Spanisch, Portugiesisch]...[Länderversion Französisch, Spanisch, Portugiesisch]",https://www.amazon.de/dp/B0F225CDYG,75.0,753.41,753.41,EUR,753.41,Amazon,DE,2026-08-21T04:55:59Z,B0F225CDYG,,,,,
Samsung,Samsung QE50Q65C QLED-Fernseher 50 Zoll UHD,https://www.amazon.de/dp/B0BWFNSJ1M,50.0,,,,,Amazon,DE,2026-08-21T04:55:59Z,B0BWFNSJ1M,,,,,
Samsung,Samsung Ue50nu7405 Televisor 50'' LCD Led Uhd 4k HDR 1700hz Smart Tv WiFi Bluetooth,https://www.amazon.de/dp/B07C2TWKZ2,50.0,,,,,Amazon,DE,2026-08-21T04:55:59Z,B07C2TWKZ2,,,,,
Samsung,"Samsung TV 43"" (2025) Neo QLED 4K UHD - TQ43QN90FATXXC [Länderversion Französisch, Spanisch, Portugiesisch]...[Länderversion Französisch, Spanisch, Portugiesisch]",https://www.amazon.de/dp/B0F21YMCYJ,43.0,685.42,685.42,EUR,685.42,Amazon,DE,2026-08-21T04:55:59Z,B0F21YMCYJ,,,,,
Samsung,"Samsung GU40T5379A LED TV (40 Zoll (102 cm), Full HD, Smart TV, T5379A, Sprachsteuerung (Alexa, Bixby), Netflix/Amazon, HDR)",https://www.amazon.de/dp/B0C468J9FR,40.0,,,,,Amazon,DE,2026-08-21T04:55:59Z,B0C468J9FR,,,,,
Samsung,"Samsung Neo QLED 4K QN80F 85 Zoll (214 cm) Mini LED Fernseher, NQ4 AI Gen2 Prozessor, Quantum Matrix Technology Slim, Motion Xcelerator 144Hz, AirSlim Design, Samsun...[Länderversion Ungarisch]",https://www.amazon.de/dp/B0FPCS42TN,85.0,1755.41,1755.41,EUR,1755.41,Amazon,DE,2026-08-21T04:55:59Z,B0FPCS42TN,,,,,
Samsung,"Samsung H6273 116 cm (46 Zoll) Fernseher (Full HD, Triple Tuner, Smart TV)",https://www.amazon.de/dp/B00MIRQLG0,46.0,,,,,Amazon,DE,2026-08-21T04:55:59Z,B00MIRQLG0,,,,,
Samsung,"Samsung Neo QLED 4K TV QN90F 43 Zoll (108 cm) Mini LED AI Fernseher mit Glare Free HW-Q610GF Q-Serie 3.1.2-Kanal-Soundbar mit kabellosem 6,5""-Subwoofer, Dolby Atmos und DTS:X",https://www.amazon.de/dp/B0FZVY8CWM,43.0,1017.9,1017.9,EUR,1017.9,Amazon,DE,2026-08-21T04:55:59Z,B0FZVY8CWM,,,,,
Samsung,"Samsung Neo QLED 8K QN990F 65 Zoll (163 cm) Mini LED, NQ8 AI Gen3 Prozessor, Upscaling Pro, Wireless One Connect, Art Store, Smart TV, 2025",https://www.amazon.de/dp/B0F62T4RPX,65.0,3349.0,3349.0,EUR,3349.0,Amazon,DE,2026-08-21T04:55:59Z,B0F62T4RPX,,,,,
Samsung,"Samsung Crystal UHD LED Fernseher 2025, Crystal Prozessor 4K, MetalStream Design, SmartThings, Knox Security, Gaming Hub, AI Upscaling, Kostenlose Inhalte, Smart AI ...[Länderversion Ungarisch]",https://www.amazon.de/dp/B0FN811HVH,65.0,,,,,Amazon,DE,2026-08-21T04:55:59Z,B0FN811HVH,,,,,
Samsung,"Samsung QLED 4K Q60B 43 Zoll Fernseher (GQ43Q60BAUXZG, Deutsches Modell), Quantum HDR, Quantum Prozessor Lite 4K, Multi View, Smart TV [2022]",https://www.amazon.de/dp/B09VTG1HSH,43.0,549.0,549.0,EUR,549.0,Amazon,DE,2026-08-21T04:55:59Z,B09VTG1HSH,,,,,
Samsung,"Samsung - TV LED SAMSUNG 50"" ULTRA HD 4K SMART TV UE50MU6192 - 8806088948676",https://www.amazon.de/dp/B075VTV6T4,50.0,,,,,Amazon,DE,2026-08-21T04:55:59Z,B075VTV6T4,,,,,
Samsung,"Samsung Crystal UHD CU8079 65 Zoll Fernseher TV 4K (GU-65CU8079, Deutsches Modell), HDR10+, Crystal Prozessor 4K, Motion Xcelerator, Smart TV [2023], Schwarz",https://www.amazon.de/dp/B0C1CPV9MW,65.0,699.0,699.0,EUR,699.0,Amazon,DE,2026-08-21T04:55:59Z,B0C1CPV9MW,,,,,
Samsung,"Samsung QLED 4K TV Q80A 50 Zoll (GQ50Q80AATXZG), Quantum HDR 1000, Direct Full Array, Game Pro Mode [2021]",https://www.amazon.de/dp/B094JDVCVF,50.0,,,,,Amazon,DE,2026-08-21T04:55:59Z,B094JDVCVF,,,,,
Samsung,"Samsung Q80D QE75Q80DATXXH TV 190,5 cm (75"") 4K Ultra HD Smart TV WiFi Argent",https://www.amazon.de/dp/B0DF5R6VPT,75.0,,,,,Amazon,DE,2026-08-21T04:55:59Z,B0DF5R6VPT,,,,,
Samsung,"Samsung 50"" TV (2025) QLED 4K UHD - TQ50Q8FAAUXXC [Länderversion Französisch, Spanisch, Portugiesisch]...[Länderversion Französisch, Spanisch, Portugiesisch]",https://www.amazon.de/dp/B0F22BFWQQ,50.0,489.4,489.4,EUR,489.4,Amazon,DE,2026-08-21T04:55:59Z,B0F22BFWQQ,,,,,
LG,"LG OLED48C5ELB, 48 Zoll (121 cm), 4K OLED evo AI TV, α9 Gen8 Prozessor, webOS 25, 120Hz (VRR bis zu 144Hz), Modelljahr 2025",https://www.amazon.de/dp/B0F2JG88PX,48.0,659.0,659.0,EUR,659.0,Amazon,DE,2026-08-21T04:55:59Z,B0F2JG88PX,,,,,
LG,"LG Full HD LR60006LA TV 43 Zoll (109 cm) Smart TV, a5 Gen6 AI Prozessor,WebOS 23, 60Hz, HDR, 43LR60006LA (2025)",https://www.amazon.de/dp/B0FNRFJ2Y5,43.0,239.0,239.0,EUR,239.0,Amazon,DE,2026-08-21T04:55:59Z,B0FNRFJ2Y5,,,,,
LG,"LG OLED65C5ELB, 65 Zoll (165 cm), 4K OLED evo AI TV, α9 Gen8 Prozessor, webOS 25, 120Hz (VRR bis zu 144Hz), Modelljahr 2025",https://www.amazon.de/dp/B0F2JCZPB4,65.0,1179.0,1179.0,EUR,1179.0,Amazon,DE,2026-08-21T04:55:59Z,B0F2JCZPB4,,,,,
LG,"LG 55QNED7EB3C 4K QNED Mini LED AI TV, 55 Zoll, α7 Gen9 Prozessor, webOS 26, 60Hz, VRR bis zu 60Hz, Modelljahr 2026",https://www.amazon.de/dp/B0GSGXDD7M,55.0,455.05,455.05,EUR,455.05,Amazon,DE,2026-08-21T04:55:59Z,B0GSGXDD7M,,,,,
LG,"LG 43NU8E0B3LA Nano 4K UHD TV, 43 Zoll, α7 Gen9 4K AI Prozessor, webOS 26, 60Hz, VRR bis zu 60Hz, Modelljahr 2026, Energieklasse F",https://www.amazon.de/dp/B0GSRLQ5J3,43.0,369.0,369.0,EUR,369.0,Amazon,DE,2026-08-21T04:55:59Z,B0GSRLQ5J3,,,,,
LG,"LG OLED55C5ELB TV 55 Zoll (139 cm) 4K OLED evo AI TV (α9 Gen8 4K AI Prozessor, webOS 25, 120Hz (VRR bis zu 144Hz)) [Modelljahr 2025]",https://www.amazon.de/dp/B0F2JB8LDX,55.0,899.0,899.0,EUR,899.0,Amazon,DE,2026-08-21T04:55:59Z,B0F2JB8LDX,,,,,
LG,"LG 65NU8E0B3LA Nano 4K UHD TV, 65 Zoll, α7 Gen9 4K AI Prozessor, webOS 26, 60Hz, VRR bis zu 60Hz, Modelljahr 2026, Energieklasse E",https://www.amazon.de/dp/B0GSGWWKHY,65.0,609.0,609.0,EUR,609.0,Amazon,DE,2026-08-21T04:55:59Z,B0GSGWWKHY,,,,,
LG,"LG 65QNED7EB3C TV 65 Zoll, 1650 Mm, 4K QNED Mini LED AI, α7 Gen9 Prozessor, webOS 26, 60Hz, VRR, Modelljahr 2026",https://www.amazon.de/dp/B0GSGY9XR7,65.0,599.0,599.0,EUR,599.0,Amazon,DE,2026-08-21T04:55:59Z,B0GSGY9XR7,,,,,
LG,"LG 27LB70006LA TV 27 Zoll (68 cm) Full HD LCD TV (α5 Gen9 4K AI Prozessor, webOS 26, 120Hz) [Modelljahr 2026] [Energieklasse E]",https://www.amazon.de/dp/B0H2F6QFQK,27.0,209.0,209.0,EUR,209.0,Amazon,DE,2026-08-21T04:55:59Z,B0H2F6QFQK,,,,,
LG,"LG 32LQ63006LA TV 80 cm (32 Zoll) Full HD Fernseher (Google Assistant, 60 Hz, Smart TV) [Modelljahr 2022], schwarz",https://www.amazon.de/dp/B09RQ4C4KX,32.0,189.0,189.0,EUR,189.0,Amazon,DE,2026-08-21T04:55:59Z,B09RQ4C4KX,,,,,
LG,LG Smart TV 55 Zoll 4K Ultra HD LED Display NanoCell System WebOS Prozessor A7 Gen8 Klasse G Farbe Schwarz Fernseher - 55NANO81A6A.API,https://www.amazon.de/dp/B0FFGZZTMH,55.0,349.0,349.0,EUR,349.0,Amazon,DE,2026-08-21T04:55:59Z,B0FFGZZTMH,,,,,
LG,"LG OLED55C6ELB 4K OLED Evo AI TV, 55 Zoll, α11 Gen3 Prozessor, webOS 26, 120Hz, VRR bis zu 165Hz, Modelljahr 2026, Energieklasse G",https://www.amazon.de/dp/B0GSH2S5VY,55.0,1499.0,1499.0,EUR,1499.0,Amazon,DE,2026-08-21T04:55:59Z,B0GSH2S5VY,,,,,
LG,"LG 50UA75006LA TV 50 Zoll (127 cm) 4K UHD AI TV (α7 Gen8 4K AI Prozessor, webOS 25, 60Hz) [Modelljahr 2025]",https://www.amazon.de/dp/B0F2GFLHR9,50.0,339.0,339.0,EUR,339.0,Amazon,DE,2026-08-21T04:55:59Z,B0F2GFLHR9,,,,,
LG,"LG 55NU8E0B3LA TV 55 Zoll (139 cm) Nano 4K UHD TV (α7 Gen9 4K AI Prozessor, webOS 26, 60Hz (VRR bis zu 60Hz)) [Modelljahr 2026] [Energieklasse E]",https://www.amazon.de/dp/B0GSH1DNSP,55.0,489.0,489.0,EUR,489.0,Amazon,DE,2026-08-21T04:55:59Z,B0GSH1DNSP,,,,,
LG,"LG OLED48B59LA TV 48 Zoll (121 cm) 4K OLED AI TV (α8 Gen2 4K AI Prozessor, webOS 25, 120Hz) [Modelljahr 2025]",https://www.amazon.de/dp/B0F2JFD3PN,48.0,575.1,575.1,EUR,575.1,Amazon,DE,2026-08-21T04:55:59Z,B0F2JFD3PN,,,,,
LG,"LG OLED48G56LS TV 48"" (121 cm) OLED evo Fernseher (α11 4K AI-Prozessor, webOS 25, Dolby Vision, bis zu 120Hz) [Modelljahr 2025]",https://www.amazon.de/dp/B0F7468M2N,48.0,799.0,799.0,EUR,799.0,Amazon,DE,2026-08-21T04:55:59Z,B0F7468M2N,,,,,
LG,"LG 32LQ63806LC TV 80 cm (32 Zoll) LCD Fernseher (1080p FHD, 60 Hz, Smart TV, weiß) (Modelljahr 2022), Multicolor",https://www.amazon.de/dp/B09V5C4BN7,32.0,189.0,189.0,EUR,189.0,Amazon,DE,2026-08-21T04:55:59Z,B09V5C4BN7,,,,,
LG,"LG 55QNED82A6B TV 55 Zoll (139 cm) 4K QNED AI TV (α7 Gen8 4K AI Prozessor, webOS 25, 60Hz) [Modelljahr 2025]",https://www.amazon.de/dp/B0F2259VV1,55.0,399.0,399.0,EUR,399.0,Amazon,DE,2026-08-21T04:55:59Z,B0F2259VV1,,,,,
LG,"LG 43UR78006LK 109 cm (43 Zoll) UHD Fernseher (Active HDR, 60 Hz, Smart TV) [Modelljahr 2023]",https://www.amazon.de/dp/B0BWWJQVGZ,43.0,270.67,270.67,EUR,270.67,Amazon,DE,2026-08-21T04:55:59Z,B0BWWJQVGZ,,,,,
LG,LG TV AI NANO81 (2025) 65 Zoll NanoCell UHD 4K - 65NANO81A6A,https://www.amazon.de/dp/B0F4PS3DLS,65.0,469.0,469.0,EUR,469.0,Amazon,DE,2026-08-21T04:55:59Z,B0F4PS3DLS,,,,,
LG,"LG TV 65 Zoll (165 cm) 4K UHD AI TV 2025 (α7 Gen8 4K AI Prozessor, webOS 25, 60Hz) 65UA73006LA",https://www.amazon.de/dp/B0F2GBVRN8,65.0,,,,,Amazon,DE,2026-08-21T04:55:59Z,B0F2GBVRN8,,,,,
LG,"LG OLED42C5ELB, 42 Zoll (106 cm), 4K OLED evo AI TV, α9 Gen8 Prozessor, webOS 25, 120Hz (VRR bis zu 144Hz), Modelljahr 2025",https://www.amazon.de/dp/B0F2JCD8F3,42.0,662.41,662.41,EUR,662.41,Amazon,DE,2026-08-21T04:55:59Z,B0F2JCD8F3,,,,,
LG,"LG 55QNED83B6A 4K QNED Evo Mini LED AI TV, 55 Zoll, α8 Gen3 Prozessor, webOS 26, 120Hz, VRR bis zu 144Hz, Modelljahr 2026, Energieklasse F",https://www.amazon.de/dp/B0GSH9Z1JM,55.0,649.0,649.0,EUR,649.0,Amazon,DE,2026-08-21T04:55:59Z,B0GSH9Z1JM,,,,,
LG,"LG 65NANO80A6B TV 65 Zoll (165 cm) 4K NanoCell AI TV (α7 Gen8 4K AI Prozessor, webOS 25, 60Hz) [Modelljahr 2025]",https://www.amazon.de/dp/B0F2GKL4VG,65.0,489.0,489.0,EUR,489.0,Amazon,DE,2026-08-21T04:55:59Z,B0F2GKL4VG,,,,,
LG,"LG 50QNED86A6C TV 50 Zoll (127 cm) 4K QNED evo AI TV (α7 Gen8 4K AI Prozessor, webOS 25, 60Hz) [Modelljahr 2025]",https://www.amazon.de/dp/B0F3DNWVBZ,50.0,499.0,499.0,EUR,499.0,Amazon,DE,2026-08-21T04:55:59Z,B0F3DNWVBZ,,,,,
LG,"Smart TV LG 50NANO81A6A 4K Ultra HD 50"" LED Wi-Fi",https://www.amazon.de/dp/B0FY7KJBKZ,50.0,329.0,329.0,EUR,329.0,Amazon,DE,2026-08-21T04:55:59Z,B0FY7KJBKZ,,,,,
LG,"LG OLED42C54LA TV 42 Zoll (107 cm) 4K OLED evo AI TV, α9 Gen8 4K AI Prozessor, webOS 25, 120 Hz (VRR bis 144 Hz), Modelljahr 2025",https://www.amazon.de/dp/B0FQP7K879,42.0,649.0,649.0,EUR,649.0,Amazon,DE,2026-08-21T04:55:59Z,B0FQP7K879,,,,,
LG,"LG 50QNED82A6B TV 50 Zoll (127 cm) 4K QNED AI TV (α7 Gen8 4K AI Prozessor, webOS 25, 60Hz) [Modelljahr 2025]",https://www.amazon.de/dp/B0F228H2M1,50.0,359.0,359.0,EUR,359.0,Amazon,DE,2026-08-21T04:55:59Z,B0F228H2M1,,,,,
LG,"LG OLED77G67LW 4K OLED Evo AI TV, 77 Zoll, α11 Gen3 Prozessor, webOS 26, 120Hz, VRR bis zu 165Hz, Modelljahr 2026, Energieklasse E",https://www.amazon.de/dp/B0GSGYQ3S4,77.0,3199.0,3199.0,EUR,3199.0,Amazon,DE,2026-08-21T04:55:59Z,B0GSGYQ3S4,,,,,
LG,"LG 75QNED82A6B TV 75 Zoll (190 cm) 4K QNED AI TV (α7 Gen8 4K AI Prozessor, webOS 25, 60Hz) [Modelljahr 2025]",https://www.amazon.de/dp/B0F2293HRK,75.0,816.89,816.89,EUR,816.89,Amazon,DE,2026-08-21T04:55:59Z,B0F2293HRK,,,,,
LG,"LG 65QNED82A6B TV 65 Zoll (165 cm) 4K QNED AI TV (α7 Gen8 4K AI Prozessor, webOS 25, 60Hz) [Modelljahr 2025]",https://www.amazon.de/dp/B0F226M1SY,65.0,649.0,649.0,EUR,649.0,Amazon,DE,2026-08-21T04:55:59Z,B0F226M1SY,,,,,
LG,"LG 32LQ630B6LA TV 81,3 cm [32] HD Smart TV Wi-Fi Nero (LG 32LQ630B6LA LQ630B Series - 32 LED)",https://www.amazon.de/dp/B09XXX78CS,32.0,,,,,Amazon,DE,2026-08-21T04:55:59Z,B09XXX78CS,,,,,
LG,"LG 43QNED82A6B TV 43 Zoll (109 cm) 4K QNED AI TV (α7 Gen8 4K AI Prozessor, webOS 25, 60Hz) [Modelljahr 2025]",https://www.amazon.de/dp/B0F2269H9B,43.0,329.0,329.0,EUR,329.0,Amazon,DE,2026-08-21T04:55:59Z,B0F2269H9B,,,,,
LG,"LG OLED55G59LS TV 55 Zoll (139 cm) 4K OLED evo AI TV (α11 Gen2 4K AI Prozessor, webOS 25, 120Hz (VRR bis zu 165Hz)) [Modelljahr 2025]",https://www.amazon.de/dp/B0F4KQJFFM,55.0,,,,,Amazon,DE,2026-08-21T04:55:59Z,B0F4KQJFFM,,,,,
LG,"LG OLED77B59LA TV 77 Zoll (195 cm) 4K OLED AI TV (α8 Gen2 4K AI Prozessor, webOS 25, 120Hz) [Modelljahr 2025]",https://www.amazon.de/dp/B0F225VHQ7,77.0,1478.9,1478.9,EUR,1478.9,Amazon,DE,2026-08-21T04:55:59Z,B0F225VHQ7,,,,,
LG,"LG TV 55QNED70A6A (2025) 55"" QNED 4K UHD",https://www.amazon.de/dp/B0FV25V1Q7,55.0,429.0,429.0,EUR,429.0,Amazon,DE,2026-08-21T04:55:59Z,B0FV25V1Q7,,,,,
LG,"LG 55UH600V 139 cm (55 Zoll) 4K Ultra HD Fernseher (3840 x 2160, Smart TV)",https://www.amazon.de/dp/B01C8TFAY6,55.0,400.0,400.0,EUR,400.0,Amazon,DE,2026-08-21T04:55:59Z,B01C8TFAY6,,,,,
LG,"LG 43UA73003LA – 43 Zoll Fernseher (Smart TV, DVB-T2, 4K, LED, Energieeffizienzklasse G",https://www.amazon.de/dp/B0G1ZDLM2H,43.0,269.9,269.9,EUR,269.9,Amazon,DE,2026-08-21T04:55:59Z,B0G1ZDLM2H,,,,,
LG,"LG 98UT91006LA TV 98"" (249 cm) UHD Fernseher (α8 4K AI-Prozessor, webOS 24, bis zu 120Hz) [Modelljahr 2024]",https://www.amazon.de/dp/B0FBS98KPZ,98.0,1589.0,1589.0,EUR,1589.0,Amazon,DE,2026-08-21T04:55:59Z,B0FBS98KPZ,,,,,
LG,"LG 27LB70003LA TV 27 Zoll (68 cm) Full HD LCD TV (α5 Gen9 4K AI Prozessor, webOS 26, 120Hz) [Modelljahr 2026] [Energieklasse E]",https://www.amazon.de/dp/B0HCCNNBYG,27.0,253.79,253.79,EUR,253.79,Amazon,DE,2026-08-21T04:55:59Z,B0HCCNNBYG,,,,,
LG,"LG OLED55B4ELA TV 139 cm (55 Zoll) OLED Fernseher (α8 4K AI-Prozessor, webOS 24, Dolby Vision, bis zu 120Hz) [Modelljahr 2024]",https://www.amazon.de/dp/B0DDTVTT65,55.0,849.95,849.95,EUR,849.95,Amazon,DE,2026-08-21T04:55:59Z,B0DDTVTT65,,,,,
LG,"LG 65QNED86T6A TV 65"" (165 cm) QNED Fernseher (α8 4K AI-Prozessor, webOS 24, HDR10, bis zu 120Hz) [Modelljahr 2024]",https://www.amazon.de/dp/B0CYPY4DYN,65.0,1219.0,1219.0,EUR,1219.0,Amazon,DE,2026-08-21T04:55:59Z,B0CYPY4DYN,,,,,
LG,"LG OLED65B68LA 4K OLED AI TV, 65 Zoll, α8 Gen3 Prozessor, webOS 26, 120Hz, VRR bis zu 120Hz, Modelljahr 2026, Energieklasse F",https://www.amazon.de/dp/B0GSH1VH5S,65.0,1399.0,1399.0,EUR,1399.0,Amazon,DE,2026-08-21T04:55:59Z,B0GSH1VH5S,,,,,
LG,"LG 43NU850B6LA - Smart TV Nano 4K UHD NU85, 43 Zoll, ohne Reflexionen zu 94 %, WebOS 26 AI, intelligenter Prozessor α7 AI Prozessor 4K Gen9, HDR10 Pro, 4K Super Upscaling, Dolby",https://www.amazon.de/dp/B0H2DWJC5L,43.0,305.31,305.31,EUR,305.31,Amazon,DE,2026-08-21T04:55:59Z,B0H2DWJC5L,,,,,
Toshiba,Toshiba 43UV2363DG Fernseher 43 Zoll VIDAA Smart TV mit 4K UHD Auflösung | HDR | 3x HDMI | 2x USB | Dolby Audio | Sprachsteuerung | Frameless Design | Triple-Tuner DVB-C/-S2/-T2 | Modelljahr 2026,https://www.amazon.de/dp/B0CHF5GKTL,43.0,219.17,219.17,EUR,219.17,Amazon,DE,2026-08-21T04:55:59Z,B0CHF5GKTL,,,,,
Philips,"Philips Ambilight 65PUS8109 4K LED Smart TV - 65-Zoll Display mit Pixel-präziser Ultra HD, Titan OS Plattform und Dolby Atmos, Funktioniert mit Alexa und Google Sprachassistent - Satiniertes Chrom",https://www.amazon.de/dp/B0D3MWKK68,65.0,,,,,Amazon,DE,2026-08-21T04:55:59Z,B0D3MWKK68,,,,,
Hisense,"Hisense 55E89Q Fernseher, 55 Zoll (139cm), 4K ULED Mini LED, Smart TV, 144Hz Game Mode PRO, Hi-View AI Engine, AI Smoothmotion, Built-in Subwoofer, Dolby Vision.Atmos, Filmmaker Mode, Hi-Concerto",https://www.amazon.de/dp/B0G5QTS4MN,55.0,459.0,459.0,EUR,459.0,Amazon,DE,2026-08-21T04:55:59Z,B0G5QTS4MN,,,,,
TCL,"TCL 50Q7C 50 Zoll QD-Mini LED Fernseher, 4K HDR Premium 2000, Smart TV unterstützt durch Google TV (Dolby Vision IQ & Atmos, HVA-Panel, 144Hz Motion Clarity Pro, Freihändige Sprachsteuerung) | Game Master, Dolby Vision IQ & Atmos, Motion Clarity, HVA-Panel, Apple AirPlay 2, Alexa-kompatibel, Sprachsteuerung",https://www.amazon.de/dp/B0F38D74ZD,50.0,,,,,Amazon,DE,2026-08-21T04:55:59Z,B0F38D74ZD,,,,,
LG,"LG OLED EVO 42C58LA 42 Zoll Fernseher, 4K Smart TV 120Hz, a9 Gen8 AI Prozessor 4K, WebOS 25",https://www.amazon.de/dp/B0F4H639VZ,42.0,790.85,790.85,EUR,790.85,Amazon,DE,2026-08-21T04:55:59Z,B0F4H639VZ,,,,,
Sony,"Sony BRAVIA, KD-75X75WL, 75 Zoll Fernseher, LED, 4K HDR, Google TV, Smart TV, Works with Alexa, BRAVIA CORE, HDMI 2.1, Gaming-Menü mit ALLM",https://www.amazon.de/dp/B0BYP2QT3X,75.0,999.01,999.01,EUR,999.01,Amazon,DE,2026-08-21T04:55:59Z,B0BYP2QT3X,,,,,
LG,"LG 50NU850B6LA - Smart TV Nano 4K UHD NU80, 50 Zoll, ohne Reflexionen zu 94 %, WebOS 26 AI, intelligenter Prozessor α7 AI, Prozessor 4K Gen9, HDR10, 4K Super Upscaling, Dolby Digital Plus (50 Zoll)",https://www.amazon.de/dp/B0H19L9W71,50.0,450.09,450.09,EUR,450.09,Amazon,DE,2026-08-21T04:55:59Z,B0H19L9W71,,,,,
LG,"LG 75NANO81T6A TV 75"" (190 cm) NanoCell Fernseher (α5 Gen7 4K AI-Prozessor, webOS 24, HDR10, bis zu 60Hz) [Modelljahr 2024]",https://www.amazon.de/dp/B0CYQ1HZHW,75.0,649.99,649.99,EUR,649.99,Amazon,DE,2026-08-21T04:55:59Z,B0CYQ1HZHW,,,,,
TCL,"TCL 55V6C 55 Zoll Direct LED TV, 4K HDR Fernseher, Smart TV mithilfe von Google TV (Dolby Audio, Motion Clarity, Kompatibel mit Google Assistant & Alexa) | Dolby Audio, Motion Clarity, Google Assistant, Alexa-kompatibel",https://www.amazon.de/dp/B0DV94JCVX,55.0,329.0,329.0,EUR,329.0,Amazon,DE,2026-08-21T04:55:59Z,B0DV94JCVX,,,,,
LG,"Smart TV LG 32LR60006LA.AEUQ Full HD 32"" LED",https://www.amazon.de/dp/B0F227Q92B,32.0,,,,,Amazon,DE,2026-08-21T04:55:59Z,B0F227Q92B,,,,,
LG,"LG OLED65G54LW TV 65 Zoll (15,2 cm), OLED EVO 4K, Smart TV AI B5, WebOS 25, Dolby Vision und Dolby Atmos, AMD FreeSync, Alexa/Google Assistant, Schwarz",https://www.amazon.de/dp/B0F3D871FD,65.0,,,,,Amazon,DE,2026-08-21T04:55:59Z,B0F3D871FD,,,,,
LG,"LG OLED EVO 48C58LA 48 Zoll Fernseher, 4K Smart TV 120Hz, a9 Gen8 AI Prozessor 4K, WebOS 25",https://www.amazon.de/dp/B0F4JY1RD9,48.0,729.0,729.0,EUR,729.0,Amazon,DE,2026-08-21T04:55:59Z,B0F4JY1RD9,,,,,
Hisense,"Hisense 43E7NQ 108 cm (43 Zoll) Fernseher, 4K UHD, QLED, HDR10, HDR10+ decoding, HLG, Dolby Vision Atmos, 60Hz Panel, Smooth Motion, Bluetooth, Alexa Built-in, VIDAA Voice, Schwarz [2024]",https://www.amazon.de/dp/B0CXTL4DBP,43.0,,,,,Amazon,DE,2026-08-21T04:55:59Z,B0CXTL4DBP,,,,,
LG,"TV intelligente LG 24TQ510S-PZ 24"" HD LED WIFI",https://www.amazon.de/dp/B09ZV6HKQT,24.0,186.31,186.31,EUR,186.31,Amazon,DE,2026-08-21T04:55:59Z,B09ZV6HKQT,,,,,
LG,LG 43UM7400PLB 108 cm (Fernseher ),https://www.amazon.de/dp/B07RM7TXJG,43.0,229.4,229.4,EUR,229.4,Amazon,DE,2026-08-21T04:55:59Z,B07RM7TXJG,,,,,
LG,"LG 47LW4500 119 cm (47 Zoll) Cinema 3D LED-Backlight-Fernseher (Full-HD, 400Hz, DVB-T, DVB-C, CI+) schwarz",https://www.amazon.de/dp/B004QF0PT6,47.0,300.0,300.0,EUR,300.0,Amazon,DE,2026-08-21T04:55:59Z,B004QF0PT6,,,,,
LG,"LG 60LA7408 152 cm (60 Zoll) Cinema 3D LED-Backlight-Fernseher, EEK A+ (Full HD, 800Hz MCI, WLAN, DVB-T/C/S, Smart TV) schwarz inkl. 3D Camcorder",https://www.amazon.de/dp/B00EJF17RC,60.0,400.0,400.0,EUR,400.0,Amazon,DE,2026-08-21T04:55:59Z,B00EJF17RC,,,,,
LG,LG 98NU900B6LB - Smart TV Nano 4K UHD AI NU90 98 Zoll 4K 2026,https://www.amazon.de/dp/B0H5KYV6LN,98.0,1799.0,1799.0,EUR,1799.0,Amazon,DE,2026-08-21T04:55:59Z,B0H5KYV6LN,,,,,
TCL,"TCL 43T69C 43 Zoll QLED, Direct LED TV, 4K HDR TV, Smart Google TV (Dolby Vision & Atmos, Game Master, Motion Clarity, Kompatibel mit Google Assistant & Alexa) | Game Master, Dolby Vision, Dolby Atmos, Motion Clarity, Google Assistant, Alexa-kompatibel",https://www.amazon.de/dp/B0F8QFTXW9,43.0,260.0,260.0,EUR,260.0,Amazon,DE,2026-08-21T04:55:59Z,B0F8QFTXW9,,,,,
LG,"LG OLED83G58LW TV 83 Zoll (210 cm) 4K OLED evo AI TV (α11 Gen2 4K AI Prozessor, webOS 25, 120Hz (VRR bis zu 165Hz)) [Modelljahr 2025]",https://www.amazon.de/dp/B0F4J22QGD,83.0,3499.0,3499.0,EUR,3499.0,Amazon,DE,2026-08-21T04:55:59Z,B0F4J22QGD,,,,,
LG,"REFLEXION LED24IBT Smart LED Fernseher, LG webOSHub, 60 cm / 24 Zoll, Wohnwagen/Wohnmobil/Camping/Caravan/Boot/LKW TV, 12/230 Volt, Full HD, Triple Tuner, DVB-T2HD, DVB-S2, DVB-C, Bluetooth, WLAN",https://www.amazon.de/dp/B0DK62XLYP,24.0,,,,,Amazon,DE,2026-08-21T04:55:59Z,B0DK62XLYP,,,,,
LG,"Cello C2425WSF Trav 24"" 230V 12V Full HD SMART/DVD Camping Reise TV integrierter DVD Player Rahmenlos Triple Tuner Bluetooth WebOS by LG Pitch Perfect Lautsprecher Wohnmobil LKW [2025]",https://www.amazon.de/dp/B0DZCSKQ2D,24.0,219.99,219.99,EUR,219.99,Amazon,DE,2026-08-21T04:55:59Z,B0DZCSKQ2D,,,,,
LG,"LG OLED48C47LA TV 48"" (121 cm) OLED evo Fernseher (α9 Gen7 4K AI-Prozessor, webOS 24, Dolby Vision, bis zu 120Hz) [Modelljahr 2024]",https://www.amazon.de/dp/B0CYQ16XRR,48.0,,,,,Amazon,DE,2026-08-21T04:55:59Z,B0CYQ16XRR,,,,,
TCL,"TCL 50T6C 50 Zoll QLED Fernseher, 4K UHD Fire TV, HDR10+, Dolby Vision & Atmos, Smart TV mit Sprachsteuerung mit Alexa, Google Cast & AirPlay 2 | Dolby Vision, Alexa-kompatibel",https://www.amazon.de/dp/B0DW9792RH,50.0,319.0,319.0,EUR,319.0,Amazon,DE,2026-08-21T04:55:59Z,B0DW9792RH,,,,,
LG,"LG OLED55G54LW TV 55 Zoll (139,7 cm), OLED EVO 4K, Smart TV AI G5, WebOS 25, Super Upscaling, Dolby Vision und Dolby Atmos, AMD FreeSync, Alexa/Google Assistant, Schwarz",https://www.amazon.de/dp/B0F3D88VP6,55.0,1349.0,1349.0,EUR,1349.0,Amazon,DE,2026-08-21T04:55:59Z,B0F3D88VP6,,,,,
Hisense,"Hisense 75E7Q Fehrnseher, 75 Zoll, 4K UHD QLED, Smart TV, Game Mode Plus, Filmaker Mode, Dolby Vision Atmos, HDR10, HLG, HDR Immersive, AI 4K Upscaler, Dolby MS12, DTS X, Sprachsteuerung [2025]",https://www.amazon.de/dp/B0F1MNRHYV,75.0,625.0,625.0,EUR,625.0,Amazon,DE,2026-08-21T04:55:59Z,B0F1MNRHYV,,,,,
TCL,"TCL 75T8C 75 Zoll QLED 4K HDR UHD Fernseher, Smart Google TV Dolby Vision & Atmos, 144Hz Motion Clarity Pro, Game Bar, ALLM, FreeSync, Onkyo 2.1 Sound, Sprachsteuerung, Kompatibel mit Google Assistant | FreeSync, Dolby Vision, Dolby Atmos, Motion Clarity, 2.1 Onkyo Sound, Google Cast, Google Assistant, Sprachsteuerung",https://www.amazon.de/dp/B0DV9L71QL,75.0,699.0,699.0,EUR,699.0,Amazon,DE,2026-08-21T04:55:59Z,B0DV9L71QL,,,,,
LG,"LG NANOCELL AI 2025 TV | 55NANO90| 55 Zoll (139cm) | 4K UHD | HDR10 | webOS 25 | Telekommade AI Magic Remote | Alexa, Google Assistant | Netflix Disney+ C+ Prime Video | AirPlay 2 | Reine Farben",https://www.amazon.de/dp/B0F4KP88XQ,55.0,,,,,Amazon,DE,2026-08-21T04:55:59Z,B0F4KP88XQ,,,,,
LG,"LG 65UR78006LK 165 cm (65 Zoll) UHD Fernseher (Active HDR, 60 Hz, Smart TV) [Modelljahr 2023]",https://www.amazon.de/dp/B0C2DGW39Y,65.0,,,,,Amazon,DE,2026-08-21T04:55:59Z,B0C2DGW39Y,,,,,
LG,"LG 55NU850B6LA - Smart TV Nano 4K UHD NU80 139,7 cm (55 Zoll), ohne Reflexionen zu 94 %, WebOS 26 AI Copilot, Intelligenter Prozessor α7 AI Prozessor 4K Gen9, HDR10, 4K Super Upscaling, Dolby Digital",https://www.amazon.de/dp/B0H197QQMH,55.0,,,,,Amazon,DE,2026-08-21T04:55:59Z,B0H197QQMH,,,,,
LG,"LG 50QNED756RA 127 cm (50 Zoll) 4K QNED MiniLED TV (Active HDR, 60 Hz, Smart TV) [Modelljahr 2023]",https://www.amazon.de/dp/B0BWWLPHH2,50.0,,,,,Amazon,DE,2026-08-21T04:55:59Z,B0BWWLPHH2,,,,,
LG,"LG Electronics 65UP75009LF 164 cm (65 Zoll) UHD Fernseher (4K, 60 Hz, Smart TV) [Modelljahr 2021], Schwarz",https://www.amazon.de/dp/B08VD8PFJL,65.0,,,,,Amazon,DE,2026-08-21T04:55:59Z,B08VD8PFJL,,,,,
LG,"LG 86QNED86T6A TV 86"" (218 cm) QNED Fernseher (α8 4K AI-Prozessor, webOS 24, HDR10, bis zu 120Hz) [Modelljahr 2024]",https://www.amazon.de/dp/B0CYPY4YG5,86.0,,,,,Amazon,DE,2026-08-21T04:55:59Z,B0CYPY4YG5,,,,,
LG,"LG 55UF680V schwarz Ultra HD 1000PMI LED-TV 55"" (139cm) Metallic Design",https://www.amazon.de/dp/B013SOPSJW,55.0,300.0,300.0,EUR,300.0,Amazon,DE,2026-08-21T04:55:59Z,B013SOPSJW,,,,,
LG,"LG OLED65G64LW 2026 Smart TV OLED EVO AI 65 Zoll, 4K, ohne Reflexionen | OLED evo, Smart TV, WebOS 26, Prozessor α11 AI Gen3, VRR 165Hz, Reflection Free Premium, dunkelgrau Titan",https://www.amazon.de/dp/B0GYPYSKGW,65.0,2299.0,2299.0,EUR,2299.0,Amazon,DE,2026-08-21T04:55:59Z,B0GYPYSKGW,,,,,
LG,LG UHD TV AI 2026 | 43NU80 | 43 Zoll (108 cm),https://www.amazon.de/dp/B0GTRJ4LRS,43.0,296.51,296.51,EUR,296.51,Amazon,DE,2026-08-21T04:55:59Z,B0GTRJ4LRS,,,,,
LG,LG 50 inch QNED evo AI QNED87 Mini LED 4K Smart TV 2026,https://www.amazon.de/dp/B0H7BQXYZQ,50.0,799.0,799.0,EUR,799.0,Amazon,DE,2026-08-21T04:55:59Z,B0H7BQXYZQ,,,,,
LG,Smart TV LG 43NANO81A6A,https://www.amazon.de/dp/B0FY7KGN76,42.0,,,,,Amazon,DE,2026-08-21T04:55:59Z,B0FY7KGN76,,,,,
LG,"LG 55EG920V TVC OLED 55"" UHD Curved 3D SMART SAT",https://www.amazon.de/dp/B016KKSXM0,55.0,700.0,700.0,EUR,700.0,Amazon,DE,2026-08-21T04:55:59Z,B016KKSXM0,,,,,
LG,LG TV Evo AI QNED87 (2026) 100 Zoll QNED MiniLED UHD 4K - 100QNED87B6,https://www.amazon.de/dp/B0H4ZLSKF4,100.0,3371.8,3371.8,EUR,3371.8,Amazon,DE,2026-08-21T04:55:59Z,B0H4ZLSKF4,,,,,
LG,LG - TV - OLED - 48 Zoll - 4K UHD - B6 - Smart TV - 120Hz - Schwarz Absolu | Display – 48 Zoll – (3840 x 2160) – realistische Farben – NVIDIA Gsync und AMD FreeSync – 4 x HDMI 2.1 – AI 2026,https://www.amazon.de/dp/B0GWFNR5PT,48.0,1079.0,1079.0,EUR,1079.0,Amazon,DE,2026-08-21T04:55:59Z,B0GWFNR5PT,,,,,
LG,"LG OLED65C97LA 164 cm (65 Zoll) OLED Fernseher (OLED, Dual Triple Tuner, 4K Cinema HDR, Dolby Vision, Dolby Atmos, Smart TV)",https://www.amazon.de/dp/B07R5KPLX5,65.0,,,,,Amazon,DE,2026-08-21T04:55:59Z,B07R5KPLX5,,,,,
TCL,"TCL 75V6C 75 Zoll Direct LED TV, 4K HDR Fernseher, Smart TV mithilfe von Google TV (Dolby Audio, Motion Clarity, Kompatibel mit Google Assistant & Alexa)",https://www.amazon.de/dp/B0DV9L8KLJ,75.0,649.0,649.0,EUR,649.0,Amazon,DE,2026-08-21T04:55:59Z,B0DV9L8KLJ,,,,,
LG,"LG 75UR80006LJ 190 cm (75 Zoll) UHD Fernseher (Active HDR, 60 Hz, Smart TV) [Modelljahr 2023]",https://www.amazon.de/dp/B0BWWKTDPY,75.0,1484.18,1484.18,EUR,1484.18,Amazon,DE,2026-08-21T04:55:59Z,B0BWWKTDPY,,,,,
LG,"LG 32LQ63006LA Smart TV 32 Zoll Full HD, LED TV 2022 mit α5 Gen 5 Prozessor mit AI, webOS 22, HDR, WLAN, Bluetooth, Game Optimizer, Google Stadia und GeForce Now, kompatibel mit Google Home und Alexa",https://www.amazon.de/dp/B09T74KPR6,32.0,,,,,Amazon,DE,2026-08-21T04:55:59Z,B09T74KPR6,,,,,
LG,"LG 49UF690V 124 cm (Fernseher,600 Hz)",https://www.amazon.de/dp/B00XNAI16Y,49.0,,,,,Amazon,DE,2026-08-21T04:55:59Z,B00XNAI16Y,,,,,
LG,"LG OLED55C27LA TV 139 cm (55 Zoll) OLED evo Fernseher (Cinema HDR, 120 Hz, Smart TV) [Modelljahr 2022]",https://www.amazon.de/dp/B09RQ2LTNW,55.0,1677.86,1677.86,EUR,1677.86,Amazon,DE,2026-08-21T04:55:59Z,B09RQ2LTNW,,,,,
LG,"LG QNED AI 2025 TV | 43QNED8E | 43 Zoll (108 cm) | 4K UHD | HDR10 | webOS 25 | Telekommade AI Magic Remote | Alexa, Google Assistant | Netflix Disney+ C+ Prime Video | AirPlay 2 | Brillante",https://www.amazon.de/dp/B0F4KMPM6B,43.0,,,,,Amazon,DE,2026-08-21T04:55:59Z,B0F4KMPM6B,,,,,
LG,"LG 27LB70006LA Smart TV FHD AI LB70 27 Zoll 2K 2026, WebOS 26 IA mit Copilot, α5 AI Gen9, 120Hz, Upscaler, Dolby Digital Plus, schwarz",https://www.amazon.de/dp/B0H7262TF4,27.0,,,,,Amazon,DE,2026-08-21T04:55:59Z,B0H7262TF4,,,,,
LG,"LG 43LR60006LA・109 cm (43"") Diagonalklasse (43LR60006LA)",https://www.amazon.de/dp/B0G6KMCJD2,43.0,293.14,293.14,EUR,293.14,Amazon,DE,2026-08-21T04:55:59Z,B0G6KMCJD2,,,,,
LG,"LG OLED42C62LA TV 42 Zoll (106 cm) 4K OLED evo AI TV (α11 Gen3 4K AI Prozessor, webOS 26, 120Hz (VRR bis zu 165Hz)) [Modelljahr 2026] [Energieklasse G]",https://www.amazon.de/dp/B0HCCTVBJY,42.0,1099.0,1099.0,EUR,1099.0,Amazon,DE,2026-08-21T04:55:59Z,B0HCCTVBJY,,,,,
Hisense,"Hisense 55E7Q PRO Fernseher 139cm (55 Zoll) 4K UHD QLED, Smart TV,144Hz Game Mode PRO,Filmaker Mode, AMD FreeSync Premium,AI HDR Upscaler,Dolby Vision IQ,Dolby Atmos,Sprachsteuerung[2025]",https://www.amazon.de/dp/B0F1N7WT6C,55.0,459.0,459.0,EUR,459.0,Amazon,DE,2026-08-21T04:55:59Z,B0F1N7WT6C,,,,,
TCL,"TCL 32V5C - 32 Zoll Full HD Smart QLED Direct LED-Fernseher mit Android TV & HDR - Kompatibel mit Google Cast & Google Home, Schlankes Design",https://www.amazon.de/dp/B0F3XMZWRX,32.0,219.0,219.0,EUR,219.0,Amazon,DE,2026-08-21T04:55:59Z,B0F3XMZWRX,,,,,
LG,"LG OLED48C44LA TV 48"" (122cm) OLED evo Fernseher (α9 Gen7 4K AI-Prozessor, webOS 24, Dolby Vision, bis zu 120Hz) [Modelljahr 2024]",https://www.amazon.de/dp/B0D671PGJM,48.0,,,,,Amazon,DE,2026-08-21T04:55:59Z,B0D671PGJM,,,,,
TCL,"TCL 43V6C 43 Zoll Direct LED TV, 4K HDR Fernseher, Smart TV mithilfe von Google TV (Dolby Audio, Motion Clarity, Kompatibel mit Google Assistant & Alexa) | Dolby Audio, Motion Clarity, Google Assistant, Alexa-kompatibel",https://www.amazon.de/dp/B0DV9HJTTK,43.0,295.44,295.44,EUR,295.44,Amazon,DE,2026-08-21T04:55:59Z,B0DV9HJTTK,,,,,
LG,"LG 48"" OLED evo C5 4K TV – 144Hz, Dolby Vision IQ, webOS 25, HDMI 2.1, KI-Prozessor, Dolby Atmos",https://www.amazon.de/dp/B0G6C27G1X,48.0,729.0,729.0,EUR,729.0,Amazon,DE,2026-08-21T04:55:59Z,B0G6C27G1X,,,,,
LG,"LG 55UM71007LB 139 cm (55 Zoll) Fernseher (UHD, Triple Tuner, 4K Active HDR, Smart TV)",https://www.amazon.de/dp/B07PMMSKJG,55.0,,,,,Amazon,DE,2026-08-21T04:55:59Z,B07PMMSKJG,,,,,
LG,LG 65NANO813QA 65 Zoll 4K Ultra-HD-Smart-TV,https://www.amazon.de/dp/B0BXLZ1YMM,65.0,,,,,Amazon,DE,2026-08-21T04:55:59Z,B0BXLZ1YMM,,,,,
LG,"LG OLED55G58LW TV 55 Zoll (139 cm) 4K OLED evo AI TV (α11 Gen2 4K AI Prozessor, webOS 25, 120Hz (VRR bis zu 165Hz)) [Modelljahr 2025]",https://www.amazon.de/dp/B0F4GJMHZB,55.0,,,,,Amazon,DE,2026-08-21T04:55:59Z,B0F4GJMHZB,,,,,
LG,"LG 65QNED869QA TV 164 cm (65 Zoll) QNED MiniLED Fernseher (Cinema HDR, 120 Hz, Smart TV) [Modelljahr 2022]",https://www.amazon.de/dp/B09RQ3TBK3,65.0,1582.73,1582.73,EUR,1582.73,Amazon,DE,2026-08-21T04:55:59Z,B09RQ3TBK3,,,,,
LG,"LG 75NU850B6LA - Smart TV Nano 4K UHD AI NU85 75 Zoll, ohne 94 % Reflexionen, WebOS 26 AI Gemini, Intelligenter Prozessor α7 AI Prozessor 4K Gen9, HDR10 Pro, 4K Super Upscaling, Dolby",https://www.amazon.de/dp/B0H1JGZ393,75.0,799.0,799.0,EUR,799.0,Amazon,DE,2026-08-21T04:55:59Z,B0H1JGZ393,,,,,
LG,"LG 32LQ63806LA TV 80 cm (32 Zoll) LCD Fernseher (1080p FHD, 50 Hz, Smart TV, weiß) [Modelljahr 2021",https://www.amazon.de/dp/B08VWDCW1D,32.0,299.0,299.0,EUR,299.0,Amazon,DE,2026-08-21T04:55:59Z,B08VWDCW1D,,,,,
Sony,"Sony BRAVIA 8 OLED 55 Zoll 4K HDR Google Smart TV | Gaming Features,IMAX Enhanced, Dolby Vision Atmos, Chromecast, Apple AirPlay, 120Hz 55XR80",https://www.amazon.de/dp/B0D1VTR2M5,55.0,1399.0,1399.0,EUR,1399.0,Amazon,DE,2026-08-21T04:55:59Z,B0D1VTR2M5,,,,,
LG,"LG NanoCell 43NANO82T6B TV 109,2 cm [43] 4K Ultra HD Smart TV Wi-Fi Nero (TELEVISION NANOCELL 43 LG 43NANO82T6B)",https://www.amazon.de/dp/B0D4VHM1R1,43.0,,,,,Amazon,DE,2026-08-21T04:55:59Z,B0D4VHM1R1,,,,,
LG,"LG OLED42C57 OLED evo Smart TV, 42 Zoll / 106 cm Flachbildschirm, 4K UHD Auflösung, KI-Technologie, 2025 Modell",https://www.amazon.de/dp/B0FLVB9P5X,42.0,,,,,Amazon,DE,2026-08-21T04:55:59Z,B0FLVB9P5X,,,,,
LG,"LG 43NANO80A6B TV 43 Zoll (109 cm) 4K NanoCell AI TV (α7 Gen8 4K AI Prozessor, webOS 25, 60Hz) [Modelljahr 2025]",https://www.amazon.de/dp/B0F3DMY6DQ,43.0,,,,,Amazon,DE,2026-08-21T04:55:59Z,B0F3DMY6DQ,,,,,
LG,LG 55QNED80A6A QNED evo AI,https://www.amazon.de/dp/B0FLDXMX95,55.0,566.23,566.23,EUR,566.23,Amazon,DE,2026-08-21T04:55:59Z,B0FLDXMX95,,,,,
Samsung,"Samsung QLED Q70D 85 Zoll (216 cm) Fernseher TV mit Quantum Prozessor 4K, 100% Farbvolumen,AI Upscaling, Tizen OS, Smart TV, 85Q70D, [2024]",https://www.amazon.de/dp/B0D3VJBB99,85.0,1999.0,1999.0,EUR,1999.0,Amazon,DE,2026-08-21T04:55:59Z,B0D3VJBB99,,,,,
LG,"LG OLED65C17LB TV 164 cm (65 Zoll) OLED Fernseher (4K Cinema HDR, 120 Hz, Twin Triple Tuner, Smart TV) [Modelljahr 2021]",https://www.amazon.de/dp/B08VDM43LL,65.0,,,,,Amazon,DE,2026-08-21T04:55:59Z,B08VDM43LL,,,,,
LG,"Falcon 32 Zoll Full HD LED Fernseher LG WebOS SMART WiFi Camping Wohnmobil 12V/24V,DVD Player, Bluetooth, HDMI, USB, Magenta, Netflix, Prime Video, DAZN",https://www.amazon.de/dp/B0GK9W2KTX,32.0,449.0,449.0,EUR,449.0,Amazon,DE,2026-08-21T04:55:59Z,B0GK9W2KTX,,,,,
LG,"LG OLED 65C44LA 65 Zoll Fernseher, 4K Smart TV, a9 Gen7 AI Prozessor 4K, WebOS 24",https://www.amazon.de/dp/B0D671RPKR,65.0,1219.0,1219.0,EUR,1219.0,Amazon,DE,2026-08-21T04:55:59Z,B0D671RPKR,,,,,
Toshiba,"Toshiba 43 Zoll Fernseher Fire TV (4K UHD Smart TV, HDR Dolby Vision, Triple-Tuner, Alexa Built-In, Sound by Onkyo) 43UF3F63DAZ",https://www.amazon.de/dp/B0DCZ8S7KW,43.0,279.99,279.99,EUR,279.99,Amazon,DE,2026-08-21T04:55:59Z,B0DCZ8S7KW,,,,,
LG,"TV intelligente LG 65NANO766QA 65"" 4K ULTRA HD LED WIFI",https://www.amazon.de/dp/B09XXXZNB5,65.0,,,,,Amazon,DE,2026-08-21T04:55:59Z,B09XXXZNB5,,,,,
Hisense,"Hisense 50U7Q Fernseher 50 Zoll, 4K Mini LED ULED, Smart TV, Hi-View AI Engine, 144Hz Game Mode Pro, FreeSync Premium, Built in Subwoofer, Dolby Vision IQ Atmos, Airplay, Sprachsteuerung[2025]",https://www.amazon.de/dp/B0F32KTJK8,50.0,509.0,509.0,EUR,509.0,Amazon,DE,2026-08-21T04:55:59Z,B0F32KTJK8,,,,,
LG,"Reflexion Smart LED Fernseher, LG webOSHub, Rahmenloser Wohnwagen/Wohnmobil/Camping/Caravan/Boot/LKW TV, Slimline, 12/24/230 Volt, Full HD, Triple Tuner, Bluetooth, WLAN, Schwarz/Silber (LDDX24IBT)",https://www.amazon.de/dp/B0CLPGGTSB,22.0,375.93,375.93,EUR,375.93,Amazon,DE,2026-08-21T04:55:59Z,B0CLPGGTSB,,,,,
LG,LG OLED TV 2025 | OLED48B5 | 48 Zoll (121 cm) | OLED | Prozessor α8 AI 4K Gen2 | Dolby Vision & Atmos | Alexa,https://www.amazon.de/dp/B0FF52R2WK,48.0,988.0,988.0,EUR,988.0,Amazon,DE,2026-08-21T04:55:59Z,B0FF52R2WK,,,,,
LG,"LG 32LM637BPLA TV 81,3 cm (32"") HD Smart TV WiFi Noir",https://www.amazon.de/dp/B08Y5RBF45,32.0,347.75,347.75,EUR,347.75,Amazon,DE,2026-08-21T04:55:59Z,B08Y5RBF45,,,,,
LG,LG 49LH510V 123 cm (49 Zoll) Full HD Fernseher mit Triple XD Engine,https://www.amazon.de/dp/B01C8TFH8U,49.0,,,,,Amazon,DE,2026-08-21T04:55:59Z,B01C8TFH8U,,,,,
LG,"LG OLED42C44LA TV 42"" (107cm) OLED evo Fernseher (α9 Gen7 4K AI-Prozessor, webOS 24, Dolby Vision, bis zu 120Hz) [Modelljahr 2024]",https://www.amazon.de/dp/B0D671ZZXL,42.0,,,,,Amazon,DE,2026-08-21T04:55:59Z,B0D671ZZXL,,,,,
LG,"LG OLED65B59LA TV 65 Zoll (165 cm) 4K OLED AI TV (α8 Gen2 4K AI Prozessor, webOS 25, 120Hz) [Modelljahr 2025]",https://www.amazon.de/dp/B0F226W7M2,65.0,,,,,Amazon,DE,2026-08-21T04:55:59Z,B0F226W7M2,,,,,
LG,"LG 75QNED86B6B TV 75 Zoll (175 cm), 4K QNED EVO MiniLED, Smart TV, WebOS 26, Prozessor α8 AI Gen3, VRR 144Hz, Dolby Vision und Dolby Digital Plus, Alexa/Google Assistant, Schwarz",https://www.amazon.de/dp/B0GTZQGQ62,75.0,1729.29,1729.29,EUR,1729.29,Amazon,DE,2026-08-21T04:55:59Z,B0GTZQGQ62,,,,,
LG,"LG Electronics LG 32LT340C 80 cm (Fernseher,50 Hz ), Einheitsgröße",https://www.amazon.de/dp/B07WXV4HSZ,32.0,,,,,Amazon,DE,2026-08-21T04:55:59Z,B07WXV4HSZ,,,,,
LG,"LG OLED55C44LA TV 55"" (140 cm) OLED evo Fernseher (α9 Gen7 4K AI-Prozessor, webOS 24, Dolby Vision, bis zu 120Hz) [Modelljahr 2024]",https://www.amazon.de/dp/B0D66YSRL9,55.0,,,,,Amazon,DE,2026-08-21T04:55:59Z,B0D66YSRL9,,,,,
LG,"LG Smart TV 43UR81003LJ 43"" 4K Ultra HD LED HDR D-LED",https://www.amazon.de/dp/B0CVB9T643,43.0,,,,,Amazon,DE,2026-08-21T04:55:59Z,B0CVB9T643,,,,,
LG,LG LED TV 8K 189cm 75QNED966PA,https://www.amazon.de/dp/B08Y42NJYL,75.0,4605.99,4605.99,EUR,4605.99,Amazon,DE,2026-08-21T04:55:59Z,B08Y42NJYL,,,,,
LG,LG 55QNED70B6C - TV 55 Zoll Smart TV 4K DVB-T2 Wifi Energieklasse E Schwarz,https://www.amazon.de/dp/B0H1N8Y6RV,55.0,717.24,717.24,EUR,717.24,Amazon,DE,2026-08-21T04:55:59Z,B0H1N8Y6RV,,,,,
LG,LG TV QNED Evo AI 2025 | 55QNED93A | 55 Zoll (139 cm) | MiniLED 144 Hz | Prozessor α8 AI 4K Gen2 | Dolby Vision & Atmos | Alexa,https://www.amazon.de/dp/B0F2GJ482T,55.0,,,,,Amazon,DE,2026-08-21T04:55:59Z,B0F2GJ482T,,,,,
LG,LG OLED55G66LS - TV 55 Zoll Smart TV 4K 3840 x 2160 Pixel OLed DVB-T2 HEVC/H.265 Wifi Silber Energieklasse E,https://www.amazon.de/dp/B0H374GQDY,55.0,2004.61,2004.61,EUR,2004.61,Amazon,DE,2026-08-21T04:55:59Z,B0H374GQDY,,,,,
LG,LG 55 inch OLED evo AI OLED55G62LW 4K Smart TV Model 2026,https://www.amazon.de/dp/B0GT9VLCGD,55.0,1799.0,1799.0,EUR,1799.0,Amazon,DE,2026-08-21T04:55:59Z,B0GT9VLCGD,,,,,
LG,LG LED TV 55 Zoll 55UA751C0LA Ultra HD 4K Smart TV WiFi DVB-T2 WEBOS (IA integriert),https://www.amazon.de/dp/B0FZB4KGBY,55.0,377.59,377.59,EUR,377.59,Amazon,DE,2026-08-21T04:55:59Z,B0FZB4KGBY,,,,,
LG,"55"" TV LED Lg 55UF8507, ULTRA HD 4K 3D, 1500Hz, Tr",https://www.amazon.de/dp/B00W41YW6G,55.0,700.0,700.0,EUR,700.0,Amazon,DE,2026-08-21T04:55:59Z,B00W41YW6G,,,,,
LG,"LG 86QNED86B6B Fernseher 86 Zoll, 4K QNED EVO MiniLED, Smart TV, WebOS 26, Prozessor α8 AI Gen3, VRR 144Hz, Dolby Vision und Dolby Digital Plus, Alexa/Google Assistant, Schwarz",https://www.amazon.de/dp/B0GTZNPDJJ,86.0,2278.47,2278.47,EUR,2278.47,Amazon,DE,2026-08-21T04:55:59Z,B0GTZNPDJJ,,,,,
LG,LG 75NANO81A6A 75 Zoll 4K Ultra HD HDR D-LED NanoCell Smart TV,https://www.amazon.de/dp/B0FY7GT9RP,75.0,795.0,795.0,EUR,795.0,Amazon,DE,2026-08-21T04:55:59Z,B0FY7GT9RP,,,,,
LG,"LG OLED55G66LS 55 Zoll 4K OLED evo AI TV (α11 Gen3 4K AI Prozessor, webOS 26, 120Hz (VRR bis zu 165Hz)) [Modelljahr 2026] [Energieklasse E]",https://www.amazon.de/dp/B0HBXLNYMY,55.0,2899.0,2899.0,EUR,2899.0,Amazon,DE,2026-08-21T04:55:59Z,B0HBXLNYMY,,,,,
LG,"LG OLED evo G4 55G48LW 4K Smart-TV, (55 Zoll) Bildschirmdiagonale, 2024",https://www.amazon.de/dp/B0DHPBX84W,55.0,,,,,Amazon,DE,2026-08-21T04:55:59Z,B0DHPBX84W,,,,,
LG,"LG OLED65C64LA TV 65 Zoll (165 cm) 4K OLED evo AI Smart TV, α11 Gen3 AI Prozessor, 120 Hz (VRR bis 165 Hz), Modelljahr 2026",https://www.amazon.de/dp/B0H3MN2ZLX,65.0,1729.0,1729.0,EUR,1729.0,Amazon,DE,2026-08-21T04:55:59Z,B0H3MN2ZLX,,,,,
LG,LG Smart TV 75QNED80T6A.AEU 4K Ultra HD 75 Zoll HDR Edge-LED QNED,https://www.amazon.de/dp/B0D858BKKS,75.0,899.0,899.0,EUR,899.0,Amazon,DE,2026-08-21T04:55:59Z,B0D858BKKS,,,,,
LG,"LG OLED42C64LA TV 42 Zoll (107 cm) 4K OLED evo AI Smart TV, α11 Gen3 AI Prozessor, 120 Hz (VRR bis 165 Hz), Modelljahr 2026",https://www.amazon.de/dp/B0H3MH5T8J,42.0,1029.0,1029.0,EUR,1029.0,Amazon,DE,2026-08-21T04:55:59Z,B0H3MH5T8J,,,,,
LG,"LG OLED55GX6LA 4K UHD Fernseher, 55"", Smart-TV, WLAN",https://www.amazon.de/dp/B08C7Z7NLX,55.0,1899.0,1899.0,EUR,1899.0,Amazon,DE,2026-08-21T04:55:59Z,B08C7Z7NLX,,,,,
LG,"LG TV QNED 2024 | 43QNED77 | 43 Zoll (108 cm) | QNED | Prozessor α5 AI 4K Gen6, schwarz/grau",https://www.amazon.de/dp/B0DK9G44M8,43.0,,,,,Amazon,DE,2026-08-21T04:55:59Z,B0DK9G44M8,,,,,
LG,LG 40UF695V 100 cm (Fernseher),https://www.amazon.de/dp/B00YJJ0RCY,40.0,300.0,300.0,EUR,300.0,Amazon,DE,2026-08-21T04:55:59Z,B00YJJ0RCY,,,,,
LG,Televisore LG Smart TV OLED evo Gallery Edition,https://www.amazon.de/dp/B09Y9GR78L,55.0,2468.0,2468.0,EUR,2468.0,Amazon,DE,2026-08-21T04:55:59Z,B09Y9GR78L,,,,,
LG,"LG OLED EVO 55C58LA 55 Zoll Fernseher, 4K Smart TV 120Hz, a9 Gen8 AI Prozessor 4K, WebOS 25",https://www.amazon.de/dp/B0F4JQYXXK,55.0,,,,,Amazon,DE,2026-08-21T04:55:59Z,B0F4JQYXXK,,,,,
LG,"LG OLED77G39LA TV 195 cm (77 Zoll) OLED evo Fernseher (Gallery Design, Brightness Booster Max, 120 Hz) [Modelljahr 2023]",https://www.amazon.de/dp/B0BWWJYZDN,77.0,,,,,Amazon,DE,2026-08-21T04:55:59Z,B0BWWJYZDN,,,,,
LG,LG 60UF850,https://www.amazon.de/dp/B0106E3ANI,60.0,458.0,458.0,EUR,458.0,Amazon,DE,2026-08-21T04:55:59Z,B0106E3ANI,,,,,
Hisense,"Hisense 75E6NT 189cm (75 Zoll) Fernseher, 4K UHD Smart TV, Precision Colour, HDR, Dolby Vision, 60Hz, Triple Tuner DVB-C/S/S2/T/T2, WiFi, HDMI 2.1, Bluetooth, Alexa Built-in, Schwarz, [2024]",https://www.amazon.de/dp/B0D35HF194,75.0,549.0,549.0,EUR,549.0,Amazon,DE,2026-08-21T04:55:59Z,B0D35HF194,,,,,
LG,LG TV AI B6 (2026) 55 Zoll OLED 4K UHD - OLED55B65LA,https://www.amazon.de/dp/B0H2DKLD4L,55.0,1077.26,1077.26,EUR,1077.26,Amazon,DE,2026-08-21T04:55:59Z,B0H2DKLD4L,,,,,
LG,"LG 55UR762H・55"" Diagonalklasse UR762H Series LCD-TV mit・LCD-TV・139,7 cm (55UR762H3ZC.AEU)",https://www.amazon.de/dp/B0C2KMCB3V,55.0,695.0,695.0,EUR,695.0,Amazon,DE,2026-08-21T04:55:59Z,B0C2KMCB3V,,,,,
LG,"LG OLED48C31LA TV 121 cm (48 Zoll) OLED evo Fernseher (Smart TV, Filmmaker Mode, 120 Hz) [Modelljahr 2023]",https://www.amazon.de/dp/B0CJVLZVR8,48.0,,,,,Amazon,DE,2026-08-21T04:55:59Z,B0CJVLZVR8,,,,,
LG,"TV 55"" LG 3840X2160 PIXEL OLED SMART TV WI-FI DVB-T2 ALEXA GOOGLE BLACK",https://www.amazon.de/dp/B086D8K19T,55.0,1799.0,1799.0,EUR,1799.0,Amazon,DE,2026-08-21T04:55:59Z,B086D8K19T,,,,,
LG,"LG 55LJ615V 139 cm (55 Zoll) Fernseher (Full HD, Triple Tuner, Smart TV)",https://www.amazon.de/dp/B06XPR41RM,55.0,,,,,Amazon,DE,2026-08-21T04:55:59Z,B06XPR41RM,,,,,
TCL,"TCL 50V6C 50 Zoll Direct LED TV, 4K HDR Fernseher, Smart TV mithilfe von Google TV (Dolby Audio, Motion Clarity, Kompatibel mit Google Assistant & Alexa) | Dolby Audio, Motion Clarity, Google Assistant, Alexa-kompatibel",https://www.amazon.de/dp/B0DV9JL61N,50.0,,,,,Amazon,DE,2026-08-21T04:55:59Z,B0DV9JL61N,,,,,
LG,LG LED TV 2022 | 55UQ7000 | 55'' (140cm) | UHD | α5 Gen5 AI 4K Prozessor,https://www.amazon.de/dp/B09ZVCDJZP,55.0,,,,,Amazon,DE,2026-08-21T04:55:59Z,B09ZVCDJZP,,,,,
LG,"LG 47LA6608 119 cm (47 Zoll) 3D-LED-Backlight-Fernseher, EEK A+ (Full HD, 400Hz MCI, WLAN, DVB-T/C/S, Smart TV)",https://www.amazon.de/dp/B00C5H1DI4,47.0,400.0,400.0,EUR,400.0,Amazon,DE,2026-08-21T04:55:59Z,B00C5H1DI4,,,,,
LG,LG TV AI B6 (2026) 48 Zoll OLED UHD 4K - OLED48B65LA,https://www.amazon.de/dp/B0H2JW6V1X,48.0,973.84,973.84,EUR,973.84,Amazon,DE,2026-08-21T04:55:59Z,B0H2JW6V1X,,,,,
LG,"LG 65UP77003LB Televisor 165,1 cm (65 Zoll) 4K Ultra HD Smart TV WiFi, Grau",https://www.amazon.de/dp/B09HL26C29,65.0,743.21,743.21,EUR,743.21,Amazon,DE,2026-08-21T04:55:59Z,B09HL26C29,,,,,
LG,LG 85NU850B6LA - Smart TV Nano 4K UHD AI NU85 85 Zoll 4K 2026,https://www.amazon.de/dp/B0H19FG4ZG,85.0,,,,,Amazon,DE,2026-08-21T04:55:59Z,B0H19FG4ZG,,,,,
LG,"LG, OLED48C26LB, Smart TV, 4K, 48 Zoll, TV OLED evo Serie C2, α9-Prozessor der 5.Generation, Dolby Vision, präzise Details, 4 HDMI 2.1, 48Gbps, VRR, Google Assistant und Alexa, Wi-Fi, webOS 22",https://www.amazon.de/dp/B09Z31BLBR,48.0,,,,,Amazon,DE,2026-08-21T04:55:59Z,B09Z31BLBR,,,,,
LG,LG TV Evo AI G6 (2026) 65 Zoll OLED UHD 4K - OLED65G66LS,https://www.amazon.de/dp/B0H2F7Y2YQ,65.0,,,,,Amazon,DE,2026-08-21T04:55:59Z,B0H2F7Y2YQ,,,,,
LG,LG Electronics 55BX3 UHD 4K OLED-Fernseher - 55 (139 cm) - Smart-Fernseher - 4XHDMI - 3XUSB - Dolby Vision - Energieklasse ET - Schwarz,https://www.amazon.de/dp/B08M36PVH6,55.0,1399.0,1399.0,EUR,1399.0,Amazon,DE,2026-08-21T04:55:59Z,B08M36PVH6,,,,,
LG,LG 49UT640S Hotel TV 49IN,https://www.amazon.de/dp/B07ZG7VR18,49.0,585.26,585.26,EUR,585.26,Amazon,DE,2026-08-21T04:55:59Z,B07ZG7VR18,,,,,
LG,LG QNED 4K TV - 75QNED85A6C,https://www.amazon.de/dp/B0F39C3NWV,75.0,,,,,Amazon,DE,2026-08-21T04:55:59Z,B0F39C3NWV,,,,,
TCL,"TCL 55Q6C 55 Zoll QD-Mini LED Fernseher, 4K HDR Premium 1000nits, Smart TV mit Google TV (Dolby Vision IQ & Atmos, Onkyo 2.1 Sound System, 144Hz Motion Clarity Pro, Game Master) | Game Master, Dolby Vision IQ & Atmos, Motion Clarity, 2.1 Onkyo Sound, Apple AirPlay 2, Google Assistant, Alexa-kompatibel",https://www.amazon.de/dp/B0DX185Q23,55.0,499.0,499.0,EUR,499.0,Amazon,DE,2026-08-21T04:55:59Z,B0DX185Q23,,,,,
TCL,"TCL 50C7K 50 Zoll QD-Mini LED Fernseher, 4K HDR Premium 2000, Smart Google TV mit 144Hz Motion Clarity Pro (Dolby Vision IQ & Atmos, HVA-Panel, Game Master) | Game Master, Dolby Vision IQ & Atmos, Motion Clarity, HVA-Panel, Apple AirPlay 2, Alexa-kompatibel, Sprachsteuerung",https://www.amazon.de/dp/B0F5BSJ83Z,50.0,499.0,499.0,EUR,499.0,Amazon,DE,2026-08-21T04:55:59Z,B0F5BSJ83Z,,,,,
TCL,"TCL 65Q6C 65 Zoll QD-Mini LED Fernseher, 4K HDR Premium 1000nits, Smart TV mit Google TV (Dolby Vision IQ & Atmos, Onkyo 2.1 Soundsystem, 144Hz Motion Clarity Pro, Game Master) | Game Master, Dolby Vision IQ & Atmos, Motion Clarity, 2.1 Onkyo Sound, Apple AirPlay 2, Google Assistant, Alexa-kompatibel",https://www.amazon.de/dp/B0DXQ27X44,65.0,599.0,599.0,EUR,599.0,Amazon,DE,2026-08-21T04:55:59Z,B0DXQ27X44,,,,,
TCL,"TCL 43T6C 43 Zoll QLED Fernseher, 4K UHD Fire TV, HDR10+, Dolby Vision & Atmos, Smart TV mit Sprachsteuerung mit Alexa, Google Cast & AirPlay 2 | Dolby Vision, Alexa-kompatibel",https://www.amazon.de/dp/B0DW98NN53,43.0,259.0,259.0,EUR,259.0,Amazon,DE,2026-08-21T04:55:59Z,B0DW98NN53,,,,,
TCL,"TCL 65Q8C 65 Zoll QD-Mini LED-Fernseher, 4K HDR Premium 4500, ZeroBorder™, Smart Google TV, CrystGlow WHVA-Panel, Audio von Bang & Olufsen, 144Hz Motion Clarity Pro, Dolby Vision IQ & Atmos | Game Master, Dolby Vision IQ & Atmos, Motion Clarity, Audio by Bang & Olufsen, HVA-Panel, Apple AirPlay 2, Alexa-kompatibel",https://www.amazon.de/dp/B0F9WRKNS3,65.0,949.0,949.0,EUR,949.0,Amazon,DE,2026-08-21T04:55:59Z,B0F9WRKNS3,,,,,
TCL,"TCL 85Q6C 85 Zoll QD-Mini LED Fernseher, 4K HDR Premium 1000nits, Smart TV mit Google TV (Dolby Vision IQ & Atmos, Onkyo 2.1 Soundsystem, 144Hz Motion Clarity Pro, Game Master) | Game Master, Dolby Vision IQ & Atmos, Motion Clarity, 2.1 Onkyo Sound, Apple AirPlay 2, Google Assistant, Alexa-kompatibel",https://www.amazon.de/dp/B0DXQ5VTVK,85.0,1199.0,1199.0,EUR,1199.0,Amazon,DE,2026-08-21T04:55:59Z,B0DXQ5VTVK,,,,,
TCL,"TCL 65PF650 65-Zoll 4K Ultra HD, HDR TV, Smart LED Fire TV (Dolby Vision, Dolby Atmos, DTS, HDR 10, Alexa integriert, Airplay2, Miracast) | Dolby Vision, Alexa-kompatibel",https://www.amazon.de/dp/B0D8J994FH,65.0,399.0,399.0,EUR,399.0,Amazon,DE,2026-08-21T04:55:59Z,B0D8J994FH,,,,,
TCL,"TCL 32SF560 – 32 Zoll, Full HD Smart QLED Direct LED TV mit Fire TV & HDR, Metallic Design, Rahmenlos | Alexa-kompatibel, Rahmenloses Metalldesign",https://www.amazon.de/dp/B0F9PVTQL2,32.0,159.99,159.99,EUR,159.99,Amazon,DE,2026-08-21T04:55:59Z,B0F9PVTQL2,,,,,
TCL,"TCL 55Q7C 55 Zoll QD-Mini LED Fernseher, 4K HDR Premium 2600, Smart TV unterstützt durch Google TV (Dolby Vision IQ & Atmos, CrystGlow HVA-Panel, Audio von Bang & Olufsen, 144Hz Motion Clarity Pro) | Game Master, Dolby Vision IQ & Atmos, Motion Clarity, Audio by Bang & Olufsen, HVA-Panel, Apple AirPlay 2, Alexa-kompatibel",https://www.amazon.de/dp/B0F38H2GGC,55.0,,,,,Amazon,DE,2026-08-21T04:55:59Z,B0F38H2GGC,,,,,
TCL,"TCL 65C8L SQD-Mini LED 65 Zoll Fernseher, 4K Smart TV, Google TV, HDR10+ | 2040 Dimming-Zonen, 5000 Nits Spitzenhelligkeit, Dolby Vision IQ & Atmos, 144Hz, ZeroBorder Design, Audio by Bang & Olufsen",https://www.amazon.de/dp/B0GTZLF677,65.0,1469.0,1469.0,EUR,1469.0,Amazon,DE,2026-08-21T04:55:59Z,B0GTZLF677,,,,,
TCL,"TCL 65T6C 65 Zoll QLED Fernseher, 4K UHD Fire TV, HDR10+, Dolby Vision & Atmos, Smart TV mit Sprachsteuerung mit Alexa, Google Cast & AirPlay 2 | Dolby Vision, Alexa-kompatibel",https://www.amazon.de/dp/B0DW96CFKL,65.0,479.0,479.0,EUR,479.0,Amazon,DE,2026-08-21T04:55:59Z,B0DW96CFKL,,,,,
TCL,"TCL 55V6D 55 Zoll, 4K UHD, Smart TV, Fire TV, HDR10+, Dolby Atmos, DTS:X, Game Master, Motion Clarity, AirPlay 2, Kompatibel mit Alexa | DTS:X, Game Master, Motion Clarity, Apple AirPlay 2, Alexa-kompatibel",https://www.amazon.de/dp/B0GQHGGWHX,55.0,379.0,379.0,EUR,379.0,Amazon,DE,2026-08-21T04:55:59Z,B0GQHGGWHX,,,,,
TCL,"TCL 85T6C 85 Zoll QLED Fernseher, 4K UHD Fire TV, HDR10+, Dolby Vision & Atmos, Smart TV mit Sprachsteuerung mit Alexa, Google Cast & AirPlay 2, Onkyo 2.1 Sound, HDMI 2.1, ALLM | Dolby Vision, 2.1 Onkyo Sound, Alexa-kompatibel",https://www.amazon.de/dp/B0F24HZMZ9,85.0,799.0,799.0,EUR,799.0,Amazon,DE,2026-08-21T04:55:59Z,B0F24HZMZ9,,,,,
TCL,"TCL 43V5C - 43 Zoll Full HD Smart QLED Direct LED-Fernseher mit Android TV & HDR - Kompatibel mit Google Cast & Google Home, Schlankes Design",https://www.amazon.de/dp/B0F3XM86GV,43.0,219.0,219.0,EUR,219.0,Amazon,DE,2026-08-21T04:55:59Z,B0F3XM86GV,,,,,
TCL,"TCL 85Q7D Pro SQD-Mini LED 85 Zoll Fernseher, 4K Smart TV, Google TV | 1056 Dimming-Zonen, 2000 Nits Spitzenhelligkeit, Dolby Vision IQ & Atmos, 2.1 Onkyo Sound, 144 Hz VRR, AirPlay 2 & Alexa",https://www.amazon.de/dp/B0GXKSVDW9,85.0,1899.0,1899.0,EUR,1899.0,Amazon,DE,2026-08-21T04:55:59Z,B0GXKSVDW9,,,,,
TCL,"TCL 55V6B 55 Zoll, 4K Ultra HD, HDR TV, Smart TV unterstützt von Google TV (Dolby Audio, Motion Clarity, Sprachsteuerung, Kompatibel mit Google Assistant, Chromecast eingebaut",https://www.amazon.de/dp/B0CXF49BXG,55.0,,,,,Amazon,DE,2026-08-21T04:55:59Z,B0CXF49BXG,,,,,
TCL,"TCL 55P8K 55 Zoll QLED 4K HDR UHD Fernseher, Smart Google TV (Dolby Vision & Atmos, 144Hz Motion Clarity Pro, FreeSync, Onkyo 2.1 Sound, Sprachsteuerung, Kompatibel mit Google Assistant, Google Cast)",https://www.amazon.de/dp/B0F8HYKRKX,55.0,429.0,429.0,EUR,429.0,Amazon,DE,2026-08-21T04:55:59Z,B0F8HYKRKX,,,,,
TCL,"TCL 75T8D QD-Mini LED 75 Zoll Fernseher, 4K Smart TV, Google TV, 144 Hz | FreeSync Premium, Game Master, Dolby Vision, HDR10+, Dolby Atmos, 2.1 Onkyo Sound, Apple AirPlay 2, Google Cast",https://www.amazon.de/dp/B0GR9GFMCD,75.0,899.0,899.0,EUR,899.0,Amazon,DE,2026-08-21T04:55:59Z,B0GR9GFMCD,,,,,
TCL,TCL QLED 65 Zoll 65P7K UltraHD 4K Dolby Atmos Google TV,https://www.amazon.de/dp/B0FH78VT5V,65.0,459.0,459.0,EUR,459.0,Amazon,DE,2026-08-21T04:55:59Z,B0FH78VT5V,,,,,
TCL,"TCL 98C6K 98 Zoll QD-Mini LED TV, 4K HDR Premium 1000nits, Smart TV mit Google TV Technologie (Dolby Vision IQ und Atmos, Onkyo 2.1 Audiosystem, Motion Clarity Pro 144Hz, Game Master)",https://www.amazon.de/dp/B0FPQLYVWB,98.0,1699.0,1699.0,EUR,1699.0,Amazon,DE,2026-08-21T04:55:59Z,B0FPQLYVWB,,,,,
TCL,"TCL 55C6K - 55"" Smart TV QD‑Mini LED 4K HDR10+ Google TV | Dolby Vision IQ & Atmos, 144Hz Motion Clarity Pro, Game Master, Onkyo 2.1 Sound, Apple AirPlay 2",https://www.amazon.de/dp/B0F8QKZ82T,55.0,597.3,597.3,EUR,597.3,Amazon,DE,2026-08-21T04:55:59Z,B0F8QKZ82T,,,,,
TCL,"TCL 32V5D QLED 32 Zoll Fernseher, Full HD HDR Smart TV, Fire TV, Direct LED | Apple AirPlay 2, Alexa-kompatibel, Rahmenloses Metalldesign",https://www.amazon.de/dp/B0GYSZDBNH,32.0,229.0,229.0,EUR,229.0,Amazon,DE,2026-08-21T04:55:59Z,B0GYSZDBNH,,,,,
TCL,"TCL 65C7K 65 Zoll QD-Mini LED Fernseher, 4K HDR Premium 2600, Smart Google TV mit 144Hz Motion Clarity Pro (Dolby Vision IQ & Atmos, CrystGlow HVA Panel, Audio von Bang & Olufsen, Game Master) | Game Master, Dolby Vision IQ & Atmos, Motion Clarity, Audio by Bang & Olufsen, HVA-Panel, Apple AirPlay 2, Alexa-kompatibel",https://www.amazon.de/dp/B0F5BRZSTR,65.0,,,,,Amazon,DE,2026-08-21T04:55:59Z,B0F5BRZSTR,,,,,
TCL,"TCL 55C7K QD-Mini LED Fernseher, 55 Zoll, 4K HDR Premium, Dolby Vision IQ & Atmos, Bang & Olufsen Sound, Smart TV mit Google TV, 144Hz, HDMI 2.1, AMD FreeSync Premium Pro, AirPlay 2, Google Assistant | Game Master, Dolby Vision IQ & Atmos, Motion Clarity, Audio by Bang & Olufsen, HVA-Panel, Apple AirPlay 2, Alexa-kompatibel",https://www.amazon.de/dp/B0F5BP4KFM,55.0,,,,,Amazon,DE,2026-08-21T04:55:59Z,B0F5BP4KFM,,,,,
TCL,"TCL 65P8K 65 Zoll QLED 4K HDR UHD Fernseher, Smart Google TV (Dolby Vision & Atmos, 144Hz Motion Clarity Pro, FreeSync, Onkyo 2.1 Sound, Sprachsteuerung, Kompatibel mit Google Assistant, Google Cast)",https://www.amazon.de/dp/B0F8J37SQ5,65.0,579.0,579.0,EUR,579.0,Amazon,DE,2026-08-21T04:55:59Z,B0F8J37SQ5,,,,,
TCL,"TCL 40V5C - 40 Zoll Full HD Smart QLED Direct LED-Fernseher mit Android TV & HDR - Kompatibel mit Google Cast & Google Home, Schlankes Design | Google Cast, Schlankes Design",https://www.amazon.de/dp/B0F3XN9M4V,40.0,223.08,223.08,EUR,223.08,Amazon,DE,2026-08-21T04:55:59Z,B0F3XN9M4V,,,,,
TCL,"TCL 65C8K QD-Mini LED-Fernseher, 165 cm (65 Zoll), 4K Smart TV, 4500 Nits HDR Premium, 144Hz, ZeroBorder, Bang & Olufsen, Google TV, Dolby Vision IQ und Atmos, WHVA Panel, Game Master",https://www.amazon.de/dp/B0FQSZV3ZS,65.0,1169.99,1169.99,EUR,1169.99,Amazon,DE,2026-08-21T04:55:59Z,B0FQSZV3ZS,,,,,
TCL,"TCL 75P8K 75 Zoll QLED 4K HDR UHD Fernseher, Smart Google TV (Dolby Vision & Atmos, 144Hz Motion Clarity Pro, FreeSync, Onkyo 2.1 Sound, Sprachsteuerung, Kompatibel mit Google Assistant, Google Cast)",https://www.amazon.de/dp/B0F8J383MC,75.0,769.0,769.0,EUR,769.0,Amazon,DE,2026-08-21T04:55:59Z,B0F8J383MC,,,,,
TCL,"TCL 55P6K LED TV Direct 55 Zoll, 4K HDR TV, Smart TV mit Google TV Technologie (Dolby Audio, Motion Clarity, kompatibel mit Google Assistant und Alexa)",https://www.amazon.de/dp/B0F7RVDMKF,55.0,319.0,319.0,EUR,319.0,Amazon,DE,2026-08-21T04:55:59Z,B0F7RVDMKF,,,,,
TCL,"TCL C6K 65C6K Fernseher 165,1 cm (65 Zoll) 4K Ultra HD Smart TV WiFi Metallic",https://www.amazon.de/dp/B0F9FNQPZP,65.0,799.0,799.0,EUR,799.0,Amazon,DE,2026-08-21T04:55:59Z,B0F9FNQPZP,,,,,
TCL,TCL 32V4C 32 Zoll HD Smart QLED Direct LED TV mit Android TV und HDR kompatibel mit Google Cast und Google Home Delgado Design,https://www.amazon.de/dp/B0F54B34TH,32.0,171.77,171.77,EUR,171.77,Amazon,DE,2026-08-21T04:55:59Z,B0F54B34TH,,,,,
TCL,"TCL 55C8L SQD-Mini LED 55 Zoll Fernseher, 4K Smart TV, Google TV, HDR10+ | 1008 Dimming-Zonen, 3000 Nits Spitzenhelligkeit, Dolby Vision IQ & Atmos, Audio by Bang & Olufsen, 144 Hz VRR, AirPlay 2",https://www.amazon.de/dp/B0GTZS35X6,55.0,988.56,988.56,EUR,988.56,Amazon,DE,2026-08-21T04:55:59Z,B0GTZS35X6,,,,,
TCL,"TCL 55T69C 55 Zoll QLED, Direct LED TV, 4K HDR TV, Smart Google TV (Dolby Vision & Atmos, Game Master, Motion Clarity, Kompatibel mit Google Assistant & Alexa) | Game Master, Dolby Vision, Dolby Atmos, Motion Clarity, Google Assistant, Alexa-kompatibel",https://www.amazon.de/dp/B0F8QFPB14,55.0,,,,,Amazon,DE,2026-08-21T04:55:59Z,B0F8QFPB14,,,,,
TCL,"TCL NXTVISION A300 PRO 55 Zoll QLED PRO Fernseher, 4K UHD Art TV, Magnetisches Rahmendesign, Ai”Art Kunstgalerie, Mattes Display, Google Smart TV",https://www.amazon.de/dp/B0F9WFRF4R,55.0,799.0,799.0,EUR,799.0,Amazon,DE,2026-08-21T04:55:59Z,B0F9WFRF4R,,,,,
TCL,"TCL 75X11L SQD-Mini LED 75 Zoll Fernseher, 4K Smart TV, Google TV, HDR10+ | 10520 Dimming-Zonen, 9000 Nits Spitzenhelligkeit, Dolby Vision IQ & Atmos, 144Hz, ZeroBorder Design, Audio by Bang & Olufsen",https://www.amazon.de/dp/B0GV3VXQB8,75.0,3979.0,3979.0,EUR,3979.0,Amazon,DE,2026-08-21T04:55:59Z,B0GV3VXQB8,,,,,
TCL,TCL QLED 55 Zoll 55P7K UltraHD 4K Dolby Atmos Google TV,https://www.amazon.de/dp/B0F99Z7M9M,55.0,,,,,Amazon,DE,2026-08-21T04:55:59Z,B0F99Z7M9M,,,,,
TCL,TCL 32SF540-32 Zoll FHD Smart Fernseher - HDR & HLG-Dolby Audio-DTS Virtual X/DTS-HD-Metall Randlos-Dual-Band WiFi 5-mit Fire OS 7 System,https://www.amazon.de/dp/B0CF5ZQH7Y,32.0,,,,,Amazon,DE,2026-08-21T04:55:59Z,B0CF5ZQH7Y,,,,,
TCL,"TCL 98P8K 98 Zoll QLED 4K HDR UHD Fernseher, Smart Google TV (Dolby Vision & Atmos, 144Hz Motion Clarity Pro, FreeSync, Onkyo 2.1 Sound, Sprachsteuerung, Kompatibel mit Google Assistant, Google Cast)",https://www.amazon.de/dp/B0F7RW2JX3,98.0,1599.0,1599.0,EUR,1599.0,Amazon,DE,2026-08-21T04:55:59Z,B0F7RW2JX3,,,,,
TCL,TCL QLED 43 Zoll 43P7K UltraHD 4K Dolby Atmos Google TV,https://www.amazon.de/dp/B0F8VZHXJM,43.0,319.0,319.0,EUR,319.0,Amazon,DE,2026-08-21T04:55:59Z,B0F8VZHXJM,,,,,
Xiaomi,"XIAOMI TV S Mini LED 65 Zoll (165 cm), 4K UHD Smart TV, HDR10+, Google TV | 144Hz (240Hz Game Boost Mode), Dolby Atmos & Vision, HDR10+, Triple Tuner, DVB-C/S/S2/T/T2, Google TV, MEMC, Airplay",https://www.amazon.de/dp/B0DJMBJPXN,65.0,599.0,599.0,EUR,599.0,Amazon,DE,2026-08-21T04:55:59Z,B0DJMBJPXN,,,,,
Hisense,"Hisense 98E7Q Fernseher, 98 Zoll, 2480 Mm, 4K UHD QLED, Smart TV, 144Hz Game Mode PRO, AI 4K Upscaler, Smoothmotion, Lichtsensor, Colour, Dolby Vision Atmos, Sprachsteuerung, EZPlay",https://www.amazon.de/dp/B0FQ68967J,98.0,1399.0,1399.0,EUR,1399.0,Amazon,DE,2026-08-21T04:55:59Z,B0FQ68967J,,,,,
Hisense,"Hisense 85E8DS Fernseher 85 Zoll, 4K UHD, Hi-QLED Mini LED, Smart TV, 144Hz, Hi-View AI Engine, Dolby Vision.Atmos, Unibody Slim, FreeSync Premium, AI-Lichtsensor, Game Bar, Tuned by Devialet",https://www.amazon.de/dp/B0GYZ753CY,85.0,1199.0,1199.0,EUR,1199.0,Amazon,DE,2026-08-21T04:55:59Z,B0GYZ753CY,,,,,
Hisense,"Hisense 55U7Q Pro Fernseher 55 Zoll, 4K Mini LED, Smart TV, Hi-View AI Engine Pro, 165Hz Game Mode Ultra, FreeSync Premium Pro, 2.1.2 Ch. Surround Sound, Dolby Vision IQ Atmos, Sprachsteuerung [2025]",https://www.amazon.de/dp/B0F24CNGSS,55.0,597.0,597.0,EUR,597.0,Amazon,DE,2026-08-21T04:55:59Z,B0F24CNGSS,,,,,
Hisense,"Hisense 65E7Q PRO Fehrnseher,65 Zoll, 4K UHD QLED, Smart TV,144Hz Game Mode PRO,Filmaker Mode, AMD FreeSync Premium,AI HDR Upscaler,Dolby Vision IQ,Dolby Atmos,Sprachsteuerung [2025]",https://www.amazon.de/dp/B0F1N62VSW,65.0,655.56,655.56,EUR,655.56,Amazon,DE,2026-08-21T04:55:59Z,B0F1N62VSW,,,,,
Xiaomi,"XIAOMI TV MAX 85 Zoll (216 cm) QLED 4K UHD Smart TV, Dolby Atmos & Vision | 144Hz (240Hz Game Boost Mode), Dolby Atmos & Vision, HDR10+, Triple Tuner, DVB-C/S/S2/T/T2, Google TV, MEMC, Airplay",https://www.amazon.de/dp/B0DJM9QBTR,85.0,999.0,999.0,EUR,999.0,Amazon,DE,2026-08-21T04:55:59Z,B0DJM9QBTR,,,,,
Xiaomi,"XIAOMI TV S Pro Mini LED 75, Smart TV, 4K QLED 144Hz Google TV, Dolby Atmos | HDR 10+, DTS-X, Harman AudioEFX, Triple Tuner, DVB-T2, Prime Video, Google Assistant, Airplay 2",https://www.amazon.de/dp/B0FNRG32QW,75.0,1099.0,1099.0,EUR,1099.0,Amazon,DE,2026-08-21T04:55:59Z,B0FNRG32QW,,,,,
Xiaomi,"XIAOMI TV S Pro Mini LED 65, Smart TV, 4K QLED 144Hz Google TV, Dolby Atmos | HDR 10+, DTS-X, Harman AudioEFX, Triple Tuner, DVB-T2, Prime Video, Google Assistant, Airplay 2",https://www.amazon.de/dp/B0FNRFF7XL,65.0,899.0,899.0,EUR,899.0,Amazon,DE,2026-08-21T04:55:59Z,B0FNRFF7XL,,,,,
Xiaomi,"XIAOMI TV FX Mini LED 65"" QD Mini LED Smart TV, 4K UHD, Fire TV, HDR10+",https://www.amazon.de/dp/B0H26TKHL5,65.0,599.0,599.0,EUR,599.0,Amazon,DE,2026-08-21T04:55:59Z,B0H26TKHL5,,,,,
LG,"LG 85NU8E0B3LA Nano 4K UHD TV, 85 Zoll, α7 Gen9 4K AI Prozessor, webOS 26, 60Hz, VRR bis zu 60Hz, Modelljahr 2026, Energieklasse E",https://www.amazon.de/dp/B0GSGZGZ3Z,85.0,,,,,Amazon,DE,2026-08-21T04:55:59Z,B0GSGZGZ3Z,,,,,
Xiaomi,"XIAOMI TV S Pro Mini LED 55, Smart TV, 4K QLED 144Hz Google TV, Dolby Atmos | HDR 10+, DTS-X, Harman AudioEFX, Triple Tuner, DVB-T2, Prime Video, Google Assistant, Airplay 2",https://www.amazon.de/dp/B0FNRFGSKY,55.0,699.0,699.0,EUR,699.0,Amazon,DE,2026-08-21T04:55:59Z,B0FNRFGSKY,,,,,
TCL,"TCL 75RM7L RGB-Mini LED 75 Zoll Fernseher, 4K Smart TV, Google TV, HDR10+ | 1800 RGB-Farbzonen, 2000 Nits Spitzenhelligkeit, Dolby Vision IQ & Atmos, 2.1 Onkyo Sound, 144 Hz VRR, Apple AirPlay 2",https://www.amazon.de/dp/B0GZZZVN8B,75.0,1613.94,1613.94,EUR,1613.94,Amazon,DE,2026-08-21T04:55:59Z,B0GZZZVN8B,,,,,
TCL,"TCL 85"" A400U 4K QD Mini-LED Google TV – 1008 Zonen, 2500 Nits, 288 Hz VRR für reibungsloses Streaming und Spielen.",https://www.amazon.de/dp/B0H3KKS66H,85.0,1897.0,1897.0,EUR,1897.0,Amazon,DE,2026-08-21T04:55:59Z,B0H3KKS66H,,,,,
TCL,"Smart TV TCL 43P6K 43"" 4K Ultra HD LED HDR D-LED",https://www.amazon.de/dp/B0F7RT3L5D,43.0,279.0,279.0,EUR,279.0,Amazon,DE,2026-08-21T04:55:59Z,B0F7RT3L5D,,,,,
TCL,"TCL 85C7L Fernseher 85 Zoll SQD-Mini LED 4K Smart TV, 2600 nits HDR Premium, 144Hz Motion Clarity Pro, Game Master Pro, ZeroBorder, Google TV",https://www.amazon.de/dp/B0GVT5HYB3,85.0,3562.23,3562.23,EUR,3562.23,Amazon,DE,2026-08-21T04:55:59Z,B0GVT5HYB3,,,,,
TCL,"TCL 65EP680 Fernseher 165 cm (65 Zoll) Smart TV (4K UHD, Android TV, Prime Video, HDR 10+, Wide Color Gamut, Micro Dimming Pro, Google Assistant, Alexa kompatibel, Dolby Atmos) Brushed Titanium",https://www.amazon.de/dp/B07SNDVVYH,65.0,479.73,479.73,EUR,479.73,Amazon,DE,2026-08-21T04:55:59Z,B07SNDVVYH,,,,,
TCL,"TCL 43P61B 43"" LED UltraHD 4K HDR Google TV",https://www.amazon.de/dp/B0DGQ9WM15,43.0,,,,,Amazon,DE,2026-08-21T04:55:59Z,B0DGQ9WM15,,,,,
TCL,"TCL 43P739 43 Zoll Fernseher, 4K HDR, Ultra HD, Smart TV Powered by Google TV, Rahmenloses Design (Dolby Vision & Atmos, Freihändige Sprachsteuerung, Kompatibel mit Google Assistant & Alexa)",https://www.amazon.de/dp/B09XB14L4T,43.0,,,,,Amazon,DE,2026-08-21T04:55:59Z,B09XB14L4T,,,,,
TCL,"TCL 55P739 55 Zoll Fernseher, 4K HDR, Ultra HD, Smart TV Powered by Google TV, Rahmenloses Design (Dolby Vision & Atmos, Freihändige Sprachsteuerung, Kompatibel mit Google Assistant & Alexa)",https://www.amazon.de/dp/B09XB3Q6BP,55.0,,,,,Amazon,DE,2026-08-21T04:55:59Z,B09XB3Q6BP,,,,,
TCL,"TCL HD 65 Zoll 65P69K Smart TV 4K Ultra, Dolby Audio, DVB-T2, Hevc Main 10, Google TV",https://www.amazon.de/dp/B0FMRX2CQV,65.0,,,,,Amazon,DE,2026-08-21T04:55:59Z,B0FMRX2CQV,,,,,
TCL,TCL 50P61B - Smart Fernseher TV 50 Zoll 4K Klasse F Titan,https://www.amazon.de/dp/B0DGQ9SC5M,50.0,,,,,Amazon,DE,2026-08-21T04:55:59Z,B0DGQ9SC5M,,,,,
TCL,"TCL 127,7 cm (50 Zoll) P6K LED 4K UHD HDR Smart TV | Google TV, 60Hz, HDR 10, AiPQ Prozessor, Dolby Audio, MEMC, HDMI 2.1, Bluetooth 5.2, WiFi 5, Lünettenloses Design (50P6K - Modell 2025)",https://www.amazon.de/dp/B0F7RSYNY9,50.0,638.24,638.24,EUR,638.24,Amazon,DE,2026-08-21T04:55:59Z,B0F7RSYNY9,,,,,
TCL,"TCL 65T8A TV, QLED, HDR 1000 nits, Full Array Local Dimming, IMAX Enhanced, 144 Hz VRR, Dolby Vision & Atoms TV Powered by Google",https://www.amazon.de/dp/B0C5QVPDMV,65.0,,,,,Amazon,DE,2026-08-21T04:55:59Z,B0C5QVPDMV,,,,,
TCL,"TCL 65C745, Fernseher 165,1 cm (65 Zoll),120 Hz, 3840 x 2160 Pixel, QLED, Smart-TV, WLAN, Schwarz, Quantum dot",https://www.amazon.de/dp/B0CFJNXC5Q,65.0,,,,,Amazon,DE,2026-08-21T04:55:59Z,B0CFJNXC5Q,,,,,
TCL,"TCL 65C935 65 Zoll 164cm QLED Mini-LED Fernseher, 4K UHD, Google TV, HDR Extreme, 2500nits, 144Hz VRR, 120Hz Motion Clarity, Dolby Vision & Atmos, 2.1.2 ONKYO Soundbar, Sprachsteuerung",https://www.amazon.de/dp/B09ZSKD48J,65.0,,,,,Amazon,DE,2026-08-21T04:55:59Z,B09ZSKD48J,,,,,
TCL,"TCL 65P6K 65 Zoll LED Direct TV 4K HDR TV Smart TV mit Google TV-Technologie (Dolby Audio, Motion Clarity, Google Assistant und Alexa kompatibel)",https://www.amazon.de/dp/B0F74855ZF,65.0,,,,,Amazon,DE,2026-08-21T04:55:59Z,B0F74855ZF,,,,,
Hisense,"Hisense 55S7NQ 139 cm (55 Zoll) Canvas TV, 4K QLED, Wide Color Gamut, Dolby Vision IQ, 144 Hz, DVB-T2/T/C/S2/S Tuner, Wifi, HDMI 2.1, HLG, HDR10/HDR10+ Adaptive, VIDAA, Alexa Built-in, Filmmaker Modus",https://www.amazon.de/dp/B0DPMYKRT5,55.0,,,,,Amazon,DE,2026-08-21T04:55:59Z,B0DPMYKRT5,,,,,
Hisense,"Hisense 43E7DS Fernseher 43 Zoll, 4K UHD QLED, Smart TV, Hi View AI Engine, 60Hz Game Mode Plus, Dolby Vision IQ, QLED Colour, Filmmaker, Smooth Motion, Airplay, Sprachsteuerung, 2026",https://www.amazon.de/dp/B0GM1NJDDK,43.0,269.99,269.99,EUR,269.99,Amazon,DE,2026-08-21T04:55:59Z,B0GM1NJDDK,,,,,
Hisense,"Hisense 40E4DS Fernseher 40 Zoll, 4K FHD Smart TV, Hi-View AI Engine, 60Hz Game Mode, Natural Colour Enhancer, Dolby Audio",https://www.amazon.de/dp/B0GTB317ZL,40.0,199.0,199.0,EUR,199.0,Amazon,DE,2026-08-21T04:55:59Z,B0GTB317ZL,,,,,
Hisense,"Hisense 50E7DS Fernseher 50 Zoll, 4K UHD QLED, Smart TV, Hi View AI Engine, 60Hz Game Mode Plus, Dolby Vision IQ, QLED Colour, Filmmaker, Smooth Motion, Airplay, Sprachsteuerung, 2026",https://www.amazon.de/dp/B0GM1R36YW,50.0,349.0,349.0,EUR,349.0,Amazon,DE,2026-08-21T04:55:59Z,B0GM1R36YW,,,,,
Hisense,"Hisense 43E6DS Fernseher 43 Zoll, 4K UHD Smart TV, Hi View AI Engine, 60Hz Game Mode Plus, Dolby Vision, 4K Upscaler, DTS Virtual, X, Smooth Motion, Airplay, Sprachsteuerung, 2026",https://www.amazon.de/dp/B0GTB8LFKS,43.0,239.0,239.0,EUR,239.0,Amazon,DE,2026-08-21T04:55:59Z,B0GTB8LFKS,,,,,
Hisense,"Hisense 32E4DS Fernseher 32 Zoll, 4K FHD Smart TV, Hi-View AI Engine, 60Hz Game Mode, Natural Colour Enhancer, Dolby Audio, DTS Virtual: X, Rauschunterdrückung, Airplay [2026]",https://www.amazon.de/dp/B0GT9QKMRM,32.0,159.0,159.0,EUR,159.0,Amazon,DE,2026-08-21T04:55:59Z,B0GT9QKMRM,,,,,
Hisense,"Hisense 58E7DS Fernseher 58 Zoll, 4K UHD QLED, Smart TV, Hi View AI Engine, 60Hz Game Mode Plus, Dolby Vision IQ, QLED Colour, Filmmaker, Smooth Motion, Airplay, Sprachsteuerung, 2026",https://www.amazon.de/dp/B0GM1RDCJC,58.0,379.0,379.0,EUR,379.0,Amazon,DE,2026-08-21T04:55:59Z,B0GM1RDCJC,,,,,
Hisense,"Hisense 65E7DS Fernseher 65 Zoll, 4K UHD QLED, Smart TV, Hi View AI Engine, 60Hz Game Mode Plus, Dolby Vision IQ, QLED Colour, Filmmaker, Smooth Motion, Airplay, Sprachsteuerung, 2026",https://www.amazon.de/dp/B0GM1NNY7D,65.0,499.0,499.0,EUR,499.0,Amazon,DE,2026-08-21T04:55:59Z,B0GM1NNY7D,,,,,
Hisense,"Hisense 40A5DS Fernseher 40 Zoll, FHD, QLED, Smart TV, 60Hz, Hi-QLED Colour, Dolby Atmos, Game Mode, Noise Reduction, Hohe Kontraste, Share to TV, HDR10, VIDAA OS",https://www.amazon.de/dp/B0GYZC9GRT,40.0,219.0,219.0,EUR,219.0,Amazon,DE,2026-08-21T04:55:59Z,B0GYZC9GRT,,,,,
Hisense,"Hisense 50E8DS Fernseher 50 Zoll, 4K UHD, Hi-QLED Mini LED, Smart TV, 144Hz, Hi-View AI Engine, Dolby Vision.Atmos, Unibody Slim, FreeSync Premium, AI-Lichtsensor, Game Bar, Tuned by Devialet",https://www.amazon.de/dp/B0GYYXRNL8,50.0,459.0,459.0,EUR,459.0,Amazon,DE,2026-08-21T04:55:59Z,B0GYYXRNL8,,,,,
Hisense,"Hisense 43E7Q Fehrnseher, 43 Zoll, 4K UHD QLED, Smart TV, Game Mode Plus, Filmaker Mode, Dolby Vision Atmos, HDR10, HLG, HDR Immersive, AI 4K Upscaler, Dolby MS12, DTS X, Sprachsteuerung [2025]",https://www.amazon.de/dp/B0F1MSX2W7,43.0,248.99,248.99,EUR,248.99,Amazon,DE,2026-08-21T04:55:59Z,B0F1MSX2W7,,,,,
Hisense,"Hisense 100U7DSE Fernseher 100 Zoll, 4K UHD, Hi-QLED Mini LED, Smart TV, 165Hz, Hi-View AI Engine Pro, IMAX Enhanced, AI Lichtsensor, Dolby Vision.Atmos, Tuned by DeVialet, FreeSync Premium [2026]",https://www.amazon.de/dp/B0GTW3MG91,100.0,2219.0,2219.0,EUR,2219.0,Amazon,DE,2026-08-21T04:55:59Z,B0GTW3MG91,,,,,
Hisense,"Hisense 43E7DS PRO Fernseher 43 Zoll, 4K UHD QLED, Smart TV, Hi-Concerto, 144Hz Game Mode, QLED Colour, Dolby Vision Atmos, Filmmaker, Audio, DTS Virtual, X, FreeSync Premium, 2026",https://www.amazon.de/dp/B0GTW4292Z,43.0,399.0,399.0,EUR,399.0,Amazon,DE,2026-08-21T04:55:59Z,B0GTW4292Z,,,,,
Hisense,"Hisense 85E6NT 214,78cm (85 Zoll) Fernseher, 4K UHD Smart TV, Precision Colour, HDR, Dolby Vision, 60Hz, Triple Tuner DVB-C/S/S2/T/T2, WiFi, HDMI 2.1, Bluetooth, Alexa Built-in, Schwarz, [2024]",https://www.amazon.de/dp/B0D35H8QQG,85.0,799.0,799.0,EUR,799.0,Amazon,DE,2026-08-21T04:55:59Z,B0D35H8QQG,,,,,
Hisense,"Hisense 55U7DS PRO Fernseher 55 Zoll, 4K UHD, Hi-QLED Mini LED Pro, Smart TV, 165Hz, Hi-View AI Engine Pro, IMAX Enhanced, AI RGB Lichtsensor, Dolby Vision Atmos, Unibody Slim, FreeSync Premium, 2026",https://www.amazon.de/dp/B0GTVZZBQ8,55.0,699.0,699.0,EUR,699.0,Amazon,DE,2026-08-21T04:55:59Z,B0GTVZZBQ8,,,,,
Hisense,"Hisense 40A5Q Fehrnseher, 40 Zoll, 2K QLED, Smart TV, Game Mode, AI Sports Mode, Dolby Atmos, Dolby MS12, DTS X, HDR10, HLG, Full HD, High Contrast, Rauschunterdrückung [2025]",https://www.amazon.de/dp/B0F2N11D11,40.0,229.3,229.3,EUR,229.3,Amazon,DE,2026-08-21T04:55:59Z,B0F2N11D11,,,,,
Hisense,"Hisense 50E7S - QLED Smart TV 50 Zoll, Hi-QLED Color, Dolby Vision.Atmos, 4K IA Treppe, Smooth Motion IA, Gaming-Modus Plus, Dolby Vision IQ, HDR10+Adaptive",https://www.amazon.de/dp/B0GNDPWJV8,50.0,332.22,332.22,EUR,332.22,Amazon,DE,2026-08-21T04:55:59Z,B0GNDPWJV8,,,,,
Hisense,"Hisense 55U7Q Fernseher 55 Zoll, 4K Mini LED ULED, Smart TV, Hi-View AI Engine, 144Hz Game Mode Pro, FreeSync Premium, Built in Subwoofer, Dolby Vision IQ Atmos, Airplay, Sprachsteuerung[2025] | Hi-View AI Engine, 144Hz Game Mode Pro, FreeSync Premium, Built in Subwoofer, Dolby Vision IQ Atmos, Airplay, Sprachsteuerung",https://www.amazon.de/dp/B0F32M68DW,55.0,540.0,540.0,EUR,540.0,Amazon,DE,2026-08-21T04:55:59Z,B0F32M68DW,,,,,
Hisense,"Hisense 32A4K HD VIDAA Smart TV, 32 Zoll (32 Zoll), mit Spielmodus, Sport IA, Dolby DTS HD Sound, hoher Kontrast, VIDAA U6, Sharing-Funktion auf dem Fernseher (Neu 2023)",https://www.amazon.de/dp/B0BTPZ51W7,32.0,139.99,139.99,EUR,139.99,Amazon,DE,2026-08-21T04:55:59Z,B0BTPZ51W7,,,,,
Hisense,"Hisense 40A4S LED-TV, 40 Zoll (102 cm), Full HD, Smart TV, VIDAA, Dolby Audio & DTS HD, WLAN, Bluetooth, randloses Design, Schwarz",https://www.amazon.de/dp/B0GJFC1Q9Z,40.0,,,,,Amazon,DE,2026-08-21T04:55:59Z,B0GJFC1Q9Z,,,,,
Hisense,"Hisense 65E7NQ Pro 164 cm (65 Zoll) Fernseher, 4K UHD, QLED, Smart TV, Total HDR, Dolby Vision IQ Atmos, 144Hz (VRR), HDMI 2.1, Game Mode PRO, Triple Tuner, Alexa Built-In, Dunkelgrau, [2024]",https://www.amazon.de/dp/B0CYQ2XDYQ,65.0,685.02,685.02,EUR,685.02,Amazon,DE,2026-08-21T04:55:59Z,B0CYQ2XDYQ,,,,,
Hisense,"Hisense TV 55E7S (2026) 55"" VA QLED 4K UHD Preta",https://www.amazon.de/dp/B0GNDHW3BM,55.0,363.95,363.95,EUR,363.95,Amazon,DE,2026-08-21T04:55:59Z,B0GNDHW3BM,,,,,
Hisense,"Hisense 43A6S Fernseher 4K UHD 43 Zoll (108 cm), Smart TV HomeOS U9.5, Dolby Vision, Game Mode Plus, kompakt und Performance, Schwarz",https://www.amazon.de/dp/B0GJFM3F7P,43.0,279.0,279.0,EUR,279.0,Amazon,DE,2026-08-21T04:55:59Z,B0GJFM3F7P,,,,,
Hisense,"Hisense 40A5NQ 101cm (40 Zoll) QLED Fernseher Full HD, Smart TV, Triple Tuner, AI Sports Mode, Dolby Atmos, Share to TV, Duale Positionierung, WiFi, Game & Hotel Modus, Schwarz [2024]",https://www.amazon.de/dp/B0CXTFTHCR,40.0,278.95,278.95,EUR,278.95,Amazon,DE,2026-08-21T04:55:59Z,B0CXTFTHCR,,,,,
Hisense,"Hisense 40A5S LED-TV 40 Zoll (102 cm) Full HD, Smart TV VIDAA U7.6, USB-C Port (Mobile to TV), Dolby Audio & DTS HD, Bluetooth, WLAN, schwarz",https://www.amazon.de/dp/B0GJ5WRCG2,40.0,249.0,249.0,EUR,249.0,Amazon,DE,2026-08-21T04:55:59Z,B0GJ5WRCG2,,,,,
Hisense,"Hisense Smart TV 40 Zoll 40A4N – Full HD 60 Hz, Sport IA, Dolby Audio, VIDAA OS mit YouTube, Netflix, K +",https://www.amazon.de/dp/B0CZX3GM3F,40.0,237.88,237.88,EUR,237.88,Amazon,DE,2026-08-21T04:55:59Z,B0CZX3GM3F,,,,,
Hisense,"Hisense 75U7SE TV Mini-LED 4K 75 Zoll (189 cm) – Serie 2026 – QLED, 144 Hz, Pic 1400 Nits, 320 Zonen, ADS Wide View, IMAX Enhanced, Game Mode Pro, HDMI 2.1",https://www.amazon.de/dp/B0GKPMTBMC,75.0,,,,,Amazon,DE,2026-08-21T04:55:59Z,B0GKPMTBMC,,,,,
Hisense,"Hisense 65E7S Pro – QLED Gaming TV 65 Zoll (164 cm), 4K UHD, 144 Hz Nativ, Dolby Vision IQ & Atmos, HDMI 2.1, FreeSync Premium, Smart TV VIDAA U9.5, integrierte Alexa Sprachsteuerung [Modell 2026] | 144 Hz Nativ, Dolby Vision IQ & Atmos, HDMI 2.1, FreeSync Premium, VIDAA U9.5 mit Alexa, Modell 2026",https://www.amazon.de/dp/B0GR6XCQMY,65.0,599.74,599.74,EUR,599.74,Amazon,DE,2026-08-21T04:55:59Z,B0GR6XCQMY,,,,,
Hisense,"Hisense Smart TV 50 Zoll 50A6N 4K UHD, Dolby Vision, HDR, VIDAA mit YouTube, Netflix, Disney+, Canal + (Modell 2024)",https://www.amazon.de/dp/B0CZWTSGZX,50.0,,,,,Amazon,DE,2026-08-21T04:55:59Z,B0CZWTSGZX,,,,,
Hisense,"Hisense 55E7S Pro – QLED TV 55 Zoll (139 cm), 4K UHD, 144 Hz Nativ, Dolby Vision IQ & Atmos, HDMI 2.1, FreeSync Premium, Smart TV VIDAA U9.5, integrierte Alexa Sprachsteuerung, Modell 2026",https://www.amazon.de/dp/B0GR7DTKP8,55.0,459.0,459.0,EUR,459.0,Amazon,DE,2026-08-21T04:55:59Z,B0GR7DTKP8,,,,,
Hisense,"Hisense 65A85Q 164cm (65 Zoll) Fernseher, 4K UHD OLED Smart TV,120Hz, HDMI 2.1, Game Mode Pro, AMD FreeSync Premium, Dolby Vision IQ & Atmos, Bluetooth, Alexa Built-in, Schwarz, [2025]",https://www.amazon.de/dp/B0FKGR14TB,65.0,1079.0,1079.0,EUR,1079.0,Amazon,DE,2026-08-21T04:55:59Z,B0FKGR14TB,,,,,
Hisense,"Hisense 65UR8DS Fernseher 65 Zoll, 4K UHD, RGB Mini LED, Smart TV, 180Hz, Hi-View AI Engine RGB, Dolby Vision.Atmos, AI RGB Lichtsensor, AI 4K Upscaler, AMD FreeSync Premium Pro, Tuned by Devialet",https://www.amazon.de/dp/B0H2YNKM7X,65.0,1299.0,1299.0,EUR,1299.0,Amazon,DE,2026-08-21T04:55:59Z,B0H2YNKM7X,,,,,
Hisense,"Hisense Smart TV 75 Zoll 4K Ultra HD 2025 75A6Q, Smart TV VIDAA U8, Dolby Vision, HDR 10, Game Mode Plus, Alexa Built-in, VIDAA Voice, DVB-T2/S2 Tuner HEVC 10, Lativu 4K",https://www.amazon.de/dp/B0F4DBKHJC,75.0,599.0,599.0,EUR,599.0,Amazon,DE,2026-08-21T04:55:59Z,B0F4DBKHJC,,,,,
Hisense,"Hisense 55E7NQ 139 cm (55 Zoll) Fernseher, 4K UHD, QLED, HDR10, HDR10+ decoding, HLG, Dolby Vision Atmos, 60Hz Panel, Smooth Motion, Bluetooth, Alexa Built-in, VIDAA Voice, Schwarz [2024]",https://www.amazon.de/dp/B0CXTKWMZK,55.0,,,,,Amazon,DE,2026-08-21T04:55:59Z,B0CXTKWMZK,,,,,
Hisense,"Hisense 65U7SE TV Mini LED 4K 65 Zoll (164 cm), Modell 2026, QLED, 144Hz, 1400 Nits, 260 Zonen, Slim Metal Design, 2.1 Subwoofer, VRR FreeSync Premium Pro | Dolby Atmos 2.1 By Devialet, Dolby Vision IQ, HDR10+, VIDAA OS, Alexa, Lativù 4K, Wifi, BT, Airplay2, 2026 Model",https://www.amazon.de/dp/B0GKPTBTNP,65.0,769.0,769.0,EUR,769.0,Amazon,DE,2026-08-21T04:55:59Z,B0GKPTBTNP,,,,,
Hisense,"Hisense 75E7NQ Pro 189 cm (75 Zoll) Fernseher, 4K UHD, QLED, Smart TV, Total HDR, Dolby Vision IQ Atmos, 144Hz (VRR), HDMI 2.1, Game Mode PRO, Triple Tuner, Alexa Built-In, Dunkelgrau, [2024]",https://www.amazon.de/dp/B0CXTNC3TZ,75.0,958.8,958.8,EUR,958.8,Amazon,DE,2026-08-21T04:55:59Z,B0CXTNC3TZ,,,,,
Hisense,"Hisense 65E8Q 65 Zoll (164 cm), 4K ULED Mini-LED QLED, 144 Hz Native Panel, Dolby Vision IQ & Atmos, Pro Gaming-Modus, Smart TV Vidaa",https://www.amazon.de/dp/B0F1W5MSBZ,65.0,639.0,639.0,EUR,639.0,Amazon,DE,2026-08-21T04:55:59Z,B0F1W5MSBZ,,,,,
Hisense,Hisense 40A4Q,https://www.amazon.de/dp/B0F1MJ7VB2,40.0,,,,,Amazon,DE,2026-08-21T04:55:59Z,B0F1MJ7VB2,,,,,
Hisense,"Hisense 50E6KT 127cm (50 Zoll) Fernseher, 4K UHD, LED, Smart TV, HDR, Dolby Vision, Triple Tuner DVB-C/S/S2/T/T2, WiFi, Bluetooth, Alexa Built-In, Hotel Mode [2023], schwarz",https://www.amazon.de/dp/B0C4B3SKQ5,50.0,343.2,343.2,EUR,343.2,Amazon,DE,2026-08-21T04:55:59Z,B0C4B3SKQ5,,,,,
Hisense,"Hisense 65E6KT 164cm (65 Zoll) Fernseher, 4K UHD, HDR, Dolby Vision, Triple Tuner, Smart-TV, Bluetooth, WiFi, Alexa Built-In, DTS Virtual X, Hotel Mode, Schwarz [2023]",https://www.amazon.de/dp/B0C1C64DP2,65.0,589.99,589.99,EUR,589.99,Amazon,DE,2026-08-21T04:55:59Z,B0C1C64DP2,,,,,
Hisense,"Hisense 55U7SE TV Mini-LED 4K 55 Zoll (139 cm) - Serie U7 2026 - QLED, 144Hz (HSR 240Hz), 1300 Nits, 192 Zonen, VA Kontrast 5000:1.",https://www.amazon.de/dp/B0GKPVQ86Z,55.0,569.0,569.0,EUR,569.0,Amazon,DE,2026-08-21T04:55:59Z,B0GKPVQ86Z,,,,,
Hisense,"Hisense 75E7NQ 189 cm (75 Zoll) Fernseher, 4K UHD, QLED, HDR10, HDR10+ decoding, HLG, Dolby Vision Atmos, 60Hz Panel, Smooth Motion, Bluetooth, Alexa Built-in, VIDAA Voice, Schwarz [2024]",https://www.amazon.de/dp/B0CXTK5666,75.0,873.89,873.89,EUR,873.89,Amazon,DE,2026-08-21T04:55:59Z,B0CXTK5666,,,,,
Hisense,"Hisense 50U7SE TV Mini-LED 4K 50 Zoll (126 cm) – Serie U7 2026 – QLED, 144 Hz Nativ, 1300 Nits, 144 Zonen, 2.1 Devialet Sound",https://www.amazon.de/dp/B0GKQ1371K,50.0,549.0,549.0,EUR,549.0,Amazon,DE,2026-08-21T04:55:59Z,B0GKQ1371K,,,,,
Hisense,"Hisense 75U8Q Fernseher, 75 Zoll (189cm), 4K UHD ULED, Smart TV, 165Hz Game Mode Ultra, Mini LED PRO, Hi-View AI Engine PRO, QLED Colour mit Pantone, Dolby Vision.Atmos, IMAX Enhanced, Filmmaker Mode",https://www.amazon.de/dp/B0F1W3TRZT,75.0,1525.09,1525.09,EUR,1525.09,Amazon,DE,2026-08-21T04:55:59Z,B0F1W3TRZT,,,,,
Hisense,"Hisense 50E8S 126cm 50"" 4K UHD Mini LED Smart TV Fernseher (50E8S)",https://www.amazon.de/dp/B0GQDSSGNB,50.0,459.0,459.0,EUR,459.0,Amazon,DE,2026-08-21T04:55:59Z,B0GQDSSGNB,,,,,
LG,"LG 75QNED7EB3A TV 75 Zoll, 1900 Mm, 4K QNED Mini LED AI, α7 Gen9 Prozessor, webOS 26, 60Hz, VRR, Modelljahr 2026",https://www.amazon.de/dp/B0GSGYR42K,75.0,798.82,798.82,EUR,798.82,Amazon,DE,2026-08-21T04:55:59Z,B0GSGYR42K,,,,,
Hisense,"Hisense Laser Cinema PT1, 80''-150"" Projektionsgröße,LPU Tech,4K,IMAX Enhanced,Dolby Vision · Atmos,HDR10+,2500 Lumen Helligkeit,Ultra Short Throw,3D,240Hz Bildwiederholungsrate,VIDAA,ohne Leinwand | LPU Tech, 4K, IMAX Enhanced, Dolby Vision · Atmos, HDR10+, 2500 Lumen Helligkeit, Ultra Short Throw",https://www.amazon.de/dp/B0FBW9Q8HZ,80.0,1549.0,1549.0,EUR,1549.0,Amazon,DE,2026-08-21T04:55:59Z,B0FBW9Q8HZ,,,,,
Hisense,"Hisense 75E7S Pro – QLED Gaming TV 75 Zoll (189 cm), 4K UHD, 144 Hz Nativ, Dolby Vision IQ & Atmos, HDMI 2.1, FreeSync Premium, Smart TV VIDAA U9.5, integrierte Alexa Sprachsteuerung, Modell 2026 | Audio Dolby Atmos, VIDAA OS, Native 144Hz Game Mode, Dolby Vision IQ, HDR 10+, AirPlay2, Alexa, Lativù 4K, 2026 Model",https://www.amazon.de/dp/B0GR6SXXNM,75.0,799.0,799.0,EUR,799.0,Amazon,DE,2026-08-21T04:55:59Z,B0GR6SXXNM,,,,,
LG,"LG 50NANO80A6B TV 50 Zoll (127 cm) 4K NanoCell AI TV (α7 Gen8 4K AI Prozessor, webOS 25, 60Hz) [Modelljahr 2025]",https://www.amazon.de/dp/B0F2GDSGB7,50.0,319.0,319.0,EUR,319.0,Amazon,DE,2026-08-21T04:55:59Z,B0F2GDSGB7,,,,,
Philips,"PHILIPS Ambilight 55PUS8200 4K LED Smart TV - 55 Zoll Display mit Pixel Precise Ultra HD, Titan OS, Dolby Vision und Dolby Atmos Sound, 2025",https://www.amazon.de/dp/B0F2N7LRL4,55.0,399.0,399.0,EUR,399.0,Amazon,DE,2026-08-21T04:55:59Z,B0F2N7LRL4,,,,,
Hisense,"Hisense 65A6S – TV 4K UHD 65 Zoll (164 cm), Smart TV HomeOS U9.5, Dolby Vision HDR, Game Mode Plus (VRR 60 Hz), DTS Virtual:X, Alexa integriert, Schwarz",https://www.amazon.de/dp/B0GJF87VQ6,65.0,538.9,538.9,EUR,538.9,Amazon,DE,2026-08-21T04:55:59Z,B0GJF87VQ6,,,,,
Hisense,"Hisense Smart TV 75 Zoll 75A6N 4K UHD, Dolby Vision, HDR, VIDAA mit YouTube, Netflix, Disney+, Canal + (Modell 2024)",https://www.amazon.de/dp/B0D6BBMGHG,75.0,,,,,Amazon,DE,2026-08-21T04:55:59Z,B0D6BBMGHG,,,,,
Hisense,"Hisense 43E78QTUK PRO 144Hz QLED Smart AI TV - Hi-View AI Engine, 144Hz Game Mode PRO, Dolby Atmos, Quantum Dot Color with Freely, Disney +, YouTube, Netflix",https://www.amazon.de/dp/B0F7W1WN3P,43.0,491.32,491.32,EUR,491.32,Amazon,DE,2026-08-21T04:55:59Z,B0F7W1WN3P,,,,,
Hisense,"Hisense 55E8S 139cm 55"" 4K UHD Mini LED Smart TV Fernseher (55E8S)",https://www.amazon.de/dp/B0GQDXNH3L,55.0,649.15,649.15,EUR,649.15,Amazon,DE,2026-08-21T04:55:59Z,B0GQDXNH3L,,,,,
Hisense,Hisense 43A7Q sw QLED-TV UHD Multituner BT Smart Dolby Vision HDR10+ [Energieklasse E] (20016297),https://www.amazon.de/dp/B0GQRSXFN2,43.0,,,,,Amazon,DE,2026-08-21T04:55:59Z,B0GQRSXFN2,,,,,
Hisense,"Hisense 43A6N UHD-Fernseher 109 cm (43""""), 3840×2160",https://www.amazon.de/dp/B0CZWPDP34,43.0,,,,,Amazon,DE,2026-08-21T04:55:59Z,B0CZWPDP34,,,,,
Hisense,"Hisense 58A6S Fernseher 4K UHD 58 Zoll (146 cm), Smart TV HomeOS U9.5, Dolby Vision HDR, Game Mode Plus (VRR 60 Hz), DTS Virtual:X, Alexa integriert, Schwarz",https://www.amazon.de/dp/B0GJFLN5QB,58.0,,,,,Amazon,DE,2026-08-21T04:55:59Z,B0GJFLN5QB,,,,,
TCL,"TCL 43SF560 – 43 Zoll, Full HD Smart QLED Direct LED TV mit Fire TV & HDR, Metallic Design, Rahmenlos | Alexa-kompatibel, Rahmenloses Metalldesign",https://www.amazon.de/dp/B0F9PQTM25,43.0,209.0,209.0,EUR,209.0,Amazon,DE,2026-08-21T04:55:59Z,B0F9PQTM25,,,,,
Hisense,"Hisense 43S5Q Hi-QLED FHD Smart TV, 109 cm (43 Zoll), Lifestyle-TV, künstlerisches Design, Hi-QLED-Farbe, Dolby Vision, Atmos, vielseitiges Design, Kunstmodus, moderner Sockel, Filmmaker-Modus | Audio Dolby Atmos, VIDAA OS, HDR10, Game Mode Plus, Bluetooth, WLAN, Works with Alexa, AirPlay2, lativù, Modell 2026",https://www.amazon.de/dp/B0GM1RDY9Z,43.0,573.05,573.05,EUR,573.05,Amazon,DE,2026-08-21T04:55:59Z,B0GM1RDY9Z,,,,,
Hisense,"Hisense Bundle 100E7DS PRO Fernseher 100 Zoll, 4K UHD QLED, Smart TV, Hi-Concerto, 144Hz Game Modi + HS2100, 2.1 Kanal Soundbar, 240W, Dolby Audio, DTS Virtual:X, Ultra-Slim Wireless subwoofer",https://www.amazon.de/dp/B0H881CW24,100.0,1738.0,1738.0,EUR,1738.0,Amazon,DE,2026-08-21T04:55:59Z,B0H881CW24,,,,,
Hisense,"Hisense 81,3 cm (32 Zoll) S5 DécoTV Serie QLED FHD Smart Fire TV (32S5QF, Modell 2025) – vielseitige Passform, Hi-QLED-Farbe, kunstinspiriertes Design, flüssiger zentraler Ständer, DTS Virtual: X",https://www.amazon.de/dp/B0FXMWY914,32.0,317.54,317.54,EUR,317.54,Amazon,DE,2026-08-21T04:55:59Z,B0FXMWY914,,,,,
Hisense,HISENSE 50A7K QLED Fernseher 50 Zoll UHD 4K Smart TV,https://www.amazon.de/dp/B0C43WKRTC,50.0,647.09,647.09,EUR,647.09,Amazon,DE,2026-08-21T04:55:59Z,B0C43WKRTC,,,,,
Hisense,QLED TV 85 Zoll PRO 4K HISENSE 2025,https://www.amazon.de/dp/B0FTG2M23M,85.0,,,,,Amazon,DE,2026-08-21T04:55:59Z,B0FTG2M23M,,,,,
Hisense,"Hisense Bundle 58E7DS Fernseher 58 Zoll, 4K UHD QLED, Smart TV, 60Hz Game Mode Plus + HS2100, 2.1 Kanal Soundbar, 240W max Audio Power,Dolby Audio, DTS Virtual:X, Ultra-Slim Wireless subwoofer",https://www.amazon.de/dp/B0H87DBSZ8,58.0,468.0,468.0,EUR,468.0,Amazon,DE,2026-08-21T04:55:59Z,B0H87DBSZ8,,,,,
Hisense,"Hisense Bundle 58E7DS Fernseher 58 Zoll, 4K UHD QLED, Smart TV, 2026 HS1000, 2.0 Kanal Soundbar, 120W max Audio Power, Dolby Audio, DTS Virtual:X, Voice Enhanced, TV Mode, EzPlay",https://www.amazon.de/dp/B0HF4FDDKH,58.0,438.0,438.0,EUR,438.0,Amazon,DE,2026-08-21T04:55:59Z,B0HF4FDDKH,,,,,
Hisense,"Hisense Bundle 50E7DS Fernseher 50 Zoll, 4K UHD QLED, Smart TV, 2026 HS1000, 2.0 Kanal Soundbar, 120W max Audio Power, Dolby Audio, DTS Virtual:X, Voice Enhanced, TV Mode, EzPlay",https://www.amazon.de/dp/B0HF4JKXVT,50.0,408.0,408.0,EUR,408.0,Amazon,DE,2026-08-21T04:55:59Z,B0HF4JKXVT,,,,,
Hisense,"Hisense Bundle 55E7DS Fernseher 55 Zoll, 4K UHD QLED, Smart TV, 2026 HS1000, 2.0 Kanal Soundbar, 120W max Audio Power, Dolby Audio, DTS Virtual:X, Voice Enhanced, TV Mode, EzPlay",https://www.amazon.de/dp/B0HF47VS4N,55.0,422.95,422.95,EUR,422.95,Amazon,DE,2026-08-21T04:55:59Z,B0HF47VS4N,,,,,
Hisense,Hisense TV 55U7S Pro (2026) 55 Zoll Mini-LED Pro Hi-QLED UHD 4K,https://www.amazon.de/dp/B0GT2MQNKD,55.0,,,,,Amazon,DE,2026-08-21T04:55:59Z,B0GT2MQNKD,,,,,
Hisense,"Hisense Bundle 43E7DS PRO Fernseher 43 Zoll, 4K UHD QLED, Smart TV, Hi-Concerto, 144Hz Game Mode, + HS2100, 2.1 Kanal Soundbar, 240W, Dolby Audio, DTS Virtual:X, Ultra-Slim Wireless subwoofer",https://www.amazon.de/dp/B0H87H169F,43.0,488.0,488.0,EUR,488.0,Amazon,DE,2026-08-21T04:55:59Z,B0H87H169F,,,,,
Hisense,"Hisense 85E7S PRO 215cm 85"" 4K QLED Smart TV Fernseher (85E7S PRO)",https://www.amazon.de/dp/B0GR6KRXBJ,85.0,1179.0,1179.0,EUR,1179.0,Amazon,DE,2026-08-21T04:55:59Z,B0GR6KRXBJ,,,,,
Hisense,"Hisense Bundle of 65E7NQ Pro 164 cm (65 Zoll) Fernseher, 4K UHD, QLED, Smart TV, Total HDR, Dolby Vision IQ Atmos, 144Hz (VRR), HDMI 2.1, Game Mode PRO, Triple Tuner HS3100",https://www.amazon.de/dp/B0D961KQ6Y,65.0,818.0,818.0,EUR,818.0,Amazon,DE,2026-08-21T04:55:59Z,B0D961KQ6Y,,,,,
Hisense,"Hisense 85U7SE TV Mini-LED 4K 85 Zoll (215 cm) 144Hz Nativ (HSR 288Hz), 1300 Nits, 384 Zonen, Dolby Vision IQ, Sound 2.1 Devialet 40W, Smart TV HomeOS, Alexa & AirPlay 2 - Neu 2026",https://www.amazon.de/dp/B0GKPZ6MQ6,85.0,1299.0,1299.0,EUR,1299.0,Amazon,DE,2026-08-21T04:55:59Z,B0GKPZ6MQ6,,,,,
Hisense,"Hisense Bundle 85E7DS PRO Fernseher 85 Zoll, 4K UHD QLED, Smart TV, Hi-Concerto, 144Hz Game Mode[2026] + HS2100, 2.1 Kanal Soundbar, 240W,Dolby Audio, DTS Virtual:X, Ultra-Slim Wireless subwoofer",https://www.amazon.de/dp/B0H87RTHCQ,85.0,1188.0,1188.0,EUR,1188.0,Amazon,DE,2026-08-21T04:55:59Z,B0H87RTHCQ,,,,,
Hisense,"Hisense 75E77NQ UHD-Fernseher 191 cm (75""""), 3840×2160",https://www.amazon.de/dp/B0CZXP11SJ,75.0,997.89,997.89,EUR,997.89,Amazon,DE,2026-08-21T04:55:59Z,B0CZXP11SJ,,,,,
Hisense,"Hisense 55A79NQ - Smart TV, 55 Zoll, 4K, DVB-T2, HEVC(H.265), Schwarz",https://www.amazon.de/dp/B0DJT1VKW2,55.0,,,,,Amazon,DE,2026-08-21T04:55:59Z,B0DJT1VKW2,,,,,
Hisense,"Hisense Bundle 65E7DS PRO Fernseher 65 Zoll, 4K UHD QLED, Smart TV, Hi-Concerto, 144Hz Game Mode + HS2100, 2.1 Kanal Soundbar, 240W, Dolby Audio, DTS Virtual:X, Ultra-Slim Wireless subwoofer",https://www.amazon.de/dp/B0H87XMBYS,65.0,699.06,699.06,EUR,699.06,Amazon,DE,2026-08-21T04:55:59Z,B0H87XMBYS,,,,,
Hisense,"Hisense 85A6N - UHD 4K, VIDAA Smart TV, 85 Zoll, Dolby Vision, Spielmodus Plus, DTS Virtual X, TV-Sprachsteuerung, doppelte Lautstärkeregelung, automatische Verwaltung von TNT-Kanälen (neu 2024)",https://www.amazon.de/dp/B0D52RJ9YZ,85.0,,,,,Amazon,DE,2026-08-21T04:55:59Z,B0D52RJ9YZ,,,,,
Hisense,"Hisense Bundle 43E7DS Fernseher 43 Zoll, 4K UHD QLED, Smart TV, 2026 + HS2000, 2.1 Kanal Soundbar, Visual Built-in subwoofer, 240W max Audio Power,Dolby Audio, DTS Virtual:X, TV Mode, EzPlay",https://www.amazon.de/dp/B0HF484QD1,43.0,348.99,348.99,EUR,348.99,Amazon,DE,2026-08-21T04:55:59Z,B0HF484QD1,,,,,
Hisense,"Hisense Bundle 43E7DS PRO Fernseher 43 Zoll, 4K UHD QLED, Smart TV, 2026 HS1000, 2.0 Kanal Soundbar, 120W max Audio Power, Dolby Audio, DTS Virtual:X, Voice Enhanced, TV Mode, EzPlay",https://www.amazon.de/dp/B0HF4BTZ6V,43.0,458.0,458.0,EUR,458.0,Amazon,DE,2026-08-21T04:55:59Z,B0HF4BTZ6V,,,,,
Hisense,"Hisense 55A7NQ, 139,7 cm (55 Zoll), 3840 x 2160 Pixel, QLED, Smart-TV, WLAN, Grau",https://www.amazon.de/dp/B0D53B9SGR,55.0,,,,,Amazon,DE,2026-08-21T04:55:59Z,B0D53B9SGR,,,,,
Hisense,"Hisense Bundle 65E7DS PRO Fernseher 65 Zoll, 4K UHD QLED, Smart TV, 2026 + HS2000, 2.1 Kanal Soundbar, Visual Built-in subwoofer, 240W max Audio Power,Dolby Audio, DTS Virtual:X, TV Mode, EzPlay",https://www.amazon.de/dp/B0HF4B6PRP,65.0,689.06,689.06,EUR,689.06,Amazon,DE,2026-08-21T04:55:59Z,B0HF4B6PRP,,,,,
Hisense,"Hisense Bundle 58E7DS Fernseher 58 Zoll, 4K UHD QLED, Smart TV, 2026 + HS2000, 2.1 Kanal Soundbar, Visual Built-in subwoofer, 240W max Audio Power,Dolby Audio, DTS Virtual:X, TV Mode, EzPlay",https://www.amazon.de/dp/B0HF4JYTLH,58.0,458.0,458.0,EUR,458.0,Amazon,DE,2026-08-21T04:55:59Z,B0HF4JYTLH,,,,,
Hisense,"Hisense Bundle 65E7DS Fernseher 65 Zoll, 4K UHD QLED, Smart TV, 2026 HS1000, 2.0 Kanal Soundbar, 120W max Audio Power, Dolby Audio, DTS Virtual:X, Voice Enhanced, TV Mode, EzPlay",https://www.amazon.de/dp/B0HF4QWVXZ,65.0,558.0,558.0,EUR,558.0,Amazon,DE,2026-08-21T04:55:59Z,B0HF4QWVXZ,,,,,
Hisense,"Hisense 75E7KQ PRO 189cm (75 Zoll) Fernseher, 4K UHD, QLED, Smart TV, HDR, Dolby Vision IQ, 144Hz (VRR), HDMI 2.1, Game Mode PRO, Triple Tuner, Alexa Built-In, Dolby Atmos, Dunkelgrau [2023]",https://www.amazon.de/dp/B0C43WS8C4,75.0,1149.99,1149.99,EUR,1149.99,Amazon,DE,2026-08-21T04:55:59Z,B0C43WS8C4,,,,,
Hisense,"Hisense Bundle of 43E7DS Fernseher 43 Zoll, 4K UHD QLED, Smart TV, Hi-View AI Engine[2026] + HS2100, 2.1 Kanal Soundbar, 240W max Audio Power,Dolby Audio, DTS",https://www.amazon.de/dp/B0H848LKT9,43.0,358.99,358.99,EUR,358.99,Amazon,DE,2026-08-21T04:55:59Z,B0H848LKT9,,,,,
Hisense,"Hisense Bundle 55E7DS PRO Fernseher 55 Zoll, 4K UHD QLED, Smart TV, 2026 HS1000, 2.0 Kanal Soundbar, 120W max Audio Power, Dolby Audio, DTS Virtual:X, Voice Enhanced, TV Mode, EzPlay",https://www.amazon.de/dp/B0HF48LFB8,55.0,558.0,558.0,EUR,558.0,Amazon,DE,2026-08-21T04:55:59Z,B0HF48LFB8,,,,,
Hisense,"Hisense Bundle 50E7DS Fernseher 50 Zoll, 4K UHD QLED, Smart TV + HS2100, 2.1 Kanal Soundbar, 240W max Audio Power,Dolby Audio, DTS Virtual:X, Ultra-Slim Wireless subwoofer, TV Mode, EzPlay",https://www.amazon.de/dp/B0H875RS9D,50.0,438.0,438.0,EUR,438.0,Amazon,DE,2026-08-21T04:55:59Z,B0H875RS9D,,,,,
Hisense,"Hisense Bundle 65E7DS PRO Fernseher 65 Zoll, 4K UHD QLED, Smart TV 2026 HS1000, 2.0 Kanal Soundbar, 120W max Audio Power, Dolby Audio, DTS Virtual:X, Voice Enhanced, TV Mode, EzPlay",https://www.amazon.de/dp/B0HF4CXHBW,65.0,669.06,669.06,EUR,669.06,Amazon,DE,2026-08-21T04:55:59Z,B0HF4CXHBW,,,,,
Hisense,"Hisense Bundle 55E7DS PRO Fernseher 55 Zoll, 4K UHD QLED, Smart TV, 2026 + HS2000, 2.1 Kanal Soundbar, Visual Built-in subwoofer, 240W max Audio Power,Dolby Audio, DTS Virtual:X, TV Mode, EzPlay",https://www.amazon.de/dp/B0HF4H3CNX,55.0,578.0,578.0,EUR,578.0,Amazon,DE,2026-08-21T04:55:59Z,B0HF4H3CNX,,,,,
Hisense,"Hisense Bundle 50E7DS Fernseher 50 Zoll, 4K UHD QLED, Smart TV, 2026 + HS2000, 2.1 Kanal Soundbar, Visual Built-in subwoofer, 240W max Audio Power,Dolby Audio, DTS Virtual:X, TV Mode, EzPlay",https://www.amazon.de/dp/B0HF3W9Q2Q,50.0,428.0,428.0,EUR,428.0,Amazon,DE,2026-08-21T04:55:59Z,B0HF3W9Q2Q,,,,,
Hisense,"Hisense Bundle 50E7DS PRO Fernseher 50 Zoll, 4K UHD QLED, Smart TV, 2026 HS1000, 2.0 Kanal Soundbar, 120W max Audio Power, Dolby Audio, DTS Virtual:X, Voice Enhanced, TV Mode, EzPlay",https://www.amazon.de/dp/B0HF3YS8BB,50.0,538.0,538.0,EUR,538.0,Amazon,DE,2026-08-21T04:55:59Z,B0HF3YS8BB,,,,,
Hisense,"Hisense Bundle 65E7DS Fernseher 65 Zoll, 4K UHD QLED, Smart TV, 2026 + HS2000, 2.1 Kanal Soundbar, Visual Built-in subwoofer, 240W max Audio Power,Dolby Audio, DTS Virtual:X, TV Mode, EzPlay",https://www.amazon.de/dp/B0HF49PMPY,65.0,578.0,578.0,EUR,578.0,Amazon,DE,2026-08-21T04:55:59Z,B0HF49PMPY,,,,,
Hisense,"Hisense Bundle 85E7DS PRO Fernseher 85 Zoll, 4K UHD QLED, Smart TV [2026] + HS2000, 2.1 Kanal Soundbar, Visual Built-in subwoofer, 240W max Audio Power,Dolby Audio, DTS Virtual:X, TV Mode, EzPlay",https://www.amazon.de/dp/B0HF4DV9RZ,85.0,1178.0,1178.0,EUR,1178.0,Amazon,DE,2026-08-21T04:55:59Z,B0HF4DV9RZ,,,,,
Hisense,"Hisense Bundle 50E7DS PRO Fernseher 50 Zoll, 4K UHD QLED, Smart TV, Hi-Concerto, 144Hz Game Mode + HS2100, 2.1 Kanal Soundbar, 240W,Dolby Audio, DTS Virtual:X, Ultra-Slim Wireless subwoofer",https://www.amazon.de/dp/B0H87FDP3N,50.0,568.0,568.0,EUR,568.0,Amazon,DE,2026-08-21T04:55:59Z,B0H87FDP3N,,,,,
Hisense,"Hisense Bundle 50E7DS PRO Fernseher 50 Zoll, 4K UHD QLED, Smart TV, 2026 + HS2000, 2.1 Kanal Soundbar, Visual Built-in subwoofer, 240W max Audio Power,Dolby Audio, DTS Virtual:X, TV Mode, EzPlay",https://www.amazon.de/dp/B0HF4N735X,50.0,558.0,558.0,EUR,558.0,Amazon,DE,2026-08-21T04:55:59Z,B0HF4N735X,,,,,
Hisense,"Hisense Bundle 75E7DS PRO Fernseher 75 Zoll, 4K UHD QLED, Smart TV, Hi-Concerto, 144Hz Game Mode [2026] + HS2100, 2.1 Kanal Soundbar, 240W,Dolby Audio, DTS Virtual:X, Ultra-Slim Wireless subwoofer",https://www.amazon.de/dp/B0H87Q8V42,75.0,888.99,888.99,EUR,888.99,Amazon,DE,2026-08-21T04:55:59Z,B0H87Q8V42,,,,,
Hisense,"Hisense Bundle 85E7DS PRO Fernseher 85 Zoll, 4K UHD QLED, Smart TV [2026] HS1000 2.0ch Soundbar, 120 W, Dolby Audio, DTS Virtual:X, EzPlay",https://www.amazon.de/dp/B0HDZXDGGD,85.0,1158.0,1158.0,EUR,1158.0,Amazon,DE,2026-08-21T04:55:59Z,B0HDZXDGGD,,,,,
Hisense,"Hisense Bundle 55E7DS Fernseher 55 Zoll, 4K UHD QLED, Smart TV, 60Hz Game Mode Plus + HS2100, 2.1 Kanal Soundbar, 240W max Audio Power,Dolby Audio, DTS Virtual:X, Ultra-Slim Wireless subwoofer",https://www.amazon.de/dp/B0H87BXM9J,55.0,452.95,452.95,EUR,452.95,Amazon,DE,2026-08-21T04:55:59Z,B0H87BXM9J,,,,,
Hisense,"Hisense 65A79NQ Smart-TV, 65 Zoll, 4K, DLED, DVB-T2, HEVC(H.265), Schwarz",https://www.amazon.de/dp/B0DJT45V9J,65.0,639.0,639.0,EUR,639.0,Amazon,DE,2026-08-21T04:55:59Z,B0DJT45V9J,,,,,
Hisense,"Hisense Bundle 55E7DS Fernseher 55 Zoll, 4K UHD QLED, Smart TV, 2026 + HS2000, 2.1 Kanal Soundbar, Visual Built-in subwoofer, 240W max Audio Power,Dolby Audio, DTS Virtual:X, TV Mode, EzPlay",https://www.amazon.de/dp/B0HF4HLT1Z,55.0,442.95,442.95,EUR,442.95,Amazon,DE,2026-08-21T04:55:59Z,B0HF4HLT1Z,,,,,
Hisense,"Hisense Bundle 75E7DS PRO Fernseher 75 Zoll, 4K UHD QLED, Smart TV 2026 HS1000 2.0ch Soundbar, 120 W, Dolby Audio, DTS Virtual:X, EzPlay",https://www.amazon.de/dp/B0HF13PYG3,75.0,858.99,858.99,EUR,858.99,Amazon,DE,2026-08-21T04:55:59Z,B0HF13PYG3,,,,,
Hisense,"Hisense 65E77Q, QLED-Fernseher - (164 cm (65 Zoll), schwarz, UltraHD/4K, Triple Tuner) [Energieklasse E] (65E77Q)",https://www.amazon.de/dp/B0FVVTHFW3,65.0,,,,,Amazon,DE,2026-08-21T04:55:59Z,B0FVVTHFW3,,,,,
Hisense,"Hisense Bundle 75E7DS PRO Fernseher 75 Zoll, 4K UHD QLED, Smart TV, 2026 + HS2000, 2.1 Kanal Soundbar, Visual Built-in subwoofer, 240W max Audio Power,Dolby Audio, DTS Virtual:X, TV Mode, EzPlay",https://www.amazon.de/dp/B0HF48Q68N,75.0,878.99,878.99,EUR,878.99,Amazon,DE,2026-08-21T04:55:59Z,B0HF48Q68N,,,,,
Hisense,"Hisense Bundle 85E7DS Fernseher 85 Zoll, 4K UHD QLED, Smart TV [2026] HS1000, 2.0 Kanal Soundbar, 120W max Audio Power, Dolby Audio, DTS Virtual:X, Voice Enhanced, TV Mode, EzPlay",https://www.amazon.de/dp/B0HF435M9W,85.0,908.99,908.99,EUR,908.99,Amazon,DE,2026-08-21T04:55:59Z,B0HF435M9W,,,,,
Hisense,"Hisense Bundle 75E7DS Fernseher 75 Zoll, 4K UHD QLED, Smart TV, 2026 + HS2000, 2.1 Kanal Soundbar, Visual Built-in subwoofer, 240W max Audio Power,Dolby Audio, DTS Virtual:X, TV Mode, EzPlay",https://www.amazon.de/dp/B0HF47Z78Y,75.0,768.99,768.99,EUR,768.99,Amazon,DE,2026-08-21T04:55:59Z,B0HF47Z78Y,,,,,
Hisense,"Hisense Bundle 85E7DS Fernseher 85 Zoll, 4K UHD QLED, Smart TV, 60Hz Game Mode Plus + HS2100, 2.1 Kanal Soundbar, 240W max Audio Power,Dolby Audio, DTS Virtual:X, Ultra-Slim Wireless subwoofer",https://www.amazon.de/dp/B0H87GH264,85.0,938.99,938.99,EUR,938.99,Amazon,DE,2026-08-21T04:55:59Z,B0H87GH264,,,,,
Hisense,"Hisense Bundle 100E7DS PRO Fernseher 100 Zoll, 4K UHD QLED, Smart TV [2026] HS1000 2.0ch Soundbar, 120 W, Dolby Audio, DTS Virtual:X, EzPlay",https://www.amazon.de/dp/B0HF172M89,100.0,1708.0,1708.0,EUR,1708.0,Amazon,DE,2026-08-21T04:55:59Z,B0HF172M89,,,,,
Hisense,"Hisense Bundle 85E7DS Fernseher 85 Zoll, 4K UHD QLED, Smart TV [2026] + HS2000, 2.1 Kanal Soundbar, Visual Built-in subwoofer, 240W max Audio Power,Dolby Audio, DTS Virtual:X, TV Mode, EzPlay",https://www.amazon.de/dp/B0HF4DC7GB,85.0,928.99,928.99,EUR,928.99,Amazon,DE,2026-08-21T04:55:59Z,B0HF4DC7GB,,,,,
Hisense,"Hisense 100U7SE 100 Zoll Mini LED Smart TV, Hi-QLED MiniLED MiniLED Gaming-Modus, 165 Hz nativ, Eingebauter Subwoofer, Hi-View AI Engine Pro, Dolby Vision IQ, Smooth Motion IA, Filmmaker Modus",https://www.amazon.de/dp/B0GR6P7MGV,100.0,2253.66,2253.66,EUR,2253.66,Amazon,DE,2026-08-21T04:55:59Z,B0GR6P7MGV,,,,,
Hisense,Hisense Smart TV RGB MiniLED 65 Zoll 4K 65UR9S,https://www.amazon.de/dp/B0GR6VCJL6,65.0,,,,,Amazon,DE,2026-08-21T04:55:59Z,B0GR6VCJL6,,,,,
Hisense,"Hisense 65A85H OLED 164cm (65 Zoll) Fernseher, 4K, HDR, Dolby Vision IQ & Atmos, IMAX Enhanced, Filmmaker Mode, 120Hz, Alexa Built-in, Google Assistant, Game Mode Pro, DTS Virtual X, anthrazit [2022 ]",https://www.amazon.de/dp/B0B534DNNM,65.0,1791.86,1791.86,EUR,1791.86,Amazon,DE,2026-08-21T04:55:59Z,B0B534DNNM,,,,,
Hisense,"Hisense 65E6KT 164cm (65 Zoll) Fernseher, 4K UHD, HDR & HS2100 2.1 Soundbar Home Theater System mit kabellosem Subwoofer, 240W, Dolby Audio, Bluetooth, HDMI ARC/Optical/AUX/USB, Schwarz",https://www.amazon.de/dp/B0D41PGGVV,65.0,678.99,678.99,EUR,678.99,Amazon,DE,2026-08-21T04:55:59Z,B0D41PGGVV,,,,,
Hisense,Hisense 40A59S LED-TV FHD Multituner BT Smart (20018214),https://www.amazon.de/dp/B0H1N6FDBV,40.0,,,,,Amazon,DE,2026-08-21T04:55:59Z,B0H1N6FDBV,,,,,
Sony,"Sony BRAVIA 3 - Direct LED 50 Zoll Fernseher (K50S32), X-Balanced Speaker, Dolby Vision/Atmos, IMAX Enhanced, Google TV (2025), Google Cast, Apple AirPlay 2, Eco Dashboard 2, Game Menu 2, Smart TV",https://www.amazon.de/dp/B0F4KT1F4F,50.0,539.0,539.0,EUR,539.0,Amazon,DE,2026-08-21T04:55:59Z,B0F4KT1F4F,,,,,
Sony,"Sony BRAVIA 5 XR Mini-LED 55 Zoll Fernseher (K55XR52), AI XR-Prozessor, akustisches Multi-Audio, Dolby Vision/Atmos, IMAX Enhanced, Google TV (2025), Google Cast, Apple AirPlay 2, Game Menu, Smart TV",https://www.amazon.de/dp/B0F4KYR4RT,55.0,949.0,949.0,EUR,949.0,Amazon,DE,2026-08-21T04:55:59Z,B0F4KYR4RT,,,,,
Sony,"Sony BRAVIA 3 - Direct LED 43 Zoll Fernseher (K43S32), X-Balanced Speaker, Dolby Vision/Atmos, IMAX Enhanced, Google TV (2025), Google Cast, Apple AirPlay 2, Eco Dashboard 2, Game Menu 2, Smart TV",https://www.amazon.de/dp/B0F4KVZSKW,43.0,499.0,499.0,EUR,499.0,Amazon,DE,2026-08-21T04:55:59Z,B0F4KVZSKW,,,,,
Sony,"Sony BRAVIA, KD-32W800, 32 Zoll Fernseher, LED, 2K HDR, Android TV, Smart TV",https://www.amazon.de/dp/B0BNW6941F,32.0,295.99,295.99,EUR,295.99,Amazon,DE,2026-08-21T04:55:59Z,B0BNW6941F,,,,,
Sony,"Sony BRAVIA 7 II True RGB Fernseher, 98 Zoll, 4K-Smart-TV (Google TV), RGB-LED, XR Prozessor mit KI-Technologie, 120-Hz-Fernseher mit Dolby Vision/Atmos, PS5-kompatibel, Modell 2026 – Schwarz",https://www.amazon.de/dp/B0H2JLDM94,98.0,6299.0,6299.0,EUR,6299.0,Amazon,DE,2026-08-21T04:55:59Z,B0H2JLDM94,,,,,
Sony,"Sony BRAVIA 3 - Direct LED 55 Zoll Fernseher (K55S32), X-Balanced Speaker, Dolby Vision/Atmos, IMAX Enhanced, Google TV (2025), Google Cast, Apple AirPlay 2, Eco Dashboard 2, Game Menu 2, Smart TV",https://www.amazon.de/dp/B0F4KXJQ42,55.0,599.0,599.0,EUR,599.0,Amazon,DE,2026-08-21T04:55:59Z,B0F4KXJQ42,,,,,
Sony,"Sony BRAVIA 8 OLED 65 Zoll 4K HDR Google Smart TV (2024) | Gaming Features,IMAX Enhanced, Dolby Vision Atmos, Chromecast, Apple AirPlay, 120Hz 65XR80",https://www.amazon.de/dp/B0D1VV8K32,65.0,1499.0,1499.0,EUR,1499.0,Amazon,DE,2026-08-21T04:55:59Z,B0D1VV8K32,,,,,
Sony,"Sony BRAVIA 5 XR Mini-LED 98 Zoll Fernseher (K98XR55), AI XR-Prozessor, akustisches Multi-Audio, Dolby Vision/Atmos, IMAX Enhanced, Google TV (2025), Google Cast, Apple AirPlay 2, Game Menu, Smart TV",https://www.amazon.de/dp/B0F7R8NY37,98.0,3999.0,3999.0,EUR,3999.0,Amazon,DE,2026-08-21T04:55:59Z,B0F7R8NY37,,,,,
Sony,"Sony BRAVIA, KD-65X75WL, 65 Zoll Fernseher, LED, 4K HDR, Google TV, Smart TV, Works with Alexa, BRAVIA CORE, HDMI 2.1, Gaming-Menü mit ALLM",https://www.amazon.de/dp/B0BYP2PVXK,65.0,649.0,649.0,EUR,649.0,Amazon,DE,2026-08-21T04:55:59Z,B0BYP2PVXK,,,,,
Sony,"Sony BRAVIA 3II 43-Zoll-Fernseher, 4K-Smart-TV (Google TV), XR Prozessor mit KI-Technologie, 120-Hz-Fernseher mit Dolby Vision/Atmos, PS5-kompatibel, 43XR32M2, Modell 2026",https://www.amazon.de/dp/B0GZQ8F1R6,43.0,759.0,759.0,EUR,759.0,Amazon,DE,2026-08-21T04:55:59Z,B0GZQ8F1R6,,,,,
Sony,"Sony BRAVIA 3II 55-Zoll-Fernseher, 4K-Smart-TV (Google TV), XR Prozessor mit KI-Technologie, 120-Hz-Fernseher mit Dolby Vision/Atmos, PS5-kompatibel, 55XR32M2, Modell 2026",https://www.amazon.de/dp/B0GZPV9JS8,55.0,949.0,949.0,EUR,949.0,Amazon,DE,2026-08-21T04:55:59Z,B0GZPV9JS8,,,,,
Sony,"Sony BRAVIA 8 II - QD-OLED, AI XR Processor, Acoustic Surface Audio+, Dolby Vision/Atmos, IMAX Enhanced, Google TV (2025), Google Cast, Apple AirPlay 2, Eco Dashboard 2, Game Menu 2 – 55 Zoll",https://www.amazon.de/dp/B0FG465NBM,55.0,1899.0,1899.0,EUR,1899.0,Amazon,DE,2026-08-21T04:55:59Z,B0FG465NBM,,,,,
Sony,"Sony BRAVIA 2II 50 Zoll Fernseher, 4K Smart TV (Google TV), X1 Prozessor, 4K-Upscaling, Fernseher mit Dolby Atmos und DTS:X, PS5-Kompatibilität, 50S20M2, Modell 2026",https://www.amazon.de/dp/B0GZLDN3SH,50.0,799.0,799.0,EUR,799.0,Amazon,DE,2026-08-21T04:55:59Z,B0GZLDN3SH,,,,,
Sony,"Sony BRAVIA XR, XR-85X90L, 85 Zoll Fernseher, Full Array LED, 4K HDR 120Hz, Google TV, Smart TV, Works with Alexa, mit exklusiven PS5-Features, HDMI 2.1, Gaming-Menü mit ALLM + VRR, 24 + 12M Garantie",https://www.amazon.de/dp/B0BYPHDLWX,85.0,1899.0,1899.0,EUR,1899.0,Amazon,DE,2026-08-21T04:55:59Z,B0BYPHDLWX,,,,,
Sony,"Sony KDL-50W815B 126cm (50 Zoll) 3D-LED-Backlight-Fernseher (Full HD, 600Hz Motionflow XR, Smart View, DVB-T/T2/C/S/S2, CI+, WLAN, Skype, X-Reality PRO)",https://www.amazon.de/dp/B00IRWKEK4,50.0,300.0,300.0,EUR,300.0,Amazon,DE,2026-08-21T04:55:59Z,B00IRWKEK4,,,,,
Philips,"PHILIPS Ambilight 55PUS8600 4K QLED Smart TV - 55 Zoll Display mit P5 Perfect Picture Engine Ultra HD, Titan OS, Dolby Vision und Dolby Atmos Sound",https://www.amazon.de/dp/B0F2N63FSG,55.0,489.99,489.99,EUR,489.99,Amazon,DE,2026-08-21T04:55:59Z,B0F2N63FSG,,,,,
Sony,"Sony KDL-55W809C 140 cm (Fernseher,1000 Hz)",https://www.amazon.de/dp/B00X94AP3G,55.0,427.0,427.0,EUR,427.0,Amazon,DE,2026-08-21T04:55:59Z,B00X94AP3G,,,,,
Hisense,"Hisense 43E6NT 108cm (43 Zoll) Fernseher, 4K UHD Smart TV, Precision Colour, HDR, Dolby Vision, 60Hz, Triple Tuner DVB-C/S/S2/T/T2, WiFi, HDMI 2.1, Bluetooth, Alexa Built-in, Schwarz, [2024]",https://www.amazon.de/dp/B0CZWNDNXW,43.0,,,,,Amazon,DE,2026-08-21T04:55:59Z,B0CZWNDNXW,,,,,
LG,"LG 43UA75006LA TV 43 Zoll (109 cm) 4K UHD AI TV (α7 Gen8 4K AI Prozessor, webOS 25, 60Hz) [Modelljahr 2025]",https://www.amazon.de/dp/B0F2GHSMX5,43.0,,,,,Amazon,DE,2026-08-21T04:55:59Z,B0F2GHSMX5,,,,,
Philips,"Philips Ambilight 75PUS8500 4K LED Smart TV - 75 Zoll Display mit Pixel Precise Ultra HD, Titan OS, Dolby Vision und Dolby Atmos Sound",https://www.amazon.de/dp/B0F24XGFPR,75.0,799.99,799.99,EUR,799.99,Amazon,DE,2026-08-21T04:55:59Z,B0F24XGFPR,,,,,
Philips,"PHILIPS 50PUS7000 4K LED Smart TV - 50 Zoll Display mit Pixel Precise Ultra HD, Titan OS Plattform und Dolby Atmos Sound - Funktioniert mit Alexa und Google Sprachassistent, 2025",https://www.amazon.de/dp/B0F2N4CQ1S,50.0,299.0,299.0,EUR,299.0,Amazon,DE,2026-08-21T04:55:59Z,B0F2N4CQ1S,,,,,
Sony,"Sony BRAVIA 8 II - QD-OLED, AI XR Processor, Acoustic Surface Audio+, Dolby Vision/Atmos, IMAX Enhanced, Google TV (2025), Google Cast, Apple AirPlay 2, Eco Dashboard 2, Game Menu 2 (65, Zoll)",https://www.amazon.de/dp/B0FQTSJZ9H,65.0,,,,,Amazon,DE,2026-08-21T04:55:59Z,B0FQTSJZ9H,,,,,
Panasonic,"Panasonic TB-65W61AEZ, W61 Serie, 65 Zoll, 4K Ultra HD LED Smart TV, 2025, TiVo, Dolby Vision & Atmos, Game Mode Plus, Alexa & Google Sprachsteuerung, Schwarz",https://www.amazon.de/dp/B0F94HB79V,65.0,548.99,548.99,EUR,548.99,Amazon,DE,2026-08-21T04:55:59Z,B0F94HB79V,,,,,
Toshiba,Toshiba 50UV3463DAW Fernseher 50 Zoll VIDAA Smart TV mit 4K UHD Auflösung | Dolby Vision HDR | 3x HDMI | 2x USB | Dolby Audio | Sprachsteuerung | Frameless Design | Triple-Tuner DVB-C/-S2/-T2 | 2026,https://www.amazon.de/dp/B0CW21QHGR,50.0,315.04,315.04,EUR,315.04,Amazon,DE,2026-08-21T04:55:59Z,B0CW21QHGR,,,,,
Philips,"PHILIPS 32PFS6900 HD LED Smart TV - 32 Zoll Display mit Pixel Plus, Titan OS Plattform Und Dolby Digital Sound - Funktioniert Mit Alexa Und Google Sprachassistent",https://www.amazon.de/dp/B0F2N4D1LL,32.0,,,,,Amazon,DE,2026-08-21T04:55:59Z,B0F2N4D1LL,,,,,
Philips,"PHILIPS Ambilight 43PUS8200 4K LED Smart TV - 43 Zoll Display mit Pixel Precise Ultra HD, Titan OS, Dolby Vision und Dolby Atmos Sound",https://www.amazon.de/dp/B0F2N565FP,43.0,,,,,Amazon,DE,2026-08-21T04:55:59Z,B0F2N565FP,,,,,
Philips,"Philips 55PUS7800 4K QLED Smart TV - 55 Zoll Display mit Pixel Precise Ultra HD, Titan OS Plattform und Dolby Atmos Sound - Funktioniert mit Alexa und Google Sprachassistent",https://www.amazon.de/dp/B0F2N59KGW,55.0,379.0,379.0,EUR,379.0,Amazon,DE,2026-08-21T04:55:59Z,B0F2N59KGW,,,,,
Xiaomi,"XIAOMI TV FX Mini LED 43"" QD Mini LED Smart TV, 4K UHD, Fire TV, HDR10+",https://www.amazon.de/dp/B0H26RB46K,43.0,309.0,309.0,EUR,309.0,Amazon,DE,2026-08-21T04:55:59Z,B0H26RB46K,,,,,
Hisense,"Hisense 32S5Q Deco TV, 800 Mm, 32 Zoll, FHD QLED, HDR10, Dolby Atmos, Colour, 60Hz, DVB T2 und C und S2 Tuner, WiFi, HDMI, Gallerie Mode, Rauschreduzierung, DTS Virtual, X, 2025",https://www.amazon.de/dp/B0FSLMYL4W,32.0,208.55,208.55,EUR,208.55,Amazon,DE,2026-08-21T04:55:59Z,B0FSLMYL4W,,,,,
Xiaomi,"XIAOMI TV MAX 100 Zoll (254 cm) QLED 4K UHD Smart TV, Dolby Atmos & Vision | 144Hz (240Hz Game Boost Mode), Dolby Atmos & Vision, HDR10+, Triple Tuner, DVB-C/S/S2/T/T2, Google TV, MEMC, Airplay",https://www.amazon.de/dp/B0DJM91FMC,100.0,1699.0,1699.0,EUR,1699.0,Amazon,DE,2026-08-21T04:55:59Z,B0DJM91FMC,,,,,
Hisense,"Hisense 85U7Q Pro Fernseher 85 Zoll, 4K Mini LED, Smart TV, Hi-View AI Engine Pro, 165Hz Game Mode Ultra, FreeSync Premium Pro, 2.1.2 ch. Surround Sound, Dolby Vision IQ Atmos, Sprachsteuerung [2025]",https://www.amazon.de/dp/B0F24CKN33,85.0,,,,,Amazon,DE,2026-08-21T04:55:59Z,B0F24CKN33,,,,,
LG,"LG 43QNED82A6B TV 43 Zoll 4K QNED AI | α7 Gen8 4K AI Prozessor, webOS 25, 60Hz, Modelljahr 2025",https://www.amazon.de/dp/B0F2J9H6CC,43.0,,,,,Amazon,DE,2026-08-21T04:55:59Z,B0F2J9H6CC,,,,,
Philips,"PHILIPS 40PFS6000 HD LED Smart TV - 40 Zoll Display mit Pixel Plus, Titan OS Plattform Und Dolby Digital Sound - Funktioniert Mit Alexa Und Google Sprachassistent",https://www.amazon.de/dp/B0F2N4WSJ9,40.0,269.0,269.0,EUR,269.0,Amazon,DE,2026-08-21T04:55:59Z,B0F2N4WSJ9,,,,,
Panasonic,"Panasonic TV-65Z80AEZ, Z80 Serie 65 Zoll 4K Ultra HD OLED Smart TV, 2024, Fire TV, Dolby Vision & Atmos, Game Mode Extreme, Alexa Sprachsteuerung, Airplay, Schwarz",https://www.amazon.de/dp/B0DJCXKT2B,65.0,1460.05,1460.05,EUR,1460.05,Amazon,DE,2026-08-21T04:55:59Z,B0DJCXKT2B,,,,,
Sony,"SONY FW-55BZ40L affichage de Messages Panneau plat de signalisation numérique 139,7 cm (55"") LCD WiFi 700 cd/m² 4K ULT",https://www.amazon.de/dp/B0C9YPXLS1,55.0,1181.0,1181.0,EUR,1181.0,Amazon,DE,2026-08-21T04:55:59Z,B0C9YPXLS1,,,,,
Sony,"SONY FW-75BZ30J affichage de Messages Panneau plat de signalisation numérique 190,5 cm (75"") IPS WiFi 440 cd/m² 4K ULT",https://www.amazon.de/dp/B09GRLFM7G,75.0,,,,,Amazon,DE,2026-08-21T04:55:59Z,B09GRLFM7G,,,,,
Sony,"Sony BRAVIA | KD-65X75WL | LED | 4K HDR | Google TV HT-S40R - 5.1.-Kanal-Soundbar, Schwarz",https://www.amazon.de/dp/B0C7C71M5K,65.0,906.99,906.99,EUR,906.99,Amazon,DE,2026-08-21T04:55:59Z,B0C7C71M5K,,,,,
Samsung,"Samsung Neo QLED 4K QN90D Fernseher 50 Zoll, Neural Quantum 4K AI Gen2 Prozessor, Mini LED TV, AI Upscaling, Smart TV, Dolby Atmos, Gaming Hub, GQ50QN90DATXZG, Deutsches Modell",https://www.amazon.de/dp/B0CZS1XHGV,50.0,999.0,999.0,EUR,999.0,Amazon,DE,2026-08-21T04:55:59Z,B0CZS1XHGV,,,,,
Panasonic,"Panasonic TN-65W70AEZ, W70-Serie 65 Zoll 4K Ultra HD LED Smart TV, 2024, Google Assistant, Chromecast, Dolby Vision & Atmos, Gaming-Modus, Bluetooth, für EIN außergewöhnliches visuelles Erlebnis",https://www.amazon.de/dp/B0D9MHLNXF,65.0,724.42,724.42,EUR,724.42,Amazon,DE,2026-08-21T04:55:59Z,B0D9MHLNXF,,,,,
Samsung,"Samsung The Frame LS03F 4K QLED 65 Zoll (163 cm) UHD, NQ4 AI Gen2 Prozessor, Art Mode, Artful Picture Quality, One Connect Kabel, 2025",https://www.amazon.de/dp/B0F62T7RFM,65.0,878.99,878.99,EUR,878.99,Amazon,DE,2026-08-21T04:55:59Z,B0F62T7RFM,,,,,
Samsung,"Samsung QLED Q7F4 4K 43 Zoll UHD Fernseher, Q4 AI Prozessor, Quantum Dot Für Reale Farben, Upscaling, Knox Security, Adaptive Sound, Samsung Vision Smart TV, 43Q7F (2025), 109 Cm",https://www.amazon.de/dp/B0FFB2K3D4,43.0,295.97,295.97,EUR,295.97,Amazon,DE,2026-08-21T04:55:59Z,B0FFB2K3D4,,,,,
Samsung,"Samsung QLED Q7F2 4K 65 Zoll (163 cm) UHD, Q4 AI Prozessor, Quantum Dot, Upscaling, Knox Security, Gaming Hub, Smart TV, 2025",https://www.amazon.de/dp/B0F62RTCZP,65.0,549.0,549.0,EUR,549.0,Amazon,DE,2026-08-21T04:55:59Z,B0F62RTCZP,,,,,
Samsung,"Samsung Neo QLED QN80H 4K 65 Zoll (163 cm), UHD Fernseher, Quantum-Mini-LED für ultrafeine Kontraste, 4K AI Upscaling, Adaptive Sound Pro, Gaming Hub, Motion Xcelerator 144Hz, AI Companion, Smart TV",https://www.amazon.de/dp/B0GXZQHTDL,65.0,1339.0,1339.0,EUR,1339.0,Amazon,DE,2026-08-21T04:55:59Z,B0GXZQHTDL,,,,,
Samsung,"Samsung Crystal U7099H 4K 50 Zoll (125 cm), UHD Fernseher, AI Companion für Deine Fragen, 4K Upscaling, Dynamik Sound Pack für Premium-Sounderlebnis, Gaming Hub, kostenlos 900 Sender, Smart AI TV",https://www.amazon.de/dp/B0GXZJW37V,50.0,406.75,406.75,EUR,406.75,Amazon,DE,2026-08-21T04:55:59Z,B0GXZJW37V,,,,,
Samsung,"Samsung Mini LED M70H 4K 50 Zoll (125 cm) UHD Fernseher, Mini LED Prozessor 4K, AI Companion für Fragen, Pure Spectrum Color, Dynamic SoundPack, MetalStream Design, Gaming Hub, Knox Security, Smart TV",https://www.amazon.de/dp/B0H33D2SFV,50.0,384.0,384.0,EUR,384.0,Amazon,DE,2026-08-21T04:55:59Z,B0H33D2SFV,,,,,
Samsung,"Samsung Neo QLED QN80H 4K 55 Zoll (138 cm), UHD Fernseher, Quantum-Mini-LED für ultrafeine Kontraste, 4K AI Upscaling, Adaptive Sound Pro, Gaming Hub, Motion Xcelerator 144Hz, AI Companion, Smart TV",https://www.amazon.de/dp/B0GXZS2FCQ,55.0,999.0,999.0,EUR,999.0,Amazon,DE,2026-08-21T04:55:59Z,B0GXZS2FCQ,,,,,
Samsung,"Samsung 43U80H Crystal UHD 4K Smart TV, 43 Zoll (108 cm), Modelljahr 2026, Tizen OS, Gaming Hub, HDR10+, PurColor",https://www.amazon.de/dp/B0H5KBWMKK,43.0,309.8,309.8,EUR,309.8,Amazon,DE,2026-08-21T04:55:59Z,B0H5KBWMKK,,,,,
Samsung,"Samsung Crystal U7099H 4K 43 Zoll (108 cm), UHD Fernseher, AI Companion für Deine Fragen, 4K Upscaling, Dynamik Sound Pack für Premium-Sounderlebnis, Gaming Hub, kostenlos 900 Sender, Smart AI TV",https://www.amazon.de/dp/B0GXZN9W32,43.0,346.7,346.7,EUR,346.7,Amazon,DE,2026-08-21T04:55:59Z,B0GXZN9W32,,,,,
Samsung,"Samsung M70H Mini LED 4K 65 Zoll (163 cm) UHD, Mini LED HDR, Motion Xcelerator 144Hz, AI Companion, 900 Sender, Smart TV, 2026",https://www.amazon.de/dp/B0GXZPQL27,65.0,719.0,719.0,EUR,719.0,Amazon,DE,2026-08-21T04:55:59Z,B0GXZPQL27,,,,,
Samsung,"Samsung Neo QLED QN70H 4K 50 Zoll (125 cm) Fernseher, Quantum Mini LED, Neural Quantum 4K AI Prozessor, Motion Xcelerator 144 Hz, Samsung Vision AI, AirSlim Design, Gaming Hub",https://www.amazon.de/dp/B0H3KVSVVM,50.0,581.95,581.95,EUR,581.95,Amazon,DE,2026-08-21T04:55:59Z,B0H3KVSVVM,,,,,
Samsung,"Samsung Crystal U7099H 4K 65 Zoll (163 cm), UHD Fernseher, AI Companion für Deine Fragen, 4K Upscaling, Dynamik Sound Pack für Premium-Sounderlebnis, Gaming Hub, kostenlos 900 Sender, Smart AI TV",https://www.amazon.de/dp/B0GXZJZ45C,65.0,629.0,629.0,EUR,629.0,Amazon,DE,2026-08-21T04:55:59Z,B0GXZJZ45C,,,,,
Samsung,Samsung 55 Zoll Mini LED M1EH 4K Samsung Vision AI Smart TV (2026),https://www.amazon.de/dp/B0H5KW9TG7,55.0,549.0,549.0,EUR,549.0,Amazon,DE,2026-08-21T04:55:59Z,B0H5KW9TG7,,,,,
LG,"LG OLED65G59LS TV 65 Zoll (165 cm) 4K OLED evo AI TV (α11 Gen2 4K AI Prozessor, webOS 25, 120Hz (VRR bis zu 165Hz)) [Modelljahr 2025]",https://www.amazon.de/dp/B0F2JBGW18,65.0,1399.0,1399.0,EUR,1399.0,Amazon,DE,2026-08-21T04:55:59Z,B0F2JBGW18,,,,,
LG,"LG Full HD LR60006LA TV 32 Zoll (81 cm) Smart TV, a5 Gen6 AI Prozessor,WebOS 23, 60Hz, HDR, 32LR60006LA (2025)",https://www.amazon.de/dp/B0F94BRF5M,32.0,,,,,Amazon,DE,2026-08-21T04:55:59Z,B0F94BRF5M,,,,,
LG,LG TV AI NANO81 (2025) 43 Zoll NanoCell UHD 4K - 43NANO81A6A,https://www.amazon.de/dp/B0F4PR7DYQ,43.0,,,,,Amazon,DE,2026-08-21T04:55:59Z,B0F4PR7DYQ,,,,,
LG,"LG OLED65C54LA TV 65 Zoll (165 cm) 4K OLED evo AI TV (α9 Gen8 4K AI Prozessor, webOS 25, 120Hz (VRR bis zu 144Hz)) [Modelljahr 2025] [Energieklasse F]",https://www.amazon.de/dp/B0FQP6YQJG,65.0,1229.0,1229.0,EUR,1229.0,Amazon,DE,2026-08-21T04:55:59Z,B0FQP6YQJG,,,,,
LG,"LG TV 50 Zoll (127 cm) 4K UHD AI TV 2025 (α7 Gen8 4K AI Prozessor, webOS 25, 60Hz) 50UA73006LA",https://www.amazon.de/dp/B0F3XS2DM8,50.0,,,,,Amazon,DE,2026-08-21T04:55:59Z,B0F3XS2DM8,,,,,
LG,"LG 55QNED86A6A TV 55 Zoll (139 cm) 4K QNED evo AI TV (α8 Gen2 4K AI Prozessor, webOS 25, 120Hz) [Modelljahr 2025]",https://www.amazon.de/dp/B0F38LBJ4X,55.0,,,,,Amazon,DE,2026-08-21T04:55:59Z,B0F38LBJ4X,,,,,
LG,"LG OLED65G67LW TV 65 Zoll, 4K OLED Evo AI, α11 Gen3 Prozessor, webOS 26, 120Hz, VRR bis zu 165Hz, Modelljahr 2026, Energieklasse E",https://www.amazon.de/dp/B0GSH6Z2NJ,65.0,2249.0,2249.0,EUR,2249.0,Amazon,DE,2026-08-21T04:55:59Z,B0GSH6Z2NJ,,,,,
LG,"LG OLED65C6ELB TV 65 Zoll (165 cm) 4K OLED evo AI TV (α11 Gen3 4K AI Prozessor, webOS 26, 120Hz (VRR bis zu 165Hz)) [Modelljahr 2026] [Energieklasse F]",https://www.amazon.de/dp/B0GSGWPS8Z,65.0,1775.78,1775.78,EUR,1775.78,Amazon,DE,2026-08-21T04:55:59Z,B0GSGWPS8Z,,,,,
LG,"LG OLED48C6ELB TV 48 Zoll (121 cm) 4K OLED evo AI TV (α11 Gen3 4K AI Prozessor, webOS 26, 120Hz (VRR bis zu 165Hz)) [Modelljahr 2026] [Energieklasse F]",https://www.amazon.de/dp/B0GSH1X6WF,48.0,1099.0,1099.0,EUR,1099.0,Amazon,DE,2026-08-21T04:55:59Z,B0GSH1X6WF,,,,,
LG,"LG 85QNED83B6A TV 85 Zoll (215 cm) 4K QNED evo Mini LED AI TV (α8 Gen3 4K AI Prozessor, webOS 26, 120Hz (VRR bis zu 144Hz)) [Modelljahr 2026] [Energieklasse F]",https://www.amazon.de/dp/B0GSH5475Q,85.0,1349.0,1349.0,EUR,1349.0,Amazon,DE,2026-08-21T04:55:59Z,B0GSH5475Q,,,,,
LG,"LG 65QNED83B6A TV 65 Zoll (165 cm) 4K QNED evo Mini LED AI TV (α8 Gen3 4K AI Prozessor, webOS 26, 120Hz (VRR bis zu 144Hz)) [Modelljahr 2026] [Energieklasse F]",https://www.amazon.de/dp/B0GSGZ5489,65.0,869.0,869.0,EUR,869.0,Amazon,DE,2026-08-21T04:55:59Z,B0GSGZ5489,,,,,
TCL,"TCL 50 Zoll 50Q6C QLED Mini LED Fernseher, 4K HDR Premium, Dolby Vision IQ & Atmos, Onkyo 2.1, Smart Google TV, Game Master, 144Hz Motion Clarity Pro, AMD FreeSync Premium Pro, HDMI 2.1, AirPlay 2 | Game Master, Dolby Vision IQ & Atmos, Motion Clarity, Apple AirPlay 2, Google Assistant, Alexa-kompatibel, Sprachsteuerung",https://www.amazon.de/dp/B0FD9VF12V,50.0,518.93,518.93,EUR,518.93,Amazon,DE,2026-08-21T04:55:59Z,B0FD9VF12V,,,,,
TCL,"TCL 55T6C 55 Zoll QLED Fernseher, 4K UHD Fire TV, HDR10+, Dolby Vision & Atmos, Smart TV mit Sprachsteuerung mit Alexa, Google Cast & AirPlay 2 | Dolby Vision, Alexa-kompatibel",https://www.amazon.de/dp/B0DW9698LP,55.0,349.0,349.0,EUR,349.0,Amazon,DE,2026-08-21T04:55:59Z,B0DW9698LP,,,,,
TCL,"TCL 65T8D QD-Mini LED 65 Zoll Fernseher, 4K Smart TV, Google TV, 144 Hz | FreeSync Premium, Game Master, Dolby Vision, HDR10+, Dolby Atmos, 2.1 Onkyo Sound, Apple AirPlay 2, Google Cast",https://www.amazon.de/dp/B0GR9FLCYT,65.0,799.0,799.0,EUR,799.0,Amazon,DE,2026-08-21T04:55:59Z,B0GR9FLCYT,,,,,
TCL,"TCL 75Q7D Pro SQD-Mini LED 75 Zoll Fernseher, 4K Smart TV, Google TV | 760 Dimming-Zonen, 2000 Nits Spitzenhelligkeit, Dolby Vision IQ & Atmos, 2.1 Onkyo Sound, 144 Hz VRR, AirPlay 2 & Alexa",https://www.amazon.de/dp/B0GXKRP7FM,75.0,1399.0,1399.0,EUR,1399.0,Amazon,DE,2026-08-21T04:55:59Z,B0GXKRP7FM,,,,,
TCL,"TCL 65Q7D Pro SQD-Mini LED 65 Zoll Fernseher, 4K Smart TV, Google TV | 646 Dimming-Zonen, 2000 Nits Spitzenhelligkeit, Dolby Vision IQ & Atmos, 2.1 Onkyo Sound, 144 Hz VRR, AirPlay 2 & Alexa",https://www.amazon.de/dp/B0GXKSZKLT,65.0,1019.15,1019.15,EUR,1019.15,Amazon,DE,2026-08-21T04:55:59Z,B0GXKSZKLT,,,,,
TCL,"TCL 55Q7D Pro SQD-Mini LED 55 Zoll Fernseher, 4K Smart TV, Google TV | 480 Dimming-Zonen, 2000 Nits Spitzenhelligkeit, Dolby Vision IQ & Atmos, 2.1 Onkyo Sound, 144 Hz VRR, AirPlay 2 & Alexa",https://www.amazon.de/dp/B0GXKS5GXL,55.0,849.0,849.0,EUR,849.0,Amazon,DE,2026-08-21T04:55:59Z,B0GXKS5GXL,,,,,
TCL,"TCL 98C8L SQD-Mini LED 98 Zoll Fernseher, 4K Smart TV, Google TV, HDR10+ | 4032 Dimming-Zonen, 6000 Nits Spitzenhelligkeit, Dolby Vision IQ & Atmos, 144Hz, ZeroBorder Design, Audio by Bang & Olufsen",https://www.amazon.de/dp/B0GTZQ77RW,98.0,3799.0,3799.0,EUR,3799.0,Amazon,DE,2026-08-21T04:55:59Z,B0GTZQ77RW,,,,,
TCL,"TCL 40V5D QLED 40 Zoll Fernseher, Full HD HDR Smart TV, Fire TV, Direct LED | Apple AirPlay 2, Alexa-kompatibel, Rahmenloses Metalldesign",https://www.amazon.de/dp/B0GYTCCKMW,40.0,279.0,279.0,EUR,279.0,Amazon,DE,2026-08-21T04:55:59Z,B0GYTCCKMW,,,,,
Hisense,"Hisense 32A5Q Fehrnseher, 32 Zoll, 2K QLED, Smart TV, Game Mode, AI Sports Mode, Dolby Atmos, Dolby MS12, DTS X, HDR10, HLG, Full HD, High Contrast, Rauschunterdrückung [2025]",https://www.amazon.de/dp/B0F2MZRGGH,32.0,189.9,189.9,EUR,189.9,Amazon,DE,2026-08-21T04:55:59Z,B0F2MZRGGH,,,,,
Hisense,"Hisense 55E7Q Fehrnseher, 55 Zoll, 4K UHD QLED, Smart TV, Game Mode Plus, Filmaker Mode, Dolby Vision Atmos, HDR10, HLG, HDR Immersive, AI 4K Upscaler, Dolby MS12, DTS X, Sprachsteuerung [2025]",https://www.amazon.de/dp/B0F1MPWV27,55.0,,,,,Amazon,DE,2026-08-21T04:55:59Z,B0F1MPWV27,,,,,
Hisense,"Hisense 40E4QT Fehrnseher, 40 Zoll, DLED, Smart TV, Game Mode, AI Sports Mode, Dolby Audio, Dolby MS12, DTS Virtual X, HDR10, HLG, Full HD, High Contrast, Rauschunterdrückung [2025]",https://www.amazon.de/dp/B0F9YRTQTP,40.0,,,,,Amazon,DE,2026-08-21T04:55:59Z,B0F9YRTQTP,,,,,
Hisense,"Hisense 65E7Q Fehrnseher, 65 Zoll, 4K UHD QLED, Smart TV, Game Mode Plus, Filmaker Mode, Dolby Vision Atmos, HDR10, HLG, HDR Immersive, AI 4K Upscaler, Dolby MS12, DTS X, Sprachsteuerung [2025]",https://www.amazon.de/dp/B0F1MRPC4B,65.0,489.94,489.94,EUR,489.94,Amazon,DE,2026-08-21T04:55:59Z,B0F1MRPC4B,,,,,
Hisense,"Hisense TV 55A7Q (2025) 55"" LED UHD 4K - 55A7Q",https://www.amazon.de/dp/B0F2T1B4NL,55.0,487.9,487.9,EUR,487.9,Amazon,DE,2026-08-21T04:55:59Z,B0F2T1B4NL,,,,,
Hisense,"Hisense 58E6DS Fernseher 58 Zoll, 4K UHD Smart TV, Hi View AI Engine, 60Hz Game Mode Plus, Dolby Vision, 4K Upscaler, DTS Virtual, X, Smooth Motion, Airplay, Sprachsteuerung, 2026",https://www.amazon.de/dp/B0GTB3548V,58.0,359.0,359.0,EUR,359.0,Amazon,DE,2026-08-21T04:55:59Z,B0GTB3548V,,,,,
Hisense,"Hisense 55E6DS Fernseher 55 Zoll, 4K UHD Smart TV, Hi View AI Engine, 60Hz Game Mode Plus, Dolby Vision, 4K Upscaler, DTS Virtual, X, Smooth Motion, Airplay, Sprachsteuerung, 2026",https://www.amazon.de/dp/B0GTB5RY79,55.0,349.0,349.0,EUR,349.0,Amazon,DE,2026-08-21T04:55:59Z,B0GTB5RY79,,,,,
Hisense,"Hisense 65E6DS Fernseher 65 Zoll, 4K UHD Smart TV, Hi View AI Engine, 60Hz Game Mode Plus, Dolby Vision, 4K Upscaler, DTS Virtual, X, Smooth Motion, Airplay, Sprachsteuerung, 2026",https://www.amazon.de/dp/B0GTBCTRVV,65.0,455.0,455.0,EUR,455.0,Amazon,DE,2026-08-21T04:55:59Z,B0GTBCTRVV,,,,,
Hisense,"Hisense 50E89Q Fernseher, 50 Zoll (126cm), 4K ULED Mini LED, Smart TV, 144Hz Game Mode PRO, Hi-View AI Engine, AI Smoothmotion, Built-in Subwoofer, Dolby Vision.Atmos, Filmmaker Mode, Hi-Concerto",https://www.amazon.de/dp/B0G5QNP2CQ,50.0,449.0,449.0,EUR,449.0,Amazon,DE,2026-08-21T04:55:59Z,B0G5QNP2CQ,,,,,
Hisense,"Hisense 65U7DS PRO Fernseher 65 Zoll, 4K UHD, Hi-QLED Mini LED Pro, Smart TV, 165Hz, Hi-View AI Engine Pro, IMAX Enhanced, AI RGB Lichtsensor, Dolby Vision Atmos, Unibody Slim, FreeSync Premium, 2026",https://www.amazon.de/dp/B0GTW3RM81,65.0,899.0,899.0,EUR,899.0,Amazon,DE,2026-08-21T04:55:59Z,B0GTW3RM81,,,,,
Hisense,"Hisense 75E8DS Fernseher 75 Zoll, 4K UHD, Hi-QLED Mini LED, Smart TV, 144Hz, Hi-View AI Engine, Dolby Vision.Atmos, Unibody Slim, FreeSync Premium, AI-Lichtsensor, Game Bar, Tuned by Devialet",https://www.amazon.de/dp/B0GYZFWJZC,75.0,899.0,899.0,EUR,899.0,Amazon,DE,2026-08-21T04:55:59Z,B0GYZFWJZC,,,,,
Sony,"Sony BRAVIA 5 XR Mini-LED 65 Zoll Fernseher (K65XR52), AI XR-Prozessor, akustisches Multi-Audio, Dolby Vision/Atmos, IMAX Enhanced, Google TV (2025), Google Cast, Apple AirPlay 2, Game Menu, Smart TV",https://www.amazon.de/dp/B0F4L1887W,65.0,1165.8,1165.8,EUR,1165.8,Amazon,DE,2026-08-21T04:55:59Z,B0F4L1887W,,,,,
Sony,"Sony BRAVIA 3 - Direct LED 65 Zoll Fernseher (K65S32), X-Balanced Speaker, Dolby Vision/Atmos, IMAX Enhanced, Google TV (2025), Google Cast, Apple AirPlay 2, Eco Dashboard 2, Game Menu 2, Smart TV",https://www.amazon.de/dp/B0F4KX8CK4,65.0,689.0,689.0,EUR,689.0,Amazon,DE,2026-08-21T04:55:59Z,B0F4KX8CK4,,,,,
Sony,"Sony BRAVIA 5 XR Mini-LED 75 Zoll Fernseher (K75XR55), AI XR-Prozessor, akustisches Multi-Audio, Dolby Vision/Atmos, IMAX Enhanced, Google TV (2025), Google Cast, Apple AirPlay 2, Game Menu, Smart TV",https://www.amazon.de/dp/B0F4L4JSYM,75.0,1699.0,1699.0,EUR,1699.0,Amazon,DE,2026-08-21T04:55:59Z,B0F4L4JSYM,,,,,
Sony,"Sony BRAVIA 5 XR Mini-LED 85 Zoll Fernseher (K85XR55), AI XR-Prozessor, akustisches Multi-Audio, Dolby Vision/Atmos, IMAX Enhanced, Google TV (2025), Google Cast, Apple AirPlay 2, Game Menu, Smart TV",https://www.amazon.de/dp/B0F4KZW14B,85.0,1799.0,1799.0,EUR,1799.0,Amazon,DE,2026-08-21T04:55:59Z,B0F4KZW14B,,,,,
Sony,"Sony BRAVIA 3II 50-Zoll-Fernseher, 4K-Smart-TV (Google TV), XR Prozessor mit KI-Technologie, 120-Hz-Fernseher mit Dolby Vision/Atmos, PS5-kompatibel, 50XR32M2, Modell 2026",https://www.amazon.de/dp/B0GZQ4G7BL,50.0,869.0,869.0,EUR,869.0,Amazon,DE,2026-08-21T04:55:59Z,B0GZQ4G7BL,,,,,
Sony,"Sony BRAVIA 7 II True RGB Fernseher, 65 Zoll, 4K-Smart-TV (Google TV), RGB-LED, XR Prozessor mit KI-Technologie, 120-Hz-Fernseher mit Dolby Vision/Atmos, PS5-kompatibel, Modell 2026 – Schwarz",https://www.amazon.de/dp/B0H2JSJ8QM,65.0,2299.0,2299.0,EUR,2299.0,Amazon,DE,2026-08-21T04:55:59Z,B0H2JSJ8QM,,,,,
Sony,"Sony BRAVIA 7 II True RGB Fernseher, 75 Zoll, 4K-Smart-TV (Google TV), RGB-LED, XR Prozessor mit KI-Technologie, 120-Hz-Fernseher mit Dolby Vision/Atmos, PS5-kompatibel, Modell 2026 – Schwarz",https://www.amazon.de/dp/B0H2JZD8HX,75.0,2899.0,2899.0,EUR,2899.0,Amazon,DE,2026-08-21T04:55:59Z,B0H2JZD8HX,,,,,
Sony,"Sony BRAVIA 2II 55 Zoll Fernseher, 4K Smart TV (Google TV), X1 Prozessor, 4K-Upscaling, Fernseher mit Dolby Atmos und DTS:X, PS5-Kompatibilität, 55S20M2, Modell 2026",https://www.amazon.de/dp/B0GZL1BLJ9,55.0,899.0,899.0,EUR,899.0,Amazon,DE,2026-08-21T04:55:59Z,B0GZL1BLJ9,,,,,
Sony,"Sony BRAVIA 2II 75 Zoll Fernseher, 4K Smart TV (Google TV), X1 Prozessor, 4K-Upscaling, Fernseher mit Dolby Atmos und DTS:X, PS5-Kompatibilität, 75S20M2, Modell 2026",https://www.amazon.de/dp/B0GZKYXYQX,75.0,1399.0,1399.0,EUR,1399.0,Amazon,DE,2026-08-21T04:55:59Z,B0GZKYXYQX,,,,,
Samsung,"Samsung Mini LED M80H 4K 65 Zoll (163 cm), UHD Fernseher, Mini LED HDR für beeindruckende Details, Motion Xcelerator 144Hz, AI Fußballmodus, Dynamik Sound Pack, AI Companion für deine Fragen, Smart TV",https://www.amazon.de/dp/B0GXZTJG1Y,65.0,799.0,799.0,EUR,799.0,Amazon,DE,2026-08-21T04:55:59Z,B0GXZTJG1Y,,,,,
Samsung,"Samsung Mini LED M80H 4K 55 Zoll (138 cm) UHD Fernseher, Neural Quantum 4K AI Gen2 Prozessor, Motion Xcelerator 144 Hz, Vision AI Companion, Dynamic Sound Pack, Gaming Hub, Knox Security, Smart TV",https://www.amazon.de/dp/B0H335S6NL,55.0,503.67,503.67,EUR,503.67,Amazon,DE,2026-08-21T04:55:59Z,B0H335S6NL,,,,,
Samsung,"Samsung Mini LED M80H 4K 85 Zoll (214 cm), UHD Fernseher, Mini LED HDR für beeindruckende Details, Motion Xcelerator 144Hz, AI Fußballmodus, Dynamik Sound Pack, AI Companion für deine Fragen, Smart TV",https://www.amazon.de/dp/B0GXZPJNDF,85.0,1686.72,1686.72,EUR,1686.72,Amazon,DE,2026-08-21T04:55:59Z,B0GXZPJNDF,,,,,
Samsung,"Samsung Mini LED M80H 4K 75 Zoll (189 cm), UHD Fernseher, Mini LED HDR für beeindruckende Details, Motion Xcelerator 144Hz, AI Fußballmodus, Dynamik Sound Pack, AI Companion für deine Fragen, Smart TV",https://www.amazon.de/dp/B0GXZRVMQZ,75.0,999.0,999.0,EUR,999.0,Amazon,DE,2026-08-21T04:55:59Z,B0GXZRVMQZ,,,,,
Samsung,"Samsung U80H Crystal UHD 4K Smart TV Modelljahr 2026, Tizen OS, Gaming Hub, HDR10+, PurColor (50, Zoll, 2026)",https://www.amazon.de/dp/B0H5K7C1NN,50.0,369.77,369.77,EUR,369.77,Amazon,DE,2026-08-21T04:55:59Z,B0H5K7C1NN,,,,,
Samsung,"Samsung QLED 4K Q80C 75 Zoll Fernseher (GQ75Q80CATXZG, Deutsches Modell), Smart-TV, Direct Full Array, Neural Quantum Prozessor 4K, Real Depth Enhancer [2023]",https://www.amazon.de/dp/B0CH8VPDM5,75.0,,,,,Amazon,DE,2026-08-21T04:55:59Z,B0CH8VPDM5,,,,,
Samsung,"Samsung OLED S90H 4K 48 Zoll (121 cm), UHD Fernseher, Antireflexion mit Glare Free, OLED HDR+, Ultimate Gaming Pack (NVIDIA G-SYNC & AMD FreeSync Pro) mit 165Hz, HDMI 2.1, Dolby Atmos, Smart AI TV",https://www.amazon.de/dp/B0GXZMQDTZ,48.0,1665.99,1665.99,EUR,1665.99,Amazon,DE,2026-08-21T04:55:59Z,B0GXZMQDTZ,,,,,
LG,"LG 50NU8E0B3LA TV 50 Zoll (127 cm) Nano 4K UHD TV (α7 Gen9 4K AI Prozessor, webOS 26, 60Hz (VRR bis zu 60Hz)) [Modelljahr 2026] [Energieklasse F]",https://www.amazon.de/dp/B0GSRXF51X,50.0,,,,,Amazon,DE,2026-08-21T04:55:59Z,B0GSRXF51X,,,,,
LG,"LG NANOCELL AI 2025 TV | 75NANO90| 75 Zoll (189cm) | 4K UHD | HDR10 | webOS 25 | Telekommade AI Magic Remote | Alexa, Google Assistant | Netflix Disney+ C+ Prime Video | AirPlay 2 | Reine Farben",https://www.amazon.de/dp/B0F4KQGZNC,75.0,1295.0,1295.0,EUR,1295.0,Amazon,DE,2026-08-21T04:55:59Z,B0F4KQGZNC,,,,,
LG,"LG OLED77C37LA TV 195 cm (77 Zoll) OLED evo Fernseher (Smart TV, Brightness Booster, 120 Hz) [Modelljahr 2023]",https://www.amazon.de/dp/B0BWWKHW9J,77.0,2904.42,2904.42,EUR,2904.42,Amazon,DE,2026-08-21T04:55:59Z,B0BWWKHW9J,,,,,
LG,LG OLED77C31LA TV 195 cm (77 Zoll) OLED evo Fernseher,https://www.amazon.de/dp/B0CPT95D4L,77.0,,,,,Amazon,DE,2026-08-21T04:55:59Z,B0CPT95D4L,,,,,
Hisense,"Hisense 50E6DS Fernseher 50 Zoll, 4K UHD Smart TV, Hi View AI Engine, 60Hz Game Mode Plus, Dolby Vision, 4K Upscaler, DTS Virtual, X, Smooth Motion, Airplay, Sprachsteuerung, 2026",https://www.amazon.de/dp/B0GTB42DRQ,50.0,299.0,299.0,EUR,299.0,Amazon,DE,2026-08-21T04:55:59Z,B0GTB42DRQ,,,,,
Hisense,"Hisense 55E8DS Fernseher 55 Zoll, 4K UHD, Hi-QLED Mini LED, Smart TV, 144Hz, Hi-View AI Engine, Dolby Vision.Atmos, Unibody Slim, FreeSync Premium, AI-Lichtsensor, Game Bar, Tuned by Devialet",https://www.amazon.de/dp/B0GYZ123RT,55.0,499.0,499.0,EUR,499.0,Amazon,DE,2026-08-21T04:55:59Z,B0GYZ123RT,,,,,
Hisense,"Hisense 85U7DSE Fernseher 85 Zoll, 4K UHD, Hi-QLED Mini LED, Smart TV, 144Hz, Hi-View AI Engine, IMAX Enhanced, AI Lichtsensor, Dolby Vision.Atmos, Tuned by DeVialet, FreeSync Premium Pro [2026]",https://www.amazon.de/dp/B0GTW11V8C,85.0,1299.0,1299.0,EUR,1299.0,Amazon,DE,2026-08-21T04:55:59Z,B0GTW11V8C,,,,,
Sony,"Sony BRAVIA 8 OLED 77 Zoll 4K HDR Google Smart TV (2024) | Gaming Features für IMAX Enhanced, Dolby Vision Atmos, Chromecast, Apple AirPlay, 120Hz 77XR80",https://www.amazon.de/dp/B0D1VV32HH,77.0,2599.0,2599.0,EUR,2599.0,Amazon,DE,2026-08-21T04:55:59Z,B0D1VV32HH,,,,,
Sony,"Sony KD-55XE8096 139 cm (55 Zoll) Fernseher (Ultra HD, HD Triple Tuner, Android-TV, X-Reality PRO, Triluminos Display, USB Aufnahmefunktion)",https://www.amazon.de/dp/B06X99QFKM,55.0,,,,,Amazon,DE,2026-08-21T04:55:59Z,B06X99QFKM,,,,,
Sony,"Sony KD-55XH90 Bravia Full Array LED High Dynamic Range (HDR) Android Fernseher, Schwarz, 55 Zoll",https://www.amazon.de/dp/B089QW2Y9N,55.0,1133.0,1133.0,EUR,1133.0,Amazon,DE,2026-08-21T04:55:59Z,B089QW2Y9N,,,,,
Sony,"Sony BRAVIA XR, XR-65X90L, 65 Zoll Fernseher, Full Array LED, 4K HDR 120Hz, Google, Smart TV, Works with Alexa, mit exklusiven PS5-Features, HDMI 2.1, Gaming-Menü mit ALLM + VRR, 24 + 12M Garantie",https://www.amazon.de/dp/B0BYPGPSN6,65.0,,,,,Amazon,DE,2026-08-21T04:55:59Z,B0BYPGPSN6,,,,,
Samsung,"Samsung QLED Q7F 4K Smart TV 50 Zoll (125 cm) mit AI-Vision, 100% Farbvolumen mit Quantum Dot, HDR10+, Q4 AI Prozessor, One UI Tizen, Wi-Fi, Bluetooth 5.3 und Motion...[Länderversion Ungarisch]",https://www.amazon.de/dp/B0FFSVPJ7Y,50.0,340.11,340.11,EUR,340.11,Amazon,DE,2026-08-21T04:55:59Z,B0FFSVPJ7Y,,,,,
Samsung,"Samsung QLED Q7F 4K Smart TV 55 Zoll (138 cm) mit AI-Vision, 100% Farbvolumen mit Quantum Dot, HDR10+, Q4 AI Prozessor, One UI Tizen, Wi-Fi, Bluetooth 5.3 und Motion...[Länderversion Ungarisch]",https://www.amazon.de/dp/B0FM8SY9ZK,55.0,404.3,404.3,EUR,404.3,Amazon,DE,2026-08-21T04:55:59Z,B0FM8SY9ZK,,,,,
Samsung,"Samsung QLED Q7F 4K Smart TV 65 Zoll (163 cm) mit AI-Vision, 100% Farbvolumen mit Quantum Dot, HDR10+, Q4 AI Prozessor, One UI Tizen, Wi-Fi, Bluetooth 5.3 und Motion...[Länderversion Ungarisch]",https://www.amazon.de/dp/B0FMRZZJ9Z,65.0,529.0,529.0,EUR,529.0,Amazon,DE,2026-08-21T04:55:59Z,B0FMRZZJ9Z,,,,,
Samsung,"Samsung QLED Q7F 4K Smart TV 75 Zoll (189 cm) mit AI-Vision, 100% Farbvolumen mit Quantum Dot, HDR10+, Q4 AI Prozessor, One UI Tizen, Wi-Fi, Bluetooth 5.3 und Motion...[Länderversion Ungarisch]",https://www.amazon.de/dp/B0FMRWNLRQ,75.0,732.29,732.29,EUR,732.29,Amazon,DE,2026-08-21T04:55:59Z,B0FMRWNLRQ,,,,,
Samsung,"Samsung QLED Q7F4 4K 55 Zoll UHD Fernseher, Q4 AI Prozessor, Quantum Dot Für Reale Farben, Upscaling, Knox Security, Adaptive Sound, Samsung Vision Smart TV, 55Q7F (2025), 140 Cm",https://www.amazon.de/dp/B0FFB57833,55.0,408.91,408.91,EUR,408.91,Amazon,DE,2026-08-21T04:55:59Z,B0FFB57833,,,,,
Samsung,"Samsung QLED 4K Q7FA 43 Zoll (108 cm) UHD Fernseher, Q4 AI Prozessor, Quantum Dot, Upscaling, Gaming Hub, Knox Security, Smart TV, 2025",https://www.amazon.de/dp/B0F5BXDVK2,43.0,349.0,349.0,EUR,349.0,Amazon,DE,2026-08-21T04:55:59Z,B0F5BXDVK2,,,,,
Samsung,Samsung QE43Q72F - QLED TV 43 (109 cm) - 4K UHD 3840x2160 - HDR10+ - Smart TV - Hub di gioco - 3xHDMI - WiFi [Länderversion Spanisch],https://www.amazon.de/dp/B0F225N6PT,43.0,299.87,299.87,EUR,299.87,Amazon,DE,2026-08-21T04:55:59Z,B0F225N6PT,,,,,
Samsung,Samsung Q7F - 4K QLED TV 55 Zoll [Länderversion Ungarisch],https://www.amazon.de/dp/B0FHX2NJ9Y,55.0,408.91,408.91,EUR,408.91,Amazon,DE,2026-08-21T04:55:59Z,B0FHX2NJ9Y,,,,,
LG,"LG NANOCELL AI 2025 TV | 50NANO90| 50 Zoll (126cm) | 4K UHD | HDR10 | webOS 25 | Telekommade AI Magic Remote | Alexa, Google Assistant | Netflix Disney+ C+ Prime Video | AirPlay 2 | Reine Farben",https://www.amazon.de/dp/B0F4KML7G4,50.0,815.85,815.85,EUR,815.85,Amazon,DE,2026-08-21T04:55:59Z,B0F4KML7G4,,,,,
LG,"LG 43NANO81T6A TV 43"" (109 cm) NanoCell Fernseher (α5 Gen7 4K AI-Prozessor, webOS 24, HDR10, bis zu 60Hz) [Modelljahr 2024]",https://www.amazon.de/dp/B0CYQ24YY5,43.0,,,,,Amazon,DE,2026-08-21T04:55:59Z,B0CYQ24YY5,,,,,
TCL,"TCL 65 Zoll A400U 4K QD LED-Mini-TV, 576 Dimmzonen, 2500 Nits, Google TV, 288 Hz VRR für Spiele.",https://www.amazon.de/dp/B0H3KQR6NF,65.0,941.0,941.0,EUR,941.0,Amazon,DE,2026-08-21T04:55:59Z,B0H3KQR6NF,,,,,
TCL,"TCL 75"" A400U 4K QD Mini-LED Fernseher, 720 Dimmzonen, 2500 Nits, 288 Hz VRR, Google TV",https://www.amazon.de/dp/B0H3KVDTPX,75.0,1217.0,1217.0,EUR,1217.0,Amazon,DE,2026-08-21T04:55:59Z,B0H3KVDTPX,,,,,
Sony,"Sony BRAVIA 7 II True RGB Fernseher, 85 Zoll, 4K-Smart-TV (Google TV), RGB-LED, XR Prozessor mit KI-Technologie, 120-Hz-Fernseher mit Dolby Vision/Atmos, PS5-kompatibel, Modell 2026 – Schwarz",https://www.amazon.de/dp/B0H2K25NJ4,85.0,3299.0,3299.0,EUR,3299.0,Amazon,DE,2026-08-21T04:55:59Z,B0H2K25NJ4,,,,,
Sony,"Sony BRAVIA 2II 65 Zoll Fernseher, 4K Smart TV (Google TV), X1 Prozessor, 4K-Upscaling, Fernseher mit Dolby Atmos und DTS:X, PS5-Kompatibilität, 65S20M2, Modell 2026",https://www.amazon.de/dp/B0GZKY262Y,65.0,1099.0,1099.0,EUR,1099.0,Amazon,DE,2026-08-21T04:55:59Z,B0GZKY262Y,,,,,
Sony,"Sony BRAVIA 3II 85-Zoll-Fernseher, 4K-Smart-TV (Google TV), XR Prozessor mit KI-Technologie, 120-Hz-Fernseher mit Dolby Vision/Atmos, PS5-kompatibel, 85XR35M2, Modell 2026",https://www.amazon.de/dp/B0GZQJC7W6,85.0,1859.0,1859.0,EUR,1859.0,Amazon,DE,2026-08-21T04:55:59Z,B0GZQJC7W6,,,,,
Samsung,"Samsung Neo QLED 8K QN990F 75 Zoll (189 cm) Mini LED Fernseher, Antireflexion, NQ8 AI Gen3 Prozessor, 8K Upscaling Pro, Wireless One Connect, Art Store Galerie, Samsung Vision AI Smart TV",https://www.amazon.de/dp/B0DFVG7XK3,75.0,3599.0,3599.0,EUR,3599.0,Amazon,DE,2026-08-21T04:55:59Z,B0DFVG7XK3,,,,,
Samsung,"Samsung Neo QLED 8K QN990F 85 Zoll (214 cm) Mini LED Fernseher, Antireflexion, NQ8 AI Gen3 Prozessor, 8K Upscaling Pro, Wireless One Connect, Art Store Galerie, Samsung Vision AI Smart TV",https://www.amazon.de/dp/B0F62VPXR3,85.0,5999.0,5999.0,EUR,5999.0,Amazon,DE,2026-08-21T04:55:59Z,B0F62VPXR3,,,,,
Samsung,"Samsung Neo QLED 8K QN990F 65 Zoll (165 cm) Mini LED, 8K Fernseher, NQ8 AI Gen3 Prozessor, Upscaling Pro, Glare Free, Wireless One Connect, Art Galerie, Vision Smart TV, 65QN990F (2025)",https://www.amazon.de/dp/B0FBX878JM,65.0,3299.0,3299.0,EUR,3299.0,Amazon,DE,2026-08-21T04:55:59Z,B0FBX878JM,,,,,
Samsung,"Samsung 85 Zoll Mini TV Neo QLED QN990F 8K Mini LED, Smart TV mit AI-Vision, kabelfreie Verbindung, Glare Free Bildschirm und bis zu 240 Hz [Länderversion Spanisch]",https://www.amazon.de/dp/B0F21ZWSMZ,85.0,6792.61,6792.61,EUR,6792.61,Amazon,DE,2026-08-21T04:55:59Z,B0F21ZWSMZ,,,,,
Samsung,"Samsung Neo QLED 8K QN990F 75 Zoll (191 cm) Mini LED, 8K Fernseher, NQ8 AI Gen3 Prozessor, Upscaling Pro, Glare Free, Wireless One Connect, Art Galerie, Vision Smart TV, 75QN990F (2025)",https://www.amazon.de/dp/B0FBX9QJKV,75.0,5899.0,5899.0,EUR,5899.0,Amazon,DE,2026-08-21T04:55:59Z,B0FBX9QJKV,,,,,
Samsung,"Samsung Neo QLED 4K QN90F 50 Zoll (125 cm) Mini LED Fernseher, Antireflexion, NQ4 AI Gen3 Prozessor, Neo Quantum HDR, 4K Upscaling Pro, Dolby Atmos, Knox Security, Samsung Vision AI Smart TV",https://www.amazon.de/dp/B0DFVHCWC1,50.0,719.99,719.99,EUR,719.99,Amazon,DE,2026-08-21T04:55:59Z,B0DFVHCWC1,,,,,
Samsung,"Samsung Neo QLED 4K QN90F 43 Zoll (108 cm) Mini LED Fernseher, Antireflexion, NQ4 AI Gen3 Prozessor, Neo Quantum HDR, 4K Upscaling Pro, Dolby Atmos, Knox Security, Samsung Vision AI Smart TV",https://www.amazon.de/dp/B0DFVGGKJN,43.0,738.9,738.9,EUR,738.9,Amazon,DE,2026-08-21T04:55:59Z,B0DFVGGKJN,,,,,
Samsung,"Samsung Neo QLED 4K QN90F 75 Zoll (191 cm) 4K Fernseher, TV mit Neural Quantum AI Gen3 Prozessor, Quantum-Matrix-Technologie Plus, AI Upscaling Pro, Smart TV, 75QN90F [2025]",https://www.amazon.de/dp/B0FC2FC48J,75.0,1870.97,1870.97,EUR,1870.97,Amazon,DE,2026-08-21T04:55:59Z,B0FC2FC48J,,,,,
LG,"LG 50QNED7EB3C TV 50 Zoll, 1270 Mm, 4K QNED Mini LED AI, α7 Gen9 Prozessor, webOS 26, 60Hz, VRR, Modelljahr 2026",https://www.amazon.de/dp/B0GSGZZVB3,50.0,399.0,399.0,EUR,399.0,Amazon,DE,2026-08-21T04:55:59Z,B0GSGZZVB3,,,,,
LG,"LG 65QNED70A6A LG QNED TV (65 Zoll / 165 cm, UHD 4K, SMART TV)",https://www.amazon.de/dp/B0FV1M71R7,65.0,,,,,Amazon,DE,2026-08-21T04:55:59Z,B0FV1M71R7,,,,,
LG,"LG 75QNED756RA 190 cm (75 Zoll) 4K QNED MiniLED TV (Active HDR, 60 Hz, Smart TV) [Modelljahr 2023]",https://www.amazon.de/dp/B0BWWHXPR4,75.0,890.69,890.69,EUR,890.69,Amazon,DE,2026-08-21T04:55:59Z,B0BWWHXPR4,,,,,
LG,LG TV QNED Evo (2026) 55 Zoll QNED MiniLED 4K UHD - 55QNED81B6A.AEU,https://www.amazon.de/dp/B0H1JJCFHR,55.0,571.15,571.15,EUR,571.15,Amazon,DE,2026-08-21T04:55:59Z,B0H1JJCFHR,,,,,
LG,"LG 55UR78006LK 140 cm (55 Zoll) UHD Fernseher (Active HDR, 60 Hz, Smart TV) [Modelljahr 2023]",https://www.amazon.de/dp/B0C2DG877X,55.0,,,,,Amazon,DE,2026-08-21T04:55:59Z,B0C2DG877X,,,,,
LG,LG TV QNED 2024 | 65QNED85T | 65 Zoll (164 cm) | QNED | Prozessor α8 AI 4K | Alexa,https://www.amazon.de/dp/B0D54NQ796,65.0,849.0,849.0,EUR,849.0,Amazon,DE,2026-08-21T04:55:59Z,B0D54NQ796,,,,,
LG,"LG QNED AI 2025 TV | 43QNED70 | 43 Zoll (108 cm) | 4K UHD | HDR10 | webOS 25 | AI Magic Remote | Alexa, Google Assistant | Netflix Disney+ K+ Prime Video",https://www.amazon.de/dp/B0FV1XBMNB,43.0,,,,,Amazon,DE,2026-08-21T04:55:59Z,B0FV1XBMNB,,,,,
TCL,"TCL 75C7L Fernseher 75 Zoll SQD-Mini LED 4K Smart TV, 2600 Nits HDR Premium, 144Hz Motion Clarity Pro, Game Master Pro, ZeroBorder, Google TV",https://www.amazon.de/dp/B0GVSSJFDT,75.0,1747.0,1747.0,EUR,1747.0,Amazon,DE,2026-08-21T04:55:59Z,B0GVSSJFDT,,,,,
Sony,"Sony BRAVIA 2 II 43 Zoll Fernseher, 4K Smart TV (Google TV), X1 Prozessor, 4K-Upscaling, Fernseher mit Dolby Atmos und DTS:X, PS5-Kompatibilität, 43S20M2, Modell 2026",https://www.amazon.de/dp/B0GZL6GMFJ,43.0,699.0,699.0,EUR,699.0,Amazon,DE,2026-08-21T04:55:59Z,B0GZL6GMFJ,,,,,
Sony,"Sony BRAVIA XR, XR-77A80L, 77 Zoll Fernseher, OLED, 4K HDR 120Hz, Google TV, Smart TV, Works with Alexa, mit exklusiven PS5-Features, HDMI 2.1, Gaming-Menü mit ALLM + VRR, 24 + 12M Garantie",https://www.amazon.de/dp/B0BYGVVBHM,77.0,,,,,Amazon,DE,2026-08-21T04:55:59Z,B0BYGVVBHM,,,,,
Samsung,"Samsung Micro RGB R85H 4K 75 Zoll (189 cm), UHD Fernseher, Micro RGB HDR+ & AI Engine für realitätsnahe Farben, Dolby Atmos, Gaming Hub, Motion Xcelerator 144Hz, AI Companion für Fragen, Smart TV",https://www.amazon.de/dp/B0GXZFCQCX,75.0,2299.0,2299.0,EUR,2299.0,Amazon,DE,2026-08-21T04:55:59Z,B0GXZFCQCX,,,,,
Samsung,"Samsung Micro RGB R85H 4K 85 Zoll (214 cm), UHD Fernseher, Micro RGB HDR+ & AI Engine für realitätsnahe Farben, Dolby Atmos, Gaming Hub, Motion Xcelerator 144Hz, AI Companion für Fragen, Smart TV",https://www.amazon.de/dp/B0GXZYKP14,85.0,3199.0,3199.0,EUR,3199.0,Amazon,DE,2026-08-21T04:55:59Z,B0GXZYKP14,,,,,
Samsung,"Samsung Micro RGB R85H 4K 65 Zoll (163 cm), UHD Fernseher, Micro RGB HDR+ & AI Engine für realitätsnahe Farben, Dolby Atmos, Gaming Hub, Motion Xcelerator 144Hz, AI Companion für Fragen, Smart TV",https://www.amazon.de/dp/B0GXZRGM8X,65.0,1699.0,1699.0,EUR,1699.0,Amazon,DE,2026-08-21T04:55:59Z,B0GXZRGM8X,,,,,
Samsung,"Samsung TV Micro RGB R85H 75"" 4K Smart TV mit IA",https://www.amazon.de/dp/B0GK2BT41M,75.0,2167.81,2167.81,EUR,2167.81,Amazon,DE,2026-08-21T04:55:59Z,B0GK2BT41M,,,,,
Samsung,"Samsung Neo QLED QN80H 4K 85 Zoll (214 cm), UHD Fernseher, Quantum-Mini-LED für ultrafeine Kontraste, 4K AI Upscaling, Adaptive Sound Pro, Gaming Hub, Motion Xcelerator 144Hz, AI Companion, Smart TV",https://www.amazon.de/dp/B0GXZLJ1T4,85.0,2699.0,2699.0,EUR,2699.0,Amazon,DE,2026-08-21T04:55:59Z,B0GXZLJ1T4,,,,,
Samsung,Samsung 85 Zoll The Frame Pro LS03HW 4K Samsung Vision AI Smart TV (2026),https://www.amazon.de/dp/B0H62KB2YV,85.0,3679.89,3679.89,EUR,3679.89,Amazon,DE,2026-08-21T04:55:59Z,B0H62KB2YV,,,,,
Samsung,"Samsung Crystal UHD 4K DU8079 Fernseher 85 Zoll, Samsung TV mit Dynamic Crystal Color, 4K Upscaling, AirSlim Design, Smart TV, GU85DU8079UXZG, Deutsches Modell [2024]",https://www.amazon.de/dp/B0CZS5616Z,85.0,1299.0,1299.0,EUR,1299.0,Amazon,DE,2026-08-21T04:55:59Z,B0CZS5616Z,,,,,
Samsung,"Samsung Neo QLED 4K QN85D UHD Fernseher 85 Zoll (214 cm), NQ 4K AI Gen2 Prozessor, HDR Mini LED TV, AI Upscaling, Smart TV, Dolby Atmos Sound, Gaming Hub, Motion Xcelerator 120Hz, Knox Security",https://www.amazon.de/dp/B0CZRZXPXZ,85.0,2249.0,2249.0,EUR,2249.0,Amazon,DE,2026-08-21T04:55:59Z,B0CZRZXPXZ,,,,,
Samsung,"Samsung OLED S85H 4K 48 Zoll (121 cm), UHD Fernseher, OLED HDR, Premium Gaming Pack (NVIDIA G-SYNC & AMD FreeSync Premium) mit 120Hz, HDMI 2.1, Dolby Atmos, AI Companion für Fragen, Smart AI TV",https://www.amazon.de/dp/B0GXZK1RXH,48.0,1169.0,1169.0,EUR,1169.0,Amazon,DE,2026-08-21T04:55:59Z,B0GXZK1RXH,,,,,
Samsung,"Samsung The Frame Pro 85"" (2025) QLED 4K UHD TV - TQ85LS03FWUXXC [Länderversion Französisch, Spanisch, Portugiesisch]...[Länderversion Französisch, Spanisch, Portugiesisch]",https://www.amazon.de/dp/B0F228FDMN,85.0,3308.61,3308.61,EUR,3308.61,Amazon,DE,2026-08-21T04:55:59Z,B0F228FDMN,,,,,
Samsung,"Samsung QLED 4K Q70A TV 85 Zoll (GQ85Q70AATXZG), Quantum HDR, Quantum Prozessor 4K, Motion Xcelerator Turbo+ [2021]",https://www.amazon.de/dp/B092R99WFK,85.0,1999.0,1999.0,EUR,1999.0,Amazon,DE,2026-08-21T04:55:59Z,B092R99WFK,,,,,
LG,"LG 75QNED83B6A TV 75 Zoll (190 cm) 4K QNED evo Mini LED AI TV (α8 Gen3 4K AI Prozessor, webOS 26, 120Hz (VRR bis zu 144Hz)) [Modelljahr 2026] [Energieklasse F]",https://www.amazon.de/dp/B0GSGRMNR3,75.0,1049.0,1049.0,EUR,1049.0,Amazon,DE,2026-08-21T04:55:59Z,B0GSGRMNR3,,,,,
LG,"LG 50QNED70B3C, 50"" 4K QNED MiniLED Smart TV, 3840x2160, DVB-T2/C/S2, Alpha 7 AI Processor, HDR10 / HLG, webOS 26 ThinQ, VRR/ALLM/HGiG, 4K Super Upscaling, WiFi 5, Bluetooth 5.3, AirPlay 2, LAN,CI",https://www.amazon.de/dp/B0H75GNLLM,50.0,449.0,449.0,EUR,449.0,Amazon,DE,2026-08-21T04:55:59Z,B0H75GNLLM,,,,,
Hisense,"Smart TV Hisense 50A6Q 50"" 4K Ultra HD LED | HDR, D-LED",https://www.amazon.de/dp/B0F4D9YNHR,50.0,372.06,372.06,EUR,372.06,Amazon,DE,2026-08-21T04:55:59Z,B0F4D9YNHR,,,,,
Hisense,"Hisense 32A5DS Fernseher 32 Zoll, FHD, QLED, Smart TV, 60Hz, Hi-QLED Colour, Dolby Atmos, Game Mode, Noise Reduction, Hohe Kontraste, Share to TV, HDR10, VIDAA OS",https://www.amazon.de/dp/B0GYZMPVXG,32.0,199.0,199.0,EUR,199.0,Amazon,DE,2026-08-21T04:55:59Z,B0GYZMPVXG,,,,,
Hisense,"Hisense TV 55A6Q (2025) 55"" LED UHD 4K - 55A6Q",https://www.amazon.de/dp/B0F4D9MLMQ,55.0,404.75,404.75,EUR,404.75,Amazon,DE,2026-08-21T04:55:59Z,B0F4D9MLMQ,,,,,
Sony,"Sony BRAVIA 3II 65-Zoll-Fernseher, 4K-Smart-TV (Google TV), XR Prozessor mit KI-Technologie, 120-Hz-Fernseher mit Dolby Vision/Atmos, PS5-kompatibel, 65XR32M2, Modell 2026",https://www.amazon.de/dp/B0GZPZZRWL,65.0,1149.0,1149.0,EUR,1149.0,Amazon,DE,2026-08-21T04:55:59Z,B0GZPZZRWL,,,,,
Sony,"Sony BRAVIA 3 - Direct LED 75 Zoll Fernseher (K75S32), X-Balanced Speaker, Dolby Vision/Atmos, IMAX Enhanced, Google TV (2025), Google Cast, Apple AirPlay 2, Eco Dashboard 2, Game Menu 2, Smart TV",https://www.amazon.de/dp/B0F4KRYP8L,75.0,999.0,999.0,EUR,999.0,Amazon,DE,2026-08-21T04:55:59Z,B0F4KRYP8L,,,,,
Samsung,Samsung 65 Zoll Micro RGB R95H 4K Samsung Vision AI Smart TV (2026),https://www.amazon.de/dp/B0H8SQBLF3,65.0,,,,,Amazon,DE,2026-08-21T04:55:59Z,B0H8SQBLF3,,,,,
Samsung,Samsung 75 Zoll Micro RGB R95H 4K Samsung Vision AI Smart TV (2026),https://www.amazon.de/dp/B0H8SG4WXL,75.0,,,,,Amazon,DE,2026-08-21T04:55:59Z,B0H8SG4WXL,,,,,
Samsung,"Samsung OLED S95H 4K 77 Zoll (195 cm), UHD Fernseher, Antireflexion mit Glare Free, OLED HDR pro, Ultimate Gaming Pack (NVIDIA G-SYNC & AMD FreeSync Pro) mit 165Hz, HDMI 2.1, Dolby Atmos, Smart AI TV",https://www.amazon.de/dp/B0GXZNVCFZ,77.0,3659.0,3659.0,EUR,3659.0,Amazon,DE,2026-08-21T04:55:59Z,B0GXZNVCFZ,,,,,
Samsung,"Samsung OLED S95H 4K 55 Zoll (138 cm), UHD Fernseher, Antireflexion mit Glare Free, OLED HDR pro, Ultimate Gaming Pack (NVIDIA G-SYNC & AMD FreeSync Pro) mit 165Hz, HDMI 2.1, Dolby Atmos, Smart AI TV",https://www.amazon.de/dp/B0GXZDXDX9,55.0,2299.0,2299.0,EUR,2299.0,Amazon,DE,2026-08-21T04:55:59Z,B0GXZDXDX9,,,,,
Samsung,"Samsung OLED S90H 4K 77 Zoll (195 cm), UHD Fernseher, Antireflexion mit Glare Free, OLED HDR+, Ultimate Gaming Pack (NVIDIA G-SYNC & AMD FreeSync Pro) mit 165Hz, HDMI 2.1, Dolby Atmos, Smart AI TV",https://www.amazon.de/dp/B0GXZQ647Z,77.0,3599.0,3599.0,EUR,3599.0,Amazon,DE,2026-08-21T04:55:59Z,B0GXZQ647Z,,,,,
Samsung,"Samsung Neo QLED QN80H 4K 100 Zoll (254 cm), UHD Fernseher, Quantum-Mini-LED für ultrafeine Kontraste, 4K AI Upscaling, Adaptive Sound Pro, Gaming Hub, Motion Xcelerator 144Hz, AI Companion, Smart TV",https://www.amazon.de/dp/B0GXZQDPFD,100.0,,,,,Amazon,DE,2026-08-21T04:55:59Z,B0GXZQDPFD,,,,,
Samsung,"Samsung 77S95F 77 Zoll (196 cm) 4K UHD OLED evo AI Smart TV | NQ4 AI Gen3 Prozessor mit AI-Upscaling, Dolby Atmos Sound, Motion Xcelerator 165Hz, OLED HDR Pro & SmartThings Smart Home",https://www.amazon.de/dp/B0FC3LZH23,77.0,,,,,Amazon,DE,2026-08-21T04:55:59Z,B0FC3LZH23,,,,,
Samsung,"Samsung Neo QLED 4K QN95B 75 Zoll Fernseher (GQ75QN95BATXZG, Deutsches Modell), Quantum HDR 2000, Neural Quantum Prozessor 4K, Dolby Atmos, Smart TV [2022]",https://www.amazon.de/dp/B09TRJCRZY,75.0,2499.0,2499.0,EUR,2499.0,Amazon,DE,2026-08-21T04:55:59Z,B09TRJCRZY,,,,,
Samsung,"Samsung OLED S95F 55 Zoll (138 cm) 4K Fernseher, Antireflexion, NQ4 AI Gen3 Prozessor, OLED HDR Pro, Gaming Hub, Motion Xcelerator 165Hz, Upscaling, Dolby Atmos, Smart TV, 2025",https://www.amazon.de/dp/B0F62WTFTB,55.0,,,,,Amazon,DE,2026-08-21T04:55:59Z,B0F62WTFTB,,,,,
Samsung,"Samsung Neo QLED QN70H 4K 43 Zoll (108 cm) Fernseher, Quantum Mini LED, Neural Quantum 4K AI Prozessor, Motion Xcelerator, Samsung Vision AI, Adaptive Sound+, Gaming Hub",https://www.amazon.de/dp/B0H3KJH64R,43.0,688.56,688.56,EUR,688.56,Amazon,DE,2026-08-21T04:55:59Z,B0H3KJH64R,,,,,
Samsung,"Samsung OLED S99H 4K 77 Zoll (195 cm), UHD Fernseher, Antireflexion mit Glare Free, FloatLayer OLED Design mit Metallrahmen, bündige Wandmontage, Dolby Atmos, bis 165Hz, AI Companion, Smart AI TV",https://www.amazon.de/dp/B0GXZJ6J6Q,77.0,,,,,Amazon,DE,2026-08-21T04:55:59Z,B0GXZJ6J6Q,,,,,
Samsung,"Samsung 55S95F 55 Zoll (140 cm) 4K UHD OLED evo AI Smart TV | NQ4 AI Gen3 Prozessor mit AI-Upscaling, Dolby Atmos Sound, Motion Xcelerator 165Hz, OLED HDR Pro & SmartThings Smart Home",https://www.amazon.de/dp/B0FC3XSWYS,55.0,,,,,Amazon,DE,2026-08-21T04:55:59Z,B0FC3XSWYS,,,,,
Samsung,"Samsung OLED 4K S95D Fernseher 65 Zoll, (165 cm) TV mit Neural Quantum 4K AI Gen2 Prozessor, OLED HDR Pro, OLED Glare Free, 4K Upscaling, Smart TV, KI TV, 65S95DA [2024]",https://www.amazon.de/dp/B0D5D2SV6X,65.0,,,,,Amazon,DE,2026-08-21T04:55:59Z,B0D5D2SV6X,,,,,
LG,"LG 55QNED82A6B TV 55 Zoll (139 cm) 4K QNED AI TV (α7 Gen8 4K AI Prozessor, webOS 25, 60Hz) [Modelljahr 2025]",https://www.amazon.de/dp/B0F2JCV2WK,55.0,,,,,Amazon,DE,2026-08-21T04:55:59Z,B0F2JCV2WK,,,,,
LG,LG 50QNED80A6A QNED evo AI,https://www.amazon.de/dp/B0FLQ7Y2MZ,50.0,419.74,419.74,EUR,419.74,Amazon,DE,2026-08-21T04:55:59Z,B0FLQ7Y2MZ,,,,,
LG,"LG 50QNED86T6A TV 50"" (127 cm) QNED Fernseher (α8 4K AI-Prozessor, webOS 24, HDR10, bis zu 120Hz) [Modelljahr 2024]",https://www.amazon.de/dp/B0CYPY2CW8,50.0,,,,,Amazon,DE,2026-08-21T04:55:59Z,B0CYPY2CW8,,,,,
TCL,"TCL 75Q8C 75 Zoll QD-Mini LED Fernseher, 4K HDR Premium 4500, ZeroBorder™, Smart Google TV, CrystGlow WHVA Panel, Audio von Bang & Olufsen, 144Hz Motion Clarity Pro, Dolby Vision IQ & Atmos | Game Master, Dolby Vision IQ & Atmos, Motion Clarity, Audio by Bang & Olufsen, HVA-Panel, Apple AirPlay 2, Alexa-kompatibel",https://www.amazon.de/dp/B0F9WSGDLW,75.0,,,,,Amazon,DE,2026-08-21T04:55:59Z,B0F9WSGDLW,,,,,
Samsung,"Samsung OLED S85H 4K 55 Zoll (138 cm), UHD Fernseher, OLED HDR, Premium Gaming Pack (NVIDIA G-SYNC & AMD FreeSync Premium) mit 120Hz, HDMI 2.1, Dolby Atmos, AI Companion für Fragen, Smart AI TV",https://www.amazon.de/dp/B0GXZMW88Y,55.0,1499.0,1499.0,EUR,1499.0,Amazon,DE,2026-08-21T04:55:59Z,B0GXZMW88Y,,,,,
LG,LG QNED Evo AI 43 Zoll (2026) QNED Mini-LED 4K UHD - 43QNED81B6C,https://www.amazon.de/dp/B0H1JLYV4C,43.0,547.44,547.44,EUR,547.44,Amazon,DE,2026-08-21T04:55:59Z,B0H1JLYV4C,,,,,
TCL,"TCL 75C8L SQD-Mini LED 75 Zoll Fernseher, 4K Smart TV, Google TV, HDR10+",https://www.amazon.de/dp/B0GTZSYZLM,75.0,1949.0,1949.0,EUR,1949.0,Amazon,DE,2026-08-21T04:55:59Z,B0GTZSYZLM,,,,,
Hisense,"Hisense TV 43E7S (2026) 43"" VA QLED 4K UHD Preta",https://www.amazon.de/dp/B0GND85Y1P,43.0,269.99,269.99,EUR,269.99,Amazon,DE,2026-08-21T04:55:59Z,B0GND85Y1P,,,,,
Sony,"Sony BRAVIA 3II 75-Zoll-Fernseher, 4K-Smart-TV (Google TV), XR Prozessor mit KI-Technologie, 120-Hz-Fernseher mit Dolby Vision/Atmos, PS5-kompatibel, 75XR32M2, Modell 2026",https://www.amazon.de/dp/B0GZQ9F4Y3,75.0,1399.0,1399.0,EUR,1399.0,Amazon,DE,2026-08-21T04:55:59Z,B0GZQ9F4Y3,,,,,
Samsung,"Samsung OLED S85H 4K 65 Zoll (163 cm), UHD Fernseher, OLED HDR, Premium Gaming Pack (NVIDIA G-SYNC & AMD FreeSync Premium) mit 120Hz, HDMI 2.1, Dolby Atmos, AI Companion für Fragen, Smart AI TV",https://www.amazon.de/dp/B0GXZTVXCY,65.0,1999.0,1999.0,EUR,1999.0,Amazon,DE,2026-08-21T04:55:59Z,B0GXZTVXCY,,,,,
LG,LG TV 50 Zoll (2026) QNED MiniLED 4K UHD - 50QNED81B6C,https://www.amazon.de/dp/B0H1JCCN4Q,50.0,,,,,Amazon,DE,2026-08-21T04:55:59Z,B0H1JCCN4Q,,,,,
TCL,"TCL 85C8L SQD-Mini LED 85 Zoll Fernseher, 4K Smart TV, Google TV, HDR10+",https://www.amazon.de/dp/B0GTZRP159,85.0,3319.0,3319.0,EUR,3319.0,Amazon,DE,2026-08-21T04:55:59Z,B0GTZRP159,,,,,
Hisense,"Hisense TV 65E7S (2026) 65"" VA QLED 4K UHD Preta",https://www.amazon.de/dp/B0GNF76F8J,65.0,,,,,Amazon,DE,2026-08-21T04:55:59Z,B0GNF76F8J,,,,,
Sony,"Sony BRAVIA 3II 100-Zoll-Fernseher, 4K-Smart-TV (Google TV), XR Prozessor mit KI-Technologie, 120-Hz-Fernseher mit Dolby Vision/Atmos, PS5-kompatibel, 100XR35M2, Modell 2026",https://www.amazon.de/dp/B0GZQB773S,100.0,,,,,Amazon,DE,2026-08-21T04:55:59Z,B0GZQB773S,,,,,
Samsung,Samsung QE65S85HAE - Fernseher 65 Zoll Smart TV 4K 3840 x 2160 OLED DVB-T2 Wifi Schwarz Energieklasse F,https://www.amazon.de/dp/B0H4M5WWY9,65.0,,,,,Amazon,DE,2026-08-21T04:55:59Z,B0H4M5WWY9,,,,,
LG,LG 85QNED81B6A Smart TV QNED EVO Mini LED AI QNED81 85 Zoll 4K 2026,https://www.amazon.de/dp/B0H5D24GG3,85.0,,,,,Amazon,DE,2026-08-21T04:55:59Z,B0H5D24GG3,,,,,
TCL,"TCL 85X11L SQD-Mini LED 85 Zoll Fernseher, 4K Smart TV, Google TV, HDR10+",https://www.amazon.de/dp/B0GV4DDPZD,85.0,4899.0,4899.0,EUR,4899.0,Amazon,DE,2026-08-21T04:55:59Z,B0GV4DDPZD,,,,,
Hisense,"Hisense 75E7S 189cm 75"" 4K QLED Smart TV Fernseher (75E7S)",https://www.amazon.de/dp/B0GNDJ3WZT,75.0,679.0,679.0,EUR,679.0,Amazon,DE,2026-08-21T04:55:59Z,B0GNDJ3WZT,,,,,
Sony,"Sony BRAVIA 9 QLED (XR l Mini LED) 65 Zoll 4K HDR Google Smart TV | Gaming-Funktionen, IMAX Erweitert, Dolby Vision Atmos, Chromecast, AirPlay, 120Hz K65XR90",https://www.amazon.de/dp/B0DSWFM8GK,65.0,,,,,Amazon,DE,2026-08-21T04:55:59Z,B0DSWFM8GK,,,,,
Samsung,"Samsung OLED S85H 4K 77 Zoll (195 cm), UHD Fernseher, OLED HDR, Premium Gaming Pack (NVIDIA G-SYNC & AMD FreeSync Premium) mit 120Hz, HDMI 2.1, Dolby Atmos, AI Companion für Fragen, Smart AI TV",https://www.amazon.de/dp/B0GXZQ6FFF,77.0,2699.0,2699.0,EUR,2699.0,Amazon,DE,2026-08-21T04:55:59Z,B0GXZQ6FFF,,,,,
LG,"LG OLED77B68LA TV 77 Zoll (195 cm) 4K OLED AI TV (α8 Gen3 4K AI Prozessor, webOS 26, 120Hz (VRR bis zu 120Hz)) [Modelljahr 2026] [Energieklasse E]",https://www.amazon.de/dp/B0GSGX4RNZ,77.0,2506.92,2506.92,EUR,2506.92,Amazon,DE,2026-08-21T04:55:59Z,B0GSGX4RNZ,,,,,
TCL,"TCL 98X11L SQD-Mini LED 98 Zoll Fernseher, 4K Smart TV, Google TV, HDR10+",https://www.amazon.de/dp/B0GV4GKQR9,98.0,10876.99,10876.99,EUR,10876.99,Amazon,DE,2026-08-21T04:55:59Z,B0GV4GKQR9,,,,,
Hisense,"Hisense 85E7S 215 cm (85"" ) 4K QLED Hi-QLED Smart TV VIDAA OS Schwarz",https://www.amazon.de/dp/B0GNCGYDGJ,85.0,,,,,Amazon,DE,2026-08-21T04:55:59Z,B0GNCGYDGJ,,,,,
Sony,"Sony BRAVIA 9 QLED (XR l Mini LED) 75 Zoll 4K HDR Google Smart TV (2024) | Gaming-Funktionen, IMAX Erweitert, Dolby Vision Atmos, Chromecast, AirPlay, 120Hz K75R90 [Energieklasse D]",https://www.amazon.de/dp/B0D1VYFB2C,75.0,,,,,Amazon,DE,2026-08-21T04:55:59Z,B0D1VYFB2C,,,,,
Samsung,"Samsung OLED S85H 4K 83 Zoll (210 cm), UHD Fernseher, OLED HDR, Premium Gaming Pack (NVIDIA G-SYNC & AMD FreeSync Premium) mit 120Hz, HDMI 2.1, Dolby Atmos, AI Companion für Fragen, Smart AI TV",https://www.amazon.de/dp/B0GXZQW4BX,83.0,3199.0,3199.0,EUR,3199.0,Amazon,DE,2026-08-21T04:55:59Z,B0GXZQW4BX,,,,,
LG,"LG OLED83B68LA TV 83 Zoll (210 cm) 4K OLED AI TV (α8 Gen3 4K AI Prozessor, webOS 26, 120Hz (VRR bis zu 120Hz)) [Modelljahr 2026] [Energieklasse E]",https://www.amazon.de/dp/B0GSGYH7VH,83.0,3068.99,3068.99,EUR,3068.99,Amazon,DE,2026-08-21T04:55:59Z,B0GSGYH7VH,,,,,
TCL,"TCL 32S5L - Fernseher 32 Zoll Smart TV Full HD DVB-T2 H.264, H.265 Schwarz Energieklasse F",https://www.amazon.de/dp/B0H2JF9P45,32.0,269.0,269.0,EUR,269.0,Amazon,DE,2026-08-21T04:55:59Z,B0H2JF9P45,,,,,
Hisense,"Hisense 50A6S – TV 4K UHD 50 Zoll (127 cm), Smart TV HomeOS U9.5, Dolby Vision HDR, Game Mode Plus (VRR 60 Hz), DTS Virtual:X, Alexa integriert, Schwarz",https://www.amazon.de/dp/B0GJFVQDWB,50.0,,,,,Amazon,DE,2026-08-21T04:55:59Z,B0GJFVQDWB,,,,,
Sony,"Sony BRAVIA 9 QLED (XR l Mini LED) 85 Zoll 4K HDR Google Smart TV (2024) | Gaming Features, IMAX Enhanced, Dolby Vision Atmos, Chromecast, AirPlay, 120Hz K75R90",https://www.amazon.de/dp/B0D1VVT6GJ,85.0,,,,,Amazon,DE,2026-08-21T04:55:59Z,B0D1VVT6GJ,,,,,
Samsung,"Samsung Neo QLED QN70H 4K 55 Zoll (138 cm) Fernseher, Quantum Mini LED, Neural Quantum 4K AI Prozessor, Motion Xcelerator 144 Hz, Samsung Vision AI, AirSlim Design, Gaming Hub",https://www.amazon.de/dp/B0H3KJG3K1,55.0,599.0,599.0,EUR,599.0,Amazon,DE,2026-08-21T04:55:59Z,B0H3KJG3K1,,,,,
LG,"LG OLED77C6ELB 4K OLED Evo AI TV, 77 Zoll, α11 Gen3 Prozessor, webOS 26, 120Hz, VRR bis zu 165Hz, Modelljahr 2026, Energieklasse E",https://www.amazon.de/dp/B0GSH4GVKC,77.0,2499.0,2499.0,EUR,2499.0,Amazon,DE,2026-08-21T04:55:59Z,B0GSH4GVKC,,,,,
TCL,"TCL 75C7K 75 Zoll QD-Mini LED Fernseher, 4K HDR Premium 3000, Smart Google TV mit 144Hz Motion Clarity Pro (Dolby Vision IQ & Atmos, CrystGlow HVA Panel, Audio von Bang & Olufsen, Game Master)",https://www.amazon.de/dp/B0F5BP3VXC,75.0,,,,,Amazon,DE,2026-08-21T04:55:59Z,B0F5BP3VXC,,,,,
Hisense,"Hisense 55A6S - UHD 4K Smart TV 55 Pulgadas, Escalador IA 4K, Smooth Motion IA, Modo Juego Plus, Dolby Vision, Control por Voz, Filmmaker Mode, Airplay",https://www.amazon.de/dp/B0GJFF3XT7,55.0,,,,,Amazon,DE,2026-08-21T04:55:59Z,B0GJFF3XT7,,,,,
Sony,"Sony BRAVIA 3 - Direct LED 85 Zoll Fernseher (K85S32), X-Balanced Speaker, Dolby Vision/Atmos, IMAX Enhanced, Google TV (2025), Google Cast, Apple AirPlay 2, Eco Dashboard 2, Game Menu 2, Smart TV",https://www.amazon.de/dp/B0F4KVCDCW,85.0,,,,,Amazon,DE,2026-08-21T04:55:59Z,B0F4KVCDCW,,,,,
Samsung,"Samsung Neo QLED QN70H 4K 55 Zoll (138 cm), Quantum-Mini-LED für ultrafeine Kontraste, UHD Fernseher, 4K AI Upscaling, Adaptive Sound+, Gaming Hub, Motion Xcelerator 144Hz, AI Companion, Smart TV",https://www.amazon.de/dp/B0GXZDFK7F,55.0,849.0,849.0,EUR,849.0,Amazon,DE,2026-08-21T04:55:59Z,B0GXZDFK7F,,,,,
LG,"LG OLED77C64LA TV 77 Zoll (196 cm) 4K OLED evo AI Smart TV, α11 Gen3 AI Prozessor, 120 Hz (VRR bis 165 Hz), Modelljahr 2026",https://www.amazon.de/dp/B0GYQ4CYGZ,77.0,2399.0,2399.0,EUR,2399.0,Amazon,DE,2026-08-21T04:55:59Z,B0GYQ4CYGZ,,,,,
TCL,"TCL 85C7K 85 Zoll QD-Mini LED Fernseher, 4K HDR Premium 3000, Smart Google TV mit 144Hz Motion Clarity Pro (Dolby Vision IQ & Atmos, CrystGlow HVA Panel, Audio von Bang & Olufsen, Game Master)",https://www.amazon.de/dp/B0F5BSK9JW,85.0,,,,,Amazon,DE,2026-08-21T04:55:59Z,B0F5BSK9JW,,,,,
Hisense,"Hisense 32A4S - HD Smart TV 32 Pulgadas, Natural Colour Enhancer, Dolby Audio, Share to TV, Reducción de Ruido, Modo Juego, Airplay, Smart Home Ready",https://www.amazon.de/dp/B0GJFWX36Y,32.0,177.0,177.0,EUR,177.0,Amazon,DE,2026-08-21T04:55:59Z,B0GJFWX36Y,,,,,
Samsung,"Samsung Neo QLED QN70H 4K 65 Zoll (163 cm), Quantum-Mini-LED für ultrafeine Kontraste, UHD Fernseher, 4K AI Upscaling, Adaptive Sound+, Gaming Hub, Motion Xcelerator 144Hz, AI Companion, Smart TV",https://www.amazon.de/dp/B0GXZLLYHR,65.0,1199.0,1199.0,EUR,1199.0,Amazon,DE,2026-08-21T04:55:59Z,B0GXZLLYHR,,,,,
LG,"LG OLED83C6ELB TV 83 Zoll (210 cm) 4K OLED evo AI TV (α11 Gen3 4K AI Prozessor, webOS 26, 120Hz (VRR bis zu 165Hz)) [Modelljahr 2026] [Energieklasse D]",https://www.amazon.de/dp/B0GSH5L491,83.0,3099.0,3099.0,EUR,3099.0,Amazon,DE,2026-08-21T04:55:59Z,B0GSH5L491,,,,,
TCL,"TCL 98C7K 98 Zoll QD-Mini LED Fernseher, 4K HDR Premium 3000, Smart Google TV mit 144Hz Motion Clarity Pro (Dolby Vision IQ & Atmos, CrystGlow HVA Panel, Audio von Bang & Olufsen, Game Master)",https://www.amazon.de/dp/B0F5BL77MF,98.0,,,,,Amazon,DE,2026-08-21T04:55:59Z,B0F5BL77MF,,,,,
Hisense,"Hisense 50A5S LED-TV, 50 Zoll (127 cm), Full HD, Smart TV VIDAA U7.6, USB-C-Anschluss (Mobile to TV), Dolby Audio & DTS HD, Bluetooth, WLAN, schwarz",https://www.amazon.de/dp/B0GJ5TLQHW,50.0,,,,,Amazon,DE,2026-08-21T04:55:59Z,B0GJ5TLQHW,,,,,
Samsung,"Samsung Neo QLED QN70H 4K 75 Zoll (189 cm), Quantum-Mini-LED für ultrafeine Kontraste, UHD Fernseher, 4K AI Upscaling, Adaptive Sound+, Gaming Hub, Motion Xcelerator 144Hz, AI Companion, Smart TV",https://www.amazon.de/dp/B0GXZLC8G8,75.0,1599.0,1599.0,EUR,1599.0,Amazon,DE,2026-08-21T04:55:59Z,B0GXZLC8G8,,,,,
LG,LG TV Evo AI G6 (2026) 48 Zoll OLED UHD 4K - OLED48G63LS,https://www.amazon.de/dp/B0HCCPCWBG,48.0,1399.0,1399.0,EUR,1399.0,Amazon,DE,2026-08-21T04:55:59Z,B0HCCPCWBG,,,,,
Samsung,"Samsung Crystal UHD 4K U7099F 50 Zoll (125 cm) LED, MetalStream Design, SmartThings, Knox Security, Gaming Hub, AI Upscaling, Smart TV, 2025",https://www.amazon.de/dp/B0F5BVDV72,50.0,,,,,Amazon,DE,2026-08-21T04:55:59Z,B0F5BVDV72,,,,,
Samsung,"Samsung Crystal UHD 4K U7099F 75 Zoll (189 cm) LED, MetalStream Design, SmartThings, Knox Security, Gaming Hub, AI Upscaling, Smart TV, 2025",https://www.amazon.de/dp/B0F5BV377N,75.0,,,,,Amazon,DE,2026-08-21T04:55:59Z,B0F5BV377N,,,,,
Samsung,"Samsung Crystal UHD 4K U7099F 85 Zoll (214 cm) LED, MetalStream Design, SmartThings, Knox Security, Gaming Hub, Upscaling, Smart TV, 2025",https://www.amazon.de/dp/B0F5BYBKTC,85.0,,,,,Amazon,DE,2026-08-21T04:55:59Z,B0F5BYBKTC,,,,,
Samsung,"Samsung Crystal UHD 4K U7099F 55 Zoll (138 cm) LED Fernseher, MetalStream Design, SmartThings, Knox Security, Gaming Hub, AI Upscaling, Smart TV, 2025",https://www.amazon.de/dp/B0F5BWBH76,55.0,,,,,Amazon,DE,2026-08-21T04:55:59Z,B0F5BWBH76,,,,,
LG,"LG OLED77C5ELB TV 77 Zoll (195 cm) 4K OLED evo AI TV (α9 Gen8 4K AI Prozessor, webOS 25, 120Hz (VRR bis zu 144Hz)) [Modelljahr 2025]",https://www.amazon.de/dp/B0F2JD9RHK,77.0,,,,,Amazon,DE,2026-08-21T04:55:59Z,B0F2JD9RHK,,,,,
LG,"LG OLED83C5ELA TV 83 Zoll (210 cm) 4K OLED evo AI TV (α9 Gen8 4K AI Prozessor, webOS 25, 120Hz (VRR bis zu 144Hz)) [Modelljahr 2025]",https://www.amazon.de/dp/B0F2JCSBRK,83.0,,,,,Amazon,DE,2026-08-21T04:55:59Z,B0F2JCSBRK,,,,,
Hisense,"Hisense 50E7Q Fehrnseher, 50 Zoll, 4K QLED, Smart TV, Game Mode Plus, Filmaker Mode, Dolby Vision Atmos, HDR10, HLG, HDR Immersive, AI 4K Upscaler, Dolby MS12, DTS X, Sprachsteuerung [2025]",https://www.amazon.de/dp/B0F1MQRCGF,50.0,,,,,Amazon,DE,2026-08-21T04:55:59Z,B0F1MQRCGF,,,,,
Hisense,"Hisense 85E7Q Fehrnseher, 85 Zoll, 4K UHD QLED, Smart TV, Game Mode Plus, Filmaker Mode, Dolby Vision Atmos, HDR10, HLG, HDR Immersive, AI 4K Upscaler, DTS:X, Sprachsteuerung [2025]",https://www.amazon.de/dp/B0F1MR1FQ3,85.0,,,,,Amazon,DE,2026-08-21T04:55:59Z,B0F1MR1FQ3,,,,,
Hisense,"Hisense 58E7Q Fehrnseher, 58 Zoll, QLED&DLED, Smart TV, Game Mode Plus, Filmaker Mode, Dolby Vision Atmos, HDR10, HLG, 4K HDR Immersive, AI 4K Upscaler, Dolby MS12, DTS X, Sprachsteuerung [2025]",https://www.amazon.de/dp/B0F9YWJ5MT,58.0,,,,,Amazon,DE,2026-08-21T04:55:59Z,B0F9YWJ5MT,,,,,
Panasonic,"Panasonic TB-50W61AEZ, W61 Serie, 50 Zoll, 4K Ultra HD LED Smart TV, 2025, TiVo, Dolby Vision & Atmos, Game Mode Plus, Alexa & Google Sprachsteuerung, Schwarz",https://www.amazon.de/dp/B0F99W1GDN,50.0,,,,,Amazon,DE,2026-08-21T04:55:59Z,B0F99W1GDN,,,,,
Panasonic,"Panasonic TB-55W61AEZ, W61 Serie, 55 Zoll, 4K Ultra HD LED Smart TV, 2025, TiVo, Dolby Vision & Atmos, Game Mode Plus, Alexa & Google Sprachsteuerung, Schwarz",https://www.amazon.de/dp/B0F99NFJRR,55.0,,,,,Amazon,DE,2026-08-21T04:55:59Z,B0F99NFJRR,,,,,
Philips,"Philips Ambilight 65PUS8200 4K LED Smart TV - 65 Zoll Display mit Pixel Precise Ultra HD, Titan OS, Dolby Vision und Dolby Atmos Sound",https://www.amazon.de/dp/B0F2N4SKN3,65.0,,,,,Amazon,DE,2026-08-21T04:55:59Z,B0F2N4SKN3,,,,,
Toshiba,"Toshiba 55UV2363DAW 55 Zoll Fernseher/VIDAA Smart TV (4K UHD, HDR Dolby Vision, Triple-Tuner, Bluetooth, Dolby Audio)",https://www.amazon.de/dp/B0CQ5DG178,55.0,,,,,Amazon,DE,2026-08-21T04:55:59Z,B0CQ5DG178,,,,,
Toshiba,Toshiba 32LV3F63DAZ Fernseher 32 Zoll VIDAA Smart TV mit Full HD Auflösung,https://www.amazon.de/dp/B0FPWXB29Y,32.0,186.98,186.98,EUR,186.98,Amazon,DE,2026-08-21T04:55:59Z,B0FPWXB29Y,,,,,
Toshiba,"Toshiba 40LV2E63DAZ 40 Zoll Fernseher/VIDAA Smart TV (Full HD, HDR, Triple-Tuner, Bluetooth, Dolby Audio) [2024]",https://www.amazon.de/dp/B0CNKK8DCF,40.0,309.99,309.99,EUR,309.99,Amazon,DE,2026-08-21T04:55:59Z,B0CNKK8DCF,,,,,
Toshiba,"Toshiba 43QV3463DG 43"" QLED UltraHD 4K VIDAA",https://www.amazon.de/dp/B0DG36C62Y,43.0,,,,,Amazon,DE,2026-08-21T04:55:59Z,B0DG36C62Y,,,,,
Toshiba,"Toshiba 65QV2363DAW 65 Zoll QLED Fernseher/VIDAA Smart TV (4K UHD, HDR Dolby Vision, Triple-Tuner, Dolby Audio) [2024]",https://www.amazon.de/dp/B0CNTRTHV7,65.0,,,,,Amazon,DE,2026-08-21T04:55:59Z,B0CNTRTHV7,,,,,
Toshiba,"Toshiba 43LV3E63DAZ 43 Zoll Fernseher/VIDAA Smart TV (Full HD, HDR, Triple-Tuner, Bluetooth, Dolby Audio)",https://www.amazon.de/dp/B0CQ5HKK9G,43.0,296.54,296.54,EUR,296.54,Amazon,DE,2026-08-21T04:55:59Z,B0CQ5HKK9G,,,,,
Toshiba,Toshiba 43UV3463DAW Fernseher 43 Zoll VIDAA Smart TV mit 4K UHD Auflösung,https://www.amazon.de/dp/B0CW1Y4R81,43.0,269.99,269.99,EUR,269.99,Amazon,DE,2026-08-21T04:55:59Z,B0CW1Y4R81,,,,,
Xiaomi,"Xiaomi TV F 32, 32"" HD Smart TV Fire OS7 Triple Tuner L32MB-FAEU",https://www.amazon.de/dp/B0F4548TCQ,32.0,132.0,132.0,EUR,132.0,Amazon,DE,2026-08-21T04:55:59Z,B0F4548TCQ,,,,,
Xiaomi,"Xiaomi TV F 43, 43 Zoll, 4K UHD, Smart TV, Fire OS8, HDR10, L43MB-FAEU",https://www.amazon.de/dp/B0F44MCCL3,43.0,,,,,Amazon,DE,2026-08-21T04:55:59Z,B0F44MCCL3,,,,,
Xiaomi,"Xiaomi TV 50 Zoll (127 cm), 4K UHD Smart TV, Fire OS8, HDR10, L50MB-FAEU",https://www.amazon.de/dp/B0F45BXJ1C,50.0,299.0,299.0,EUR,299.0,Amazon,DE,2026-08-21T04:55:59Z,B0F45BXJ1C,,,,,
Xiaomi,"Xiaomi TV F 55 Zoll (140 cm), 4K UHD Smart TV, Fire OS8, HDR10, L55MB-FAEU",https://www.amazon.de/dp/B0F457G5QG,55.0,349.0,349.0,EUR,349.0,Amazon,DE,2026-08-21T04:55:59Z,B0F457G5QG,,,,,
Samsung,"Samsung Crystal UHD U8079F 4K 65 Zoll (163 cm) LED Fernseher, Crystal Prozessor 4K, MetalStream Design, SmartThings, AI Upscaling, Gaming Hub, Knox Security, Kostenlose Inhalte, Smart TV",https://www.amazon.de/dp/B0F62VGMHW,65.0,,,,,Amazon,DE,2026-08-21T04:55:59Z,B0F62VGMHW,,,,,
Samsung,"Samsung Crystal UHD U8079F 4K 85 Zoll (214 cm) LED Fernseher, Crystal Prozessor 4K, MetalStream Design, SmartThings, AI Upscaling, Gaming Hub, Knox Security, Kostenlose Inhalte, Smart TV",https://www.amazon.de/dp/B0F62T3RGK,85.0,,,,,Amazon,DE,2026-08-21T04:55:59Z,B0F62T3RGK,,,,,
Hisense,"Hisense 50E7Q PRO Fehrnseher,50 Zoll, 4K UHD QLED, Smart TV,144Hz Game Mode PRO,Filmaker Mode, AMD FreeSync Premium,AI HDR Upscaler,Dolby Vision IQ,Dolby Atmos,Sprachsteuerung [2025]",https://www.amazon.de/dp/B0FFH8CWBK,50.0,,,,,Amazon,DE,2026-08-21T04:55:59Z,B0FFH8CWBK,,,,,
Hisense,"Hisense 85E7Q PRO Fehrnseher,85 Zoll,4K UHD QLED, Smart TV,144Hz Game Mode PRO,Filmaker Mode, AMD FreeSync Premium,AI HDR Upscaler,Dolby Vision IQ,Dolby Atmos,Sprachsteuerung [2025]",https://www.amazon.de/dp/B0F1N6RKFQ,85.0,,,,,Amazon,DE,2026-08-21T04:55:59Z,B0F1N6RKFQ,,,,,
Hisense,"Hisense 43E7Q PRO Fehrnseher,43 Zoll, 4K UHD QLED, Smart TV,144Hz Game Mode PRO,Filmaker Mode, AMD FreeSync Premium,AI HDR Upscaler,Dolby Vision IQ,Dolby Atmos,Sprachsteuerung [2025]",https://www.amazon.de/dp/B0FFH953XW,43.0,,,,,Amazon,DE,2026-08-21T04:55:59Z,B0FFH953XW,,,,,
Hisense,"Hisense 75E7Q PRO Fehrnseher,75 Zoll,4K UHD QLED, Smart TV,144Hz Game Mode PRO,Filmaker Mode, AMD FreeSync Premium,AI HDR Upscaler,Dolby Vision IQ,Dolby Atmos,Sprachsteuerung [2025]",https://www.amazon.de/dp/B0F1N63F97,75.0,,,,,Amazon,DE,2026-08-21T04:55:59Z,B0F1N63F97,,,,,
Hisense,"Hisense 100E7Q PRO Fernseher, 100 Zoll, 4K UHD QLED, Smart TV, 144Hz Game Mode, Filmmaker, AMD FreeSync Premium, AI HDR Upscaler, Built in Subwoofer, Sprachsteuerung, 2025",https://www.amazon.de/dp/B0F1N92VWF,100.0,,,,,Amazon,DE,2026-08-21T04:55:59Z,B0F1N92VWF,,,,,
Panasonic,"Panasonic TV-55Z80AEZ, Z80 Serie 55 Zoll 4K Ultra HD OLED Smart TV, 2024, Fire TV, Dolby Vision & Atmos, Game Mode Extreme, Alexa Sprachsteuerung, Airplay, Schwarz",https://www.amazon.de/dp/B0DJCWNRWG,55.0,,,,,Amazon,DE,2026-08-21T04:55:59Z,B0DJCWNRWG,,,,,
Philips,"Philips 75PUS7000 4K LED Smart TV - 75 Zoll Display mit Pixel Precise Ultra HD, Titan OS Plattform und Dolby Atmos Sound - Funktioniert mit Alexa und Google Sprachassistent",https://www.amazon.de/dp/B0F24WLLX9,75.0,599.0,599.0,EUR,599.0,Amazon,DE,2026-08-21T04:55:59Z,B0F24WLLX9,,,,,
Toshiba,"Toshiba 55 Zoll VIDAA TV Fernseher (4K UHD Smart TV, HDR Dolby Vision, Triple-Tuner, Bluetooth, Dolby Audio) 55UV3463DAW",https://www.amazon.de/dp/B0CW1WDWS1,55.0,,,,,Amazon,DE,2026-08-21T04:55:59Z,B0CW1WDWS1,,,,,
Toshiba,"Toshiba 65 Zoll VIDAA TV Fernseher (4K UHD Smart TV, HDR Dolby Vision, Triple-Tuner, Bluetooth, Dolby Audio) 65UV3463DAW",https://www.amazon.de/dp/B0CW1WDPRR,65.0,,,,,Amazon,DE,2026-08-21T04:55:59Z,B0CW1WDPRR,,,,,
Toshiba,"Toshiba 50QV2363DAW 50 Zoll QLED Fernseher/VIDAA Smart TV (4K UHD, HDR Dolby Vision, Triple-Tuner, Bluetooth, Dolby Audio)",https://www.amazon.de/dp/B0CQ5FZC9R,50.0,,,,,Amazon,DE,2026-08-21T04:55:59Z,B0CQ5FZC9R,,,,,
Xiaomi,"XIAOMI TV S Mini LED 55 Zoll (140 cm), 4K UHD Smart TV, HDR10+, Google TV",https://www.amazon.de/dp/B0DJM9GBHK,55.0,489.0,489.0,EUR,489.0,Amazon,DE,2026-08-21T04:55:59Z,B0DJM9GBHK,,,,,
Xiaomi,"XIAOMI TV S Mini LED 75 Zoll (191 cm), 4K UHD Smart TV, HDR10+, Google TV",https://www.amazon.de/dp/B0DJM9RT2C,75.0,799.0,799.0,EUR,799.0,Amazon,DE,2026-08-21T04:55:59Z,B0DJM9RT2C,,,,,
LG,"LG 65UA75006LA TV 65 Zoll (165 cm) 4K UHD AI TV (α7 Gen8 4K AI Prozessor, webOS 25, 60Hz) [Modelljahr 2025]",https://www.amazon.de/dp/B0F2GL2LXJ,65.0,499.9,499.9,EUR,499.9,Amazon,DE,2026-08-21T04:55:59Z,B0F2GL2LXJ,,,,,
LG,"LG 75UA75006LA TV 75 Zoll (190 cm) 4K UHD AI TV (α7 Gen8 4K AI Prozessor, webOS 25, 60Hz) [Modelljahr 2025]",https://www.amazon.de/dp/B0F2GHCHXJ,75.0,669.0,669.0,EUR,669.0,Amazon,DE,2026-08-21T04:55:59Z,B0F2GHCHXJ,,,,,
LG,"LG 55UA75006LA TV 55 Zoll (139 cm) 4K UHD AI TV (α7 Gen8 4K AI Prozessor, webOS 25, 60Hz) [Modelljahr 2025]",https://www.amazon.de/dp/B0F2GHFZCJ,55.0,,,,,Amazon,DE,2026-08-21T04:55:59Z,B0F2GHFZCJ,,,,,
LG,"LG 86UA75006LA TV 86 Zoll (218 cm) 4K UHD AI TV (α7 Gen8 4K AI Prozessor, webOS 25, 60Hz) [Modelljahr 2025]",https://www.amazon.de/dp/B0F2GFJNVW,86.0,,,,,Amazon,DE,2026-08-21T04:55:59Z,B0F2GFJNVW,,,,,
Hisense,"Hisense 75U7Q Fernseher 75 Zoll, 4K Mini LED ULED, Smart TV, Hi-View AI Engine, 144Hz Game Mode Pro, FreeSync Premium, Built in Subwoofer, Dolby Vision IQ Atmos, Airplay, Sprachsteuerung[2025]",https://www.amazon.de/dp/B0F32MFDX7,75.0,919.0,919.0,EUR,919.0,Amazon,DE,2026-08-21T04:55:59Z,B0F32MFDX7,,,,,
Hisense,"Hisense 85U7Q Fernseher 85 Zoll, 4K Mini LED ULED, Smart TV, Hi-View AI Engine, 144Hz Game Mode Pro, FreeSync Premium, Built in Subwoofer, Dolby Vision IQ Atmos, Airplay, Sprachsteuerung[2025]",https://www.amazon.de/dp/B07JL1BDWD,85.0,1449.0,1449.0,EUR,1449.0,Amazon,DE,2026-08-21T04:55:59Z,B07JL1BDWD,,,,,
Hisense,"Hisense 65U7Q Fernseher 65 Zoll, 4K Mini LED ULED, Smart TV, Hi-View AI Engine, 144Hz Game Mode Pro, FreeSync Premium, Built in Subwoofer, Dolby Vision IQ Atmos, Airplay, Sprachsteuerung[2025]",https://www.amazon.de/dp/B0F32JG9DR,65.0,,,,,Amazon,DE,2026-08-21T04:55:59Z,B0F32JG9DR,,,,,
Toshiba,"Toshiba 55QV2363DAW 55 Zoll QLED Fernseher/VIDAA Smart TV (4K UHD, HDR Dolby Vision, Triple-Tuner, Bluetooth, Dolby Audio)",https://www.amazon.de/dp/B0CQ5GJK88,55.0,,,,,Amazon,DE,2026-08-21T04:55:59Z,B0CQ5GJK88,,,,,
