brand_raw,raw_text,url,size_hint_inch,price_hint_eur,price_local,currency,price_eur,platform,country,scraped_at,asin,elkjop_sku,model_year,filter_year,source_brand,fx_rate_date
Samsung,"Samsung TV 50 Pulgadas Crystal UHD U8075F 4K Smart TV, Colores increíbles con Crystal Processor 4K, Escucha Todos los Alta...",https://www.amazon.es/dp/B0F9Q122K4,50.0,325.99,325.99,EUR,325.99,Amazon,ES,2026-08-29T11:06:28Z,B0F9Q122K4,,,,,
Samsung,"Samsung TV 32 Pulgadas Full HD F6005 Smart TV TV Plus, OTS Lite, HDR Knox Security, Capaz de emitir contenidos UHD 4K",https://www.amazon.es/dp/B0GHYGDSVX,32.0,259.0,259.0,EUR,259.0,Amazon,ES,2026-08-29T11:06:28Z,B0GHYGDSVX,,,,,
Samsung,"Samsung TV 55 Pulgadas QLED Q8F 4K Smart TV con Vision AI, 100% Volumen de Color con Quantum Dot, el auténtico Quantum Dot...",https://www.amazon.es/dp/B0F2B4SG7L,55.0,459.0,459.0,EUR,459.0,Amazon,ES,2026-08-29T11:06:28Z,B0F2B4SG7L,,,,,
Samsung,"Samsung TV 65 Pulgadas QLED QE1F 4K Smart TV con Vision AI, 100% Volumen de Color con Quantum Dot y más de 500 Canales TV ...",https://www.amazon.es/dp/B0F225BXTQ,65.0,489.0,489.0,EUR,489.0,Amazon,ES,2026-08-29T11:06:28Z,B0F225BXTQ,,,,,
Samsung,"Samsung TV 50 Pulgadas Crystal UHD U7005H 4K Smart TV con Vision AI Companion, Crystal Processor 4K, Dynamic Sound Pack TV...",https://www.amazon.es/dp/B0GXK5G9GR,50.0,349.0,349.0,EUR,349.0,Amazon,ES,2026-08-29T11:06:28Z,B0GXK5G9GR,,,,,
Samsung,"Samsung TV Crystal 4K AI U8075H 43"" Smart TV con IA | Vision AI Companion, Crystal Processor 4K, Dynamic Sound Pack, Samsu...",https://www.amazon.es/dp/B0GJ5KJDKJ,43.0,,,,,Amazon,ES,2026-08-29T11:06:28Z,B0GJ5KJDKJ,,,,,
Samsung,"Samsung TV 65 Pulgadas QLED Q8F 4K Smart TV con Vision AI, 100% Volumen de Color con Quantum Dot, el auténtico Quantum Dot...",https://www.amazon.es/dp/B0F2FKKLTG,65.0,628.99,628.99,EUR,628.99,Amazon,ES,2026-08-29T11:06:28Z,B0F2FKKLTG,,,,,
Xiaomi,"XIAOMI TV F 65, 65 Pulgadas (165 cm), 4K UHD, Smart TV, Fire OS8, Control por Voz Alexa, HDR10, MEMC, Modo Game Boost 120H...",https://www.amazon.es/dp/B0F457MQCQ,65.0,379.0,379.0,EUR,379.0,Amazon,ES,2026-08-29T11:06:28Z,B0F457MQCQ,,,,,
Samsung,"Samsung TV 50 Pulgadas Neo QLED QN80F 4K Mini LED Smart TV con Vision AI, Quantum Matrix Technology Core, Motion Xcelerato...",https://www.amazon.es/dp/B0F22914WP,50.0,459.0,459.0,EUR,459.0,Amazon,ES,2026-08-29T11:06:28Z,B0F22914WP,,,,,
Samsung,"Samsung TV 43 Pulgadas The Frame LS03F 4K Smart TV, Galería de Arte con Display Mate, Marcos Intercambiables, 100% Volumen...",https://www.amazon.es/dp/B0F229Y3KG,43.0,559.0,559.0,EUR,559.0,Amazon,ES,2026-08-29T11:06:28Z,B0F229Y3KG,,,,,
Samsung,"Samsung TV 27 Pulgadas Full HD F6005 4K Smart TV, Más Contraste con HDR, Sonido con OTS Lite, más de 500 Canales TV Plus y...",https://www.amazon.es/dp/B0F227T2DK,27.0,204.9,204.9,EUR,204.9,Amazon,ES,2026-08-29T11:06:28Z,B0F227T2DK,,,,,
Samsung,"Samsung TV Mini LED M72H 43"" 4K Smart TV con IA | Vision AI Companion, Mini LED, AI Football Mode, Samsung TV Plus, Perfec...",https://www.amazon.es/dp/B0GWN6CDVH,43.0,379.0,379.0,EUR,379.0,Amazon,ES,2026-08-29T11:06:28Z,B0GWN6CDVH,,,,,
Xiaomi,"XIAOMI TV F Pro 75, 75 Pulgadas (190 cm), 4K UHD QLED, Smart TV, Fire OS8, Control por Voz Alexa, HDR10+, Modo Game Boost ...",https://www.amazon.es/dp/B0F45BLD1H,75.0,509.0,509.0,EUR,509.0,Amazon,ES,2026-08-29T11:06:28Z,B0F45BLD1H,,,,,
Samsung,"Samsung TV OLED 4K 2024 55S93D Smart TV de 55"" con Más Brillo y Contraste, un Sonido de Cine con Q-Symphony, el Mejor Smar...",https://www.amazon.es/dp/B0CSGCFWMK,55.0,953.74,953.74,EUR,953.74,Amazon,ES,2026-08-29T11:06:28Z,B0CSGCFWMK,,,,,
Samsung,"Samsung Q7F QE50Q7FAAU 50"" QLED 4K Ultra HD Smart TV WiFi Negro",https://www.amazon.es/dp/B0FFSVPJ7Y,50.0,388.69,388.69,EUR,388.69,Amazon,ES,2026-08-29T11:06:28Z,B0FFSVPJ7Y,,,,,
Samsung,"Samsung TV Neo QLED QN73H 55"" 4K Smart TV con IA | Vision AI Companion, Quantum Mini LED, AI Football Mode, Motion Xcelera...",https://www.amazon.es/dp/B0GKGP4L74,55.0,599.0,599.0,EUR,599.0,Amazon,ES,2026-08-29T11:06:28Z,B0GKGP4L74,,,,,
Samsung,"Samsung TV 65 Pulgadas OLED S85F 4K Smart TV con Vision AI, Colores certificados por Pantone TV Plus",https://www.amazon.es/dp/B0F2FNVQ73,65.0,1139.0,1139.0,EUR,1139.0,Amazon,ES,2026-08-29T11:06:28Z,B0F2FNVQ73,,,,,
Samsung,"Samsung Q7F QE65Q7FAAU 65"" QLED 4K Ultra HD Smart TV WiFi Negro",https://www.amazon.es/dp/B0FMRZZJ9Z,65.0,519.01,519.01,EUR,519.01,Amazon,ES,2026-08-29T11:06:28Z,B0FMRZZJ9Z,,,,,
Xiaomi,"XIAOMI TV F Pro 32 Pulgadas (81 cm), QLED Smart TV, Fire OS7, L32MB-FPEU | Alexa Voice Control, Dolby Audio, DTS Virtual:...",https://www.amazon.es/dp/B0F457M449,32.0,149.0,149.0,EUR,149.0,Amazon,ES,2026-08-29T11:06:28Z,B0F457M449,,,,,
Samsung,"FPD Smart TV 50 Pulgadas (127 cm), 4K Tizen TV Compatible with Samsung TV Plus, Airplay & Miracast, HDR 10, Dolby Audio, G...",https://www.amazon.es/dp/B0H4YQTJGF,50.0,254.9,254.9,EUR,254.9,Amazon,ES,2026-08-29T11:06:28Z,B0H4YQTJGF,,,,,
Samsung,"Samsung Q7F QE55Q7FAAU QLED 55"" 4K Ultra HD Smart TV WiFi AirPlay Negra",https://www.amazon.es/dp/B0FHX2NJ9Y,55.0,449.0,449.0,EUR,449.0,Amazon,ES,2026-08-29T11:06:28Z,B0FHX2NJ9Y,,,,,
Xiaomi,"XIAOMI TV F 32 Pulgadas (81 cm), HD Smart TV, Fire OS7, L32MB-FAEU | Alexa Voice Control, Dolby Audio, DTS Virtual:X, DTS-...",https://www.amazon.es/dp/B0F4548TCQ,32.0,,,,,Amazon,ES,2026-08-29T11:06:28Z,B0F4548TCQ,,,,,
Hisense,"Hisense 40A4S - FHD Smart TV 40 Pulgadas,Natural Colour Enhancer, Dolby Audio, Share to TV, Reducción de Ruido, Modo Jueg...",https://www.amazon.es/dp/B0GJFC1Q9Z,40.0,204.82,204.82,EUR,204.82,Amazon,ES,2026-08-29T11:06:28Z,B0GJFC1Q9Z,,,,,
Samsung,"Samsung TV 77 Pulgadas OLED S93F 4K Smart TV con Vision AI, Motion Xcelerator 144Hz y Colores certificados por Pantone",https://www.amazon.es/dp/B0F225ZVVW,77.0,1783.4,1783.4,EUR,1783.4,Amazon,ES,2026-08-29T11:06:28Z,B0F225ZVVW,,,,,
Samsung,"Smart TV Samsung de 32"" HD UE32H5000FKXZT, Processador Hyper Real, HDR e PurColor, Smart Experience, OTS Lite e Som Adapta...",https://www.amazon.es/dp/B0DF6NHYS6,32.0,257.0,257.0,EUR,257.0,Amazon,ES,2026-08-29T11:06:28Z,B0DF6NHYS6,,,,,
Samsung,"TD Systems - Smart TV 32 Pulgadas HD con Tizen OS 8.0 Powered by Samsung, Televisión HDR10 con Sintonizador Triple, Televi...",https://www.amazon.es/dp/B0GPD3CS8S,32.0,,,,,Amazon,ES,2026-08-29T11:06:28Z,B0GPD3CS8S,,,,,
Samsung,"Samsung Tv 43"" Qled Ultra Hd 4ksmart Dvb/t2/s2 Qe43q8fa",https://www.amazon.es/dp/B0FM94TKK1,43.0,376.21,376.21,EUR,376.21,Amazon,ES,2026-08-29T11:06:28Z,B0FM94TKK1,,,,,
Samsung,"Samsung TV The Frame 4K 2024 43LS03D Smart TV de 43"" con Galería de Arte con Display Mate, Marcos Intercambiables, 100% Vo...",https://www.amazon.es/dp/B0CXTNBS93,43.0,632.47,632.47,EUR,632.47,Amazon,ES,2026-08-29T11:06:28Z,B0CXTNBS93,,,,,
Samsung,"Cello C2226TZH Smart TV LED Full HD de 22"", Tizen OS de Samsung, Gaming Hub, Bluetooth, Triple sintonizador y Sonido Pitch",https://www.amazon.es/dp/B0GHRK4X1B,22.0,189.99,189.99,EUR,189.99,Amazon,ES,2026-08-29T11:06:28Z,B0GHRK4X1B,,,,,
Samsung,"Samsung TV 75 Pulgadas Neo QLED QN1EH 4K Smart TV con Vision AI Companion, Quantum Mini LED, AI Football Mode TV Plus, fút...",https://www.amazon.es/dp/B0GL3D83CG,75.0,1049.0,1049.0,EUR,1049.0,Amazon,ES,2026-08-29T11:06:28Z,B0GL3D83CG,,,,,
Samsung,"Samsung TV Micro RGB R95H 75"" 4K Smart TV con IA y Pantalla sin Reflejos | Pantalla sin reflejos, Vision AI Companion, Mic...",https://www.amazon.es/dp/B0GK2D65BB,75.0,3399.0,3399.0,EUR,3399.0,Amazon,ES,2026-08-29T11:06:28Z,B0GK2D65BB,,,,,
Samsung,"Samsung TV 55 Pulgadas OLED S90F 4K Smart TV con Vision AI, Motion Xcelerator 144Hz y Colores certificados por Pantone",https://www.amazon.es/dp/B0F2FKBYBD,55.0,1119.31,1119.31,EUR,1119.31,Amazon,ES,2026-08-29T11:06:28Z,B0F2FKBYBD,,,,,
Samsung,"Samsung TV Mini LED M80H 55"" 4K Smart TV con IA",https://www.amazon.es/dp/B0GJ5M8SH8,55.0,549.0,549.0,EUR,549.0,Amazon,ES,2026-08-29T11:06:28Z,B0GJ5M8SH8,,,,,
Samsung,"Samsung TV 43 Pulgadas Neo QLED QN90F 4K Mini LED Smart TV con Vision AI, Pantalla sin Reflejos con Glare Free y Quantum M...",https://www.amazon.es/dp/B0F21YMCYJ,43.0,742.98,742.98,EUR,742.98,Amazon,ES,2026-08-29T11:06:28Z,B0F21YMCYJ,,,,,
Samsung,"Samsung TV 42 Pulgadas OLED S90F 4K Smart TV con Vision AI, Motion Xcelerator 144Hz y Colores certificados por Pantone",https://www.amazon.es/dp/B0FT879YNJ,42.0,800.47,800.47,EUR,800.47,Amazon,ES,2026-08-29T11:06:28Z,B0FT879YNJ,,,,,
Samsung,"Samsung TV Crystal UHD 4K 2024 85DU7105 Smart TV de 85"" Crystal UHD con Colores Puros con PurColor, el Mejor Smart TV, Tod...",https://www.amazon.es/dp/B0CSPSZT5M,85.0,849.0,849.0,EUR,849.0,Amazon,ES,2026-08-29T11:06:28Z,B0CSPSZT5M,,,,,
TCL,"TCL 65V6C 65 Pulgadas 4K HDR Direct LED Smart TV, Google TV, Dolby Audio | Game Master, Motion Clarity, Google Assistant, ...",https://www.amazon.es/dp/B0DV9GHKQ6,65.0,379.77,379.77,EUR,379.77,Amazon,ES,2026-08-29T11:06:28Z,B0DV9GHKQ6,,,,,
Hisense,"Hisense 43E7Q Pro - QLED Smart TV 43 Pulgadas, Modo Juego 144 Hz Nativos, Hi-QLED Color, Dolby Vison.Atmos, Imágenes IA, S...",https://www.amazon.es/dp/B0FFH953XW,43.0,329.0,329.0,EUR,329.0,Amazon,ES,2026-08-29T11:06:28Z,B0FFH953XW,,,,,
Samsung,"Samsung TV Crystal UHD 4K 2024 75DU8505 Smart TV de 75"" con Colores increíbles, el Mejor Smart TV, Peana con Altura Ajusta...",https://www.amazon.es/dp/B0CSG6QTV7,75.0,,,,,Amazon,ES,2026-08-29T11:06:28Z,B0CSG6QTV7,,,,,
Samsung,"Samsung TV 65 Pulgadas Neo QLED QN900F 8K Mini LED Smart TV con Vision AI, Pantalla sin Reflejos con Glare Free y Motion X...",https://www.amazon.es/dp/B0F2221GD1,65.0,2208.59,2208.59,EUR,2208.59,Amazon,ES,2026-08-29T11:06:28Z,B0F2221GD1,,,,,
Samsung,"Samsung TV 55 Pulgadas The Frame Pro LS03HW 4K Televisor Cuadro con diseño Elegante sin Cables, galería de Arte y Pantalla...",https://www.amazon.es/dp/B0GKGSD2CC,55.0,1259.54,1259.54,EUR,1259.54,Amazon,ES,2026-08-29T11:06:28Z,B0GKGSD2CC,,,,,
Samsung,"Samsung TV 65 Pulgadas QLED Q6F 4K Smart TV con Vision AI, 100% Volumen de Color con Quantum Dot y más de 500 Canales",https://www.amazon.es/dp/B0FRSHBY4K,65.0,556.37,556.37,EUR,556.37,Amazon,ES,2026-08-29T11:06:28Z,B0FRSHBY4K,,,,,
Samsung,"Samsung TV S90F (2025) 48"" OLED 4K - TQ48S90FAEXXC",https://www.amazon.es/dp/B0FLDWT7ZF,48.0,902.19,902.19,EUR,902.19,Amazon,ES,2026-08-29T11:06:28Z,B0FLDWT7ZF,,,,,
Xiaomi,"XIAOMI TV F 43 Pulgadas (109 cm), 4K UHD Smart TV Fire OS8 HDR10 L43MB-FAEU | Alexa Voice Control, MEMC, 2GB+32GB, Compati...",https://www.amazon.es/dp/B0F44MCCL3,43.0,,,,,Amazon,ES,2026-08-29T11:06:28Z,B0F44MCCL3,,,,,
Samsung,"Samsung TV QLED 2023 43Q60C - Smart TV de 43"", con Tecnología Quantum dot, Quantum HDR10+, Smart TV powered by Tizen, Mult...",https://www.amazon.es/dp/B0BPYYY69J,43.0,391.98,391.98,EUR,391.98,Amazon,ES,2026-08-29T11:06:28Z,B0BPYYY69J,,,,,
Samsung,"Samsung TV The Frame LS03HE 55"" 4K Smart TV IA y Pantalla sin Reflejos | Pantalla sin reflejos, televisor cuadro con diseñ...",https://www.amazon.es/dp/B0GKG3KQBL,55.0,1299.0,1299.0,EUR,1299.0,Amazon,ES,2026-08-29T11:06:28Z,B0GKG3KQBL,,,,,
Samsung,"Samsung TV QLED 4K 2024 50Q60D Smart TV de 50"" con Más de 1.000 Millones de Colores, Colores certificados, el Mejor Smart ...",https://www.amazon.es/dp/B0CS3J3B7V,50.0,,,,,Amazon,ES,2026-08-29T11:06:28Z,B0CS3J3B7V,,,,,
Samsung,"Samsung TV OLED 4K 2024 77S90D Smart TV de 77"" con más Brillo y Contraste, un Sonido de Cine con Dolby Atmos y Q-Symphony,...",https://www.amazon.es/dp/B0D96P975X,77.0,2199.0,2199.0,EUR,2199.0,Amazon,ES,2026-08-29T11:06:28Z,B0D96P975X,,,,,
Samsung,"Samsung TV OLED S83H 55"" 4K Smart TV con IA y Pantalla sin Reflejos | Pantalla Sin Reflejos, Vision AI Companion, Ultimate...",https://www.amazon.es/dp/B0GKNZGT1T,55.0,999.0,999.0,EUR,999.0,Amazon,ES,2026-08-29T11:06:28Z,B0GKNZGT1T,,,,,
Samsung,Samsung Marco The Frame de 43 pulgadas (VG-SCFA43BWBXC) en marrón moderno [2021],https://www.amazon.es/dp/B096BK8T1Z,43.0,55.9,55.9,EUR,55.9,Amazon,ES,2026-08-29T11:06:28Z,B096BK8T1Z,,,,,
Samsung,"Samsung U80H Crystal UHD 4K Smart TV año 2026, Tizen OS, Gaming Hub, HDR10+, PurColor (55 pulgadas, 2026)",https://www.amazon.es/dp/B0H5K6P1BY,55.0,567.0,567.0,EUR,567.0,Amazon,ES,2026-08-29T11:06:28Z,B0H5K6P1BY,,,,,
Panasonic,"Panasonic Premium TV-43W85BEZ, Serie W85B, 43 Pulgadas, Smart TV 4K Ultra HD QLED, 2025, 120 Hz, Fire TV, Dolby Vision y A...",https://www.amazon.es/dp/B0H2MSSSCS,43.0,399.0,399.0,EUR,399.0,Amazon,ES,2026-08-29T11:06:28Z,B0H2MSSSCS,,,,,
TCL,"TCL 65C7L 65 Pulgadas SQD-Mini LED 4K HDR10+ Smart TV, 3.000 Nits | 1.152 Zonas de Atenuación, Dolby Vision IQ & Atmos, Au...",https://www.amazon.es/dp/B0GVSMZR1J,65.0,955.0,955.0,EUR,955.0,Amazon,ES,2026-08-29T11:06:28Z,B0GVSMZR1J,,,,,
Hisense,"Hisense 43E7S - Hi-QLED Smart TV 43 Pulgadas, Hi-QLED Color, Dolby Vision.Atmos, Escalador IA 4K, Smooth Motion IA, Modo J...",https://www.amazon.es/dp/B0GND85Y1P,43.0,297.06,297.06,EUR,297.06,Amazon,ES,2026-08-29T11:06:28Z,B0GND85Y1P,,,,,
Samsung,"SAMSUNG QE43Q60CAUXXH 43"" QLED UltraHD 4K Quantum HDR",https://www.amazon.es/dp/B0C278W9RG,43.0,391.98,391.98,EUR,391.98,Amazon,ES,2026-08-29T11:06:28Z,B0C278W9RG,,,,,
LG,"LG Televisor LG 32LQ63806LC - Smart TV webOS22 32 Pulgadas (81 cm) FHD, Procesador de Gran Potencia a5 Gen 5, Compatible c...",https://www.amazon.es/dp/B09V5C4BN7,32.0,216.79,216.79,EUR,216.79,Amazon,ES,2026-08-29T11:06:28Z,B09V5C4BN7,,,,,
Samsung,"Samsung TV 75 Pulgadas Mini LED M80H 4K Smart TV con Vision AI Companion, Motion Xcelerator 144Hz, AI Football Mode, Cine,...",https://www.amazon.es/dp/B0GJ6GRZX2,75.0,,,,,Amazon,ES,2026-08-29T11:06:28Z,B0GJ6GRZX2,,,,,
Samsung,"Samsung TV 75 Pulgadas Neo QLED QN990F 8K Mini LED, Smart TV con Vision AI, conexión sin Cables, Pantalla sin Reflejos Gla...",https://www.amazon.es/dp/B0F2219MC8,75.0,4319.0,4319.0,EUR,4319.0,Amazon,ES,2026-08-29T11:06:28Z,B0F2219MC8,,,,,
Samsung,"Samsung TV 75 Pulgadas Neo QLED QN1EF 4K Mini LED Smart TV con Vision AI, Pantalla sin Reflejos con Glare Free y Motion Xc...",https://www.amazon.es/dp/B0F224XNSF,75.0,,,,,Amazon,ES,2026-08-29T11:06:28Z,B0F224XNSF,,,,,
Samsung,"Samsung TV OLED S93H 48"" 4K Smart TV con IA y Pantalla sin Reflejos | Pantalla sin reflejos, Vision AI Companion, Ultimate...",https://www.amazon.es/dp/B0GKB7JX16,48.0,1199.0,1199.0,EUR,1199.0,Amazon,ES,2026-08-29T11:06:28Z,B0GKB7JX16,,,,,
Samsung,Samsung 43AU8000 Televisor Profesional para Hotel de 43 Pulgadas,https://www.amazon.es/dp/B0BZMM3QR2,43.0,708.45,708.45,EUR,708.45,Amazon,ES,2026-08-29T11:06:28Z,B0BZMM3QR2,,,,,
Samsung,"Samsung TV Micro RGB R95H 65"" 4K Smart TV con IA y Pantalla sin Reflejos | Pantalla sin reflejos, Vision AI Companion, Mic...",https://www.amazon.es/dp/B0GK1YDW6Z,65.0,2499.0,2499.0,EUR,2499.0,Amazon,ES,2026-08-29T11:06:28Z,B0GK1YDW6Z,,,,,
Xiaomi,"XIAOMI TV F Pro 55, 55 Pulgadas (140 cm), 4K UHD QLED, Smart TV, Fire OS8, Control por Voz Alexa, HDR10+, Modo Game Boost ...",https://www.amazon.es/dp/B0F44W5HQH,55.0,,,,,Amazon,ES,2026-08-29T11:06:28Z,B0F44W5HQH,,,,,
Samsung,"SAMSUNG The Frame QLED 4K 2022 43LS03B - Smart TV de 43"", Resolución 4K UHD, Procesador QLED 4K con IA, HDR 10+, One Conne...",https://www.amazon.es/dp/B09MZ3PLTL,43.0,855.0,855.0,EUR,855.0,Amazon,ES,2026-08-29T11:06:28Z,B09MZ3PLTL,,,,,
TCL,"TCL 43V6D Televisor 43 Pulgadas 4K UHD Smart TV, Fire TV, Alexa Integrado, Dolby Vision & Atmos, Game Master, HDR10+, Cont...",https://www.amazon.es/dp/B0GQHTCGBB,43.0,299.0,299.0,EUR,299.0,Amazon,ES,2026-08-29T11:06:28Z,B0GQHTCGBB,,,,,
Samsung,"Samsung BE43A-H Pantalla Plana para señalización Digital 109,2 cm (43"") 4K Ultra HD Gris Procesador Incorporado Tizen",https://www.amazon.es/dp/B08VH8JLK5,43.0,,,,,Amazon,ES,2026-08-29T11:06:28Z,B08VH8JLK5,,,,,
Samsung,"Samsung TV The Frame 4K 2024 55LS03D Smart TV de 55"" con Galería de Arte con Display Mate, Marcos Intercambiables, 100% Vo...",https://www.amazon.es/dp/B0CS6PL5BY,55.0,1322.0,1322.0,EUR,1322.0,Amazon,ES,2026-08-29T11:06:28Z,B0CS6PL5BY,,,,,
Samsung,"Samsung TV QE43LS03RAUXZT The Frame 2019 - Marco de TV, 4K 43"", Color Negro",https://www.amazon.es/dp/B07TD8ZS8N,43.0,1775.0,1775.0,EUR,1775.0,Amazon,ES,2026-08-29T11:06:28Z,B07TD8ZS8N,,,,,
Samsung,"Samsung TV MicroRGB R85H 55"" 4K Smart TV con IA | Vision AI Companion, Micro RGB Technology, Micro RGB AI Engine, AI Footb...",https://www.amazon.es/dp/B0GK1ZSKLF,55.0,,,,,Amazon,ES,2026-08-29T11:06:28Z,B0GK1ZSKLF,,,,,
Samsung,"Samsung TV Micro RGB R85H 75"" 4K Smart TV con IA",https://www.amazon.es/dp/B0GK2BT41M,75.0,2199.0,2199.0,EUR,2199.0,Amazon,ES,2026-08-29T11:06:28Z,B0GK2BT41M,,,,,
Samsung,"Samsung TV 75 Pulgadas The Frame LS03F 4K Smart TV, Galería de Arte con Display Mate, Marcos Intercambiables, 100% Volumen...",https://www.amazon.es/dp/B0F228V6ML,75.0,2535.0,2535.0,EUR,2535.0,Amazon,ES,2026-08-29T11:06:28Z,B0F228V6ML,,,,,
Sony,"Sony BRAVIA 3, TV 43"", Direct LED, Altavoz X-Balanced, Dolby Vision/Atmos, Google TV 2025, Apple AirPlay 2, Eco Dashboard ...",https://www.amazon.es/dp/B0F4KVZSKW,43.0,437.19,437.19,EUR,437.19,Amazon,ES,2026-08-29T11:06:28Z,B0F4KVZSKW,,,,,
Samsung,"Samsung Smart TV QE65QN85F, 65 pulgadas, 4K Ultra HD, HDR 10+, AMD FreeSync, modelo 2025 [versión húngara]",https://www.amazon.es/dp/B0FND6LTR5,65.0,949.0,949.0,EUR,949.0,Amazon,ES,2026-08-29T11:06:28Z,B0FND6LTR5,,,,,
Samsung,"Samsung TV 65 Pulgadas OLED S95F 4K Smart TV con Vision AI, Pantalla sin Reflejos con Glare Free y Motion Xcelerator 165Hz",https://www.amazon.es/dp/B0F222QCYM,65.0,,,,,Amazon,ES,2026-08-29T11:06:28Z,B0F222QCYM,,,,,
Samsung,"Samsung WM55R 139,7 cm (55"") LED 4K Ultra HD Pantalla táctil Pantalla plana para señalización digital Blanco",https://www.amazon.es/dp/B07YN695J1,55.0,950.2,950.2,EUR,950.2,Amazon,ES,2026-08-29T11:06:28Z,B07YN695J1,,,,,
Samsung,"Samsung TV 85 Pulgadas Neo QLED QN800D 4K Mini LED con Resolución 8K, Procesador NQ8 AI Gen2 con Inteligencia Artificial, ...",https://www.amazon.es/dp/B0CSDSB9C9,85.0,5359.0,5359.0,EUR,5359.0,Amazon,ES,2026-08-29T11:06:28Z,B0CSDSB9C9,,,,,
Samsung,"Samsung Mini LED M70H 4K 55 pulgadas UHD Televisor, Mini procesador LED 4K, AI Companion para preguntas, Pure Spectrum Col...",https://www.amazon.es/dp/B0H335DMZZ,55.0,660.22,660.22,EUR,660.22,Amazon,ES,2026-08-29T11:06:28Z,B0H335DMZZ,,,,,
TCL,"TCL 98Q7C 98 Pulgadas QD-Mini LED 4K HDR10+ Smart TV, 3.000 Nits | Dolby Vision IQ & Atmos, Panel HVA, 144Hz Motion Clarit...",https://www.amazon.es/dp/B0F38F4TM3,98.0,2499.0,2499.0,EUR,2499.0,Amazon,ES,2026-08-29T11:06:28Z,B0F38F4TM3,,,,,
Samsung,"SAMSUNG Smart TV QLED 4K 2022 75Q80B - Smart TV de 75"" con Resolución 4K, Direct Full Array, Quantum HDR 1500, Dolby Atmo...",https://www.amazon.es/dp/B09MW5WDZF,75.0,1696.79,1696.79,EUR,1696.79,Amazon,ES,2026-08-29T11:06:28Z,B09MW5WDZF,,,,,
Samsung,Samsung BE85D-H 85' Display,https://www.amazon.es/dp/B0DYK151CN,85.0,1369.0,1369.0,EUR,1369.0,Amazon,ES,2026-08-29T11:06:28Z,B0DYK151CN,,,,,
Samsung,Samsung BE43D-H 43' Display,https://www.amazon.es/dp/B0DJT5GCFF,43.0,604.0,604.0,EUR,604.0,Amazon,ES,2026-08-29T11:06:28Z,B0DJT5GCFF,,,,,
Samsung,"Pantallas Marca Samsung Modelo Samsung HG32T5300EE - 32"" Clase Diagonal HT5300 Series TV LCD con retroiluminación LED - Ho...",https://www.amazon.es/dp/B08XNKTSBB,32.0,259.0,259.0,EUR,259.0,Amazon,ES,2026-08-29T11:06:28Z,B08XNKTSBB,,,,,
Samsung,"TV Samsung TU65M80H 2026 65"" Mini LED UHD 4K - TU65M80HAUXXC",https://www.amazon.es/dp/B0GJ6K3KQX,65.0,761.04,761.04,EUR,761.04,Amazon,ES,2026-08-29T11:06:28Z,B0GJ6K3KQX,,,,,
Samsung,"Samsung Tv 75"" Led Ultra Hd 4k Smart Dvb/t2/s2 75u8092",https://www.amazon.es/dp/B0G1YTQHQC,75.0,680.86,680.86,EUR,680.86,Amazon,ES,2026-08-29T11:06:28Z,B0G1YTQHQC,,,,,
Samsung,"Samsung QLED Q7F2 4K 85"" UHD, procesador Q4 AI, puntos Quantum para colores reales, escala 4K, seguridad Knox, hub de jueg...",https://www.amazon.es/dp/B0F62RQFP5,85.0,2061.21,2061.21,EUR,2061.21,Amazon,ES,2026-08-29T11:06:28Z,B0F62RQFP5,,,,,
Samsung,"Samsung TV OLED 4K 2024 55S85D Smart TV de 55"" con Resolución 4K Mejorada, un Sonido de Cine, el Mejor Smart TV y Colores ...",https://www.amazon.es/dp/B0CX99KXCC,55.0,1266.37,1266.37,EUR,1266.37,Amazon,ES,2026-08-29T11:06:28Z,B0CX99KXCC,,,,,
Samsung,"Samsung The Frame QE50LS03TAU 127 cm (50"") 4K Ultra HD Smart TV Wi-Fi Nero",https://www.amazon.es/dp/B0872D83PX,50.0,1999.0,1999.0,EUR,1999.0,Amazon,ES,2026-08-29T11:06:28Z,B0872D83PX,,,,,
Sony,"Sony BRAVIA 2 II 43 Pulgadas TV 4K Smart TV (Google TV), Procesador X1, Escalado 4K, Dolby Atmos y DTS:X, Compatible con P...",https://www.amazon.es/dp/B0GZL6GMFJ,43.0,,,,,Amazon,ES,2026-08-29T11:06:28Z,B0GZL6GMFJ,,,,,
Samsung,"Telewizor 55"" Samsung QE55S90F",https://www.amazon.es/dp/B0FTFW74N2,55.0,,,,,Amazon,ES,2026-08-29T11:06:28Z,B0FTFW74N2,,,,,
Samsung,Samsung HG43EE690DBXEN/43'' Smart TVLED Mode Hotel Negro,https://www.amazon.es/dp/B078ZTNDCX,43.0,1238.0,1238.0,EUR,1238.0,Amazon,ES,2026-08-29T11:06:28Z,B078ZTNDCX,,,,,
Samsung,"SAMSUNG QB13R 33 cm (13"") Full HD Negro",https://www.amazon.es/dp/B08136KT74,13.0,489.39,489.39,EUR,489.39,Amazon,ES,2026-08-29T11:06:28Z,B08136KT74,,,,,
Samsung,"Samsung Crystal UHD LED 65"" UE65U8072FUXXH UltraHD 4K HDR Tizen",https://www.amazon.es/dp/B0FMS3F365,65.0,,,,,Amazon,ES,2026-08-29T11:06:28Z,B0FMS3F365,,,,,
Samsung,Marco de TV Deco Pale Gold Scoop de 65 pulgadas para televisores Samsung The Frame/Pro,https://www.amazon.es/dp/B09D8MSLJV,65.0,1497.21,1497.21,EUR,1497.21,Amazon,ES,2026-08-29T11:06:28Z,B09D8MSLJV,,,,,
Samsung,"Samsung TV Neo QLED QN80H 65"" 4K Smart TV con IA | Vision AI Companion, Quantum Mini LED, AI Football Mode, Motion Xcelera...",https://www.amazon.es/dp/B0GL2M81T2,65.0,1228.29,1228.29,EUR,1228.29,Amazon,ES,2026-08-29T11:06:28Z,B0GL2M81T2,,,,,
TCL,"TCL 43SF560 Televisor 43 Pulgadas QLED Full HD, Smart TV con Fire TV, Control por Voz Alexa, HDR10, Dolby Audio, DTS Virtu...",https://www.amazon.es/dp/B0F9PQTM25,43.0,239.0,239.0,EUR,239.0,Amazon,ES,2026-08-29T11:06:28Z,B0F9PQTM25,,,,,
Sony,"Sony BRAVIA 2 II 50 Pulgadas TV 4K Smart TV (Google TV), Procesador X1, Escalado 4K, Dolby Atmos y DTS:X, Compatible con P...",https://www.amazon.es/dp/B0GZLDN3SH,50.0,899.1,899.1,EUR,899.1,Amazon,ES,2026-08-29T11:06:28Z,B0GZLDN3SH,,,,,
Sony,"Sony BRAVIA 3, Direct LED TV 75 Pulgadas, Altavoz X-Balanced, Dolby Vision/Atmos, Google TV 2025, Apple AirPlay 2, Eco Das...",https://www.amazon.es/dp/B0F4KRYP8L,75.0,916.53,916.53,EUR,916.53,Amazon,ES,2026-08-29T11:06:28Z,B0F4KRYP8L,,,,,
Samsung,"Samsung TV Mini LED M80H 85"" 4K Smart TV con IA",https://www.amazon.es/dp/B0GJ64N3BB,85.0,1499.0,1499.0,EUR,1499.0,Amazon,ES,2026-08-29T11:06:28Z,B0GJ64N3BB,,,,,
Samsung,Samsung TV UHD 75inch UE75CU8072U,https://www.amazon.es/dp/B0C274J83Q,75.0,1253.84,1253.84,EUR,1253.84,Amazon,ES,2026-08-29T11:06:28Z,B0C274J83Q,,,,,
Samsung,"Samsung BE75D-H - TV LCD Serie Bed-H con Diagonal da 189,3 cm (75"") con retroilluminazione LED - Crystal UHD - Digital Sig...",https://www.amazon.es/dp/B0DYJYJ2B2,75.0,1149.0,1149.0,EUR,1149.0,Amazon,ES,2026-08-29T11:06:28Z,B0DYJYJ2B2,,,,,
Samsung,"Samsung TU55CU7025KXXC 55"" LED Crystal UltraHD 4K HDR10+",https://www.amazon.es/dp/B0CZ495C1L,55.0,,,,,Amazon,ES,2026-08-29T11:06:28Z,B0CZ495C1L,,,,,
Samsung,SAMSUNG GQ43LS03TAUXZG 43 Zoll/109cm LED-LCD TV,https://www.amazon.es/dp/B085KV8Y8C,43.0,632.47,632.47,EUR,632.47,Amazon,ES,2026-08-29T11:06:28Z,B085KV8Y8C,,,,,
Samsung,Samsung BE65D-H 65' Display,https://www.amazon.es/dp/B0DJT5LZJ7,65.0,1630.0,1630.0,EUR,1630.0,Amazon,ES,2026-08-29T11:06:28Z,B0DJT5LZJ7,,,,,
Samsung,"Samsung TV Micro RGB R85H 65"" 4K Smart TV con IA | Vision AI Companion, Micro RGB Technology, Micro RGB AI Engine, AI Foot...",https://www.amazon.es/dp/B0GK2DY9Y9,65.0,1541.33,1541.33,EUR,1541.33,Amazon,ES,2026-08-29T11:06:28Z,B0GK2DY9Y9,,,,,
Samsung,"Samsung - Tv gera & x20ac; t lcd de 124,5 cm (49 "") ue49k5500 led (400 hz) de grabación usb",https://www.amazon.es/dp/B01K85RP2C,49.0,1500.0,1500.0,EUR,1500.0,Amazon,ES,2026-08-29T11:06:28Z,B01K85RP2C,,,,,
Samsung,"Cello C2426TZH Smart TV LED HD Ready de 24"", Tizen OS de Samsung, Gaming Hub, Bluetooth, Triple sintonizador y Sonido Pitch",https://www.amazon.es/dp/B0GHRKNV5R,24.0,195.0,195.0,EUR,195.0,Amazon,ES,2026-08-29T11:06:28Z,B0GHRKNV5R,,,,,
Hisense,"Hisense 55E7NQ Pro - QLED Gaming TV, 55 Pulgadas Televisor, VRR 144Hz HSR 240 fps, AMD Freesync Premium Pro, Barra de Jueg...",https://www.amazon.es/dp/B0CXTNC8DJ,55.0,,,,,Amazon,ES,2026-08-29T11:06:28Z,B0CXTNC8DJ,,,,,
Panasonic,"Panasonic TV-65Z80AEZ, Z80 Series 65 Pulgadas 4K Ultra HD OLED Smart TV, 2024, Fire TV, Dolby Vision y Atmos, Modo de Jueg...",https://www.amazon.es/dp/B0DJCXKT2B,65.0,1312.59,1312.59,EUR,1312.59,Amazon,ES,2026-08-29T11:06:28Z,B0DJCXKT2B,,,,,
Samsung,Samsung BE55D-H 55' Display,https://www.amazon.es/dp/B0DJT79NYQ,55.0,516.88,516.88,EUR,516.88,Amazon,ES,2026-08-29T11:06:28Z,B0DJT79NYQ,,,,,
Samsung,"Samsung 50HRU750 Professional Hospitality TV 50""",https://www.amazon.es/dp/B09RJB5787,50.0,581.98,581.98,EUR,581.98,Amazon,ES,2026-08-29T11:06:28Z,B09RJB5787,,,,,
Samsung,Samsung TV UHD 55inch UE55CU8072U,https://www.amazon.es/dp/B0BZQY7426,55.0,827.19,827.19,EUR,827.19,Amazon,ES,2026-08-29T11:06:28Z,B0BZQY7426,,,,,
Philips,"PHILIPS Ambilight 43PUS8200 4K LED Smart TV - Pantalla de 43 Pulgadas con Plataforma Titan OS, Pixel Precise Ultra HD y So...",https://www.amazon.es/dp/B0F2N565FP,43.0,272.0,272.0,EUR,272.0,Amazon,ES,2026-08-29T11:06:28Z,B0F2N565FP,,,,,
Samsung,"Samsung TV Neo QLED QN80H 98"" 4K Smart TV con IA",https://www.amazon.es/dp/B0GHS3TTGN,98.0,,,,,Amazon,ES,2026-08-29T11:06:28Z,B0GHS3TTGN,,,,,
Samsung,Marco de TV Deco de 55 pulgadas para televisores Samsung The Frame/Pro,https://www.amazon.es/dp/B09D8QQKDR,55.0,,,,,Amazon,ES,2026-08-29T11:06:28Z,B09D8QQKDR,,,,,
Samsung,Marco de TV Deco de 32 pulgadas para televisores Samsung The Frame/Pro,https://www.amazon.es/dp/B08ZMDMLPH,32.0,366.26,366.26,EUR,366.26,Amazon,ES,2026-08-29T11:06:28Z,B08ZMDMLPH,,,,,
Samsung,"Samsung HG55AU800EE - 138 cm (55"") Diagonalklasse HAU8000 Series LCD-TV mit LED-Hintergrundbeleuchtung - Crystal UHD - Hot...",https://www.amazon.es/dp/B0BZMKM7LQ,55.0,593.66,593.66,EUR,593.66,Amazon,ES,2026-08-29T11:06:28Z,B0BZMKM7LQ,,,,,
Sony,"Sony Kit Cine en casa con Sonido Envolvente Dolby Vision/Atmos y DTS:X, TV BRAVIA 3 de 75"", LED, Google TV (2025) y Barra ...",https://www.amazon.es/dp/B0F9PP4L8L,75.0,1265.53,1265.53,EUR,1265.53,Amazon,ES,2026-08-29T11:06:28Z,B0F9PP4L8L,,,,,
Sony,"Sony BRAVIA 3, Direct LED TV 65 Pulgadas, Altavoz X-Balanced, Dolby Vision/Atmos, Google TV 2025, Apple AirPlay 2, Eco Das...",https://www.amazon.es/dp/B0F4KX8CK4,65.0,849.0,849.0,EUR,849.0,Amazon,ES,2026-08-29T11:06:28Z,B0F4KX8CK4,,,,,
Samsung,Marco de TV prismático plateado alemán de 32 pulgadas para televisores Samsung The Frame/Pro,https://www.amazon.es/dp/B09D3XM522,32.0,229.66,229.66,EUR,229.66,Amazon,ES,2026-08-29T11:06:28Z,B09D3XM522,,,,,
Samsung,"Cello COD55TZ 55 Pulgadas Tizen OS Outdoor Smart LED, 240V 4K TV, de Samsung, 3 años de garantía, Pitch Lautsprecher, Agua...",https://www.amazon.es/dp/B0GHRTLCWN,55.0,1521.9,1521.9,EUR,1521.9,Amazon,ES,2026-08-29T11:06:28Z,B0GHRTLCWN,,,,,
Hisense,"Hisense 65U6NQ - Mini-LED TV, 65 Pulgadas, con Quantum Dot Colour, Full Array Local Dimming, Modo Juego 60 Hz VRR 120 fps,...",https://www.amazon.es/dp/B0CXTMW3GR,65.0,995.2,995.2,EUR,995.2,Amazon,ES,2026-08-29T11:06:28Z,B0CXTMW3GR,,,,,
Samsung,"Cello COD75TZ 75 Pulgadas Tizen OS Outdoor Smart LED, 240V 4K TV, de Samsung, 3 años de garantía, Pitch Lautsprecher, Agua...",https://www.amazon.es/dp/B0GHRL6BGZ,75.0,3277.95,3277.95,EUR,3277.95,Amazon,ES,2026-08-29T11:06:28Z,B0GHRL6BGZ,,,,,
Sony,"Sony BRAVIA 3 II 43 Pulgadas TV 4K Smart TV (Google TV), Procesador XR con Inteligencia Artificial, 120 Hz, Dolby Vision y...",https://www.amazon.es/dp/B0GZQ8F1R6,43.0,949.0,949.0,EUR,949.0,Amazon,ES,2026-08-29T11:06:28Z,B0GZQ8F1R6,,,,,
Samsung,"Pantalla TFT - LCD (55"" o mas) UE75TU7172 Samsung",https://www.amazon.es/dp/B08CJZF4Z6,55.0,725.99,725.99,EUR,725.99,Amazon,ES,2026-08-29T11:06:28Z,B08CJZF4Z6,,,,,
Sony,"Sony Kit Cine en casa con Sonido Envolvente Dolby Vision/Atmos y DTS:X, TV BRAVIA 3 de 55"", LED, Google TV (2025) y Barra ...",https://www.amazon.es/dp/B0F9PQ87CW,55.0,1048.0,1048.0,EUR,1048.0,Amazon,ES,2026-08-29T11:06:28Z,B0F9PQ87CW,,,,,
Sony,"Sony BRAVIA 3, Direct LED TV 55 Pulgadas, Altavoz X-Balanced, Dolby Vision/Atmos, Google TV 2025, Apple AirPlay 2, Eco Das...",https://www.amazon.es/dp/B0F4KXJQ42,55.0,699.0,699.0,EUR,699.0,Amazon,ES,2026-08-29T11:06:28Z,B0F4KXJQ42,,,,,
Sony,"Sony BRAVIA KD32W800 - Smart TV 32 Pulgadas HD Ready Alto Rango Dinámico HDR, Android TV Negro, Modelo 2022, 32 Inch",https://www.amazon.es/dp/B0BNW6941F,32.0,314.1,314.1,EUR,314.1,Amazon,ES,2026-08-29T11:06:28Z,B0BNW6941F,,,,,
Panasonic,"Panasonic Premium TV-48Z80BEZ, Serie Z80B, 48 Pulgadas, Smart TV OLED 4K Ultra HD, 2025, Fire TV, Dolby Vision y Atmos, Mo...",https://www.amazon.es/dp/B0FH2539NX,48.0,907.41,907.41,EUR,907.41,Amazon,ES,2026-08-29T11:06:28Z,B0FH2539NX,,,,,
Sony,"Sony BRAVIA 3, Direct LED TV 50 Pulgadas, Altavoz X-Balanced, Dolby Vision/Atmos, IMAX Enhanced, Google TV 2025, Apple Air...",https://www.amazon.es/dp/B0F4KT1F4F,50.0,,,,,Amazon,ES,2026-08-29T11:06:28Z,B0F4KT1F4F,,,,,
Xiaomi,"XIAOMI TV A 2025 55"" - Smart TV 4K HDR, Google TV, Control por Voz, Dolby, Negro",https://www.amazon.es/dp/B0CYZQ6JYB,55.0,311.99,311.99,EUR,311.99,Amazon,ES,2026-08-29T11:06:28Z,B0CYZQ6JYB,,,,,
Samsung,"SAMSUNG Marco The Frame 32"" blanco moderno VG-SCFC32WTBXC, compatible solo con QE32LS03C",https://www.amazon.es/dp/B0C5LDWN8J,32.0,61.57,61.57,EUR,61.57,Amazon,ES,2026-08-29T11:06:28Z,B0C5LDWN8J,,,,,
Samsung,"Samsung QM32C-T - 81 cm (32"") Diagonalklasse QMC-T Series LCD-Display mit LED-Hintergrundbeleuchtung - interaktive Digital...",https://www.amazon.es/dp/B0GKVZ7D56,32.0,1032.94,1032.94,EUR,1032.94,Amazon,ES,2026-08-29T11:06:28Z,B0GKVZ7D56,,,,,
Sony,"Sony BRAVIA 2 II 55 Pulgadas TV 4K Smart TV (Google TV), Procesador X1, Escalado 4K, Dolby Atmos y DTS:X, Compatible con P...",https://www.amazon.es/dp/B0GZL1BLJ9,55.0,1099.0,1099.0,EUR,1099.0,Amazon,ES,2026-08-29T11:06:28Z,B0GZL1BLJ9,,,,,
Sony,"Sony BRAVIA 3 II 55 Pulgadas TV 4K Smart TV (Google TV), Procesador XR con Inteligencia Artificial, 120 Hz, Dolby Vision y...",https://www.amazon.es/dp/B0GZPV9JS8,55.0,1299.0,1299.0,EUR,1299.0,Amazon,ES,2026-08-29T11:06:28Z,B0GZPV9JS8,,,,,
Hisense,"Hisense 55U7NQ - Mini-LED TV, 55 Pulgadas, con Quantum Dot Colour, Modo Juego de 144Hz VRR 240 fps, Full Array Local Dimmi...",https://www.amazon.es/dp/B0CXTPGCH9,55.0,899.49,899.49,EUR,899.49,Amazon,ES,2026-08-29T11:06:28Z,B0CXTPGCH9,,,,,
Sony,"Sony BRAVIA 3, Direct LED 85 Pulgadas, Altavoz X-Balanced, Dolby Vision/Atmos, Google TV 2025, Apple AirPlay 2, Eco Dashbo...",https://www.amazon.es/dp/B0F4KVCDCW,85.0,1419.24,1419.24,EUR,1419.24,Amazon,ES,2026-08-29T11:06:28Z,B0F4KVCDCW,,,,,
Sony,"Sony BRAVIA 2 II 65 Pulgadas TV 4K Smart TV (Google TV), Procesador X1, Escalado 4K, Dolby Atmos y DTS:X, Compatible con P...",https://www.amazon.es/dp/B0GZKY262Y,65.0,1299.0,1299.0,EUR,1299.0,Amazon,ES,2026-08-29T11:06:28Z,B0GZKY262Y,,,,,
Samsung,"Bisel personalizable para el Samsung Frame TV (dorado ornamentado, 50 pulgadas)",https://www.amazon.es/dp/B09SLS5975,50.0,373.05,373.05,EUR,373.05,Amazon,ES,2026-08-29T11:06:28Z,B09SLS5975,,,,,
TCL,"TCL 40V5C Televisor 40 Pulgadas QLED Full HD Smart TV, Android TV, Google Cast, Google Home, HDR, Dolby Audio, Diseño Delgado",https://www.amazon.es/dp/B0F3XN9M4V,40.0,,,,,Amazon,ES,2026-08-29T11:06:28Z,B0F3XN9M4V,,,,,
Sony,"Sony BRAVIA 5, Mini LED 75 Pulgadas, Procesador XR con IA, Acoustic Multi-Audio, Dolby Vision/Atmos, IMAX Enhanced, Google...",https://www.amazon.es/dp/B0F4L4JSYM,75.0,1799.0,1799.0,EUR,1799.0,Amazon,ES,2026-08-29T11:06:28Z,B0F4L4JSYM,,,,,
Sony,"Sony BRAVIA 3 II 50 Pulgadas TV 4K Smart TV (Google TV), Procesador XR con Inteligencia Artificial, 120 Hz, Dolby Vision y...",https://www.amazon.es/dp/B0GZQ4G7BL,50.0,1049.0,1049.0,EUR,1049.0,Amazon,ES,2026-08-29T11:06:28Z,B0GZQ4G7BL,,,,,
Samsung,"Placa Base BN41-02703A, Compatible Con Samsung, Televisores De 55 Y 65 Pulgadas, UE55RU7092, UE55RU7179, UE55RU7099, UE50R...",https://www.amazon.es/dp/B0FWS5LDCL,65.0,85.65,85.65,EUR,85.65,Amazon,ES,2026-08-29T11:06:28Z,B0FWS5LDCL,,,,,
Sony,"Sony Kit de Cine, Sonido Envolvente Dolby Vision/Atmos, TV BRAVIA 3 de 50"", Direct LED, Google TV (2025) y Barra de Sonido...",https://www.amazon.es/dp/B0F9PRZC2C,50.0,1198.58,1198.58,EUR,1198.58,Amazon,ES,2026-08-29T11:06:28Z,B0F9PRZC2C,,,,,
Samsung,"Cello COD65TZ 65 Pulgadas Tizen OS Outdoor Smart LED, 240V 4K TV, de Samsung, 3 años de garantía, Pitch Lautsprecher, Agua...",https://www.amazon.es/dp/B0GHR9BJ8G,65.0,2107.25,2107.25,EUR,2107.25,Amazon,ES,2026-08-29T11:06:28Z,B0GHR9BJ8G,,,,,
Sony,"Sony BRAVIA 3 II 65 Pulgadas TV 4K Smart TV (Google TV), Procesador XR con Inteligencia Artificial, 120 Hz, Dolby Vision y...",https://www.amazon.es/dp/B0GZPZZRWL,65.0,1599.0,1599.0,EUR,1599.0,Amazon,ES,2026-08-29T11:06:28Z,B0GZPZZRWL,,,,,
Samsung,"Cable de conexión for televisor Samsung OLED 4K de 55'', 65'' y 77'', S95D, QA55S95D, QA65S95D, QA77S95D, QE55S95D, QE65S9...",https://www.amazon.es/dp/B0FR4RQTD8,55.0,376.28,376.28,EUR,376.28,Amazon,ES,2026-08-29T11:06:28Z,B0FR4RQTD8,,,,,
Sony,"Sony BRAVIA 5, Mini LED 55 Pulgadas, Procesador XR con IA, Acoustic Multi-Audio, Dolby Vision/Atmos, IMAX Enhanced, Google...",https://www.amazon.es/dp/B0F4KYR4RT,55.0,,,,,Amazon,ES,2026-08-29T11:06:28Z,B0F4KYR4RT,,,,,
Samsung,Samsung 50HAU8000 50 Pulgadas HTV Mode Hotel UHD,https://www.amazon.es/dp/B0C18ZT9QY,50.0,,,,,Amazon,ES,2026-08-29T11:06:28Z,B0C18ZT9QY,,,,,
Samsung,Televisor de 60 Pulgadas Placa Base Compatible con Samsung BN41-01958A/B UA55F6400 BN94-06170H,https://www.amazon.es/dp/B0FQ3RCQKM,60.0,115.07,115.07,EUR,115.07,Amazon,ES,2026-08-29T11:06:28Z,B0FQ3RCQKM,,,,,
Sony,"Sony BRAVIA 3 II 100 Pulgadas TV 4K Smart TV (Google TV), Procesador XR con Inteligencia Artificial, 120 Hz, Dolby Vision ...",https://www.amazon.es/dp/B0GZQB773S,100.0,2699.0,2699.0,EUR,2699.0,Amazon,ES,2026-08-29T11:06:28Z,B0GZQB773S,,,,,
Samsung,"Samsung QM50R Pantalla Plana para señalización Digital 127 cm (50"") LED 4K Ultra HD Negro Procesador Incorporado Tizen 4.0",https://www.amazon.es/dp/B09FXYKBN2,50.0,1073.28,1073.28,EUR,1073.28,Amazon,ES,2026-08-29T11:06:28Z,B09FXYKBN2,,,,,
Samsung,"Samsung 55HAU8000 43"" HTV Mode Hotel UHD Smart",https://www.amazon.es/dp/B09X7BDNHD,43.0,,,,,Amazon,ES,2026-08-29T11:06:28Z,B09X7BDNHD,,,,,
Sony,"Sony BRAVIA 9 QLED XR, Mini LED 65 Pulgadas 4K HDR Google Smart TV, Funciones Gaming para PlayStation 5, IMAX Enhanced, Do...",https://www.amazon.es/dp/B0DSWFM8GK,65.0,,,,,Amazon,ES,2026-08-29T11:06:28Z,B0DSWFM8GK,,,,,
Samsung,"Placa Base BN41-02568B BN41-02568A Compatible con televisores Samsung de 55, 65 y 75 Pulgadas.(D)",https://www.amazon.es/dp/B0F4R1D57S,75.0,463.42,463.42,EUR,463.42,Amazon,ES,2026-08-29T11:06:28Z,B0F4R1D57S,,,,,
Samsung,Marco de TV decorativo prismático turquesa de 32 pulgadas para televisores Samsung The Frame/Pro,https://www.amazon.es/dp/B09CLQXMYY,32.0,428.95,428.95,EUR,428.95,Amazon,ES,2026-08-29T11:06:28Z,B09CLQXMYY,,,,,
Samsung,"BN41-02344 BN41-02344D BN41-0234B, Compatible con Samsung, Placa Base de TV de 40, 48, 50, 55, 65 Pulgadas BN94-09269A BN9...",https://www.amazon.es/dp/B0DNTJP3B1,65.0,81.28,81.28,EUR,81.28,Amazon,ES,2026-08-29T11:06:28Z,B0DNTJP3B1,,,,,
Samsung,Televisor de 32 Pulgadas Placa Base Compatible con Samsung BN41-01958A/B UA55F6400 BN94-06170H,https://www.amazon.es/dp/B0FQ41C7W2,32.0,91.79,91.79,EUR,91.79,Amazon,ES,2026-08-29T11:06:28Z,B0FQ41C7W2,,,,,
Samsung,MLBEIU Tira de retroiluminación LED de 40 LED para Samsung de 55 pulgadas UA55NU7100 UE55NU7102K UE55NU7370 UE55NU7092 UE5...,https://www.amazon.es/dp/B0CWRZLJSP,55.0,28.0,28.0,EUR,28.0,Amazon,ES,2026-08-29T11:06:28Z,B0CWRZLJSP,,,,,
Samsung,TUCANSBP Tira LED D2GE-320SC1-R0 BN96-28489A Compatible for Samsung Sharp TV de 32 Pulgadas D2GE-320C1-R0 UE32F5000 UE32F5...,https://www.amazon.es/dp/B0D1N8JQFM,32.0,22.87,22.87,EUR,22.87,Amazon,ES,2026-08-29T11:06:28Z,B0D1N8JQFM,,,,,
Samsung,TUCANSBP Compatible for televisor LCD Samsung de 49 Pulgadas AOT-49-NU7300-2X38 JL.E490K2330-408BS-R7P-M-HF UE49NU7105K UE...,https://www.amazon.es/dp/B0D2VT3L1Y,49.0,25.94,25.94,EUR,25.94,Amazon,ES,2026-08-29T11:06:28Z,B0D2VT3L1Y,,,,,
Samsung,PANMILED 2 tiras de retroiluminación LED para Samsung TV de 65 pulgadas UN65RU7100FXZA UN65RU7200FXZA UN65RU7300FXZA UN65R...,https://www.amazon.es/dp/B0BWRNGNQZ,65.0,99.61,99.61,EUR,99.61,Amazon,ES,2026-08-29T11:06:28Z,B0BWRNGNQZ,,,,,
Samsung,TUCANSBP Compatible for televisor LCD Samsung de 65 Pulgadas LM41-00570A LM41-00614A UE65NU6025 UE65NU7090 UE65NU7102 UE65...,https://www.amazon.es/dp/B0D37RB23R,65.0,41.56,41.56,EUR,41.56,Amazon,ES,2026-08-29T11:06:28Z,B0D37RB23R,,,,,
LG,"LG 43NU800B6LC - Smart TV Nano UHD AI 43"" 4K Sin Reflejos 94%, 2026 | Nano UHD, Smart TV, WebOS 25 (Actualizable), Procesa...",https://www.amazon.es/dp/B0GTRJ4LRS,43.0,268.6,268.6,EUR,268.6,Amazon,ES,2026-08-29T11:06:28Z,B0GTRJ4LRS,,,,,
LG,"LG 50NU800B6LC - Smart TV Nano UHD AI 50"" 4K Sin Reflejos 94%, 2026 | Nano UHD, Smart TV, WebOS 25 (Actualizable), Procesa...",https://www.amazon.es/dp/B0GTRPVDL7,50.0,329.0,329.0,EUR,329.0,Amazon,ES,2026-08-29T11:06:28Z,B0GTRPVDL7,,,,,
LG,"LG 55NU800B6LA - Smart TV Nano UHD AI 55"" 4K Sin Reflejos 94%, 2026 | Nano UHD, Smart TV, WebOS 25 (Actualizable), Procesa...",https://www.amazon.es/dp/B0GTRP9673,55.0,376.03,376.03,EUR,376.03,Amazon,ES,2026-08-29T11:06:28Z,B0GTRP9673,,,,,
LG,"LG 32LR60006LA - TV 32"" FHD (80 cm), Smart TV webOS 23, Procesador α5 AI Gen6, HDR10/HLG, Dolby Digital Plus, AI Sound, Go...",https://www.amazon.es/dp/B0F227Q92B,32.0,219.0,219.0,EUR,219.0,Amazon,ES,2026-08-29T11:06:28Z,B0F227Q92B,,,,,
LG,"LG 55QNED70B6C - Smart TV QNED MiniLED AI 55"" 4K Sin Reflejos 94%, 2026 | QNED MiniLED, Smart TV, WebOS 25, Procesador Alp...",https://www.amazon.es/dp/B0GTRRKHGJ,55.0,437.19,437.19,EUR,437.19,Amazon,ES,2026-08-29T11:06:28Z,B0GTRRKHGJ,,,,,
LG,"LG OLED48G56LS - TV 48"", OLED EVO 4K, Smart TV IA G5, WebOS 25, Super Upscaling, Dolby Vision y Dolby Atmos, AMD FreeSync,...",https://www.amazon.es/dp/B0F7468M2N,48.0,769.0,769.0,EUR,769.0,Amazon,ES,2026-08-29T11:06:28Z,B0F7468M2N,,,,,
LG,"LG 43QNED80B6B - Smart TV QNED EVO AI 43"" 4K Sin Reflejos 94%, 2026 | QNED EVO MiniLED, Smart TV, WebOS 26, Procesador α7 ...",https://www.amazon.es/dp/B0GTZGKH4B,43.0,369.0,369.0,EUR,369.0,Amazon,ES,2026-08-29T11:06:28Z,B0GTZGKH4B,,,,,
LG,"LG 24LB70006LA - Smart TV FHD AI LB70 24"" 2K 2026, WebOS 26 IA, Procesador α5 AI Gen9, 120 Hz, Resolution Upscaler, Dolby ...",https://www.amazon.es/dp/B0H72HGH3Q,24.0,172.61,172.61,EUR,172.61,Amazon,ES,2026-08-29T11:06:28Z,B0H72HGH3Q,,,,,
LG,"LG 50QNED80B6B - Smart TV QNED EVO AI 50"" 4K Sin Reflejos 94%, 2026 | QNED EVO MiniLED, Smart TV, WebOS 26, Procesador α7 ...",https://www.amazon.es/dp/B0GTZRCX78,50.0,466.68,466.68,EUR,466.68,Amazon,ES,2026-08-29T11:06:28Z,B0GTZRCX78,,,,,
LG,"LG 27LB70006LA - Smart TV FHD AI LB70 27"" 2K 2026, WebOS 26 IA, Procesador α5 AI Gen9, 120 Hz, Resolution Upscaler, Dolby ...",https://www.amazon.es/dp/B0H7262TF4,27.0,195.64,195.64,EUR,195.64,Amazon,ES,2026-08-29T11:06:28Z,B0H7262TF4,,,,,
LG,"LG 43UA73006LA - TV 43"", UHD 4K, WebOS 25, Ultimate IA, HDR10 Pro, Super Upscaling, Dolby Digital Plus, Google Assistant, ...",https://www.amazon.es/dp/B0F2GH8L49,43.0,307.77,307.77,EUR,307.77,Amazon,ES,2026-08-29T11:06:28Z,B0F2GH8L49,,,,,
LG,"LG 55QNED82B6B - Smart TV QNED EVO AI 55"" 4K Sin Reflejos 94%, 2026 | QNED EVO MiniLED, Smart TV, WebOS 26, Procesador α8 ...",https://www.amazon.es/dp/B0GVDVBZT8,55.0,599.17,599.17,EUR,599.17,Amazon,ES,2026-08-29T11:06:28Z,B0GVDVBZT8,,,,,
LG,"LG 43QNED80A6A Smart TV 43"" 4K QNED, Procesador α7 4K Gen6, HDR10 Pro, webOS, ThinQ AI, WiFi, Bluetooth, Color Negro",https://www.amazon.es/dp/B0FY7KG858,43.0,331.31,331.31,EUR,331.31,Amazon,ES,2026-08-29T11:06:28Z,B0FY7KG858,,,,,
LG,LG 43QNED82A6B - Smart TV QNED AI QNED82 43 Pulgadas 4K Super Upscaling 2025,https://www.amazon.es/dp/B0F2269H9B,43.0,396.65,396.65,EUR,396.65,Amazon,ES,2026-08-29T11:06:28Z,B0F2269H9B,,,,,
LG,LG 55QNED81B6A - Smart TV QNED EVO MiniLED AI QNED81 55 Pulgadas 4K 2026,https://www.amazon.es/dp/B0H1JJCFHR,55.0,495.04,495.04,EUR,495.04,Amazon,ES,2026-08-29T11:06:28Z,B0H1JJCFHR,,,,,
LG,"LG 55NU850B6LA - Smart TV Nano 4K UHD NU80 55 Pulgadas, Sin Reflejos al 94%, webOS 26 AI, Procesador Inteligente α7 AI Pro...",https://www.amazon.es/dp/B0H197QQMH,55.0,,,,,Amazon,ES,2026-08-29T11:06:28Z,B0H197QQMH,,,,,
LG,"LG 85QNED93A6A - Smart TV QNED EVO AI 85"" 4K, 2025 | WebOS 25, Procesador Potente e Inteligente, MiniLED AI, Super Upscali...",https://www.amazon.es/dp/B0F2GQQGZQ,85.0,1459.0,1459.0,EUR,1459.0,Amazon,ES,2026-08-29T11:06:28Z,B0F2GQQGZQ,,,,,
LG,"LG 43NU800B3LC Nano 4K UHD TV, 43 pulgadas, procesador α7 Gen9 4K AI, webOS 26, 60 Hz, VRR hasta 60 Hz, año modelo 2026, c...",https://www.amazon.es/dp/B0HDZ6LQL8,43.0,319.19,319.19,EUR,319.19,Amazon,ES,2026-08-29T11:06:28Z,B0HDZ6LQL8,,,,,
LG,"LG 55MRGB88B6A - Smart TV MRGB AI 55"" 4K Sin Reflejos 94%, 2026 | Mini RGB, Smart TV, WebOS 26, Procesador α8 AI Gen3, VRR...",https://www.amazon.es/dp/B0GWFF6GPF,55.0,799.0,799.0,EUR,799.0,Amazon,ES,2026-08-29T11:06:28Z,B0GWFF6GPF,,,,,
LG,"LG 43NU850B6LA - Smart TV Nano 4K UHD NU85 43 Pulgadas, Sin Reflejos al 94%, webOS 26 AI, Procesador Inteligente α7 AI Pro...",https://www.amazon.es/dp/B0H2DWJC5L,43.0,,,,,Amazon,ES,2026-08-29T11:06:28Z,B0H2DWJC5L,,,,,
LG,"LG 50NU850B6LA - Smart TV Nano 4K UHD NU80 50 Pulgadas, Sin Reflejos al 94%, webOS 26 AI, Procesador Inteligente α7 AI Pro...",https://www.amazon.es/dp/B0H19L9W71,50.0,338.02,338.02,EUR,338.02,Amazon,ES,2026-08-29T11:06:28Z,B0H19L9W71,,,,,
LG,"LG - Televisión 32 Pulgadas (81 cm) FHD, Smart TV webOS22, Procesador de Gran Potencia a5 Gen 5, Compatible con Formatos H...",https://www.amazon.es/dp/B09RQ4C4KX,32.0,199.99,199.99,EUR,199.99,Amazon,ES,2026-08-29T11:06:28Z,B09RQ4C4KX,,,,,
LG,"LG Televisor 32LQ630B6LA - Smart TV webOS22 32 Pulgadas (81 cm) HD, Procesador de Gran Potencia a5 Gen 5, Compatible con f...",https://www.amazon.es/dp/B09XXX78CS,32.0,,,,,Amazon,ES,2026-08-29T11:06:28Z,B09XXX78CS,,,,,
LG,"LG 75UA75006LA - TV 75"", UHD 4K, WebOS 25, Ultimate IA, HDR10 Pro, Super Upscaling, Dolby Digital Plus, Google Assistant, ...",https://www.amazon.es/dp/B0F2GHCHXJ,75.0,,,,,Amazon,ES,2026-08-29T11:06:28Z,B0F2GHCHXJ,,,,,
LG,"LG OLED65B65LA - Smart TV OLED AI 65"" 4K Sin Reflejos 98.3%, 2026 | OLED, Smart TV, WebOS 26, Procesador α8 AI Gen3, VRR 1...",https://www.amazon.es/dp/B0GYPYSKH1,65.0,1339.0,1339.0,EUR,1339.0,Amazon,ES,2026-08-29T11:06:28Z,B0GYPYSKH1,,,,,
LG,"LG 65NU850B6LA - Smart TV Nano 4K UHD NU85 65 Pulgadas, Sin Reflejos al 94%, webOS 26 AI Copilot, Procesador Inteligente α...",https://www.amazon.es/dp/B0H1JGZQVN,65.0,,,,,Amazon,ES,2026-08-29T11:06:28Z,B0H1JGZQVN,,,,,
LG,"LG 75QNED86B6B - Smart TV QNED EVO AI 75"" 4K Sin Reflejos 94%, 2026 | QNED EVO MiniLED, Smart TV, WebOS 26, Procesador α8 ...",https://www.amazon.es/dp/B0GTZQGQ62,75.0,1149.0,1149.0,EUR,1149.0,Amazon,ES,2026-08-29T11:06:28Z,B0GTZQGQ62,,,,,
LG,"LG 65QNED81B6A - Smart TV QNED EVO MiniLED 4K UHD 65 Pulgadas, Sin Reflejos al 94%, webOS 26 AI, Procesador Inteligente α7...",https://www.amazon.es/dp/B0H1JGNRK6,65.0,,,,,Amazon,ES,2026-08-29T11:06:28Z,B0H1JGNRK6,,,,,
LG,"LG OLED65C54LA - Smart TV OLED EVO AI 65"" 4K, 2025 | OLED EVO, Smart TV, Dolby Vision IQ, Dolby Atmos, webOS 25 con IA, Ga...",https://www.amazon.es/dp/B0FQP6YQJG,65.0,1636.29,1636.29,EUR,1636.29,Amazon,ES,2026-08-29T11:06:28Z,B0FQP6YQJG,,,,,
LG,"LG TV 55QNED70A6A (2025) 55"" QNED 4K UHD",https://www.amazon.es/dp/B0FV25V1Q7,55.0,460.12,460.12,EUR,460.12,Amazon,ES,2026-08-29T11:06:28Z,B0FV25V1Q7,,,,,
LG,"LG 75NU850B6LA - Smart TV Nano 4K UHD AI NU85 75 Pulgadas, Sin Reflejos al 94%, webOS 26 AI Gemini, Procesador Inteligente...",https://www.amazon.es/dp/B0H1JGZ393,75.0,649.0,649.0,EUR,649.0,Amazon,ES,2026-08-29T11:06:28Z,B0H1JGZ393,,,,,
LG,"LG 32LQ631C 32"" LED Full HD Smart TV WiFi",https://www.amazon.es/dp/B0B2RNWGYV,32.0,,,,,Amazon,ES,2026-08-29T11:06:28Z,B0B2RNWGYV,,,,,
LG,LG 75QNED81B6A - Smart TV QNED EVO MiniLED AI QNED81 75 Pulgadas 4K 2026,https://www.amazon.es/dp/B0H5D7WRBD,75.0,,,,,Amazon,ES,2026-08-29T11:06:28Z,B0H5D7WRBD,,,,,
LG,"LG NanoCell 50NANO81A6A Smart TV 50"" 4K UHD HDR webOS WiFi Bluetooth HDMI",https://www.amazon.es/dp/B0FY7KJBKZ,50.0,,,,,Amazon,ES,2026-08-29T11:06:28Z,B0FY7KJBKZ,,,,,
LG,"LG 85QNED72B6A - Smart TV QNED MiniLED AI 85"" 4K Sin Reflejos 94%, 2026 | QNED MiniLED, Smart TV, WebOS 26, Procesador α7 ...",https://www.amazon.es/dp/B0GTZRJMX9,85.0,1234.9,1234.9,EUR,1234.9,Amazon,ES,2026-08-29T11:06:28Z,B0GTZRJMX9,,,,,
LG,"LG 43UA75006LA - Smart TV UHD Ultimate AI – 43"" (109 cm) 4K UHD, HDR10 Pro, webOS 25, α7 Gen8, Dolby Digital Plus, VRR, HD...",https://www.amazon.es/dp/B0FS7M9C78,43.0,384.05,384.05,EUR,384.05,Amazon,ES,2026-08-29T11:06:28Z,B0FS7M9C78,,,,,
LG,"LG TV AI B6 (2026) 65"" OLED UHD 4K - OLED65B65LA",https://www.amazon.es/dp/B0H2DYMQ4N,65.0,,,,,Amazon,ES,2026-08-29T11:06:28Z,B0H2DYMQ4N,,,,,
LG,"LG Smart TV UHD Ultimate AI 50UA75006LA – 50"" (127 cm) 4K UHD, HDR10 Pro, webOS 25, α7 Gen8, Dolby Digital Plus, VRR, HDMI x3",https://www.amazon.es/dp/B0FQTVDWGK,50.0,,,,,Amazon,ES,2026-08-29T11:06:28Z,B0FQTVDWGK,,,,,
LG,"LG TV AI UA75 (2025) 55"" LED UHD 4K Negra - 55UA75006LA",https://www.amazon.es/dp/B0FK37QVSD,55.0,,,,,Amazon,ES,2026-08-29T11:06:28Z,B0FK37QVSD,,,,,
LG,"LG 75MRGB96B6B - Smart TV Micro RGB AI 75"" 4K Sin Reflejos 97.8%, 2026 | Micro RGB, Smart TV, WebOS 26, Procesador α11 AI ...",https://www.amazon.es/dp/B0GV1CR9S1,75.0,3139.0,3139.0,EUR,3139.0,Amazon,ES,2026-08-29T11:06:28Z,B0GV1CR9S1,,,,,
LG,"LG OLED55C44LA.AEU, 55"", OLED 4K, Serie C4, 3840x2160, Smart TV, WebOS24, Procesador a9, Dolby Vision, Dolby Atmos, TV Gam...",https://www.amazon.es/dp/B0D66YSRL9,55.0,1277.5,1277.5,EUR,1277.5,Amazon,ES,2026-08-29T11:06:28Z,B0D66YSRL9,,,,,
LG,"LG 50UR781C0LK TV 127 cm (50"") 4K Ultra HD Smart TV Wi-Fi Nero 300 cd/m?",https://www.amazon.es/dp/B0CNXHY4JB,50.0,,,,,Amazon,ES,2026-08-29T11:06:28Z,B0CNXHY4JB,,,,,
LG,LG 85QNED81B6A - Smart TV QNED EVO MiniLED AI QNED81 85 Pulgadas 4K 2026,https://www.amazon.es/dp/B0H5D24GG3,85.0,,,,,Amazon,ES,2026-08-29T11:06:28Z,B0H5D24GG3,,,,,
LG,"LG TV 43UR78006LK 43"" LED UltraHD 4K HDR10 Pro",https://www.amazon.es/dp/B0C4T3HR77,43.0,446.64,446.64,EUR,446.64,Amazon,ES,2026-08-29T11:06:28Z,B0C4T3HR77,,,,,
LG,"LG QNED 65QNED82A6B Smart TV 65"" UHD 4K 2023, HDR10, VRR, AI Sound Pro, Dolby Digital, webOS, Negro",https://www.amazon.es/dp/B0F226M1SY,65.0,,,,,Amazon,ES,2026-08-29T11:06:28Z,B0F226M1SY,,,,,
LG,LG LED UHD AI 65UA75006LA 65″ 4K Bluetooth HDR10 Smart TV Wi-Fi Gaming,https://www.amazon.es/dp/B0FQ2S1ZB3,65.0,,,,,Amazon,ES,2026-08-29T11:06:28Z,B0FQ2S1ZB3,,,,,
LG,"LG 85NU850B6LA - Smart TV Nano 4K UHD NU80 85 Pulgadas, Sin Reflejos al 94%, webOS 26 AI, Procesador Inteligente α7 AI Pro...",https://www.amazon.es/dp/B0H19FG4ZG,85.0,999.0,999.0,EUR,999.0,Amazon,ES,2026-08-29T11:06:28Z,B0H19FG4ZG,,,,,
LG,"LG 86UA75006LA - TV 86"", UHD 4K, WebOS 25, Ultimate IA, HDR10 Pro, Super Upscaling, Dolby Digital Plus, Google Assistant, ...",https://www.amazon.es/dp/B0F2GFJNVW,86.0,,,,,Amazon,ES,2026-08-29T11:06:28Z,B0F2GFJNVW,,,,,
LG,"LG TV UT80 75"" LED 4K UHD - 75UT80006LA",https://www.amazon.es/dp/B0F2G2H35M,75.0,827.59,827.59,EUR,827.59,Amazon,ES,2026-08-29T11:06:28Z,B0F2G2H35M,,,,,
LG,"LG OLED55G54LW - TV 55"", OLED EVO 4K, Smart TV AI G5, WebOS 25, Super Upscaling, Dolby Vision y Dolby Atmos, AMD FreeSync,...",https://www.amazon.es/dp/B0F3D88VP6,55.0,,,,,Amazon,ES,2026-08-29T11:06:28Z,B0F3D88VP6,,,,,
LG,"LG TV LED 50"" 50QNED86T6A 4k Ultra HD Smart TV HDR",https://www.amazon.es/dp/B0DLHS9R71,50.0,,,,,Amazon,ES,2026-08-29T11:06:28Z,B0DLHS9R71,,,,,
LG,"LG Televisor QNED 82 4K de 50'' (2025): tecnología QNED, Alpha 7 AI Gen8, WebOS 25, atenuación de precisión, control remot...",https://www.amazon.es/dp/B0FTFSXQ44,50.0,615.61,615.61,EUR,615.61,Amazon,ES,2026-08-29T11:06:28Z,B0FTFSXQ44,,,,,
LG,"LG OLED48G56LS – Televisor de 48 pulgadas, Smart TV, OLED, DVB-T2, Wi-Fi, HEVC/H.265, clase energética F",https://www.amazon.es/dp/B0FFH16KMX,48.0,1134.0,1134.0,EUR,1134.0,Amazon,ES,2026-08-29T11:06:28Z,B0FFH16KMX,,,,,
LG,"LG 86QNED82A6B TV 86 Pulgadas 218 cm 4K QNED AI TV procesador α7 Gen8 4K AI, webOS 25, 60 Hz 2025",https://www.amazon.es/dp/B0F2275Q5H,86.0,,,,,Amazon,ES,2026-08-29T11:06:28Z,B0F2275Q5H,,,,,
LG,"LG OLED83B59LA.AEUD evo TV, OLED-Fernseher 210 cm (83 Zoll), schwarz, UltraHD/4K, HDR, SmartTV, Panel de 120Hz (OLED83B59L...",https://www.amazon.es/dp/B0F38MPV9J,83.0,2780.61,2780.61,EUR,2780.61,Amazon,ES,2026-08-29T11:06:28Z,B0F38MPV9J,,,,,
LG,"LG OLED83G45LW, 83"", OLED EVO* 4K, Serie G4, Smart TV, WebOS24, Procesador a11, Dolby Vision, Dolby Atmos, webOS 24, 3840X...",https://www.amazon.es/dp/B0CY5M5PQH,83.0,,,,,Amazon,ES,2026-08-29T11:06:28Z,B0CY5M5PQH,,,,,
LG,"LG 75QNED84A6C - TV 75"", 4K QNED EVO, Smart TV, WebOS 25 | Procesador Potente e Inteligente, Super Upscaling, Dolby Dilgit...",https://www.amazon.es/dp/B0F2GFFHXP,75.0,,,,,Amazon,ES,2026-08-29T11:06:28Z,B0F2GFFHXP,,,,,
LG,"Smart TV LG 43QNED80T6A 4K Ultra HD 43"" QNED",https://www.amazon.es/dp/B0D6713PYH,43.0,,,,,Amazon,ES,2026-08-29T11:06:28Z,B0D6713PYH,,,,,
LG,"Smart TV LG 50UR78003LK.AEU 4K Ultra HD 50"" HDR HDR10",https://www.amazon.es/dp/B0CL3GRLGW,50.0,422.81,422.81,EUR,422.81,Amazon,ES,2026-08-29T11:06:28Z,B0CL3GRLGW,,,,,
LG,"LG 55UK6200PLA - TV (Ultra 4K HD, 55 Pulgadas, Inteligencia Artificial, Procesador Quad Core, 3xHDR, Sonido Ultra Surroun...",https://www.amazon.es/dp/B07GFH8T77,55.0,,,,,Amazon,ES,2026-08-29T11:06:28Z,B07GFH8T77,,,,,
LG,"Smart TV LG 86QNED86T6A 4K Ultra HD QNED 86"" - Marca: LG - EAN: 8806096003695",https://www.amazon.es/dp/B0CYPY4YG5,86.0,2451.49,2451.49,EUR,2451.49,Amazon,ES,2026-08-29T11:06:28Z,B0CYPY4YG5,,,,,
LG,"LG 86QNED80T6A 86"", 4K QNED, Smart TV, HDR10, WebOS24, Serie 80, Procesador Potente e Inteligente, Dolby Digital Plus, Ale...",https://www.amazon.es/dp/B0CYH86DTK,86.0,2235.99,2235.99,EUR,2235.99,Amazon,ES,2026-08-29T11:06:28Z,B0CYH86DTK,,,,,
LG,"LG 86QNED86A6A TV 86 pulgadas (218 cm) 4K QNED evo AI TV (procesador α8 Gen2 4K AI, webOS 25, 120Hz (VRR hasta 144Hz)) [añ...",https://www.amazon.es/dp/B0F226TJZ2,86.0,,,,,Amazon,ES,2026-08-29T11:06:28Z,B0F226TJZ2,,,,,
LG,"LG 75UR78006LK 75"" LED UltraHD 4K HDR10 Pro",https://www.amazon.es/dp/B0C2DGSQS6,75.0,,,,,Amazon,ES,2026-08-29T11:06:28Z,B0C2DGSQS6,,,,,
LG,"LG OLED48C44LA.AEU, 48"", OLED 4K, Serie C4, 3840x2160, Smart TV, WebOS24, Procesador a9, Dolby Vision, Dolby Atmos, TV Gam...",https://www.amazon.es/dp/B0D671PGJM,48.0,1046.65,1046.65,EUR,1046.65,Amazon,ES,2026-08-29T11:06:28Z,B0D671PGJM,,,,,
LG,"Cello C2425WSF Trav 24"" Smart/DVD Camping Travel TV Integrated DVD Player Frameless Triple Tuner Bluetooth WebOS by LG Ide...",https://www.amazon.es/dp/B0D31Y8CMD,24.0,219.99,219.99,EUR,219.99,Amazon,ES,2026-08-29T11:06:28Z,B0D31Y8CMD,,,,,
LG,"LG 88,9cm/35'' (3440x1440) 35WN75CP-B Curved 21:9 5ms 2xHDMI DP USB-C VESA Speaker UWQHD",https://www.amazon.es/dp/B0BLHH1W8X,35.0,,,,,Amazon,ES,2026-08-29T11:06:28Z,B0BLHH1W8X,,,,,
LG,"LG 55UR78006LK 55"" LED UltraHD 4K HDR10 Pro",https://www.amazon.es/dp/B0C2DGW39Y,55.0,,,,,Amazon,ES,2026-08-29T11:06:28Z,B0C2DGW39Y,,,,,
LG,LG OLED55B6ELC | Pantalla - 55 pulgadas - (3840 x 2160) - Colores realistas - Nvidia Gsync y AMD FreeSync - 4 puertos HDMI...,https://www.amazon.es/dp/B0GWFLCDHM,55.0,1099.0,1099.0,EUR,1099.0,Amazon,ES,2026-08-29T11:06:28Z,B0GWFLCDHM,,,,,
LG,LG OLED42C55LA 42 pulgadas OLED Smart TV DVB-T2 HEVC/H.265 Clase energética G,https://www.amazon.es/dp/B0FFH2LKJC,42.0,,,,,Amazon,ES,2026-08-29T11:06:28Z,B0FFH2LKJC,,,,,
LG,"LG OLED65G54LW - Televisor 65 Pulgadas Smart TV, 4K, DVB-T2, Wi-Fi, HEVC/H.265, Clase energética E",https://www.amazon.es/dp/B0F7HZ83P2,65.0,2896.0,2896.0,EUR,2896.0,Amazon,ES,2026-08-29T11:06:28Z,B0F7HZ83P2,,,,,
LG,"LG TV EVO AI C5 (2025) 55"" OLED UHD 4K – OLED55C56LB",https://www.amazon.es/dp/B0FP9ZF1C8,55.0,1090.89,1090.89,EUR,1090.89,Amazon,ES,2026-08-29T11:06:28Z,B0FP9ZF1C8,,,,,
LG,"LG 49UH7J-H UH7J-H Series - 123 cm (49"") Pro:Idiom integriert LCD-TV mit LED-Hintergrundbeleuchtung - 4K - für Digital",https://www.amazon.es/dp/B0BCPRM8LK,49.0,1815.7,1815.7,EUR,1815.7,Amazon,ES,2026-08-29T11:06:28Z,B0BCPRM8LK,,,,,
LG,LG 65UM662H0LC - Televisor LCD serie UM662H de 164 cm (65 pulgadas) con retroiluminación LED - Hotel/hostelería - Pro:Cent...,https://www.amazon.es/dp/B0CK75TKFF,65.0,,,,,Amazon,ES,2026-08-29T11:06:28Z,B0CK75TKFF,,,,,
LG,"LG TV EVO AI QNED85 (2025) 75"" MiniLED UHD 4K Negra – 75QNED85A6C",https://www.amazon.es/dp/B0F39C3NWV,75.0,,,,,Amazon,ES,2026-08-29T11:06:28Z,B0F39C3NWV,,,,,
LG,"Lg 55vh7J-H, 139,70cm (55"") Display, Videowall, 1920x1080 (full Hd), 700 Cd/m?, Videowall,, Landscape/portrait, 24/7, Haze...",https://www.amazon.es/dp/B09Y3ZMV61,55.0,2304.99,2304.99,EUR,2304.99,Amazon,ES,2026-08-29T11:06:28Z,B09Y3ZMV61,,,,,
LG,"LG 55"" 55VL5F Video Wall DIS",https://www.amazon.es/dp/B084629Z6B,55.0,2405.92,2405.92,EUR,2405.92,Amazon,ES,2026-08-29T11:06:28Z,B084629Z6B,,,,,
LG,"LG 65UR767H0ZC 65"" Ultra HD 4K Smart",https://www.amazon.es/dp/B0C5XPPN7H,65.0,,,,,Amazon,ES,2026-08-29T11:06:28Z,B0C5XPPN7H,,,,,
LG,TV LG 55 Inches OLED 65BX6LB,https://www.amazon.es/dp/B08HHMC9H6,55.0,3637.83,3637.83,EUR,3637.83,Amazon,ES,2026-08-29T11:06:28Z,B08HHMC9H6,,,,,
LG,"LG 55UH7J-H UH7J-H Series - 140 cm (55"") Pro:Idiom integriert LCD-Display mit LED-Hintergrundbeleuchtung - 4K - für Dig",https://www.amazon.es/dp/B0BCPSX18C,55.0,2288.78,2288.78,EUR,2288.78,Amazon,ES,2026-08-29T11:06:28Z,B0BCPSX18C,,,,,
LG,"LG 75UR80006LJ 75"", 4K UHD, Smart TV, HDR10, webOS23, Serie 80, Procesador Alta Potencia, Dolby Digital Plus, Alexa/Google...",https://www.amazon.es/dp/B0BWWKTDPY,75.0,,,,,Amazon,ES,2026-08-29T11:06:28Z,B0BWWKTDPY,,,,,
LG,"LG 55QNED80A6A - TV 55 pulgadas, 4K, Smart TV, DVB-T2, Wi-Fi, HEVC/H.265, Clase energética E",https://www.amazon.es/dp/B0FFH1PYHB,55.0,,,,,Amazon,ES,2026-08-29T11:06:28Z,B0FFH1PYHB,,,,,
LG,"LG Smart TV 65QNED70A6A 65 pulgadas, 4K, QNED, DVB-T2, HEVC/H.265, clase energética F",https://www.amazon.es/dp/B0FQPD1QWT,65.0,854.0,854.0,EUR,854.0,Amazon,ES,2026-08-29T11:06:28Z,B0FQPD1QWT,,,,,
LG,"LG Pantalla UHD, Multicolor, 49 Inch",https://www.amazon.es/dp/B086G5Y2J1,49.0,,,,,Amazon,ES,2026-08-29T11:06:28Z,B086G5Y2J1,,,,,
TCL,"TCL 50V6C 50 Pulgadas 4K HDR Direct LED Smart TV, Google TV, Dolby Audio | Game Master, Motion Clarity, Google Assistant, ...",https://www.amazon.es/dp/B0DV9JL61N,50.0,,,,,Amazon,ES,2026-08-29T11:06:28Z,B0DV9JL61N,,,,,
LG,"LG 43NANO81A6A 43 pulgadas 4K Smart TV DVB-T2, WLAN, HEVC/H.265, clase energética G",https://www.amazon.es/dp/B0FFH1FK6M,43.0,,,,,Amazon,ES,2026-08-29T11:06:28Z,B0FFH1FK6M,,,,,
LG,"LG OLED65C34LA 65"", 4K OLED, Smart TV, HDR10, webOS23, Procesador Alta Potencia, Dolby Vision, Dolby Atmos, Gaming, Alexa/...",https://www.amazon.es/dp/B0C2KYDG5K,65.0,1860.04,1860.04,EUR,1860.04,Amazon,ES,2026-08-29T11:06:28Z,B0C2KYDG5K,,,,,
LG,"LG 24BN650 - Panel de Pantalla FHD (24"", 1920 x 1080), Color Negro",https://www.amazon.es/dp/B09VHCYTK7,24.0,194.8,194.8,EUR,194.8,Amazon,ES,2026-08-29T11:06:28Z,B09VHCYTK7,,,,,
LG,LG 50UR81003LJ - 50 pulgadas (127 cm) - LED - 2023,https://www.amazon.es/dp/B0D54SLGVV,50.0,539.09,539.09,EUR,539.09,Amazon,ES,2026-08-29T11:06:28Z,B0D54SLGVV,,,,,
LG,LG 65QNED80A6A Smart TV 65 pulgadas 4K DVB-T2 HEVC Clase de eficiencia energética G,https://www.amazon.es/dp/B0FQP2D3X5,65.0,,,,,Amazon,ES,2026-08-29T11:06:28Z,B0FQP2D3X5,,,,,
LG,"LG 55UT80006LA 55"" LED UltraHD 4K HDR10",https://www.amazon.es/dp/B0D9YBJY83,55.0,,,,,Amazon,ES,2026-08-29T11:06:28Z,B0D9YBJY83,,,,,
LG,HCZION 8pcs / Set LED Strip Fit for LG 49 TV 49UF6400 49UF6407 49LF510V 49UF640V NC490DUE-SADP2 LGE-WICOP-49InCH-UHD-FHD-R...,https://www.amazon.es/dp/B0BJBT2FL1,49.0,38.03,38.03,EUR,38.03,Amazon,ES,2026-08-29T11:06:28Z,B0BJBT2FL1,,,,,
Hisense,"Hisense 50E7Q - QLED Smart TV 50 Pulgadas, Dolby Vision, Dolby Atmos, Modo Juego Plus, 60Hz VRR 120 fps, Modo Deportes, Mo...",https://www.amazon.es/dp/B0F1MQRCGF,50.0,,,,,Amazon,ES,2026-08-29T11:06:28Z,B0F1MQRCGF,,,,,
LG,"LG 27"""" 27QN600-B QHD,DP,HDMI bla",https://www.amazon.es/dp/B08BZT9SQF,27.0,419.88,419.88,EUR,419.88,Amazon,ES,2026-08-29T11:06:28Z,B08BZT9SQF,,,,,
TCL,"TCL 43V5C - Smart QLED Full HD de 43"" Direct LED TV con Android TV y HDR - Compatible con Google Cast y Google Home, diseñ...",https://www.amazon.es/dp/B0F3XM86GV,43.0,279.0,279.0,EUR,279.0,Amazon,ES,2026-08-29T11:06:28Z,B0F3XM86GV,,,,,
LG,"Cello C50WS Smart TV de 50 Pulgadas con WebOS de LG, 4K UHD LED, Triple sintonizador, S2, T2, FreeSat, Bluetooth, Disney+,...",https://www.amazon.es/dp/B0CKW6LW49,50.0,413.14,413.14,EUR,413.14,Amazon,ES,2026-08-29T11:06:28Z,B0CKW6LW49,,,,,
LG,"Yhytgbhk Placa Base Compatible con televisores LG de 32 y 37 Pulgadas (32LH23UR-CA, 32LH20R-CA y 37LH22UR-CA): LP91A EAX56...",https://www.amazon.es/dp/B0F6D7TL8M,37.0,102.63,102.63,EUR,102.63,Amazon,ES,2026-08-29T11:06:28Z,B0F6D7TL8M,,,,,
LG,Nuevo 10 PCS/set Tira de retroiluminación LED for LG TV de 42 pulgadas 42LN5400 42LN5300 42LN570S Innotek POLA2.0 42quot; ...,https://www.amazon.es/dp/B0BRCNP5Z8,42.0,27.43,27.43,EUR,27.43,Amazon,ES,2026-08-29T11:06:28Z,B0BRCNP5Z8,,,,,
LG,GTHAD [Accesorios de TV] 3 uds Tira LED 7 lámpara for LG Innotek 17Y 43 Pulgadas_ Tipo A 43LJ61_FHD_L 43UJ630V 43UJ634V-ZD...,https://www.amazon.es/dp/B0BRNR8PXZ,43.0,33.7,33.7,EUR,33.7,Amazon,ES,2026-08-29T11:06:28Z,B0BRNR8PXZ,,,,,
LG,LG 86UN640S 86' Display,https://www.amazon.es/dp/B0CKVQ8NCS,86.0,,,,,Amazon,ES,2026-08-29T11:06:28Z,B0CKVQ8NCS,,,,,
LG,"EAX65363904, Compatible con LG, Placa Base for televisores de 42'', 47'', 50'', 55LB6300, 42LB6300-UQ, 47LB6500, 47LB6500-...",https://www.amazon.es/dp/B0F4R1NFKL,42.0,109.19,109.19,EUR,109.19,Amazon,ES,2026-08-29T11:06:28Z,B0F4R1NFKL,,,,,
LG,"EAX65384004 EAX653840 03 EAX65384 005, Compatible con LG, Placa Base de TV de 42 Pulgadas, 47 Pulgadas, 55 Pulgadas, EBT62...",https://www.amazon.es/dp/B0DP14N5KT,42.0,84.83,84.83,EUR,84.83,Amazon,ES,2026-08-29T11:06:28Z,B0DP14N5KT,,,,,
LG,"Placa Base EAX66804605 (1.1), Compatible con televisores LG de 55 Pulgadas (55UH650V, 55UH668V, 55UH661V y LC550EGG).",https://www.amazon.es/dp/B0FFZHFZJC,55.0,296.12,296.12,EUR,296.12,Amazon,ES,2026-08-29T11:06:28Z,B0FFZHFZJC,,,,,
LG,"LG 86UR781C TV 190,5 cm (75"") 4K Ultra HD Smart TV Wi-Fi Nero",https://www.amazon.es/dp/B0CKPSZVJ4,75.0,,,,,Amazon,ES,2026-08-29T11:06:28Z,B0CKPSZVJ4,,,,,
LG,"LQIYLQNR Tarjeta De Alimentación For TV De 42/39 Pulgadas, Compatible con LG, 42LB550V, 42LB570V, 42LB580V, 42LB650V EAX65...",https://www.amazon.es/dp/B0F48QV9H3,39.0,47.48,47.48,EUR,47.48,Amazon,ES,2026-08-29T11:06:28Z,B0F48QV9H3,,,,,
LG,TUCANSBP Tira de retroiluminación LED for TV de 3 uds Compatible for LG 43UJ 43LJ594V 43LJ610V-ZA TA 43LJ595V-ZD L43inch U...,https://www.amazon.es/dp/B0D1MCXXXQ,43.0,26.96,26.96,EUR,26.96,Amazon,ES,2026-08-29T11:06:28Z,B0D1MCXXXQ,,,,,
LG,LG 32UL750P-W/32''3840x2160UHD,https://www.amazon.es/dp/B0BYWBZG5H,32.0,,,,,Amazon,ES,2026-08-29T11:06:28Z,B0BYWBZG5H,,,,,
LG,"TILEZE Tira de retroiluminación LED para LG 55 pulgadas, compatible con Innotek 17Y de 55 pulgadas, B-TYPE SSC_55UJ6300V, ...",https://www.amazon.es/dp/B0CSXSSF8Y,55.0,39.0,39.0,EUR,39.0,Amazon,ES,2026-08-29T11:06:28Z,B0CSXSSF8Y,,,,,
LG,NIBOTT Retroiluminación LED compatible for LG 47 pulgadas 47LA615S 47LA615V 47LA620S 47LA621S 47LA621V 47LA616V 47LN5707 4...,https://www.amazon.es/dp/B0CY97Y874,47.0,31.38,31.38,EUR,31.38,Amazon,ES,2026-08-29T11:06:28Z,B0CY97Y874,,,,,
LG,"Placa Base EAX64290501 Compatible con televisores LG de 42"" y 47"" (42CS570, 50LS4000, 47LK520-UA, 42LV5400, 42LV540U-ZC, 5...",https://www.amazon.es/dp/B0F4R1WQLT,42.0,121.0,121.0,EUR,121.0,Amazon,ES,2026-08-29T11:06:28Z,B0F4R1WQLT,,,,,
LG,"Placa Base EAX64290501 Compatible con televisores LG de 42"" y 47"" (42CS570, 50LS4000, 47LK520-UA, 42LV5400, 42LV540U-ZC, 5...",https://www.amazon.es/dp/B0F4QZ1M64,42.0,121.2,121.2,EUR,121.2,Amazon,ES,2026-08-29T11:06:28Z,B0F4QZ1M64,,,,,
LG,Tira LED 83cm 7 LED for LG 43UK6300PLB 43UJ634V 43LJ61_FHD_L LC43490059A LC43490058A Innotek 17Y 43inch_A LC43490074A,https://www.amazon.es/dp/B0C7TBY3NF,43.0,59.67,59.67,EUR,59.67,Amazon,ES,2026-08-29T11:06:28Z,B0C7TBY3NF,,,,,
TCL,"TCL 55Q7D Pro 55 Pulgadas SQD-Mini LED 4K HDR10+ Smart TV, 2.000 Nits | 480 Zonas de Atenuación, Dolby Vision IQ & Atmos, ...",https://www.amazon.es/dp/B0GXKS5GXL,55.0,607.53,607.53,EUR,607.53,Amazon,ES,2026-08-29T11:06:28Z,B0GXKS5GXL,,,,,
TCL,"TCL 50T69C 50 Pulgadas QLED 4K HDR10+ Smart TV, Google TV, Dolby Atmos | Game Master, Dolby Vision, Motion Clarity, Google...",https://www.amazon.es/dp/B0F8QDY84D,50.0,335.0,335.0,EUR,335.0,Amazon,ES,2026-08-29T11:06:28Z,B0F8QDY84D,,,,,
TCL,"TCL 55C7L 55 Pulgadas SQD-Mini LED 4K HDR10+ Smart TV, 2.700 Nits | 800 Zonas de Atenuación, Dolby Vision IQ & Atmos, Audi...",https://www.amazon.es/dp/B0GVSHW14M,55.0,739.0,739.0,EUR,739.0,Amazon,ES,2026-08-29T11:06:28Z,B0GVSHW14M,,,,,
TCL,"TCL 65T69C 65 Pulgadas QLED 4K HDR10+ Smart TV, Google TV, Dolby Atmos | Game Master, Dolby Vision, Motion Clarity, Google...",https://www.amazon.es/dp/B0F8QDCBCM,65.0,499.0,499.0,EUR,499.0,Amazon,ES,2026-08-29T11:06:28Z,B0F8QDCBCM,,,,,
TCL,"TCL 43T69C 43 Pulgadas QLED 4K HDR10+ Smart TV, Google TV, Dolby Atmos | Game Master, Dolby Vision, Motion Clarity, Google...",https://www.amazon.es/dp/B0F8QFTXW9,43.0,285.0,285.0,EUR,285.0,Amazon,ES,2026-08-29T11:06:28Z,B0F8QFTXW9,,,,,
TCL,"TCL 65C8L 65 Pulgadas SQD-Mini LED 4K HDR10+ Smart TV, 5.000 Nits | 2.040 Zonas de Atenuación, Dolby Vision IQ & Atmos, 14...",https://www.amazon.es/dp/B0GTZLF677,65.0,1309.0,1309.0,EUR,1309.0,Amazon,ES,2026-08-29T11:06:28Z,B0GTZLF677,,,,,
TCL,"TCL 55Q6C 55 Pulgadas QD-Mini LED 4K HDR10+ Smart TV, Google TV | Dolby Vision IQ & Atmos, 144Hz Motion Clarity Pro, Game ...",https://www.amazon.es/dp/B0DX185Q23,55.0,556.3,556.3,EUR,556.3,Amazon,ES,2026-08-29T11:06:28Z,B0DX185Q23,,,,,
TCL,TCL Televisor QLED 32S4K 32'- Full HD- Smart TV- WiFi,https://www.amazon.es/dp/B0FLPRW1P9,32.0,160.93,160.93,EUR,160.93,Amazon,ES,2026-08-29T11:06:28Z,B0FLPRW1P9,,,,,
TCL,"TCL 50Q6C 50 Pulgadas QD-Mini LED 4K HDR10+ Smart TV, Google TV | Dolby Vision IQ & Atmos, 144Hz Motion Clarity Pro, Game ...",https://www.amazon.es/dp/B0FD9VF12V,50.0,499.0,499.0,EUR,499.0,Amazon,ES,2026-08-29T11:06:28Z,B0FD9VF12V,,,,,
TCL,"TCL 65Q6C 65 Pulgadas QD-Mini LED 4K HDR10+ Smart TV, Google TV | Dolby Vision IQ & Atmos, 144Hz Motion Clarity Pro, Game ...",https://www.amazon.es/dp/B0DXQ27X44,65.0,729.0,729.0,EUR,729.0,Amazon,ES,2026-08-29T11:06:28Z,B0DXQ27X44,,,,,
TCL,"TCL 43T6C 43 Pulgadas QLED 4K HDR10+ Smart TV con Fire TV, Dolby Atmos | Game Master, VRR, Dolby Vision, Motion Clarity, P...",https://www.amazon.es/dp/B0DW98NN53,43.0,289.0,289.0,EUR,289.0,Amazon,ES,2026-08-29T11:06:28Z,B0DW98NN53,,,,,
TCL,"TCL 55T69C 55 Pulgadas QLED 4K HDR10+ Smart TV, Google TV, Dolby Atmos | Game Master, Dolby Vision, Motion Clarity, Google...",https://www.amazon.es/dp/B0F8QFPB14,55.0,359.0,359.0,EUR,359.0,Amazon,ES,2026-08-29T11:06:28Z,B0F8QFPB14,,,,,
TCL,"TCL 75C8L 75 Pulgadas SQD-Mini LED 4K HDR10+ Smart TV, 5.500 Nits | 2.584 Zonas de Atenuación, Dolby Vision IQ & Atmos, 14...",https://www.amazon.es/dp/B0GTZSYZLM,75.0,1999.0,1999.0,EUR,1999.0,Amazon,ES,2026-08-29T11:06:28Z,B0GTZSYZLM,,,,,
TCL,"TCL 55C8L 55 Pulgadas SQD-Mini LED 4K HDR10+ Smart TV, 3.000 Nits | 1.008 Zonas de Atenuación, Dolby Vision IQ & Atmos, 14...",https://www.amazon.es/dp/B0GTZS35X6,55.0,1019.15,1019.15,EUR,1019.15,Amazon,ES,2026-08-29T11:06:28Z,B0GTZS35X6,,,,,
TCL,"TCL 32SF560 Televisor 32 Pulgadas QLED Full HD, Smart TV con Fire TV, Control por Voz Alexa, HDR10, Dolby Audio, DTS Virtu...",https://www.amazon.es/dp/B0F9PVTQL2,32.0,,,,,Amazon,ES,2026-08-29T11:06:28Z,B0F9PVTQL2,,,,,
TCL,"TCL 55T6C 55 Pulgadas QLED 4K HDR10+ Smart TV con Fire TV, Dolby Atmos | Game Master, VRR, Dolby Vision, Motion Clarity, P...",https://www.amazon.es/dp/B0DW9698LP,55.0,389.0,389.0,EUR,389.0,Amazon,ES,2026-08-29T11:06:28Z,B0DW9698LP,,,,,
TCL,"TCL 75V6C 75 Pulgadas 4K HDR Direct LED Smart TV, Google TV, Dolby Audio | Game Master, Motion Clarity, Google Assistant, ...",https://www.amazon.es/dp/B0DV9L8KLJ,75.0,549.0,549.0,EUR,549.0,Amazon,ES,2026-08-29T11:06:28Z,B0DV9L8KLJ,,,,,
TCL,"TCL 55T8D 55 Pulgadas QD-Mini LED 4K HDR10+ Smart TV Gaming 144Hz VRR | FreeSync Premium, Game Master, Dolby Vision & Atmo...",https://www.amazon.es/dp/B0GR9JWH4T,55.0,549.0,549.0,EUR,549.0,Amazon,ES,2026-08-29T11:06:28Z,B0GR9JWH4T,,,,,
TCL,"TCL 75T6C 75 Pulgadas QLED 4K HDR10+ Smart TV con Fire TV, Dolby Atmos | Game Master, VRR, Dolby Vision, Motion Clarity, P...",https://www.amazon.es/dp/B0DW996637,75.0,709.0,709.0,EUR,709.0,Amazon,ES,2026-08-29T11:06:28Z,B0DW996637,,,,,
TCL,"TCL 32V5D - 32"" Full HD, QLED, HDR, Direct LED, Fire TV, Press & Ask Alexa, AirPlay 2, diseño metálico sin bisel",https://www.amazon.es/dp/B0GYSZDBNH,32.0,,,,,Amazon,ES,2026-08-29T11:06:28Z,B0GYSZDBNH,,,,,
TCL,"TCL 55PF650A Televisor 55 Pulgadas 4K UHD, Smart TV con Fire TV, Dolby Vision y Atmos, AirPlay 2, HDR10, DTS, Game Master,...",https://www.amazon.es/dp/B0FNRC5YWQ,55.0,369.0,369.0,EUR,369.0,Amazon,ES,2026-08-29T11:06:28Z,B0FNRC5YWQ,,,,,
TCL,"TCL 75V6D Televisor 75 Pulgadas 4K UHD Smart TV, Fire TV, Alexa Integrado, Dolby Vision & Atmos, Game Master, HDR10+, Cont...",https://www.amazon.es/dp/B0GQHHZD3H,75.0,699.0,699.0,EUR,699.0,Amazon,ES,2026-08-29T11:06:28Z,B0GQHHZD3H,,,,,
TCL,"TCL 50T6C 50 Pulgadas QLED 4K HDR10+ Smart TV con Fire TV, Dolby Atmos | Game Master, VRR, Dolby Vision, Motion Clarity, P...",https://www.amazon.es/dp/B0DW9792RH,50.0,349.0,349.0,EUR,349.0,Amazon,ES,2026-08-29T11:06:28Z,B0DW9792RH,,,,,
TCL,"TCL 75Q6C 75 Pulgadas QD-Mini LED 4K HDR10+ Smart TV, Google TV | Dolby Vision IQ & Atmos, 144Hz Motion Clarity Pro, Game ...",https://www.amazon.es/dp/B0DXQ48PD9,75.0,949.0,949.0,EUR,949.0,Amazon,ES,2026-08-29T11:06:28Z,B0DXQ48PD9,,,,,
TCL,"TCL 65T8D 65 Pulgadas QD-Mini LED 4K HDR10+ Smart TV Gaming 144Hz VRR | FreeSync Premium, Game Master, Dolby Vision & Atmo...",https://www.amazon.es/dp/B0GR9FLCYT,65.0,669.0,669.0,EUR,669.0,Amazon,ES,2026-08-29T11:06:28Z,B0GR9FLCYT,,,,,
TCL,"TCL 65PF650, 65"" 4K UHD Smart TV, Fire TV (Dolby Vision, Dolby Atmos, DTS, HDR 10, Alexa Integrado, Airplay2, Miracast)",https://www.amazon.es/dp/B0D8J994FH,65.0,439.0,439.0,EUR,439.0,Amazon,ES,2026-08-29T11:06:28Z,B0D8J994FH,,,,,
TCL,"TCL 55V6D Televisor 55 Pulgadas 4K UHD Smart TV, Fire TV, Alexa Integrado, Dolby Vision & Atmos, Game Master, HDR10+, Cont...",https://www.amazon.es/dp/B0GQHGGWHX,55.0,,,,,Amazon,ES,2026-08-29T11:06:28Z,B0GQHGGWHX,,,,,
TCL,"TCL 75Q7D Pro 75 Pulgadas SQD-Mini LED 4K HDR10+ Smart TV, 2.000 Nits | 760 Zonas de Atenuación, Dolby Vision IQ & Atmos, ...",https://www.amazon.es/dp/B0GXKRP7FM,75.0,1299.0,1299.0,EUR,1299.0,Amazon,ES,2026-08-29T11:06:28Z,B0GXKRP7FM,,,,,
TCL,"TCL 65T6C 65 Pulgadas QLED 4K HDR10+ Smart TV con Fire TV, Dolby Atmos | Game Master, VRR, Dolby Vision, Motion Clarity, P...",https://www.amazon.es/dp/B0DW96CFKL,65.0,519.0,519.0,EUR,519.0,Amazon,ES,2026-08-29T11:06:28Z,B0DW96CFKL,,,,,
TCL,"TCL 98T8D 98 Pulgadas QD-Mini LED 4K HDR10+ Smart TV Gaming 144Hz VRR | FreeSync Premium Pro, Game Master, Dolby Vision & ...",https://www.amazon.es/dp/B0GR9QCYJG,98.0,1799.0,1799.0,EUR,1799.0,Amazon,ES,2026-08-29T11:06:28Z,B0GR9QCYJG,,,,,
TCL,"TCL 85T69C 85 Pulgadas QLED 4K HDR10+ Smart TV, Google TV, Dolby Atmos | Game Master, Dolby Vision, Motion Clarity, Sonido...",https://www.amazon.es/dp/B0F8QB3MLJ,85.0,974.61,974.61,EUR,974.61,Amazon,ES,2026-08-29T11:06:28Z,B0F8QB3MLJ,,,,,
TCL,"TCL 65RM7L 65 Pulgadas RGB-Mini LED 4K HDR10+ Smart TV, 2.000 Nits | 1.344 Zonas de Color Preciso, Dolby Vision IQ & Atmo...",https://www.amazon.es/dp/B0H1135WTX,65.0,1035.0,1035.0,EUR,1035.0,Amazon,ES,2026-08-29T11:06:28Z,B0H1135WTX,,,,,
TCL,"TCL 75T8D 75 Pulgadas QD-Mini LED 4K HDR10+ Smart TV Gaming 144Hz VRR | FreeSync Premium, Game Master, Dolby Vision & Atmo...",https://www.amazon.es/dp/B0GR9GFMCD,75.0,899.0,899.0,EUR,899.0,Amazon,ES,2026-08-29T11:06:28Z,B0GR9GFMCD,,,,,
TCL,"TCL 85Q6C 85 Pulgadas QD-Mini LED 4K HDR10+ Smart TV, Google TV | Dolby Vision IQ & Atmos, 144Hz Motion Clarity Pro, Game ...",https://www.amazon.es/dp/B0DXQ5VTVK,85.0,1499.0,1499.0,EUR,1499.0,Amazon,ES,2026-08-29T11:06:28Z,B0DXQ5VTVK,,,,,
TCL,"TCL 65Q8C 65 Pulgadas QD-Mini LED 4K HDR10+ Smart TV, 4.500 Nits ZeroBorder | Dolby Vision IQ & Atmos, Panel CrystGlow WHV...",https://www.amazon.es/dp/B0F9WRKNS3,65.0,1299.0,1299.0,EUR,1299.0,Amazon,ES,2026-08-29T11:06:28Z,B0F9WRKNS3,,,,,
TCL,"TCL 32S5L – Televisor de 32 pulgadas Smart TV Full HD DVB-T2 H.264, H.265, color negro, clase energética F",https://www.amazon.es/dp/B0H2JF9P45,32.0,,,,,Amazon,ES,2026-08-29T11:06:28Z,B0H2JF9P45,,,,,
TCL,"TCL 55A400 55 Pulgadas QLED 4K HDR10+ Smart TV, Diseño Ultrafino | Panel HVA, Dolby Vision & Atmos, Sonido Onkyo 2.0, 144H...",https://www.amazon.es/dp/B0GYPLJRKC,55.0,649.0,649.0,EUR,649.0,Amazon,ES,2026-08-29T11:06:28Z,B0GYPLJRKC,,,,,
TCL,"TCL LED 55"" 55P6K UltraHD 4K Dolby Audio HDR10 Google TV",https://www.amazon.es/dp/B0F7RVDMKF,55.0,,,,,Amazon,ES,2026-08-29T11:06:28Z,B0F7RVDMKF,,,,,
TCL,"TCL MiniLED 55"" 55C6K UltraHD 4K Sonido Onkyo Google TV",https://www.amazon.es/dp/B0F8QKZ82T,55.0,539.28,539.28,EUR,539.28,Amazon,ES,2026-08-29T11:06:28Z,B0F8QKZ82T,,,,,
TCL,"TCL 75C7L 75 Pulgadas SQD-Mini LED 4K HDR10+ Smart TV, 3.000 Nits | 1.352 Zonas de Atenuación, Dolby Vision IQ & Atmos, Au...",https://www.amazon.es/dp/B0GVSSJFDT,75.0,1379.0,1379.0,EUR,1379.0,Amazon,ES,2026-08-29T11:06:28Z,B0GVSSJFDT,,,,,
TCL,"TCL 75A400 75 Pulgadas QLED 4K HDR10+ Smart TV, Diseño Ultrafino | Panel HVA, Dolby Vision & Atmos, Sonido Onkyo 2.0, 144H...",https://www.amazon.es/dp/B0GYPJP1KL,75.0,999.0,999.0,EUR,999.0,Amazon,ES,2026-08-29T11:06:28Z,B0GYPJP1KL,,,,,
TCL,"TCL 85T8D 85 Pulgadas QD-Mini LED 4K HDR10+ Smart TV Gaming 144Hz VRR | FreeSync Premium, Game Master, Dolby Vision & Atmo...",https://www.amazon.es/dp/B0GR982TPH,85.0,1299.0,1299.0,EUR,1299.0,Amazon,ES,2026-08-29T11:06:28Z,B0GR982TPH,,,,,
TCL,"TCL 65A400 65 Pulgadas QLED 4K HDR10+ Smart TV, Diseño Ultrafino | Panel HVA, Dolby Vision & Atmos, Sonido Onkyo 2.0, 144H...",https://www.amazon.es/dp/B0GYPDQ8Y3,65.0,779.0,779.0,EUR,779.0,Amazon,ES,2026-08-29T11:06:28Z,B0GYPDQ8Y3,,,,,
Xiaomi,"XIAOMI TV F Pro 43 Pulgadas (109 cm), 4K UHD Smart TV Fire OS8 HDR10 L43MB-FAVEU",https://www.amazon.es/dp/B0F454D76T,43.0,269.0,269.0,EUR,269.0,Amazon,ES,2026-08-29T11:06:28Z,B0F454D76T,,,,,
Hisense,"Hisense 55E7S - Hi-QLED Smart TV 55 Pulgadas, Hi-QLED Color, Dolby Vision.Atmos, Escalador IA 4K, Smooth Motion IA, Modo J...",https://www.amazon.es/dp/B0GNDHW3BM,55.0,339.15,339.15,EUR,339.15,Amazon,ES,2026-08-29T11:06:28Z,B0GNDHW3BM,,,,,
TCL,"TCL TV QLED 40S5K FHD GoogleTV HDR10 40""",https://www.amazon.es/dp/B0FQSW3PJL,40.0,,,,,Amazon,ES,2026-08-29T11:06:28Z,B0FQSW3PJL,,,,,
TCL,"TCL 75T69C 75 Pulgadas QLED 4K HDR10+ Smart TV, Google TV, Dolby Atmos | Game Master, Dolby Vision, Motion Clarity, Google...",https://www.amazon.es/dp/B0F8QB4KM3,75.0,712.0,712.0,EUR,712.0,Amazon,ES,2026-08-29T11:06:28Z,B0F8QB4KM3,,,,,
TCL,"TCL 98X11L 98 Pulgadas SQD-Mini LED 4K HDR10+ Smart TV, 10.000 Nits | 20.736 Zonas de Atenuación, Dolby Vision IQ & Atmos,...",https://www.amazon.es/dp/B0GV4GKQR9,98.0,9138.0,9138.0,EUR,9138.0,Amazon,ES,2026-08-29T11:06:28Z,B0GV4GKQR9,,,,,
TCL,"TCL 98Q6C 98 Pulgadas QD-Mini LED 4K HDR10+ Smart TV, Google TV | Dolby Vision IQ & Atmos, 144Hz Motion Clarity Pro, Game ...",https://www.amazon.es/dp/B0DXQ3G6CL,98.0,2199.0,2199.0,EUR,2199.0,Amazon,ES,2026-08-29T11:06:28Z,B0DXQ3G6CL,,,,,
TCL,"TCL 85X11L 85 Pulgadas SQD-Mini LED 4K HDR10+ Smart TV, 10.000 Nits | 14.400 Zonas de Atenuación, Dolby Vision IQ & Atmos,...",https://www.amazon.es/dp/B0GV4DDPZD,85.0,5299.0,5299.0,EUR,5299.0,Amazon,ES,2026-08-29T11:06:28Z,B0GV4DDPZD,,,,,
TCL,"TCL QLED 43"" 43P7K UltraHD 4K Dolby Atmos Google TV",https://www.amazon.es/dp/B0F8VZHXJM,43.0,,,,,Amazon,ES,2026-08-29T11:06:28Z,B0F8VZHXJM,,,,,
Xiaomi,"XIAOMI TV F 55, 55 Pulgadas (140 cm), 4K UHD, Smart TV, Fire OS8, Control por Voz Alexa, HDR10, MEMC,Modo Game Boost 120H...",https://www.amazon.es/dp/B0F457G5QG,55.0,324.9,324.9,EUR,324.9,Amazon,ES,2026-08-29T11:06:28Z,B0F457G5QG,,,,,
TCL,"TCL 75X11L 75 Pulgadas SQD-Mini LED 4K HDR10+ Smart TV, 9.000 Nits | 10.520 Zonas de Atenuación, Dolby Vision IQ & Atmos, ...",https://www.amazon.es/dp/B0GV3VXQB8,75.0,4399.0,4399.0,EUR,4399.0,Amazon,ES,2026-08-29T11:06:28Z,B0GV3VXQB8,,,,,
TCL,"TCL 75C6K Pro – Smart TV 75 pulgadas 4K DVB-T2 H.264, H.265 negro Clase energética E",https://www.amazon.es/dp/B0H2JJST31,75.0,,,,,Amazon,ES,2026-08-29T11:06:28Z,B0H2JJST31,,,,,
TCL,"TCL QLED 55"" 55P8K UltraHD 4K Sonido Onkyo Google TV",https://www.amazon.es/dp/B0F8HYKRKX,55.0,,,,,Amazon,ES,2026-08-29T11:06:28Z,B0F8HYKRKX,,,,,
TCL,"TCL MiniLED 65"" 65C6K UltraHD 4K Sonido Onkyo Google TV",https://www.amazon.es/dp/B0F9FNQPZP,65.0,,,,,Amazon,ES,2026-08-29T11:06:28Z,B0F9FNQPZP,,,,,
Toshiba,"Toshiba 40LV2563DG Smart TV de 40"", con Resolución Full HD (1920 x 1080), HDR, Compatible con Asistente de Voz Alexa y Google",https://www.amazon.es/dp/B0FJ769VT4,40.0,199.0,199.0,EUR,199.0,Amazon,ES,2026-08-29T11:06:28Z,B0FJ769VT4,,,,,
Hisense,"Hisense 32A4S - HD Smart TV 32 Pulgadas, Natural Colour Enhancer, Dolby Audio, Share to TV, Reducción de Ruido, Modo Jueg...",https://www.amazon.es/dp/B0GJFWX36Y,32.0,153.9,153.9,EUR,153.9,Amazon,ES,2026-08-29T11:06:28Z,B0GJFWX36Y,,,,,
TCL,"TCL 85A400 85 Pulgadas QLED 4K HDR10+ Smart TV, Diseño Ultrafino | Panel HVA, Dolby Vision & Atmos, Sonido Onkyo 2.0, 144H...",https://www.amazon.es/dp/B0GYPNX2S7,85.0,1499.0,1499.0,EUR,1499.0,Amazon,ES,2026-08-29T11:06:28Z,B0GYPNX2S7,,,,,
TCL,"TCL 85RM9L 85 Pulgadas RGB-Mini LED 4K HDR10+ Smart TV, 4.000 Nits | 8.736 Zonas de Color Preciso, Dolby Vision IQ & Atmo...",https://www.amazon.es/dp/B0GXZ91H3X,85.0,4810.09,4810.09,EUR,4810.09,Amazon,ES,2026-08-29T11:06:28Z,B0GXZ91H3X,,,,,
TCL,"TCL NXTVISION A300 PRO TV QLED PRO de 55 pulgadas, 4K UHD Art TV, Diseño de | Pantalla mate, barra de sonido de 230 W y su...",https://www.amazon.es/dp/B0F9WFRF4R,55.0,808.27,808.27,EUR,808.27,Amazon,ES,2026-08-29T11:06:28Z,B0F9WFRF4R,,,,,
TCL,"TCL TV MiniLED 75"" 75C7K 4K UHDGoogleTV Bang & Olufsen",https://www.amazon.es/dp/B0F5BP3VXC,75.0,,,,,Amazon,ES,2026-08-29T11:06:28Z,B0F5BP3VXC,,,,,
TCL,"TCL 98A400 98 Pulgadas QLED 4K HDR10+ Smart TV, Diseño Ultrafino | Panel HVA, Dolby Vision & Atmos, Sonido Onkyo 2.0, 144H...",https://www.amazon.es/dp/B0GYPFVH6M,98.0,2099.0,2099.0,EUR,2099.0,Amazon,ES,2026-08-29T11:06:28Z,B0GYPFVH6M,,,,,
TCL,"TCL 65Q7C 65"" QD-Mini LED, 4K HDR Premium 2600 S45HE Barra de Sonido",https://www.amazon.es/dp/B0FC5MD7JJ,65.0,1174.9,1174.9,EUR,1174.9,Amazon,ES,2026-08-29T11:06:28Z,B0FC5MD7JJ,,,,,
TCL,"TCL MiniLED 75"" 75C6K UltraHD 4K Sonido Onkyo Google TV",https://www.amazon.es/dp/B0F94DQTQH,75.0,,,,,Amazon,ES,2026-08-29T11:06:28Z,B0F94DQTQH,,,,,
TCL,TCL 75V6C 75” Direct LED Smart TV S45HE Barra de Sonido,https://www.amazon.es/dp/B0FC5T718F,75.0,624.9,624.9,EUR,624.9,Amazon,ES,2026-08-29T11:06:28Z,B0FC5T718F,,,,,
TCL,"TCL 55P61B 55"" LED UltraHD 4K HDR Google TV",https://www.amazon.es/dp/B0D26DFFNR,55.0,,,,,Amazon,ES,2026-08-29T11:06:28Z,B0D26DFFNR,,,,,
Hisense,"Hisense 65E7S - Hi-QLED Smart TV 65 Pulgadas, Hi-QLED Color, Dolby Vision.Atmos, Escalador IA 4K, Smooth Motion IA, Modo J...",https://www.amazon.es/dp/B0GNF76F8J,65.0,466.65,466.65,EUR,466.65,Amazon,ES,2026-08-29T11:06:28Z,B0GNF76F8J,,,,,
TCL,"TCL 50P631 TV 50"" 4K STVAnd 2xUSB 3XHDMI",https://www.amazon.es/dp/B0BWGZH9Y3,50.0,399.89,399.89,EUR,399.89,Amazon,ES,2026-08-29T11:06:28Z,B0BWGZH9Y3,,,,,
Hisense,"Hisense 55E8S - MiniLED Smart TV 55 Pulgadas, Hi-QLED MiniLED, Modo Juego 144 Hz Nativos, Subwoofer Integrado, Hi-View AI ...",https://www.amazon.es/dp/B0GQDXNH3L,55.0,549.0,549.0,EUR,549.0,Amazon,ES,2026-08-29T11:06:28Z,B0GQDXNH3L,,,,,
Hisense,"Hisense 85E7NQ - QLED Smart TV, 85 Pulgadas Televisor, Quantum Dot Colour, Dolby Vision, Dolby Atmos, Modo Juego Plus, 60H...",https://www.amazon.es/dp/B0CXTNZ9BP,85.0,1635.99,1635.99,EUR,1635.99,Amazon,ES,2026-08-29T11:06:28Z,B0CXTNZ9BP,,,,,
Sony,"Sony BRAVIA 5, Mini LED 98 Pulgadas, Procesador XR con IA, Acoustic Multi-Audio, Dolby Vision/Atmos, IMAX Enhanced, Google...",https://www.amazon.es/dp/B0F7R8NY37,98.0,3999.0,3999.0,EUR,3999.0,Amazon,ES,2026-08-29T11:06:28Z,B0F7R8NY37,,,,,
Hisense,"Hisense 85A6N - UHD 4K,VIDAA Smart TV, 85 Pulgadas, Dolby Vision, Modo Juego Plus, DTS Virtual X, Control por Voz televiso...",https://www.amazon.es/dp/B0D52RJ9YZ,85.0,1499.49,1499.49,EUR,1499.49,Amazon,ES,2026-08-29T11:06:28Z,B0D52RJ9YZ,,,,,
Hisense,"Hisense 55A7NQ - QLED Smart TV, 55 Pulgadas, con Quantum Dot Colour, 60Hz VRR 120 fps, Dolby Vision, Bluetooth&HDMI, Compa...",https://www.amazon.es/dp/B0D53B9SGR,55.0,442.69,442.69,EUR,442.69,Amazon,ES,2026-08-29T11:06:28Z,B0D53B9SGR,,,,,
Hisense,"Hisense 65UR8S - RGB MiniLED Smart TV 65 Pulgadas, Hi-View AI Engine RGB, Modo Juego 180 Hz Nativos, Anti-Reflection & Gla...",https://www.amazon.es/dp/B0GX9S46M2,65.0,1188.5,1188.5,EUR,1188.5,Amazon,ES,2026-08-29T11:06:28Z,B0GX9S46M2,,,,,
Hisense,"Hisense 50A7Q - QLED Smart TV 50 Pulgadas, Movimientos Suaves IA, Dolby Vision, Dolby Atmos, Subwoofer Integrado, Modo Jue...",https://www.amazon.es/dp/B0F2T2717X,50.0,,,,,Amazon,ES,2026-08-29T11:06:28Z,B0F2T2717X,,,,,
Xiaomi,"XIAOMI TV S Mini LED 55"" (140 cm), QLED Mini LED Televisión, 4K UHD, Smart TV con Google TV, HDR10+, Triple Tuner, DVB T2,...",https://www.amazon.es/dp/B0GJ3Y5H7W,55.0,511.0,511.0,EUR,511.0,Amazon,ES,2026-08-29T11:06:28Z,B0GJ3Y5H7W,,,,,
TCL,TUCANSBP Compatible for televisor LCD TCL de 32 Pulgadas 4C-LB3206-HR01J 4C-LB3206-HR08J Tot_32D2900 B32A739 L32F3301B 32H...,https://www.amazon.es/dp/B0D2TZX3H6,32.0,60.63,60.63,EUR,60.63,Amazon,ES,2026-08-29T11:06:28Z,B0D2TZX3H6,,,,,
Hisense,"Hisense LED 50"" 50A6Q UltraHD 4K Dolby Audio VIDAA",https://www.amazon.es/dp/B0F4D9YNHR,50.0,,,,,Amazon,ES,2026-08-29T11:06:28Z,B0F4D9YNHR,,,,,
TCL,NUuwai Tira de retroiluminación for TV LCD de 65 pulgadas LVU650NDEL LSC650FN04 TCL L65F6 65S4 65L680 65U5850C 65U800C 65U...,https://www.amazon.es/dp/B0CTHSVYQT,65.0,100.92,100.92,EUR,100.92,Amazon,ES,2026-08-29T11:06:28Z,B0CTHSVYQT,,,,,
Hisense,"Hisense 32A5NQ - QLED TV, 32 Pulgadas, Dolby Atmos, Modo Juego, Entrada Tipo C, Peana con Doble posición, función Comparti...",https://www.amazon.es/dp/B0CXTLDGZ9,32.0,,,,,Amazon,ES,2026-08-29T11:06:28Z,B0CXTLDGZ9,,,,,
TCL,TUCANSBP Compatible for televisor LCD TCL de 55 Pulgadas 55HR330M08A2 V2 4C-LB5507-HR02J TCL 55A660U/55V2 55D6 A 55A460 55...,https://www.amazon.es/dp/B0D2WWFPHK,55.0,24.9,24.9,EUR,24.9,Amazon,ES,2026-08-29T11:06:28Z,B0D2WWFPHK,,,,,
TCL,TUCANSBP Compatible for televisor LCD TCL de 55 Pulgadas 55HR330M08A2 V2 4C-LB5507-HR02J 4C-LB5508-HR02J 55DP603 55S423 55...,https://www.amazon.es/dp/B0D1R92HBC,55.0,24.82,24.82,EUR,24.82,Amazon,ES,2026-08-29T11:06:28Z,B0D1R92HBC,,,,,
Hisense,"Hisense TV 32A5KQ - QLED Quantum Dot Colour, Smart TV de 32 Pulgadas, DTS HD, Modo Juego, Entrada Tipo C, Peana con Doble ...",https://www.amazon.es/dp/B0BWJS9JXT,32.0,,,,,Amazon,ES,2026-08-29T11:06:28Z,B0BWJS9JXT,,,,,
TCL,"Placa lógica T-con ST6451D02-AC-2 342911008R Compatible con televisores TCL y Xiaomi de 65"" L65M5 L65M5-5ASP H65E17 65EP65...",https://www.amazon.es/dp/B0F4R18GJ4,65.0,25.61,25.61,EUR,25.61,Amazon,ES,2026-08-29T11:06:28Z,B0F4R18GJ4,,,,,
TCL,SIONNE For televisor LCD de 55 pulgadas 55HR330M08A2 V2 4C-LB5507-HR02J 4C-LB5508-HR02J TCL 55A660U/55V2 55D6 A 55A460 55S...,https://www.amazon.es/dp/B0D2MY4D4S,55.0,35.02,35.02,EUR,35.02,Amazon,ES,2026-08-29T11:06:28Z,B0D2MY4D4S,,,,,
TCL,KANGH Adecuado Compatible for TCL TV LCD de 32 Pulgadas 4C-LB3206-HR01J 4C-LB3206-HR08J 32HR330M06A5 V5 32HR330M06A8 Tot_3...,https://www.amazon.es/dp/B0D3T1X6D4,32.0,85.89,85.89,EUR,85.89,Amazon,ES,2026-08-29T11:06:28Z,B0D3T1X6D4,,,,,
TCL,TUCANSBP Compatible for televisor LCD de 32 Pulgadas TCL 4C-LB3207-HQ1 32HR330M07A2 32S3750 32D2700 L32F3301B L32F3303B L3...,https://www.amazon.es/dp/B0D2WVGH25,32.0,21.6,21.6,EUR,21.6,Amazon,ES,2026-08-29T11:06:28Z,B0D2WVGH25,,,,,
TCL,CObyda For televisor LCD de 40 pulgadas TCL-GIC-40D6-2X10-3030-10EA 4C LB4010 HR01J HR02J T-CL 40S6500S 40S6500 40S6500FS ...,https://www.amazon.es/dp/B0CRQ65TCH,40.0,33.85,33.85,EUR,33.85,Amazon,ES,2026-08-29T11:06:28Z,B0CRQ65TCH,,,,,
Hisense,"Hisense 55A7Q - QLED Smart TV 55 Pulgadas, Movimientos Suaves IA, Dolby Vision, Dolby Atmos, Subwoofer Integrado, Modo Jue...",https://www.amazon.es/dp/B0F2T1B4NL,55.0,426.0,426.0,EUR,426.0,Amazon,ES,2026-08-29T11:06:28Z,B0F2T1B4NL,,,,,
Hisense,"Hisense 55E7Q - QLED Smart TV 55 Pulgadas, Dolby Vision, Dolby Atmos, Modo Juego Plus, 60Hz VRR 120 fps, Modo Deportes, Mo...",https://www.amazon.es/dp/B0F1MPWV27,55.0,,,,,Amazon,ES,2026-08-29T11:06:28Z,B0F1MPWV27,,,,,
TCL,"Placa Base de alimentación for televisor de 55 Pulgadas, Accesorio for TV, Compatible con TCL 65V2/V6/F6/L2/T3/F8/P6 L55C2",https://www.amazon.es/dp/B0FBSW6PD6,55.0,44.98,44.98,EUR,44.98,Amazon,ES,2026-08-29T11:06:28Z,B0FBSW6PD6,,,,,
TCL,"TUCANSBP 2 unids/Lote Compatible for TV de 32 ""TCL L32F1B/L32P1A/L32P2 D32A810 B32A739 L32F3301B 32HB5426 32D100 L32S4900s...",https://www.amazon.es/dp/B0D2TZK46W,32.0,62.95,62.95,EUR,62.95,Amazon,ES,2026-08-29T11:06:28Z,B0D2TZK46W,,,,,
TCL,TUCANSBP Adecuado Compatible con TCL TV LCD de 32 Pulgadas 4C-LB3206-HR01J 4C-LB3206-HR08J 32HR330M06A5 V5 32HR330M06A8 To...,https://www.amazon.es/dp/B0D2KLNVYF,32.0,64.04,64.04,EUR,64.04,Amazon,ES,2026-08-29T11:06:28Z,B0D2KLNVYF,,,,,
TCL,TUCANSBP Compatible for televisor LCD de 42 Pulgadas Lexer 42T09007-05B TCL L42P11FBDE L42V6200DEG L42V6200DEG LE42H300 LE...,https://www.amazon.es/dp/B0D2XZ9VNT,42.0,26.97,26.97,EUR,26.97,Amazon,ES,2026-08-29T11:06:28Z,B0D2XZ9VNT,,,,,
TCL,TUCANSBP Tira de retroiluminación LED 50D2700 50HR330M05A0 V2 Compatible for TCL 50'' TV 50FS3800 50FA3213 Thomson 50FA321...,https://www.amazon.es/dp/B0D1QYVB2P,50.0,50.45,50.45,EUR,50.45,Amazon,ES,2026-08-29T11:06:28Z,B0D1QYVB2P,,,,,
TCL,"Compatible Con TCL, ST4251B05-2-C-1 Compatible Con Lógica, | Compatible con Tcon, placa de TV 1920*1080 43 pulgadas ST4251...",https://www.amazon.es/dp/B0HGXQYTJX,43.0,50.52,50.52,EUR,50.52,Amazon,ES,2026-08-29T11:06:28Z,B0HGXQYTJX,,,,,
TCL,"Placa Lógica TCON ST4251D013C3, Compatible Con TCL,L43M55S 43V2 43F6, Reemplazo De TV De 43 Pulgadas(Only board)",https://www.amazon.es/dp/B0GRT2RRK7,43.0,29.63,29.63,EUR,29.63,Amazon,ES,2026-08-29T11:06:28Z,B0GRT2RRK7,,,,,
TCL,"Placa De Alimentación 40-L302W4-PWD1CG/PWB1CG, Compatible Con TCL,75V2 75L8 75"" Pieza De Reparación De Repuesto De TV",https://www.amazon.es/dp/B0GRQHJM5H,75.0,59.07,59.07,EUR,59.07,Amazon,ES,2026-08-29T11:06:28Z,B0GRQHJM5H,,,,,
TCL,"LUNCHS Tira de retroiluminación LED de 15 piezas (5TV) Compatible for TCL 40"" TV 40HR330M08A7 V1 4C-LB4008-HR03J 40D2900 T...",https://www.amazon.es/dp/B0CSB9P3KX,40.0,63.98,63.98,EUR,63.98,Amazon,ES,2026-08-29T11:06:28Z,B0CSB9P3KX,,,,,
TCL,"Placa De Alimentación for TV De 75 Pulgadas, Compatible con TCL, 75V2 75L8 40-L302W4-PWD1CG/PWB1CG(2 backlights)",https://www.amazon.es/dp/B0H9RL9T5Z,75.0,63.06,63.06,EUR,63.06,Amazon,ES,2026-08-29T11:06:28Z,B0H9RL9T5Z,,,,,
TCL,"TUCANSBP Tira de retroiluminación LED de 15 Piezas (5TV) Compatible for TCL 40"" TV 40HR330M08A7 V1 4C-LB4008-HR03J 40D2900...",https://www.amazon.es/dp/B0D1P7N76X,40.0,65.96,65.96,EUR,65.96,Amazon,ES,2026-08-29T11:06:28Z,B0D1P7N76X,,,,,
TCL,"2K Para, Compatible Con TCL, ST4251B05-2-C-1, | Compatible con Logic, Tcon TV Board 1920*1080 43 pulgadas ST4251B05 2(Only...",https://www.amazon.es/dp/B0HGXW85GH,43.0,47.63,47.63,EUR,47.63,Amazon,ES,2026-08-29T11:06:28Z,B0HGXW85GH,,,,,
TCL,LUNCHS Tira de LED for iluminación Trasera de 32 Uds (4TV) Compatible for 50D2700 50HR330M05A0 TCL 50'' TV 50FS3800 50FA32...,https://www.amazon.es/dp/B0CS6WFHNN,50.0,80.38,80.38,EUR,80.38,Amazon,ES,2026-08-29T11:06:28Z,B0CS6WFHNN,,,,,
TCL,"ST6451D02-AC-2 T-CON, Compatible Con Lógica, Placa 342911008R | Compatible con TCL, 65"" L65M5-5ASP H65E17 65EP658 65S525 6...",https://www.amazon.es/dp/B0HGXND3K3,65.0,47.63,47.63,EUR,47.63,Amazon,ES,2026-08-29T11:06:28Z,B0HGXND3K3,,,,,
TCL,TUCANSBP Tira de LED for iluminación Trasera de 32 Uds (4TV) Compatible for 50D2700 50HR330M05A0 TCL 50'' TV 50FS3800 50FA...,https://www.amazon.es/dp/B0D1P69TLT,50.0,58.85,58.85,EUR,58.85,Amazon,ES,2026-08-29T11:06:28Z,B0D1P69TLT,,,,,
TCL,"ST6451D02-AC-2 T-CON, Compatible Con Lógica, Placa 342911008R | Compatible con TCL, 65"" L65M5 L65M5-5ASP H65E17 65EP658 65...",https://www.amazon.es/dp/B0HGXQ2ZN2,65.0,47.63,47.63,EUR,47.63,Amazon,ES,2026-08-29T11:06:28Z,B0HGXQ2ZN2,,,,,
TCL,Compatible Con Placa Base TCL L39/L42/L46/L48F3500A-3D L55F3390A 40-1MS801-MAF2HG(32 inches.),https://www.amazon.es/dp/B0FWSWTBZ2,32.0,53.56,53.56,EUR,53.56,Amazon,ES,2026-08-29T11:06:28Z,B0FWSWTBZ2,,,,,
TCL,AYAZER TIRA DE LUCES LED LB43101 V0_01 for 43'' TPT430H3 43PFS5531 43PFS5532 TCL L42F220B L42P60BD L42F3250B LVF420AUBK 43...,https://www.amazon.es/dp/B0CCSCNLFH,43.0,33.41,33.41,EUR,33.41,Amazon,ES,2026-08-29T11:06:28Z,B0CCSCNLFH,,,,,
TCL,"Compatible Con Placa De TV TCL, L55F3500A-3D L48F33 Logic Tcon SQ60PB-MB34C4LV0.1 De 43/46/48/55 Pulgadas(46 inch)",https://www.amazon.es/dp/B0FWSJFNHS,55.0,27.0,27.0,EUR,27.0,Amazon,ES,2026-08-29T11:06:28Z,B0FWSJFNHS,,,,,
TCL,"Patas de TV para TCL Roku, patas de repuesto para TCL 28 pulgadas, 32 pulgadas, 40 pulgadas, 43 pulgadas, 49 pulgadas, 50 ...",https://www.amazon.es/dp/B0CJ974HQ5,28.0,39.41,39.41,EUR,39.41,Amazon,ES,2026-08-29T11:06:28Z,B0CJ974HQ5,,,,,
TCL,BAVALU Tira de lámpara LED for Thomson T43D16SF-01B TCL 43''TV JL.D43081330-140FS-M 43L1600C 2600C 43L26CMC L43E9600,https://www.amazon.es/dp/B0BTBYNFG2,43.0,36.01,36.01,EUR,36.01,Amazon,ES,2026-08-29T11:06:28Z,B0BTBYNFG2,,,,,
TCL,TUCANSBP 1 Juego = 8 Uds 6leds 6v 380mm Compatible for TCL 39 Pulgadas LCD TV Tira de retroiluminación TCL(TMT) 39F3300-8...,https://www.amazon.es/dp/B0D2W8VBRZ,39.0,31.26,31.26,EUR,31.26,Amazon,ES,2026-08-29T11:06:28Z,B0D2W8VBRZ,,,,,
TCL,TUCANSBP 3 Piezas compatibles for TV LCD de 32 Pulgadas JL.D32061235-017IS-F RH43-D3202X-06A-JF TCL LE32D99 32LE12J YH19E3...,https://www.amazon.es/dp/B0D2WW6JFQ,32.0,23.39,23.39,EUR,23.39,Amazon,ES,2026-08-29T11:06:28Z,B0D2WW6JFQ,,,,,
TCL,"TUCANSBP 8 unids/Lote Compatible for TV de 49 ""49U67EBC 49U67EBC TCL 49A660U Thomson 49UC6406 9 LED 49D2900A 49HR330M05A0 ...",https://www.amazon.es/dp/B0D2VT6GMR,49.0,30.37,30.37,EUR,30.37,Amazon,ES,2026-08-29T11:06:28Z,B0D2VT6GMR,,,,,
TCL,"4 unids/Lote Compatible for TV de 50 ""Thomson 50UD6306 50UD6406 TCL 50S425 50P65US 50S421 50S423 LVU500NDL 4C-LB5007 ZM02J...",https://www.amazon.es/dp/B0D2SFDPM6,50.0,24.03,24.03,EUR,24.03,Amazon,ES,2026-08-29T11:06:28Z,B0D2SFDPM6,,,,,
Samsung,"Placa lógica for TV de 37 Pulgadas T370XW02 V5 06A69-1A 07A18-1A, Compatible con TCL, Samsung, Hisense y Otras Marcas. 06A...",https://www.amazon.es/dp/B0F4R14X5Y,37.0,32.03,32.03,EUR,32.03,Amazon,ES,2026-08-29T11:06:28Z,B0F4R14X5Y,,,,,
TCL,"TUCANSBP 8 unids/Lote 6LEDs 6V 380mm Compatible for TCL 39 ""LCD TV Tira de retroiluminación Compatible for TCL(TMT) 39F330...",https://www.amazon.es/dp/B0D3DRRP5R,39.0,29.08,29.08,EUR,29.08,Amazon,ES,2026-08-29T11:06:28Z,B0D3DRRP5R,,,,,
TCL,"TUCANSBP 2 unids/Lote Compatible for TV LCD de 32 ""PB08D554173BL051-002H JL.D32061330-004AS-M TCL LE32D99 LED-32B750 LE32B...",https://www.amazon.es/dp/B0D2V1SQVH,32.0,19.34,19.34,EUR,19.34,Amazon,ES,2026-08-29T11:06:28Z,B0D2V1SQVH,,,,,
TCL,"LILYY 32 ""TV TCL LED32D3000 32R3000 32S6400 GOLDSTAR LT-32T510R LCD L32M5-AZ TCL32D05-ZC22AG-11 LVW320CSDX 4C-LB320T-HDSA ...",https://www.amazon.es/dp/B0BCV83134,32.0,25.25,25.25,EUR,25.25,Amazon,ES,2026-08-29T11:06:28Z,B0BCV83134,,,,,
TCL,"32""TV TCL LED32D3000 32R3000 32S6400 GOLDSTAR LT-32T510R LCD L32M5-AZ TCL32D05-ZC22AG-11 LVW320CSDX 4C-LB320T-HDSA 6V Mpeg",https://www.amazon.es/dp/B0B6VP62QC,32.0,26.58,26.58,EUR,26.58,Amazon,ES,2026-08-29T11:06:28Z,B0B6VP62QC,,,,,
TCL,3pcs x 32 pulgadas TELEVISIÓN LED Tiras de luz de fondo Telefunken TF-LED32S35T2 4708-K320WD-A4213K01 K32WD por TCL LE32D8...,https://www.amazon.es/dp/B0B6TWNWWF,32.0,27.93,27.93,EUR,27.93,Amazon,ES,2026-08-29T11:06:28Z,B0B6TWNWWF,,,,,
TCL,"RobertDTesta DIRIGIÓ Lámpara de retroceso 5 lámpara for TCL 32S5300 32S6500 32S6400 MI 32 ""TV LCD L32M5-AZ TCL32D05-ZC22A...",https://www.amazon.es/dp/B0B6VNNT5Z,32.0,26.38,26.38,EUR,26.38,Amazon,ES,2026-08-29T11:06:28Z,B0B6VNNT5Z,,,,,
Hisense,"Hisense 50E7S - Hi-QLED Smart TV 50 Pulgadas, Hi-QLED Color, Dolby Vision.Atmos, Escalador IA 4K, Smooth Motion IA, Modo J...",https://www.amazon.es/dp/B0GNDPWJV8,50.0,332.35,332.35,EUR,332.35,Amazon,ES,2026-08-29T11:06:28Z,B0GNDPWJV8,,,,,
Hisense,"Hisense 50A6S - UHD 4K Smart TV 50 Pulgadas, Escalador IA 4K, Smooth Motion IA, Modo Juego Plus, Dolby Vision, Control por...",https://www.amazon.es/dp/B0GJFVQDWB,50.0,279.0,279.0,EUR,279.0,Amazon,ES,2026-08-29T11:06:28Z,B0GJFVQDWB,,,,,
Hisense,"Hisense 65E8S - MiniLED Smart TV 65 Pulgadas, Hi-QLED MiniLED, Modo Juego 144 Hz Nativos, Subwoofer Integrado, Hi-View AI ...",https://www.amazon.es/dp/B0GQF24H9M,65.0,699.0,699.0,EUR,699.0,Amazon,ES,2026-08-29T11:06:28Z,B0GQF24H9M,,,,,
Hisense,"Hisense 55A6S - UHD 4K Smart TV 55 Pulgadas, Escalador IA 4K, Smooth Motion IA, Modo Juego Plus, Dolby Vision, Control por...",https://www.amazon.es/dp/B0GJFF3XT7,55.0,329.0,329.0,EUR,329.0,Amazon,ES,2026-08-29T11:06:28Z,B0GJFF3XT7,,,,,
Hisense,"Hisense 50U7Q - MiniLED Smart TV 50 Pulgadas, Hi-QLED MiniLED, Modo Juego 144 Hz Nativos, Subwoofer Integrado, Hi-View AI ...",https://www.amazon.es/dp/B0F32KTJK8,50.0,449.0,449.0,EUR,449.0,Amazon,ES,2026-08-29T11:06:28Z,B0F32KTJK8,,,,,
Hisense,"Hisense 50E8S - MiniLED Smart TV 50 Pulgadas, Hi-QLED MiniLED, Modo Juego 144 Hz Nativos, Subwoofer Integrado, Hi-View AI ...",https://www.amazon.es/dp/B0GQDSSGNB,50.0,499.0,499.0,EUR,499.0,Amazon,ES,2026-08-29T11:06:28Z,B0GQDSSGNB,,,,,
Hisense,"Hisense 65A6S - UHD 4K Smart TV 65 Pulgadas, Escalador IA 4K, Smooth Motion IA, Modo Juego Plus, Dolby Vision, Control por...",https://www.amazon.es/dp/B0GJF87VQ6,65.0,419.0,419.0,EUR,419.0,Amazon,ES,2026-08-29T11:06:28Z,B0GJF87VQ6,,,,,
Hisense,"Hisense 55U7S Pro - MiniLED Pro Smart TV 55 Pulgadas, Hi-QLED MiniLED Pro, Modo Juego 165 Hz Nativos, Sonido Envolvente 2....",https://www.amazon.es/dp/B0GT2MQNKD,55.0,699.0,699.0,EUR,699.0,Amazon,ES,2026-08-29T11:06:28Z,B0GT2MQNKD,,,,,
Hisense,"Hisense 43A6S - UHD 4K Smart TV 43 Pulgadas, Escalador IA 4K, Smooth Motion IA, Modo Juego Plus, Dolby Vision, Control por...",https://www.amazon.es/dp/B0GJFM3F7P,43.0,277.99,277.99,EUR,277.99,Amazon,ES,2026-08-29T11:06:28Z,B0GJFM3F7P,,,,,
Hisense,"Hisense 55E7S Pro - Hi-QLED Smart TV 55 Pulgadas, Modo Juego 144 Hz Nativos, Hi-QLED Color, Dolby Vison.Atmos, Imágenes I...",https://www.amazon.es/dp/B0GR7DTKP8,55.0,469.0,469.0,EUR,469.0,Amazon,ES,2026-08-29T11:06:28Z,B0GR7DTKP8,,,,,
Hisense,"Hisense 65E7S Pro - Hi-QLED Smart TV 65 Pulgadas, Modo Juego 144 Hz Nativos, Hi-QLED Color, Dolby Vison.Atmos, Imágenes I...",https://www.amazon.es/dp/B0GR6XCQMY,65.0,599.0,599.0,EUR,599.0,Amazon,ES,2026-08-29T11:06:28Z,B0GR6XCQMY,,,,,
Hisense,"Hisense 55S7S - Hi-QLED Smart TV 55 Pulgadas, Hi-QLED Lifestyle TV, Modo Arte, Hi-Matte Display, Elige Marco, Diseño Ultra...",https://www.amazon.es/dp/B0H3112112,55.0,809.01,809.01,EUR,809.01,Amazon,ES,2026-08-29T11:06:28Z,B0H3112112,,,,,
Hisense,"Hisense 32A5Q - QLED Smart TV 32 Pulgadas, Dolby Atmos, Modo Juego, Entrada USB Tipo C, Peana con Doble posición, Control ...",https://www.amazon.es/dp/B0F2MZRGGH,32.0,209.32,209.32,EUR,209.32,Amazon,ES,2026-08-29T11:06:28Z,B0F2MZRGGH,,,,,
Hisense,"Hisense 100E7Q Pro - QLED Smart TV 100 Pulgadas, Gaming TV, Modo Juego Pro 144Hz, AMD Freesync Premium Pro, Dolby Vision I...",https://www.amazon.es/dp/B0F1N92VWF,100.0,1599.0,1599.0,EUR,1599.0,Amazon,ES,2026-08-29T11:06:28Z,B0F1N92VWF,,,,,
Hisense,"Hisense 32S5Q - Hi-QLED Smart TV 32 Pulgadas, Lifestyle TV, Diseño Artístico, Gallery Color, Dolby Atmos, Diseño Versátil,...",https://www.amazon.es/dp/B0FSLMYL4W,32.0,235.7,235.7,EUR,235.7,Amazon,ES,2026-08-29T11:06:28Z,B0FSLMYL4W,,,,,
Hisense,"Hisense 85E7S - Hi-QLED Smart TV 85 Pulgadas, Hi-QLED Color, Dolby Vision.Atmos, Escalador IA 4K, Smooth Motion IA, Modo J...",https://www.amazon.es/dp/B0GNCGYDGJ,85.0,899.0,899.0,EUR,899.0,Amazon,ES,2026-08-29T11:06:28Z,B0GNCGYDGJ,,,,,
Hisense,"Hisense 65E7Q - QLED Smart TV 65 Pulgadas, Dolby Vision, Dolby Atmos, Modo Juego Plus, 60Hz VRR 120 fps, Modo Deportes, Mo...",https://www.amazon.es/dp/B0F1MRPC4B,65.0,,,,,Amazon,ES,2026-08-29T11:06:28Z,B0F1MRPC4B,,,,,
Hisense,"Hisense 40A4Q - FullHD Smart TV 40 Pulgadas, Modo Juego, Deportes IA, Sonido Dolby DTS HD, Alto Contraste, Función Compart...",https://www.amazon.es/dp/B0F1MJ7VB2,40.0,,,,,Amazon,ES,2026-08-29T11:06:28Z,B0F1MJ7VB2,,,,,
Hisense,"Hisense 55UR8S - RGB MiniLED Smart TV 55 Pulgadas, Hi-View AI Engine RGB, Modo Juego 180 Hz Nativos, Anti-Reflection & Gla...",https://www.amazon.es/dp/B0GX9JNFGJ,55.0,934.15,934.15,EUR,934.15,Amazon,ES,2026-08-29T11:06:28Z,B0GX9JNFGJ,,,,,
Hisense,"Hisense 65U7S Pro - MiniLED Pro Smart TV 65 Pulgadas, Hi-QLED MiniLED Pro, Modo Juego 165 Hz Nativos, Sonido Envolvente 2....",https://www.amazon.es/dp/B0GT2HY84T,65.0,891.65,891.65,EUR,891.65,Amazon,ES,2026-08-29T11:06:28Z,B0GT2HY84T,,,,,
Hisense,"Hisense 55U8Q - Mini LED Pro Smart TV 55 Pulgadas, Procesador Hi-View IA Pro, 4.1.2 Sonido multicanal, Modo Juego Ultra 16...",https://www.amazon.es/dp/B0F1WHZW4G,55.0,849.0,849.0,EUR,849.0,Amazon,ES,2026-08-29T11:06:28Z,B0F1WHZW4G,,,,,
Hisense,"Hisense 40A4N - Smart TV HD 40 Pulgadas, TV con Modo Juego, Deportes IA, Dolby DTS HD, VIDAA U6, función Compartir en el t...",https://www.amazon.es/dp/B0CZX3GM3F,40.0,252.0,252.0,EUR,252.0,Amazon,ES,2026-08-29T11:06:28Z,B0CZX3GM3F,,,,,
Hisense,"Hisense 50E7S Pro - Hi-QLED Smart TV 50 Pulgadas, Modo Juego 144 Hz Nativos, Hi-QLED Color, Dolby Vison.Atmos, Imágenes I...",https://www.amazon.es/dp/B0GR77T4BZ,50.0,476.0,476.0,EUR,476.0,Amazon,ES,2026-08-29T11:06:28Z,B0GR77T4BZ,,,,,
Xiaomi,"XIAOMI TV F Pro 65, 65 Pulgadas (165 cm), 4K UHD QLED, Smart TV, Fire OS8, Control por Voz Alexa, HDR10+, Modo Game Boost ...",https://www.amazon.es/dp/B0F454CH49,65.0,449.0,449.0,EUR,449.0,Amazon,ES,2026-08-29T11:06:28Z,B0F454CH49,,,,,
Hisense,"Hisense 75U7S Pro - MiniLED Pro Smart TV 75 Pulgadas, Hi-QLED MiniLED Pro, Modo Juego 165 Hz Nativos, Sonido Envolvente 2....",https://www.amazon.es/dp/B0GT2VFCQ9,75.0,1299.0,1299.0,EUR,1299.0,Amazon,ES,2026-08-29T11:06:28Z,B0GT2VFCQ9,,,,,
Hisense,"Hisense 75E7S - Hi-QLED Smart TV 75 Pulgadas, Hi-QLED Color, Dolby Vision.Atmos, Escalador IA 4K, Smooth Motion IA, Modo J...",https://www.amazon.es/dp/B0GNDJ3WZT,75.0,742.92,742.92,EUR,742.92,Amazon,ES,2026-08-29T11:06:28Z,B0GNDJ3WZT,,,,,
Hisense,"Hisense 85E7S Pro - Hi-QLED Smart TV 85 Pulgadas, Modo Juego 144 Hz Nativos, Hi-QLED Color, Dolby Vison.Atmos, Imágenes I...",https://www.amazon.es/dp/B0GR6KRXBJ,85.0,1099.0,1099.0,EUR,1099.0,Amazon,ES,2026-08-29T11:06:28Z,B0GR6KRXBJ,,,,,
Hisense,"Hisense 65U7SE - MiniLED Smart TV 65 Pulgadas, Hi-QLED MiniLED, Modo Juego 144 Hz Nativos, Subwoofer Integrado, Hi-View AI...",https://www.amazon.es/dp/B0GKPTBTNP,65.0,718.9,718.9,EUR,718.9,Amazon,ES,2026-08-29T11:06:28Z,B0GKPTBTNP,,,,,
Hisense,"Hisense 75E7S Pro - Hi-QLED Smart TV 75 Pulgadas, Modo Juego 144 Hz Nativos, Hi-QLED Color, Dolby Vison.Atmos, Imágenes I...",https://www.amazon.es/dp/B0GR6SXXNM,75.0,849.0,849.0,EUR,849.0,Amazon,ES,2026-08-29T11:06:28Z,B0GR6SXXNM,,,,,
Hisense,"Hisense 85E8S - MiniLED Smart TV 85 Pulgadas, Hi-QLED MiniLED, Modo Juego 144 Hz Nativos, Subwoofer Integrado, Hi-View AI ...",https://www.amazon.es/dp/B0GQDDL8D7,85.0,1289.0,1289.0,EUR,1289.0,Amazon,ES,2026-08-29T11:06:28Z,B0GQDDL8D7,,,,,
Hisense,"Hisense Smart TV QLED 43"" 4K 43E7S PRO",https://www.amazon.es/dp/B0GR5RW1P2,43.0,,,,,Amazon,ES,2026-08-29T11:06:28Z,B0GR5RW1P2,,,,,
Hisense,"Hisense 75U7SE - MiniLED Smart TV 75 Pulgadas, Hi-QLED MiniLED, Modo Juego 144 Hz Nativos, Subwoofer Integrado, Hi-View AI...",https://www.amazon.es/dp/B0GKPMTBMC,75.0,999.0,999.0,EUR,999.0,Amazon,ES,2026-08-29T11:06:28Z,B0GKPMTBMC,,,,,
Hisense,"Hisense TV 55U7KQ - Mini-LED Smart TV de 55 Pulgadas Televisor, Quantum Dot Colour, Modo Juego de 144Hz, Full Array Local ...",https://www.amazon.es/dp/B0C5Y6Q64H,55.0,,,,,Amazon,ES,2026-08-29T11:06:28Z,B0C5Y6Q64H,,,,,
Hisense,"Hisense 55U7SE - MiniLED Smart TV 55 Pulgadas, Hi-QLED MiniLED, Modo Juego 144 Hz Nativos, Subwoofer Integrado, Hi-View AI...",https://www.amazon.es/dp/B0GKPVQ86Z,55.0,588.9,588.9,EUR,588.9,Amazon,ES,2026-08-29T11:06:28Z,B0GKPVQ86Z,,,,,
Hisense,"Hisense 40A5NQ - QLED TV, 40 Pulgadas, Dolby Atmos, Modo Juego, Entrada Tipo C, Peana con Doble posición, función Comparti...",https://www.amazon.es/dp/B0CXTFTHCR,40.0,299.9,299.9,EUR,299.9,Amazon,ES,2026-08-29T11:06:28Z,B0CXTFTHCR,,,,,
Hisense,"Hisense 85A6Q - UHD 4K Smart TV 85 Pulgadas, Dolby Vision, Escalador IA 4K, Modo Juego Plus, Modo Deportes IA, DTS Virtual...",https://www.amazon.es/dp/B0F32QWD5H,85.0,950.89,950.89,EUR,950.89,Amazon,ES,2026-08-29T11:06:28Z,B0F32QWD5H,,,,,
Hisense,"Hisense 85E7Q - QLED Smart TV 85 Pulgadas, Dolby Vision, Dolby Atmos, Modo Juego Plus, 60Hz VRR 120 fps, Modo Deportes, Mo...",https://www.amazon.es/dp/B0F1MR1FQ3,85.0,1479.0,1479.0,EUR,1479.0,Amazon,ES,2026-08-29T11:06:28Z,B0F1MR1FQ3,,,,,
Hisense,"Hisense 98E7Q - QLED Smart TV 98 Pulgadas, Modo Juego Pro 144Hz, Subwoofer Integrado, Dolby Vision, Dolby Atmos, Modo Depo...",https://www.amazon.es/dp/B0FQ68967J,98.0,1499.0,1499.0,EUR,1499.0,Amazon,ES,2026-08-29T11:06:28Z,B0FQ68967J,,,,,
Hisense,"Hisense 55E7NQ - QLED Smart TV, 55 Pulgadas Televisor, Quantum Dot Colour, Dolby Vision, Dolby Atmos, Modo Juego Plus, 60H...",https://www.amazon.es/dp/B0CXTKWMZK,55.0,,,,,Amazon,ES,2026-08-29T11:06:28Z,B0CXTKWMZK,,,,,
Hisense,"Hisense 43E7Q - QLED Smart TV 43 Pulgadas, Dolby Vision, Dolby Atmos, Modo Juego Plus, 60Hz VRR 120 fps, Modo Deportes, Mo...",https://www.amazon.es/dp/B0F1MSX2W7,43.0,,,,,Amazon,ES,2026-08-29T11:06:28Z,B0F1MSX2W7,,,,,
Hisense,"Hisense 55U7Q Pro - Mini LED Pro Smart TV 55 Pulgadas, Procesador Hi-View IA Pro, Modo Juego Ultra de 165Hz, Full Array Lo...",https://www.amazon.es/dp/B0F24CNGSS,55.0,535.75,535.75,EUR,535.75,Amazon,ES,2026-08-29T11:06:28Z,B0F24CNGSS,,,,,
Hisense,"Hisense 85UR8S - RGB MiniLED Smart TV 85 Pulgadas, Hi-View AI Engine RGB, Modo Juego 180 Hz Nativos, Anti-Reflection & Gla...",https://www.amazon.es/dp/B0GX9BK2NH,85.0,2199.0,2199.0,EUR,2199.0,Amazon,ES,2026-08-29T11:06:28Z,B0GX9BK2NH,,,,,
Hisense,"Hisense 75E8S - MiniLED Smart TV 75 Pulgadas, Hi-QLED MiniLED, Modo Juego 144 Hz Nativos, Subwoofer Integrado, Hi-View AI ...",https://www.amazon.es/dp/B0GQCXP6VM,75.0,979.0,979.0,EUR,979.0,Amazon,ES,2026-08-29T11:06:28Z,B0GQCXP6VM,,,,,
Hisense,"Hisense 85U7SE - MiniLED Smart TV 85 Pulgadas, Hi-QLED MiniLED, Modo Juego 144 Hz Nativos, Subwoofer Integrado, Hi-View AI...",https://www.amazon.es/dp/B0GKPZ6MQ6,85.0,1329.0,1329.0,EUR,1329.0,Amazon,ES,2026-08-29T11:06:28Z,B0GKPZ6MQ6,,,,,
Hisense,"Hisense 100U7SE - MiniLED Smart TV 100 Pulgadas, Hi-QLED MiniLED Modo Juego 165 Hz Nativos, Subwoofer Integrado, Hi-View A...",https://www.amazon.es/dp/B0GR6P7MGV,100.0,2253.66,2253.66,EUR,2253.66,Amazon,ES,2026-08-29T11:06:28Z,B0GR6P7MGV,,,,,
Hisense,Hisense 50Q7S – TV de 50 pulgadas Smart TV 4K QLED DVB-T2 Wifi HEVC/H.265 negro Clase energética E,https://www.amazon.es/dp/B0H83625QD,50.0,352.0,352.0,EUR,352.0,Amazon,ES,2026-08-29T11:06:28Z,B0H83625QD,,,,,
Hisense,"Hisense 65A85N - OLED Smart TV, 65 Pulgadas 120Hz, Dolby Vision IQ, HDR10+, IMAX Enhanced, Hybrid Log-Gamma (HLG), Vidaa O...",https://www.amazon.es/dp/B0D7CX78ZD,65.0,1999.0,1999.0,EUR,1999.0,Amazon,ES,2026-08-29T11:06:28Z,B0D7CX78ZD,,,,,
Hisense,"Hisense 85U7S Pro - MiniLED Pro Smart TV 85 Pulgadas, Hi-QLED MiniLED Pro, Modo Juego 165 Hz Nativos, Sonido Envolvente 2....",https://www.amazon.es/dp/B0GT2RHKJX,85.0,1699.0,1699.0,EUR,1699.0,Amazon,ES,2026-08-29T11:06:28Z,B0GT2RHKJX,,,,,
Hisense,"Hisense LED 55"" 55A6Q UltraHD 4K Dolby Audio VIDAA",https://www.amazon.es/dp/B0F4D9MLMQ,55.0,,,,,Amazon,ES,2026-08-29T11:06:28Z,B0F4D9MLMQ,,,,,
Hisense,"Hisense TV 85UXKQ - Mini-LED Smart TV de 85 Pulgadas Televisor, Quantum Dot Colour, 1500 Zonas de Control, 4.1.2 Sonido mu...",https://www.amazon.es/dp/B0C5Y3N9M9,85.0,4999.0,4999.0,EUR,4999.0,Amazon,ES,2026-08-29T11:06:28Z,B0C5Y3N9M9,,,,,
Hisense,"Hisense 75E7Q - QLED Smart TV 75 Pulgadas, Dolby Vision, Dolby Atmos, Modo Juego Plus, 60Hz VRR 120 fps, Modo Deportes, Mo...",https://www.amazon.es/dp/B0F1MNRHYV,75.0,,,,,Amazon,ES,2026-08-29T11:06:28Z,B0F1MNRHYV,,,,,
Hisense,"Hisense 75UR8S - RGB MiniLED Smart TV 75 Pulgadas, Hi-View AI Engine RGB, Modo Juego 180 Hz Nativos, Anti-Reflection & Gla...",https://www.amazon.es/dp/B0GX9P1JKM,75.0,1699.0,1699.0,EUR,1699.0,Amazon,ES,2026-08-29T11:06:28Z,B0GX9P1JKM,,,,,
Hisense,"Hisense 100UR8S - RGB MiniLED Smart TV 100 Pulgadas, Hi-View AI Engine RGB, Modo Juego 180 Hz Nativos, Anti-Reflection & G...",https://www.amazon.es/dp/B0GX9LY7QD,100.0,3999.0,3999.0,EUR,3999.0,Amazon,ES,2026-08-29T11:06:28Z,B0GX9LY7QD,,,,,
Hisense,"Hisense 75U8Q - Mini LED Pro Smart TV 75 Pulgadas, Procesador Hi-View IA Pro, 4.1.2 Sonido multicanal, Modo Juego Ultra 16...",https://www.amazon.es/dp/B0F1W3TRZT,75.0,1619.49,1619.49,EUR,1619.49,Amazon,ES,2026-08-29T11:06:28Z,B0F1W3TRZT,,,,,
Hisense,"Hisense - Televisión de 75 pulgadas, 4K Ultra HD, 75A6N, Smart TV, VIDAA U7, Dolby Vision, HDR 10+, DTS Virtual:X, modo de...",https://www.amazon.es/dp/B0D6BBMGHG,75.0,,,,,Amazon,ES,2026-08-29T11:06:28Z,B0D6BBMGHG,,,,,
Hisense,"Hisense 65S7S - Hi-QLED Smart TV 65 Pulgadas, Hi-QLED Lifestyle TV, Modo Arte, Hi-Matte Display, Elige Marco, Diseño Ultra...",https://www.amazon.es/dp/B0GNF3KJGW,65.0,,,,,Amazon,ES,2026-08-29T11:06:28Z,B0GNF3KJGW,,,,,
Hisense,"Hisense Smart TV RGB MiniLED 65"" 4K 65UR9S",https://www.amazon.es/dp/B0GR6VCJL6,65.0,1624.3,1624.3,EUR,1624.3,Amazon,ES,2026-08-29T11:06:28Z,B0GR6VCJL6,,,,,
Hisense,"Hisense 43S5Q - Hi-QLED Smart TV 43 Pulgadas, Lifestyle TV, Diseño Artístico, Hi-QLED Color, Dolby Vision.Atmos, Diseño Ve...",https://www.amazon.es/dp/B0GM1RDY9Z,43.0,,,,,Amazon,ES,2026-08-29T11:06:28Z,B0GM1RDY9Z,,,,,
Hisense,"Hisense TV 50E77Q 50"" QLED Smart TV Dolby Vision",https://www.amazon.es/dp/B0FSSF88P6,50.0,351.99,351.99,EUR,351.99,Amazon,ES,2026-08-29T11:06:28Z,B0FSSF88P6,,,,,
Hisense,"Placa T-CON For TV De 43 Pulgadas T430HVN01.0 43T01-C0B, Compatible Con Hisense, LeTV, Xiaomi Y Otras Marcas.",https://www.amazon.es/dp/B0G3LJXT95,43.0,29.63,29.63,EUR,29.63,Amazon,ES,2026-08-29T11:06:28Z,B0G3LJXT95,,,,,
Hisense,"CEPAIXN Placa T-con 1P-0149J00-4011. Compatible con Xiaomi, Compatibile con Hisense. Repuestos For TV De 40 Pulgadas. Plac...",https://www.amazon.es/dp/B0F4KTTG77,40.0,32.75,32.75,EUR,32.75,Amazon,ES,2026-08-29T11:06:28Z,B0F4KTTG77,,,,,
Hisense,"Yhytgbhk Placa lógica V500HK1-CS5 Compatible con Hisense LED50K310X3D Konka LED50R5100DE, Pantalla de TV de 55 Pulgadas(50...",https://www.amazon.es/dp/B0F63JJ87H,55.0,80.15,80.15,EUR,80.15,Amazon,ES,2026-08-29T11:06:28Z,B0F63JJ87H,,,,,
Hisense,LUNCHS Tira de LED de 33 Uds (3TV) Compatible for Hisense 50 ''TV SVH500A24 HD500DF-B53 HD500DF-B54 RSAG7.820.6660 50H5GB ...,https://www.amazon.es/dp/B0CSBBYQ5R,50.0,52.83,52.83,EUR,52.83,Amazon,ES,2026-08-29T11:06:28Z,B0CSBBYQ5R,,,,,
Hisense,TUCANSBP 48LED 1PCS 495MM Backlight Strip TV Compatible with Hisense 39 Inch 6V 390HK1-LS5-TREM4LED39H310 LED39K310NX3D LE...,https://www.amazon.es/dp/B0D2QWSH3K,39.0,21.06,21.06,EUR,21.06,Amazon,ES,2026-08-29T11:06:28Z,B0D2QWSH3K,,,,,
Hisense,TUCANSBP Compatible for televisor LCD Hisense de 48 Pulgadas RSAG7.820.6733 HE48UGEJR34E45205647 LED48K20JD LED48K220 LED4...,https://www.amazon.es/dp/B0D2V29TJ5,48.0,35.98,35.98,EUR,35.98,Amazon,ES,2026-08-29T11:06:28Z,B0D2V29TJ5,,,,,
Hisense,"TUCANSBP Compatible with Hisense 48"" LCD TV RSAG7.820.6733 HE48UGEJR34E45205647 HD480DF-B31 LED48K20JD LED48K220 LED48K320...",https://www.amazon.es/dp/B0D2QVBDZ4,48.0,34.83,34.83,EUR,34.83,Amazon,ES,2026-08-29T11:06:28Z,B0D2QVBDZ4,,,,,
Hisense,"571 mm DIRIGIÓ Lámpara de tira 6 for Hisense 32""TV LED32K20JD LED32K30JD E227809 LED32EC110JD HE32VJF2M74X00804787 HXF-S",https://www.amazon.es/dp/B0B5WW95F7,32.0,29.97,29.97,EUR,29.97,Amazon,ES,2026-08-29T11:06:28Z,B0B5WW95F7,,,,,
Hisense,TUCANSBP 8PCS = 1SET Compatible con Hisense TV LCD de 42 Pulgadas LED40K20JD LED39K20JD NS-40D420NA16 SVH390A06 2013CHI400...,https://www.amazon.es/dp/B0D2M9FG4R,42.0,29.24,29.24,EUR,29.24,Amazon,ES,2026-08-29T11:06:28Z,B0D2M9FG4R,,,,,
Hisense,"LILYY DIRIGIÓ Fuera de Retroceso for Hisense 40"" TV Everlight EE33331251 LEDN40D37P LBM400P1101-AR-1 (0) DS E253939 SE40FY...",https://www.amazon.es/dp/B0BCTDLRQV,40.0,37.51,37.51,EUR,37.51,Amazon,ES,2026-08-29T11:06:28Z,B0BCTDLRQV,,,,,
Hisense,"TUCANSBP 7 unids/Lote Compatible for Hisense 43 ""LCD TV LED 43EC35 0A LED 43N260 LED 43K180 LED 43H1600 JL.D42641330-003C...",https://www.amazon.es/dp/B0D2WVCB77,43.0,27.76,27.76,EUR,27.76,Amazon,ES,2026-08-29T11:06:28Z,B0D2WVCB77,,,,,
Hisense,TUCANSBP Tira de LED de 33 Uds (3TV) Compatible for Hisense 50 ''TV SVH500A24 HD500DF-B53 HD500DF-B54 RSAG7.820.6660 50H5G...,https://www.amazon.es/dp/B0D1P5SYTN,50.0,54.47,54.47,EUR,54.47,Amazon,ES,2026-08-29T11:06:28Z,B0D1P5SYTN,,,,,
Hisense,HCZION 11pcs X 50 '' LED Lightlight Fit for Hisense TV E257384 SVH500A24 5LED REV06 140303 T500HVN07.1 HD500DF-B54 LTDN50K...,https://www.amazon.es/dp/B0BHR7KGPG,50.0,37.67,37.67,EUR,37.67,Amazon,ES,2026-08-29T11:06:28Z,B0BHR7KGPG,,,,,
Hisense,"Compatible Con AUO, 58D4PS, Compatible Con Hisense, | 58V1F-R TV de 58 pulgadas, Compatible con lógica, placa CV580U1-T01(...",https://www.amazon.es/dp/B0HGXPVPY8,58.0,54.85,54.85,EUR,54.85,Amazon,ES,2026-08-29T11:06:28Z,B0HGXPVPY8,,,,,
Hisense,"TUCANSBP 4 unids/Set 42LED 6V 355mm Compatible for Hisense 65 ""LCD TV V650DJ4-QS5 GT-1146680-A LED65K3500 LED65EC660US LED...",https://www.amazon.es/dp/B0D2VSM64N,65.0,28.18,28.18,EUR,28.18,Amazon,ES,2026-08-29T11:06:28Z,B0D2VSM64N,,,,,
Hisense,TUCANSBP Tira de LED de 6 uds Compatible for Hisense 40 ''TV JL.D40081330-003BS-M H40M2100C H40M2600 JHD400DF-E31 40H3C1 4...,https://www.amazon.es/dp/B0D21WM9ZM,40.0,52.5,52.5,EUR,52.5,Amazon,ES,2026-08-29T11:06:28Z,B0D21WM9ZM,,,,,
Hisense,"TUCANSBP 11 unids/Lote Compatible con Hisense 50 ""TV SVH500A24-5LED-REV06 HD500DF-B53 HD500DF-B54 RSAG7.820.6660 LEDN50D36...",https://www.amazon.es/dp/B0D2LFDGWP,50.0,39.87,39.87,EUR,39.87,Amazon,ES,2026-08-29T11:06:28Z,B0D2LFDGWP,,,,,
Hisense,TUCANSBP Adecuado Compatible for Hisense TV LCD de 50 Pulgadas SVH500A22-REV05-6LED-131113 LED50K20JD LED50EC280JD LED50K3...,https://www.amazon.es/dp/B0D2W99B9S,50.0,37.69,37.69,EUR,37.69,Amazon,ES,2026-08-29T11:06:28Z,B0D2W99B9S,,,,,
Hisense,"Compatible Con AUO, 58D4PS, Compatible Con Hisense, | 58V1F-R TV de 58 pulgadas, compatible con lógica, placa CV580U1-T01(...",https://www.amazon.es/dp/B0HGXJNZXQ,58.0,54.85,54.85,EUR,54.85,Amazon,ES,2026-08-29T11:06:28Z,B0HGXJNZXQ,,,,,
Hisense,VOLDO Tira de LED for iluminación Trasera Compatible con Hisense 43 ''TV JL.D42581330-003AS-M 43H6E H43A6100 43RGE JHD425S...,https://www.amazon.es/dp/B0CS5SCT1H,43.0,29.71,29.71,EUR,29.71,Amazon,ES,2026-08-29T11:06:28Z,B0CS5SCT1H,,,,,
Hisense,CARZE 11 Uds 6LED(6V) 503mm Tira De LED For Iluminación Trasera Apta For Hisense 50 Pulgadas HD500DU-B01 RSAG7.820.6311/RO...,https://www.amazon.es/dp/B0C4FMBM2G,50.0,46.77,46.77,EUR,46.77,Amazon,ES,2026-08-29T11:06:28Z,B0C4FMBM2G,,,,,
Sony,"Sony BRAVIA KD55X85L, 55 pulgadas, TV Full Array LED, 4K HDR, Smart Google TV, Funciones ECO, Bravia Core, Marco fino",https://www.amazon.es/dp/B0BYPHSGN5,55.0,699.0,699.0,EUR,699.0,Amazon,ES,2026-08-29T11:06:28Z,B0BYPHSGN5,,,,,
Sony,"Sony BRAVIA KD65X75WL, 65 Pulgadas, TV LED con 4K HDR, Google TV, Procesador X1, Eco Pack, Asistentes de Voz, Bravia Core,...",https://www.amazon.es/dp/B0BYP2PVXK,65.0,699.0,699.0,EUR,699.0,Amazon,ES,2026-08-29T11:06:28Z,B0BYP2PVXK,,,,,
Sony,"Sony BRAVIA 7 II True RGB 55 Inch TV, 4K Smart TV (Google TV), RGB LED, XR Processor con Tecnología de IA, TV 120hz con Do...",https://www.amazon.es/dp/B0H2JXW744,55.0,2299.0,2299.0,EUR,2299.0,Amazon,ES,2026-08-29T11:06:28Z,B0H2JXW744,,,,,
Sony,"Sony BRAVIA KD32W804 - Smart TV 32 Pulgadas HD Ready (Alto Rango Dinámico HDR, Android TV) Negro, Modelo 2022",https://www.amazon.es/dp/B0BPMCFG1S,32.0,329.0,329.0,EUR,329.0,Amazon,ES,2026-08-29T11:06:28Z,B0BPMCFG1S,,,,,
Sony,Sony BRAVIA KD-32W800-32 Pulgadas HD - Alto Rango Dinámico (HDR) - Android TV Negro,https://www.amazon.es/dp/B0CBRYQPX9,32.0,,,,,Amazon,ES,2026-08-29T11:06:28Z,B0CBRYQPX9,,,,,
Sony,Sony BRAVIA 7 II True RGB TV 75 Pulgadas 4K Smart TV Google TV,https://www.amazon.es/dp/B0H2JZD8HX,75.0,2499.0,2499.0,EUR,2499.0,Amazon,ES,2026-08-29T11:06:28Z,B0H2JZD8HX,,,,,
Sony,"Sony BRAVIA KD75X85L, 75 pulgadas, TV Full Array LED, 4K HDR, Smart Google TV, Funciones ECO, Bravia Core, Marco fino",https://www.amazon.es/dp/B0BYPJ5W74,75.0,1199.0,1199.0,EUR,1199.0,Amazon,ES,2026-08-29T11:06:28Z,B0BYPJ5W74,,,,,
Samsung,"Samsung TV 55 Pulgadas Neo QLED QN80F 4K Mini LED Smart TV con Vision AI, Quantum Matrix Technology Core, Motion Xcelerato...",https://www.amazon.es/dp/B0F2FJY819,55.0,694.06,694.06,EUR,694.06,Amazon,ES,2026-08-29T11:06:28Z,B0F2FJY819,,,,,
Sony,"Sony BRAVIA 8 OLED 55"" – Televisor 4K HDR con Dolby Vision Atmos, IMAX Enhanced y Procesador Cognitive XR, Google TV, 120H...",https://www.amazon.es/dp/B0D1VTR2M5,55.0,,,,,Amazon,ES,2026-08-29T11:06:28Z,B0D1VTR2M5,,,,,
Sony,"Sony BRAVIA 8 OLED 65"" 4K HDR – Google Smart TV con 120Hz, HDMI 2.1, Funciones Gaming para PS5, Dolby Vision Atmos, IMAX E...",https://www.amazon.es/dp/B0D1VV8K32,65.0,,,,,Amazon,ES,2026-08-29T11:06:28Z,B0D1VV8K32,,,,,
Sony,"Sony BRAVIA XR-77A80L, 77 Pulgadas, TV OLED con 4K HDR, Smart Google TV, Eco Pack, Bravia Core, Óptimo para PlayStation5, ...",https://www.amazon.es/dp/B0BYGVVBHM,77.0,2935.74,2935.74,EUR,2935.74,Amazon,ES,2026-08-29T11:06:28Z,B0BYGVVBHM,,,,,
Samsung,"Samsung TV Crystal 4K AI U7005H 43"" Smart TV con IA | Vision AI Companion, Crystal Processor 4K, Gaming Hub, Dynamic Sound...",https://www.amazon.es/dp/B0GXJS6YF7,43.0,299.0,299.0,EUR,299.0,Amazon,ES,2026-08-29T11:06:28Z,B0GXJS6YF7,,,,,
Toshiba,"Toshiba 43QV1563DG Televisor 43 Pulgadas QLED, 4K UHD, Smart TV, sin Marcos, HDR10, Dolby Audio, Compatible con Alexa, Gam...",https://www.amazon.es/dp/B0H5WVJNS7,43.0,279.0,279.0,EUR,279.0,Amazon,ES,2026-08-29T11:06:28Z,B0H5WVJNS7,,,,,
Sony,"Sony BRAVIA XR-85X90L, 85 Pulgadas, TV Full Array LED, 4K HDR, Smart Google TV, Funciones Eco, Bravia Core, Menú Gaming pa...",https://www.amazon.es/dp/B0BYPHDLWX,85.0,,,,,Amazon,ES,2026-08-29T11:06:28Z,B0BYPHDLWX,,,,,
Philips,"PHILIPS 50PQS7801/12 50 Inch 4K LED Smart TV | Pixel Precise Ultra HD, Titan OS, Dolby Atmos Sound",https://www.amazon.es/dp/B0H34BJDFD,50.0,389.0,389.0,EUR,389.0,Amazon,ES,2026-08-29T11:06:28Z,B0H34BJDFD,,,,,
Sony,"Sony TV LED 4K UHD K75S35B 75"" | Smart TV, Google TV, HDR",https://www.amazon.es/dp/B0FCX43PK5,75.0,,,,,Amazon,ES,2026-08-29T11:06:28Z,B0FCX43PK5,,,,,
Sony,"Sony BRAVIA 3 II 85 Pulgadas TV 4K Smart TV (Google TV), Procesador XR con Inteligencia Artificial, 120 Hz, Dolby Vision y...",https://www.amazon.es/dp/B0GZQJC7W6,85.0,1899.0,1899.0,EUR,1899.0,Amazon,ES,2026-08-29T11:06:28Z,B0GZQJC7W6,,,,,
Sony,"Sony XR-48A90K 121,9 cm (48"") 4K Ultra HD Smart TV Wifi Noir",https://www.amazon.es/dp/B0BJVH3F8T,48.0,1641.66,1641.66,EUR,1641.66,Amazon,ES,2026-08-29T11:06:28Z,B0BJVH3F8T,,,,,
Samsung,"Samsung TV 27 Pulgadas Full HD F6005 Smart TV TV Plus, OTS Lite, HDR Knox Security, Capaz de emitir contenidos UHD 4K",https://www.amazon.es/dp/B0GHY8DCSZ,27.0,189.0,189.0,EUR,189.0,Amazon,ES,2026-08-29T11:06:28Z,B0GHY8DCSZ,,,,,
Samsung,"Samsung TV Mini LED M72H 50"" 4K Smart TV con IA | Vision AI Companion, Mini LED, AI Football Mode, Samsung TV Plus, Perfec...",https://www.amazon.es/dp/B0GWND8LLV,50.0,449.0,449.0,EUR,449.0,Amazon,ES,2026-08-29T11:06:28Z,B0GWND8LLV,,,,,
LG,"LG 65QNED80B6B - Smart TV QNED EVO AI 65"" 4K Sin Reflejos 94%, 2026 | QNED EVO MiniLED, Smart TV, WebOS 26, Procesador α7 ...",https://www.amazon.es/dp/B0GVF91FS8,65.0,659.0,659.0,EUR,659.0,Amazon,ES,2026-08-29T11:06:28Z,B0GVF91FS8,,,,,
Sony,Sony Kit Televisión Bravia X75WL 65 Pulgadas y Bravia CAM con calibración automática de Imagen y Sonido,https://www.amazon.es/dp/B0CHB9WRC3,65.0,848.0,848.0,EUR,848.0,Amazon,ES,2026-08-29T11:06:28Z,B0CHB9WRC3,,,,,
Sony,"Sony BRAVIA 2 II 75 Pulgadas TV 4K Smart TV (Google TV), Procesador X1, Escalado 4K, Dolby Atmos y DTS:X, Compatible con P...",https://www.amazon.es/dp/B0GZKYXYQX,75.0,,,,,Amazon,ES,2026-08-29T11:06:28Z,B0GZKYXYQX,,,,,
Philips,PHILIPS Ambilight 55MLED920 'The Xtra' Mini LED 4K Smart TV - Pantalla de 55 Pulgadas con Motor P5 Picture Engine Ultra H...,https://www.amazon.es/dp/B0F338CGPH,920.0,549.0,549.0,EUR,549.0,Amazon,ES,2026-08-29T11:06:28Z,B0F338CGPH,,,,,
Sony,"Sony FW-43BZ30L affichage de messages Panneau plat de signalisation numérique 109,2 cm (43"") LCD Wifi 440 cd/m² 4K Ult",https://www.amazon.es/dp/B0C9YPFRSY,43.0,822.52,822.52,EUR,822.52,Amazon,ES,2026-08-29T11:06:28Z,B0C9YPFRSY,,,,,
Samsung,"Samsung TV 43 Pulgadas Crystal UHD U8005 4K Smart TV, Colores increíbles con Crystal Processor 4K, Escucha Todos los Altav...",https://www.amazon.es/dp/B0F226HRC7,43.0,289.49,289.49,EUR,289.49,Amazon,ES,2026-08-29T11:06:28Z,B0F226HRC7,,,,,
Sony,"Sony FWD-55X80K affichage de messages 139,7 cm (55"") LCD Wifi 450 cd/m² 4K Ultra HD Noir Android 10",https://www.amazon.es/dp/B0B8LQ91MH,55.0,1321.56,1321.56,EUR,1321.56,Amazon,ES,2026-08-29T11:06:28Z,B0B8LQ91MH,,,,,
Philips,"Philips Ambilight 43PUS8510 4K QLED Smart TV - Pantalla de 43 Pulgadas con Plataforma Titan OS, Pixel Precise Ultra HD y S...",https://www.amazon.es/dp/B0F339W3P8,43.0,,,,,Amazon,ES,2026-08-29T11:06:28Z,B0F339W3P8,,,,,
Samsung,"Samsung TV 24 Pulgadas Full HD F6005 4K Smart TV, Más Contraste con HDR, Sonido Que Sigue a la acción con OTS Lite, TV Plu...",https://www.amazon.es/dp/B0F22BB8VV,24.0,179.0,179.0,EUR,179.0,Amazon,ES,2026-08-29T11:06:28Z,B0F22BB8VV,,,,,
Samsung,"Samsung TV The Frame LS03HE 43"" 4K Smart TV IA y Pantalla sin Reflejos | Pantalla sin reflejos, televisor cuadro con diseñ...",https://www.amazon.es/dp/B0GKB1QRRZ,43.0,849.0,849.0,EUR,849.0,Amazon,ES,2026-08-29T11:06:28Z,B0GKB1QRRZ,,,,,
Samsung,"Samsung TV 65 Pulgadas The Frame LS03F 4K Smart TV, Galería de Arte con Display Mate, Marcos Intercambiables, 100% Volumen...",https://www.amazon.es/dp/B0F2FJBXMK,65.0,999.0,999.0,EUR,999.0,Amazon,ES,2026-08-29T11:06:28Z,B0F2FJBXMK,,,,,
Panasonic,"Panasonic Premium TV-50W85BEZ, Serie W85B, 50 Pulgadas, Smart TV 4K Ultra HD QLED, 2025, 120 Hz, Fire TV, Dolby Vision y A...",https://www.amazon.es/dp/B0H2MG9C8W,50.0,499.0,499.0,EUR,499.0,Amazon,ES,2026-08-29T11:06:28Z,B0H2MG9C8W,,,,,
Samsung,"Samsung TV Neo QLED QN73H 43"" 4K Smart TV con IA | Vision AI Companion, Quantum Mini LED, AI Football Mode, Motion Xcelera...",https://www.amazon.es/dp/B0GKBFPSJ6,43.0,499.0,499.0,EUR,499.0,Amazon,ES,2026-08-29T11:06:28Z,B0GKBFPSJ6,,,,,
LG,"LG 86QNED86B6B - Smart TV QNED EVO AI 86"" 4K Sin Reflejos 94%, 2026 | QNED EVO MiniLED, Smart TV, WebOS 26, Procesador α8 ...",https://www.amazon.es/dp/B0GTZNPDJJ,86.0,1699.0,1699.0,EUR,1699.0,Amazon,ES,2026-08-29T11:06:28Z,B0GTZNPDJJ,,,,,
TCL,"TCL 65V6D Televisor 65 Pulgadas 4K UHD Smart TV, Fire TV, Alexa Integrado, Dolby Vision & Atmos, Game Master, HDR10+, Cont...",https://www.amazon.es/dp/B0GQHNCZBK,65.0,458.74,458.74,EUR,458.74,Amazon,ES,2026-08-29T11:06:28Z,B0GQHNCZBK,,,,,
Philips,"PHILIPS 50PUS7000 Smart TV 4K LED - Pantalla de 50 Pulgadas con Plataforma Titan OS, Pixel Precise Ultra HD y Sonido Dolby...",https://www.amazon.es/dp/B0F2N4CQ1S,50.0,315.13,315.13,EUR,315.13,Amazon,ES,2026-08-29T11:06:28Z,B0F2N4CQ1S,,,,,
Philips,"Philips Ambilight 55PUS8109 Smart TV 4K LED - Pantalla de 55 Pulgadas con Plataforma Titan OS, Pixel Precise Ultra HD y So...",https://www.amazon.es/dp/B0D3MV8MKP,55.0,466.77,466.77,EUR,466.77,Amazon,ES,2026-08-29T11:06:28Z,B0D3MV8MKP,,,,,
Philips,"Philips 55PUS7800 4K LED Smart TV - Pantalla de 55"" con Plataforma Pixel Precise Ultra HD, Titan OS y Sonido Dolby Atmos -...",https://www.amazon.es/dp/B0F2N59KGW,55.0,484.17,484.17,EUR,484.17,Amazon,ES,2026-08-29T11:06:28Z,B0F2N59KGW,,,,,
Toshiba,"Toshiba 32WV2563DG Smart TV 32 Pulgadas, Resolución HD 1366 x 768, HDR10, Compatible con Asistente de Voz Alexa, TV Satéli...",https://www.amazon.es/dp/B0FPDG6SWS,32.0,169.99,169.99,EUR,169.99,Amazon,ES,2026-08-29T11:06:28Z,B0FPDG6SWS,,,,,
Philips,"Philips Ambilight 'The One' 65PUS9010 4K Smart TV - Pantalla de 65 Pulgadas con P5 Picture Engine Ultra HD, Titan OS, Dolb...",https://www.amazon.es/dp/B0F33BCG1H,65.0,699.0,699.0,EUR,699.0,Amazon,ES,2026-08-29T11:06:28Z,B0F33BCG1H,,,,,
Philips,"Philips Ambilight 48OLED770 4K OLED Smart TV - Pantalla de 48 Pulgadas con P5 AI Picture, Google TV, Dolby Vision y Sonido...",https://www.amazon.es/dp/B0F33QY8R5,48.0,734.74,734.74,EUR,734.74,Amazon,ES,2026-08-29T11:06:28Z,B0F33QY8R5,,,,,
Philips,"PHILIPS Ambilight 65PUS8200 4K LED Smart TV - Pantalla de 65 Pulgadas con Plataforma Titan OS, Pixel Precise Ultra HD y So...",https://www.amazon.es/dp/B0F2N4SKN3,65.0,459.0,459.0,EUR,459.0,Amazon,ES,2026-08-29T11:06:28Z,B0F2N4SKN3,,,,,
Philips,"Philips Ambilight 'The One' 43PUS9010 4K Smart TV - Pantalla de 43 Pulgadas con P5 Picture Engine Ultra HD, Titan OS, Dolb...",https://www.amazon.es/dp/B0F337TYK4,43.0,508.0,508.0,EUR,508.0,Amazon,ES,2026-08-29T11:06:28Z,B0F337TYK4,,,,,
Philips,"PHILIPS 55PUS7810 Smart TV 4K LED - Pantalla de 55 Pulgadas con Plataforma Titan OS, Pixel Precise Ultra HD y Sonido Dolby...",https://www.amazon.es/dp/B0F338RVWT,55.0,333.0,333.0,EUR,333.0,Amazon,ES,2026-08-29T11:06:28Z,B0F338RVWT,,,,,
Philips,"Philips Ambilight 65PUS8510 4K QLED Smart TV - Pantalla de 65 Pulgadas con Plataforma Titan OS, Pixel Precise Ultra HD y S...",https://www.amazon.es/dp/B0F338KJXC,65.0,499.0,499.0,EUR,499.0,Amazon,ES,2026-08-29T11:06:28Z,B0F338KJXC,,,,,
Philips,"PHILIPS 32PFS6000 HD LED Smart TV - Pantalla de 32 Pulgadas con Pixel Plus, Plataforma Titan OS y Sonido Dolby Digital - F...",https://www.amazon.es/dp/B0F2N7JXW3,32.0,186.46,186.46,EUR,186.46,Amazon,ES,2026-08-29T11:06:28Z,B0F2N7JXW3,,,,,
Philips,"PHILIPS 32PHS5500 FHD LED TV - Pantalla de 32 Pulgadas con Pixel Plus, diseño Compacto y Dolby Audio con Vocal Boost",https://www.amazon.es/dp/B0F2N7DLX6,32.0,140.99,140.99,EUR,140.99,Amazon,ES,2026-08-29T11:06:28Z,B0F2N7DLX6,,,,,
Philips,"Philips 40PFS6000 HD LED Smart TV - Pantalla de 40 Pulgadas con Pixel Plus, Plataforma Titan OS y Sonido Dolby Digital - F...",https://www.amazon.es/dp/B0F2N4WSJ9,40.0,269.0,269.0,EUR,269.0,Amazon,ES,2026-08-29T11:06:28Z,B0F2N4WSJ9,,,,,
Xiaomi,"Xiaomi TV ELA5493EU 4K Ultra Smart HD 43"" LED",https://www.amazon.es/dp/B0CYZQGMYV,43.0,269.58,269.58,EUR,269.58,Amazon,ES,2026-08-29T11:06:28Z,B0CYZQGMYV,,,,,
Toshiba,"Toshiba 43UV3363DG 43"" LED UltraHD 4K HDR",https://www.amazon.es/dp/B0CP616NWH,43.0,356.53,356.53,EUR,356.53,Amazon,ES,2026-08-29T11:06:28Z,B0CP616NWH,,,,,
Sony,"Sony Kit de Cine, Sonido Envolvente Dolby Vision/Atmos, TV BRAVIA 3 de 43"", Direct LED, Google TV (2025) y Barra de Sonido...",https://www.amazon.es/dp/B0F9PR3GN3,43.0,786.19,786.19,EUR,786.19,Amazon,ES,2026-08-29T11:06:28Z,B0F9PR3GN3,,,,,
Philips,"Philips Ambilight 50PUS8510 4K QLED Smart TV - Pantalla de 50 Pulgadas con Plataforma Titan OS, Pixel Precise Ultra HD y S...",https://www.amazon.es/dp/B0F337X4R1,50.0,,,,,Amazon,ES,2026-08-29T11:06:28Z,B0F337X4R1,,,,,
Philips,"PHILIPS 55MLED820 Mini LED 4K Smart TV - Pantalla de 55 Pulgadas con Motor P5 Picture Engine Ultra HD, Titan OS, Dolby Vis...",https://www.amazon.es/dp/B0F338PVS8,55.0,,,,,Amazon,ES,2026-08-29T11:06:28Z,B0F338PVS8,,,,,
Philips,"Philips Ambilight 42OLED820 4K OLED Smart TV - Pantalla de 42 Pulgadas con P5 AI Picture, Google TV, Dolby Vision y Sonido...",https://www.amazon.es/dp/B0F33CRMB7,42.0,1241.2,1241.2,EUR,1241.2,Amazon,ES,2026-08-29T11:06:28Z,B0F33CRMB7,,,,,
Hisense,"Hisense 65U7NQ - Mini-LED TV, 65 Pulgadas, con Quantum Dot Colour, Modo Juego de 144Hz VRR 240 fps, Full Array Local Dimmi...",https://www.amazon.es/dp/B0CXTKQMWY,65.0,1199.49,1199.49,EUR,1199.49,Amazon,ES,2026-08-29T11:06:28Z,B0CXTKQMWY,,,,,
Samsung,"Samsung TV 55 Pulgadas QLED QE1F 4K Smart TV con Vision AI, 100% Volumen de Color con Quantum Dot y más de 500 Canales TV ...",https://www.amazon.es/dp/B0F2265H4F,55.0,399.0,399.0,EUR,399.0,Amazon,ES,2026-08-29T11:06:28Z,B0F2265H4F,,,,,
Samsung,"Samsung TV 50 Pulgadas QLED Q8F 4K Smart TV con Vision AI, 100% Volumen de Color con Quantum Dot, el auténtico Quantum Dot...",https://www.amazon.es/dp/B0F22BFWQQ,50.0,404.99,404.99,EUR,404.99,Amazon,ES,2026-08-29T11:06:28Z,B0F22BFWQQ,,,,,
Samsung,"Samsung TV Neo QLED QN73H 65"" 4K Smart TV con IA | Vision AI Companion, Quantum Mini LED, AI Football Mode, Motion Xcelera...",https://www.amazon.es/dp/B0GL2KSXWC,65.0,729.0,729.0,EUR,729.0,Amazon,ES,2026-08-29T11:06:28Z,B0GL2KSXWC,,,,,
Samsung,"Samsung TV Mini LED M72H 65"" 4K Smart TV con IA | Vision AI Companion, Mini LED, AI Football Mode, Samsung TV Plus, Perfec...",https://www.amazon.es/dp/B0GWNB5XWM,65.0,569.0,569.0,EUR,569.0,Amazon,ES,2026-08-29T11:06:28Z,B0GWNB5XWM,,,,,
Samsung,"Samsung TV OLED S83H 65"" 4K Smart TV con IA y Pantalla sin Reflejos | Pantalla Sin Reflejos, Vision AI Companion, Ultimate...",https://www.amazon.es/dp/B0GL2KFQP6,65.0,1399.0,1399.0,EUR,1399.0,Amazon,ES,2026-08-29T11:06:28Z,B0GL2KFQP6,,,,,
Samsung,"Cello CTRAV-27TZ TV Traveller Smart 12V de 27"" con Tizen OS de Samsung, recepción por satélite, Gaming Hub, Altavoces Pitc...",https://www.amazon.es/dp/B0GHR9GHZL,27.0,279.99,279.99,EUR,279.99,Amazon,ES,2026-08-29T11:06:28Z,B0GHR9GHZL,,,,,
LG,"LG OLED42C54LA - TV 42"", OLED EVO 4K, Smart TV AI C5, WebOS 25, Super Upscaling, Dolby Vision y Dolby Atmos, AMD FreeSync,...",https://www.amazon.es/dp/B0FQP7K879,42.0,749.0,749.0,EUR,749.0,Amazon,ES,2026-08-29T11:06:28Z,B0FQP7K879,,,,,
LG,"LG 65QNED82B6B - Smart TV QNED EVO AI 65"" 4K Sin Reflejos 94%, 2026 | QNED EVO MiniLED, Smart TV, WebOS 26, Procesador α8 ...",https://www.amazon.es/dp/B0GTZSGZ1B,65.0,749.0,749.0,EUR,749.0,Amazon,ES,2026-08-29T11:06:28Z,B0GTZSGZ1B,,,,,
LG,"LG 65QNED70B6C - Smart TV QNED MiniLED AI 65"" 4K Sin Reflejos 94%, 2026 | QNED MiniLED, Smart TV, WebOS 25, Procesador Alp...",https://www.amazon.es/dp/B0GTRV1PS9,65.0,599.0,599.0,EUR,599.0,Amazon,ES,2026-08-29T11:06:28Z,B0GTRV1PS9,,,,,
LG,"LG 50QNED70B6C - Smart TV QNED MiniLED AI 50"" 4K Sin Reflejos 94%, 2026 | QNED MiniLED, Smart TV, WebOS 25, Procesador Alp...",https://www.amazon.es/dp/B0GTRQQYVC,50.0,395.87,395.87,EUR,395.87,Amazon,ES,2026-08-29T11:06:28Z,B0GTRQQYVC,,,,,
LG,"LG 65MRGB88B6A - Smart TV MRGB AI 65"" 4K Sin Reflejos 94%, 2026 | Mini RGB, Smart TV, WebOS 26, Procesador α8 AI Gen3, VRR...",https://www.amazon.es/dp/B0GWFRFQZK,65.0,999.0,999.0,EUR,999.0,Amazon,ES,2026-08-29T11:06:28Z,B0GWFRFQZK,,,,,
TCL,"TCL 43V6C 43 Pulgadas 4K HDR Direct LED Smart TV, Google TV, Dolby Audio | Game Master, Motion Clarity, Google Assistant, ...",https://www.amazon.es/dp/B0DV9HJTTK,43.0,,,,,Amazon,ES,2026-08-29T11:06:28Z,B0DV9HJTTK,,,,,
TCL,"TCL 65Q7D Pro 65 Pulgadas SQD-Mini LED 4K HDR10+ Smart TV, 2.000 Nits | 646 Zonas de Atenuación, Dolby Vision IQ & Atmos, ...",https://www.amazon.es/dp/B0GXKSZKLT,65.0,992.4,992.4,EUR,992.4,Amazon,ES,2026-08-29T11:06:28Z,B0GXKSZKLT,,,,,
Hisense,"Hisense 100U70Q Pro - Mini LED Pro Smart TV 100 Pulgadas, Procesador Hi-View IA Pro, Modo Juego Ultra de 165Hz, Full Array...",https://www.amazon.es/dp/B0FQK4ZGFR,100.0,3699.0,3699.0,EUR,3699.0,Amazon,ES,2026-08-29T11:06:28Z,B0FQK4ZGFR,,,,,
Sony,"Sony BRAVIA 7 II True RGB 65 Inch TV, 4K Smart TV (Google TV), RGB LED, XR Processor con Tecnología de IA, TV 120hz con Do...",https://www.amazon.es/dp/B0H2JSJ8QM,65.0,2999.0,2999.0,EUR,2999.0,Amazon,ES,2026-08-29T11:06:28Z,B0H2JSJ8QM,,,,,
Sony,"Sony Kit Cine en casa con Sonido Envolvente Dolby Vision/Atmos y DTS:X, TV BRAVIA 3 de 65"", LED, Google TV (2025) y Barra ...",https://www.amazon.es/dp/B0F9PQJDM9,65.0,1198.0,1198.0,EUR,1198.0,Amazon,ES,2026-08-29T11:06:28Z,B0F9PQJDM9,,,,,
Samsung,"Samsung TV Crystal 4K AI U8075H 75"" Smart TV con IA | Vision AI Companion, Crystal Processor 4K, Dynamic Sound Pack, Samsu...",https://www.amazon.es/dp/B0GJ6DVVRR,75.0,615.7,615.7,EUR,615.7,Amazon,ES,2026-08-29T11:06:28Z,B0GJ6DVVRR,,,,,
LG,"LG 65NU800B6LA - Smart TV Nano UHD AI 65"" 4K Sin Reflejos 94%, 2026 | Nano UHD, Smart TV, WebOS 25 (Actualizable), Procesa...",https://www.amazon.es/dp/B0GTRTW8P9,65.0,478.51,478.51,EUR,478.51,Amazon,ES,2026-08-29T11:06:28Z,B0GTRTW8P9,,,,,
LG,"LG 43QNED70B6C - Smart TV QNED MiniLED AI 43"" 4K Sin Reflejos 94%, 2026 | QNED MiniLED, Smart TV, WebOS 25, Procesador Alp...",https://www.amazon.es/dp/B0GTRP6G9Y,43.0,369.0,369.0,EUR,369.0,Amazon,ES,2026-08-29T11:06:28Z,B0GTRP6G9Y,,,,,
LG,"LG OLED77G54LW - Smart TV OLED EVO AI B5 77"", 4K, 2025 | WebOS 25, Super Upscaling, Dolby Vision y Dolby Atmos, AMD FreeSy...",https://www.amazon.es/dp/B0F3D6NBFN,77.0,,,,,Amazon,ES,2026-08-29T11:06:28Z,B0F3D6NBFN,,,,,
TCL,"TCL 50V6D Televisor 50 Pulgadas 4K UHD Smart TV, Fire TV, Alexa Integrado, Dolby Vision & Atmos, Game Master, HDR10+, Cont...",https://www.amazon.es/dp/B0GQHFQC2X,50.0,349.0,349.0,EUR,349.0,Amazon,ES,2026-08-29T11:06:28Z,B0GQHFQC2X,,,,,
TCL,"TCL 98RM7L 98 Pulgadas RGB-Mini LED 4K HDR10+ Smart TV, 2.000 Nits | 2.880 Zonas de Color Preciso, Dolby Vision IQ & Atmo...",https://www.amazon.es/dp/B0GZZYN4VR,98.0,2699.0,2699.0,EUR,2699.0,Amazon,ES,2026-08-29T11:06:28Z,B0GZZYN4VR,,,,,
Xiaomi,"XIAOMI TV FX Mini LED de 43 Pulgadas (101 cm), Smart TV con QD-Mini LED, 4K UHD, Fire TV, HDR10+, MEMC, DTS:X, AirPlay 2, ...",https://www.amazon.es/dp/B0H26RB46K,43.0,309.0,309.0,EUR,309.0,Amazon,ES,2026-08-29T11:06:28Z,B0H26RB46K,,,,,
Samsung,"Samsung TV 55 Pulgadas Crystal UHD U8005 4K Smart TV, Colores increíbles con Crystal Processor 4K, Escucha Todos los Altav...",https://www.amazon.es/dp/B0F2249D1G,55.0,,,,,Amazon,ES,2026-08-29T11:06:28Z,B0F2249D1G,,,,,
Samsung,"Samsung TV 85 Pulgadas QLED Q7F 4K Smart TV con Vision AI, 100% Volumen de Color Quantum Dot y más de 500 Canales TV Plus",https://www.amazon.es/dp/B0F22827ND,85.0,1048.1,1048.1,EUR,1048.1,Amazon,ES,2026-08-29T11:06:28Z,B0F22827ND,,,,,
Samsung,"Samsung TV 77 Pulgadas OLED S85F 4K Smart TV con Vision AI, Colores certificados por Pantone TV Plus",https://www.amazon.es/dp/B0F2FMPVYZ,77.0,1720.29,1720.29,EUR,1720.29,Amazon,ES,2026-08-29T11:06:28Z,B0F2FMPVYZ,,,,,
Xiaomi,"XIAOMI TV MAX 85 2025 & Soundbar Pro 2.0ch Bundle：85"" QLED,Google TV, 144Hz,Smart TV,Dolby Vision + Barra 2.0 Canales,Dolb...",https://www.amazon.es/dp/B0GYRGXKM9,85.0,662.37,662.37,EUR,662.37,Amazon,ES,2026-08-29T11:06:28Z,B0GYRGXKM9,,,,,
Samsung,"Samsung TV 65 Pulgadas The Frame LS03F 4K Smart TV, Galería de Arte con Display Mate, Marcos Intercambiables, 100% Volumen...",https://www.amazon.es/dp/B0F2256CND,65.0,,,,,Amazon,ES,2026-08-29T11:06:28Z,B0F2256CND,,,,,
LG,"LG 55QNED80B6B - Smart TV QNED EVO AI 55"" 4K Sin Reflejos 94%, 2026 | QNED EVO MiniLED, Smart TV, WebOS 26, Procesador α7 ...",https://www.amazon.es/dp/B0GVF2P153,55.0,495.04,495.04,EUR,495.04,Amazon,ES,2026-08-29T11:06:28Z,B0GVF2P153,,,,,
TCL,"TCL 85C8L 85 Pulgadas SQD-Mini LED 4K HDR10+ Smart TV, 6.000 Nits | 3.200 Zonas de Atenuación, Dolby Vision IQ & Atmos, 14...",https://www.amazon.es/dp/B0GTZRP159,85.0,2619.0,2619.0,EUR,2619.0,Amazon,ES,2026-08-29T11:06:28Z,B0GTZRP159,,,,,
LG,"LG OLED77C54LA - TV 77"", OLED EVO 4K, Smart TV AI C5, WebOS 25, Super Upscaling, Dolby Vision y Dolby Atmos, AMD FreeSync,...",https://www.amazon.es/dp/B0F3D64K3K,77.0,,,,,Amazon,ES,2026-08-29T11:06:28Z,B0F3D64K3K,,,,,
Hisense,"Hisense 75E7NQ - QLED Smart TV, 75 Pulgadas Televisor, Quantum Dot Colour, Dolby Vision, Dolby Atmos, Modo Juego Plus, 60H...",https://www.amazon.es/dp/B0CXTK5666,75.0,,,,,Amazon,ES,2026-08-29T11:06:28Z,B0CXTK5666,,,,,
Xiaomi,"XIAOMI TV S Mini LED 75"" (190 cm), QLED Mini LED Televisión, 4K UHD, Smart TV con Google TV, HDR10+, Triple Tuner, DVB T2,...",https://www.amazon.es/dp/B0GJ3NLJWJ,75.0,899.0,899.0,EUR,899.0,Amazon,ES,2026-08-29T11:06:28Z,B0GJ3NLJWJ,,,,,
LG,"LG 85QNED70B6A - Smart TV QNED MiniLED AI 85"" 4K Sin Reflejos 94%, 2026 | QNED MiniLED, Smart TV, WebOS 25, Procesador Alp...",https://www.amazon.es/dp/B0GTRQNMS6,85.0,1129.0,1129.0,EUR,1129.0,Amazon,ES,2026-08-29T11:06:28Z,B0GTRQNMS6,,,,,
LG,"LG 85QNED80B6A - Smart TV QNED EVO AI 85"" 4K Sin Reflejos 94%, 2026 | QNED EVO MiniLED, Smart TV, WebOS 26, Procesador α7 ...",https://www.amazon.es/dp/B0GTZQHVGG,85.0,1289.0,1289.0,EUR,1289.0,Amazon,ES,2026-08-29T11:06:28Z,B0GTZQHVGG,,,,,
Xiaomi,"XIAOMI TV FX Mini LED de 55 Pulgadas, Smart TV con QD-Mini LED, 4K UHD, Fire TV, HDR10+, 60 Hz con Modo Game Boost a 120 H...",https://www.amazon.es/dp/B0H26SBKX4,55.0,449.0,449.0,EUR,449.0,Amazon,ES,2026-08-29T11:06:28Z,B0H26SBKX4,,,,,
Samsung,"Samsung TV 75 Pulgadas Neo QLED QN900F 8K Mini LED Smart TV con Vision AI, Pantalla sin Reflejos con Glare Free y Motion X...",https://www.amazon.es/dp/B0F21Y5JP5,75.0,3119.99,3119.99,EUR,3119.99,Amazon,ES,2026-08-29T11:06:28Z,B0F21Y5JP5,,,,,
Samsung,"Samsung TV 85 Pulgadas Neo QLED QN900F 8K Mini LED Smart TV con Vision AI, Pantalla sin Reflejos con Glare Free y Motion X...",https://www.amazon.es/dp/B0F2223MPD,85.0,4409.0,4409.0,EUR,4409.0,Amazon,ES,2026-08-29T11:06:28Z,B0F2223MPD,,,,,
LG,"LG 85NU800B6LA - Smart TV Nano UHD AI 85"" 4K Sin Reflejos 94%, 2026 | NANO UHD, Smart TV, WebOS 25 (Actualizable), Procesa...",https://www.amazon.es/dp/B0GTRH6HHP,85.0,949.0,949.0,EUR,949.0,Amazon,ES,2026-08-29T11:06:28Z,B0GTRH6HHP,,,,,
Philips,"Philips Ambilight 43PUS8010 4K LED Smart TV - Pantalla de 43 Pulgadas con Plataforma Titan OS, Pixel Precise Ultra HD y So...",https://www.amazon.es/dp/B0F338S4CK,43.0,,,,,Amazon,ES,2026-08-29T11:06:28Z,B0F338S4CK,,,,,
Samsung,"Samsung TV OLED S95H 65"" 4K Smart TV con IA y Pantalla sin Reflejos",https://www.amazon.es/dp/B0GL39VP48,65.0,1899.0,1899.0,EUR,1899.0,Amazon,ES,2026-08-29T11:06:28Z,B0GL39VP48,,,,,
LG,"LG OLED48G66LS - Smart TV OLED EVO AI 48"" 4K Sin Reflejos 98.9%, 2026",https://www.amazon.es/dp/B0GYQ4TK5F,48.0,1399.0,1399.0,EUR,1399.0,Amazon,ES,2026-08-29T11:06:28Z,B0GYQ4TK5F,,,,,
TCL,"TCL 85C7L 85 Pulgadas SQD-Mini LED 4K HDR10+ Smart TV, 3.000 Nits",https://www.amazon.es/dp/B0GVT5HYB3,85.0,,,,,Amazon,ES,2026-08-29T11:06:28Z,B0GVT5HYB3,,,,,
Hisense,"Hisense 75U7NQ - Mini-LED TV, 75 Pulgadas, con Quantum Dot Colour, Modo Juego de 144Hz VRR 240 fps, Full Array Local Dimming, Procesador Hi-View Engine,Dolby Vision IQ & Dolby Atmos (Nuevo 2024)",https://www.amazon.es/dp/B0F32MFDX7,75.0,1785.99,1785.99,EUR,1785.99,Amazon,ES,2026-08-29T11:06:28Z,B0F32MFDX7,,,,,
Sony,"Sony BRAVIA 5, Mini LED TV 65 Pulgadas, Procesador XR con IA, Acoustic Multi-Audio, Dolby Vision/Atmos, IMAX Enhanced, Google TV 2025, Apple AirPlay 2, Eco Dashboard2, Smart TV, 65""",https://www.amazon.es/dp/B0F4L1887W,65.0,,,,,Amazon,ES,2026-08-29T11:06:28Z,B0F4L1887W,,,,,
Samsung,"Samsung TV 43 Pulgadas Crystal UHD U8075F 4K Smart TV, Colores increíbles con Crystal Processor 4K, Escucha Todos los Altavoces con Q-Symphony, Datos protegidos Knox Security y Gaming Hub",https://www.amazon.es/dp/B0F9Q1YQSQ,43.0,,,,,Amazon,ES,2026-08-29T11:06:28Z,B0F9Q1YQSQ,,,,,
LG,"LG OLED55G64LW - Smart TV OLED EVO AI 55"" 4K Sin Reflejos, 2026",https://www.amazon.es/dp/B0GYPN5KK9,55.0,1719.0,1719.0,EUR,1719.0,Amazon,ES,2026-08-29T11:06:28Z,B0GYPN5KK9,,,,,
TCL,"TCL 98C7L 98 Pulgadas SQD-Mini LED 4K HDR10+ Smart TV, 3.000 Nits",https://www.amazon.es/dp/B0GVSRRQC6,98.0,,,,,Amazon,ES,2026-08-29T11:06:28Z,B0GVSRRQC6,,,,,
Hisense,"Hisense 100U7Q, LED-Fernseher - (253 cm (100 Zoll), schwarz (matt), UltraHD/4K, Mini-LED, Hi-View AI Engine, QLED Colour, 165Hz Panel) [Energieklasse F] (20016155)",https://www.amazon.es/dp/B0F32LDRKP,100.0,,,,,Amazon,ES,2026-08-29T11:06:28Z,B0F32LDRKP,,,,,
Sony,"Sony BRAVIA 8 OLED 77"" – Televisor 4K HDR con Dolby Vision Atmos, IMAX Enhanced y Procesador Cognitive XR, Google TV, 120Hz, Ideal para Cine y Gaming con PS5 – Negro",https://www.amazon.es/dp/B0D1VV32HH,77.0,,,,,Amazon,ES,2026-08-29T11:06:28Z,B0D1VV32HH,,,,,
Samsung,"Samsung TV 55 Pulgadas Crystal UHD U8075F 4K Smart TV, Colores increíbles con Crystal Processor 4K, Escucha Todos los Altavoces con Q-Symphony, Datos protegidos Knox Security y Gaming Hub",https://www.amazon.es/dp/B0F9Q2QDJZ,55.0,,,,,Amazon,ES,2026-08-29T11:06:28Z,B0F9Q2QDJZ,,,,,
LG,LG OLED65G66LS – Televisor de 65 pulgadas Smart TV 4K DVB-T2 HEVC/H.265 OLED Wifi Clase energética E,https://www.amazon.es/dp/B0H36VQ8P1,65.0,3448.0,3448.0,EUR,3448.0,Amazon,ES,2026-08-29T11:06:28Z,B0H36VQ8P1,,,,,
TCL,"TCL 98C8L 98 Pulgadas SQD-Mini LED 4K HDR10+ Smart TV, 6.000 Nits",https://www.amazon.es/dp/B0GTZQ77RW,98.0,3199.0,3199.0,EUR,3199.0,Amazon,ES,2026-08-29T11:06:28Z,B0GTZQ77RW,,,,,
Hisense,"Hisense 32A4Q - HD Smart TV 32 Pulgadas, Modo Juego, Deportes IA, Sonido Dolby DTS HD, Alto Contraste, Función Compartir en el Televisor, DVB - T2, Auto Ordenación de los Canales TDT",https://www.amazon.es/dp/B0F1MJCGRY,32.0,,,,,Amazon,ES,2026-08-29T11:06:28Z,B0F1MJCGRY,,,,,
Samsung,"Samsung TV 65 Pulgadas Crystal UHD U8075F 4K Smart TV, Colores increíbles con Crystal Processor 4K, Escucha Todos los Altavoces con Q-Symphony, Datos protegidos Knox Security y Gaming Hub",https://www.amazon.es/dp/B0F9Q24YFV,65.0,479.99,479.99,EUR,479.99,Amazon,ES,2026-08-29T11:06:28Z,B0F9Q24YFV,,,,,
LG,"LG OLED42C64LA - Smart TV OLED EVO AI 42"" 4K Sin Reflejos 98.9%, 2026",https://www.amazon.es/dp/B0GYPQTKG8,42.0,959.0,959.0,EUR,959.0,Amazon,ES,2026-08-29T11:06:28Z,B0GYPQTKG8,,,,,
TCL,"TCL 75Q8C 75 Pulgadas QD-Mini LED 4K HDR10+ Smart TV, 4.500 Nits ZeroBorder",https://www.amazon.es/dp/B0F9WSGDLW,75.0,1699.0,1699.0,EUR,1699.0,Amazon,ES,2026-08-29T11:06:28Z,B0F9WSGDLW,,,,,
Hisense,"Hisense 40A5Q - QLED Smart TV 40 Pulgadas, Dolby Atmos, Modo Juego, Entrada USB Tipo C, Peana con Doble posición, Control por Voz Alexa, Función Compartir en TV, Auto Ordenación Canales TDT",https://www.amazon.es/dp/B0F2N11D11,40.0,289.9,289.9,EUR,289.9,Amazon,ES,2026-08-29T11:06:28Z,B0F2N11D11,,,,,
Samsung,"Samsung TV 75 Pulgadas Crystal UHD U8075F 4K Smart TV, Colores increíbles con Crystal Processor 4K, Escucha Todos los Altavoces con Q-Symphony, Datos protegidos Knox Security y Gaming Hub",https://www.amazon.es/dp/B0F9Q1SR49,75.0,739.0,739.0,EUR,739.0,Amazon,ES,2026-08-29T11:06:28Z,B0F9Q1SR49,,,,,
LG,"LG 75NU800B6LA - Smart TV Nano UHD AI 75"" 4K Sin Reflejos 94%, 2026",https://www.amazon.es/dp/B0GTRQF5S3,75.0,594.21,594.21,EUR,594.21,Amazon,ES,2026-08-29T11:06:28Z,B0GTRQF5S3,,,,,
TCL,"TCL 85Q8C 85 Pulgadas QD-Mini LED 4K HDR10+ Smart TV, 5.000 Nits ZeroBorder",https://www.amazon.es/dp/B0F9WW49C3,85.0,2399.0,2399.0,EUR,2399.0,Amazon,ES,2026-08-29T11:06:28Z,B0F9WW49C3,,,,,
Samsung,"Samsung TV 43 Pulgadas QLED Q7F 4K Smart TV con Vision AI, 100% Volumen de Color Quantum Dot y más de 500 Canales TV Plus",https://www.amazon.es/dp/B0F225N6PT,43.0,315.0,315.0,EUR,315.0,Amazon,ES,2026-08-29T11:06:28Z,B0F225N6PT,,,,,
LG,"LG 75QNED70B6A - Smart TV QNED MiniLED AI 75"" 4K Sin Reflejos 94%, 2026",https://www.amazon.es/dp/B0GTRDSN7K,75.0,799.0,799.0,EUR,799.0,Amazon,ES,2026-08-29T11:06:28Z,B0GTRDSN7K,,,,,
TCL,"TCL 98Q8C 98 Pulgadas QD-Mini LED 4K HDR10+ Smart TV, 5.000 Nits ZeroBorder",https://www.amazon.es/dp/B0F9WRNP3W,98.0,2999.0,2999.0,EUR,2999.0,Amazon,ES,2026-08-29T11:06:28Z,B0F9WRNP3W,,,,,
Samsung,"Samsung TV 75 Pulgadas QLED Q7F 4K Smart TV con Vision AI, 100% Volumen de Color con Quantum Dot y más de 500 Canales",https://www.amazon.es/dp/B0F2FMVN12,75.0,816.49,816.49,EUR,816.49,Amazon,ES,2026-08-29T11:06:28Z,B0F2FMVN12,,,,,
LG,"LG 75QNED80B6A - Smart TV QNED EVO AI 75"" 4K Sin Reflejos 94%, 2026",https://www.amazon.es/dp/B0GTZSJ455,75.0,939.0,939.0,EUR,939.0,Amazon,ES,2026-08-29T11:06:28Z,B0GTZSJ455,,,,,
TCL,"TCL 75Q7C 75 Pulgadas QD-Mini LED 4K HDR10+ Smart TV, 3.000 Nits",https://www.amazon.es/dp/B0F38FDD88,75.0,,,,,Amazon,ES,2026-08-29T11:06:28Z,B0F38FDD88,,,,,
Samsung,"Samsung TV 98 Pulgadas QLED Q7F 4K Smart TV con Vision AI, 100% Volumen de Color con Quantum Dot y más de 500 Canales",https://www.amazon.es/dp/B0FPGJ1QKQ,98.0,1869.85,1869.85,EUR,1869.85,Amazon,ES,2026-08-29T11:06:28Z,B0FPGJ1QKQ,,,,,
LG,"LG 43QNED81B6C - Smart TV QNED EVO MiniLED 4K UHD 43 Pulgadas, Sin Reflejos al 94%, webOS 26 AI Copilot, Procesador Inteligente α7 AI Processor 4K Gen9, HDR10, 4K Super Upscaling, Dolby",https://www.amazon.es/dp/B0H1JLYV4C,43.0,407.16,407.16,EUR,407.16,Amazon,ES,2026-08-29T11:06:28Z,B0H1JLYV4C,,,,,
TCL,"TCL 85Q7C 85 Pulgadas QD-Mini LED 4K HDR10+ Smart TV, 3.000 Nits",https://www.amazon.es/dp/B0F38H4X7J,85.0,1699.0,1699.0,EUR,1699.0,Amazon,ES,2026-08-29T11:06:28Z,B0F38H4X7J,,,,,
Samsung,"Samsung TV 43 Pulgadas QLED Q8F 4K Smart TV con Vision AI, 100% Volumen de Color con Quantum Dot, el auténtico Quantum Dot y Motion Xcelerator",https://www.amazon.es/dp/B0F2296XMW,43.0,,,,,Amazon,ES,2026-08-29T11:06:28Z,B0F2296XMW,,,,,
LG,"LG 75QNED82B6A - Smart TV QNED EVO AI 75"" 4K Sin Reflejos 94%, 2026",https://www.amazon.es/dp/B0GTZLCJW9,75.0,1069.0,1069.0,EUR,1069.0,Amazon,ES,2026-08-29T11:06:28Z,B0GTZLCJW9,,,,,
TCL,"TCL QD-Mini LED 65"" 65C7K UltraHD 4K Google TV",https://www.amazon.es/dp/B0F5BRZSTR,65.0,,,,,Amazon,ES,2026-08-29T11:06:28Z,B0F5BRZSTR,,,,,
Samsung,"Samsung TV 75 Pulgadas QLED Q8F 4K Smart TV con Vision AI, 100% Volumen de Color con Quantum Dot, el auténtico Quantum Dot y Motion Xcelerator",https://www.amazon.es/dp/B0F2FL3P7J,75.0,779.0,779.0,EUR,779.0,Amazon,ES,2026-08-29T11:06:28Z,B0F2FL3P7J,,,,,
LG,"LG 115QNED93B6 - Smart TV QNED EVO AI 115"" 4K Sin Reflejos 98%, 2026",https://www.amazon.es/dp/B0GXFL59K4,115.0,13199.0,13199.0,EUR,13199.0,Amazon,ES,2026-08-29T11:06:28Z,B0GXFL59K4,,,,,
Samsung,"Samsung TV 85 Pulgadas QLED Q8F 4K Smart TV con Vision AI, 100% Volumen de Color con Quantum Dot, el auténtico Quantum Dot y Motion Xcelerator",https://www.amazon.es/dp/B0F2FLDHZD,85.0,1418.1,1418.1,EUR,1418.1,Amazon,ES,2026-08-29T11:06:28Z,B0F2FLDHZD,,,,,
LG,"LG 55QNED93A6A - TV 55"", 4K QNED EVO, Smart TV, WebOS 25, Procesador Potente e Inteligente, MiniLED AI, Super Upscaling, Dolby Vision y Atmos, Alexa/Google Assistant, Negro",https://www.amazon.es/dp/B0F2GJ482T,55.0,,,,,Amazon,ES,2026-08-29T11:06:28Z,B0F2GJ482T,,,,,
Samsung,"Samsung TV 65 Pulgadas Neo QLED QN80F 4K Mini LED Smart TV con Vision AI, Quantum Matrix Technology Core, Motion Xcelerator 144Hz y Gaming Hub",https://www.amazon.es/dp/B0F2FM1YNY,65.0,,,,,Amazon,ES,2026-08-29T11:06:28Z,B0F2FM1YNY,,,,,
LG,"LG 55QNED93A6A TV 55"" Smart TV, 4K, QNED, DVB-T2, HEVC/H.265, Clase energética G",https://www.amazon.es/dp/B0FQP3S1SZ,55.0,1049.0,1049.0,EUR,1049.0,Amazon,ES,2026-08-29T11:06:28Z,B0FQP3S1SZ,,,,,
Samsung,"Samsung TV 75 Pulgadas Neo QLED QN80F 4K Mini LED Smart TV con Vision AI, Quantum Matrix Technology Core, Motion Xcelerator 144Hz y Gaming Hub",https://www.amazon.es/dp/B0F2FMQ6FT,75.0,1369.0,1369.0,EUR,1369.0,Amazon,ES,2026-08-29T11:06:28Z,B0F2FMQ6FT,,,,,
Samsung,"Samsung TV 85 Pulgadas Crystal UHD U8075F 4K Smart TV, Colores increíbles con Crystal Processor 4K, Escucha Todos los Altavoces con Q-Symphony, Datos protegidos Knox Security y Gaming Hub",https://www.amazon.es/dp/B0FCMSRGND,85.0,,,,,Amazon,ES,2026-08-29T11:06:28Z,B0FCMSRGND,,,,,
Samsung,"Samsung TV 50 Pulgadas Crystal UHD U7005 4K Smart TV, Colores increíbles con Procesador Crystal 4K, Escucha Todos los Altavoces con Q-Symphony, Tus Datos protegidos Knox Security",https://www.amazon.es/dp/B0F2B3RT7Z,50.0,,,,,Amazon,ES,2026-08-29T11:06:28Z,B0F2B3RT7Z,,,,,
Samsung,"Samsung TV 50 Pulgadas Crystal UHD U7025F 4K Smart TV, Colores increíbles con Crystal Processor 4K, Escucha Todos los Altavoces con Q-Symphony, Datos protegidos Knox Security y Gaming Hub",https://www.amazon.es/dp/B0F2FPPD5G,50.0,,,,,Amazon,ES,2026-08-29T11:06:28Z,B0F2FPPD5G,,,,,
Samsung,"Samsung TV 50 Pulgadas Crystal UHD U8005 4K Smart TV, Colores increíbles con Crystal Processor 4K, Escucha Todos los Altavoces con Q-Symphony, Datos protegidos Knox Security y Gaming Hub",https://www.amazon.es/dp/B0F2FNJ3H6,50.0,,,,,Amazon,ES,2026-08-29T11:06:28Z,B0F2FNJ3H6,,,,,
LG,"LG OLED83G54LW - Smart TV OLED EVO AI G5 83"", 4K, 2025",https://www.amazon.es/dp/B0F3D5PD4T,83.0,2999.0,2999.0,EUR,2999.0,Amazon,ES,2026-08-29T11:06:28Z,B0F3D5PD4T,,,,,
Sony,"Sony BRAVIA 7 II True RGB 85 Inch TV, 4K Smart TV (Google TV), RGB LED, XR Processor con Tecnología de IA, TV 120hz con Dolby Vision/Atmos, Compatibilidad con PS5, 85XR75M2, Modelo 2026",https://www.amazon.es/dp/B0H2K25NJ4,85.0,,,,,Amazon,ES,2026-08-29T11:06:28Z,B0H2K25NJ4,,,,,
Sony,"Sony BRAVIA 7 II True RGB 98 Inch TV, 4K Smart TV (Google TV), RGB LED, XR Processor con Tecnología de IA, TV 120hz con Dolby Vision/Atmos, Compatibilidad con PS5, 98XR75M2, Modelo 2026",https://www.amazon.es/dp/B0H2JLDM94,98.0,,,,,Amazon,ES,2026-08-29T11:06:28Z,B0H2JLDM94,,,,,
Philips,"Philips Ambilight 48OLED820 4K OLED Smart TV - Pantalla de 48 Pulgadas con P5 AI Picture, Google TV, Dolby Vision y Sonido Dolby Atmos - Funciona con Alexa y Asistente de Google",https://www.amazon.es/dp/B0F3394SCK,48.0,899.0,899.0,EUR,899.0,Amazon,ES,2026-08-29T11:06:28Z,B0F3394SCK,,,,,
Philips,"Philips Ambilight 77OLED820 4K OLED Smart TV - Pantalla de 77 Pulgadas con P5 AI Picture, Google TV, Dolby Vision y Sonido Dolby Atmos - Funciona con Alexa y Asistente de Google",https://www.amazon.es/dp/B0F338VQ8T,77.0,3299.0,3299.0,EUR,3299.0,Amazon,ES,2026-08-29T11:06:28Z,B0F338VQ8T,,,,,
Philips,"Philips Ambilight 55OLED820 4K OLED Smart TV - Pantalla de 55 Pulgadas con P5 AI Picture, Google TV, Dolby Vision y Sonido Dolby Atmos - Funciona con Alexa y Asistente de Google",https://www.amazon.es/dp/B0F33B8LJ1,55.0,,,,,Amazon,ES,2026-08-29T11:06:28Z,B0F33B8LJ1,,,,,
Philips,"Philips Ambilight 65OLED820 4K OLED Smart TV - Pantalla de 65 Pulgadas con P5 AI Picture, Google TV, Dolby Vision y Sonido Dolby Atmos - Funciona con Alexa y Asistente de Google",https://www.amazon.es/dp/B0F33D2ST3,65.0,,,,,Amazon,ES,2026-08-29T11:06:28Z,B0F33D2ST3,,,,,
Toshiba,"TOSHIBA 55UV2363DG Smart TV 4K UHD de 55"", sin Marcos, con HDR10, Dolby Audio, Compatible con Asistente de Voz Alexa y Google, Bluetooth",https://www.amazon.es/dp/B0CJVQXV52,55.0,,,,,Amazon,ES,2026-08-29T11:06:28Z,B0CJVQXV52,,,,,
Xiaomi,"XIAOMI TV 32 Pulgadas (81 cm), HD Smart TV, Fire OS14, L32MB-FAVEU",https://www.amazon.es/dp/B0H44KWKRS,32.0,142.0,142.0,EUR,142.0,Amazon,ES,2026-08-29T11:06:28Z,B0H44KWKRS,,,,,
Xiaomi,"XIAOMI TV 43 Pulgadas (109 cm), 4K UHD Smart TV Fire OS8 HDR10 L43MB-FAVEU",https://www.amazon.es/dp/B0H448LDSH,43.0,279.0,279.0,EUR,279.0,Amazon,ES,2026-08-29T11:06:28Z,B0H448LDSH,,,,,
Xiaomi,"XIAOMI TV F 50, 50 Pulgadas (127 cm), 4K UHD, Smart TV, Fire OS8, Control por Voz Alexa, HDR10, MEMC, Modo Game Boost 120Hz, Compatible con Apple AirPlay",https://www.amazon.es/dp/B0F45BXJ1C,50.0,,,,,Amazon,ES,2026-08-29T11:06:28Z,B0F45BXJ1C,,,,,
Samsung,"Samsung TV 75 Pulgadas QLED Q6F 4K Smart TV con Vision AI, 100% Volumen de Color con Quantum Dot y más de 500 Canales [Clase de eficiencia energética G]",https://www.amazon.es/dp/B0FPWV3YJB,75.0,,,,,Amazon,ES,2026-08-29T11:06:28Z,B0FPWV3YJB,,,,,
Samsung,"Samsung TV 55 Pulgadas QLED Q7F 4K Smart TV con Vision AI, 100% Volumen de Color con Quantum Dot y más de 500 Canales",https://www.amazon.es/dp/B0F2BC6F56,55.0,,,,,Amazon,ES,2026-08-29T11:06:28Z,B0F2BC6F56,,,,,
LG,"LG OLED55C54LA - Smart TV OLED EVO AI C5 55"" 4K, 2025",https://www.amazon.es/dp/B0F3D7S36K,55.0,839.0,839.0,EUR,839.0,Amazon,ES,2026-08-29T11:06:28Z,B0F3D7S36K,,,,,
LG,"LG OLED42C54LA - TV 42"", OLED EVO 4K, Smart TV AI C5, WebOS 25, Super Upscaling, Dolby Vision y Dolby Atmos, AMD FreeSync, Alexa/Google Assistant, Negro",https://www.amazon.es/dp/B0F3D644H2,42.0,,,,,Amazon,ES,2026-08-29T11:06:28Z,B0F3D644H2,,,,,
LG,"LG OLED48C54LA - TV 48"", OLED EVO 4K, Smart TV AI C5, WebOS 25, Super Upscaling, Dolby Vision y Dolby Atmos, AMD FreeSync, Alexa/Google Assistant, Negro",https://www.amazon.es/dp/B0F3D7TC7P,48.0,,,,,Amazon,ES,2026-08-29T11:06:28Z,B0F3D7TC7P,,,,,
Hisense,"Hisense 50E7NQ - QLED Smart TV, 50 Pulgadas Televisor, Quantum Dot Colour, Dolby Vision, Dolby Atmos, Modo Juego Plus, 60Hz VRR 120 fps, Bluetooth&HDMI,Control por Voz televisor, VIDAA",https://www.amazon.es/dp/B0CXTJJ3JG,50.0,,,,,Amazon,ES,2026-08-29T11:06:28Z,B0CXTJJ3JG,,,,,
Hisense,"Hisense 65E7NQ - QLED Smart TV, 65 Pulgadas Televisor, Quantum Dot Colour, Dolby Vision, Dolby Atmos, Modo Juego Plus, 60Hz VRR 120 fps, Bluetooth&HDMI,Control por Voz televisor, VIDAA",https://www.amazon.es/dp/B0CYQ253NW,65.0,,,,,Amazon,ES,2026-08-29T11:06:28Z,B0CYQ253NW,,,,,
Hisense,"Hisense 100E7NQ - QLED Smart TV, 100 Pulgadas Televisor, Quantum Dot Colour, Dolby Vision, Dolby Atmos, Modo Juego Plus, 60Hz VRR 120 fps, Bluetooth&HDMI,Control por Voz televisor, VIDAA",https://www.amazon.es/dp/B0DCC9GT65,100.0,,,,,Amazon,ES,2026-08-29T11:06:28Z,B0DCC9GT65,,,,,
Xiaomi,"XIAOMI TV F Pro 50, 50 Pulgadas (127 cm), 4K UHD QLED, Smart TV, Fire OS8, Control por Voz Alexa, HDR10, Modo Game Boost 120Hz, MEMC, Compatible con Apple AirPlay",https://www.amazon.es/dp/B0F45835F8,50.0,399.0,399.0,EUR,399.0,Amazon,ES,2026-08-29T11:06:28Z,B0F45835F8,,,,,
Xiaomi,"XIAOMI TV Pro 55 Pulgadas (140 cm), 4K UHD QLED Smart Fire TV, L55MB-FPVEU",https://www.amazon.es/dp/B0H448WZ71,55.0,449.0,449.0,EUR,449.0,Amazon,ES,2026-08-29T11:06:28Z,B0H448WZ71,,,,,
Samsung,"Samsung TV 65 Pulgadas QLED Q7F 4K Smart TV con Vision AI, 100% Volumen de Color con Quantum Dot y más de 500 Canales",https://www.amazon.es/dp/B0F2FNK6DF,65.0,,,,,Amazon,ES,2026-08-29T11:06:28Z,B0F2FNK6DF,,,,,
Hisense,"Hisense 50U6NQ - Mini-LED TV, 50 Pulgadas, con Quantum Dot Colour, Full Array Local Dimming, Modo Juego 60 Hz VRR 120 fps, Dolby Vision & Dolby Atmos,AirPlay,Procesador Hi-View Engine (Nuevo 2024)",https://www.amazon.es/dp/B0CXTPF93F,50.0,,,,,Amazon,ES,2026-08-29T11:06:28Z,B0CXTPF93F,,,,,
Hisense,"Hisense 55U6NQ - Mini-LED TV, 55 Pulgadas, con Quantum Dot Colour, Full Array Local Dimming, Modo Juego 60 Hz VRR 120 fps, Dolby Vision & Dolby Atmos,AirPlay,Procesador Hi-View Engine (Nuevo 2024)",https://www.amazon.es/dp/B0CXTNG23H,55.0,,,,,Amazon,ES,2026-08-29T11:06:28Z,B0CXTNG23H,,,,,
Sony,"Sony BRAVIA XR-55A80L, 55 Pulgadas, TV OLED con 4K HDR, Smart Google TV, Eco Pack, Bravia Core, Óptimo para PlayStation5, Diseño Integral",https://www.amazon.es/dp/B0BYGV7RC1,55.0,,,,,Amazon,ES,2026-08-29T11:06:28Z,B0BYGV7RC1,,,,,
Sony,"Sony BRAVIA XR-83A80L, 83 Pulgadas, TV OLED con 4K HDR, Smart Google TV, Eco Pack, Bravia Core, Óptimo para PlayStation5, Diseño Integral",https://www.amazon.es/dp/B0BYGK7VBK,83.0,,,,,Amazon,ES,2026-08-29T11:06:28Z,B0BYGK7VBK,,,,,
Philips,"PHILIPS 75PUS7810 Smart TV 4K LED - Pantalla de 75 Pulgadas con Plataforma Titan OS, Pixel Precise Ultra HD y Sonido Dolby Atmos - Funciona con Alexa y con el Asistente de Voz de Google",https://www.amazon.es/dp/B0F338VY9C,75.0,599.0,599.0,EUR,599.0,Amazon,ES,2026-08-29T11:06:28Z,B0F338VY9C,,,,,
Philips,"PHILIPS 43PUS7810 Smart TV 4K LED - Pantalla de 43 Pulgadas con Plataforma Titan OS, Pixel Precise Ultra HD y Sonido Dolby Atmos - Funciona con Alexa y con el Asistente de Voz de Google",https://www.amazon.es/dp/B0F33B383R,43.0,,,,,Amazon,ES,2026-08-29T11:06:28Z,B0F33B383R,,,,,
Philips,"PHILIPS 50PUS7810 Smart TV 4K LED - Pantalla de 50 Pulgadas con Plataforma Titan OS, Pixel Precise Ultra HD y Sonido Dolby Atmos - Funciona con Alexa y con el Asistente de Voz de Google",https://www.amazon.es/dp/B0F3374HTY,50.0,,,,,Amazon,ES,2026-08-29T11:06:28Z,B0F3374HTY,,,,,
Philips,"Philips 65PUS7810 Smart TV 4K LED - Pantalla de 65 Pulgadas con Plataforma Titan OS, Pixel Precise Ultra HD y Sonido Dolby Atmos - Funciona con Alexa y con el Asistente de Voz de Google",https://www.amazon.es/dp/B0F33BKLKL,65.0,,,,,Amazon,ES,2026-08-29T11:06:28Z,B0F33BKLKL,,,,,
Samsung,"Samsung TV 85 Pulgadas Neo QLED QN80F 4K Mini LED Smart TV con Vision AI, Quantum Matrix Technology Core, Motion Xcelerator 144Hz y Gaming Hub",https://www.amazon.es/dp/B0F2FNFKDD,85.0,2079.0,2079.0,EUR,2079.0,Amazon,ES,2026-08-29T11:06:28Z,B0F2FNFKDD,,,,,
Samsung,"Samsung TV 100 Pulgadas Neo QLED QN80F 4K Mini LED Smart TV con Vision AI, Quantum Matrix Technology Core, Motion Xcelerator 144Hz y Gaming Hub",https://www.amazon.es/dp/B0F22834RH,100.0,,,,,Amazon,ES,2026-08-29T11:06:28Z,B0F22834RH,,,,,
LG,"LG OLED55B56LA - TV 55"", OLED 4K, Smart TV AI B5, WebOS 25, Super Upscaling, Dolby Vision y Dolby Atmos, AMD FreeSync, Alexa/Google Assistant, Negro",https://www.amazon.es/dp/B0F3D8DRTN,55.0,,,,,Amazon,ES,2026-08-29T11:06:28Z,B0F3D8DRTN,,,,,
Hisense,"Hisense 75U7NQ - Mini-LED TV, 75 Pulgadas, con Quantum Dot Colour, Modo Juego de 144Hz VRR 240 fps, Full Array Local Dimming, Procesador Hi-View Engine,Dolby Vision IQ & Dolby Atmos (Nuevo 2024)",https://www.amazon.es/dp/B0CXTKYLCV,75.0,1785.99,1785.99,EUR,1785.99,Amazon,ES,2026-08-29T11:06:28Z,B0CXTKYLCV,,,,,
Hisense,"Hisense 85U7NQ - Mini-LED TV, 85 Pulgadas, con Quantum Dot Colour, Modo Juego de 144Hz VRR 240 fps, Full Array Local Dimming, Procesador Hi-View Engine,Dolby Vision IQ & Dolby Atmos (Nuevo 2024)",https://www.amazon.es/dp/B0D7CWPC5W,85.0,,,,,Amazon,ES,2026-08-29T11:06:28Z,B0D7CWPC5W,,,,,
Hisense,"Hisense 75U8NQ - Mini-LED Televisor, 75 Pulgadas,con Quantum Dot Colour, 2.1.2 Sonido multicanal, Modo Juego de 144Hz VRR 240 fps, Dolby Vision IQ & Dolby Atmos, Procesador Hi-View Engine (Nuevo 2024)",https://www.amazon.es/dp/B0D35H4SWP,75.0,2099.0,2099.0,EUR,2099.0,Amazon,ES,2026-08-29T11:06:28Z,B0D35H4SWP,,,,,
Philips,"PHILIPS Ambilight 55PUS8510 4K QLED Smart TV - Pantalla de 55 Pulgadas con Plataforma Titan OS, Pixel Precise Ultra HD y Sonido Dolby Atmos - Funciona con Alexa y con el Asistente de Voz de Google",https://www.amazon.es/dp/B0F33B41NB,55.0,,,,,Amazon,ES,2026-08-29T11:06:28Z,B0F33B41NB,,,,,
Samsung,"Samsung TV 115 Pulgadas Neo QLED QN90F 4K Mini LED Smart TV, Imagen y Sonido con IA 4K, Samsung Vision AI, Pantalla sin Reflejos con Glare Free y Quantum Matrix Technology Plus",https://www.amazon.es/dp/B0F222BT5D,115.0,,,,,Amazon,ES,2026-08-29T11:06:28Z,B0F222BT5D,,,,,
Philips,"PHILIPS 65MLED820 Mini LED 4K Smart TV - Pantalla de 65 Pulgadas con Motor P5 Picture Engine Ultra HD, Titan OS, Dolby Vision y Sonido Dolby Atmos",https://www.amazon.es/dp/B0F33J3GRD,65.0,,,,,Amazon,ES,2026-08-29T11:06:28Z,B0F33J3GRD,,,,,
Philips,"PHILIPS 75MLED820 Mini LED 4K Smart TV - Pantalla de 75 Pulgadas con Motor P5 Picture Engine Ultra HD, Titan OS, Dolby Vision y Sonido Dolby Atmos",https://www.amazon.es/dp/B0F338H6TV,75.0,,,,,Amazon,ES,2026-08-29T11:06:28Z,B0F338H6TV,,,,,
Xiaomi,"XIAOMI TV S Mini 75"", Diseño sin Bordes, Google TV, QD-Mini LED, 1200 nits de Brillo máximo, Alta tasa de refresco 4K de 144 H,Ultra Fluido para Gaming, Dolby Vision IQ & Dolby Atmos,Google Assistant",https://www.amazon.es/dp/B0DJM9RT2C,75.0,819.0,819.0,EUR,819.0,Amazon,ES,2026-08-29T11:06:28Z,B0DJM9RT2C,,,,,
Xiaomi,"XIAOMI TV S Mini LED 65"" (165 cm), QLED Mini LED Televisión, 4K UHD, Smart TV con Google TV, HDR10+, Triple Tuner, DVB T2, 60Hz con 120Hz Game Boost Mode, MEMC, Dolby Audio, Airplay 2",https://www.amazon.es/dp/B0GJ3J2SGQ,65.0,690.0,690.0,EUR,690.0,Amazon,ES,2026-08-29T11:06:28Z,B0GJ3J2SGQ,,,,,
Xiaomi,"XIAOMI TV S Mini LED 85"" (216 cm), QLED Mini LED Televisión, Smart TV con Dolby Vision + Dolby Atmos, 144Hz con 288Hz Game Boost Mode, 4K UHD, HDR10+, MEMC, Google TV, Airplay 2, Google Assistant",https://www.amazon.es/dp/B0GJ3HX67D,85.0,1329.0,1329.0,EUR,1329.0,Amazon,ES,2026-08-29T11:06:28Z,B0GJ3HX67D,,,,,
Xiaomi,"XIAOMI TV S Mini LED 98"" (249 cm), QLED Mini LED Televisión, Smart TV con Dolby Vision + Dolby Atmos, 144Hz con 288Hz Game Boost Mode, 4K UHD, HDR10+, MEMC, Google TV, Airplay 2, Google Assistant",https://www.amazon.es/dp/B0GJ3MP3Z8,98.0,2149.0,2149.0,EUR,2149.0,Amazon,ES,2026-08-29T11:06:28Z,B0GJ3MP3Z8,,,,,
