brand_raw,raw_text,url,size_hint_inch,price_hint_eur,price_local,currency,price_eur,platform,country,scraped_at,asin,elkjop_sku,model_year,filter_year,source_brand,fx_rate_date
Samsung,"Samsung Smart TV 40'' UE40F6000FUXZT FHD, Hyper Real Processor, HDR & Pur Color, Smart Experience, OTS Lite & Adaptive Sou...",https://www.amazon.it/dp/B0DF6NQWTW,40.0,269.0,269.0,EUR,269.0,Amazon,IT,2026-07-31T07:00:24Z,B0DF6NQWTW,,,,,
Samsung,"Samsung QLED 4K Vision AI Smart TV 43'' QE43Q7F4AUXZT QLED 4K, Q4 Processor, 100% Volume Colore con Quantum Dot, Motion Xc...",https://www.amazon.it/dp/B0F4T3L594,43.0,359.0,359.0,EUR,359.0,Amazon,IT,2026-07-31T07:00:24Z,B0F4T3L594,,,,,
Samsung,"Samsung HD Smart TV 32'' UE32H5000FKXZT HD, Hyper Real Processor, HDR & Pur Color, Smart Experience, OTS Lite & Adaptive S...",https://www.amazon.it/dp/B0DF6NHYS6,32.0,199.0,199.0,EUR,199.0,Amazon,IT,2026-07-31T07:00:24Z,B0DF6NHYS6,,,,,
Samsung,"Samsung Crystal UHD 4K Smart TV 55'' UE55U8090FUXZT, Crystal 4K Processor, HDR, Smart Experience, OTS Lite & Adaptive Soun...",https://www.amazon.it/dp/B0F4SMDPLN,55.0,369.0,369.0,EUR,369.0,Amazon,IT,2026-07-31T07:00:24Z,B0F4SMDPLN,,,,,
Samsung,"Samsung Crystal UHD 4K Smart TV 50'' UE50U8090FUXZT, Crystal 4K Processor, HDR, Smart Experience, OTS Lite & Adaptive Soun...",https://www.amazon.it/dp/B0F4T2H64V,50.0,339.0,339.0,EUR,339.0,Amazon,IT,2026-07-31T07:00:24Z,B0F4T2H64V,,,,,
Samsung,"Samsung Crystal UHD 4K Smart TV 43'' UE43U7000FUXZT, Crystal 4K Processor, HDR, Smart Experience, OTS Lite & Adaptive Soun...",https://www.amazon.it/dp/B0F4T2KFZM,43.0,314.33,314.33,EUR,314.33,Amazon,IT,2026-07-31T07:00:24Z,B0F4T2KFZM,,,,,
Samsung,"Samsung QLED 4K Vision AI Smart TV 50'' QE50Q7F4AUXZT, Q4 Processor, 100% Volume Colore con Quantum Dot, Motion Xcelerato...",https://www.amazon.it/dp/B0F4STTNXW,50.0,399.0,399.0,EUR,399.0,Amazon,IT,2026-07-31T07:00:24Z,B0F4STTNXW,,,,,
Samsung,"Samsung Neo QLED 4K Vision AI Smart TV 65'' QE65QN74FATXZT Mini LED, NQ4 AI Gen2 Processor, 4K AI Upscaling, Motion Xceler...",https://www.amazon.it/dp/B0F4STTBBR,65.0,771.0,771.0,EUR,771.0,Amazon,IT,2026-07-31T07:00:24Z,B0F4STTBBR,,,,,
Samsung,"Samsung OLED 4K Vision AI Smart TV 55'' QE55S94FAEXZT OLED 4K, NQ4 AI Gen3 Processor, 4K AI Upscaling Pro, Motion Xcelerat...",https://www.amazon.it/dp/B0F4T42MF6,55.0,899.0,899.0,EUR,899.0,Amazon,IT,2026-07-31T07:00:24Z,B0F4T42MF6,,,,,
Samsung,"Samsung Crystal UHD 4K Smart TV 65'' UE65U7000FUXZT, Crystal 4K Processor, HDR, Smart Experience, OTS Lite & Adaptive Soun...",https://www.amazon.it/dp/B0F4T91QVZ,65.0,474.0,474.0,EUR,474.0,Amazon,IT,2026-07-31T07:00:24Z,B0F4T91QVZ,,,,,
Samsung,"Samsung Smart TV 50'' QE50QN94FATXZT Neo QLED 4K Mini LED, NQ4 AI Gen3 Processor, 4K AI Upscaling Pro, Glare Free, Motion ...",https://www.amazon.it/dp/B0F4T26ZVW,50.0,649.0,649.0,EUR,649.0,Amazon,IT,2026-07-31T07:00:24Z,B0F4T26ZVW,,,,,
Samsung,"Samsung Smart TV 32"" QE32Q5FAAUXZT QLED, Full HD, Real QLED, Quantum HDR, Contrast Enhancer, OTS Lite, Adaptive Sound, Gam...",https://www.amazon.it/dp/B0GWN3FQZ4,32.0,349.0,349.0,EUR,349.0,Amazon,IT,2026-07-31T07:00:24Z,B0GWN3FQZ4,,,,,
Samsung,"Samsung Neo QLED 4K Vision AI Smart TV 55'' QE55QN74FATXZT Mini LED, NQ4 AI Gen2 Processor, AI Upscaling, Motion Xcelerato...",https://www.amazon.it/dp/B0F4SPK1HV,55.0,569.0,569.0,EUR,569.0,Amazon,IT,2026-07-31T07:00:24Z,B0F4SPK1HV,,,,,
Samsung,"Samsung Neo QLED 4K Vision AI Smart TV 55'' QE55QN85FAUXZT, NQ4 AI Gen2 Processor, 4K AI Upscaling, Dolby Atmos & OTS Lit...",https://www.amazon.it/dp/B0F7LM3M8S,55.0,599.0,599.0,EUR,599.0,Amazon,IT,2026-07-31T07:00:24Z,B0F7LM3M8S,,,,,
Samsung,"Samsung OLED 4K Vision AI Smart TV 48'' QE48S94FAEXZT, NQ4 AI Gen3 Processor, 4K AI Upscaling Pro, Motion Xcelerator 144H...",https://www.amazon.it/dp/B0F4SJ2MFJ,48.0,699.0,699.0,EUR,699.0,Amazon,IT,2026-07-31T07:00:24Z,B0F4SJ2MFJ,,,,,
Samsung,"Samsung Smart TV 55"" UE55M80HAUXZT Mini LED 4K, HDR 10+, Motion Xcelerator 144Hz, Adpative Sound+, AI Football Mode, Voice...",https://www.amazon.it/dp/B0GX1JTQZM,55.0,509.0,509.0,EUR,509.0,Amazon,IT,2026-07-31T07:00:24Z,B0GX1JTQZM,,,,,
Samsung,"Samsung Lifestyle TV QE32LS03CBUXZT The Frame QLED Full HD, Smart TV 32"" Matte Display, Art Mode, OTS Lite, Integrato con ...",https://www.amazon.it/dp/B0BWFPKGMZ,32.0,299.0,299.0,EUR,299.0,Amazon,IT,2026-07-31T07:00:24Z,B0BWFPKGMZ,,,,,
Samsung,"Samsung QLED 4K Vision AI Smart TV 55'' QE55Q6FAAUXZT, Q4 Lite Processor, 4K AI Upscaling, Art Store, OTS Lite & Adaptive ...",https://www.amazon.it/dp/B0FXGJKMQQ,55.0,433.0,433.0,EUR,433.0,Amazon,IT,2026-07-31T07:00:24Z,B0FXGJKMQQ,,,,,
Samsung,"Samsung Smart TV 50'' QE50QN83FAUXZT Neo QLED 4K Mini LED, NQ4 AI Gen2 Processor, 4K AI Upscaling, AI Customization Mode, ...",https://www.amazon.it/dp/B0F4STPQMF,50.0,549.0,549.0,EUR,549.0,Amazon,IT,2026-07-31T07:00:24Z,B0F4STPQMF,,,,,
Samsung,"Samsung TV UE32T5372CDXZT Full HD, Smart TV 32"" HDR, Purcolor, WiFi, Slim Design, Integrato con Bixby e Alexa compatibile ...",https://www.amazon.it/dp/B0BWFP79TV,32.0,229.0,229.0,EUR,229.0,Amazon,IT,2026-07-31T07:00:24Z,B0BWFP79TV,,,,,
Samsung,"Samsung Business TV Serie BEF-H da 50"", UHD 3840x2160 con Funzionalità HDR10+, Tizen, HDMI, USB, Bluetooth, WiFi, Accesso ...",https://www.amazon.it/dp/B0GBYXR1RS,50.0,299.9,299.9,EUR,299.9,Amazon,IT,2026-07-31T07:00:24Z,B0GBYXR1RS,,,,,
Xiaomi,"XIAOMI TV F 32, 32 pollici (81 cm), HD, Smart TV, Fire TV,Triple Tuner DVB-C/S/S2/T/T2, Dolby Audio, DTS Virtual:X, DTS-H...",https://www.amazon.it/dp/B0F4548TCQ,32.0,139.0,139.0,EUR,139.0,Amazon,IT,2026-07-31T07:00:24Z,B0F4548TCQ,,,,,
Samsung,Samsung QE32Q5FAAUXZT - Smart TV 32 Pollici Full HD QLED DVB-T2 CI+ HbbTV Classe Energetica F,https://www.amazon.it/dp/B0H4MHNH14,32.0,,,,,Amazon,IT,2026-07-31T07:00:24Z,B0H4MHNH14,,,,,
Samsung,"Samsung Smart TV 43"" UE43M72HAUXZT Mini LED 4K, HDR 10+, Motion Xcelerator 50Hz, Dynamic Sound Pack, Gaming Hub, Pure Spec...",https://www.amazon.it/dp/B0GX1PLM4D,43.0,399.0,399.0,EUR,399.0,Amazon,IT,2026-07-31T07:00:24Z,B0GX1PLM4D,,,,,
Samsung,"Samsung TV UE43DU7190UXZT LED 4K, Smart TV 43"" Crystal Processor 4K, Slim Look, DVBT-2, Q-Symphony & OTS Lite, Integrato c...",https://www.amazon.it/dp/B0D17TB2DX,43.0,,,,,Amazon,IT,2026-07-31T07:00:24Z,B0D17TB2DX,,,,,
Samsung,"Samsung Smart TV 65"" UE65M72HAUXZT Mini LED 4K, HDR 10+, Motion Xcelerator 50Hz, Dynamic Sound Pack, Gaming Hub, Pure Spec...",https://www.amazon.it/dp/B0GX21RDRY,65.0,649.0,649.0,EUR,649.0,Amazon,IT,2026-07-31T07:00:24Z,B0GX21RDRY,,,,,
Samsung,"Samsung Smart TV 43"" QE43Q64DAUXZT QLED 4K Upscaling, Processore Quantum 4K Lite, AirSlim Design, DVBT-2, Q-Symphony & OTS...",https://www.amazon.it/dp/B0D2DV159J,43.0,,,,,Amazon,IT,2026-07-31T07:00:24Z,B0D2DV159J,,,,,
Samsung,"Samsung Smart TV 43"" UE43DU7170UXZT, Crystal 4K UHD, 4K Upscaling, Slim Look, DVBT-2, Q-Symphony & OTS Lite, Integrato con...",https://www.amazon.it/dp/B0D2DS47KW,43.0,304.63,304.63,EUR,304.63,Amazon,IT,2026-07-31T07:00:24Z,B0D2DS47KW,,,,,
Samsung,"Samsung QLED 4K Vision AI Smart TV 65'' QE65Q8FAAUXZT, Q8F, Q4 AI Processor, 4K Upscaling, OTS Lite, Air Slim Design, 100%...",https://www.amazon.it/dp/B0F7LKBGCY,65.0,749.0,749.0,EUR,749.0,Amazon,IT,2026-07-31T07:00:24Z,B0F7LKBGCY,,,,,
Samsung,"Samsung OLED 4K Vision AI Smart TV 55'' QE55S95FATXZT, NQ4 AI Gen4 Processor, 4K AI Upscaling, Glare Free, Dolby Atmos & O...",https://www.amazon.it/dp/B0F7LP3VBR,55.0,1299.0,1299.0,EUR,1299.0,Amazon,IT,2026-07-31T07:00:24Z,B0F7LP3VBR,,,,,
Samsung,"Samsung Full HD Smart TV 32'' UE32F6000FUXZT FHD, Hyper Real Processor, HDR & Pur Color, Smart Experience, OTS Lite & Adap...",https://www.amazon.it/dp/B0F7LK6NJ8,32.0,,,,,Amazon,IT,2026-07-31T07:00:24Z,B0F7LK6NJ8,,,,,
Samsung,"Samsung Smart TV 55"" UE55U8090HUXZT Crystal UHD, Crystal 4K Processor, HDR10+, PurColor, Motion Xcelerator, Dynamic Sound ...",https://www.amazon.it/dp/B0GZL9TNZV,55.0,449.0,449.0,EUR,449.0,Amazon,IT,2026-07-31T07:00:24Z,B0GZL9TNZV,,,,,
Samsung,"Samsung OLED 4K Vision AI Smart TV 65'' QE65S85FAEXZT, NQ4 AI Gen2 Processor, 4K AI Upscaling, Glare Free, Dolby Atmos & O...",https://www.amazon.it/dp/B0F7LMKF5C,65.0,1099.0,1099.0,EUR,1099.0,Amazon,IT,2026-07-31T07:00:24Z,B0F7LMKF5C,,,,,
Samsung,"Samsung Smart TV 43'' QE43QN94FATXZT Neo QLED 4K Mini LED, NQ4 AI Gen3 Processor, 4K AI Upscaling Pro, Glare Free, Motion ...",https://www.amazon.it/dp/B0F4TC9CQ4,43.0,,,,,Amazon,IT,2026-07-31T07:00:24Z,B0F4TC9CQ4,,,,,
Samsung,"Samsung Smart TV 55"" QE55S83HAEXZT OLED 4K, NQ4 AI Gen2 Processor, OLED HDR, Motion Xcelerator 120Hz, Dolby Atmos, FreeSyn...",https://www.amazon.it/dp/B0GXWL3C53,55.0,1073.0,1073.0,EUR,1073.0,Amazon,IT,2026-07-31T07:00:24Z,B0GXWL3C53,,,,,
Samsung,"Samsung QLED Q8F 4K Smart TV 55 pollici con visione AI, volume di colore 100% con processore Quantum Dot, HDR10+, Q4 AI, O...",https://www.amazon.it/dp/B0FM989471,55.0,467.57,467.57,EUR,467.57,Amazon,IT,2026-07-31T07:00:24Z,B0FM989471,,,,,
Samsung,"Samsung OLED 4K Vision AI Smart TV 77'' QE77S85FAEXZT, NQ4 AI Gen2 Processor,AI Upscaling, Glare Free, Dolby Atmos & OTS L...",https://www.amazon.it/dp/B0F7LJQJ3X,77.0,1499.0,1499.0,EUR,1499.0,Amazon,IT,2026-07-31T07:00:24Z,B0F7LJQJ3X,,,,,
Samsung,"Samsung Smart TV 65"" QE65QN72HAUXZT Neo QLED 4K Mini LED, NQ4 AI Processor, Quantum Mini LED, Real QLED 100% Colour Volum...",https://www.amazon.it/dp/B0H26LPQT2,65.0,999.0,999.0,EUR,999.0,Amazon,IT,2026-07-31T07:00:24Z,B0H26LPQT2,,,,,
Samsung,"Samsung QLED 4K Vision AI Smart TV 98'' QE98Q7FAAUXZT Q7F, Q4 AI Processor, 100% Volume Colore con Quantum Dot, Motion Xce...",https://www.amazon.it/dp/B0GMRDH68F,98.0,1593.0,1593.0,EUR,1593.0,Amazon,IT,2026-07-31T07:00:24Z,B0GMRDH68F,,,,,
Samsung,"Samsung Smart TV 55"" S90F OLED QE55S90FAEXZT 4K Vision AI, DVB-T2, Wi-Fi, Nero",https://www.amazon.it/dp/B0FM4C699L,55.0,864.03,864.03,EUR,864.03,Amazon,IT,2026-07-31T07:00:24Z,B0FM4C699L,,,,,
Samsung,"Samsung TV UE98DU9070UXZT LED 4K, Smart TV 98"" Crystal Processor 4K, Slim Look, DVBT-2, Q-Symphony & OTS Lite, compatibile...",https://www.amazon.it/dp/B0D2DXXFRW,98.0,1399.0,1399.0,EUR,1399.0,Amazon,IT,2026-07-31T07:00:24Z,B0D2DXXFRW,,,,,
Samsung,"Samsung The Frame 4K Vision AI Smart TV 43'' QE43LS03FAUXZT QLED 4K, NQ4 AI Gen2 Processor, AI Upscaling, Matte Display, D...",https://www.amazon.it/dp/B0F7LKMLPP,43.0,629.0,629.0,EUR,629.0,Amazon,IT,2026-07-31T07:00:24Z,B0F7LKMLPP,,,,,
Panasonic,"Panasonic TB-32S45AEZ, Serie S45 32 pollici Smart TV LED Full HD, 2024, TiVo, Controllo Vocale Google e Alexa, Game Mode, ...",https://www.amazon.it/dp/B0H2MTPSGX,32.0,205.0,205.0,EUR,205.0,Amazon,IT,2026-07-31T07:00:24Z,B0H2MTPSGX,,,,,
Panasonic,"Panasonic TB-24S40AEZC, 24 pollici televisore LED HD, TiVo | Controllo Vocale Google e Alexa, Game Mode, Media Player, HD...",https://www.amazon.it/dp/B0H2MQLH8S,24.0,179.0,179.0,EUR,179.0,Amazon,IT,2026-07-31T07:00:24Z,B0H2MQLH8S,,,,,
Samsung,"Samsung OLED 4K Vision AI Smart TV 77'' QE77S94FAEXZT, NQ4 AI Gen3 Processor, 4K AI Upscaling Pro, Motion Xcelerator 144H...",https://www.amazon.it/dp/B0F4SRXXF3,77.0,,,,,Amazon,IT,2026-07-31T07:00:24Z,B0F4SRXXF3,,,,,
Samsung,"Samsung TV LED 55"" QE55Q7FAAUXXH Ultra HD 4K QLED Smart TV WiFi DVB-T2 [Versione Ungherese]",https://www.amazon.it/dp/B0FHX2NJ9Y,55.0,382.33,382.33,EUR,382.33,Amazon,IT,2026-07-31T07:00:24Z,B0FHX2NJ9Y,,,,,
Samsung,Samsung UE43M70HAUXZT - Smart TV 43 Pollici 4K 3840 x 2160 LED DVB-T2 Wifi Nero Classe Energetica F,https://www.amazon.it/dp/B0H4MN7GTY,43.0,374.5,374.5,EUR,374.5,Amazon,IT,2026-07-31T07:00:24Z,B0H4MN7GTY,,,,,
Samsung,"Samsung Neo QLED 4K QN70F 55"" Mini TV LED, processore NQ4 AI Gen2, Quantum Matrix Technology Slim, Motion Xcelerator 144H...",https://www.amazon.it/dp/B0FM8TDCTT,55.0,564.45,564.45,EUR,564.45,Amazon,IT,2026-07-31T07:00:24Z,B0FM8TDCTT,,,,,
Samsung,"Samsung QLED 4K Vision AI Smart TV 43'' QE43Q8FAAUXZT, Q8F, Q4 AI Processor, 4K Upscaling, OTS Lite, Air Slim Design, 100%...",https://www.amazon.it/dp/B0F7LHMXPY,43.0,,,,,Amazon,IT,2026-07-31T07:00:24Z,B0F7LHMXPY,,,,,
Samsung,"Samsung TV 75"" QE75QN900BTXZT NEO QLED 8K, Quantum Matrix Pro, mini LED, Processore Neural Quantum 8K, Infinity Screen, At...",https://www.amazon.it/dp/B09XN4ZL3Q,75.0,1599.0,1599.0,EUR,1599.0,Amazon,IT,2026-07-31T07:00:24Z,B09XN4ZL3Q,,,,,
Samsung,"SAMSUNG UE50U8072FUXXH 127 cm (50"") 4K Ultra HD Smart TV Wi-Fi Nero [Versione Ungherese]",https://www.amazon.it/dp/B0FMF8VJB1,50.0,324.3,324.3,EUR,324.3,Amazon,IT,2026-07-31T07:00:24Z,B0FMF8VJB1,,,,,
Xiaomi,"XIAOMI TV F Pro 32, 32 pollici (81 cm), QLED, Smart TV, Fire TV, Triple Tuner DVB-C/S/S2/T/T2,Dolby Audio, DTS Virtual:X, ...",https://www.amazon.it/dp/B0F457M449,32.0,159.0,159.0,EUR,159.0,Amazon,IT,2026-07-31T07:00:24Z,B0F457M449,,,,,
Samsung,"Samsung TV 85"" QE85QN90BATXZT NEO QLED 4K, Quantum Matrix, mini LED, Processore Neo Quantum 4K, Quantum HDR, Dolby Atmos e...",https://www.amazon.it/dp/B09XN67CDC,85.0,1399.0,1399.0,EUR,1399.0,Amazon,IT,2026-07-31T07:00:24Z,B09XN67CDC,,,,,
Samsung,"SAMSUNG UE43U8072FUXXH 109,2 cm (43"") 4K Ultra HD Smart TV Wi-Fi Nero [Versione Ungherese]",https://www.amazon.it/dp/B0FLDQF3Y7,43.0,,,,,Amazon,IT,2026-07-31T07:00:24Z,B0FLDQF3Y7,,,,,
Samsung,"Samsung QLED 4K Vision AI Smart TV 55'' QE55Q7F5AUXZT, Q4 AI Processor, Upscaling, 100% di Volume Colore con Quantum Dot, ...",https://www.amazon.it/dp/B0F7LJZCDT,55.0,449.0,449.0,EUR,449.0,Amazon,IT,2026-07-31T07:00:24Z,B0F7LJZCDT,,,,,
Samsung,"Samsung TV QE32Q50AEUXZT QLED Full HD, Smart TV 32"" Quantum HDR, 100% Volume Colore, OTS Lite, Slim Design, Integrato con ...",https://www.amazon.it/dp/B0BWFMYZQG,32.0,,,,,Amazon,IT,2026-07-31T07:00:24Z,B0BWFMYZQG,,,,,
Samsung,"SAMSUNG Smart TV 24"" UE24F6002FKXXH FHD 2025 [Versione Ungherese]",https://www.amazon.it/dp/B0FLQX6VV4,24.0,184.9,184.9,EUR,184.9,Amazon,IT,2026-07-31T07:00:24Z,B0FLQX6VV4,,,,,
Samsung,"Samsung Lifestyle TV QE50LS03BGUXZT The Frame QLED 4K, Smart TV 50"" Matte Display, Art Mode, Dolby Atmos e OTS Lite, Integ...",https://www.amazon.it/dp/B0CMJ1C85M,50.0,484.0,484.0,EUR,484.0,Amazon,IT,2026-07-31T07:00:24Z,B0CMJ1C85M,,,,,
Samsung,"Samsung TV UE24N4300ADXZT HD, Smart TV 24"" HDR, Purcolor, WiFi, Slim Design, Black 2020",https://www.amazon.it/dp/B0BWFNF2RJ,24.0,,,,,Amazon,IT,2026-07-31T07:00:24Z,B0BWFNF2RJ,,,,,
Samsung,"Samsung TV UE32T4300AKXZT Smart TV HD, 32' Pollici, Nero (Ricondizionato)",https://www.amazon.it/dp/B09YM6VQR6,32.0,172.0,172.0,EUR,172.0,Amazon,IT,2026-07-31T07:00:24Z,B09YM6VQR6,,,,,
Samsung,"Samsung Neo QLED 8K Vision AI Smart TV 65'' QE65QN900FTXZT Mini LED, NQ8 AI Gen3 Processor, 8K AI Upscaling, Glare Free, D...",https://www.amazon.it/dp/B0F7LLX6G2,65.0,1799.0,1799.0,EUR,1799.0,Amazon,IT,2026-07-31T07:00:24Z,B0F7LLX6G2,,,,,
Samsung,"Samsung QE43Q7FAAU - TV 43 Pollici, Smart TV DVB-T2, 3840 x 2160 Pixel 4K, Classe energetica G [Versione Ungherese]",https://www.amazon.it/dp/B0FM3ZTMKS,43.0,269.0,269.0,EUR,269.0,Amazon,IT,2026-07-31T07:00:24Z,B0FM3ZTMKS,,,,,
Samsung,"Samsung QE50Q7FAAUXZT Televisione 50"" Smart TV QLED 4K DVB-T2 HEVC MAIN 10",https://www.amazon.it/dp/B0FLYNMKQ7,50.0,395.0,395.0,EUR,395.0,Amazon,IT,2026-07-31T07:00:24Z,B0FLYNMKQ7,,,,,
Samsung,"SAMSUNG TELEVISOR UE55AU7172U 55"" CRYSTAL UHD 4K WIFI SMART GRIS HDMI USB",https://www.amazon.it/dp/B0992PVBG9,55.0,369.0,369.0,EUR,369.0,Amazon,IT,2026-07-31T07:00:24Z,B0992PVBG9,,,,,
Samsung,"Samsung Series 4 UE32T4302AE 81,3 cm (32"") HD Smart TV Wifi Noir",https://www.amazon.it/dp/B0C277D7N8,32.0,209.9,209.9,EUR,209.9,Amazon,IT,2026-07-31T07:00:24Z,B0C277D7N8,,,,,
Panasonic,"Panasonic TV-32S50AEZC, 32 pollici televisore TV LED HD TV, Fire TV | HD Colour Engine, HDR, Alexa Voice Control, Game Mod...",https://www.amazon.it/dp/B0H2MTB4V6,32.0,249.0,249.0,EUR,249.0,Amazon,IT,2026-07-31T07:00:24Z,B0H2MTB4V6,,,,,
Panasonic,"Panasonic TV-40S55AEZ, Serie S55 40 pollici Smart TV LED Full HD, 2024, Fire TV, HD Colour Engine, HDR, Alexa Voice Contro...",https://www.amazon.it/dp/B0H2MJG3K9,40.0,275.0,275.0,EUR,275.0,Amazon,IT,2026-07-31T07:00:24Z,B0H2MJG3K9,,,,,
Samsung,Samsung UE50M70HAUXZT - TV 50 Pollici Smart TV 4K DVB-T2 LED Nero Classe Energetica F,https://www.amazon.it/dp/B0H4LZ5VCD,50.0,447.1,447.1,EUR,447.1,Amazon,IT,2026-07-31T07:00:24Z,B0H4LZ5VCD,,,,,
Samsung,"Samsung NeoQLED 4K Vision AI Smart TV 100'' QE100QN80FAUXZT Mini LED, NQ4 AI Gen2 Processor, 4K Upscaling,Dolby Atmos, Tec...",https://www.amazon.it/dp/B0FL824SM4,100.0,2799.0,2799.0,EUR,2799.0,Amazon,IT,2026-07-31T07:00:24Z,B0FL824SM4,,,,,
Samsung,"Samsung Smart TV 55"" QE55LS03HWUXZT The Frame Pro Neo QLED 4K, Glare Free, HDR10+, Dolby Atmos, Art Mode, Modern Frame Des...",https://www.amazon.it/dp/B0GWDYT97X,55.0,999.0,999.0,EUR,999.0,Amazon,IT,2026-07-31T07:00:24Z,B0GWDYT97X,,,,,
Samsung,"Samsung 32HT5300 Professional Hotel TV 32""",https://www.amazon.it/dp/B0C18ZG8P8,32.0,235.0,235.0,EUR,235.0,Amazon,IT,2026-07-31T07:00:24Z,B0C18ZG8P8,,,,,
Samsung,"Samsung TV TU7090 Smart TV 43”, Crystal UHD 4K, Wi-Fi, Black, 2020, compatibile con Alexa",https://www.amazon.it/dp/B08K952TVT,43.0,,,,,Amazon,IT,2026-07-31T07:00:24Z,B08K952TVT,,,,,
Samsung,"Samsung Lifestyle TV QE75LS03BGUXZT The Frame QLED 4K, Smart TV 75"" Matte Display, Art Mode, Dolby Atmos e OTS, Integrato ...",https://www.amazon.it/dp/B0BWFLSQQS,75.0,1696.62,1696.62,EUR,1696.62,Amazon,IT,2026-07-31T07:00:24Z,B0BWFLSQQS,,,,,
Samsung,"Samsung TV UE32T4300AEXZT HD, Smart TV 32"" HDR, Purcolor, WiFi, Slim Design, Integrato con Bixby e Alexa compatibile con G...",https://www.amazon.it/dp/B0BWFLLW74,32.0,289.0,289.0,EUR,289.0,Amazon,IT,2026-07-31T07:00:24Z,B0BWFLLW74,,,,,
Samsung,"Samsung Crystal UHD UE43CU7170UXZT, Smart TV 43"" Serie CU7000, Crystal UHD 4K, BLACK , 2023, DVB-T2",https://www.amazon.it/dp/B0BWFP2M6X,43.0,,,,,Amazon,IT,2026-07-31T07:00:24Z,B0BWFP2M6X,,,,,
Samsung,"Samsung Crystal UHD UE50CU7170UXZT, Smart TV 50"" Serie CU7000, Crystal UHD 4K, BLACK , 2023, DVB-T2",https://www.amazon.it/dp/B0BWFNC34D,50.0,379.0,379.0,EUR,379.0,Amazon,IT,2026-07-31T07:00:24Z,B0BWFNC34D,,,,,
Samsung,"Samsung TV UE43CU8070UXZT Crystal UHD 4K, Smart TV 43"" Processore Crystal 4K, HDR, Adaptive Sound, AirSlim Design, Integra...",https://www.amazon.it/dp/B0BWFNS2NS,43.0,,,,,Amazon,IT,2026-07-31T07:00:24Z,B0BWFNS2NS,,,,,
Samsung,"Samsung TV 85"" QE85QN800BTXZT NEO QLED 8K, Quantum Matrix Pro, mini LED, Processore Neural Quantum 8K, Infinity One Desig...",https://www.amazon.it/dp/B09XN5CKBT,85.0,1699.0,1699.0,EUR,1699.0,Amazon,IT,2026-07-31T07:00:24Z,B09XN5CKBT,,,,,
Samsung,"Cello CTRAV-24TZF Smart TV LED 24"" 12V con lettore DVD per camper e campeggio, Tizen OS di Samsung, Gaming Hub, altoparlan...",https://www.amazon.it/dp/B0GHRPLHJ9,24.0,269.99,269.99,EUR,269.99,Amazon,IT,2026-07-31T07:00:24Z,B0GHRPLHJ9,,,,,
Samsung,"Samsung TV QE50Q60CAUXZT QLED 4K, Smart TV 50"" Processore Quantum 4K Lite, 100% volume colore con Quantum Dot, OTS Lite, I...",https://www.amazon.it/dp/B0BWFQNKDC,50.0,444.24,444.24,EUR,444.24,Amazon,IT,2026-07-31T07:00:24Z,B0BWFQNKDC,,,,,
Samsung,"Samsung Smart TV 55"" QE55S95HATXZT OLED 4K Glare Free, HDR 10+, Motion Xcelerator 165Hz, Dolby Atmos, FreeSync Premium Pr...",https://www.amazon.it/dp/B0GWN8TMSL,55.0,1791.0,1791.0,EUR,1791.0,Amazon,IT,2026-07-31T07:00:24Z,B0GWN8TMSL,,,,,
Samsung,"Samsung TV 85"" QE85QN800CTXZT NEO QLED 8K, Quantum Matrix Technology Pro, Neural Quantum Processor 8K, Infinity One Desig...",https://www.amazon.it/dp/B0BWFN7QB4,85.0,1799.0,1799.0,EUR,1799.0,Amazon,IT,2026-07-31T07:00:24Z,B0BWFN7QB4,,,,,
Samsung,"Samsung Smart TV 85"" MRE85R95HATXZT Micro RGB 4K Glare Free, HDR10+, Motion Xcelerator 165Hz, Dolby Atmos, Super Picture E...",https://www.amazon.it/dp/B0GXWBZ81C,85.0,5599.0,5599.0,EUR,5599.0,Amazon,IT,2026-07-31T07:00:24Z,B0GXWBZ81C,,,,,
Samsung,"Samsung TV QE85QN800DTXZT Neo QLED 8K Mini LED, Smart TV 85"" Processore NQ8 AI Gen2, Infinity One, DVBT-2, Q-Symphony & Do...",https://www.amazon.it/dp/B0CZP656R8,85.0,2338.82,2338.82,EUR,2338.82,Amazon,IT,2026-07-31T07:00:24Z,B0CZP656R8,,,,,
Samsung,"Samsung QE55Q6FAAU - TV 55 Pollici, Smart TV, 4K, QLED, DVB-T2, Wi-Fi, Classe energetica G",https://www.amazon.it/dp/B0FTMFKQ53,55.0,433.0,433.0,EUR,433.0,Amazon,IT,2026-07-31T07:00:24Z,B0FTMFKQ53,,,,,
Samsung,Samsung UE43U7000HUXZT - Smart TV 43 Pollici LED 4K DVB-T2 Wifi HbbTV CI+ Nero Classe Energetica F,https://www.amazon.it/dp/B0H4MH2Q3B,43.0,323.44,323.44,EUR,323.44,Amazon,IT,2026-07-31T07:00:24Z,B0H4MH2Q3B,,,,,
Samsung,"Samsung Smart TV 83"" QE83S99HAEXZT OLED 4K Glare Free, HDR 10+, Motion Xcelerator 165Hz, Dolby Atmos, Gaming Hub, G-Sync, ...",https://www.amazon.it/dp/B0GWN13CXQ,83.0,5399.0,5399.0,EUR,5399.0,Amazon,IT,2026-07-31T07:00:24Z,B0GWN13CXQ,,,,,
Samsung,Samsung HG43U700FEUXZT - Hotel Tv 43 Pollici 4K Led DVB-T2 Nero Classe Energetica F,https://www.amazon.it/dp/B0H33CNR7P,43.0,381.91,381.91,EUR,381.91,Amazon,IT,2026-07-31T07:00:24Z,B0H33CNR7P,,,,,
Samsung,"Samsung Vision AI Smart TV 75'' QE75QN70FAUTXZT Neo QLED 4K Mini LED, NQ4 AI Gen2 Processor, Quantum Matrix Slim, AI Custo...",https://www.amazon.it/dp/B0GV49FKP2,75.0,995.17,995.17,EUR,995.17,Amazon,IT,2026-07-31T07:00:24Z,B0GV49FKP2,,,,,
Samsung,"Samsung Business TV Serie BEC-H da 43"", UHD 3840x2160 con Funzionalità HDR10+, Tizen, PurColor, Adaptive Sound, HDMI, USB,...",https://www.amazon.it/dp/B0BVKZ9GGJ,43.0,,,,,Amazon,IT,2026-07-31T07:00:24Z,B0BVKZ9GGJ,,,,,
Samsung,"Samsung TV UE43AU7170UXZT, Smart TV 43"" Serie AU7100, Modello AU7170, Crystal UHD 4K, Compatibile con Alexa, Grey, 2021, D...",https://www.amazon.it/dp/B092W6CLTZ,43.0,399.0,399.0,EUR,399.0,Amazon,IT,2026-07-31T07:00:24Z,B092W6CLTZ,,,,,
Samsung,"TV Samsung The Frame 32"" LS03C Full HD TQ32LS03CBUXXC [Versione Francese, Spagnola, Portoghese]",https://www.amazon.it/dp/B0BPYW45KV,32.0,385.09,385.09,EUR,385.09,Amazon,IT,2026-07-31T07:00:24Z,B0BPYW45KV,,,,,
Samsung,"Samsung TV QE65Q74DATXZT QLED 4K, Smart TV 65"" Quantum processor 4K, AirSlim, DVBT-2, Q-Symphony & OTS Lite, Integrato con...",https://www.amazon.it/dp/B0D17WQ8WX,65.0,,,,,Amazon,IT,2026-07-31T07:00:24Z,B0D17WQ8WX,,,,,
Samsung,"Samsung TV Crystal UHD 4K UE43AU7090UXZT Smart TV 43"", Modello 2022 AU7090 Wi-Fi Black 2022",https://www.amazon.it/dp/B0BMVNJ7Z1,43.0,359.0,359.0,EUR,359.0,Amazon,IT,2026-07-31T07:00:24Z,B0BMVNJ7Z1,,,,,
Samsung,"Samsung UE32N5370AUXZT TV 32"" Full HD DVB-C/T2/S2, Serie N5370, 1920 x 1080 Pixels, Nero, (2018)",https://www.amazon.it/dp/B07P5TM2LR,32.0,319.0,319.0,EUR,319.0,Amazon,IT,2026-07-31T07:00:24Z,B07P5TM2LR,,,,,
Samsung,"Samsung TV QE43QN94DATXZT Neo QLED 4K Mini LED, Smart TV 43"" Processore NQ4 AI Gen2, Neo Slim, DVBT-2, Q-Symphony & Dolby ...",https://www.amazon.it/dp/B0CZP9G36Z,43.0,,,,,Amazon,IT,2026-07-31T07:00:24Z,B0CZP9G36Z,,,,,
Samsung,"Samsung TV UE50AU8070UXZT, Smart TV 50"" Serie AU8000, Modello AU8070, Crystal UHD 4K, Alexa integrato, Nero, 2021, DVB-T2...",https://www.amazon.it/dp/B08XZRSFKB,50.0,619.0,619.0,EUR,619.0,Amazon,IT,2026-07-31T07:00:24Z,B08XZRSFKB,,,,,
Samsung,"Tv 75"" Samsung QE75QN85DBT Neo Qled Qn85d 4k Ultra Hd Smart Wifi Usb Hdmi Carbon Silver (Ricondizionato)",https://www.amazon.it/dp/B0FWCYZ55G,75.0,810.0,810.0,EUR,810.0,Amazon,IT,2026-07-31T07:00:24Z,B0FWCYZ55G,,,,,
Samsung,"Samsung UE85U8092FU - TV 85 Pollici, Smart TV, DVB-T2, 4K, LED, Classe energetica G",https://www.amazon.it/dp/B0G1ZB8NWW,85.0,880.76,880.76,EUR,880.76,Amazon,IT,2026-07-31T07:00:24Z,B0G1ZB8NWW,,,,,
Samsung,"TV 32"" LED SAMSUNG UE32T4002 HD HDR PQI 200",https://www.amazon.it/dp/B08LD9676W,32.0,299.0,299.0,EUR,299.0,Amazon,IT,2026-07-31T07:00:24Z,B08LD9676W,,,,,
Samsung,"Samsung TV OLED QE55S95BAT Smart TV 55” Serie S95B, OLED, Alexa e Google Assistant Integrata, HEVC Main 10, DVB-T2, Argent...",https://www.amazon.it/dp/B0CNLXLTN3,55.0,942.0,942.0,EUR,942.0,Amazon,IT,2026-07-31T07:00:24Z,B0CNLXLTN3,,,,,
Samsung,"Samsung UE75U8092FUXXH - TV 75 Pollici, Smart TV, 4K, LED, DVB-T2, Nero, Classe energetica G",https://www.amazon.it/dp/B0G1YTQHQC,75.0,674.23,674.23,EUR,674.23,Amazon,IT,2026-07-31T07:00:24Z,B0G1YTQHQC,,,,,
Samsung,Samsung QE85QN70HAUXZT - Smart Tv 85 Pollici 4K Neo QLed DVB-T2 Wifi Classe Energetica E,https://www.amazon.it/dp/B0H335F5CK,85.0,1828.02,1828.02,EUR,1828.02,Amazon,IT,2026-07-31T07:00:24Z,B0H335F5CK,,,,,
Samsung,"Samsung Lifestyle TV QE32LS03BBUXZT The Frame QLED Full HD, Smart TV 32"" Matte Display, Art Mode, OTS Lite, Integrato con ...",https://www.amazon.it/dp/B0BNFNWBBC,32.0,474.0,474.0,EUR,474.0,Amazon,IT,2026-07-31T07:00:24Z,B0BNFNWBBC,,,,,
Samsung,"Samsung Smart TV 65"" QE65S92HAEXZT OLED 4K Glare Free, NQ4 AI Gen 3 Processor, HDR 10+, Motion Xcelerator 165Hz, Dolby Atm...",https://www.amazon.it/dp/B0GWMYLNDK,65.0,2110.0,2110.0,EUR,2110.0,Amazon,IT,2026-07-31T07:00:24Z,B0GWMYLNDK,,,,,
Samsung,"Samsung Smart TV 55"" MRE55R85HATXZT Micro RGB 4K Vision Glare Free, HDR10+, Motion Xcelerator 144Hz, Dolby Atmos, Super Pi...",https://www.amazon.it/dp/B0GXWJM7QQ,55.0,1699.0,1699.0,EUR,1699.0,Amazon,IT,2026-07-31T07:00:24Z,B0GXWJM7QQ,,,,,
Samsung,"Samsung TV QE75Q70DATXZT QLED 4K, Smart TV 75"" Quantum processor 4K, AirSlim, DVBT-2, Q-Symphony & OTS Lite, Integrato con...",https://www.amazon.it/dp/B0D17VLCL1,75.0,1089.91,1089.91,EUR,1089.91,Amazon,IT,2026-07-31T07:00:24Z,B0D17VLCL1,,,,,
Samsung,Samsung UE65U8000HUXZT - Smart TV 65 Pollici 4K LED DVB-T2 Wifi HbbTV Nero Classe Energetica F,https://www.amazon.it/dp/B0H4MKGH99,65.0,641.62,641.62,EUR,641.62,Amazon,IT,2026-07-31T07:00:24Z,B0H4MKGH99,,,,,
Samsung,"SAMSUNG QE75QN800AT Smart TV 75"" Neo QLED 8K, UHD, Processore Neo Quantum 8K con IA, Quantum HDR, OTS+, HDMI 2.1, Wi-Fi, A...",https://www.amazon.it/dp/B0BY2W1SL7,75.0,986.0,986.0,EUR,986.0,Amazon,IT,2026-07-31T07:00:24Z,B0BY2W1SL7,,,,,
Samsung,"Samsung TV QE55Q60CAUXZT QLED 4K, Smart TV 55"" Processore Quantum 4K Lite, 100% volume colore con Quantum Dot, OTS Lite, I...",https://www.amazon.it/dp/B0BWFM3QV8,55.0,579.9,579.9,EUR,579.9,Amazon,IT,2026-07-31T07:00:24Z,B0BWFM3QV8,,,,,
Samsung,"Samsung TV 85"" QE85QN800ATXZT NEO QLED 8K, Quantum Matrix Technology Pro, Processore Neo Quantum, AI Upscaling, Infinity O...",https://www.amazon.it/dp/B09B2B8J53,85.0,2292.85,2292.85,EUR,2292.85,Amazon,IT,2026-07-31T07:00:24Z,B09B2B8J53,,,,,
Samsung,"Samsung UE43RU7170U Smart TV 4k Ultra HD 43"" Wi-Fi DVB-T2CS2, Serie RU7170, 3840 x 2160 Pixels, HDR 10+, Nero, 2019, [Clas...",https://www.amazon.it/dp/B07QKDJVNG,43.0,520.0,520.0,EUR,520.0,Amazon,IT,2026-07-31T07:00:24Z,B07QKDJVNG,,,,,
Samsung,"Samsung GU98DU9079U 2,49 m (98"") 4K Ultra HD Smart-TV WLAN Schwarz (GU98DU9079UXZG) [Versione Tedesca]",https://www.amazon.it/dp/B0CZS4X2S8,98.0,1765.95,1765.95,EUR,1765.95,Amazon,IT,2026-07-31T07:00:24Z,B0CZS4X2S8,,,,,
Samsung,"Samsung TV UE55CU8570UXZT Crystal UHD 4K, Smart TV 55"" Dynamic Crystal color, HDR, OTS Lite, AirSlim Design, Integrato con...",https://www.amazon.it/dp/B0BWFMHYW3,55.0,799.0,799.0,EUR,799.0,Amazon,IT,2026-07-31T07:00:24Z,B0BWFMHYW3,,,,,
Samsung,"SAMSUNG UE65TU7172 65"" SMART LED ULTRA HD 4K Televisore HDR DVB-T2 WiFi Nero",https://www.amazon.it/dp/B08BG1BHYT,65.0,870.0,870.0,EUR,870.0,Amazon,IT,2026-07-31T07:00:24Z,B08BG1BHYT,,,,,
Samsung,Samsung QE43QN70HAUXZT - Smart TV 43 Pollici 4K Neo QLED Bluetooth DVB-T2 HbbTV 2.0.4 Nero Classe Energetico F,https://www.amazon.it/dp/B0H838M9K6,43.0,540.4,540.4,EUR,540.4,Amazon,IT,2026-07-31T07:00:24Z,B0H838M9K6,,,,,
Samsung,"Samsung QE55Q60RATXZT Serie Q60R (2019) QLED Smart TV 55"", Ultra HD 4K, Wi-Fi, Nero",https://www.amazon.it/dp/B07PZXZNLJ,55.0,890.0,890.0,EUR,890.0,Amazon,IT,2026-07-31T07:00:24Z,B07PZXZNLJ,,,,,
Panasonic,"Panasonic Premium TV-50W80AEZC, 50 Pollici TV QLED 4K Ultra HD, Fire TV | Dolby Vision e Atmos, Modalità Game Plus, Contro...",https://www.amazon.it/dp/B0H2MT1K3R,50.0,399.0,399.0,EUR,399.0,Amazon,IT,2026-07-31T07:00:24Z,B0H2MT1K3R,,,,,
Samsung,"TV SAMSUNG LED 43"" 43TU7072 SMART 4K EU",https://www.amazon.it/dp/B08BZSW31P,43.0,518.0,518.0,EUR,518.0,Amazon,IT,2026-07-31T07:00:24Z,B08BZSW31P,,,,,
Samsung,"Samsung UE55NU7172 55"" 4K Ultra HD Smart TV Wi-Fi Nero (Versione EU)",https://www.amazon.it/dp/B07DWLJ94G,55.0,,,,,Amazon,IT,2026-07-31T07:00:24Z,B07DWLJ94G,,,,,
Samsung,Samsung QE50QN70HAUXZT - TV 50 Pollici Smart TV 4K Neo QLED DVB-T2 HbbTV 2.0.4 Bluetooth Nero Classe Energetica E,https://www.amazon.it/dp/B0H838LZR4,50.0,618.0,618.0,EUR,618.0,Amazon,IT,2026-07-31T07:00:24Z,B0H838LZR4,,,,,
Samsung,"Samsung TV Neo QLED QE75QN800BT, Smart TV 75"" Serie QN800B, Neo QLED 8K UHD, Alexa e Google Assistant integrati, Stainless...",https://www.amazon.it/dp/B0CNPW97PS,75.0,1272.0,1272.0,EUR,1272.0,Amazon,IT,2026-07-31T07:00:24Z,B0CNPW97PS,,,,,
Samsung,Samsung UE43U8000HUXZT - Smart TV 43 Pollici 4K LED DVB-T2 Wifi Nero Classe Energetica F,https://www.amazon.it/dp/B0H4MFG4C6,43.0,379.0,379.0,EUR,379.0,Amazon,IT,2026-07-31T07:00:24Z,B0H4MFG4C6,,,,,
Samsung,"Samsung TV QE55Q60TAUXZT Serie Q60T QLED Smart TV 55"", con Alexa integrata, Ultra HD 4K, Wi-Fi, Black, 2020",https://www.amazon.it/dp/B086B6M17W,55.0,718.0,718.0,EUR,718.0,Amazon,IT,2026-07-31T07:00:24Z,B086B6M17W,,,,,
Samsung,"Samsung Smart TV QE65QN85F, 65 Pollici, 4K Ultra HD, HDR 10+, AMD FreeSync, Modello 2025 [Versione Ungherese]",https://www.amazon.it/dp/B0FND6LTR5,65.0,1085.4,1085.4,EUR,1085.4,Amazon,IT,2026-07-31T07:00:24Z,B0FND6LTR5,,,,,
Samsung,"Samsung QE77S90FAEXZT - TV Smart 77 Pollici, 4k, Wi-Fi, DVB-T2, colore Nero, Classe energetica F",https://www.amazon.it/dp/B0FM4BQVLH,77.0,1687.57,1687.57,EUR,1687.57,Amazon,IT,2026-07-31T07:00:24Z,B0FM4BQVLH,,,,,
Samsung,"Samsung Crystal UHD UE55CU7190UXZT, Smart TV 55"" Serie CU7000, Crystal UHD 4K, BLACK , 2023, DVB-T2",https://www.amazon.it/dp/B0BWFL6J12,55.0,620.0,620.0,EUR,620.0,Amazon,IT,2026-07-31T07:00:24Z,B0BWFL6J12,,,,,
Samsung,"Samsung TV QE85LS03DAUXZT QLED 4K, Smart TV 85"" Quantum Processor 4K, Frame Design, DVBT-2, Q-Symphony & Dolby Atmos, Inte...",https://www.amazon.it/dp/B0CZPB3DDC,85.0,3405.2,3405.2,EUR,3405.2,Amazon,IT,2026-07-31T07:00:24Z,B0CZPB3DDC,,,,,
Samsung,Samsung UE55M70HAUXZT - Tv 55 Pollici Smart Tv 4K Led DVB-T2 Nero Classe Energetica F,https://www.amazon.it/dp/B0H33GWD9V,55.0,509.54,509.54,EUR,509.54,Amazon,IT,2026-07-31T07:00:24Z,B0H33GWD9V,,,,,
Samsung,"Samsung TV UE43TU8070UXZT Smart TV 43"" Serie TU8070, Crystal UHD 4K, Wi-Fi, 2020, con Alexa integrata, Nero",https://www.amazon.it/dp/B087KBDLBP,43.0,569.0,569.0,EUR,569.0,Amazon,IT,2026-07-31T07:00:24Z,B087KBDLBP,,,,,
Samsung,"Samsung TV QE55S94DAEXZT OLED 4K, Smart TV 55"" Processore NQ4 AI GEN2, Infinity One, DVBT-2, Q-Symphony & Dolby Atmos, com...",https://www.amazon.it/dp/B0CZPBV193,55.0,,,,,Amazon,IT,2026-07-31T07:00:24Z,B0CZPBV193,,,,,
Samsung,"Samsung TV UE55TU7190UXZT Smart TV 55"" Serie TU7190, Crystal UHD 4K, Wi-Fi, 2020, Argento, compatibile con Alexa",https://www.amazon.it/dp/B087KB7WQL,55.0,620.0,620.0,EUR,620.0,Amazon,IT,2026-07-31T07:00:24Z,B087KB7WQL,,,,,
Samsung,"Samsung UE55MU6179U 55"" 4K Ultra HD Smart TV Wi-Fi Nero",https://www.amazon.it/dp/B06XGS3Q4Y,55.0,,,,,Amazon,IT,2026-07-31T07:00:24Z,B06XGS3Q4Y,,,,,
Samsung,Smart TV Samsung QN90D 43' 4K Ultra HD LED HDR Neo QLED,https://www.amazon.it/dp/B0CRZFZ36C,43.0,1067.0,1067.0,EUR,1067.0,Amazon,IT,2026-07-31T07:00:24Z,B0CRZFZ36C,,,,,
Samsung,Samsung UE55M80HAUXZT - Smart TV 55 Pollici LED 4K DVB-T2 Wifi HbbTV CI+ Nero Classe Energetica E,https://www.amazon.it/dp/B0H4MQYTM3,55.0,625.43,625.43,EUR,625.43,Amazon,IT,2026-07-31T07:00:24Z,B0H4MQYTM3,,,,,
Samsung,"Samsung QE65QN800AT Smart TV 65"" Neo QLED 8K, Ultra HD, Processore Neo Quantum 8K con IA, Quantum HDR, OTS+, HDMI 2.1, Wi-...",https://www.amazon.it/dp/B09KHC4JW6,65.0,766.0,766.0,EUR,766.0,Amazon,IT,2026-07-31T07:00:24Z,B09KHC4JW6,,,,,
Samsung,Samsung QE48S95HAE - Smart TV 48 Pollici 4K 3840 x 2160 Pixel OLED DVB-T2 Wifi Nero Classe Energetica F,https://www.amazon.it/dp/B0H4LS36XM,48.0,1379.0,1379.0,EUR,1379.0,Amazon,IT,2026-07-31T07:00:24Z,B0H4LS36XM,,,,,
Samsung,"Samsung TV QE75QN900DTXZT Neo QLED 8K Mini LED, Smart TV 75"" Processore NQ8 AI Gen3, Infinity One, DVBT-2, Q-Symphony & Do...",https://www.amazon.it/dp/B0CZPBDTQ2,75.0,3499.0,3499.0,EUR,3499.0,Amazon,IT,2026-07-31T07:00:24Z,B0CZPBDTQ2,,,,,
Samsung,"Samsung TV QE55Q74TATXZT Serie Q70T Modello Q74T QLED Smart TV 55"", con Alexa integrata, Ultra HD 4K, Wi-Fi, Silver, 2020,...",https://www.amazon.it/dp/B086B3YWBJ,55.0,804.26,804.26,EUR,804.26,Amazon,IT,2026-07-31T07:00:24Z,B086B3YWBJ,,,,,
Samsung,"SAMSUNG Frame 2021 Wechselrahmen 55"" teak | VG-SCFA55TKBXC",https://www.amazon.it/dp/B096BJJGPC,55.0,61.99,61.99,EUR,61.99,Amazon,IT,2026-07-31T07:00:24Z,B096BJJGPC,,,,,
Samsung,"Samsung UE65NU7090UXZT Smart TV UHD, DVB-T2CS2, LED Seria 7 con Sistema HDR powered by HDR10, Display da 65 Pollici, Risol...",https://www.amazon.it/dp/B07JQ9PPR9,65.0,830.0,830.0,EUR,830.0,Amazon,IT,2026-07-31T07:00:24Z,B07JQ9PPR9,,,,,
Samsung,"Samsung The Frame - Cornice TV 55"", smussata, color oro sabbia, accessorio per TV The Frame da 55"" (LS03A, LS03B, LS03BG),...",https://www.amazon.it/dp/B0C5ZFT6SV,55.0,186.1,186.1,EUR,186.1,Amazon,IT,2026-07-31T07:00:24Z,B0C5ZFT6SV,,,,,
Samsung,"Samsung TV OLED QE65S90CAT, Smart TV 65” perfetto per il Gaming, OLED, Dolby Atmos, Alexa e Google Assistant Integrata, DV...",https://www.amazon.it/dp/B0D3QLXL9N,65.0,891.0,891.0,EUR,891.0,Amazon,IT,2026-07-31T07:00:24Z,B0D3QLXL9N,,,,,
Samsung,"Samsung UE55NU7093UXXH LED TV Series 7 (2018), 139,7 cm (55"") 4K Ultra HD Smart TV WiFi, 3840 x 2160 Pixeles, Nero",https://www.amazon.it/dp/B07K22ZMN5,55.0,619.0,619.0,EUR,619.0,Amazon,IT,2026-07-31T07:00:24Z,B07K22ZMN5,,,,,
Samsung,"Samsung HG55BU800EUXEN TV Hospitality 139,7 cm (55"") 4K Ultra HD Smart TV Nero 20 W",https://www.amazon.it/dp/B0C5TBKX24,55.0,761.99,761.99,EUR,761.99,Amazon,IT,2026-07-31T07:00:24Z,B0C5TBKX24,,,,,
Samsung,Samsung TV UHD 55 pollici UE55CU7172U,https://www.amazon.it/dp/B0C279HDSX,55.0,369.0,369.0,EUR,369.0,Amazon,IT,2026-07-31T07:00:24Z,B0C279HDSX,,,,,
Samsung,"Cello CTRAV-32TZF Smart TV LED 32"" 12V con lettore DVD, Tizen OS di Samsung, Gaming Hub, altoparlanti Pitch Perfect, Bluet...",https://www.amazon.it/dp/B0GHRDVM33,32.0,319.99,319.99,EUR,319.99,Amazon,IT,2026-07-31T07:00:24Z,B0GHRDVM33,,,,,
Samsung,"Samsung QE50LS03TAUXZT Smart TV 50"" The Frame, QLED 4K, Ultra HD, Cornice personalizzabile, Art Mode, Processore Quantum 4...",https://www.amazon.it/dp/B0872D83PX,50.0,2150.0,2150.0,EUR,2150.0,Amazon,IT,2026-07-31T07:00:24Z,B0872D83PX,,,,,
Samsung,"Samsung QE75QN900AATXZT Smart TV 75"" Neo QLED 8K, Ultra HD, Processore Neo Quantum 8K con IA, HDMI 2.1,, 2021, Alexa, Goog...",https://www.amazon.it/dp/B09SHQM8P6,75.0,1903.0,1903.0,EUR,1903.0,Amazon,IT,2026-07-31T07:00:24Z,B09SHQM8P6,,,,,
Samsung,"Samsung TV QE55S95CAT OLED 4K, Smart TV 55"" Processore Neural Quantum 4K, Gaming TV, Dolby Atmos OTS Lite Infinity One Des...",https://www.amazon.it/dp/B0CS6P748Y,55.0,942.0,942.0,EUR,942.0,Amazon,IT,2026-07-31T07:00:24Z,B0CS6P748Y,,,,,
Samsung,"Samsung TV Neo QLED QE55QN95BAT Smart TV 55"" Neo QLED 4K UHD, Alexa e Google Assistant integrati, Bright Silver, 2022, DV...",https://www.amazon.it/dp/B0CMJ3GC5W,55.0,803.0,803.0,EUR,803.0,Amazon,IT,2026-07-31T07:00:24Z,B0CMJ3GC5W,,,,,
Samsung,"Samsung TV 65"" Neo QLED QE65QN900BT Smart TV Neo QLED 8K UHD, Alexa e Google Assistant integrati, DVB-T2,STAINLESS STEEL (...",https://www.amazon.it/dp/B0CS3RWYJL,65.0,1188.0,1188.0,EUR,1188.0,Amazon,IT,2026-07-31T07:00:24Z,B0CS3RWYJL,,,,,
Samsung,"TV 75"" SAMSUNG QE75QN90AAT NEO QLED SERIE 9 QN90A 4K ULTRA HD SMART WIFI 4500 PQI USB HDMI (Ricondizionato)",https://www.amazon.it/dp/B0BQRSY4TS,75.0,1100.0,1100.0,EUR,1100.0,Amazon,IT,2026-07-31T07:00:24Z,B0BQRSY4TS,,,,,
Samsung,"Samsung Qe55ls03a The Frame 2021 Television Smart Tv 55"" Qled Uhd 4k Hdr",https://www.amazon.it/dp/B08QV9966N,55.0,1486.0,1486.0,EUR,1486.0,Amazon,IT,2026-07-31T07:00:24Z,B08QV9966N,,,,,
Samsung,"Samsung VG-SCFN65DP/XC Cornice per TV The Frame, da 65"", 2019, Marrone",https://www.amazon.it/dp/B07N813W58,65.0,319.99,319.99,EUR,319.99,Amazon,IT,2026-07-31T07:00:24Z,B07N813W58,,,,,
Samsung,"Samsung 50"" Crystal UHD 4K DU7179 Tizen OS? Smart TV (2024) - 127 cm (50"") - 3840 x 2160 Pixel - Kristall - Smart-TV - WLA...",https://www.amazon.it/dp/B0CZS17N68,50.0,,,,,Amazon,IT,2026-07-31T07:00:24Z,B0CZS17N68,,,,,
Samsung,"Samsung TV QLED QE85Q70BATXZT, Smart TV 85"" Serie Q70B, QLED 4K UHD, Alexa e Google Assistant integrati, Titan Gray, 2022,...",https://www.amazon.it/dp/B09XN7BK72,85.0,2693.99,2693.99,EUR,2693.99,Amazon,IT,2026-07-31T07:00:24Z,B09XN7BK72,,,,,
Samsung,"SAMSUNG UE50NU7092 TV 50"" LED UHD 4K SMART DVB-T2/S2-50NU7092",https://www.amazon.it/dp/B07H87XFRR,50.0,590.0,590.0,EUR,590.0,Amazon,IT,2026-07-31T07:00:24Z,B07H87XFRR,,,,,
Samsung,"Cello CTRAV-24TZ Smart TV LED 24"" 12V per camper e campeggio, Tizen OS di Samsung, Gaming Hub, altoparlanti Pitch Perfect,...",https://www.amazon.it/dp/B0GHRXQKN4,24.0,259.99,259.99,EUR,259.99,Amazon,IT,2026-07-31T07:00:24Z,B0GHRXQKN4,,,,,
TCL,"TCL 65Q6C – Smart TV QD‑Mini LED 4K HDR10+ da 65"", Google TV | Dolby Vision IQ & Atmos, 144Hz Motion Clarity Pro, Game Mas...",https://www.amazon.it/dp/B0DXQ27X44,65.0,599.0,599.0,EUR,599.0,Amazon,IT,2026-07-31T07:00:24Z,B0DXQ27X44,,,,,
Samsung,"Cello C2226TZH TV LED Smart da 22"" senza cornice con Tizen OS di Samsung, Gaming Hub, altoparlanti Pitch Perfect, ideale p...",https://www.amazon.it/dp/B0GHRK4X1B,22.0,195.0,195.0,EUR,195.0,Amazon,IT,2026-07-31T07:00:24Z,B0GHRK4X1B,,,,,
Samsung,"Cello C1626TZH Smart TV 16"" con Tizen OS di Samsung, Bluetooth e audio Pitch Perfect, triplo sintonizzatore, TV compatta i...",https://www.amazon.it/dp/B0GJLL18JJ,16.0,199.99,199.99,EUR,199.99,Amazon,IT,2026-07-31T07:00:24Z,B0GJLL18JJ,,,,,
Samsung,"Cornice TV compatibile con Samsung The Frame TV, adatta per televisori a parete (tradizionale barewood 65 mm, 32 pollici)",https://www.amazon.it/dp/B0GQ634N8H,32.0,207.53,207.53,EUR,207.53,Amazon,IT,2026-07-31T07:00:24Z,B0GQ634N8H,,,,,
Samsung,"Samsung TV QLED QE55Q60AAUXZT, Smart TV 55"" Serie Q60A, Modello Base, QLED 4K UHD, Alexa integrato, 2021, DVB-T2 [Efficien...",https://www.amazon.it/dp/B08XZQZPC2,55.0,735.0,735.0,EUR,735.0,Amazon,IT,2026-07-31T07:00:24Z,B08XZQZPC2,,,,,
Samsung,"Samsung TV QE65LST7TAUXZT Smart TV 4K QLED, 65'', Nero (Ricondizionato)",https://www.amazon.it/dp/B0C8N6LMVX,65.0,1650.0,1650.0,EUR,1650.0,Amazon,IT,2026-07-31T07:00:24Z,B0C8N6LMVX,,,,,
Samsung,"Samsung Smart TV 55'' QE55LST7DATXZT Neo QLED 4K, NQ4 AI Gen2 Processor, Neo Quantum HDR+, OTS Lite, Solid Metal Design, 2025",https://www.amazon.it/dp/B0F6CNXMSG,55.0,2990.54,2990.54,EUR,2990.54,Amazon,IT,2026-07-31T07:00:24Z,B0F6CNXMSG,,,,,
TCL,"TCL 32V4C – Smart TV HD HDR da 32"", Android TV | Google Cast, Compatible with Google Home, Slim Design",https://www.amazon.it/dp/B0F54B34TH,32.0,159.0,159.0,EUR,159.0,Amazon,IT,2026-07-31T07:00:24Z,B0F54B34TH,,,,,
Samsung,"Cello CTRAV-22TZF Smart TV LED 22"" 12V con lettore DVD, Tizen OS di Samsung, Gaming Hub, altoparlanti Pitch Perfect, Bluet...",https://www.amazon.it/dp/B0GHR92VTB,22.0,269.99,269.99,EUR,269.99,Amazon,IT,2026-07-31T07:00:24Z,B0GHR92VTB,,,,,
Samsung,"TD Systems - Smart TV 32 Pollici QLED con Tizen OS 8.0 Powered by Samsung, Televisore HDR10 con Sintonizzatore Triplo, Tel...",https://www.amazon.it/dp/B0GQHTQ99N,32.0,155.11,155.11,EUR,155.11,Amazon,IT,2026-07-31T07:00:24Z,B0GQHTQ99N,,,,,
Samsung,"One Connect BN39-02395A cavo da 5 m compatibile con Samsung QLED TV 55""-75"" Q7FN Q8FN Q8CN Q9FN Series 2018",https://www.amazon.it/dp/B0F1MWWD8T,55.0,169.87,169.87,EUR,169.87,Amazon,IT,2026-07-31T07:00:24Z,B0F1MWWD8T,,,,,
Samsung,Samsung Televizorius LED TV 55inch UE55BU8072UXXH,https://www.amazon.it/dp/B0BRQPBF79,55.0,469.9,469.9,EUR,469.9,Amazon,IT,2026-07-31T07:00:24Z,B0BRQPBF79,,,,,
Samsung,"FPD Smart TV 43 Pollici TV Full HD 1080p Tizen OS Schermo Piatto | 350+ canali gratuiti Samsung TV Plus, Dolby Audio, HDR1...",https://www.amazon.it/dp/B0F32KWFQW,43.0,242.88,242.88,EUR,242.88,Amazon,IT,2026-07-31T07:00:24Z,B0F32KWFQW,,,,,
Hisense,"Hisense TV 50"" Mini-LED 144Hz 4K 2025 50U72Q, Smart TV VIDAA U8, Dolby Vision IQ, HDR 10+ Adaptive, 144Hz Game Mode PRO, D...",https://www.amazon.it/dp/B0F1WFB6LS,50.0,439.0,439.0,EUR,439.0,Amazon,IT,2026-07-31T07:00:24Z,B0F1WFB6LS,,,,,
Samsung,"Cello C2426TZH TV LED Smart da 24"" senza cornice con Tizen OS di Samsung, Bluetooth, Gaming Hub, altoparlanti Pitch Perfec...",https://www.amazon.it/dp/B0GHRKNV5R,24.0,195.0,195.0,EUR,195.0,Amazon,IT,2026-07-31T07:00:24Z,B0GHRKNV5R,,,,,
Samsung,"Cello CTRAV-16TZ Smart TV 16"" 12V per camper, camion e barca, Tizen OS di Samsung, Bluetooth, audio Pitch Perfect, Gaming ...",https://www.amazon.it/dp/B0GJLKVJLP,16.0,229.99,229.99,EUR,229.99,Amazon,IT,2026-07-31T07:00:24Z,B0GJLKVJLP,,,,,
Samsung,Samsung QE55QN70HAUXZT - Tv 55 Pollici Smart Tv 4K QLed DVB-T2 Wifi Nero Classe Energetica E,https://www.amazon.it/dp/B0H33BB2TY,55.0,,,,,Amazon,IT,2026-07-31T07:00:24Z,B0H33BB2TY,,,,,
Samsung,"Samsung QE83S90FAEXZT - TV Smart 83 Pollici, 4K OLED, DVB-T2, Classe energetica F",https://www.amazon.it/dp/B0FM49MHNC,83.0,,,,,Amazon,IT,2026-07-31T07:00:24Z,B0FM49MHNC,,,,,
Samsung,"SAMSUNG UE85U8072 - TV 85 Pollici, Smart TV 4K, DVB-T2, colore Nero, Wi-Fi, Classe energetica G [Versione Ungherese]",https://www.amazon.it/dp/B0FN85G26K,85.0,1069.14,1069.14,EUR,1069.14,Amazon,IT,2026-07-31T07:00:24Z,B0FN85G26K,,,,,
Samsung,"Samsung TV QE43LS03RAUXZT The Frame 2019 Cornice TV, 4K 43"", Nero",https://www.amazon.it/dp/B07TD8ZS8N,43.0,,,,,Amazon,IT,2026-07-31T07:00:24Z,B07TD8ZS8N,,,,,
Samsung,"Samsung TV Crystal UHD UE55BU8570UXZT, Smart TV 55"" Serie BU8570, Crystal UHD 4K, Alexa e Google Assistant integrati, Blac...",https://www.amazon.it/dp/B09XN6MHWS,55.0,899.0,899.0,EUR,899.0,Amazon,IT,2026-07-31T07:00:24Z,B09XN6MHWS,,,,,
LG,"LG QNED AI QNED80 TV 43 pollici, Smart TV 4K, Processore α7 Gen8, Dynamic QNED Color, Design Super Slim, webOS con AI e te...",https://www.amazon.it/dp/B0F553KSVF,43.0,329.0,329.0,EUR,329.0,Amazon,IT,2026-07-31T07:00:24Z,B0F553KSVF,,,,,
LG,"LG QNED AI 55 Pollici, Serie QNED80 2025 Smart TV 4K - 55QNED80A6A | Processore α7 Gen8, Dynamic QNED Color, Design Super ...",https://www.amazon.it/dp/B0F556SYCJ,55.0,449.0,449.0,EUR,449.0,Amazon,IT,2026-07-31T07:00:24Z,B0F556SYCJ,,,,,
LG,"LG OLED evo AI 42 Pollici, Serie C5 2025 Smart TV 4K - OLED42C54LA | Processore α9 Gen8, WebOS con AI, Dolby Vision e Atmo...",https://www.amazon.it/dp/B0F44KKWT6,42.0,693.98,693.98,EUR,693.98,Amazon,IT,2026-07-31T07:00:24Z,B0F44KKWT6,,,,,
LG,"LG UHD AI 43 Pollici, Serie UA75 2025 Smart TV 4K Ultra HD - 43UA75006LA | Processore α7 Gen8, WebOS con AI, Filmmaker Mod...",https://www.amazon.it/dp/B0F6V7PXXK,43.0,289.0,289.0,EUR,289.0,Amazon,IT,2026-07-31T07:00:24Z,B0F6V7PXXK,,,,,
LG,"LG Smart TV 32LQ63 - Televisore 80 cm (32"") Full HD Smart TV-wifi Nero",https://www.amazon.it/dp/B09RQ4C4KX,32.0,189.99,189.99,EUR,189.99,Amazon,IT,2026-07-31T07:00:24Z,B09RQ4C4KX,,,,,
LG,"TV - Televisione intelligente LG 24TQ510S-PZ 24"" HD LED WIFI",https://www.amazon.it/dp/B09ZV6HKQT,24.0,184.8,184.8,EUR,184.8,Amazon,IT,2026-07-31T07:00:24Z,B09ZV6HKQT,,,,,
LG,"LG OLED evo AI 55 Pollici, Serie C5 2025 Smart TV 4K - OLED55C56LB | Processore ̑9 Gen8, Brightness Booster, WebOS con AI,...",https://www.amazon.it/dp/B0F6VC2K28,55.0,926.0,926.0,EUR,926.0,Amazon,IT,2026-07-31T07:00:24Z,B0F6VC2K28,,,,,
LG,"LG NANO AI UHD 43 Pollici, Serie NU8E 2026 Smart TV 4K - 43NU8E0B3LA | Processore con Nano Detail Enhancer, AI Chatbot, AI...",https://www.amazon.it/dp/B0GWMXV6J1,43.0,305.49,305.49,EUR,305.49,Amazon,IT,2026-07-31T07:00:24Z,B0GWMXV6J1,,,,,
LG,"LG QNED evo AI 55 Pollici, Serie QNED86 2025 Smart TV 4K - 55QNED86A6A | Processore α8 Gen2, Dimming Pro con MiniLED, WebO...",https://www.amazon.it/dp/B0F6VMCFDL,55.0,599.0,599.0,EUR,599.0,Amazon,IT,2026-07-31T07:00:24Z,B0F6VMCFDL,,,,,
LG,"Lg Tv 32"" Led Full Hd Smart Dvb/t2/s2 32lq631c",https://www.amazon.it/dp/B0B2RNWGYV,32.0,175.87,175.87,EUR,175.87,Amazon,IT,2026-07-31T07:00:24Z,B0B2RNWGYV,,,,,
LG,"LG OLED AI 55 Pollici, Serie B5 2025 Smart TV 4K - OLED55B56LA | Processore α8 Gen2, WebOS con AI, Dolby Vision e Atmos, G...",https://www.amazon.it/dp/B0F44BHS8M,55.0,759.0,759.0,EUR,759.0,Amazon,IT,2026-07-31T07:00:24Z,B0F44BHS8M,,,,,
LG,"LG UHD AI 55 Pollici, Serie UA75 2025 Smart TV 4K Ultra HD - 55UA75006LA | Processore α7 Gen8, WebOS con AI, Filmmaker Mod...",https://www.amazon.it/dp/B0F6VH6R37,55.0,344.9,344.9,EUR,344.9,Amazon,IT,2026-07-31T07:00:24Z,B0F6VH6R37,,,,,
LG,"LG OLED evo AI 55 Pollici, Serie G5 2025 Smart TV 4K - OLED55G56LS | Base da Appoggio Inclusa, Processore α11 Gen2, Bright...",https://www.amazon.it/dp/B0F44B6XV3,55.0,1249.0,1249.0,EUR,1249.0,Amazon,IT,2026-07-31T07:00:24Z,B0F44B6XV3,,,,,
LG,"LG QNED AI MiniLED 55 Pollici, Serie QNED7EB 2026 Smart TV 4K - 55QNED7EB3C | AI Magic Remote, 100% Volume Colore, WebOS c...",https://www.amazon.it/dp/B0GWMY7FZF,55.0,449.0,449.0,EUR,449.0,Amazon,IT,2026-07-31T07:00:24Z,B0GWMY7FZF,,,,,
LG,"LG NanoCell AI 43 Pollici, Serie NANO80 2025 Smart TV 4K - 43NANO80A6B | Processore α7 Gen8, WebOS con AI, Telecomando Pun...",https://www.amazon.it/dp/B0F5HVVS8Q,43.0,311.8,311.8,EUR,311.8,Amazon,IT,2026-07-31T07:00:24Z,B0F5HVVS8Q,,,,,
LG,"LG QNED AI 43 Pollici, Serie QNED70 2025 Smart TV 4K - 43QNED70A6A | Processore α7 Gen8, Dynamic QNED Color, WebOS con AI,...",https://www.amazon.it/dp/B0FRSLYD59,43.0,,,,,Amazon,IT,2026-07-31T07:00:24Z,B0FRSLYD59,,,,,
LG,"LG QNED AI 43 Pollici, Serie QNED84 2025 Smart TV 4K - 43QNED84A6C | Processore α7 Gen8, Dynamic QNED Color, Design Ultra ...",https://www.amazon.it/dp/B0F5HXV6S6,43.0,356.39,356.39,EUR,356.39,Amazon,IT,2026-07-31T07:00:24Z,B0F5HXV6S6,,,,,
LG,"LG OLED AI 48 Pollici, Serie B5 2025 Smart TV 4K - OLED48B56LA | Processore α8 Gen2, WebOS con AI, Dolby Vision e Atmos, G...",https://www.amazon.it/dp/B0F44FZ1PT,48.0,697.29,697.29,EUR,697.29,Amazon,IT,2026-07-31T07:00:24Z,B0F44FZ1PT,,,,,
LG,"LG QNED AI 50 Pollici, Serie QNED84 2025 Smart TV 4K - 50QNED84A6C | Processore α7 Gen8, Dynamic QNED Color, Design Ultra ...",https://www.amazon.it/dp/B0F5HXLLJS,50.0,499.0,499.0,EUR,499.0,Amazon,IT,2026-07-31T07:00:24Z,B0F5HXLLJS,,,,,
LG,"LG QNED evo AI 50 Pollici, Serie QNED86 2025 Smart TV 4K - 50QNED86A6C | Processore α7 Gen8, Dynamic QNED Color, Local Dim...",https://www.amazon.it/dp/B0F5HWKDVL,50.0,566.94,566.94,EUR,566.94,Amazon,IT,2026-07-31T07:00:24Z,B0F5HWKDVL,,,,,
LG,"LG QNED AI 65 Pollici, Serie QNED70 2025 Smart TV 4K - 65QNED70A6A | Processore α7 Gen8, Dynamic QNED Color, WebOS con AI,...",https://www.amazon.it/dp/B0FRSCV48L,65.0,633.21,633.21,EUR,633.21,Amazon,IT,2026-07-31T07:00:24Z,B0FRSCV48L,,,,,
LG,"LG OLED evo AI 65 Pollici, Serie G6S 2026 Smart TV 4K - OLED65G66LS | Base da Appoggio, Hyper Radiant Color, Reflection Fr...",https://www.amazon.it/dp/B0GWN286F5,65.0,2483.0,2483.0,EUR,2483.0,Amazon,IT,2026-07-31T07:00:24Z,B0GWN286F5,,,,,
LG,"LG OLED evo AI 55 Pollici, Serie G5 2025 Smart TV 4K - OLED55G55LW | Staffa a Muro Inclusa, Processore α11 Gen2, Brightnes...",https://www.amazon.it/dp/B0F44FX27H,55.0,1249.0,1249.0,EUR,1249.0,Amazon,IT,2026-07-31T07:00:24Z,B0F44FX27H,,,,,
LG,"LG QNED evo AI MiniLED 65 Pollici, Serie QNED86B 2026 Smart TV 4K - 65QNED86B6B",https://www.amazon.it/dp/B0GWN457ZW,65.0,799.0,799.0,EUR,799.0,Amazon,IT,2026-07-31T07:00:24Z,B0GWN457ZW,,,,,
LG,"LG QNED evo AI MiniLED 55 Pollici, Serie QNED86B 2026 Smart TV 4K - 55QNED86B6B",https://www.amazon.it/dp/B0GWN2ZF85,55.0,669.09,669.09,EUR,669.09,Amazon,IT,2026-07-31T07:00:24Z,B0GWN2ZF85,,,,,
LG,"LG QNED AI 55 Pollici, Serie QNED70 2025 Smart TV 4K - 55QNED70A6A | Processore α7 Gen8, Dynamic QNED Color, WebOS con AI,...",https://www.amazon.it/dp/B0FRSG74G3,55.0,439.0,439.0,EUR,439.0,Amazon,IT,2026-07-31T07:00:24Z,B0FRSG74G3,,,,,
LG,"LG 32LQ63006LA Smart TV 32"" Full HD, TV LED 2022 con Processore α5 Gen 5 con AI, webOS 22, HDR, Wi-Fi, Bluetooth, Game Opt...",https://www.amazon.it/dp/B09T74KPR6,32.0,,,,,Amazon,IT,2026-07-31T07:00:24Z,B09T74KPR6,,,,,
LG,"TV 32"""" LG FULLHD EU SMART BIANCO USB DVBT2 DVBS2 4CORE AI WEBOS",https://www.amazon.it/dp/B09V5C4BN7,32.0,,,,,Amazon,IT,2026-07-31T07:00:24Z,B09V5C4BN7,,,,,
Panasonic,"Panasonic TB-40S45AEZ, Serie S45 40 pollici Smart TV LED Full HD, 2024, TiVo, Controllo Vocale Google e Alexa, Game Mode, ...",https://www.amazon.it/dp/B0H2MVR2WW,40.0,244.0,244.0,EUR,244.0,Amazon,IT,2026-07-31T07:00:24Z,B0H2MVR2WW,,,,,
Xiaomi,"XIAOMI TV F 65, 65 pollici (165 cm),4K UHD,Smart TV, Fire TV,Triple Tuner DVB-C/S/S2/T/T2, HDR10,MEMC, Modalità Game Boost...",https://www.amazon.it/dp/B0F457MQCQ,65.0,399.0,399.0,EUR,399.0,Amazon,IT,2026-07-31T07:00:24Z,B0F457MQCQ,,,,,
LG,"LG OLED evo AI 42 Pollici, Serie C6 2026 Smart TV 4K - OLED42C64LA | Processore α11 Gen3, Dual AI Engine, Dolby Vision & A...",https://www.amazon.it/dp/B0GWMY3R9W,42.0,1059.93,1059.93,EUR,1059.93,Amazon,IT,2026-07-31T07:00:24Z,B0GWMY3R9W,,,,,
LG,"LG 32LQ631C0ZA TV LED 32 pollici, Full HD 1920x1080, WebOS, Direct-LED, 50 Hz, Wi-Fi 5, Bluetooth 5.0, 16:9, HDR",https://www.amazon.it/dp/B0C2KNXL5P,32.0,,,,,Amazon,IT,2026-07-31T07:00:24Z,B0C2KNXL5P,,,,,
LG,"LG 32LM631C0ZA.AEU Televisor 81,3 cm (32"") Full HD Smart TV WiFi Negro",https://www.amazon.it/dp/B094N7Q7T2,32.0,174.0,174.0,EUR,174.0,Amazon,IT,2026-07-31T07:00:24Z,B094N7Q7T2,,,,,
LG,LG 65QNED70B6C - Tv 65 Pollici Smart Tv 4K DVB-T2 HEVC/H.265 Nero Classe Energetica E,https://www.amazon.it/dp/B0H36TTFCF,65.0,749.05,749.05,EUR,749.05,Amazon,IT,2026-07-31T07:00:24Z,B0H36TTFCF,,,,,
LG,Smart TV LG 24TN510SPZ 24' HD Ready LED WiFi Nero,https://www.amazon.it/dp/B08DRLLTCD,24.0,,,,,Amazon,IT,2026-07-31T07:00:24Z,B08DRLLTCD,,,,,
LG,"LG UHD 43UR78006LK 109,2 cm (43"") 4K Ultra HD Smart TV Wi-Fi Nero",https://www.amazon.it/dp/B0BWWJQVGZ,43.0,299.9,299.9,EUR,299.9,Amazon,IT,2026-07-31T07:00:24Z,B0BWWJQVGZ,,,,,
LG,"LG 32LM6300PLA Smart TV 32"" Full HD, TV LED Serie LM63 con Wi-Fi, Dolby Digital, Processore Quad Core, Audio Surround, web...",https://www.amazon.it/dp/B07Q124XGQ,32.0,299.0,299.0,EUR,299.0,Amazon,IT,2026-07-31T07:00:24Z,B07Q124XGQ,,,,,
LG,"LG OLED48B56LA - TV 48 Pollici, 4K, OLED, DVB-T2, HEVC/H.265, Classe energetica G",https://www.amazon.it/dp/B0F7HZV2T1,48.0,701.13,701.13,EUR,701.13,Amazon,IT,2026-07-31T07:00:24Z,B0F7HZV2T1,,,,,
LG,"LG 28Mt49S 28"" Hd Smart Tv Wi-Fi Nero Led Tv - Led Tvs 71.1 cm28"", 1366 x 768 Pixels, Ips, Smart Tv, Wi-Fi, Nero",https://www.amazon.it/dp/B06ZY98DQ3,28.0,,,,,Amazon,IT,2026-07-31T07:00:24Z,B06ZY98DQ3,,,,,
LG,"Televisor Lg 24Tl510S-Pz - 24""/61 Cm - 1366768 - 200Cd/M2 - 5M:1 - 14Ms - Dvb-T2/C/S2 - Smart TV - Wifi - Lan - 25W - 2Hdm...",https://www.amazon.it/dp/B07V1WX395,24.0,,,,,Amazon,IT,2026-07-31T07:00:24Z,B07V1WX395,,,,,
LG,"LG Mini RGB 55 Pollici, Serie MRGB87 2026 Smart TV 4K - 55MRGB87B6B | RGB Primary Color Pro, DualColor 100% DCI-P3/Adobe R...",https://www.amazon.it/dp/B0GWMW2FLR,55.0,819.0,819.0,EUR,819.0,Amazon,IT,2026-07-31T07:00:24Z,B0GWMW2FLR,,,,,
LG,"LG 28TL510S-PZ - TV LED 28"", HD Ready, DVB-T2, Smart TV, Wifi",https://www.amazon.it/dp/B07XLTKB8V,28.0,298.0,298.0,EUR,298.0,Amazon,IT,2026-07-31T07:00:24Z,B07XLTKB8V,,,,,
LG,"LG 32Lq630B6La Smart Tv 32 Pollici Hd Ready, Tv Led 2022 Con Processore Α5 Gen 5 Con Ai, Webos 22, Hdr, Wi-Fi, Google Stad...",https://www.amazon.it/dp/B09TBJS3D1,32.0,208.99,208.99,EUR,208.99,Amazon,IT,2026-07-31T07:00:24Z,B09TBJS3D1,,,,,
LG,"LG 55"" Smart TV 55UA75006LA Serie UA75 UHD AI 4K, α7 Gen8, HDR10, Game Optimizer, WebOS, Dvb-T2",https://www.amazon.it/dp/B0FQPD9NJ7,55.0,381.57,381.57,EUR,381.57,Amazon,IT,2026-07-31T07:00:24Z,B0FQPD9NJ7,,,,,
LG,"LG UHD 43'', Serie UT73 2024, Smart TV 4K, 43UT73006LA, Processore α5 Gen7, 20W, 3 HDMI, HDR10 Pro, Filmmaker Mode, Game O...",https://www.amazon.it/dp/B0D4MLHLHJ,43.0,,,,,Amazon,IT,2026-07-31T07:00:24Z,B0D4MLHLHJ,,,,,
LG,"LG UHD 65'', Smart TV 4K, 65UR78006LK, Serie UR78 2023, Processore α5 Gen6, HDR10 Pro, Filmmaker Mode, Game Optimizer, Wi-...",https://www.amazon.it/dp/B0BZ14J5GL,65.0,489.0,489.0,EUR,489.0,Amazon,IT,2026-07-31T07:00:24Z,B0BZ14J5GL,,,,,
LG,TV - Televisione LED - LG - 55UR78003 - 55'' (140 cm) - 4K UHD 3840x2160 - HDR 10 - connecté WebOS - 3xHDMI,https://www.amazon.it/dp/B0CK4RBV3G,55.0,,,,,Amazon,IT,2026-07-31T07:00:24Z,B0CK4RBV3G,,,,,
LG,"LG 43QNED80A6A - TV 43 Pollici, Smart TV, 4K, QNED, DVB-T2, Wi-Fi, HEVC/H.265, Classe energetica G",https://www.amazon.it/dp/B0FFH1FGLC,43.0,365.99,365.99,EUR,365.99,Amazon,IT,2026-07-31T07:00:24Z,B0FFH1FGLC,,,,,
LG,"LG webOS UHD UR78 TV 86 pollici, Smart TV 4K, Ultra HD, Processore α5 Gen6, HDR10 Pro, Filmmaker Mode, Game Optimizer, Wi-...",https://www.amazon.it/dp/B0DK3HZRJV,86.0,1003.22,1003.22,EUR,1003.22,Amazon,IT,2026-07-31T07:00:24Z,B0DK3HZRJV,,,,,
LG,"LG 75QNED80A6A - TV 75 Pollici, Smart TV, 4K, DVB-T2, HEVC/H.265, Classe energetica D",https://www.amazon.it/dp/B0FQP8QR56,75.0,849.0,849.0,EUR,849.0,Amazon,IT,2026-07-31T07:00:24Z,B0FQP8QR56,,,,,
LG,"LG 43NANO81A6A - TV 43 Pollici, 4K, Smart TV, DVB-T2, Wi-Fi, HEVC/H.265, Classe energetica G",https://www.amazon.it/dp/B0FFH1FK6M,43.0,334.07,334.07,EUR,334.07,Amazon,IT,2026-07-31T07:00:24Z,B0FFH1FK6M,,,,,
LG,"LG OLED48C55LA - TV 48 Pollici, 4K, Smart TV, OLED, DVB-T2, Wi-Fi, HEVC/H.265, Classe energetica G",https://www.amazon.it/dp/B0FFH34DCP,48.0,824.55,824.55,EUR,824.55,Amazon,IT,2026-07-31T07:00:24Z,B0FFH34DCP,,,,,
LG,"Smart TV LG 65B56LA 65"" 4K Ultra HD HDR OLED",https://www.amazon.it/dp/B0F7HYW329,65.0,1214.3,1214.3,EUR,1214.3,Amazon,IT,2026-07-31T07:00:24Z,B0F7HYW329,,,,,
LG,"LG 43UA73003LA - TV 43 Pollici, Smart TV, DVB-T2, 4K, LED, Classe energetica G",https://www.amazon.it/dp/B0G1ZDLM2H,43.0,277.9,277.9,EUR,277.9,Amazon,IT,2026-07-31T07:00:24Z,B0G1ZDLM2H,,,,,
LG,"LG Smart TV 50UR78003LK.AEU 4K Ultra HD 50"" HDR HDR10",https://www.amazon.it/dp/B0CL3GRLGW,50.0,,,,,Amazon,IT,2026-07-31T07:00:24Z,B0CL3GRLGW,,,,,
LG,"LG TV LED 55"" 55UA751C0LA Ultra HD 4K Smart TV WiFi DVB-T2 WEBOS (IA Integrata)",https://www.amazon.it/dp/B0FZB4KGBY,55.0,352.98,352.98,EUR,352.98,Amazon,IT,2026-07-31T07:00:24Z,B0FZB4KGBY,,,,,
LG,LG 50UR78006LK 50 '' Ultra HD 4K Smart HDR webOS,https://www.amazon.it/dp/B0C3XQ63YZ,50.0,391.48,391.48,EUR,391.48,Amazon,IT,2026-07-31T07:00:24Z,B0C3XQ63YZ,,,,,
LG,"LG TV LED 50"" 50UA751C0LA Ultra HD 4K Smart TV WiFi DVB-T2 (IA Integrata)",https://www.amazon.it/dp/B0FZB52GDB,50.0,319.9,319.9,EUR,319.9,Amazon,IT,2026-07-31T07:00:24Z,B0FZB52GDB,,,,,
LG,LG 32LQ630B6LA - Smart TV 32 Pollici HD LED DVB-T2 Wi-fi,https://www.amazon.it/dp/B09V2WKTQB,32.0,198.0,198.0,EUR,198.0,Amazon,IT,2026-07-31T07:00:24Z,B09V2WKTQB,,,,,
LG,LG Smart TV 55 Pollici 4K Ultra HD Display NanoCell Sistema WebOS Processore a7 Gen8 Classe G colore Nero - 55NANO81A6A.API,https://www.amazon.it/dp/B0FFGZZTMH,55.0,491.04,491.04,EUR,491.04,Amazon,IT,2026-07-31T07:00:24Z,B0FFGZZTMH,,,,,
LG,"LG 55QNED80A6A - TV 55 Pollici, 4K, Smart TV, DVB-T2, Wi-Fi, HEVC/H.265, Classe energetica E",https://www.amazon.it/dp/B0FFH1PYHB,55.0,440.34,440.34,EUR,440.34,Amazon,IT,2026-07-31T07:00:24Z,B0FFH1PYHB,,,,,
LG,"LG OLED evo AI 83 Pollici, Serie G5 2025 Smart TV 4K - OLED83G54LW | Staffa a Muro Inclusa, Processore α11 Gen2, Brightnes...",https://www.amazon.it/dp/B0F44FYPFB,83.0,4799.0,4799.0,EUR,4799.0,Amazon,IT,2026-07-31T07:00:24Z,B0F44FYPFB,,,,,
Panasonic,"Panasonic TB-32S40AEZ, Serie S40 32 pollici Smart TV LED HD, 2024, TiVo, Controllo Vocale Google e Alexa, Game Mode, Media...",https://www.amazon.it/dp/B0DBRDBPB9,32.0,251.75,251.75,EUR,251.75,Amazon,IT,2026-07-31T07:00:24Z,B0DBRDBPB9,,,,,
LG,"LG UHD 65'', Serie UT8000 2024, 65UT80006LA, Smart TV 4K, Ultra HD, Processore α5 Gen7, 20W, 3 HDMI, HDR10 Pro, Filmmaker ...",https://www.amazon.it/dp/B0CZPB5YTT,65.0,847.99,847.99,EUR,847.99,Amazon,IT,2026-07-31T07:00:24Z,B0CZPB5YTT,,,,,
LG,"LG OLED evo 55'', Serie C4 2024, OLED55C46LA, Smart TV 4K, Processore α9 Gen7, Brightness Booster, 40W, Dolby Vision, 4 HD...",https://www.amazon.it/dp/B0CZP8VJSC,55.0,1499.0,1499.0,EUR,1499.0,Amazon,IT,2026-07-31T07:00:24Z,B0CZP8VJSC,,,,,
LG,"LG Micro RGB 100 Pollici, Serie MRGB96 2026 Smart TV 4K - 100MRGB96B6 | TriColor 100% BT2020/DCI-P3/Adobe RGB, Micro Dimmi...",https://www.amazon.it/dp/B0GWMVWP83,100.0,12999.0,12999.0,EUR,12999.0,Amazon,IT,2026-07-31T07:00:24Z,B0GWMVWP83,,,,,
LG,"LG TVC 43"" UHD Smart",https://www.amazon.it/dp/B0FPCSCWYT,43.0,,,,,Amazon,IT,2026-07-31T07:00:24Z,B0FPCSCWYT,,,,,
LG,"LG OLED 55'', Serie B4 2024, OLED55B46LA, Smart TV 4K, Processore α8, Dolby Vision, Dolby Atmos, 4 HDMI 2.1, Gsync, VRR, T...",https://www.amazon.it/dp/B0CZP7R4PD,55.0,1219.09,1219.09,EUR,1219.09,Amazon,IT,2026-07-31T07:00:24Z,B0CZP7R4PD,,,,,
LG,"LG 55UA74006LB - TV 55 Pollici, Smart TV 4K, DVB-T2, HEVC/H.265, LED, Classe energetica G",https://www.amazon.it/dp/B0GH2H7KB7,55.0,353.12,353.12,EUR,353.12,Amazon,IT,2026-07-31T07:00:24Z,B0GH2H7KB7,,,,,
LG,"LG QNED 86'', Serie 80 2024, 86QNED80T6A, Smart TV 4K, Processore α5 Gen7, Design slim, 20W, 3 HDMI, Filmmaker Mode, Game ...",https://www.amazon.it/dp/B0CZP5YKQV,86.0,2656.54,2656.54,EUR,2656.54,Amazon,IT,2026-07-31T07:00:24Z,B0CZP5YKQV,,,,,
LG,"LG 43UP75006LF Smart TV LED 4K Ultra HD 43” 2021 con Processore Quad Core 4K, Wi-Fi, webOS 6.0, FILMMAKER MODE, Game Optim...",https://www.amazon.it/dp/B094N5LB79,43.0,499.0,499.0,EUR,499.0,Amazon,IT,2026-07-31T07:00:24Z,B094N5LB79,,,,,
LG,LG Smart TV 50 Pollici 4K Ultra HD Display QNED evo Sistema WebOS Processore a7 Gen8 Classe F colore Nero - 50QNED86A6C.API,https://www.amazon.it/dp/B0FFGZB9CV,50.0,561.02,561.02,EUR,561.02,Amazon,IT,2026-07-31T07:00:24Z,B0FFGZB9CV,,,,,
LG,"LG OLED48G56LS - TV 48 Pollici, Smart TV, OLED, DVB-T2, Wi-Fi, HEVC/H.265, Classe energetica F",https://www.amazon.it/dp/B0FFH16KMX,48.0,885.26,885.26,EUR,885.26,Amazon,IT,2026-07-31T07:00:24Z,B0FFH16KMX,,,,,
LG,"LG OLED42C55LA - TV 42 Pollici, 4K, OLED, Smart TV, DVB-T2, HEVC/H.265, Classe energetica G",https://www.amazon.it/dp/B0FFH2LKJC,42.0,693.44,693.44,EUR,693.44,Amazon,IT,2026-07-31T07:00:24Z,B0FFH2LKJC,,,,,
LG,LG 43QNED80A3A - Smart TV 43 Pollici 4K QNED DVB-T2 Wi-Fi colore Nero Classe energetica G,https://www.amazon.it/dp/B0GTMTGVZ7,43.0,344.44,344.44,EUR,344.44,Amazon,IT,2026-07-31T07:00:24Z,B0GTMTGVZ7,,,,,
LG,"LG 55QNED70A6A - TV 55 Pollici, Smart TV, 4K, QNED, DVB-T2, HEVC/H.265, Classe energetica G",https://www.amazon.it/dp/B0FQP852W5,55.0,443.0,443.0,EUR,443.0,Amazon,IT,2026-07-31T07:00:24Z,B0FQP852W5,,,,,
LG,"LG LED-Display UltraGear 27GN800-B - 68,5 cm (27"") - 2560 x 1440 QHD",https://www.amazon.it/dp/B09QT6SF6M,27.0,,,,,Amazon,IT,2026-07-31T07:00:24Z,B09QT6SF6M,,,,,
LG,Smart TV LG 55UR80003LJ.AEU 4K Ultra HD 55' LED HDR D-LED HDR10 PRO,https://www.amazon.it/dp/B0CT94V6MB,55.0,,,,,Amazon,IT,2026-07-31T07:00:24Z,B0CT94V6MB,,,,,
LG,LG OLED48C51LA - Smart TV 48 Pollici 4K OLED DVB-T2 Wi-Fi Colore Nero Classe energetica G,https://www.amazon.it/dp/B0G6C27G1X,48.0,832.35,832.35,EUR,832.35,Amazon,IT,2026-07-31T07:00:24Z,B0G6C27G1X,,,,,
LG,"LG OLED55C55 - TV 55 Pollici, 4K, Smart TV, OLED, DVB-T2, HEVC/H.265, Classe energetica F",https://www.amazon.it/dp/B0FFH43D41,55.0,977.71,977.71,EUR,977.71,Amazon,IT,2026-07-31T07:00:24Z,B0FFH43D41,,,,,
LG,"LG 32LM6370PLA Smart TV 32"" Full HD, TV LED Serie LM63 con Dolby Audio, Dolby Digital, Processore Quad Core, Wi-Fi, Audio ...",https://www.amazon.it/dp/B08Z4BD8X9,32.0,,,,,Amazon,IT,2026-07-31T07:00:24Z,B08Z4BD8X9,,,,,
LG,"LG NanoCell 43NANO766QA Smart TV 4K 43"" NANO76 Series 2022 Series α5 Gen 5 Processor, Filmmaker Mode, Game Optimizer, Wi-F...",https://www.amazon.it/dp/B09TBJHBQN,43.0,569.0,569.0,EUR,569.0,Amazon,IT,2026-07-31T07:00:24Z,B09TBJHBQN,,,,,
LG,"LG 43UP751C0ZF.AEU Televisor 109,2 cm (43"") 4K Ultra HD Smart TV Wifi Negro, Plata",https://www.amazon.it/dp/B09N7NDZXR,43.0,451.51,451.51,EUR,451.51,Amazon,IT,2026-07-31T07:00:24Z,B09N7NDZXR,,,,,
LG,LG Serie G5 Smart TV 55 Pollici 4K Ultra HD Display OLED evo AI 165 Hz Sistema Web OS colore Nero - OLED55G54,https://www.amazon.it/dp/B0FFH1LF1W,55.0,1301.95,1301.95,EUR,1301.95,Amazon,IT,2026-07-31T07:00:24Z,B0FFH1LF1W,,,,,
LG,"LG TV LED Ultra HD 4K 49"" 49UN74006LB. API Smart TV WebOS",https://www.amazon.it/dp/B08C7ZFQF3,49.0,649.0,649.0,EUR,649.0,Amazon,IT,2026-07-31T07:00:24Z,B08C7ZFQF3,,,,,
LG,"LG 32LK500BPLA 32"" HD Black LED TV - LED TVs (80 cm / 32""), 1366 x 768 pixels, HD, LED, DVB-C,DVB-S2,DVB-T2, Nero",https://www.amazon.it/dp/B07DW8B83S,32.0,299.0,299.0,EUR,299.0,Amazon,IT,2026-07-31T07:00:24Z,B07DW8B83S,,,,,
LG,"LG 55UK6300MLB televisore 139,7 cm (55"") 4K Ultra HD Smart TV Wi-Fi Nero",https://www.amazon.it/dp/B07C4XV9GB,55.0,599.0,599.0,EUR,599.0,Amazon,IT,2026-07-31T07:00:24Z,B07C4XV9GB,,,,,
LG,"LG 43UK6400 Televisore 43"" 4K Ultra Hd Smart Tv Wi-Fi Nero, 109.2 cm",https://www.amazon.it/dp/B07B4KQB55,43.0,540.0,540.0,EUR,540.0,Amazon,IT,2026-07-31T07:00:24Z,B07B4KQB55,,,,,
LG,"LG 65NANO81A6A - TV 65 Pollici, 4K, Smart TV, DVB-T2, Wi-Fi, HEVC/H.265, Classe energetica F",https://www.amazon.it/dp/B0FFH1CDP9,65.0,603.0,603.0,EUR,603.0,Amazon,IT,2026-07-31T07:00:24Z,B0FFH1CDP9,,,,,
LG,"LG 43LM6300 109,2 cm (43"") Full HD Smart TV Wi-Fi Nero",https://www.amazon.it/dp/B07R1DJGHV,43.0,348.9,348.9,EUR,348.9,Amazon,IT,2026-07-31T07:00:24Z,B07R1DJGHV,,,,,
LG,"LG 60UM71007LB televisore 152,4 cm (60"") 4K Ultra HD Smart TV Wi-Fi Nero",https://www.amazon.it/dp/B07PY5BFHL,60.0,869.0,869.0,EUR,869.0,Amazon,IT,2026-07-31T07:00:24Z,B07PY5BFHL,,,,,
LG,"LG 43UQ75006LF Smart TV 4K 43"" TV Ultra HD Serie UQ75 2022, Processore α5 Gen 5, Filmmaker Mode, Game Optimizer, Wi-Fi, Co...",https://www.amazon.it/dp/B09TBGDKYK,43.0,309.0,309.0,EUR,309.0,Amazon,IT,2026-07-31T07:00:24Z,B09TBGDKYK,,,,,
LG,"LG 55UM71007LB televisore 139,7 cm (55"") 4K Ultra HD Smart TV Wi-Fi Nero",https://www.amazon.it/dp/B07PMMSKJG,55.0,619.0,619.0,EUR,619.0,Amazon,IT,2026-07-31T07:00:24Z,B07PMMSKJG,,,,,
LG,"LG 50UK6470PLC televisore 127 cm (50"") 4K Ultra HD Smart TV Wi-Fi Nero",https://www.amazon.it/dp/B07CLG55ZK,50.0,660.0,660.0,EUR,660.0,Amazon,IT,2026-07-31T07:00:24Z,B07CLG55ZK,,,,,
LG,"Tv LG Televisore 43Lk5100Pla 43"" Full Hd Virtual Surround Led",https://www.amazon.it/dp/B07C32PX95,43.0,480.0,480.0,EUR,480.0,Amazon,IT,2026-07-31T07:00:24Z,B07C32PX95,,,,,
LG,"LG 43LK5900PLA 43"" Full HD Smart TV Wi-Fi Nero",https://www.amazon.it/dp/B07DW6PLFK,43.0,519.0,519.0,EUR,519.0,Amazon,IT,2026-07-31T07:00:24Z,B07DW6PLFK,,,,,
LG,"LG 65UA75006LA - TV 65 Pollici, Smart TV, 4K, LED, DVB-T2, HEVC/H.265, Classe energetica F",https://www.amazon.it/dp/B0FQP7ZSS4,65.0,557.44,557.44,EUR,557.44,Amazon,IT,2026-07-31T07:00:24Z,B0FQP7ZSS4,,,,,
LG,"LG TV LED 4K AI Ultra HD,49UM7400PLB, Smart TV 49"", 4K Active HDR",https://www.amazon.it/dp/B07RZ9Q291,49.0,599.0,599.0,EUR,599.0,Amazon,IT,2026-07-31T07:00:24Z,B07RZ9Q291,,,,,
LG,"LG OLED48A16LA Smart TV 4K 48"", TV OLED Serie A1 2021, Processore α7 Gen4, Dolby Vision IQ, Wi-Fi, webOS 6.0, FILMMAKER MO...",https://www.amazon.it/dp/B08WQ7STJF,48.0,1144.32,1144.32,EUR,1144.32,Amazon,IT,2026-07-31T07:00:24Z,B08WQ7STJF,,,,,
LG,"LG 55UQ75006LF Smart TV 4K 55"" TV Ultra HD Serie UQ75 2022, Processore α5 Gen 5, Filmmaker Mode, Game Optimizer, Wi-Fi, Co...",https://www.amazon.it/dp/B09TBK27QK,55.0,619.0,619.0,EUR,619.0,Amazon,IT,2026-07-31T07:00:24Z,B09TBK27QK,,,,,
LG,"LG 65UP75006LF Smart TV LED 4K Ultra HD 65” 2021 con Processore Quad Core 4K, Wi-Fi, webOS 6.0, FILMMAKER MODE, Game Optim...",https://www.amazon.it/dp/B08WPQN69W,65.0,898.0,898.0,EUR,898.0,Amazon,IT,2026-07-31T07:00:24Z,B08WPQN69W,,,,,
LG,LG 55UP78006LB 55 '' Ultra HD 4K Smart HDR webOS,https://www.amazon.it/dp/B096TFPZRH,55.0,760.0,760.0,EUR,760.0,Amazon,IT,2026-07-31T07:00:24Z,B096TFPZRH,,,,,
LG,"LG 55QNED93A6A - TV 55 Pollici, Smart TV, 4K, QNED, DVB-T2, HEVC/H.265, Classe energetica G",https://www.amazon.it/dp/B0FQP3S1SZ,55.0,699.0,699.0,EUR,699.0,Amazon,IT,2026-07-31T07:00:24Z,B0FQP3S1SZ,,,,,
LG,"LG 65QNED70A6A - TV 65 Pollici, Smart TV, 4K, QNED, DVB-T2, HEVC/H.265, Classe energetica F",https://www.amazon.it/dp/B0FQPD1QWT,65.0,620.78,620.78,EUR,620.78,Amazon,IT,2026-07-31T07:00:24Z,B0FQPD1QWT,,,,,
LG,"LG OLED48C44LA - Smart TV 48 Pollici (121,9 cm), 4K, DVB-T2, HEVC, OLED",https://www.amazon.it/dp/B0DK3GS2WV,48.0,1232.03,1232.03,EUR,1232.03,Amazon,IT,2026-07-31T07:00:24Z,B0DK3GS2WV,,,,,
LG,"LG - 65QNED86T6A - Smart TV 65 pollici (165 cm), 4K, QNED, DVB-T2, HEVC, Blu",https://www.amazon.it/dp/B0DJT4DWDG,65.0,1056.0,1056.0,EUR,1056.0,Amazon,IT,2026-07-31T07:00:24Z,B0DJT4DWDG,,,,,
LG,"LG OLED AI ThinQ 55B8 Smart TV 55'' 4K Cinema Vision, HDR, Dolby Atmos, 2018",https://www.amazon.it/dp/B07CL963W6,55.0,1199.99,1199.99,EUR,1199.99,Amazon,IT,2026-07-31T07:00:24Z,B07CL963W6,,,,,
LG,LG 50NANO80A3B - TV 50 Pollici Smart TV 4K DVB-T2 Wifi Nero Classe Energetica F,https://www.amazon.it/dp/B0H1MXKY2Y,50.0,351.94,351.94,EUR,351.94,Amazon,IT,2026-07-31T07:00:24Z,B0H1MXKY2Y,,,,,
LG,"LG UHD 43UQ75003LF TELEVISOR 109,2 CM (43"") 4K ULTRA HD SMART TV WIFI NEGRO",https://www.amazon.it/dp/B0B8JRZTQF,43.0,489.0,489.0,EUR,489.0,Amazon,IT,2026-07-31T07:00:24Z,B0B8JRZTQF,,,,,
LG,"LG NanoCell 55NANO766QA Smart TV 4K 55"" NANO76 Series 2022, α5 Gen 5 Processor, Filmmaker Mode, Game Optimizer, Wi-Fi, AI ...",https://www.amazon.it/dp/B09TBJD7S1,55.0,719.0,719.0,EUR,719.0,Amazon,IT,2026-07-31T07:00:24Z,B09TBJD7S1,,,,,
LG,"LG UHD TV 49UN71006LB.APID, Smart TV 49'', LED 4K IPS Display, Modello 2020",https://www.amazon.it/dp/B0857TGY89,49.0,599.0,599.0,EUR,599.0,Amazon,IT,2026-07-31T07:00:24Z,B0857TGY89,,,,,
LG,"LG 60UM7100 152,4 cm (60"") 4K Ultra HD Smart TV Wi-Fi Nero",https://www.amazon.it/dp/B07RYBB1PQ,60.0,859.0,859.0,EUR,859.0,Amazon,IT,2026-07-31T07:00:24Z,B07RYBB1PQ,,,,,
LG,"LG 55UJ6307 televisore 139,7 cm (55"") 4K Ultra HD Smart TV Wi-Fi Nero",https://www.amazon.it/dp/B072HQHBW4,55.0,588.0,588.0,EUR,588.0,Amazon,IT,2026-07-31T07:00:24Z,B072HQHBW4,,,,,
LG,"LG 55UM7100PLB 139.7 cm (55"") 4K Ultra HD Smart TV Wi-Fi Nero, Modello 2019",https://www.amazon.it/dp/B07R9XDTJJ,55.0,599.0,599.0,EUR,599.0,Amazon,IT,2026-07-31T07:00:24Z,B07R9XDTJJ,,,,,
LG,"LG TVC 75"" NONOCELL UHD Dolby Vision",https://www.amazon.it/dp/B0DGXRCLWT,75.0,730.41,730.41,EUR,730.41,Amazon,IT,2026-07-31T07:00:24Z,B0DGXRCLWT,,,,,
LG,"LG 43UP77006LB Smart TV LED 4K Ultra HD 43” 2021 con Processore Quad Core 4K, Wi-Fi, webOS 6.0, FILMMAKER MODE, Game Optim...",https://www.amazon.it/dp/B08WPYGKQM,43.0,449.0,449.0,EUR,449.0,Amazon,IT,2026-07-31T07:00:24Z,B08WPYGKQM,,,,,
LG,LG OLED 55 POLLICI MOD 55B8PLA,https://www.amazon.it/dp/B07F41865R,55.0,,,,,Amazon,IT,2026-07-31T07:00:24Z,B07F41865R,,,,,
LG,"LG TV LED 4K AI Ultra HD,43UM7400, Smart TV 43"", 4K Active HDR",https://www.amazon.it/dp/B07R4BQPJT,43.0,559.0,559.0,EUR,559.0,Amazon,IT,2026-07-31T07:00:24Z,B07R4BQPJT,,,,,
LG,LG OLED AI 55 pollici Smart TV OLED55C9PLA,https://www.amazon.it/dp/B07QNS1LVK,55.0,1990.0,1990.0,EUR,1990.0,Amazon,IT,2026-07-31T07:00:24Z,B07QNS1LVK,,,,,
LG,"LG 50UQ75006LF Smart TV 4K 50"" TV Ultra HD Serie UQ75 2022, Processore α5 Gen 5, Filmmaker Mode, Game Optimizer, Wi-Fi, Co...",https://www.amazon.it/dp/B09TBJGBJV,50.0,612.0,612.0,EUR,612.0,Amazon,IT,2026-07-31T07:00:24Z,B09TBJGBJV,,,,,
LG,"LG 49UJ634V 49"" LED ULTRA HD 4K SMART TV DVB-T2/C/S2 3xHDMI 2xUSB COLORE NERO GARANZIA ITALIA",https://www.amazon.it/dp/B071YDXJ58,49.0,610.0,610.0,EUR,610.0,Amazon,IT,2026-07-31T07:00:24Z,B071YDXJ58,,,,,
LG,"LG 55UQ75003LF 55"" (139 cm). Smart TV. WebOS. 4K UHD OLED. 3840 Ã— 2160. Wi-Fi. DVB-T/T2/C/S/S2",https://www.amazon.it/dp/B0BH16TBBH,55.0,750.0,750.0,EUR,750.0,Amazon,IT,2026-07-31T07:00:24Z,B0BH16TBBH,,,,,
LG,"LG 32LK6100PLB 32"" FULL HD SMART TV WIFI LED",https://www.amazon.it/dp/B07DW8GN9D,32.0,399.0,399.0,EUR,399.0,Amazon,IT,2026-07-31T07:00:24Z,B07DW8GN9D,,,,,
LG,"LG OLED Evo OLED55C34LA 55""",https://www.amazon.it/dp/B0C5N6F2QM,55.0,1399.0,1399.0,EUR,1399.0,Amazon,IT,2026-07-31T07:00:24Z,B0C5N6F2QM,,,,,
LG,"LG 43UM7600 109,2 cm (43"") 4K Ultra HD Smart TV Wi-Fi Argento",https://www.amazon.it/dp/B07QQH5P3B,43.0,599.0,599.0,EUR,599.0,Amazon,IT,2026-07-31T07:00:24Z,B07QQH5P3B,,,,,
LG,"LG 55UQ80003LB 55"" (139 cm) UHD 4K TV",https://www.amazon.it/dp/B0BKT5SXT6,55.0,599.0,599.0,EUR,599.0,Amazon,IT,2026-07-31T07:00:24Z,B0BKT5SXT6,,,,,
LG,"LG 32LK610B 32"" HD Smart TV Wi-Fi Black, Grey LED TV - LED TVs (81.3 cm (32""), 1366 x 768 pixels, LED, Smart TV, Wi-Fi, Bl...",https://www.amazon.it/dp/B07DW6PSZ2,32.0,329.0,329.0,EUR,329.0,Amazon,IT,2026-07-31T07:00:24Z,B07DW6PSZ2,,,,,
LG,"LG TVC 55"" UHD T2/S2",https://www.amazon.it/dp/B08PBZDL77,55.0,581.0,581.0,EUR,581.0,Amazon,IT,2026-07-31T07:00:24Z,B08PBZDL77,,,,,
LG,"Lg 55B9SLA - Smart TV OLED 55"" (139,7 cm), 4K, DVB-T2, Wifi",https://www.amazon.it/dp/B08BCT8T49,55.0,1540.0,1540.0,EUR,1540.0,Amazon,IT,2026-07-31T07:00:24Z,B08BCT8T49,,,,,
LG,LG 55UK6200 TV LED 55 POLLICI ULTRA HD 4K HDR SMART TV Wi-Fi,https://www.amazon.it/dp/B07HN89RWN,55.0,631.0,631.0,EUR,631.0,Amazon,IT,2026-07-31T07:00:24Z,B07HN89RWN,,,,,
LG,"LG 32LJ610V 32"" LED FULL HD SMART TV WI-FI GARANZIA EUROPA",https://www.amazon.it/dp/B06XPQVXX2,32.0,419.0,419.0,EUR,419.0,Amazon,IT,2026-07-31T07:00:24Z,B06XPQVXX2,,,,,
LG,"LG Electronics 50UP75009LF.AEUD LED-TV 126cm 50 Zoll EEK G (A - G) Smart TV, UHD, WLAN",https://www.amazon.it/dp/B08VD8TCY5,50.0,699.0,699.0,EUR,699.0,Amazon,IT,2026-07-31T07:00:24Z,B08VD8TCY5,,,,,
LG,"LG 55UK6200PLA Smart Tv Uhd 4K da 55"", Active Hdr, Hdr10 Pro e Hlg",https://www.amazon.it/dp/B07GFH8T77,55.0,620.0,620.0,EUR,620.0,Amazon,IT,2026-07-31T07:00:24Z,B07GFH8T77,,,,,
LG,"LG TV 43"" UHD Smart HDR 10 * MR20 DVB-C/S2/T2 HD WiFi DLNA HLG PRO",https://www.amazon.it/dp/B08L943B9V,43.0,470.0,470.0,EUR,470.0,Amazon,IT,2026-07-31T07:00:24Z,B08L943B9V,,,,,
LG,"LG 43UQ75009LF 109cm 43"""" 4K LED Smart TV Fernseher",https://www.amazon.it/dp/B09RQ36JLS,43.0,529.0,529.0,EUR,529.0,Amazon,IT,2026-07-31T07:00:24Z,B09RQ36JLS,,,,,
LG,"LG 65UQ75006LF Smart TV 4K 65"" TV Ultra HD Serie UQ75 2022, Processore α5 Gen 5, Filmmaker Mode, Game Optimizer, Wi-Fi, Co...",https://www.amazon.it/dp/B09TBGJB1K,65.0,899.0,899.0,EUR,899.0,Amazon,IT,2026-07-31T07:00:24Z,B09TBGJB1K,,,,,
LG,"LG 49UK6300 127 cm (50"") 4K Ultra HD Smart TV Wi-Fi Nero, Grigio",https://www.amazon.it/dp/B07B4KQB54,50.0,599.0,599.0,EUR,599.0,Amazon,IT,2026-07-31T07:00:24Z,B07B4KQB54,,,,,
LG,"LG Tv Uk6470 da 43"" Ultra Hd . Smart Tv - 4K - Active Hdr - Hevc - Wifi - Bluetooth - Serie 2018 [Esclusiva Amazon.It]",https://www.amazon.it/dp/B07CL3B53K,43.0,590.0,590.0,EUR,590.0,Amazon,IT,2026-07-31T07:00:24Z,B07CL3B53K,,,,,
LG,LG 55NANO826QB 55 '' Ultra HD 4K Smart HDR webOS,https://www.amazon.it/dp/B0BH2WBRQN,55.0,801.89,801.89,EUR,801.89,Amazon,IT,2026-07-31T07:00:24Z,B0BH2WBRQN,,,,,
LG,"LG - 55NANO82T6B - Smart TV 55 Pollici (139,7 cm), 4K, DVB-T2, Marrone",https://www.amazon.it/dp/B0DJT5DSR8,55.0,489.9,489.9,EUR,489.9,Amazon,IT,2026-07-31T07:00:24Z,B0DJT5DSR8,,,,,
LG,"TV LED 32"" LG 32LK500 EUROPA BLACK",https://www.amazon.it/dp/B07DDFKT3Y,32.0,339.0,339.0,EUR,339.0,Amazon,IT,2026-07-31T07:00:24Z,B07DDFKT3Y,,,,,
LG,"LG 32LK510BPLD HD Black LED TV - LED TVs (80 cm / 32""), 1366 x 768 pixels, HD, LED, DVB-C,DVB-S2,DVB-T2, Nero",https://www.amazon.it/dp/B07CKWJJRY,32.0,319.0,319.0,EUR,319.0,Amazon,IT,2026-07-31T07:00:24Z,B07CKWJJRY,,,,,
LG,"LG 32LK610B 32"" HD Smart TV Wi-Fi Black, Grey LED TV - LED TVs (81.3 cm (32""), 1366 x 768 pixels, LED, Smart TV, Wi-Fi, Bl...",https://www.amazon.it/dp/B07CL91ZBN,32.0,310.0,310.0,EUR,310.0,Amazon,IT,2026-07-31T07:00:24Z,B07CL91ZBN,,,,,
LG,"LG OLED evo 83'', Smart TV 4K, OLED83G36LA, Serie G3 2023, Design One Wall, Processore α9 Gen6, Brightness Booster Max, Do...",https://www.amazon.it/dp/B0BZ18Y65G,83.0,3477.98,3477.98,EUR,3477.98,Amazon,IT,2026-07-31T07:00:24Z,B0BZ18Y65G,,,,,
LG,"LG Smart TV 43"" 43QNED80A6A QNED AI UHD 4K ULTRA HD, HEVC MAIN 10, DVB-T2, WIFI",https://www.amazon.it/dp/B0FV8LS7JC,43.0,,,,,Amazon,IT,2026-07-31T07:00:24Z,B0FV8LS7JC,,,,,
LG,LG OLED65G66LS - Tv 65 Pollici Smart Tv 4K DVB-T2 HEVC/H.265 OLED Wifi Classe Energetica E,https://www.amazon.it/dp/B0H36VQ8P1,65.0,,,,,Amazon,IT,2026-07-31T07:00:24Z,B0H36VQ8P1,,,,,
TCL,"TCL 85Q6C – Smart TV QD‑Mini LED 4K HDR10+ da 85"", Google TV | Dolby Vision IQ & Atmos, 144Hz Motion Clarity Pro, Game Mas...",https://www.amazon.it/dp/B0DXQ5VTVK,85.0,1299.9,1299.9,EUR,1299.9,Amazon,IT,2026-07-31T07:00:24Z,B0DXQ5VTVK,,,,,
LG,"LG 55UK6500 55"" LG TV LED 55"" Ultra HD Smart TV 4K, Active HDR, Grigio",https://www.amazon.it/dp/B07CL39XSP,55.0,,,,,Amazon,IT,2026-07-31T07:00:24Z,B07CL39XSP,,,,,
LG,"LG 32LK6200PLA FullHD Smart Tv Wi-Fi LED TV - (81.3 cm (32"") 1920x1080",https://www.amazon.it/dp/B07B4F8WC6,32.0,,,,,Amazon,IT,2026-07-31T07:00:24Z,B07B4F8WC6,,,,,
LG,"LG TV UT73 55"" LED 4K UHD - 55UT73006LA",https://www.amazon.it/dp/B0CY5LV97Y,55.0,,,,,Amazon,IT,2026-07-31T07:00:24Z,B0CY5LV97Y,,,,,
LG,"Gambe di ricambio per TV LG, base universale antiscivolo per televisori da 49-65 pollici, compatibile con modelli LG, incl...",https://www.amazon.it/dp/B0GLNNPN36,65.0,71.76,71.76,EUR,71.76,Amazon,IT,2026-07-31T07:00:24Z,B0GLNNPN36,,,,,
LG,"lg QNED 2025 Smart TV, 65 Pollici, 4K Ultra HD, Mini LED, Gaming Hub, Wi-Fi, HDR, 120W, Bianco",https://www.amazon.it/dp/B0FQ2S1ZB3,65.0,,,,,Amazon,IT,2026-07-31T07:00:24Z,B0FQ2S1ZB3,,,,,
LG,"LG 28TL510V-WZ - TV LED 28"", HD Ready, DVB-T2, Gaming Mode Cinema Mode, colore Bianco",https://www.amazon.it/dp/B07XVNG5Z9,28.0,,,,,Amazon,IT,2026-07-31T07:00:24Z,B07XVNG5Z9,,,,,
LG,LG 43QNED70B6C - Smart Tv 43 Pollici 4K 3840 x 2160 Pixel QNED DVB-T2 Wifi HEVC/H.265 Classe Energetica F,https://www.amazon.it/dp/B0H3717ZS4,43.0,,,,,Amazon,IT,2026-07-31T07:00:24Z,B0H3717ZS4,,,,,
TCL,"TCL 43SF560 – Smart TV Full HD QLED HDR da 43"", Fire TV | Press & Ask Alexa, Metallic Bezel-Less Design",https://www.amazon.it/dp/B0F9PQTM25,43.0,199.0,199.0,EUR,199.0,Amazon,IT,2026-07-31T07:00:24Z,B0F9PQTM25,,,,,
TCL,"TCL 55V6C – Smart TV 4K HDR Direct LED da 55"", Google TV con Dolby Audio | Game Master, Motion Clarity, Google Assistant, ...",https://www.amazon.it/dp/B0DV94JCVX,55.0,329.9,329.9,EUR,329.9,Amazon,IT,2026-07-31T07:00:24Z,B0DV94JCVX,,,,,
TCL,"TCL 32SF560 – Smart TV Full HD QLED HDR da 32"", Fire TV | Press & Ask Alexa, Metallic Bezel-Less Design",https://www.amazon.it/dp/B0F9PVTQL2,32.0,179.9,179.9,EUR,179.9,Amazon,IT,2026-07-31T07:00:24Z,B0F9PVTQL2,,,,,
TCL,"TCL 65V6C – Smart TV 4K HDR Direct LED da 65"", Google TV con Dolby Audio | Game Master, Motion Clarity, Google Assistant, ...",https://www.amazon.it/dp/B0DV9GHKQ6,65.0,399.9,399.9,EUR,399.9,Amazon,IT,2026-07-31T07:00:24Z,B0DV9GHKQ6,,,,,
TCL,"TCL 43PF650 – Smart TV 4K Ultra HD da 43"", Fire TV | Game Master, Motion Clarity, Dolby Vision & Atmos, Press & Ask Alexa",https://www.amazon.it/dp/B0D8J7L6N9,43.0,239.9,239.9,EUR,239.9,Amazon,IT,2026-07-31T07:00:24Z,B0D8J7L6N9,,,,,
TCL,"TCL 50Q6C – Smart TV QD‑Mini LED 4K HDR10+ da 50"", Google TV | Dolby Vision IQ & Atmos, 144Hz Motion Clarity Pro, Game Mas...",https://www.amazon.it/dp/B0FD9VF12V,50.0,399.9,399.9,EUR,399.9,Amazon,IT,2026-07-31T07:00:24Z,B0FD9VF12V,,,,,
TCL,"TCL 55T6C – Smart TV QLED 4K HDR10+ da 55"", Fire TV con Dolby Atmos | Game Mast, VRR, Dolby Vision, Motion Clarity, Press...",https://www.amazon.it/dp/B0DW9698LP,55.0,358.9,358.9,EUR,358.9,Amazon,IT,2026-07-31T07:00:24Z,B0DW9698LP,,,,,
TCL,"TCL 55P6K – Smart TV 4K HDR Direct LED da 55"", Google TV con Dolby Audio | Motion Clarity, Google Assistant, Compatible wi...",https://www.amazon.it/dp/B0F7RVDMKF,55.0,329.9,329.9,EUR,329.9,Amazon,IT,2026-07-31T07:00:24Z,B0F7RVDMKF,,,,,
TCL,"TCL 55Q6C – Smart TV QD‑Mini LED 4K HDR10+ da 55"", Google TV | Dolby Vision IQ & Atmos, 144Hz Motion Clarity Pro, Game Mas...",https://www.amazon.it/dp/B0DX185Q23,55.0,469.9,469.9,EUR,469.9,Amazon,IT,2026-07-31T07:00:24Z,B0DX185Q23,,,,,
TCL,"TCL 43T6C – Smart TV QLED 4K HDR10+ da 43"", Fire TV con Dolby Atmos | Game Mast, VRR, Dolby Vision, Motion Clarity, Press...",https://www.amazon.it/dp/B0DW98NN53,43.0,267.0,267.0,EUR,267.0,Amazon,IT,2026-07-31T07:00:24Z,B0DW98NN53,,,,,
TCL,"TCL 50Q7C – Smart TV QD‑Mini LED 4K HDR10+ da 50"", 2.000nit | Dolby Vision IQ & Atmos, HVA Panel, 144Hz Motion Clarity Pr...",https://www.amazon.it/dp/B0F38D74ZD,50.0,499.9,499.9,EUR,499.9,Amazon,IT,2026-07-31T07:00:24Z,B0F38D74ZD,,,,,
TCL,"TCL 50PF650 – Smart TV 4K Ultra HD da 50"", Fire TV | Game Master, Motion Clarity, Dolby Vision & Atmos, Press & Ask Alexa",https://www.amazon.it/dp/B0D8JCWT4N,50.0,321.07,321.07,EUR,321.07,Amazon,IT,2026-07-31T07:00:24Z,B0D8JCWT4N,,,,,
TCL,"TCL 32V5D – Smart TV QLED Full HD HDR da 32"" con Fire TV | Direct LED, Apple AirPlay 2, Press & Ask Alexa, Metallic Bezel-...",https://www.amazon.it/dp/B0GYSZDBNH,32.0,239.9,239.9,EUR,239.9,Amazon,IT,2026-07-31T07:00:24Z,B0GYSZDBNH,,,,,
TCL,"TCL 65P6K – Smart TV 4K HDR Direct LED da 65"", Google TV con Dolby Audio | Motion Clarity, Google Assistant, Compatible wi...",https://www.amazon.it/dp/B0F74855ZF,65.0,399.9,399.9,EUR,399.9,Amazon,IT,2026-07-31T07:00:24Z,B0F74855ZF,,,,,
TCL,"TCL 65P8K – Smart TV QLED 4K HDR10+ da 65"", Google TV con audio Onkyo 2.1 | FreeSync, Dolby Vision & Atmos, 144Hz Motion C...",https://www.amazon.it/dp/B0F8J37SQ5,65.0,479.9,479.9,EUR,479.9,Amazon,IT,2026-07-31T07:00:24Z,B0F8J37SQ5,,,,,
TCL,"TCL 32L5A, TV da 32 pollici, FHD, smart TV HDR supportata su Android TV (modalità bambino, Dolby Audio, compatibile con Go...",https://www.amazon.it/dp/B0CXF2QTRF,32.0,,,,,Amazon,IT,2026-07-31T07:00:24Z,B0CXF2QTRF,,,,,
TCL,"TCL 43T69C – Smart TV QLED 4K HDR10+ da 43"", Google TV con Dolby Atmos | Game Mast, Dolby Vision, Motion Clarity, Google A...",https://www.amazon.it/dp/B0F8QFTXW9,43.0,317.64,317.64,EUR,317.64,Amazon,IT,2026-07-31T07:00:24Z,B0F8QFTXW9,,,,,
TCL,"TCL 55Q7C – Smart TV QD‑Mini LED 4K HDR10+ da 55"", 2.600nit | Dolby Vision IQ & Atmos, HVA Panel, 144Hz Motion Clarity Pr...",https://www.amazon.it/dp/B0F38H2GGC,55.0,569.9,569.9,EUR,569.9,Amazon,IT,2026-07-31T07:00:24Z,B0F38H2GGC,,,,,
TCL,"TCL 55C8L – Smart TV SQD‑Mini LED 4K HDR10+ da 55"", 3.000nit | 1,008 Dimming Zones, Dolby Vision IQ & Atmos, 144Hz VRR, Au...",https://www.amazon.it/dp/B0GTZS35X6,55.0,815.0,815.0,EUR,815.0,Amazon,IT,2026-07-31T07:00:24Z,B0GTZS35X6,,,,,
TCL,"TCL 75T8C – Smart TV QLED 4K HDR10+ da 75"", pensato per il gaming, 144Hz VRR",https://www.amazon.it/dp/B0DV9L71QL,75.0,649.0,649.0,EUR,649.0,Amazon,IT,2026-07-31T07:00:24Z,B0DV9L71QL,,,,,
TCL,"TCL 65P7K 65”QLED 4K HDR TV, Google TV, Smart TV(Dolby Vision & Atmos, Game Master, Motion clarity) | Dolby Vision & Atmo...",https://www.amazon.it/dp/B0FH78VT5V,65.0,499.31,499.31,EUR,499.31,Amazon,IT,2026-07-31T07:00:24Z,B0FH78VT5V,,,,,
TCL,"TCL 75T69C – Smart TV QLED 4K HDR10+ da 75"", Google TV con Dolby Atmos | Game Mast, Dolby Vision, Motion Clarity, Google A...",https://www.amazon.it/dp/B0F8QB4KM3,75.0,749.9,749.9,EUR,749.9,Amazon,IT,2026-07-31T07:00:24Z,B0F8QB4KM3,,,,,
TCL,"TCL 75A400 – Smart TV QLED 4K HDR10+ da 75"", design piatto e sottile | HVA Panel, Dolby Vision & Atmos, Onkyo 2.0 Sound, 1...",https://www.amazon.it/dp/B0GYPJP1KL,75.0,820.58,820.58,EUR,820.58,Amazon,IT,2026-07-31T07:00:24Z,B0GYPJP1KL,,,,,
TCL,"TCL 75RM7L – Smart TV RGB‑Mini LED 4K HDR10+ da 75"", 2.000nit | 1,800 Precise Color Zones, Dolby Vision IQ & Atmos, 2.1 On...",https://www.amazon.it/dp/B0GZZZVN8B,75.0,1299.9,1299.9,EUR,1299.9,Amazon,IT,2026-07-31T07:00:24Z,B0GZZZVN8B,,,,,
TCL,"TCL 55P8K – Smart TV QLED 4K HDR10+ da 55"", Google TV con audio Onkyo 2.1 | FreeSync, Dolby Vision & Atmos, 144Hz Motion C...",https://www.amazon.it/dp/B0F8HYKRKX,55.0,459.99,459.99,EUR,459.99,Amazon,IT,2026-07-31T07:00:24Z,B0F8HYKRKX,,,,,
TCL,"TCL 55QM8B TV Mini LED 55”, Pannello QLED 144Hz, 4K HDR Premium 1300nit, Google TV (Dolby Vision IQ - Atmos, Audio Onkyo, ...",https://www.amazon.it/dp/B0CF2PVLXP,55.0,,,,,Amazon,IT,2026-07-31T07:00:24Z,B0CF2PVLXP,,,,,
TCL,"TCL 43V6C – Smart TV 4K HDR Direct LED da 43"", Google TV con Dolby Audio | Game Master, Motion Clarity, Google Assistant, ...",https://www.amazon.it/dp/B0DV9HJTTK,43.0,,,,,Amazon,IT,2026-07-31T07:00:24Z,B0DV9HJTTK,,,,,
TCL,"TCL 32V5C – Smart TV Full HD QLED HDR da 32"", Android TV | Google Cast, Compatible with Google Home, Slim Design",https://www.amazon.it/dp/B0F3XMZWRX,32.0,,,,,Amazon,IT,2026-07-31T07:00:24Z,B0F3XMZWRX,,,,,
TCL,"TCL TELEVISORE 32"" POLLICI SMART TV 32S59K QLED, FHD, DOLBY AUDIO, HEVC MAIN 10, DVB-T2",https://www.amazon.it/dp/B0FDQ9PW4J,32.0,,,,,Amazon,IT,2026-07-31T07:00:24Z,B0FDQ9PW4J,,,,,
TCL,"TCL P79K Serie Smart TV QLED 4K 55"" 55P79K, Dolby Vision - Atmos, HDR10+, Google TV",https://www.amazon.it/dp/B0F9TF6MQZ,55.0,345.0,345.0,EUR,345.0,Amazon,IT,2026-07-31T07:00:24Z,B0F9TF6MQZ,,,,,
TCL,"TCL 65Q8C – Smart TV QD‑Mini LED 4K HDR10+ da 65"", 4.500nit, ZeroBorder | Dolby Vision IQ & Atmos, CrystGlow WHVA Panel, 1...",https://www.amazon.it/dp/B0F9WRKNS3,65.0,1199.9,1199.9,EUR,1199.9,Amazon,IT,2026-07-31T07:00:24Z,B0F9WRKNS3,,,,,
TCL,"TCL 75Q8C – Smart TV QD‑Mini LED 4K HDR10+ da 75"", 4.500nit, ZeroBorder | Dolby Vision IQ & Atmos, CrystGlow WHVA Panel, 1...",https://www.amazon.it/dp/B0F9WSGDLW,75.0,1399.9,1399.9,EUR,1399.9,Amazon,IT,2026-07-31T07:00:24Z,B0F9WSGDLW,,,,,
TCL,"TCL A300 Pro – Smart TV 4K da 55"", TV NXTVISION QLED Pro | Matte Screen, 230W Soundbar & Subwoofer, Dolby Vision IQ, Audio...",https://www.amazon.it/dp/B0F9WFRF4R,55.0,799.9,799.9,EUR,799.9,Amazon,IT,2026-07-31T07:00:24Z,B0F9WFRF4R,,,,,
TCL,"TCL 85P89K - TV 85 Pollici, Smart TV, 4K, QLED, DVB-T2, Wi-Fi, H.264, H.265, Classe energetica F",https://www.amazon.it/dp/B0FRFYQ3Q9,85.0,852.16,852.16,EUR,852.16,Amazon,IT,2026-07-31T07:00:24Z,B0FRFYQ3Q9,,,,,
TCL,"TCL 55C7K – Smart TV QD‑Mini LED 4K HDR10+ da 55"", 2.600nit | Dolby Vision IQ & Atmos, CrystGlow HVA Panel, 144Hz Motion C...",https://www.amazon.it/dp/B0F5BP4KFM,55.0,849.0,849.0,EUR,849.0,Amazon,IT,2026-07-31T07:00:24Z,B0F5BP4KFM,,,,,
TCL,"TCL Serie C69K Smart TV QD-MiniLED 4K 55"" 55C69K, 144Hz, audio Onkyo 2.1, Dolby Vision IQ & Atmos, Google TV",https://www.amazon.it/dp/B0F7XPY5FF,55.0,498.29,498.29,EUR,498.29,Amazon,IT,2026-07-31T07:00:24Z,B0F7XPY5FF,,,,,
TCL,"TCL 75P6K – Smart TV 4K HDR Direct LED da 75"", Google TV con Dolby Audio | Motion Clarity, Google Assistant, Compatible wi...",https://www.amazon.it/dp/B0F74QS3PJ,75.0,549.9,549.9,EUR,549.9,Amazon,IT,2026-07-31T07:00:24Z,B0F74QS3PJ,,,,,
TCL,"TCL 50C7K – Smart TV QD‑Mini LED 4K HDR10+ da 50"", 2.600nit | Dolby Vision IQ & Atmos, HVA Panel, 144Hz Motion Clarity Pr...",https://www.amazon.it/dp/B0F5BSJ83Z,50.0,,,,,Amazon,IT,2026-07-31T07:00:24Z,B0F5BSJ83Z,,,,,
TCL,TCL 43P79K Google TV QLED 43 Pollici UltraHD 4K DVBT2-S2,https://www.amazon.it/dp/B0F9XCJFY8,43.0,,,,,Amazon,IT,2026-07-31T07:00:24Z,B0F9XCJFY8,,,,,
TCL,"TCL 32S5L - Tv 32 Pollici Smart Tv Full HD DVB-T2 H.264, H.265 Nero Classe Energetica F",https://www.amazon.it/dp/B0H2JF9P45,32.0,249.0,249.0,EUR,249.0,Amazon,IT,2026-07-31T07:00:24Z,B0H2JF9P45,,,,,
TCL,"TCL 65Q6C 65"" QD-Mini LED SMART TV, 4K HDR Premium 1000nits, con tecnologia Google TV (Dolby Vision IQ e Atmos, sistema au...",https://www.amazon.it/dp/B0FQNYBYF1,65.0,697.88,697.88,EUR,697.88,Amazon,IT,2026-07-31T07:00:24Z,B0FQNYBYF1,,,,,
TCL,"TCL Serie C69K Smart TV QD-MiniLED 4K 65"" 65C69K, 144Hz, audio Onkyo 2.1, Dolby Vision IQ & Atmos, Google TV",https://www.amazon.it/dp/B0F9TDFQ5K,65.0,618.99,618.99,EUR,618.99,Amazon,IT,2026-07-31T07:00:24Z,B0F9TDFQ5K,,,,,
TCL,"TCL 75C6K Pro - Smart TV QD‑Mini LED 4K HDR10+ da 75"", 1.000nit",https://www.amazon.it/dp/B0H2JJST31,75.0,1045.86,1045.86,EUR,1045.86,Amazon,IT,2026-07-31T07:00:24Z,B0H2JJST31,,,,,
TCL,"TCL TV 43T6C-UK 43 pollici QLED 4K HDR, Fire TV (Smart TV con Dolby Vision & Atmos, HDR10+, Press & Ask Alexa, nuovo model...",https://www.amazon.it/dp/B0DW9833SD,43.0,437.27,437.27,EUR,437.27,Amazon,IT,2026-07-31T07:00:24Z,B0DW9833SD,,,,,
TCL,"TCL 65P79K - TV 65 Pollici, Smart TV, DVB-T2, H.265, Wi-Fi, Classe energetica F",https://www.amazon.it/dp/B0FQQLT73V,65.0,490.37,490.37,EUR,490.37,Amazon,IT,2026-07-31T07:00:24Z,B0FQQLT73V,,,,,
TCL,"TCL S54 Series 32S5400A TV 81,3 cm (32"") HD Smart TV WiFi Nero",https://www.amazon.it/dp/B0CL9YSFJK,32.0,,,,,Amazon,IT,2026-07-31T07:00:24Z,B0CL9YSFJK,,,,,
TCL,"TCL 65C639, TV 65” QLED, 4K Ultra HD HDR, Google TV, Dolby Vision & Atmos, sistema audio Onkyo, controllo vocale Hands-Fre...",https://www.amazon.it/dp/B09XQYQPFH,65.0,,,,,Amazon,IT,2026-07-31T07:00:24Z,B09XQYQPFH,,,,,
TCL,"TCL 115C7K – Smart TV QD‑Mini LED 4K HDR10+ da 115"", 3.000nit | Dolby Vision IQ & Atmos, CrystGlow HVA Panel, 144Hz Motion...",https://www.amazon.it/dp/B0F5BQDNGB,115.0,,,,,Amazon,IT,2026-07-31T07:00:24Z,B0F5BQDNGB,,,,,
TCL,"TCL 43T6C 43"" QLED TV 4K HDR, Fire TV (Smart tv con Dolby Vision e Atmos, HDR10+, Premi e Chiedi ad Alexa)",https://www.amazon.it/dp/B0FQNWLPTJ,43.0,365.88,365.88,EUR,365.88,Amazon,IT,2026-07-31T07:00:24Z,B0FQNWLPTJ,,,,,
TCL,"TCL 75C7L - Smart Tv 75 Pollici 4K LED DVB-T2 H.264, H.265 Wifi Nero Classe Energetica E",https://www.amazon.it/dp/B0GVSSJFDT,75.0,1260.22,1260.22,EUR,1260.22,Amazon,IT,2026-07-31T07:00:24Z,B0GVSSJFDT,,,,,
TCL,"TCL 75C7K – Smart TV QD‑Mini LED 4K HDR10+ da 75"", 3.000nit | Dolby Vision IQ & Atmos, CrystGlow HVA Panel, 144Hz Motion C...",https://www.amazon.it/dp/B0F5BP3VXC,75.0,,,,,Amazon,IT,2026-07-31T07:00:24Z,B0F5BP3VXC,,,,,
TCL,"TCL 55T6C 55"" QLED TV 4K HDR, FireTV (SmartTV con Dolby Vision e Atmos, HDR10+, Premi e Chiedi ad Alexa)",https://www.amazon.it/dp/B0FC61MRTV,55.0,457.78,457.78,EUR,457.78,Amazon,IT,2026-07-31T07:00:24Z,B0FC61MRTV,,,,,
TCL,"TCL 43P61B 43"" LED UltraHD 4K HDR Google TV",https://www.amazon.it/dp/B0DGQ9WM15,43.0,300.29,300.29,EUR,300.29,Amazon,IT,2026-07-31T07:00:24Z,B0DGQ9WM15,,,,,
TCL,TCL 50P61B - Smart TV 50 Pollici 4K Classe F Titanio,https://www.amazon.it/dp/B0DGQ9SC5M,50.0,356.54,356.54,EUR,356.54,Amazon,IT,2026-07-31T07:00:24Z,B0DGQ9SC5M,,,,,
TCL,"TCL 65C6K Pro - Smart TV QD‑Mini LED 4K HDR10+ da 65"", 1.000nit",https://www.amazon.it/dp/B0H3KML2J6,65.0,752.58,752.58,EUR,752.58,Amazon,IT,2026-07-31T07:00:24Z,B0H3KML2J6,,,,,
TCL,"TCL 55C6K Pro - Smart TV QD‑Mini LED 4K HDR10+ da 55"", 1.000nit",https://www.amazon.it/dp/B0H3KSHN8P,55.0,659.66,659.66,EUR,659.66,Amazon,IT,2026-07-31T07:00:24Z,B0H3KSHN8P,,,,,
TCL,"TCL 65P6L - Tv 65 Pollici Smart Tv 4K LCD DVB-T2 H.264, H.265 Nero Classe Energetica E",https://www.amazon.it/dp/B0H2JKM82C,65.0,504.0,504.0,EUR,504.0,Amazon,IT,2026-07-31T07:00:24Z,B0H2JKM82C,,,,,
TCL,"TCL Bundle of 85Q7C 85” QLED TV 4K QD-Mini LED, HDR Premium 2000, Google TV Soundbar Q65H 5.1 con tecnologie Dolby Atmos e...",https://www.amazon.it/dp/B0FC61Y1JL,85.0,1792.94,1792.94,EUR,1792.94,Amazon,IT,2026-07-31T07:00:24Z,B0FC61Y1JL,,,,,
TCL,"TCL Bundle of 55Q7C 55” QLED TV 4K QD-Mini LED, HDR Premium 2000, Google TV (Dolby Vision IQ & Atmos, Pannello HVA, Refres...",https://www.amazon.it/dp/B0FC5WTX6P,55.0,668.78,668.78,EUR,668.78,Amazon,IT,2026-07-31T07:00:24Z,B0FC5WTX6P,,,,,
TCL,"TCL Bundle of 75Q7C 75” QLED TV 4K QD-Mini LED, HDR Premium 2000, Google TV Sound Bar S55H Nero 40W",https://www.amazon.it/dp/B0FC5K4WCV,75.0,1298.78,1298.78,EUR,1298.78,Amazon,IT,2026-07-31T07:00:24Z,B0FC5K4WCV,,,,,
TCL,"TCL 50T6C 50"" QLED TV 4K HDR, FireTV (SmartTV con Dolby Vision e Atmos, HDR10+, Premi e Chiedi ad Alexa)",https://www.amazon.it/dp/B0FQNXK9TK,50.0,398.78,398.78,EUR,398.78,Amazon,IT,2026-07-31T07:00:24Z,B0FQNXK9TK,,,,,
TCL,"TCL Bundle of 75Q7C 75” QLED TV 4K QD-Mini LED, HDR Premium 2000 Soundbar Q65H 5.1 con tecnologie Dolby Atmos e Ray Funzio...",https://www.amazon.it/dp/B0FC5DSKPM,75.0,1392.94,1392.94,EUR,1392.94,Amazon,IT,2026-07-31T07:00:24Z,B0FC5DSKPM,,,,,
TCL,"TCL 75Q6C 75"" QD-Mini LED SMART TV, 4K HDR Premium 1000nits, con tecnologia Google TV (Dolby Vision IQ e Atmos, sistema au...",https://www.amazon.it/dp/B0FQP27YZZ,75.0,897.88,897.88,EUR,897.88,Amazon,IT,2026-07-31T07:00:24Z,B0FQP27YZZ,,,,,
TCL,"TCL 65T8C TV QLED 4K HDR Ultra HD da 65"", QLED TV con tecnologia Google TV (Dolby Vision e Atmos, Motion Clarity Pro a 144...",https://www.amazon.it/dp/B0FQNWWDX9,65.0,578.78,578.78,EUR,578.78,Amazon,IT,2026-07-31T07:00:24Z,B0FQNWWDX9,,,,,
TCL,"TCL 75T6C 75"" QLED TV 4K HDR, Fire TV (Smart tv con Dolby Vision e Atmos, HDR10+, Premi e Chiedi ad Alexa)",https://www.amazon.it/dp/B0FQP2GDZ8,75.0,697.78,697.78,EUR,697.78,Amazon,IT,2026-07-31T07:00:24Z,B0FQP2GDZ8,,,,,
TCL,"TCL 75P6L - Smart TV 75 Pollici 4K LCD DVB-T2 H.264, H.265 Nero Classe Energetica E",https://www.amazon.it/dp/B0H2JJKZS1,75.0,729.72,729.72,EUR,729.72,Amazon,IT,2026-07-31T07:00:24Z,B0H2JJKZS1,,,,,
TCL,"TCL Bundle of 55Q7C 55” QLED TV 4K QD-Mini LED, HDR Premium 2000, Google TV (Dolby Vision IQ & Atmos, Pannello HVA) Soundb...",https://www.amazon.it/dp/B0FC5N4DCM,55.0,762.94,762.94,EUR,762.94,Amazon,IT,2026-07-31T07:00:24Z,B0FC5N4DCM,,,,,
TCL,"TCL 55Q6C 55"" QD-Mini LED SMART TV, 4K HDR Premium 1000nits, con tecnologia Google TV (Dolby Vision IQ e Atmos, sistema au...",https://www.amazon.it/dp/B0FQP11BY3,55.0,568.78,568.78,EUR,568.78,Amazon,IT,2026-07-31T07:00:24Z,B0FQP11BY3,,,,,
TCL,"TCL 65C69KS - 65 Pollici, Smart TV, 4K, Wi-Fi, QD-Mini LED, DVB-T2, H.264, H.265, Classe energetica E",https://www.amazon.it/dp/B0FSS5LMNS,65.0,740.91,740.91,EUR,740.91,Amazon,IT,2026-07-31T07:00:24Z,B0FSS5LMNS,,,,,
TCL,"TCL 75T8C TV QLED 4K HDR Ultra HD da 75"", QLED TV con tecnologia Google TV (Dolby Vision e Atmos, Motion Clarity Pro a 144...",https://www.amazon.it/dp/B0FQNZXJFG,75.0,747.88,747.88,EUR,747.88,Amazon,IT,2026-07-31T07:00:24Z,B0FQNZXJFG,,,,,
TCL,"TCL 65T6C 65"" QLED TV 4K HDR, Fire TV (Dolby Vision e Atmos, HDR10+, Premi e Chiedi ad Alexa)",https://www.amazon.it/dp/B0FC5V51WB,65.0,597.78,597.78,EUR,597.78,Amazon,IT,2026-07-31T07:00:24Z,B0FC5V51WB,,,,,
TCL,"TCL 98Q6C 98"" QD-Mini LED SMART TV, 4K HDR Premium 1000nits, con tecnologia Google TV (Dolby Vision IQ e Atmos, sistema au...",https://www.amazon.it/dp/B0FQNV7V5W,98.0,2098.78,2098.78,EUR,2098.78,Amazon,IT,2026-07-31T07:00:24Z,B0FQNV7V5W,,,,,
TCL,"TCL 85Q6C 85"" QD-Mini LED TV, 4K HDR Premium 1000nits, Google TV (Dolby Vision IQ e Atmos, sistema audio Onkyo 2.1, Motion...",https://www.amazon.it/dp/B0FQNVF8DP,85.0,1398.78,1398.78,EUR,1398.78,Amazon,IT,2026-07-31T07:00:24Z,B0FQNVF8DP,,,,,
TCL,"TCL Bundle of 85Q7C 85” QLED TV 4K QD-Mini LED, HDR Premium 2000, Google TV Sound Bar S55H Nero 40W",https://www.amazon.it/dp/B0FC5DZJ3Q,85.0,1698.78,1698.78,EUR,1698.78,Amazon,IT,2026-07-31T07:00:24Z,B0FC5DZJ3Q,,,,,
TCL,"Bundle of TCL 98Q7C 98” QLED TV 4K QD-Mini LED, HDR Premium 2000, Google TV + TCL Sound Bar S55H Nero 40W",https://www.amazon.it/dp/B0FC5DXGS7,98.0,2398.78,2398.78,EUR,2398.78,Amazon,IT,2026-07-31T07:00:24Z,B0FC5DXGS7,,,,,
TCL,"TCL 85T6C 85"" QLED TV 4K HDR, Fire TV (Dolby Vision e Atmos, HDR10+, Premi e Chiedi ad Alexa)",https://www.amazon.it/dp/B0FC5P7QFK,85.0,897.78,897.78,EUR,897.78,Amazon,IT,2026-07-31T07:00:24Z,B0FC5P7QFK,,,,,
Hisense,"Hisense 75"" QLED 4K 2023 75A72KQ, Smart TV VIDAA U6, Dolby Vision, HDR 10+, Game Mode Plus, Alexa Built-in, VIDAA Voice, T...",https://www.amazon.it/dp/B0CLB85WMK,75.0,862.86,862.86,EUR,862.86,Amazon,IT,2026-07-31T07:00:24Z,B0CLB85WMK,,,,,
Samsung,"Scheda logica TV da 37 pollici T370XW02 V5 06A69-1A 07A18-1A T-CON, compatibile con TCL, compatibile con Samsung, compatib...",https://www.amazon.it/dp/B0F4R14X5Y,37.0,32.03,32.03,EUR,32.03,Amazon,IT,2026-07-31T07:00:24Z,B0F4R14X5Y,,,,,
TCL,"TUCANSBP 4 Pz/1 Set Striscia di Retroilluminazione A LED Compatibile for TCL 55 ""TV 4C-LB5507-HR02J 4C-LB5508-HR02J 55HR33...",https://www.amazon.it/dp/B0D1NB6PX3,55.0,20.21,20.21,EUR,20.21,Amazon,IT,2026-07-31T07:00:24Z,B0D1NB6PX3,,,,,
TCL,"Scheda Di Alimentazione TV Da 75 Pollici, Compatibile Con TCL, 75V2 75L8 40-L302W4-PWD1CG/PWB1CG(1 backlight)",https://www.amazon.it/dp/B0H9N6QB4N,75.0,62.96,62.96,EUR,62.96,Amazon,IT,2026-07-31T07:00:24Z,B0H9N6QB4N,,,,,
TCL,TVAAGHBCBR Striscia LED TV retroilluminata da 744 mm 6 V Compatibile for TCL 40 Pollici 40HR330M10A0 4C-LB4010-HR01J 2 Pez...,https://www.amazon.it/dp/B0DRGN1QB1,40.0,28.96,28.96,EUR,28.96,Amazon,IT,2026-07-31T07:00:24Z,B0DRGN1QB1,,,,,
TCL,TVAAGHBCBR Adatto Compatibile for TV LCD TCL da 32 Pollici 4C-LB3206-HR01J 4C-LB3206-HR08J 32HR330M06A5 V5 32HR330M06A8 To...,https://www.amazon.it/dp/B0DRXG78R8,32.0,70.5,70.5,EUR,70.5,Amazon,IT,2026-07-31T07:00:24Z,B0DRXG78R8,,,,,
TCL,"TUCANSBP 15 Pezzi (5TV) Striscia di retroilluminazione a LED Compatibile for TCL 40 ""TV 40HR330M08A7 V1 4C-LB4008-HR03J 40...",https://www.amazon.it/dp/B0D1P7N76X,40.0,65.96,65.96,EUR,65.96,Amazon,IT,2026-07-31T07:00:24Z,B0D1P7N76X,,,,,
TCL,TUCANSBP Adatto Compatibile con TV LCD TCL da 32 Pollici 4C-LB3206-HR01J 4C-LB3206-HR08J 32HR330M06A5 V5 32HR330M06A8 Tot_...,https://www.amazon.it/dp/B0D2KLNVYF,32.0,64.04,64.04,EUR,64.04,Amazon,IT,2026-07-31T07:00:24Z,B0D2KLNVYF,,,,,
TCL,"LUNCHS 15 pezzi (5TV) striscia di retroilluminazione a LED compatibile for TCL 40 ""TV 40HR330M08A7 V1 4C-LB4008-HR03J 40D2...",https://www.amazon.it/dp/B0CSB9P3KX,40.0,63.98,63.98,EUR,63.98,Amazon,IT,2026-07-31T07:00:24Z,B0CSB9P3KX,,,,,
Hisense,"Hisense TV 40"" Full HD 2025 40E43QT, Smart TV VIDAA U8, Airplay2, Game Mode, Works with Alexa, Tuner DVB-T2/S2 HEVC 10, la...",https://www.amazon.it/dp/B0F1W5FDW7,40.0,189.0,189.0,EUR,189.0,Amazon,IT,2026-07-31T07:00:24Z,B0F1W5FDW7,,,,,
Hisense,"Hisense Smart TV 32"" HD Ready 32E4ST | DTS Virtual X, VIDAA OS con 1000+ APP, Game Mode, Wifi, AirPlay2, Works with Alexa,...",https://www.amazon.it/dp/B0GM1HFTNL,32.0,159.0,159.0,EUR,159.0,Amazon,IT,2026-07-31T07:00:24Z,B0GM1HFTNL,,,,,
Hisense,"Hisense TV 40"" QLED Full HD 2025 40E53QT, Smart TV VIDAA U8, HDR10, Game Mode, Dolby Atmos, Works with Alexa, Tuner DVB-T...",https://www.amazon.it/dp/B0F1W8TN45,40.0,199.0,199.0,EUR,199.0,Amazon,IT,2026-07-31T07:00:24Z,B0F1W8TN45,,,,,
Hisense,"Hisense TV 50"" QLED 4K 2025 50E78Q, Smart TV VIDAA U8, Dolby Vision, HDR 10+, Game Mode Plus, Dolby Atmos, Alexa Built-in,...",https://www.amazon.it/dp/B0F1VZSZNY,50.0,329.0,329.0,EUR,329.0,Amazon,IT,2026-07-31T07:00:24Z,B0F1VZSZNY,,,,,
Hisense,"Hisense Smart TV 40"" Full HD 40E4ST | DTS Virtual X, VIDAA OS con 1000+ APP, Game Mode, Wifi, AirPlay2, Works with Alexa, ...",https://www.amazon.it/dp/B0GM1RTK9H,40.0,219.0,219.0,EUR,219.0,Amazon,IT,2026-07-31T07:00:24Z,B0GM1RTK9H,,,,,
Hisense,"Hisense TV 55"" QLED 4K 2025 55E78Q, Smart TV VIDAA U8, Dolby Vision, HDR 10+, Game Mode Plus, Dolby Atmos, Alexa Built-in,...",https://www.amazon.it/dp/B0F1WLGCWM,55.0,349.0,349.0,EUR,349.0,Amazon,IT,2026-07-31T07:00:24Z,B0F1WLGCWM,,,,,
Hisense,"Hisense Smart TV QLED 55"" 4K 55E7DS | Audio Dolby Atmos, VIDAA OS, Dolby Vision IQ, HDR 10+, Game Mode, Bluetooth, Wifi, A...",https://www.amazon.it/dp/B0GM1TVSMG,55.0,366.91,366.91,EUR,366.91,Amazon,IT,2026-07-31T07:00:24Z,B0GM1TVSMG,,,,,
Hisense,"Hisense Smart TV 43"" 4K Ultra HD 43E6ST | DTS Virtual X, VIDAA OS con 1000+ APP, HDR 10+, Game Mode Plus, Bluetooth, Wifi,...",https://www.amazon.it/dp/B0GR62X9MH,43.0,269.0,269.0,EUR,269.0,Amazon,IT,2026-07-31T07:00:24Z,B0GR62X9MH,,,,,
Hisense,"Hisense Smart TV QLED 43"" 4K 43E7DS | Audio Dolby Atmos, VIDAA OS, Dolby Vision IQ, HDR 10+, Game Mode, Bluetooth, Wifi, A...",https://www.amazon.it/dp/B0GM1NJDDK,43.0,299.0,299.0,EUR,299.0,Amazon,IT,2026-07-31T07:00:24Z,B0GM1NJDDK,,,,,
Hisense,"Hisense Smart TV QLED 32"" Full HD Dèco TV 32S5Q | Audio Dolby Atmos, HDR10, VIDAA OS con 1000+ APP, Wifi, Game Mode, AirPl...",https://www.amazon.it/dp/B0FSLMYL4W,32.0,199.0,199.0,EUR,199.0,Amazon,IT,2026-07-31T07:00:24Z,B0FSLMYL4W,,,,,
Hisense,"Hisense Smart TV 65"" 4K Ultra HD 65E63QT, Smart TV VIDAA U8, Dolby Vision, HDR 10, Game Mode Plus, Alexa Built-in, VIDAA V...",https://www.amazon.it/dp/B0F1MJP6K7,65.0,399.0,399.0,EUR,399.0,Amazon,IT,2026-07-31T07:00:24Z,B0F1MJP6K7,,,,,
Hisense,"Hisense TV 32"" QLED Full HD 2025 32E53QT, Smart TV VIDAA U8, HDR10, Airplay2, Game Mode, Dolby Atmos, Works with Alexa, Tu...",https://www.amazon.it/dp/B0F1VV9V34,32.0,199.0,199.0,EUR,199.0,Amazon,IT,2026-07-31T07:00:24Z,B0F1VV9V34,,,,,
Hisense,"Hisense Smart TV QLED 40"" Full HD TV 40E5ST | Audio Dolby Atmos, VIDAA OS con 1000+ APP, HDR10, Game Mode, Works with Alex...",https://www.amazon.it/dp/B0GM1QR1GT,40.0,249.0,249.0,EUR,249.0,Amazon,IT,2026-07-31T07:00:24Z,B0GM1QR1GT,,,,,
Hisense,"Hisense Smart TV QLED 32"" Full HD 32E5ST | Audio Dolby Atmos, VIDAA OS con 1000+ APP, HDR10, Game Mode, Works with Alexa, ...",https://www.amazon.it/dp/B0GM1T3HF5,32.0,213.32,213.32,EUR,213.32,Amazon,IT,2026-07-31T07:00:24Z,B0GM1T3HF5,,,,,
Hisense,"Hisense Smart TV 50"" 4K Ultra HD 50E6ST | DTS Virtual X, VIDAA OS con 1000+ APP, HDR 10+, Game Mode Plus, Bluetooth, Wifi,...",https://www.amazon.it/dp/B0GR5SM2WL,50.0,319.0,319.0,EUR,319.0,Amazon,IT,2026-07-31T07:00:24Z,B0GR5SM2WL,,,,,
Hisense,"Hisense TV 43"" QLED 4K 2025 43A72Q, Smart TV VIDAA U8, Dolby Vision, HDR 10+, Game Mode Plus, Dolby Atmos, Alexa Built-in,...",https://www.amazon.it/dp/B0F1WB8QYT,43.0,279.0,279.0,EUR,279.0,Amazon,IT,2026-07-31T07:00:24Z,B0F1WB8QYT,,,,,
Hisense,"Hisense TV 55"" QLED 4K 2025 55A72Q, Smart TV VIDAA U8, Dolby Vision, HDR 10+, Game Mode Plus, Dolby Atmos 2.1 con Subwoofe...",https://www.amazon.it/dp/B0F1W75RH2,55.0,379.0,379.0,EUR,379.0,Amazon,IT,2026-07-31T07:00:24Z,B0F1W75RH2,,,,,
Hisense,"Hisense TV 65"" Mini-LED 144Hz 4K 2025 65E8Q, Smart TV VIDAA U8, Dolby Vision IQ, HDR 10+ Adaptive, 144Hz Game Mode PRO, Do...",https://www.amazon.it/dp/B0F1W5MSBZ,65.0,599.0,599.0,EUR,599.0,Amazon,IT,2026-07-31T07:00:24Z,B0F1W5MSBZ,,,,,
Hisense,"Hisense TV 55"" Mini-LED 144Hz 4K 2025 55U72Q, Smart TV VIDAA U8, Dolby Vision IQ, HDR 10+ Adaptive, 144Hz Game Mode PRO, D...",https://www.amazon.it/dp/B0F1W5SZKX,55.0,470.0,470.0,EUR,470.0,Amazon,IT,2026-07-31T07:00:24Z,B0F1W5SZKX,,,,,
Hisense,"Hisense TV 55"" QLED 4K 144Hz 2025 55E7Q PRO, Smart TV VIDAA U8, Dolby Vision IQ, HDR 10+ Adaptive, 144hz Game Mode PRO, Do...",https://www.amazon.it/dp/B0F1N7WT6C,55.0,449.0,449.0,EUR,449.0,Amazon,IT,2026-07-31T07:00:24Z,B0F1N7WT6C,,,,,
Hisense,"Hisense Smart TV QLED 144Hz 85"" 4K 85E7S PRO | Audio Dolby Atmos, VIDAA OS, Native 144Hz Game Mode, Dolby Vision IQ, HDR 1...",https://www.amazon.it/dp/B0GR6KRXBJ,85.0,949.0,949.0,EUR,949.0,Amazon,IT,2026-07-31T07:00:24Z,B0GR6KRXBJ,,,,,
Hisense,"Hisense Smart TV QLED 50"" 4K 50E7Q PRO, Smart TV VIDAA U8, Dolby Vision IQ, HDR 10+ Adaptive, 144hz Game Mode PRO, Dolby A...",https://www.amazon.it/dp/B0FFH8CWBK,50.0,399.0,399.0,EUR,399.0,Amazon,IT,2026-07-31T07:00:24Z,B0FFH8CWBK,,,,,
Hisense,"Hisense TV 65"" QLED 4K 144Hz 2025 65E7Q PRO, Smart TV VIDAA U8, Dolby Vision IQ, HDR 10+ Adaptive, 144hz Game Mode PRO, Do...",https://www.amazon.it/dp/B0F1N62VSW,65.0,599.0,599.0,EUR,599.0,Amazon,IT,2026-07-31T07:00:24Z,B0F1N62VSW,,,,,
Hisense,"Hisense TV 55"" Mini-LED 144Hz 4K 2025 55E8Q, Smart TV VIDAA U8, Dolby Vision IQ, HDR 10+ Adaptive, 144Hz Game Mode PRO, Do...",https://www.amazon.it/dp/B0F1W9J4K7,55.0,639.3,639.3,EUR,639.3,Amazon,IT,2026-07-31T07:00:24Z,B0F1W9J4K7,,,,,
Hisense,"Hisense Smart TV QLED 144Hz 75"" 4K 75E7S PRO | Audio Dolby Atmos, VIDAA OS, Native 144Hz Game Mode, Dolby Vision IQ, HDR 1...",https://www.amazon.it/dp/B0GR6SXXNM,75.0,749.0,749.0,EUR,749.0,Amazon,IT,2026-07-31T07:00:24Z,B0GR6SXXNM,,,,,
Hisense,"Hisense Smart TV MiniLED 165Hz 55"" 4K 55U79S PRO | Schermo Anti-Riflesso, Dolby Atmos 2.1.2 By Devialet, VIDAA OS, Dolby V...",https://www.amazon.it/dp/B0GR6VM5TC,55.0,619.0,619.0,EUR,619.0,Amazon,IT,2026-07-31T07:00:24Z,B0GR6VM5TC,,,,,
Hisense,"Hisense TV 100"" QLED 4K 144Hz 100E7Q PRO, Smart TV VIDAA U8, Dolby Vision IQ, HDR 10+ Adaptive, 144hz Game Mode PRO, Dolby...",https://www.amazon.it/dp/B0F1N92VWF,100.0,1499.0,1499.0,EUR,1499.0,Amazon,IT,2026-07-31T07:00:24Z,B0F1N92VWF,,,,,
Hisense,"Hisense TV 32"" HD Ready 32E43NT, Smart TV VIDAA U7, Game Mode, Works with Alexa, Tuner DVB-T2/S2 HEVC 10, lativù",https://www.amazon.it/dp/B0CZXPGPFV,32.0,175.9,175.9,EUR,175.9,Amazon,IT,2026-07-31T07:00:24Z,B0CZXPGPFV,,,,,
Hisense,"Hisense TV 55"" Mini-LED 165Hz 4K 2025 55U8Q, Octagonal Stand, Dolby Atmos Multi-Channel Surround 4.1.2, Smart TV VIDAA U9 ...",https://www.amazon.it/dp/B0F1WHZW4G,55.0,690.0,690.0,EUR,690.0,Amazon,IT,2026-07-31T07:00:24Z,B0F1WHZW4G,,,,,
Hisense,"Hisense Smart TV MiniLED 55"" 4K TV 55U7SE | Dolby Atmos 2.1 By Devialet, Dolby Vision IQ, HDR10+, VIDAA OS, Alexa, lativù ...",https://www.amazon.it/dp/B0GKPVQ86Z,55.0,549.0,549.0,EUR,549.0,Amazon,IT,2026-07-31T07:00:24Z,B0GKPVQ86Z,,,,,
Hisense,"Hisense Smart TV MiniLED 144Hz 75"" 4K 75E8S | Dolby Atmos 2.1 By Devialet, Dolby Vision IQ, HDR10+, VIDAA OS, Alexa, lativ...",https://www.amazon.it/dp/B0GQCXP6VM,75.0,849.0,849.0,EUR,849.0,Amazon,IT,2026-07-31T07:00:24Z,B0GQCXP6VM,,,,,
Hisense,"Hisense TV 65"" QLED 4K 65E77NQ, Smart TV VIDAA U7, Dolby Vision, HDR 10+, Game Mode Plus, Dolby Atmos, Alexa Built-in, VID...",https://www.amazon.it/dp/B0CZXPSPHZ,65.0,499.0,499.0,EUR,499.0,Amazon,IT,2026-07-31T07:00:24Z,B0CZXPSPHZ,,,,,
Hisense,"Hisense TV 65"" QLED 4K 65A72NQ, Smart TV VIDAA U7, Dolby Vision, HDR 10+, Game Mode Plus, Dolby Atmos, Alexa Built-in, VID...",https://www.amazon.it/dp/B0CZXMFPY6,65.0,479.0,479.0,EUR,479.0,Amazon,IT,2026-07-31T07:00:24Z,B0CZXMFPY6,,,,,
Hisense,"Hisense TV 75"" QLED 4K 144Hz 2025 75E7Q PRO, Smart TV VIDAA U8, Dolby Vision IQ, HDR 10+ Adaptive, 144hz Game Mode PRO, Do...",https://www.amazon.it/dp/B0F1N63F97,75.0,799.0,799.0,EUR,799.0,Amazon,IT,2026-07-31T07:00:24Z,B0F1N63F97,,,,,
Hisense,"Hisense Smart TV RGB MiniLED 180Hz 75"" 4K 75UR9S | Schermo Anti-Riflesso, Dolby Atmos 4.1.2 By Devialet, Dolby Vision IQ, ...",https://www.amazon.it/dp/B0GR74VWBH,75.0,1778.98,1778.98,EUR,1778.98,Amazon,IT,2026-07-31T07:00:24Z,B0GR74VWBH,,,,,
Hisense,"Hisense Smart TV QLED 43"" 4K 43A7S | Audio Dolby Atmos, Design Unibody Slim, VIDAA OS, Dolby Vision IQ, HDR 10+, BT, Wifi,...",https://www.amazon.it/dp/B0GSBG2DXL,43.0,319.13,319.13,EUR,319.13,Amazon,IT,2026-07-31T07:00:24Z,B0GSBG2DXL,,,,,
Hisense,"Hisense 40A59S - TV 40 Pollici, Smart TV 4K Full HD QLED DVB-T2 Nero Classe Energetica E",https://www.amazon.it/dp/B0H1N6FDBV,40.0,255.0,255.0,EUR,255.0,Amazon,IT,2026-07-31T07:00:24Z,B0H1N6FDBV,,,,,
Hisense,"Hisense TV 75"" QLED 4K 75E77NQ, Smart TV VIDAA U7, Dolby Vision, HDR 10+, Game Mode Plus, Dolby Atmos, Alexa Built-in, VID...",https://www.amazon.it/dp/B0CZXP11SJ,75.0,629.0,629.0,EUR,629.0,Amazon,IT,2026-07-31T07:00:24Z,B0CZXP11SJ,,,,,
Hisense,"Hisense Smart TV QLED 43"" 4K 43E7Q PRO, Smart TV VIDAA, Dolby Vision IQ, HDR 10+ Adaptive, 144hz Game Mode PRO, Dolby Atmo...",https://www.amazon.it/dp/B0FFH953XW,43.0,407.04,407.04,EUR,407.04,Amazon,IT,2026-07-31T07:00:24Z,B0FFH953XW,,,,,
Hisense,"Hisense TV 85"" QLED 4K 144Hz 2025 85E7Q PRO, Smart TV VIDAA U8, Dolby Vision IQ, HDR 10+ Adaptive, 144hz Game Mode PRO, Do...",https://www.amazon.it/dp/B0F1N6RKFQ,85.0,899.0,899.0,EUR,899.0,Amazon,IT,2026-07-31T07:00:24Z,B0F1N6RKFQ,,,,,
Hisense,"Hisense Smart TV MiniLED 144Hz 55"" 4K TV 55U79SE, Dolby Atmos 2.1 By Devialet, Dolby Vision IQ, HDR10+, Native 144Hz Game ...",https://www.amazon.it/dp/B0GM1RLZ5R,55.0,558.63,558.63,EUR,558.63,Amazon,IT,2026-07-31T07:00:24Z,B0GM1RLZ5R,,,,,
Hisense,"Hisense TV 100"" Mini-LED 165Hz 4K 2025 100U7Q PRO, Smart TV VIDAA U9 con 1000+APP, Dolby Vision IQ, HDR 10+ Adaptive, 165H...",https://www.amazon.it/dp/B0F1YST2D4,100.0,2399.0,2399.0,EUR,2399.0,Amazon,IT,2026-07-31T07:00:24Z,B0F1YST2D4,,,,,
Hisense,"Hisense 50A79Q - TV 50 Pollici, Smart TV, QLED, DVB-T2, HEVC, 4K, Classe energetica E",https://www.amazon.it/dp/B0FQC3PTR7,50.0,365.72,365.72,EUR,365.72,Amazon,IT,2026-07-31T07:00:24Z,B0FQC3PTR7,,,,,
Hisense,"Hisense TV 40"" Full HD 40A4N, Smart TV VIDAA U7, Game Mode, Works with Alexa, Tuner DVB-T2/S2 HEVC 10, lativù, 40'', 2024 LED",https://www.amazon.it/dp/B0CZX3GM3F,40.0,252.57,252.57,EUR,252.57,Amazon,IT,2026-07-31T07:00:24Z,B0CZX3GM3F,,,,,
Hisense,"Hisense 32A5NQ 32"" QLED FullHD Dolby Vision VIDAA Smart TV",https://www.amazon.it/dp/B0CXTLDGZ9,32.0,249.9,249.9,EUR,249.9,Amazon,IT,2026-07-31T07:00:24Z,B0CXTLDGZ9,,,,,
Hisense,Hisense 65A85N - TV 65 Pollici Smart TV OLED 4K DVB-T2 Wifi HEVC DVB-T2 Classe Energetica F,https://www.amazon.it/dp/B0D7CX78ZD,65.0,966.98,966.98,EUR,966.98,Amazon,IT,2026-07-31T07:00:24Z,B0D7CX78ZD,,,,,
Hisense,Hisense 85E79S - Smart TV 85 Pollici 4K 3840 x 2160 Pixel QLED DVB-T2 Nero Wifi Classe Energetica E,https://www.amazon.it/dp/B0H1MY689X,85.0,764.35,764.35,EUR,764.35,Amazon,IT,2026-07-31T07:00:24Z,B0H1MY689X,,,,,
Hisense,"Hisense Smart TV 43"" 4K Ultra HD 2025 43A6Q, Smart TV VIDAA U8, Dolby Vision, HDR 10, Game Mode Plus, Alexa Built-in, VIDA...",https://www.amazon.it/dp/B0F4DF55P6,43.0,,,,,Amazon,IT,2026-07-31T07:00:24Z,B0F4DF55P6,,,,,
Hisense,Hisense TV Smart TV 100U8Q(2025) 100'' Mini-LED ULED UHD 4k,https://www.amazon.it/dp/B0FFSRNCBF,100.0,3418.41,3418.41,EUR,3418.41,Amazon,IT,2026-07-31T07:00:24Z,B0FFSRNCBF,,,,,
Hisense,"Hisense Smart TV MiniLED 85"" 4K 85U7Q PRO, Smart TV VIDAA con 1000+APP, Dolby Vision IQ, HDR 10+ Adaptive, 165Hz Game Mode...",https://www.amazon.it/dp/B0F24CKN33,85.0,1599.0,1599.0,EUR,1599.0,Amazon,IT,2026-07-31T07:00:24Z,B0F24CKN33,,,,,
Hisense,"Hisense 32"" LCD HD Ready 2023 32A4K, Smart TV VIDAA U6, Compabilità Alexa, Tuner DVB-T2/S2 HEVC 10",https://www.amazon.it/dp/B0BTPZ51W7,32.0,179.0,179.0,EUR,179.0,Amazon,IT,2026-07-31T07:00:24Z,B0BTPZ51W7,,,,,
Hisense,Hisense 43Q7S PRO - Smart TV 43 Pollici 4K QLED DVB-T2 HEVC/H.265 Wifi Nero Classe Energetico F,https://www.amazon.it/dp/B0H835JPZM,43.0,394.95,394.95,EUR,394.95,Amazon,IT,2026-07-31T07:00:24Z,B0H835JPZM,,,,,
Hisense,"Hisense 65"" QLED 4K 2023 65E77KQ, Smart TV VIDAA U6, Dolby Vision, HDR 10+, Game Mode PRO Plus, Alexa Built-in, VIDAA Voic...",https://www.amazon.it/dp/B0C5N5KTLM,65.0,499.0,499.0,EUR,499.0,Amazon,IT,2026-07-31T07:00:24Z,B0C5N5KTLM,,,,,
Hisense,"Hisense Smart TV 55"" 4K Ultra HD 2025 55A6Q, Smart TV VIDAA U8, Dolby Vision, HDR 10, Game Mode Plus, Alexa Built-in, VIDA...",https://www.amazon.it/dp/B0F4D9MLMQ,55.0,,,,,Amazon,IT,2026-07-31T07:00:24Z,B0F4D9MLMQ,,,,,
Hisense,"Hisense TV 43"" 4K Ultra HD 43A6N, Smart TV VIDAA U7, Dolby Vision, HDR 10+, DTS Virtual:X, Game Mode, Alexa Built-in, VIDA...",https://www.amazon.it/dp/B0CZWPDP34,43.0,275.9,275.9,EUR,275.9,Amazon,IT,2026-07-31T07:00:24Z,B0CZWPDP34,,,,,
Hisense,"Hisense 40AE5600FA Smart TV Android, LED FULL HD 40"", Design Slim, USB Media Player, Tuner DVB-T2/S2 HEVC Main10, Bluetooth",https://www.amazon.it/dp/B08SQJH35G,40.0,264.77,264.77,EUR,264.77,Amazon,IT,2026-07-31T07:00:24Z,B08SQJH35G,,,,,
Hisense,"Hisense 43A79Q - TV 43 Pollici, Smart TV, QLED 4K, HEVC, DVB-T2, Classe energetica E",https://www.amazon.it/dp/B0FJMSFYQY,43.0,325.24,325.24,EUR,325.24,Amazon,IT,2026-07-31T07:00:24Z,B0FJMSFYQY,,,,,
Hisense,"Hisense Smart TV RGB MiniLED 180Hz 55"" 4K 55UR8S | Schermo Anti-Riflesso, Dolby Atmos 2.1.2 By Devialet, Dolby Vision IQ, ...",https://www.amazon.it/dp/B0GX9JNFGJ,55.0,1299.0,1299.0,EUR,1299.0,Amazon,IT,2026-07-31T07:00:24Z,B0GX9JNFGJ,,,,,
Hisense,"Hisense 55A86Q55 - TV 55 Pollici, Smart TV, DVB-T2, HEVC, 4K, ULED, Nero, Classe energetica G",https://www.amazon.it/dp/B0G1ZDM9JQ,55.0,707.54,707.54,EUR,707.54,Amazon,IT,2026-07-31T07:00:24Z,B0G1ZDM9JQ,,,,,
Hisense,"Hisense 65A86N - TV 65 Pollici, Smart TV 4K, OLED, HEVC, DVB-T2, Classe energetica F",https://www.amazon.it/dp/B0F9FM5KDK,65.0,1032.5,1032.5,EUR,1032.5,Amazon,IT,2026-07-31T07:00:24Z,B0F9FM5KDK,,,,,
Hisense,Hisense 43A69S - Smart TV 43 Pollici LED 4K DVB-T2 HEVC/H.265 Wifi Nero Classe Energetico E,https://www.amazon.it/dp/B0H83CB2LF,43.0,269.0,269.0,EUR,269.0,Amazon,IT,2026-07-31T07:00:24Z,B0H83CB2LF,,,,,
Hisense,"Hisense 65"" ULED Mini-LED 4K 2023 65U62KQ, Smart TV VIDAA U6, Dolby Vision, HDR 10+, Game Mode Plus, Alexa Built-in, VIDAA...",https://www.amazon.it/dp/B0C7KY44Q4,65.0,599.0,599.0,EUR,599.0,Amazon,IT,2026-07-31T07:00:24Z,B0C7KY44Q4,,,,,
Hisense,Hisense 50Q8S - Tv 50 Pollici Smart Tv 4K 3840 x 2160 Pixel Uled DVB-T2 HEVC/H.265 Nero Classe Energetica E,https://www.amazon.it/dp/B0H36V2CN4,50.0,580.57,580.57,EUR,580.57,Amazon,IT,2026-07-31T07:00:24Z,B0H36V2CN4,,,,,
Hisense,"Hisense 65E79Q - Smart TV 65 Pollici, DVB-T2 HEVC, QLED, colore Nero, Classe energetica G",https://www.amazon.it/dp/B0FJMR5XCG,65.0,543.89,543.89,EUR,543.89,Amazon,IT,2026-07-31T07:00:24Z,B0FJMR5XCG,,,,,
Hisense,"Hisense 40AE5000F TV LED FULL HD 40"", Bezelless, USB Media Player, Tuner DVB-T2/S2 HEVC Main10",https://www.amazon.it/dp/B086BSRSRW,40.0,,,,,Amazon,IT,2026-07-31T07:00:24Z,B086BSRSRW,,,,,
Hisense,"Hisense Smart TV OLED 65"" 4K 65A8DQ, Smart TV VIDAA con 1000+APP, Dolby Vision IQ, HDR 10+ Adaptive, 120Hz Game Mode PRO, ...",https://www.amazon.it/dp/B0FQ68SMCB,65.0,1455.06,1455.06,EUR,1455.06,Amazon,IT,2026-07-31T07:00:24Z,B0FQ68SMCB,,,,,
Hisense,"Smart TV Hisense 43A7NQ 4K Ultra HD 43"" QLED",https://www.amazon.it/dp/B0D52W1C1X,43.0,363.2,363.2,EUR,363.2,Amazon,IT,2026-07-31T07:00:24Z,B0D52W1C1X,,,,,
Hisense,"Hisense TV 75"" 4K Ultra HD 75A6N, Smart TV VIDAA U7, Dolby Vision, HDR 10+, DTS Virtual:X, Game Mode, Alexa Built-in, VIDA...",https://www.amazon.it/dp/B0D6BBMGHG,75.0,1054.16,1054.16,EUR,1054.16,Amazon,IT,2026-07-31T07:00:24Z,B0D6BBMGHG,,,,,
Hisense,Hisense 50Q7S - TV 50 Pollici Smart TV 4K QLED DVB-T2 Wifi HEVC/H.265 Nero Classe Energetica E,https://www.amazon.it/dp/B0H83625QD,50.0,401.26,401.26,EUR,401.26,Amazon,IT,2026-07-31T07:00:24Z,B0H83625QD,,,,,
Hisense,Hisense 55Q8S - TV 55 Pollici Smart TV 4K DVB-T2 ULED Wifi Nero Classe E,https://www.amazon.it/dp/B0H835F766,55.0,613.7,613.7,EUR,613.7,Amazon,IT,2026-07-31T07:00:24Z,B0H835F766,,,,,
Hisense,"Hisense Canvas TV QLED 144Hz 65"" 4K 65S7S | Hi-Matte Display, Art Gallery, Audio Tuned by Devialet, VIDAA OS, Dolby Vision...",https://www.amazon.it/dp/B0GNF3KJGW,65.0,1394.55,1394.55,EUR,1394.55,Amazon,IT,2026-07-31T07:00:24Z,B0GNF3KJGW,,,,,
Sony,Sony BRAVIA 5 XR Mini LED 75 Pollici | Processore AI XR | Acoustic Multi-Audio | Dolby Vision/Atmos | IMAX Enhanced | Goog...,https://www.amazon.it/dp/B0F4L4JSYM,75.0,1799.0,1799.0,EUR,1799.0,Amazon,IT,2026-07-31T07:00:24Z,B0F4L4JSYM,,,,,
Hisense,"Hisense TV 55"" Mini-LED 4K 55U72NQ, Smart TV VIDAA U7, Dolby Vision IQ, HDR 10+ Adaptive, 144Hz Game Mode PRO, Alexa Buil...",https://www.amazon.it/dp/B0CZPD2L6L,55.0,,,,,Amazon,IT,2026-07-31T07:00:24Z,B0CZPD2L6L,,,,,
Hisense,"Hisense 65"" ULED Mini-LED 4K 2023 65U62KQ, Smart TV VIDAA U6, Dolby Vision, HDR 10+ 4K HS2100 Soundbar 2.1, 240W, Subwoofe...",https://www.amazon.it/dp/B0CRZHB7KF,65.0,695.82,695.82,EUR,695.82,Amazon,IT,2026-07-31T07:00:24Z,B0CRZHB7KF,,,,,
Hisense,"Hisense 65"" QLED 4K 2023 65E77KQ, Smart TV VIDAA U6, Dolby Vision, HDR 10+ 4K HS2100 Soundbar 2.1, 240W, Subwoofer Sottile...",https://www.amazon.it/dp/B0CRZRLG82,65.0,595.82,595.82,EUR,595.82,Amazon,IT,2026-07-31T07:00:24Z,B0CRZRLG82,,,,,
Hisense,"Hisense Smart TV 50"" 4K Ultra HD 2025 50A6Q, Smart TV VIDAA U8, Dolby Vision, HDR 10, Game Mode Plus, Alexa Built-in, VIDA...",https://www.amazon.it/dp/B0F4D9YNHR,50.0,,,,,Amazon,IT,2026-07-31T07:00:24Z,B0F4D9YNHR,,,,,
Hisense,"Hisense TV 100E7NQ PRO 100"" QLED 4K 144Hz, VIDAA U7, Dolby Vision IQ, HDR 10+ Adaptive, Game Mode PRO, Dolby Atmos 2.1, Al...",https://www.amazon.it/dp/B0D4MC7DBD,100.0,,,,,Amazon,IT,2026-07-31T07:00:24Z,B0D4MC7DBD,,,,,
Hisense,Hisense E7NQ Pro QLED UltraHD 4K Gaming TV AMD Freesync Premium Pro 65 Pulgadas,https://www.amazon.it/dp/B0CYQ2XDYQ,65.0,,,,,Amazon,IT,2026-07-31T07:00:24Z,B0CYQ2XDYQ,,,,,
Hisense,"Hisense 50"" QLED UHD 50E78HQ, Smart TV VIDAA 5.0, HDR Dolby Vision, VA, Controlli vocali Alexa, Tuner DVB-T2/S2 HEVC 10, l...",https://www.amazon.it/dp/B0B12HKKGH,50.0,,,,,Amazon,IT,2026-07-31T07:00:24Z,B0B12HKKGH,,,,,
Hisense,"Hisense 75"" QLED 4K 2023 75E7KQ PRO, Smart TV VIDAA U7, Dolby Vision IQ, HDR 10+ Adaptive, 144Hz Game Mode PRO, Alexa Buil...",https://www.amazon.it/dp/B0C5N3BDYX,75.0,,,,,Amazon,IT,2026-07-31T07:00:24Z,B0C5N3BDYX,,,,,
Hisense,"Hisense 40A59NQ - Smart TV 40 Pollici (100 cm), HD, DVB-T2 HEVC, Nero, Classe energetica F",https://www.amazon.it/dp/B0DJVT8G7Z,40.0,330.34,330.34,EUR,330.34,Amazon,IT,2026-07-31T07:00:24Z,B0DJVT8G7Z,,,,,
Hisense,"Hisense 65E79KQ - Smart TV da 65 Pollici, 4K, DVB-T2, H.264, Nero, QLED",https://www.amazon.it/dp/B0CL58MH46,65.0,695.47,695.47,EUR,695.47,Amazon,IT,2026-07-31T07:00:24Z,B0CL58MH46,,,,,
Hisense,"Hisense 65E7NQ - Smart TV 65 pollici (165 cm), QLED, DVB-T2 HEVC, 4K, Classe energetica E",https://www.amazon.it/dp/B0CYQ253NW,65.0,,,,,Amazon,IT,2026-07-31T07:00:24Z,B0CYQ253NW,,,,,
Hisense,"Hisense 43"" QLED UHD 43E78HQ, Smart TV VIDAA 5.0, HDR Dolby Vision, VA, Controlli vocali Alexa, Tuner DVB-T2/S2 HEVC 10, l...",https://www.amazon.it/dp/B0B12RV1RK,43.0,356.65,356.65,EUR,356.65,Amazon,IT,2026-07-31T07:00:24Z,B0B12RV1RK,,,,,
Hisense,"Hisense 40A49N - Smart TV 40 Pollici (100 cm), Full HD, LED, HEVC, DVB-T2, Nero",https://www.amazon.it/dp/B0DJSRCX9K,40.0,262.0,262.0,EUR,262.0,Amazon,IT,2026-07-31T07:00:24Z,B0DJSRCX9K,,,,,
Hisense,"Hisense 43A69K - TV Smart 43 Pollici, 4K, DVB-T2, H.265, Nero",https://www.amazon.it/dp/B0CHBCWQZ6,43.0,499.0,499.0,EUR,499.0,Amazon,IT,2026-07-31T07:00:24Z,B0CHBCWQZ6,,,,,
Hisense,Hisense 50U79SE - TV 50 Pollici Smart TV 4K Ultra HD ULED Mini LED DVB-T2 HEVC Nero Classe Energetica E,https://www.amazon.it/dp/B0H8386P53,50.0,519.0,519.0,EUR,519.0,Amazon,IT,2026-07-31T07:00:24Z,B0H8386P53,,,,,
Hisense,"Hisense Smart TV 43 Pollici 4K, DVB-T2, Wifi colore Nero",https://www.amazon.it/dp/B0BCG7DD46,43.0,394.9,394.9,EUR,394.9,Amazon,IT,2026-07-31T07:00:24Z,B0BCG7DD46,,,,,
Hisense,"Hisense 65U79NQ - Smart TV 65 Pollici 164 cm, 4K, MINI LED, DVB-T2 HEVC, Nero",https://www.amazon.it/dp/B0DJT2HJNX,65.0,865.59,865.59,EUR,865.59,Amazon,IT,2026-07-31T07:00:24Z,B0DJT2HJNX,,,,,
Hisense,Hisense Schermo da 100 pollici ultra corto DLT100-B1,https://www.amazon.it/dp/B0F2M58N9K,100.0,,,,,Amazon,IT,2026-07-31T07:00:24Z,B0F2M58N9K,,,,,
Hisense,"Hisense 43E79NQ - Smart TV 43 Pollici (108 cm), QLED, 4K, DVB-T2 HEVC",https://www.amazon.it/dp/B0DJT3L51S,43.0,,,,,Amazon,IT,2026-07-31T07:00:24Z,B0DJT3L51S,,,,,
Hisense,"Hisense 55A79NQ - Smart TV 55 Pollici, 4K, DVB-T2, HEVC(H.265), Nero",https://www.amazon.it/dp/B0DJT1VKW2,55.0,,,,,Amazon,IT,2026-07-31T07:00:24Z,B0DJT1VKW2,,,,,
Hisense,Hisense 55A6G - Smart TV 55 Pollici 4K LED DVB-T2 Android Wi-Fi,https://www.amazon.it/dp/B095Z5CB79,55.0,688.0,688.0,EUR,688.0,Amazon,IT,2026-07-31T07:00:24Z,B095Z5CB79,,,,,
Hisense,"TUCANSBP Striscia di retroilluminazione a LED Compatibile for Hisense 55"" TV 55R6E3 U55F8000H LB5500Q 55A6H 55A7300FTUK 55...",https://www.amazon.it/dp/B0D49W5CCM,55.0,31.25,31.25,EUR,31.25,Amazon,IT,2026-07-31T07:00:24Z,B0D49W5CCM,,,,,
Hisense,"Scheda Logica TV Da 58 Pollici, Compatibile For Hisense MACDJ4E11 58R6E 58H6550E H58A6100 58Q7330U 58Q620U H58AE6000 U58G5...",https://www.amazon.it/dp/B0DPVJM2K3,58.0,27.91,27.91,EUR,27.91,Amazon,IT,2026-07-31T07:00:24Z,B0DPVJM2K3,,,,,
Hisense,TUCANSBP Strisce di retroilluminazione a LED da 778 mm compatibili con Hisense 43 Pollici HZ43E3D JL.D425B1330-003AS-M-V02...,https://www.amazon.it/dp/B0D2QW3LQG,43.0,23.95,23.95,EUR,23.95,Amazon,IT,2026-07-31T07:00:24Z,B0D2QW3LQG,,,,,
Hisense,"WUWMTUTCK Striscia di Retroilluminazione A LED da 583 Mm 5 Lampada Adatta for Hisense for LG 32LF520D 32 ""TV SV0320AK4_Rev...",https://www.amazon.it/dp/B0DPC8J6X7,32.0,148.5,148.5,EUR,148.5,Amazon,IT,2026-07-31T07:00:24Z,B0DPC8J6X7,,,,,
Hisense,"BWBVHRHZY Striscia di Retroilluminazione A LED da 583 Mm 5 Lampada Adatta for Hisense for LG 32LF520D 32 ""TV SV0320AK4_Rev...",https://www.amazon.it/dp/B0DLB353MK,32.0,149.9,149.9,EUR,149.9,Amazon,IT,2026-07-31T07:00:24Z,B0DLB353MK,,,,,
Hisense,TUCANSBP 500mm 54 ledStriscia LED retroilluminata Compatibile for Hisense 40 Pollici SSY_1125050 RSAG7.820.5057 HE400GF-B3...,https://www.amazon.it/dp/B0D4DD3D5V,40.0,48.99,48.99,EUR,48.99,Amazon,IT,2026-07-31T07:00:24Z,B0D4DD3D5V,,,,,
Hisense,"NIBOTT Striscia di Retroilluminazione A LED da 583 Mm 5 Lampada Adatta for Hisense for LG 32LF520D 32 ""TV SV0320AK4_Rev09_...",https://www.amazon.it/dp/B0CY98S5DL,32.0,139.96,139.96,EUR,139.96,Amazon,IT,2026-07-31T07:00:24Z,B0CY98S5DL,,,,,
Sony,"Sony BRAVIA KD-32W800 - Smart TV 32 pollici, HD Ready LED, HDR, Android TV, KD32W800PAEP [Classe di efficienza energetica F]",https://www.amazon.it/dp/B0BNW6941F,32.0,264.0,264.0,EUR,264.0,Amazon,IT,2026-07-31T07:00:24Z,B0BNW6941F,,,,,
Sony,"Sony BRAVIA 2Ⅱ 43"", 4K Smart TV (Google TV), Processore X1,4K Upscaling, Televisione con Dolby Atmos e DTS:X, compatibile ...",https://www.amazon.it/dp/B0GZL6GMFJ,43.0,439.0,439.0,EUR,439.0,Amazon,IT,2026-07-31T07:00:24Z,B0GZL6GMFJ,,,,,
Sony,"Sony BRAVIA 2Ⅱ 50"", 4K Smart TV (Google TV), Processore X1,4K Upscaling, Televisione con Dolby Atmos e DTS:X, compatibile ...",https://www.amazon.it/dp/B0GZLDN3SH,50.0,499.0,499.0,EUR,499.0,Amazon,IT,2026-07-31T07:00:24Z,B0GZLDN3SH,,,,,
Sony,"Sony BRAVIA 8 OLED 55 Pollici 4K HDR Google Smart TV | Gaming Menu per PlayStation 5, IMAX Enhanced, Dolby Vision Atmos, C...",https://www.amazon.it/dp/B0D1VTR2M5,55.0,1299.0,1299.0,EUR,1299.0,Amazon,IT,2026-07-31T07:00:24Z,B0D1VTR2M5,,,,,
Sony,"Sony BRAVIA 8 OLED 65 Pollici 4K HDR Google Smart TV (2024) | Gaming Menu per PlayStation 5, IMAX Enhanced, Dolby Vision A...",https://www.amazon.it/dp/B0D1VV8K32,65.0,1699.0,1699.0,EUR,1699.0,Amazon,IT,2026-07-31T07:00:24Z,B0D1VV8K32,,,,,
Sony,"TV Sony BRAVIA 3Ⅱ43 pollici, Smart TV 4K (Google TV), processore XR con tecnologia AI, 120 Hz con Dolby Vision/Atmos, comp...",https://www.amazon.it/dp/B0GZQ8F1R6,43.0,789.0,789.0,EUR,789.0,Amazon,IT,2026-07-31T07:00:24Z,B0GZQ8F1R6,,,,,
Sony,Sony BRAVIA 5 XR Mini LED 65 Pollici | Processore AI XR | Acoustic Multi-Audio | Dolby Vision/Atmos | IMAX Enhanced | Goog...,https://www.amazon.it/dp/B0F4L1887W,65.0,1499.0,1499.0,EUR,1499.0,Amazon,IT,2026-07-31T07:00:24Z,B0F4L1887W,,,,,
Sony,"TV Sony BRAVIA 3Ⅱ50 pollici, Smart TV 4K (Google TV), processore XR con tecnologia AI, 120 Hz con Dolby Vision/Atmos, comp...",https://www.amazon.it/dp/B0GZQ4G7BL,50.0,899.0,899.0,EUR,899.0,Amazon,IT,2026-07-31T07:00:24Z,B0GZQ4G7BL,,,,,
Sony,"Sony BRAVIA XR BRAVIA K-55XR8A 139,7 cm (55"") 4K Ultra HD Smart TV Wi-Fi Nero",https://www.amazon.it/dp/B0H3WJG8M1,55.0,1199.0,1199.0,EUR,1199.0,Amazon,IT,2026-07-31T07:00:24Z,B0H3WJG8M1,,,,,
Sony,"Sony K-55XR8 Televisione 55"" 4K Oled Ultra HD Smart TV, HDR, DVB-T2, Hevc Main 10, Wi-Fi Nero",https://www.amazon.it/dp/B0FMF94X5B,55.0,1720.75,1720.75,EUR,1720.75,Amazon,IT,2026-07-31T07:00:24Z,B0FMF94X5B,,,,,
Sony,"Sony BRAVIA 7 QLED (XR l Mini LED) 85 pollici 4K HDR Google Smart TV | Gaming menu per PlayStation 5, IMAX Enhanced, Dolby...",https://www.amazon.it/dp/B0D1VWWM11,85.0,2599.0,2599.0,EUR,2599.0,Amazon,IT,2026-07-31T07:00:24Z,B0D1VWWM11,,,,,
Panasonic,"Panasonic TV-32S55AEZ, Serie S55 32 pollici Smart TV LED Full HD, 2024, Fire TV, HD Colour Engine, HDR, Alexa Voice Contro...",https://www.amazon.it/dp/B0H2MK9V3P,32.0,248.04,248.04,EUR,248.04,Amazon,IT,2026-07-31T07:00:24Z,B0H2MK9V3P,,,,,
Sony,"Sony BRAVIA 7 II True RGB 55 Inch TV, 4K Smart TV (Google TV), RGB LED, XR Processor with AI Technology, 120hz Television ...",https://www.amazon.it/dp/B0H2JXW744,55.0,2045.0,2045.0,EUR,2045.0,Amazon,IT,2026-07-31T07:00:24Z,B0H2JXW744,,,,,
Sony,"Sony BRAVIA KD-32W800 - Smart TV 32 pollici, HD Ready LED, HDR, Android TV, KD32W800PAEP",https://www.amazon.it/dp/B0924J83VN,32.0,,,,,Amazon,IT,2026-07-31T07:00:24Z,B0924J83VN,,,,,
Sony,"Sony BRAVIA 7 II True RGB 75 Inch TV, 4K Smart TV (Google TV), RGB LED, XR Processor with AI Technology, 120hz Television ...",https://www.amazon.it/dp/B0H2JZD8HX,75.0,2999.0,2999.0,EUR,2999.0,Amazon,IT,2026-07-31T07:00:24Z,B0H2JZD8HX,,,,,
Sony,"Sony BRAVIA 8 OLED 55 Pollici 4K HDR, Google Smart TV (2024) BRAVIA Theatre Bar 8",https://www.amazon.it/dp/B0D428GVB1,55.0,1998.0,1998.0,EUR,1998.0,Amazon,IT,2026-07-31T07:00:24Z,B0D428GVB1,,,,,
Sony,"Sony FW-65EZ20L affichage de messages Écran plat de signalisation numérique 165,1 cm (65"") LED Wifi 350 cd/m² 4K",https://www.amazon.it/dp/B0CW6CK9B6,65.0,944.52,944.52,EUR,944.52,Amazon,IT,2026-07-31T07:00:24Z,B0CW6CK9B6,,,,,
Panasonic,"Panasonic TN-65W70AEZ, Serie W70 65 inch 4K Ultra HD LED Smart TV, 2024, Google Assistant, Chromecast, Dolby Vision & Atmo...",https://www.amazon.it/dp/B0D9MHLNXF,65.0,539.78,539.78,EUR,539.78,Amazon,IT,2026-07-31T07:00:24Z,B0D9MHLNXF,,,,,
Sony,Sony XR-85X95K – 85 Pollici- BRAVIA XR - Mini LED – 4K Ultra HD – High Dynamic Range (HDR) – Smart TV (Google TV) – Black ...,https://www.amazon.it/dp/B09ZPVXZVV,85.0,,,,,Amazon,IT,2026-07-31T07:00:24Z,B09ZPVXZVV,,,,,
Sony,"Sony BRAVIA 8 OLED 55 Pollici 4K HDR, Google Smart TV (2024) BRAVIA Theatre Bar 9",https://www.amazon.it/dp/B0D426XDYC,55.0,2398.0,2398.0,EUR,2398.0,Amazon,IT,2026-07-31T07:00:24Z,B0D426XDYC,,,,,
Sony,Sony BRAVIA 8 OLED 65 Pollici 4K HDR Google Smart TV (2024) BRAVIA Theatre Bar 9,https://www.amazon.it/dp/B0D3HX915G,65.0,2798.0,2798.0,EUR,2798.0,Amazon,IT,2026-07-31T07:00:24Z,B0D3HX915G,,,,,
Sony,"Sony KD55X85L 55"" (139cm) 4K Ultra HD Smart Google Full Array LED TV",https://www.amazon.it/dp/B0C4XP7QNZ,55.0,1167.92,1167.92,EUR,1167.92,Amazon,IT,2026-07-31T07:00:24Z,B0C4XP7QNZ,,,,,
Sony,"SONY FW-50EZ20L affichage de messages Panneau plat de signalisation numérique 127 cm (50"") LED Wifi 350 cd/m² 4K",https://www.amazon.it/dp/B0CXL3XFHN,50.0,649.47,649.47,EUR,649.47,Amazon,IT,2026-07-31T07:00:24Z,B0CXL3XFHN,,,,,
Sony,"SONY 98"" Pro BRAVIA LCD 780nit Haze w/5yr PS",https://www.amazon.it/dp/B0D3R8PWB9,98.0,7608.89,7608.89,EUR,7608.89,Amazon,IT,2026-07-31T07:00:24Z,B0D3R8PWB9,,,,,
Panasonic,"Panasonic TB-50W60AEZ, Serie W60 50 inch 4K Ultra HD LED Smart TV, 2024, TiVo, Colour Engine 4K, Dolby Vision e Atmos, Gam...",https://www.amazon.it/dp/B0D9K5NVPR,50.0,469.0,469.0,EUR,469.0,Amazon,IT,2026-07-31T07:00:24Z,B0D9K5NVPR,,,,,
Sony,"SONY 98"" Pro BRAVIA LCD 440nit w/5yr PS",https://www.amazon.it/dp/B0D3R7MBGJ,98.0,5097.89,5097.89,EUR,5097.89,Amazon,IT,2026-07-31T07:00:24Z,B0D3R7MBGJ,,,,,
Sony,Sony Su-Wl450 -Staffa Per Il Montaggio a Parete Tv Sony da 32 a 85 Pollici,https://www.amazon.it/dp/B00IZEIZB4,85.0,49.99,49.99,EUR,49.99,Amazon,IT,2026-07-31T07:00:24Z,B00IZEIZB4,,,,,
Sony,"SONY FW-75BZ40L affichage de messages Panneau plat de signalisation numérique 190,5 cm (75"") LCD Wifi 700 cd/m² 4K Ult",https://www.amazon.it/dp/B0C9YPPB7J,75.0,2801.3,2801.3,EUR,2801.3,Amazon,IT,2026-07-31T07:00:24Z,B0C9YPPB7J,,,,,
Sony,"SONY FW-75BZ35L affichage de messages Panneau plat de signalisation numérique 190,5 cm (75"") LCD Wifi 550 cd/m² 4K Ult",https://www.amazon.it/dp/B0C9YP1N7N,75.0,1865.69,1865.69,EUR,1865.69,Amazon,IT,2026-07-31T07:00:24Z,B0C9YP1N7N,,,,,
Sony,"SONY FW-50BZ30L affichage de messages Panneau plat de signalisation numérique 127 cm (50"") LCD Wifi 440 cd/m² 4K Ultra",https://www.amazon.it/dp/B0C9YQDDG2,50.0,815.79,815.79,EUR,815.79,Amazon,IT,2026-07-31T07:00:24Z,B0C9YQDDG2,,,,,
Sony,"SONY FW-75BZ30L affichage de messages Panneau plat de signalisation numérique 190,5 cm (75"") LCD Wifi 440 cd/m² 4K Ult",https://www.amazon.it/dp/B0C9YPHGXV,75.0,1611.89,1611.89,EUR,1611.89,Amazon,IT,2026-07-31T07:00:24Z,B0C9YPHGXV,,,,,
Sony,"SONY FW-55BZ40L affichage de messages Panneau plat de signalisation numérique 139,7 cm (55"") LCD Wifi 700 cd/m² 4K Ult",https://www.amazon.it/dp/B0C9YPXLS1,55.0,1147.72,1147.72,EUR,1147.72,Amazon,IT,2026-07-31T07:00:24Z,B0C9YPXLS1,,,,,
Sony,"SONY FW-65BZ35L affichage de messages Panneau plat de signalisation numérique 165,1 cm (65"") LCD Wifi 550 cd/m² 4K Ult",https://www.amazon.it/dp/B0C9YP24N9,65.0,,,,,Amazon,IT,2026-07-31T07:00:24Z,B0C9YP24N9,,,,,
Sony,"SONY FW-55BZ35L affichage de messages Panneau plat de signalisation numérique 139,7 cm (55"") LCD Wifi 550 cd/m² 4K Ult",https://www.amazon.it/dp/B0C9YP4XD8,55.0,1250.6,1250.6,EUR,1250.6,Amazon,IT,2026-07-31T07:00:24Z,B0C9YP4XD8,,,,,
Sony,"SONY FW-65BZ30L affichage de messages Panneau plat de signalisation numérique 165,1 cm (65"") LCD Wifi 440 cd/m² 4K Ult",https://www.amazon.it/dp/B0C9YQDK3B,65.0,1529.89,1529.89,EUR,1529.89,Amazon,IT,2026-07-31T07:00:24Z,B0C9YQDK3B,,,,,
Sony,"SONY FW-55BZ30L affichage de messages Panneau plat de signalisation numérique 139,7 cm (55"") LCD Wifi 440 cd/m² 4K Ult",https://www.amazon.it/dp/B0C9YPDMQC,55.0,1026.89,1026.89,EUR,1026.89,Amazon,IT,2026-07-31T07:00:24Z,B0C9YPDMQC,,,,,
Sony,"Scheda Logica T-CON 18Y_S75HU11A2H2A6AV0.2, Compatibile Con Sony, Televisore Da 75 Pollici KD-75X7800F(LMY750)",https://www.amazon.it/dp/B0H8ZLZC4P,75.0,49.32,49.32,EUR,49.32,Amazon,IT,2026-07-31T07:00:24Z,B0H8ZLZC4P,,,,,
Sony,"Sony SU-WL450/PSE support pour téléviseur 165,1 cm (65"") Noir",https://www.amazon.it/dp/B019O0ON68,65.0,53.55,53.55,EUR,53.55,Amazon,IT,2026-07-31T07:00:24Z,B019O0ON68,,,,,
Sony,CEPAIXN Nuovo 42T34-C00 T420HVN06.2 Ctrl BD Tcon Board. Compatibile con Sony da 42 Pollici TV Scheda di Riparazione T420HV...,https://www.amazon.it/dp/B0F324XBCL,42.0,34.99,34.99,EUR,34.99,Amazon,IT,2026-07-31T07:00:24Z,B0F324XBCL,,,,,
Sony,BAVALU Retroilluminazione TV LED for SONY 40 pollici KLV-40R470A KLV-40R450A KDL-40R473A SVG400A81 REV3 121114 S400H1LCD-1...,https://www.amazon.it/dp/B0C3996TZS,40.0,29.54,29.54,EUR,29.54,Amazon,IT,2026-07-31T07:00:24Z,B0C3996TZS,,,,,
Sony,Scheda T-CON 17Y-SGU13TSTLTA4V0.1 Compatibile Con Sony Scheda Logica TV Da 55 Pollici 65 Pollici 17Y_SGU13TSTLTA4V0.1(55-i...,https://www.amazon.it/dp/B0GZF723CT,55.0,26.74,26.74,EUR,26.74,Amazon,IT,2026-07-31T07:00:24Z,B0GZF723CT,,,,,
Sony,"ALMVIS Striscia di retroilluminazione a LED Adatta for Sony KDL-32WE613 KDL-32WE615 KDL-32WE610 KDL-32RE403 17Y 32""_7020_3...",https://www.amazon.it/dp/B0D1VMCMPR,32.0,22.0,22.0,EUR,22.0,Amazon,IT,2026-07-31T07:00:24Z,B0D1VMCMPR,,,,,
Sony,"Scheda madre del televisore, compatibile con Sony, T550HVN08.2 CTRL BD 55T23-C03 43"" 50"" 55""(55 INCH)",https://www.amazon.it/dp/B0H4M9QQQF,43.0,52.18,52.18,EUR,52.18,Amazon,IT,2026-07-31T07:00:24Z,B0H4M9QQQF,,,,,
Sony,"AmComponent - KIT 10 BARRE STRIP LED per TV 40"" di ricambio per SONY KDL40W600B / KDL40W605B LB181(A) LB182(B)",https://www.amazon.it/dp/B0FJ1YKV2N,40.0,23.99,23.99,EUR,23.99,Amazon,IT,2026-07-31T07:00:24Z,B0FJ1YKV2N,,,,,
Sony,",Compatibile Con Sony,T550HVN08.2(55 INCH)",https://www.amazon.it/dp/B0HBWL17W9,55.0,60.22,60.22,EUR,60.22,Amazon,IT,2026-07-31T07:00:24Z,B0HBWL17W9,,,,,
Sony,"Scheda logica CPWBX RUNTK 4353TP T-CON ZE/ZB/ZZ/ZC/ZA/ZD compatibile con TV Sony da 32 pollici, 40 pollici, 46 pollici e 5...",https://www.amazon.it/dp/B0F6BW16YX,32.0,111.2,111.2,EUR,111.2,Amazon,IT,2026-07-31T07:00:24Z,B0F6BW16YX,,,,,
Sony,"Yhytgbhk Scheda logica CPWBX RUNTK 4353TP T-con ZE/ZB/ZZ/ZC/ZA/ZD Compatibile con TV Sony da 32 Pollici, 40 Pollici, 46 Po...",https://www.amazon.it/dp/B0F63KBT9D,32.0,98.11,98.11,EUR,98.11,Amazon,IT,2026-07-31T07:00:24Z,B0F63KBT9D,,,,,
Sony,BAVALU 10 Pezzi/Lotto for Sony Utilizzare 40 Pollici TV RETROILLUMINAZIONE for LED Bar SUG400A81_REV3_121114 for Sony KDL-...,https://www.amazon.it/dp/B0BRNMFBCJ,40.0,111.03,111.03,EUR,111.03,Amazon,IT,2026-07-31T07:00:24Z,B0BRNMFBCJ,,,,,
Samsung,"KELUNIS HD Clear Anti Luce Blu 32-75 Pollici Proteggi Schermo TV per Sharp Sony Samsung Hisense LG,49"" (1075 * 604)",https://www.amazon.it/dp/B09M6R19R9,75.0,97.11,97.11,EUR,97.11,Amazon,IT,2026-07-31T07:00:24Z,B09M6R19R9,,,,,
Sony,"Scheda Logica V460H1-CPE5 - Compatibile Con Sony I Televisori Serie CT Da 46 Pollici 46NX720, 46HX820",https://www.amazon.it/dp/B0FD2YLZDN,46.0,32.76,32.76,EUR,32.76,Amazon,IT,2026-07-31T07:00:24Z,B0FD2YLZDN,,,,,
Sony,"Scheda Logica T-CON 18Y_S75HU11A2H2A6AV0.2, Compatibile Con Sony, Scheda Logica TV KD-75X7800F Da 75 Pollici 18Y-S75HU11A2...",https://www.amazon.it/dp/B0FZJ9PJ88,75.0,45.18,45.18,EUR,45.18,Amazon,IT,2026-07-31T07:00:24Z,B0FZJ9PJ88,,,,,
Sony,Yhytgbhk 6870C-0738A Compatibile con la Scheda T-con Sony 6870C 0738A for TV da 43'' 49'' 55'' Scheda logica V17_43UHD_TM1...,https://www.amazon.it/dp/B0F63JN1BL,43.0,73.66,73.66,EUR,73.66,Amazon,IT,2026-07-31T07:00:24Z,B0F63JN1BL,,,,,
Sony,Yhytgbhk 6870C-0738A Compatibile con la Scheda T-con Sony 6870C 0738A for TV 43'' 49'' 55'' Scheda logica V17_43UHD_TM120_...,https://www.amazon.it/dp/B0F6D8KQWR,43.0,77.51,77.51,EUR,77.51,Amazon,IT,2026-07-31T07:00:24Z,B0F6D8KQWR,,,,,
Sony,CEPAIXN Scheda T-con 4353TP ZE/ZB/ZZ/ZC/ZA/ZD. Compatibile con Sony 32 Pollici 40 Pollici 46 Pollici 52 Pollici. Scheda Lo...,https://www.amazon.it/dp/B0F2N1NF1G,32.0,63.05,63.05,EUR,63.05,Amazon,IT,2026-07-31T07:00:24Z,B0F2N1NF1G,,,,,
Samsung,"Samsung Full HD Smart TV 24'' UE24F6000FUXZT, Hyper Real Processor, HDR & Pur Color, Smart Experience, OTS Lite & Adaptive...",https://www.amazon.it/dp/B0F7LM4MHT,24.0,171.0,171.0,EUR,171.0,Amazon,IT,2026-07-31T07:00:24Z,B0F7LM4MHT,,,,,
Samsung,"Samsung OLED 4K Vision AI Smart TV 42'' QE42S90FAEXZT Processore NQ4 AI Gen3r, 4K AI Upscaling Pro, OLED HDR+, Motion Xcel...",https://www.amazon.it/dp/B0FL7Z7PLW,42.0,649.0,649.0,EUR,649.0,Amazon,IT,2026-07-31T07:00:24Z,B0FL7Z7PLW,,,,,
Samsung,"Samsung Neo QLED 4K Vision AI Smart TV 75'' QE75QN74FATXZT Mini LED, NQ4 AI Gen2 Processor, 4K AI Upscaling,Motion Xcelera...",https://www.amazon.it/dp/B0F4T8RSJS,75.0,1099.0,1099.0,EUR,1099.0,Amazon,IT,2026-07-31T07:00:24Z,B0F4T8RSJS,,,,,
Samsung,"Samsung Neo QLED 4K Vision AI Smart TV 85'' QE85QN74FATXZT Mini LED, NQ4 AI Gen2 Processor, 4K AI Upscaling, Motion Xceler...",https://www.amazon.it/dp/B0F4SVJHRW,85.0,1299.0,1299.0,EUR,1299.0,Amazon,IT,2026-07-31T07:00:24Z,B0F4SVJHRW,,,,,
Samsung,"Samsung Smart TV 55'' QE55QN94FATXZT Neo QLED 4K Mini LED, NQ4 AI Gen3 Processor, 4K AI Upscaling Pro, Glare Free, Motion ...",https://www.amazon.it/dp/B0F4SHZDF2,55.0,799.0,799.0,EUR,799.0,Amazon,IT,2026-07-31T07:00:24Z,B0F4SHZDF2,,,,,
Samsung,"Samsung Neo QLED 4K Smart TV 65'' QE65QN85FAUXZT, NQ4 AI Gen2 Processor, AI Upscaling, Dolby Atmos & OTS Lite, Simple Cham...",https://www.amazon.it/dp/B0F7LJWWZH,65.0,949.0,949.0,EUR,949.0,Amazon,IT,2026-07-31T07:00:24Z,B0F7LJWWZH,,,,,
Samsung,"Samsung Vision AI Smart TV 77'' QE77S90FAEXZT OLED 4K, NQ4 AI Gen3 Processor & 4K AI Upscaling, Motion Xcelerator 144 Hz, ...",https://www.amazon.it/dp/B0GV44LJZK,77.0,1700.0,1700.0,EUR,1700.0,Amazon,IT,2026-07-31T07:00:24Z,B0GV44LJZK,,,,,
Samsung,"Samsung Smart TV 65"" UE65M80HAUXZT Mini LED 4K, HDR 10+, Motion Xcelerator 144Hz, Adpative Sound+, AI Football Mode, Voice...",https://www.amazon.it/dp/B0GX1QQ7S6,65.0,693.0,693.0,EUR,693.0,Amazon,IT,2026-07-31T07:00:24Z,B0GX1QQ7S6,,,,,
Samsung,"Samsung Smart TV 43"" UE43U8090HUXZT Crystal UHD, Crystal 4K Processor, HDR10+, PurColor, Motion Xcelerator, Dynamic Sound ...",https://www.amazon.it/dp/B0GZL6K88D,43.0,379.0,379.0,EUR,379.0,Amazon,IT,2026-07-31T07:00:24Z,B0GZL6K88D,,,,,
Samsung,"Samsung Smart TV 55"" QE55QN72HAUXZT Neo QLED 4K Mini LED, NQ4 AI Processor, Quantum Mini LED, Real QLED 100% Colour Volum...",https://www.amazon.it/dp/B0H26TC55Q,55.0,699.0,699.0,EUR,699.0,Amazon,IT,2026-07-31T07:00:24Z,B0H26TC55Q,,,,,
Samsung,"Samsung Full HD Smart TV 27'' UE27F6000FUXZT, Hyper Real Processor, HDR & Pur Color, Smart Experience, OTS Lite & Adaptive...",https://www.amazon.it/dp/B0F7LLQRKX,27.0,185.0,185.0,EUR,185.0,Amazon,IT,2026-07-31T07:00:24Z,B0F7LLQRKX,,,,,
Samsung,"Samsung Smart TV 43"" QE43LS03HEUXZT The Frame 4K QLED, Glare Free, HDR10+, Motion Xcelerator 144Hz, Dolby Atmos, Modern Fr...",https://www.amazon.it/dp/B0GWDKM28W,43.0,799.0,799.0,EUR,799.0,Amazon,IT,2026-07-31T07:00:24Z,B0GWDKM28W,,,,,
Samsung,"Samsung Crystal UHD 4K Smart TV 75'' UE75U7000FUXZT, Crystal 4K Processor, HDR, Smart Experience, OTS Lite & Adaptive Soun...",https://www.amazon.it/dp/B0F4T85B1Y,75.0,599.0,599.0,EUR,599.0,Amazon,IT,2026-07-31T07:00:24Z,B0F4T85B1Y,,,,,
Samsung,"Samsung Smart TV 65"" QE65S83HAEXZT OLED 4K, NQ4 AI Gen2 Processor, OLED HDR, Motion Xcelerator 120Hz, Dolby Atmos, FreeSyn...",https://www.amazon.it/dp/B0GXWL18WS,65.0,1755.0,1755.0,EUR,1755.0,Amazon,IT,2026-07-31T07:00:24Z,B0GXWL18WS,,,,,
Samsung,"Samsung Smart TV 48"" QE48S95HATXZT OLED 4K Glare Free, HDR 10+, Motion Xcelerator 165Hz, Dolby Atmos, FreeSync Premium Pr...",https://www.amazon.it/dp/B0GWN5HTR3,48.0,1379.0,1379.0,EUR,1379.0,Amazon,IT,2026-07-31T07:00:24Z,B0GWN5HTR3,,,,,
Samsung,"Samsung Smart TV 42"" QE42S92HAEXZT OLED 4K Glare Free, NQ4 AI Gen 3 Processor, HDR 10+, Motion Xcelerator 165Hz, Dolby Atm...",https://www.amazon.it/dp/B0GWMXTZKK,42.0,1199.0,1199.0,EUR,1199.0,Amazon,IT,2026-07-31T07:00:24Z,B0GWMXTZKK,,,,,
Panasonic,"Panasonic TV-24S50AEZC, 24 pollici televisore TV LED HD TV, Fire TV | HD Colour Engine, HDR, Alexa Voice Control, Game Mod...",https://www.amazon.it/dp/B0H2MPDR7G,24.0,219.0,219.0,EUR,219.0,Amazon,IT,2026-07-31T07:00:24Z,B0H2MPDR7G,,,,,
Samsung,"Samsung Smart TV 65"" MRE65R85HATXZT Micro RGB 4K Vision Glare Free, HDR10+, Motion Xcelerator 144Hz, Dolby Atmos, Super Pi...",https://www.amazon.it/dp/B0GXWGW163,65.0,1815.9,1815.9,EUR,1815.9,Amazon,IT,2026-07-31T07:00:24Z,B0GXWGW163,,,,,
LG,"LG QNED AI 50 Pollici, Serie QNED70 2025 Smart TV 4K - 50QNED70A6A | 4K, Processore α7 Gen8, Dynamic QNED Color, WebOS con...",https://www.amazon.it/dp/B0FRSG85Q9,50.0,388.0,388.0,EUR,388.0,Amazon,IT,2026-07-31T07:00:24Z,B0FRSG85Q9,,,,,
LG,"LG NanoCell AI 50 Pollici, Serie NANO80 2025 Smart TV 4K - 50NANO80A6B | Processore α7 Gen8, WebOS con AI, Telecomando Pun...",https://www.amazon.it/dp/B0F5HWBY6F,50.0,389.0,389.0,EUR,389.0,Amazon,IT,2026-07-31T07:00:24Z,B0F5HWBY6F,,,,,
LG,"LG OLED AI 65 Pollici, Serie B5 2025 Smart TV 4K - OLED65B56LA | Processore α8 Gen2, WebOS con AI, Dolby Vision e Atmos, G...",https://www.amazon.it/dp/B0F44DD5YL,65.0,1102.22,1102.22,EUR,1102.22,Amazon,IT,2026-07-31T07:00:24Z,B0F44DD5YL,,,,,
LG,"LG QNED evo AI 100 Pollici, Serie QNED86 2025 Smart TV 4K - 100QNED86A6 | Processore α8 Gen2, Precision Dimming con MiniLE...",https://www.amazon.it/dp/B0F6VGQP89,100.0,,,,,Amazon,IT,2026-07-31T07:00:24Z,B0F6VGQP89,,,,,
LG,"LG OLED evo AI 65 Pollici, Serie G5 2025 Smart TV 4K - OLED65G55LW | Staffa a Muro Inclusa, Processore α11 Gen2, Brightnes...",https://www.amazon.it/dp/B0F44H2LHW,65.0,1699.0,1699.0,EUR,1699.0,Amazon,IT,2026-07-31T07:00:24Z,B0F44H2LHW,,,,,
LG,"LG QNED AI 65 Pollici, Serie QNED84 2025 Smart TV 4K - 65QNED84A6C | Processore α7 Gen8, Dynamic QNED Color, Design Ultra ...",https://www.amazon.it/dp/B0F5HYF966,65.0,751.35,751.35,EUR,751.35,Amazon,IT,2026-07-31T07:00:24Z,B0F5HYF966,,,,,
LG,"LG TV QNED AI 2025 | 43QNED8E | 43'' (108cm) | 4K UHD | HDR10 | WebOS 25 | Telecommade AI Magic Remote | Alexa, Google Ass...",https://www.amazon.it/dp/B0F4KMPM6B,43.0,,,,,Amazon,IT,2026-07-31T07:00:24Z,B0F4KMPM6B,,,,,
LG,"LG 43"" LED 43UA75003LA UHD 4K HDR Smart TV EU",https://www.amazon.it/dp/B0FTFX3JTL,43.0,236.07,236.07,EUR,236.07,Amazon,IT,2026-07-31T07:00:24Z,B0FTFX3JTL,,,,,
LG,"LG OLED evo AI C5 77 pollici, Smart TV 4K, Processore α9 Gen8, Brightness Booster, webOS con AI, Dolby Vision & Atmos, Gam...",https://www.amazon.it/dp/B0F44DFLXH,77.0,,,,,Amazon,IT,2026-07-31T07:00:24Z,B0F44DFLXH,,,,,
LG,"LG QNED AI 86 Pollici, Serie QNED80 2025 Smart TV 4K - 86QNED80A6A | Processore α7 Gen8, Dynamic QNED Color, Design Super ...",https://www.amazon.it/dp/B0F562B5VV,86.0,,,,,Amazon,IT,2026-07-31T07:00:24Z,B0F562B5VV,,,,,
LG,"LG NANO AI UHD 65 Pollici, Serie NU8E 2026 Smart TV 4K - 65NU8E0B3LA | Processore con Nano Detail Enhancer, AI Chatbot, AI...",https://www.amazon.it/dp/B0GWMXP9JK,65.0,522.0,522.0,EUR,522.0,Amazon,IT,2026-07-31T07:00:24Z,B0GWMXP9JK,,,,,
LG,"LG QNED AI MiniLED 50 Pollici, Serie QNED7EB 2026 Smart TV 4K - 50QNED7EB3C | AI Magic Remote, 100% Volume Colore, WebOS c...",https://www.amazon.it/dp/B0GWN5NDL7,50.0,499.0,499.0,EUR,499.0,Amazon,IT,2026-07-31T07:00:24Z,B0GWN5NDL7,,,,,
LG,"LG OLED evo AI 77 Pollici, Serie G6 2026 Smart TV 4K - OLED77G64LW | Staffa a Muro Inclusa, Hyper Radiant Color, Reflectio...",https://www.amazon.it/dp/B0GWN4SNXP,77.0,3999.0,3999.0,EUR,3999.0,Amazon,IT,2026-07-31T07:00:24Z,B0GWN4SNXP,,,,,
LG,"LG Mini RGB 75 Pollici, Serie MRGB87 2026 Smart TV 4K - 75MRGB87B6B | RGB Primary Color Pro, DualColor 100% DCI-P3/Adobe R...",https://www.amazon.it/dp/B0GWN73B9J,75.0,1699.0,1699.0,EUR,1699.0,Amazon,IT,2026-07-31T07:00:24Z,B0GWN73B9J,,,,,
LG,"LG OLED AI 83 Pollici, Serie B6E 2026 Smart TV 4K - OLED83B6ELB | Nero Perfetto, Dolby Vision & Atmos, Processore α8 Gen3,...",https://www.amazon.it/dp/B0GWN4JLLB,83.0,2299.0,2299.0,EUR,2299.0,Amazon,IT,2026-07-31T07:00:24Z,B0GWN4JLLB,,,,,
LG,"LG OLED evo AI 77 Pollici, Serie C6 2026 Smart TV 4K - OLED77C64LA | Hyper Radiant Color, Reflection Free Premium, Process...",https://www.amazon.it/dp/B0GWMVM78J,77.0,2799.0,2799.0,EUR,2799.0,Amazon,IT,2026-07-31T07:00:24Z,B0GWMVM78J,,,,,
LG,"LG QNED AI 55 Pollici, Serie QNED84 2025 Smart TV 4K - 55QNED84A6C",https://www.amazon.it/dp/B0F5HVK17Y,55.0,549.0,549.0,EUR,549.0,Amazon,IT,2026-07-31T07:00:24Z,B0F5HVK17Y,,,,,
LG,LG OLED65B6ELC - TV 65 Pollici Smart TV 4K OLED HEVC/H.265 Wifi Classe Energetica F,https://www.amazon.it/dp/B0H1MZTYM8,65.0,1279.0,1279.0,EUR,1279.0,Amazon,IT,2026-07-31T07:00:24Z,B0H1MZTYM8,,,,,
TCL,"TCL 50T69C – Smart TV QLED 4K HDR10+ da 50"", Google TV con Dolby Atmos | Game Mast, Dolby Vision, Motion Clarity, Google A...",https://www.amazon.it/dp/B0F8QDY84D,50.0,375.91,375.91,EUR,375.91,Amazon,IT,2026-07-31T07:00:24Z,B0F8QDY84D,,,,,
TCL,"TCL 43V5C – Smart TV Full HD QLED HDR da 43"", Android TV | Google Cast, Compatible with Google Home, Slim Design",https://www.amazon.it/dp/B0F3XM86GV,43.0,301.69,301.69,EUR,301.69,Amazon,IT,2026-07-31T07:00:24Z,B0F3XM86GV,,,,,
TCL,"TCL 75Q6C – Smart TV QD‑Mini LED 4K HDR10+ da 75"", Google TV | Dolby Vision IQ & Atmos, 144Hz Motion Clarity Pro, Game Mas...",https://www.amazon.it/dp/B0DXQ48PD9,75.0,799.0,799.0,EUR,799.0,Amazon,IT,2026-07-31T07:00:24Z,B0DXQ48PD9,,,,,
TCL,"TCL 65T6C – Smart TV QLED 4K HDR10+ da 65"", Fire TV con Dolby Atmos | Game Mast, VRR, Dolby Vision, Motion Clarity, Press...",https://www.amazon.it/dp/B0DW96CFKL,65.0,498.9,498.9,EUR,498.9,Amazon,IT,2026-07-31T07:00:24Z,B0DW96CFKL,,,,,
TCL,"TCL 65T8C – Smart TV QLED 4K HDR10+ da 65"", pensato per il gaming, 144Hz VRR",https://www.amazon.it/dp/B0DV9LYQJ1,65.0,479.9,479.9,EUR,479.9,Amazon,IT,2026-07-31T07:00:24Z,B0DV9LYQJ1,,,,,
TCL,"TCL Serie Smart TV 4K Ultra HD 55"" 55P69K, Dolby Audio, HDR10+, Google TV, Hevc main 10, DVB-T2",https://www.amazon.it/dp/B0FMRTRKFL,55.0,329.0,329.0,EUR,329.0,Amazon,IT,2026-07-31T07:00:24Z,B0FMRTRKFL,,,,,
TCL,"TCL 55V6D – Smart TV 4K HDR10+ da 55"" con Fire TV e Dolby Atmos | DTS:X, Game Master, Motion Clarity, Apple AirPlay 2, Pre...",https://www.amazon.it/dp/B0GQHGGWHX,55.0,379.9,379.9,EUR,379.9,Amazon,IT,2026-07-31T07:00:24Z,B0GQHGGWHX,,,,,
TCL,"TCL 50T6C – Smart TV QLED 4K HDR10+ da 50"", Fire TV con Dolby Atmos | Game Mast, VRR, Dolby Vision, Motion Clarity, Press...",https://www.amazon.it/dp/B0DW9792RH,50.0,299.9,299.9,EUR,299.9,Amazon,IT,2026-07-31T07:00:24Z,B0DW9792RH,,,,,
TCL,"TCL 43V6D – Smart TV 4K HDR10+ da 43"" con Fire TV e Dolby Atmos | DTS:X, Game Master, Motion Clarity, Apple AirPlay 2, Pre...",https://www.amazon.it/dp/B0GQHTCGBB,43.0,329.9,329.9,EUR,329.9,Amazon,IT,2026-07-31T07:00:24Z,B0GQHTCGBB,,,,,
TCL,"TCL 65T8D – Smart TV QD‑Mini LED 4K HDR10+ da 65"", pensato per il gaming, 144Hz VRR",https://www.amazon.it/dp/B0GR9FLCYT,65.0,699.9,699.9,EUR,699.9,Amazon,IT,2026-07-31T07:00:24Z,B0GR9FLCYT,,,,,
TCL,"TCL 65C8L – Smart TV SQD‑Mini LED 4K HDR10+ da 65"", 5.000nit | 2,040 Dimming Zones, Dolby Vision IQ & Atmos, 144Hz, ZeroBo...",https://www.amazon.it/dp/B0GTZLF677,65.0,1290.12,1290.12,EUR,1290.12,Amazon,IT,2026-07-31T07:00:24Z,B0GTZLF677,,,,,
TCL,"TCL 40V5C – Smart TV Full HD QLED HDR da 40"", Android TV | Google Cast, Compatible with Google Home, Slim Design",https://www.amazon.it/dp/B0F3XN9M4V,40.0,,,,,Amazon,IT,2026-07-31T07:00:24Z,B0F3XN9M4V,,,,,
TCL,"TCL 98RM7L – Smart TV RGB‑Mini LED 4K HDR10+ da 98"", 2.000nit | 2,880 Precise Color Zones, Dolby Vision IQ & Atmos, 2.1 On...",https://www.amazon.it/dp/B0GZZYN4VR,98.0,2499.9,2499.9,EUR,2499.9,Amazon,IT,2026-07-31T07:00:24Z,B0GZZYN4VR,,,,,
TCL,"TCL 98T8D – Smart TV QD‑Mini LED 4K HDR10+ da 98"", pensato per il gaming, 144Hz VRR",https://www.amazon.it/dp/B0GR9QCYJG,98.0,1799.0,1799.0,EUR,1799.0,Amazon,IT,2026-07-31T07:00:24Z,B0GR9QCYJG,,,,,
TCL,"TCL 85A400 – Smart TV QLED 4K HDR10+ da 85"", design piatto e sottile | HVA Panel, Dolby Vision & Atmos, Onkyo 2.0 Sound, 1...",https://www.amazon.it/dp/B0GYPNX2S7,85.0,1199.9,1199.9,EUR,1199.9,Amazon,IT,2026-07-31T07:00:24Z,B0GYPNX2S7,,,,,
Hisense,"Hisense Smart TV 43"" 4K Ultra HD 2025 43E63QT, Smart TV VIDAA U8, Dolby Vision, HDR 10, Game Mode Plus, Alexa Built-in, VI...",https://www.amazon.it/dp/B0F1MHBWZ8,43.0,220.49,220.49,EUR,220.49,Amazon,IT,2026-07-31T07:00:24Z,B0F1MHBWZ8,,,,,
Hisense,"Hisense TV 32"" HD Ready 2025 32E43QT, Smart TV VIDAA U8, Airplay2, Game Mode, Works with Alexa, Tuner DVB-T2/S2 HEVC 10, l...",https://www.amazon.it/dp/B0F1WMZSQ6,32.0,149.0,149.0,EUR,149.0,Amazon,IT,2026-07-31T07:00:24Z,B0F1WMZSQ6,,,,,
Hisense,"Hisense TV 75"" Mini-LED 144Hz 4K 2025 75E8Q, Smart TV VIDAA U8, Dolby Vision IQ, HDR 10+ Adaptive, 144Hz Game Mode PRO, Do...",https://www.amazon.it/dp/B0F1WJ8X9P,75.0,799.0,799.0,EUR,799.0,Amazon,IT,2026-07-31T07:00:24Z,B0F1WJ8X9P,,,,,
Hisense,"Hisense TV 75"" QLED 4K 2025 75A72Q, Smart TV VIDAA U8, Dolby Vision, HDR 10+, Game Mode Plus, Dolby Atmos 2.1 con Subwoofe...",https://www.amazon.it/dp/B0F1W9LQDR,75.0,599.0,599.0,EUR,599.0,Amazon,IT,2026-07-31T07:00:24Z,B0F1W9LQDR,,,,,
Hisense,"Hisense TV 65"" Mini-LED 144Hz 4K 2025 65U72Q, Smart TV VIDAA U8, Dolby Vision IQ, HDR 10+ Adaptive, 144Hz Game Mode PRO, D...",https://www.amazon.it/dp/B0F1WF79YJ,65.0,649.0,649.0,EUR,649.0,Amazon,IT,2026-07-31T07:00:24Z,B0F1WF79YJ,,,,,
Hisense,"Hisense TV 65"" Mini-LED 165Hz 4K 2025 65U8Q, Octagonal Stand, Dolby Atmos Multi-Channel Surround 4.1.2, Smart TV VIDAA U9 ...",https://www.amazon.it/dp/B0F1WBGQBM,65.0,994.51,994.51,EUR,994.51,Amazon,IT,2026-07-31T07:00:24Z,B0F1WBGQBM,,,,,
Hisense,"Hisense Smart TV QLED 50"" 4K 50E7DS | Audio Dolby Atmos, VIDAA OS, Dolby Vision IQ, HDR 10+, Game Mode, Bluetooth, Wifi, A...",https://www.amazon.it/dp/B0GM1R36YW,50.0,349.0,349.0,EUR,349.0,Amazon,IT,2026-07-31T07:00:24Z,B0GM1R36YW,,,,,
Hisense,"Hisense TV 75"" Mini-LED 165Hz 4K 2025 75U8Q, Octagonal Stand, Dolby Atmos Multi-Channel Surround 4.1.2, Smart TV VIDAA U9 ...",https://www.amazon.it/dp/B0F1W3TRZT,75.0,1399.0,1399.0,EUR,1399.0,Amazon,IT,2026-07-31T07:00:24Z,B0F1W3TRZT,,,,,
Hisense,"Hisense Smart TV MiniLED 144Hz 50"" 4K 50E8S | Dolby Atmos 2.1 By Devialet, Dolby Vision IQ, HDR10+, VIDAA OS, Alexa, lativ...",https://www.amazon.it/dp/B0GQDSSGNB,50.0,474.0,474.0,EUR,474.0,Amazon,IT,2026-07-31T07:00:24Z,B0GQDSSGNB,,,,,
Hisense,"Hisense Smart TV QLED 144Hz 50"" 4K 50E7S PRO | Audio Dolby Atmos, VIDAA OS, Native 144Hz Game Mode, Dolby Vision IQ, HDR 1...",https://www.amazon.it/dp/B0GR77T4BZ,50.0,449.0,449.0,EUR,449.0,Amazon,IT,2026-07-31T07:00:24Z,B0GR77T4BZ,,,,,
Hisense,"Hisense TV 32"" QLED FHD 32E53NQT, Smart TV VIDAA U6, HDR10, Game Mode, Dolby Atmos, Works with Alexa, Tuner DVB-T2/S2 HEVC...",https://www.amazon.it/dp/B0CZXQQSLG,32.0,,,,,Amazon,IT,2026-07-31T07:00:24Z,B0CZXQQSLG,,,,,
Hisense,"Hisense Smart TV QLED 65"" 4K 65E7DS | Audio Dolby Atmos, VIDAA OS, Dolby Vision IQ, HDR 10+, Game Mode, Bluetooth, Wifi, A...",https://www.amazon.it/dp/B0GM1NNY7D,65.0,469.0,469.0,EUR,469.0,Amazon,IT,2026-07-31T07:00:24Z,B0GM1NNY7D,,,,,
Hisense,"Hisense Smart TV QLED 144Hz 65"" 4K 65E7S PRO | Audio Dolby Atmos, VIDAA OS, Native 144Hz Game Mode, Dolby Vision IQ, HDR 1...",https://www.amazon.it/dp/B0GR6XCQMY,65.0,649.0,649.0,EUR,649.0,Amazon,IT,2026-07-31T07:00:24Z,B0GR6XCQMY,,,,,
Hisense,"Hisense Smart TV MiniLED 144Hz 65"" 4K 65E8S | Dolby Atmos 2.1 By Devialet, Dolby Vision IQ, HDR10+, VIDAA OS, Alexa, lativ...",https://www.amazon.it/dp/B0GQF24H9M,65.0,699.0,699.0,EUR,699.0,Amazon,IT,2026-07-31T07:00:24Z,B0GQF24H9M,,,,,
Hisense,"Hisense Smart TV QLED 43"" 4K Dèco TV 43S5Q | Audio Dolby Atmos, VIDAA OS, HDR10, Game Mode Plus, Bluetooth, Wifi, Works wi...",https://www.amazon.it/dp/B0GM1RDY9Z,43.0,368.0,368.0,EUR,368.0,Amazon,IT,2026-07-31T07:00:24Z,B0GM1RDY9Z,,,,,
Hisense,"Hisense Smart TV MiniLED 165Hz 75"" 4K 75U79S PRO | Schermo Anti-Riflesso, Dolby Atmos 2.1.2 By Devialet, VIDAA OS, Dolby V...",https://www.amazon.it/dp/B0GR7DR1FT,75.0,1199.0,1199.0,EUR,1199.0,Amazon,IT,2026-07-31T07:00:24Z,B0GR7DR1FT,,,,,
Hisense,"Hisense Smart TV MiniLED 144Hz 75"" 4K 75U7SE | Dolby Atmos 2.1 By Devialet, Dolby Vision IQ, HDR10+, VIDAA OS, Alexa, lati...",https://www.amazon.it/dp/B0GKPMTBMC,75.0,929.0,929.0,EUR,929.0,Amazon,IT,2026-07-31T07:00:24Z,B0GKPMTBMC,,,,,
Hisense,"Hisense Smart TV RGB MiniLED 180Hz 85"" 4K 85UR9S | Schermo Anti-Riflesso, Dolby Atmos 4.1.2 By Devialet, Dolby Vision IQ, ...",https://www.amazon.it/dp/B0GR5Z4S73,85.0,2198.95,2198.95,EUR,2198.95,Amazon,IT,2026-07-31T07:00:24Z,B0GR5Z4S73,,,,,
Sony,"TV Sony BRAVIA 3Ⅱ65 pollici, Smart TV 4K (Google TV), processore XR con tecnologia AI, 120 Hz con Dolby Vision/Atmos, comp...",https://www.amazon.it/dp/B0GZPZZRWL,65.0,1219.0,1219.0,EUR,1219.0,Amazon,IT,2026-07-31T07:00:24Z,B0GZPZZRWL,,,,,
Sony,"Sony BRAVIA 2Ⅱ 55"", 4K Smart TV (Google TV), Processore X1,4K Upscaling, Televisione con Dolby Atmos e DTS:X, compatibile ...",https://www.amazon.it/dp/B0GZL1BLJ9,55.0,613.0,613.0,EUR,613.0,Amazon,IT,2026-07-31T07:00:24Z,B0GZL1BLJ9,,,,,
Sony,"TV Sony BRAVIA 3Ⅱ55 pollici, Smart TV 4K (Google TV), processore XR con tecnologia AI, 120 Hz con Dolby Vision/Atmos, comp...",https://www.amazon.it/dp/B0GZPV9JS8,55.0,969.0,969.0,EUR,969.0,Amazon,IT,2026-07-31T07:00:24Z,B0GZPV9JS8,,,,,
Sony,"Sony BRAVIA 7 II True RGB 65 Inch TV, 4K Smart TV (Google TV), RGB LED, XR Processor with AI Technology, 120hz Television ...",https://www.amazon.it/dp/B0H2JSJ8QM,65.0,2099.0,2099.0,EUR,2099.0,Amazon,IT,2026-07-31T07:00:24Z,B0H2JSJ8QM,,,,,
Sony,Sony BRAVIA 5 XR Mini LED 85 Pollici | Processore AI XR | Acoustic Multi-Audio | Dolby Vision/Atmos | IMAX Enhanced | Goog...,https://www.amazon.it/dp/B0F4KZW14B,85.0,1999.0,1999.0,EUR,1999.0,Amazon,IT,2026-07-31T07:00:24Z,B0F4KZW14B,,,,,
Samsung,"Cello C1926TZH Smart TV 19"" con Tizen OS di Samsung, Gaming Hub, altoparlanti Pitch Perfect, Bluetooth, triplo sintonizzat...",https://www.amazon.it/dp/B0GJLXCQPN,19.0,189.99,189.99,EUR,189.99,Amazon,IT,2026-07-31T07:00:24Z,B0GJLXCQPN,,,,,
Samsung,"Samsung QLED 4K Vision AI Smart TV 55'' QE55Q7F4AUXZT, Q4 Processor, 100% Volume Colore con Quantum Dot, Motion Xcelerato...",https://www.amazon.it/dp/B0F4TF52FV,55.0,431.68,431.68,EUR,431.68,Amazon,IT,2026-07-31T07:00:24Z,B0F4TF52FV,,,,,
Samsung,"Samsung QLED Q7F 4K Smart TV 55"" con visione AI, volume di colore 100% con Quantum Dot, HDR10+, processore Q4 AI, One UI T...",https://www.amazon.it/dp/B0FM8SY9ZK,55.0,,,,,Amazon,IT,2026-07-31T07:00:24Z,B0FM8SY9ZK,,,,,
Samsung,"SAMSUNG Q7F QE75Q7FAAU 190,5 cm (75"") 4K Ultra HD Smart TV Wi-Fi Nero [Versione Ungherese]",https://www.amazon.it/dp/B0FMRWNLRQ,75.0,704.15,704.15,EUR,704.15,Amazon,IT,2026-07-31T07:00:24Z,B0FMRWNLRQ,,,,,
Samsung,"Samsung Q7F QE75Q7FAAU 190,5 cm (75"") 4K Ultra HD Smart TV Wi-Fi Nero",https://www.amazon.it/dp/B0FHXBX2RN,75.0,,,,,Amazon,IT,2026-07-31T07:00:24Z,B0FHXBX2RN,,,,,
Samsung,"Samsung Vision AI Smart TV 65'' QE65S90FATXZT OLED 4K, NQ4 AI Gen3 Processor & 4K AI Upscaling, Motion Xcelerator 144 Hz, ...",https://www.amazon.it/dp/B0GV48BKN8,65.0,1296.59,1296.59,EUR,1296.59,Amazon,IT,2026-07-31T07:00:24Z,B0GV48BKN8,,,,,
Samsung,"Smart TV Samsung TQ75Q7F 75"" 4K Ultra HD HDR QLED [Versione Francese, Spagnola, Portoghese]",https://www.amazon.it/dp/B0F2FMVN12,75.0,864.81,864.81,EUR,864.81,Amazon,IT,2026-07-31T07:00:24Z,B0F2FMVN12,,,,,
LG,"LG NanoCell AI 65 Pollici, Serie NANO80 2025 Smart TV 4K - 65NANO80A6B | Processore α7 Gen8, WebOS con AI, Telecomando Pun...",https://www.amazon.it/dp/B0F5HYWHGJ,65.0,515.18,515.18,EUR,515.18,Amazon,IT,2026-07-31T07:00:24Z,B0F5HYWHGJ,,,,,
LG,"LG 50NANO81A6A - TV 50 Pollici, 4K, Smart TV, DVB-T2, Wi-Fi, HEVC/H.265, Classe energetica F",https://www.amazon.it/dp/B0FFH1X811,50.0,391.86,391.86,EUR,391.86,Amazon,IT,2026-07-31T07:00:24Z,B0FFH1X811,,,,,
LG,"Graetz TV 32"" Mod. GR32S1470 HD Smart WebOS ThinqAI HDR10 Bluetooth 5.0, LG Content Store DVBT T2 DVBS S2 DVBC Hotel",https://www.amazon.it/dp/B0D37QXZWC,32.0,140.98,140.98,EUR,140.98,Amazon,IT,2026-07-31T07:00:24Z,B0D37QXZWC,,,,,
LG,"LG UHD 55'', Serie UT73 2024, Smart TV 4K, 55UT73006LA, Processore α5 Gen7, 20W, 3 HDMI, HDR10 Pro, Filmmaker Mode, Game O...",https://www.amazon.it/dp/B0D4MLYBNT,55.0,386.1,386.1,EUR,386.1,Amazon,IT,2026-07-31T07:00:24Z,B0D4MLYBNT,,,,,
Hisense,"Hisense TV 65"" QLED 4K 2025 65E78Q, Smart TV VIDAA U8, Dolby Vision, HDR 10+, Game Mode Plus, Dolby Atmos, Alexa Built-in,...",https://www.amazon.it/dp/B0F1WB76Q2,65.0,469.0,469.0,EUR,469.0,Amazon,IT,2026-07-31T07:00:24Z,B0F1WB76Q2,,,,,
Hisense,"Hisense Smart TV QLED 144Hz 100"" 4K 100E7S PRO | Audio Dolby Atmos, VIDAA OS, Native 144Hz Game Mode, Dolby Vision IQ, HDR...",https://www.amazon.it/dp/B0GR6M9SS6,100.0,1399.0,1399.0,EUR,1399.0,Amazon,IT,2026-07-31T07:00:24Z,B0GR6M9SS6,,,,,
Hisense,"Hisense Smart TV QLED 55"" 4K 55A7S | Audio Dolby Atmos, Design Unibody Slim, VIDAA OS, Dolby Vision IQ, HDR 10+, BT, Wifi,...",https://www.amazon.it/dp/B0GSBJMYTB,55.0,399.0,399.0,EUR,399.0,Amazon,IT,2026-07-31T07:00:24Z,B0GSBJMYTB,,,,,
Sony,"SONY BRAVIA 3 K43S39BP Smart TV LED UHD 43"" 4K GOOGLE TV SAT DVB-T2, HEVC MAIN 10",https://www.amazon.it/dp/B0FPG6BWZ1,43.0,457.01,457.01,EUR,457.01,Amazon,IT,2026-07-31T07:00:24Z,B0FPG6BWZ1,,,,,
Hisense,"Hisense TV 58"" QLED 4K 2025 58E78Q, Smart TV VIDAA U8, Dolby Vision, HDR 10+, Game Mode Plus, Dolby Atmos, Alexa Built-in,...",https://www.amazon.it/dp/B0F1WJ32J8,58.0,379.0,379.0,EUR,379.0,Amazon,IT,2026-07-31T07:00:24Z,B0F1WJ32J8,,,,,
Hisense,"Hisense Smart TV 58"" 4K Ultra HD 2025 58E63QT, Smart TV VIDAA U8, Dolby Vision, HDR 10, Game Mode Plus, Alexa Built-in, VI...",https://www.amazon.it/dp/B0F1W3GJ1J,58.0,349.0,349.0,EUR,349.0,Amazon,IT,2026-07-31T07:00:24Z,B0F1W3GJ1J,,,,,
Samsung,"Samsung Neo QLED 4K QN80F 55"" Mini TV LED, processore NQ4 AI Gen2, Quantum Matrix Technology Slim, Motion Xcelerator 144H...",https://www.amazon.it/dp/B0FMY7DGWK,55.0,687.68,687.68,EUR,687.68,Amazon,IT,2026-07-31T07:00:24Z,B0FMY7DGWK,,,,,
Samsung,"Samsung Neo QLED 4K QN80F 65"" Mini TV LED, processore NQ4 AI Gen2, Quantum Matrix Technology Slim, Motion Xcelerator 144H...",https://www.amazon.it/dp/B0FMY8JRPW,65.0,914.3,914.3,EUR,914.3,Amazon,IT,2026-07-31T07:00:24Z,B0FMY8JRPW,,,,,
TCL,"TCL 75V6C – Smart TV 4K HDR Direct LED da 75"", Google TV con Dolby Audio | Game Master, Motion Clarity, Google Assistant, ...",https://www.amazon.it/dp/B0DV9L8KLJ,75.0,549.9,549.9,EUR,549.9,Amazon,IT,2026-07-31T07:00:24Z,B0DV9L8KLJ,,,,,
TCL,"TCL 75C8L – Smart TV SQD‑Mini LED 4K HDR10+ da 75"", 5.500nit | 2,584 Dimming Zones, Dolby Vision IQ & Atmos, 144Hz, ZeroBo...",https://www.amazon.it/dp/B0GTZSYZLM,75.0,1549.0,1549.0,EUR,1549.0,Amazon,IT,2026-07-31T07:00:24Z,B0GTZSYZLM,,,,,
TCL,"TCL QLED 65'' 65P69K smart tv 4K Ultra UHD, Dolby Audio, DVB-T2Hevc Main 10,Google Tv, 65 pollici, QLED 60HZ",https://www.amazon.it/dp/B0FMRX2CQV,65.0,437.08,437.08,EUR,437.08,Amazon,IT,2026-07-31T07:00:24Z,B0FMRX2CQV,,,,,
Hisense,"Hisense Smart TV MiniLED 144Hz 55"" 4K 55E8S | Dolby Atmos 2.1 By Devialet, Dolby Vision IQ, HDR10+, VIDAA OS, Alexa, lativ...",https://www.amazon.it/dp/B0GQDXNH3L,55.0,529.0,529.0,EUR,529.0,Amazon,IT,2026-07-31T07:00:24Z,B0GQDXNH3L,,,,,
Xiaomi,"XIAOMI TV F 55, 55 pollici (140 cm),4K UHD,Smart TV,Fire TV, Triple Tuner DVB-C/S/S2/T/T2,HDR10, MEMC, Modalità Game Boost...",https://www.amazon.it/dp/B0F457G5QG,55.0,349.0,349.0,EUR,349.0,Amazon,IT,2026-07-31T07:00:24Z,B0F457G5QG,,,,,
Hisense,"Hisense Smart TV 55"" 4K Ultra HD 55E6ST | DTS Virtual X, VIDAA OS con 1000+ APP, HDR 10+, Game Mode Plus, Bluetooth, Wifi,...",https://www.amazon.it/dp/B0GM1HHYWS,55.0,349.0,349.0,EUR,349.0,Amazon,IT,2026-07-31T07:00:24Z,B0GM1HHYWS,,,,,
Xiaomi,"XIAOMI TV F Pro 55, 55 pollici (140 cm),4K UHD QLED,Smart TV, Fire TV,Triple Tuner DVB-C/S/S2/T/T2, HDR10+, Modalità Game ...",https://www.amazon.it/dp/B0F44W5HQH,55.0,449.0,449.0,EUR,449.0,Amazon,IT,2026-07-31T07:00:24Z,B0F44W5HQH,,,,,
Samsung,"Samsung Neo QLED QN900F 65"" 8K Neo QLED TV, 7680 x 4320 Pixel, 165 Hz, AirSlim Design, NQ4 AI Gen2, Mini LED, HDR10+, Quan...",https://www.amazon.it/dp/B0FND5LVPL,65.0,,,,,Amazon,IT,2026-07-31T07:00:24Z,B0FND5LVPL,,,,,
LG,"LG 50UA74006LB - TV 50 Pollici, Smart TV, DVB-T2, HEVC/H.265, 4K, LED, Classe energetica F",https://www.amazon.it/dp/B0G1ZB1LY3,50.0,318.94,318.94,EUR,318.94,Amazon,IT,2026-07-31T07:00:24Z,B0G1ZB1LY3,,,,,
TCL,"TCL 43P7K 43” QLED 4K HDR TV, Google TV, Smart TV(Dolby Vision & Atmos, Game Master, Motion clarity) | Dolby Vision & Atmo...",https://www.amazon.it/dp/B0F8VZHXJM,43.0,,,,,Amazon,IT,2026-07-31T07:00:24Z,B0F8VZHXJM,,,,,
TCL,"TCL 50Q6C 50"" QD-Mini LED SMART TV, 4K HDR Premium 1000nits, with Google TV Technology (Dolby Vision IQ & Atmos, Onkyo 2.1...",https://www.amazon.it/dp/B0FQNYVVWK,50.0,498.78,498.78,EUR,498.78,Amazon,IT,2026-07-31T07:00:24Z,B0FQNYVVWK,,,,,
Samsung,"Samsung OLED 4K Vision AI Smart TV 83'' QE83S95FAEXZT, NQ4 AI Gen4 Processor,AI Upscaling, Glare Free, Dolby Atmos & OTS+,...",https://www.amazon.it/dp/B0F7LJGKGX,83.0,3799.0,3799.0,EUR,3799.0,Amazon,IT,2026-07-31T07:00:24Z,B0F7LJGKGX,,,,,
TCL,"TCL 65Q7D Pro – Smart TV SQD‑Mini LED 4K HDR10+ da 65"", 2.000nit | 646 Dimming Zones, Dolby Vision IQ & Atmos, Onkyo 2.1 S...",https://www.amazon.it/dp/B0GXKSZKLT,65.0,999.9,999.9,EUR,999.9,Amazon,IT,2026-07-31T07:00:24Z,B0GXKSZKLT,,,,,
LG,"LG OLED evo AI 65 Pollici, Serie C6 2026 Smart TV 4K - OLED65C64LA | Brightness Booster, CPU α11 Gen3, AI Engine, Dolby Vi...",https://www.amazon.it/dp/B0GWN36S8N,65.0,1998.0,1998.0,EUR,1998.0,Amazon,IT,2026-07-31T07:00:24Z,B0GWN36S8N,,,,,
Samsung,"Samsung QLED 4K Vision AI Smart TV 65'' QE65Q7F4AUXZT, Q4 Processor, 100% Volume Colore con Quantum Dot, Motion Xcelerato...",https://www.amazon.it/dp/B0F4T23RSZ,65.0,599.0,599.0,EUR,599.0,Amazon,IT,2026-07-31T07:00:24Z,B0F4T23RSZ,,,,,
Samsung,"Samsung Neo QLED 4K QN70F 65"" Mini TV LED, processore NQ4 AI Gen2, Quantum Matrix Technology Slim, Motion Xcelerator 144H...",https://www.amazon.it/dp/B0FHXPNHGR,65.0,865.48,865.48,EUR,865.48,Amazon,IT,2026-07-31T07:00:24Z,B0FHXPNHGR,,,,,
LG,"LG OLED evo AI 55 Pollici, Serie G6S 2026 Smart TV 4K - OLED55G66LS | Base da Appoggio, Hyper Radiant Color, Reflection Fr...",https://www.amazon.it/dp/B0GWMTXL1G,55.0,1754.0,1754.0,EUR,1754.0,Amazon,IT,2026-07-31T07:00:24Z,B0GWMTXL1G,,,,,
TCL,"TCL 55T8C – Smart TV QLED 4K HDR10+ da 55"", pensato per il gaming, 144Hz VRR",https://www.amazon.it/dp/B0DV9JP49P,55.0,,,,,Amazon,IT,2026-07-31T07:00:24Z,B0DV9JP49P,,,,,
TCL,"TCL 65Q10B, TV Mini LED 65”, pannello QLED 144Hz, 4K Ultra HD, Google TV (Dolby Vision & Atmos, audio ONKYO 2.1.2, Control...",https://www.amazon.it/dp/B0CY4ZLYFD,65.0,1554.1,1554.1,EUR,1554.1,Amazon,IT,2026-07-31T07:00:24Z,B0CY4ZLYFD,,,,,
Samsung,Samsung QE65QN70HAUXZT - Tv 65 Pollici Smart Tv 4K Led DVB-T2 Wifi Nero Classe Energetica E,https://www.amazon.it/dp/B0H338YNN1,65.0,,,,,Amazon,IT,2026-07-31T07:00:24Z,B0H338YNN1,,,,,
LG,"LG OLED AI 48 Pollici, Serie B6E 2026 Smart TV 4K - OLED48B6ELC | Nero Perfetto, Dolby Vision & Atmos, Processore α8 Gen3, AI Magic Remote, WebOS con Gemini, VRR, G-Sync 4K@120Hz",https://www.amazon.it/dp/B0GWN31T13,48.0,899.0,899.0,EUR,899.0,Amazon,IT,2026-07-31T07:00:24Z,B0GWN31T13,,,,,
TCL,"TCL 75X11L – Smart TV SQD‑Mini LED 4K HDR10+ da 75"", 9.000nit | 10,520 Dimming Zones, Dolby Vision IQ & Atmos, 144Hz VRR, ZeroBorder Design, Audio by Bang & Olufsen",https://www.amazon.it/dp/B0GV3VXQB8,75.0,3562.94,3562.94,EUR,3562.94,Amazon,IT,2026-07-31T07:00:24Z,B0GV3VXQB8,,,,,
Hisense,"Hisense Smart TV QLED 50"" 4K 50A7S | Audio Dolby Atmos, Design Unibody Slim, VIDAA OS, Dolby Vision IQ, HDR 10+, BT, Wifi, Alexa, AirPlay2, lativù 4K, 2026 Model",https://www.amazon.it/dp/B0GSBQDY7T,50.0,379.0,379.0,EUR,379.0,Amazon,IT,2026-07-31T07:00:24Z,B0GSBQDY7T,,,,,
Sony,Sony BRAVIA 5 - XR|Mini LED| Processore AI XR | Acoustic Multi-Audio | Dolby Vision/Atmos | IMAX Enhanced | Google TV (2025)|Google Cast | Apple AirPlay 2| Eco Dashboard 2 |Menu di gioco 2-55pollici,https://www.amazon.it/dp/B0F4KYR4RT,55.0,1199.0,1199.0,EUR,1199.0,Amazon,IT,2026-07-31T07:00:24Z,B0F4KYR4RT,,,,,
Samsung,Samsung QE75QN70HAUXZT - Tv 75 Pollici Smart Tv 4K Neo QLed Wifi DVB-T2 Nero Classe Energetica E,https://www.amazon.it/dp/B0H339ZNCK,75.0,,,,,Amazon,IT,2026-07-31T07:00:24Z,B0H339ZNCK,,,,,
LG,LG OLED55B6ELC - TV 55 Pollici Smart TV 4K OLED DVB-T2 Wifi Classe Energetica F,https://www.amazon.it/dp/B0H1MYJ1L9,55.0,967.81,967.81,EUR,967.81,Amazon,IT,2026-07-31T07:00:24Z,B0H1MYJ1L9,,,,,
TCL,"TCL 85X11L – Smart TV SQD‑Mini LED 4K HDR10+ da 85"", 10.000nit | 14,400 Dimming Zones, Dolby Vision IQ & Atmos, 144Hz VRR, ZeroBorder Design, Audio by Bang & Olufsen",https://www.amazon.it/dp/B0GV4DDPZD,85.0,5581.99,5581.99,EUR,5581.99,Amazon,IT,2026-07-31T07:00:24Z,B0GV4DDPZD,,,,,
Hisense,"Hisense Smart TV MiniLED 144Hz 85"" 4K 85E8S | Dolby Atmos 2.1 By Devialet, Dolby Vision IQ, HDR10+, VIDAA OS, Alexa, lativù 4K, Wifi, BT, Airplay2, 2026 Model",https://www.amazon.it/dp/B0GQDDL8D7,85.0,1199.0,1199.0,EUR,1199.0,Amazon,IT,2026-07-31T07:00:24Z,B0GQDDL8D7,,,,,
Sony,Sony BRAVIA 5 - XR|Mini LED| Processore AI XR | Acoustic Multi-Audio | Dolby Vision/Atmos | IMAX Enhanced | Google TV (2025) |Google Cast| Apple AirPlay 2|Eco Dashboard 2|Menu di gioco 2-98pollici,https://www.amazon.it/dp/B0F7R8NY37,98.0,4699.0,4699.0,EUR,4699.0,Amazon,IT,2026-07-31T07:00:24Z,B0F7R8NY37,,,,,
Samsung,"Samsung Smart TV 65"" QE65S95HATXZT OLED 4K Glare Free, HDR 10+, Motion Xcelerator 165Hz, Dolby Atmos, FreeSync Premium Pro, Voice Control with AI(VAC), Alexa Built-in, PACCHETTO INTRATTENIMENTO, 2026",https://www.amazon.it/dp/B0GWN8HDRP,65.0,2799.0,2799.0,EUR,2799.0,Amazon,IT,2026-07-31T07:00:24Z,B0GWN8HDRP,,,,,
LG,"LG OLED AI 55 Pollici, Serie B6E 2026 Smart TV 4K - OLED55B6ELC | Nero Perfetto, Dolby Vision & Atmos, Processore α8 Gen3, AI Magic Remote, WebOS con Gemini, VRR, G-Sync 4K@120Hz",https://www.amazon.it/dp/B0GWMV9TRX,55.0,1499.0,1499.0,EUR,1499.0,Amazon,IT,2026-07-31T07:00:24Z,B0GWMV9TRX,,,,,
TCL,"TCL 98X11L – Smart TV SQD‑Mini LED 4K HDR10+ da 98"", 10.000nit | 20,736 Dimming Zones, Dolby Vision IQ & Atmos, 144Hz VRR, ZeroBorder Design, Audio by Bang & Olufsen",https://www.amazon.it/dp/B0GV4GKQR9,98.0,8999.0,8999.0,EUR,8999.0,Amazon,IT,2026-07-31T07:00:24Z,B0GV4GKQR9,,,,,
Hisense,"Hisense Smart TV RGB MiniLED 180Hz 100"" 4K 100UR8S | Schermo Anti-Riflesso, Dolby Atmos 2.1.2 By Devialet, Dolby Vision IQ, IMAX, VIDAA OS, Wifi 6E, BT, Airplay2, 2026 Model",https://www.amazon.it/dp/B0GX9LY7QD,100.0,3199.0,3199.0,EUR,3199.0,Amazon,IT,2026-07-31T07:00:24Z,B0GX9LY7QD,,,,,
Sony,"Sony BRAVIA 9 QLED (XR l Mini LED) 75 Pollici 4K HDR Google Smart TV | Gaming Menu per PlayStation 5, IMAX Enhanced, Dolby Vision Atmos, Chromecast, AirPlay, 120Hz 75XR90",https://www.amazon.it/dp/B0D1VYFB2C,75.0,,,,,Amazon,IT,2026-07-31T07:00:24Z,B0D1VYFB2C,,,,,
Samsung,"Samsung Smart TV 77"" QE77S95HATXZT OLED 4K Glare Free, HDR 10+, Motion Xcelerator 165Hz, Dolby Atmos, FreeSync Premium Pro, Voice Control with AI(VAC), Alexa Built-in, PACCHETTO INTRATTENIMENTO, 2026",https://www.amazon.it/dp/B0GWN676D1,77.0,,,,,Amazon,IT,2026-07-31T07:00:24Z,B0GWN676D1,,,,,
LG,"LG OLED AI 77 Pollici, Serie B6E 2026 Smart TV 4K - OLED77B6ELC | Nero Perfetto, Dolby Vision & Atmos, Processore ̑8 Gen3, AI Magic Remote, WebOS, Gemini, VRR, G-Sync 4K@120Hz",https://www.amazon.it/dp/B0GWMW9BM4,77.0,2999.0,2999.0,EUR,2999.0,Amazon,IT,2026-07-31T07:00:24Z,B0GWMW9BM4,,,,,
TCL,"TCL 85C8L – Smart TV SQD‑Mini LED 4K HDR10+ da 85"", 6.000nit | 3,200 Dimming Zones, Dolby Vision IQ & Atmos, 144Hz, ZeroBorder Design, Audio by Bang & Olufsen",https://www.amazon.it/dp/B0GTZRP159,85.0,2344.99,2344.99,EUR,2344.99,Amazon,IT,2026-07-31T07:00:24Z,B0GTZRP159,,,,,
Hisense,"Hisense Smart TV RGB MiniLED 170Hz 65"" 4K 65UR9S | Schermo Anti-Riflesso, Dolby Atmos 4.1.2 By Devialet, Dolby Vision IQ, IMAX, VIDAA OS, USB-C,Wifi 6, BT, Airplay2, 2026 Model",https://www.amazon.it/dp/B0GR6VCJL6,65.0,1342.39,1342.39,EUR,1342.39,Amazon,IT,2026-07-31T07:00:24Z,B0GR6VCJL6,,,,,
Sony,"Sony BRAVIA 9 QLED (XR l Mini LED) 85 Pollici 4K HDR Google Smart TV | Gaming Menu per PlayStation 5, IMAX Enhanced, Dolby Vision Atmos, Chromecast, AirPlay, 120Hz 85XR90",https://www.amazon.it/dp/B0D1VVT6GJ,85.0,,,,,Amazon,IT,2026-07-31T07:00:24Z,B0D1VVT6GJ,,,,,
Samsung,"Samsung Smart TV 55"" QE55S99HAEXZT OLED 4K Glare Free, HDR 10+, Motion Xcelerator 165Hz, Dolby Atmos, Gaming Hub, G-Sync, Voice Control with AI(VAC), Alexa Built-in, PACCHETTO INTRATTENIMENTO, 2026",https://www.amazon.it/dp/B0GWN8GKF6,55.0,,,,,Amazon,IT,2026-07-31T07:00:24Z,B0GWN8GKF6,,,,,
LG,"LG OLED evo AI 48 Pollici, Serie C6 2026 Smart TV 4K - OLED48C64LA | Brightness Booster, Processore α11 Gen3, Dual AI Engine, Dolby Vision & Atmos, AI Magic Remote, VRR/G-Sync 165Hz",https://www.amazon.it/dp/B0GWNBTJVT,48.0,1499.0,1499.0,EUR,1499.0,Amazon,IT,2026-07-31T07:00:24Z,B0GWNBTJVT,,,,,
TCL,"TCL 98C8L – Smart TV SQD‑Mini LED 4K HDR10+ da 98"", 6.000nit | 4,032 Dimming Zones, Dolby Vision IQ & Atmos, 144Hz, ZeroBorder Design, Audio by Bang & Olufsen",https://www.amazon.it/dp/B0GTZQ77RW,98.0,3799.0,3799.0,EUR,3799.0,Amazon,IT,2026-07-31T07:00:24Z,B0GTZQ77RW,,,,,
Hisense,"Hisense Smart TV 65"" 4K Ultra HD 2025 65A6Q, Smart TV VIDAA U8, Dolby Vision, HDR 10, Game Mode Plus, Alexa Built-in, VIDAA Voice, Tuner DVB-T2/S2 HEVC 10, lativù 4K, 65'', 2025 LED",https://www.amazon.it/dp/B0F4DCJ7K6,65.0,,,,,Amazon,IT,2026-07-31T07:00:24Z,B0F4DCJ7K6,,,,,
Sony,"Sony BRAVIA 8 OLED 77 Pollici 4K HDR Google Smart TV (2024) | Gaming Menu per PlayStation 5, IMAX Enhanced, Dolby Vision Atmos, Chromecast, AirPlay, 120Hz 77XR80",https://www.amazon.it/dp/B0D1VV32HH,77.0,2799.0,2799.0,EUR,2799.0,Amazon,IT,2026-07-31T07:00:24Z,B0D1VV32HH,,,,,
Samsung,"Samsung Smart TV 65"" QE65S99HAEXZT OLED 4K Glare Free, HDR 10+, Motion Xcelerator 165Hz, Dolby Atmos, Gaming Hub, G-Sync, Voice Control with AI(VAC), Alexa Built-in, PACCHETTO INTRATTENIMENTO, 2026",https://www.amazon.it/dp/B0GWN8VWTQ,65.0,,,,,Amazon,IT,2026-07-31T07:00:24Z,B0GWN8VWTQ,,,,,
LG,"LG OLED evo AI 55 Pollici, Serie C6 2026 Smart TV 4K - OLED55C64LA | Brightness Booster, Processore α11 Gen3, Dual AI Engine, Dolby Vision & Atmos, AI Magic Remote, Gemini, 165Hz VRR",https://www.amazon.it/dp/B0GWN8FYTQ,55.0,1449.0,1449.0,EUR,1449.0,Amazon,IT,2026-07-31T07:00:24Z,B0GWN8FYTQ,,,,,
TCL,"TCL 50P7K 50” QLED,4K HDR TV, Google TV, Smart TV((Dolby Vision & Atmos, Game Master, Motion clarity) | Dolby Vision & Atmos, Motion Clarity, Google Assistant, Compatible with Alexa, Voice Control",https://www.amazon.it/dp/B0F9FMTPH8,50.0,,,,,Amazon,IT,2026-07-31T07:00:24Z,B0F9FMTPH8,,,,,
Hisense,"Hisense Smart TV 75"" 4K Ultra HD 2025 75A6Q, Smart TV VIDAA U8, Dolby Vision, HDR 10, Game Mode Plus, Alexa Built-in, VIDAA Voice, Tuner DVB-T2/S2 HEVC 10, lativù 4K, 75'', 2025 LED",https://www.amazon.it/dp/B0F4DBKHJC,75.0,,,,,Amazon,IT,2026-07-31T07:00:24Z,B0F4DBKHJC,,,,,
Samsung,"Samsung QLED 4K Vision AI Smart TV 50'' QE50Q8FAAUXZT, Q8F, Q4 AI Processor, 4K Upscaling, OTS Lite, Air Slim Design, 100% di Volume Colore con Quantum Dot, PACCHETTO INTRATTENIMENTO, 2025",https://www.amazon.it/dp/B0F7LLDNVC,50.0,,,,,Amazon,IT,2026-07-31T07:00:24Z,B0F7LLDNVC,,,,,
LG,"LG OLED evo AI 83 Pollici, Serie C6 2026 Smart TV 4K - OLED83C66LB | Hyper Radiant Color, Reflection Free Premium, Processore α11 Gen3, Dual AI Engine, Dolby Vision & Atmos, VRR, G-Sync 4K@165Hz",https://www.amazon.it/dp/B0GWMZ8X4W,83.0,3975.0,3975.0,EUR,3975.0,Amazon,IT,2026-07-31T07:00:24Z,B0GWMZ8X4W,,,,,
TCL,"TCL 55P7K 55” QLED 4K HDR TV, Google TV, Smart TV (Dolby Vision & Atmos, Game Master, Motion clarity) | Dolby Vision & Atmos, Motion Clarity, Google Assistant, Compatible with Alexa, Voice Control",https://www.amazon.it/dp/B0F99Z7M9M,55.0,,,,,Amazon,IT,2026-07-31T07:00:24Z,B0F99Z7M9M,,,,,
Hisense,"Hisense Smart TV QLED 144Hz 43"" 4K 43E7S PRO | Audio Dolby Atmos, VIDAA OS, Native 144Hz Game Mode, Dolby Vision IQ, HDR 10+, AirPlay2, Alexa, lativù 4K, 2026 Model",https://www.amazon.it/dp/B0GR5RW1P2,43.0,389.0,389.0,EUR,389.0,Amazon,IT,2026-07-31T07:00:24Z,B0GR5RW1P2,,,,,
Samsung,"Samsung QLED 4K Vision AI Smart TV 75'' QE75Q8FAAUXZT, Q8F, Q4 AI Processor, 4K Upscaling, OTS Lite, Air Slim Design, 100% di Volume Colore con Quantum Dot, PACCHETTO INTRATTENIMENTO, 2025",https://www.amazon.it/dp/B0F7LLL31Z,75.0,,,,,Amazon,IT,2026-07-31T07:00:24Z,B0F7LLL31Z,,,,,
LG,"LG QNED evo AI MiniLED 43 Pollici, Serie QNED86B 2026 Smart TV 4K - 43QNED86B6B",https://www.amazon.it/dp/B0GWN3FKJZ,43.0,538.53,538.53,EUR,538.53,Amazon,IT,2026-07-31T07:00:24Z,B0GWN3FKJZ,,,,,
TCL,"TCL 75P7K 75” QLED 4K HDR TV, Google TV, Smart TV (Dolby Vision & Atmos, Game Master, Motion clarity) | Dolby Vision & Atmos, Motion Clarity, Google Assistant, Compatible with Alexa, Voice Control",https://www.amazon.it/dp/B0F9FNDBN7,75.0,,,,,Amazon,IT,2026-07-31T07:00:24Z,B0F9FNDBN7,,,,,
Hisense,"Hisense Smart TV QLED 144Hz 55"" 4K 55E7S PRO | Audio Dolby Atmos, VIDAA OS, Native 144Hz Game Mode, Dolby Vision IQ, HDR 10+, AirPlay2, Alexa, lativù 4K, 2026 Model",https://www.amazon.it/dp/B0GR7DTKP8,55.0,499.0,499.0,EUR,499.0,Amazon,IT,2026-07-31T07:00:24Z,B0GR7DTKP8,,,,,
Samsung,"Samsung QLED Q8F 4K Smart TV 75"" con visione AI, volume 100% di colore con Quantum Dot, HDR10+, processore Q4 AI, One UI Tizen, Wi-Fi, Bluetooth 5.3 e Motion Xcelerator [Versione Ungherese]",https://www.amazon.it/dp/B0FHXMLHHK,75.0,,,,,Amazon,IT,2026-07-31T07:00:24Z,B0FHXMLHHK,,,,,
LG,"LG QNED evo AI MiniLED 50 Pollici, Serie QNED86B 2026 Smart TV 4K - 50QNED86B6B",https://www.amazon.it/dp/B0GWN8KYY3,50.0,629.29,629.29,EUR,629.29,Amazon,IT,2026-07-31T07:00:24Z,B0GWN8KYY3,,,,,
TCL,"TCL 85P7K 85” QLED 4K HDR TV, Google TV, Smart TV (Dolby Vision & Atmos, Game Master, Motion clarity, Sistema audio Onkyo 2.1) | Dolby Vision & Atmos, Onkyo 2.1 Sound, Motion Clarity, Google Assistant, Compatible with Alexa",https://www.amazon.it/dp/B0FPQM3QJC,85.0,,,,,Amazon,IT,2026-07-31T07:00:24Z,B0FPQM3QJC,,,,,
LG,"LG QNED AI 50 Pollici, Serie QNED80 2025 Smart TV 4K - 50QNED80A6A | Processore α7 Gen8, Dynamic QNED Color, Design Super Slim, WebOS con AI, Telecomando Puntatore AI, Gaming con VRR 4K@60Hz",https://www.amazon.it/dp/B0F553BQZJ,50.0,399.0,399.0,EUR,399.0,Amazon,IT,2026-07-31T07:00:24Z,B0F553BQZJ,,,,,
LG,"LG QNED AI 65 Pollici, Serie QNED80 2025 Smart TV 4K - 65QNED80A6A | Processore α7 Gen8, Dynamic QNED Color, Design Super Slim, WebOS con AI, Telecomando Puntatore AI, Gaming con VRR 4K@60Hz",https://www.amazon.it/dp/B0F55CS2J9,65.0,,,,,Amazon,IT,2026-07-31T07:00:24Z,B0F55CS2J9,,,,,
Xiaomi,"XIAOMI TV F 50, 50 pollici (127 cm), 4K UHD, Smart TV, Fire TV, Triple Tuner DVB-C/S/S2/T/T2,HDR10, MEMC, Modalità Game Boost 120Hz, Controllo Vocale Alexa, 2GB+32GB, Compatibile con AirPlay",https://www.amazon.it/dp/B0F45BXJ1C,50.0,299.0,299.0,EUR,299.0,Amazon,IT,2026-07-31T07:00:24Z,B0F45BXJ1C,,,,,
Xiaomi,"XIAOMI TV F 43 pollici (109 cm), HD Smart TV Fire TV Dolby Audio L43MB-FAEU | Triple Tuner DVB-C/S/S2/T/T2,HDR10, MEMC, Alexa Voice Control, 2GB+32GB, Compatible with Apple AirPlay",https://www.amazon.it/dp/B0F44MCCL3,43.0,,,,,Amazon,IT,2026-07-31T07:00:24Z,B0F44MCCL3,,,,,
Samsung,"Samsung Smart TV 85'' QE85Q8FAAUXZT QLED 4K, Q4 AI Processor, 4K Upscaling, OTS Lite, Air Slim Design, 2025",https://www.amazon.it/dp/B0F7LKKW3T,85.0,,,,,Amazon,IT,2026-07-31T07:00:24Z,B0F7LKKW3T,,,,,
Samsung,"Samsung QLED 4K Vision AI Smart TV 55'' QE55Q8FAAUXZT, Q8F, Q4 AI Processor, 4K Upscaling, OTS Lite, Air Slim Design, 100% di Volume Colore con Quantum Dot, PACCHETTO INTRATTENIMENTO, 2025",https://www.amazon.it/dp/B0F7LM9L5B,55.0,,,,,Amazon,IT,2026-07-31T07:00:24Z,B0F7LM9L5B,,,,,
LG,"LG OLED evo AI 83 Pollici, Serie C5 2025 Smart TV 4K - OLED83C54LA | Processore α9 Gen8, Brightness Booster, WebOS con AI, Dolby Vision e Atmos, Gaming con VRR e GSYNC 4K@144Hz",https://www.amazon.it/dp/B0F44FFV4W,83.0,2864.94,2864.94,EUR,2864.94,Amazon,IT,2026-07-31T07:00:24Z,B0F44FFV4W,,,,,
LG,"LG OLED evo AI 48 Pollici, Serie C5 2025 Smart TV 4K - OLED48C56LB | Processore α9 Gen8, WebOS con AI, Dolby Vision & Atmos, Gaming con VRR e GSYNC 4K@144Hz, 4 HDMI 2.1, Alexa",https://www.amazon.it/dp/B0F6VCDV58,48.0,,,,,Amazon,IT,2026-07-31T07:00:24Z,B0F6VCDV58,,,,,
LG,"LG OLED evo AI 65 Pollici, Serie C5 2025 Smart TV 4K - OLED65C56LB | Processore α9 Gen8, Brightness Booster, WebOS con AI, Dolby Vision & Atmos, Gaming con VRR e G-Sync 4K@144Hz",https://www.amazon.it/dp/B0F7HP7FSH,65.0,,,,,Amazon,IT,2026-07-31T07:00:24Z,B0F7HP7FSH,,,,,
Panasonic,"Panasonic TB-32S40AEZC, 32 pollici televisore LED HD, TiVo | Controllo Vocale Google e Alexa, Game Mode, Media Player, HDR, HDMI, WLAN, Smart TV, Serie S40",https://www.amazon.it/dp/B0H2MPMR8R,32.0,169.0,169.0,EUR,169.0,Amazon,IT,2026-07-31T07:00:24Z,B0H2MPMR8R,,,,,
Xiaomi,"XIAOMI TV F Pro 43,43 pollici (101 cm), 4K UHD QLED,Smart TV, Fire TV, Triple Tuner DVB-C/S/S2/T/T2,HDR10+, MEMC, Controllo Vocale Alexa, 2GB+32GB, Compatibile con Apple AirPlay",https://www.amazon.it/dp/B0F454D76T,43.0,269.0,269.0,EUR,269.0,Amazon,IT,2026-07-31T07:00:24Z,B0F454D76T,,,,,
Xiaomi,"XIAOMI TV F Pro 50, 50 pollici (127 cm), 4K UHD QLED, Smart TV, Fire TV, Triple Tuner DVB-C/S/S2/T/T2, HDR10, Modalità Game Boost 120Hz,MEMC,Controllo Vocale Alexa,2GB+32GB,Compatibile con AirPlay",https://www.amazon.it/dp/B0F45835F8,50.0,399.0,399.0,EUR,399.0,Amazon,IT,2026-07-31T07:00:24Z,B0F45835F8,,,,,
Xiaomi,"XIAOMI TV F Pro 65,65 pollici (165 cm),4K UHD QLED,Smart TV, Fire TV, Triple Tuner DVB-C/S/S2/T/T2, HDR10+, Modalità Game Boost 120Hz, MEMC, Controllo Vocale Alexa, 2GB+32GB, Compatibile con AirPlay",https://www.amazon.it/dp/B0F454CH49,65.0,449.0,449.0,EUR,449.0,Amazon,IT,2026-07-31T07:00:24Z,B0F454CH49,,,,,
Xiaomi,"XIAOMI TV F Pro 75,75 pollici (190 cm),4K UHD QLED,Smart TV,Fire TV, Triple Tuner DVB-C/S/S2/T/T2,HDR10+, Modalità Game Boost 120Hz, MEMC, Controllo Vocale Alexa,2GB+32GB, Compatibile con AirPlay",https://www.amazon.it/dp/B0F45BLD1H,75.0,549.0,549.0,EUR,549.0,Amazon,IT,2026-07-31T07:00:24Z,B0F45BLD1H,,,,,
Samsung,"Samsung QLED Q8F 4K Smart TV 65"" con visione AI, volume 100% di colore con Quantum Dot, HDR10+, processore Q4 AI, One UI Tizen, Wi-Fi, Bluetooth 5.3 e Motion Xcelerator [Versione Ungherese]",https://www.amazon.it/dp/B0FMS1KLC8,65.0,606.09,606.09,EUR,606.09,Amazon,IT,2026-07-31T07:00:24Z,B0FMS1KLC8,,,,,
Samsung,"TV QLED 85"" QE85Q7FAAUXXH ULTRA HD 4K SMART TV WIFI DVB-T2",https://www.amazon.it/dp/B0FHWYQQCX,85.0,1067.25,1067.25,EUR,1067.25,Amazon,IT,2026-07-31T07:00:24Z,B0FHWYQQCX,,,,,
LG,"LG webOS UHD AI UA75 TV 50 pollici, Smart TV 4K Ultra HD, Processore α7 Gen8, webOS con AI, Filmmaker mode, HDR10, Gaming con VRR 4K@60Hz, Game Optimizer, Wi-Fi, 50UA75006LA 2025",https://www.amazon.it/dp/B0F6VCCB6V,50.0,,,,,Amazon,IT,2026-07-31T07:00:24Z,B0F6VCCB6V,,,,,
LG,"LG UHD AI 75 Pollici, Serie UA75 2025 Smart TV 4K Ultra HD - 75UA75006LA | Processore α7 Gen8, WebOS con AI, Filmmaker Mode, HDR10, Gaming VRR 4K@60Hz, Game Optimizer, Wi-Fi",https://www.amazon.it/dp/B0F565WRPV,75.0,667.0,667.0,EUR,667.0,Amazon,IT,2026-07-31T07:00:24Z,B0F565WRPV,,,,,
LG,"LG UHD AI 86 Pollici, Serie UA75 2025 Smart TV 4K Ultra HD - 86UA75006LA | Processore α7 Gen8, WebOS con AI, Filmmaker Mode, HDR10, Gaming con VRR 4K@60Hz, Game Optimizer, Wi-Fi",https://www.amazon.it/dp/B0F55P3N3M,86.0,,,,,Amazon,IT,2026-07-31T07:00:24Z,B0F55P3N3M,,,,,
TCL,"TCL 75P8K – Smart TV QLED 4K HDR10+ da 75"", Google TV con audio Onkyo 2.1 | FreeSync, Dolby Vision & Atmos, 144Hz Motion Clarity Pro, Google Cast, Voice Control",https://www.amazon.it/dp/B0F8J383MC,75.0,649.9,649.9,EUR,649.9,Amazon,IT,2026-07-31T07:00:24Z,B0F8J383MC,,,,,
TCL,"TCL 85P8K – Smart TV QLED 4K HDR10+ da 85"", Google TV con audio Onkyo 2.1 | FreeSync, Dolby Vision & Atmos, 144Hz Motion Clarity Pro, Google Cast, Voice Control",https://www.amazon.it/dp/B0F7RVYVDT,85.0,,,,,Amazon,IT,2026-07-31T07:00:24Z,B0F7RVYVDT,,,,,
TCL,"TCL 98P8K – Smart TV QLED 4K HDR10+ da 98"", Google TV con audio Onkyo 2.1 | FreeSync Premium, Dolby Vision & Atmos, 144Hz Motion Clarity Pro, Google Cast, Voice Control",https://www.amazon.it/dp/B0F7RW2JX3,98.0,,,,,Amazon,IT,2026-07-31T07:00:24Z,B0F7RW2JX3,,,,,
TCL,"TCL 43C641, TV QLED 43”, 4K Ultra HD, Google TV (Dolby Vision & Atmos, Motion clarity, Controllo vocale hands-free, compatibile con Google assistant & Alexa)",https://www.amazon.it/dp/B0BY2C7PLQ,43.0,,,,,Amazon,IT,2026-07-31T07:00:24Z,B0BY2C7PLQ,,,,,
TCL,"TCL 50C641, TV QLED 50”, 4K Ultra HD, Google TV (Dolby Vision & Atmos, Motion clarity, Controllo vocale hands-free, compatibile con Google assistant & Alexa)",https://www.amazon.it/dp/B0BY2FH7RF,50.0,,,,,Amazon,IT,2026-07-31T07:00:24Z,B0BY2FH7RF,,,,,
TCL,"TCL 55T8D – Smart TV QD‑Mini LED 4K HDR10+ da 55"", pensato per il gaming, 144Hz VRR | FreeSync Premium, Game Master, Dolby Vision, HDR10+, Dolby Atmos, Apple AirPlay 2, Google Cast, Google Assistant",https://www.amazon.it/dp/B0GR9JWH4T,55.0,549.0,549.0,EUR,549.0,Amazon,IT,2026-07-31T07:00:24Z,B0GR9JWH4T,,,,,
TCL,"TCL 55T7B, TV QLED 55”, 4K Ultra HD, Google TV (Dolby Vision & Atmos, Controllo vocale hands-free, compatibile con Google assistant & Alexa), Brushed titanium metal front",https://www.amazon.it/dp/B0CXTPSW7M,55.0,,,,,Amazon,IT,2026-07-31T07:00:24Z,B0CXTPSW7M,,,,,
Hisense,"Hisense TV 85"" Mini-LED 165Hz 4K 2025 85U8Q, Octagonal Stand, Dolby Atmos Multi-Channel Surround 4.1.2, Smart TV VIDAA U9 con 1000+APP, Dolby Vision IQ, HDR 10+, 165Hz Game Mode Ultra, Alexa Built-in",https://www.amazon.it/dp/B0F1W5Z9FW,85.0,,,,,Amazon,IT,2026-07-31T07:00:24Z,B0F1W5Z9FW,,,,,
Samsung,"Samsung TV QE43Q65CAUXZT QLED 4K, Smart TV 43"" Processore Quantum 4K Lite, 100% volume colore con Quantum Dot, OTS Lite, Integrato con Bixby e Alexa compatibile con Google Assistant, Black 2023",https://www.amazon.it/dp/B0BWFNXMXX,43.0,,,,,Amazon,IT,2026-07-31T07:00:24Z,B0BWFNXMXX,,,,,
Samsung,"Samsung TV QE50Q65CAUXZT QLED 4K, Smart TV 50"" Processore Quantum 4K Lite, 100% volume colore con Quantum Dot, OTS Lite, Integrato con Bixby e Alexa compatibile con Google Assistant, Black 2023",https://www.amazon.it/dp/B0BWFNSJ1M,50.0,444.24,444.24,EUR,444.24,Amazon,IT,2026-07-31T07:00:24Z,B0BWFNSJ1M,,,,,
Samsung,"Samsung TV QE65Q65CAUXZT QLED 4K, Smart TV 65"" Processore Quantum 4K Lite, 100% volume colore con Quantum Dot, OTS Lite, Integrato con Bixby e Alexa compatibile con Google Assistant, Black 2023",https://www.amazon.it/dp/B0BWFNYRF4,65.0,,,,,Amazon,IT,2026-07-31T07:00:24Z,B0BWFNYRF4,,,,,
Samsung,"Samsung TV QE75Q65CAUXZT QLED 4K, Smart TV 75"" Processore Quantum 4K Lite, 100% volume colore con Quantum Dot, OTS Lite, Integrato con Bixby e Alexa compatibile con Google Assistant, Black 2023",https://www.amazon.it/dp/B0BWFMVYGK,75.0,,,,,Amazon,IT,2026-07-31T07:00:24Z,B0BWFMVYGK,,,,,
TCL,"TCL 55Q7D Pro – Smart TV SQD‑Mini LED 4K HDR10+ da 55"", 2.000nit | 480 Dimming Zones, Dolby Vision IQ & Atmos, Onkyo 2.1 Sound, Game Master, 144Hz VRR, Apple AirPlay 2",https://www.amazon.it/dp/B0GXKS5GXL,55.0,799.9,799.9,EUR,799.9,Amazon,IT,2026-07-31T07:00:24Z,B0GXKS5GXL,,,,,
Samsung,"Samsung Neo QLED 4K QN70F 75"" Mini TV LED, processore NQ4 AI Gen2, Quantum Matrix Technology Slim, Motion Xcelerator 144Hz, AirSlim, Samsung Vision AI Smart TV [Versione Ungherese]",https://www.amazon.it/dp/B0FPCMYXHF,75.0,,,,,Amazon,IT,2026-07-31T07:00:24Z,B0FPCMYXHF,,,,,
Samsung,"Samsung Neo QLED 4K QN85F 85 pollici Mini TV LED, processore NQ4 AI Gen2, Quantum Matrix Technology Slim, Motion Xcelerator 144Hz, AirSlim, Samsung Vision AI Smart TV [Versione Ungherese]",https://www.amazon.it/dp/B0FNMYQ547,85.0,2857.45,2857.45,EUR,2857.45,Amazon,IT,2026-07-31T07:00:24Z,B0FNMYQ547,,,,,
LG,"LG QNED evo AI 75 Pollici, Serie QNED86 2025 Smart TV 4K - 75QNED86A6A | Processore α8 Gen2, Dimming Pro con MiniLED, WebOS, Telecomando Puntatore AI, Dolby Vision, Gaming VRR e FreeSync 4K@144Hz",https://www.amazon.it/dp/B0F6VBBWY2,75.0,1345.25,1345.25,EUR,1345.25,Amazon,IT,2026-07-31T07:00:24Z,B0F6VBBWY2,,,,,
LG,"LG QNED evo AI QNED86 TV 43 pollici, Smart TV 4K, Processore α7 Gen8, Dynamic QNED Color, Local Dimming, webOS con AI e telecomando puntatore AI, Gaming con VRR 4K@60Hz, 43QNED86A6C 2025",https://www.amazon.it/dp/B0F5HT5CWL,43.0,,,,,Amazon,IT,2026-07-31T07:00:24Z,B0F5HT5CWL,,,,,
LG,"LG QNED evo AI 65 Pollici, Serie QNED86 2025 Smart TV 4K - 65QNED86A6A | Processore α8 Gen2, Dimming Pro con MiniLED, WebOS, Telecomando Puntatore AI, Dolby Vision, Gaming VRR, FreeSync 4K@144Hz",https://www.amazon.it/dp/B0F6VGHWSJ,65.0,,,,,Amazon,IT,2026-07-31T07:00:24Z,B0F6VGHWSJ,,,,,
Sony,"Sony BRAVIA 2Ⅱ 65"", 4K Smart TV (Google TV), Processore X1,4K Upscaling, Televisione con Dolby Atmos e DTS:X, compatibile con PS5, 65S20M2, Modello 2026",https://www.amazon.it/dp/B0GZKY262Y,65.0,832.0,832.0,EUR,832.0,Amazon,IT,2026-07-31T07:00:24Z,B0GZKY262Y,,,,,
Sony,"Sony BRAVIA 2Ⅱ 75"", 4K Smart TV (Google TV), Processore X1,4K Upscaling, Televisione con Dolby Atmos e DTS:X, compatibile con PS5, 75S20M2, Modello 2026",https://www.amazon.it/dp/B0GZKYXYQX,75.0,1150.0,1150.0,EUR,1150.0,Amazon,IT,2026-07-31T07:00:24Z,B0GZKYXYQX,,,,,
Panasonic,"Panasonic Premium TV-43W80AEZC, 43 Pollici TV QLED 4K Ultra HD, Fire TV | Dolby Vision e Atmos, Modalità Game Plus, Controllo Vocale Alexa, Airplay, Smart TV, Serie W80",https://www.amazon.it/dp/B0H2MMG7TD,43.0,499.0,499.0,EUR,499.0,Amazon,IT,2026-07-31T07:00:24Z,B0H2MMG7TD,,,,,
Panasonic,"Panasonic Premium TV-55W80AEZC, 55 Pollici TV QLED 4K Ultra HD, Fire TV | Dolby Vision e Atmos, Modalità Game Plus, Controllo Vocale Alexa, Airplay, Smart TV ,Serie W80",https://www.amazon.it/dp/B0H2MQ3PHP,55.0,599.0,599.0,EUR,599.0,Amazon,IT,2026-07-31T07:00:24Z,B0H2MQ3PHP,,,,,
Samsung,"Samsung Neo QLED 8K Vision AI Smart TV 75'' QE75QN900FTXZT Mini LED, NQ8 AI Gen3 Processor,AI Upscaling, Glare Free, Dolby Atmos & OTS Pro, Meta lFrame Design, PACCHETTO INTRATTENIMENTO, 2025",https://www.amazon.it/dp/B0F7LKZ748,75.0,,,,,Amazon,IT,2026-07-31T07:00:24Z,B0F7LKZ748,,,,,
Samsung,"Samsung Neo QLED 8K Vision AI Smart TV 85'' QE85QN900FTXZT Mini LED, NQ8 AI Gen3 Processor,AI Upscaling, Glare Free, Art Store, Dolby Atmos & OTS Pro, MetaFrame Design,PACCHETTO INTRATTENIMENTO, 2025",https://www.amazon.it/dp/B0F7LL8YGL,85.0,,,,,Amazon,IT,2026-07-31T07:00:24Z,B0F7LL8YGL,,,,,
Samsung,"Samsung Neo QLED 8K Vision AI Smart TV 65'' QE65QN990FTXZT Mini LED, NQ8 AI Gen3 Processor, AI Upscaling Pro, Glare Free, Dolby Atmos & OTS Pro, Infinity Air Design, PACCHETTO INTRATTENIMENTO, 2025",https://www.amazon.it/dp/B0F7LL1KJ7,65.0,,,,,Amazon,IT,2026-07-31T07:00:24Z,B0F7LL1KJ7,,,,,
LG,"LG OLED AI 77 Pollici, Serie B5 2025 Smart TV 4K - OLED77B56LA | Processore α8 Gen2, WebOS con AI, Dolby Vision e Atmos, Gaming VRR, G-Sync, FreeSync 120Hz, 4 HDMI 2.1, Alexa",https://www.amazon.it/dp/B0F44H2X7G,77.0,1599.0,1599.0,EUR,1599.0,Amazon,IT,2026-07-31T07:00:24Z,B0F44H2X7G,,,,,
LG,"LG OLED AI 83 Pollici, Serie B5 2025 Smart TV 4K - OLED83B56LA | Processore α8 Gen2, WebOS con AI, Dolby Vision e Atmos, Gaming VRR GSYNC FreeSync 4K@120Hz, 4 HDMI 2.1, Alexa",https://www.amazon.it/dp/B0F44F4H9J,83.0,,,,,Amazon,IT,2026-07-31T07:00:24Z,B0F44F4H9J,,,,,
Hisense,"Hisense TV 85"" Mini-LED 144Hz 4K 85U7Q, Smart TV VIDAA U8, Dolby Vision IQ, HDR 10+ Adaptive, Game Mode PRO, Dolby Atmos 2.1 con Subwoofer, Alexa Built-in, Tuner DVB-T2/S2 HEVC 10, Lativù 4K, 2025 U7",https://www.amazon.it/dp/B07JL1BDWD,85.0,1399.0,1399.0,EUR,1399.0,Amazon,IT,2026-07-31T07:00:24Z,B07JL1BDWD,,,,,
Hisense,"Hisense TV 100"" Mini-LED 165Hz 4K 2025 100U7Q, Matte Display, Smart TV VIDAA U9 con 1000+APP, Dolby Vision IQ, HDR 10+ Adaptive, 165Hz Game Mode Ultra, Dolby Atmos 2.1 con Subwoofer, Alexa Built-in",https://www.amazon.it/dp/B0F1W4MG71,100.0,1699.0,1699.0,EUR,1699.0,Amazon,IT,2026-07-31T07:00:24Z,B0F1W4MG71,,,,,
