brand_raw,raw_text,url,size_hint_inch,price_hint_eur,price_local,currency,price_eur,platform,country,scraped_at,asin,elkjop_sku,model_year,filter_year,source_brand,fx_rate_date
Samsung,"Samsung HD Smart TV 32'' UE32H5000FKXZT HD, Hyper Real Processor, HDR & Pur Color, Smart Experience, OTS Lite & Adaptive S...",https://www.amazon.it/dp/B0DF6NHYS6,32.0,189.0,189.0,EUR,189.0,Amazon,IT,2026-08-26T04:57:43Z,B0DF6NHYS6,,,,,
Samsung,"Samsung Crystal UHD 4K Smart TV 55'' UE55U8090FUXZT, Crystal 4K Processor, HDR, Smart Experience, OTS Lite & Adaptive Soun...",https://www.amazon.it/dp/B0F4SMDPLN,55.0,369.0,369.0,EUR,369.0,Amazon,IT,2026-08-26T04:57:43Z,B0F4SMDPLN,,,,,
Samsung,"Samsung Crystal UHD 4K Smart TV 50'' UE50U8090FUXZT, Crystal 4K Processor, HDR, Smart Experience, OTS Lite & Adaptive Soun...",https://www.amazon.it/dp/B0F4T2H64V,50.0,336.0,336.0,EUR,336.0,Amazon,IT,2026-08-26T04:57:43Z,B0F4T2H64V,,,,,
Samsung,"Samsung Smart TV 40'' UE40F6000FUXZT FHD, Hyper Real Processor, HDR & Pur Color, Smart Experience, OTS Lite & Adaptive Sou...",https://www.amazon.it/dp/B0DF6NQWTW,40.0,269.0,269.0,EUR,269.0,Amazon,IT,2026-08-26T04:57:43Z,B0DF6NQWTW,,,,,
Samsung,"Samsung Full HD Smart TV 32'' UE32F6000FUXZT FHD, Hyper Real Processor, HDR & Pur Color, Smart Experience, OTS Lite & Adap...",https://www.amazon.it/dp/B0F7LK6NJ8,32.0,219.0,219.0,EUR,219.0,Amazon,IT,2026-08-26T04:57:43Z,B0F7LK6NJ8,,,,,
Samsung,"Samsung QLED 4K Vision AI Smart TV 43'' QE43Q7F4AUXZT QLED 4K, Q4 Processor, 100% Volume Colore con Quantum Dot, Motion Xc...",https://www.amazon.it/dp/B0F4T3L594,43.0,359.0,359.0,EUR,359.0,Amazon,IT,2026-08-26T04:57:43Z,B0F4T3L594,,,,,
Samsung,"Samsung Neo QLED 4K Vision AI Smart TV 55'' QE55QN74FATXZT Mini LED, NQ4 AI Gen2 Processor, AI Upscaling, Motion Xcelerato...",https://www.amazon.it/dp/B0F4SPK1HV,55.0,555.0,555.0,EUR,555.0,Amazon,IT,2026-08-26T04:57:43Z,B0F4SPK1HV,,,,,
Samsung,"Samsung Smart TV 32"" QE32Q5FAAUXZT QLED, Full HD, Real QLED, Quantum HDR, Contrast Enhancer, OTS Lite, Adaptive Sound, Gam...",https://www.amazon.it/dp/B0GWN3FQZ4,32.0,279.0,279.0,EUR,279.0,Amazon,IT,2026-08-26T04:57:43Z,B0GWN3FQZ4,,,,,
Samsung,"Samsung QLED 4K Vision AI Smart TV 50'' QE50Q7F4AUXZT, Q4 Processor, 100% Volume Colore con Quantum Dot, Motion Xcelerato...",https://www.amazon.it/dp/B0F4STTNXW,50.0,399.0,399.0,EUR,399.0,Amazon,IT,2026-08-26T04:57:43Z,B0F4STTNXW,,,,,
Samsung,"Samsung Crystal UHD 4K Smart TV 75'' UE75U7000FUXZT, Crystal 4K Processor, HDR, Smart Experience, OTS Lite & Adaptive Soun...",https://www.amazon.it/dp/B0F4T85B1Y,75.0,599.0,599.0,EUR,599.0,Amazon,IT,2026-08-26T04:57:43Z,B0F4T85B1Y,,,,,
Samsung,"Samsung Smart TV 50"" UE50U8090HUXZT Crystal UHD, Crystal 4K Processor, HDR10+, PurColor, Motion Xcelerator, Dynamic Sound ...",https://www.amazon.it/dp/B0GZL6KZ7J,50.0,369.0,369.0,EUR,369.0,Amazon,IT,2026-08-26T04:57:43Z,B0GZL6KZ7J,,,,,
Xiaomi,"XIAOMI TV F 32, 32 pollici (81 cm), HD, Smart TV, Fire TV,Triple Tuner DVB-C/S/S2/T/T2, Dolby Audio, DTS Virtual:X, DTS-H...",https://www.amazon.it/dp/B0F4548TCQ,32.0,132.0,132.0,EUR,132.0,Amazon,IT,2026-08-26T04:57:43Z,B0F4548TCQ,,,,,
Samsung,"Samsung OLED 4K Vision AI Smart TV 55'' QE55S94FAEXZT OLED 4K, NQ4 AI Gen3 Processor, 4K AI Upscaling Pro, Motion Xcelerat...",https://www.amazon.it/dp/B0F4T42MF6,55.0,899.0,899.0,EUR,899.0,Amazon,IT,2026-08-26T04:57:43Z,B0F4T42MF6,,,,,
Samsung,"Samsung Smart TV 43"" UE43M72HAUXZT Mini LED 4K, HDR 10+, Motion Xcelerator 50Hz, Dynamic Sound Pack, Gaming Hub, Pure Spec...",https://www.amazon.it/dp/B0GX1PLM4D,43.0,399.0,399.0,EUR,399.0,Amazon,IT,2026-08-26T04:57:43Z,B0GX1PLM4D,,,,,
Samsung,"Samsung Smart TV 55"" UE55M80HAUXZT Mini LED 4K, HDR 10+, Motion Xcelerator 144Hz, Adpative Sound+, AI Football Mode, Voice...",https://www.amazon.it/dp/B0GX1JTQZM,55.0,499.0,499.0,EUR,499.0,Amazon,IT,2026-08-26T04:57:43Z,B0GX1JTQZM,,,,,
Samsung,"Samsung Business TV Serie BEF-H da 50"", UHD 3840x2160 con Funzionalità HDR10+, Tizen, HDMI, USB, Bluetooth, WiFi, Accesso ...",https://www.amazon.it/dp/B0GBYXR1RS,50.0,299.9,299.9,EUR,299.9,Amazon,IT,2026-08-26T04:57:43Z,B0GBYXR1RS,,,,,
Samsung,"Samsung TV UE43DU7190UXZT LED 4K, Smart TV 43"" Crystal Processor 4K, Slim Look, DVBT-2, Q-Symphony & OTS Lite, Integrato c...",https://www.amazon.it/dp/B0D17TB2DX,43.0,,,,,Amazon,IT,2026-08-26T04:57:43Z,B0D17TB2DX,,,,,
Samsung,"Samsung Neo QLED 4K Vision AI Smart TV 50'' QE50QN94FATXZT, NQ4 AI Gen3 Processor, AI Upscaling Pro, Glare Free, Motion Xc...",https://www.amazon.it/dp/B0F4T26ZVW,50.0,649.0,649.0,EUR,649.0,Amazon,IT,2026-08-26T04:57:43Z,B0F4T26ZVW,,,,,
Samsung,"Samsung Smart TV 43"" QE43Q64DAUXZT QLED 4K Upscaling, Processore Quantum 4K Lite, AirSlim Design, DVBT-2, Q-Symphony & OTS...",https://www.amazon.it/dp/B0D2DV159J,43.0,331.87,331.87,EUR,331.87,Amazon,IT,2026-08-26T04:57:43Z,B0D2DV159J,,,,,
Panasonic,"Panasonic TV-40S55AEZ, Serie S55 40 pollici Smart TV LED Full HD, 2024, Fire TV, HD Colour Engine, HDR, Alexa Voice Contro...",https://www.amazon.it/dp/B0H2MJG3K9,40.0,209.0,209.0,EUR,209.0,Amazon,IT,2026-08-26T04:57:43Z,B0H2MJG3K9,,,,,
Samsung,"Samsung OLED 4K Vision AI Smart TV 65'' QE65S85FAEXZT, NQ4 AI Gen2 Processor, 4K AI Upscaling, Glare Free, Dolby Atmos & O...",https://www.amazon.it/dp/B0F7LMKF5C,65.0,1099.0,1099.0,EUR,1099.0,Amazon,IT,2026-08-26T04:57:43Z,B0F7LMKF5C,,,,,
Samsung,"Samsung Lifestyle TV QE32LS03CBUXZT The Frame QLED Full HD, Smart TV 32"" Matte Display, Art Mode, OTS Lite, Integrato con ...",https://www.amazon.it/dp/B0BWFPKGMZ,32.0,293.94,293.94,EUR,293.94,Amazon,IT,2026-08-26T04:57:43Z,B0BWFPKGMZ,,,,,
Samsung,"Samsung QLED 4K Vision AI Smart TV 55'' QE55Q7F5AUXZT, Q4 AI Processor, Upscaling, 100% di Volume Colore con Quantum Dot, ...",https://www.amazon.it/dp/B0F7LJZCDT,55.0,429.0,429.0,EUR,429.0,Amazon,IT,2026-08-26T04:57:43Z,B0F7LJZCDT,,,,,
Samsung,"Samsung Smart TV 55"" QE55QN72HAUXZT Neo QLED 4K Mini LED, NQ4 AI Processor, Quantum Mini LED, Real QLED 100% Colour Volum...",https://www.amazon.it/dp/B0H26TC55Q,55.0,654.0,654.0,EUR,654.0,Amazon,IT,2026-08-26T04:57:43Z,B0H26TC55Q,,,,,
Samsung,"Samsung QLED 4K Vision AI Smart TV 55'' QE55Q6FAAUXZT, Q4 Lite Processor, 4K AI Upscaling, Art Store, OTS Lite & Adaptive ...",https://www.amazon.it/dp/B0FXGJKMQQ,55.0,449.0,449.0,EUR,449.0,Amazon,IT,2026-08-26T04:57:43Z,B0FXGJKMQQ,,,,,
Panasonic,"Panasonic TV-24S50AEZC, 24 pollici televisore TV LED HD TV, Fire TV | HD Colour Engine, HDR, Alexa Voice Control, Game Mod...",https://www.amazon.it/dp/B0H2MPDR7G,24.0,169.0,169.0,EUR,169.0,Amazon,IT,2026-08-26T04:57:43Z,B0H2MPDR7G,,,,,
Samsung,"Samsung The Frame 4K Vision AI Smart TV 43'' QE43LS03FAUXZT QLED 4K, NQ4 AI Gen2 Processor, AI Upscaling, Matte Display, D...",https://www.amazon.it/dp/B0F7LKMLPP,43.0,629.0,629.0,EUR,629.0,Amazon,IT,2026-08-26T04:57:43Z,B0F7LKMLPP,,,,,
Samsung,"Samsung QLED 4K Vision AI Smart TV 98'' QE98Q7FAAUXZT Q7F, Q4 AI Processor, 100% Volume Colore con Quantum Dot, Motion Xce...",https://www.amazon.it/dp/B0GMRDH68F,98.0,1599.0,1599.0,EUR,1599.0,Amazon,IT,2026-08-26T04:57:43Z,B0GMRDH68F,,,,,
Samsung,"Samsung TV UE32T4300AKXZT Smart TV HD, 32' Pollici, Nero (Ricondizionato)",https://www.amazon.it/dp/B09YM6VQR6,32.0,172.0,172.0,EUR,172.0,Amazon,IT,2026-08-26T04:57:43Z,B09YM6VQR6,,,,,
Xiaomi,"XIAOMI TV F Pro 32, 32 pollici (81 cm), QLED, Smart TV, Fire TV, Triple Tuner DVB-C/S/S2/T/T2,Dolby Audio, DTS Virtual:X, ...",https://www.amazon.it/dp/B0F457M449,32.0,149.0,149.0,EUR,149.0,Amazon,IT,2026-08-26T04:57:43Z,B0F457M449,,,,,
Samsung,"SAMSUNG UE50U8072FUXXH 127 cm (50"") 4K Ultra HD Smart TV Wi-Fi Nero [Versione Ungherese]",https://www.amazon.it/dp/B0FMF8VJB1,50.0,324.14,324.14,EUR,324.14,Amazon,IT,2026-08-26T04:57:43Z,B0FMF8VJB1,,,,,
Panasonic,"Panasonic TB-32S40AEZC, 32 pollici televisore LED HD, TiVo | Controllo Vocale Google e Alexa, Game Mode, Media Player, HD...",https://www.amazon.it/dp/B0H2MPMR8R,32.0,169.0,169.0,EUR,169.0,Amazon,IT,2026-08-26T04:57:43Z,B0H2MPMR8R,,,,,
Samsung,"SAMSUNG Smart TV 24"" UE24F6002FKXXH FHD 2025 [Versione Ungherese]",https://www.amazon.it/dp/B0FLQX6VV4,24.0,,,,,Amazon,IT,2026-08-26T04:57:43Z,B0FLQX6VV4,,,,,
Panasonic,"Panasonic TB-32S45AEZ, Serie S45 32 pollici Smart TV LED Full HD, 2024, TiVo, Controllo Vocale Google e Alexa, Game Mode, ...",https://www.amazon.it/dp/B0H2MTPSGX,32.0,177.21,177.21,EUR,177.21,Amazon,IT,2026-08-26T04:57:43Z,B0H2MTPSGX,,,,,
Samsung,"Samsung Smart TV 48"" QE48S92HAEXZT OLED 4K Glare Free, NQ4 AI Gen 3 Processor, HDR 10+, Motion Xcelerator 165Hz, Dolby Atm...",https://www.amazon.it/dp/B0GWN1QVKV,48.0,901.0,901.0,EUR,901.0,Amazon,IT,2026-08-26T04:57:43Z,B0GWN1QVKV,,,,,
Samsung,"Samsung Neo QLED 4K Smart TV 65'' QE65QN85FAUXZT, NQ4 AI Gen2 Processor, AI Upscaling, Dolby Atmos & OTS Lite, Simple Cham...",https://www.amazon.it/dp/B0F7LJWWZH,65.0,949.0,949.0,EUR,949.0,Amazon,IT,2026-08-26T04:57:43Z,B0F7LJWWZH,,,,,
Samsung,"Samsung Smart TV 48"" QE48S83HAEXZT OLED 4K, NQ4 AI Gen2 Processor, OLED HDR, Motion Xcelerator 120Hz, Dolby Atmos, FreeSyn...",https://www.amazon.it/dp/B0GXWHDT97,48.0,899.0,899.0,EUR,899.0,Amazon,IT,2026-08-26T04:57:43Z,B0GXWHDT97,,,,,
Samsung,"SAMSUNG TELEVISOR UE55AU7172U 55"" CRYSTAL UHD 4K WIFI SMART GRIS HDMI USB",https://www.amazon.it/dp/B0992PVBG9,55.0,369.0,369.0,EUR,369.0,Amazon,IT,2026-08-26T04:57:43Z,B0992PVBG9,,,,,
Samsung,"Samsung Smart TV 43"" QE43LS03HEUXZT The Frame 4K QLED, Glare Free, HDR10+, Motion Xcelerator 144Hz, Dolby Atmos, Modern Fr...",https://www.amazon.it/dp/B0GWDKM28W,43.0,699.0,699.0,EUR,699.0,Amazon,IT,2026-08-26T04:57:43Z,B0GWDKM28W,,,,,
Samsung,Samsung QE32Q5FAAUXZT - Smart TV 32 Pollici Full HD QLED DVB-T2 CI+ HbbTV Classe Energetica F,https://www.amazon.it/dp/B0H4MHNH14,32.0,,,,,Amazon,IT,2026-08-26T04:57:43Z,B0H4MHNH14,,,,,
Samsung,"Samsung OLED 4K Vision AI Smart TV 55'' QE55S95FATXZT, NQ4 AI Gen4 Processor, 4K AI Upscaling, Glare Free, Dolby Atmos & O...",https://www.amazon.it/dp/B0F7LP3VBR,55.0,1299.0,1299.0,EUR,1299.0,Amazon,IT,2026-08-26T04:57:43Z,B0F7LP3VBR,,,,,
Samsung,"Samsung QLED 4K Vision AI Smart TV 55'' QE55Q8FAAUXZT, Q8F, Q4 AI Processor, 4K Upscaling, OTS Lite, Air Slim Design, 100%...",https://www.amazon.it/dp/B0F7LM9L5B,55.0,,,,,Amazon,IT,2026-08-26T04:57:43Z,B0F7LM9L5B,,,,,
Samsung,"Samsung TV 85"" QE85QN90BATXZT NEO QLED 4K, Quantum Matrix, mini LED, Processore Neo Quantum 4K, Quantum HDR, Dolby Atmos e...",https://www.amazon.it/dp/B09XN67CDC,85.0,1299.0,1299.0,EUR,1299.0,Amazon,IT,2026-08-26T04:57:43Z,B09XN67CDC,,,,,
Samsung,"Samsung Series 4 UE32T4302AE 81,3 cm (32"") HD Smart TV Wifi Noir",https://www.amazon.it/dp/B0C277D7N8,32.0,209.9,209.9,EUR,209.9,Amazon,IT,2026-08-26T04:57:43Z,B0C277D7N8,,,,,
Samsung,"Samsung TV QE32Q50AEUXZT QLED Full HD, Smart TV 32"" Quantum HDR, 100% Volume Colore, OTS Lite, Slim Design, Integrato con ...",https://www.amazon.it/dp/B0BWFMYZQG,32.0,,,,,Amazon,IT,2026-08-26T04:57:43Z,B0BWFMYZQG,,,,,
Samsung,"Samsung TV N4300 Smart Tv 24”, Hd, Wi-Fi, 2020, Nero",https://www.amazon.it/dp/B086R1XMKR,24.0,259.99,259.99,EUR,259.99,Amazon,IT,2026-08-26T04:57:43Z,B086R1XMKR,,,,,
Samsung,"Samsung Neo QLED 4K QN70F 55"" Mini TV LED, processore NQ4 AI Gen2, Quantum Matrix Technology Slim, Motion Xcelerator 144H...",https://www.amazon.it/dp/B0FM8TDCTT,55.0,564.45,564.45,EUR,564.45,Amazon,IT,2026-08-26T04:57:43Z,B0FM8TDCTT,,,,,
Samsung,"Samsung OLED 4K Vision AI Smart TV 77'' QE77S94FAEXZT, NQ4 AI Gen3 Processor, 4K AI Upscaling Pro, Motion Xcelerator 144H...",https://www.amazon.it/dp/B0F4SRXXF3,77.0,,,,,Amazon,IT,2026-08-26T04:57:43Z,B0F4SRXXF3,,,,,
Samsung,"Samsung TV LED 55"" QE55Q7FAAUXXH Ultra HD 4K QLED Smart TV WiFi DVB-T2 [Versione Ungherese]",https://www.amazon.it/dp/B0FHX2NJ9Y,55.0,419.0,419.0,EUR,419.0,Amazon,IT,2026-08-26T04:57:43Z,B0FHX2NJ9Y,,,,,
Samsung,"Samsung Smart TV 55"" QE55S95HATXZT OLED 4K Glare Free, HDR 10+, Motion Xcelerator 165Hz, Dolby Atmos, FreeSync Premium Pr...",https://www.amazon.it/dp/B0GWN8TMSL,55.0,1760.0,1760.0,EUR,1760.0,Amazon,IT,2026-08-26T04:57:43Z,B0GWN8TMSL,,,,,
Samsung,"Samsung Smart TV 43"" UE43DU7170UXZT, Crystal 4K UHD, 4K Upscaling, Slim Look, DVBT-2, Q-Symphony & OTS Lite, Integrato con...",https://www.amazon.it/dp/B0D2DS47KW,43.0,,,,,Amazon,IT,2026-08-26T04:57:43Z,B0D2DS47KW,,,,,
Samsung,"Samsung Smart TV 55"" MRE55R85HATXZT Micro RGB 4K Vision Glare Free, HDR10+, Motion Xcelerator 144Hz, Dolby Atmos, Super Pi...",https://www.amazon.it/dp/B0GXWJM7QQ,55.0,1199.0,1199.0,EUR,1199.0,Amazon,IT,2026-08-26T04:57:43Z,B0GXWJM7QQ,,,,,
Samsung,"Samsung Smart TV 50"" UE50DU8070UXZT, Crystal UHD 4K, 4K Upscaling, Airslim Design, DVBT-2, Q-Symphony & Adaptive Sound, In...",https://www.amazon.it/dp/B0D2DV5CV6,50.0,589.0,589.0,EUR,589.0,Amazon,IT,2026-08-26T04:57:43Z,B0D2DV5CV6,,,,,
Samsung,"Samsung Smart TV 55"" S90F OLED QE55S90FAEXZT 4K Vision AI, DVB-T2, Wi-Fi, Nero",https://www.amazon.it/dp/B0FM4C699L,55.0,856.23,856.23,EUR,856.23,Amazon,IT,2026-08-26T04:57:43Z,B0FM4C699L,,,,,
Samsung,"Samsung QE43Q8FAAUXZT TV 43"" 4K Ultra HD, Smart TV, Wi-Fi, DVB-T2, Hevc Main 10",https://www.amazon.it/dp/B0FM3YV48J,43.0,392.8,392.8,EUR,392.8,Amazon,IT,2026-08-26T04:57:43Z,B0FM3YV48J,,,,,
Samsung,Samsung QE43QN70HAUXZT - Smart TV 43 Pollici 4K Neo QLED Bluetooth DVB-T2 HbbTV 2.0.4 Nero Classe Energetico F,https://www.amazon.it/dp/B0H838M9K6,43.0,497.46,497.46,EUR,497.46,Amazon,IT,2026-08-26T04:57:43Z,B0H838M9K6,,,,,
Samsung,"SAMSUNG UE43U8072FUXXH 109,2 cm (43"") 4K Ultra HD Smart TV Wi-Fi Nero [Versione Ungherese]",https://www.amazon.it/dp/B0FLDQF3Y7,43.0,,,,,Amazon,IT,2026-08-26T04:57:43Z,B0FLDQF3Y7,,,,,
Samsung,Samsung UE43M70HAUXZT - Smart TV 43 Pollici 4K 3840 x 2160 LED DVB-T2 Wifi Nero Classe Energetica F,https://www.amazon.it/dp/B0H4MN7GTY,43.0,396.19,396.19,EUR,396.19,Amazon,IT,2026-08-26T04:57:43Z,B0H4MN7GTY,,,,,
Samsung,"Samsung TV UE32T4300AEXZT HD, Smart TV 32"" HDR, Purcolor, WiFi, Slim Design, Integrato con Bixby e Alexa compatibile con G...",https://www.amazon.it/dp/B0BWFLLW74,32.0,289.0,289.0,EUR,289.0,Amazon,IT,2026-08-26T04:57:43Z,B0BWFLLW74,,,,,
Samsung,"Samsung TV QE85QN800DTXZT Neo QLED 8K Mini LED, Smart TV 85"" Processore NQ8 AI Gen2, Infinity One, DVBT-2, Q-Symphony & Do...",https://www.amazon.it/dp/B0CZP656R8,85.0,1999.0,1999.0,EUR,1999.0,Amazon,IT,2026-08-26T04:57:43Z,B0CZP656R8,,,,,
Samsung,Samsung UE50M70HAUXZT - TV 50 Pollici Smart TV 4K DVB-T2 LED Nero Classe Energetica F,https://www.amazon.it/dp/B0H4LZ5VCD,50.0,439.29,439.29,EUR,439.29,Amazon,IT,2026-08-26T04:57:43Z,B0H4LZ5VCD,,,,,
Samsung,"Samsung 32HT5300 Professional Hotel TV 32""",https://www.amazon.it/dp/B0C18ZG8P8,32.0,235.0,235.0,EUR,235.0,Amazon,IT,2026-08-26T04:57:43Z,B0C18ZG8P8,,,,,
Samsung,"Samsung QLED Q8F 4K Smart TV 55 pollici con visione AI, volume di colore 100% con processore Quantum Dot, HDR10+, Q4 AI, O...",https://www.amazon.it/dp/B0FM989471,55.0,530.2,530.2,EUR,530.2,Amazon,IT,2026-08-26T04:57:43Z,B0FM989471,,,,,
Samsung,"Samsung TV 85"" QE85QN800CTXZT NEO QLED 8K, Quantum Matrix Technology Pro, Neural Quantum Processor 8K, Infinity One Desig...",https://www.amazon.it/dp/B0BWFN7QB4,85.0,1699.0,1699.0,EUR,1699.0,Amazon,IT,2026-08-26T04:57:43Z,B0BWFN7QB4,,,,,
Samsung,"Samsung Neo QLED 8K Vision AI Smart TV 65'' QE65QN900FTXZT Mini LED, NQ8 AI Gen3 Processor, 8K AI Upscaling, Glare Free, D...",https://www.amazon.it/dp/B0F7LLX6G2,65.0,1799.0,1799.0,EUR,1799.0,Amazon,IT,2026-08-26T04:57:43Z,B0F7LLX6G2,,,,,
Samsung,"Samsung TV UE43CU8070UXZT Crystal UHD 4K, Smart TV 43"" Processore Crystal 4K, HDR, Adaptive Sound, AirSlim Design, Integra...",https://www.amazon.it/dp/B0BWFNS2NS,43.0,,,,,Amazon,IT,2026-08-26T04:57:43Z,B0BWFNS2NS,,,,,
Samsung,"Samsung TV QE43Q65BAUXZT, Smart TV 43"" Serie Q65B QLED 4K UHD, Compatibile con Alexa e Google Assistant, Black, 2022, DVB-...",https://www.amazon.it/dp/B0B18LMDZW,43.0,392.07,392.07,EUR,392.07,Amazon,IT,2026-08-26T04:57:43Z,B0B18LMDZW,,,,,
Samsung,"Samsung Vision AI Smart TV 75'' QE75QN70FAUTXZT Neo QLED 4K Mini LED, NQ4 AI Gen2 Processor, Quantum Matrix Slim, AI Custo...",https://www.amazon.it/dp/B0GV49FKP2,75.0,999.0,999.0,EUR,999.0,Amazon,IT,2026-08-26T04:57:43Z,B0GV49FKP2,,,,,
Panasonic,"Panasonic TB-32S40AEZ, Serie S40 32 pollici Smart TV LED HD, 2024, TiVo, Controllo Vocale Google e Alexa, Game Mode, Media...",https://www.amazon.it/dp/B0DBRDBPB9,32.0,265.0,265.0,EUR,265.0,Amazon,IT,2026-08-26T04:57:43Z,B0DBRDBPB9,,,,,
Samsung,"SAMSUNG QE75QN800AT Smart TV 75"" Neo QLED 8K, UHD, Processore Neo Quantum 8K con IA, Quantum HDR, OTS+, HDMI 2.1, Wi-Fi, A...",https://www.amazon.it/dp/B0BY2W1SL7,75.0,986.0,986.0,EUR,986.0,Amazon,IT,2026-08-26T04:57:43Z,B0BY2W1SL7,,,,,
Samsung,"Samsung TV 85"" QE85QN800BTXZT NEO QLED 8K, Quantum Matrix Pro, mini LED, Processore Neural Quantum 8K, Infinity One Desig...",https://www.amazon.it/dp/B09XN5CKBT,85.0,1599.0,1599.0,EUR,1599.0,Amazon,IT,2026-08-26T04:57:43Z,B09XN5CKBT,,,,,
Samsung,"Samsung UE32N5370AUXZT TV 32"" Full HD DVB-C/T2/S2, Serie N5370, 1920 x 1080 Pixels, Nero, (2018)",https://www.amazon.it/dp/B07P5TM2LR,32.0,319.0,319.0,EUR,319.0,Amazon,IT,2026-08-26T04:57:43Z,B07P5TM2LR,,,,,
Samsung,"Samsung Smart TV 65"" QE65S99HAEXZT OLED 4K Glare Free, HDR 10+, Motion Xcelerator 165Hz, Dolby Atmos, Gaming Hub, G-Sync, ...",https://www.amazon.it/dp/B0GWN8VWTQ,65.0,2417.49,2417.49,EUR,2417.49,Amazon,IT,2026-08-26T04:57:43Z,B0GWN8VWTQ,,,,,
Samsung,"Samsung T4000 Tv 32”, Hd, Nero, 2020, ‎71.9 x 16.6 x 46.4 cm, 4 Kg",https://www.amazon.it/dp/B08CXFQ7KC,32.0,295.0,295.0,EUR,295.0,Amazon,IT,2026-08-26T04:57:43Z,B08CXFQ7KC,,,,,
Samsung,"Samsung Business TV Serie BEC-H da 43"", UHD 3840x2160 con Funzionalità HDR10+, Tizen, PurColor, Adaptive Sound, HDMI, USB,...",https://www.amazon.it/dp/B0BVKZ9GGJ,43.0,538.1,538.1,EUR,538.1,Amazon,IT,2026-08-26T04:57:43Z,B0BVKZ9GGJ,,,,,
Samsung,"Samsung TV Crystal UHD 4K UE43AU7090UXZT Smart TV 43"", Modello 2022 AU7090 Wi-Fi Black 2022",https://www.amazon.it/dp/B0BMVNJ7Z1,43.0,359.0,359.0,EUR,359.0,Amazon,IT,2026-08-26T04:57:43Z,B0BMVNJ7Z1,,,,,
Samsung,Samsung UE65U8000HUXZT - Smart TV 65 Pollici 4K LED DVB-T2 Wifi HbbTV Nero Classe Energetica F,https://www.amazon.it/dp/B0H4MKGH99,65.0,649.0,649.0,EUR,649.0,Amazon,IT,2026-08-26T04:57:43Z,B0H4MKGH99,,,,,
Samsung,"Samsung Lifestyle TV QE32LS03BBUXZT The Frame QLED Full HD, Smart TV 32"" Matte Display, Art Mode, OTS Lite, Integrato con ...",https://www.amazon.it/dp/B0BNFNWBBC,32.0,474.0,474.0,EUR,474.0,Amazon,IT,2026-08-26T04:57:43Z,B0BNFNWBBC,,,,,
Samsung,Samsung HG43U700FEUXZT - Hotel Tv 43 Pollici 4K Led DVB-T2 Nero Classe Energetica F,https://www.amazon.it/dp/B0H33CNR7P,43.0,385.51,385.51,EUR,385.51,Amazon,IT,2026-08-26T04:57:43Z,B0H33CNR7P,,,,,
Samsung,"Samsung OLED TV 48"" QE48S94DAEXZT, OLED HDR+, Upscaling AI 4K, Processore NQ4 AI GEN2, Motion Xcelerator 144Hz, Design Las...",https://www.amazon.it/dp/B0D2DTVXSW,48.0,950.03,950.03,EUR,950.03,Amazon,IT,2026-08-26T04:57:43Z,B0D2DTVXSW,,,,,
Samsung,"Samsung Smart TV 85"" MRE85R95HATXZT Micro RGB 4K Glare Free, HDR10+, Motion Xcelerator 165Hz, Dolby Atmos, Super Picture E...",https://www.amazon.it/dp/B0GXWBZ81C,85.0,5499.0,5499.0,EUR,5499.0,Amazon,IT,2026-08-26T04:57:43Z,B0GXWBZ81C,,,,,
Samsung,Samsung QE50QN70HAUXZT - TV 50 Pollici Smart TV 4K Neo QLED DVB-T2 HbbTV 2.0.4 Bluetooth Nero Classe Energetica E,https://www.amazon.it/dp/B0H838LZR4,50.0,613.92,613.92,EUR,613.92,Amazon,IT,2026-08-26T04:57:43Z,B0H838LZR4,,,,,
Samsung,"TV 32"" LED SAMSUNG UE32T4002 HD HDR PQI 200",https://www.amazon.it/dp/B08LD9676W,32.0,299.0,299.0,EUR,299.0,Amazon,IT,2026-08-26T04:57:43Z,B08LD9676W,,,,,
Samsung,Samsung TV UHD 55 pollici UE55CU7172U,https://www.amazon.it/dp/B0C279HDSX,55.0,369.0,369.0,EUR,369.0,Amazon,IT,2026-08-26T04:57:43Z,B0C279HDSX,,,,,
Samsung,"Samsung TV QE75Q70DATXZT QLED 4K, Smart TV 75"" Quantum processor 4K, AirSlim, DVBT-2, Q-Symphony & OTS Lite, Integrato con...",https://www.amazon.it/dp/B0D17VLCL1,75.0,1020.06,1020.06,EUR,1020.06,Amazon,IT,2026-08-26T04:57:43Z,B0D17VLCL1,,,,,
Samsung,"TV 85"" SAMSUNG QE85Q70DAT QLED Q70D 4K UHD SMART WIFI USB HDMI BLUETOOTH (Ricondizionato)",https://www.amazon.it/dp/B0FZVJS1SG,85.0,847.0,847.0,EUR,847.0,Amazon,IT,2026-08-26T04:57:43Z,B0FZVJS1SG,,,,,
Samsung,"Samsung TV UE43AU7170UXZT, Smart TV 43"" Serie AU7100, Modello AU7170, Crystal UHD 4K, Compatibile con Alexa, Grey, 2021, D...",https://www.amazon.it/dp/B092W6CLTZ,43.0,389.0,389.0,EUR,389.0,Amazon,IT,2026-08-26T04:57:43Z,B092W6CLTZ,,,,,
Samsung,"Samsung TV QE50Q60CAUXZT QLED 4K, Smart TV 50"" Processore Quantum 4K Lite, 100% volume colore con Quantum Dot, OTS Lite, I...",https://www.amazon.it/dp/B0BWFQNKDC,50.0,,,,,Amazon,IT,2026-08-26T04:57:43Z,B0BWFQNKDC,,,,,
Samsung,"Samsung TV QE43Q60CAUXZT QLED 4K, Smart TV 43"" Processore Quantum 4K Lite, 100% volume colore con Quantum Dot, OTS Lite, I...",https://www.amazon.it/dp/B0BWFQNKDD,43.0,392.07,392.07,EUR,392.07,Amazon,IT,2026-08-26T04:57:43Z,B0BWFQNKDD,,,,,
Samsung,"Samsung TV OLED QE55S95BAT Smart TV 55” Serie S95B, OLED, Alexa e Google Assistant Integrata, HEVC Main 10, DVB-T2, Argent...",https://www.amazon.it/dp/B0CNLXLTN3,55.0,942.0,942.0,EUR,942.0,Amazon,IT,2026-08-26T04:57:43Z,B0CNLXLTN3,,,,,
Samsung,"Smart TV Samsung TQ43LS03D 4K Ultra HD 43' QLED [Versione Francese, Spagnola, Portoghese]",https://www.amazon.it/dp/B0CXTNBS93,43.0,632.85,632.85,EUR,632.85,Amazon,IT,2026-08-26T04:57:43Z,B0CXTNBS93,,,,,
Samsung,"Samsung TV QE55S94DAEXZT OLED 4K, Smart TV 55"" Processore NQ4 AI GEN2, Infinity One, DVBT-2, Q-Symphony & Dolby Atmos, com...",https://www.amazon.it/dp/B0CZPBV193,55.0,,,,,Amazon,IT,2026-08-26T04:57:43Z,B0CZPBV193,,,,,
Samsung,"Samsung TV QE65Q70CAT QLED 4K, Smart TV 65"" Processore Quantum 4K, Dual LED, OTS Lite, AirSlim Design, Integrato con Bixby...",https://www.amazon.it/dp/B0CN1JCYLV,65.0,524.0,524.0,EUR,524.0,Amazon,IT,2026-08-26T04:57:43Z,B0CN1JCYLV,,,,,
Samsung,"Samsung Lifestyle TV QE43LS03BGUXZT The Frame QLED 4K, Smart TV 43"" Matte Display, Art Mode, Dolby Atmos e OTS Lite, Integ...",https://www.amazon.it/dp/B0BWFN44LZ,43.0,632.85,632.85,EUR,632.85,Amazon,IT,2026-08-26T04:57:43Z,B0BWFN44LZ,,,,,
Samsung,"Samsung TV UE43AU8070UXZT, Smart TV 43"" Serie AU8000, Modello AU8070, Crystal UHD 4K, Alexa integrato, Nero, 2021, DVB-T2...",https://www.amazon.it/dp/B08XZQ3BSY,43.0,614.0,614.0,EUR,614.0,Amazon,IT,2026-08-26T04:57:43Z,B08XZQ3BSY,,,,,
Samsung,"Samsung TV QLED QE43Q65AAUXZT, Smart TV 43"" Serie Q60A, Modello Q65A, QLED 4K UHD, Alexa integrato, Grey, 2021, DVB-T2 [Es...",https://www.amazon.it/dp/B091Q683ST,43.0,392.07,392.07,EUR,392.07,Amazon,IT,2026-08-26T04:57:43Z,B091Q683ST,,,,,
Samsung,"Samsung TV UE50AU7170UXZT, Smart TV 50"" Serie AU7100, Modello AU7170, Crystal UHD 4K, Compatibile con Alexa, Grey, 2021, D...",https://www.amazon.it/dp/B092W4TNR8,50.0,559.0,559.0,EUR,559.0,Amazon,IT,2026-08-26T04:57:43Z,B092W4TNR8,,,,,
Samsung,"Samsung Crystal UHD UE55CU7190UXZT, Smart TV 55"" Serie CU7000, Crystal UHD 4K, BLACK , 2023, DVB-T2",https://www.amazon.it/dp/B0BWFL6J12,55.0,620.0,620.0,EUR,620.0,Amazon,IT,2026-08-26T04:57:43Z,B0BWFL6J12,,,,,
Samsung,"Samsung NU7090 TV UHD 4K Flat Smart Serie 7, 43"" , LED, Risoluzione 3840 x 2160, Nero [Classe di efficienza energetica A]",https://www.amazon.it/dp/B07HSGMRJK,43.0,549.0,549.0,EUR,549.0,Amazon,IT,2026-08-26T04:57:43Z,B07HSGMRJK,,,,,
Samsung,"Samsung TV Ue50Tu7090Uxzt Smart Tv 50"" Crystal Uhd 4K, Processore Crystal 4K, Hdr, Wi-Fi, Nero, 2020, Compatibile Con Alex...",https://www.amazon.it/dp/B08K94QF2Q,50.0,589.0,589.0,EUR,589.0,Amazon,IT,2026-08-26T04:57:43Z,B08K94QF2Q,,,,,
Samsung,"Samsung TV QE43Q60TAUXZT Serie Q60T QLED Smart TV 43"", con Alexa integrata, Ultra HD 4K, Wi-Fi, Black, 2020",https://www.amazon.it/dp/B086B2WHXD,43.0,529.0,529.0,EUR,529.0,Amazon,IT,2026-08-26T04:57:43Z,B086B2WHXD,,,,,
Samsung,"Samsung Smart TV 50"" UE50M61HAUXXE Mini Led 4K, 2026 | Pure Spectrum Color, Dynamic Sound Pack, Samsung TV Plus, Mini LED ...",https://www.amazon.it/dp/B0HF5M1425,50.0,499.0,499.0,EUR,499.0,Amazon,IT,2026-08-26T04:57:43Z,B0HF5M1425,,,,,
Samsung,"Samsung TV UE55CU8570UXZT Crystal UHD 4K, Smart TV 55"" Dynamic Crystal color, HDR, OTS Lite, AirSlim Design, Integrato con...",https://www.amazon.it/dp/B0BWFMHYW3,55.0,799.0,799.0,EUR,799.0,Amazon,IT,2026-08-26T04:57:43Z,B0BWFMHYW3,,,,,
Samsung,"Samsung UE55MU6179U 55"" 4K Ultra HD Smart TV Wi-Fi Nero",https://www.amazon.it/dp/B06XGS3Q4Y,55.0,,,,,Amazon,IT,2026-08-26T04:57:43Z,B06XGS3Q4Y,,,,,
Samsung,"Samsung HG55AU800EE - 138 cm (55"") Diagonalklasse HAU8000 Series LCD-TV mit LED-Hintergrundbeleuchtung - Crystal UHD - Hot...",https://www.amazon.it/dp/B0BZMKM7LQ,55.0,826.89,826.89,EUR,826.89,Amazon,IT,2026-08-26T04:57:43Z,B0BZMKM7LQ,,,,,
Samsung,"Samsung TV Crystal UHD UE43BU8070UXZT, Smart TV 43"" Serie BU8070, Crystal UHD 4K, Alexa e Google Assistant integrati, Blac...",https://www.amazon.it/dp/B09XN5TR6Z,43.0,529.0,529.0,EUR,529.0,Amazon,IT,2026-08-26T04:57:43Z,B09XN5TR6Z,,,,,
Samsung,"Samsung QE55Q60RATXZT Serie Q60R (2019) QLED Smart TV 55"", Ultra HD 4K, Wi-Fi, Nero",https://www.amazon.it/dp/B07PZXZNLJ,55.0,890.0,890.0,EUR,890.0,Amazon,IT,2026-08-26T04:57:43Z,B07PZXZNLJ,,,,,
Samsung,"TV SAMSUNG LED 43"" 43TU7072 SMART 4K EU",https://www.amazon.it/dp/B08BZSW31P,43.0,518.0,518.0,EUR,518.0,Amazon,IT,2026-08-26T04:57:43Z,B08BZSW31P,,,,,
Samsung,"SAMSUNG UE65TU7172 65"" SMART LED ULTRA HD 4K Televisore HDR DVB-T2 WiFi Nero",https://www.amazon.it/dp/B08BG1BHYT,65.0,870.0,870.0,EUR,870.0,Amazon,IT,2026-08-26T04:57:43Z,B08BG1BHYT,,,,,
Samsung,"SAMSUNG TV Mini LED NeoQLED TQ55QN77F 2025-55"", 138 cm",https://www.amazon.it/dp/B0G1WL8GNJ,55.0,1112.29,1112.29,EUR,1112.29,Amazon,IT,2026-08-26T04:57:43Z,B0G1WL8GNJ,,,,,
Samsung,Samsung UE50U8000HUXZT - Smart TV 50 Pollici 4K LED DVB-T2 Wifi HbbTV 2.0.4 Nero Classe Energetica F,https://www.amazon.it/dp/B0H4MKFQW3,50.0,435.92,435.92,EUR,435.92,Amazon,IT,2026-08-26T04:57:43Z,B0H4MKFQW3,,,,,
Samsung,"Samsung TV UE55TU8070UXZT Smart TV 55"" Serie TU8070, Crystal UHD 4K, Wi-Fi, 2020, con Alexa integrata, Nero",https://www.amazon.it/dp/B086R1Z4YN,55.0,629.0,629.0,EUR,629.0,Amazon,IT,2026-08-26T04:57:43Z,B086R1Z4YN,,,,,
Samsung,"Samsung TV OLED QE65S90CAT, Smart TV 65” perfetto per il Gaming, OLED, Dolby Atmos, Alexa e Google Assistant Integrata, DV...",https://www.amazon.it/dp/B0D3QLXL9N,65.0,891.0,891.0,EUR,891.0,Amazon,IT,2026-08-26T04:57:43Z,B0D3QLXL9N,,,,,
Samsung,"Samsung Crystal UHD UE65CU7170UXZT, Smart TV 65"" Serie CU7000, Crystal UHD 4K, BLACK , 2023, DVB-T2",https://www.amazon.it/dp/B0BWFPWH7Y,65.0,699.0,699.0,EUR,699.0,Amazon,IT,2026-08-26T04:57:43Z,B0BWFPWH7Y,,,,,
Samsung,Samsung UE55M70HAUXZT - Tv 55 Pollici Smart Tv 4K Led DVB-T2 Nero Classe Energetica F,https://www.amazon.it/dp/B0H33GWD9V,55.0,509.54,509.54,EUR,509.54,Amazon,IT,2026-08-26T04:57:43Z,B0H33GWD9V,,,,,
Samsung,"Samsung S90D GQ55S90DAE 139,7 cm [55] 4K Ultra HD Smart TV Wi-Fi Nero (GQ-55S90D [138 cm [55 Zoll], schwarz/t) [Versione T...",https://www.amazon.it/dp/B0D6RZGC3P,55.0,,,,,Amazon,IT,2026-08-26T04:57:43Z,B0D6RZGC3P,,,,,
Samsung,"Samsung TV UE55TU7190UXZT Smart TV 55"" Serie TU7190, Crystal UHD 4K, Wi-Fi, 2020, Argento, compatibile con Alexa",https://www.amazon.it/dp/B087KB7WQL,55.0,620.0,620.0,EUR,620.0,Amazon,IT,2026-08-26T04:57:43Z,B087KB7WQL,,,,,
Samsung,"Samsung Lifestyle TV QE43LS03BGU The Frame QLED 4K, Smart TV 43"" Matte Display, Art Mode, Dolby Atmos e OTS Lite, Integrat...",https://www.amazon.it/dp/B0CY2ZVZTW,43.0,513.0,513.0,EUR,513.0,Amazon,IT,2026-08-26T04:57:43Z,B0CY2ZVZTW,,,,,
Samsung,"Samsung The Frame QE55LS03FAU QLED TV, 139 cm (55""), 4K UHD, Smart TV, HDR",https://www.amazon.it/dp/B0F8NN24MF,55.0,1572.28,1572.28,EUR,1572.28,Amazon,IT,2026-08-26T04:57:43Z,B0F8NN24MF,,,,,
Samsung,"Samsung TV QE55S95CAT OLED 4K, Smart TV 55"" Processore Neural Quantum 4K, Gaming TV, Dolby Atmos OTS Lite Infinity One Des...",https://www.amazon.it/dp/B0CS6P748Y,55.0,942.0,942.0,EUR,942.0,Amazon,IT,2026-08-26T04:57:43Z,B0CS6P748Y,,,,,
Samsung,"Samsung TV 65"" Neo QLED QE65QN900BT Smart TV Neo QLED 8K UHD, Alexa e Google Assistant integrati, DVB-T2,STAINLESS STEEL (...",https://www.amazon.it/dp/B0CS3RWYJL,65.0,1188.0,1188.0,EUR,1188.0,Amazon,IT,2026-08-26T04:57:43Z,B0CS3RWYJL,,,,,
Samsung,"Samsung Business Tv Serie BEA-H da 43'', UHD 3840x2160 con funzionalità HDR, Tizen, Dolby Sound System, HDMI, USB, Bluetoo...",https://www.amazon.it/dp/B08VH8JLK5,43.0,,,,,Amazon,IT,2026-08-26T04:57:43Z,B08VH8JLK5,,,,,
Samsung,"Samsung Cornice The Frame 65"" Bianco Modern, VG-SCFF65WTBXC, Compatibile con The Frame 2021-2025 (LS03B, LS03BG, LS03D, LS...",https://www.amazon.it/dp/B0FL7XWHFD,65.0,92.41,92.41,EUR,92.41,Amazon,IT,2026-08-26T04:57:43Z,B0FL7XWHFD,,,,,
Samsung,"Samsung TV Neo QLED QE55QN95BAT Smart TV 55"" Neo QLED 4K UHD, Alexa e Google Assistant integrati, Bright Silver, 2022, DV...",https://www.amazon.it/dp/B0CMJ3GC5W,55.0,803.0,803.0,EUR,803.0,Amazon,IT,2026-08-26T04:57:43Z,B0CMJ3GC5W,,,,,
Samsung,"Samsung TV QE55Q74TATXZT Serie Q70T Modello Q74T QLED Smart TV 55"", con Alexa integrata, Ultra HD 4K, Wi-Fi, Silver, 2020,...",https://www.amazon.it/dp/B086B3YWBJ,55.0,819.79,819.79,EUR,819.79,Amazon,IT,2026-08-26T04:57:43Z,B086B3YWBJ,,,,,
Samsung,"Samsung TV The Frame Cornice TV 43 pollici, 4K, WiFi, 2020, con Alexa integrata, Nero",https://www.amazon.it/dp/B0872CQGR4,43.0,632.85,632.85,EUR,632.85,Amazon,IT,2026-08-26T04:57:43Z,B0872CQGR4,,,,,
Samsung,"SAMSUNG Frame 2021 Wechselrahmen 55"" teak | VG-SCFA55TKBXC",https://www.amazon.it/dp/B096BJJGPC,55.0,67.98,67.98,EUR,67.98,Amazon,IT,2026-08-26T04:57:43Z,B096BJJGPC,,,,,
Samsung,"Samsung QE50LS03TAUXZT Smart TV 50"" The Frame, QLED 4K, Ultra HD, Cornice personalizzabile, Art Mode, Processore Quantum 4...",https://www.amazon.it/dp/B0872D83PX,50.0,2153.0,2153.0,EUR,2153.0,Amazon,IT,2026-08-26T04:57:43Z,B0872D83PX,,,,,
Samsung,"Samsung UE55NU7093UXXH LED TV Series 7 (2018), 139,7 cm (55"") 4K Ultra HD Smart TV WiFi, 3840 x 2160 Pixeles, Nero",https://www.amazon.it/dp/B07K22ZMN5,55.0,619.0,619.0,EUR,619.0,Amazon,IT,2026-08-26T04:57:43Z,B07K22ZMN5,,,,,
Samsung,"Samsung The Frame - Cornice per TV 43 pollici, smussata, color oro sabbia, accessorio per TV The Frame da 43"" (LS03A, LS03...",https://www.amazon.it/dp/B0C5ZNQQGQ,43.0,172.76,172.76,EUR,172.76,Amazon,IT,2026-08-26T04:57:43Z,B0C5ZNQQGQ,,,,,
Samsung,"Samsung VG-SCFN65DP/XC Cornice per TV The Frame, da 65"", 2019, Marrone",https://www.amazon.it/dp/B07N813W58,65.0,319.99,319.99,EUR,319.99,Amazon,IT,2026-08-26T04:57:43Z,B07N813W58,,,,,
Samsung,Samsung QE48S95HAE - Smart TV 48 Pollici 4K 3840 x 2160 Pixel OLED DVB-T2 Wifi Nero Classe Energetica F,https://www.amazon.it/dp/B0H4LS36XM,48.0,1194.45,1194.45,EUR,1194.45,Amazon,IT,2026-08-26T04:57:43Z,B0H4LS36XM,,,,,
Samsung,Samsung QE75QN70HAUXZT - Tv 75 Pollici Smart Tv 4K Neo QLed Wifi DVB-T2 Nero Classe Energetica E,https://www.amazon.it/dp/B0H339ZNCK,75.0,1097.0,1097.0,EUR,1097.0,Amazon,IT,2026-08-26T04:57:43Z,B0H339ZNCK,,,,,
Samsung,"Samsung TV Neo QLED QE75QN800BT, Smart TV 75"" Serie QN800B, Neo QLED 8K UHD, Alexa e Google Assistant integrati, Stainless...",https://www.amazon.it/dp/B0CNPW97PS,75.0,1272.0,1272.0,EUR,1272.0,Amazon,IT,2026-08-26T04:57:43Z,B0CNPW97PS,,,,,
Samsung,Smart TV Samsung QN90D 43' 4K Ultra HD LED HDR Neo QLED,https://www.amazon.it/dp/B0CRZFZ36C,43.0,1067.0,1067.0,EUR,1067.0,Amazon,IT,2026-08-26T04:57:43Z,B0CRZFZ36C,,,,,
Samsung,Samsung UE65M80HAUXZT - Tv 65 Pollici Smart Tv 4K Led DVB-T2 Wifi Nero Classe Energetica F,https://www.amazon.it/dp/B0H335WK7T,65.0,690.38,690.38,EUR,690.38,Amazon,IT,2026-08-26T04:57:43Z,B0H335WK7T,,,,,
Panasonic,"Panasonic TB-50W60AEZ, Serie W60 50 inch 4K Ultra HD LED Smart TV, 2024, TiVo, Colour Engine 4K, Dolby Vision e Atmos, Gam...",https://www.amazon.it/dp/B0D9K5NVPR,50.0,489.15,489.15,EUR,489.15,Amazon,IT,2026-08-26T04:57:43Z,B0D9K5NVPR,,,,,
Samsung,"Samsung Qe55ls03a The Frame 2021 Television Smart Tv 55"" Qled Uhd 4k Hdr",https://www.amazon.it/dp/B08QV9966N,55.0,1486.0,1486.0,EUR,1486.0,Amazon,IT,2026-08-26T04:57:43Z,B08QV9966N,,,,,
Samsung,Samsung UE75U8000HUXZT - Smart TV 75 Pollici 4K LED DVB-T2 Wifi HbbTV Nero Classe Energetica F,https://www.amazon.it/dp/B0H4MMXSXT,75.0,852.89,852.89,EUR,852.89,Amazon,IT,2026-08-26T04:57:43Z,B0H4MMXSXT,,,,,
Samsung,"Samsung QE75QN900AATXZT Smart TV 75"" Neo QLED 8K, Ultra HD, Processore Neo Quantum 8K con IA, HDMI 2.1,, 2021, Alexa, Goog...",https://www.amazon.it/dp/B09SHQM8P6,75.0,1903.0,1903.0,EUR,1903.0,Amazon,IT,2026-08-26T04:57:43Z,B09SHQM8P6,,,,,
Samsung,Samsung Televizorius LED TV 55inch UE55BU8072UXXH,https://www.amazon.it/dp/B0BRQPBF79,55.0,469.9,469.9,EUR,469.9,Amazon,IT,2026-08-26T04:57:43Z,B0BRQPBF79,,,,,
Samsung,Smart TV Samsung TQ55LS03BGUXXC 55' 4K Ultra HD,https://www.amazon.it/dp/B0BS43N9ZS,55.0,1484.0,1484.0,EUR,1484.0,Amazon,IT,2026-08-26T04:57:43Z,B0BS43N9ZS,,,,,
Samsung,"Samsung TV Crystal UHD UE55BU8570UXZT, Smart TV 55"" Serie BU8570, Crystal UHD 4K, Alexa e Google Assistant integrati, Blac...",https://www.amazon.it/dp/B09XN6MHWS,55.0,899.0,899.0,EUR,899.0,Amazon,IT,2026-08-26T04:57:43Z,B09XN6MHWS,,,,,
Samsung,"TV 75"" SAMSUNG QE75QN90AAT NEO QLED SERIE 9 QN90A 4K ULTRA HD SMART WIFI 4500 PQI USB HDMI (Ricondizionato)",https://www.amazon.it/dp/B0BQRSY4TS,75.0,1100.0,1100.0,EUR,1100.0,Amazon,IT,2026-08-26T04:57:43Z,B0BQRSY4TS,,,,,
Samsung,"Samsung TV UE65AU7170UXZT, Smart TV 65"" Serie AU7100, Modello AU7170, Crystal UHD 4K, Compatibile con Alexa, Grey, 2021, D...",https://www.amazon.it/dp/B092W64XKW,65.0,842.0,842.0,EUR,842.0,Amazon,IT,2026-08-26T04:57:43Z,B092W64XKW,,,,,
Samsung,"Smart TV Samsung TQ75Q7F 75"" 4K Ultra HD HDR QLED [Versione Francese, Spagnola, Portoghese]",https://www.amazon.it/dp/B0F2FMVN12,75.0,946.25,946.25,EUR,946.25,Amazon,IT,2026-08-26T04:57:43Z,B0F2FMVN12,,,,,
Samsung,"SAMSUNG UE85U8072 - TV 85 Pollici, Smart TV 4K, DVB-T2, colore Nero, Wi-Fi, Classe energetica G [Versione Ungherese]",https://www.amazon.it/dp/B0FN85G26K,85.0,1069.14,1069.14,EUR,1069.14,Amazon,IT,2026-08-26T04:57:43Z,B0FN85G26K,,,,,
Samsung,"Samsung The Frame Pro 65"" (2025) QLED 4K UHD TV - TQ65LS03FWUXXC [Versione Francese, Spagnola, Portoghese]",https://www.amazon.it/dp/B0F2256CND,65.0,1545.08,1545.08,EUR,1545.08,Amazon,IT,2026-08-26T04:57:43Z,B0F2256CND,,,,,
Samsung,"Samsung Smart TV 55'' QE55LST7DATXZT Neo QLED 4K, NQ4 AI Gen2 Processor, Neo Quantum HDR+, OTS Lite, Solid Metal Design, 2025",https://www.amazon.it/dp/B0F6CNXMSG,55.0,2843.54,2843.54,EUR,2843.54,Amazon,IT,2026-08-26T04:57:43Z,B0F6CNXMSG,,,,,
Samsung,"Samsung TV Q800T Smart TV 75"" QLED 8K, Wi-Fi, 2020, Silver, (Ricondizionato)",https://www.amazon.it/dp/B09D3LNGTD,75.0,1430.0,1430.0,EUR,1430.0,Amazon,IT,2026-08-26T04:57:43Z,B09D3LNGTD,,,,,
Samsung,"Cello CTRAV-22TZ Smart TV 22"" 12V per camper e barca, Tizen OS di Samsung, ricevitore satellitare integrato, Gaming Hub, a...",https://www.amazon.it/dp/B0GHR6TX9W,22.0,249.99,249.99,EUR,249.99,Amazon,IT,2026-08-26T04:57:43Z,B0GHR6TX9W,,,,,
Samsung,Samsung QE55QN70HAUXZT - Tv 55 Pollici Smart Tv 4K QLed DVB-T2 Wifi Nero Classe Energetica E,https://www.amazon.it/dp/B0H33BB2TY,55.0,,,,,Amazon,IT,2026-08-26T04:57:43Z,B0H33BB2TY,,,,,
Samsung,"TV Guard Cornice per TV, compatibile con Samsung The Frame TV, 43 pollici, oro dorato, adatto per televisori a parete",https://www.amazon.it/dp/B0GP6W34RL,43.0,234.42,234.42,EUR,234.42,Amazon,IT,2026-08-26T04:57:43Z,B0GP6W34RL,,,,,
Samsung,"Samsung HG55BU800EUXEN TV Hospitality 139,7 cm (55"") 4K Ultra HD Smart TV Nero 20 W",https://www.amazon.it/dp/B0C5TBKX24,55.0,899.33,899.33,EUR,899.33,Amazon,IT,2026-08-26T04:57:43Z,B0C5TBKX24,,,,,
Samsung,"Samsung TV QE65LST7TAUXZT Smart TV 4K QLED, 65'', Nero (Ricondizionato)",https://www.amazon.it/dp/B0C8N6LMVX,65.0,1650.0,1650.0,EUR,1650.0,Amazon,IT,2026-08-26T04:57:43Z,B0C8N6LMVX,,,,,
Samsung,Samsung QE55Q6FAAUXXH - Tv 55 Pollici Smart Tv 4K QLed DVB-T2 Wifi Nero Classe Energetica G,https://www.amazon.it/dp/B0H334TRXP,55.0,,,,,Amazon,IT,2026-08-26T04:57:43Z,B0H334TRXP,,,,,
Samsung,"Samsung TV QLED QE85Q70BATXZT, Smart TV 85"" Serie Q70B, QLED 4K UHD, Alexa e Google Assistant integrati, Titan Gray, 2022,...",https://www.amazon.it/dp/B09XN7BK72,85.0,2693.99,2693.99,EUR,2693.99,Amazon,IT,2026-08-26T04:57:43Z,B09XN7BK72,,,,,
Samsung,"Cello C2426TZH TV LED Smart da 24"" senza cornice con Tizen OS di Samsung, Bluetooth, Gaming Hub, altoparlanti Pitch Perfec...",https://www.amazon.it/dp/B0GHRKNV5R,24.0,189.99,189.99,EUR,189.99,Amazon,IT,2026-08-26T04:57:43Z,B0GHRKNV5R,,,,,
Samsung,"Cello CTRAV-19TZ Smart TV 19"" 12V per camper e campeggio, Tizen OS di Samsung, Gaming Hub, altoparlanti Pitch Perfect, Blu...",https://www.amazon.it/dp/B0GJLKGZ8C,19.0,229.99,229.99,EUR,229.99,Amazon,IT,2026-08-26T04:57:43Z,B0GJLKGZ8C,,,,,
TCL,"TCL 32V4C – Smart TV HD HDR da 32"", Android TV | Google Cast, Compatible with Google Home, Slim Design",https://www.amazon.it/dp/B0F54B34TH,32.0,159.0,159.0,EUR,159.0,Amazon,IT,2026-08-26T04:57:43Z,B0F54B34TH,,,,,
Samsung,"Telaio TV da 32 pollici compatibile con Samsung The Frame & Pro, placcato oro, adatto per televisori a parete",https://www.amazon.it/dp/B0GP6BLG8L,32.0,168.01,168.01,EUR,168.01,Amazon,IT,2026-08-26T04:57:43Z,B0GP6BLG8L,,,,,
Samsung,"Cornice TV compatibile con Samsung The Frame TV, adatta per televisori a parete (tradizionale barewood 65 mm, 32 pollici)",https://www.amazon.it/dp/B0GQ634N8H,32.0,209.87,209.87,EUR,209.87,Amazon,IT,2026-08-26T04:57:43Z,B0GQ634N8H,,,,,
Samsung,Samsung UE43U8000HUXZT - Smart TV 43 Pollici 4K LED DVB-T2 Wifi Nero Classe Energetica F,https://www.amazon.it/dp/B0H4MFG4C6,43.0,,,,,Amazon,IT,2026-08-26T04:57:43Z,B0H4MFG4C6,,,,,
LG,"LG 55UK6200PLA Smart Tv Uhd 4K da 55"", Active Hdr, Hdr10 Pro e Hlg",https://www.amazon.it/dp/B07GFH8T77,55.0,620.0,620.0,EUR,620.0,Amazon,IT,2026-08-26T04:57:43Z,B07GFH8T77,,,,,
TCL,"TCL 32SF560 – Smart TV Full HD QLED HDR da 32"", Fire TV | Press & Ask Alexa, Metallic Bezel-Less Design",https://www.amazon.it/dp/B0F9PVTQL2,32.0,179.0,179.0,EUR,179.0,Amazon,IT,2026-08-26T04:57:43Z,B0F9PVTQL2,,,,,
Samsung,"Samsung TU7070 Smart TV 55”, Crystal UHD 4K, Wi-Fi, 2020, Nero",https://www.amazon.it/dp/B089M8J1F8,55.0,,,,,Amazon,IT,2026-08-26T04:57:43Z,B089M8J1F8,,,,,
Samsung,"One Connect BN39-02395A cavo da 5 m compatibile con Samsung QLED TV 55""-75"" Q7FN Q8FN Q8CN Q9FN Series 2018",https://www.amazon.it/dp/B0F1MWWD8T,55.0,169.87,169.87,EUR,169.87,Amazon,IT,2026-08-26T04:57:43Z,B0F1MWWD8T,,,,,
Samsung,"Cello CTRAV-16TZ Smart TV 16"" 12V per camper, camion e barca, Tizen OS di Samsung, Bluetooth, audio Pitch Perfect, Gaming ...",https://www.amazon.it/dp/B0GJLKVJLP,16.0,219.99,219.99,EUR,219.99,Amazon,IT,2026-08-26T04:57:43Z,B0GJLKVJLP,,,,,
Samsung,SAMSUNG UE75CU7172UXXH 75inch UHD LED,https://www.amazon.it/dp/B0C277QJ1G,75.0,,,,,Amazon,IT,2026-08-26T04:57:43Z,B0C277QJ1G,,,,,
Samsung,"Cello CTRAV-24TZF Smart TV LED 24"" 12V con lettore DVD per camper e campeggio, Tizen OS di Samsung, Gaming Hub, altoparlan...",https://www.amazon.it/dp/B0GHRPLHJ9,24.0,269.99,269.99,EUR,269.99,Amazon,IT,2026-08-26T04:57:43Z,B0GHRPLHJ9,,,,,
Samsung,Samsung UE55M80HAUXZT - Smart TV 55 Pollici LED 4K DVB-T2 Wifi HbbTV CI+ Nero Classe Energetica E,https://www.amazon.it/dp/B0H4MQYTM3,55.0,,,,,Amazon,IT,2026-08-26T04:57:43Z,B0H4MQYTM3,,,,,
Samsung,"Samsung UE65DU7172U 165,1 cm (65"") 4K Ultra HD Smart-TV WLAN Schwarz (65DU7172UXXH)",https://www.amazon.it/dp/B0D6GQFTH2,65.0,,,,,Amazon,IT,2026-08-26T04:57:43Z,B0D6GQFTH2,,,,,
Samsung,"Samsung Crystal UHD 4K U80F 50 pollici TV LED Crystal Processore 4K, MetalStream Design, SmartThings, Knox Security, Gamin...",https://www.amazon.it/dp/B0FM98T47Y,50.0,415.78,415.78,EUR,415.78,Amazon,IT,2026-08-26T04:57:43Z,B0FM98T47Y,,,,,
Samsung,"TV Guard Cornice per TV, compatibile con Samsung The Frame TV, 32 pollici, bianco moderno, adatto per televisori a parete",https://www.amazon.it/dp/B0F17QHGKW,32.0,148.88,148.88,EUR,148.88,Amazon,IT,2026-08-26T04:57:43Z,B0F17QHGKW,,,,,
Samsung,"Samsung TV QE43LS03RAUXZT The Frame 2019 Cornice TV, 4K 43"", Nero",https://www.amazon.it/dp/B07TD8ZS8N,43.0,,,,,Amazon,IT,2026-08-26T04:57:43Z,B07TD8ZS8N,,,,,
LG,"LG 32LQ63006LA Smart TV 32"" Full HD, TV LED 2022 con Processore α5 Gen 5 con AI, webOS 22, HDR, Wi-Fi, Bluetooth, Game Opt...",https://www.amazon.it/dp/B09T74KPR6,32.0,175.0,175.0,EUR,175.0,Amazon,IT,2026-08-26T04:57:43Z,B09T74KPR6,,,,,
LG,"Lg Tv 32"" Led Full Hd Smart Dvb/t2/s2 32lq631c",https://www.amazon.it/dp/B0B2RNWGYV,32.0,175.0,175.0,EUR,175.0,Amazon,IT,2026-08-26T04:57:43Z,B0B2RNWGYV,,,,,
LG,"LG QNED AI 43 Pollici, Serie QNED84 2025 Smart TV 4K - 43QNED84A6C | Processore α7 Gen8, Dynamic QNED Color, Design Ultra ...",https://www.amazon.it/dp/B0F5HXV6S6,43.0,349.0,349.0,EUR,349.0,Amazon,IT,2026-08-26T04:57:43Z,B0F5HXV6S6,,,,,
LG,"LG Smart TV 32LQ63 - Televisore 80 cm (32"") Full HD Smart TV-wifi Nero",https://www.amazon.it/dp/B09RQ4C4KX,32.0,175.0,175.0,EUR,175.0,Amazon,IT,2026-08-26T04:57:43Z,B09RQ4C4KX,,,,,
LG,"LG OLED AI 48 Pollici, Serie B5 2025 Smart TV 4K - OLED48B56LA | Processore α8 Gen2, WebOS con AI, Dolby Vision e Atmos, G...",https://www.amazon.it/dp/B0F44FZ1PT,48.0,595.99,595.99,EUR,595.99,Amazon,IT,2026-08-26T04:57:43Z,B0F44FZ1PT,,,,,
LG,"LG NanoCell AI 55 Pollici, Serie NANO80 2025 Smart TV 4K - 55NANO80A6B | Processore ?7 Gen8, WebOS con AI, Telecomando Pun...",https://www.amazon.it/dp/B0F5HWXW9R,55.0,329.99,329.99,EUR,329.99,Amazon,IT,2026-08-26T04:57:43Z,B0F5HWXW9R,,,,,
LG,"TV - Televisione intelligente LG 24TQ510S-PZ 24"" HD LED WIFI",https://www.amazon.it/dp/B09ZV6HKQT,24.0,,,,,Amazon,IT,2026-08-26T04:57:43Z,B09ZV6HKQT,,,,,
LG,"LG QNED AI 65 Pollici, Serie QNED70 2025 Smart TV 4K - 65QNED70A6A | Processore ?7 Gen8, Dynamic QNED Color, WebOS con AI,...",https://www.amazon.it/dp/B0FRSCV48L,65.0,489.99,489.99,EUR,489.99,Amazon,IT,2026-08-26T04:57:43Z,B0FRSCV48L,,,,,
LG,"LG NANO AI UHD 43 Pollici, Serie NU8E 2026 Smart TV 4K - 43NU8E0B3LA | Processore con Nano Detail Enhancer, AI Chatbot, AI...",https://www.amazon.it/dp/B0GWMXV6J1,43.0,336.9,336.9,EUR,336.9,Amazon,IT,2026-08-26T04:57:43Z,B0GWMXV6J1,,,,,
LG,"LG OLED evo AI 42 Pollici, Serie C5 2025 Smart TV 4K - OLED42C54LA | Processore ?9 Gen8, WebOS con AI, Dolby Vision e Atmo...",https://www.amazon.it/dp/B0F44KKWT6,42.0,699.0,699.0,EUR,699.0,Amazon,IT,2026-08-26T04:57:43Z,B0F44KKWT6,,,,,
LG,"LG QNED AI 50 Pollici, Serie QNED84 2025 Smart TV 4K - 50QNED84A6C | Processore α7 Gen8, Dynamic QNED Color, Design Ultra ...",https://www.amazon.it/dp/B0F5HXLLJS,50.0,339.0,339.0,EUR,339.0,Amazon,IT,2026-08-26T04:57:43Z,B0F5HXLLJS,,,,,
LG,"LG OLED evo AI 55 Pollici, Serie C5 2025 Smart TV 4K - OLED55C56LB | Processore 9 Gen8, Brightness Booster, WebOS con AI, ...",https://www.amazon.it/dp/B0F6VC2K28,55.0,898.06,898.06,EUR,898.06,Amazon,IT,2026-08-26T04:57:43Z,B0F6VC2K28,,,,,
LG,"LG UHD AI 55 Pollici, Serie UA75 2025 Smart TV 4K Ultra HD - 55UA75006LA | Processore ?7 Gen8, WebOS con AI, Filmmaker Mod...",https://www.amazon.it/dp/B0F6VH6R37,55.0,379.0,379.0,EUR,379.0,Amazon,IT,2026-08-26T04:57:43Z,B0F6VH6R37,,,,,
LG,"LG NanoCell AI 43 Pollici, Serie NANO80 2025 Smart TV 4K - 43NANO80A6B | Processore ?7 Gen8, WebOS con AI, Telecomando Pun...",https://www.amazon.it/dp/B0F5HVVS8Q,43.0,319.0,319.0,EUR,319.0,Amazon,IT,2026-08-26T04:57:43Z,B0F5HVVS8Q,,,,,
LG,"LG QNED evo AI 55 Pollici, Serie QNED86 2025 Smart TV 4K - 55QNED86A6A | Processore ?8 Gen2, Dimming Pro con MiniLED, WebO...",https://www.amazon.it/dp/B0F6VMCFDL,55.0,599.0,599.0,EUR,599.0,Amazon,IT,2026-08-26T04:57:43Z,B0F6VMCFDL,,,,,
LG,"LG 43UQ75006LF Smart TV 4K 43"" TV Ultra HD Serie UQ75 2022, Processore α5 Gen 5, Filmmaker Mode, Game Optimizer, Wi-Fi, Co...",https://www.amazon.it/dp/B09TBGDKYK,43.0,309.0,309.0,EUR,309.0,Amazon,IT,2026-08-26T04:57:43Z,B09TBGDKYK,,,,,
LG,"LG 32LM631C0ZA.AEU Televisor 81,3 cm (32"") Full HD Smart TV WiFi Negro",https://www.amazon.it/dp/B094N7Q7T2,32.0,181.9,181.9,EUR,181.9,Amazon,IT,2026-08-26T04:57:43Z,B094N7Q7T2,,,,,
LG,"LG QNED AI QNED80 TV 43 pollici, Smart TV 4K, Processore α7 Gen8, Dynamic QNED Color, Design Super Slim, webOS con AI e te...",https://www.amazon.it/dp/B0F553KSVF,43.0,349.0,349.0,EUR,349.0,Amazon,IT,2026-08-26T04:57:43Z,B0F553KSVF,,,,,
LG,"LG QNED evo AI MiniLED 43 Pollici, Serie QNED86B 2026 Smart TV 4K - 43QNED86B6B",https://www.amazon.it/dp/B0GWN3FKJZ,43.0,549.0,549.0,EUR,549.0,Amazon,IT,2026-08-26T04:57:43Z,B0GWN3FKJZ,,,,,
LG,"LG OLED evo AI 55 Pollici, Serie G6S 2026 Smart TV 4K - OLED55G66LS | Base da Appoggio, Hyper Radiant Color, Reflection Fr...",https://www.amazon.it/dp/B0GWMTXL1G,55.0,1437.0,1437.0,EUR,1437.0,Amazon,IT,2026-08-26T04:57:43Z,B0GWMTXL1G,,,,,
LG,"LG OLED evo AI 55 Pollici, Serie G5 2025 Smart TV 4K - OLED55G56LS | Base da Appoggio Inclusa, Processore α11 Gen2, Bright...",https://www.amazon.it/dp/B0F44B6XV3,55.0,1249.0,1249.0,EUR,1249.0,Amazon,IT,2026-08-26T04:57:43Z,B0F44B6XV3,,,,,
Panasonic,"Panasonic TB-24S40AEZC, 24 pollici televisore LED HD, TiVo | Controllo Vocale Google e Alexa, Game Mode, Media Player, HD...",https://www.amazon.it/dp/B0H2MQLH8S,24.0,150.69,150.69,EUR,150.69,Amazon,IT,2026-08-26T04:57:43Z,B0H2MQLH8S,,,,,
LG,Smart TV LG 24TN510SPZ 24' HD Ready LED WiFi Nero,https://www.amazon.it/dp/B08DRLLTCD,24.0,229.0,229.0,EUR,229.0,Amazon,IT,2026-08-26T04:57:43Z,B08DRLLTCD,,,,,
LG,"TV 32"""" LG FULLHD EU SMART BIANCO USB DVBT2 DVBS2 4CORE AI WEBOS",https://www.amazon.it/dp/B09V5C4BN7,32.0,,,,,Amazon,IT,2026-08-26T04:57:43Z,B09V5C4BN7,,,,,
Panasonic,"Panasonic TB-40S45AEZ, Serie S45 40 pollici Smart TV LED Full HD, 2024, TiVo, Controllo Vocale Google e Alexa, Game Mode, ...",https://www.amazon.it/dp/B0H2MVR2WW,40.0,229.9,229.9,EUR,229.9,Amazon,IT,2026-08-26T04:57:43Z,B0H2MVR2WW,,,,,
LG,"LG 32LQ631C0ZA TV LED 32 pollici, Full HD 1920x1080, WebOS, Direct-LED, 50 Hz, Wi-Fi 5, Bluetooth 5.0, 16:9, HDR",https://www.amazon.it/dp/B0C2KNXL5P,32.0,168.0,168.0,EUR,168.0,Amazon,IT,2026-08-26T04:57:43Z,B0C2KNXL5P,,,,,
LG,"LG 28TL510S-PZ - TV LED 28"", HD Ready, DVB-T2, Smart TV, Wifi",https://www.amazon.it/dp/B07XLTKB8V,28.0,298.0,298.0,EUR,298.0,Amazon,IT,2026-08-26T04:57:43Z,B07XLTKB8V,,,,,
LG,LG 32LQ630B6LA - Smart TV 32 Pollici HD LED DVB-T2 Wi-fi,https://www.amazon.it/dp/B09V2WKTQB,32.0,192.49,192.49,EUR,192.49,Amazon,IT,2026-08-26T04:57:43Z,B09V2WKTQB,,,,,
LG,"LG QNED AI 55 Pollici, Serie QNED70 2025 Smart TV 4K - 55QNED70A6A | Processore ?7 Gen8, Dynamic QNED Color, WebOS con AI,...",https://www.amazon.it/dp/B0FRSG74G3,55.0,399.0,399.0,EUR,399.0,Amazon,IT,2026-08-26T04:57:43Z,B0FRSG74G3,,,,,
LG,"LG UHD 43'', Serie UR75, Smart TV 4K, 43UR75006LK, Processore α5 Gen6, HDR10 Pro, Filmmaker Mode, Game Optimizer, Wi-Fi, w...",https://www.amazon.it/dp/B0DFHN38TL,43.0,290.91,290.91,EUR,290.91,Amazon,IT,2026-08-26T04:57:43Z,B0DFHN38TL,,,,,
LG,"LG 32Lq630B6La Smart Tv 32 Pollici Hd Ready, Tv Led 2022 Con Processore Α5 Gen 5 Con Ai, Webos 22, Hdr, Wi-Fi, Google Stad...",https://www.amazon.it/dp/B09TBJS3D1,32.0,209.18,209.18,EUR,209.18,Amazon,IT,2026-08-26T04:57:43Z,B09TBJS3D1,,,,,
LG,"LG QNED AI MiniLED 50 Pollici, Serie QNED7EB 2026 Smart TV 4K - 50QNED7EB3C | AI Magic Remote, 100% Volume Colore, WebOS c...",https://www.amazon.it/dp/B0GWN5NDL7,50.0,449.0,449.0,EUR,449.0,Amazon,IT,2026-08-26T04:57:43Z,B0GWN5NDL7,,,,,
LG,"LG UHD 43UR78006LK 109,2 cm (43"") 4K Ultra HD Smart TV Wi-Fi Nero",https://www.amazon.it/dp/B0BWWJQVGZ,43.0,309.9,309.9,EUR,309.9,Amazon,IT,2026-08-26T04:57:43Z,B0BWWJQVGZ,,,,,
LG,"LG OLED evo AI 42 Pollici, Serie C6 2026 Smart TV 4K - OLED42C64LA | Processore ?11 Gen3, Dual AI Engine, Dolby Vision & A...",https://www.amazon.it/dp/B0GWMY3R9W,42.0,989.99,989.99,EUR,989.99,Amazon,IT,2026-08-26T04:57:43Z,B0GWMY3R9W,,,,,
LG,"LG 28Mt49S 28"" Hd Smart Tv Wi-Fi Nero Led Tv - Led Tvs 71.1 cm28"", 1366 x 768 Pixels, Ips, Smart Tv, Wi-Fi, Nero",https://www.amazon.it/dp/B06ZY98DQ3,28.0,319.0,319.0,EUR,319.0,Amazon,IT,2026-08-26T04:57:43Z,B06ZY98DQ3,,,,,
LG,"LG Smart TV 32LM637BPLA 32' HD DLED WiFi, 2021",https://www.amazon.it/dp/B08Y5RBF45,32.0,214.9,214.9,EUR,214.9,Amazon,IT,2026-08-26T04:57:43Z,B08Y5RBF45,,,,,
LG,LG 50QNED70B6C - Smart Tv 50 Pollici 4K QNED DVB-T2 HEVC/H.265 Wifi Nero Classe Energetica F,https://www.amazon.it/dp/B0H36SHKPF,50.0,537.96,537.96,EUR,537.96,Amazon,IT,2026-08-26T04:57:43Z,B0H36SHKPF,,,,,
LG,"LG Mini RGB 65 Pollici, Serie MRGB87 2026 Smart TV 4K - 65MRGB87B6B | RGB Primary Color Pro, DualColor 100% DCI-P3/Adobe R...",https://www.amazon.it/dp/B0GWN42J5H,65.0,1043.0,1043.0,EUR,1043.0,Amazon,IT,2026-08-26T04:57:43Z,B0GWN42J5H,,,,,
LG,"LG 55"" Smart TV 55UA75006LA Serie UA75 UHD AI 4K, α7 Gen8, HDR10, Game Optimizer, WebOS, Dvb-T2",https://www.amazon.it/dp/B0FQPD9NJ7,55.0,364.87,364.87,EUR,364.87,Amazon,IT,2026-08-26T04:57:43Z,B0FQPD9NJ7,,,,,
Panasonic,"Panasonic Premium TV-43W80AEZC, 43 Pollici TV QLED 4K Ultra HD, Fire TV | Dolby Vision e Atmos, Modalità Game Plus, Contro...",https://www.amazon.it/dp/B0H2MMG7TD,43.0,319.0,319.0,EUR,319.0,Amazon,IT,2026-08-26T04:57:43Z,B0H2MMG7TD,,,,,
LG,"TV - Televisione intelligente LG 32LQ630B6LA 32"" HD LED WIFI",https://www.amazon.it/dp/B09XXX78CS,32.0,222.83,222.83,EUR,222.83,Amazon,IT,2026-08-26T04:57:43Z,B09XXX78CS,,,,,
LG,"LG 55QNED80A6A - TV 55 Pollici, 4K, Smart TV, DVB-T2, Wi-Fi, HEVC/H.265, Classe energetica E",https://www.amazon.it/dp/B0FFH1PYHB,55.0,490.75,490.75,EUR,490.75,Amazon,IT,2026-08-26T04:57:43Z,B0FFH1PYHB,,,,,
LG,"LG 32LM6300PLA Smart TV 32"" Full HD, TV LED Serie LM63 con Wi-Fi, Dolby Digital, Processore Quad Core, Audio Surround, web...",https://www.amazon.it/dp/B07Q124XGQ,32.0,299.0,299.0,EUR,299.0,Amazon,IT,2026-08-26T04:57:43Z,B07Q124XGQ,,,,,
LG,"LG 43QNED80A6A - TV 43 Pollici, Smart TV, 4K, QNED, DVB-T2, Wi-Fi, HEVC/H.265, Classe energetica G",https://www.amazon.it/dp/B0FFH1FGLC,43.0,379.84,379.84,EUR,379.84,Amazon,IT,2026-08-26T04:57:43Z,B0FFH1FGLC,,,,,
LG,"LG QNED 43'', Serie 80 2024, 43QNED80T6A, Smart TV 4K, Processore α5 Gen7, Design slim, 20W, 3 HDMI, Filmmaker Mode, Game ...",https://www.amazon.it/dp/B0CZP8BDN9,43.0,,,,,Amazon,IT,2026-08-26T04:57:43Z,B0CZP8BDN9,,,,,
LG,LG 50UR78006LK 50 '' Ultra HD 4K Smart HDR webOS,https://www.amazon.it/dp/B0C3XQ63YZ,50.0,344.3,344.3,EUR,344.3,Amazon,IT,2026-08-26T04:57:43Z,B0C3XQ63YZ,,,,,
LG,"LG 50NANO81A6A - TV 50 Pollici, 4K, Smart TV, DVB-T2, Wi-Fi, HEVC/H.265, Classe energetica F",https://www.amazon.it/dp/B0FFH1X811,50.0,,,,,Amazon,IT,2026-08-26T04:57:43Z,B0FFH1X811,,,,,
LG,"LG TV LED 55"" 55UA751C0LA Ultra HD 4K Smart TV WiFi DVB-T2 WEBOS (IA Integrata)",https://www.amazon.it/dp/B0FZB4KGBY,55.0,346.7,346.7,EUR,346.7,Amazon,IT,2026-08-26T04:57:43Z,B0FZB4KGBY,,,,,
LG,LG Smart TV 55 Pollici 4K Ultra HD Display NanoCell Sistema WebOS Processore a7 Gen8 Classe G colore Nero - 55NANO81A6A.API,https://www.amazon.it/dp/B0FFGZZTMH,55.0,499.9,499.9,EUR,499.9,Amazon,IT,2026-08-26T04:57:43Z,B0FFGZZTMH,,,,,
LG,LG 24TN510S-PZ.API 24'',https://www.amazon.it/dp/B08H5DVJ32,24.0,229.0,229.0,EUR,229.0,Amazon,IT,2026-08-26T04:57:43Z,B08H5DVJ32,,,,,
LG,"LG 32LM6370PLA Smart TV 32"" Full HD, TV LED Serie LM63 con Dolby Audio, Dolby Digital, Processore Quad Core, Wi-Fi, Audio ...",https://www.amazon.it/dp/B08Z4BD8X9,32.0,,,,,Amazon,IT,2026-08-26T04:57:43Z,B08Z4BD8X9,,,,,
LG,"LG OLED AI 83 Pollici, Serie B6E 2026 Smart TV 4K - OLED83B6ELB | Nero Perfetto, Dolby Vision & Atmos, Processore ?8 Gen3,...",https://www.amazon.it/dp/B0GWN4JLLB,83.0,2399.0,2399.0,EUR,2399.0,Amazon,IT,2026-08-26T04:57:43Z,B0GWN4JLLB,,,,,
LG,"LG OLED evo 42'', Smart TV 4K, OLED42C34LA, Serie C3 2023, Processore α9 Gen6, OLED Dynamic Tone Mapping Pro, Dolby Visio...",https://www.amazon.it/dp/B0BXXYSHPK,42.0,,,,,Amazon,IT,2026-08-26T04:57:43Z,B0BXXYSHPK,,,,,
LG,LG 65QNED70B6C - Tv 65 Pollici Smart Tv 4K DVB-T2 HEVC/H.265 Nero Classe Energetica E,https://www.amazon.it/dp/B0H36TTFCF,65.0,776.82,776.82,EUR,776.82,Amazon,IT,2026-08-26T04:57:43Z,B0H36TTFCF,,,,,
LG,"LG webOS UHD UR78 TV 86 pollici, Smart TV 4K, Ultra HD, Processore α5 Gen6, HDR10 Pro, Filmmaker Mode, Game Optimizer, Wi-...",https://www.amazon.it/dp/B0DK3HZRJV,86.0,920.87,920.87,EUR,920.87,Amazon,IT,2026-08-26T04:57:43Z,B0DK3HZRJV,,,,,
LG,"LG Smart TV 43"" 43QNED80A6A QNED AI UHD 4K ULTRA HD, HEVC MAIN 10, DVB-T2, WIFI",https://www.amazon.it/dp/B0FV8LS7JC,43.0,340.88,340.88,EUR,340.88,Amazon,IT,2026-08-26T04:57:43Z,B0FV8LS7JC,,,,,
LG,"LG 65QNED80A6A - TV 65 Pollici, Smart TV, 4K, DVB-T2, HEVC, Classe energetica G",https://www.amazon.it/dp/B0FQP2D3X5,65.0,599.0,599.0,EUR,599.0,Amazon,IT,2026-08-26T04:57:43Z,B0FQP2D3X5,,,,,
LG,"LG OLED55C55 - TV 55 Pollici, 4K, Smart TV, OLED, DVB-T2, HEVC/H.265, Classe energetica F",https://www.amazon.it/dp/B0FFH43D41,55.0,1027.59,1027.59,EUR,1027.59,Amazon,IT,2026-08-26T04:57:43Z,B0FFH43D41,,,,,
LG,"LG OLED48B56LA - TV 48 Pollici, 4K, OLED, DVB-T2, HEVC/H.265, Classe energetica G",https://www.amazon.it/dp/B0F7HZV2T1,48.0,734.89,734.89,EUR,734.89,Amazon,IT,2026-08-26T04:57:43Z,B0F7HZV2T1,,,,,
LG,"LG OLED42C55LA - TV 42 Pollici, 4K, OLED, Smart TV, DVB-T2, HEVC/H.265, Classe energetica G",https://www.amazon.it/dp/B0FFH2LKJC,42.0,,,,,Amazon,IT,2026-08-26T04:57:43Z,B0FFH2LKJC,,,,,
LG,"LG OLED 55'', Serie B4 2024, OLED55B46LA, Smart TV 4K, Processore α8, Dolby Vision, Dolby Atmos, 4 HDMI 2.1, Gsync, VRR, T...",https://www.amazon.it/dp/B0CZP7R4PD,55.0,1219.09,1219.09,EUR,1219.09,Amazon,IT,2026-08-26T04:57:43Z,B0CZP7R4PD,,,,,
LG,LG 55UR78006LK 55 '' Ultra HD 4K Smart HDR webOS,https://www.amazon.it/dp/B0C3ZW69GP,55.0,478.87,478.87,EUR,478.87,Amazon,IT,2026-08-26T04:57:43Z,B0C3ZW69GP,,,,,
LG,"LG UHD 75'', Smart TV 4K, 75UR78006LK, Serie UR78 2023, Processore α5 Gen6, HDR10 Pro, Filmmaker Mode, Game Optimizer, Wi-...",https://www.amazon.it/dp/B0BZ16S2VY,75.0,852.79,852.79,EUR,852.79,Amazon,IT,2026-08-26T04:57:43Z,B0BZ16S2VY,,,,,
LG,"LG TV LED 4K AI Ultra HD,55UM7400PLB, Smart TV 55"", 4K Active HDR",https://www.amazon.it/dp/B07R8JJD7R,55.0,649.0,649.0,EUR,649.0,Amazon,IT,2026-08-26T04:57:43Z,B07R8JJD7R,,,,,
LG,"LG 32LK500BPLA 32"" HD Black LED TV - LED TVs (80 cm / 32""), 1366 x 768 pixels, HD, LED, DVB-C,DVB-S2,DVB-T2, Nero",https://www.amazon.it/dp/B07DW8B83S,32.0,299.0,299.0,EUR,299.0,Amazon,IT,2026-08-26T04:57:43Z,B07DW8B83S,,,,,
LG,"LG OLED evo 55'', Serie C4 2024, OLED55C46LA, Smart TV 4K, Processore α9 Gen7, Brightness Booster, 40W, Dolby Vision, 4 HD...",https://www.amazon.it/dp/B0CZP8VJSC,55.0,1499.0,1499.0,EUR,1499.0,Amazon,IT,2026-08-26T04:57:43Z,B0CZP8VJSC,,,,,
LG,"LG QNED 98 Pollici, Serie QNED89 2024 Smart TV 4K - 98QNED89T6A | Processore ?8, Precision Dimming, 20W, AI Picture Pro, 4...",https://www.amazon.it/dp/B0CZP98Y2K,98.0,1869.99,1869.99,EUR,1869.99,Amazon,IT,2026-08-26T04:57:43Z,B0CZP98Y2K,,,,,
LG,"LG Smart TV 50UR78003LK.AEU 4K Ultra HD 50"" HDR HDR10",https://www.amazon.it/dp/B0CL3GRLGW,50.0,,,,,Amazon,IT,2026-08-26T04:57:43Z,B0CL3GRLGW,,,,,
LG,"LG 43LM6300 109,2 cm (43"") Full HD Smart TV Wi-Fi Nero",https://www.amazon.it/dp/B07R1DJGHV,43.0,348.9,348.9,EUR,348.9,Amazon,IT,2026-08-26T04:57:43Z,B07R1DJGHV,,,,,
LG,"LG OLED evo AI 83 Pollici, Serie G5 2025 Smart TV 4K - OLED83G54LW | Staffa a Muro Inclusa, Processore α11 Gen2, Brightnes...",https://www.amazon.it/dp/B0F44FYPFB,83.0,3999.0,3999.0,EUR,3999.0,Amazon,IT,2026-08-26T04:57:43Z,B0F44FYPFB,,,,,
LG,"LG OLED48G56LS - TV 48 Pollici, Smart TV, OLED, DVB-T2, Wi-Fi, HEVC/H.265, Classe energetica F",https://www.amazon.it/dp/B0FFH16KMX,48.0,948.16,948.16,EUR,948.16,Amazon,IT,2026-08-26T04:57:43Z,B0FFH16KMX,,,,,
LG,"LG TV LED 50"" 50UR78G Ultra HD 4K Smart TV WiFi DVB-T2 WEBOS",https://www.amazon.it/dp/B0G4VXLHJW,50.0,335.29,335.29,EUR,335.29,Amazon,IT,2026-08-26T04:57:43Z,B0G4VXLHJW,,,,,
LG,"TV LG 43NANO763QA 43"" (109 CM), SMART TV, WEBOS, 4K HDR NANOCELL",https://www.amazon.it/dp/B0B8JSPDWX,43.0,350.0,350.0,EUR,350.0,Amazon,IT,2026-08-26T04:57:43Z,B0B8JSPDWX,,,,,
LG,"LG TV LED Ultra HD 4K 49"" 49UN74006LB. API Smart TV WebOS",https://www.amazon.it/dp/B08C7ZFQF3,49.0,649.0,649.0,EUR,649.0,Amazon,IT,2026-08-26T04:57:43Z,B08C7ZFQF3,,,,,
LG,"Smart TV LG 65B56LA 65"" 4K Ultra HD HDR OLED",https://www.amazon.it/dp/B0F7HYW329,65.0,1343.57,1343.57,EUR,1343.57,Amazon,IT,2026-08-26T04:57:43Z,B0F7HYW329,,,,,
LG,"LG OLED48A16LA Smart TV 4K 48"", TV OLED Serie A1 2021, Processore α7 Gen4, Dolby Vision IQ, Wi-Fi, webOS 6.0, FILMMAKER MO...",https://www.amazon.it/dp/B08WQ7STJF,48.0,1143.97,1143.97,EUR,1143.97,Amazon,IT,2026-08-26T04:57:43Z,B08WQ7STJF,,,,,
LG,"lg QNED 2025 Smart TV, 65 Pollici, 4K Ultra HD, Mini LED, Gaming Hub, Wi-Fi, HDR, 120W, Bianco",https://www.amazon.it/dp/B0FQ2S1ZB3,65.0,793.38,793.38,EUR,793.38,Amazon,IT,2026-08-26T04:57:43Z,B0FQ2S1ZB3,,,,,
LG,"LG 32LK610B 32"" HD Smart TV Wi-Fi Black, Grey LED TV - LED TVs (81.3 cm (32""), 1366 x 768 pixels, LED, Smart TV, Wi-Fi, Bl...",https://www.amazon.it/dp/B07CL91ZBN,32.0,310.0,310.0,EUR,310.0,Amazon,IT,2026-08-26T04:57:43Z,B07CL91ZBN,,,,,
LG,"LG UHD 65'', Serie UT8000 2024, 65UT80006LA, Smart TV 4K, Ultra HD, Processore α5 Gen7, 20W, 3 HDMI, HDR10 Pro, Filmmaker ...",https://www.amazon.it/dp/B0CZPB5YTT,65.0,839.53,839.53,EUR,839.53,Amazon,IT,2026-08-26T04:57:43Z,B0CZPB5YTT,,,,,
LG,"LG 43UK6400 Televisore 43"" 4K Ultra Hd Smart Tv Wi-Fi Nero, 109.2 cm",https://www.amazon.it/dp/B07B4KQB55,43.0,540.0,540.0,EUR,540.0,Amazon,IT,2026-08-26T04:57:43Z,B07B4KQB55,,,,,
LG,"Tv LG Televisore 43Lk5100Pla 43"" Full Hd Virtual Surround Led",https://www.amazon.it/dp/B07C32PX95,43.0,480.0,480.0,EUR,480.0,Amazon,IT,2026-08-26T04:57:43Z,B07C32PX95,,,,,
LG,"LG UHD 50UR78006LK 127 cm (50"") 4K Ultra HD Smart TV Wi-Fi Nero",https://www.amazon.it/dp/B0BWWJV2K1,50.0,569.0,569.0,EUR,569.0,Amazon,IT,2026-08-26T04:57:43Z,B0BWWJV2K1,,,,,
LG,"LG 43UP75006LF Smart TV LED 4K Ultra HD 43” 2021 con Processore Quad Core 4K, Wi-Fi, webOS 6.0, FILMMAKER MODE, Game Optim...",https://www.amazon.it/dp/B094N5LB79,43.0,499.0,499.0,EUR,499.0,Amazon,IT,2026-08-26T04:57:43Z,B094N5LB79,,,,,
LG,"LG 43UM7390 109,2 cm (43"") 4K Ultra HD Smart TV Wi-Fi [Bianco]",https://www.amazon.it/dp/B07PZD8LKN,43.0,569.0,569.0,EUR,569.0,Amazon,IT,2026-08-26T04:57:43Z,B07PZD8LKN,,,,,
LG,"LG 43UP77006LB Smart TV LED 4K Ultra HD 43” 2021 con Processore Quad Core 4K, Wi-Fi, webOS 6.0, FILMMAKER MODE, Game Optim...",https://www.amazon.it/dp/B08WPYGKQM,43.0,392.65,392.65,EUR,392.65,Amazon,IT,2026-08-26T04:57:43Z,B08WPYGKQM,,,,,
LG,"LG 65QNED70A6A - TV 65 Pollici, Smart TV, 4K, QNED, DVB-T2, HEVC/H.265, Classe energetica F",https://www.amazon.it/dp/B0FQPD1QWT,65.0,657.99,657.99,EUR,657.99,Amazon,IT,2026-08-26T04:57:43Z,B0FQPD1QWT,,,,,
LG,"LG NanoCell 43NANO766QA Smart TV 4K 43"" NANO76 Series 2022 Series α5 Gen 5 Processor, Filmmaker Mode, Game Optimizer, Wi-F...",https://www.amazon.it/dp/B09TBJHBQN,43.0,569.0,569.0,EUR,569.0,Amazon,IT,2026-08-26T04:57:43Z,B09TBJHBQN,,,,,
LG,"LG 50UK6470PLC televisore 127 cm (50"") 4K Ultra HD Smart TV Wi-Fi Nero",https://www.amazon.it/dp/B07CLG55ZK,50.0,660.0,660.0,EUR,660.0,Amazon,IT,2026-08-26T04:57:43Z,B07CLG55ZK,,,,,
LG,"LG 55UQ75006LF Smart TV 4K 55"" TV Ultra HD Serie UQ75 2022, Processore α5 Gen 5, Filmmaker Mode, Game Optimizer, Wi-Fi, Co...",https://www.amazon.it/dp/B09TBK27QK,55.0,619.0,619.0,EUR,619.0,Amazon,IT,2026-08-26T04:57:43Z,B09TBK27QK,,,,,
LG,"LG UHD 43UQ75003LF TELEVISOR 109,2 CM (43"") 4K ULTRA HD SMART TV WIFI NEGRO",https://www.amazon.it/dp/B0B8JRZTQF,43.0,489.0,489.0,EUR,489.0,Amazon,IT,2026-08-26T04:57:43Z,B0B8JRZTQF,,,,,
LG,"LG 55UM71007LB televisore 139,7 cm (55"") 4K Ultra HD Smart TV Wi-Fi Nero",https://www.amazon.it/dp/B07PMMSKJG,55.0,619.0,619.0,EUR,619.0,Amazon,IT,2026-08-26T04:57:43Z,B07PMMSKJG,,,,,
LG,"LG OLED65G56LS - TV 65 Pollici, 4K, OLED, DVB-T2, HEVC/H.265, Classe energetica E",https://www.amazon.it/dp/B0F7J3BFKL,65.0,1737.4,1737.4,EUR,1737.4,Amazon,IT,2026-08-26T04:57:43Z,B0F7J3BFKL,,,,,
LG,"LG 55UJ6307 televisore 139,7 cm (55"") 4K Ultra HD Smart TV Wi-Fi Nero",https://www.amazon.it/dp/B072HQHBW4,55.0,588.0,588.0,EUR,588.0,Amazon,IT,2026-08-26T04:57:43Z,B072HQHBW4,,,,,
LG,"LG 43LK5900PLA 43"" Full HD Smart TV Wi-Fi Nero",https://www.amazon.it/dp/B07DW6PLFK,43.0,519.0,519.0,EUR,519.0,Amazon,IT,2026-08-26T04:57:43Z,B07DW6PLFK,,,,,
LG,"LG QNED 55', Smart TV 4K, 55QNED816RE, Serie QNED81 2023, Processore α7 Gen6, Design ultra slim, Base regolabile, AI Pictu...",https://www.amazon.it/dp/B0BZD9475B,55.0,,,,,Amazon,IT,2026-08-26T04:57:43Z,B0BZD9475B,,,,,
LG,"LG 55UK6300MLB televisore 139,7 cm (55"") 4K Ultra HD Smart TV Wi-Fi Nero",https://www.amazon.it/dp/B07C4XV9GB,55.0,599.0,599.0,EUR,599.0,Amazon,IT,2026-08-26T04:57:43Z,B07C4XV9GB,,,,,
LG,"LG 43UQ75009LF 109cm 43"""" 4K LED Smart TV Fernseher",https://www.amazon.it/dp/B09RQ36JLS,43.0,529.0,529.0,EUR,529.0,Amazon,IT,2026-08-26T04:57:43Z,B09RQ36JLS,,,,,
LG,"LG TV LED 4K AI Ultra HD,43UM7400, Smart TV 43"", 4K Active HDR",https://www.amazon.it/dp/B07R4BQPJT,43.0,559.0,559.0,EUR,559.0,Amazon,IT,2026-08-26T04:57:43Z,B07R4BQPJT,,,,,
LG,"LG - 65QNED86T6A - Smart TV 65 pollici (165 cm), 4K, QNED, DVB-T2, HEVC, Blu",https://www.amazon.it/dp/B0DJT4DWDG,65.0,1056.0,1056.0,EUR,1056.0,Amazon,IT,2026-08-26T04:57:43Z,B0DJT4DWDG,,,,,
LG,LG OLED AI 55 pollici Smart TV OLED55C9PLA,https://www.amazon.it/dp/B07QNS1LVK,55.0,1990.0,1990.0,EUR,1990.0,Amazon,IT,2026-08-26T04:57:43Z,B07QNS1LVK,,,,,
LG,"LG NanoCell 55NANO766QA Smart TV 4K 55"" NANO76 Series 2022, α5 Gen 5 Processor, Filmmaker Mode, Game Optimizer, Wi-Fi, AI ...",https://www.amazon.it/dp/B09TBJD7S1,55.0,719.0,719.0,EUR,719.0,Amazon,IT,2026-08-26T04:57:43Z,B09TBJD7S1,,,,,
LG,"LG 65UP75006LF Smart TV LED 4K Ultra HD 65” 2021 con Processore Quad Core 4K, Wi-Fi, webOS 6.0, FILMMAKER MODE, Game Optim...",https://www.amazon.it/dp/B08WPQN69W,65.0,898.0,898.0,EUR,898.0,Amazon,IT,2026-08-26T04:57:43Z,B08WPQN69W,,,,,
LG,"LG 32LK6100PLB 32"" FULL HD SMART TV WIFI LED",https://www.amazon.it/dp/B07DW8GN9D,32.0,399.0,399.0,EUR,399.0,Amazon,IT,2026-08-26T04:57:43Z,B07DW8GN9D,,,,,
LG,"LG 43UM7100PLB Smart TV LED 4K AI Ultra HD da 43"", Active HDR, Google Assistant e Alexa Integrati, Pannello IPS, Modello 2019",https://www.amazon.it/dp/B07RBNLL6V,43.0,,,,,Amazon,IT,2026-08-26T04:57:43Z,B07RBNLL6V,,,,,
LG,"LG 65UQ75006LF Smart TV 4K 65"" TV Ultra HD Serie UQ75 2022, Processore α5 Gen 5, Filmmaker Mode, Game Optimizer, Wi-Fi, Co...",https://www.amazon.it/dp/B09TBGJB1K,65.0,899.0,899.0,EUR,899.0,Amazon,IT,2026-08-26T04:57:43Z,B09TBGJB1K,,,,,
LG,LG OLED 55 POLLICI MOD 55B8PLA,https://www.amazon.it/dp/B07F41865R,55.0,,,,,Amazon,IT,2026-08-26T04:57:43Z,B07F41865R,,,,,
LG,LG 55UP78006LB 55 '' Ultra HD 4K Smart HDR webOS,https://www.amazon.it/dp/B096TFPZRH,55.0,760.0,760.0,EUR,760.0,Amazon,IT,2026-08-26T04:57:43Z,B096TFPZRH,,,,,
LG,LG Smart TV 43 Pollici 4K Ultra HD Display QNED evo Sistema WebOS Processore a7 Gen8 con AI Classe G colore Nero - 43QNED8...,https://www.amazon.it/dp/B0FFH245DK,43.0,481.49,481.49,EUR,481.49,Amazon,IT,2026-08-26T04:57:43Z,B0FFH245DK,,,,,
LG,"LG QNED evo AI MiniLED 55 Pollici, Serie QNED93B 2026 Smart TV 4K - 55QNED93B6A",https://www.amazon.it/dp/B0GWMW22BH,55.0,1099.0,1099.0,EUR,1099.0,Amazon,IT,2026-08-26T04:57:43Z,B0GWMW22BH,,,,,
LG,"LG 32LK610B 32"" HD Smart TV Wi-Fi Black, Grey LED TV - LED TVs (81.3 cm (32""), 1366 x 768 pixels, LED, Smart TV, Wi-Fi, Bl...",https://www.amazon.it/dp/B07DW6PSZ2,32.0,329.0,329.0,EUR,329.0,Amazon,IT,2026-08-26T04:57:43Z,B07DW6PSZ2,,,,,
LG,"LG OLED Evo OLED55C34LA 55""",https://www.amazon.it/dp/B0C5N6F2QM,55.0,1399.0,1399.0,EUR,1399.0,Amazon,IT,2026-08-26T04:57:43Z,B0C5N6F2QM,,,,,
LG,"LG 55UQ75003LF 55"" (139 cm). Smart TV. WebOS. 4K UHD OLED. 3840 Ã— 2160. Wi-Fi. DVB-T/T2/C/S/S2",https://www.amazon.it/dp/B0BH16TBBH,55.0,750.0,750.0,EUR,750.0,Amazon,IT,2026-08-26T04:57:43Z,B0BH16TBBH,,,,,
LG,"Lg 75NANO906NA - TV NanoCell Smart 75"" (190.5 cm), 4K, DVB-T2, Wifi (Ricondizionato)",https://www.amazon.it/dp/B0BTVYSSK4,75.0,766.0,766.0,EUR,766.0,Amazon,IT,2026-08-26T04:57:43Z,B0BTVYSSK4,,,,,
LG,"LG 55UJ620V 55"" 4K Ultra HD Smart TV Wi-Fi Black LED TV, 55'', 3840 x 2160 Pixels, LED, Wi-Fi, Nero",https://www.amazon.it/dp/B075TWZMZM,55.0,619.0,619.0,EUR,619.0,Amazon,IT,2026-08-26T04:57:43Z,B075TWZMZM,,,,,
LG,LG Smart TV 55UP75006LF 55' 4K Ultra HD LED WiFi,https://www.amazon.it/dp/B094KXD65K,55.0,599.0,599.0,EUR,599.0,Amazon,IT,2026-08-26T04:57:43Z,B094KXD65K,,,,,
LG,"LG 60UM7100 152,4 cm (60"") 4K Ultra HD Smart TV Wi-Fi Nero",https://www.amazon.it/dp/B07RYBB1PQ,60.0,859.0,859.0,EUR,859.0,Amazon,IT,2026-08-26T04:57:43Z,B07RYBB1PQ,,,,,
LG,"LG OLED AI ThinQ 55B8 Smart TV 55'' 4K Cinema Vision, HDR, Dolby Atmos, 2018",https://www.amazon.it/dp/B07CL963W6,55.0,1199.99,1199.99,EUR,1199.99,Amazon,IT,2026-08-26T04:57:43Z,B07CL963W6,,,,,
LG,"LG TVC 55"" UHD T2/S2",https://www.amazon.it/dp/B08PBZDL77,55.0,581.0,581.0,EUR,581.0,Amazon,IT,2026-08-26T04:57:43Z,B08PBZDL77,,,,,
LG,"LG 43UJ634V 43"" LED ULTRA HD 4K SMART TV DVB-T2/C/S2 3xHDMI 2xUSB COLORE NERO GARANZIA ITALIA",https://www.amazon.it/dp/B071RCW1KY,43.0,570.0,570.0,EUR,570.0,Amazon,IT,2026-08-26T04:57:43Z,B071RCW1KY,,,,,
LG,"LG UHD TV 55UN71006LB.APID, Smart TV 55'', LED 4K IPS Display, Versione 2020",https://www.amazon.it/dp/B0857SFSFH,55.0,639.8,639.8,EUR,639.8,Amazon,IT,2026-08-26T04:57:43Z,B0857SFSFH,,,,,
LG,"LG 50UQ75006LF Smart TV 4K 50"" TV Ultra HD Serie UQ75 2022, Processore α5 Gen 5, Filmmaker Mode, Game Optimizer, Wi-Fi, Co...",https://www.amazon.it/dp/B09TBJGBJV,50.0,612.0,612.0,EUR,612.0,Amazon,IT,2026-08-26T04:57:43Z,B09TBJGBJV,,,,,
LG,"LG Tv Uk6470 da 55"" Ultra Hd - Smart Tv - 4K - Active Hdr - Hevc - Wifi - Bluetooth - Serie 2018",https://www.amazon.it/dp/B07CKWGCVJ,55.0,640.0,640.0,EUR,640.0,Amazon,IT,2026-08-26T04:57:43Z,B07CKWGCVJ,,,,,
LG,LG 55UK6200 TV LED 55 POLLICI ULTRA HD 4K HDR SMART TV Wi-Fi,https://www.amazon.it/dp/B07HN89RWN,55.0,631.0,631.0,EUR,631.0,Amazon,IT,2026-08-26T04:57:43Z,B07HN89RWN,,,,,
LG,"TV 43"" UHD 4K LG 43UN711C - 3840 x 2160 - IPS - HDR - DVB-T2/T -DVB-C DVB-S2/S -3xHDMI2.0 - USB - Lan - Wifi - WebOs",https://www.amazon.it/dp/B08DTLGNCJ,43.0,492.0,492.0,EUR,492.0,Amazon,IT,2026-08-26T04:57:43Z,B08DTLGNCJ,,,,,
LG,"TV LED 32"" LG 32LK500 EUROPA BLACK",https://www.amazon.it/dp/B07DDFKT3Y,32.0,339.0,339.0,EUR,339.0,Amazon,IT,2026-08-26T04:57:43Z,B07DDFKT3Y,,,,,
LG,"LG OLED65G54LW - TV 65 Pollici Smart TV, 4K, DVB-T2, Wi-Fi, HEVC/H.265, Classe energetica E",https://www.amazon.it/dp/B0F7HZ83P2,65.0,1699.0,1699.0,EUR,1699.0,Amazon,IT,2026-08-26T04:57:43Z,B0F7HZ83P2,,,,,
LG,"LG 43UM7600 109,2 cm (43"") 4K Ultra HD Smart TV Wi-Fi Argento",https://www.amazon.it/dp/B07QQH5P3B,43.0,599.0,599.0,EUR,599.0,Amazon,IT,2026-08-26T04:57:43Z,B07QQH5P3B,,,,,
LG,"LG Electronics 50UP75009LF.AEUD LED-TV 126cm 50 Zoll EEK G (A - G) Smart TV, UHD, WLAN",https://www.amazon.it/dp/B08VD8TCY5,50.0,699.0,699.0,EUR,699.0,Amazon,IT,2026-08-26T04:57:43Z,B08VD8TCY5,,,,,
LG,"LG 49UK6300 127 cm (50"") 4K Ultra HD Smart TV Wi-Fi Nero, Grigio",https://www.amazon.it/dp/B07B4KQB54,50.0,599.0,599.0,EUR,599.0,Amazon,IT,2026-08-26T04:57:43Z,B07B4KQB54,,,,,
LG,"LG 50"" UHD 50UQ75003LF TV 127 cm 4K Ultra HD Smart TV Wi-Fi Nero",https://www.amazon.it/dp/B0BL7B8SXF,50.0,599.0,599.0,EUR,599.0,Amazon,IT,2026-08-26T04:57:43Z,B0BL7B8SXF,,,,,
LG,"LG TV 43"" UHD Smart HDR 10 * MR20 DVB-C/S2/T2 HD WiFi DLNA HLG PRO",https://www.amazon.it/dp/B08L943B9V,43.0,470.0,470.0,EUR,470.0,Amazon,IT,2026-08-26T04:57:43Z,B08L943B9V,,,,,
LG,"LG 55UQ80003LB 55"" (139 cm) UHD 4K TV",https://www.amazon.it/dp/B0BKT5SXT6,55.0,599.0,599.0,EUR,599.0,Amazon,IT,2026-08-26T04:57:43Z,B0BKT5SXT6,,,,,
LG,"LG 28TL510V-WZ - TV LED 28"", HD Ready, DVB-T2, Gaming Mode Cinema Mode, colore Bianco",https://www.amazon.it/dp/B07XVNG5Z9,28.0,,,,,Amazon,IT,2026-08-26T04:57:43Z,B07XVNG5Z9,,,,,
LG,"Smart TV LG 77G54LW 4K Ultra HD 77"" HDR OLED",https://www.amazon.it/dp/B0F3D6NBFN,77.0,,,,,Amazon,IT,2026-08-26T04:57:43Z,B0F3D6NBFN,,,,,
LG,"LG 32LJ610V 32"" LED FULL HD SMART TV WI-FI GARANZIA EUROPA",https://www.amazon.it/dp/B06XPQVXX2,32.0,,,,,Amazon,IT,2026-08-26T04:57:43Z,B06XPQVXX2,,,,,
LG,"Lg 32Lk6100Plb 32"" Full Hd Smart TVwi-Fi",https://www.amazon.it/dp/B07CJRJK1V,32.0,,,,,Amazon,IT,2026-08-26T04:57:43Z,B07CJRJK1V,,,,,
LG,"Lg 43UN73006LC - Smart TV 43"" (109.2 cm), 4K, LED, DVB-T2, Wifi",https://www.amazon.it/dp/B08BCRP8C8,43.0,,,,,Amazon,IT,2026-08-26T04:57:43Z,B08BCRP8C8,,,,,
Samsung,"Samsung OLED 4K Vision AI Smart TV 83'' QE83S94FAEXZT, NQ4 AI Gen3 Processor, 4K AI Upscaling Pro, Motion Xcelerator 144H...",https://www.amazon.it/dp/B0F4T3NF1J,83.0,2299.0,2299.0,EUR,2299.0,Amazon,IT,2026-08-26T04:57:43Z,B0F4T3NF1J,,,,,
LG,"Cavo di alimentazione LG TV 3M per LG TV 24"" 28"" 32"" 40"" 43"" 48"" 49"" 50"" 55"" 60"" 65"" 75"" 80"" 85"" pollici, angolo di 90 gra...",https://www.amazon.it/dp/B0F6JMZTZ3,24.0,12.09,12.09,EUR,12.09,Amazon,IT,2026-08-26T04:57:43Z,B0F6JMZTZ3,,,,,
LG,"LG Micro RGB 100 Pollici, Serie MRGB96 2026 Smart TV 4K - 100MRGB96B6 | TriColor 100% BT2020/DCI-P3/Adobe RGB, Micro Dimmi...",https://www.amazon.it/dp/B0GWMVWP83,100.0,12999.0,12999.0,EUR,12999.0,Amazon,IT,2026-08-26T04:57:43Z,B0GWMVWP83,,,,,
LG,"LG TV UT73 55"" LED 4K UHD - 55UT73006LA",https://www.amazon.it/dp/B0CY5LV97Y,55.0,,,,,Amazon,IT,2026-08-26T04:57:43Z,B0CY5LV97Y,,,,,
LG,"LG 55UK6500 55"" LG TV LED 55"" Ultra HD Smart TV 4K, Active HDR, Grigio",https://www.amazon.it/dp/B07CL39XSP,55.0,,,,,Amazon,IT,2026-08-26T04:57:43Z,B07CL39XSP,,,,,
LG,"TUCANSBP 6 Pz/1 Set Striscia di Retroilluminazione A LED Compatibile for LG 49 ""TV 49UJ630 49LJ614V 49UJ634V 49UJ670 49UJ6...",https://www.amazon.it/dp/B0D1N9F36T,49.0,26.0,26.0,EUR,26.0,Amazon,IT,2026-08-26T04:57:43Z,B0D1N9F36T,,,,,
LG,"TV LED 43"" LG 43LM6370 FULL HD SMART TV EUROPA BLACK",https://www.amazon.it/dp/B094NYZ1XD,43.0,,,,,Amazon,IT,2026-08-26T04:57:43Z,B094NYZ1XD,,,,,
LG,"LG UHD 43'', Smart TV 4K, 43UR80006LJ, Serie UR80 2023, Processore α5 Gen6, HDR10 Pro, Filmmaker Mode, Game Optimizer, Wi-...",https://www.amazon.it/dp/B0BZDBHR7D,43.0,,,,,Amazon,IT,2026-08-26T04:57:43Z,B0BZDBHR7D,,,,,
TCL,"TCL 55V6C – Smart TV 4K HDR Direct LED da 55"", Google TV con Dolby Audio | Game Master, Motion Clarity, Google Assistant, ...",https://www.amazon.it/dp/B0DV94JCVX,55.0,329.9,329.9,EUR,329.9,Amazon,IT,2026-08-26T04:57:43Z,B0DV94JCVX,,,,,
TCL,"TCL 43SF560 – Smart TV Full HD QLED HDR da 43"", Fire TV | Press & Ask Alexa, Metallic Bezel-Less Design",https://www.amazon.it/dp/B0F9PQTM25,43.0,199.0,199.0,EUR,199.0,Amazon,IT,2026-08-26T04:57:43Z,B0F9PQTM25,,,,,
TCL,"TCL 65V6C – Smart TV 4K HDR Direct LED da 65"", Google TV con Dolby Audio | Game Master, Motion Clarity, Google Assistant, ...",https://www.amazon.it/dp/B0DV9GHKQ6,65.0,399.0,399.0,EUR,399.0,Amazon,IT,2026-08-26T04:57:43Z,B0DV9GHKQ6,,,,,
TCL,"TCL 55Q6C – Smart TV QD‑Mini LED 4K HDR10+ da 55"", Google TV | Dolby Vision IQ & Atmos, 144Hz Motion Clarity Pro, Game Mas...",https://www.amazon.it/dp/B0DX185Q23,55.0,499.9,499.9,EUR,499.9,Amazon,IT,2026-08-26T04:57:43Z,B0DX185Q23,,,,,
TCL,"TCL 65T8C – Smart TV QLED 4K HDR10+ da 65"", pensato per il gaming, 144Hz VRR",https://www.amazon.it/dp/B0DV9LYQJ1,65.0,479.9,479.9,EUR,479.9,Amazon,IT,2026-08-26T04:57:43Z,B0DV9LYQJ1,,,,,
TCL,"TCL 65Q6C – Smart TV QD‑Mini LED 4K HDR10+ da 65"", Google TV | Dolby Vision IQ & Atmos, 144Hz Motion Clarity Pro, Game Mas...",https://www.amazon.it/dp/B0DXQ27X44,65.0,599.0,599.0,EUR,599.0,Amazon,IT,2026-08-26T04:57:43Z,B0DXQ27X44,,,,,
TCL,"TCL 43T6C – Smart TV QLED 4K HDR10+ da 43"", Fire TV con Dolby Atmos | Game Mast, VRR, Dolby Vision, Motion Clarity, Press...",https://www.amazon.it/dp/B0DW98NN53,43.0,279.9,279.9,EUR,279.9,Amazon,IT,2026-08-26T04:57:43Z,B0DW98NN53,,,,,
TCL,"TCL 55P6K – Smart TV 4K HDR Direct LED da 55"", Google TV con Dolby Audio | Motion Clarity, Google Assistant, Compatible wi...",https://www.amazon.it/dp/B0F7RVDMKF,55.0,329.9,329.9,EUR,329.9,Amazon,IT,2026-08-26T04:57:43Z,B0F7RVDMKF,,,,,
TCL,"TCL 65P8K – Smart TV QLED 4K HDR10+ da 65"", Google TV con audio Onkyo 2.1 | FreeSync, Dolby Vision & Atmos, 144Hz Motion C...",https://www.amazon.it/dp/B0F8J37SQ5,65.0,479.9,479.9,EUR,479.9,Amazon,IT,2026-08-26T04:57:43Z,B0F8J37SQ5,,,,,
TCL,"TCL 43PF650 – Smart TV 4K Ultra HD da 43"", Fire TV | Game Master, Motion Clarity, Dolby Vision & Atmos, Press & Ask Alexa",https://www.amazon.it/dp/B0D8J7L6N9,43.0,239.9,239.9,EUR,239.9,Amazon,IT,2026-08-26T04:57:43Z,B0D8J7L6N9,,,,,
TCL,"TCL 43T69C – Smart TV QLED 4K HDR10+ da 43"", Google TV con Dolby Atmos | Game Mast, Dolby Vision, Motion Clarity, Google A...",https://www.amazon.it/dp/B0F8QFTXW9,43.0,299.0,299.0,EUR,299.0,Amazon,IT,2026-08-26T04:57:43Z,B0F8QFTXW9,,,,,
TCL,"TCL 32V5D – Smart TV QLED Full HD HDR da 32"" con Fire TV | Direct LED, Apple AirPlay 2, Press & Ask Alexa, Metallic Bezel-...",https://www.amazon.it/dp/B0GYSZDBNH,32.0,219.9,219.9,EUR,219.9,Amazon,IT,2026-08-26T04:57:43Z,B0GYSZDBNH,,,,,
Xiaomi,"XIAOMI TV F 65, 65 pollici (165 cm),4K UHD,Smart TV, Fire TV,Triple Tuner DVB-C/S/S2/T/T2, HDR10,MEMC, Modalità Game Boost...",https://www.amazon.it/dp/B0F457MQCQ,65.0,379.0,379.0,EUR,379.0,Amazon,IT,2026-08-26T04:57:43Z,B0F457MQCQ,,,,,
TCL,"TCL 65Q8C – Smart TV QD‑Mini LED 4K HDR10+ da 65"", 4.500nit, ZeroBorder | Dolby Vision IQ & Atmos, CrystGlow WHVA Panel, 1...",https://www.amazon.it/dp/B0F9WRKNS3,65.0,1099.9,1099.9,EUR,1099.9,Amazon,IT,2026-08-26T04:57:43Z,B0F9WRKNS3,,,,,
TCL,"TCL 50Q7C – Smart TV QD‑Mini LED 4K HDR10+ da 50"", 2.000nit | Dolby Vision IQ & Atmos, HVA Panel, 144Hz Motion Clarity Pr...",https://www.amazon.it/dp/B0F38D74ZD,50.0,499.9,499.9,EUR,499.9,Amazon,IT,2026-08-26T04:57:43Z,B0F38D74ZD,,,,,
TCL,"TCL P79K Serie Smart TV QLED 4K 55"" 55P79K, Dolby Vision - Atmos, HDR10+, Google TV",https://www.amazon.it/dp/B0F9TF6MQZ,55.0,352.91,352.91,EUR,352.91,Amazon,IT,2026-08-26T04:57:43Z,B0F9TF6MQZ,,,,,
TCL,"TCL 55C8L – Smart TV SQD‑Mini LED 4K HDR10+ da 55"", 3.000nit | 1,008 Dimming Zones, Dolby Vision IQ & Atmos, 144Hz VRR, Au...",https://www.amazon.it/dp/B0GTZS35X6,55.0,815.0,815.0,EUR,815.0,Amazon,IT,2026-08-26T04:57:43Z,B0GTZS35X6,,,,,
TCL,"TCL S54 Series 32S5400A TV 81,3 cm (32"") HD Smart TV WiFi Nero",https://www.amazon.it/dp/B0CL9YSFJK,32.0,143.0,143.0,EUR,143.0,Amazon,IT,2026-08-26T04:57:43Z,B0CL9YSFJK,,,,,
TCL,"TCL Serie C69K Smart TV QD-MiniLED 4K 65"" 65C69K, 144Hz, audio Onkyo 2.1, Dolby Vision IQ & Atmos, Google TV",https://www.amazon.it/dp/B0F9TDFQ5K,65.0,599.95,599.95,EUR,599.95,Amazon,IT,2026-08-26T04:57:43Z,B0F9TDFQ5K,,,,,
TCL,"TCL 32S5400AF – Serie S5400AF Android TV 32"" Full HD con HDR e Micro Dimming – Compatibile con Google Assistant, Chromecas...",https://www.amazon.it/dp/B0BS3M7Q29,32.0,153.69,153.69,EUR,153.69,Amazon,IT,2026-08-26T04:57:43Z,B0BS3M7Q29,,,,,
TCL,"TCL 75C61KS – Smart TV QD‑Mini LED 4K HDR10+ da 75"", Google TV | Game Master, Dolby Vision & Atmos, Onkyo 2.1 Sound, Apple...",https://www.amazon.it/dp/B0F445XG4G,75.0,799.0,799.0,EUR,799.0,Amazon,IT,2026-08-26T04:57:43Z,B0F445XG4G,,,,,
TCL,Televisore TCL 43P69K - Display 43 pollici Led UHD 4K - 3840x2160 ULTRA-HD - HDR10 - DVB-T2/C - Slot,https://www.amazon.it/dp/B0FRFYWPC5,43.0,,,,,Amazon,IT,2026-08-26T04:57:43Z,B0FRFYWPC5,,,,,
TCL,"TCL 65C6K Pro - Smart TV QD‑Mini LED 4K HDR10+ da 65"", 1.000nit",https://www.amazon.it/dp/B0H3KML2J6,65.0,613.0,613.0,EUR,613.0,Amazon,IT,2026-08-26T04:57:43Z,B0H3KML2J6,,,,,
TCL,"TCL 43V6C – Smart TV 4K HDR Direct LED da 43"", Google TV con Dolby Audio | Game Master, Motion Clarity, Google Assistant, ...",https://www.amazon.it/dp/B0DV9HJTTK,43.0,,,,,Amazon,IT,2026-08-26T04:57:43Z,B0DV9HJTTK,,,,,
TCL,"TCL 43P7K 43” QLED 4K HDR TV, Google TV, Smart TV(Dolby Vision & Atmos, Game Master, Motion clarity) | Dolby Vision & Atmo...",https://www.amazon.it/dp/B0F8VZHXJM,43.0,,,,,Amazon,IT,2026-08-26T04:57:43Z,B0F8VZHXJM,,,,,
TCL,"TCL Serie C69K Smart TV QD-MiniLED 4K 55"" 55C69K, 144Hz, audio Onkyo 2.1, Dolby Vision IQ & Atmos, Google TV",https://www.amazon.it/dp/B0F7XPY5FF,55.0,498.29,498.29,EUR,498.29,Amazon,IT,2026-08-26T04:57:43Z,B0F7XPY5FF,,,,,
TCL,"TCL 75P6K – Smart TV 4K HDR Direct LED da 75"", Google TV con Dolby Audio | Motion Clarity, Google Assistant, Compatible wi...",https://www.amazon.it/dp/B0F74QS3PJ,75.0,549.9,549.9,EUR,549.9,Amazon,IT,2026-08-26T04:57:43Z,B0F74QS3PJ,,,,,
TCL,"TCL A300 Pro – Smart TV 4K da 55"", TV NXTVISION QLED Pro | Matte Screen, 230W Soundbar & Subwoofer, Dolby Vision IQ, Audio...",https://www.amazon.it/dp/B0F9WFRF4R,55.0,1125.01,1125.01,EUR,1125.01,Amazon,IT,2026-08-26T04:57:43Z,B0F9WFRF4R,,,,,
TCL,"TCL 75A400 – Smart TV QLED 4K HDR10+ da 75"", design piatto e sottile | HVA Panel, Dolby Vision & Atmos, Onkyo 2.0 Sound, 1...",https://www.amazon.it/dp/B0GYPJP1KL,75.0,773.47,773.47,EUR,773.47,Amazon,IT,2026-08-26T04:57:43Z,B0GYPJP1KL,,,,,
TCL,"TCL TELEVISORE 32"" POLLICI SMART TV 32S59K QLED, FHD, DOLBY AUDIO, HEVC MAIN 10, DVB-T2",https://www.amazon.it/dp/B0FDQ9PW4J,32.0,,,,,Amazon,IT,2026-08-26T04:57:43Z,B0FDQ9PW4J,,,,,
TCL,"TCL 75C6K Pro - Smart TV QD‑Mini LED 4K HDR10+ da 75"", 1.000nit",https://www.amazon.it/dp/B0H2JJST31,75.0,971.31,971.31,EUR,971.31,Amazon,IT,2026-08-26T04:57:43Z,B0H2JJST31,,,,,
TCL,"TCL 65P79K - TV 65 Pollici, Smart TV, DVB-T2, H.265, Wi-Fi, Classe energetica F",https://www.amazon.it/dp/B0FQQLT73V,65.0,498.93,498.93,EUR,498.93,Amazon,IT,2026-08-26T04:57:43Z,B0FQQLT73V,,,,,
TCL,"TCL 43P61B 43"" LED UltraHD 4K HDR Google TV",https://www.amazon.it/dp/B0DGQ9WM15,43.0,262.68,262.68,EUR,262.68,Amazon,IT,2026-08-26T04:57:43Z,B0DGQ9WM15,,,,,
TCL,"TCL 32V5C – Smart TV Full HD QLED HDR da 32"", Android TV | Google Cast, Compatible with Google Home, Slim Design",https://www.amazon.it/dp/B0F3XMZWRX,32.0,,,,,Amazon,IT,2026-08-26T04:57:43Z,B0F3XMZWRX,,,,,
TCL,"TCL 50C7K – Smart TV QD‑Mini LED 4K HDR10+ da 50"", 2.600nit | Dolby Vision IQ & Atmos, HVA Panel, 144Hz Motion Clarity Pr...",https://www.amazon.it/dp/B0F5BSJ83Z,50.0,,,,,Amazon,IT,2026-08-26T04:57:43Z,B0F5BSJ83Z,,,,,
TCL,"TCL 55C6K Pro - Smart TV QD‑Mini LED 4K HDR10+ da 55"", 1.000nit",https://www.amazon.it/dp/B0H3KSHN8P,55.0,599.0,599.0,EUR,599.0,Amazon,IT,2026-08-26T04:57:43Z,B0H3KSHN8P,,,,,
TCL,"TCL 65Q6C 65"" QD-Mini LED SMART TV, 4K HDR Premium 1000nits, con tecnologia Google TV (Dolby Vision IQ e Atmos, sistema au...",https://www.amazon.it/dp/B0FQNYBYF1,65.0,696.98,696.98,EUR,696.98,Amazon,IT,2026-08-26T04:57:43Z,B0FQNYBYF1,,,,,
TCL,"TCL 75C7L - Smart Tv 75 Pollici 4K LED DVB-T2 H.264, H.265 Wifi Nero Classe Energetica E",https://www.amazon.it/dp/B0GVSSJFDT,75.0,,,,,Amazon,IT,2026-08-26T04:57:43Z,B0GVSSJFDT,,,,,
TCL,"TCL 55PF650A – Smart TV 4K Ultra HD da 55"", Fire TV | Game Master, Motion Clarity, Dolby Vision & Atmos, Press & Ask Alexa",https://www.amazon.it/dp/B0FNRC5YWQ,55.0,399.0,399.0,EUR,399.0,Amazon,IT,2026-08-26T04:57:43Z,B0FNRC5YWQ,,,,,
TCL,TCL 50P61B - Smart TV 50 Pollici 4K Classe F Titanio,https://www.amazon.it/dp/B0DGQ9SC5M,50.0,316.65,316.65,EUR,316.65,Amazon,IT,2026-08-26T04:57:43Z,B0DGQ9SC5M,,,,,
TCL,"TCL 65Q10B, TV Mini LED 65”, pannello QLED 144Hz, 4K Ultra HD, Google TV (Dolby Vision & Atmos, audio ONKYO 2.1.2, Control...",https://www.amazon.it/dp/B0CY4ZLYFD,65.0,,,,,Amazon,IT,2026-08-26T04:57:43Z,B0CY4ZLYFD,,,,,
TCL,"TCL 50Q6C 50"" QD-Mini LED SMART TV, 4K HDR Premium 1000nits, with Google TV Technology (Dolby Vision IQ & Atmos, Onkyo 2.1...",https://www.amazon.it/dp/B0FQNYVVWK,50.0,496.98,496.98,EUR,496.98,Amazon,IT,2026-08-26T04:57:43Z,B0FQNYVVWK,,,,,
TCL,"TCL 50CF630, 50"" (126 cm) Fire TV QLED (4K Ultra HD, HDR 10+, Dolby Vision & Atmos, Smart TV, Game Master, Motion Clarity ...",https://www.amazon.it/dp/B0BBGW3RJV,50.0,,,,,Amazon,IT,2026-08-26T04:57:43Z,B0BBGW3RJV,,,,,
TCL,"TCL 98RM7L – Smart TV RGB‑Mini LED 4K HDR10+ da 98"", 2.000nit | 2,880 Precise Color Zones, Dolby Vision IQ & Atmos, 2.1 On...",https://www.amazon.it/dp/B0GZZYN4VR,98.0,2499.9,2499.9,EUR,2499.9,Amazon,IT,2026-08-26T04:57:43Z,B0GZZYN4VR,,,,,
TCL,"TCL 85C6K – Smart TV QD‑Mini LED 4K HDR10+ da 85"", Google TV | Matte HVA Panel, Dolby Vision IQ & Atmos, Onkyo 2.1 Sound, ...",https://www.amazon.it/dp/B0FPPZHM5L,85.0,,,,,Amazon,IT,2026-08-26T04:57:43Z,B0FPPZHM5L,,,,,
TCL,"TCL 43T6C 43"" QLED TV 4K HDR, Fire TV (Smart tv con Dolby Vision e Atmos, HDR10+, Premi e Chiedi ad Alexa)",https://www.amazon.it/dp/B0FQNWLPTJ,43.0,377.88,377.88,EUR,377.88,Amazon,IT,2026-08-26T04:57:43Z,B0FQNWLPTJ,,,,,
TCL,"TCL 65T8C TV QLED 4K HDR Ultra HD da 65"", QLED TV con tecnologia Google TV (Dolby Vision e Atmos, Motion Clarity Pro a 144...",https://www.amazon.it/dp/B0FQNWWDX9,65.0,577.88,577.88,EUR,577.88,Amazon,IT,2026-08-26T04:57:43Z,B0FQNWWDX9,,,,,
TCL,"TCL 55Q6C 55"" QD-Mini LED SMART TV, 4K HDR Premium 1000nits, con tecnologia Google TV (Dolby Vision IQ e Atmos, sistema au...",https://www.amazon.it/dp/B0FQP11BY3,55.0,597.88,597.88,EUR,597.88,Amazon,IT,2026-08-26T04:57:43Z,B0FQP11BY3,,,,,
TCL,"TCL Bundle of 55Q7C 55” QLED TV 4K QD-Mini LED, HDR Premium 2000, Google TV (Dolby Vision IQ & Atmos, Pannello HVA, Refres...",https://www.amazon.it/dp/B0FC5WTX6P,55.0,667.88,667.88,EUR,667.88,Amazon,IT,2026-08-26T04:57:43Z,B0FC5WTX6P,,,,,
TCL,"TCL 75C7K – Smart TV QD‑Mini LED 4K HDR10+ da 75"", 3.000nit | Dolby Vision IQ & Atmos, CrystGlow HVA Panel, 144Hz Motion C...",https://www.amazon.it/dp/B0F5BP3VXC,75.0,,,,,Amazon,IT,2026-08-26T04:57:43Z,B0F5BP3VXC,,,,,
TCL,"TCL Bundle of 55Q7C 55” QLED TV 4K QD-Mini LED, HDR Premium 2000, Google TV (Dolby Vision IQ & Atmos, Pannello HVA) Soundb...",https://www.amazon.it/dp/B0FC5N4DCM,55.0,769.89,769.89,EUR,769.89,Amazon,IT,2026-08-26T04:57:43Z,B0FC5N4DCM,,,,,
TCL,"TCL 65C69KS - 65 Pollici, Smart TV, 4K, Wi-Fi, QD-Mini LED, DVB-T2, H.264, H.265, Classe energetica E",https://www.amazon.it/dp/B0FSS5LMNS,65.0,711.25,711.25,EUR,711.25,Amazon,IT,2026-08-26T04:57:43Z,B0FSS5LMNS,,,,,
TCL,"Bundle of TCL 98Q7C 98” QLED TV 4K QD-Mini LED, HDR Premium 2000, Google TV + TCL Sound Bar S55H Nero 40W",https://www.amazon.it/dp/B0FC5DXGS7,98.0,2397.88,2397.88,EUR,2397.88,Amazon,IT,2026-08-26T04:57:43Z,B0FC5DXGS7,,,,,
TCL,"TCL 65T6C 65"" QLED TV 4K HDR, Fire TV (Dolby Vision e Atmos, HDR10+, Premi e Chiedi ad Alexa)",https://www.amazon.it/dp/B0FC5V51WB,65.0,597.88,597.88,EUR,597.88,Amazon,IT,2026-08-26T04:57:43Z,B0FC5V51WB,,,,,
TCL,"TCL 50T6C 50"" QLED TV 4K HDR, FireTV (SmartTV con Dolby Vision e Atmos, HDR10+, Premi e Chiedi ad Alexa)",https://www.amazon.it/dp/B0FQNXK9TK,50.0,446.98,446.98,EUR,446.98,Amazon,IT,2026-08-26T04:57:43Z,B0FQNXK9TK,,,,,
TCL,"TCL 55T6C 55"" QLED TV 4K HDR, FireTV (SmartTV con Dolby Vision e Atmos, HDR10+, Premi e Chiedi ad Alexa)",https://www.amazon.it/dp/B0FC61MRTV,55.0,466.98,466.98,EUR,466.98,Amazon,IT,2026-08-26T04:57:43Z,B0FC61MRTV,,,,,
TCL,"TCL 85Q6C 85"" QD-Mini LED TV, 4K HDR Premium 1000nits, Google TV (Dolby Vision IQ e Atmos, sistema audio Onkyo 2.1, Motion...",https://www.amazon.it/dp/B0FQNVF8DP,85.0,1397.88,1397.88,EUR,1397.88,Amazon,IT,2026-08-26T04:57:43Z,B0FQNVF8DP,,,,,
TCL,"TCL Bundle of 75Q7C 75” QLED TV 4K QD-Mini LED, HDR Premium 2000 Soundbar Q65H 5.1 con tecnologie Dolby Atmos e Ray Funzio...",https://www.amazon.it/dp/B0FC5DSKPM,75.0,1399.89,1399.89,EUR,1399.89,Amazon,IT,2026-08-26T04:57:43Z,B0FC5DSKPM,,,,,
TCL,"TCL Bundle of 85Q7C 85” QLED TV 4K QD-Mini LED, HDR Premium 2000, Google TV Sound Bar S55H Nero 40W",https://www.amazon.it/dp/B0FC5DZJ3Q,85.0,1697.88,1697.88,EUR,1697.88,Amazon,IT,2026-08-26T04:57:43Z,B0FC5DZJ3Q,,,,,
TCL,"TCL Bundle of 85Q7C 85” QLED TV 4K QD-Mini LED, HDR Premium 2000, Google TV Soundbar Q65H 5.1 con tecnologie Dolby Atmos e...",https://www.amazon.it/dp/B0FC61Y1JL,85.0,1799.89,1799.89,EUR,1799.89,Amazon,IT,2026-08-26T04:57:43Z,B0FC61Y1JL,,,,,
TCL,"TCL Bundle of 75Q7C 75” QLED TV 4K QD-Mini LED, HDR Premium 2000, Google TV Sound Bar S55H Nero 40W",https://www.amazon.it/dp/B0FC5K4WCV,75.0,1297.88,1297.88,EUR,1297.88,Amazon,IT,2026-08-26T04:57:43Z,B0FC5K4WCV,,,,,
Hisense,"Hisense 50"" QLED 4K 2023 50E77KQ, Smart TV VIDAA U6, Dolby Vision, HDR 10+, Game Mode PRO Plus, Alexa Built-in, VIDAA Voic...",https://www.amazon.it/dp/B0C5N4NWFM,50.0,,,,,Amazon,IT,2026-08-26T04:57:43Z,B0C5N4NWFM,,,,,
TCL,"TCL 75T8C TV QLED 4K HDR Ultra HD da 75"", QLED TV con tecnologia Google TV (Dolby Vision e Atmos, Motion Clarity Pro a 144...",https://www.amazon.it/dp/B0FQNZXJFG,75.0,747.88,747.88,EUR,747.88,Amazon,IT,2026-08-26T04:57:43Z,B0FQNZXJFG,,,,,
TCL,Piedistallo TV per televisore TCL 28 32 40 43 49 50 55 65 pollici facile da installare gambe di ricambio in ABS,https://www.amazon.it/dp/B0H8WSJBB2,65.0,10.56,10.56,EUR,10.56,Amazon,IT,2026-08-26T04:57:43Z,B0H8WSJBB2,,,,,
TCL,"TUCANSBP 4 Pz/1 Set Striscia di Retroilluminazione A LED Compatibile for TCL 55 ""TV 4C-LB5507-HR02J 4C-LB5508-HR02J 55HR33...",https://www.amazon.it/dp/B0D1NB6PX3,55.0,20.21,20.21,EUR,20.21,Amazon,IT,2026-08-26T04:57:43Z,B0D1NB6PX3,,,,,
TCL,"Stand per TV per tcl 32 40 43 50 55 65 Pollici Stand per TV per | Materiale ABS all'usura, stabilità superiore, protezione...",https://www.amazon.it/dp/B0HFYFWQW7,65.0,18.16,18.16,EUR,18.16,Amazon,IT,2026-08-26T04:57:43Z,B0HFYFWQW7,,,,,
TCL,"Piedi di ricambio per TV TCL, da 28 a 65 pollici, stabile | Adatto per 28-65 pollici, base stabile, evita oscillazioni, fa...",https://www.amazon.it/dp/B0HBGTTRW2,65.0,17.69,17.69,EUR,17.69,Amazon,IT,2026-08-26T04:57:43Z,B0HBGTTRW2,,,,,
TCL,"Piede di ricambio per TCL per Smart TV, montaggio semplice, base di | Su misura per tcl, 28-65 pollici, presa stabile, ABS...",https://www.amazon.it/dp/B0HFCKVG7Y,65.0,19.45,19.45,EUR,19.45,Amazon,IT,2026-08-26T04:57:43Z,B0HFCKVG7Y,,,,,
TCL,"1 paio di piedini di ricambio per TV TCL, per la maggior parte delle gambe di ricambio per TV TCL da 24""/32""/40""/49""/50"", ...",https://www.amazon.it/dp/B0FX2T94VJ,24.0,15.2,15.2,EUR,15.2,Amazon,IT,2026-08-26T04:57:43Z,B0FX2T94VJ,,,,,
TCL,"LOCLPCKGYA 2 Pz/set Striscia Di Retroilluminazione A LED Misura For TCL 58"" TCL58LB01 TCL58LB01_3030F2.4D B0101-000581 A00...",https://www.amazon.it/dp/B0HG13PN1H,58.0,53.61,53.61,EUR,53.61,Amazon,IT,2026-08-26T04:57:43Z,B0HG13PN1H,,,,,
TCL,"Scheda Di Alimentazione TV, Compatibile for TCL, 75V2 75L8 Da 75 Pollici 40-L302W4-PWD1CG/PWB1CG(1PCS)",https://www.amazon.it/dp/B0HGL3CPVC,75.0,65.39,65.39,EUR,65.39,Amazon,IT,2026-08-26T04:57:43Z,B0HGL3CPVC,,,,,
TCL,"Scheda Di Alimentazione TV, Compatibile Con TCL, 75V2 75L8 Scheda Di Alimentazione TV Da 75 Pollici 40-L302W4-PWD1CG/PWB1CG",https://www.amazon.it/dp/B0HFZ429GP,75.0,44.76,44.76,EUR,44.76,Amazon,IT,2026-08-26T04:57:43Z,B0HFZ429GP,,,,,
Hisense,"Hisense Smart TV 32"" HD Ready 32E4ST | DTS Virtual X, VIDAA OS con 1000+ APP, Game Mode, Wifi, AirPlay2, Works with Alexa,...",https://www.amazon.it/dp/B0GM1HFTNL,32.0,149.0,149.0,EUR,149.0,Amazon,IT,2026-08-26T04:57:43Z,B0GM1HFTNL,,,,,
Hisense,"Hisense Smart TV 43"" 4K Ultra HD 43E6ST | DTS Virtual X, VIDAA OS con 1000+ APP, HDR 10+, Game Mode Plus, Bluetooth, Wifi,...",https://www.amazon.it/dp/B0GR62X9MH,43.0,229.0,229.0,EUR,229.0,Amazon,IT,2026-08-26T04:57:43Z,B0GR62X9MH,,,,,
Hisense,"Hisense Smart TV 40"" Full HD 40E4ST | DTS Virtual X, VIDAA OS con 1000+ APP, Game Mode, Wifi, AirPlay2, Works with Alexa, ...",https://www.amazon.it/dp/B0GM1RTK9H,40.0,199.0,199.0,EUR,199.0,Amazon,IT,2026-08-26T04:57:43Z,B0GM1RTK9H,,,,,
Hisense,"Hisense Smart TV QLED 55"" 4K 55E7DS | Audio Dolby Atmos, VIDAA OS, Dolby Vision IQ, HDR 10+, Game Mode, Bluetooth, Wifi, A...",https://www.amazon.it/dp/B0GM1TVSMG,55.0,339.0,339.0,EUR,339.0,Amazon,IT,2026-08-26T04:57:43Z,B0GM1TVSMG,,,,,
Hisense,"Hisense Smart TV QLED 43"" 4K 43E7DS | Audio Dolby Atmos, VIDAA OS, Dolby Vision IQ, HDR 10+, Game Mode, Bluetooth, Wifi, A...",https://www.amazon.it/dp/B0GM1NJDDK,43.0,259.0,259.0,EUR,259.0,Amazon,IT,2026-08-26T04:57:43Z,B0GM1NJDDK,,,,,
Hisense,"Hisense Smart TV QLED 40"" Full HD TV 40E5ST | Audio Dolby Atmos, VIDAA OS con 1000+ APP, HDR10, Game Mode, Works with Alex...",https://www.amazon.it/dp/B0GM1QR1GT,40.0,217.54,217.54,EUR,217.54,Amazon,IT,2026-08-26T04:57:43Z,B0GM1QR1GT,,,,,
Hisense,"Hisense TV 50"" QLED 4K 2025 50E78Q, Smart TV VIDAA U8, Dolby Vision, HDR 10+, Game Mode Plus, Dolby Atmos, Alexa Built-in,...",https://www.amazon.it/dp/B0F1VZSZNY,50.0,319.0,319.0,EUR,319.0,Amazon,IT,2026-08-26T04:57:43Z,B0F1VZSZNY,,,,,
Hisense,"Hisense TV 43"" QLED 4K 2025 43A72Q, Smart TV VIDAA U8, Dolby Vision, HDR 10+, Game Mode Plus, Dolby Atmos, Alexa Built-in,...",https://www.amazon.it/dp/B0F1WB8QYT,43.0,,,,,Amazon,IT,2026-08-26T04:57:43Z,B0F1WB8QYT,,,,,
Hisense,"Hisense TV 65"" Mini-LED 144Hz 4K 2025 65E8Q, Smart TV VIDAA U8, Dolby Vision IQ, HDR 10+ Adaptive, 144Hz Game Mode PRO, Do...",https://www.amazon.it/dp/B0F1W5MSBZ,65.0,549.0,549.0,EUR,549.0,Amazon,IT,2026-08-26T04:57:43Z,B0F1W5MSBZ,,,,,
Hisense,"Hisense Smart TV MiniLED 144Hz 55"" 4K 55E8S | Dolby Atmos 2.1 By Devialet, Dolby Vision IQ, HDR10+, VIDAA OS, Alexa, lativ...",https://www.amazon.it/dp/B0GQDXNH3L,55.0,479.0,479.0,EUR,479.0,Amazon,IT,2026-08-26T04:57:43Z,B0GQDXNH3L,,,,,
Hisense,"Hisense Smart TV QLED 32"" Full HD Dèco TV 32S5Q | Audio Dolby Atmos, HDR10, VIDAA OS con 1000+ APP, Wifi, Game Mode, AirPl...",https://www.amazon.it/dp/B0FSLMYL4W,32.0,207.0,207.0,EUR,207.0,Amazon,IT,2026-08-26T04:57:43Z,B0FSLMYL4W,,,,,
Hisense,"Hisense TV 32"" QLED FHD 32E53NQT, Smart TV VIDAA U6, HDR10, Game Mode, Dolby Atmos, Works with Alexa, Tuner DVB-T2/S2 HEVC...",https://www.amazon.it/dp/B0CZXQQSLG,32.0,,,,,Amazon,IT,2026-08-26T04:57:43Z,B0CZXQQSLG,,,,,
Hisense,"Hisense Smart TV QLED 144Hz 55"" 4K 55E7S PRO | Audio Dolby Atmos, VIDAA OS, Native 144Hz Game Mode, Dolby Vision IQ, HDR 1...",https://www.amazon.it/dp/B0GR7DTKP8,55.0,449.0,449.0,EUR,449.0,Amazon,IT,2026-08-26T04:57:43Z,B0GR7DTKP8,,,,,
Hisense,"Hisense Smart TV 85"" 4K Ultra HD 2025 85E63QT, Smart TV VIDAA U8, Dolby Vision, HDR 10, Game Mode Plus, Alexa Built-in, VI...",https://www.amazon.it/dp/B0F1WHZW3P,85.0,699.0,699.0,EUR,699.0,Amazon,IT,2026-08-26T04:57:43Z,B0F1WHZW3P,,,,,
Hisense,"Hisense TV 55"" Mini-LED 144Hz 4K 2025 55U72Q, Smart TV VIDAA U8, Dolby Vision IQ, HDR 10+ Adaptive, 144Hz Game Mode PRO, D...",https://www.amazon.it/dp/B0F1W5SZKX,55.0,476.0,476.0,EUR,476.0,Amazon,IT,2026-08-26T04:57:43Z,B0F1W5SZKX,,,,,
Hisense,"Hisense TV 85"" QLED 4K 144Hz 2025 85E7Q PRO, Smart TV VIDAA U8, Dolby Vision IQ, HDR 10+ Adaptive, 144hz Game Mode PRO, Do...",https://www.amazon.it/dp/B0F1N6RKFQ,85.0,799.0,799.0,EUR,799.0,Amazon,IT,2026-08-26T04:57:43Z,B0F1N6RKFQ,,,,,
Hisense,"Hisense TV 65"" QLED 4K 65E77NQ, Smart TV VIDAA U7, Dolby Vision, HDR 10+, Game Mode Plus, Dolby Atmos, Alexa Built-in, VID...",https://www.amazon.it/dp/B0CZXPSPHZ,65.0,499.0,499.0,EUR,499.0,Amazon,IT,2026-08-26T04:57:43Z,B0CZXPSPHZ,,,,,
Hisense,"Hisense Smart TV MiniLED 144Hz 50"" 4K 50U7SE | Dolby Atmos 2.1 By Devialet, Dolby Vision IQ, HDR10+, VIDAA OS, Alexa, lati...",https://www.amazon.it/dp/B0GKQ1371K,50.0,469.0,469.0,EUR,469.0,Amazon,IT,2026-08-26T04:57:43Z,B0GKQ1371K,,,,,
Hisense,"Hisense Smart TV MiniLED 165Hz 65"" 4K 65U79S PRO | Schermo Anti-Riflesso, Dolby Atmos 2.1.2 By Devialet, VIDAA OS, Dolby V...",https://www.amazon.it/dp/B0GR77J8WH,65.0,779.0,779.0,EUR,779.0,Amazon,IT,2026-08-26T04:57:43Z,B0GR77J8WH,,,,,
Hisense,"Hisense 40A59S - TV 40 Pollici, Smart TV 4K Full HD QLED DVB-T2 Nero Classe Energetica E",https://www.amazon.it/dp/B0H1N6FDBV,40.0,,,,,Amazon,IT,2026-08-26T04:57:43Z,B0H1N6FDBV,,,,,
Hisense,"Hisense Smart TV QLED 55"" 4K 55A7S | Audio Dolby Atmos, Design Unibody Slim, VIDAA OS, Dolby Vision IQ, HDR 10+, BT, Wifi,...",https://www.amazon.it/dp/B0GSBJMYTB,55.0,359.0,359.0,EUR,359.0,Amazon,IT,2026-08-26T04:57:43Z,B0GSBJMYTB,,,,,
Hisense,"Hisense TV 100"" QLED 4K 144Hz 100E7Q PRO, Smart TV VIDAA U8, Dolby Vision IQ, HDR 10+ Adaptive, 144hz Game Mode PRO, Dolby...",https://www.amazon.it/dp/B0F1N92VWF,100.0,1499.0,1499.0,EUR,1499.0,Amazon,IT,2026-08-26T04:57:43Z,B0F1N92VWF,,,,,
Hisense,"Hisense TV 65"" QLED 4K 65A72NQ, Smart TV VIDAA U7, Dolby Vision, HDR 10+, Game Mode Plus, Dolby Atmos, Alexa Built-in, VID...",https://www.amazon.it/dp/B0CZXMFPY6,65.0,479.0,479.0,EUR,479.0,Amazon,IT,2026-08-26T04:57:43Z,B0CZXMFPY6,,,,,
Hisense,"Hisense Smart TV RGB MiniLED 170Hz 65"" 4K 65UR9S | Schermo Anti-Riflesso, Dolby Atmos 4.1.2 By Devialet, Dolby Vision IQ, ...",https://www.amazon.it/dp/B0GR6VCJL6,65.0,1158.05,1158.05,EUR,1158.05,Amazon,IT,2026-08-26T04:57:43Z,B0GR6VCJL6,,,,,
Hisense,"Hisense 43"" QLED UHD 43E78HQ, Smart TV VIDAA 5.0, HDR Dolby Vision, VA, Controlli vocali Alexa, Tuner DVB-T2/S2 HEVC 10, l...",https://www.amazon.it/dp/B0B12RV1RK,43.0,,,,,Amazon,IT,2026-08-26T04:57:43Z,B0B12RV1RK,,,,,
Hisense,"Hisense 32"" HD 32E43KT, Smart TV VIDAA U6, Game Mode, Controlli vocali Alexa, Tuner DVB-T2/S2 HEVC 10, lativù",https://www.amazon.it/dp/B0BXB4G57L,32.0,,,,,Amazon,IT,2026-08-26T04:57:43Z,B0BXB4G57L,,,,,
Hisense,"Hisense TV 55"" QLED 4K 2025 55E78Q, Smart TV VIDAA U8, Dolby Vision, HDR 10+, Game Mode Plus, Dolby Atmos, Alexa Built-in,...",https://www.amazon.it/dp/B0F1WLGCWM,55.0,,,,,Amazon,IT,2026-08-26T04:57:43Z,B0F1WLGCWM,,,,,
Hisense,"Hisense TV 55"" Mini-LED 165Hz 4K 2025 55U8Q, Octagonal Stand, Dolby Atmos Multi-Channel Surround 4.1.2, Smart TV VIDAA U9 ...",https://www.amazon.it/dp/B0F1WHZW4G,55.0,,,,,Amazon,IT,2026-08-26T04:57:43Z,B0F1WHZW4G,,,,,
Hisense,"Hisense TV 40"" Full HD 40A4N, Smart TV VIDAA U7, Game Mode, Works with Alexa, Tuner DVB-T2/S2 HEVC 10, lativù, 40'', 2024 LED",https://www.amazon.it/dp/B0CZX3GM3F,40.0,252.0,252.0,EUR,252.0,Amazon,IT,2026-08-26T04:57:43Z,B0CZX3GM3F,,,,,
Hisense,"Hisense 40AE5000F TV LED FULL HD 40"", Bezelless, USB Media Player, Tuner DVB-T2/S2 HEVC Main10",https://www.amazon.it/dp/B086BSRSRW,40.0,,,,,Amazon,IT,2026-08-26T04:57:43Z,B086BSRSRW,,,,,
Hisense,"Hisense 65"" QLED 4K 2023 65E77KQ, Smart TV VIDAA U6, Dolby Vision, HDR 10+, Game Mode PRO Plus, Alexa Built-in, VIDAA Voic...",https://www.amazon.it/dp/B0C5N5KTLM,65.0,499.0,499.0,EUR,499.0,Amazon,IT,2026-08-26T04:57:43Z,B0C5N5KTLM,,,,,
Hisense,"Hisense Smart TV QLED 43"" 4K 43A79S",https://www.amazon.it/dp/B0GR6X2YNN,43.0,297.59,297.59,EUR,297.59,Amazon,IT,2026-08-26T04:57:43Z,B0GR6X2YNN,,,,,
Hisense,"Hisense 50A79Q - TV 50 Pollici, Smart TV, QLED, DVB-T2, HEVC, 4K, Classe energetica E",https://www.amazon.it/dp/B0FQC3PTR7,50.0,359.0,359.0,EUR,359.0,Amazon,IT,2026-08-26T04:57:43Z,B0FQC3PTR7,,,,,
Hisense,"Hisense TV 43"" 4K Ultra HD 43A6N, Smart TV VIDAA U7, Dolby Vision, HDR 10+, DTS Virtual:X, Game Mode, Alexa Built-in, VIDA...",https://www.amazon.it/dp/B0CZWPDP34,43.0,374.69,374.69,EUR,374.69,Amazon,IT,2026-08-26T04:57:43Z,B0CZWPDP34,,,,,
Hisense,"Hisense 32A5NQ 32"" QLED FullHD Dolby Vision VIDAA Smart TV",https://www.amazon.it/dp/B0CXTLDGZ9,32.0,347.79,347.79,EUR,347.79,Amazon,IT,2026-08-26T04:57:43Z,B0CXTLDGZ9,,,,,
Hisense,"Hisense Smart TV 43"" 4K Ultra HD 2025 43A6Q, Smart TV VIDAA U8, Dolby Vision, HDR 10, Game Mode Plus, Alexa Built-in, VIDA...",https://www.amazon.it/dp/B0F4DF55P6,43.0,,,,,Amazon,IT,2026-08-26T04:57:43Z,B0F4DF55P6,,,,,
Hisense,"Hisense Smart TV RGB MiniLED 180Hz 55"" 4K 55UR8S | Schermo Anti-Riflesso, Dolby Atmos 2.1.2 By Devialet, Dolby Vision IQ, ...",https://www.amazon.it/dp/B0GX9JNFGJ,55.0,1109.31,1109.31,EUR,1109.31,Amazon,IT,2026-08-26T04:57:43Z,B0GX9JNFGJ,,,,,
Hisense,"Hisense 40AE5600FA Smart TV Android, LED FULL HD 40"", Design Slim, USB Media Player, Tuner DVB-T2/S2 HEVC Main10, Bluetooth",https://www.amazon.it/dp/B08SQJH35G,40.0,260.95,260.95,EUR,260.95,Amazon,IT,2026-08-26T04:57:43Z,B08SQJH35G,,,,,
Hisense,"Hisense Smart TV MiniLED 144Hz 55"" 4K TV 55U79SE, Dolby Atmos 2.1 By Devialet, Dolby Vision IQ, HDR10+, Native 144Hz Game ...",https://www.amazon.it/dp/B0GM1RLZ5R,55.0,510.77,510.77,EUR,510.77,Amazon,IT,2026-08-26T04:57:43Z,B0GM1RLZ5R,,,,,
Hisense,Hisense 43A69S - Smart TV 43 Pollici LED 4K DVB-T2 HEVC/H.265 Wifi Nero Classe Energetico E,https://www.amazon.it/dp/B0H83CB2LF,43.0,269.0,269.0,EUR,269.0,Amazon,IT,2026-08-26T04:57:43Z,B0H83CB2LF,,,,,
Hisense,"Hisense Smart TV 55"" 4K Ultra HD 2025 55A6Q, Smart TV VIDAA U8, Dolby Vision, HDR 10, Game Mode Plus, Alexa Built-in, VIDA...",https://www.amazon.it/dp/B0F4D9MLMQ,55.0,,,,,Amazon,IT,2026-08-26T04:57:43Z,B0F4D9MLMQ,,,,,
Hisense,"Hisense 55U6NQ - Smart TV 55 Pollici (139 cm), 4K Ultra HD, QNED MiniLED, DVB-T2, Grigio",https://www.amazon.it/dp/B0CXTNG23H,55.0,674.71,674.71,EUR,674.71,Amazon,IT,2026-08-26T04:57:43Z,B0CXTNG23H,,,,,
Hisense,"Hisense 65"" ULED Mini-LED 4K 2023 65U62KQ, Smart TV VIDAA U6, Dolby Vision, HDR 10+, Game Mode Plus, Alexa Built-in, VIDAA...",https://www.amazon.it/dp/B0C7KY44Q4,65.0,599.0,599.0,EUR,599.0,Amazon,IT,2026-08-26T04:57:43Z,B0C7KY44Q4,,,,,
TCL,"TCL 55T6C – Smart TV QLED 4K HDR10+ da 55"", Fire TV con Dolby Atmos | Game Mast, VRR, Dolby Vision, Motion Clarity, Press...",https://www.amazon.it/dp/B0DW9698LP,55.0,369.0,369.0,EUR,369.0,Amazon,IT,2026-08-26T04:57:43Z,B0DW9698LP,,,,,
Hisense,Hisense 65A85N - TV 65 Pollici Smart TV OLED 4K DVB-T2 Wifi HEVC DVB-T2 Classe Energetica F,https://www.amazon.it/dp/B0D7CX78ZD,65.0,1008.87,1008.87,EUR,1008.87,Amazon,IT,2026-08-26T04:57:43Z,B0D7CX78ZD,,,,,
Hisense,Hisense 50Q7S - TV 50 Pollici Smart TV 4K QLED DVB-T2 Wifi HEVC/H.265 Nero Classe Energetica E,https://www.amazon.it/dp/B0H83625QD,50.0,401.26,401.26,EUR,401.26,Amazon,IT,2026-08-26T04:57:43Z,B0H83625QD,,,,,
Hisense,"Hisense TV 55"" 4K Ultra HD 55A6N, Smart TV VIDAA U7, Dolby Vision, HDR 10+, DTS Virtual:X, Game Mode, Alexa Built-in, VIDA...",https://www.amazon.it/dp/B0CZWTBDW6,55.0,,,,,Amazon,IT,2026-08-26T04:57:43Z,B0CZWTBDW6,,,,,
Hisense,Hisense 55Q8S - TV 55 Pollici Smart TV 4K DVB-T2 ULED Wifi Nero Classe E,https://www.amazon.it/dp/B0H835F766,55.0,613.6,613.6,EUR,613.6,Amazon,IT,2026-08-26T04:57:43Z,B0H835F766,,,,,
Hisense,"Hisense TV 100"" Mini-LED 165Hz 4K 2025 100U7Q PRO, Smart TV VIDAA U9 con 1000+APP, Dolby Vision IQ, HDR 10+ Adaptive, 165H...",https://www.amazon.it/dp/B0F1YST2D4,100.0,2399.0,2399.0,EUR,2399.0,Amazon,IT,2026-08-26T04:57:43Z,B0F1YST2D4,,,,,
Hisense,"Hisense 40A59NQ - Smart TV 40 Pollici (100 cm), HD, DVB-T2 HEVC, Nero, Classe energetica F",https://www.amazon.it/dp/B0DJVT8G7Z,40.0,330.34,330.34,EUR,330.34,Amazon,IT,2026-08-26T04:57:43Z,B0DJVT8G7Z,,,,,
Hisense,"Hisense 43A79Q - TV 43 Pollici, Smart TV, QLED 4K, HEVC, DVB-T2, Classe energetica E",https://www.amazon.it/dp/B0FJMSFYQY,43.0,333.99,333.99,EUR,333.99,Amazon,IT,2026-08-26T04:57:43Z,B0FJMSFYQY,,,,,
Hisense,"Hisense TV 55"" Mini-LED 4K 55U72NQ, Smart TV VIDAA U7, Dolby Vision IQ, HDR 10+ Adaptive, 144Hz Game Mode PRO, Alexa Buil...",https://www.amazon.it/dp/B0CZPD2L6L,55.0,,,,,Amazon,IT,2026-08-26T04:57:43Z,B0CZPD2L6L,,,,,
Hisense,"Hisense TV 55"" 4K Ultra HD 55E63NT, Smart TV VIDAA U7, Dolby Vision, HDR 10+, DTS Virtual:X, Game Mode Plus, Alexa Built-i...",https://www.amazon.it/dp/B0CZXP1LNX,55.0,,,,,Amazon,IT,2026-08-26T04:57:43Z,B0CZXP1LNX,,,,,
Hisense,"Hisense Smart TV 50"" 4K Ultra HD 2025 50A6Q, Smart TV VIDAA U8, Dolby Vision, HDR 10, Game Mode Plus, Alexa Built-in, VIDA...",https://www.amazon.it/dp/B0F4D9YNHR,50.0,,,,,Amazon,IT,2026-08-26T04:57:43Z,B0F4D9YNHR,,,,,
Hisense,"Hisense 65E79Q - Smart TV 65 Pollici, DVB-T2 HEVC, QLED, colore Nero, Classe energetica G",https://www.amazon.it/dp/B0FJMR5XCG,65.0,569.0,569.0,EUR,569.0,Amazon,IT,2026-08-26T04:57:43Z,B0FJMR5XCG,,,,,
Hisense,"Hisense 58"" UHD 58A6CG, Smart TV VIDAA 5.0, HDR Dolby Vision, IPS, Controlli vocali Alexa / Google Assistant, Tuner DVB-T...",https://www.amazon.it/dp/B09ZVFH15B,58.0,419.0,419.0,EUR,419.0,Amazon,IT,2026-08-26T04:57:43Z,B09ZVFH15B,,,,,
TCL,"TCL 65T69C – Smart TV QLED 4K HDR10+ da 65"", Google TV con Dolby Atmos | Game Mast, Dolby Vision, Motion Clarity, Google A...",https://www.amazon.it/dp/B0F8QDCBCM,65.0,493.99,493.99,EUR,493.99,Amazon,IT,2026-08-26T04:57:43Z,B0F8QDCBCM,,,,,
Hisense,"Hisense 50"" UHD 4K 2023 50E63KT, Smart TV VIDAA U6, Dolby Vision, HDR 10+, Game Mode Plus, Alexa Built-in, Tuner DVB-T2/S2...",https://www.amazon.it/dp/B0C2ZMMC5F,50.0,,,,,Amazon,IT,2026-08-26T04:57:43Z,B0C2ZMMC5F,,,,,
Hisense,"Hisense 55E7NQ - Smart TV 55 Pollici (139 cm), 4K Ultra HD, QLED, DVB-T2, HEVC/H.265, Nero",https://www.amazon.it/dp/B0CXTKWMZK,55.0,,,,,Amazon,IT,2026-08-26T04:57:43Z,B0CXTKWMZK,,,,,
Hisense,"Hisense 75"" QLED 4K 2023 75A72KQ, Smart TV VIDAA U6, Dolby Vision, HDR 10+, Game Mode Plus, Alexa Built-in, VIDAA Voice, T...",https://www.amazon.it/dp/B0CLB85WMK,75.0,597.39,597.39,EUR,597.39,Amazon,IT,2026-08-26T04:57:43Z,B0CLB85WMK,,,,,
Hisense,"Hisense Smart TV OLED 65"" 4K 65A8DQ, Smart TV VIDAA con 1000+APP, Dolby Vision IQ, HDR 10+ Adaptive, 120Hz Game Mode PRO, ...",https://www.amazon.it/dp/B0FQ68SMCB,65.0,1448.45,1448.45,EUR,1448.45,Amazon,IT,2026-08-26T04:57:43Z,B0FQ68SMCB,,,,,
Hisense,Hisense TV Smart TV 100U8Q(2025) 100'' Mini-LED ULED UHD 4k,https://www.amazon.it/dp/B0FFSRNCBF,100.0,3637.69,3637.69,EUR,3637.69,Amazon,IT,2026-08-26T04:57:43Z,B0FFSRNCBF,,,,,
Hisense,"Hisense 65"" QLED 4K 2023 65E77KQ, Smart TV VIDAA U6, Dolby Vision, HDR 10+ 4K HS2100 Soundbar 2.1, 240W, Subwoofer Sottile...",https://www.amazon.it/dp/B0CRZRLG82,65.0,591.98,591.98,EUR,591.98,Amazon,IT,2026-08-26T04:57:43Z,B0CRZRLG82,,,,,
Hisense,"Hisense 43E79NQ - Smart TV 43 Pollici (108 cm), QLED, 4K, DVB-T2 HEVC",https://www.amazon.it/dp/B0DJT3L51S,43.0,,,,,Amazon,IT,2026-08-26T04:57:43Z,B0DJT3L51S,,,,,
Hisense,"Hisense TV 100E7NQ PRO 100"" QLED 4K 144Hz, VIDAA U7, Dolby Vision IQ, HDR 10+ Adaptive, Game Mode PRO, Dolby Atmos 2.1, Al...",https://www.amazon.it/dp/B0D4MC7DBD,100.0,,,,,Amazon,IT,2026-08-26T04:57:43Z,B0D4MC7DBD,,,,,
Hisense,"Hisense 55A79NQ - Smart TV 55 Pollici, 4K, DVB-T2, HEVC(H.265), Nero",https://www.amazon.it/dp/B0DJT1VKW2,55.0,649.89,649.89,EUR,649.89,Amazon,IT,2026-08-26T04:57:43Z,B0DJT1VKW2,,,,,
Hisense,"Hisense Smart TV 43 Pollici 4K, DVB-T2, Wifi colore Nero",https://www.amazon.it/dp/B0BCG7DD46,43.0,394.9,394.9,EUR,394.9,Amazon,IT,2026-08-26T04:57:43Z,B0BCG7DD46,,,,,
Hisense,"Hisense 65E79NQ - Smart TV 65 pollici (164 cm), QLED, DVB-T2 HEVC, 4K, Classe energetica E",https://www.amazon.it/dp/B0DJT2XH36,65.0,761.91,761.91,EUR,761.91,Amazon,IT,2026-08-26T04:57:43Z,B0DJT2XH36,,,,,
Hisense,"Hisense 65E79KQ - Smart TV da 65 Pollici, 4K, DVB-T2, H.264, Nero, QLED",https://www.amazon.it/dp/B0CL58MH46,65.0,695.47,695.47,EUR,695.47,Amazon,IT,2026-08-26T04:57:43Z,B0CL58MH46,,,,,
Hisense,"Hisense 58"" UHD 4K 2023 58A6K, Smart TV VIDAA U6, Dolby Vision, HDR 10+, Game Mode, Alexa Built-in, Tuner DVB-T2/S2 HEVC 1...",https://www.amazon.it/dp/B0C9VQTYVC,58.0,606.09,606.09,EUR,606.09,Amazon,IT,2026-08-26T04:57:43Z,B0C9VQTYVC,,,,,
Hisense,"Hisense 65U71QF Smart TV ULED Ultra HD 4K 65"", Quantum Dot, Dolby Vision HDR, HDR10+, Dolby Atmos, Full Array Local Dimmin...",https://www.amazon.it/dp/B086B48VCX,65.0,1290.0,1290.0,EUR,1290.0,Amazon,IT,2026-08-26T04:57:43Z,B086B48VCX,,,,,
Hisense,Hisense 55A6G - Smart TV 55 Pollici 4K LED DVB-T2 Android Wi-Fi,https://www.amazon.it/dp/B095Z5CB79,55.0,688.0,688.0,EUR,688.0,Amazon,IT,2026-08-26T04:57:43Z,B095Z5CB79,,,,,
Hisense,"Hisense 85E7NQ Pro TV da 215 cm (85 pollici), 4K UHD, QLED, Smart TV, Total HDR, Dolby Vision IQ Atmos, 144Hz (VRR), HDMI ...",https://www.amazon.it/dp/B0CXTKRWCK,85.0,1896.29,1896.29,EUR,1896.29,Amazon,IT,2026-08-26T04:57:43Z,B0CXTKRWCK,,,,,
Hisense,"HISENSE U7QF 55U7QF TV 139,7 cm (55"") 4K Ultra HD Smart TV Wi-Fi Nero U7QF 55U7QF, 139,7 cm (55""), 3840 x 2160 Pixel, LED,...",https://www.amazon.it/dp/B08553C764,55.0,1101.0,1101.0,EUR,1101.0,Amazon,IT,2026-08-26T04:57:43Z,B08553C764,,,,,
Hisense,"Hisense 43A69K - TV Smart 43 Pollici, 4K, DVB-T2, H.265, Nero",https://www.amazon.it/dp/B0CHBCWQZ6,43.0,,,,,Amazon,IT,2026-08-26T04:57:43Z,B0CHBCWQZ6,,,,,
Sony,Sony BRAVIA 5 XR Mini LED 75 Pollici | Processore AI XR | Acoustic Multi-Audio | Dolby Vision/Atmos | IMAX Enhanced | Goog...,https://www.amazon.it/dp/B0F4L4JSYM,75.0,1902.51,1902.51,EUR,1902.51,Amazon,IT,2026-08-26T04:57:43Z,B0F4L4JSYM,,,,,
Hisense,"Hisense 65"" ULED Mini-LED 4K 2023 65U62KQ, Smart TV VIDAA U6, Dolby Vision, HDR 10+ 4K HS2100 Soundbar 2.1, 240W, Subwoofe...",https://www.amazon.it/dp/B0CRZHB7KF,65.0,691.98,691.98,EUR,691.98,Amazon,IT,2026-08-26T04:57:43Z,B0CRZHB7KF,,,,,
Hisense,"TUCANSBP Striscia di retroilluminazione a LED Compatibile for Hisense 55"" TV 55R6E3 U55F8000H LB5500Q 55A6H 55A7300FTUK 55...",https://www.amazon.it/dp/B0D49W5CCM,55.0,31.25,31.25,EUR,31.25,Amazon,IT,2026-08-26T04:57:43Z,B0D49W5CCM,,,,,
Hisense,"2 piedini di ricambio per TV Hisense, in ABS, senza trapano, per Smart TV LED Hisense da 32 pollici, 40 pollici e 43 polli...",https://www.amazon.it/dp/B0H28WQLD5,32.0,13.16,13.16,EUR,13.16,Amazon,IT,2026-08-26T04:57:43Z,B0H28WQLD5,,,,,
Hisense,"TUCANSBP Compatible with Hisense 48"" LCD TV RSAG7.820.6733 HE48UGEJR34E45205647 HD480DF-B31 LED48K20JD LED48K220 LED48K320...",https://www.amazon.it/dp/B0D2QVBDZ4,48.0,34.83,34.83,EUR,34.83,Amazon,IT,2026-08-26T04:57:43Z,B0D2QVBDZ4,,,,,
Philips,"Philips 50PUS7906/12 TV LED Android da 50 pollici, Smart TV 4K con Ambilight, Immagini HDR Nitide, Dolby Vision Cinematogr...",https://www.amazon.it/dp/B0958V8J2R,50.0,,,,,Amazon,IT,2026-08-26T04:57:43Z,B0958V8J2R,,,,,
Hisense,PANMILED Hisense - Strisce di retroilluminazione LED per TV da 58 pollici JL.D580A1330-365AS-M_V02 H58AE6100 H58A6100 H58A...,https://www.amazon.it/dp/B0B3HYPV6J,58.0,,,,,Amazon,IT,2026-08-26T04:57:43Z,B0B3HYPV6J,,,,,
Hisense,ERF6A80 Nuovo Replace Voice Remote work for Hisense 65-Inch Class U8 Series | Mini-LED ULED 4K UHD Smart TV 2024 Models 55...,https://www.amazon.it/dp/B0DKNM8PLL,65.0,29.23,29.23,EUR,29.23,Amazon,IT,2026-08-26T04:57:43Z,B0DKNM8PLL,,,,,
Hisense,"WUWMTUTCK Striscia di Retroilluminazione A LED da 583 Mm 5 Lampada Adatta for Hisense for LG 32LF520D 32 ""TV SV0320AK4_Rev...",https://www.amazon.it/dp/B0DPC8J6X7,32.0,148.5,148.5,EUR,148.5,Amazon,IT,2026-08-26T04:57:43Z,B0DPC8J6X7,,,,,
Hisense,"BWBVHRHZY Striscia di Retroilluminazione A LED da 583 Mm 5 Lampada Adatta for Hisense for LG 32LF520D 32 ""TV SV0320AK4_Rev...",https://www.amazon.it/dp/B0DLB353MK,32.0,149.9,149.9,EUR,149.9,Amazon,IT,2026-08-26T04:57:43Z,B0DLB353MK,,,,,
Hisense,"NIBOTT Striscia di Retroilluminazione A LED da 583 Mm 5 Lampada Adatta for Hisense for LG 32LF520D 32 ""TV SV0320AK4_Rev09_...",https://www.amazon.it/dp/B0CY98S5DL,32.0,139.96,139.96,EUR,139.96,Amazon,IT,2026-08-26T04:57:43Z,B0CY98S5DL,,,,,
Samsung,"KELUNIS HD Clear Anti Luce Blu 32-75 Pollici Proteggi Schermo TV per Sharp Sony Samsung Hisense LG,48"" (1056 * 596)",https://www.amazon.it/dp/B09M6RZ9Z5,75.0,95.11,95.11,EUR,95.11,Amazon,IT,2026-08-26T04:57:43Z,B09M6RZ9Z5,,,,,
Hisense,Yhytgbhk Scheda logica T-con 6870C-0552A Compatibile con TV Hisense/LG/Westinghouse/Philips/Vizio da 43 Pollici(No R126 Re...,https://www.amazon.it/dp/B0F6CXXZKF,43.0,90.84,90.84,EUR,90.84,Amazon,IT,2026-08-26T04:57:43Z,B0F6CXXZKF,,,,,
Hisense,"Yhytgbhk Scheda logica V500HK1-CS5 Compatibile con Hisense LED50K310X3D Konka LED50R5100DE, Schermo da 55 Pollici, Scheda ...",https://www.amazon.it/dp/B0F63GYLL2,55.0,80.15,80.15,EUR,80.15,Amazon,IT,2026-08-26T04:57:43Z,B0F63GYLL2,,,,,
Hisense,TUCANSBP 33PCS (3TV) Striscia LED Compatibile for Hisense 50 ''TV SVH500A24 HD500DF-B53 HD500DF-B54 RSAG7.820.6660 50H5GB ...,https://www.amazon.it/dp/B0D1P5SYTN,50.0,54.47,54.47,EUR,54.47,Amazon,IT,2026-08-26T04:57:43Z,B0D1P5SYTN,,,,,
Hisense,TUCANSBP 500mm 54 ledStriscia LED retroilluminata Compatibile for Hisense 40 Pollici SSY_1125050 RSAG7.820.5057 HE400GF-B3...,https://www.amazon.it/dp/B0D4DD3D5V,40.0,48.99,48.99,EUR,48.99,Amazon,IT,2026-08-26T04:57:43Z,B0D4DD3D5V,,,,,
TCL,"TCL 55P7K 55” QLED 4K HDR TV, Google TV, Smart TV (Dolby Vision & Atmos, Game Master, Motion clarity)",https://www.amazon.it/dp/B0F99Z7M9M,55.0,,,,,Amazon,IT,2026-08-26T04:57:43Z,B0F99Z7M9M,,,,,
Hisense,TUCANSBP Strisce di retroilluminazione a LED da 778 mm compatibili con Hisense 43 Pollici HZ43E3D JL.D425B1330-003AS-M-V02...,https://www.amazon.it/dp/B0D2QW3LQG,43.0,22.0,22.0,EUR,22.0,Amazon,IT,2026-08-26T04:57:43Z,B0D2QW3LQG,,,,,
Hisense,TVAAGHBCBR 15 Pz (5TV) Compatibile for Hisense/Singfun Striscia TV retroilluminata a LED da 38 Pollici JL.D38561330-140ES-...,https://www.amazon.it/dp/B0DW3Y69CJ,38.0,69.15,69.15,EUR,69.15,Amazon,IT,2026-08-26T04:57:43Z,B0DW3Y69CJ,,,,,
Sony,"Sony BRAVIA KD-32W800 - Smart TV 32 pollici, HD Ready LED, HDR, Android TV, KD32W800PAEP [Classe di efficienza energetica F]",https://www.amazon.it/dp/B0BNW6941F,32.0,280.0,280.0,EUR,280.0,Amazon,IT,2026-08-26T04:57:43Z,B0BNW6941F,,,,,
Sony,"Sony BRAVIA 2Ⅱ 50"", 4K Smart TV (Google TV), Processore X1,4K Upscaling, Televisione con Dolby Atmos e DTS:X, compatibile ...",https://www.amazon.it/dp/B0GZLDN3SH,50.0,499.0,499.0,EUR,499.0,Amazon,IT,2026-08-26T04:57:43Z,B0GZLDN3SH,,,,,
Sony,"TV Sony BRAVIA 3Ⅱ43 pollici, Smart TV 4K (Google TV), processore XR con tecnologia AI, 120 Hz con Dolby Vision/Atmos, comp...",https://www.amazon.it/dp/B0GZQ8F1R6,43.0,789.0,789.0,EUR,789.0,Amazon,IT,2026-08-26T04:57:43Z,B0GZQ8F1R6,,,,,
Sony,"Sony BRAVIA 2Ⅱ 55"", 4K Smart TV (Google TV), Processore X1,4K Upscaling, Televisione con Dolby Atmos e DTS:X, compatibile ...",https://www.amazon.it/dp/B0GZL1BLJ9,55.0,556.0,556.0,EUR,556.0,Amazon,IT,2026-08-26T04:57:43Z,B0GZL1BLJ9,,,,,
Sony,"TV Sony BRAVIA 3Ⅱ50 pollici, Smart TV 4K (Google TV), processore XR con tecnologia AI, 120 Hz con Dolby Vision/Atmos, comp...",https://www.amazon.it/dp/B0GZQ4G7BL,50.0,899.0,899.0,EUR,899.0,Amazon,IT,2026-08-26T04:57:43Z,B0GZQ4G7BL,,,,,
Sony,"Sony BRAVIA 8 OLED 55 Pollici 4K HDR Google Smart TV | Gaming Menu per PlayStation 5, IMAX Enhanced, Dolby Vision Atmos, C...",https://www.amazon.it/dp/B0D1VTR2M5,55.0,1862.09,1862.09,EUR,1862.09,Amazon,IT,2026-08-26T04:57:43Z,B0D1VTR2M5,,,,,
Sony,"Sony K-55XR8 Televisione 55"" 4K Oled Ultra HD Smart TV, HDR, DVB-T2, Hevc Main 10, Wi-Fi Nero",https://www.amazon.it/dp/B0FMF94X5B,55.0,1736.37,1736.37,EUR,1736.37,Amazon,IT,2026-08-26T04:57:43Z,B0FMF94X5B,,,,,
Sony,"Sony BRAVIA 7 II True RGB 65 Inch TV, 4K Smart TV (Google TV), RGB LED, XR Processor with AI Technology, 120hz Television ...",https://www.amazon.it/dp/B0H2JSJ8QM,65.0,1875.0,1875.0,EUR,1875.0,Amazon,IT,2026-08-26T04:57:43Z,B0H2JSJ8QM,,,,,
Panasonic,"Panasonic TB-43W61AEZ, Serie W61 43 pollici, Smart TV LED 4K Ultra HD, 2025, TiVo, Dolby Vision e Atmos, Game Mode Plus, C...",https://www.amazon.it/dp/B0H2MS6C1G,43.0,249.0,249.0,EUR,249.0,Amazon,IT,2026-08-26T04:57:43Z,B0H2MS6C1G,,,,,
Sony,"Sony BRAVIA KD-32W800 - Smart TV 32 pollici, HD Ready LED, HDR, Android TV, KD32W800PAEP",https://www.amazon.it/dp/B0924J83VN,32.0,,,,,Amazon,IT,2026-08-26T04:57:43Z,B0924J83VN,,,,,
Samsung,"Samsung Full HD Smart TV 27'' UE27F6000FUXZT, Hyper Real Processor, HDR & Pur Color, Smart Experience, OTS Lite & Adaptive...",https://www.amazon.it/dp/B0F7LLQRKX,27.0,179.0,179.0,EUR,179.0,Amazon,IT,2026-08-26T04:57:43Z,B0F7LLQRKX,,,,,
Xiaomi,"XIAOMI TV F Pro 75,75 pollici (190 cm),4K UHD QLED,Smart TV,Fire TV, Triple Tuner DVB-C/S/S2/T/T2,HDR10+, Modalità Game Bo...",https://www.amazon.it/dp/B0F45BLD1H,75.0,509.0,509.0,EUR,509.0,Amazon,IT,2026-08-26T04:57:43Z,B0F45BLD1H,,,,,
Philips,"PHILIPS Ambilight TV 32PQS6901/12 32 Inch FHD QLED Smart TV | Pixel Precise Ultra HD, Titan OS, Dolby Audio",https://www.amazon.it/dp/B0H347QPS6,32.0,241.0,241.0,EUR,241.0,Amazon,IT,2026-08-26T04:57:43Z,B0H347QPS6,,,,,
Samsung,"Samsung Crystal UHD 4K Smart TV 55'' UE55U7000FUXZT, Crystal 4K Processor, HDR, Smart Experience, OTS Lite & Adaptive Soun...",https://www.amazon.it/dp/B0F4TCSYQK,55.0,369.0,369.0,EUR,369.0,Amazon,IT,2026-08-26T04:57:43Z,B0F4TCSYQK,,,,,
Sony,"Sony BRAVIA 7 QLED (XR l Mini LED) 85 pollici 4K HDR Google Smart TV | Gaming menu per PlayStation 5, IMAX Enhanced, Dolby...",https://www.amazon.it/dp/B0D1VWWM11,85.0,2793.62,2793.62,EUR,2793.62,Amazon,IT,2026-08-26T04:57:43Z,B0D1VWWM11,,,,,
Sony,"Sony Kd-55Xg7005 - Tv Smart da 55"", 4K Ultra Hd, Hdr, Slim Design, Nero",https://www.amazon.it/dp/B07P7KXRRK,55.0,,,,,Amazon,IT,2026-08-26T04:57:43Z,B07P7KXRRK,,,,,
Xiaomi,"XIAOMI TV A Pro 32, 32 pollici (81 cm), QLED, Smart TV, Google TV, Triple Tuner DVB-C/S/S2/T/T2,Dolby Audio, DTS Virtual:...",https://www.amazon.it/dp/B0FSRZPYZV,32.0,157.98,157.98,EUR,157.98,Amazon,IT,2026-08-26T04:57:43Z,B0FSRZPYZV,,,,,
Samsung,"Samsung QLED 4K Vision AI Smart TV 65'' QE65Q7F4AUXZT, Q4 Processor, 100% Volume Colore con Quantum Dot, Motion Xcelerato...",https://www.amazon.it/dp/B0F4T23RSZ,65.0,529.0,529.0,EUR,529.0,Amazon,IT,2026-08-26T04:57:43Z,B0F4T23RSZ,,,,,
Sony,Sony XR-85X95K – 85 Pollici- BRAVIA XR - Mini LED – 4K Ultra HD – High Dynamic Range (HDR) – Smart TV (Google TV) – Black ...,https://www.amazon.it/dp/B09ZPVXZVV,85.0,,,,,Amazon,IT,2026-08-26T04:57:43Z,B09ZPVXZVV,,,,,
Xiaomi,"XIAOMI TV F Pro 55, 55 pollici (140 cm),4K UHD QLED,Smart TV, Fire TV,Triple Tuner DVB-C/S/S2/T/T2, HDR10+, Modalità Game ...",https://www.amazon.it/dp/B0F44W5HQH,55.0,329.0,329.0,EUR,329.0,Amazon,IT,2026-08-26T04:57:43Z,B0F44W5HQH,,,,,
Xiaomi,"XIAOMI TV FX Mini LED da 43 pollici (101 cm), Smart TV QD-Mini LED, 4K UHD, Fire TV, HDR10+, MEMC, DTS:X, AirPlay 2, HDMI,...",https://www.amazon.it/dp/B0H26RB46K,43.0,309.0,309.0,EUR,309.0,Amazon,IT,2026-08-26T04:57:43Z,B0H26RB46K,,,,,
Samsung,"Samsung Smart TV 50"" UE50M72HAUXZT Mini LED 4K, HDR 10+, Motion Xcelerator 50Hz, Dynamic Sound Pack, Gaming Hub, Pure Spec...",https://www.amazon.it/dp/B0GX1TF3QW,50.0,449.0,449.0,EUR,449.0,Amazon,IT,2026-08-26T04:57:43Z,B0GX1TF3QW,,,,,
Samsung,"Samsung Vision AI Smart TV 65'' QE65S90FATXZT OLED 4K, NQ4 AI Gen3 Processor & 4K AI Upscaling, Motion Xcelerator 144 Hz, ...",https://www.amazon.it/dp/B0GV48BKN8,65.0,1299.0,1299.0,EUR,1299.0,Amazon,IT,2026-08-26T04:57:43Z,B0GV48BKN8,,,,,
Sony,"Sony FW-65EZ20L affichage de messages Écran plat de signalisation numérique 165,1 cm (65"") LED Wifi 350 cd/m² 4K",https://www.amazon.it/dp/B0CW6CK9B6,65.0,941.06,941.06,EUR,941.06,Amazon,IT,2026-08-26T04:57:43Z,B0CW6CK9B6,,,,,
LG,"LG NanoCell AI 65 Pollici, Serie NANO80 2025 Smart TV 4K - 65NANO80A6B | Processore ?7 Gen8, WebOS con AI, Telecomando Pun...",https://www.amazon.it/dp/B0F5HYWHGJ,65.0,439.99,439.99,EUR,439.99,Amazon,IT,2026-08-26T04:57:43Z,B0F5HYWHGJ,,,,,
Sony,"SONY FW-50EZ20L affichage de messages Panneau plat de signalisation numérique 127 cm (50"") LED Wifi 350 cd/m² 4K",https://www.amazon.it/dp/B0CXL3XFHN,50.0,647.58,647.58,EUR,647.58,Amazon,IT,2026-08-26T04:57:43Z,B0CXL3XFHN,,,,,
Sony,"SONY FW-55BZ35L affichage de messages Panneau plat de signalisation numérique 139,7 cm (55"") LCD Wifi 550 cd/m² 4K Ult",https://www.amazon.it/dp/B0C9YP4XD8,55.0,1249.99,1249.99,EUR,1249.99,Amazon,IT,2026-08-26T04:57:43Z,B0C9YP4XD8,,,,,
Philips,"PHILIPS Ambilight TV 40PQS6901/12 40 Inch FHD QLED Smart TV | Pixel Precise Ultra HD, Titan OS, Dolby Audio",https://www.amazon.it/dp/B0H34271JQ,40.0,329.0,329.0,EUR,329.0,Amazon,IT,2026-08-26T04:57:43Z,B0H34271JQ,,,,,
Samsung,"Samsung Neo QLED 4K Vision AI Smart TV 75'' QE75QN74FATXZT Mini LED, NQ4 AI Gen2 Processor, 4K AI Upscaling,Motion Xcelera...",https://www.amazon.it/dp/B0F4T8RSJS,75.0,999.0,999.0,EUR,999.0,Amazon,IT,2026-08-26T04:57:43Z,B0F4T8RSJS,,,,,
Sony,Sony Su-Wl450 -Staffa Per Il Montaggio a Parete Tv Sony da 32 a 85 Pollici,https://www.amazon.it/dp/B00IZEIZB4,85.0,49.99,49.99,EUR,49.99,Amazon,IT,2026-08-26T04:57:43Z,B00IZEIZB4,,,,,
Sony,Sony BRAVIA 8 OLED 65 Pollici 4K HDR Google Smart TV (2024) BRAVIA Theatre Bar 9,https://www.amazon.it/dp/B0D3HX915G,65.0,3045.11,3045.11,EUR,3045.11,Amazon,IT,2026-08-26T04:57:43Z,B0D3HX915G,,,,,
Sony,"Sony BRAVIA 8 OLED 55 Pollici 4K HDR, Google Smart TV (2024) BRAVIA Theatre Bar 9",https://www.amazon.it/dp/B0D426XDYC,55.0,2838.82,2838.82,EUR,2838.82,Amazon,IT,2026-08-26T04:57:43Z,B0D426XDYC,,,,,
Hisense,"Hisense Smart TV MiniLED 165Hz 55"" 4K 55U79S PRO | Schermo Anti-Riflesso, Dolby Atmos 2.1.2 By Devialet, VIDAA OS, Dolby V...",https://www.amazon.it/dp/B0GR6VM5TC,55.0,599.0,599.0,EUR,599.0,Amazon,IT,2026-08-26T04:57:43Z,B0GR6VM5TC,,,,,
Sony,"SONY FW-65BZ30L affichage de messages Panneau plat de signalisation numérique 165,1 cm (65"") LCD Wifi 440 cd/m² 4K Ult",https://www.amazon.it/dp/B0C9YQDK3B,65.0,1247.78,1247.78,EUR,1247.78,Amazon,IT,2026-08-26T04:57:43Z,B0C9YQDK3B,,,,,
Hisense,"Hisense Smart TV 50"" 4K Ultra HD 50E63QT, Smart TV VIDAA U8, Dolby Vision, HDR 10, Game Mode Plus, Alexa Built-in, VIDAA V...",https://www.amazon.it/dp/B0F1MH6497,50.0,299.0,299.0,EUR,299.0,Amazon,IT,2026-08-26T04:57:43Z,B0F1MH6497,,,,,
Sony,"SONY FW-55BZ40L affichage de messages Panneau plat de signalisation numérique 139,7 cm (55"") LCD Wifi 700 cd/m² 4K Ult",https://www.amazon.it/dp/B0C9YPXLS1,55.0,1147.72,1147.72,EUR,1147.72,Amazon,IT,2026-08-26T04:57:43Z,B0C9YPXLS1,,,,,
Sony,"SONY FW-75BZ30L affichage de messages Panneau plat de signalisation numérique 190,5 cm (75"") LCD Wifi 440 cd/m² 4K Ult",https://www.amazon.it/dp/B0C9YPHGXV,75.0,1684.79,1684.79,EUR,1684.79,Amazon,IT,2026-08-26T04:57:43Z,B0C9YPHGXV,,,,,
Sony,"Sony KD55X85L 55"" (139cm) 4K Ultra HD Smart Google Full Array LED TV",https://www.amazon.it/dp/B0C4XP7QNZ,55.0,1167.92,1167.92,EUR,1167.92,Amazon,IT,2026-08-26T04:57:43Z,B0C4XP7QNZ,,,,,
Sony,"SONY FW-50BZ30L affichage de messages Panneau plat de signalisation numérique 127 cm (50"") LCD Wifi 440 cd/m² 4K Ultra",https://www.amazon.it/dp/B0C9YQDDG2,50.0,840.79,840.79,EUR,840.79,Amazon,IT,2026-08-26T04:57:43Z,B0C9YQDDG2,,,,,
Samsung,"Samsung Smart TV 55"" QE55LS03HWUXZT The Frame Pro Neo QLED 4K, Glare Free, HDR10+, Dolby Atmos, Art Mode, Modern Frame Des...",https://www.amazon.it/dp/B0GWDYT97X,55.0,999.0,999.0,EUR,999.0,Amazon,IT,2026-08-26T04:57:43Z,B0GWDYT97X,,,,,
Samsung,"Samsung Smart TV 42"" QE42S92HAEXZT OLED 4K Glare Free, NQ4 AI Gen 3 Processor, HDR 10+, Motion Xcelerator 165Hz, Dolby Atm...",https://www.amazon.it/dp/B0GWMXTZKK,42.0,1049.0,1049.0,EUR,1049.0,Amazon,IT,2026-08-26T04:57:43Z,B0GWMXTZKK,,,,,
Samsung,"Samsung TV UE98DU9070UXZT LED 4K, Smart TV 98"" Crystal Processor 4K, Slim Look, DVBT-2, Q-Symphony & OTS Lite, compatibile...",https://www.amazon.it/dp/B0D2DXXFRW,98.0,1398.0,1398.0,EUR,1398.0,Amazon,IT,2026-08-26T04:57:43Z,B0D2DXXFRW,,,,,
Samsung,"Samsung Smart TV 65"" QE65S83HAEXZT OLED 4K, NQ4 AI Gen2 Processor, OLED HDR, Motion Xcelerator 120Hz, Dolby Atmos, FreeSyn...",https://www.amazon.it/dp/B0GXWL18WS,65.0,1456.0,1456.0,EUR,1456.0,Amazon,IT,2026-08-26T04:57:43Z,B0GXWL18WS,,,,,
Sony,"SONY FW-85BZ30L affichage de messages Panneau plat de signalisation numérique 2,16 m (85"") LCD Wifi 440 cd/m² 4K Ultra",https://www.amazon.it/dp/B0CD2MRG4S,85.0,2550.79,2550.79,EUR,2550.79,Amazon,IT,2026-08-26T04:57:43Z,B0CD2MRG4S,,,,,
Samsung,"Samsung TV UE55DU7170UXZT LED 4K, Smart TV 55"" Crystal Processor 4K, Slim Look, DVBT-2, Q-Symphony & OTS Lite, Integrato c...",https://www.amazon.it/dp/B0D17TTDJ5,55.0,369.0,369.0,EUR,369.0,Amazon,IT,2026-08-26T04:57:43Z,B0D17TTDJ5,,,,,
Sony,"SONY FW-65BZ35L affichage de messages Panneau plat de signalisation numérique 165,1 cm (65"") LCD Wifi 550 cd/m² 4K Ult",https://www.amazon.it/dp/B0C9YP24N9,65.0,1329.69,1329.69,EUR,1329.69,Amazon,IT,2026-08-26T04:57:43Z,B0C9YP24N9,,,,,
Xiaomi,"XIAOMI TV S Mini LED 65, QLED, 65 inch, Dolby Vision, Atmos144Hz, 1200 nits",https://www.amazon.it/dp/B0DJMBJPXN,65.0,599.0,599.0,EUR,599.0,Amazon,IT,2026-08-26T04:57:43Z,B0DJMBJPXN,,,,,
Sony,"SONY FW-55BZ30L affichage de messages Panneau plat de signalisation numérique 139,7 cm (55"") LCD Wifi 440 cd/m² 4K Ult",https://www.amazon.it/dp/B0C9YPDMQC,55.0,962.38,962.38,EUR,962.38,Amazon,IT,2026-08-26T04:57:43Z,B0C9YPDMQC,,,,,
Samsung,"Cello CTRAV-27TZ TV Traveller Smart 12V da 27"" con Tizen OS di Samsung, ricezione satellitare, Gaming Hub, altoparlanti Pi...",https://www.amazon.it/dp/B0GHR9GHZL,27.0,279.99,279.99,EUR,279.99,Amazon,IT,2026-08-26T04:57:43Z,B0GHR9GHZL,,,,,
Sony,Sony BRAVIA 8 OLED 65 Pollici 4K HDR Google Smart TV (2024) BRAVIA Theatre Bar 8,https://www.amazon.it/dp/B0D3HW97NV,65.0,2811.07,2811.07,EUR,2811.07,Amazon,IT,2026-08-26T04:57:43Z,B0D3HW97NV,,,,,
Sony,"SONY 98"" Pro BRAVIA LCD 440nit w/5yr PS",https://www.amazon.it/dp/B0D3R7MBGJ,98.0,5045.79,5045.79,EUR,5045.79,Amazon,IT,2026-08-26T04:57:43Z,B0D3R7MBGJ,,,,,
Xiaomi,XIAOMI TV MAX 100 2025 Google TV 100 Inch QLED 144Hz Smart TV Dolby Vision,https://www.amazon.it/dp/B0DJM91FMC,100.0,1699.0,1699.0,EUR,1699.0,Amazon,IT,2026-08-26T04:57:43Z,B0DJM91FMC,,,,,
TCL,"TCL 75Q7D Pro – Smart TV SQD‑Mini LED 4K HDR10+ da 75"", 2.000nit | 760 Dimming Zones, Dolby Vision IQ & Atmos, Onkyo 2.1 S...",https://www.amazon.it/dp/B0GXKRP7FM,75.0,1299.9,1299.9,EUR,1299.9,Amazon,IT,2026-08-26T04:57:43Z,B0GXKRP7FM,,,,,
Sony,"SONY 98"" Pro BRAVIA LCD 780nit Haze w/5yr PS",https://www.amazon.it/dp/B0D3R8PWB9,98.0,7608.89,7608.89,EUR,7608.89,Amazon,IT,2026-08-26T04:57:43Z,B0D3R8PWB9,,,,,
Samsung,"Samsung QE50Q7FAAUXZT Televisione 50"" Smart TV QLED 4K DVB-T2 HEVC MAIN 10",https://www.amazon.it/dp/B0FLYNMKQ7,50.0,395.0,395.0,EUR,395.0,Amazon,IT,2026-08-26T04:57:43Z,B0FLYNMKQ7,,,,,
Sony,"SONY FW-75BZ35L affichage de messages Panneau plat de signalisation numérique 190,5 cm (75"") LCD Wifi 550 cd/m² 4K Ult",https://www.amazon.it/dp/B0C9YP1N7N,75.0,1865.69,1865.69,EUR,1865.69,Amazon,IT,2026-08-26T04:57:43Z,B0C9YP1N7N,,,,,
Samsung,"Samsung Neo QLED 8K Vision AI Smart TV 75'' QE75QN990FTXZT Mini LED, NQ8 AI Gen3 Processor, 8K AI Upscaling Pro, Glare Fre...",https://www.amazon.it/dp/B0F7LKKPQC,75.0,4363.88,4363.88,EUR,4363.88,Amazon,IT,2026-08-26T04:57:43Z,B0F7LKKPQC,,,,,
Samsung,"Cello C2226TZH TV LED Smart da 22"" senza cornice con Tizen OS di Samsung, Gaming Hub, altoparlanti Pitch Perfect, ideale p...",https://www.amazon.it/dp/B0GHRK4X1B,22.0,189.99,189.99,EUR,189.99,Amazon,IT,2026-08-26T04:57:43Z,B0GHRK4X1B,,,,,
Samsung,"Samsung UE43RU7170U Smart TV 4k Ultra HD 43"" Wi-Fi DVB-T2CS2, Serie RU7170, 3840 x 2160 Pixels, HDR 10+, Nero, 2019, [Clas...",https://www.amazon.it/dp/B07QKDJVNG,43.0,520.0,520.0,EUR,520.0,Amazon,IT,2026-08-26T04:57:43Z,B07QKDJVNG,,,,,
Philips,"PHILIPS 43PQS9011/12 43 Inch Ambilight 4K QLED Smart TV | Pixel Precise Ultra HD, Titan OS, Dolby Atmos Sound",https://www.amazon.it/dp/B0H7XYDCLZ,43.0,629.12,629.12,EUR,629.12,Amazon,IT,2026-08-26T04:57:43Z,B0H7XYDCLZ,,,,,
Philips,"PHILIPS 43PQS9001/12 43 Inch Ambilight 4K QLED Smart TV, Pixel Precise Ultra HD, Titan OS, Dolby Atmos Sound",https://www.amazon.it/dp/B0H348S8K9,43.0,828.99,828.99,EUR,828.99,Amazon,IT,2026-08-26T04:57:43Z,B0H348S8K9,,,,,
Philips,"PHILIPS 50PQS9001/12 50 Inch Ambilight 4K QLED Smart TV, Pixel Precise Ultra HD, Titan OS, Dolby Atmos Sound",https://www.amazon.it/dp/B0H34584MG,50.0,884.49,884.49,EUR,884.49,Amazon,IT,2026-08-26T04:57:43Z,B0H34584MG,,,,,
Samsung,"Cello C1626TZH Smart TV 16"" con Tizen OS di Samsung, Bluetooth e audio Pitch Perfect, triplo sintonizzatore, TV compatta i...",https://www.amazon.it/dp/B0GJLL18JJ,16.0,189.99,189.99,EUR,189.99,Amazon,IT,2026-08-26T04:57:43Z,B0GJLL18JJ,,,,,
Philips,"PHILIPS 55PQS8501/12 55 Inch Ambilight 4K QLED Smart TV, Pixel Precise Ultra HD, Titan OS, Dolby Atmos Sound",https://www.amazon.it/dp/B0H349PF2F,55.0,524.0,524.0,EUR,524.0,Amazon,IT,2026-08-26T04:57:43Z,B0H349PF2F,,,,,
Samsung,"Samsung TV QLED QE43Q60BAUXZT, Smart TV 43"" Serie Q60B, QLED 4K UHD, Alexa e Google Assistant integrati, Black, 2022, DVB-T2",https://www.amazon.it/dp/B09XN6SF5J,43.0,392.07,392.07,EUR,392.07,Amazon,IT,2026-08-26T04:57:43Z,B09XN6SF5J,,,,,
LG,"LG OLED evo AI 77 Pollici, Serie C6 2026 Smart TV 4K - OLED77C64LA | Hyper Radiant Color, Reflection Free Premium, Process...",https://www.amazon.it/dp/B0GWMVM78J,77.0,2688.0,2688.0,EUR,2688.0,Amazon,IT,2026-08-26T04:57:43Z,B0GWMVM78J,,,,,
Samsung,"Samsung QE43Q7FAAU - TV 43 Pollici, Smart TV DVB-T2, 3840 x 2160 Pixel 4K, Classe energetica G [Versione Ungherese]",https://www.amazon.it/dp/B0FM3ZTMKS,43.0,269.0,269.0,EUR,269.0,Amazon,IT,2026-08-26T04:57:43Z,B0FM3ZTMKS,,,,,
Samsung,"Cello Ctrav-27TZF TV/DVD Smart 27"" 12V con Tizen OS di Samsung, altoparlanti Pitch Perfect, Bluetooth, HDMI, USB, prodotto...",https://www.amazon.it/dp/B0GHRL8T34,27.0,299.99,299.99,EUR,299.99,Amazon,IT,2026-08-26T04:57:43Z,B0GHRL8T34,,,,,
Samsung,"Samsung Full HD Smart TV 24'' UE24F6000FUXZT, Hyper Real Processor, HDR & Pur Color, Smart Experience, OTS Lite & Adaptive...",https://www.amazon.it/dp/B0F7LM4MHT,24.0,171.0,171.0,EUR,171.0,Amazon,IT,2026-08-26T04:57:43Z,B0F7LM4MHT,,,,,
Samsung,"Samsung Crystal UHD 4K Smart TV 43'' UE43U8090FUXZT, Crystal 4K Processor, HDR, Smart Experience, OTS Lite & Adaptive Soun...",https://www.amazon.it/dp/B0F4TFS88H,43.0,309.0,309.0,EUR,309.0,Amazon,IT,2026-08-26T04:57:43Z,B0F4TFS88H,,,,,
Samsung,"Samsung Crystal UHD 4K Smart TV 50'' UE50U7000FUXZT, Crystal 4K Processor, HDR, Smart Experience, OTS Lite & Adaptive Soun...",https://www.amazon.it/dp/B0F4T26PSR,50.0,336.99,336.99,EUR,336.99,Amazon,IT,2026-08-26T04:57:43Z,B0F4T26PSR,,,,,
Samsung,"Samsung Crystal UHD 4K Smart TV 65'' UE65U8090FUXZT, Crystal 4K Processor, HDR, Smart Experience, OTS Lite & Adaptive Soun...",https://www.amazon.it/dp/B0F4SYKX5G,65.0,499.0,499.0,EUR,499.0,Amazon,IT,2026-08-26T04:57:43Z,B0F4SYKX5G,,,,,
Samsung,"Samsung OLED 4K Vision AI Smart TV 42'' QE42S90FAEXZT Processore NQ4 AI Gen3r, 4K AI Upscaling Pro, OLED HDR+, Motion Xcel...",https://www.amazon.it/dp/B0FL7Z7PLW,42.0,649.0,649.0,EUR,649.0,Amazon,IT,2026-08-26T04:57:43Z,B0FL7Z7PLW,,,,,
Samsung,"Samsung Business TV Serie BEF-H da 43"", UHD 3840x2160 con Funzionalità HDR10+, Tizen, HDMI, USB, Bluetooth, WiFi, Accesso ...",https://www.amazon.it/dp/B0GC7YFHDG,43.0,239.9,239.9,EUR,239.9,Amazon,IT,2026-08-26T04:57:43Z,B0GC7YFHDG,,,,,
Samsung,"Samsung Crystal UHD 4K U70F 43 pollici TV LED 43 pollici (108 cm) Crystal Processore 4K, MetalStream Design, SmartThings, ...",https://www.amazon.it/dp/B0FM9G9LSY,43.0,,,,,Amazon,IT,2026-08-26T04:57:43Z,B0FM9G9LSY,,,,,
Samsung,"Samsung TV QE43Q60DAUXZT QLED 4K, Smart TV 43"" Quantum processor Lite 4K, AirSlim, DVBT-2, Q-Symphony & OTS Lite, Integrat...",https://www.amazon.it/dp/B0D17WSTWS,43.0,377.78,377.78,EUR,377.78,Amazon,IT,2026-08-26T04:57:43Z,B0D17WSTWS,,,,,
Samsung,"Cello C1926TZH Smart TV 19"" con Tizen OS di Samsung, Gaming Hub, altoparlanti Pitch Perfect, Bluetooth, triplo sintonizzat...",https://www.amazon.it/dp/B0GJLXCQPN,19.0,189.99,189.99,EUR,189.99,Amazon,IT,2026-08-26T04:57:43Z,B0GJLXCQPN,,,,,
Samsung,"Samsung Smart TV 43"" UE43U8090HUXZT Crystal UHD, Crystal 4K Processor, HDR10+, PurColor, Motion Xcelerator, Dynamic Sound ...",https://www.amazon.it/dp/B0GZL6K88D,43.0,349.0,349.0,EUR,349.0,Amazon,IT,2026-08-26T04:57:43Z,B0GZL6K88D,,,,,
Samsung,"Samsung Smart TV 65"" UE65M72HAUXZT Mini LED 4K, HDR 10+, Motion Xcelerator 50Hz, Dynamic Sound Pack, Gaming Hub, Pure Spec...",https://www.amazon.it/dp/B0GX21RDRY,65.0,659.0,659.0,EUR,659.0,Amazon,IT,2026-08-26T04:57:43Z,B0GX21RDRY,,,,,
Samsung,"Samsung Smart TV 55"" QE55S83HAEXZT OLED 4K, NQ4 AI Gen2 Processor, OLED HDR, Motion Xcelerator 120Hz, Dolby Atmos, FreeSyn...",https://www.amazon.it/dp/B0GXWL3C53,55.0,982.0,982.0,EUR,982.0,Amazon,IT,2026-08-26T04:57:43Z,B0GXWL3C53,,,,,
Panasonic,"Panasonic TV-32S50AEZC, 32 pollici televisore TV LED HD TV, Fire TV | HD Colour Engine, HDR, Alexa Voice Control, Game Mod...",https://www.amazon.it/dp/B0H2MTB4V6,32.0,189.0,189.0,EUR,189.0,Amazon,IT,2026-08-26T04:57:43Z,B0H2MTB4V6,,,,,
LG,"LG QNED evo AI 50 Pollici, Serie QNED86 2025 Smart TV 4K - 50QNED86A6C | Processore ?7 Gen8, Dynamic QNED Color, Local Dim...",https://www.amazon.it/dp/B0F5HWKDVL,50.0,439.99,439.99,EUR,439.99,Amazon,IT,2026-08-26T04:57:43Z,B0F5HWKDVL,,,,,
LG,"LG QNED AI 55 Pollici, Serie QNED80 2025 Smart TV 4K - 55QNED80A6A | Processore ?7 Gen8, Dynamic QNED Color, Design Super ...",https://www.amazon.it/dp/B0F556SYCJ,55.0,449.0,449.0,EUR,449.0,Amazon,IT,2026-08-26T04:57:43Z,B0F556SYCJ,,,,,
LG,"LG OLED AI 65 Pollici, Serie B5 2025 Smart TV 4K - OLED65B56LA | Processore α8 Gen2, WebOS con AI, Dolby Vision e Atmos, G...",https://www.amazon.it/dp/B0F44DD5YL,65.0,1149.0,1149.0,EUR,1149.0,Amazon,IT,2026-08-26T04:57:43Z,B0F44DD5YL,,,,,
LG,"LG OLED evo AI 65 Pollici, Serie G5 2025 Smart TV 4K - OLED65G55LW | Staffa a Muro Inclusa, Processore α11 Gen2, Brightnes...",https://www.amazon.it/dp/B0F44H2LHW,65.0,1699.0,1699.0,EUR,1699.0,Amazon,IT,2026-08-26T04:57:43Z,B0F44H2LHW,,,,,
LG,"LG 43UA73003LA - TV 43 Pollici, Smart TV, DVB-T2, 4K, LED, Classe energetica G",https://www.amazon.it/dp/B0G1ZDLM2H,43.0,271.24,271.24,EUR,271.24,Amazon,IT,2026-08-26T04:57:43Z,B0G1ZDLM2H,,,,,
LG,"LG TV QNED AI 2025 | 43QNED8E | 43'' (108cm) | 4K UHD | HDR10 | WebOS 25 | Telecommade AI Magic Remote | Alexa, Google Ass...",https://www.amazon.it/dp/B0F4KMPM6B,43.0,,,,,Amazon,IT,2026-08-26T04:57:43Z,B0F4KMPM6B,,,,,
LG,"LG QNED evo AI MiniLED 55 Pollici, Serie QNED86B 2026 Smart TV 4K - 55QNED86B6B",https://www.amazon.it/dp/B0GWN2ZF85,55.0,670.03,670.03,EUR,670.03,Amazon,IT,2026-08-26T04:57:43Z,B0GWN2ZF85,,,,,
LG,"LG OLED evo AI 65 Pollici, Serie G6S 2026 Smart TV 4K - OLED65G66LS | Base da Appoggio, Hyper Radiant Color, Reflection Fr...",https://www.amazon.it/dp/B0GWN286F5,65.0,2261.0,2261.0,EUR,2261.0,Amazon,IT,2026-08-26T04:57:43Z,B0GWN286F5,,,,,
LG,"LG NANO AI UHD 50 Pollici, Serie NU8E 2026 Smart TV 4K - 50NU8E0B3LA | Processore con Nano Detail Enhancer, AI Chatbot, AI...",https://www.amazon.it/dp/B0GWQZVC9W,50.0,448.9,448.9,EUR,448.9,Amazon,IT,2026-08-26T04:57:43Z,B0GWQZVC9W,,,,,
TCL,"TCL 50Q6C – Smart TV QD‑Mini LED 4K HDR10+ da 50"", Google TV | Dolby Vision IQ & Atmos, 144Hz Motion Clarity Pro, Game Mas...",https://www.amazon.it/dp/B0FD9VF12V,50.0,399.0,399.0,EUR,399.0,Amazon,IT,2026-08-26T04:57:43Z,B0FD9VF12V,,,,,
TCL,"TCL 55T69C – Smart TV QLED 4K HDR10+ da 55"", Google TV con Dolby Atmos | Game Mast, Dolby Vision, Motion Clarity, Google A...",https://www.amazon.it/dp/B0F8QFPB14,55.0,379.9,379.9,EUR,379.9,Amazon,IT,2026-08-26T04:57:43Z,B0F8QFPB14,,,,,
TCL,"TCL 55Q7C – Smart TV QD‑Mini LED 4K HDR10+ da 55"", 2.600nit | Dolby Vision IQ & Atmos, HVA Panel, 144Hz Motion Clarity Pr...",https://www.amazon.it/dp/B0F38H2GGC,55.0,569.9,569.9,EUR,569.9,Amazon,IT,2026-08-26T04:57:43Z,B0F38H2GGC,,,,,
TCL,"TCL 55V6B TV 55”, 4K HDR, Ultra HD, Google TV con design senza bordi, Dolby Audio, compatibile con Google Assistant e Alexa",https://www.amazon.it/dp/B0CXF49BXG,55.0,,,,,Amazon,IT,2026-08-26T04:57:43Z,B0CXF49BXG,,,,,
TCL,"TCL Serie Smart TV 4K Ultra HD 55"" 55P69K, Dolby Audio, HDR10+, Google TV, Hevc main 10, DVB-T2",https://www.amazon.it/dp/B0FMRTRKFL,55.0,329.0,329.0,EUR,329.0,Amazon,IT,2026-08-26T04:57:43Z,B0FMRTRKFL,,,,,
TCL,"TCL 75P7K 75” QLED 4K HDR TV, Google TV, Smart TV (Dolby Vision & Atmos, Game Master, Motion clarity)",https://www.amazon.it/dp/B0F9FNDBN7,75.0,648.99,648.99,EUR,648.99,Amazon,IT,2026-08-26T04:57:43Z,B0F9FNDBN7,,,,,
TCL,"TCL 55V6D – Smart TV 4K HDR10+ da 55"" con Fire TV e Dolby Atmos | DTS:X, Game Master, Motion Clarity, Apple AirPlay 2, Pre...",https://www.amazon.it/dp/B0GQHGGWHX,55.0,359.9,359.9,EUR,359.9,Amazon,IT,2026-08-26T04:57:43Z,B0GQHGGWHX,,,,,
TCL,"TCL 65T8D – Smart TV QD‑Mini LED 4K HDR10+ da 65"", pensato per il gaming, 144Hz VRR",https://www.amazon.it/dp/B0GR9FLCYT,65.0,649.9,649.9,EUR,649.9,Amazon,IT,2026-08-26T04:57:43Z,B0GR9FLCYT,,,,,
TCL,"TCL 65V6D – Smart TV 4K HDR10+ da 65"" con Fire TV e Dolby Atmos | DTS:X, Game Master, Motion Clarity, Apple AirPlay 2, Pre...",https://www.amazon.it/dp/B0GQHNCZBK,65.0,488.4,488.4,EUR,488.4,Amazon,IT,2026-08-26T04:57:43Z,B0GQHNCZBK,,,,,
TCL,"TCL 75C8L – Smart TV SQD‑Mini LED 4K HDR10+ da 75"", 5.500nit | 2,584 Dimming Zones, Dolby Vision IQ & Atmos, 144Hz, ZeroBo...",https://www.amazon.it/dp/B0GTZSYZLM,75.0,1437.8,1437.8,EUR,1437.8,Amazon,IT,2026-08-26T04:57:43Z,B0GTZSYZLM,,,,,
TCL,"TCL 75T8D – Smart TV QD‑Mini LED 4K HDR10+ da 75"", pensato per il gaming, 144Hz VRR",https://www.amazon.it/dp/B0GR9GFMCD,75.0,899.0,899.0,EUR,899.0,Amazon,IT,2026-08-26T04:57:43Z,B0GR9GFMCD,,,,,
TCL,"TCL 55Q7D Pro – Smart TV SQD‑Mini LED 4K HDR10+ da 55"", 2.000nit | 480 Dimming Zones, Dolby Vision IQ & Atmos, Onkyo 2.1 S...",https://www.amazon.it/dp/B0GXKS5GXL,55.0,732.55,732.55,EUR,732.55,Amazon,IT,2026-08-26T04:57:43Z,B0GXKS5GXL,,,,,
TCL,"TCL 40V5C – Smart TV Full HD QLED HDR da 40"", Android TV | Google Cast, Compatible with Google Home, Slim Design",https://www.amazon.it/dp/B0F3XN9M4V,40.0,,,,,Amazon,IT,2026-08-26T04:57:43Z,B0F3XN9M4V,,,,,
TCL,"TCL 65RM7L – Smart TV RGB‑Mini LED 4K HDR10+ da 65"", 2.000nit | 1,344 Precise Color Zones, Dolby Vision IQ & Atmos, 2.1 On...",https://www.amazon.it/dp/B0H1135WTX,65.0,999.9,999.9,EUR,999.9,Amazon,IT,2026-08-26T04:57:43Z,B0H1135WTX,,,,,
TCL,"TCL 65P7K 65”QLED 4K HDR TV, Google TV, Smart TV(Dolby Vision & Atmos, Game Master, Motion clarity)",https://www.amazon.it/dp/B0FH78VT5V,65.0,492.58,492.58,EUR,492.58,Amazon,IT,2026-08-26T04:57:43Z,B0FH78VT5V,,,,,
Hisense,"Hisense TV 32"" HD Ready 2025 32E43QT, Smart TV VIDAA U8, Airplay2, Game Mode, Works with Alexa, Tuner DVB-T2/S2 HEVC 10, l...",https://www.amazon.it/dp/B0F1WMZSQ6,32.0,,,,,Amazon,IT,2026-08-26T04:57:43Z,B0F1WMZSQ6,,,,,
Hisense,"Hisense TV 55"" QLED 4K 2025 55A72Q, Smart TV VIDAA U8, Dolby Vision, HDR 10+, Game Mode Plus, Dolby Atmos 2.1 con Subwoofe...",https://www.amazon.it/dp/B0F1W75RH2,55.0,379.0,379.0,EUR,379.0,Amazon,IT,2026-08-26T04:57:43Z,B0F1W75RH2,,,,,
Hisense,"Hisense TV 65"" QLED 4K 2025 65E78Q, Smart TV VIDAA U8, Dolby Vision, HDR 10+, Game Mode Plus, Dolby Atmos, Alexa Built-in,...",https://www.amazon.it/dp/B0F1WB76Q2,65.0,490.66,490.66,EUR,490.66,Amazon,IT,2026-08-26T04:57:43Z,B0F1WB76Q2,,,,,
Hisense,"Hisense Smart TV QLED 32"" Full HD 32E5ST | Audio Dolby Atmos, VIDAA OS con 1000+ APP, HDR10, Game Mode, Works with Alexa, ...",https://www.amazon.it/dp/B0GM1T3HF5,32.0,189.0,189.0,EUR,189.0,Amazon,IT,2026-08-26T04:57:43Z,B0GM1T3HF5,,,,,
Hisense,"Hisense TV 75"" QLED 4K 144Hz 2025 75E7Q PRO, Smart TV VIDAA U8, Dolby Vision IQ, HDR 10+ Adaptive, 144hz Game Mode PRO, Do...",https://www.amazon.it/dp/B0F1N63F97,75.0,799.0,799.0,EUR,799.0,Amazon,IT,2026-08-26T04:57:43Z,B0F1N63F97,,,,,
Hisense,"Hisense Smart TV QLED 144Hz 100"" 4K 100E7S PRO | Audio Dolby Atmos, VIDAA OS, Native 144Hz Game Mode, Dolby Vision IQ, HDR...",https://www.amazon.it/dp/B0GR6M9SS6,100.0,1499.0,1499.0,EUR,1499.0,Amazon,IT,2026-08-26T04:57:43Z,B0GR6M9SS6,,,,,
Hisense,"Hisense 55A8DQ Smart TV OLED, 55"", 4K, VIDAA con 1000+APP, Dolby Vision IQ, HDR 10+ Adaptive, 120Hz Game Mode PRO, Audio D...",https://www.amazon.it/dp/B0FQ68RDVW,55.0,,,,,Amazon,IT,2026-08-26T04:57:43Z,B0FQ68RDVW,,,,,
Hisense,"Hisense TV 65"" Mini-LED 165Hz 4K 2025 65U8Q, Octagonal Stand, Dolby Atmos Multi-Channel Surround 4.1.2, Smart TV VIDAA U9 ...",https://www.amazon.it/dp/B0F1WBGQBM,65.0,961.65,961.65,EUR,961.65,Amazon,IT,2026-08-26T04:57:43Z,B0F1WBGQBM,,,,,
Hisense,"Hisense Smart TV 65"" 4K Ultra HD 65E6ST | DTS Virtual X, VIDAA OS con 1000+ APP, HDR 10+, Game Mode Plus, Bluetooth, Wifi,...",https://www.amazon.it/dp/B0GM1GRB7M,65.0,419.89,419.89,EUR,419.89,Amazon,IT,2026-08-26T04:57:43Z,B0GM1GRB7M,,,,,
Hisense,"Hisense Smart TV QLED 65"" 4K 65E7DS | Audio Dolby Atmos, VIDAA OS, Dolby Vision IQ, HDR 10+, Game Mode, Bluetooth, Wifi, A...",https://www.amazon.it/dp/B0GM1NNY7D,65.0,509.0,509.0,EUR,509.0,Amazon,IT,2026-08-26T04:57:43Z,B0GM1NNY7D,,,,,
Hisense,"Hisense Smart TV QLED 50"" 4K 50E7DS | Audio Dolby Atmos, VIDAA OS, Dolby Vision IQ, HDR 10+, Game Mode, Bluetooth, Wifi, A...",https://www.amazon.it/dp/B0GM1R36YW,50.0,329.0,329.0,EUR,329.0,Amazon,IT,2026-08-26T04:57:43Z,B0GM1R36YW,,,,,
Hisense,"Hisense Smart TV QLED 144Hz 43"" 4K 43E7S PRO | Audio Dolby Atmos, VIDAA OS, Native 144Hz Game Mode, Dolby Vision IQ, HDR 1...",https://www.amazon.it/dp/B0GR5RW1P2,43.0,339.0,339.0,EUR,339.0,Amazon,IT,2026-08-26T04:57:43Z,B0GR5RW1P2,,,,,
Hisense,"Hisense Smart TV QLED 43"" 4K Dèco TV 43S5Q | Audio Dolby Atmos, VIDAA OS, HDR10, Game Mode Plus, Bluetooth, Wifi, Works wi...",https://www.amazon.it/dp/B0GM1RDY9Z,43.0,331.0,331.0,EUR,331.0,Amazon,IT,2026-08-26T04:57:43Z,B0GM1RDY9Z,,,,,
Sony,"Sony BRAVIA 2Ⅱ 43"", 4K Smart TV (Google TV), Processore X1,4K Upscaling, Televisione con Dolby Atmos e DTS:X, compatibile ...",https://www.amazon.it/dp/B0GZL6GMFJ,43.0,439.0,439.0,EUR,439.0,Amazon,IT,2026-08-26T04:57:43Z,B0GZL6GMFJ,,,,,
Sony,"TV Sony BRAVIA 3Ⅱ65 pollici, Smart TV 4K (Google TV), processore XR con tecnologia AI, 120 Hz con Dolby Vision/Atmos, comp...",https://www.amazon.it/dp/B0GZPZZRWL,65.0,1219.0,1219.0,EUR,1219.0,Amazon,IT,2026-08-26T04:57:43Z,B0GZPZZRWL,,,,,
Sony,"Sony BRAVIA 7 II True RGB 55 Inch TV, 4K Smart TV (Google TV), RGB LED, XR Processor with AI Technology, 120hz Television ...",https://www.amazon.it/dp/B0H2JXW744,55.0,1899.0,1899.0,EUR,1899.0,Amazon,IT,2026-08-26T04:57:43Z,B0H2JXW744,,,,,
Samsung,"Samsung TV UE24N4300ADXZT HD, Smart TV 24"" HDR, Purcolor, WiFi, Slim Design, Black 2020",https://www.amazon.it/dp/B0BWFNF2RJ,24.0,,,,,Amazon,IT,2026-08-26T04:57:43Z,B0BWFNF2RJ,,,,,
Samsung,"Samsung QLED 4K Vision AI Smart TV 75'' QE75Q7F4AUXZT QLED 4K, Q4 Processor, 100% Volume Colore con Quantum Dot, Motion Xc...",https://www.amazon.it/dp/B0F4T3GMCN,75.0,799.0,799.0,EUR,799.0,Amazon,IT,2026-08-26T04:57:43Z,B0F4T3GMCN,,,,,
Samsung,"Samsung QLED Q7F 4K Smart TV 55"" con visione AI, volume di colore 100% con Quantum Dot, HDR10+, processore Q4 AI, One UI T...",https://www.amazon.it/dp/B0FM8SY9ZK,55.0,,,,,Amazon,IT,2026-08-26T04:57:43Z,B0FM8SY9ZK,,,,,
Samsung,"SAMSUNG Q7F QE75Q7FAAU 190,5 cm (75"") 4K Ultra HD Smart TV Wi-Fi Nero [Versione Ungherese]",https://www.amazon.it/dp/B0FMRWNLRQ,75.0,792.39,792.39,EUR,792.39,Amazon,IT,2026-08-26T04:57:43Z,B0FMRWNLRQ,,,,,
Samsung,"Samsung Q7F QE75Q7FAAU 190,5 cm (75"") 4K Ultra HD Smart TV Wi-Fi Nero",https://www.amazon.it/dp/B0FHXBX2RN,75.0,699.3,699.3,EUR,699.3,Amazon,IT,2026-08-26T04:57:43Z,B0FHXBX2RN,,,,,
Samsung,"SAMSUNG Q7F QE75Q7FAAU 190,5 cm (75"") 4K Ultra HD Smart TV Wi-Fi Nero [Versione Ungherese] (Ricondizionato)",https://www.amazon.it/dp/B0HCCHCKV3,75.0,612.0,612.0,EUR,612.0,Amazon,IT,2026-08-26T04:57:43Z,B0HCCHCKV3,,,,,
LG,"LG UHD AI 75 Pollici, Serie UA75 2025 Smart TV 4K Ultra HD - 75UA75006LA | Processore ?7 Gen8, WebOS con AI, Filmmaker Mod...",https://www.amazon.it/dp/B0F565WRPV,75.0,649.0,649.0,EUR,649.0,Amazon,IT,2026-08-26T04:57:43Z,B0F565WRPV,,,,,
Hisense,"Hisense Smart TV QLED 50"" 4K 50A7S | Audio Dolby Atmos, Design Unibody Slim, VIDAA OS, Dolby Vision IQ, HDR 10+, BT, Wifi,...",https://www.amazon.it/dp/B0GSBQDY7T,50.0,339.0,339.0,EUR,339.0,Amazon,IT,2026-08-26T04:57:43Z,B0GSBQDY7T,,,,,
Hisense,"Hisense Smart TV QLED 43"" 4K 43A7S | Audio Dolby Atmos, Design Unibody Slim, VIDAA OS, Dolby Vision IQ, HDR 10+, BT, Wifi,...",https://www.amazon.it/dp/B0GSBG2DXL,43.0,290.66,290.66,EUR,290.66,Amazon,IT,2026-08-26T04:57:43Z,B0GSBG2DXL,,,,,
Hisense,"Hisense Smart TV QLED 144Hz 75"" 4K 75E7S PRO | Audio Dolby Atmos, VIDAA OS, Native 144Hz Game Mode, Dolby Vision IQ, HDR 1...",https://www.amazon.it/dp/B0GR6SXXNM,75.0,699.0,699.0,EUR,699.0,Amazon,IT,2026-08-26T04:57:43Z,B0GR6SXXNM,,,,,
Hisense,"Hisense Smart TV MiniLED 55"" 4K TV 55U7SE | Dolby Atmos 2.1 By Devialet, Dolby Vision IQ, HDR10+, VIDAA OS, Alexa, lativù ...",https://www.amazon.it/dp/B0GKPVQ86Z,55.0,,,,,Amazon,IT,2026-08-26T04:57:43Z,B0GKPVQ86Z,,,,,
Xiaomi,"XIAOMI TV F 55, 55 pollici (140 cm),4K UHD,Smart TV,Fire TV, Triple Tuner DVB-C/S/S2/T/T2,HDR10, MEMC, Modalità Game Boost...",https://www.amazon.it/dp/B0F457G5QG,55.0,324.9,324.9,EUR,324.9,Amazon,IT,2026-08-26T04:57:43Z,B0F457G5QG,,,,,
Sony,"SONY BRAVIA 3 K43S39BP Smart TV LED UHD 43"" 4K GOOGLE TV SAT DVB-T2, HEVC MAIN 10",https://www.amazon.it/dp/B0FPG6BWZ1,43.0,449.0,449.0,EUR,449.0,Amazon,IT,2026-08-26T04:57:43Z,B0FPG6BWZ1,,,,,
Philips,"PHILIPS Ambilight 55PUS8200 4K LED Smart TV (2025) - Display 55'' con Piattaforma Titan OS, Pixel Precise Ultra HD e Dolby...",https://www.amazon.it/dp/B0F2N7LRL4,55.0,379.0,379.0,EUR,379.0,Amazon,IT,2026-08-26T04:57:43Z,B0F2N7LRL4,,,,,
Hisense,"Hisense Smart TV 55"" 4K Ultra HD 2025 55E63QT, Smart TV VIDAA U8, Dolby Vision, HDR 10, Game Mode Plus, Alexa Built-in, VI...",https://www.amazon.it/dp/B0F1MG86XB,55.0,329.0,329.0,EUR,329.0,Amazon,IT,2026-08-26T04:57:43Z,B0F1MG86XB,,,,,
LG,"LG UHD 55'', Serie UT73 2024, Smart TV 4K, 55UT73006LA, Processore α5 Gen7, 20W, 3 HDMI, HDR10 Pro, Filmmaker Mode, Game O...",https://www.amazon.it/dp/B0D4MLYBNT,55.0,386.1,386.1,EUR,386.1,Amazon,IT,2026-08-26T04:57:43Z,B0D4MLYBNT,,,,,
Panasonic,"Panasonic Premium TV-55W80AEZC, 55 Pollici TV QLED 4K Ultra HD, Fire TV | Dolby Vision e Atmos, Modalità Game Plus, Contro...",https://www.amazon.it/dp/B0H2MQ3PHP,55.0,429.0,429.0,EUR,429.0,Amazon,IT,2026-08-26T04:57:43Z,B0H2MQ3PHP,,,,,
Toshiba,"Toshiba Smart Fire TV 55 Pollici Ultra HD 55UF3F63DAR, TV 4K 55 Pollici con Alexa Integrata, Televisore LED Compatibile co...",https://www.amazon.it/dp/B0DFYGC7JK,55.0,419.99,419.99,EUR,419.99,Amazon,IT,2026-08-26T04:57:43Z,B0DFYGC7JK,,,,,
Panasonic,"Panasonic TN-65W70AEZ, Serie W70 65 inch 4K Ultra HD LED Smart TV, 2024, Google Assistant, Chromecast, Dolby Vision & Atmo...",https://www.amazon.it/dp/B0D9MHLNXF,65.0,539.78,539.78,EUR,539.78,Amazon,IT,2026-08-26T04:57:43Z,B0D9MHLNXF,,,,,
Samsung,"Samsung QLED Q8F 4K Smart TV 65"" con visione AI, volume 100% di colore con Quantum Dot, HDR10+, processore Q4 AI, One UI T...",https://www.amazon.it/dp/B0FMS1KLC8,65.0,749.0,749.0,EUR,749.0,Amazon,IT,2026-08-26T04:57:43Z,B0FMS1KLC8,,,,,
Samsung,"Samsung QLED Q8F 4K Smart TV 85 pollici con visione AI, volume di colore al 100% con Quantum Dot, il vero Quantum Dot e Mo...",https://www.amazon.it/dp/B0F2FLDHZD,85.0,1665.37,1665.37,EUR,1665.37,Amazon,IT,2026-08-26T04:57:43Z,B0F2FLDHZD,,,,,
LG,"LG 65NANO81A6A - TV 65 Pollici, 4K, Smart TV, DVB-T2, Wi-Fi, HEVC/H.265, Classe energetica F",https://www.amazon.it/dp/B0FFH1CDP9,65.0,599.0,599.0,EUR,599.0,Amazon,IT,2026-08-26T04:57:43Z,B0FFH1CDP9,,,,,
LG,LG OLED48C51LA - Smart TV 48 Pollici 4K OLED DVB-T2 Wi-Fi Colore Nero Classe energetica G,https://www.amazon.it/dp/B0G6C27G1X,48.0,832.35,832.35,EUR,832.35,Amazon,IT,2026-08-26T04:57:43Z,B0G6C27G1X,,,,,
TCL,"TCL 50 SE 17,2 cm (6.78"") Double SIM Android 14 4G USB Type-C 4 Go 128 Go 5010 mAh Gris",https://www.amazon.it/dp/B0DF5RTD14,78.0,161.0,161.0,EUR,161.0,Amazon,IT,2026-08-26T04:57:43Z,B0DF5RTD14,,,,,
Hisense,"Hisense Smart TV QLED 58"" 4K 58E7DS | Audio Dolby Atmos, VIDAA OS, Dolby Vision IQ, HDR 10+, Game Mode, Bluetooth, Wifi, A...",https://www.amazon.it/dp/B0GM1RDCJC,58.0,369.0,369.0,EUR,369.0,Amazon,IT,2026-08-26T04:57:43Z,B0GM1RDCJC,,,,,
Hisense,"Hisense TV 55"" Mini-LED 144Hz 4K 2025 55E8Q, Smart TV VIDAA U8, Dolby Vision IQ, HDR 10+ Adaptive, 144Hz Game Mode PRO, Do...",https://www.amazon.it/dp/B0F1W9J4K7,55.0,492.77,492.77,EUR,492.77,Amazon,IT,2026-08-26T04:57:43Z,B0F1W9J4K7,,,,,
Hisense,"Hisense Smart TV QLED 50"" 4K 50E7Q PRO, Smart TV VIDAA U8, Dolby Vision IQ, HDR 10+ Adaptive, 144hz Game Mode PRO, Dolby A...",https://www.amazon.it/dp/B0FFH8CWBK,50.0,349.0,349.0,EUR,349.0,Amazon,IT,2026-08-26T04:57:43Z,B0FFH8CWBK,,,,,
Hisense,"Hisense Smart TV 65"" 4K Ultra HD 2025 65A6Q, Smart TV VIDAA U8, Dolby Vision, HDR 10, Game Mode Plus, Alexa Built-in, VIDA...",https://www.amazon.it/dp/B0F4DCJ7K6,65.0,,,,,Amazon,IT,2026-08-26T04:57:43Z,B0F4DCJ7K6,,,,,
Hisense,"Hisense TV 50"" 4K Ultra HD 50A6N, Smart TV VIDAA U7, Dolby Vision, HDR 10+, DTS Virtual:X, Game Mode, Alexa Built-in, VIDA...",https://www.amazon.it/dp/B0CZWTSGZX,50.0,399.9,399.9,EUR,399.9,Amazon,IT,2026-08-26T04:57:43Z,B0CZWTSGZX,,,,,
Hisense,Hisense 85E79S - Smart TV 85 Pollici 4K 3840 x 2160 Pixel QLED DVB-T2 Nero Wifi Classe Energetica E,https://www.amazon.it/dp/B0H1MY689X,85.0,887.95,887.95,EUR,887.95,Amazon,IT,2026-08-26T04:57:43Z,B0H1MY689X,,,,,
Philips,"PHILIPS Ambilight 43PUS8200 4K LED Smart TV (2025) - Display 43'' con Piattaforma Titan OS, Pixel Precise Ultra HD e Dolby...",https://www.amazon.it/dp/B0F2N565FP,43.0,279.0,279.0,EUR,279.0,Amazon,IT,2026-08-26T04:57:43Z,B0F2N565FP,,,,,
Sony,"SONY FW-75BZ40L affichage de messages Panneau plat de signalisation numérique 190,5 cm (75"") LCD Wifi 700 cd/m² 4K Ult",https://www.amazon.it/dp/B0C9YPPB7J,75.0,2801.3,2801.3,EUR,2801.3,Amazon,IT,2026-08-26T04:57:43Z,B0C9YPPB7J,,,,,
Samsung,"Samsung QLED 4K Vision AI Smart TV 85'' QE85Q7F4AUXZT, Q4 Processor, 100% Volume Colore con Quantum Dot, Motion Xcelerato...",https://www.amazon.it/dp/B0F4SJ1196,85.0,849.0,849.0,EUR,849.0,Amazon,IT,2026-08-26T04:57:43Z,B0F4SJ1196,,,,,
Samsung,"Samsung Crystal UHD 4K Smart TV 85'' UE85U8090FUXZT, Crystal 4K Processor, HDR, Smart Experience, OTS Lite & Adaptive Soun...",https://www.amazon.it/dp/B0F4SHY3F2,85.0,787.0,787.0,EUR,787.0,Amazon,IT,2026-08-26T04:57:43Z,B0F4SHY3F2,,,,,
Samsung,"Samsung Neo QLED 4K Vision AI Smart TV 85'' QE85QN74FATXZT Mini LED, NQ4 AI Gen2 Processor, 4K AI Upscaling, Motion Xceler...",https://www.amazon.it/dp/B0F4SVJHRW,85.0,1299.0,1299.0,EUR,1299.0,Amazon,IT,2026-08-26T04:57:43Z,B0F4SVJHRW,,,,,
Samsung,"Samsung Crystal UHD 4K Smart TV 85'' UE85U7000FUXZT, Crystal 4K Processor, HDR, Smart Experience, OTS Lite & Adaptive Soun...",https://www.amazon.it/dp/B0F4STR391,85.0,799.0,799.0,EUR,799.0,Amazon,IT,2026-08-26T04:57:43Z,B0F4STR391,,,,,
Samsung,"Samsung Neo QLED 4K QN85F 85 pollici Mini TV LED, processore NQ4 AI Gen2, Quantum Matrix Technology Slim, Motion Xcelerato...",https://www.amazon.it/dp/B0FNMYQ547,85.0,2956.36,2956.36,EUR,2956.36,Amazon,IT,2026-08-26T04:57:43Z,B0FNMYQ547,,,,,
Samsung,"Samsung Smart TV QE65QN85F, 65 Pollici, 4K Ultra HD, HDR 10+, AMD FreeSync, Modello 2025 [Versione Ungherese]",https://www.amazon.it/dp/B0FND6LTR5,65.0,949.0,949.0,EUR,949.0,Amazon,IT,2026-08-26T04:57:43Z,B0FND6LTR5,,,,,
Samsung,"Samsung UE75U8092FUXXH - TV 75 Pollici, Smart TV, 4K, LED, DVB-T2, Nero, Classe energetica G",https://www.amazon.it/dp/B0G1YTQHQC,75.0,674.23,674.23,EUR,674.23,Amazon,IT,2026-08-26T04:57:43Z,B0G1YTQHQC,,,,,
Samsung,"Samsung OLED 4K Vision AI Smart TV 85'' QE83S85FAEXZT, NQ4 AI Gen2 Processor,AI Upscaling, Glare Free, Dolby Atmos & OTS L...",https://www.amazon.it/dp/B0F7LNXKW5,85.0,1949.0,1949.0,EUR,1949.0,Amazon,IT,2026-08-26T04:57:43Z,B0F7LNXKW5,,,,,
LG,"LG UHD AI 43 Pollici, Serie UA75 2025 Smart TV 4K Ultra HD - 43UA75006LA | Processore ?7 Gen8, WebOS con AI, Filmmaker Mod...",https://www.amazon.it/dp/B0F6V7PXXK,43.0,280.64,280.64,EUR,280.64,Amazon,IT,2026-08-26T04:57:43Z,B0F6V7PXXK,,,,,
LG,"LG TVC 43"" UHD Smart",https://www.amazon.it/dp/B0FPCSCWYT,43.0,,,,,Amazon,IT,2026-08-26T04:57:43Z,B0FPCSCWYT,,,,,
TCL,"TCL 65T6C – Smart TV QLED 4K HDR10+ da 65"", Fire TV con Dolby Atmos | Game Mast, VRR, Dolby Vision, Motion Clarity, Press...",https://www.amazon.it/dp/B0DW96CFKL,65.0,499.9,499.9,EUR,499.9,Amazon,IT,2026-08-26T04:57:43Z,B0DW96CFKL,,,,,
TCL,"TCL 75C6K – Smart TV QD‑Mini LED 4K HDR10+ da 75"", Google TV | Dolby Vision IQ & Atmos, 144Hz Motion Clarity Pro, Game Mas...",https://www.amazon.it/dp/B0F94DQTQH,75.0,,,,,Amazon,IT,2026-08-26T04:57:43Z,B0F94DQTQH,,,,,
TCL,"TCL 75T6C 75"" QLED TV 4K HDR, Fire TV (Smart tv con Dolby Vision e Atmos, HDR10+, Premi e Chiedi ad Alexa)",https://www.amazon.it/dp/B0FQP2GDZ8,75.0,747.88,747.88,EUR,747.88,Amazon,IT,2026-08-26T04:57:43Z,B0FQP2GDZ8,,,,,
Hisense,"Hisense Smart TV MiniLED 144Hz 75"" 4K 75E8S | Dolby Atmos 2.1 By Devialet, Dolby Vision IQ, HDR10+, VIDAA OS, Alexa, lativ...",https://www.amazon.it/dp/B0GQCXP6VM,75.0,799.0,799.0,EUR,799.0,Amazon,IT,2026-08-26T04:57:43Z,B0GQCXP6VM,,,,,
Samsung,"Samsung Neo QLED QN900F 65"" 8K Neo QLED TV, 7680 x 4320 Pixel, 165 Hz, AirSlim Design, NQ4 AI Gen2, Mini LED, HDR10+, Quan...",https://www.amazon.it/dp/B0FND5LVPL,65.0,,,,,Amazon,IT,2026-08-26T04:57:43Z,B0FND5LVPL,,,,,
Samsung,"Samsung Neo QLED 4K Vision AI Smart TV 65'' QE65QN74FATXZT Mini LED, NQ4 AI Gen2 Processor, 4K AI Upscaling, Motion Xceler...",https://www.amazon.it/dp/B0F4STTBBR,65.0,778.0,778.0,EUR,778.0,Amazon,IT,2026-08-26T04:57:43Z,B0F4STTBBR,,,,,
Samsung,"Samsung QE77S95FATXZT - Smart TV 77 Pollici, 4K, OLED, 4K, DVB-T2, colore Nero, Classe energetica G",https://www.amazon.it/dp/B0FM49RMQR,77.0,3070.99,3070.99,EUR,3070.99,Amazon,IT,2026-08-26T04:57:43Z,B0FM49RMQR,,,,,
Samsung,"Samsung Smart TV 77"" QE77S99HAEXZT OLED 4K Glare Free, HDR 10+, Motion Xcelerator 165Hz, Dolby Atmos, Gaming Hub, G-Sync, ...",https://www.amazon.it/dp/B0GWN65T6H,77.0,3999.0,3999.0,EUR,3999.0,Amazon,IT,2026-08-26T04:57:43Z,B0GWN65T6H,,,,,
LG,"LG NANO AI UHD 75 Pollici, Serie NU8E 2026 Smart TV 4K - 75NU8E0B3LA | Processore con Nano Detail Enhancer, AI Chatbot, AI...",https://www.amazon.it/dp/B0GWN2MYKY,75.0,799.0,799.0,EUR,799.0,Amazon,IT,2026-08-26T04:57:43Z,B0GWN2MYKY,,,,,
Xiaomi,"XIAOMI TV S Mini LED 55, QLED, 55 inch, Dolby Vision, Atmos144Hz, 1200 nits",https://www.amazon.it/dp/B0DJM9GBHK,55.0,453.99,453.99,EUR,453.99,Amazon,IT,2026-08-26T04:57:43Z,B0DJM9GBHK,,,,,
Samsung,"Samsung OLED 4K Vision AI Smart TV 83'' QE83S95FAEXZT, NQ4 AI Gen4 Processor,AI Upscaling, Glare Free, Dolby Atmos & OTS+,...",https://www.amazon.it/dp/B0F7LJGKGX,83.0,3799.0,3799.0,EUR,3799.0,Amazon,IT,2026-08-26T04:57:43Z,B0F7LJGKGX,,,,,
Samsung,"Samsung Smart TV 65"" QE65S95HATXZT OLED 4K Glare Free, HDR 10+, Motion Xcelerator 165Hz, Dolby Atmos, FreeSync Premium Pr...",https://www.amazon.it/dp/B0GWN8HDRP,65.0,2294.0,2294.0,EUR,2294.0,Amazon,IT,2026-08-26T04:57:43Z,B0GWN8HDRP,,,,,
Samsung,"Samsung Smart TV 55'' QE55QN94FATXZT Neo QLED 4K Mini LED, NQ4 AI Gen3 Processor, 4K AI Upscaling Pro, Glare Free, Motion ...",https://www.amazon.it/dp/B0F4SHZDF2,55.0,,,,,Amazon,IT,2026-08-26T04:57:43Z,B0F4SHZDF2,,,,,
LG,"LG OLED AI 55 Pollici, Serie B5 2025 Smart TV 4K - OLED55B56LA | Processore α8 Gen2, WebOS con AI, Dolby Vision e Atmos, G...",https://www.amazon.it/dp/B0F44BHS8M,55.0,779.0,779.0,EUR,779.0,Amazon,IT,2026-08-26T04:57:43Z,B0F44BHS8M,,,,,
TCL,"TCL 55P8K – Smart TV QLED 4K HDR10+ da 55"", Google TV con audio Onkyo 2.1 | FreeSync, Dolby Vision & Atmos, 144Hz Motion C...",https://www.amazon.it/dp/B0F8HYKRKX,55.0,459.99,459.99,EUR,459.99,Amazon,IT,2026-08-26T04:57:43Z,B0F8HYKRKX,,,,,
TCL,"TCL 75P8K – Smart TV QLED 4K HDR10+ da 75"", Google TV con audio Onkyo 2.1 | FreeSync, Dolby Vision & Atmos, 144Hz Motion C...",https://www.amazon.it/dp/B0F8J383MC,75.0,649.9,649.9,EUR,649.9,Amazon,IT,2026-08-26T04:57:43Z,B0F8J383MC,,,,,
Hisense,"Hisense TV 75"" QLED 4K 75E77NQ, Smart TV VIDAA U7, Dolby Vision, HDR 10+, Game Mode Plus, Dolby Atmos, Alexa Built-in, VID...",https://www.amazon.it/dp/B0CZXP11SJ,75.0,629.0,629.0,EUR,629.0,Amazon,IT,2026-08-26T04:57:43Z,B0CZXP11SJ,,,,,
Samsung,Samsung QE55S85HAEXZT - Smart TV 55 Pollici 4K OLED DVB-T2 Wifi HbbTV 2.0.4 Nero Classe Energetica F,https://www.amazon.it/dp/B0H4MBS2YG,55.0,1086.07,1086.07,EUR,1086.07,Amazon,IT,2026-08-26T04:57:43Z,B0H4MBS2YG,,,,,
LG,"LG QNED AI 55 Pollici, Serie QNED84 2025 Smart TV 4K - 55QNED84A6C | Processore α7 Gen8, Dynamic QNED Color, Design Ultra ...",https://www.amazon.it/dp/B0F5HVK17Y,55.0,499.0,499.0,EUR,499.0,Amazon,IT,2026-08-26T04:57:43Z,B0F5HVK17Y,,,,,
LG,"LG OLED evo AI 55 Pollici, Serie G5 2025 Smart TV 4K - OLED55G55LW | Staffa a Muro Inclusa, Processore α11 Gen2, Brightnes...",https://www.amazon.it/dp/B0F44FX27H,55.0,1249.0,1249.0,EUR,1249.0,Amazon,IT,2026-08-26T04:57:43Z,B0F44FX27H,,,,,
LG,"LG OLED evo AI C5 77 pollici, Smart TV 4K, Processore α9 Gen8, Brightness Booster, webOS con AI, Dolby Vision & Atmos, Gam...",https://www.amazon.it/dp/B0F44DFLXH,77.0,,,,,Amazon,IT,2026-08-26T04:57:43Z,B0F44DFLXH,,,,,
LG,"LG OLED55C51LA - TV 55 Pollici, Smart TV, DVB-T2, 4K, OLED, Classe energetica F",https://www.amazon.it/dp/B0FSS8VX7G,55.0,993.48,993.48,EUR,993.48,Amazon,IT,2026-08-26T04:57:43Z,B0FSS8VX7G,,,,,
LG,"LG TVC 55"" OLED DOLBY VISION 120HZ G-SYNC",https://www.amazon.it/dp/B0F99J2KRF,55.0,801.63,801.63,EUR,801.63,Amazon,IT,2026-08-26T04:57:43Z,B0F99J2KRF,,,,,
LG,"LG OLED65C51LA - TV 65 Pollici, Smart TV, DVB-T2, 4K, OLED, Classe energetica F",https://www.amazon.it/dp/B0FNX5NCW1,65.0,,,,,Amazon,IT,2026-08-26T04:57:43Z,B0FNX5NCW1,,,,,
LG,"LG OLED48C55LA - TV 48 Pollici, 4K, Smart TV, OLED, DVB-T2, Wi-Fi, HEVC/H.265, Classe energetica G",https://www.amazon.it/dp/B0FFH34DCP,48.0,,,,,Amazon,IT,2026-08-26T04:57:43Z,B0FFH34DCP,,,,,
TCL,"TCL 98Q8C – Smart TV QD‑Mini LED 4K HDR10+ da 98"", 5.000nit, ZeroBorder | Dolby Vision IQ & Atmos, CrystGlow WHVA Panel, 1...",https://www.amazon.it/dp/B0F9WRNP3W,98.0,2799.9,2799.9,EUR,2799.9,Amazon,IT,2026-08-26T04:57:43Z,B0F9WRNP3W,,,,,
TCL,"TCL 98Q6C 98"" QD-Mini LED SMART TV, 4K HDR Premium 1000nits, con tecnologia Google TV (Dolby Vision IQ e Atmos, sistema au...",https://www.amazon.it/dp/B0FQNV7V5W,98.0,1997.88,1997.88,EUR,1997.88,Amazon,IT,2026-08-26T04:57:43Z,B0FQNV7V5W,,,,,
TCL,"TCL 55T8C – Smart TV QLED 4K HDR10+ da 55"", pensato per il gaming, 144Hz VRR",https://www.amazon.it/dp/B0DV9JP49P,55.0,,,,,Amazon,IT,2026-08-26T04:57:43Z,B0DV9JP49P,,,,,
Samsung,Samsung QE65QN70HAUXZT - Tv 65 Pollici Smart Tv 4K Led DVB-T2 Wifi Nero Classe Energetica E,https://www.amazon.it/dp/B0H338YNN1,65.0,,,,,Amazon,IT,2026-08-26T04:57:43Z,B0H338YNN1,,,,,
LG,"LG OLED AI 48 Pollici, Serie B6E 2026 Smart TV 4K - OLED48B6ELC",https://www.amazon.it/dp/B0GWN31T13,48.0,935.9,935.9,EUR,935.9,Amazon,IT,2026-08-26T04:57:43Z,B0GWN31T13,,,,,
TCL,"TCL 65C8L – Smart TV SQD‑Mini LED 4K HDR10+ da 65"", 5.000nit",https://www.amazon.it/dp/B0GTZLF677,65.0,1187.97,1187.97,EUR,1187.97,Amazon,IT,2026-08-26T04:57:43Z,B0GTZLF677,,,,,
Hisense,"Hisense Smart TV MiniLED 144Hz 50"" 4K 50E8S",https://www.amazon.it/dp/B0GQDSSGNB,50.0,426.54,426.54,EUR,426.54,Amazon,IT,2026-08-26T04:57:43Z,B0GQDSSGNB,,,,,
Sony,Sony BRAVIA 5 - XR|Mini LED| Processore AI XR | Acoustic Multi-Audio | Dolby Vision/Atmos | IMAX Enhanced | Google TV (2025)|Google Cast | Apple AirPlay 2| Eco Dashboard 2 |Menu di gioco 2-55pollici,https://www.amazon.it/dp/B0F4KYR4RT,55.0,1261.57,1261.57,EUR,1261.57,Amazon,IT,2026-08-26T04:57:43Z,B0F4KYR4RT,,,,,
Samsung,Samsung QE85QN70HAUXZT - Smart Tv 85 Pollici 4K Neo QLed DVB-T2 Wifi Classe Energetica E,https://www.amazon.it/dp/B0H335F5CK,85.0,,,,,Amazon,IT,2026-08-26T04:57:43Z,B0H335F5CK,,,,,
LG,LG OLED55B6ELC - TV 55 Pollici Smart TV 4K OLED DVB-T2 Wifi Classe Energetica F,https://www.amazon.it/dp/B0H1MYJ1L9,55.0,,,,,Amazon,IT,2026-08-26T04:57:43Z,B0H1MYJ1L9,,,,,
TCL,"TCL 85C8L – Smart TV SQD‑Mini LED 4K HDR10+ da 85"", 6.000nit",https://www.amazon.it/dp/B0GTZRP159,85.0,2199.9,2199.9,EUR,2199.9,Amazon,IT,2026-08-26T04:57:43Z,B0GTZRP159,,,,,
Hisense,"Hisense Smart TV MiniLED 144Hz 65"" 4K 65E8S",https://www.amazon.it/dp/B0GQF24H9M,65.0,629.0,629.0,EUR,629.0,Amazon,IT,2026-08-26T04:57:43Z,B0GQF24H9M,,,,,
Sony,Sony BRAVIA 5 XR Mini LED 65 Pollici | Processore AI XR | Acoustic Multi-Audio | Dolby Vision/Atmos | IMAX Enhanced | Google TV | Google Cast | Apple AirPlay 2| Eco Dashboard 2 | 65XR52,https://www.amazon.it/dp/B0F4L1887W,65.0,1577.47,1577.47,EUR,1577.47,Amazon,IT,2026-08-26T04:57:43Z,B0F4L1887W,,,,,
Samsung,"Samsung Smart TV 55"" QE55S99HAEXZT OLED 4K Glare Free, HDR 10+, Motion Xcelerator 165Hz, Dolby Atmos, Gaming Hub, G-Sync, Voice Control with AI(VAC), Alexa Built-in, PACCHETTO INTRATTENIMENTO, 2026",https://www.amazon.it/dp/B0GWN8GKF6,55.0,1760.0,1760.0,EUR,1760.0,Amazon,IT,2026-08-26T04:57:43Z,B0GWN8GKF6,,,,,
LG,"LG OLED AI 55 Pollici, Serie B6E 2026 Smart TV 4K - OLED55B6ELC",https://www.amazon.it/dp/B0GWMV9TRX,55.0,989.99,989.99,EUR,989.99,Amazon,IT,2026-08-26T04:57:43Z,B0GWMV9TRX,,,,,
TCL,"TCL 98C8L – Smart TV SQD‑Mini LED 4K HDR10+ da 98"", 6.000nit",https://www.amazon.it/dp/B0GTZQ77RW,98.0,3799.0,3799.0,EUR,3799.0,Amazon,IT,2026-08-26T04:57:43Z,B0GTZQ77RW,,,,,
Hisense,"Hisense Smart TV MiniLED 144Hz 85"" 4K 85E8S",https://www.amazon.it/dp/B0GQDDL8D7,85.0,999.0,999.0,EUR,999.0,Amazon,IT,2026-08-26T04:57:43Z,B0GQDDL8D7,,,,,
Sony,Sony BRAVIA 5 XR Mini LED 85 Pollici | Processore AI XR | Acoustic Multi-Audio | Dolby Vision/Atmos | IMAX Enhanced | Google TV | Google Cast | Apple AirPlay 2| Eco Dashboard 2 | 85XR55,https://www.amazon.it/dp/B0F4KZW14B,85.0,1799.0,1799.0,EUR,1799.0,Amazon,IT,2026-08-26T04:57:43Z,B0F4KZW14B,,,,,
Samsung,"Samsung Smart TV 83"" QE83S99HAEXZT OLED 4K Glare Free, HDR 10+, Motion Xcelerator 165Hz, Dolby Atmos, Gaming Hub, G-Sync, Voice Control with AI(VAC), Alexa Built-in, PACCHETTO INTRATTENIMENTO, 2026",https://www.amazon.it/dp/B0GWN13CXQ,83.0,4999.0,4999.0,EUR,4999.0,Amazon,IT,2026-08-26T04:57:43Z,B0GWN13CXQ,,,,,
LG,LG OLED65B6ELC - TV 65 Pollici Smart TV 4K OLED HEVC/H.265 Wifi Classe Energetica F,https://www.amazon.it/dp/B0H1MZTYM8,65.0,1329.0,1329.0,EUR,1329.0,Amazon,IT,2026-08-26T04:57:43Z,B0H1MZTYM8,,,,,
TCL,"TCL 75X11L – Smart TV SQD‑Mini LED 4K HDR10+ da 75"", 9.000nit",https://www.amazon.it/dp/B0GV3VXQB8,75.0,3139.63,3139.63,EUR,3139.63,Amazon,IT,2026-08-26T04:57:43Z,B0GV3VXQB8,,,,,
Hisense,"Hisense Smart TV RGB MiniLED 180Hz 75"" 4K 75UR9S",https://www.amazon.it/dp/B0GR74VWBH,75.0,1719.26,1719.26,EUR,1719.26,Amazon,IT,2026-08-26T04:57:43Z,B0GR74VWBH,,,,,
Sony,Sony BRAVIA 5 - XR|Mini LED| Processore AI XR | Acoustic Multi-Audio | Dolby Vision/Atmos | IMAX Enhanced | Google TV (2025) |Google Cast| Apple AirPlay 2|Eco Dashboard 2|Menu di gioco 2-98pollici,https://www.amazon.it/dp/B0F7R8NY37,98.0,4950.26,4950.26,EUR,4950.26,Amazon,IT,2026-08-26T04:57:43Z,B0F7R8NY37,,,,,
Samsung,"Samsung Smart TV 77"" QE77S95HATXZT OLED 4K Glare Free, HDR 10+, Motion Xcelerator 165Hz, Dolby Atmos, FreeSync Premium Pro, Voice Control with AI(VAC), Alexa Built-in, PACCHETTO INTRATTENIMENTO, 2026",https://www.amazon.it/dp/B0GWN676D1,77.0,,,,,Amazon,IT,2026-08-26T04:57:43Z,B0GWN676D1,,,,,
LG,"LG OLED AI 77 Pollici, Serie B6E 2026 Smart TV 4K - OLED77B6ELC",https://www.amazon.it/dp/B0GWMW9BM4,77.0,2099.0,2099.0,EUR,2099.0,Amazon,IT,2026-08-26T04:57:43Z,B0GWMW9BM4,,,,,
TCL,"TCL 85X11L – Smart TV SQD‑Mini LED 4K HDR10+ da 85"", 10.000nit",https://www.amazon.it/dp/B0GV4DDPZD,85.0,5299.9,5299.9,EUR,5299.9,Amazon,IT,2026-08-26T04:57:43Z,B0GV4DDPZD,,,,,
Hisense,"Hisense Smart TV RGB MiniLED 180Hz 85"" 4K 85UR9S",https://www.amazon.it/dp/B0GR5Z4S73,85.0,2199.0,2199.0,EUR,2199.0,Amazon,IT,2026-08-26T04:57:43Z,B0GR5Z4S73,,,,,
Sony,"Sony BRAVIA 9 QLED (XR l Mini LED) 75 Pollici 4K HDR Google Smart TV | Gaming Menu per PlayStation 5, IMAX Enhanced, Dolby Vision Atmos, Chromecast, AirPlay, 120Hz 75XR90",https://www.amazon.it/dp/B0D1VYFB2C,75.0,,,,,Amazon,IT,2026-08-26T04:57:43Z,B0D1VYFB2C,,,,,
Samsung,"Samsung Neo QLED 4K QN80F 55"" Mini TV LED, processore NQ4 AI Gen2, Quantum Matrix Technology Slim, Motion Xcelerator 144Hz, AirSlim, Samsung Vision AI Smart TV [Versione Ungherese]",https://www.amazon.it/dp/B0FMY7DGWK,55.0,647.06,647.06,EUR,647.06,Amazon,IT,2026-08-26T04:57:43Z,B0FMY7DGWK,,,,,
LG,"LG OLED evo AI 48 Pollici, Serie C6 2026 Smart TV 4K - OLED48C64LA",https://www.amazon.it/dp/B0GWNBTJVT,48.0,1215.9,1215.9,EUR,1215.9,Amazon,IT,2026-08-26T04:57:43Z,B0GWNBTJVT,,,,,
TCL,"TCL 98X11L – Smart TV SQD‑Mini LED 4K HDR10+ da 98"", 10.000nit",https://www.amazon.it/dp/B0GV4GKQR9,98.0,7999.9,7999.9,EUR,7999.9,Amazon,IT,2026-08-26T04:57:43Z,B0GV4GKQR9,,,,,
Hisense,"Hisense Smart TV QLED 65"" 4K 65A7S",https://www.amazon.it/dp/B0GSBMX3B4,65.0,519.0,519.0,EUR,519.0,Amazon,IT,2026-08-26T04:57:43Z,B0GSBMX3B4,,,,,
Sony,"Sony BRAVIA 9 QLED (XR l Mini LED) 85 Pollici 4K HDR Google Smart TV | Gaming Menu per PlayStation 5, IMAX Enhanced, Dolby Vision Atmos, Chromecast, AirPlay, 120Hz 85XR90",https://www.amazon.it/dp/B0D1VVT6GJ,85.0,,,,,Amazon,IT,2026-08-26T04:57:43Z,B0D1VVT6GJ,,,,,
Samsung,"Samsung Neo QLED 4K QN80F 65"" Mini TV LED, processore NQ4 AI Gen2, Quantum Matrix Technology Slim, Motion Xcelerator 144Hz, AirSlim, Samsung Vision AI Smart TV [Versione Ungherese]",https://www.amazon.it/dp/B0FMY8JRPW,65.0,767.62,767.62,EUR,767.62,Amazon,IT,2026-08-26T04:57:43Z,B0FMY8JRPW,,,,,
LG,"LG OLED evo AI 55 Pollici, Serie C6 2026 Smart TV 4K - OLED55C64LA",https://www.amazon.it/dp/B0GWN8FYTQ,55.0,1376.99,1376.99,EUR,1376.99,Amazon,IT,2026-08-26T04:57:43Z,B0GWN8FYTQ,,,,,
TCL,"TCL 65P6L - Tv 65 Pollici Smart Tv 4K LCD DVB-T2 H.264, H.265 Nero Classe Energetica E",https://www.amazon.it/dp/B0H2JKM82C,65.0,474.05,474.05,EUR,474.05,Amazon,IT,2026-08-26T04:57:43Z,B0H2JKM82C,,,,,
Hisense,"Hisense Smart TV RGB MiniLED 180Hz 100"" 4K 100UR8S, Schermo Anti-Riflesso, 100% BT2020, Dolby Atmos 2.1.2 By Devialet, Dolby Vision IQ, VIDAA OS, Native 180Hz Game Mode, Wifi, BT, lativù 4K",https://www.amazon.it/dp/B0GX9LY7QD,100.0,,,,,Amazon,IT,2026-08-26T04:57:43Z,B0GX9LY7QD,,,,,
Sony,"Sony BRAVIA 8 OLED 77 Pollici 4K HDR Google Smart TV (2024) | Gaming Menu per PlayStation 5, IMAX Enhanced, Dolby Vision Atmos, Chromecast, AirPlay, 120Hz 77XR80",https://www.amazon.it/dp/B0D1VV32HH,77.0,3026.52,3026.52,EUR,3026.52,Amazon,IT,2026-08-26T04:57:43Z,B0D1VV32HH,,,,,
Samsung,"Samsung Neo QLED 4K QN80F 85"" Mini TV LED, processore NQ4 AI Gen2, Quantum Matrix Technology Slim, Motion Xcelerator 144Hz, AirSlim, Samsung Vision AI Smart TV [Versione Ungherese]",https://www.amazon.it/dp/B0FPCS42TN,85.0,,,,,Amazon,IT,2026-08-26T04:57:43Z,B0FPCS42TN,,,,,
LG,"LG OLED evo AI 65 Pollici, Serie C6 2026 Smart TV 4K - OLED65C64LA",https://www.amazon.it/dp/B0GWN36S8N,65.0,1899.0,1899.0,EUR,1899.0,Amazon,IT,2026-08-26T04:57:43Z,B0GWN36S8N,,,,,
TCL,"TCL 75P6L - Smart TV 75 Pollici 4K LCD DVB-T2 H.264, H.265 Nero Classe Energetica E",https://www.amazon.it/dp/B0H2JJKZS1,75.0,665.99,665.99,EUR,665.99,Amazon,IT,2026-08-26T04:57:43Z,B0H2JJKZS1,,,,,
Hisense,"Hisense Smart TV QLED 144Hz 50"" 4K 50E7S PRO",https://www.amazon.it/dp/B0GR77T4BZ,50.0,399.0,399.0,EUR,399.0,Amazon,IT,2026-08-26T04:57:43Z,B0GR77T4BZ,,,,,
Samsung,"Samsung NeoQLED 4K Vision AI Smart TV 100'' QE100QN80FAUXZT Mini LED, NQ4 AI Gen2 Processor, 4K Upscaling,Dolby Atmos, Tecnologia Quantum Matrix Core, PACCHETTO INTRATTENIMENTO, 2025",https://www.amazon.it/dp/B0FL824SM4,100.0,,,,,Amazon,IT,2026-08-26T04:57:43Z,B0FL824SM4,,,,,
Samsung,"Samsung TV QE43Q65CAUXZT QLED 4K, Smart TV 43"" Processore Quantum 4K Lite, 100% volume colore con Quantum Dot, OTS Lite, Integrato con Bixby e Alexa compatibile con Google Assistant, Black 2023",https://www.amazon.it/dp/B0BWFNXMXX,43.0,378.64,378.64,EUR,378.64,Amazon,IT,2026-08-26T04:57:43Z,B0BWFNXMXX,,,,,
Samsung,"Samsung TV QE50Q65CAUXZT QLED 4K, Smart TV 50"" Processore Quantum 4K Lite, 100% volume colore con Quantum Dot, OTS Lite, Integrato con Bixby e Alexa compatibile con Google Assistant, Black 2023",https://www.amazon.it/dp/B0BWFNSJ1M,50.0,,,,,Amazon,IT,2026-08-26T04:57:43Z,B0BWFNSJ1M,,,,,
Samsung,"Samsung TV QE65Q65CAUXZT QLED 4K, Smart TV 65"" Processore Quantum 4K Lite, 100% volume colore con Quantum Dot, OTS Lite, Integrato con Bixby e Alexa compatibile con Google Assistant, Black 2023",https://www.amazon.it/dp/B0BWFNYRF4,65.0,,,,,Amazon,IT,2026-08-26T04:57:43Z,B0BWFNYRF4,,,,,
Samsung,"Samsung TV QE75Q65CAUXZT QLED 4K, Smart TV 75"" Processore Quantum 4K Lite, 100% volume colore con Quantum Dot, OTS Lite, Integrato con Bixby e Alexa compatibile con Google Assistant, Black 2023",https://www.amazon.it/dp/B0BWFMVYGK,75.0,,,,,Amazon,IT,2026-08-26T04:57:43Z,B0BWFMVYGK,,,,,
LG,"LG QNED AI 65 Pollici, Serie QNED84 2025 Smart TV 4K - 65QNED84A6C",https://www.amazon.it/dp/B0F5HYF966,65.0,699.0,699.0,EUR,699.0,Amazon,IT,2026-08-26T04:57:43Z,B0F5HYF966,,,,,
TCL,"TCL 65P6K – Smart TV 4K HDR Direct LED da 65"", Google TV con Dolby Audio",https://www.amazon.it/dp/B0F74855ZF,65.0,418.0,418.0,EUR,418.0,Amazon,IT,2026-08-26T04:57:43Z,B0F74855ZF,,,,,
Hisense,"Hisense TV 75"" Mini-LED 144Hz 4K 2025 75E8Q, Smart TV VIDAA U8, Dolby Vision IQ, HDR 10+ Adaptive, 144Hz Game Mode PRO, Dolby Atmos 2.1 con Subwoofer, Alexa Built-in, VIDAA Voice, lativù 4K, 75''",https://www.amazon.it/dp/B0F1WJ8X9P,75.0,799.0,799.0,EUR,799.0,Amazon,IT,2026-08-26T04:57:43Z,B0F1WJ8X9P,,,,,
Panasonic,"Panasonic TB-50W61AEZC, 50 pollici televisore, LED 4K Ultra HD, TiVo",https://www.amazon.it/dp/B0H2MQFVCT,50.0,452.99,452.99,EUR,452.99,Amazon,IT,2026-08-26T04:57:43Z,B0H2MQFVCT,,,,,
Panasonic,"Panasonic TB-55W61AEZC 55 pollici televisore, LED 4K Ultra HD, TiVo",https://www.amazon.it/dp/B0H2MNHT2G,55.0,329.0,329.0,EUR,329.0,Amazon,IT,2026-08-26T04:57:43Z,B0H2MNHT2G,,,,,
Philips,"Philips Ambilight 65PUS8200 4K LED Smart TV - Display 65’’ con piattaforma Titan OS, Pixel Precise Ultra HD e Dolby Atmos Sound - Funziona con Alexa e Google Voice Assistant",https://www.amazon.it/dp/B0F2N4SKN3,65.0,479.0,479.0,EUR,479.0,Amazon,IT,2026-08-26T04:57:43Z,B0F2N4SKN3,,,,,
Toshiba,"Toshiba Smart Fire TV 55"" Ultra HD 55UF3D63DA, TV 4K 55 Pollici con Alexa Integrata, Televisore LED Compatibile con Alexa, DVB-T2, Tecnologia LED, Dolby Vision HDR10, HDMI 2.1, Dolby Atmos",https://www.amazon.it/dp/B0BCWZML54,55.0,409.99,409.99,EUR,409.99,Amazon,IT,2026-08-26T04:57:43Z,B0BCWZML54,,,,,
Toshiba,"Toshiba Smart Fire TV 40"" Full HD 40LF3F63DAR, TV 40 Pollici con Alexa Integrata, Televisore LED Compatibile con Alexa, DVB-T2, Tecnologia LED, HDR, HDMI 2.1, Dolby Audio",https://www.amazon.it/dp/B0DHRMHH1D,40.0,249.99,249.99,EUR,249.99,Amazon,IT,2026-08-26T04:57:43Z,B0DHRMHH1D,,,,,
Toshiba,"Toshiba Smart Fire TV 24"" HD Ready 24WF3F63DAR, TV 24 Pollici con Alexa Integrata, Televisore LED Compatibile con Alexa, DVB-T2, Tecnologia LED, HDR, HDMI 2.1, Dolby Audio",https://www.amazon.it/dp/B0DHNXLJCV,24.0,159.99,159.99,EUR,159.99,Amazon,IT,2026-08-26T04:57:43Z,B0DHNXLJCV,,,,,
Toshiba,"Toshiba Smart Fire TV 32"" Full HD 32LF3F63DAR, TV 32 Pollici con Alexa Integrata, Televisore LED Compatibile con Alexa, DVB-T2, Tecnologia LED, HDR, HDMI 2.1, Dolby Audio",https://www.amazon.it/dp/B0DHRMQ9T9,32.0,,,,,Amazon,IT,2026-08-26T04:57:43Z,B0DHRMQ9T9,,,,,
Toshiba,"Toshiba Smart Fire TV 32"" HD Ready 32WF3F63DAR, TV 32 Pollici con Alexa Integrata, Televisore LED Compatibile con Alexa, DVB-T2, Tecnologia LED, HDR, HDMI 2.1, Dolby Audio",https://www.amazon.it/dp/B0DHNRMMBX,32.0,,,,,Amazon,IT,2026-08-26T04:57:43Z,B0DHNRMMBX,,,,,
Toshiba,"Toshiba Smart Fire TV 43 Pollici Ultra HD 43UF3F63DAR, TV 4K 43 Pollici con Alexa Integrata, Televisore LED Compatibile con Alexa, DVB-T2, Tecnologia LED, Dolby Vision, HDMI 2.1, Dolby Atmos",https://www.amazon.it/dp/B0DFY942V9,43.0,,,,,Amazon,IT,2026-08-26T04:57:43Z,B0DFY942V9,,,,,
Toshiba,"Toshiba Smart Fire TV 50 Pollici Ultra HD 50UF3F63DAR, TV 4K 50 Pollici con Alexa Integrata, Televisore LED Compatibile con Alexa, DVB-T2, Tecnologia LED, Dolby Vision, HDMI 2.1, Dolby Atmos",https://www.amazon.it/dp/B0DFYD3VWC,50.0,,,,,Amazon,IT,2026-08-26T04:57:43Z,B0DFYD3VWC,,,,,
Toshiba,"Toshiba Smart Fire TV 65 Pollici Ultra HD 65UF3F63DAR, TV 4K 65 Pollici con Alexa Integrata, Televisore LED Compatibile con Alexa, DVB-T2, Tecnologia LED, Dolby Vision, HDMI 2.1, Dolby Atmos",https://www.amazon.it/dp/B0DFYJF415,65.0,,,,,Amazon,IT,2026-08-26T04:57:43Z,B0DFYJF415,,,,,
Xiaomi,XIAOMI TV MAX 85 2025 Google TV 85 Inch QLED 144Hz Smart TV Dolby Vision,https://www.amazon.it/dp/B0DJM9QBTR,85.0,999.0,999.0,EUR,999.0,Amazon,IT,2026-08-26T04:57:43Z,B0DJM9QBTR,,,,,
Samsung,"Samsung Neo QLED 4K Vision AI Smart TV 55'' QE55QN85FAUXZT, NQ4 AI Gen2 Processor, 4K AI Upscaling, Dolby Atmos & OTS Lite, Simple Chamfer Design,PACCHETTO INTRATTENIMENTO, 2025",https://www.amazon.it/dp/B0F7LM3M8S,55.0,,,,,Amazon,IT,2026-08-26T04:57:43Z,B0F7LM3M8S,,,,,
LG,"LG OLED AI 83 Pollici, Serie B5 2025 Smart TV 4K - OLED83B56LA",https://www.amazon.it/dp/B0F44F4H9J,83.0,,,,,Amazon,IT,2026-08-26T04:57:43Z,B0F44F4H9J,,,,,
LG,"LG OLED AI 77 Pollici, Serie B5 2025 Smart TV 4K - OLED77B56LA",https://www.amazon.it/dp/B0F44H2X7G,77.0,,,,,Amazon,IT,2026-08-26T04:57:43Z,B0F44H2X7G,,,,,
TCL,"TCL 85P8K – Smart TV QLED 4K HDR10+ da 85"", Google TV con audio Onkyo 2.1",https://www.amazon.it/dp/B0F7RVYVDT,85.0,,,,,Amazon,IT,2026-08-26T04:57:43Z,B0F7RVYVDT,,,,,
TCL,"TCL 98P8K – Smart TV QLED 4K HDR10+ da 98"", Google TV con audio Onkyo 2.1",https://www.amazon.it/dp/B0F7RW2JX3,98.0,,,,,Amazon,IT,2026-08-26T04:57:43Z,B0F7RW2JX3,,,,,
TCL,"TCL 43C641, TV QLED 43”, 4K Ultra HD, Google TV (Dolby Vision & Atmos, Motion clarity, Controllo vocale hands-free, compatibile con Google assistant & Alexa)",https://www.amazon.it/dp/B0BY2C7PLQ,43.0,,,,,Amazon,IT,2026-08-26T04:57:43Z,B0BY2C7PLQ,,,,,
TCL,"TCL 50C641, TV QLED 50”, 4K Ultra HD, Google TV (Dolby Vision & Atmos, Motion clarity, Controllo vocale hands-free, compatibile con Google assistant & Alexa)",https://www.amazon.it/dp/B0BY2FH7RF,50.0,,,,,Amazon,IT,2026-08-26T04:57:43Z,B0BY2FH7RF,,,,,
TCL,"TCL 55T8D – Smart TV QD‑Mini LED 4K HDR10+ da 55"", pensato per il gaming, 144Hz VRR",https://www.amazon.it/dp/B0GR9JWH4T,55.0,499.0,499.0,EUR,499.0,Amazon,IT,2026-08-26T04:57:43Z,B0GR9JWH4T,,,,,
TCL,"TCL 55T7B, TV QLED 55”, 4K Ultra HD, Google TV (Dolby Vision & Atmos, Controllo vocale hands-free, compatibile con Google assistant & Alexa), Brushed titanium metal front",https://www.amazon.it/dp/B0CXTPSW7M,55.0,,,,,Amazon,IT,2026-08-26T04:57:43Z,B0CXTPSW7M,,,,,
Hisense,"Hisense Smart TV MiniLED 85"" 4K 85U7Q PRO, Smart TV VIDAA con 1000+APP, Dolby Vision IQ, HDR 10+ Adaptive, 165Hz Game Mode Ultra, Dolby Atmos 2.1.2 con Subwoofer",https://www.amazon.it/dp/B0F24CKN33,85.0,1599.0,1599.0,EUR,1599.0,Amazon,IT,2026-08-26T04:57:43Z,B0F24CKN33,,,,,
Sony,"Sony BRAVIA 8 OLED 65 Pollici 4K HDR Google Smart TV (2024) | Gaming Menu per PlayStation 5, IMAX Enhanced, Dolby Vision Atmos, Chromecast, AirPlay, 120Hz 65XR80",https://www.amazon.it/dp/B0D1VV8K32,65.0,2068.38,2068.38,EUR,2068.38,Amazon,IT,2026-08-26T04:57:43Z,B0D1VV8K32,,,,,
Panasonic,"Panasonic TV-32S55AEZ, Serie S55 32 pollici Smart TV LED Full HD, 2024, Fire TV, HD Colour Engine, HDR, Alexa Voice Control, Game Mode, Media Player, Per un'Esperienza Visiva Ottimale",https://www.amazon.it/dp/B0H2MK9V3P,32.0,199.0,199.0,EUR,199.0,Amazon,IT,2026-08-26T04:57:43Z,B0H2MK9V3P,,,,,
Xiaomi,"XIAOMI TV 43 pollici (109 cm), HD Smart TV Fire TV Dolby Audio L43MB-FAVEU",https://www.amazon.it/dp/B0H448LDSH,43.0,279.0,279.0,EUR,279.0,Amazon,IT,2026-08-26T04:57:43Z,B0H448LDSH,,,,,
Xiaomi,"XIAOMI TV F 50, 50 pollici (127 cm), 4K UHD, Smart TV, Fire TV, Triple Tuner DVB-C/S/S2/T/T2,HDR10, MEMC, Modalità Game Boost 120Hz, Controllo Vocale Alexa, 2GB+32GB, Compatibile con AirPlay",https://www.amazon.it/dp/B0F45BXJ1C,50.0,299.0,299.0,EUR,299.0,Amazon,IT,2026-08-26T04:57:43Z,B0F45BXJ1C,,,,,
Samsung,"Samsung Neo QLED 4K QN70F 65"" Mini TV LED, processore NQ4 AI Gen2, Quantum Matrix Technology Slim, Motion Xcelerator 144Hz, AirSlim, Samsung Vision AI Smart TV [Versione Ungherese]",https://www.amazon.it/dp/B0FHXPNHGR,65.0,980.48,980.48,EUR,980.48,Amazon,IT,2026-08-26T04:57:43Z,B0FHXPNHGR,,,,,
Samsung,"Samsung Neo QLED 4K QN70F 85"" Mini TV LED, processore NQ4 AI Gen2, Quantum Matrix Technology Slim, Motion Xcelerator 144Hz, AirSlim, Samsung Vision AI Smart TV [Versione Ungherese]",https://www.amazon.it/dp/B0FPCLHQ26,85.0,2057.05,2057.05,EUR,2057.05,Amazon,IT,2026-08-26T04:57:43Z,B0FPCLHQ26,,,,,
Samsung,"TV 75"" MINILED 4K 144Hz VRR Tizen TV Dolby Atmos HDMI 2.1 Samsung",https://www.amazon.it/dp/B0FND5PTST,75.0,1711.18,1711.18,EUR,1711.18,Amazon,IT,2026-08-26T04:57:43Z,B0FND5PTST,,,,,
LG,"LG QNED AI 43 Pollici, Serie QNED70 2025 Smart TV 4K - 43QNED70A6A",https://www.amazon.it/dp/B0FRSLYD59,43.0,,,,,Amazon,IT,2026-08-26T04:57:43Z,B0FRSLYD59,,,,,
LG,"LG QNED AI 50 Pollici, Serie QNED70 2025 Smart TV 4K - 50QNED70A6A",https://www.amazon.it/dp/B0FRSG85Q9,50.0,,,,,Amazon,IT,2026-08-26T04:57:43Z,B0FRSG85Q9,,,,,
Hisense,"Hisense Smart TV QLED 43"" 4K 43E7Q PRO, Smart TV VIDAA, Dolby Vision IQ, HDR 10+ Adaptive, 144hz Game Mode PRO, Dolby Atmos, Alexa Built-in, VIDAA Voice, Tuner DVB-T2/S2 HEVC 10, lativù 4K",https://www.amazon.it/dp/B0FFH953XW,43.0,428.0,428.0,EUR,428.0,Amazon,IT,2026-08-26T04:57:43Z,B0FFH953XW,,,,,
Hisense,"Hisense TV 65"" QLED 4K 144Hz 2025 65E7Q PRO, Smart TV VIDAA U8, Dolby Vision IQ, HDR 10+ Adaptive, 144hz Game Mode PRO, Dolby Atmos, Alexa Built-in, VIDAA Voice, Tuner DVB-T2/S2 HEVC 10, lativù 4K",https://www.amazon.it/dp/B0F1N62VSW,65.0,569.0,569.0,EUR,569.0,Amazon,IT,2026-08-26T04:57:43Z,B0F1N62VSW,,,,,
Sony,"Sony BRAVIA 8 OLED 55 Pollici 4K HDR, Google Smart TV (2024) BRAVIA Theatre Bar 8",https://www.amazon.it/dp/B0D428GVB1,55.0,,,,,Amazon,IT,2026-08-26T04:57:43Z,B0D428GVB1,,,,,
Philips,"Philips 55PUS7906/12 55-Pollici LED Android TV, 4K Smart TV con ambilight, vibrante immagine HDR, dolby vision cinematografico e suono atmos, compatibile con google assistance e Alexa, nero",https://www.amazon.it/dp/B09593D1NS,55.0,,,,,Amazon,IT,2026-08-26T04:57:43Z,B09593D1NS,,,,,
Philips,"Philips 65PUS7906/12 TV LED Android da 65 pollici, Smart TV 4K con Ambilight, Immagini HDR Nitide, Dolby Vision Cinematografico e Suono Atmos, Compatibile con Google Assistant e Alexa, Colore Nero",https://www.amazon.it/dp/B0958NZPMX,65.0,,,,,Amazon,IT,2026-08-26T04:57:43Z,B0958NZPMX,,,,,
Philips,"Philips 43PUS7906/12 43-Pollici LED android TV, 4K Smart TV con ambilight, vibrante immagine hdr, visione cinematografica dolby e suono atmos, compatibile con google assistance e alexa, nero",https://www.amazon.it/dp/B0958S4D4Z,43.0,,,,,Amazon,IT,2026-08-26T04:57:43Z,B0958S4D4Z,,,,,
Xiaomi,"XIAOMI TV F Pro 43,43 pollici (101 cm), 4K UHD QLED,Smart TV, Fire TV, Triple Tuner DVB-C/S/S2/T/T2,HDR10+, MEMC, Controllo Vocale Alexa, 2GB+32GB, Compatibile con Apple AirPlay",https://www.amazon.it/dp/B0F454D76T,43.0,269.0,269.0,EUR,269.0,Amazon,IT,2026-08-26T04:57:43Z,B0F454D76T,,,,,
Xiaomi,"XIAOMI TV F Pro 50, 50 pollici (127 cm), 4K UHD QLED, Smart TV, Fire TV, Triple Tuner DVB-C/S/S2/T/T2, HDR10, Modalità Game Boost 120Hz,MEMC,Controllo Vocale Alexa,2GB+32GB,Compatibile con AirPlay",https://www.amazon.it/dp/B0F45835F8,50.0,399.0,399.0,EUR,399.0,Amazon,IT,2026-08-26T04:57:43Z,B0F45835F8,,,,,
Xiaomi,"XIAOMI TV F Pro 65,65 pollici (165 cm),4K UHD QLED,Smart TV, Fire TV, Triple Tuner DVB-C/S/S2/T/T2, HDR10+, Modalità Game Boost 120Hz, MEMC, Controllo Vocale Alexa, 2GB+32GB, Compatibile con AirPlay",https://www.amazon.it/dp/B0F454CH49,65.0,449.0,449.0,EUR,449.0,Amazon,IT,2026-08-26T04:57:43Z,B0F454CH49,,,,,
Samsung,"Samsung Smart TV 48"" QE48S95HATXZT OLED 4K Glare Free, HDR 10+, Motion Xcelerator 165Hz, Dolby Atmos, FreeSync Premium Pro, Voice Control with AI(VAC), Alexa Built-in, PACCHETTO INTRATTENIMENTO, 2026",https://www.amazon.it/dp/B0GWN5HTR3,48.0,1264.0,1264.0,EUR,1264.0,Amazon,IT,2026-08-26T04:57:43Z,B0GWN5HTR3,,,,,
LG,"LG OLED evo AI 48 Pollici, Serie C5 2025 Smart TV 4K - OLED48C56LB",https://www.amazon.it/dp/B0F6VCDV58,48.0,749.0,749.0,EUR,749.0,Amazon,IT,2026-08-26T04:57:43Z,B0F6VCDV58,,,,,
LG,"LG OLED evo AI 83 Pollici, Serie C5 2025 Smart TV 4K - OLED83C54LA",https://www.amazon.it/dp/B0F44FFV4W,83.0,2799.0,2799.0,EUR,2799.0,Amazon,IT,2026-08-26T04:57:43Z,B0F44FFV4W,,,,,
LG,"LG OLED evo AI 65 Pollici, Serie C5 2025 Smart TV 4K - OLED65C56LB",https://www.amazon.it/dp/B0F7HP7FSH,65.0,,,,,Amazon,IT,2026-08-26T04:57:43Z,B0F7HP7FSH,,,,,
TCL,"TCL QLED 65'' 65P69K smart tv 4K Ultra UHD, Dolby Audio, DVB-T2Hevc Main 10,Google Tv, 65 pollici, QLED 60HZ",https://www.amazon.it/dp/B0FMRX2CQV,65.0,414.51,414.51,EUR,414.51,Amazon,IT,2026-08-26T04:57:43Z,B0FMRX2CQV,,,,,
TCL,"TCL 75P69K TV LED Direct da 75"", TV HDR 4K, Smart TV con tecnologia Google TV (Dolby Audio, Motion Clarity, compatibile con Google Assistant e Alexa)",https://www.amazon.it/dp/B0FMRZH4V8,75.0,613.08,613.08,EUR,613.08,Amazon,IT,2026-08-26T04:57:43Z,B0FMRZH4V8,,,,,
Hisense,"Hisense TV 75"" Mini-LED 165Hz 4K 2025 75U8Q, Octagonal Stand, Dolby Atmos Multi-Channel Surround 4.1.2, Smart TV VIDAA U9 con 1000+APP, Dolby Vision IQ, HDR 10+, 165Hz Game Mode Ultra, Alexa Built-in,",https://www.amazon.it/dp/B0F1W3TRZT,75.0,,,,,Amazon,IT,2026-08-26T04:57:43Z,B0F1W3TRZT,,,,,
Hisense,"Hisense TV 85"" Mini-LED 165Hz 4K 2025 85U8Q, Octagonal Stand, Dolby Atmos Multi-Channel Surround 4.1.2, Smart TV VIDAA U9 con 1000+APP, Dolby Vision IQ, HDR 10+, 165Hz Game Mode Ultra, Alexa Built-in",https://www.amazon.it/dp/B0F1W5Z9FW,85.0,,,,,Amazon,IT,2026-08-26T04:57:43Z,B0F1W5Z9FW,,,,,
Sony,"Sony BRAVIA 2Ⅱ 65"", 4K Smart TV (Google TV), Processore X1,4K Upscaling, Televisione con Dolby Atmos e DTS:X, compatibile con PS5, 65S20M2, Modello 2026",https://www.amazon.it/dp/B0GZKY262Y,65.0,949.0,949.0,EUR,949.0,Amazon,IT,2026-08-26T04:57:43Z,B0GZKY262Y,,,,,
Sony,"Sony BRAVIA 2Ⅱ 75"", 4K Smart TV (Google TV), Processore X1,4K Upscaling, Televisione con Dolby Atmos e DTS:X, compatibile con PS5, 75S20M2, Modello 2026",https://www.amazon.it/dp/B0GZKYXYQX,75.0,951.0,951.0,EUR,951.0,Amazon,IT,2026-08-26T04:57:43Z,B0GZKYXYQX,,,,,
Samsung,"Samsung QLED Q8F 4K Smart TV 75"" con visione AI, volume 100% di colore con Quantum Dot, HDR10+, processore Q4 AI, One UI Tizen, Wi-Fi, Bluetooth 5.3 e Motion Xcelerator [Versione Ungherese]",https://www.amazon.it/dp/B0FHXMLHHK,75.0,,,,,Amazon,IT,2026-08-26T04:57:43Z,B0FHXMLHHK,,,,,
TCL,"TCL 85P7K 85” QLED 4K HDR TV, Google TV, Smart TV (Dolby Vision & Atmos, Game Master, Motion clarity, Sistema audio Onkyo 2.1)",https://www.amazon.it/dp/B0FPQM3QJC,85.0,,,,,Amazon,IT,2026-08-26T04:57:43Z,B0FPQM3QJC,,,,,
TCL,"TCL 50P7K 50” QLED,4K HDR TV, Google TV, Smart TV((Dolby Vision & Atmos, Game Master, Motion clarity)",https://www.amazon.it/dp/B0F9FMTPH8,50.0,,,,,Amazon,IT,2026-08-26T04:57:43Z,B0F9FMTPH8,,,,,
Sony,"TV Sony BRAVIA 3Ⅱ55 pollici, Smart TV 4K (Google TV), processore XR con tecnologia AI, 120 Hz con Dolby Vision/Atmos, compatibile con PS5, modello 55XR32M2, anno 2026",https://www.amazon.it/dp/B0GZPV9JS8,55.0,969.0,969.0,EUR,969.0,Amazon,IT,2026-08-26T04:57:43Z,B0GZPV9JS8,,,,,
Sony,"TV Sony BRAVIA 3Ⅱ75 pollici, Smart TV 4K (Google TV), processore XR con tecnologia AI, 120 Hz con Dolby Vision/Atmos, compatibile con PS5, modello 75XR32M2, anno 2026",https://www.amazon.it/dp/B0GZQ9F4Y3,75.0,1549.0,1549.0,EUR,1549.0,Amazon,IT,2026-08-26T04:57:43Z,B0GZQ9F4Y3,,,,,
Sony,"TV Sony BRAVIA 3Ⅱ85 pollici, Smart TV 4K (Google TV), processore XR con tecnologia AI, 120 Hz con Dolby Vision/Atmos, compatibile con PS5, modello 85XR35M2, anno 2026",https://www.amazon.it/dp/B0GZQJC7W6,85.0,2049.0,2049.0,EUR,2049.0,Amazon,IT,2026-08-26T04:57:43Z,B0GZQJC7W6,,,,,
Sony,"TV Sony BRAVIA 3Ⅱ100 pollici, Smart TV 4K (Google TV), processore XR con tecnologia AI, 120 Hz con Dolby Vision/Atmos, compatibile con PS5, modello 100XR35M2, anno 2026",https://www.amazon.it/dp/B0GZQB773S,100.0,2999.0,2999.0,EUR,2999.0,Amazon,IT,2026-08-26T04:57:43Z,B0GZQB773S,,,,,
Samsung,"Samsung Neo QLED 8K Vision AI Smart TV 75'' QE75QN900FTXZT Mini LED, NQ8 AI Gen3 Processor,AI Upscaling, Glare Free, Dolby Atmos & OTS Pro, Meta lFrame Design, PACCHETTO INTRATTENIMENTO, 2025",https://www.amazon.it/dp/B0F7LKZ748,75.0,,,,,Amazon,IT,2026-08-26T04:57:43Z,B0F7LKZ748,,,,,
Samsung,"Samsung Neo QLED 8K Vision AI Smart TV 85'' QE85QN900FTXZT Mini LED, NQ8 AI Gen3 Processor,AI Upscaling, Glare Free, Art Store, Dolby Atmos & OTS Pro, MetaFrame Design,PACCHETTO INTRATTENIMENTO, 2025",https://www.amazon.it/dp/B0F7LL8YGL,85.0,,,,,Amazon,IT,2026-08-26T04:57:43Z,B0F7LL8YGL,,,,,
Samsung,"Samsung Neo QLED 8K Vision AI Smart TV 65'' QE65QN990FTXZT Mini LED, NQ8 AI Gen3 Processor, AI Upscaling Pro, Glare Free, Dolby Atmos & OTS Pro, Infinity Air Design, PACCHETTO INTRATTENIMENTO, 2025",https://www.amazon.it/dp/B0F7LL1KJ7,65.0,,,,,Amazon,IT,2026-08-26T04:57:43Z,B0F7LL1KJ7,,,,,
