brand_raw,raw_text,url,size_hint_inch,price_hint_eur,price_local,currency,price_eur,platform,country,scraped_at,asin,elkjop_sku,model_year,filter_year,source_brand,fx_rate_date
Samsung,"Samsung Crystal UHD U8079F 4K 50 Zoll (125 cm) LED Fernseher, Crystal Prozessor 4K, MetalStream Design, SmartThings, AI Upscaling, Gaming Hub, Knox Security, Kostenlose Inhalte, Smart TV",https://www.amazon.de/dp/B0F62WYBXV,50.0,299.0,299.0,EUR,299.0,Amazon,DE,2026-09-23T09:28:25Z,B0F62WYBXV,,,,,
Samsung,"Samsung Crystal UHD U8079F 4K 55 Zoll (138 cm) LED Fernseher, Crystal Prozessor 4K, MetalStream Design, SmartThings, AI Upscaling, Gaming Hub, Knox Security, Kostenlose Inhalte, Smart TV",https://www.amazon.de/dp/B0F62VWJX3,55.0,379.0,379.0,EUR,379.0,Amazon,DE,2026-09-23T09:28:25Z,B0F62VWJX3,,,,,
Samsung,"Samsung Crystal UHD U8079F 43 Zoll (108 cm) LED, MetalStream Design, SmartThings, AI Upscaling, Gaming Hub, Knox Security, Smart TV, 2025",https://www.amazon.de/dp/B0F7LG4F8P,43.0,295.99,295.99,EUR,295.99,Amazon,DE,2026-09-23T09:28:25Z,B0F7LG4F8P,,,,,
Samsung,"Samsung QLED 4K Q7FA 43 Zoll (108 cm) UHD Fernseher, Q4 AI Prozessor, Quantum Dot, Upscaling, Gaming Hub, Knox Security, Smart TV, 2025",https://www.amazon.de/dp/B0F5BXDVK2,43.0,349.0,349.0,EUR,349.0,Amazon,DE,2026-09-23T09:28:25Z,B0F5BXDVK2,,,,,
Samsung,"Samsung Neo QLED 4K QN70F 55 Zoll (138 cm) Mini LED Fernseher, Optimiert für Fussball, NQ4 AI Gen2 Prozessor, Quantum Matrix Technology Slim, Motion Xcelerator, Samsung Vision AI Smart TV",https://www.amazon.de/dp/B0DF6PGDMT,55.0,,,,,Amazon,DE,2026-09-23T09:28:25Z,B0DF6PGDMT,,,,,
Samsung,"Samsung Neo QLED 4K QN85F 65 Zoll (163 cm) Mini LED Fernseher, Optimiert für Fussball, NQ4 AI Gen2 Prozessor, Quantum Matrix Plus, Dolby Atmos, Knox Security, Samsung Vision AI Smart TV",https://www.amazon.de/dp/B0DFVGG5PZ,65.0,,,,,Amazon,DE,2026-09-23T09:28:25Z,B0DFVGG5PZ,,,,,
Samsung,"Samsung 65S95H 65 Zoll (165 cm) 4K UHD OLED evo AI Smart TV | NQ4 AI Gen3 Prozessor mit AI-Upscaling, Dolby Atmos Sound, M...",https://www.amazon.de/dp/B0HF551V2W,65.0,2159.0,2159.0,EUR,2159.0,Amazon,DE,2026-09-23T09:28:25Z,B0HF551V2W,,,,,
Samsung,"Samsung Crystal U7099H 4K 55 Zoll (138 cm), UHD Fernseher, AI Companion für Deine Fragen, 4K Upscaling, Dynamik Sound Pack für Premium-Sounderlebnis, Gaming Hub, kostenlos 900 Sender, Smart AI TV",https://www.amazon.de/dp/B0GXZGQTGX,55.0,449.0,449.0,EUR,449.0,Amazon,DE,2026-09-23T09:28:25Z,B0GXZGQTGX,,,,,
Samsung,"Samsung OLED 4K S90F 55 Zoll (138 cm), UHD Fernseher, Optimiert für Fussball und Gaming, NQ4 AI Gen3 Prozessor, OLED HDR+, 4K Upscaling Pro, Dolby Atmos, Motion Xcelerator, Samsung Vision AI Smart TV",https://www.amazon.de/dp/B0F62WB7N6,55.0,1017.19,1017.19,EUR,1017.19,Amazon,DE,2026-09-23T09:28:25Z,B0F62WB7N6,,,,,
Samsung,"Samsung Neo QLED 4K QN90F 50 Zoll (125 cm) Mini LED Fernseher, Antireflexion, NQ4 AI Gen3 Prozessor, Neo Quantum HDR, 4K Upscaling Pro, Dolby Atmos, Knox Security, Samsung Vision AI Smart TV",https://www.amazon.de/dp/B0DFVHCWC1,50.0,729.99,729.99,EUR,729.99,Amazon,DE,2026-09-23T09:28:25Z,B0DFVHCWC1,,,,,
Samsung,"Samsung Mini LED M70H 4K 43 Zoll (108 cm) UHD Fernseher, Mini LED Prozessor 4K, AI Companion für Fragen, Pure Spectrum Color, Dynamic SoundPack, MetalStream Design, Gaming Hub, Knox Security, Smart TV",https://www.amazon.de/dp/B0H2J5QPY6,43.0,325.0,325.0,EUR,325.0,Amazon,DE,2026-09-23T09:28:25Z,B0H2J5QPY6,,,,,
Samsung,"Samsung Neo QLED 4K QN90F 55 Zoll (138 cm) Mini LED Fernseher, Antireflexion, NQ4 AI Gen3 Prozessor, Neo Quantum HDR+, 4K Upscaling Pro, Dolby Atmos, Knox Security, Samsung Vision AI Smart TV",https://www.amazon.de/dp/B0DFVV8V7N,55.0,999.0,999.0,EUR,999.0,Amazon,DE,2026-09-23T09:28:25Z,B0DFVV8V7N,,,,,
Samsung,"Samsung QLED Q8F 4K Smart TV 85 Zoll (214 cm) mit AI-Vision, 100% Farbvolumen mit Quantum Dot, HDR10+, Q4 AI Prozessor, One UI Tizen, Wi-Fi, Bluetooth 5.3 und Motion...[Länderversion Ungarisch]",https://www.amazon.de/dp/B0FHXK9QHX,85.0,1025.0,1025.0,EUR,1025.0,Amazon,DE,2026-09-23T09:28:25Z,B0FHXK9QHX,,,,,
Samsung,"Samsung Full HD F6009F 32 Zoll (81 cm) LED Flachbildfernseher, PurColor-Technologie, HDR, Object Tracking Sound Lite, Knox Security, One UI Tizen, Smart TV, Unbegrenzt kostenlose Inhalte",https://www.amazon.de/dp/B0DFVXK726,32.0,,,,,Amazon,DE,2026-09-23T09:28:25Z,B0DFVXK726,,,,,
Samsung,"Samsung Crystal UHD 4K U80F 50 Zoll (125 cm) LED Fernseher, Crystal Prozessor 4K, MetalStream Design, SmartThings, Knox Security, Gaming Hub, AI Upscaling, Koste... [Ungarische Version]",https://www.amazon.de/dp/B0FMF8VJB1,50.0,325.85,325.85,EUR,325.85,Amazon,DE,2026-09-23T09:28:25Z,B0FMF8VJB1,,,,,
Samsung,"Samsung QLED Q7F 4K Smart TV 43 Zoll (108 cm) mit AI-Vision, 100% Farbvolumen mit Quantum Dot, HDR10+, Q4 AI Prozessor, One UI Tizen, Wi-Fi, Bluetooth 5.3 und Motion Xcelerator",https://www.amazon.de/dp/B0FFSRHM9L,43.0,362.14,362.14,EUR,362.14,Amazon,DE,2026-09-23T09:28:25Z,B0FFSRHM9L,,,,,
Samsung,"Samsung Crystal UHD 4K TV 43 Zoll (GU43AU7179UXZG, Deutsches Modell), HDR, Q-Symphony, rahmenloses Design, Smart TV [2021]",https://www.amazon.de/dp/B092R9P5S5,43.0,298.99,298.99,EUR,298.99,Amazon,DE,2026-09-23T09:28:25Z,B092R9P5S5,,,,,
Samsung,"Samsung QLED Q8F 4K Smart TV 75 Zoll (189 cm) mit AI-Vision, 100% Farbvolumen mit Quantum Dot, HDR10+, Q4 AI Prozessor, One UI Tizen, Wi-Fi, Bluetooth 5.3 und Motion...[Länderversion Ungarisch]",https://www.amazon.de/dp/B0FHXMLHHK,75.0,799.0,799.0,EUR,799.0,Amazon,DE,2026-09-23T09:28:25Z,B0FHXMLHHK,,,,,
Samsung,"Samsung RU7099 108 cm (43 Zoll) LED Fernseher (Ultra HD, HDR, Triple Tuner, Smart TV) [Modelljahr 2019]",https://www.amazon.de/dp/B07WL6ZX97,43.0,327.91,327.91,EUR,327.91,Amazon,DE,2026-09-23T09:28:25Z,B07WL6ZX97,,,,,
Samsung,"Samsung 43U80H Crystal UHD 4K Smart TV, 43 Zoll (108 cm), Modelljahr 2026, Tizen OS, Gaming Hub, HDR10+, PurColor",https://www.amazon.de/dp/B0H5KBWMKK,43.0,297.0,297.0,EUR,297.0,Amazon,DE,2026-09-23T09:28:25Z,B0H5KBWMKK,,,,,
Samsung,"Samsung RU7179 108 cm (43 Zoll) LED Fernseher (Ultra HD, HDR, Triple Tuner, Smart TV) [Modelljahr 2019]",https://www.amazon.de/dp/B07PGBHP37,43.0,327.91,327.91,EUR,327.91,Amazon,DE,2026-09-23T09:28:25Z,B07PGBHP37,,,,,
Samsung,"Samsung Neo QLED QN70H 4K 43 Zoll (108 cm), Quantum-Mini-LED für ultrafeine Kontraste, UHD Fernseher, 4K AI Upscaling, Adaptive Sound+, Gaming Hub, Motion Xcelerator 144Hz, AI Companion, Smart TV",https://www.amazon.de/dp/B0GXZTJZBG,43.0,601.72,601.72,EUR,601.72,Amazon,DE,2026-09-23T09:28:25Z,B0GXZTJZBG,,,,,
Samsung,"Samsung Mini LED M70H 4K 50 Zoll (125 cm) UHD Fernseher, Mini LED Prozessor 4K, AI Companion für Fragen, Pure Spectrum Color, Dynamic SoundPack, MetalStream Design, Gaming Hub, Knox Security, Smart TV",https://www.amazon.de/dp/B0H33D2SFV,50.0,369.77,369.77,EUR,369.77,Amazon,DE,2026-09-23T09:28:25Z,B0H33D2SFV,,,,,
Samsung,"Samsung Mini LED M80H 4K 55 Zoll (138 cm) UHD Fernseher, Neural Quantum 4K AI Gen2 Prozessor, Motion Xcelerator 144 Hz, Vision AI Companion, Dynamic Sound Pack, Gaming Hub, Knox Security, Smart TV",https://www.amazon.de/dp/B0H335S6NL,55.0,536.62,536.62,EUR,536.62,Amazon,DE,2026-09-23T09:28:25Z,B0H335S6NL,,,,,
Samsung,"Samsung 32Q5F 32 Zoll (80 cm) FHD QLED AI Smart TV | Hyper Real Prozessor, Dolby Digital Plus Sound, Motion Xcelerator 60H...",https://www.amazon.de/dp/B0HFSJHDTD,32.0,339.0,339.0,EUR,339.0,Amazon,DE,2026-09-23T09:28:25Z,B0HFSJHDTD,,,,,
Samsung,"Samsung Mini LED M70H 4K 43 Zoll (108 cm), UHD Fernseher, Mini LED HDR für beeindruckende Details, Motion Xcelerator 144Hz, Dynamik Sound Pack, AI Companion für Fragen, kostenlos 900 Sender, Smart TV",https://www.amazon.de/dp/B0GXZPJ971,43.0,359.0,359.0,EUR,359.0,Amazon,DE,2026-09-23T09:28:25Z,B0GXZPJ971,,,,,
Samsung,"Samsung QLED 4K Q6FA 75 Zoll (189 cm) UHD Fernseher, 100% Farbvolumen für satte Farben, Quantum HDR, 4K Upscaling, Knox Security, Kostenlos 900 Sender TV Plus, Samsung Vision AI Smart TV",https://www.amazon.de/dp/B0FKTKVZ2J,75.0,719.0,719.0,EUR,719.0,Amazon,DE,2026-09-23T09:28:25Z,B0FKTKVZ2J,,,,,
Samsung,"Samsung QLED Q7F 4K Smart TV 50 Zoll (125 cm) mit AI-Vision, 100% Farbvolumen mit Quantum Dot, HDR10+, Q4 AI Prozessor, One UI Tizen, Wi-Fi, Bluetooth 5.3 und Motion...[Länderversion Ungarisch]",https://www.amazon.de/dp/B0FFSVPJ7Y,50.0,364.95,364.95,EUR,364.95,Amazon,DE,2026-09-23T09:28:25Z,B0FFSVPJ7Y,,,,,
Samsung,"Samsung The Frame LS03F 4K QLED 65 Zoll (163 cm) UHD, NQ4 AI Gen2 Prozessor, Art Mode, Artful Picture Quality, One Connect Kabel, 2025",https://www.amazon.de/dp/B0F62T7RFM,65.0,878.99,878.99,EUR,878.99,Amazon,DE,2026-09-23T09:28:25Z,B0F62T7RFM,,,,,
Samsung,"Samsung QLED Q7F2 4K 55 Zoll (138 cm) UHD Fernseher, Q4 AI Prozessor, Quantum Dot für Reale Farben, 4K Upscaling, Knox Security, Gaming Hub, Kostenlose Inhalte, Samsung Vision AI Smart TV",https://www.amazon.de/dp/B0F62T33BJ,55.0,399.0,399.0,EUR,399.0,Amazon,DE,2026-09-23T09:28:25Z,B0F62T33BJ,,,,,
Samsung,"Samsung QLED Q8F 4K 55 Zoll (138 cm) UHD Fernseher, Q4 AI Prozessor, Quantum Dot für Reale Farben, AirSlim Design, 4K Upscaling, Gaming Hub, Kostenlose Inhalte, Samsung Vision AI Smart TV",https://www.amazon.de/dp/B0FCX5NT4S,55.0,,,,,Amazon,DE,2026-09-23T09:28:25Z,B0FCX5NT4S,,,,,
Samsung,"Samsung Crystal UHD 4K U7099F 43 Zoll (108 cm) LED, Optimiert für Fussball und Gaming, 4K Prozessor, AI Upscaling, SmartThings, Knox Security, 2025",https://www.amazon.de/dp/B0F5BR3WSK,43.0,,,,,Amazon,DE,2026-09-23T09:28:25Z,B0F5BR3WSK,,,,,
Samsung,"Samsung Crystal UHD TV 4K DU7179 Fernseher 65 Zoll (163 cm), Fernseher mit PurColor, 4K Upscaling, Gaming Hub, Crystal Prozessor, Tizen OS, Smart TV, Alexa, 3D Surround Sound & Q-Symphony",https://www.amazon.de/dp/B0CZS61764,65.0,589.0,589.0,EUR,589.0,Amazon,DE,2026-09-23T09:28:25Z,B0CZS61764,,,,,
Samsung,"Samsung QLED Q7F 4K Smart TV 55 Zoll (138 cm) mit AI-Vision, 100% Farbvolumen mit Quantum Dot, HDR10+, Q4 AI Prozessor, One UI Tizen, Wi-Fi, Bluetooth 5.3 und Motion...[Länderversion Ungarisch]",https://www.amazon.de/dp/B0FM8SY9ZK,55.0,486.39,486.39,EUR,486.39,Amazon,DE,2026-09-23T09:28:25Z,B0FM8SY9ZK,,,,,
Samsung,"Samsung OLED 4K S85F 65 Zoll (163 cm) UHD Fernseher, NQ4 AI Gen2 Prozessor,4K Upscaling, OLED HDR, Farben Pantone validiert, Dolby Atmos, Gaming-Hub, Knox Security, Samsung Vision AI Smart TV",https://www.amazon.de/dp/B0DF8SM66W,65.0,1149.0,1149.0,EUR,1149.0,Amazon,DE,2026-09-23T09:28:25Z,B0DF8SM66W,,,,,
Samsung,"Samsung QLED 4K Q60D 43 Zoll Fernseher mit Quantum Prozessor Lite, 100% Farbvolumen, Upscaling, Tizen OS, Smart TV, 43Q60D [2024]",https://www.amazon.de/dp/B0D5BNFMHF,43.0,374.45,374.45,EUR,374.45,Amazon,DE,2026-09-23T09:28:25Z,B0D5BNFMHF,,,,,
Samsung,"Samsung QLED Q7F4 4K 55 Zoll UHD Fernseher, Q4 AI Prozessor, Quantum Dot Für Reale Farben, Upscaling, Knox Security, Adaptive Sound, Samsung Vision Smart TV, 55Q7F (2025), 140 Cm",https://www.amazon.de/dp/B0FFB57833,55.0,,,,,Amazon,DE,2026-09-23T09:28:25Z,B0FFB57833,,,,,
Samsung,"Samsung OLED S95H 4K 65 Zoll (163 cm), UHD Fernseher, Antireflexion mit Glare Free, OLED HDR pro, Ultimate Gaming Pack (NVIDIA G-SYNC & AMD FreeSync Pro) mit 165Hz, HDMI 2.1, Dolby Atmos, Smart AI TV",https://www.amazon.de/dp/B0GXZLQJ48,65.0,2349.0,2349.0,EUR,2349.0,Amazon,DE,2026-09-23T09:28:25Z,B0GXZLQJ48,,,,,
Samsung,"Samsung Neo QLED 4K QN80F 75 Zoll (189 cm) Mini LED Fernseher, NQ4 AI Gen2 Prozessor, Quantum Matrix Technology Core, 4K Upscaling, Dolby Atmos, Knox Security, Samsung Vision AI Smart TV",https://www.amazon.de/dp/B0DFVN2MKN,75.0,1099.0,1099.0,EUR,1099.0,Amazon,DE,2026-09-23T09:28:25Z,B0DFVN2MKN,,,,,
Samsung,"Samsung Crystal UHD DU7170 43 Zoll Fernseher, 109 cm (43DU7170), PurColor, Crystal Prozessor 4K, Q-Symphony, Smart TV [2024]",https://www.amazon.de/dp/B0D5RHK9TS,43.0,307.33,307.33,EUR,307.33,Amazon,DE,2026-09-23T09:28:25Z,B0D5RHK9TS,,,,,
Samsung,"Samsung Neo QLED 4K QN85F 55 Zoll (138 cm) Mini LED Fernseher, NQ4 AI Gen2 Prozessor, Quantum Matrix Plus, Neo Quantum HDR+, Dolby Atmos, Knox Security, Samsung Vision AI Smart TV",https://www.amazon.de/dp/B0DFVGXR6J,55.0,666.0,666.0,EUR,666.0,Amazon,DE,2026-09-23T09:28:25Z,B0DFVGXR6J,,,,,
Samsung,"Samsung Full HD TV 40F6000 40 Zoll (102cm) Fernseher, Smart-TV inkl WLAN, HDR 10+, Triple Tuner, UE40F6000FU [2025] [Länderversion Niederländisch]",https://www.amazon.de/dp/B0DFVWYPBF,40.0,369.0,369.0,EUR,369.0,Amazon,DE,2026-09-23T09:28:25Z,B0DFVWYPBF,,,,,
Samsung,Samsung Smart TV TU43DU7105 4K Ultra HD LED 43 Zoll,https://www.amazon.de/dp/B0D2LJMNXG,43.0,298.11,298.11,EUR,298.11,Amazon,DE,2026-09-23T09:28:25Z,B0D2LJMNXG,,,,,
Samsung,"Samsung TV 24"" LED FHD 4K SmartTV TU24F6005FKXXC [Länderversion Französisch, Spanisch, Portugiesisch]...[Länderversion Französisch, Spanisch, Portugiesisch]",https://www.amazon.de/dp/B0F22BB8VV,24.0,181.69,181.69,EUR,181.69,Amazon,DE,2026-09-23T09:28:25Z,B0F22BB8VV,,,,,
Samsung,"Samsung Crystal UHD 4K U80F 55 Zoll (138 cm) LED Fernseher, Crystal Prozessor 4K, MetalStream Design, SmartThings, Knox Security, Gaming Hub, AI Upscaling, Kostenlos...[Länderversion Ungarisch]",https://www.amazon.de/dp/B0FLJYHB8D,55.0,397.37,397.37,EUR,397.37,Amazon,DE,2026-09-23T09:28:25Z,B0FLJYHB8D,,,,,
Samsung,"Samsung Neo QLED QN80H 4K 65 Zoll (163 cm), UHD Fernseher, Quantum-Mini-LED für ultrafeine Kontraste, 4K AI Upscaling, Adaptive Sound Pro, Gaming Hub, Motion Xcelerator 144Hz, AI Companion, Smart TV",https://www.amazon.de/dp/B0GXZQHTDL,65.0,1299.0,1299.0,EUR,1299.0,Amazon,DE,2026-09-23T09:28:25Z,B0GXZQHTDL,,,,,
Samsung,"Samsung QLED Q7F4 4K 50 Zoll (127 cm) UHD Fernseher, Q4 AI Prozessor, Quantum Dot für Reale Farben, 4K Upscaling, Knox Security, Adaptive Sound, Samsung Vis... [Niederländische Version]",https://www.amazon.de/dp/B0FFB4S5MB,50.0,379.0,379.0,EUR,379.0,Amazon,DE,2026-09-23T09:28:25Z,B0FFB4S5MB,,,,,
Samsung,"Samsung QLED Q8F 4K Smart TV 50 Zoll (125 cm) mit AI-Vision, 100% Farbvolumen mit Quantum Dot, HDR10+, Q4 AI Prozessor, One UI Tizen, Wi-Fi, Bluetooth 5.3 und Motion...[Länderversion Ungarisch]",https://www.amazon.de/dp/B0FMF6NL7V,50.0,493.89,493.89,EUR,493.89,Amazon,DE,2026-09-23T09:28:25Z,B0FMF6NL7V,,,,,
Samsung,"Samsung Mini LED M80H 4K 55 Zoll (138 cm), UHD Fernseher, Mini LED HDR für beeindruckende Details, Motion Xcelerator 144Hz, AI Fußballmodus, Dynamik Sound Pack, AI Companion für deine Fragen, Smart TV",https://www.amazon.de/dp/B0GXZHZD2Z,55.0,599.0,599.0,EUR,599.0,Amazon,DE,2026-09-23T09:28:25Z,B0GXZHZD2Z,,,,,
Samsung,"Samsung Neo QLED QN70H 4K 43 Zoll (108 cm) Fernseher, Quantum Mini LED, Neural Quantum 4K AI Prozessor, Motion Xcelerator, Samsung Vision AI, Adaptive Sound+, Gaming Hub",https://www.amazon.de/dp/B0H3KJH64R,43.0,493.37,493.37,EUR,493.37,Amazon,DE,2026-09-23T09:28:25Z,B0H3KJH64R,,,,,
Samsung,LED-Fernseher SAMSUNG 43AU7020 43 Zoll (108 cm) Crystal UHD 4K 3840 x 2160 HDR Smart TV Gaming HUB 3 x HDMI,https://www.amazon.de/dp/B0CZ47SPT3,43.0,302.98,302.98,EUR,302.98,Amazon,DE,2026-09-23T09:28:25Z,B0CZ47SPT3,,,,,
Samsung,"Samsung TV 43 Zoll (108 cm) QLED Q7F 4K Smart TV mit AI-Vision, 100% Farbvolumen mit Quantum Dot, HDR10+, Q4 AI Prozessor, One UI Tizen, Wi-Fi, Bluetooth 5.3 und Mot...[Länderversion Ungarisch]",https://www.amazon.de/dp/B0FM3ZTMKS,43.0,324.61,324.61,EUR,324.61,Amazon,DE,2026-09-23T09:28:25Z,B0FM3ZTMKS,,,,,
Samsung,"Samsung Neo QLED 4K QN70F 65 Zoll (163 cm) Mini LED Fernseher, NQ4 AI Gen2 Prozessor, Quantum Matrix Technology Slim, Motion Xcelerator 144Hz, AirSlim Design, Samsun...[Länderversion Ungarisch]",https://www.amazon.de/dp/B0FHXPNHGR,65.0,849.0,849.0,EUR,849.0,Amazon,DE,2026-09-23T09:28:25Z,B0FHXPNHGR,,,,,
Samsung,"Samsung Neo QLED 4K QN70F 65 Zoll (165 cm) 4K Fernseher TV mit Neural Quantum AI Gen2 Prozessor, Quantum-Matrix-Technologie Slim, Upscaling, Smart TV, 65QN70F [2025]",https://www.amazon.de/dp/B0FC32BSZ1,65.0,,,,,Amazon,DE,2026-09-23T09:28:25Z,B0FC32BSZ1,,,,,
Samsung,"Samsung QLED 4K Q60A TV 43 Zoll (GQ43Q60AAUXZG), Quantum HDR, Quantum Prozessor Lite 4K, 100% Farbvolumen [2021]",https://www.amazon.de/dp/B092R8T45C,43.0,376.38,376.38,EUR,376.38,Amazon,DE,2026-09-23T09:28:25Z,B092R8T45C,,,,,
Samsung,"Samsung Neo QLED 4K QN90F 50 Zoll (127 cm) 4K Fernseher, TV mit Neural Quantum AI Gen3 Prozessor, Quantum-Matrix-Technologie Plus, AI Upscaling Pro, Smart TV, 50QN90F [2025]",https://www.amazon.de/dp/B0FC2DKRLN,50.0,749.0,749.0,EUR,749.0,Amazon,DE,2026-09-23T09:28:25Z,B0FC2DKRLN,,,,,
Samsung,"Samsung Neo QLED 8K QN900F 75 Zoll (189 cm) Mini LED Fernseher, Antireflexion, 8K AI Upscaling, Metal Frame Design, Knox Security, Dolby Atmos, Art Store Galerie, Samsung Vision AI Smart TV",https://www.amazon.de/dp/B0F62ZTQQK,75.0,2588.0,2588.0,EUR,2588.0,Amazon,DE,2026-09-23T09:28:25Z,B0F62ZTQQK,,,,,
Samsung,"Samsung Smart TV 43 Zoll QN70H Mini LED Neo QLED 4K, Quantum Mini LED, Real QLED 100% Farbvolumen, Crystal 4K Prozessor optimiert durch KI, Motion Xcelerator, Vision AI Companion [2026]",https://www.amazon.de/dp/B0H11F4MXN,43.0,505.7,505.7,EUR,505.7,Amazon,DE,2026-09-23T09:28:25Z,B0H11F4MXN,,,,,
Samsung,"Samsung QLED FullHD The Frame 32 Zoll Fernseher (GQ32LS03CBUXZG, Deutsches Modell), mattes Display, austauschbare Rahmen, Art Mode, Smart TV [2023]",https://www.amazon.de/dp/B0BXTB8N28,32.0,349.99,349.99,EUR,349.99,Amazon,DE,2026-09-23T09:28:25Z,B0BXTB8N28,,,,,
Samsung,"Samsung QLED Q7F4 4K 75 Zoll (191 cm) UHD Fernseher, Q4 AI Prozessor, Quantum Dot für Reale Farben, 4K Upscaling, Knox Security, Adaptive Sound, Samsung Vision AI Smart TV, 75Q7F (2025)",https://www.amazon.de/dp/B0FFB5LGJ6,75.0,,,,,Amazon,DE,2026-09-23T09:28:25Z,B0FFB5LGJ6,,,,,
Samsung,"Samsung Crystal UHD DU7170 50 Zoll Fernseher, 127 cm (50DU7170), PurColor, Crystal Prozessor 4K, Q-Symphony, Smart TV [2024]",https://www.amazon.de/dp/B0D5DJF9QQ,50.0,352.18,352.18,EUR,352.18,Amazon,DE,2026-09-23T09:28:25Z,B0D5DJF9QQ,,,,,
Samsung,"Samsung Crystal UHD 4K U80F 43 Zoll (108 cm) LED Fernseher, Crystal Prozessor 4K, MetalStream Design, SmartThings, Knox Security, Gaming Hub, AI Upscaling, Kostenlos...[Länderversion Ungarisch]",https://www.amazon.de/dp/B0FLDQF3Y7,43.0,,,,,Amazon,DE,2026-09-23T09:28:25Z,B0FLDQF3Y7,,,,,
Samsung,"Samsung TU7079 108 cm (43 Zoll) LED Fernseher (Ultra HD, HDR 10+, Triple Tuner, Smart TV) [Modelljahr 2020]",https://www.amazon.de/dp/B085L8SQ9N,43.0,298.99,298.99,EUR,298.99,Amazon,DE,2026-09-23T09:28:25Z,B085L8SQ9N,,,,,
Samsung,"Samsung Neo QLED 4K QN90F 43 Zoll (109 cm) 4K Fernseher, TV mit Neural Quantum AI Gen3 Prozessor, Quantum-Matrix-Technologie Plus, AI Upscaling Pro, Smart TV, 43QN90F [2025]",https://www.amazon.de/dp/B0FC2FF8W6,43.0,719.0,719.0,EUR,719.0,Amazon,DE,2026-09-23T09:28:25Z,B0FC2FF8W6,,,,,
Samsung,"Samsung QLED Q8F 4K Smart TV 55 Zoll (138 cm) mit AI-Vision, 100% Farbvolumen mit Quantum Dot, HDR10+, Q4 AI Prozessor, One UI Tizen, Wi-Fi, Bluetooth 5.3 und Motion...[Länderversion Ungarisch]",https://www.amazon.de/dp/B0FM989471,55.0,,,,,Amazon,DE,2026-09-23T09:28:25Z,B0FM989471,,,,,
Hisense,"Hisense 58E7DS Fernseher 58 Zoll, 4K UHD QLED, Smart TV, Hi View AI Engine, 60Hz Game Mode Plus, Dolby Vision IQ, QLED Colour, Filmmaker, Smooth Motion, Airplay, Sprachsteuerung, 2026",https://www.amazon.de/dp/B0GM1RDCJC,58.0,749.0,749.0,EUR,749.0,Amazon,DE,2026-09-23T09:28:25Z,B0GM1RDCJC,,,,,
Samsung,"Samsung Neo QLED 4K QN70F 55 Zoll (138 cm) Mini LED Fernseher, NQ4 AI Gen2 Prozessor, Quantum Matrix Technology Slim, Motion Xcelerator 144Hz, AirSlim Design, Samsun...[Länderversion Ungarisch]",https://www.amazon.de/dp/B0FM8TDCTT,55.0,,,,,Amazon,DE,2026-09-23T09:28:25Z,B0FM8TDCTT,,,,,
Samsung,"Samsung The Frame LS03H 4K 55 Zoll (138 cm), UHD Fernseher, Art Mode mit wechselnden Kunstwerken, Wireless One Connect Box, Antireflexion mit Glare Free, QLED-Bildqualität, Dolby Atmos, Smart AI TV",https://www.amazon.de/dp/B0GXZJW39B,55.0,999.0,999.0,EUR,999.0,Amazon,DE,2026-09-23T09:28:25Z,B0GXZJW39B,,,,,
Samsung,"Samsung UE43DU8072UXXH Crystal UHD Smart TV 109,2 cm (43"""")",https://www.amazon.de/dp/B0D5D33WRZ,43.0,327.91,327.91,EUR,327.91,Amazon,DE,2026-09-23T09:28:25Z,B0D5D33WRZ,,,,,
Samsung,"Samsung 32HT5300 Professioneller Hotelfernseher 81,3 cm (32 Zoll)",https://www.amazon.de/dp/B0C18ZG8P8,32.0,253.95,253.95,EUR,253.95,Amazon,DE,2026-09-23T09:28:25Z,B0C18ZG8P8,,,,,
Xiaomi,"Xiaomi TV F 55 Zoll 2025, 4K UHD Smart TV, Fire OS8, HDR10, L55MB-FAEU | Triple Tuner DVB-C/S/S2/T/T2, 60Hz with 120Hz Gam...",https://www.amazon.de/dp/B0F457G5QG,55.0,349.0,349.0,EUR,349.0,Amazon,DE,2026-09-23T09:28:25Z,B0F457G5QG,,,,,
Samsung,"Samsung TU7199 108 cm (43 Zoll) LED Fernseher (Ultra HD, HDR 10+, Triple Tuner, Smart TV) [Modelljahr 2020]",https://www.amazon.de/dp/B0896V3YWW,43.0,299.38,299.38,EUR,299.38,Amazon,DE,2026-09-23T09:28:25Z,B0896V3YWW,,,,,
Samsung,"Samsung Crystal UHD 4K DU9079 Fernseher 98 Zoll (249 cm), AI mit Gaming-Hub, Fussball-optimiertes Heimkino, Smart TV mit Alexa, Knox Security, 3D Surround Sound & Q-Symphony, KI TV",https://www.amazon.de/dp/B0CZS4X2S8,98.0,,,,,Amazon,DE,2026-09-23T09:28:25Z,B0CZS4X2S8,,,,,
Samsung,Samsung QE32LS03C QLED-Fernseher 32 Zoll The Frame,https://www.amazon.de/dp/B0BWFPKGMZ,32.0,368.59,368.59,EUR,368.59,Amazon,DE,2026-09-23T09:28:25Z,B0BWFPKGMZ,,,,,
Samsung,"Samsung Neo QLED 4K QN80F 55 Zoll (138 cm) Mini LED Fernseher, NQ4 AI Gen2 Prozessor, Quantum Matrix Technology Slim, Motion Xcelerator 144Hz, AirSlim Design, Samsun...[Länderversion Ungarisch]",https://www.amazon.de/dp/B0FMY7DGWK,55.0,,,,,Amazon,DE,2026-09-23T09:28:25Z,B0FMY7DGWK,,,,,
Samsung,"Samsung QE32Q5FAAUXZT Smart-TV, 32 Zoll Full HD QLED DVB-T2 CI+ HbbTV Energieeffizienzklasse F",https://www.amazon.de/dp/B0H4MHNH14,32.0,307.0,307.0,EUR,307.0,Amazon,DE,2026-09-23T09:28:25Z,B0H4MHNH14,,,,,
Samsung,"Samsung Mini LED M70H 4K 55 Zoll (138 cm) UHD Fernseher, Mini LED Prozessor 4K, AI Companion für Fragen, Pure Spectrum Color, Dynamic SoundPack, MetalStream Design, Gaming Hub, Knox Security, Smart TV",https://www.amazon.de/dp/B0H335DMZZ,55.0,405.9,405.9,EUR,405.9,Amazon,DE,2026-09-23T09:28:25Z,B0H335DMZZ,,,,,
Samsung,"Samsung TV 43U7022F 4K Ultra HD 43' LED HDR, Model 2025",https://www.amazon.de/dp/B0F7RL94YS,43.0,304.53,304.53,EUR,304.53,Amazon,DE,2026-09-23T09:28:25Z,B0F7RL94YS,,,,,
Samsung,"Samsung QLED Q7F 4K Smart TV 65 Zoll (163 cm) mit AI-Vision, 100% Farbvolumen mit Quantum Dot, HDR10+, Q4 AI Prozessor, One UI Tizen, Wi-Fi, Bluetooth 5.3 und Motion...[Länderversion Ungarisch]",https://www.amazon.de/dp/B0FMRZZJ9Z,65.0,589.0,589.0,EUR,589.0,Amazon,DE,2026-09-23T09:28:25Z,B0FMRZZJ9Z,,,,,
Samsung,"Samsung Crystal UHD 4K U70F 43 Zoll (108 cm) LED Fernseher, Crystal Prozessor 4K, MetalStream Design, SmartThings, Knox Security, Gaming Hub, AI Upscaling, Kostenlos...[Länderversion Ungarisch]",https://www.amazon.de/dp/B0FM9G9LSY,43.0,305.63,305.63,EUR,305.63,Amazon,DE,2026-09-23T09:28:25Z,B0FM9G9LSY,,,,,
Samsung,"Samsung Series 7 UE43CU7092U Crystal UHD Smart TV 109,2 cm (43"""")",https://www.amazon.de/dp/B0CYTDD425,43.0,,,,,Amazon,DE,2026-09-23T09:28:25Z,B0CYTDD425,,,,,
Samsung,"Samsung The Frame LS03H 4K QLED Fernseher 55 Zoll (138 cm), 2026, Modern Frame Design, NQ4 AI Gen2 Prozessor, Art Mode, Artful Picture Quality, One Connect Kabel, Samsung Vision AI Smart TV",https://www.amazon.de/dp/B0H335TKDF,55.0,1018.67,1018.67,EUR,1018.67,Amazon,DE,2026-09-23T09:28:25Z,B0H335TKDF,,,,,
Samsung,"Samsung OLED S95F 77 Zoll (195 cm) 4K, NQ4 AI Gen3 Prozessor, OLED HDR Pro, Gaming Hub, Motion Xcelerator 165Hz, Upscaling, Dolby Atmos, Smart TV, 2025",https://www.amazon.de/dp/B0F62WKPXD,77.0,,,,,Amazon,DE,2026-09-23T09:28:25Z,B0F62WKPXD,,,,,
Samsung,"Samsung Neo QLED 4K QN80F 50 Zoll (125 cm) Mini LED Fernseher, NQ4 AI Gen2 Prozessor, Quantum Matrix Technology Slim, Motion Xcelerator 144Hz, AirSlim Design, Sa... [Ungarische Version]",https://www.amazon.de/dp/B0FHXFNNCD,50.0,469.0,469.0,EUR,469.0,Amazon,DE,2026-09-23T09:28:25Z,B0FHXFNNCD,,,,,
Samsung,"Samsung OLED 4K S90F 83 Zoll (211 cm), UHD Fernseher, NQ4 AI Gen3 Prozessor, OLED HDR+, 4K Upscaling Pro, Dolby Atmos, Gaming Hub, Motion Xcelerator 144Hz, Samsung V...[Länderversion Niederländisch]",https://www.amazon.de/dp/B0FP2JW1B2,83.0,2249.0,2249.0,EUR,2249.0,Amazon,DE,2026-09-23T09:28:25Z,B0FP2JW1B2,,,,,
Samsung,"Samsung Neo QLED 4K QN85F 65 Zoll (163 cm) Mini LED Fernseher, NQ4 AI Gen2 Prozessor, Quantum Matrix Technology Slim, Motion Xcelerator 144Hz, AirSlim Design, Samsun...[Länderversion Ungarisch]",https://www.amazon.de/dp/B0FND6LTR5,65.0,999.0,999.0,EUR,999.0,Amazon,DE,2026-09-23T09:28:25Z,B0FND6LTR5,,,,,
Samsung,"Samsung Neo QLED 4K QN85F 55 Zoll (138 cm) Mini LED Fernseher, NQ4 AI Gen2 Prozessor, Quantum Matrix Technology Slim, Motion Xcelerator 144Hz, AirSlim Design, Samsun...[Länderversion Ungarisch]",https://www.amazon.de/dp/B0FND79K77,55.0,629.0,629.0,EUR,629.0,Amazon,DE,2026-09-23T09:28:25Z,B0FND79K77,,,,,
Samsung,"Samsung The Frame LS03F 4K QLED 65 Zoll (165 cm) UHD Fernseher, Modern Frame Design, NQ4 AI Gen2 Prozessor, Art Mode, Artful Picture Quality, One Connect Box, Vision Smart TV, 65LS03FA (2025)",https://www.amazon.de/dp/B0FFBJCVSW,65.0,863.12,863.12,EUR,863.12,Amazon,DE,2026-09-23T09:28:25Z,B0FFBJCVSW,,,,,
Samsung,"Samsung TU8079 108 cm (43 Zoll) LED Fernseher (Ultra HD, HDR10+, Triple Tuner, Smart TV) [Modelljahr 2020]",https://www.amazon.de/dp/B085L2FVVK,43.0,318.75,318.75,EUR,318.75,Amazon,DE,2026-09-23T09:28:25Z,B085L2FVVK,,,,,
Philips,"PHILIPS 32PHS6000 HD LED Smart TV - 32 Zoll Display mit Pixel Plus, Titan OS Plattform Und Dolby Digital Sound - Funktioniert Mit Alexa Und Google Sprachassistent, 2025",https://www.amazon.de/dp/B0F2N4N53N,32.0,149.99,149.99,EUR,149.99,Amazon,DE,2026-09-23T09:28:25Z,B0F2N4N53N,,,,,
Samsung,"Samsung Crystal UHD DU7170 75 Zoll Fernseher, 191 cm (75DU7170), PurColor, Crystal Prozessor 4K, Q-Symphony, Smart TV [2024]",https://www.amazon.de/dp/B0D5Y9ZRTR,75.0,733.0,733.0,EUR,733.0,Amazon,DE,2026-09-23T09:28:25Z,B0D5Y9ZRTR,,,,,
Samsung,Samsung 65 Zoll The Frame Pro LS03HW 4K Samsung Vision AI Smart TV (2026),https://www.amazon.de/dp/B0H62DFVF1,65.0,1979.0,1979.0,EUR,1979.0,Amazon,DE,2026-09-23T09:28:25Z,B0H62DFVF1,,,,,
Samsung,"Samsung Neo QLED 4K QN90D Fernseher 50 Zoll, Neural Quantum 4K AI Gen2 Prozessor, Mini LED TV, AI Upscaling, Smart TV, Dolby Atmos, Gaming Hub, GQ50QN90DATXZG, Deutsches Modell",https://www.amazon.de/dp/B0CZS1XHGV,50.0,1067.16,1067.16,EUR,1067.16,Amazon,DE,2026-09-23T09:28:25Z,B0CZS1XHGV,,,,,
Samsung,Samsung 55 Zoll The Frame Pro LS03HW 4K Samsung Vision AI Smart TV (2026),https://www.amazon.de/dp/B0H5XS3QM6,55.0,1590.0,1590.0,EUR,1590.0,Amazon,DE,2026-09-23T09:28:25Z,B0H5XS3QM6,,,,,
Samsung,"SAMSUNG TV 43 Zoll QLED Q8F 4K Smart TV mit AI-Vision, 100% Farbvolumen mit Quantum Dot, authentischem Quantum Dot und Motion Xcelerator [Länderversion Spanisch]",https://www.amazon.de/dp/B0F2296XMW,43.0,,,,,Amazon,DE,2026-09-23T09:28:25Z,B0F2296XMW,,,,,
Samsung,"SAMSUNG TV 50 Zoll QLED 50Q7F 4K Smart TV mit AI-Vision, 100% Farbvolumen mit Quantum Dots, authentischem Quantum Dot und Motion Xcelerator [Länderversion Spanisch]",https://www.amazon.de/dp/B0F9Q7MC87,50.0,414.17,414.17,EUR,414.17,Amazon,DE,2026-09-23T09:28:25Z,B0F9Q7MC87,,,,,
Samsung,"Samsung Smart TV 43 Zoll U8075H Crystal UHD 4K, PurColor, Upscaling 4K, Motion Xcelerator, Dynamic Sound Pack, Gaming Hub, Fußball, Vision AI Companion [2026]",https://www.amazon.de/dp/B0GJ5KJDKJ,43.0,324.68,324.68,EUR,324.68,Amazon,DE,2026-09-23T09:28:25Z,B0GJ5KJDKJ,,,,,
Samsung,"Samsung OLED S90H 4K 55 Zoll (138 cm), UHD Fernseher, Antireflexion mit Glare Free, OLED HDR+, Ultimate Gaming Pack (NVIDIA G-SYNC & AMD FreeSync Pro) mit 165Hz, HDMI 2.1, Dolby Atmos, Smart AI TV",https://www.amazon.de/dp/B0GXZQL9W2,55.0,1599.0,1599.0,EUR,1599.0,Amazon,DE,2026-09-23T09:28:25Z,B0GXZQL9W2,,,,,
Samsung,Samsung 50 Zoll Mini LED M1EH 4K Samsung Vision AI Smart TV (2026),https://www.amazon.de/dp/B0H5P9P2GX,50.0,499.0,499.0,EUR,499.0,Amazon,DE,2026-09-23T09:28:25Z,B0H5P9P2GX,,,,,
Samsung,"Samsung Neo QLED 4K QN90D 43 Zoll (109 cm) Fernseher Mit Neural Quantum AI Gen2 Prozessor, Quantum-Matrix-Technologie, AI Upscaling, Smart TV, KI TV, 43QN90D [2024]",https://www.amazon.de/dp/B0D5CXBK1J,43.0,719.0,719.0,EUR,719.0,Amazon,DE,2026-09-23T09:28:25Z,B0D5CXBK1J,,,,,
Samsung,"Samsung Smart TV 50 Zoll M70H Mini LED 4K, UHD, Mini LED HDR für atemberaubende Details, Pure Spectrum Color, Motion Xcelerator 144 Hz, Dynamic Sound Pack, Vision AI Companion [2026]",https://www.amazon.de/dp/B0H11LDLWP,50.0,379.01,379.01,EUR,379.01,Amazon,DE,2026-09-23T09:28:25Z,B0H11LDLWP,,,,,
Samsung,"Samsung Micro RGB R85H 4K 75 Zoll (189 cm), UHD Fernseher, Micro RGB HDR+ & AI Engine für realitätsnahe Farben, Dolby Atmos, Gaming Hub, Motion Xcelerator 144Hz, AI Companion für Fragen, Smart TV",https://www.amazon.de/dp/B0GXZFCQCX,75.0,1853.93,1853.93,EUR,1853.93,Amazon,DE,2026-09-23T09:28:25Z,B0GXZFCQCX,,,,,
Samsung,"Samsung OLED TV 4K S90D 48 Zoll (120 cm), Fernseher mit NQ AI Gen2 Prozessor, OLED HDR+, 4K AI Bildverbesserung, Gaming Hub bis 144Hz, Dolby Atmos Sound, OTS Lite, Knox Security, Smart KI TV",https://www.amazon.de/dp/B0D6RY5WSV,48.0,1099.0,1099.0,EUR,1099.0,Amazon,DE,2026-09-23T09:28:25Z,B0D6RY5WSV,,,,,
Samsung,"Samsung QLED FHD QE32Q50A 81,3 cm (32 Zoll) Smart TV WLAN Schwarz [Länderversion Niederländisch]",https://www.amazon.de/dp/B0CPPQJG69,32.0,409.99,409.99,EUR,409.99,Amazon,DE,2026-09-23T09:28:25Z,B0CPPQJG69,,,,,
Samsung,"Samsung Neo QLED 4K QN80F Mini LED TV, NQ4 AI Gen2 Processor, Quantum Matrix Technology Slim, Motion Xcelerator 144hz, Airslim Design, 163 Cm, 65 Inch",https://www.amazon.de/dp/B0FMY8JRPW,65.0,,,,,Amazon,DE,2026-09-23T09:28:25Z,B0FMY8JRPW,,,,,
Samsung,"Samsung OLED S85H 4K 48 Zoll (121 cm), UHD Fernseher, OLED HDR, Premium Gaming Pack (NVIDIA G-SYNC & AMD FreeSync Premium) mit 120Hz, HDMI 2.1, Dolby Atmos, AI Companion für Fragen, Smart AI TV",https://www.amazon.de/dp/B0GXZK1RXH,48.0,1199.0,1199.0,EUR,1199.0,Amazon,DE,2026-09-23T09:28:25Z,B0GXZK1RXH,,,,,
Samsung,"Samsung QLED 4K TV 2024 65Q80D 65 Zoll Smart TV mit verbessertem Bild und Ton, bessere Farbkontrolle mit Full Array, Bester Smart TV und Hören Sie alle Lautsprecher mit Q-Symphony",https://www.amazon.de/dp/B0CSDJVQ4S,65.0,989.0,989.0,EUR,989.0,Amazon,DE,2026-09-23T09:28:25Z,B0CSDJVQ4S,,,,,
Samsung,"SAMSUNG TV 55 Zoll Crystal UHD U8075F 4K Smart TV, unglaubliche Farben mit Crystal Processor 4K, Hören Sie alle Lautsprecher mit Q-Symphony, Daten geschützt durch Kn...[Länderversion Spanisch]",https://www.amazon.de/dp/B0F9Q2QDJZ,55.0,423.91,423.91,EUR,423.91,Amazon,DE,2026-09-23T09:28:25Z,B0F9Q2QDJZ,,,,,
Samsung,"Samsung Neo QLED 4K QN85D 65 Zoll Fernseher Mit Neural Quantum AI Gen2 Prozessor, Quantum-Matrix-Technologie, AI Upscaling, Smart TV, KI TV, 65QN85D [2024] [Länderversion Niederländisch]",https://www.amazon.de/dp/B0DG2L9C2F,65.0,999.0,999.0,EUR,999.0,Amazon,DE,2026-09-23T09:28:25Z,B0DG2L9C2F,,,,,
Samsung,"Samsung Crystal UHD 4K DU8079 Fernseher 75 Zoll, Samsung TV mit Dynamic Crystal Color, 4K Upscaling, AirSlim Design, Smart TV, GU75DU8079UXZG, Deutsches Modell [2024]",https://www.amazon.de/dp/B0CZS4X5ZC,75.0,847.0,847.0,EUR,847.0,Amazon,DE,2026-09-23T09:28:25Z,B0CZS4X5ZC,,,,,
Samsung,"Samsung LS03T The Frame 80 cm (32 Zoll) QLED Lifestyle Fernseher (Art Mode, Full HD, Dual LED, HDR 10+, Smart TV) [Modelljahr 2020]",https://www.amazon.de/dp/B085L3VZYR,32.0,519.0,519.0,EUR,519.0,Amazon,DE,2026-09-23T09:28:25Z,B085L3VZYR,,,,,
Samsung,"Samsung Neo QLED 4K QN80F 75 Zoll (189 cm) Mini LED Fernseher, NQ4 AI Gen2 Prozessor, Quantum Matrix Technology Slim, Motion Xcelerator 144Hz, AirSlim Design, Samsung Vision AI Smart TV",https://www.amazon.de/dp/B0FR5J19T2,75.0,1149.0,1149.0,EUR,1149.0,Amazon,DE,2026-09-23T09:28:25Z,B0FR5J19T2,,,,,
Samsung,"Samsung Neo QLED 4K QN90F 65 Zoll (163 cm) Mini LED Fernseher, NQ4 AI Gen2 Prozessor, Quantum Matrix Technology Slim, Motion Xcelerator 165Hz, AirSlim Design, Samsun...[Länderversion Ungarisch]",https://www.amazon.de/dp/B0FPCSBP15,65.0,1153.6,1153.6,EUR,1153.6,Amazon,DE,2026-09-23T09:28:25Z,B0FPCSBP15,,,,,
Samsung,"Samsung 55QN70H 55 Zoll (140 cm) 4K UHD Neo QLED AI Smart TV | NQ4 AI Gen2 Prozessor mit AI-Upscaling, Dolby Atmos Sound, ...",https://www.amazon.de/dp/B0HFSG5Y48,55.0,769.0,769.0,EUR,769.0,Amazon,DE,2026-09-23T09:28:25Z,B0HFSG5Y48,,,,,
Samsung,"Samsung Crystal UHD DU7170 65 Zoll Fernseher, 165 cm (65DU7170), PurColor, Crystal Prozessor 4K, Q-Symphony, Smart TV [2024]",https://www.amazon.de/dp/B0D6GSK1N7,65.0,599.0,599.0,EUR,599.0,Amazon,DE,2026-09-23T09:28:25Z,B0D6GSK1N7,,,,,
Samsung,"Samsung TV S90F (2025) 42"" OLED 4K - TQ42S90FAEXXC [Länderversion Französisch, Spanisch, Portugiesisch]...[Länderversion Französisch, Spanisch, Portugiesisch]",https://www.amazon.de/dp/B0FT879YNJ,42.0,,,,,Amazon,DE,2026-09-23T09:28:25Z,B0FT879YNJ,,,,,
Samsung,"Samsung Crystal UHD CU7170 Series 55 Zoll Fernseher, PurColor, Crystal Prozessor 4K, Motion Xcelerator, Smart TV, (Modell 2023, 55CU7170)",https://www.amazon.de/dp/B0C42J27K5,55.0,,,,,Amazon,DE,2026-09-23T09:28:25Z,B0C42J27K5,,,,,
Samsung,"Samsung OLED 4K S90D Fernseher 48 Zoll (122 cm), TV Mit Neural Quantum AI Gen2 Prozessor, HDR+, AI Upscaling, Smart TV, KI TV, 48S90D [2024]",https://www.amazon.de/dp/B0DK9HVNLZ,48.0,991.23,991.23,EUR,991.23,Amazon,DE,2026-09-23T09:28:25Z,B0DK9HVNLZ,,,,,
Samsung,"Samsung Neo QLED 4K QN90F 50 Zoll (125 cm) Mini LED Fernseher, NQ4 AI Gen2 Prozessor, Quantum Matrix Technology Slim, Motion Xcelerator 165Hz, AirSlim Design, Samsun...[Länderversion Ungarisch]",https://www.amazon.de/dp/B0FPCTTV33,50.0,689.0,689.0,EUR,689.0,Amazon,DE,2026-09-23T09:28:25Z,B0FPCTTV33,,,,,
Samsung,"Samsung Neo QLED 4K QN90F 43 Zoll (108 cm) Mini LED Fernseher, NQ4 AI Gen2 Prozessor, Quantum Matrix Technology Slim, Motion Xcelerator 165Hz, AirSlim Design, Samsun...[Länderversion Ungarisch]",https://www.amazon.de/dp/B0FPCQTF91,43.0,719.0,719.0,EUR,719.0,Amazon,DE,2026-09-23T09:28:25Z,B0FPCQTF91,,,,,
Samsung,"Samsung UE65F8000 165cm (65 Zoll) 3D LED-Backlight-Fernseher (Full HD, 1000Hz CMR, DVB-T/C/S2, CI+, Smart TV, HbbTV, Sprachsteuerung) schwarz",https://www.amazon.de/dp/B00DYQIU5O,65.0,,,,,Amazon,DE,2026-09-23T09:28:25Z,B00DYQIU5O,,,,,
Samsung,"Samsung HD-TV, 81,3 cm (32 Zoll), H5005 Smart TV Plus, OTS Lite, HDR Knox Security, kann UHD 4K-Inhalte streamen",https://www.amazon.de/dp/B0GHY2KZQY,32.0,,,,,Amazon,DE,2026-09-23T09:28:25Z,B0GHY2KZQY,,,,,
Samsung,"Samsung Crystal UHD 4K TV 75 Zoll (GU75AU8079UXZG), HDR, AirSlim, Dynamic Crystal Color [2021]",https://www.amazon.de/dp/B092RC6ST8,75.0,913.0,913.0,EUR,913.0,Amazon,DE,2026-09-23T09:28:25Z,B092RC6ST8,,,,,
Samsung,"Samsung QLED Q70D 65 Zoll (165 cm) Fernseher TV mit Quantum Prozessor 4K, 100% Farbvolumen,AI Upscaling, Tizen OS, Smart TV, 65Q70D, [2024]",https://www.amazon.de/dp/B0D3M71F9P,65.0,,,,,Amazon,DE,2026-09-23T09:28:25Z,B0D3M71F9P,,,,,
Samsung,"Samsung Crystal UHD 4K U80F 65 Zoll (163 cm) LED Fernseher, Crystal Prozessor 4K, MetalStream Design, SmartThings, Knox Security, Gaming Hub, AI Upscaling, Kostenlos...[Länderversion Ungarisch]",https://www.amazon.de/dp/B0FMS3F365,65.0,,,,,Amazon,DE,2026-09-23T09:28:25Z,B0FMS3F365,,,,,
Samsung,"Samsung N5375 80 cm (32 Zoll) LED Fernseher (Full HD, Triple Tuner, Smart TV) [Modelljahr 2019]",https://www.amazon.de/dp/B07NP9SYPJ,32.0,329.99,329.99,EUR,329.99,Amazon,DE,2026-09-23T09:28:25Z,B07NP9SYPJ,,,,,
Samsung,"Samsung The Frame LS03F 4K QLED 55 Zoll (138 cm) UHD Fernseher, Modern Frame Design, NQ4 AI Gen2 Prozessor, Art Mode, Artful Picture Quality, One Connect Kabel, Sams...[Länderversion Ungarisch]",https://www.amazon.de/dp/B0FM8QJ5TD,55.0,799.0,799.0,EUR,799.0,Amazon,DE,2026-09-23T09:28:25Z,B0FM8QJ5TD,,,,,
Samsung,"Samsung QLED 4K Q60C 65 Zoll Fernseher, Quantum-Dot-Technologie, Quantum HDR, AirSlim Design, Smart TV [2023] (65Q60C)",https://www.amazon.de/dp/B0C4246L8X,65.0,999.0,999.0,EUR,999.0,Amazon,DE,2026-09-23T09:28:25Z,B0C4246L8X,,,,,
Samsung,"Samsung T5370CD 32 Zoll LED-Fernseher, Full HD, Smart TV (UE32T5370CD), 2023, HDR, PurColor",https://www.amazon.de/dp/B0CQMJDVYK,32.0,329.99,329.99,EUR,329.99,Amazon,DE,2026-09-23T09:28:25Z,B0CQMJDVYK,,,,,
Samsung,"Samsung 43-Inch Class QLED Q7F2 Series Samsung Vision AI Smart TV (2025 Model, 43Q7F2)",https://www.amazon.de/dp/B0F63QCT2T,43.0,335.05,335.05,EUR,335.05,Amazon,DE,2026-09-23T09:28:25Z,B0F63QCT2T,,,,,
Samsung,"Samsung OLED S99H 4K 65 Zoll (163 cm), UHD Fernseher, Antireflexion mit Glare Free, FloatLayer OLED Design mit Metallrahmen, bündige Wandmontage, Dolby Atmos, bis 165Hz, AI Companion, Smart AI TV",https://www.amazon.de/dp/B0GXZSJ2RG,65.0,2899.0,2899.0,EUR,2899.0,Amazon,DE,2026-09-23T09:28:25Z,B0GXZSJ2RG,,,,,
Samsung,"Samsung Crystal UHD U8070f 4K 43 Zoll LED Fernseher, Prozessor 4K, Metalstream Design, AI Upscaling, Gaming Hub, Knox Security, Kostenlose Inhalte, Smart TV (2025), 43u8079f, 109 Cm",https://www.amazon.de/dp/B0FFH19LJV,43.0,327.91,327.91,EUR,327.91,Amazon,DE,2026-09-23T09:28:25Z,B0FFH19LJV,,,,,
Samsung,"Samsung QLED 4K Q60C 55 Zoll Fernseher, Quantum-Dot-Technologie, Quantum HDR, AirSlim Design, Smart TV [2023] (55Q60C)",https://www.amazon.de/dp/B0C5JVYD4Y,55.0,615.0,615.0,EUR,615.0,Amazon,DE,2026-09-23T09:28:25Z,B0C5JVYD4Y,,,,,
Samsung,"Samsung Neo QLED 8K QN990F 75 Zoll (189 cm) Mini LED Fernseher, Antireflexion, NQ8 AI Gen3 Prozessor, 8K Upscaling Pro, Wireless One Connect, Art Store Galerie, Samsung Vision AI Smart TV",https://www.amazon.de/dp/B0DFVG7XK3,75.0,3599.0,3599.0,EUR,3599.0,Amazon,DE,2026-09-23T09:28:25Z,B0DFVG7XK3,,,,,
Samsung,"Samsung QLED 4K Q70D Fernseher 85 Zoll, Quantum Prozessor, AI Upscaling, Tizen OS, Motion Xcelerator 120 Hz, Smart TV, KI TV, GQ85Q70DATXZG, Deutsches Modell",https://www.amazon.de/dp/B0CZS36H3J,85.0,1599.0,1599.0,EUR,1599.0,Amazon,DE,2026-09-23T09:28:25Z,B0CZS36H3J,,,,,
Samsung,"Samsung QLED 4K Fernseher The Frame 75 Zoll, Samsung TV mit mattem Display und austauschbarem Rahmen, Art Mode, Smart TV, GQ75LS03DAUXZG, Deutsches Modell [2024]",https://www.amazon.de/dp/B0CZS1S652,75.0,2099.0,2099.0,EUR,2099.0,Amazon,DE,2026-09-23T09:28:25Z,B0CZS1S652,,,,,
Samsung,"Samsung TV TU8005 55"" (2025) LED UHD 4K – TU55U8005FUXXC [Länderversion Französisch, Spanisch, Portugiesisch]...[Länderversion Französisch, Spanisch, Portugiesisch]",https://www.amazon.de/dp/B0F2249D1G,55.0,371.05,371.05,EUR,371.05,Amazon,DE,2026-09-23T09:28:25Z,B0F2249D1G,,,,,
Samsung,"Samsung OLED 4K S90C 65 Zoll Fernseher, Quantum HDR OLED, Neural Quantum Prozessor 4K, LaserSlim Design, Smart TV, (Modell 2023, 65S90C)",https://www.amazon.de/dp/B0C5NKHBFV,65.0,1699.0,1699.0,EUR,1699.0,Amazon,DE,2026-09-23T09:28:25Z,B0C5NKHBFV,,,,,
Samsung,"Samsung H6273 116 cm (46 Zoll) Fernseher (Full HD, Triple Tuner, Smart TV)",https://www.amazon.de/dp/B00MIRQLG0,46.0,,,,,Amazon,DE,2026-09-23T09:28:25Z,B00MIRQLG0,,,,,
Samsung,"Samsung UE55J6200AK 139,7 cm (55 Zoll) Full HD Fernseher (1920 x 1080 Pixel, LED, Smart-TV, WLAN, Schwarz)",https://www.amazon.de/dp/B01550PZT0,55.0,,,,,Amazon,DE,2026-09-23T09:28:25Z,B01550PZT0,,,,,
Samsung,"Samsung Crystal UHD TV 4K AU7199 65 Zoll (GU65AU7199UXZG, Deutsches Modell), HDR, Q-Symphony, rahmenloses Design, Smart TV [2021]",https://www.amazon.de/dp/B098C5STFB,65.0,688.0,688.0,EUR,688.0,Amazon,DE,2026-09-23T09:28:25Z,B098C5STFB,,,,,
Samsung,"Samsung QLED 4K Q60C 65 Zoll Fernseher (GQ65Q60CAUXZG, Deutsches Modell), Quantum-Dot-Technologie, Quantum HDR, AirSlim Design, Smart TV [2023]",https://www.amazon.de/dp/B0BXTBL2DW,65.0,979.0,979.0,EUR,979.0,Amazon,DE,2026-09-23T09:28:25Z,B0BXTBL2DW,,,,,
Samsung,"Samsung Full HD F6009F FHD 40 Zoll, HDR 10+, PurColor für realitätsnahe Farben, OTS Lite für einen virtuellen Sound, Q-Symphony, Gaming Hub, Google Assistant, AirPlay, kostenlos 900 Sender mit TV Plus",https://www.amazon.de/dp/B0H2DG9MNV,40.0,399.0,399.0,EUR,399.0,Amazon,DE,2026-09-23T09:28:25Z,B0H2DG9MNV,,,,,
Samsung,"Samsung 2021 43"" AU8000 Crystal UHD 4K HDR Smart TV mit Alexa eingebaut",https://www.amazon.de/dp/B08ZNMT5BY,43.0,327.91,327.91,EUR,327.91,Amazon,DE,2026-09-23T09:28:25Z,B08ZNMT5BY,,,,,
Samsung,"Samsung QLED 4K Q70C 55 Zoll Fernseher (GQ55Q70CATXZG, Deutsches Modell), Quantum Prozessor 4K, Motion Xcelerator Turbo+, Quantum HDR, Smart TV [2023]",https://www.amazon.de/dp/B0BXTBFWMR,55.0,849.0,849.0,EUR,849.0,Amazon,DE,2026-09-23T09:28:25Z,B0BXTBFWMR,,,,,
Samsung,"Samsung Crystal UHD LED Fernseher 2025, Crystal Prozessor 4K, MetalStream Design, SmartThings, Knox Security, Gaming Hub, AI Upscaling, Kostenlose Inhalte, Smart AI TV (U70F, 50 Zoll)",https://www.amazon.de/dp/B0FDGRFFLM,50.0,359.47,359.47,EUR,359.47,Amazon,DE,2026-09-23T09:28:25Z,B0FDGRFFLM,,,,,
Samsung,"Samsung LS03R The Frame 108 cm (43 Zoll) QLED Lifestyle Fernseher (Art Mode, Ultra HD, HDR, Smart TV) [Modelljahr 2019]",https://www.amazon.de/dp/B07NHMWRQF,43.0,,,,,Amazon,DE,2026-09-23T09:28:25Z,B07NHMWRQF,,,,,
Samsung,"Samsung QLED 4K Q64C Fernseher 55 Zoll, UHD, Samsung TV mit Quantum-Dot-Technologie, Quantum HDR, AirSlim Design, Smart TV, GQ55Q64CAUXZG, Deutsches Modell [2023]",https://www.amazon.de/dp/B0CYHC6C6H,55.0,,,,,Amazon,DE,2026-09-23T09:28:25Z,B0CYHC6C6H,,,,,
Samsung,"Samsung GU65DU7199U 165,1 cm (65"") 4K Ultra HD Smart TV WiFi Noir",https://www.amazon.de/dp/B0D58N4YY6,65.0,699.0,699.0,EUR,699.0,Amazon,DE,2026-09-23T09:28:25Z,B0D58N4YY6,,,,,
Samsung,"Samsung Neo QLED 4K QN90F 55 Zoll (140 cm) 4K Fernseher, TV mit Neural Quantum AI Gen3 Prozessor, Quantum-Matrix-Technologie Plus, AI Upscaling Pro, Smart TV, 55QN90F [2025]",https://www.amazon.de/dp/B0FC2GYH5P,55.0,899.0,899.0,EUR,899.0,Amazon,DE,2026-09-23T09:28:25Z,B0FC2GYH5P,,,,,
Samsung,"Samsung Crystal UHD 4K U80F 50 Zoll (125 cm) LED Fernseher, Crystal Prozessor 4K, MetalStream Design, SmartThings, Knox Security, Gaming Hub, AI Upscaling, Kostenlos...[Länderversion Ungarisch]",https://www.amazon.de/dp/B0FM98T47Y,50.0,359.47,359.47,EUR,359.47,Amazon,DE,2026-09-23T09:28:25Z,B0FM98T47Y,,,,,
Samsung,"Samsung QLED Q70D 85 Zoll (216 cm) Fernseher TV mit Quantum Prozessor 4K, 100% Farbvolumen,AI Upscaling, Tizen OS, Smart TV, 85Q70D, [2024]",https://www.amazon.de/dp/B0D3VJBB99,85.0,1999.0,1999.0,EUR,1999.0,Amazon,DE,2026-09-23T09:28:25Z,B0D3VJBB99,,,,,
Samsung,"Samsung Crystal UHD DU7170 55 Zoll Fernseher, 140 cm (55DU7170), PurColor, Crystal Prozessor 4K, Q-Symphony, Smart TV [2024]",https://www.amazon.de/dp/B0D4ZLKNRF,55.0,,,,,Amazon,DE,2026-09-23T09:28:25Z,B0D4ZLKNRF,,,,,
Samsung,"Samsung OLED 4K S90C 55 Zoll Fernseher (GQ55S90CATXZG, Deutsches Modell), Quantum HDR OLED, Neural Quantum Prozessor 4K, LaserSlim Design, Smart TV [2023]",https://www.amazon.de/dp/B0BXTBCFBZ,55.0,1299.0,1299.0,EUR,1299.0,Amazon,DE,2026-09-23T09:28:25Z,B0BXTBCFBZ,,,,,
Samsung,"Samsung UE40JU6485 101cm (40 Zoll) LED-Backlight-Fernseher, EEK A (Ultra HD, 1000 PQI, Smart-TV, DVB-T2/-C/S2, CI+, Quad Core, WLAN, HbbTV)",https://www.amazon.de/dp/B00UZHX90G,40.0,400.0,400.0,EUR,400.0,Amazon,DE,2026-09-23T09:28:25Z,B00UZHX90G,,,,,
Samsung,"Samsung GQ75QN95DAT 189 cm Fernseher (75 Zoll), Neo QLED AI TV mit Neural Quantum 4K AI Gen2 Prozessor, Smart TV, KI TV, Deutsches Modell, graphitschwarz",https://www.amazon.de/dp/B0F38F5CTZ,75.0,,,,,Amazon,DE,2026-09-23T09:28:25Z,B0F38F5CTZ,,,,,
Samsung,"Samsung NU7099 125 cm (50 Zoll) LED Fernseher (Ultra HD, HDR, Triple Tuner, Smart TV) [Modelljahr 2018]",https://www.amazon.de/dp/B07GM4RXZR,50.0,345.68,345.68,EUR,345.68,Amazon,DE,2026-09-23T09:28:25Z,B07GM4RXZR,,,,,
Samsung,Samsung 65 Zoll Neo QLED QN1EH 4K Samsung Vision AI Smart TV (2026),https://www.amazon.de/dp/B0H5Q61DDQ,65.0,1199.0,1199.0,EUR,1199.0,Amazon,DE,2026-09-23T09:28:25Z,B0H5Q61DDQ,,,,,
Samsung,"Samsung Neo QLED 4K QN85F 85 Zoll (214 cm) Mini LED Fernseher, NQ4 AI Gen2 Prozessor, Quantum Matrix Technology Slim, Motion Xcelerator 144Hz, AirSlim Design, Samsun...[Länderversion Ungarisch]",https://www.amazon.de/dp/B0FNMYQ547,85.0,1894.17,1894.17,EUR,1894.17,Amazon,DE,2026-09-23T09:28:25Z,B0FNMYQ547,,,,,
Samsung,Samsung 65 Zoll OLED S82H 4K Samsung Vision AI Smart TV (2026),https://www.amazon.de/dp/B0H5KTBM68,65.0,1999.0,1999.0,EUR,1999.0,Amazon,DE,2026-09-23T09:28:25Z,B0H5KTBM68,,,,,
Samsung,"Samsung UE40D7090 101 cm (40 Zoll) 3D-LED-Fernseher, Energieeffizienzklasse B (Full-HD, 800Hz, DVB-T/C/S2 Tuner, HDMI, VGA, WLAN) titan-schwarz",https://www.amazon.de/dp/B004RB5TQ8,40.0,400.0,400.0,EUR,400.0,Amazon,DE,2026-09-23T09:28:25Z,B004RB5TQ8,,,,,
Samsung,"Samsung 50"" TV (2025) QLED 4K UHD - TQ50Q8FAAUXXC [Länderversion Französisch, Spanisch, Portugiesisch]...[Länderversion Französisch, Spanisch, Portugiesisch]",https://www.amazon.de/dp/B0F22BFWQQ,50.0,468.04,468.04,EUR,468.04,Amazon,DE,2026-09-23T09:28:25Z,B0F22BFWQQ,,,,,
Samsung,"Samsung The Frame Pro 75"" TV (2025) QLED 4K UHD - TQ75LS03FWUXXC [Länderversion Französisch, Spanisch, Portugiesisch]...[Länderversion Französisch, Spanisch, Portugiesisch]",https://www.amazon.de/dp/B0F228V6ML,75.0,1849.9,1849.9,EUR,1849.9,Amazon,DE,2026-09-23T09:28:25Z,B0F228V6ML,,,,,
Samsung,TV intelligente Samsung HG65AU800EEXEN Noir 65' 4K Ultra HD,https://www.amazon.de/dp/B0BZMKLDX1,65.0,1222.6,1222.6,EUR,1222.6,Amazon,DE,2026-09-23T09:28:25Z,B0BZMKLDX1,,,,,
Samsung,"Samsung Mini LED M61H FHD 50 Zoll (125 cm) Fernseher, Vision AI Smart TV | Pure Spectrum Color für realitätsnahe Farben, D...",https://www.amazon.de/dp/B0HF5M1425,50.0,499.0,499.0,EUR,499.0,Amazon,DE,2026-09-23T09:28:25Z,B0HF5M1425,,,,,
Samsung,"Samsung Neo QLED 4K QN85C 55 Zoll Fernseher, Neo Quantum HDR, Neural Quantum Prozessor 4K, Dolby Atmos, Smart TV (Modell 2023, 55QN85C)",https://www.amazon.de/dp/B0C5R83RJ2,55.0,,,,,Amazon,DE,2026-09-23T09:28:25Z,B0C5R83RJ2,,,,,
Samsung,"Samsung T5379 80 cm (32 Zoll) LED Fernseher (Full HD, Triple Tuner, Smart TV) [Modelljahr 2020]",https://www.amazon.de/dp/B0869DCD7N,32.0,329.99,329.99,EUR,329.99,Amazon,DE,2026-09-23T09:28:25Z,B0869DCD7N,,,,,
Samsung,Samsung 75 Zoll Micro RGB R95H 4K Samsung Vision AI Smart TV (2026),https://www.amazon.de/dp/B0H8SG4WXL,75.0,4040.81,4040.81,EUR,4040.81,Amazon,DE,2026-09-23T09:28:25Z,B0H8SG4WXL,,,,,
Samsung,"Samsung Crystal UHD 4K DU8070 Fernseher 65 Zoll, (165 cm) Samsung TV mit Dynamic Crystal Color, 4K Upscaling, AirSlim Design, Smart TV, 65DU8070U [2024]",https://www.amazon.de/dp/B0D54HY1LC,65.0,599.0,599.0,EUR,599.0,Amazon,DE,2026-09-23T09:28:25Z,B0D54HY1LC,,,,,
Samsung,"Samsung 65 Zoll OLED S99H 4K Smart TV mit blendfreiem Display, Vision AI Companion, Art Store und schwebendem Design ohne Kabel, Heimkino und Gaming",https://www.amazon.de/dp/B0GL3JDD5C,65.0,2706.27,2706.27,EUR,2706.27,Amazon,DE,2026-09-23T09:28:25Z,B0GL3JDD5C,,,,,
Samsung,"Samsung QLED 4K Q80C 98 Zoll Fernseher, Direct Full Array, AI Neural Quantum Prozessor 4K, Real Depth Enhancer, Smart-TV, KI TV, GQ98Q80CATXZG, Deutsches Modell [2023]",https://www.amazon.de/dp/B0C3N8JWXC,98.0,5249.0,5249.0,EUR,5249.0,Amazon,DE,2026-09-23T09:28:25Z,B0C3N8JWXC,,,,,
Samsung,Samsung QE43Q60B QLED UHD 4K 43 Zoll Smart TV 2022,https://www.amazon.de/dp/B09XN6SF5J,43.0,389.57,389.57,EUR,389.57,Amazon,DE,2026-09-23T09:28:25Z,B09XN6SF5J,,,,,
Samsung,"Samsung TV The Frame 55"" (2025) 4K Smart TV - TQ55LS03FAUXXC [Länderversion Französisch, Spanisch, Portugiesisch]...[Länderversion Französisch, Spanisch, Portugiesisch]",https://www.amazon.de/dp/B0F2295TXB,55.0,739.9,739.9,EUR,739.9,Amazon,DE,2026-09-23T09:28:25Z,B0F2295TXB,,,,,
Samsung,Samsung Fernseher TQ55S95D 55 Zoll (55 Zoll) OLED 4K Smart TV 2024,https://www.amazon.de/dp/B0CSKKGYWN,55.0,1449.0,1449.0,EUR,1449.0,Amazon,DE,2026-09-23T09:28:25Z,B0CSKKGYWN,,,,,
Samsung,"Samsung OLED S95F 65 Zoll (165 cm) 4K Glare Free, UHD Fernseher, NQ4 AI Gen3 Prozessor, OLED HDR Pro, Gaming Hub, Motion Xcelerator 165Hz, 4K Upscaling, Dolby Atmos,...[Länderversion Niederländisch]",https://www.amazon.de/dp/B0FP2BG582,65.0,,,,,Amazon,DE,2026-09-23T09:28:25Z,B0FP2BG582,,,,,
Samsung,"Samsung Neo QLED 4K QN95C 55 Zoll Fernseher (GQ55QN95CATXZG), Neo Quantum HDR+, Infinity One Design, Neural Quantum Prozessor 4K [2023]",https://www.amazon.de/dp/B0CH8RX2MF,55.0,,,,,Amazon,DE,2026-09-23T09:28:25Z,B0CH8RX2MF,,,,,
Samsung,"Samsung QLED 4K TV Q80A 50 Zoll (GQ50Q80AATXZG), Quantum HDR 1000, Direct Full Array, Game Pro Mode [2021]",https://www.amazon.de/dp/B094JDVCVF,50.0,,,,,Amazon,DE,2026-09-23T09:28:25Z,B094JDVCVF,,,,,
Samsung,"Samsung 65"" TV (2025) QLED 4K UHD - TQ65Q8FAAUXXC [Länderversion Französisch, Spanisch, Portugiesisch]...[Länderversion Französisch, Spanisch, Portugiesisch]",https://www.amazon.de/dp/B0F2FKKLTG,65.0,639.86,639.86,EUR,639.86,Amazon,DE,2026-09-23T09:28:25Z,B0F2FKKLTG,,,,,
Samsung,"Samsung TV The Terrace LST7D (2025) 55"" NeoQLED 4K UHD 120Hz [Länderversion Französisch, Spanisch, Portugiesisch]...[Länderversion Französisch, Spanisch, Portugiesisch]",https://www.amazon.de/dp/B0F2B5ZY13,55.0,2851.37,2851.37,EUR,2851.37,Amazon,DE,2026-09-23T09:28:25Z,B0F2B5ZY13,,,,,
Samsung,"Samsung UE55JS8090 138 cm (55 Zoll) Fernseher (Ultra HD, Twin Tuner, 3D, Smart TV)",https://www.amazon.de/dp/B015KFY1N6,55.0,400.0,400.0,EUR,400.0,Amazon,DE,2026-09-23T09:28:25Z,B015KFY1N6,,,,,
Samsung,"Samsung QLED The Sero 43 Zoll Fernseher (GQ43LS05BGUXZG, Deutsches Modell), drehbarer Bildschirm, mattes Display, erstklassiger Sound, Smart TV [2023]",https://www.amazon.de/dp/B0BXT91B2L,43.0,,,,,Amazon,DE,2026-09-23T09:28:25Z,B0BXT91B2L,,,,,
Samsung,"Samsung Q80D QE75Q80DATXXH TV 190,5 cm (75"") 4K Ultra HD Smart TV WiFi Argent",https://www.amazon.de/dp/B0DF5R6VPT,75.0,1049.0,1049.0,EUR,1049.0,Amazon,DE,2026-09-23T09:28:25Z,B0DF5R6VPT,,,,,
Samsung,"Samsung Crystal UHD DU7170 85 Zoll Fernseher, 216 cm (85DU7170), PurColor, Crystal Prozessor 4K, Q-Symphony, Smart TV [2024]",https://www.amazon.de/dp/B0DHHCHSK1,85.0,1099.0,1099.0,EUR,1099.0,Amazon,DE,2026-09-23T09:28:25Z,B0DHHCHSK1,,,,,
Samsung,"Samsung Neo QLED 8K QN800D 75 Zoll (191 cm) 8K Fernseher, TV mit Neo Quantum HDR, Neural Quantum AI Gen2 Prozessor, AI Upscaling, Smart TV, 75QN800D [2024]",https://www.amazon.de/dp/B0DJMLXMRJ,75.0,,,,,Amazon,DE,2026-09-23T09:28:25Z,B0DJMLXMRJ,,,,,
Samsung,"Samsung TV The Frame Pro LS03HW 85"" 4K Smart TV IA und Display ohne | Blendfreies Display, kabelloses Design, Kunstgaleri...",https://www.amazon.de/dp/B0GHS2Y64D,85.0,3268.57,3268.57,EUR,3268.57,Amazon,DE,2026-09-23T09:28:25Z,B0GHS2Y64D,,,,,
Samsung,Samsung The Movingstyle 27 Zoll QHD AI Smart TV mit Touchscreen (2025),https://www.amazon.de/dp/B0FQBYHWZG,27.0,1076.87,1076.87,EUR,1076.87,Amazon,DE,2026-09-23T09:28:25Z,B0FQBYHWZG,,,,,
Samsung,"Samsung RU7419 108 cm (43 Zoll) LED Fernseher (Ultra HD, HDR, Triple Tuner, Smart TV) [Modelljahr 2019]",https://www.amazon.de/dp/B07PPHTNK8,43.0,,,,,Amazon,DE,2026-09-23T09:28:25Z,B07PPHTNK8,,,,,
Samsung,Samsung QE50Q65C QLED-Fernseher 50 Zoll UHD,https://www.amazon.de/dp/B0BWFNSJ1M,50.0,428.51,428.51,EUR,428.51,Amazon,DE,2026-09-23T09:28:25Z,B0BWFNSJ1M,,,,,
Samsung,"Samsung Neo QLED 4K QN85C 75 Zoll Fernseher, Neo Quantum HDR, Neural Quantum Prozessor 4K, Dolby Atmos, Smart TV (Modell 2023, 75QN85C)",https://www.amazon.de/dp/B0C5R8ZH3P,75.0,,,,,Amazon,DE,2026-09-23T09:28:25Z,B0C5R8ZH3P,,,,,
Samsung,"Samsung The Frame 65 Zoll TV-Rahmen, Magnetisch, Teak, VG-SCFH65TKBXC | Individueller TV-Bilderrahmen für Samsung The Fram...",https://www.amazon.de/dp/B0HDTK9NC2,65.0,73.76,73.76,EUR,73.76,Amazon,DE,2026-09-23T09:28:25Z,B0HDTK9NC2,,,,,
Samsung,"Samsung Neo QLED 4K TV QN85A 65 Zoll (GQ65QN85AATXZG), Quantum HDR 1500, Quantum-Matrix-Technologie, Ultra Viewing Angle [2021]",https://www.amazon.de/dp/B092R9H35M,65.0,1139.0,1139.0,EUR,1139.0,Amazon,DE,2026-09-23T09:28:25Z,B092R9H35M,,,,,
Samsung,"Samsung QLED Q70D 75 Zoll (191 cm) Fernseher TV mit Quantum Prozessor 4K, 100% Farbvolumen,AI Upscaling, Tizen OS, Smart TV, 75Q70D, [2024]",https://www.amazon.de/dp/B0DCZCMW15,75.0,,,,,Amazon,DE,2026-09-23T09:28:25Z,B0DCZCMW15,,,,,
Samsung,"Samsung QLED 4K Q60B 65 Zoll Fernseher (GQ65Q60BAUXZG, Deutsches Modell), Quantum HDR, Quantum Prozessor Lite 4K, Multi View, Smart TV [2022]",https://www.amazon.de/dp/B09VTGBD85,65.0,879.0,879.0,EUR,879.0,Amazon,DE,2026-09-23T09:28:25Z,B09VTGBD85,,,,,
Samsung,"Samsung QLED 4K Q70A TV 75 Zoll (GQ75Q70AATXZG), Quantum HDR, Quantum Prozessor 4K, Motion Xcelerator Turbo+ [2021]",https://www.amazon.de/dp/B092R99WFH,75.0,1730.0,1730.0,EUR,1730.0,Amazon,DE,2026-09-23T09:28:25Z,B092R99WFH,,,,,
LG,"LG 43NU8E0B3LA Nano 4K UHD TV, 43 Zoll, α7 Gen9 4K AI Prozessor, webOS 26, 60Hz, VRR bis zu 60Hz, Modelljahr 2026, Energieklasse F",https://www.amazon.de/dp/B0GSRLQ5J3,43.0,299.0,299.0,EUR,299.0,Amazon,DE,2026-09-23T09:28:25Z,B0GSRLQ5J3,,,,,
LG,"LG 55NU8E0B3LA TV 55 Zoll (139 cm) Nano 4K UHD TV (α7 Gen9 4K AI Prozessor, webOS 26, 60Hz (VRR bis zu 60Hz)) [Modelljahr 2026] [Energieklasse E]",https://www.amazon.de/dp/B0GSH1DNSP,55.0,379.0,379.0,EUR,379.0,Amazon,DE,2026-09-23T09:28:25Z,B0GSH1DNSP,,,,,
LG,"LG 65QNED7EB3C TV 65 Zoll, 1650 Mm, 4K QNED Mini LED AI, α7 Gen9 Prozessor, webOS 26, 60Hz, VRR, Modelljahr 2026",https://www.amazon.de/dp/B0GSGY9XR7,65.0,629.0,629.0,EUR,629.0,Amazon,DE,2026-09-23T09:28:25Z,B0GSGY9XR7,,,,,
LG,"LG 55QNED7EB3C 4K QNED Mini LED AI TV, 55 Zoll, α7 Gen9 Prozessor, webOS 26, 60Hz, VRR bis zu 60Hz, Modelljahr 2026",https://www.amazon.de/dp/B0GSGXDD7M,55.0,444.15,444.15,EUR,444.15,Amazon,DE,2026-09-23T09:28:25Z,B0GSGXDD7M,,,,,
LG,"LG 65NU8E0B3LA Nano 4K UHD TV, 65 Zoll, α7 Gen9 4K AI Prozessor, webOS 26, 60Hz, VRR bis zu 60Hz, Modelljahr 2026, Energieklasse E",https://www.amazon.de/dp/B0GSGWWKHY,65.0,499.0,499.0,EUR,499.0,Amazon,DE,2026-09-23T09:28:25Z,B0GSGWWKHY,,,,,
LG,"LG 32LQ63006LA TV 80 cm (32 Zoll) Full HD Fernseher (Google Assistant, 60 Hz, Smart TV) [Modelljahr 2022], schwarz",https://www.amazon.de/dp/B09RQ4C4KX,32.0,186.74,186.74,EUR,186.74,Amazon,DE,2026-09-23T09:28:25Z,B09RQ4C4KX,,,,,
LG,"LG 43QNED86A6C TV 43 Zoll (109 cm) 4K QNED evo AI TV (α7 Gen8 4K AI Prozessor, webOS 25, 60Hz) [Modelljahr 2025]",https://www.amazon.de/dp/B0F3DPVC82,43.0,,,,,Amazon,DE,2026-09-23T09:28:25Z,B0F3DPVC82,,,,,
LG,"LG 43UR78006LK 109 cm (43 Zoll) UHD Fernseher (Active HDR, 60 Hz, Smart TV) [Modelljahr 2023]",https://www.amazon.de/dp/B0BWWJQVGZ,43.0,285.95,285.95,EUR,285.95,Amazon,DE,2026-09-23T09:28:25Z,B0BWWJQVGZ,,,,,
LG,"LG OLED65G67LW TV 65 Zoll, 4K OLED Evo AI, α11 Gen3 Prozessor, webOS 26, 120Hz, VRR bis zu 165Hz, Modelljahr 2026, Energieklasse E",https://www.amazon.de/dp/B0GSH6Z2NJ,65.0,2099.0,2099.0,EUR,2099.0,Amazon,DE,2026-09-23T09:28:25Z,B0GSH6Z2NJ,,,,,
LG,"LG 75QNED82A6B TV 75 Zoll (190 cm) 4K QNED AI TV (α7 Gen8 4K AI Prozessor, webOS 25, 60Hz) [Modelljahr 2025]",https://www.amazon.de/dp/B0F2293HRK,75.0,647.0,647.0,EUR,647.0,Amazon,DE,2026-09-23T09:28:25Z,B0F2293HRK,,,,,
LG,"LG OLED77C54LA TV 77 Zoll (195 cm) 4K OLED evo AI TV (α9 Gen8 4K AI Prozessor, webOS 25, 120Hz (VRR bis zu 144Hz)) [Modelljahr 2025] [Energieklasse F]",https://www.amazon.de/dp/B0F3D64K3K,77.0,1949.0,1949.0,EUR,1949.0,Amazon,DE,2026-09-23T09:28:25Z,B0F3D64K3K,,,,,
LG,"LG 50NANO80A6B TV 50 Zoll (127 cm) 4K NanoCell AI TV (α7 Gen8 4K AI Prozessor, webOS 25, 60Hz) [Modelljahr 2025]",https://www.amazon.de/dp/B0F2GDSGB7,50.0,339.0,339.0,EUR,339.0,Amazon,DE,2026-09-23T09:28:25Z,B0F2GDSGB7,,,,,
LG,"LG 32LQ63806LC TV 80 cm (32 Zoll) LCD Fernseher (1080p FHD, 60 Hz, Smart TV, weiß) (Modelljahr 2022), Multicolor",https://www.amazon.de/dp/B09V5C4BN7,32.0,199.0,199.0,EUR,199.0,Amazon,DE,2026-09-23T09:28:25Z,B09V5C4BN7,,,,,
LG,"LG 27LB70003LA TV 27 Zoll (68 cm) Full HD LCD TV (α5 Gen9 4K AI Prozessor, webOS 26, 120Hz) [Modelljahr 2026] [Energieklasse E]",https://www.amazon.de/dp/B0HCCNNBYG,27.0,199.99,199.99,EUR,199.99,Amazon,DE,2026-09-23T09:28:25Z,B0HCCNNBYG,,,,,
LG,"LG OLED48G56LS TV 48"" (121 cm) OLED evo Fernseher (α11 4K AI-Prozessor, webOS 25, Dolby Vision, bis zu 120Hz) [Modelljahr 2025]",https://www.amazon.de/dp/B0F7468M2N,48.0,879.99,879.99,EUR,879.99,Amazon,DE,2026-09-23T09:28:25Z,B0F7468M2N,,,,,
LG,"LG OLED48C6ELB TV 48 Zoll (121 cm) 4K OLED evo AI TV (α11 Gen3 4K AI Prozessor, webOS 26, 120Hz (VRR bis zu 165Hz)) [Modelljahr 2026] [Energieklasse F]",https://www.amazon.de/dp/B0GSH1X6WF,48.0,1019.0,1019.0,EUR,1019.0,Amazon,DE,2026-09-23T09:28:25Z,B0GSH1X6WF,,,,,
LG,"LG 75QNED83B6A TV 75 Zoll (190 cm) 4K QNED evo Mini LED AI TV (α8 Gen3 4K AI Prozessor, webOS 26, 120Hz (VRR bis zu 144Hz)) [Modelljahr 2026] [Energieklasse F]",https://www.amazon.de/dp/B0GSGRMNR3,75.0,1058.4,1058.4,EUR,1058.4,Amazon,DE,2026-09-23T09:28:25Z,B0GSGRMNR3,,,,,
LG,"LG 55QNED82A6B TV 55 Zoll (139 cm) 4K QNED AI TV (α7 Gen8 4K AI Prozessor, webOS 25, 60Hz) [Modelljahr 2025]",https://www.amazon.de/dp/B0F2259VV1,55.0,399.0,399.0,EUR,399.0,Amazon,DE,2026-09-23T09:28:25Z,B0F2259VV1,,,,,
LG,"Smart TV LG 50NANO81A6A 4K Ultra HD 50"" LED Wi-Fi",https://www.amazon.de/dp/B0FY7KJBKZ,50.0,349.0,349.0,EUR,349.0,Amazon,DE,2026-09-23T09:28:25Z,B0FY7KJBKZ,,,,,
LG,"LG TV 65 Zoll (165 cm) 4K UHD AI TV 2025 (α7 Gen8 4K AI Prozessor, webOS 25, 60Hz) 65UA73006LA",https://www.amazon.de/dp/B0F2GBVRN8,65.0,479.0,479.0,EUR,479.0,Amazon,DE,2026-09-23T09:28:25Z,B0F2GBVRN8,,,,,
LG,"LG OLED55B68LA TV 55 Zoll (139 cm) 4K OLED AI TV (α8 Gen3 4K AI Prozessor, webOS 26, 120Hz (VRR bis zu 120Hz)) [Modelljahr 2026] [Energieklasse F]",https://www.amazon.de/dp/B0GSGX6FF1,55.0,948.6,948.6,EUR,948.6,Amazon,DE,2026-09-23T09:28:25Z,B0GSGX6FF1,,,,,
LG,"LG Full HD LR60006LA TV 43 Zoll (109 cm) Smart TV, a5 Gen6 AI Prozessor,WebOS 23, 60Hz, HDR, 43LR60006LA (2025)",https://www.amazon.de/dp/B0FNRFJ2Y5,43.0,,,,,Amazon,DE,2026-09-23T09:28:25Z,B0FNRFJ2Y5,,,,,
LG,LG Smart TV 55 Zoll 4K Ultra HD LED Display NanoCell System WebOS Prozessor A7 Gen8 Klasse G Farbe Schwarz Fernseher - 55NANO81A6A.API,https://www.amazon.de/dp/B0FFGZZTMH,55.0,396.0,396.0,EUR,396.0,Amazon,DE,2026-09-23T09:28:25Z,B0FFGZZTMH,,,,,
LG,"LG 27LB70006LA TV 27 Zoll (68 cm) Full HD LCD TV (α5 Gen9 4K AI Prozessor, webOS 26, 120Hz) [Modelljahr 2026] [Energieklasse E]",https://www.amazon.de/dp/B0H2F6QFQK,27.0,209.0,209.0,EUR,209.0,Amazon,DE,2026-09-23T09:28:25Z,B0H2F6QFQK,,,,,
LG,LG 32 inch SMART TV AI LB65 HD Model 2026 (32LB650B3LA),https://www.amazon.de/dp/B0HG9BD9D8,32.0,229.0,229.0,EUR,229.0,Amazon,DE,2026-09-23T09:28:25Z,B0HG9BD9D8,,,,,
LG,"LG 65UA75006LA TV 65 Zoll (165 cm) 4K UHD AI TV (α7 Gen8 4K AI Prozessor, webOS 25, 60Hz) [Modelljahr 2025]",https://www.amazon.de/dp/B0F2GL2LXJ,65.0,599.9,599.9,EUR,599.9,Amazon,DE,2026-09-23T09:28:25Z,B0F2GL2LXJ,,,,,
LG,"LG UHD TV AI 2025 | 50UA73 | 50 Zoll (126cm) | 4K UHD | HDR10 |webOS 25 | Alexa, Google Assistant | Netflix Disney+ C+ Prime Video | AirPlay 2",https://www.amazon.de/dp/B0F2GF65MX,50.0,319.0,319.0,EUR,319.0,Amazon,DE,2026-09-23T09:28:25Z,B0F2GF65MX,,,,,
LG,"LG 43QNED82A6B TV 43 Zoll (109 cm) 4K QNED AI TV (α7 Gen8 4K AI Prozessor, webOS 25, 60Hz) [Modelljahr 2025]",https://www.amazon.de/dp/B0F2269H9B,43.0,329.0,329.0,EUR,329.0,Amazon,DE,2026-09-23T09:28:25Z,B0F2269H9B,,,,,
LG,"LG OLED55C6ELB 4K OLED Evo AI TV, 55 Zoll, α11 Gen3 Prozessor, webOS 26, 120Hz, VRR bis zu 165Hz, Modelljahr 2026, Energieklasse G",https://www.amazon.de/dp/B0GSH2S5VY,55.0,1229.0,1229.0,EUR,1229.0,Amazon,DE,2026-09-23T09:28:25Z,B0GSH2S5VY,,,,,
LG,"LG OLED55C5ELB TV 55 Zoll (139 cm) 4K OLED evo AI TV (α9 Gen8 4K AI Prozessor, webOS 25, 120Hz (VRR bis zu 144Hz)) [Modelljahr 2025]",https://www.amazon.de/dp/B0F2JB8LDX,55.0,,,,,Amazon,DE,2026-09-23T09:28:25Z,B0F2JB8LDX,,,,,
LG,LG TV AI NANO81 (2025) 65 Zoll NanoCell UHD 4K - 65NANO81A6A,https://www.amazon.de/dp/B0F4PS3DLS,65.0,549.9,549.9,EUR,549.9,Amazon,DE,2026-09-23T09:28:25Z,B0F4PS3DLS,,,,,
LG,"LG 98NU900B6LB 98 Zoll (248 cm) 4K UHD LED AI Smart TV | Alpha 5 AI Prozessor, 4K AI Upscaling, webOS mit ThinQ, HDR10 Pr...",https://www.amazon.de/dp/B0H5KYV6LN,98.0,1799.0,1799.0,EUR,1799.0,Amazon,DE,2026-09-23T09:28:25Z,B0H5KYV6LN,,,,,
LG,"LG 50QNED82A6B TV 50 Zoll (127 cm) 4K QNED AI TV (α7 Gen8 4K AI Prozessor, webOS 25, 60Hz) [Modelljahr 2025]",https://www.amazon.de/dp/B0F228H2M1,50.0,359.0,359.0,EUR,359.0,Amazon,DE,2026-09-23T09:28:25Z,B0F228H2M1,,,,,
LG,"LG 43LR60006LA・109 cm (43"") Diagonalklasse (43LR60006LA)",https://www.amazon.de/dp/B0G6KMCJD2,43.0,243.06,243.06,EUR,243.06,Amazon,DE,2026-09-23T09:28:25Z,B0G6KMCJD2,,,,,
LG,"LG OLED65G66LS 65 Zoll 4K OLED evo AI TV (α11 Gen3 4K AI Prozessor, webOS 26, 120Hz (VRR bis zu 165Hz)) [Modelljahr 2026] [Energieklasse E]",https://www.amazon.de/dp/B0HBX78KJM,65.0,2019.0,2019.0,EUR,2019.0,Amazon,DE,2026-09-23T09:28:25Z,B0HBX78KJM,,,,,
Xiaomi,"Xiaomi TV F 65 Zoll 2025, 4K UHD, Smart TV, Fire OS8, HDR10, L65MB-FAEU | Triple Tuner DVB-C/S/S2/T/T2, 60Hz with 120Hz Ga...",https://www.amazon.de/dp/B0F457MQCQ,65.0,399.0,399.0,EUR,399.0,Amazon,DE,2026-09-23T09:28:25Z,B0F457MQCQ,,,,,
LG,"LG 24LB70003LA TV 24 Zoll (60 cm) Full HD LCD TV (α5 Gen9 4K AI Prozessor, webOS 26, 120Hz) [Modelljahr 2026] [Energieklasse E]",https://www.amazon.de/dp/B0HHHSGMX8,24.0,179.99,179.99,EUR,179.99,Amazon,DE,2026-09-23T09:28:25Z,B0HHHSGMX8,,,,,
LG,"LG 43NU850B6LA 43 Zoll (108 cm) 4K UHD LED AI Smart TV | Alpha 5 AI Prozessor, 4K AI Upscaling, webOS mit ThinQ, HDR10 Pr...",https://www.amazon.de/dp/B0H2DWJC5L,43.0,306.61,306.61,EUR,306.61,Amazon,DE,2026-09-23T09:28:25Z,B0H2DWJC5L,,,,,
LG,LG TV QNED 2024 | 65QNED85T | 65 Zoll (164 cm) | QNED | Prozessor α8 AI 4K | Alexa,https://www.amazon.de/dp/B0D54NQ796,65.0,849.0,849.0,EUR,849.0,Amazon,DE,2026-09-23T09:28:25Z,B0D54NQ796,,,,,
LG,"LG 65QNED82A6B TV 65 Zoll (165 cm) 4K QNED AI TV (α7 Gen8 4K AI Prozessor, webOS 25, 60Hz) [Modelljahr 2025]",https://www.amazon.de/dp/B0F226M1SY,65.0,669.0,669.0,EUR,669.0,Amazon,DE,2026-09-23T09:28:25Z,B0F226M1SY,,,,,
LG,"LG OLED83B59LA TV 83 Zoll (210 cm) 4K OLED AI TV (α8 Gen2 4K AI Prozessor, webOS 25, 120Hz) [Modelljahr 2025]",https://www.amazon.de/dp/B0F38MPV9J,83.0,1995.0,1995.0,EUR,1995.0,Amazon,DE,2026-09-23T09:28:25Z,B0F38MPV9J,,,,,
LG,"LG OLED EVO 48C58LA 48 Zoll Fernseher, 4K Smart TV 120Hz, a9 Gen8 AI Prozessor 4K, WebOS 25",https://www.amazon.de/dp/B0F4JY1RD9,48.0,719.0,719.0,EUR,719.0,Amazon,DE,2026-09-23T09:28:25Z,B0F4JY1RD9,,,,,
LG,"LG OLED77B59LA TV 77 Zoll (195 cm) 4K OLED AI TV (α8 Gen2 4K AI Prozessor, webOS 25, 120Hz) [Modelljahr 2025]",https://www.amazon.de/dp/B0F225VHQ7,77.0,1619.0,1619.0,EUR,1619.0,Amazon,DE,2026-09-23T09:28:25Z,B0F225VHQ7,,,,,
LG,"LG OLED55G59LS TV 55 Zoll (139 cm) 4K OLED evo AI TV (α11 Gen2 4K AI Prozessor, webOS 25, 120Hz (VRR bis zu 165Hz)) [Modelljahr 2025]",https://www.amazon.de/dp/B0F4KQJFFM,55.0,,,,,Amazon,DE,2026-09-23T09:28:25Z,B0F4KQJFFM,,,,,
LG,"LG 43UA73003LA – 43 Zoll Fernseher (Smart TV, DVB-T2, 4K, LED, Energieeffizienzklasse G",https://www.amazon.de/dp/B0G1ZDLM2H,43.0,337.84,337.84,EUR,337.84,Amazon,DE,2026-09-23T09:28:25Z,B0G1ZDLM2H,,,,,
LG,"LG 65QNED86T6A TV 65"" (165 cm) QNED Fernseher (α8 4K AI-Prozessor, webOS 24, HDR10, bis zu 120Hz) [Modelljahr 2024]",https://www.amazon.de/dp/B0CYPY4DYN,65.0,1409.0,1409.0,EUR,1409.0,Amazon,DE,2026-09-23T09:28:25Z,B0CYPY4DYN,,,,,
Toshiba,Toshiba 43UV2363DG Fernseher 43 Zoll VIDAA Smart TV mit 4K UHD Auflösung | HDR | 3x HDMI | 2x USB | Dolby Audio | Sprachst...,https://www.amazon.de/dp/B0CHF5GKTL,43.0,,,,,Amazon,DE,2026-09-23T09:28:25Z,B0CHF5GKTL,,,,,
LG,"LG 75NANO81T6A TV 75"" (190 cm) NanoCell Fernseher (α5 Gen7 4K AI-Prozessor, webOS 24, HDR10, bis zu 60Hz) [Modelljahr 2024]",https://www.amazon.de/dp/B0CYQ1HZHW,75.0,683.08,683.08,EUR,683.08,Amazon,DE,2026-09-23T09:28:25Z,B0CYQ1HZHW,,,,,
LG,"LG TV 55QNED70A6A (2025) 55"" QNED 4K UHD",https://www.amazon.de/dp/B0FV25V1Q7,55.0,445.99,445.99,EUR,445.99,Amazon,DE,2026-09-23T09:28:25Z,B0FV25V1Q7,,,,,
TCL,"TCL 43T69C 43 Zoll QLED, Direct LED TV, 4K HDR TV, Smart Google TV (Dolby Vision & Atmos, Game Master, Motion Clarity, Kompatibel mit Google Assistant & Alexa)",https://www.amazon.de/dp/B0F8QFTXW9,43.0,279.0,279.0,EUR,279.0,Amazon,DE,2026-09-23T09:28:25Z,B0F8QFTXW9,,,,,
LG,"LG 47LA6608 119 cm (47 Zoll) 3D-LED-Backlight-Fernseher, EEK A+ (Full HD, 400Hz MCI, WLAN, DVB-T/C/S, Smart TV)",https://www.amazon.de/dp/B00C5H1DI4,47.0,400.0,400.0,EUR,400.0,Amazon,DE,2026-09-23T09:28:25Z,B00C5H1DI4,,,,,
LG,LG 55UA73006LA 55 Zoll 4 K TV,https://www.amazon.de/dp/B0F3XQZP95,55.0,389.0,389.0,EUR,389.0,Amazon,DE,2026-09-23T09:28:25Z,B0F3XQZP95,,,,,
TCL,"TCL 50T6C 50 Zoll QLED Fernseher, 4K UHD Fire TV, HDR10+, Dolby Vision & Atmos, Smart TV mit Sprachsteuerung mit Alexa, Google Cast & AirPlay 2",https://www.amazon.de/dp/B0DW9792RH,50.0,299.0,299.0,EUR,299.0,Amazon,DE,2026-09-23T09:28:25Z,B0DW9792RH,,,,,
TCL,"TCL 65Q6C 65 Zoll QD-Mini LED Fernseher, 4K HDR Premium 1000nits, Smart TV mit Google TV (Dolby Vision IQ & Atmos, Onkyo 2.1 Soundsystem, 144Hz Motion Clarity Pro, Game Master)",https://www.amazon.de/dp/B0DXQ27X44,65.0,679.0,679.0,EUR,679.0,Amazon,DE,2026-09-23T09:28:25Z,B0DXQ27X44,,,,,
LG,"LG 50UR781C 127 cm (50"") LCD-TV mit LED-Hintergrundbeleuchtung - 4K - für Hotel/Gastgewerbe",https://www.amazon.de/dp/B0CNXHY4JB,50.0,339.44,339.44,EUR,339.44,Amazon,DE,2026-09-23T09:28:25Z,B0CNXHY4JB,,,,,
Hisense,"Hisense 55E7Q Fehrnseher, 55 Zoll, 4K UHD QLED, Smart TV, Game Mode Plus, Filmaker Mode, Dolby Vision Atmos, HDR10, HLG, HDR Immersive, AI 4K Upscaler, Dolby MS12, DTS X, Sprachsteuerung [2025]",https://www.amazon.de/dp/B0F1MPWV27,55.0,,,,,Amazon,DE,2026-09-23T09:28:25Z,B0F1MPWV27,,,,,
LG,"LG 98UT91006LA TV 98"" (249 cm) UHD Fernseher (α8 4K AI-Prozessor, webOS 24, bis zu 120Hz) [Modelljahr 2024]",https://www.amazon.de/dp/B0FBS98KPZ,98.0,,,,,Amazon,DE,2026-09-23T09:28:25Z,B0FBS98KPZ,,,,,
LG,"LG 32LQ63006LA Smart TV 32 Zoll Full HD, LED TV 2022 mit α5 Gen 5 Prozessor mit AI, webOS 22, HDR, WLAN, Bluetooth, Game Optimizer, Google Stadia und GeForce Now, kompatibel mit Google Home und Alexa",https://www.amazon.de/dp/B09T74KPR6,32.0,,,,,Amazon,DE,2026-09-23T09:28:25Z,B09T74KPR6,,,,,
Hisense,"Hisense 85U7DSE Fernseher 85 Zoll, 4K UHD, Hi-QLED Mini LED, Smart TV, 144Hz, Hi-View AI Engine, IMAX Enhanced, AI Lichtsensor, Dolby Vision.Atmos, Tuned by DeVialet, FreeSync Premium Pro [2026]",https://www.amazon.de/dp/B0GTW11V8C,85.0,1389.0,1389.0,EUR,1389.0,Amazon,DE,2026-09-23T09:28:25Z,B0GTW11V8C,,,,,
LG,"LG OLED83G58LW TV 83 Zoll (210 cm) 4K OLED evo AI TV (α11 Gen2 4K AI Prozessor, webOS 25, 120Hz (VRR bis zu 165Hz)) [Modelljahr 2025]",https://www.amazon.de/dp/B0F4J22QGD,83.0,3399.0,3399.0,EUR,3399.0,Amazon,DE,2026-09-23T09:28:25Z,B0F4J22QGD,,,,,
LG,"LG OLED65C64LA 65 Zoll (165 cm) 4K UHD OLED evo AI Smart TV | Alpha 11 AI Prozessor Gen3, Brightness Booster Pro, 165Hz VR...",https://www.amazon.de/dp/B0H3MN2ZLX,65.0,1499.0,1499.0,EUR,1499.0,Amazon,DE,2026-09-23T09:28:25Z,B0H3MN2ZLX,,,,,
LG,"LG 47LW4500 119 cm (47 Zoll) Cinema 3D LED-Backlight-Fernseher (Full-HD, 400Hz, DVB-T, DVB-C, CI+) schwarz",https://www.amazon.de/dp/B004QF0PT6,47.0,,,,,Amazon,DE,2026-09-23T09:28:25Z,B004QF0PT6,,,,,
LG,"LG OLED77C64LA 77 Zoll (196 cm) 4K UHD OLED evo AI Smart TV | Alpha 11 AI Prozessor Gen3, Brightness Booster Pro, 165Hz VR...",https://www.amazon.de/dp/B0GYQ4CYGZ,77.0,2169.0,2169.0,EUR,2169.0,Amazon,DE,2026-09-23T09:28:25Z,B0GYQ4CYGZ,,,,,
LG,"Cello C2425WSF Trav 24"" 230V 12V Full HD SMART/DVD Camping Reise TV integrierter DVD Player Rahmenlos Triple Tuner Bluetooth WebOS by LG Pitch Perfect Lautsprecher Wohnmobil LKW [2025]",https://www.amazon.de/dp/B0DZCSKQ2D,24.0,219.99,219.99,EUR,219.99,Amazon,DE,2026-09-23T09:28:25Z,B0DZCSKQ2D,,,,,
LG,"LG OLED55G54LW TV 55 Zoll (139,7 cm), OLED EVO 4K, Smart TV AI G5, WebOS 25, Super Upscaling, Dolby Vision und Dolby Atmos, AMD FreeSync, Alexa/Google Assistant, Schwarz",https://www.amazon.de/dp/B0F3D88VP6,55.0,1579.29,1579.29,EUR,1579.29,Amazon,DE,2026-09-23T09:28:25Z,B0F3D88VP6,,,,,
LG,"LG 55UF680V schwarz Ultra HD 1000PMI LED-TV 55"" (139cm) Metallic Design",https://www.amazon.de/dp/B013SOPSJW,55.0,,,,,Amazon,DE,2026-09-23T09:28:25Z,B013SOPSJW,,,,,
Hisense,"Hisense 55E89Q Fernseher, 55 Zoll (139cm), 4K ULED Mini LED, Smart TV, 144Hz Game Mode PRO, Hi-View AI Engine, AI Smoothmotion, Built-in Subwoofer, Dolby Vision.Atmos, Filmmaker Mode, Hi-Concerto",https://www.amazon.de/dp/B0G5QTS4MN,55.0,,,,,Amazon,DE,2026-09-23T09:28:25Z,B0G5QTS4MN,,,,,
TCL,"TCL 43V6C 43 Zoll Direct LED TV, 4K HDR Fernseher, Smart TV mithilfe von Google TV (Dolby Audio, Motion Clarity, Kompatibel mit Google Assistant & Alexa)",https://www.amazon.de/dp/B0DV9HJTTK,43.0,,,,,Amazon,DE,2026-09-23T09:28:25Z,B0DV9HJTTK,,,,,
LG,"REFLEXION LDDX24IBT-Black Smart LED Fernseher 24 Zoll / 60cm, LG webOSHub, Wohnwagen/Wohnmobil/Camping/Caravan/Boot/LKW TV, Slimline, 12/24/230 Volt, Full HD, Triple Tuner, Bluetooth, WLAN, DVD-Player",https://www.amazon.de/dp/B0DK1R5Y4P,24.0,319.95,319.95,EUR,319.95,Amazon,DE,2026-09-23T09:28:25Z,B0DK1R5Y4P,,,,,
Hisense,"Hisense 55E7Q PRO Fernseher 139cm (55 Zoll) 4K UHD QLED, Smart TV,144Hz Game Mode PRO,Filmaker Mode, AMD FreeSync Premium,AI HDR Upscaler,Dolby Vision IQ,Dolby Atmos,Sprachsteuerung[2025]",https://www.amazon.de/dp/B0F1N7WT6C,55.0,499.0,499.0,EUR,499.0,Amazon,DE,2026-09-23T09:28:25Z,B0F1N7WT6C,,,,,
Xiaomi,"Xiaomi TV FX 43 Mini LED 2025,43 Zoll,4K UHD,Smart TV,Fire OS8,L43MB-FAEU | Triple Tuner DVB-C/S/S2/T/T2, Voice Control wi...",https://www.amazon.de/dp/B0F44MCCL3,43.0,,,,,Amazon,DE,2026-09-23T09:28:25Z,B0F44MCCL3,,,,,
LG,"LG QNED AI 2025 TV | 43QNED8E | 43 Zoll (108 cm) | 4K UHD | HDR10 | webOS 25 | Telekommade AI Magic Remote | Alexa, Google Assistant | Netflix Disney+ C+ Prime Video | AirPlay 2 | Brillante",https://www.amazon.de/dp/B0F4KMPM6B,43.0,,,,,Amazon,DE,2026-09-23T09:28:25Z,B0F4KMPM6B,,,,,
LG,LG NanoCell 43NANO82T3B 4K Ultra HD 55 Zoll HDR HDR10 Direct-LED Smart TV,https://www.amazon.de/dp/B0D96NB3XJ,55.0,,,,,Amazon,DE,2026-09-23T09:28:25Z,B0D96NB3XJ,,,,,
LG,"LG OLED55C64LA 55 Zoll (140 cm) 4K UHD OLED evo AI Smart TV | Alpha 11 AI Prozessor Gen3, Brightness Booster Pro, 165Hz VR...",https://www.amazon.de/dp/B0H3M9CQC2,55.0,1531.37,1531.37,EUR,1531.37,Amazon,DE,2026-09-23T09:28:25Z,B0H3M9CQC2,,,,,
LG,"LG NANOCELL AI 2025 TV | 75NANO90| 75 Zoll (189cm) | 4K UHD | HDR10 | webOS 25 | Telekommade AI Magic Remote | Alexa, Google Assistant | Netflix Disney+ C+ Prime Video | AirPlay 2 | Reine Farben",https://www.amazon.de/dp/B0F4KQGZNC,75.0,1295.0,1295.0,EUR,1295.0,Amazon,DE,2026-09-23T09:28:25Z,B0F4KQGZNC,,,,,
LG,"LG 65NU850B6LA 65 Zoll (165 cm) 4K UHD LED AI Smart TV | Alpha 5 AI Prozessor, 4K AI Upscaling, webOS mit ThinQ, HDR10 Pr...",https://www.amazon.de/dp/B0H1JGZQVN,65.0,,,,,Amazon,DE,2026-09-23T09:28:25Z,B0H1JGZQVN,,,,,
LG,"LG 32LM637BPLA TV 81,3 cm (32"") HD Smart TV WiFi Noir",https://www.amazon.de/dp/B08Y5RBF45,32.0,347.75,347.75,EUR,347.75,Amazon,DE,2026-09-23T09:28:25Z,B08Y5RBF45,,,,,
LG,"LG 65QNED72B6B – TV 165 cm (65 Zoll), QNED MiniLED 4K, webOS 26, α7 AI-Gen9-Prozessor, HDR10, AI Sound Pro, 60 Hz, Schwarz",https://www.amazon.de/dp/B0HJ367NPH,65.0,806.91,806.91,EUR,806.91,Amazon,DE,2026-09-23T09:28:25Z,B0HJ367NPH,,,,,
LG,"LG 32LQ63806LA TV 80 cm (32 Zoll) LCD Fernseher (1080p FHD, 50 Hz, Smart TV, weiß) [Modelljahr 2021",https://www.amazon.de/dp/B08VWDCW1D,32.0,,,,,Amazon,DE,2026-09-23T09:28:25Z,B08VWDCW1D,,,,,
LG,"LG 55NU850B6LA 55 Zoll (140 cm) 4K UHD LED AI Smart TV | Alpha 5 AI Prozessor, 4K AI Upscaling, webOS mit ThinQ, HDR10 Pr...",https://www.amazon.de/dp/B0H197QQMH,55.0,,,,,Amazon,DE,2026-09-23T09:28:25Z,B0H197QQMH,,,,,
LG,"LG 75NU850B6LA 75 Zoll (190 cm) 4K UHD LED AI Smart TV | Alpha 5 AI Prozessor, 4K AI Upscaling, webOS mit ThinQ, HDR10 Pr...",https://www.amazon.de/dp/B0H1JGZ393,75.0,789.0,789.0,EUR,789.0,Amazon,DE,2026-09-23T09:28:25Z,B0H1JGZ393,,,,,
LG,LG TV Evo AI G6 (2026) 48 Zoll OLED UHD 4K - OLED48G63LS,https://www.amazon.de/dp/B0HCCPCWBG,48.0,1399.0,1399.0,EUR,1399.0,Amazon,DE,2026-09-23T09:28:25Z,B0HCCPCWBG,,,,,
LG,"LG 75QNED756RA 190 cm (75 Zoll) 4K QNED MiniLED TV (Active HDR, 60 Hz, Smart TV) [Modelljahr 2023]",https://www.amazon.de/dp/B0BWWHXPR4,75.0,890.69,890.69,EUR,890.69,Amazon,DE,2026-09-23T09:28:25Z,B0BWWHXPR4,,,,,
LG,LG LED TV 2022 | 55UQ7000 | 55'' (140cm) | UHD | α5 Gen5 AI 4K Prozessor,https://www.amazon.de/dp/B09ZVCDJZP,55.0,,,,,Amazon,DE,2026-09-23T09:28:25Z,B09ZVCDJZP,,,,,
LG,"LG 86QNED86B6B Fernseher 86 Zoll, 4K QNED EVO MiniLED, Smart TV, WebOS 26, Prozessor α8 AI Gen3, VRR 144Hz, Dolby Vision und Dolby Digital Plus, Alexa/Google Assistant, Schwarz",https://www.amazon.de/dp/B0GTZNPDJJ,86.0,2282.67,2282.67,EUR,2282.67,Amazon,DE,2026-09-23T09:28:25Z,B0GTZNPDJJ,,,,,
LG,"LG OLED48C44LA TV 48"" (122cm) OLED evo Fernseher (α9 Gen7 4K AI-Prozessor, webOS 24, Dolby Vision, bis zu 120Hz) [Modelljahr 2024]",https://www.amazon.de/dp/B0D671PGJM,48.0,,,,,Amazon,DE,2026-09-23T09:28:25Z,B0D671PGJM,,,,,
LG,"LG 55EG920V TVC OLED 55"" UHD Curved 3D SMART SAT",https://www.amazon.de/dp/B016KKSXM0,55.0,700.0,700.0,EUR,700.0,Amazon,DE,2026-09-23T09:28:25Z,B016KKSXM0,,,,,
LG,LG TV QNED AI 2026 | 55QNED7E | 55 Zoll (139 cm),https://www.amazon.de/dp/B0GWFCK9S9,55.0,498.35,498.35,EUR,498.35,Amazon,DE,2026-09-23T09:28:25Z,B0GWFCK9S9,,,,,
LG,"LG OLED77G68LW 77 Zoll (196 cm) 4K UHD Gallery OLED evo AI Smart TV | Alpha 11 AI Prozessor Gen3, Brightness Booster Max, ...",https://www.amazon.de/dp/B0HH9P45KY,77.0,2999.0,2999.0,EUR,2999.0,Amazon,DE,2026-09-23T09:28:25Z,B0HH9P45KY,,,,,
LG,LG 75NANO81A6A 75 Zoll 4K Ultra HD HDR D-LED NanoCell Smart TV,https://www.amazon.de/dp/B0FY7GT9RP,75.0,,,,,Amazon,DE,2026-09-23T09:28:25Z,B0FY7GT9RP,,,,,
LG,"LG OLED65C17LB TV 164 cm (65 Zoll) OLED Fernseher (4K Cinema HDR, 120 Hz, Twin Triple Tuner, Smart TV) [Modelljahr 2021]",https://www.amazon.de/dp/B08VDM43LL,65.0,,,,,Amazon,DE,2026-09-23T09:28:25Z,B08VDM43LL,,,,,
LG,"LG OLED55C27LA TV 139 cm (55 Zoll) OLED evo Fernseher (Cinema HDR, 120 Hz, Smart TV) [Modelljahr 2022]",https://www.amazon.de/dp/B09RQ2LTNW,55.0,1679.47,1679.47,EUR,1679.47,Amazon,DE,2026-09-23T09:28:25Z,B09RQ2LTNW,,,,,
LG,"LG 55UM71007LB 139 cm (55 Zoll) Fernseher (UHD, Triple Tuner, 4K Active HDR, Smart TV)",https://www.amazon.de/dp/B07PMMSKJG,55.0,,,,,Amazon,DE,2026-09-23T09:28:25Z,B07PMMSKJG,,,,,
LG,"LG 75QNED86B6B TV 75 Zoll (175 cm), 4K QNED EVO MiniLED, Smart TV, WebOS 26, Prozessor α8 AI Gen3, VRR 144Hz, Dolby Vision und Dolby Digital Plus, Alexa/Google Assistant, Schwarz",https://www.amazon.de/dp/B0GTZQGQ62,75.0,1733.71,1733.71,EUR,1733.71,Amazon,DE,2026-09-23T09:28:25Z,B0GTZQGQ62,,,,,
LG,LG TV Mini RGB AI (2026) 50 Zoll Mini-LED 4K UHD - 50MRGB86B6A,https://www.amazon.de/dp/B0H2KG2BYM,50.0,885.45,885.45,EUR,885.45,Amazon,DE,2026-09-23T09:28:25Z,B0H2KG2BYM,,,,,
LG,"LG OLED42C44LA TV 42"" (107cm) OLED evo Fernseher (α9 Gen7 4K AI-Prozessor, webOS 24, Dolby Vision, bis zu 120Hz) [Modelljahr 2024]",https://www.amazon.de/dp/B0D671ZZXL,42.0,,,,,Amazon,DE,2026-09-23T09:28:25Z,B0D671ZZXL,,,,,
LG,"LG OLED42C64LA 42 Zoll (106 cm) 4K UHD OLED evo AI Smart TV | Alpha 11 AI Prozessor Gen3, Brightness Booster Pro, 165Hz VR...",https://www.amazon.de/dp/B0H3MH5T8J,42.0,999.0,999.0,EUR,999.0,Amazon,DE,2026-09-23T09:28:25Z,B0H3MH5T8J,,,,,
LG,"LG OLED evo G4 55G48LW 4K Smart-TV, (55 Zoll) Bildschirmdiagonale, 2024",https://www.amazon.de/dp/B0DHPBX84W,55.0,,,,,Amazon,DE,2026-09-23T09:28:25Z,B0DHPBX84W,,,,,
LG,"LG 65QNED869QA TV 164 cm (65 Zoll) QNED MiniLED Fernseher (Cinema HDR, 120 Hz, Smart TV) [Modelljahr 2022]",https://www.amazon.de/dp/B09RQ3TBK3,65.0,1576.04,1576.04,EUR,1576.04,Amazon,DE,2026-09-23T09:28:25Z,B09RQ3TBK3,,,,,
LG,LG OLED55G66LS - TV 55 Zoll Smart TV 4K 3840 x 2160 Pixel OLed DVB-T2 HEVC/H.265 Wifi Silber Energieklasse E,https://www.amazon.de/dp/B0H374GQDY,55.0,2135.0,2135.0,EUR,2135.0,Amazon,DE,2026-09-23T09:28:25Z,B0H374GQDY,,,,,
LG,"LG Televisore LCD 43UM7100 WebOS-Fernseher, 108 cm (43 Zoll), 4K UHD, Schwarz",https://www.amazon.de/dp/B07RBNLL6V,43.0,,,,,Amazon,DE,2026-09-23T09:28:25Z,B07RBNLL6V,,,,,
LG,"LG OLED65C97LA 164 cm (65 Zoll) OLED Fernseher (OLED, Dual Triple Tuner, 4K Cinema HDR, Dolby Vision, Dolby Atmos, Smart TV)",https://www.amazon.de/dp/B07R5KPLX5,65.0,,,,,Amazon,DE,2026-09-23T09:28:25Z,B07R5KPLX5,,,,,
LG,"LG OLED65G68LW 65 Zoll (165 cm) 4K UHD Gallery OLED evo AI Smart TV | Alpha 11 AI Prozessor, Brightness Booster Max, Ultra...",https://www.amazon.de/dp/B0HH9RGC3M,65.0,2099.0,2099.0,EUR,2099.0,Amazon,DE,2026-09-23T09:28:25Z,B0HH9RGC3M,,,,,
LG,"LG OLED55G68LW 55 Zoll (140 cm) 4K UHD Gallery OLED evo AI Smart TV | Alpha 11 AI Prozessor, Brightness Booster Max, Ultra...",https://www.amazon.de/dp/B0HH9HJYX1,55.0,1649.0,1649.0,EUR,1649.0,Amazon,DE,2026-09-23T09:28:25Z,B0HH9HJYX1,,,,,
LG,LG 50 inch QNED evo AI QNED87 Mini LED 4K Smart TV 2026,https://www.amazon.de/dp/B0H7BQXYZQ,50.0,,,,,Amazon,DE,2026-09-23T09:28:25Z,B0H7BQXYZQ,,,,,
LG,"LG OLED evo G4 65G48LW 4K Smart-TV, 165 cm (65 Zoll) Bildschirmdiagonale, 2024",https://www.amazon.de/dp/B0DHP7QRG7,65.0,,,,,Amazon,DE,2026-09-23T09:28:25Z,B0DHP7QRG7,,,,,
LG,LG 49LH510V 123 cm (49 Zoll) Full HD Fernseher mit Triple XD Engine,https://www.amazon.de/dp/B01C8TFH8U,49.0,,,,,Amazon,DE,2026-09-23T09:28:25Z,B01C8TFH8U,,,,,
LG,"LG OLED55G64LW Fernseher 55 Zoll, 4K OLED EVO AI G6, Smart TV, WebOS 26, Prozessor α11 AI Gen3, VRR 165Hz, Reflection Free Premium, Dolby Vision und Atmos, Alexa/Google Assistant, Dunkelgrau Titan",https://www.amazon.de/dp/B0GYPN5KK9,55.0,1715.66,1715.66,EUR,1715.66,Amazon,DE,2026-09-23T09:28:25Z,B0GYPN5KK9,,,,,
LG,"LG OLED EVO 55C58LA 55 Zoll Fernseher, 4K Smart TV 120Hz, a9 Gen8 AI Prozessor 4K, WebOS 25",https://www.amazon.de/dp/B0F4JQYXXK,55.0,,,,,Amazon,DE,2026-09-23T09:28:25Z,B0F4JQYXXK,,,,,
LG,"LG 43UR78006LK・108 cm (43"") Diagonalklasse UR78 Series LCD-TV mit LED-Hintergrundbeleuchtung・Smart TV・ThinQ AI・webOS・4K UHD (2160p) (43UR78006LK.AEU)",https://www.amazon.de/dp/B0C4T3HR77,43.0,309.97,309.97,EUR,309.97,Amazon,DE,2026-09-23T09:28:25Z,B0C4T3HR77,,,,,
LG,LG TV AI B6 (2026) 65 Zoll OLED UHD 4K - OLED65B65LA,https://www.amazon.de/dp/B0H2DYMQ4N,65.0,1521.86,1521.86,EUR,1521.86,Amazon,DE,2026-09-23T09:28:25Z,B0H2DYMQ4N,,,,,
LG,"LG AI UA75 (2025) 55"" LED UHD 4K TV Black - 55UA75006LA",https://www.amazon.de/dp/B0FK37QVSD,55.0,703.27,703.27,EUR,703.27,Amazon,DE,2026-09-23T09:28:25Z,B0FK37QVSD,,,,,
LG,"LG 43UK6300 108 cm (43 Zoll) Fernseher (4K UHD, Triple Tuner, 4K Active HDR, Smart TV)",https://www.amazon.de/dp/B07B4F8XSD,43.0,,,,,Amazon,DE,2026-09-23T09:28:25Z,B07B4F8XSD,,,,,
LG,"LG 100QNED87B6 100 Zoll (254 cm) 4K UHD MiniLED QNED AI Smart TV | Precision Dimming MiniLED, Alpha 8 AI Prozessor, 120Hz,...",https://www.amazon.de/dp/B0H4ZLSKF4,100.0,3224.67,3224.67,EUR,3224.67,Amazon,DE,2026-09-23T09:28:25Z,B0H4ZLSKF4,,,,,
LG,"LG 86MRGB96B9B TV 86 Zoll (218 cm) 4K Micro RGB evo AI TV (α11 Gen3 4K AI-Prozessor mit Dual AI Engine, webOS 26, 120Hz (VRR bis zu 165Hz)) [Modelljahr 2026] [Energieklasse D]",https://www.amazon.de/dp/B0HJ3ZPRXL,86.0,8999.0,8999.0,EUR,8999.0,Amazon,DE,2026-09-23T09:28:25Z,B0HJ3ZPRXL,,,,,
LG,"LG OLED48C62LA TV 48 Zoll (121 cm) 4K OLED evo AI TV (α11 Gen3 4K AI Prozessor, webOS 26, 120Hz (VRR bis zu 165Hz)) [Modelljahr 2026] [Energieklasse E]",https://www.amazon.de/dp/B0HCVN1T5M,48.0,1099.0,1099.0,EUR,1099.0,Amazon,DE,2026-09-23T09:28:25Z,B0HCVN1T5M,,,,,
LG,LG TV (2026) 55 Zoll Mini-LED 4K - 55MRGB86B6A,https://www.amazon.de/dp/B0H4H3DGDB,55.0,1100.59,1100.59,EUR,1100.59,Amazon,DE,2026-09-23T09:28:25Z,B0H4H3DGDB,,,,,
LG,LG OLED65G66LS – Fernseher 65 Zoll Smart TV 4K DVB-T2 HEVC/H.265 OLED Wifi Energieklasse E,https://www.amazon.de/dp/B0H36VQ8P1,65.0,2599.0,2599.0,EUR,2599.0,Amazon,DE,2026-09-23T09:28:25Z,B0H36VQ8P1,,,,,
LG,LG - TV - OLED - 48 Zoll - 4K UHD - B6 - Smart TV - 120Hz - Schwarz Absolu | Display – 48 Zoll – (3840 x 2160) – realistis...,https://www.amazon.de/dp/B0GWFNR5PT,48.0,1049.0,1049.0,EUR,1049.0,Amazon,DE,2026-09-23T09:28:25Z,B0GWFNR5PT,,,,,
LG,"LG 75UR80006LJ 190 cm (75 Zoll) UHD Fernseher (Active HDR, 60 Hz, Smart TV) [Modelljahr 2023]",https://www.amazon.de/dp/B0BWWKTDPY,75.0,923.43,923.43,EUR,923.43,Amazon,DE,2026-09-23T09:28:25Z,B0BWWKTDPY,,,,,
LG,"LG Smart TV 98 Zoll UHD AI UT91 4K LED (2024) – α8 AI Gen7 Prozessor, HDR10 Pro, Dolby Digital Plus, VRR 120Hz, webOS 24, Magic Remote, WiFi 5, Bluetooth 5.1",https://www.amazon.de/dp/B0FV2YV719,98.0,1986.54,1986.54,EUR,1986.54,Amazon,DE,2026-09-23T09:28:25Z,B0FV2YV719,,,,,
LG,LG OLED55C5ELB.AEU Smart TV OLED EVO AI C5 55 Zoll 4K 2025,https://www.amazon.de/dp/B0GDN8W466,55.0,,,,,Amazon,DE,2026-09-23T09:28:25Z,B0GDN8W466,,,,,
LG,LG LED TV (2026) Micro RGB Evo UHD 4K 75 Zoll 75MRGB86B6A,https://www.amazon.de/dp/B0H2JQRP7H,75.0,1741.78,1741.78,EUR,1741.78,Amazon,DE,2026-09-23T09:28:25Z,B0H2JQRP7H,,,,,
LG,LG 55 inch OLED evo AI OLED55G62LW 4K Smart TV Model 2026,https://www.amazon.de/dp/B0GT9VLCGD,55.0,1799.0,1799.0,EUR,1799.0,Amazon,DE,2026-09-23T09:28:25Z,B0GT9VLCGD,,,,,
LG,"55"" TV LED Lg 55UF8507, ULTRA HD 4K 3D, 1500Hz, Tr",https://www.amazon.de/dp/B00W41YW6G,55.0,700.0,700.0,EUR,700.0,Amazon,DE,2026-09-23T09:28:25Z,B00W41YW6G,,,,,
LG,"LG 75QNED72B6A 75 Zoll (190 cm) 4K UHD QNED AI Smart TV | Quantum Dot & NanoCell Technologie, Alpha 5 AI Prozessor, webOS,...",https://www.amazon.de/dp/B0H4MGRJWC,75.0,,,,,Amazon,DE,2026-09-23T09:28:25Z,B0H4MGRJWC,,,,,
LG,LG Smart TV 75QNED80T6A.AEU 4K Ultra HD 75 Zoll HDR Edge-LED QNED,https://www.amazon.de/dp/B0D858BKKS,75.0,,,,,Amazon,DE,2026-09-23T09:28:25Z,B0D858BKKS,,,,,
LG,LG OLED TV 2025 | OLED48B5 | 48 Zoll (121 cm) | OLED | Prozessor α8 AI 4K Gen2 | Dolby Vision & Atmos | Alexa,https://www.amazon.de/dp/B0FF52R2WK,48.0,988.0,988.0,EUR,988.0,Amazon,DE,2026-09-23T09:28:25Z,B0FF52R2WK,,,,,
LG,"LG 48"" OLED evo C5 4K TV – 144Hz, Dolby Vision IQ, webOS 25, HDMI 2.1, KI-Prozessor, Dolby Atmos",https://www.amazon.de/dp/B0G6C27G1X,48.0,,,,,Amazon,DE,2026-09-23T09:28:25Z,B0G6C27G1X,,,,,
LG,LG TV QNED Evo AI 2025 | 55QNED85A | 55 Zoll (139 cm) | MiniLED 120Hz | Prozessor α8 AI 4K Gen2 | Dolby Vision | Alexa,https://www.amazon.de/dp/B0F4PMNX6M,55.0,,,,,Amazon,DE,2026-09-23T09:28:25Z,B0F4PMNX6M,,,,,
LG,"LG 65UF860V 65"" 4K Ultra HD 3D Kompatibilität Smart-TV WLAN Schwarz LED TV - LED-Fernseher (4K Ultra HD, Web OS, A+, Schwarz, 3840 x 2160 Pixel, Flach)",https://www.amazon.de/dp/B019HYMWV4,65.0,1000.0,1000.0,EUR,1000.0,Amazon,DE,2026-09-23T09:28:25Z,B019HYMWV4,,,,,
LG,LG Smart TV 75QNED87T6B 4K Ultra HD 55 Zoll,https://www.amazon.de/dp/B0D361PB78,55.0,719.99,719.99,EUR,719.99,Amazon,DE,2026-09-23T09:28:25Z,B0D361PB78,,,,,
LG,"LG OLED77G64LW Fernseher 77 Zoll, 4K OLED EVO AI G6, Smart TV, WebOS 26, Prozessor α11 AI Gen3, VRR 165Hz, Reflection Free Premium, Dolby Vision und Atmos, Alexa/Google Assistant, Dunkelgrau Titan",https://www.amazon.de/dp/B0GYQ2Y1P9,77.0,3754.94,3754.94,EUR,3754.94,Amazon,DE,2026-09-23T09:28:25Z,B0GYQ2Y1P9,,,,,
LG,LG TV AI B6 (2026) 48 Zoll OLED UHD 4K - OLED48B65LA,https://www.amazon.de/dp/B0H2JW6V1X,48.0,960.89,960.89,EUR,960.89,Amazon,DE,2026-09-23T09:28:25Z,B0H2JW6V1X,,,,,
LG,"TV 55"" LG 3840X2160 PIXEL OLED SMART TV WI-FI DVB-T2 ALEXA GOOGLE BLACK",https://www.amazon.de/dp/B086D8K19T,55.0,1799.0,1799.0,EUR,1799.0,Amazon,DE,2026-09-23T09:28:25Z,B086D8K19T,,,,,
LG,LG 50UK6470PLC Fernseher 127 cm (50 Zoll) 4K Ultra HD Smart TV WLAN schwarz,https://www.amazon.de/dp/B07CLG55ZK,50.0,,,,,Amazon,DE,2026-09-23T09:28:25Z,B07CLG55ZK,,,,,
LG,"LG 55QNED86A6A TV 55 Zoll (139 cm) 4K QNED evo AI TV (α8 Gen2 4K AI Prozessor, webOS 25, 120Hz) [Modelljahr 2025]",https://www.amazon.de/dp/B0F22731RT,55.0,,,,,Amazon,DE,2026-09-23T09:28:25Z,B0F22731RT,,,,,
LG,"LG OLED48C31LA TV 121 cm (48 Zoll) OLED evo Fernseher (Smart TV, Filmmaker Mode, 120 Hz) [Modelljahr 2023]",https://www.amazon.de/dp/B0CJVLZVR8,48.0,,,,,Amazon,DE,2026-09-23T09:28:25Z,B0CJVLZVR8,,,,,
LG,"LG NanoCell 50NANO82T6B 4K UHD Smart TV 127 cm (50"""")",https://www.amazon.de/dp/B0DJCBZM6T,50.0,429.0,429.0,EUR,429.0,Amazon,DE,2026-09-23T09:28:25Z,B0DJCBZM6T,,,,,
LG,LG 55NU80 UHD TV AI 2026 | 55 Zoll (139 cm),https://www.amazon.de/dp/B0GTRP9673,55.0,,,,,Amazon,DE,2026-09-23T09:28:25Z,B0GTRP9673,,,,,
LG,"LG 85QNED80B6LA TV 85 Zoll, QNED MiniLED, 4K AI, Smart TV, WebOS 25, Alpha 5 Gen7 AI, 120 Hz, Super Upscaling, HDR10 und Dolby Digital Plus, Alexa/Google Assistant, Schwarz",https://www.amazon.de/dp/B0GTRQNMS6,85.0,,,,,Amazon,DE,2026-09-23T09:28:25Z,B0GTRQNMS6,,,,,
LG,LG 50QNED826RE 50' 4K QNED TV,https://www.amazon.de/dp/B0C2J5J2MM,50.0,1045.15,1045.15,EUR,1045.15,Amazon,DE,2026-09-23T09:28:25Z,B0C2J5J2MM,,,,,
LG,"LG OLED77G39LA TV 195 cm (77 Zoll) OLED evo Fernseher (Gallery Design, Brightness Booster Max, 120 Hz) [Modelljahr 2023]",https://www.amazon.de/dp/B0BWWJYZDN,77.0,,,,,Amazon,DE,2026-09-23T09:28:25Z,B0BWWJYZDN,,,,,
LG,"LG 65SK8000 164 cm (65 Zoll) Fernseher (4K SUPER UHD, Triple Tuner, 4K Cinema HDR, Dolby Vision/Atmos, Smart TV)",https://www.amazon.de/dp/B07B4F8XSM,65.0,,,,,Amazon,DE,2026-09-23T09:28:25Z,B07B4F8XSM,,,,,
LG,"LG 65QNED86A6A TV 65 Zoll (165 cm) 4K QNED evo AI TV (α8 Gen2 4K AI Prozessor, webOS 25, 120Hz (VRR bis zu 144Hz)) [Modelljahr 2025]",https://www.amazon.de/dp/B0F226FL1G,65.0,,,,,Amazon,DE,2026-09-23T09:28:25Z,B0F226FL1G,,,,,
LG,LG TV AI B6 (2026) 55 Zoll OLED 4K UHD - OLED55B65LA,https://www.amazon.de/dp/B0H2DKLD4L,55.0,1077.26,1077.26,EUR,1077.26,Amazon,DE,2026-09-23T09:28:25Z,B0H2DKLD4L,,,,,
LG,"LG 75QNED80B6A 75 Zoll (190 cm) 4K UHD QNED AI Smart TV | Alpha 7 AI Prozessor, 120Hz Bildwiederholrate, HDMI 2.1, Quantum...",https://www.amazon.de/dp/B0GTZSJ455,75.0,,,,,Amazon,DE,2026-09-23T09:28:25Z,B0GTZSJ455,,,,,
LG,LG OLED TV 2025 | OLED65B5 | 65 Zoll (164 cm) | OLED 120 Hz | Prozessor α8 AI 4K Gen2 | Dolby Vision & Atmos | Alexa,https://www.amazon.de/dp/B0F7HYW329,65.0,1578.45,1578.45,EUR,1578.45,Amazon,DE,2026-09-23T09:28:25Z,B0F7HYW329,,,,,
Samsung,"Samsung OLED 4K S90D Fernseher 65 Zoll (165 cm), TV Mit Neural Quantum AI Gen2 Prozessor, HDR+, AI Upscaling, Smart TV, KI TV, 65S90D [2024] [Länderversion Niederländisch]",https://www.amazon.de/dp/B0DJFH7RCX,65.0,,,,,Amazon,DE,2026-09-23T09:28:25Z,B0DJFH7RCX,,,,,
LG,"LG, OLED48C26LB, Smart TV, 4K, 48 Zoll, TV OLED evo Serie C2, α9-Prozessor der 5.Generation, Dolby Vision, präzise Details, 4 HDMI 2.1, 48Gbps, VRR, Google Assistant und Alexa, Wi-Fi, webOS 22",https://www.amazon.de/dp/B09Z31BLBR,48.0,,,,,Amazon,DE,2026-09-23T09:28:25Z,B09Z31BLBR,,,,,
LG,"LG OLED55C41LA TV 139,7 cm (55"") 4K Ultra HD Smart TV WiFi Noir",https://www.amazon.de/dp/B0D4NF5RC5,55.0,1389.2,1389.2,EUR,1389.2,Amazon,DE,2026-09-23T09:28:25Z,B0D4NF5RC5,,,,,
LG,"LG OLED48B53LA Smart-TV, 48 Zoll, 4K, OLED, WLAN, DVB-T2, Schwarz, Energieeffizienzklasse G",https://www.amazon.de/dp/B0GTMNYCRY,48.0,1499.7,1499.7,EUR,1499.7,Amazon,DE,2026-09-23T09:28:25Z,B0GTMNYCRY,,,,,
TCL,"TCL 55Q6C 55 Zoll QD-Mini LED Fernseher, 4K HDR Premium 1000nits, Smart TV mit Google TV (Dolby Vision IQ & Atmos, Onkyo 2.1 Sound System, 144Hz Motion Clarity Pro, Game Master)",https://www.amazon.de/dp/B0DX185Q23,55.0,549.0,549.0,EUR,549.0,Amazon,DE,2026-09-23T09:28:25Z,B0DX185Q23,,,,,
TCL,"TCL 65Q7D Pro SQD-Mini LED 65 Zoll Fernseher, 4K Smart TV, Google TV | 646 Dimming-Zonen, 2000 Nits Spitzenhelligkeit, Dol...",https://www.amazon.de/dp/B0GXKSZKLT,65.0,949.0,949.0,EUR,949.0,Amazon,DE,2026-09-23T09:28:25Z,B0GXKSZKLT,,,,,
TCL,"TCL 55T6C 55 Zoll QLED Fernseher, 4K UHD Fire TV, HDR10+, Dolby Vision & Atmos, Smart TV mit Sprachsteuerung mit Alexa, Google Cast & AirPlay 2",https://www.amazon.de/dp/B0DW9698LP,55.0,339.0,339.0,EUR,339.0,Amazon,DE,2026-09-23T09:28:25Z,B0DW9698LP,,,,,
TCL,"TCL 75Q6C 75 Zoll QD-Mini LED Fernseher, 4K HDR Premium 1000nits, Smart TV mit Google TV (Dolby Vision IQ & Atmos, Onkyo 2.1 Soundsystem, 144Hz Motion Clarity Pro, Game Master)",https://www.amazon.de/dp/B0DXQ48PD9,75.0,899.0,899.0,EUR,899.0,Amazon,DE,2026-09-23T09:28:25Z,B0DXQ48PD9,,,,,
TCL,"TCL 75Q7D Pro SQD-Mini LED 75 Zoll Fernseher, 4K Smart TV, Google TV | 760 Dimming-Zonen, 2000 Nits Spitzenhelligkeit, Dol...",https://www.amazon.de/dp/B0GXKRP7FM,75.0,1349.0,1349.0,EUR,1349.0,Amazon,DE,2026-09-23T09:28:25Z,B0GXKRP7FM,,,,,
TCL,"TCL 32SF560 – 32 Zoll, Full HD Smart QLED Direct LED TV mit Fire TV & HDR, Metallic Design, Rahmenlos",https://www.amazon.de/dp/B0F9PVTQL2,32.0,159.99,159.99,EUR,159.99,Amazon,DE,2026-09-23T09:28:25Z,B0F9PVTQL2,,,,,
TCL,"TCL 65T8D QD-Mini LED 65 Zoll Fernseher, 4K Smart TV, Google TV, 144 Hz | FreeSync Premium, Game Master, Dolby Vision, HDR...",https://www.amazon.de/dp/B0GR9FLCYT,65.0,719.0,719.0,EUR,719.0,Amazon,DE,2026-09-23T09:28:25Z,B0GR9FLCYT,,,,,
TCL,"TCL 85C8L SQD-Mini LED 85 Zoll Fernseher, 4K Smart TV, Google TV, HDR10+ | 3200 Dimming-Zonen, 6000 Nits Spitzenhelligkei...",https://www.amazon.de/dp/B0GTZRP159,85.0,2699.0,2699.0,EUR,2699.0,Amazon,DE,2026-09-23T09:28:25Z,B0GTZRP159,,,,,
TCL,"TCL 50C7K 50 Zoll QD-Mini LED Fernseher, 4K HDR Premium 2000, Smart Google TV mit 144Hz Motion Clarity Pro (Dolby Vision IQ & Atmos, HVA-Panel, Game Master)",https://www.amazon.de/dp/B0F5BSJ83Z,50.0,599.0,599.0,EUR,599.0,Amazon,DE,2026-09-23T09:28:25Z,B0F5BSJ83Z,,,,,
TCL,"TCL 43V5C - 43 Zoll Full HD Smart QLED Direct LED-Fernseher mit Android TV & HDR - Kompatibel mit Google Cast & Google Home, Schlankes Design",https://www.amazon.de/dp/B0F3XM86GV,43.0,229.0,229.0,EUR,229.0,Amazon,DE,2026-09-23T09:28:25Z,B0F3XM86GV,,,,,
TCL,"TCL 65P7K 65""QLED 4K HDR TV, Google TV, Smart TV (Dolby Vision & Atmos, Game Master, Motion Clarity)",https://www.amazon.de/dp/B0FH78VT5V,65.0,499.0,499.0,EUR,499.0,Amazon,DE,2026-09-23T09:28:25Z,B0FH78VT5V,,,,,
TCL,"TCL 55V6D 55 Zoll, 4K UHD, Smart TV, Fire TV, HDR10+, Dolby Atmos, DTS:X, Game Master, Motion Clarity, AirPlay 2, Kompatibel mit Alexa",https://www.amazon.de/dp/B0GQHGGWHX,55.0,379.0,379.0,EUR,379.0,Amazon,DE,2026-09-23T09:28:25Z,B0GQHGGWHX,,,,,
TCL,"TCL 55Q7C 55 Zoll QD-Mini LED Fernseher, 4K HDR Premium 2600, Smart TV unterstützt durch Google TV (Dolby Vision IQ & Atmos, CrystGlow HVA-Panel, Audio von Bang & Olufsen, 144Hz Motion Clarity Pro)",https://www.amazon.de/dp/B0F38H2GGC,55.0,,,,,Amazon,DE,2026-09-23T09:28:25Z,B0F38H2GGC,,,,,
TCL,"TCL C6K 65C6K Fernseher 165,1 cm (65 Zoll) 4K Ultra HD Smart TV WiFi Metallic",https://www.amazon.de/dp/B0F9FNQPZP,65.0,679.0,679.0,EUR,679.0,Amazon,DE,2026-09-23T09:28:25Z,B0F9FNQPZP,,,,,
TCL,"TCL Mini LED Google TV 50 Zoll C6K 4K QD 144Hz, Dolby Vision IQ, HDR10+, ALLM, VRR, 4x HDMI 2.1, Dolby Atmos, Wi-Fi 5",https://www.amazon.de/dp/B0G6KJ3G4Y,50.0,485.38,485.38,EUR,485.38,Amazon,DE,2026-09-23T09:28:25Z,B0G6KJ3G4Y,,,,,
TCL,"TCL 55T69C 55 Zoll QLED, Direct LED TV, 4K HDR TV, Smart Google TV (Dolby Vision & Atmos, Game Master, Motion Clarity, Kompatibel mit Google Assistant & Alexa)",https://www.amazon.de/dp/B0F8QFPB14,55.0,440.02,440.02,EUR,440.02,Amazon,DE,2026-09-23T09:28:25Z,B0F8QFPB14,,,,,
TCL,"TCL 55P8K 55 Zoll QLED 4K HDR UHD Fernseher, Smart Google TV (Dolby Vision & Atmos, 144Hz Motion Clarity Pro, FreeSync, Onkyo 2.1 Sound, Sprachsteuerung, Kompatibel mit Google Assistant, Google Cast)",https://www.amazon.de/dp/B0F8HYKRKX,55.0,429.0,429.0,EUR,429.0,Amazon,DE,2026-09-23T09:28:25Z,B0F8HYKRKX,,,,,
TCL,"TCL 98RM7L RGB-Mini LED 98 Zoll Fernseher, 4K Smart TV, Google TV, HDR10+ | 2880 RGB-Farbzonen, 2000 Nits Spitzenhelligkei...",https://www.amazon.de/dp/B0GZZYN4VR,98.0,2499.0,2499.0,EUR,2499.0,Amazon,DE,2026-09-23T09:28:25Z,B0GZZYN4VR,,,,,
TCL,"TCL 85Q8C 85 Zoll QD-Mini LED-Fernseher, 4K HDR Premium 5000, ZeroBorder™, Smart Google TV, CrystGlow WHVA-Panel, Audio von Bang & Olufsen, 144Hz Motion Clarity Pro, Dolby Vision IQ & Atmos",https://www.amazon.de/dp/B0F9WW49C3,85.0,2199.0,2199.0,EUR,2199.0,Amazon,DE,2026-09-23T09:28:25Z,B0F9WW49C3,,,,,
TCL,"TCL NXTVISION A300 PRO 55 Zoll QLED PRO Fernseher, 4K UHD Art TV, Magnetisches Rahmendesign, Ai”Art Kunstgalerie, Mattes Display, Google Smart TV",https://www.amazon.de/dp/B0F9WFRF4R,55.0,799.0,799.0,EUR,799.0,Amazon,DE,2026-09-23T09:28:25Z,B0F9WFRF4R,,,,,
TCL,"TCL 55PF650A 55 Zoll Fernseher, 4K Smart TV, Fire TV, Dolby Atmos | Dolby Vision, Alexa-kompatibel",https://www.amazon.de/dp/B0FNRC5YWQ,55.0,339.0,339.0,EUR,339.0,Amazon,DE,2026-09-23T09:28:25Z,B0FNRC5YWQ,,,,,
TCL,"TCL 32V5D QLED 32 Zoll Fernseher, Full HD HDR Smart TV, Fire TV, Direct LED | Apple AirPlay 2, Alexa-kompatibel, Rahmenlos...",https://www.amazon.de/dp/B0GYSZDBNH,32.0,229.0,229.0,EUR,229.0,Amazon,DE,2026-09-23T09:28:25Z,B0GYSZDBNH,,,,,
TCL,"TCL 98X11L SQD-Mini LED 98 Zoll Fernseher, 4K Smart TV, Google TV, HDR10+ | 20736 Dimming-Zonen, 10000 Nits Spitzenhelligk...",https://www.amazon.de/dp/B0GV4GKQR9,98.0,7999.0,7999.0,EUR,7999.0,Amazon,DE,2026-09-23T09:28:25Z,B0GV4GKQR9,,,,,
TCL,"TCL 75P8K 75 Zoll QLED 4K HDR UHD Fernseher, Smart Google TV (Dolby Vision & Atmos, 144Hz Motion Clarity Pro, FreeSync, Onkyo 2.1 Sound, Sprachsteuerung, Kompatibel mit Google Assistant, Google Cast)",https://www.amazon.de/dp/B0F8J383MC,75.0,1049.0,1049.0,EUR,1049.0,Amazon,DE,2026-09-23T09:28:25Z,B0F8J383MC,,,,,
TCL,"TCL 55V6C 55 Zoll Direct LED TV, 4K HDR Fernseher, Smart TV mithilfe von Google TV (Dolby Audio, Motion Clarity, Kompatibel mit Google Assistant & Alexa)",https://www.amazon.de/dp/B0DV94JCVX,55.0,,,,,Amazon,DE,2026-09-23T09:28:25Z,B0DV94JCVX,,,,,
TCL,"TCL 50V6C 50 Zoll Direct LED TV, 4K HDR Fernseher, Smart TV mithilfe von Google TV (Dolby Audio, Motion Clarity, Kompatibel mit Google Assistant & Alexa)",https://www.amazon.de/dp/B0DV9JL61N,50.0,259.0,259.0,EUR,259.0,Amazon,DE,2026-09-23T09:28:25Z,B0DV9JL61N,,,,,
TCL,"TCL 40V5C - 40 Zoll Full HD Smart QLED Direct LED-Fernseher mit Android TV & HDR - Kompatibel mit Google Cast & Google Home, Schlankes Design",https://www.amazon.de/dp/B0F3XN9M4V,40.0,251.26,251.26,EUR,251.26,Amazon,DE,2026-09-23T09:28:25Z,B0F3XN9M4V,,,,,
TCL,"TCL 32S5L - Fernseher 32 Zoll Smart TV Full HD DVB-T2 H.264, H.265 Schwarz Energieklasse F",https://www.amazon.de/dp/B0H2JF9P45,32.0,249.0,249.0,EUR,249.0,Amazon,DE,2026-09-23T09:28:25Z,B0H2JF9P45,,,,,
TCL,"TCL 50V6B 50 Zoll, 4K Ultra HD, HDR TV, Smart TV unterstützt von Google TV (Dolby Audio, Motion Clarity, Sprachsteuerung, Kompatibel mit Google Assistant, Chromecast eingebaut",https://www.amazon.de/dp/B0CXF75HGG,50.0,,,,,Amazon,DE,2026-09-23T09:28:25Z,B0CXF75HGG,,,,,
TCL,TCL 32V4C 32 Zoll HD Smart QLED Direct LED TV mit Android TV und HDR kompatibel mit Google Cast und Google Home Delgado Design,https://www.amazon.de/dp/B0F54B34TH,32.0,174.64,174.64,EUR,174.64,Amazon,DE,2026-09-23T09:28:25Z,B0F54B34TH,,,,,
TCL,"TCL 98P8K 98 Zoll QLED 4K HDR UHD Fernseher, Smart Google TV (Dolby Vision & Atmos, 144Hz Motion Clarity Pro, FreeSync, Onkyo 2.1 Sound, Sprachsteuerung, Kompatibel mit Google Assistant, Google Cast)",https://www.amazon.de/dp/B0F7RW2JX3,98.0,1899.12,1899.12,EUR,1899.12,Amazon,DE,2026-09-23T09:28:25Z,B0F7RW2JX3,,,,,
TCL,"TCL 65P8K 65 Zoll QLED 4K HDR UHD Fernseher, Smart Google TV (Dolby Vision & Atmos, 144Hz Motion Clarity Pro, FreeSync, Onkyo 2.1 Sound, Sprachsteuerung, Kompatibel mit Google Assistant, Google Cast)",https://www.amazon.de/dp/B0F8J37SQ5,65.0,799.0,799.0,EUR,799.0,Amazon,DE,2026-09-23T09:28:25Z,B0F8J37SQ5,,,,,
TCL,"TCL 55C8L SQD-Mini LED 55 Zoll Fernseher, 4K Smart TV, Google TV, HDR10+ | 1008 Dimming-Zonen, 3000 Nits Spitzenhelligkei...",https://www.amazon.de/dp/B0GTZS35X6,55.0,,,,,Amazon,DE,2026-09-23T09:28:25Z,B0GTZS35X6,,,,,
Hisense,"Hisense 55U7Q Fernseher 55 Zoll, 4K Mini LED ULED, Smart TV, Hi-View AI Engine, 144Hz Game Mode Pro, FreeSync Premium, Built in Subwoofer, Dolby Vision IQ Atmos, Airplay, Sprachsteuerung[2025]",https://www.amazon.de/dp/B0F32M68DW,55.0,,,,,Amazon,DE,2026-09-23T09:28:25Z,B0F32M68DW,,,,,
Hisense,"Hisense 85E8DS Fernseher 85 Zoll, 4K UHD, Hi-QLED Mini LED, Smart TV, 144Hz, Hi-View AI Engine, Dolby Vision.Atmos, Unibody Slim, FreeSync Premium, AI-Lichtsensor, Game Bar, Tuned by Devialet",https://www.amazon.de/dp/B0GYZ753CY,85.0,1149.0,1149.0,EUR,1149.0,Amazon,DE,2026-09-23T09:28:25Z,B0GYZ753CY,,,,,
TCL,"TCL 55P6K LED TV Direct 55 Zoll, 4K HDR TV, Smart TV mit Google TV Technologie (Dolby Audio, Motion Clarity, kompatibel mit Google Assistant und Alexa)",https://www.amazon.de/dp/B0F7RVDMKF,55.0,,,,,Amazon,DE,2026-09-23T09:28:25Z,B0F7RVDMKF,,,,,
TCL,"TCL 75Q7C 75 Zoll QD-Mini LED Fernseher, 4K HDR Premium 3000, Smart TV unterstützt durch Google TV (Dolby Vision IQ & Atmos, CrystGlow HVA Panel, Audio von Bang & Olufsen, 144Hz Motion Clarity Pro)",https://www.amazon.de/dp/B0F38FDD88,75.0,,,,,Amazon,DE,2026-09-23T09:28:25Z,B0F38FDD88,,,,,
TCL,"TCL 55C6K - 55"" Smart TV QD‑Mini LED 4K HDR10+ Google TV | Dolby Vision IQ & Atmos, 144Hz Motion Clarity Pro, Game Master,...",https://www.amazon.de/dp/B0F8QKZ82T,55.0,,,,,Amazon,DE,2026-09-23T09:28:25Z,B0F8QKZ82T,,,,,
Xiaomi,"XIAOMI TV S Mini LED 65 Zoll (165 cm), 4K UHD Smart TV, HDR10+, Google TV | 144Hz (240Hz Game Boost Mode), Dolby Atmos & V...",https://www.amazon.de/dp/B0DJMBJPXN,65.0,599.0,599.0,EUR,599.0,Amazon,DE,2026-09-23T09:28:25Z,B0DJMBJPXN,,,,,
LG,"LG 75QNED7EB3A TV 75 Zoll, 1900 Mm, 4K QNED Mini LED AI, α7 Gen9 Prozessor, webOS 26, 60Hz, VRR, Modelljahr 2026",https://www.amazon.de/dp/B0GSGYR42K,75.0,757.31,757.31,EUR,757.31,Amazon,DE,2026-09-23T09:28:25Z,B0GSGYR42K,,,,,
LG,"LG 85NU8E0B3LA Nano 4K UHD TV, 85 Zoll, α7 Gen9 4K AI Prozessor, webOS 26, 60Hz, VRR bis zu 60Hz, Modelljahr 2026, Energieklasse E",https://www.amazon.de/dp/B0GSGZGZ3Z,85.0,899.0,899.0,EUR,899.0,Amazon,DE,2026-09-23T09:28:25Z,B0GSGZGZ3Z,,,,,
TCL,"TCL 65V6C 65 Zoll Direct LED TV, 4K HDR Fernseher, Smart TV mithilfe von Google TV (Dolby Audio, Motion Clarity, Kompatibel mit Google Assistant & Alexa)",https://www.amazon.de/dp/B0DV9GHKQ6,65.0,,,,,Amazon,DE,2026-09-23T09:28:25Z,B0DV9GHKQ6,,,,,
Hisense,"Hisense 98E7Q Fernseher, 98 Zoll, 2480 Mm, 4K UHD QLED, Smart TV, 144Hz Game Mode PRO, AI 4K Upscaler, Smoothmotion, Lichtsensor, Colour, Dolby Vision Atmos, Sprachsteuerung, EZPlay",https://www.amazon.de/dp/B0FQ68967J,98.0,1379.0,1379.0,EUR,1379.0,Amazon,DE,2026-09-23T09:28:25Z,B0FQ68967J,,,,,
Hisense,"Hisense 55UR8DS Fernseher 55 Zoll, 4K UHD, RGB Mini LED, Smart TV, 180Hz, Hi-View AI Engine RGB, Dolby Vision.Atmos, AI RGB Lichtsensor, AI 4K Upscaler, AMD FreeSync Premium Pro, Tuned by Devialet",https://www.amazon.de/dp/B0H2YK2DQS,55.0,999.0,999.0,EUR,999.0,Amazon,DE,2026-09-23T09:28:25Z,B0H2YK2DQS,,,,,
TCL,"TCL 115C7K QLED Mini LED Fernseher, 115 Zoll, 4K HDR Premium, Dolby Vision IQ & Atmos, Smart TV mit Google TV, Onkyo 4.2 Sound, 144Hz VRR, AMD FreeSync Premium Pro, HDMI 2.1, AirPlay 2, Alexa",https://www.amazon.de/dp/B0F5BQDNGB,115.0,,,,,Amazon,DE,2026-09-23T09:28:25Z,B0F5BQDNGB,,,,,
Xiaomi,"XIAOMI TV MAX 85 Zoll (216 cm) QLED 4K UHD Smart TV, Dolby Atmos & Vision | 144Hz (240Hz Game Boost Mode), Dolby Atmos & V...",https://www.amazon.de/dp/B0DJM9QBTR,85.0,999.0,999.0,EUR,999.0,Amazon,DE,2026-09-23T09:28:25Z,B0DJM9QBTR,,,,,
Hisense,"Hisense 65E89Q Fernseher, 65 Zoll (164cm), 4K ULED Mini LED, Smart TV, 144Hz Game Mode PRO, Hi-View AI Engine, AI Smoothmotion, Built-in Subwoofer, Dolby Vision.Atmos, Filmmaker Mode, Hi-Concerto",https://www.amazon.de/dp/B0G5QGGKPR,65.0,809.99,809.99,EUR,809.99,Amazon,DE,2026-09-23T09:28:25Z,B0G5QGGKPR,,,,,
Xiaomi,"XIAOMI TV FX Mini LED 65"" QD Mini LED Smart TV, 4K UHD, Fire TV, HDR10+, 2026",https://www.amazon.de/dp/B0H26TKHL5,65.0,649.0,649.0,EUR,649.0,Amazon,DE,2026-09-23T09:28:25Z,B0H26TKHL5,,,,,
TCL,"TCL 98T8B 98-Zoll QLED Pro 144Hz Onkyo Gaming Fernseher, 4K UHD, HDR Pro, Google TV (Dolby Vision IQ & Atmos, Motion Clarity, Freihändige Sprachsteureung, Kompatibel mit Google Assistant & Alexa)",https://www.amazon.de/dp/B0D4TBW6VY,98.0,1884.65,1884.65,EUR,1884.65,Amazon,DE,2026-09-23T09:28:25Z,B0D4TBW6VY,,,,,
TCL,"TCL 85"" A400U 4K QD Mini-LED Google TV – 1008 Zonen, 2500 Nits, 288 Hz VRR für reibungsloses Streaming und Spielen.",https://www.amazon.de/dp/B0H3KKS66H,85.0,1798.0,1798.0,EUR,1798.0,Amazon,DE,2026-09-23T09:28:25Z,B0H3KKS66H,,,,,
TCL,"TCL 43P739 43 Zoll Fernseher, 4K HDR, Ultra HD, Smart TV Powered by Google TV, Rahmenloses Design (Dolby Vision & Atmos, Freihändige Sprachsteuerung, Kompatibel mit Google Assistant & Alexa)",https://www.amazon.de/dp/B09XB14L4T,43.0,,,,,Amazon,DE,2026-09-23T09:28:25Z,B09XB14L4T,,,,,
TCL,TCL 50P61B - Smart Fernseher TV 50 Zoll 4K Klasse F Titan,https://www.amazon.de/dp/B0DGQ9SC5M,50.0,,,,,Amazon,DE,2026-09-23T09:28:25Z,B0DGQ9SC5M,,,,,
TCL,"TCL 65C935 65 Zoll 164cm QLED Mini-LED Fernseher, 4K UHD, Google TV, HDR Extreme, 2500nits, 144Hz VRR, 120Hz Motion Clarity, Dolby Vision & Atmos, 2.1.2 ONKYO Soundbar, Sprachsteuerung",https://www.amazon.de/dp/B09ZSKD48J,65.0,,,,,Amazon,DE,2026-09-23T09:28:25Z,B09ZSKD48J,,,,,
TCL,"TCL Mini LED TV A400U 4K QD 98 Zoll, 1344 Zonen 2500 Nits 288Hz VRR, Google TV",https://www.amazon.de/dp/B0H3KJVSCG,98.0,2700.29,2700.29,EUR,2700.29,Amazon,DE,2026-09-23T09:28:25Z,B0H3KJVSCG,,,,,
TCL,"TCL 55C69K TVC 55"" 4K MINILED 144HZ GOOGLE SAT/AUDIO ONKYO 2.0",https://www.amazon.de/dp/B0F7XPY5FF,55.0,650.63,650.63,EUR,650.63,Amazon,DE,2026-09-23T09:28:25Z,B0F7XPY5FF,,,,,
TCL,"TCL 65C745, Fernseher 165,1 cm (65 Zoll),120 Hz, 3840 x 2160 Pixel, QLED, Smart-TV, WLAN, Schwarz, Quantum dot",https://www.amazon.de/dp/B0CFJNXC5Q,65.0,,,,,Amazon,DE,2026-09-23T09:28:25Z,B0CFJNXC5Q,,,,,
TCL,"TCL 65C69KS – 65 Zoll Smart TV, 4K, WLAN, QD-Mini LED, DVB-T2, H.264, H.265, Energieeffizienzklasse E",https://www.amazon.de/dp/B0FSS5LMNS,65.0,911.94,911.94,EUR,911.94,Amazon,DE,2026-09-23T09:28:25Z,B0FSS5LMNS,,,,,
TCL,"TCL 55P739 55 Zoll Fernseher, 4K HDR, Ultra HD, Smart TV Powered by Google TV, Rahmenloses Design (Dolby Vision & Atmos, Freihändige Sprachsteuerung, Kompatibel mit Google Assistant & Alexa)",https://www.amazon.de/dp/B09XB3Q6BP,55.0,,,,,Amazon,DE,2026-09-23T09:28:25Z,B09XB3Q6BP,,,,,
TCL,"TCL 65T8A TV, QLED, HDR 1000 nits, Full Array Local Dimming, IMAX Enhanced, 144 Hz VRR, Dolby Vision & Atoms TV Powered by Google",https://www.amazon.de/dp/B0C5QVPDMV,65.0,,,,,Amazon,DE,2026-09-23T09:28:25Z,B0C5QVPDMV,,,,,
TCL,"TCL 43P61B 43"" LED UltraHD 4K HDR Google TV",https://www.amazon.de/dp/B0DGQ9WM15,43.0,,,,,Amazon,DE,2026-09-23T09:28:25Z,B0DGQ9WM15,,,,,
TCL,"TCL 55A400 55"" QLED, 4K HDR, HVA Panel, Google TV, Dolby Vision & Atmos, Onkyo 2.0, 144Hz, AirPlay 2, flaches und schlankes Design",https://www.amazon.de/dp/B0GYPLJRKC,55.0,1005.52,1005.52,EUR,1005.52,Amazon,DE,2026-09-23T09:28:25Z,B0GYPLJRKC,,,,,
TCL,"TCL 55C61B - Smart TV 55 Zoll QLED 4K DVB-T2 H.264, H.265 Klasse F Titan",https://www.amazon.de/dp/B0DGQCDCFV,55.0,538.99,538.99,EUR,538.99,Amazon,DE,2026-09-23T09:28:25Z,B0DGQCDCFV,,,,,
TCL,"TCL 75"" P81K 4K QLED TV - Google TV, 120Hz, Dolby Vision, AI-Bildverbesserung, HDR, Ultra HD",https://www.amazon.de/dp/B0H3KJN663,75.0,1478.73,1478.73,EUR,1478.73,Amazon,DE,2026-09-23T09:28:25Z,B0H3KJN663,,,,,
TCL,TCL 32FHD7900X1 LCD-LED Fernseher,https://www.amazon.de/dp/B0FQWDX74P,32.0,266.64,266.64,EUR,266.64,Amazon,DE,2026-09-23T09:28:25Z,B0FQWDX74P,,,,,
TCL,"TCL LED-Mini-TV C6K Pro 4K QD, 144 Hz, HDR, Dolby Vision, Google TV, Google Assistant",https://www.amazon.de/dp/B0H3KSHN8P,55.0,,,,,Amazon,DE,2026-09-23T09:28:25Z,B0H3KSHN8P,,,,,
TCL,Tcl 43s51k - Televisor Qled De 43 Pulgadas (109 Cm) - Full Hd 1920x1080 - Hdr10 - Android Tv - 2xhdmi 1.4 - WI-fi,https://www.amazon.de/dp/B0H9LH11HM,43.0,330.99,330.99,EUR,330.99,Amazon,DE,2026-09-23T09:28:25Z,B0H9LH11HM,,,,,
TCL,"TCL 50C639 50 Zoll (126cm) QLED Fernseher, 4K UHD, Smart TV, Google TV, HDR Premium, 60Hz Motion Clarity, Dolby Vision & Atmos, 2.0 ONKYO Sound, Sprachsteuerung, Metallgehäuse, Alexa kompatibel",https://www.amazon.de/dp/B09XQLH785,50.0,461.28,461.28,EUR,461.28,Amazon,DE,2026-09-23T09:28:25Z,B09XQLH785,,,,,
TCL,"TCL Fernseher (U49P6006) 125 cm (49 Zoll) Smart TV (4K UHD, HDR, Ultra Micro Dimming, Dolby Digital Plug, YouTube 4K, Netflix 4K)",https://www.amazon.de/dp/B077GZ6T2F,49.0,,,,,Amazon,DE,2026-09-23T09:28:25Z,B077GZ6T2F,,,,,
TCL,"TCL U55S7906 140 cm (55 Zoll) Fernseher (Ultra HD, Triple Tuner, Smart TV)",https://www.amazon.de/dp/B01BGRWIZA,55.0,580.0,580.0,EUR,580.0,Amazon,DE,2026-09-23T09:28:25Z,B01BGRWIZA,,,,,
TCL,"TCL 50C69K TVC 50"" 4K QLED MINILED 144HZ TVSAT/AUDIO ONKYO",https://www.amazon.de/dp/B0FRFT31JZ,50.0,,,,,Amazon,DE,2026-09-23T09:28:25Z,B0FRFT31JZ,,,,,
TCL,TCL TELEVISIÓN DLED 50 50P631 Google-TV 4K UHD,https://www.amazon.de/dp/B0BWGZH9Y3,50.0,,,,,Amazon,DE,2026-09-23T09:28:25Z,B0BWGZH9Y3,,,,,
Hisense,"Hisense 58E6NT 146cm (58 Zoll) Fernseher, 4K UHD Smart TV, Precision Colour, HDR, Dolby Vision, 60Hz, Triple Tuner DVB-C/S/S2/T/T2, WiFi, HDMI 2.1, Bluetooth, Alexa Built-in, Schwarz, [2024]",https://www.amazon.de/dp/B0D35JHJZG,58.0,,,,,Amazon,DE,2026-09-23T09:28:25Z,B0D35JHJZG,,,,,
Hisense,"Hisense 55S7NQ 139 cm (55 Zoll) Canvas TV, 4K QLED, Wide Color Gamut, Dolby Vision IQ, 144 Hz, DVB-T2/T/C/S2/S Tuner, Wifi, HDMI 2.1, HLG, HDR10/HDR10+ Adaptive, VIDAA, Alexa Built-in, Filmmaker Modus",https://www.amazon.de/dp/B0DPMYKRT5,55.0,,,,,Amazon,DE,2026-09-23T09:28:25Z,B0DPMYKRT5,,,,,
Hisense,"Hisense 65E7DS Fernseher 65 Zoll, 4K UHD QLED, Smart TV, Hi View AI Engine, 60Hz Game Mode Plus, Dolby Vision IQ, QLED Colour, Filmmaker, Smooth Motion, Airplay, Sprachsteuerung, 2026",https://www.amazon.de/dp/B0GM1NNY7D,65.0,497.99,497.99,EUR,497.99,Amazon,DE,2026-09-23T09:28:25Z,B0GM1NNY7D,,,,,
Hisense,"Hisense 40E4DS Fernseher 40 Zoll, 4K FHD Smart TV, Hi-View AI Engine, 60Hz Game Mode, Natural Colour Enhancer, Dolby Audio",https://www.amazon.de/dp/B0GTB317ZL,40.0,224.99,224.99,EUR,224.99,Amazon,DE,2026-09-23T09:28:25Z,B0GTB317ZL,,,,,
Hisense,"Hisense 43E7DS Fernseher 43 Zoll, 4K UHD QLED, Smart TV, Hi View AI Engine, 60Hz Game Mode Plus, Dolby Vision IQ, QLED Colour, Filmmaker, Smooth Motion, Airplay, Sprachsteuerung, 2026",https://www.amazon.de/dp/B0GM1NJDDK,43.0,279.0,279.0,EUR,279.0,Amazon,DE,2026-09-23T09:28:25Z,B0GM1NJDDK,,,,,
Hisense,"Hisense 55E7DS Fernseher 55 Zoll, 4K UHD QLED, Smart TV, Hi View AI Engine, 60Hz Game Mode Plus, Dolby Vision IQ, QLED Colour, Filmmaker, Smooth Motion, Airplay, Sprachsteuerung, 2026",https://www.amazon.de/dp/B0GM1TVSMG,55.0,359.0,359.0,EUR,359.0,Amazon,DE,2026-09-23T09:28:25Z,B0GM1TVSMG,,,,,
Hisense,"Hisense 32E4DS Fernseher 32 Zoll, 4K FHD Smart TV, Hi-View AI Engine, 60Hz Game Mode, Natural Colour Enhancer, Dolby Audio, DTS Virtual: X, Rauschunterdrückung, Airplay [2026]",https://www.amazon.de/dp/B0GT9QKMRM,32.0,159.99,159.99,EUR,159.99,Amazon,DE,2026-09-23T09:28:25Z,B0GT9QKMRM,,,,,
Hisense,"Hisense 58E6DS Fernseher 58 Zoll, 4K UHD Smart TV, Hi View AI Engine, 60Hz Game Mode Plus, Dolby Vision, 4K Upscaler, DTS Virtual, X, Smooth Motion, Airplay, Sprachsteuerung, 2026",https://www.amazon.de/dp/B0GTB3548V,58.0,359.99,359.99,EUR,359.99,Amazon,DE,2026-09-23T09:28:25Z,B0GTB3548V,,,,,
Hisense,"Hisense 65UR8DS Fernseher 65 Zoll, 4K UHD, RGB Mini LED, Smart TV, 180Hz, Hi-View AI Engine RGB, Dolby Vision.Atmos, AI RGB Lichtsensor, AI 4K Upscaler, AMD FreeSync Premium Pro, Tuned by Devialet",https://www.amazon.de/dp/B0H2YNKM7X,65.0,1199.0,1199.0,EUR,1199.0,Amazon,DE,2026-09-23T09:28:25Z,B0H2YNKM7X,,,,,
Hisense,"Hisense 50E8DS Fernseher 50 Zoll, 4K UHD, Hi-QLED Mini LED, Smart TV, 144Hz, Hi-View AI Engine, Dolby Vision.Atmos, Unibody Slim, FreeSync Premium, AI-Lichtsensor, Game Bar, Tuned by Devialet",https://www.amazon.de/dp/B0GYYXRNL8,50.0,524.0,524.0,EUR,524.0,Amazon,DE,2026-09-23T09:28:25Z,B0GYYXRNL8,,,,,
Hisense,"Hisense 40A5DS Fernseher 40 Zoll, FHD, QLED, Smart TV, 60Hz, Hi-QLED Colour, Dolby Atmos, Game Mode, Noise Reduction, Hohe Kontraste, Share to TV, HDR10, VIDAA OS",https://www.amazon.de/dp/B0GYZC9GRT,40.0,299.99,299.99,EUR,299.99,Amazon,DE,2026-09-23T09:28:25Z,B0GYZC9GRT,,,,,
Hisense,"Hisense 50E7DS PRO Fernseher 50 Zoll, 4K UHD QLED, Smart TV, Hi Concerto, 144 Hz Game Mode, QLED Colour, Dolby Vision Atmos, Filmmaker, Audio, DTS Virtual X, FreeSync Premium, 2026",https://www.amazon.de/dp/B0GTVTFDNQ,50.0,449.99,449.99,EUR,449.99,Amazon,DE,2026-09-23T09:28:25Z,B0GTVTFDNQ,,,,,
Hisense,"Hisense 40A5Q Fehrnseher, 40 Zoll, 2K QLED, Smart TV, Game Mode, AI Sports Mode, Dolby Atmos, Dolby MS12, DTS X, HDR10, HLG, Full HD, High Contrast, Rauschunterdrückung [2025]",https://www.amazon.de/dp/B0F2N11D11,40.0,,,,,Amazon,DE,2026-09-23T09:28:25Z,B0F2N11D11,,,,,
Hisense,"Hisense 50E89Q Fernseher, 50 Zoll, 4K ULED Mini LED, Smart TV, 144 Hz Game Mode PRO, Hi View AI Engine, Smoothmotion, Built in Subwoofer, Dolby Vision Atmos, Filmmaker, Concerto, 2025",https://www.amazon.de/dp/B0G5QNP2CQ,50.0,499.0,499.0,EUR,499.0,Amazon,DE,2026-09-23T09:28:25Z,B0G5QNP2CQ,,,,,
Hisense,"Hisense 50E7S - QLED Smart TV 50 Zoll, Hi-QLED Color, Dolby Vision.Atmos, 4K IA Treppe, Smooth Motion IA, Gaming-Modus Plus, Dolby Vision IQ, HDR10+Adaptive",https://www.amazon.de/dp/B0GNDPWJV8,50.0,319.0,319.0,EUR,319.0,Amazon,DE,2026-09-23T09:28:25Z,B0GNDPWJV8,,,,,
Hisense,"Hisense 32A5NQ 80 cm (32 Zoll) QLED Fernseher Full HD, Smart TV, Triple Tuner, AI Sports Mode, Dolby Atmos, Share to TV, Duale Positionierung, WiFi, Game & Hotel Modus, Schwarz [2024]",https://www.amazon.de/dp/B0CXTLDGZ9,32.0,205.99,205.99,EUR,205.99,Amazon,DE,2026-09-23T09:28:25Z,B0CXTLDGZ9,,,,,
Hisense,"Hisense 58E7Q Fehrnseher, 58 Zoll, QLED&DLED, Smart TV, Game Mode Plus, Filmaker Mode, Dolby Vision Atmos, HDR10, HLG, 4K HDR Immersive, AI 4K Upscaler, Dolby MS12, DTS X, Sprachsteuerung [2025]",https://www.amazon.de/dp/B0F9YWJ5MT,58.0,499.0,499.0,EUR,499.0,Amazon,DE,2026-09-23T09:28:25Z,B0F9YWJ5MT,,,,,
Hisense,"Hisense TV 65E7S (2026) 65"" VA QLED 4K UHD Preta",https://www.amazon.de/dp/B0GNF76F8J,65.0,497.99,497.99,EUR,497.99,Amazon,DE,2026-09-23T09:28:25Z,B0GNF76F8J,,,,,
Hisense,"Hisense 55E7S Pro – QLED TV 55 Zoll (139 cm), 4K UHD, 144 Hz Nativ, Dolby Vision IQ & Atmos, HDMI 2.1, FreeSync Premium, Smart TV VIDAA U9.5, integrierte Alexa Sprachsteuerung, Modell 2026",https://www.amazon.de/dp/B0GR7DTKP8,55.0,479.0,479.0,EUR,479.0,Amazon,DE,2026-09-23T09:28:25Z,B0GR7DTKP8,,,,,
Hisense,"""hisense 43e7s - Tv Qled 43"""" (108 Cm) - 4k Uhd 3840x2160 - Hdr10+ - Smart Tv Vidaa - 3xhdmi 2.1 - Wifi""",https://www.amazon.de/dp/B0GND85Y1P,43.0,,,,,Amazon,DE,2026-09-23T09:28:25Z,B0GND85Y1P,,,,,
Hisense,"Hisense 43A6S TV 2026 4K UHD 43 Zoll (108 cm), Smart TV HomeOS U9.5, Dolby | 4K IA Kletterer, Smooth Motion IA, Gaming-Mod...",https://www.amazon.de/dp/B0GJFM3F7P,43.0,269.0,269.0,EUR,269.0,Amazon,DE,2026-09-23T09:28:25Z,B0GJFM3F7P,,,,,
Hisense,"Hisense 40A4S LED-TV, 40 Zoll (102 cm), Full HD, Smart TV, VIDAA, Dolby Audio & DTS HD, WLAN, Bluetooth, randloses Design, Schwarz",https://www.amazon.de/dp/B0GJFC1Q9Z,40.0,,,,,Amazon,DE,2026-09-23T09:28:25Z,B0GJFC1Q9Z,,,,,
Hisense,"Hisense 32A4K HD VIDAA Smart TV, 32 Zoll (32 Zoll), mit Spielmodus, Sport IA, Dolby DTS HD Sound, hoher Kontrast, VIDAA U6, Sharing-Funktion auf dem Fernseher (Neu 2023)",https://www.amazon.de/dp/B0BTPZ51W7,32.0,,,,,Amazon,DE,2026-09-23T09:28:25Z,B0BTPZ51W7,,,,,
Hisense,"Hisense 65A85Q 164cm (65 Zoll) Fernseher, 4K UHD OLED Smart TV,120Hz, HDMI 2.1, Game Mode Pro, AMD FreeSync Premium, Dolby Vision IQ & Atmos, Bluetooth, Alexa Built-in, Schwarz, [2025]",https://www.amazon.de/dp/B0FKGR14TB,65.0,1079.0,1079.0,EUR,1079.0,Amazon,DE,2026-09-23T09:28:25Z,B0FKGR14TB,,,,,
Hisense,"Hisense 50E8S 126cm 50"" 4K UHD Mini LED Smart TV Fernseher (50E8S)",https://www.amazon.de/dp/B0GQDSSGNB,50.0,459.0,459.0,EUR,459.0,Amazon,DE,2026-09-23T09:28:25Z,B0GQDSSGNB,,,,,
Hisense,"Hisense 43E6NT 108cm (43 Zoll) Fernseher, 4K UHD Smart TV, Precision Colour, HDR, Dolby Vision, 60Hz, Triple Tuner DVB-C/S/S2/T/T2, WiFi, HDMI 2.1, Bluetooth, Alexa Built-in, Schwarz, [2024]",https://www.amazon.de/dp/B0CZWNDNXW,43.0,,,,,Amazon,DE,2026-09-23T09:28:25Z,B0CZWNDNXW,,,,,
Hisense,"Hisense 65U7Q Pro Fernseher 65 Zoll, 4K Mini LED, Smart TV, Hi-View AI Engine Pro, 165Hz Game Mode Ultra, FreeSync Premium Pro, 2.1.2 ch. Surround Sound, Dolby Vision IQ Atmos, Sprachsteuerung [2025]",https://www.amazon.de/dp/B0F24FL4CL,65.0,943.14,943.14,EUR,943.14,Amazon,DE,2026-09-23T09:28:25Z,B0F24FL4CL,,,,,
Hisense,"Hisense Smart TV 50 Zoll 50A6N 4K UHD, Dolby Vision, HDR, VIDAA mit YouTube, Netflix, Disney+, Canal + (Modell 2024)",https://www.amazon.de/dp/B0CZWTSGZX,50.0,289.9,289.9,EUR,289.9,Amazon,DE,2026-09-23T09:28:25Z,B0CZWTSGZX,,,,,
Hisense,"Hisense 65E7S Pro – QLED Gaming TV 65 Zoll (164 cm), 4K UHD, 144 Hz Nativ, Dolby Vision IQ & Atmos, HDMI 2.1, FreeSync Premium, Smart TV VIDAA U9.5, integrierte Alexa Sprachsteuerung [Modell 2026]",https://www.amazon.de/dp/B0GR6XCQMY,65.0,589.0,589.0,EUR,589.0,Amazon,DE,2026-09-23T09:28:25Z,B0GR6XCQMY,,,,,
Hisense,"Hisense 65E7NQ Pro 164 cm (65 Zoll) Fernseher, 4K UHD, QLED, Smart TV, Total HDR, Dolby Vision IQ Atmos, 144Hz (VRR), HDMI 2.1, Game Mode PRO, Triple Tuner, Alexa Built-In, Dunkelgrau, [2024]",https://www.amazon.de/dp/B0CYQ2XDYQ,65.0,732.13,732.13,EUR,732.13,Amazon,DE,2026-09-23T09:28:25Z,B0CYQ2XDYQ,,,,,
Hisense,"Hisense 65U7SE TV Mini-LED 4K 65 Zoll (164 cm) QLED 144 Hz 1400 Nits 260 | Dolby Atmos 2.1 By Devialet, Dolby Vision IQ, H...",https://www.amazon.de/dp/B0GKPTBTNP,65.0,779.0,779.0,EUR,779.0,Amazon,DE,2026-09-23T09:28:25Z,B0GKPTBTNP,,,,,
Hisense,"Hisense Smart TV 40 Zoll 40A4N – Full HD 60 Hz, Sport IA, Dolby Audio, VIDAA OS mit YouTube, Netflix, K +",https://www.amazon.de/dp/B0CZX3GM3F,40.0,273.19,273.19,EUR,273.19,Amazon,DE,2026-09-23T09:28:25Z,B0CZX3GM3F,,,,,
Hisense,"Hisense 40A4Q FullHD Smart TV, 101,6 cm (40 Zoll), Spielmodus, Sport IA, Dolby DTS HD-Sound, hoher Kontrast, TV-Sharing-Funktion, DVB - T2, automatische Steuerung der Kanäle TDT",https://www.amazon.de/dp/B0F1MJ7VB2,40.0,239.0,239.0,EUR,239.0,Amazon,DE,2026-09-23T09:28:25Z,B0F1MJ7VB2,,,,,
Hisense,"Hisense 75E7NQ 189 cm (75 Zoll) Fernseher, 4K UHD, QLED, HDR10, HDR10+ decoding, HLG, Dolby Vision Atmos, 60Hz Panel, Smooth Motion, Bluetooth, Alexa Built-in, VIDAA Voice, Schwarz [2024]",https://www.amazon.de/dp/B0CXTK5666,75.0,873.89,873.89,EUR,873.89,Amazon,DE,2026-09-23T09:28:25Z,B0CXTK5666,,,,,
Hisense,"Hisense 65E8Q 65 Zoll (164 cm), 4K ULED Mini-LED QLED, 144 Hz Native Panel, Dolby Vision IQ & Atmos, Pro Gaming-Modus, Smart TV Vidaa",https://www.amazon.de/dp/B0F1W5MSBZ,65.0,,,,,Amazon,DE,2026-09-23T09:28:25Z,B0F1W5MSBZ,,,,,
Hisense,"Hisense 65E8S 164cm 65"" 4K UHD Mini LED Smart TV Fernseher (65E8S)",https://www.amazon.de/dp/B0GQF24H9M,65.0,777.0,777.0,EUR,777.0,Amazon,DE,2026-09-23T09:28:25Z,B0GQF24H9M,,,,,
Hisense,"Hisense 40A5S LED-TV 40 Zoll (102 cm) Full HD, Smart TV VIDAA U7.6, USB-C Port (Mobile to TV), Dolby Audio & DTS HD, Bluetooth, WLAN, schwarz",https://www.amazon.de/dp/B0GJ5WRCG2,40.0,299.24,299.24,EUR,299.24,Amazon,DE,2026-09-23T09:28:25Z,B0GJ5WRCG2,,,,,
Hisense,"Hisense 75A7Q QLED Smart TV, 190 cm (75 Zoll), sanfte Bewegungen IA, Dolby Vision, Dolby Atmos, integrierter Subwoofer, Spielmodus Plus, Sportmodus, Bluetooth & HDMI 2.1, Sprachsteuerung Alexa",https://www.amazon.de/dp/B0F2T44B26,75.0,719.0,719.0,EUR,719.0,Amazon,DE,2026-09-23T09:28:25Z,B0F2T44B26,,,,,
Hisense,"Hisense 65E6KT 164cm (65 Zoll) Fernseher, 4K UHD, HDR, Dolby Vision, Triple Tuner, Smart-TV, Bluetooth, WiFi, Alexa Built-In, DTS Virtual X, Hotel Mode, Schwarz [2023]",https://www.amazon.de/dp/B0C1C64DP2,65.0,549.0,549.0,EUR,549.0,Amazon,DE,2026-09-23T09:28:25Z,B0C1C64DP2,,,,,
Hisense,"Hisense 75U7SE TV Mini-LED 4K 75 Zoll (189 cm) – Serie 2026 – QLED, 144 Hz, Pic 1400 Nits, 320 Zonen, ADS Wide View, IMAX Enhanced, Game Mode Pro, HDMI 2.1",https://www.amazon.de/dp/B0GKPMTBMC,75.0,1111.0,1111.0,EUR,1111.0,Amazon,DE,2026-09-23T09:28:25Z,B0GKPMTBMC,,,,,
Hisense,"Hisense 50E6KT 127cm (50 Zoll) Fernseher, 4K UHD, LED, Smart TV, HDR, Dolby Vision, Triple Tuner DVB-C/S/S2/T/T2, WiFi, Bluetooth, Alexa Built-In, Hotel Mode [2023], schwarz",https://www.amazon.de/dp/B0C4B3SKQ5,50.0,382.8,382.8,EUR,382.8,Amazon,DE,2026-09-23T09:28:25Z,B0C4B3SKQ5,,,,,
Hisense,"Hisense 75E7NQ Pro 189 cm (75 Zoll) Fernseher, 4K UHD, QLED, Smart TV, Total HDR, Dolby Vision IQ Atmos, 144Hz (VRR), HDMI 2.1, Game Mode PRO, Triple Tuner, Alexa Built-In, Dunkelgrau, [2024]",https://www.amazon.de/dp/B0CXTNC3TZ,75.0,,,,,Amazon,DE,2026-09-23T09:28:25Z,B0CXTNC3TZ,,,,,
Hisense,"Hisense 50U7SE TV Mini-LED 4K 50 Zoll (126 cm) – Serie U7 2026 – QLED, 144 Hz Nativ, 1300 Nits, 144 Zonen, 2.1 Devialet Sound",https://www.amazon.de/dp/B0GKQ1371K,50.0,549.0,549.0,EUR,549.0,Amazon,DE,2026-09-23T09:28:25Z,B0GKQ1371K,,,,,
Hisense,"Hisense 75U8Q Fernseher, 75 Zoll (189cm), 4K UHD ULED, Smart TV, 165Hz Game Mode Ultra, Mini LED PRO, Hi-View AI Engine PRO, QLED Colour mit Pantone, Dolby Vision.Atmos, IMAX Enhanced, Filmmaker Mode",https://www.amazon.de/dp/B0F1W3TRZT,75.0,1449.0,1449.0,EUR,1449.0,Amazon,DE,2026-09-23T09:28:25Z,B0F1W3TRZT,,,,,
Xiaomi,"Xiaomi TV Pro 55 Zoll 2025, 4K UHD QLED Smart Fire TV HDR10+ L55MB-FPEU | Triple Tuner DVB-C/S/S2/T/T2, 60Hz with 120Hz Ga...",https://www.amazon.de/dp/B0F44W5HQH,55.0,449.0,449.0,EUR,449.0,Amazon,DE,2026-09-23T09:28:25Z,B0F44W5HQH,,,,,
Toshiba,"Toshiba 43 Zoll Fernseher Fire TV (4K UHD Smart TV, HDR Dolby Vision, Triple-Tuner, Alexa Built-In, Sound by Onkyo) 43UF3F63DAZ",https://www.amazon.de/dp/B0DCZ8S7KW,43.0,279.99,279.99,EUR,279.99,Amazon,DE,2026-09-23T09:28:25Z,B0DCZ8S7KW,,,,,
Hisense,"Hisense Bundle 43E7DS Fernseher 43 Zoll, 4K UHD QLED, Smart TV, 2026 + HS2000, 2.1 Kanal Soundbar, Visual Built-in subwoofer, 240W max Audio Power,Dolby Audio, DTS Virtual:X, TV Mode, EzPlay",https://www.amazon.de/dp/B0HF484QD1,43.0,368.0,368.0,EUR,368.0,Amazon,DE,2026-09-23T09:28:25Z,B0HF484QD1,,,,,
Hisense,"Hisense 81,3 cm (32 Zoll) S5 DécoTV Serie QLED FHD Smart Fire TV (32S5QF, Modell 2025) – vielseitige Passform, Hi-QLED-Farbe, kunstinspiriertes Design, flüssiger zentraler Ständer, DTS Virtual: X",https://www.amazon.de/dp/B0FXMWY914,32.0,367.92,367.92,EUR,367.92,Amazon,DE,2026-09-23T09:28:25Z,B0FXMWY914,,,,,
Hisense,"Hisense 65E77Q, QLED-Fernseher - (164 cm (65 Zoll), schwarz, UltraHD/4K, Triple Tuner) [Energieklasse E] (65E77Q)",https://www.amazon.de/dp/B0FVVTHFW3,65.0,559.98,559.98,EUR,559.98,Amazon,DE,2026-09-23T09:28:25Z,B0FVVTHFW3,,,,,
Hisense,HISENSE 50A7K QLED Fernseher 50 Zoll UHD 4K Smart TV,https://www.amazon.de/dp/B0C43WKRTC,50.0,647.09,647.09,EUR,647.09,Amazon,DE,2026-09-23T09:28:25Z,B0C43WKRTC,,,,,
Hisense,"Hisense 65U7S Pro - Mini LED Pro Smart TV 65 Zoll, Hi-QLED MiniLED Pro, nativer 165 Hz Gaming-Modus, 2.1.2 Surround-Sound, entspiegelt und blendfrei, IMAX Enhanced, Dolby Vision IQ, HDR 10+",https://www.amazon.de/dp/B0GT2HY84T,65.0,861.61,861.61,EUR,861.61,Amazon,DE,2026-09-23T09:28:25Z,B0GT2HY84T,,,,,
Hisense,"Hisense Bundle 43E7DS Fernseher 43 Zoll, 4K UHD QLED, Smart TV, 2026 HS1000, 2.0 Kanal Soundbar, 120W max Audio Power, Dolby Audio, DTS Virtual:X, Voice Enhanced, TV Mode, EzPlay",https://www.amazon.de/dp/B0HF4G97MJ,43.0,348.0,348.0,EUR,348.0,Amazon,DE,2026-09-23T09:28:25Z,B0HF4G97MJ,,,,,
Hisense,"HISENSE 43A6G Fernseher (Flat, 43 Zoll / 109,22 cm, UHD 4K, SMART TV)",https://www.amazon.de/dp/B09GRXLNHN,43.0,399.9,399.9,EUR,399.9,Amazon,DE,2026-09-23T09:28:25Z,B09GRXLNHN,,,,,
Hisense,"Hisense 55E8S 139cm 55"" 4K UHD Mini LED Smart TV Fernseher (55E8S)",https://www.amazon.de/dp/B0GQDXNH3L,55.0,649.15,649.15,EUR,649.15,Amazon,DE,2026-09-23T09:28:25Z,B0GQDXNH3L,,,,,
Hisense,"Hisense Bundle 55E7DS Fernseher 55 Zoll, 4K UHD QLED, Smart TV, 2026 + HS2000, 2.1 Kanal Soundbar, Visual Built-in subwoofer, 240W max Audio Power,Dolby Audio, DTS Virtual:X, TV Mode, EzPlay",https://www.amazon.de/dp/B0HF4HLT1Z,55.0,448.0,448.0,EUR,448.0,Amazon,DE,2026-09-23T09:28:25Z,B0HF4HLT1Z,,,,,
Hisense,"Hisense Bundle 50E7DS Fernseher 50 Zoll, 4K UHD QLED, Smart TV, 2026 HS1000, 2.0 Kanal Soundbar, 120W max Audio Power, Dolby Audio, DTS Virtual:X, Voice Enhanced, TV Mode, EzPlay",https://www.amazon.de/dp/B0HF4JKXVT,50.0,418.0,418.0,EUR,418.0,Amazon,DE,2026-09-23T09:28:25Z,B0HF4JKXVT,,,,,
Hisense,"Hisense Bundle of 43E7DS Fernseher 43 Zoll, 4K UHD QLED, Smart TV, Hi-View AI Engine[2026] + HS2100, 2.1 Kanal Soundbar, 240W max Audio Power,Dolby Audio, DTS",https://www.amazon.de/dp/B0H848LKT9,43.0,378.0,378.0,EUR,378.0,Amazon,DE,2026-09-23T09:28:25Z,B0H848LKT9,,,,,
Hisense,"Hisense 100U7SE 100 Zoll Mini LED Smart TV, Hi-QLED MiniLED MiniLED Gaming-Modus, 165 Hz nativ, Eingebauter Subwoofer, Hi-View AI Engine Pro, Dolby Vision IQ, Smooth Motion IA, Filmmaker Modus",https://www.amazon.de/dp/B0GR6P7MGV,100.0,2616.91,2616.91,EUR,2616.91,Amazon,DE,2026-09-23T09:28:25Z,B0GR6P7MGV,,,,,
Hisense,"Hisense 55A7KQ Fernseher 139,7 cm (55 Zoll) 4K Ultra HD Smart-TV WiFi Schwarz, Betriebsystem VIDAA U",https://www.amazon.de/dp/B0C43TVGB2,55.0,459.0,459.0,EUR,459.0,Amazon,DE,2026-09-23T09:28:25Z,B0C43TVGB2,,,,,
Hisense,"Hisense Bundle 65E7DS PRO Fernseher 65 Zoll, 4K UHD QLED, Smart TV, Hi-Concerto, 144Hz Game Mode + HS2100, 2.1 Kanal Soundbar, 240W, Dolby Audio, DTS Virtual:X, Ultra-Slim Wireless subwoofer",https://www.amazon.de/dp/B0H87XMBYS,65.0,698.99,698.99,EUR,698.99,Amazon,DE,2026-09-23T09:28:25Z,B0H87XMBYS,,,,,
Hisense,"Hisense 75E7KQ PRO 189cm (75 Zoll) Fernseher, 4K UHD, QLED, Smart TV, HDR, Dolby Vision IQ, 144Hz (VRR), HDMI 2.1, Game Mode PRO, Triple Tuner, Alexa Built-In, Dolby Atmos, Dunkelgrau [2023]",https://www.amazon.de/dp/B0C43WS8C4,75.0,1149.99,1149.99,EUR,1149.99,Amazon,DE,2026-09-23T09:28:25Z,B0C43WS8C4,,,,,
Hisense,"Hisense Bundle 55E7DS Fernseher 55 Zoll, 4K UHD QLED, Smart TV, 60Hz Game Mode Plus + HS2100, 2.1 Kanal Soundbar, 240W max Audio Power,Dolby Audio, DTS Virtual:X, Ultra-Slim Wireless subwoofer",https://www.amazon.de/dp/B0H87BXM9J,55.0,458.0,458.0,EUR,458.0,Amazon,DE,2026-09-23T09:28:25Z,B0H87BXM9J,,,,,
Hisense,"Hisense 85U7S Pro - Mini LED Pro Smart TV 85 Zoll, Hi-QLED MiniLED Pro, Nativer 165Hz Gaming-Modus, 2.1.2 Surround-Sound, Anti-Glare und Blendfrei, IMAX Enhanced, Dolby Vision IQ, HDR 10+",https://www.amazon.de/dp/B0GT2RHKJX,85.0,2376.2,2376.2,EUR,2376.2,Amazon,DE,2026-09-23T09:28:25Z,B0GT2RHKJX,,,,,
Hisense,"Hisense Bundle 75E7DS Fernseher 75 Zoll, 4K UHD QLED, Smart TV, 2026 HS1000, 2.0 Kanal Soundbar, 120W max Audio Power, Dolby Audio, DTS Virtual:X, Voice Enhanced, TV Mode, EzPlay",https://www.amazon.de/dp/B0HF48YFTN,75.0,728.99,728.99,EUR,728.99,Amazon,DE,2026-09-23T09:28:25Z,B0HF48YFTN,,,,,
Hisense,"Hisense Bundle 55E7DS Fernseher 55 Zoll, 4K UHD QLED, Smart TV, 2026 HS1000, 2.0 Kanal Soundbar, 120W max Audio Power, Dolby Audio, DTS Virtual:X, Voice Enhanced, TV Mode, EzPlay",https://www.amazon.de/dp/B0HF47VS4N,55.0,428.0,428.0,EUR,428.0,Amazon,DE,2026-09-23T09:28:25Z,B0HF47VS4N,,,,,
Hisense,"Hisense Bundle 50E7DS PRO Fernseher 50 Zoll, 4K UHD QLED, Smart TV, 2026 HS1000, 2.0 Kanal Soundbar, 120W max Audio Power, Dolby Audio, DTS Virtual:X, Voice Enhanced, TV Mode, EzPlay",https://www.amazon.de/dp/B0HF3YS8BB,50.0,518.99,518.99,EUR,518.99,Amazon,DE,2026-09-23T09:28:25Z,B0HF3YS8BB,,,,,
Hisense,"Hisense Bundle 75E7DS PRO Fernseher 75 Zoll, 4K UHD QLED, Smart TV 2026 HS1000 2.0ch Soundbar, 120 W, Dolby Audio, DTS Virtual:X, EzPlay",https://www.amazon.de/dp/B0HF13PYG3,75.0,968.0,968.0,EUR,968.0,Amazon,DE,2026-09-23T09:28:25Z,B0HF13PYG3,,,,,
Hisense,"Hisense Bundle 75E7DS Fernseher 75 Zoll, 4K UHD QLED, Smart TV, 60Hz Game Mode Plus,+ HS2100, 2.1 Kanal Soundbar, 240W max Audio Power,Dolby Audio, DTS Virtual:X, Ultra-Slim Wireless subwoofer",https://www.amazon.de/dp/B0H87JPCZB,75.0,758.99,758.99,EUR,758.99,Amazon,DE,2026-09-23T09:28:25Z,B0H87JPCZB,,,,,
Hisense,"Hisense Bundle of 65E7NQ Pro 164 cm (65 Zoll) Fernseher, 4K UHD, QLED, Smart TV, Total HDR, Dolby Vision IQ Atmos, 144Hz (VRR), HDMI 2.1, Game Mode PRO, Triple Tuner HS3100",https://www.amazon.de/dp/B0D961KQ6Y,65.0,923.11,923.11,EUR,923.11,Amazon,DE,2026-09-23T09:28:25Z,B0D961KQ6Y,,,,,
Hisense,"Hisense Bundle 50E7DS PRO Fernseher 50 Zoll, 4K UHD QLED, Smart TV, 2026 + HS2000, 2.1 Kanal Soundbar, Visual Built-in subwoofer, 240W max Audio Power,Dolby Audio, DTS Virtual:X, TV Mode, EzPlay",https://www.amazon.de/dp/B0HF4N735X,50.0,538.99,538.99,EUR,538.99,Amazon,DE,2026-09-23T09:28:25Z,B0HF4N735X,,,,,
Hisense,"Hisense 85E77Q, QLED-Fernseher 215 cm (85 Zoll), schwarz, UltraHD/4K, Triple Tuner (85E77Q)",https://www.amazon.de/dp/B0FTGBG7K2,85.0,,,,,Amazon,DE,2026-09-23T09:28:25Z,B0FTGBG7K2,,,,,
Hisense,"Hisense H65N6800 163 cm (65 Zoll) ULED Fernseher (Ultra HD, Triple Tuner, Smart TV)",https://www.amazon.de/dp/B071CSNHYW,65.0,703.62,703.62,EUR,703.62,Amazon,DE,2026-09-23T09:28:25Z,B071CSNHYW,,,,,
Hisense,"Hisense Bundle 100E7DS PRO Fernseher 100 Zoll, 4K UHD QLED, Smart TV [2026] HS1000 2.0ch Soundbar, 120 W, Dolby Audio, DTS Virtual:X, EzPlay",https://www.amazon.de/dp/B0HF172M89,100.0,1668.0,1668.0,EUR,1668.0,Amazon,DE,2026-09-23T09:28:25Z,B0HF172M89,,,,,
Hisense,"Hisense Bundle 85E7DS PRO Fernseher 85 Zoll, 4K UHD QLED, Smart TV [2026] + HS2000, 2.1 Kanal Soundbar, Visual Built-in subwoofer, 240W max Audio Power,Dolby Audio, DTS Virtual:X, TV Mode, EzPlay",https://www.amazon.de/dp/B0HF4DV9RZ,85.0,1395.18,1395.18,EUR,1395.18,Amazon,DE,2026-09-23T09:28:25Z,B0HF4DV9RZ,,,,,
Hisense,"Hisense Bundle 65E7DS Fernseher 65 Zoll, 4K UHD QLED, Smart TV, 2026 HS1000, 2.0 Kanal Soundbar, 120W max Audio Power, Dolby Audio, DTS Virtual:X, Voice Enhanced, TV Mode, EzPlay",https://www.amazon.de/dp/B0HF4QWVXZ,65.0,566.99,566.99,EUR,566.99,Amazon,DE,2026-09-23T09:28:25Z,B0HF4QWVXZ,,,,,
Hisense,"Hisense Bundle 100E7DS PRO Fernseher 100 Zoll, 4K UHD QLED, Smart TV [2026] + HS2000, 2.1 Kanal Soundbar, Visual Built-in subwoofer, 240W max Audio Power,Dolby Audio, DTS Virtual:X, TV Mode",https://www.amazon.de/dp/B0HF4L6LG3,100.0,1688.0,1688.0,EUR,1688.0,Amazon,DE,2026-09-23T09:28:25Z,B0HF4L6LG3,,,,,
Hisense,"Hisense Bundle 85E7DS Fernseher 85 Zoll, 4K UHD QLED, Smart TV, 60Hz Game Mode Plus + HS2100, 2.1 Kanal Soundbar, 240W max Audio Power,Dolby Audio, DTS Virtual:X, Ultra-Slim Wireless subwoofer",https://www.amazon.de/dp/B0H87GH264,85.0,948.99,948.99,EUR,948.99,Amazon,DE,2026-09-23T09:28:25Z,B0H87GH264,,,,,
Hisense,"Hisense 100E77NQ Pro 254cm (100 Zoll) Fernseher, 4K UHD, QLED, Smart TV, Total HDR, Dolby Vision IQ Atmos, 144Hz (VRR), HDMI 2.1, Game Mode PRO, Triple Tuner, Alexa Built-In, Dunkelgrau, [2024]",https://www.amazon.de/dp/B0CXTM89CR,100.0,2440.89,2440.89,EUR,2440.89,Amazon,DE,2026-09-23T09:28:25Z,B0CXTM89CR,,,,,
Hisense,"Hisense 85E77Q PRO, QLED-Fernseher - (215 cm (85 Zoll), schwarz, UltraHD/4K, Tripple Tuner, USB Recording, Time Shift, 144Hz Panel) [Energieklasse E] (20015962)",https://www.amazon.de/dp/B0FTG2M23M,85.0,,,,,Amazon,DE,2026-09-23T09:28:25Z,B0FTG2M23M,,,,,
Hisense,"Hisense 55A79NQ - Smart TV, 55 Zoll, 4K, DVB-T2, HEVC(H.265), Schwarz",https://www.amazon.de/dp/B0DJT1VKW2,55.0,,,,,Amazon,DE,2026-09-23T09:28:25Z,B0DJT1VKW2,,,,,
Hisense,"Hisense Bundle 85E7DS PRO Fernseher 85 Zoll, 4K UHD QLED, Smart TV [2026] HS1000 2.0ch Soundbar, 120 W, Dolby Audio, DTS Virtual:X, EzPlay",https://www.amazon.de/dp/B0HDZXDGGD,85.0,1375.18,1375.18,EUR,1375.18,Amazon,DE,2026-09-23T09:28:25Z,B0HDZXDGGD,,,,,
Hisense,"Hisense Bundle 85E7DS Fernseher 85 Zoll, 4K UHD QLED, Smart TV [2026] + HS2000, 2.1 Kanal Soundbar, Visual Built-in subwoofer, 240W max Audio Power,Dolby Audio, DTS Virtual:X, TV Mode, EzPlay",https://www.amazon.de/dp/B0HF4DC7GB,85.0,938.99,938.99,EUR,938.99,Amazon,DE,2026-09-23T09:28:25Z,B0HF4DC7GB,,,,,
Hisense,"Hisense Bundle 65E7DS Fernseher 65 Zoll, 4K UHD QLED, Smart TV, 2026 + HS2000, 2.1 Kanal Soundbar, Visual Built-in subwoofer, 240W max Audio Power,Dolby Audio, DTS Virtual:X, TV Mode, EzPlay",https://www.amazon.de/dp/B0HF49PMPY,65.0,586.99,586.99,EUR,586.99,Amazon,DE,2026-09-23T09:28:25Z,B0HF49PMPY,,,,,
Hisense,"Hisense Bundle 85E7DS PRO Fernseher 85 Zoll, 4K UHD QLED, Smart TV, Hi-Concerto, 144Hz Game Mode[2026] + HS2100, 2.1 Kanal Soundbar, 240W,Dolby Audio, DTS Virtual:X, Ultra-Slim Wireless subwoofer",https://www.amazon.de/dp/B0H87RTHCQ,85.0,1405.18,1405.18,EUR,1405.18,Amazon,DE,2026-09-23T09:28:25Z,B0H87RTHCQ,,,,,
Hisense,"Hisense Bundle 50E7DS PRO Fernseher 50 Zoll, 4K UHD QLED, Smart TV, Hi-Concerto, 144Hz Game Mode + HS2100, 2.1 Kanal Soundbar, 240W,Dolby Audio, DTS Virtual:X, Ultra-Slim Wireless subwoofer",https://www.amazon.de/dp/B0H87FDP3N,50.0,548.99,548.99,EUR,548.99,Amazon,DE,2026-09-23T09:28:25Z,B0H87FDP3N,,,,,
Hisense,"Hisense 65A85H OLED 164cm (65 Zoll) Fernseher, 4K, HDR, Dolby Vision IQ & Atmos, IMAX Enhanced, Filmmaker Mode, 120Hz, Alexa Built-in, Google Assistant, Game Mode Pro, DTS Virtual X, anthrazit [2022 ]",https://www.amazon.de/dp/B0B534DNNM,65.0,1590.28,1590.28,EUR,1590.28,Amazon,DE,2026-09-23T09:28:25Z,B0B534DNNM,,,,,
Hisense,"Hisense 65U6KQ 164 cm (65 Zoll) Fernseher 4K Mini LED ULED HDR Smart TV, Quantum Dot, 60Hz, HDMI 2.0, Game Mode Plus, Dolby Vision & Atmos, Bluetooth, Alexa Built-in, anthrazit [2023], Schwarz",https://www.amazon.de/dp/B0C5Y4QZ4F,65.0,,,,,Amazon,DE,2026-09-23T09:28:25Z,B0C5Y4QZ4F,,,,,
Hisense,"Hisense Bundle 75E7DS PRO Fernseher 75 Zoll, 4K UHD QLED, Smart TV, Hi-Concerto, 144Hz Game Mode [2026] + HS2100, 2.1 Kanal Soundbar, 240W,Dolby Audio, DTS Virtual:X, Ultra-Slim Wireless subwoofer",https://www.amazon.de/dp/B0H87Q8V42,75.0,998.0,998.0,EUR,998.0,Amazon,DE,2026-09-23T09:28:25Z,B0H87Q8V42,,,,,
Hisense,"Hisense 65UR8S - Mini LED Smart TV RGB 65 Zoll, Hi-View AI Engine RGB, nativer 180 Hz Gaming-Modus, blendfrei und blendfrei, 2.1.2 Surround Sound, IMAX Enhanced, Dolby Vision IQ, HDR10+",https://www.amazon.de/dp/B0GX9S46M2,65.0,1349.0,1349.0,EUR,1349.0,Amazon,DE,2026-09-23T09:28:25Z,B0GX9S46M2,,,,,
Hisense,"Hisense Bundle 50E7DS Fernseher 50 Zoll, 4K UHD QLED, Smart TV, 2026 + HS2000, 2.1 Kanal Soundbar, Visual Built-in subwoofer, 240W max Audio Power,Dolby Audio, DTS Virtual:X, TV Mode, EzPlay",https://www.amazon.de/dp/B0HF3W9Q2Q,50.0,438.0,438.0,EUR,438.0,Amazon,DE,2026-09-23T09:28:25Z,B0HF3W9Q2Q,,,,,
Hisense,"Hisense Bundle 85E7DS Fernseher 85 Zoll, 4K UHD QLED, Smart TV [2026] HS1000, 2.0 Kanal Soundbar, 120W max Audio Power, Dolby Audio, DTS Virtual:X, Voice Enhanced, TV Mode, EzPlay",https://www.amazon.de/dp/B0HF435M9W,85.0,918.99,918.99,EUR,918.99,Amazon,DE,2026-09-23T09:28:25Z,B0HF435M9W,,,,,
Hisense,"Hisense Bundle 65E7DS PRO Fernseher 65 Zoll, 4K UHD QLED, Smart TV 2026 HS1000, 2.0 Kanal Soundbar, 120W max Audio Power, Dolby Audio, DTS Virtual:X, Voice Enhanced, TV Mode, EzPlay",https://www.amazon.de/dp/B0HF4CXHBW,65.0,668.99,668.99,EUR,668.99,Amazon,DE,2026-09-23T09:28:25Z,B0HF4CXHBW,,,,,
Hisense,"Hisense Bundle 65E7DS PRO Fernseher 65 Zoll, 4K UHD QLED, Smart TV, 2026 + HS2000, 2.1 Kanal Soundbar, Visual Built-in subwoofer, 240W max Audio Power,Dolby Audio, DTS Virtual:X, TV Mode, EzPlay",https://www.amazon.de/dp/B0HF4B6PRP,65.0,688.99,688.99,EUR,688.99,Amazon,DE,2026-09-23T09:28:25Z,B0HF4B6PRP,,,,,
Hisense,"Hisense 75A6BG 190cm 75"" 4K LED Smart TV Fernseher",https://www.amazon.de/dp/B09HHN2YBD,75.0,526.95,526.95,EUR,526.95,Amazon,DE,2026-09-23T09:28:25Z,B09HHN2YBD,,,,,
Hisense,"Hisense 85A69K - Smart TV, 85 Zoll, 4K, LED, DVB-T2, HEVC(H.265), Schwarz",https://www.amazon.de/dp/B0DJSZTFWW,85.0,1716.99,1716.99,EUR,1716.99,Amazon,DE,2026-09-23T09:28:25Z,B0DJSZTFWW,,,,,
Hisense,"Hisense Bundle 50E7DS Fernseher 50 Zoll, 4K UHD QLED, Smart TV + HS2100, 2.1 Kanal Soundbar, 240W max Audio Power,Dolby Audio, DTS Virtual:X, Ultra-Slim Wireless subwoofer, TV Mode, EzPlay",https://www.amazon.de/dp/B0H875RS9D,50.0,448.0,448.0,EUR,448.0,Amazon,DE,2026-09-23T09:28:25Z,B0H875RS9D,,,,,
Hisense,"Hisense Bundle 75E7DS Fernseher 75 Zoll, 4K UHD QLED, Smart TV, 2026 + HS2000, 2.1 Kanal Soundbar, Visual Built-in subwoofer, 240W max Audio Power,Dolby Audio, DTS Virtual:X, TV Mode, EzPlay",https://www.amazon.de/dp/B0HF47Z78Y,75.0,748.99,748.99,EUR,748.99,Amazon,DE,2026-09-23T09:28:25Z,B0HF47Z78Y,,,,,
Hisense,HISENSE 65A6K LED-Fernseher 65 Zoll UHD 4K Smart TV,https://www.amazon.de/dp/B0C3RW4YXJ,65.0,,,,,Amazon,DE,2026-09-23T09:28:25Z,B0C3RW4YXJ,,,,,
Hisense,"Hisense Bundle 58E7DS Fernseher 58 Zoll, 4K UHD QLED, Smart TV, 2026 HS1000, 2.0 Kanal Soundbar, 120W max Audio Power, Dolby Audio, DTS Virtual:X, Voice Enhanced, TV Mode, EzPlay",https://www.amazon.de/dp/B0HF4FDDKH,58.0,,,,,Amazon,DE,2026-09-23T09:28:25Z,B0HF4FDDKH,,,,,
Hisense,"Hisense 65A79NQ Smart-TV, 65 Zoll, 4K, DLED, DVB-T2, HEVC(H.265), Schwarz",https://www.amazon.de/dp/B0DJT45V9J,65.0,,,,,Amazon,DE,2026-09-23T09:28:25Z,B0DJT45V9J,,,,,
Hisense,"Hisense 98E7DS Fernseher 98 Zoll, 4K UHD QLED, Smart TV | Hi-View AI Engine, Native 144Hz Game Mode , Dolby Vision IQ, HI-...",https://www.amazon.de/dp/B0H5C879HS,98.0,2399.0,2399.0,EUR,2399.0,Amazon,DE,2026-09-23T09:28:25Z,B0H5C879HS,,,,,
Hisense,"Hisense Bundle 75E7DS PRO Fernseher 75 Zoll, 4K UHD QLED, Smart TV, 2026 + HS2000, 2.1 Kanal Soundbar, Visual Built-in subwoofer, 240W max Audio Power,Dolby Audio, DTS Virtual:X, TV Mode, EzPlay",https://www.amazon.de/dp/B0HF48Q68N,75.0,988.0,988.0,EUR,988.0,Amazon,DE,2026-09-23T09:28:25Z,B0HF48Q68N,,,,,
Hisense,"Hisense Canvas TV QLED 144Hz 55"" 4K 55S7S | Hi-Matte Display, Art Gallery, Audio Tuned by Devialet, VIDAA OS, Dolby Vision...",https://www.amazon.de/dp/B0H3112112,55.0,,,,,Amazon,DE,2026-09-23T09:28:25Z,B0H3112112,,,,,
TCL,"TCL 43SF560 – 43 Zoll, Full HD Smart QLED Direct LED TV mit Fire TV & HDR, Metallic Design, Rahmenlos",https://www.amazon.de/dp/B0F9PQTM25,43.0,,,,,Amazon,DE,2026-09-23T09:28:25Z,B0F9PQTM25,,,,,
Sony,"Sony BRAVIA 3 - Direct LED 43 Zoll Fernseher (K43S32), X-Balanced Speaker, Dolby Vision/Atmos, IMAX Enhanced, Google TV (2025), Google Cast, Apple AirPlay 2, Eco Dashboard 2, Game Menu 2, Smart TV",https://www.amazon.de/dp/B0F4KVZSKW,43.0,489.0,489.0,EUR,489.0,Amazon,DE,2026-09-23T09:28:25Z,B0F4KVZSKW,,,,,
Sony,"Sony BRAVIA 5 XR Mini-LED 55 Zoll Fernseher (K55XR52), AI XR-Prozessor, akustisches Multi-Audio, Dolby Vision/Atmos, IMAX Enhanced, Google TV (2025), Google Cast, Apple AirPlay 2, Game Menu, Smart TV",https://www.amazon.de/dp/B0F4KYR4RT,55.0,949.0,949.0,EUR,949.0,Amazon,DE,2026-09-23T09:28:25Z,B0F4KYR4RT,,,,,
Sony,"Sony BRAVIA 3 - Direct LED 55 Zoll Fernseher (K55S32), X-Balanced Speaker, Dolby Vision/Atmos, IMAX Enhanced, Google TV (2025), Google Cast, Apple AirPlay 2, Eco Dashboard 2, Game Menu 2, Smart TV",https://www.amazon.de/dp/B0F4KXJQ42,55.0,598.9,598.9,EUR,598.9,Amazon,DE,2026-09-23T09:28:25Z,B0F4KXJQ42,,,,,
Sony,"Sony BRAVIA 3 - Direct LED 50 Zoll Fernseher (K50S32), X-Balanced Speaker, Dolby Vision/Atmos, IMAX Enhanced, Google TV (2025), Google Cast, Apple AirPlay 2, Eco Dashboard 2, Game Menu 2, Smart TV",https://www.amazon.de/dp/B0F4KT1F4F,50.0,549.0,549.0,EUR,549.0,Amazon,DE,2026-09-23T09:28:25Z,B0F4KT1F4F,,,,,
Sony,"Sony BRAVIA 8 OLED 55 Zoll 4K HDR Google Smart TV | Gaming Features,IMAX Enhanced, Dolby Vision Atmos, Chromecast, Apple AirPlay, 120Hz 55XR80",https://www.amazon.de/dp/B0D1VTR2M5,55.0,1249.0,1249.0,EUR,1249.0,Amazon,DE,2026-09-23T09:28:25Z,B0D1VTR2M5,,,,,
Sony,"Sony BRAVIA 5 XR Mini-LED 65 Zoll Fernseher (K65XR52), AI XR-Prozessor, akustisches Multi-Audio, Dolby Vision/Atmos, IMAX Enhanced, Google TV (2025), Google Cast, Apple AirPlay 2, Game Menu, Smart TV",https://www.amazon.de/dp/B0F4L1887W,65.0,1099.0,1099.0,EUR,1099.0,Amazon,DE,2026-09-23T09:28:25Z,B0F4L1887W,,,,,
Sony,"Sony BRAVIA 5 XR Mini-LED 85 Zoll Fernseher (K85XR55), AI XR-Prozessor, akustisches Multi-Audio, Dolby Vision/Atmos, IMAX Enhanced, Google TV (2025), Google Cast, Apple AirPlay 2, Game Menu, Smart TV",https://www.amazon.de/dp/B0F4KZW14B,85.0,1799.0,1799.0,EUR,1799.0,Amazon,DE,2026-09-23T09:28:25Z,B0F4KZW14B,,,,,
Sony,"Sony BRAVIA, KD-32W800, 32 Zoll Fernseher, LED, 2K HDR, Android TV, Smart TV",https://www.amazon.de/dp/B0BNW6941F,32.0,328.0,328.0,EUR,328.0,Amazon,DE,2026-09-23T09:28:25Z,B0BNW6941F,,,,,
Sony,"Sony BRAVIA 3II 43-Zoll-Fernseher, 4K-Smart-TV (Google TV), XR Prozessor mit KI-Technologie, 120-Hz-Fernseher mit Dolby Vision/Atmos, PS5-kompatibel, 43XR32M2, Modell 2026",https://www.amazon.de/dp/B0GZQ8F1R6,43.0,769.0,769.0,EUR,769.0,Amazon,DE,2026-09-23T09:28:25Z,B0GZQ8F1R6,,,,,
Sony,"Sony BRAVIA 7 II True RGB Fernseher, 65 Zoll, 4K-Smart-TV (Google TV), RGB-LED, XR Prozessor mit KI-Technologie, 120-Hz-Fernseher mit Dolby Vision/Atmos, PS5-kompatibel, Modell 2026 – Schwarz",https://www.amazon.de/dp/B0H2JSJ8QM,65.0,1999.0,1999.0,EUR,1999.0,Amazon,DE,2026-09-23T09:28:25Z,B0H2JSJ8QM,,,,,
Sony,"Sony BRAVIA 8 II - QD-OLED, AI XR Processor, Acoustic Surface Audio+, Dolby Vision/Atmos, IMAX Enhanced, Google TV (2025), Google Cast, Apple AirPlay 2, Eco Dashboard 2, Game Menu 2 – 55 Zoll",https://www.amazon.de/dp/B0FG465NBM,55.0,1899.0,1899.0,EUR,1899.0,Amazon,DE,2026-09-23T09:28:25Z,B0FG465NBM,,,,,
Sony,"Sony BRAVIA 2 II 43 Zoll Fernseher, 4K Smart TV (Google TV), X1 Prozessor, 4K-Upscaling, Fernseher mit Dolby Atmos und DTS:X, PS5-Kompatibilität, 43S20M2, Modell 2026",https://www.amazon.de/dp/B0GZL6GMFJ,43.0,599.0,599.0,EUR,599.0,Amazon,DE,2026-09-23T09:28:25Z,B0GZL6GMFJ,,,,,
Sony,"Sony BRAVIA, KD-65X80L, 65 Zoll Fernseher, LED, 4K HDR, Google TV, Smart TV, Works with Alexa, BRAVIA CORE, TRILUMINOS PRO, HDMI 2.1, Gaming-Menü mit ALLM",https://www.amazon.de/dp/B0BZSD6QN8,65.0,749.0,749.0,EUR,749.0,Amazon,DE,2026-09-23T09:28:25Z,B0BZSD6QN8,,,,,
Sony,"Sony BRAVIA 6 4K-OLED-Google-TV, 48 Zoll | 120 Hz, Dolby Vision Atmos 2026, Schwarz",https://www.amazon.de/dp/B0HD8R1N66,48.0,1169.0,1169.0,EUR,1169.0,Amazon,DE,2026-09-23T09:28:25Z,B0HD8R1N66,,,,,
Sony,"Sony KDL-50W815B 126cm (50 Zoll) 3D-LED-Backlight-Fernseher (Full HD, 600Hz Motionflow XR, Smart View, DVB-T/T2/C/S/S2, CI+, WLAN, Skype, X-Reality PRO)",https://www.amazon.de/dp/B00IRWKEK4,50.0,300.0,300.0,EUR,300.0,Amazon,DE,2026-09-23T09:28:25Z,B00IRWKEK4,,,,,
Sony,"Sony KDL-49WD755 123 cm (49 Zoll) Fernseher (Full HD, HD Triple Tuner, Smart-TV) silber",https://www.amazon.de/dp/B01DPQ6JDM,49.0,399.0,399.0,EUR,399.0,Amazon,DE,2026-09-23T09:28:25Z,B01DPQ6JDM,,,,,
Sony,"Sony BRAVIA XR, XR-85X90L, 85 Zoll Fernseher, Full Array LED, 4K HDR 120Hz, Google TV, Smart TV, Works with Alexa, mit exklusiven PS5-Features, HDMI 2.1, Gaming-Menü mit ALLM + VRR, 24 + 12M Garantie",https://www.amazon.de/dp/B0BYPHDLWX,85.0,1799.0,1799.0,EUR,1799.0,Amazon,DE,2026-09-23T09:28:25Z,B0BYPHDLWX,,,,,
Sony,"Sony BRAVIA 8 II - QD-OLED, AI XR Processor, Acoustic Surface Audio+, Dolby Vision/Atmos, IMAX Enhanced, Google TV (2025), Google Cast, Apple AirPlay 2, Eco Dashboard 2, Game Menu 2 (65, Zoll)",https://www.amazon.de/dp/B0FQTSJZ9H,65.0,,,,,Amazon,DE,2026-09-23T09:28:25Z,B0FQTSJZ9H,,,,,
Philips,"PHILIPS Ambilight 65PUS8200 4K LED Smart TV - 65 Zoll Display mit Pixel Precise Ultra HD, Titan OS, Dolby Vision und Dolby Atmos Sound",https://www.amazon.de/dp/B0F2N4SKN3,65.0,464.0,464.0,EUR,464.0,Amazon,DE,2026-09-23T09:28:25Z,B0F2N4SKN3,,,,,
Philips,"PHILIPS 50PUS7000 4K LED Smart TV - 50 Zoll Display mit Pixel Precise Ultra HD, Titan OS Plattform und Dolby Atmos Sound - Funktioniert mit Alexa und Google Sprachassistent, 2025",https://www.amazon.de/dp/B0F2N4CQ1S,50.0,314.99,314.99,EUR,314.99,Amazon,DE,2026-09-23T09:28:25Z,B0F2N4CQ1S,,,,,
Hisense,"Hisense 50E7DS Fernseher 50 Zoll, 4K UHD QLED, Smart TV, Hi View AI Engine, 60Hz Game Mode Plus, Dolby Vision IQ, QLED Colour, Filmmaker, Smooth Motion, Airplay, Sprachsteuerung, 2026",https://www.amazon.de/dp/B0GM1R36YW,50.0,349.0,349.0,EUR,349.0,Amazon,DE,2026-09-23T09:28:25Z,B0GM1R36YW,,,,,
Philips,"PHILIPS Ambilight 65MLED910 Mini LED 4K Smart TV - 65 Zoll Display mit P5 Perfect Picture Engine Ultra HD, Titan OS, Dolby Vision Und Dolby Atmos Sound, 2025",https://www.amazon.de/dp/B0F2N7PPP7,65.0,749.0,749.0,EUR,749.0,Amazon,DE,2026-09-23T09:28:25Z,B0F2N7PPP7,,,,,
Xiaomi,"XIAOMI TV S Mini LED 55 Zoll (140 cm), 4K UHD Smart TV, HDR10+, Google TV | 144Hz (240Hz Game Boost Mode), Dolby Atmos & V...",https://www.amazon.de/dp/B0DJM9GBHK,55.0,489.0,489.0,EUR,489.0,Amazon,DE,2026-09-23T09:28:25Z,B0DJM9GBHK,,,,,
Philips,"PHILIPS 55PUS7800 4K QLED Smart TV - 55 Zoll Display mit Pixel Precise Ultra HD, Titan OS Plattform und Dolby Atmos Sound - Funktioniert mit Alexa und Google Sprachassistent",https://www.amazon.de/dp/B0F2N59KGW,55.0,379.99,379.99,EUR,379.99,Amazon,DE,2026-09-23T09:28:25Z,B0F2N59KGW,,,,,
Panasonic,"Panasonic TB-65W61AEZ, W61 Serie, 65 Zoll, 4K Ultra HD LED Smart TV, 2025, TiVo, Dolby Vision & Atmos, Game Mode Plus, Alexa & Google Sprachsteuerung, Schwarz",https://www.amazon.de/dp/B0F94HB79V,65.0,569.0,569.0,EUR,569.0,Amazon,DE,2026-09-23T09:28:25Z,B0F94HB79V,,,,,
Philips,"PHILIPS Ambilight 55PUS8600 4K QLED Smart TV - 55 Zoll Display mit P5 Perfect Picture Engine Ultra HD, Titan OS, Dolby Vision und Dolby Atmos Sound",https://www.amazon.de/dp/B0F2N63FSG,55.0,,,,,Amazon,DE,2026-09-23T09:28:25Z,B0F2N63FSG,,,,,
Hisense,"Hisense 43E7Q Fehrnseher, 43 Zoll, 4K UHD QLED, Smart TV, Game Mode Plus, Filmaker Mode, Dolby Vision Atmos, HDR10, HLG, HDR Immersive, AI 4K Upscaler, Dolby MS12, DTS X, Sprachsteuerung [2025]",https://www.amazon.de/dp/B0F1MSX2W7,43.0,,,,,Amazon,DE,2026-09-23T09:28:25Z,B0F1MSX2W7,,,,,
Toshiba,Toshiba 50UV3463DAW Fernseher 50 Zoll VIDAA Smart TV mit 4K UHD Auflösung | Dolby Vision HDR | 3x HDMI | 2x USB | Dolby Au...,https://www.amazon.de/dp/B0CW21QHGR,50.0,314.0,314.0,EUR,314.0,Amazon,DE,2026-09-23T09:28:25Z,B0CW21QHGR,,,,,
Philips,"PHILIPS 40PFS6000 HD LED Smart TV - 40 Zoll Display mit Pixel Plus, Titan OS Plattform Und Dolby Digital Sound - Funktioniert Mit Alexa Und Google Sprachassistent",https://www.amazon.de/dp/B0F2N4WSJ9,40.0,268.95,268.95,EUR,268.95,Amazon,DE,2026-09-23T09:28:25Z,B0F2N4WSJ9,,,,,
LG,"LG 75UA75006LA TV 75 Zoll (190 cm) 4K UHD AI TV (α7 Gen8 4K AI Prozessor, webOS 25, 60Hz) [Modelljahr 2025]",https://www.amazon.de/dp/B0F2GHCHXJ,75.0,679.0,679.0,EUR,679.0,Amazon,DE,2026-09-23T09:28:25Z,B0F2GHCHXJ,,,,,
Hisense,"Hisense 32S5Q Deco TV, 800 Mm, 32 Zoll, FHD QLED, HDR10, Dolby Atmos, Colour, 60Hz, DVB T2 und C und S2 Tuner, WiFi, HDMI, Gallerie Mode, Rauschreduzierung, DTS Virtual, X, 2025",https://www.amazon.de/dp/B0FSLMYL4W,32.0,224.0,224.0,EUR,224.0,Amazon,DE,2026-09-23T09:28:25Z,B0FSLMYL4W,,,,,
Xiaomi,"XIAOMI TV FX Mini LED 43"" QD Mini LED Smart TV, 4K UHD, Fire TV, HDR10+, 2026",https://www.amazon.de/dp/B0H26RB46K,43.0,349.0,349.0,EUR,349.0,Amazon,DE,2026-09-23T09:28:25Z,B0H26RB46K,,,,,
Philips,"PHILIPS Ambilight 75PUS8500 4K LED Smart TV - 75 Zoll Display mit Pixel Precise Ultra HD, Titan OS, Dolby Vision und Dolby Atmos Sound",https://www.amazon.de/dp/B0F24XGFPR,75.0,,,,,Amazon,DE,2026-09-23T09:28:25Z,B0F24XGFPR,,,,,
Xiaomi,"XIAOMI TV MAX 100 Zoll (254 cm) QLED 4K UHD Smart TV, Dolby Atmos & Vision | 144Hz (240Hz Game Boost Mode), Dolby Atmos & ...",https://www.amazon.de/dp/B0DJM91FMC,100.0,1999.0,1999.0,EUR,1999.0,Amazon,DE,2026-09-23T09:28:25Z,B0DJM91FMC,,,,,
Philips,"PHILIPS 32PFS6900 HD LED Smart TV - 32 Zoll Display mit Pixel Plus, Titan OS Plattform Und Dolby Digital Sound - Funktioniert Mit Alexa Und Google Sprachassistent",https://www.amazon.de/dp/B0F2N4D1LL,32.0,,,,,Amazon,DE,2026-09-23T09:28:25Z,B0F2N4D1LL,,,,,
Samsung,"3M Ersatz Samsung TV Netzkabel Stromkabel C7 Eurostecker für Samsung Fernseher(24"",28"",32"",43"",55"",65"",75"",UN43,UN48, 2-poliges Netzkabel für Philips Sony LG Panasonic TV -Schwarz",https://www.amazon.de/dp/B0H1LRF2R9,24.0,7.99,7.99,EUR,7.99,Amazon,DE,2026-09-23T09:28:25Z,B0H1LRF2R9,,,,,
Hisense,"Hisense 75E6NT 189cm (75 Zoll) Fernseher, 4K UHD Smart TV, Precision Colour, HDR, Dolby Vision, 60Hz, Triple Tuner DVB-C/S/S2/T/T2, WiFi, HDMI 2.1, Bluetooth, Alexa Built-in, Schwarz, [2024]",https://www.amazon.de/dp/B0D35HF194,75.0,,,,,Amazon,DE,2026-09-23T09:28:25Z,B0D35HF194,,,,,
Panasonic,"Panasonic TV-65Z80AEZ, Z80 Serie 65 Zoll 4K Ultra HD OLED Smart TV, 2024, Fire TV, Dolby Vision & Atmos, Game Mode Extreme, Alexa Sprachsteuerung, Airplay, Schwarz",https://www.amazon.de/dp/B0DJCXKT2B,65.0,1339.99,1339.99,EUR,1339.99,Amazon,DE,2026-09-23T09:28:25Z,B0DJCXKT2B,,,,,
Samsung,Samsung UE43CU7172,https://www.amazon.de/dp/B0C279SDLR,43.0,298.99,298.99,EUR,298.99,Amazon,DE,2026-09-23T09:28:25Z,B0C279SDLR,,,,,
Hisense,"Hisense 85U7Q Pro Fernseher 85 Zoll, 4K Mini LED, Smart TV, Hi-View AI Engine Pro, 165Hz Game Mode Ultra, FreeSync Premium Pro, 2.1.2 ch. Surround Sound, Dolby Vision IQ Atmos, Sprachsteuerung [2025]",https://www.amazon.de/dp/B0F24CKN33,85.0,,,,,Amazon,DE,2026-09-23T09:28:25Z,B0F24CKN33,,,,,
Philips,"PHILIPS Ambilight 48OLED759 4K OLED Smart TV - 48-Zoll Display mit P5 AI Perfect Picture Ultra HD, Titan OS, Dolby Vision und Dolby Atmos Sound - Funktioniert mit Alexa und Google Sprachassistent",https://www.amazon.de/dp/B0D2JFJWPS,48.0,799.0,799.0,EUR,799.0,Amazon,DE,2026-09-23T09:28:25Z,B0D2JFJWPS,,,,,
Sony,"Sony BRAVIA | XR-85X90L | Full Array LED | 4K HDR | Google TV HT-S40R - 5.1.-Kanal-Soundbar, Schwarz",https://www.amazon.de/dp/B0C85LZTYT,85.0,2058.0,2058.0,EUR,2058.0,Amazon,DE,2026-09-23T09:28:25Z,B0C85LZTYT,,,,,
Sony,"Sony BRAVIA | KD-50X75WL | LED | 4K HDR | Google TV HT-S40R - 5.1.-Kanal-Soundbar, Schwarz",https://www.amazon.de/dp/B0C85LZVK1,50.0,908.99,908.99,EUR,908.99,Amazon,DE,2026-09-23T09:28:25Z,B0C85LZVK1,,,,,
Panasonic,"Panasonic TN-65W70AEZ, W70-Serie 65 Zoll 4K Ultra HD LED Smart TV, 2024, Google Assistant, Chromecast, Dolby Vision & Atmos, Gaming-Modus, Bluetooth, für EIN außergewöhnliches visuelles Erlebnis",https://www.amazon.de/dp/B0D9MHLNXF,65.0,724.88,724.88,EUR,724.88,Amazon,DE,2026-09-23T09:28:25Z,B0D9MHLNXF,,,,,
Sony,"Sony BRAVIA XR, XR-85X90L, 85 Zoll Fernseher, Full ArrayandSony HT-A3000 3.1-Kanal Dolby Atmos Soundbar Set",https://www.amazon.de/dp/B0C85KH7J3,85.0,2210.25,2210.25,EUR,2210.25,Amazon,DE,2026-09-23T09:28:25Z,B0C85KH7J3,,,,,
Samsung,"Samsung The Frame LS03F 4K QLED 43 Zoll (108 cm) UHD, NQ4 AI Gen2 Prozessor, Art Mode, Artful Picture Quality, One Connect Kabel, 2025",https://www.amazon.de/dp/B0F62PWHH9,43.0,569.0,569.0,EUR,569.0,Amazon,DE,2026-09-23T09:28:25Z,B0F62PWHH9,,,,,
Samsung,"Samsung Full HD TV 24F6000 24 Zoll (61cm) Fernseher, Smart-TV inkl WLAN, HDR 10+, Triple Tuner, UE24F6000FU [2025] [Länderversion Niederländisch]",https://www.amazon.de/dp/B0FV3GPLK5,24.0,189.99,189.99,EUR,189.99,Amazon,DE,2026-09-23T09:28:25Z,B0FV3GPLK5,,,,,
Samsung,"Samsung LED Smart TV UE32H5002F, 80 cm, HD, HDR, Class F, Model 2025",https://www.amazon.de/dp/B0FBMDBDWN,32.0,229.9,229.9,EUR,229.9,Amazon,DE,2026-09-23T09:28:25Z,B0FBMDBDWN,,,,,
Samsung,"Samsung The Frame LS03F 4K QLED 55 Zoll (138 cm) UHD, NQ4 AI Gen2 Prozessor, Art Mode, Artful Picture Quality, One Connect Kabel, Smart TV, 2025",https://www.amazon.de/dp/B0F62PYDZ6,55.0,786.02,786.02,EUR,786.02,Amazon,DE,2026-09-23T09:28:25Z,B0F62PYDZ6,,,,,
Samsung,"Samsung M70H Mini LED 4K 65 Zoll (163 cm) UHD, HDR, Motion Xcelerator 144Hz, AI Companion, 900 Sender, Smart TV, GU65M70HAU, 2026",https://www.amazon.de/dp/B0GXZPQL27,65.0,666.0,666.0,EUR,666.0,Amazon,DE,2026-09-23T09:28:25Z,B0GXZPQL27,,,,,
Samsung,"Samsung Crystal U7099H 4K 65 Zoll (163 cm), UHD Fernseher, AI Companion für Deine Fragen, 4K Upscaling, Dynamik Sound Pack für Premium-Sounderlebnis, Gaming Hub, kostenlos 900 Sender, Smart AI TV",https://www.amazon.de/dp/B0GXZJZ45C,65.0,629.0,629.0,EUR,629.0,Amazon,DE,2026-09-23T09:28:25Z,B0GXZJZ45C,,,,,
Samsung,"Samsung Mini LED M70H 4K 55 Zoll (138 cm), UHD Fernseher, Mini LED HDR für beeindruckende Details, Motion Xcelerator 144Hz, Dynamik Sound Pack, AI Companion für Fragen, kostenlos 900 Sender, Smart TV",https://www.amazon.de/dp/B0GXZM4648,55.0,529.0,529.0,EUR,529.0,Amazon,DE,2026-09-23T09:28:25Z,B0GXZM4648,,,,,
Samsung,"Samsung Mini LED M80H 4K 65 Zoll (163 cm), UHD Fernseher, Mini LED HDR für beeindruckende Details, Motion Xcelerator 144Hz, AI Fußballmodus, Dynamik Sound Pack, AI Companion für deine Fragen, Smart TV",https://www.amazon.de/dp/B0GXZTJG1Y,65.0,799.9,799.9,EUR,799.9,Amazon,DE,2026-09-23T09:28:25Z,B0GXZTJG1Y,,,,,
Samsung,"Samsung Neo QLED QN80H 4K 50 Zoll (125 cm), UHD Fernseher, Quantum-Mini-LED für ultrafeine Kontraste, 4K AI Upscaling, Adaptive Sound Pro, Gaming Hub, AI Companion für Deine Fragen, AI Gen 2 Smart TV",https://www.amazon.de/dp/B0GXZJ32FC,50.0,799.0,799.0,EUR,799.0,Amazon,DE,2026-09-23T09:28:25Z,B0GXZJ32FC,,,,,
LG,"LG OLED65G59LS TV 65 Zoll (165 cm) 4K OLED evo AI TV (α11 Gen2 4K AI Prozessor, webOS 25, 120Hz (VRR bis zu 165Hz)) [Modelljahr 2025]",https://www.amazon.de/dp/B0F2JBGW18,65.0,1599.0,1599.0,EUR,1599.0,Amazon,DE,2026-09-23T09:28:25Z,B0F2JBGW18,,,,,
LG,"LG 75NANO80A6B TV 75 Zoll (190 cm) 4K NanoCell AI TV (α7 Gen8 4K AI Prozessor, webOS 25, 60Hz) [Modelljahr 2025]",https://www.amazon.de/dp/B0F2GYMG62,75.0,575.0,575.0,EUR,575.0,Amazon,DE,2026-09-23T09:28:25Z,B0F2GYMG62,,,,,
LG,"LG TV 43 Zoll (108 cm) 4K UHD AI TV 2025 (α7 Gen8 4K AI Prozessor, webOS 25, 60Hz) 43UA73006LA",https://www.amazon.de/dp/B0F2GH8L49,43.0,317.71,317.71,EUR,317.71,Amazon,DE,2026-09-23T09:28:25Z,B0F2GH8L49,,,,,
LG,"LG TV 50 Zoll (127 cm) 4K UHD AI TV 2025 (α7 Gen8 4K AI Prozessor, webOS 25, 60Hz) 50UA73006LA",https://www.amazon.de/dp/B0F3XS2DM8,50.0,319.0,319.0,EUR,319.0,Amazon,DE,2026-09-23T09:28:25Z,B0F3XS2DM8,,,,,
LG,LG TV AI NANO81 (2025) 86 Zoll NanoCell UHD 4K - 86NANO81A6A,https://www.amazon.de/dp/B0F2GGYGH4,86.0,959.0,959.0,EUR,959.0,Amazon,DE,2026-09-23T09:28:25Z,B0F2GGYGH4,,,,,
LG,"LG OLED48C54LA TV 48 Zoll (121 cm) 4K OLED evo AI TV (α9 Gen8 4K AI Prozessor, webOS 25, 120Hz (VRR bis zu 144Hz)) [Modelljahr 2025] [Energieklasse G]",https://www.amazon.de/dp/B0FQP2W4Z4,48.0,1213.18,1213.18,EUR,1213.18,Amazon,DE,2026-09-23T09:28:25Z,B0FQP2W4Z4,,,,,
LG,"LG OLED65C6ELB TV 65 Zoll (165 cm) 4K OLED evo AI TV (α11 Gen3 4K AI Prozessor, webOS 26, 120Hz (VRR bis zu 165Hz)) [Modelljahr 2026] [Energieklasse F]",https://www.amazon.de/dp/B0GSGWPS8Z,65.0,1499.0,1499.0,EUR,1499.0,Amazon,DE,2026-09-23T09:28:25Z,B0GSGWPS8Z,,,,,
LG,"LG 43QNED7EB3C TV 43 Zoll, 1090 Mm, 4K QNED Mini LED AI, α7 Gen9 Prozessor, webOS 26, 60Hz, VRR, Modelljahr 2026",https://www.amazon.de/dp/B0GSGYGTY8,43.0,369.0,369.0,EUR,369.0,Amazon,DE,2026-09-23T09:28:25Z,B0GSGYGTY8,,,,,
LG,"LG 55QNED83B6A 4K QNED Evo Mini LED AI TV, 55 Zoll, α8 Gen3 Prozessor, webOS 26, 120Hz, VRR bis zu 144Hz, Modelljahr 2026, Energieklasse F",https://www.amazon.de/dp/B0GSH9Z1JM,55.0,677.49,677.49,EUR,677.49,Amazon,DE,2026-09-23T09:28:25Z,B0GSH9Z1JM,,,,,
LG,LG TV QNED Evo (2026) 55 Zoll QNED MiniLED 4K UHD - 55QNED81B6A.AEU,https://www.amazon.de/dp/B0H1JJCFHR,55.0,571.15,571.15,EUR,571.15,Amazon,DE,2026-09-23T09:28:25Z,B0H1JJCFHR,,,,,
TCL,"TCL 43T6C 43 Zoll QLED Fernseher, 4K UHD Fire TV, HDR10+, Dolby Vision & Atmos, Smart TV mit Sprachsteuerung mit Alexa, Google Cast & AirPlay 2",https://www.amazon.de/dp/B0DW98NN53,43.0,259.0,259.0,EUR,259.0,Amazon,DE,2026-09-23T09:28:25Z,B0DW98NN53,,,,,
TCL,"TCL 85Q6C 85 Zoll QD-Mini LED Fernseher, 4K HDR Premium 1000nits, Smart TV mit Google TV (Dolby Vision IQ & Atmos, Onkyo 2.1 Soundsystem, 144Hz Motion Clarity Pro, Game Master)",https://www.amazon.de/dp/B0DXQ5VTVK,85.0,1199.0,1199.0,EUR,1199.0,Amazon,DE,2026-09-23T09:28:25Z,B0DXQ5VTVK,,,,,
TCL,"TCL 55Q7D Pro SQD-Mini LED 55 Zoll Fernseher, 4K Smart TV, Google TV | 480 Dimming-Zonen, 2000 Nits Spitzenhelligkeit, Dol...",https://www.amazon.de/dp/B0GXKS5GXL,55.0,799.0,799.0,EUR,799.0,Amazon,DE,2026-09-23T09:28:25Z,B0GXKS5GXL,,,,,
TCL,"TCL 65C8L SQD-Mini LED 65 Zoll Fernseher, 4K Smart TV, Google TV, HDR10+ | 2040 Dimming-Zonen, 5000 Nits Spitzenhelligkei...",https://www.amazon.de/dp/B0GTZLF677,65.0,1489.0,1489.0,EUR,1489.0,Amazon,DE,2026-09-23T09:28:25Z,B0GTZLF677,,,,,
TCL,"TCL 55T8D QD-Mini LED 55 Zoll Fernseher, 4K Smart TV, Google TV, 144 Hz | FreeSync Premium, Game Master, Dolby Vision, HDR...",https://www.amazon.de/dp/B0GR9JWH4T,55.0,579.0,579.0,EUR,579.0,Amazon,DE,2026-09-23T09:28:25Z,B0GR9JWH4T,,,,,
TCL,"TCL 75T8D QD-Mini LED 75 Zoll Fernseher, 4K Smart TV, Google TV, 144 Hz | FreeSync Premium, Game Master, Dolby Vision, HDR...",https://www.amazon.de/dp/B0GR9GFMCD,75.0,899.0,899.0,EUR,899.0,Amazon,DE,2026-09-23T09:28:25Z,B0GR9GFMCD,,,,,
TCL,"TCL 85Q7D Pro SQD-Mini LED 85 Zoll Fernseher, 4K Smart TV, Google TV | 1056 Dimming-Zonen, 2000 Nits Spitzenhelligkeit, Do...",https://www.amazon.de/dp/B0GXKSVDW9,85.0,1899.0,1899.0,EUR,1899.0,Amazon,DE,2026-09-23T09:28:25Z,B0GXKSVDW9,,,,,
TCL,"TCL 65T6C 65 Zoll QLED Fernseher, 4K UHD Fire TV, HDR10+, Dolby Vision & Atmos, Smart TV mit Sprachsteuerung mit Alexa, Google Cast & AirPlay 2",https://www.amazon.de/dp/B0DW96CFKL,65.0,439.0,439.0,EUR,439.0,Amazon,DE,2026-09-23T09:28:25Z,B0DW96CFKL,,,,,
TCL,"TCL Smart TV QLED 40S5L, 100 cm, Full HD, Smart Android TV, Class F, Model 2026",https://www.amazon.de/dp/B0HFWYW3WN,40.0,269.99,269.99,EUR,269.99,Amazon,DE,2026-09-23T09:28:25Z,B0HFWYW3WN,,,,,
TCL,"TCL 65 Zoll A400U 4K QD LED-Mini-TV, 576 Dimmzonen, 2500 Nits, Google TV, 288 Hz VRR für Spiele.",https://www.amazon.de/dp/B0H3KQR6NF,65.0,1098.0,1098.0,EUR,1098.0,Amazon,DE,2026-09-23T09:28:25Z,B0H3KQR6NF,,,,,
TCL,"TCL Smart TV QLED 50S5L, 126 cm, Full HD, Smart Android TV, Class F, Model 2026",https://www.amazon.de/dp/B0HHRYP3KK,50.0,399.0,399.0,EUR,399.0,Amazon,DE,2026-09-23T09:28:25Z,B0HHRYP3KK,,,,,
Hisense,"Hisense 50E7Q PRO Fehrnseher,50 Zoll, 4K UHD QLED, Smart TV,144Hz Game Mode PRO,Filmaker Mode, AMD FreeSync Premium,AI HDR Upscaler,Dolby Vision IQ,Dolby Atmos,Sprachsteuerung [2025]",https://www.amazon.de/dp/B0FFH8CWBK,50.0,478.49,478.49,EUR,478.49,Amazon,DE,2026-09-23T09:28:25Z,B0FFH8CWBK,,,,,
Hisense,"Hisense 65E7Q PRO Fehrnseher,65 Zoll, 4K UHD QLED, Smart TV,144Hz Game Mode PRO,Filmaker Mode, AMD FreeSync Premium,AI HDR Upscaler,Dolby Vision IQ,Dolby Atmos,Sprachsteuerung [2025]",https://www.amazon.de/dp/B0F1N62VSW,65.0,,,,,Amazon,DE,2026-09-23T09:28:25Z,B0F1N62VSW,,,,,
Hisense,"Hisense 32A5Q Fehrnseher, 32 Zoll, 2K QLED, Smart TV, Game Mode, AI Sports Mode, Dolby Atmos, Dolby MS12, DTS X, HDR10, HLG, Full HD, High Contrast, Rauschunterdrückung [2025]",https://www.amazon.de/dp/B0F2MZRGGH,32.0,205.99,205.99,EUR,205.99,Amazon,DE,2026-09-23T09:28:25Z,B0F2MZRGGH,,,,,
Hisense,"Hisense 32A5DS Fernseher 32 Zoll, FHD, QLED, Smart TV, 60Hz, Hi-QLED Colour, Dolby Atmos, Game Mode, Noise Reduction, Hohe Kontraste, Share to TV, HDR10, VIDAA OS",https://www.amazon.de/dp/B0GYZMPVXG,32.0,234.99,234.99,EUR,234.99,Amazon,DE,2026-09-23T09:28:25Z,B0GYZMPVXG,,,,,
Hisense,"Hisense 43E6DS Fernseher 43 Zoll, 4K UHD Smart TV, Hi View AI Engine, 60Hz Game Mode Plus, Dolby Vision, 4K Upscaler, DTS Virtual, X, Smooth Motion, Airplay, Sprachsteuerung, 2026",https://www.amazon.de/dp/B0GTB8LFKS,43.0,269.0,269.0,EUR,269.0,Amazon,DE,2026-09-23T09:28:25Z,B0GTB8LFKS,,,,,
Hisense,"Hisense 75E7DS Fernseher 75 Zoll, 4K UHD QLED, Smart TV, Hi View AI Engine, 60Hz Game Mode Plus, Dolby Vision IQ, QLED Colour, Filmmaker, Smooth Motion, Airplay, Sprachsteuerung, 2026",https://www.amazon.de/dp/B0GM1S9LV7,75.0,659.99,659.99,EUR,659.99,Amazon,DE,2026-09-23T09:28:25Z,B0GM1S9LV7,,,,,
Hisense,"Hisense 55U7DS PRO Fernseher 55 Zoll, 4K UHD, Hi QLED Mini LED, Smart TV, 165 Hz, View AI Engine, IMAX Enhanced, RGB Lichtsensor, Dolby Vision Atmos, Unibody Slim, FreeSync Premium, 2026",https://www.amazon.de/dp/B0GTW3RM81,55.0,799.0,799.0,EUR,799.0,Amazon,DE,2026-09-23T09:28:25Z,B0GTW3RM81,,,,,
Hisense,"Hisense 75U7DSE Fernseher 75 Zoll, 4K UHD, Hi-QLED Mini LED, Smart TV, 144Hz, Hi-View AI Engine, IMAX Enhanced, AI Lichtsensor, Dolby Vision.Atmos, Tuned by DeVialet, FreeSync Premium Pro [2026]",https://www.amazon.de/dp/B0GTVXDJ2B,75.0,1111.0,1111.0,EUR,1111.0,Amazon,DE,2026-09-23T09:28:25Z,B0GTVXDJ2B,,,,,
Sony,"Sony BRAVIA 3 - Direct LED 65 Zoll Fernseher (K65S32), X-Balanced Speaker, Dolby Vision/Atmos, IMAX Enhanced, Google TV (2025), Google Cast, Apple AirPlay 2, Eco Dashboard 2, Game Menu 2, Smart TV",https://www.amazon.de/dp/B0F4KX8CK4,65.0,749.0,749.0,EUR,749.0,Amazon,DE,2026-09-23T09:28:25Z,B0F4KX8CK4,,,,,
Sony,"Sony BRAVIA 2II 55 Zoll Fernseher, 4K Smart TV (Google TV), X1 Prozessor, 4K-Upscaling, Fernseher mit Dolby Atmos und DTS:X, PS5-Kompatibilität, 55S20M2, Modell 2026",https://www.amazon.de/dp/B0GZL1BLJ9,55.0,799.0,799.0,EUR,799.0,Amazon,DE,2026-09-23T09:28:25Z,B0GZL1BLJ9,,,,,
Sony,"Sony BRAVIA 3II 55-Zoll-Fernseher, 4K-Smart-TV (Google TV), XR Prozessor mit KI-Technologie, 120-Hz-Fernseher mit Dolby Vision/Atmos, PS5-kompatibel, 55XR32M2, Modell 2026",https://www.amazon.de/dp/B0GZPV9JS8,55.0,949.99,949.99,EUR,949.99,Amazon,DE,2026-09-23T09:28:25Z,B0GZPV9JS8,,,,,
Sony,"Sony BRAVIA 6 4K-OLED-Google-TV, 65 Zoll | 120 Hz, Dolby Vision Atmos 2026, Schwarz",https://www.amazon.de/dp/B0HD87B246,65.0,1799.0,1799.0,EUR,1799.0,Amazon,DE,2026-09-23T09:28:25Z,B0HD87B246,,,,,
Sony,"Sony BRAVIA 3II 75-Zoll-Fernseher, 4K-Smart-TV (Google TV), XR Prozessor mit KI-Technologie, 120-Hz-Fernseher mit Dolby Vision/Atmos, PS5-kompatibel, 75XR32M2, Modell 2026",https://www.amazon.de/dp/B0GZQ9F4Y3,75.0,1499.0,1499.0,EUR,1499.0,Amazon,DE,2026-09-23T09:28:25Z,B0GZQ9F4Y3,,,,,
Sony,"Sony BRAVIA 7 II True RGB Fernseher, 55 Zoll, 4K-Smart-TV (Google TV), RGB-LED, XR Prozessor mit KI-Technologie, 120-Hz-Fernseher mit Dolby Vision/Atmos, PS5-kompatibel, Modell 2026 – Schwarz",https://www.amazon.de/dp/B0H2JXW744,55.0,1799.0,1799.0,EUR,1799.0,Amazon,DE,2026-09-23T09:28:25Z,B0H2JXW744,,,,,
Samsung,"Samsung The Frame LS03H 4K 43 Zoll (108 cm), UHD Fernseher, Art Mode mit wechselnen Kunstwerken, wandbündiges Built-in Design, Antireflexion mit Glare Free, QLED-Bildqualität, Dolby Atmos, Smart AI TV",https://www.amazon.de/dp/B0GXZN5KXG,43.0,869.99,869.99,EUR,869.99,Amazon,DE,2026-09-23T09:28:25Z,B0GXZN5KXG,,,,,
Samsung,"Samsung The Frame LS03H 4K 65 Zoll (163 cm), UHD Fernseher, Art Mode mit wechselnden Kunstwerken, Wireless One Connect Box, Antireflexion mit Glare Free, QLED-Bildqualität, Dolby Atmos, Smart AI TV",https://www.amazon.de/dp/B0GXZBG1KF,65.0,1619.0,1619.0,EUR,1619.0,Amazon,DE,2026-09-23T09:28:25Z,B0GXZBG1KF,,,,,
Samsung,"Samsung TV The Frame Pro LS03HW 165 cm (65 Zoll), 4K Smart TV IA und | Blendfreies Display, kabelloses Design, Kunstgaleri...",https://www.amazon.de/dp/B0GKPQK57W,65.0,1530.18,1530.18,EUR,1530.18,Amazon,DE,2026-09-23T09:28:25Z,B0GKPQK57W,,,,,
Samsung,"Samsung The Frame LS03F 4K QLED 43 Zoll (108 cm) UHD Fernseher, Modern Frame Design, NQ4 AI Gen2 Prozessor, Art Mode, Artful Picture Quality, One Connect Kabel, Sams...[Länderversion Ungarisch]",https://www.amazon.de/dp/B0FM8KGRQW,43.0,639.81,639.81,EUR,639.81,Amazon,DE,2026-09-23T09:28:25Z,B0FM8KGRQW,,,,,
Samsung,"Samsung QLED 4K Fernseher The Frame 43 Zoll, Samsung TV mit mattem Display und austauschbarem Rahmen, Art Mode, Smart TV, GQ43LS03DAUXZG, Deutsches Modell [2024]",https://www.amazon.de/dp/B0CZS4H87H,43.0,699.0,699.0,EUR,699.0,Amazon,DE,2026-09-23T09:28:25Z,B0CZS4H87H,,,,,
Samsung,"Samsung 65"" LS03HA The Frame 4K QLED TV – Tavellik-Design, 144 Hz, KI-Prozessor, Art Mode",https://www.amazon.de/dp/B0H3KR8S4P,65.0,1657.34,1657.34,EUR,1657.34,Amazon,DE,2026-09-23T09:28:25Z,B0H3KR8S4P,,,,,
Samsung,"5 m / 16 ft BN39-02470A The Frame One Connect Kabel kompatibel mit Samsung Frame TV LS03FA, LS03DA, LS03BA, LS03AA, LS03RA und LS03TA QLED 4K Art Smart TVs (nicht kompatibel mit 32-Zoll-Fernsehern).",https://www.amazon.de/dp/B0DG5KVTFP,32.0,90.0,90.0,EUR,90.0,Amazon,DE,2026-09-23T09:28:25Z,B0DG5KVTFP,,,,,
LG,"LG 50NU8E0B3LA TV 50 Zoll (127 cm) Nano 4K UHD TV (α7 Gen9 4K AI Prozessor, webOS 26, 60Hz (VRR bis zu 60Hz)) [Modelljahr 2026] [Energieklasse F]",https://www.amazon.de/dp/B0GSRXF51X,50.0,349.0,349.0,EUR,349.0,Amazon,DE,2026-09-23T09:28:25Z,B0GSRXF51X,,,,,
LG,"LG 50NU800B3LC Nano 4K UHD TV, 50 Zoll, α7 Gen9 4K AI Prozessor, webOS 26, 60Hz, VRR bis zu 60Hz, Modelljahr 2026, Energieklasse F",https://www.amazon.de/dp/B0HDYZB42R,50.0,399.99,399.99,EUR,399.99,Amazon,DE,2026-09-23T09:28:25Z,B0HDYZB42R,,,,,
LG,"LG 43NU800B3LC Nano 4K UHD TV, 43 Zoll, α7 Gen9 4K AI Prozessor, webOS 26, 60Hz, VRR bis zu 60Hz, Modelljahr 2026, Energieklasse F",https://www.amazon.de/dp/B0HDZ6LQL8,43.0,349.0,349.0,EUR,349.0,Amazon,DE,2026-09-23T09:28:25Z,B0HDZ6LQL8,,,,,
LG,LG UHD TV AI 2026 | 43NU80 | 43 Zoll (108 cm),https://www.amazon.de/dp/B0GTRJ4LRS,43.0,,,,,Amazon,DE,2026-09-23T09:28:25Z,B0GTRJ4LRS,,,,,
LG,"LG 55NU800B3LC Nano 4K UHD TV, 55 Zoll, α7 Gen9 4K AI Prozessor, webOS 26, 60Hz, VRR bis zu 60Hz, Modelljahr 2026, Energieklasse F",https://www.amazon.de/dp/B0HGRXT24R,55.0,469.99,469.99,EUR,469.99,Amazon,DE,2026-09-23T09:28:25Z,B0HGRXT24R,,,,,
LG,"LG 85NU850B6LA 85 Zoll (216 cm) 4K UHD LED AI Smart TV | Alpha 5 AI Prozessor, 4K AI Upscaling, webOS mit ThinQ, HDR10 Pr...",https://www.amazon.de/dp/B0H19FG4ZG,85.0,1099.0,1099.0,EUR,1099.0,Amazon,DE,2026-09-23T09:28:25Z,B0H19FG4ZG,,,,,
LG,"LG 50NU850B6LA 50 Zoll (127 cm) 4K UHD LED AI Smart TV | Alpha 5 AI Prozessor, 4K AI Upscaling, webOS mit ThinQ, HDR10 Pr...",https://www.amazon.de/dp/B0H19L9W71,50.0,366.61,366.61,EUR,366.61,Amazon,DE,2026-09-23T09:28:25Z,B0H19L9W71,,,,,
LG,"LG 65UR78006LK 165 cm (65 Zoll) UHD Fernseher (Active HDR, 60 Hz, Smart TV) [Modelljahr 2023]",https://www.amazon.de/dp/B0BWWKNPT2,65.0,499.99,499.99,EUR,499.99,Amazon,DE,2026-09-23T09:28:25Z,B0BWWKNPT2,,,,,
LG,"LG OLED77C37LA TV 195 cm (77 Zoll) OLED evo Fernseher (Smart TV, Brightness Booster, 120 Hz) [Modelljahr 2023]",https://www.amazon.de/dp/B0BWWKHW9J,77.0,2890.89,2890.89,EUR,2890.89,Amazon,DE,2026-09-23T09:28:25Z,B0BWWKHW9J,,,,,
TCL,"TCL 50 Zoll 50Q6C QLED Mini LED Fernseher, 4K HDR Premium, Dolby Vision IQ & Atmos, Onkyo 2.1, Smart Google TV, Game Master, 144Hz Motion Clarity Pro, AMD FreeSync Premium Pro, HDMI 2.1, AirPlay 2",https://www.amazon.de/dp/B0FD9VF12V,50.0,442.0,442.0,EUR,442.0,Amazon,DE,2026-09-23T09:28:25Z,B0FD9VF12V,,,,,
TCL,"TCL 75T6C 75 Zoll QLED Fernseher, 4K UHD Fire TV, HDR10+, Dolby Vision & Atmos, Smart TV mit Sprachsteuerung mit Alexa, Google Cast & AirPlay 2, HDMI 2.1",https://www.amazon.de/dp/B0DW996637,75.0,599.0,599.0,EUR,599.0,Amazon,DE,2026-09-23T09:28:25Z,B0DW996637,,,,,
Hisense,"Hisense 100E7DS PRO Fernseher 100 Zoll, 4K UHD QLED, Smart TV, Hi-Concerto, 144Hz Game Mode, Hi-QLED Colour, Built-in Subwoofer, Filmmaker Mode, Dolby Audio, DTS Virtual: X, FreeSync Premium [2026]",https://www.amazon.de/dp/B0GTVTMR9K,100.0,1599.0,1599.0,EUR,1599.0,Amazon,DE,2026-09-23T09:28:25Z,B0GTVTMR9K,,,,,
Hisense,Hisense 40A49S LED-TV FHD Multutuner Smart (20018239),https://www.amazon.de/dp/B0H1MRXTK1,40.0,199.0,199.0,EUR,199.0,Amazon,DE,2026-09-23T09:28:25Z,B0H1MRXTK1,,,,,
Sony,"Sony BRAVIA 3II 85-Zoll-Fernseher, 4K-Smart-TV (Google TV), XR Prozessor mit KI-Technologie, 120-Hz-Fernseher mit Dolby Vision/Atmos, PS5-kompatibel, 85XR35M2, Modell 2026",https://www.amazon.de/dp/B0GZQJC7W6,85.0,1899.0,1899.0,EUR,1899.0,Amazon,DE,2026-09-23T09:28:25Z,B0GZQJC7W6,,,,,
Sony,"Sony BRAVIA 6 4K-OLED-Google-TV, 83 Zoll | 120 Hz, Dolby Vision Atmos 2026, Schwarz",https://www.amazon.de/dp/B0HD8R2NBG,83.0,3299.0,3299.0,EUR,3299.0,Amazon,DE,2026-09-23T09:28:25Z,B0HD8R2NBG,,,,,
Sony,"Sony KD-55XE8096 139 cm (55 Zoll) Fernseher (Ultra HD, HD Triple Tuner, Android-TV, X-Reality PRO, Triluminos Display, USB Aufnahmefunktion)",https://www.amazon.de/dp/B06X99QFKM,55.0,,,,,Amazon,DE,2026-09-23T09:28:25Z,B06X99QFKM,,,,,
Sony,"Sony KD-55XH90 Bravia Full Array LED High Dynamic Range (HDR) Android Fernseher, Schwarz, 55 Zoll",https://www.amazon.de/dp/B089QW2Y9N,55.0,1133.0,1133.0,EUR,1133.0,Amazon,DE,2026-09-23T09:28:25Z,B089QW2Y9N,,,,,
Sony,"Sony BRAVIA XR, XR-65X90L, 65 Zoll Fernseher, Full Array LED, 4K HDR 120Hz, Google, Smart TV, Works with Alexa, mit exklusiven PS5-Features, HDMI 2.1, Gaming-Menü mit ALLM + VRR, 24 + 12M Garantie",https://www.amazon.de/dp/B0BYPGPSN6,65.0,,,,,Amazon,DE,2026-09-23T09:28:25Z,B0BYPGPSN6,,,,,
Samsung,"Samsung Neo QLED 8K QN900F 65 Zoll (163 cm) Mini LED Fernseher, Antireflexion, 8K AI Upscaling, Metal Frame Design, Knox Security, Dolby Atmos, Art Store Galerie, Samsung Vision AI Smart TV",https://www.amazon.de/dp/B0DFVF4XXC,65.0,1889.0,1889.0,EUR,1889.0,Amazon,DE,2026-09-23T09:28:25Z,B0DFVF4XXC,,,,,
Samsung,"Samsung Neo QLED 8K QN900F 85 Zoll (214 cm) Mini LED Fernseher, Antireflexion, 8K AI Upscaling, Metal Frame Design, Knox Security, Dolby Atmos, Art Store Galerie, Samsung Vision AI Smart TV",https://www.amazon.de/dp/B0F62ZNYG7,85.0,3999.0,3999.0,EUR,3999.0,Amazon,DE,2026-09-23T09:28:25Z,B0F62ZNYG7,,,,,
Samsung,"Samsung Neo QLED 8K QN900F 65 Zoll (165 cm) Mini LED, 8K Fernseher, NQ8 AI Gen2 Prozessor, Upscaling, Glare Free, One Connect, Art Store Galerie, Samsung Vision AI Smart TV, 65QN900F (2025)",https://www.amazon.de/dp/B0FBX9DWZ4,65.0,1899.0,1899.0,EUR,1899.0,Amazon,DE,2026-09-23T09:28:25Z,B0FBX9DWZ4,,,,,
Samsung,"Samsung Neo QLED QN900F 65 Zoll (163 cm) 8K Neo QLED TV, 7680 x 4320 Pixel, 165Hz, AirSlim Design, NQ4 AI Gen2 Prozessor, Mini LED, HDR10+, Quantum Matrix Pro, Samsu...[Länderversion Ungarisch]",https://www.amazon.de/dp/B0FND5LVPL,65.0,,,,,Amazon,DE,2026-09-23T09:28:25Z,B0FND5LVPL,,,,,
Samsung,"Samsung Mini TV 75 Zoll Neo QLED QN900F 8K Mini LED Smart TV mit AI-Vision, blendfreies Display mit Glare Free und Motion Xcelerator 165Hz [Länderversion Spanisch]",https://www.amazon.de/dp/B0F21Y5JP5,75.0,2899.32,2899.32,EUR,2899.32,Amazon,DE,2026-09-23T09:28:25Z,B0F21Y5JP5,,,,,
Samsung,"Samsung Neo QLED 8K QN900F 85 Zoll (214 cm) Mini LED, 8K Fernseher, NQ8 AI Gen2 Prozessor, Upscaling, Glare Free, One Connect, Art Store Galerie, Samsung Vision AI Smart TV, 85QN900F (2025)",https://www.amazon.de/dp/B0FBXBCXK7,85.0,4999.0,4999.0,EUR,4999.0,Amazon,DE,2026-09-23T09:28:25Z,B0FBXBCXK7,,,,,
Samsung,"Samsung Neo QLED 4K QN90F 43 Zoll (108 cm) Mini LED Fernseher, Antireflexion, NQ4 AI Gen3 Prozessor, Neo Quantum HDR, 4K Upscaling Pro, Dolby Atmos, Knox Security, Samsung Vision AI Smart TV",https://www.amazon.de/dp/B0DFVGGKJN,43.0,738.9,738.9,EUR,738.9,Amazon,DE,2026-09-23T09:28:25Z,B0DFVGGKJN,,,,,
Samsung,"Samsung Neo QLED 8K QN900F 75 Zoll (191 cm) Mini LED, 8K Fernseher, NQ8 AI Gen2 Prozessor, Upscaling, Glare Free, One Connect, Art Store Galerie, Samsung Vision AI Smart TV, 75QN900F (2025)",https://www.amazon.de/dp/B0FBX9CRJZ,75.0,3999.0,3999.0,EUR,3999.0,Amazon,DE,2026-09-23T09:28:25Z,B0FBX9CRJZ,,,,,
Samsung,"Samsung TV 65"" (2025) Neo QLED 8K UHD - TQ65QN900FTXXC [Länderversion Französisch, Spanisch, Portugiesisch]...[Länderversion Französisch, Spanisch, Portugiesisch]",https://www.amazon.de/dp/B0F2221GD1,65.0,,,,,Amazon,DE,2026-09-23T09:28:25Z,B0F2221GD1,,,,,
Samsung,"Samsung TV 85"" (2025) Neo QLED 8K UHD - TQ85QN900FTXXC [Länderversion Französisch, Spanisch, Portugiesisch]...[Länderversion Französisch, Spanisch, Portugiesisch]",https://www.amazon.de/dp/B0F2223MPD,85.0,,,,,Amazon,DE,2026-09-23T09:28:25Z,B0F2223MPD,,,,,
LG,"LG 43NANO81T6A TV 43"" (109 cm) NanoCell Fernseher (α5 Gen7 4K AI-Prozessor, webOS 24, HDR10, bis zu 60Hz) [Modelljahr 2024]",https://www.amazon.de/dp/B0CYQ24YY5,43.0,,,,,Amazon,DE,2026-09-23T09:28:25Z,B0CYQ24YY5,,,,,
TCL,"TCL 98A400 Pro 98 Zoll NXTVISION QD-Mini LED Art TV, 4K Smart TV",https://www.amazon.de/dp/B0H3KLPRBF,98.0,2667.43,2667.43,EUR,2667.43,Amazon,DE,2026-09-23T09:28:25Z,B0H3KLPRBF,,,,,
Hisense,"Hisense 65U7DSE Fernseher 65 Zoll, 4K UHD, Hi-QLED Mini LED, Smart TV, 144Hz, Hi-View AI Engine, IMAX Enhanced, AI Lichtsensor, Dolby Vision.Atmos, Tuned by DeVialet, FreeSync Premium Pro [2026]",https://www.amazon.de/dp/B0GTVYXL3H,65.0,799.0,799.0,EUR,799.0,Amazon,DE,2026-09-23T09:28:25Z,B0GTVYXL3H,,,,,
Hisense,Hisense 55U7DS Pro LED-TV Mini LED 4K Multituner BT Smart PVR (20018705),https://www.amazon.de/dp/B0GTVZZBQ8,55.0,735.7,735.7,EUR,735.7,Amazon,DE,2026-09-23T09:28:25Z,B0GTVZZBQ8,,,,,
Sony,"Sony BRAVIA 8 OLED 65 Zoll 4K HDR Google Smart TV (2024) | Gaming Features,IMAX Enhanced, Dolby Vision Atmos, Chromecast, Apple AirPlay, 120Hz 65XR80",https://www.amazon.de/dp/B0D1VV8K32,65.0,1738.95,1738.95,EUR,1738.95,Amazon,DE,2026-09-23T09:28:25Z,B0D1VV8K32,,,,,
Sony,"Sony BRAVIA 2II 50 Zoll Fernseher, 4K Smart TV (Google TV), X1 Prozessor, 4K-Upscaling, Fernseher mit Dolby Atmos und DTS:X, PS5-Kompatibilität, 50S20M2, Modell 2026",https://www.amazon.de/dp/B0GZLDN3SH,50.0,699.0,699.0,EUR,699.0,Amazon,DE,2026-09-23T09:28:25Z,B0GZLDN3SH,,,,,
Sony,"Sony BRAVIA XR, XR-77A80L, 77 Zoll Fernseher, OLED, 4K HDR 120Hz, Google TV, Smart TV, Works with Alexa, mit exklusiven PS5-Features, HDMI 2.1, Gaming-Menü mit ALLM + VRR, 24 + 12M Garantie",https://www.amazon.de/dp/B0BYGVVBHM,77.0,,,,,Amazon,DE,2026-09-23T09:28:25Z,B0BYGVVBHM,,,,,
Samsung,"Samsung Neo QLED 8K QN990F 65 Zoll (163 cm) Mini LED, NQ8 AI Gen3 Prozessor, Upscaling Pro, Wireless One Connect, Art Store, Smart TV, 2025",https://www.amazon.de/dp/B0F62T4RPX,65.0,3449.0,3449.0,EUR,3449.0,Amazon,DE,2026-09-23T09:28:25Z,B0F62T4RPX,,,,,
Samsung,"Samsung Neo QLED 8K QN990F 85 Zoll (214 cm) Mini LED Fernseher, Antireflexion, NQ8 AI Gen3 Prozessor, 8K Upscaling Pro, Wireless One Connect, Art Store Galerie, Samsung Vision AI Smart TV",https://www.amazon.de/dp/B0F62VPXR3,85.0,,,,,Amazon,DE,2026-09-23T09:28:25Z,B0F62VPXR3,,,,,
Samsung,"Samsung Neo QLED 8K QN990F 65 Zoll (165 cm) Mini LED, 8K Fernseher, NQ8 AI Gen3 Prozessor, Upscaling Pro, Glare Free, Wireless One Connect, Art Galerie, Vision Smart TV, 65QN990F (2025)",https://www.amazon.de/dp/B0FBX878JM,65.0,2999.99,2999.99,EUR,2999.99,Amazon,DE,2026-09-23T09:28:25Z,B0FBX878JM,,,,,
Samsung,"Samsung 85 Zoll Mini TV Neo QLED QN990F 8K Mini LED, Smart TV mit AI-Vision, kabelfreie Verbindung, Glare Free Bildschirm und bis zu 240 Hz [Länderversion Spanisch]",https://www.amazon.de/dp/B0F21ZWSMZ,85.0,6804.57,6804.57,EUR,6804.57,Amazon,DE,2026-09-23T09:28:25Z,B0F21ZWSMZ,,,,,
Samsung,"Samsung Neo QLED 8K QN990F 75 Zoll (191 cm) Mini LED, 8K Fernseher, NQ8 AI Gen3 Prozessor, Upscaling Pro, Glare Free, Wireless One Connect, Art Galerie, Vision Smart TV, 75QN990F (2025)",https://www.amazon.de/dp/B0FBX9QJKV,75.0,5899.0,5899.0,EUR,5899.0,Amazon,DE,2026-09-23T09:28:25Z,B0FBX9QJKV,,,,,
Samsung,"Samsung Neo QLED 4K QN90F 75 Zoll (189 cm) Mini LED Fernseher, NQ4 AI Gen2 Prozessor, Quantum Matrix Technology Slim, Motion Xcelerator 165Hz, AirSlim Design, Samsun...[Länderversion Ungarisch]",https://www.amazon.de/dp/B0FPCS6BLN,75.0,,,,,Amazon,DE,2026-09-23T09:28:25Z,B0FPCS6BLN,,,,,
Samsung,"Samsung Neo QLED 4K QN90F 75 Zoll (191 cm) 4K Fernseher, TV mit Neural Quantum AI Gen3 Prozessor, Quantum-Matrix-Technologie Plus, AI Upscaling Pro, Smart TV, 75QN90F [2025]",https://www.amazon.de/dp/B0FC2FC48J,75.0,1969.0,1969.0,EUR,1969.0,Amazon,DE,2026-09-23T09:28:25Z,B0FC2FC48J,,,,,
Samsung,"Samsung OLED 4K S90D Fernseher 55 Zoll (140 cm), TV Mit Neural Quantum AI Gen2 Prozessor, HDR+, AI Upscaling, Smart TV, KI TV, 55S90D [2024]",https://www.amazon.de/dp/B0DJH67TYL,55.0,,,,,Amazon,DE,2026-09-23T09:28:25Z,B0DJH67TYL,,,,,
LG,"LG 50QNED7EB3C TV 50 Zoll, 1270 Mm, 4K QNED Mini LED AI, α7 Gen9 Prozessor, webOS 26, 60Hz, VRR, Modelljahr 2026",https://www.amazon.de/dp/B0GSGZZVB3,50.0,435.0,435.0,EUR,435.0,Amazon,DE,2026-09-23T09:28:25Z,B0GSGZZVB3,,,,,
LG,"LG QNED AI 2025 TV | 43QNED70 | 43 Zoll (108 cm) | 4K UHD | HDR10 | webOS 25 | AI Magic Remote | Alexa, Google Assistant | Netflix Disney+ K+ Prime Video",https://www.amazon.de/dp/B0FV1XBMNB,43.0,349.0,349.0,EUR,349.0,Amazon,DE,2026-09-23T09:28:25Z,B0FV1XBMNB,,,,,
Samsung,"Samsung QLED 4K Q70C 55 Zoll Fernseher, Quantum Prozessor 4K, Motion Xcelerator Turbo+, Quantum HDR, Smart TV [2023] (Modell 2023 55Q70C)",https://www.amazon.de/dp/B0C5JYFR24,55.0,609.9,609.9,EUR,609.9,Amazon,DE,2026-09-23T09:28:25Z,B0C5JYFR24,,,,,
Sony,"Sony BRAVIA 2II 75 Zoll Fernseher, 4K Smart TV (Google TV), X1 Prozessor, 4K-Upscaling, Fernseher mit Dolby Atmos und DTS:X, PS5-Kompatibilität, 75S20M2, Modell 2026",https://www.amazon.de/dp/B0GZKYXYQX,75.0,1249.0,1249.0,EUR,1249.0,Amazon,DE,2026-09-23T09:28:25Z,B0GZKYXYQX,,,,,
Samsung,"Samsung Micro RGB R85H 4K 55 Zoll (138 cm), UHD Fernseher, Micro RGB HDR+ & AI Engine für realitätsnahe Farben, Dolby Atmos, Gaming Hub, Motion Xcelerator 144Hz, AI Companion für Fragen, Smart TV",https://www.amazon.de/dp/B0GXZHQ5ZC,55.0,1299.0,1299.0,EUR,1299.0,Amazon,DE,2026-09-23T09:28:25Z,B0GXZHQ5ZC,,,,,
Samsung,"Samsung Micro RGB R85H 4K 65 Zoll (163 cm), UHD Fernseher, Micro RGB HDR+ & AI Engine für realitätsnahe Farben, Dolby Atmos, Gaming Hub, Motion Xcelerator 144Hz, AI Companion für Fragen, Smart TV",https://www.amazon.de/dp/B0GXZRGM8X,65.0,1499.0,1499.0,EUR,1499.0,Amazon,DE,2026-09-23T09:28:25Z,B0GXZRGM8X,,,,,
Samsung,"Samsung MRE65R85H 65 Zoll (165 cm) 4K UHD Micro RGB AI Smart TV | NQ8 AI Gen3 Prozessor mit AI-Upscaling, Dolby Atmos 3D-S...",https://www.amazon.de/dp/B0HFSBMQRY,65.0,1599.0,1599.0,EUR,1599.0,Amazon,DE,2026-09-23T09:28:25Z,B0HFSBMQRY,,,,,
Samsung,"Samsung TV Micro RGB R85H 75"" 4K Smart TV mit IA | Vision AI Companion, Micro RGB Technologie, Micro RGB AI-Engine, AI-Fuß...",https://www.amazon.de/dp/B0GK2BT41M,75.0,2179.14,2179.14,EUR,2179.14,Amazon,DE,2026-09-23T09:28:25Z,B0GK2BT41M,,,,,
Samsung,"Samsung MRE55R85H 55 Zoll (140 cm) 4K UHD Micro RGB AI Smart TV | NQ8 AI Gen3 Prozessor mit AI-Upscaling, Dolby Atmos 3D-S...",https://www.amazon.de/dp/B0HFS3FGYL,55.0,1149.0,1149.0,EUR,1149.0,Amazon,DE,2026-09-23T09:28:25Z,B0HFS3FGYL,,,,,
Samsung,"Samsung MRE75R85H 75 Zoll (190 cm) 4K UHD Micro RGB AI Smart TV | NQ8 AI Gen3 Prozessor mit AI-Upscaling, Dolby Atmos 3D-S...",https://www.amazon.de/dp/B0HFS8Z2D1,75.0,2299.0,2299.0,EUR,2299.0,Amazon,DE,2026-09-23T09:28:25Z,B0HFS8Z2D1,,,,,
Samsung,"Samsung Neo QLED QN80H 4K 85 Zoll (214 cm), UHD Fernseher, Quantum-Mini-LED für ultrafeine Kontraste, 4K AI Upscaling, Adaptive Sound Pro, Gaming Hub, Motion Xcelerator 144Hz, AI Companion, Smart TV",https://www.amazon.de/dp/B0GXZLJ1T4,85.0,2699.0,2699.0,EUR,2699.0,Amazon,DE,2026-09-23T09:28:25Z,B0GXZLJ1T4,,,,,
Samsung,Samsung 85 Zoll The Frame Pro LS03HW 4K Samsung Vision AI Smart TV (2026),https://www.amazon.de/dp/B0H62KB2YV,85.0,3589.0,3589.0,EUR,3589.0,Amazon,DE,2026-09-23T09:28:25Z,B0H62KB2YV,,,,,
Samsung,"Samsung Neo QLED 4K QN85D UHD Fernseher 85 Zoll (214 cm), NQ 4K AI Gen2 Prozessor, HDR Mini LED TV, AI Upscaling, Smart TV, Dolby Atmos Sound, Gaming Hub, Motion Xcelerator 120Hz, Knox Security",https://www.amazon.de/dp/B0CZRZXPXZ,85.0,2249.0,2249.0,EUR,2249.0,Amazon,DE,2026-09-23T09:28:25Z,B0CZRZXPXZ,,,,,
Samsung,"Samsung 65 Zoll QN80H LED Mini TV 4K QD, leistungsstarke Bildverarbeitung, klares und kontrastreiches Display für Filme, Sport, Spiele",https://www.amazon.de/dp/B0H3KSM4F4,65.0,1219.89,1219.89,EUR,1219.89,Amazon,DE,2026-09-23T09:28:25Z,B0H3KSM4F4,,,,,
Samsung,Samsung 85 Zoll Micro RGB R95H 4K Samsung Vision AI Smart TV (2026),https://www.amazon.de/dp/B0H8SQLGJD,85.0,5799.0,5799.0,EUR,5799.0,Amazon,DE,2026-09-23T09:28:25Z,B0H8SQLGJD,,,,,
Samsung,"Samsung OLED S85H 4K 48 Zoll (122 cm) Fernseher bis 120 Hz, Antireflexion mit Glare Free, FloatLayer OLED Design mit Metallrahmen, bündige Wandmontage, Dolby Atmos, AI Companion, Smart TV",https://www.amazon.de/dp/B0H32Z3SBD,48.0,949.0,949.0,EUR,949.0,Amazon,DE,2026-09-23T09:28:25Z,B0H32Z3SBD,,,,,
Samsung,"Samsung The Frame Pro 85"" (2025) QLED 4K UHD TV - TQ85LS03FWUXXC [Länderversion Französisch, Spanisch, Portugiesisch]...[Länderversion Französisch, Spanisch, Portugiesisch]",https://www.amazon.de/dp/B0F228FDMN,85.0,3499.0,3499.0,EUR,3499.0,Amazon,DE,2026-09-23T09:28:25Z,B0F228FDMN,,,,,
TCL,"TCL 127,7 cm (50 Zoll) P6K LED 4K UHD HDR Smart TV | Google TV, 60Hz, HDR 10, AiPQ Prozessor, Dolby Audio, MEMC, HDMI 2.1, Bluetooth 5.2, WiFi 5, Lünettenloses Design (50P6K - Modell 2025)",https://www.amazon.de/dp/B0F7RSYNY9,50.0,411.05,411.05,EUR,411.05,Amazon,DE,2026-09-23T09:28:25Z,B0F7RSYNY9,,,,,
Sony,"Sony BRAVIA 3II 50-Zoll-Fernseher, 4K-Smart-TV (Google TV), XR Prozessor mit KI-Technologie, 120-Hz-Fernseher mit Dolby Vision/Atmos, PS5-kompatibel, 50XR32M2, Modell 2026",https://www.amazon.de/dp/B0GZQ4G7BL,50.0,879.0,879.0,EUR,879.0,Amazon,DE,2026-09-23T09:28:25Z,B0GZQ4G7BL,,,,,
Sony,"Sony BRAVIA 3 - Direct LED 75 Zoll Fernseher (K75S32), X-Balanced Speaker, Dolby Vision/Atmos, IMAX Enhanced, Google TV (2025), Google Cast, Apple AirPlay 2, Eco Dashboard 2, Game Menu 2, Smart TV",https://www.amazon.de/dp/B0F4KRYP8L,75.0,999.0,999.0,EUR,999.0,Amazon,DE,2026-09-23T09:28:25Z,B0F4KRYP8L,,,,,
Samsung,Samsung 65 Zoll Micro RGB R95H 4K Samsung Vision AI Smart TV (2026),https://www.amazon.de/dp/B0H8SQBLF3,65.0,3099.0,3099.0,EUR,3099.0,Amazon,DE,2026-09-23T09:28:25Z,B0H8SQBLF3,,,,,
Samsung,"Samsung TV 75 Zoll Micro RGB R95H 4K Smart TV mit blendfreiem Display, Vision AI Companion, Micro RGB Technology und One Connect Wireless, Kino, Sport und Gaming",https://www.amazon.de/dp/B0GK2D65BB,75.0,,,,,Amazon,DE,2026-09-23T09:28:25Z,B0GK2D65BB,,,,,
Samsung,"Samsung OLED S95H 4K 55 Zoll (138 cm), UHD Fernseher, Antireflexion mit Glare Free, OLED HDR pro, Ultimate Gaming Pack (NVIDIA G-SYNC & AMD FreeSync Pro) mit 165Hz, HDMI 2.1, Dolby Atmos, Smart AI TV",https://www.amazon.de/dp/B0GXZDXDX9,55.0,2019.0,2019.0,EUR,2019.0,Amazon,DE,2026-09-23T09:28:25Z,B0GXZDXDX9,,,,,
Samsung,"Samsung Neo QLED QN80H 4K 100 Zoll (254 cm), UHD Fernseher, Quantum-Mini-LED für ultrafeine Kontraste, 4K AI Upscaling, Adaptive Sound Pro, Gaming Hub, Motion Xcelerator 144Hz, AI Companion, Smart TV",https://www.amazon.de/dp/B0GXZQDPFD,100.0,3699.0,3699.0,EUR,3699.0,Amazon,DE,2026-09-23T09:28:25Z,B0GXZQDPFD,,,,,
Samsung,"Samsung OLED S95H 4K 48 Zoll (121 cm), UHD Fernseher, Antireflexion mit Glare Free, OLED HDR pro, Ultimate Gaming Pack (NVIDIA G-SYNC & AMD FreeSync Pro) mit 165Hz, HDMI 2.1, Dolby Atmos, Smart AI TV",https://www.amazon.de/dp/B0GXZM9K15,48.0,1599.0,1599.0,EUR,1599.0,Amazon,DE,2026-09-23T09:28:25Z,B0GXZM9K15,,,,,
Samsung,"Samsung OLED S85H 4K 77 Zoll (195 cm), UHD Fernseher, OLED HDR, Premium Gaming Pack (NVIDIA G-SYNC & AMD FreeSync Premium) mit 120Hz, HDMI 2.1, Dolby Atmos, AI Companion für Fragen, Smart AI TV",https://www.amazon.de/dp/B0GXZQ6FFF,77.0,2699.0,2699.0,EUR,2699.0,Amazon,DE,2026-09-23T09:28:25Z,B0GXZQ6FFF,,,,,
Samsung,"Samsung OLED S90H 4K 77 Zoll (195 cm), UHD Fernseher, Antireflexion mit Glare Free, OLED HDR+, Ultimate Gaming Pack (NVIDIA G-SYNC & AMD FreeSync Pro) mit 165Hz, HDMI 2.1, Dolby Atmos, Smart AI TV",https://www.amazon.de/dp/B0GXZQ647Z,77.0,3149.0,3149.0,EUR,3149.0,Amazon,DE,2026-09-23T09:28:25Z,B0GXZQ647Z,,,,,
Samsung,Samsung Neo QLED QN80H 98 Zoll 4K Smart TV mit IA,https://www.amazon.de/dp/B0GHS3TTGN,98.0,2568.55,2568.55,EUR,2568.55,Amazon,DE,2026-09-23T09:28:25Z,B0GHS3TTGN,,,,,
Samsung,"Samsung Neo QLED 4K QN95B 75 Zoll Fernseher (GQ75QN95BATXZG, Deutsches Modell), Quantum HDR 2000, Neural Quantum Prozessor 4K, Dolby Atmos, Smart TV [2022]",https://www.amazon.de/dp/B09TRJCRZY,75.0,2499.0,2499.0,EUR,2499.0,Amazon,DE,2026-09-23T09:28:25Z,B09TRJCRZY,,,,,
Samsung,"Samsung 65 Zoll OLED S95H 4K Smart TV mit blendfreiem Display, Vision AI Companion, Ultimate Gaming Pack und One Connect, Heimkino und Gaming",https://www.amazon.de/dp/B0GL39VP48,65.0,2102.18,2102.18,EUR,2102.18,Amazon,DE,2026-09-23T09:28:25Z,B0GL39VP48,,,,,
Samsung,"Samsung 65"" S90H 4K OLED TV – Ultra HD, Auto Motion Plus, DVB-kompatibel, Wi-Fi/Ethernet-Konnektivität",https://www.amazon.de/dp/B0H3KMLVHN,65.0,1822.34,1822.34,EUR,1822.34,Amazon,DE,2026-09-23T09:28:25Z,B0H3KMLVHN,,,,,
LG,"LG 85QNED7EB3A TV 85 Zoll, 2150 Mm, 4K QNED Mini LED AI, α7 Gen9 Prozessor, webOS 26, 60Hz, VRR, Modelljahr 2026",https://www.amazon.de/dp/B0GSHBHRJD,85.0,1099.0,1099.0,EUR,1099.0,Amazon,DE,2026-09-23T09:28:25Z,B0GSHBHRJD,,,,,
LG,"LG 85QNED83B6A TV 85 Zoll (215 cm) 4K QNED evo Mini LED AI TV (α8 Gen3 4K AI Prozessor, webOS 26, 120Hz (VRR bis zu 144Hz)) [Modelljahr 2026] [Energieklasse F]",https://www.amazon.de/dp/B0GSH5475Q,85.0,1347.3,1347.3,EUR,1347.3,Amazon,DE,2026-09-23T09:28:25Z,B0GSH5475Q,,,,,
LG,"LG 50QNED86A6C TV 50 Zoll (127 cm) 4K QNED evo AI TV (α7 Gen8 4K AI Prozessor, webOS 25, 60Hz) [Modelljahr 2025]",https://www.amazon.de/dp/B0F3DNWVBZ,50.0,479.0,479.0,EUR,479.0,Amazon,DE,2026-09-23T09:28:25Z,B0F3DNWVBZ,,,,,
LG,"LG 86QNED82A6B, 86 Zoll (218 cm), 4K QNED AI TV, α7 Gen8 Prozessor, webOS 25, 60Hz, Modelljahr 2025",https://www.amazon.de/dp/B0F2275Q5H,86.0,999.0,999.0,EUR,999.0,Amazon,DE,2026-09-23T09:28:25Z,B0F2275Q5H,,,,,
LG,LG 50QNED80A6A QNED evo AI,https://www.amazon.de/dp/B0FLQ7Y2MZ,50.0,450.84,450.84,EUR,450.84,Amazon,DE,2026-09-23T09:28:25Z,B0FLQ7Y2MZ,,,,,
TCL,"TCL 75P7K 75"" QLED 4K HDR TV, Google TV, Smart TV (Dolby Vision & Atmos, Game Master, Motion Clarity)",https://www.amazon.de/dp/B0F9FNDBN7,75.0,,,,,Amazon,DE,2026-09-23T09:28:25Z,B0F9FNDBN7,,,,,
TCL,"TCL 55P7K 55"" QLED 4K HDR TV, Google TV, Smart TV (Dolby Vision & Atmos, Game Master, Motion Clarity)",https://www.amazon.de/dp/B0F99Z7M9M,55.0,583.94,583.94,EUR,583.94,Amazon,DE,2026-09-23T09:28:25Z,B0F99Z7M9M,,,,,
Hisense,"Hisense TV 55A7Q (2025) 55"" LED UHD 4K - 55A7Q",https://www.amazon.de/dp/B0F2T1B4NL,55.0,,,,,Amazon,DE,2026-09-23T09:28:25Z,B0F2T1B4NL,,,,,
Sony,"Sony BRAVIA 6 4K-OLED-Google-TV, 55 Zoll | 120 Hz, Dolby Vision Atmos 2026, Schwarz",https://www.amazon.de/dp/B0HD8TJTZH,55.0,1499.0,1499.0,EUR,1499.0,Amazon,DE,2026-09-23T09:28:25Z,B0HD8TJTZH,,,,,
Sony,"Sony KD-55XG7005 Bravia 55 Zoll (138,8cm) Fernseher (Ultra HD, 4K HDR, Smart TV, USB HDD Recording) schwarz",https://www.amazon.de/dp/B07P7KXRRK,55.0,,,,,Amazon,DE,2026-09-23T09:28:25Z,B07P7KXRRK,,,,,
Samsung,"Samsung Smart TV 50 Zoll QN70H Mini LED Neo QLED 4K, Quantum Mini LED, Real QLED 100% Farbvolumen, Crystal 4K Prozessor optimiert durch KI, Motion Xcelerator, Vision AI Companion [2026]",https://www.amazon.de/dp/B0H11JV3RV,50.0,559.0,559.0,EUR,559.0,Amazon,DE,2026-09-23T09:28:25Z,B0H11JV3RV,,,,,
LG,LG 43QNED80B6B 43 Zoll (108 cm) 4K UHD QNED AI Smart TV,https://www.amazon.de/dp/B0HJ68Q3L6,43.0,849.24,849.24,EUR,849.24,Amazon,DE,2026-09-23T09:28:25Z,B0HJ68Q3L6,,,,,
TCL,"TCL 75C8L SQD-Mini LED 75 Zoll Fernseher, 4K Smart TV, Google TV, HDR10+",https://www.amazon.de/dp/B0GTZSYZLM,75.0,1999.0,1999.0,EUR,1999.0,Amazon,DE,2026-09-23T09:28:25Z,B0GTZSYZLM,,,,,
Hisense,"Hisense 50A6S TV 2026 4K UHD 50 Zoll (127 cm), Smart TV HomeOS U9.5, Dolby Vision HDR, Game Mode Plus (VRR 60 Hz), DTS Virtual:X, Alexa integriert, Schwarz",https://www.amazon.de/dp/B0GJFVQDWB,50.0,369.99,369.99,EUR,369.99,Amazon,DE,2026-09-23T09:28:25Z,B0GJFVQDWB,,,,,
Sony,"Sony BRAVIA 3II 65-Zoll-Fernseher, 4K-Smart-TV (Google TV), XR Prozessor mit KI-Technologie, 120-Hz-Fernseher mit Dolby Vision/Atmos, PS5-kompatibel, 65XR32M2, Modell 2026",https://www.amazon.de/dp/B0GZPZZRWL,65.0,1109.0,1109.0,EUR,1109.0,Amazon,DE,2026-09-23T09:28:25Z,B0GZPZZRWL,,,,,
Samsung,"Samsung Neo QLED QN70H 4K 50 Zoll (125 cm), Quantum-Mini-LED für ultrafeine Kontraste, UHD Fernseher, 4K AI Upscaling, Adaptive Sound+, Gaming Hub, Motion Xcelerator 144Hz, AI Companion, Smart TV",https://www.amazon.de/dp/B0GXZLVNY7,50.0,749.0,749.0,EUR,749.0,Amazon,DE,2026-09-23T09:28:25Z,B0GXZLVNY7,,,,,
LG,LG 50QNED80B6B 50 Zoll (127 cm) 4K UHD QNED AI Smart TV,https://www.amazon.de/dp/B0HJ68N3Z9,50.0,,,,,Amazon,DE,2026-09-23T09:28:25Z,B0HJ68N3Z9,,,,,
TCL,"TCL 98C8L SQD-Mini LED 98 Zoll Fernseher, 4K Smart TV, Google TV, HDR10+",https://www.amazon.de/dp/B0GTZQ77RW,98.0,3295.0,3295.0,EUR,3295.0,Amazon,DE,2026-09-23T09:28:25Z,B0GTZQ77RW,,,,,
Hisense,"Hisense 55A6S - UHD 4K Smart TV 55 Pulgadas, Escalador IA 4K, Smooth Motion IA, Modo Juego Plus, Dolby Vision, Control por Voz, Filmmaker Mode, Airplay",https://www.amazon.de/dp/B0GJFF3XT7,55.0,369.99,369.99,EUR,369.99,Amazon,DE,2026-09-23T09:28:25Z,B0GJFF3XT7,,,,,
Sony,"Sony BRAVIA 3II 100-Zoll-Fernseher, 4K-Smart-TV (Google TV), XR Prozessor mit KI-Technologie, 120-Hz-Fernseher mit Dolby Vision/Atmos, PS5-kompatibel, 100XR35M2, Modell 2026",https://www.amazon.de/dp/B0GZQB773S,100.0,2519.0,2519.0,EUR,2519.0,Amazon,DE,2026-09-23T09:28:25Z,B0GZQB773S,,,,,
Samsung,"Samsung Neo QLED QN70H 4K 50 Zoll (125 cm) Fernseher, Quantum Mini LED, Neural Quantum 4K AI Prozessor, Motion Xcelerator 144 Hz, Samsung Vision AI, AirSlim Design, Gaming Hub",https://www.amazon.de/dp/B0H3KVSVVM,50.0,,,,,Amazon,DE,2026-09-23T09:28:25Z,B0H3KVSVVM,,,,,
LG,LG 55QNED80B6B 55 Zoll (140 cm) 4K UHD QNED AI Smart TV,https://www.amazon.de/dp/B0HJ67K8B7,55.0,788.15,788.15,EUR,788.15,Amazon,DE,2026-09-23T09:28:25Z,B0HJ67K8B7,,,,,
TCL,"TCL 75X11L SQD-Mini LED 75 Zoll Fernseher, 4K Smart TV, Google TV, HDR10+",https://www.amazon.de/dp/B0GV3VXQB8,75.0,3499.0,3499.0,EUR,3499.0,Amazon,DE,2026-09-23T09:28:25Z,B0GV3VXQB8,,,,,
Hisense,"Hisense 58A6S TV 2026 4K UHD 58 Zoll (146 cm), Smart TV HomeOS U9.5, Dolby Vision HDR, Game Mode Plus (VRR 60 Hz), DTS Virtual:X, Alexa integriert, Schwarz",https://www.amazon.de/dp/B0GJFLN5QB,58.0,,,,,Amazon,DE,2026-09-23T09:28:25Z,B0GJFLN5QB,,,,,
Sony,"Sony BRAVIA 2II 65 Zoll Fernseher, 4K Smart TV (Google TV), X1 Prozessor, 4K-Upscaling, Fernseher mit Dolby Atmos und DTS:X, PS5-Kompatibilität, 65S20M2, Modell 2026",https://www.amazon.de/dp/B0GZKY262Y,65.0,969.0,969.0,EUR,969.0,Amazon,DE,2026-09-23T09:28:25Z,B0GZKY262Y,,,,,
Samsung,Samsung QE50QN70HAUXZT - 50 Zoll Smart TV 4K Neo QLED DVB-T2 HbbTV 2.0.4 Bluetooth Schwarz Energieklasse E,https://www.amazon.de/dp/B0H838LZR4,50.0,793.0,793.0,EUR,793.0,Amazon,DE,2026-09-23T09:28:25Z,B0H838LZR4,,,,,
LG,LG 65QNED80B6B 65 Zoll (165 cm) 4K UHD QNED AI Smart TV,https://www.amazon.de/dp/B0HJ69B1LM,65.0,,,,,Amazon,DE,2026-09-23T09:28:25Z,B0HJ69B1LM,,,,,
TCL,"TCL 85X11L SQD-Mini LED 85 Zoll Fernseher, 4K Smart TV, Google TV, HDR10+",https://www.amazon.de/dp/B0GV4DDPZD,85.0,4509.0,4509.0,EUR,4509.0,Amazon,DE,2026-09-23T09:28:25Z,B0GV4DDPZD,,,,,
Hisense,"Hisense 65A6S – TV 4K UHD 65 Zoll (164 cm), Smart TV HomeOS U9.5, Dolby Vision HDR, Game Mode Plus (VRR 60 Hz), DTS Virtual:X, Alexa integriert, Schwarz",https://www.amazon.de/dp/B0GJF87VQ6,65.0,509.0,509.0,EUR,509.0,Amazon,DE,2026-09-23T09:28:25Z,B0GJF87VQ6,,,,,
Sony,"Sony BRAVIA 9 QLED (XR l Mini LED) 65 Zoll 4K HDR Google Smart TV | Gaming-Funktionen, IMAX Erweitert, Dolby Vision Atmos, Chromecast, AirPlay, 120Hz K65XR90",https://www.amazon.de/dp/B0DSWFM8GK,65.0,,,,,Amazon,DE,2026-09-23T09:28:25Z,B0DSWFM8GK,,,,,
Samsung,"Samsung Neo QLED QN70H 4K 65 Zoll (163 cm), Quantum-Mini-LED für ultrafeine Kontraste, UHD Fernseher, 4K AI Upscaling, Adaptive Sound+, Gaming Hub, Motion Xcelerator 144Hz, AI Companion, Smart TV",https://www.amazon.de/dp/B0GXZLLYHR,65.0,1099.0,1099.0,EUR,1099.0,Amazon,DE,2026-09-23T09:28:25Z,B0GXZLLYHR,,,,,
LG,LG UHD TV AI 2026 | 65NU80 | 65 Zoll (164 cm),https://www.amazon.de/dp/B0GTRTW8P9,65.0,,,,,Amazon,DE,2026-09-23T09:28:25Z,B0GTRTW8P9,,,,,
TCL,"TCL 85C7L Fernseher 85 Zoll SQD-Mini LED 4K Smart TV, 2600 nits HDR Premium, 144Hz Motion Clarity Pro, Game Master Pro, ZeroBorder, Google TV",https://www.amazon.de/dp/B0GVT5HYB3,85.0,,,,,Amazon,DE,2026-09-23T09:28:25Z,B0GVT5HYB3,,,,,
Hisense,"Hisense 50E7S Pro – QLED TV 50 Zoll (126 cm), 4K UHD, 144 Hz Nativ, Dolby Vision IQ & Atmos, HDMI 2.1, FreeSync Premium, Smart TV VIDAA U9.5, integrierte Alexa Sprachsteuerung, Modell 2026",https://www.amazon.de/dp/B0GR77T4BZ,50.0,,,,,Amazon,DE,2026-09-23T09:28:25Z,B0GR77T4BZ,,,,,
Sony,"Sony BRAVIA 9 QLED (XR l Mini LED) 75 Zoll 4K HDR Google Smart TV (2024) | Gaming-Funktionen, IMAX Erweitert, Dolby Vision Atmos, Chromecast, AirPlay, 120Hz K75R90 [Energieklasse D]",https://www.amazon.de/dp/B0D1VYFB2C,75.0,,,,,Amazon,DE,2026-09-23T09:28:25Z,B0D1VYFB2C,,,,,
Samsung,"Samsung Neo QLED QN70H 4K 75 Zoll (189 cm), Quantum-Mini-LED für ultrafeine Kontraste, UHD Fernseher, 4K AI Upscaling, Adaptive Sound+, Gaming Hub, Motion Xcelerator 144Hz, AI Companion, Smart TV",https://www.amazon.de/dp/B0GXZLC8G8,75.0,1560.0,1560.0,EUR,1560.0,Amazon,DE,2026-09-23T09:28:25Z,B0GXZLC8G8,,,,,
LG,LG UHD TV AI 2026 | 75NU80 | 75 Zoll (189 cm),https://www.amazon.de/dp/B0GTRQF5S3,75.0,,,,,Amazon,DE,2026-09-23T09:28:25Z,B0GTRQF5S3,,,,,
Hisense,"Hisense 75E7S Pro – QLED Gaming TV 75 Zoll (189 cm), 4K UHD, 144 Hz Nativ, Dolby Vision IQ & Atmos, HDMI 2.1, FreeSync Premium, Smart TV VIDAA U9.5, integrierte Alexa Sprachsteuerung, Modell 2026",https://www.amazon.de/dp/B0GR6SXXNM,75.0,,,,,Amazon,DE,2026-09-23T09:28:25Z,B0GR6SXXNM,,,,,
Sony,"Sony BRAVIA 9 QLED (XR l Mini LED) 85 Zoll 4K HDR Google Smart TV (2024) | Gaming Features, IMAX Enhanced, Dolby Vision Atmos, Chromecast, AirPlay, 120Hz K75R90",https://www.amazon.de/dp/B0D1VVT6GJ,85.0,,,,,Amazon,DE,2026-09-23T09:28:25Z,B0D1VVT6GJ,,,,,
Samsung,"Samsung 75"" QN70H 4K TV - Neo QLED, Mini LED, KI-Bildprozessor, Tizen Smart TV",https://www.amazon.de/dp/B0H3KQC2N6,75.0,1219.89,1219.89,EUR,1219.89,Amazon,DE,2026-09-23T09:28:25Z,B0H3KQC2N6,,,,,
LG,LG UHD TV AI 2026 | 85NU80 | 85 Zoll (215 cm),https://www.amazon.de/dp/B0GTRH6HHP,85.0,,,,,Amazon,DE,2026-09-23T09:28:25Z,B0GTRH6HHP,,,,,
TCL,"TCL 55C7K QD-Mini LED Fernseher, 55 Zoll, 4K HDR Premium, Dolby Vision IQ & Atmos, Bang & Olufsen Sound, Smart TV mit Google TV, 144Hz, HDMI 2.1, AMD FreeSync Premium Pro, AirPlay 2, Google Assistant",https://www.amazon.de/dp/B0F5BP4KFM,55.0,,,,,Amazon,DE,2026-09-23T09:28:25Z,B0F5BP4KFM,,,,,
Hisense,"Hisense TV 55E7S (2026) 55"" VA QLED 4K UHD Preta",https://www.amazon.de/dp/B0GNDHW3BM,55.0,,,,,Amazon,DE,2026-09-23T09:28:25Z,B0GNDHW3BM,,,,,
Sony,"Sony BRAVIA 5 XR Mini-LED 75 Zoll Fernseher (K75XR55), AI XR-Prozessor, akustisches Multi-Audio, Dolby Vision/Atmos, IMAX Enhanced, Google TV (2025), Google Cast, Apple AirPlay 2, Game Menu, Smart TV",https://www.amazon.de/dp/B0F4L4JSYM,75.0,1699.0,1699.0,EUR,1699.0,Amazon,DE,2026-09-23T09:28:25Z,B0F4L4JSYM,,,,,
Samsung,"Samsung Neo QLED QN70H 4K 85 Zoll (214 cm), Quantum-Mini-LED für ultrafeine Kontraste, UHD Fernseher, 4K AI Upscaling, Adaptive Sound+, Gaming Hub, Motion Xcelerator 144Hz, AI Companion, Smart TV",https://www.amazon.de/dp/B0GXZRNB6Z,85.0,1999.0,1999.0,EUR,1999.0,Amazon,DE,2026-09-23T09:28:25Z,B0GXZRNB6Z,,,,,
LG,"LG 43QNED70B3C, 43"" 4K QNED MiniLED Smart TV, 3840x2160, DVB-T2/C/S2, Alpha 7 AI Processor, HDR10 / HLG, webOS 26 ThinQ, VRR/ALLM/HGiG, 4K Super Upscaling, WiFi 5, Bluetooth 5.3, AirPlay 2, LAN,CI",https://www.amazon.de/dp/B0H758J7BP,43.0,399.0,399.0,EUR,399.0,Amazon,DE,2026-09-23T09:28:25Z,B0H758J7BP,,,,,
TCL,"TCL 65C7K 65 Zoll QD-Mini LED Fernseher, 4K HDR Premium 2600, Smart Google TV mit 144Hz Motion Clarity Pro (Dolby Vision IQ & Atmos, CrystGlow HVA Panel, Audio von Bang & Olufsen, Game Master)",https://www.amazon.de/dp/B0F5BRZSTR,65.0,,,,,Amazon,DE,2026-09-23T09:28:25Z,B0F5BRZSTR,,,,,
Hisense,"Hisense 75E7S 189cm 75"" 4K QLED Smart TV Fernseher (75E7S)",https://www.amazon.de/dp/B0GNDJ3WZT,75.0,659.0,659.0,EUR,659.0,Amazon,DE,2026-09-23T09:28:25Z,B0GNDJ3WZT,,,,,
Sony,"Sony BRAVIA 5 XR Mini-LED 98 Zoll Fernseher (K98XR55), AI XR-Prozessor, akustisches Multi-Audio, Dolby Vision/Atmos, IMAX Enhanced, Google TV (2025), Google Cast, Apple AirPlay 2, Game Menu, Smart TV",https://www.amazon.de/dp/B0F7R8NY37,98.0,3999.0,3999.0,EUR,3999.0,Amazon,DE,2026-09-23T09:28:25Z,B0F7R8NY37,,,,,
Samsung,"Samsung Crystal UHD U8079F 4K 75 Zoll (189 cm) LED Fernseher, Optimiert für Fussball und Gaming, Crystal Prozessor 4K, SmartThings, AI Upscaling, Knox Security, Kostenlose Inhalte, Smart TV",https://www.amazon.de/dp/B0F62T416G,75.0,679.99,679.99,EUR,679.99,Amazon,DE,2026-09-23T09:28:25Z,B0F62T416G,,,,,
Samsung,"Samsung Crystal UHD U8079F 4K 65 Zoll (163 cm) LED Fernseher, Crystal Prozessor 4K, MetalStream Design, SmartThings, AI Upscaling, Gaming Hub, Knox Security, Kostenlose Inhalte, Smart TV",https://www.amazon.de/dp/B0F62VGMHW,65.0,,,,,Amazon,DE,2026-09-23T09:28:25Z,B0F62VGMHW,,,,,
Samsung,"Samsung Crystal UHD U8079F 4K 85 Zoll (214 cm) LED Fernseher, Crystal Prozessor 4K, MetalStream Design, SmartThings, AI Upscaling, Gaming Hub, Knox Security, Kostenlose Inhalte, Smart TV",https://www.amazon.de/dp/B0F62T3RGK,85.0,,,,,Amazon,DE,2026-09-23T09:28:25Z,B0F62T3RGK,,,,,
LG,"LG OLED55G67LW 4K OLED Evo AI TV, 55 Zoll, α11 Gen3 Prozessor, webOS 26, 120Hz, VRR bis zu 165Hz, Modelljahr 2026, Energieklasse E",https://www.amazon.de/dp/B0GSGWWKH6,55.0,1699.0,1699.0,EUR,1699.0,Amazon,DE,2026-09-23T09:28:25Z,B0GSGWWKH6,,,,,
LG,"LG OLED77G67LW 4K OLED Evo AI TV, 77 Zoll, α11 Gen3 Prozessor, webOS 26, 120Hz, VRR bis zu 165Hz, Modelljahr 2026, Energieklasse E",https://www.amazon.de/dp/B0GSGYQ3S4,77.0,2850.98,2850.98,EUR,2850.98,Amazon,DE,2026-09-23T09:28:25Z,B0GSGYQ3S4,,,,,
LG,"LG OLED83G67LW 4K OLED Evo AI TV, 83 Zoll, α11 Gen3 Prozessor, webOS 26, 120Hz, VRR bis zu 165Hz, Modelljahr 2026, Energieklasse D",https://www.amazon.de/dp/B0GSRX1RNN,83.0,3899.0,3899.0,EUR,3899.0,Amazon,DE,2026-09-23T09:28:25Z,B0GSRX1RNN,,,,,
Hisense,"Hisense 100E7Q PRO Fernseher, 100 Zoll, 4K UHD QLED, Smart TV, 144Hz Game Mode, Filmmaker, AMD FreeSync Premium, AI HDR Upscaler, Built in Subwoofer, Sprachsteuerung, 2025",https://www.amazon.de/dp/B0F1N92VWF,100.0,1699.0,1699.0,EUR,1699.0,Amazon,DE,2026-09-23T09:28:25Z,B0F1N92VWF,,,,,
Hisense,"Hisense 43E7Q PRO Fehrnseher,43 Zoll, 4K UHD QLED, Smart TV,144Hz Game Mode PRO,Filmaker Mode, AMD FreeSync Premium,AI HDR Upscaler,Dolby Vision IQ,Dolby Atmos,Sprachsteuerung [2025]",https://www.amazon.de/dp/B0FFH953XW,43.0,,,,,Amazon,DE,2026-09-23T09:28:25Z,B0FFH953XW,,,,,
Hisense,"Hisense 75E7Q PRO Fehrnseher,75 Zoll,4K UHD QLED, Smart TV,144Hz Game Mode PRO,Filmaker Mode, AMD FreeSync Premium,AI HDR Upscaler,Dolby Vision IQ,Dolby Atmos,Sprachsteuerung [2025]",https://www.amazon.de/dp/B0F1N63F97,75.0,,,,,Amazon,DE,2026-09-23T09:28:25Z,B0F1N63F97,,,,,
Hisense,"Hisense 85E7Q PRO Fehrnseher,85 Zoll,4K UHD QLED, Smart TV,144Hz Game Mode PRO,Filmaker Mode, AMD FreeSync Premium,AI HDR Upscaler,Dolby Vision IQ,Dolby Atmos,Sprachsteuerung [2025]",https://www.amazon.de/dp/B0F1N6RKFQ,85.0,,,,,Amazon,DE,2026-09-23T09:28:25Z,B0F1N6RKFQ,,,,,
Sony,"Sony BRAVIA 3 - Direct LED 85 Zoll Fernseher (K85S32), X-Balanced Speaker, Dolby Vision/Atmos, IMAX Enhanced, Google TV (2025), Google Cast, Apple AirPlay 2, Eco Dashboard 2, Game Menu 2, Smart TV",https://www.amazon.de/dp/B0F4KVCDCW,85.0,,,,,Amazon,DE,2026-09-23T09:28:25Z,B0F4KVCDCW,,,,,
Panasonic,"Panasonic TV-55Z80AEZ, Z80 Serie 55 Zoll 4K Ultra HD OLED Smart TV, 2024, Fire TV, Dolby Vision & Atmos, Game Mode Extreme, Alexa Sprachsteuerung, Airplay, Schwarz",https://www.amazon.de/dp/B0DJCWNRWG,55.0,,,,,Amazon,DE,2026-09-23T09:28:25Z,B0DJCWNRWG,,,,,
Philips,"PHILIPS 24PHS6000 HD LED Smart TV - 24 Zoll Display mit Pixel Plus, Titan OS Plattform Und Dolby Digital Sound - Funktioniert Mit Alexa Und Google Sprachassistent",https://www.amazon.de/dp/B0F2N4KC8W,24.0,,,,,Amazon,DE,2026-09-23T09:28:25Z,B0F2N4KC8W,,,,,
Toshiba,Toshiba 32LF3F63DAZ Fernseher 32 Zoll Smart TV Full HD Amazon Fire TV HDR,https://www.amazon.de/dp/B0CYZRK65R,32.0,179.99,179.99,EUR,179.99,Amazon,DE,2026-09-23T09:28:25Z,B0CYZRK65R,,,,,
Toshiba,Toshiba 40LF2663DAZ Fernseher 40 Zoll Smart TV Full HD Amazon Fire TV HDR,https://www.amazon.de/dp/B0H99BJ8JF,40.0,239.99,239.99,EUR,239.99,Amazon,DE,2026-09-23T09:28:25Z,B0H99BJ8JF,,,,,
Toshiba,"Toshiba 50 Zoll Fernseher Fire TV (4K UHD Smart TV, HDR Dolby Vision, Triple-Tuner, Alexa Built-In, Sound by Onkyo) 50UF3F63DAZ",https://www.amazon.de/dp/B0DCZ8KZR9,50.0,,,,,Amazon,DE,2026-09-23T09:28:25Z,B0DCZ8KZR9,,,,,
Toshiba,"Toshiba 55 Zoll Fernseher Fire TV (4K UHD Smart TV, HDR Dolby Vision, Triple-Tuner, Alexa Built-In, Sound by Onkyo) 55UF3F63DAZ 2024",https://www.amazon.de/dp/B0DHHH6Q7B,55.0,,,,,Amazon,DE,2026-09-23T09:28:25Z,B0DHHH6Q7B,,,,,
Toshiba,"Toshiba 65 Zoll Fernseher Fire TV (4K UHD Smart TV, HDR Dolby Vision, Triple-Tuner, Alexa Built-In, Sound by Onkyo) 65UF3F63DAZ",https://www.amazon.de/dp/B0DCZ8L76W,65.0,,,,,Amazon,DE,2026-09-23T09:28:25Z,B0DCZ8L76W,,,,,
Toshiba,Toshiba 43UF3F63DAR Fernseher 43 Zoll Smart TV mit 4K UHD Amazon Fire TV,https://www.amazon.de/dp/B0DFY942V9,43.0,,,,,Amazon,DE,2026-09-23T09:28:25Z,B0DFY942V9,,,,,
Xiaomi,"Xiaomi TV F 32 2025, 32"" HD Smart TV Fire OS7 Triple Tuner L32MB-FAEU",https://www.amazon.de/dp/B0F4548TCQ,32.0,139.0,139.0,EUR,139.0,Amazon,DE,2026-09-23T09:28:25Z,B0F4548TCQ,,,,,
Xiaomi,"XIAOMI TV 43 Zoll 2026, 4K UHD, Smart TV, Fire OS8, HDR10, L43MB-FAVEU",https://www.amazon.de/dp/B0H448LDSH,43.0,329.0,329.0,EUR,329.0,Amazon,DE,2026-09-23T09:28:25Z,B0H448LDSH,,,,,
Xiaomi,"Xiaomi TV 50 Zoll (127 cm), 4K UHD Smart TV, Fire OS8, HDR10, L50MB-FAEU",https://www.amazon.de/dp/B0F45BXJ1C,50.0,299.0,299.0,EUR,299.0,Amazon,DE,2026-09-23T09:28:25Z,B0F45BXJ1C,,,,,
LG,"LG 50QNED82A6B, 50 Zoll (127 cm), 4K QNED AI TV, α7 Gen8 Prozessor, webOS 25, 60Hz, Modelljahr 2025",https://www.amazon.de/dp/B0F2JFT13B,50.0,,,,,Amazon,DE,2026-09-23T09:28:25Z,B0F2JFT13B,,,,,
LG,"LG 55QNED82A6B TV 55 Zoll (139 cm) 4K QNED AI TV (α7 Gen8 4K AI Prozessor, webOS 25, 60Hz) [Modelljahr 2025]",https://www.amazon.de/dp/B0F2JCV2WK,55.0,,,,,Amazon,DE,2026-09-23T09:28:25Z,B0F2JCV2WK,,,,,
LG,LG 43QNED82A6B TV 43 Zoll 4K QNED AI,https://www.amazon.de/dp/B0F2J9H6CC,43.0,,,,,Amazon,DE,2026-09-23T09:28:25Z,B0F2J9H6CC,,,,,
LG,"LG 65QNED82A6B TV 65 Zoll (165 cm) 4K QNED AI TV (α7 Gen8 4K AI Prozessor, webOS 25, 60Hz) [Modelljahr 2025]",https://www.amazon.de/dp/B0F2JBY8M7,65.0,,,,,Amazon,DE,2026-09-23T09:28:25Z,B0F2JBY8M7,,,,,
TCL,"TCL 75C7K 75 Zoll QD-Mini LED Fernseher, 4K HDR Premium 3000, Smart Google TV mit 144Hz Motion Clarity Pro (Dolby Vision IQ & Atmos, CrystGlow HVA Panel, Audio von Bang & Olufsen, Game Master)",https://www.amazon.de/dp/B0F5BP3VXC,75.0,,,,,Amazon,DE,2026-09-23T09:28:25Z,B0F5BP3VXC,,,,,
TCL,"TCL 85C7K 85 Zoll QD-Mini LED Fernseher, 4K HDR Premium 3000, Smart Google TV mit 144Hz Motion Clarity Pro (Dolby Vision IQ & Atmos, CrystGlow HVA Panel, Audio von Bang & Olufsen, Game Master)",https://www.amazon.de/dp/B0F5BSK9JW,85.0,,,,,Amazon,DE,2026-09-23T09:28:25Z,B0F5BSK9JW,,,,,
TCL,"TCL 98C7K 98 Zoll QD-Mini LED Fernseher, 4K HDR Premium 3000, Smart Google TV mit 144Hz Motion Clarity Pro (Dolby Vision IQ & Atmos, CrystGlow HVA Panel, Audio von Bang & Olufsen, Game Master)",https://www.amazon.de/dp/B0F5BL77MF,98.0,,,,,Amazon,DE,2026-09-23T09:28:25Z,B0F5BL77MF,,,,,
Hisense,"Hisense 65E7Q Fehrnseher, 65 Zoll, 4K UHD QLED, Smart TV, Game Mode Plus, Filmaker Mode, Dolby Vision Atmos, HDR10, HLG, HDR Immersive, AI 4K Upscaler, Dolby MS12, DTS X, Sprachsteuerung [2025]",https://www.amazon.de/dp/B0F1MRPC4B,65.0,519.0,519.0,EUR,519.0,Amazon,DE,2026-09-23T09:28:25Z,B0F1MRPC4B,,,,,
Hisense,"Hisense 50E7Q Fehrnseher, 50 Zoll, 4K QLED, Smart TV, Game Mode Plus, Filmaker Mode, Dolby Vision Atmos, HDR10, HLG, HDR Immersive, AI 4K Upscaler, Dolby MS12, DTS X, Sprachsteuerung [2025]",https://www.amazon.de/dp/B0F1MQRCGF,50.0,,,,,Amazon,DE,2026-09-23T09:28:25Z,B0F1MQRCGF,,,,,
Hisense,"Hisense 75E7Q Fehrnseher, 75 Zoll, 4K UHD QLED, Smart TV, Game Mode Plus, Filmaker Mode, Dolby Vision Atmos, HDR10, HLG, HDR Immersive, AI 4K Upscaler, Dolby MS12, DTS X, Sprachsteuerung [2025]",https://www.amazon.de/dp/B0F1MNRHYV,75.0,,,,,Amazon,DE,2026-09-23T09:28:25Z,B0F1MNRHYV,,,,,
Hisense,"Hisense 85E7Q Fehrnseher, 85 Zoll, 4K UHD QLED, Smart TV, Game Mode Plus, Filmaker Mode, Dolby Vision Atmos, HDR10, HLG, HDR Immersive, AI 4K Upscaler, DTS:X, Sprachsteuerung [2025]",https://www.amazon.de/dp/B0F1MR1FQ3,85.0,,,,,Amazon,DE,2026-09-23T09:28:25Z,B0F1MR1FQ3,,,,,
Panasonic,"Panasonic TN-43W70AEZ, W70-Serie 43 Zoll 4K Ultra HD LED Smart TV, 2024, Google Assistant, Chromecast, Dolby Vision & Atmos, Gaming-Modus, Bluetooth, für EIN außergewöhnliches visuelles Erlebnis",https://www.amazon.de/dp/B0D9MGL3TB,43.0,,,,,Amazon,DE,2026-09-23T09:28:25Z,B0D9MGL3TB,,,,,
Panasonic,"Panasonic -TN-50W70AEZ Televiseur, Farbe, 50"", TN-50W70AEZ",https://www.amazon.de/dp/B0D9MH3L6C,50.0,,,,,Amazon,DE,2026-09-23T09:28:25Z,B0D9MH3L6C,,,,,
Philips,"PHILIPS 75PUS7000 4K LED Smart TV - 75 Zoll Display mit Pixel Precise Ultra HD, Titan OS Plattform und Dolby Atmos Sound - Funktioniert mit Alexa und Google Sprachassistent",https://www.amazon.de/dp/B0F24WLLX9,75.0,639.99,639.99,EUR,639.99,Amazon,DE,2026-09-23T09:28:25Z,B0F24WLLX9,,,,,
Toshiba,Toshiba 43UV3463DAW Fernseher 43 Zoll VIDAA Smart TV mit 4K UHD Auflösung,https://www.amazon.de/dp/B0CW1Y4R81,43.0,299.99,299.99,EUR,299.99,Amazon,DE,2026-09-23T09:28:25Z,B0CW1Y4R81,,,,,
Toshiba,"Toshiba 55 Zoll VIDAA TV Fernseher (4K UHD Smart TV, HDR Dolby Vision, Triple-Tuner, Bluetooth, Dolby Audio) 55UV3463DAW",https://www.amazon.de/dp/B0CW1WDWS1,55.0,,,,,Amazon,DE,2026-09-23T09:28:25Z,B0CW1WDWS1,,,,,
Toshiba,"Toshiba 65 Zoll VIDAA TV Fernseher (4K UHD Smart TV, HDR Dolby Vision, Triple-Tuner, Bluetooth, Dolby Audio) 65UV3463DAW",https://www.amazon.de/dp/B0CW1WDPRR,65.0,,,,,Amazon,DE,2026-09-23T09:28:25Z,B0CW1WDPRR,,,,,
Toshiba,"Toshiba Fernseher 24 Zoll Smart TV - VIDAA TV (HD LED TV, HDR, Triple-Tuner) 24WV3463DAZ",https://www.amazon.de/dp/B0DJBSRRFH,24.0,169.99,169.99,EUR,169.99,Amazon,DE,2026-09-23T09:28:25Z,B0DJBSRRFH,,,,,
Toshiba,Toshiba 32LV3F63DAZ Fernseher 32 Zoll VIDAA Smart TV mit Full HD Auflösung,https://www.amazon.de/dp/B0FPWXB29Y,32.0,186.98,186.98,EUR,186.98,Amazon,DE,2026-09-23T09:28:25Z,B0FPWXB29Y,,,,,
Toshiba,"Toshiba 40LV2E63DAZ 40 Zoll Fernseher/VIDAA Smart TV (Full HD, HDR, Triple-Tuner, Bluetooth, Dolby Audio) [2024]",https://www.amazon.de/dp/B0CNKK8DCF,40.0,276.67,276.67,EUR,276.67,Amazon,DE,2026-09-23T09:28:25Z,B0CNKK8DCF,,,,,
Toshiba,"Toshiba 43QV3463DG 43"" QLED UltraHD 4K VIDAA",https://www.amazon.de/dp/B0DG36C62Y,43.0,,,,,Amazon,DE,2026-09-23T09:28:25Z,B0DG36C62Y,,,,,
Toshiba,"Toshiba 50QV2363DAW 50 Zoll QLED Fernseher/VIDAA Smart TV (4K UHD, HDR Dolby Vision, Triple-Tuner, Bluetooth, Dolby Audio)",https://www.amazon.de/dp/B0CQ5FZC9R,50.0,,,,,Amazon,DE,2026-09-23T09:28:25Z,B0CQ5FZC9R,,,,,
Samsung,"Samsung Neo QLED 4K QN90F 75 Zoll (189 cm) Mini LED Fernseher, Antireflexion, NQ4 AI Gen3 Prozessor, Neo Quantum HDR+, 4K Upscaling Pro, Dolby Atmos, Knox Security, Samsung Vision AI Smart TV",https://www.amazon.de/dp/B0DFVP4TBV,75.0,,,,,Amazon,DE,2026-09-23T09:28:25Z,B0DFVP4TBV,,,,,
Samsung,"Samsung Neo QLED 4K QN90F 85 Zoll (214 cm) Mini LED Fernseher, Antireflexion, NQ4 AI Gen3 Prozessor, Neo Quantum HDR+, 4K Upscaling Pro, Dolby Atmos, Knox Security, Samsung Vision AI Smart TV",https://www.amazon.de/dp/B0DFVTD5QZ,85.0,,,,,Amazon,DE,2026-09-23T09:28:25Z,B0DFVTD5QZ,,,,,
Samsung,"Samsung Neo QLED 4K QN90F 98 Zoll (249 cm) Mini LED Fernseher, Antireflexion, NQ4 AI Gen3 Prozessor, Neo Quantum HDR+, 4K Upscaling Pro, Dolby Atmos, Knox Security, Samsung Vision AI Smart TV",https://www.amazon.de/dp/B0DFVGVH41,98.0,,,,,Amazon,DE,2026-09-23T09:28:25Z,B0DFVGVH41,,,,,
Samsung,"Samsung Neo QLED 4K QN90F 65 Zoll (163 cm) Mini LED Fernseher, Antireflexion, NQ4 AI Gen3 Prozessor, Neo Quantum HDR+, 4K Upscaling Pro, Dolby Atmos, Knox Security, Samsung Vision AI Smart TV",https://www.amazon.de/dp/B0DFVNQLFX,65.0,,,,,Amazon,DE,2026-09-23T09:28:25Z,B0DFVNQLFX,,,,,
LG,"LG OLED55G57LW TV 55 Zoll (139 cm) 4K OLED evo AI TV (α11 Gen2 4K AI Prozessor, webOS 25, 120Hz (VRR bis zu 165Hz)) [Modelljahr 2025]",https://www.amazon.de/dp/B0F2JFZGNY,55.0,,,,,Amazon,DE,2026-09-23T09:28:25Z,B0F2JFZGNY,,,,,
LG,"LG OLED77G57LW TV 77 Zoll (195 cm) 4K OLED evo AI TV (α11 Gen2 4K AI Prozessor, webOS 25, 120Hz (VRR bis zu 165Hz)) [Modelljahr 2025]",https://www.amazon.de/dp/B0F228BQJL,77.0,,,,,Amazon,DE,2026-09-23T09:28:25Z,B0F228BQJL,,,,,
LG,"LG OLED83G57LW TV 83 Zoll (210 cm) 4K OLED evo AI TV (α11 Gen2 4K AI Prozessor, webOS 25, 120Hz (VRR bis zu 165Hz)) [Modelljahr 2025]",https://www.amazon.de/dp/B0F222MK9R,83.0,3769.05,3769.05,EUR,3769.05,Amazon,DE,2026-09-23T09:28:25Z,B0F222MK9R,,,,,
TCL,TCL QLED 43 Zoll 43P7K UltraHD 4K Dolby Atmos Google TV,https://www.amazon.de/dp/B0F8VZHXJM,43.0,319.0,319.0,EUR,319.0,Amazon,DE,2026-09-23T09:28:25Z,B0F8VZHXJM,,,,,
TCL,"Smart TV TCL 50P7K 50"" 4K Ultra HD HDR QLED",https://www.amazon.de/dp/B0F9FMTPH8,50.0,,,,,Amazon,DE,2026-09-23T09:28:25Z,B0F9FMTPH8,,,,,
TCL,"TCL 85P7K 85"" QLED 4K HDR TV, Google TV, Smart TV (Dolby Vision & Atmos, Game Master, Motion Clarity, Onkyo Audio System 2.1)",https://www.amazon.de/dp/B0FPQM3QJC,85.0,,,,,Amazon,DE,2026-09-23T09:28:25Z,B0FPQM3QJC,,,,,
Philips,"PHILIPS Ambilight 55MLED910 Mini LED 4K Smart TV - 55 Zoll Display mit P5 Perfect Picture Engine Ultra HD, Titan OS, Dolby Vision Und Dolby Atmos Sound",https://www.amazon.de/dp/B0F2N7K35H,55.0,659.0,659.0,EUR,659.0,Amazon,DE,2026-09-23T09:28:25Z,B0F2N7K35H,,,,,
Philips,"PHILIPS Ambilight 75MLED910 Mini LED 4K Smart TV - 75 Zoll Display mit P5 Perfect Picture Engine Ultra HD, Titan OS, Dolby Vision Und Dolby Atmos Sound",https://www.amazon.de/dp/B0F24XBNWV,75.0,1324.89,1324.89,EUR,1324.89,Amazon,DE,2026-09-23T09:28:25Z,B0F24XBNWV,,,,,
Toshiba,"Toshiba 55UV2363DAW 55 Zoll Fernseher/VIDAA Smart TV (4K UHD, HDR Dolby Vision, Triple-Tuner, Bluetooth, Dolby Audio)",https://www.amazon.de/dp/B0CQ5DG178,55.0,,,,,Amazon,DE,2026-09-23T09:28:25Z,B0CQ5DG178,,,,,
Toshiba,"Toshiba 65QV2363DAW 65 Zoll QLED Fernseher/VIDAA Smart TV (4K UHD, HDR Dolby Vision, Triple-Tuner, Dolby Audio) [2024]",https://www.amazon.de/dp/B0CNTRTHV7,65.0,,,,,Amazon,DE,2026-09-23T09:28:25Z,B0CNTRTHV7,,,,,
Toshiba,"Toshiba 43LV3E63DAZ 43 Zoll Fernseher/VIDAA Smart TV (Full HD, HDR, Triple-Tuner, Bluetooth, Dolby Audio)",https://www.amazon.de/dp/B0CQ5HKK9G,43.0,298.73,298.73,EUR,298.73,Amazon,DE,2026-09-23T09:28:25Z,B0CQ5HKK9G,,,,,
Xiaomi,"XIAOMI TV S Mini LED 65 Zoll (165 cm), QLED Mini LED TV, 4K UHD, HDR10+",https://www.amazon.de/dp/B0GJ3J2SGQ,65.0,749.0,749.0,EUR,749.0,Amazon,DE,2026-09-23T09:28:25Z,B0GJ3J2SGQ,,,,,
Xiaomi,"XIAOMI TV FX Mini LED 55"" QD Mini LED Smart TV, 4K UHD, Fire TV, HDR10+, 2026",https://www.amazon.de/dp/B0H26SBKX4,55.0,499.0,499.0,EUR,499.0,Amazon,DE,2026-09-23T09:28:25Z,B0H26SBKX4,,,,,
Xiaomi,"XIAOMI TV FX Mini LED 75 Zoll (190 cm), QD-Mini-LED-Smart-TV, 4K UHD",https://www.amazon.de/dp/B0H26V48FQ,75.0,849.0,849.0,EUR,849.0,Amazon,DE,2026-09-23T09:28:25Z,B0H26V48FQ,,,,,
Xiaomi,"XIAOMI TV S Mini LED 85 Zoll (216 cm), QLED Mini LED TV, 4K UHD, HDR10+",https://www.amazon.de/dp/B0GJ3HX67D,85.0,1399.0,1399.0,EUR,1399.0,Amazon,DE,2026-09-23T09:28:25Z,B0GJ3HX67D,,,,,
Xiaomi,"XIAOMI TV S Mini LED 98 Zoll (249 cm), QLED Mini LED TV, 4K UHD, HDR10+",https://www.amazon.de/dp/B0GJ3MP3Z8,98.0,2199.0,2199.0,EUR,2199.0,Amazon,DE,2026-09-23T09:28:25Z,B0GJ3MP3Z8,,,,,
LG,"LG OLED42C6ELB 4K OLED Evo AI TV, 42 Zoll, α11 Gen3 Prozessor, webOS 26, 120Hz, VRR bis zu 165Hz, Modelljahr 2026, Energieklasse G",https://www.amazon.de/dp/B0GSH2NHSZ,42.0,999.0,999.0,EUR,999.0,Amazon,DE,2026-09-23T09:28:25Z,B0GSH2NHSZ,,,,,
LG,"LG OLED77C6ELB 4K OLED Evo AI TV, 77 Zoll, α11 Gen3 Prozessor, webOS 26, 120Hz, VRR bis zu 165Hz, Modelljahr 2026, Energieklasse E",https://www.amazon.de/dp/B0GSH4GVKC,77.0,2199.0,2199.0,EUR,2199.0,Amazon,DE,2026-09-23T09:28:25Z,B0GSH4GVKC,,,,,
LG,"LG OLED83C6ELB TV 83 Zoll (210 cm) 4K OLED evo AI TV (α11 Gen3 4K AI Prozessor, webOS 26, 120Hz (VRR bis zu 165Hz)) [Modelljahr 2026] [Energieklasse D]",https://www.amazon.de/dp/B0GSH5L491,83.0,2799.0,2799.0,EUR,2799.0,Amazon,DE,2026-09-23T09:28:25Z,B0GSH5L491,,,,,
Hisense,"Hisense 75U7Q Pro Fernseher 75 Zoll, 4K Mini LED, Smart TV, Hi-View AI Engine Pro, 165Hz Game Mode Ultra, FreeSync Premium Pro, 2.1.2 ch. Surround Sound, Dolby Vision IQ Atmos, Sprachsteuerung [2025]",https://www.amazon.de/dp/B0F24F77CN,75.0,1476.84,1476.84,EUR,1476.84,Amazon,DE,2026-09-23T09:28:25Z,B0F24F77CN,,,,,
Hisense,"Hisense TV 100"" Mini-LED 165Hz 4K 2025 100U7Q PRO, VIDAA U9 Smart TV mit 1000+APP, Dolby Vision IQ, HDR 10+ Adaptive, 165Hz Game Mode Ultra, Dolby Atmos 2.1.2 mit Subwoofer, Alexa Built-in",https://www.amazon.de/dp/B0F1YST2D4,100.0,,,,,Amazon,DE,2026-09-23T09:28:25Z,B0F1YST2D4,,,,,
Hisense,"Hisense 55U7Q Pro Fernseher 55 Zoll, 4K Mini LED, Smart TV, Hi-View AI Engine Pro, 165Hz Game Mode Ultra, FreeSync Premium Pro, 2.1.2 Ch. Surround Sound, Dolby Vision IQ Atmos, Sprachsteuerung [2025]",https://www.amazon.de/dp/B0F24CNGSS,55.0,,,,,Amazon,DE,2026-09-23T09:28:25Z,B0F24CNGSS,,,,,
Philips,Philips Ambilight TV | 55OLED708/12 | 139 cm (55 Zoll) 4K UHD OLED Fernseher | 120 Hz | HDR | Dolby Vision | Google TV | VRR | WiFi | Bluetooth | DTS:X | Sprachsteuerung,https://www.amazon.de/dp/B0C6L282L1,55.0,,,,,Amazon,DE,2026-09-23T09:28:25Z,B0C6L282L1,,,,,
Philips,"PHILIPS Ambilight 65OLED759 4K OLED Smart TV - 65-Zoll Display mit P5 AI Perfect Picture Ultra HD, Titan OS, Dolby Vision und Dolby Atmos, Funktioniert mit Alexa und Google Sprachassistent",https://www.amazon.de/dp/B0D3VNJVHW,65.0,1619.0,1619.0,EUR,1619.0,Amazon,DE,2026-09-23T09:28:25Z,B0D3VNJVHW,,,,,
Xiaomi,"XIAOMI F2 Smart Fire TV 43 Zoll, 108 cm Fernseher (4K UHD, HDR10, Rahmenloses Metallgehäuse, Prime Video, Netflix, Alexa Sprachsteuerung, HDMI 2.1, Bluetooth, USB, Triple Tuner) Modelljahr:2022",https://www.amazon.de/dp/B09XY1G7PT,43.0,,,,,Amazon,DE,2026-09-23T09:28:25Z,B09XY1G7PT,,,,,
Xiaomi,"Xiaomi TV Pro 32 Zoll 2025 QLED Smart TV Fire OS7 Triple Tuner, L32MB-FPEU",https://www.amazon.de/dp/B0F457M449,32.0,159.0,159.0,EUR,159.0,Amazon,DE,2026-09-23T09:28:25Z,B0F457M449,,,,,
Xiaomi,"Xiaomi TV F Pro 43 Zoll 2025 QLED TV, 4K Ultra HD, Fire TV, L43MB-FPEU",https://www.amazon.de/dp/B0F454D76T,43.0,299.0,299.0,EUR,299.0,Amazon,DE,2026-09-23T09:28:25Z,B0F454D76T,,,,,
Xiaomi,"Xiaomi TV F Pro 50 (127 cm), 4K UHD QLED, Smart TV, Fire OS8, MEMC",https://www.amazon.de/dp/B0F45835F8,50.0,399.0,399.0,EUR,399.0,Amazon,DE,2026-09-23T09:28:25Z,B0F45835F8,,,,,
Xiaomi,"Xiaomi TV Pro 65 Zoll 2025, 4K UHD QLED Smart Fire TV HDR10+ L65MB-FPEU",https://www.amazon.de/dp/B0F454CH49,65.0,599.0,599.0,EUR,599.0,Amazon,DE,2026-09-23T09:28:25Z,B0F454CH49,,,,,
Xiaomi,"Xiaomi TV F Pro 75 (190 cm), 4K UHD QLED, Smart TV, Fire OS8, HDR10+, MEMC",https://www.amazon.de/dp/B0F45BLD1H,75.0,549.0,549.0,EUR,549.0,Amazon,DE,2026-09-23T09:28:25Z,B0F45BLD1H,,,,,
Samsung,"Samsung Neo QLED QN70H 4K 55 Zoll (138 cm), Quantum-Mini-LED für ultrafeine Kontraste, UHD Fernseher, 4K AI Upscaling, Adaptive Sound+, Gaming Hub, Motion Xcelerator 144Hz, AI Companion, Smart TV",https://www.amazon.de/dp/B0GXZDFK7F,55.0,849.0,849.0,EUR,849.0,Amazon,DE,2026-09-23T09:28:25Z,B0GXZDFK7F,,,,,
LG,"LG 65QNED83B6A TV 65 Zoll (165 cm) 4K QNED evo Mini LED AI TV (α8 Gen3 4K AI Prozessor, webOS 26, 120Hz (VRR bis zu 144Hz)) [Modelljahr 2026] [Energieklasse F]",https://www.amazon.de/dp/B0GSGZ5489,65.0,865.7,865.7,EUR,865.7,Amazon,DE,2026-09-23T09:28:25Z,B0GSGZ5489,,,,,
Hisense,"Hisense 85E7S PRO 215cm 85"" 4K QLED Smart TV Fernseher (85E7S PRO)",https://www.amazon.de/dp/B0GR6KRXBJ,85.0,1179.0,1179.0,EUR,1179.0,Amazon,DE,2026-09-23T09:28:25Z,B0GR6KRXBJ,,,,,
Philips,"PHILIPS Ambilight 43PUS8200 4K LED Smart TV - 43 Zoll Display mit Pixel Precise Ultra HD, Titan OS, Dolby Vision und Dolby Atmos Sound, 2025",https://www.amazon.de/dp/B0F2N565FP,43.0,349.0,349.0,EUR,349.0,Amazon,DE,2026-09-23T09:28:25Z,B0F2N565FP,,,,,
Philips,"PHILIPS Ambilight 55PUS8200 4K LED Smart TV - 55 Zoll Display mit Pixel Precise Ultra HD, Titan OS, Dolby Vision und Dolby Atmos Sound, 2025",https://www.amazon.de/dp/B0F2N7LRL4,55.0,,,,,Amazon,DE,2026-09-23T09:28:25Z,B0F2N7LRL4,,,,,
