brand_raw,raw_text,url,size_hint_inch,price_hint_eur,price_local,currency,price_eur,platform,country,scraped_at,asin,elkjop_sku,model_year,filter_year,source_brand,fx_rate_date
Samsung,"Samsung Smart TV 50-Inch U7020H Crystal UHD 4K TV, HDR10+, Motion Xcelerator, Dynamic Sound Pack, Gaming Hub, Knox Security, Vision AI Companion [2026]",https://www.amazon.co.uk/dp/B0GWJK91S6,50.0,336.15,289.0,GBP,336.15,Amazon,GB,2026-08-23T04:54:16Z,B0GWJK91S6,,,,,2026-07-01
Samsung,"Samsung Smart TV 43-Inch U7020H Crystal UHD 4K TV, HDR10+, Motion Xcelerator, Dynamic Sound Pack, Gaming Hub, Knox Security, Vision AI Companion [2026]",https://www.amazon.co.uk/dp/B0GWJMJMKV,43.0,301.26,259.0,GBP,301.26,Amazon,GB,2026-08-23T04:54:16Z,B0GWJMJMKV,,,,,2026-07-01
Samsung,"Samsung Smart TV 55-Inch U7020H Crystal UHD 4K TV, HDR10+, Motion Xcelerator, Dynamic Sound Pack, Gaming Hub, Knox Security, Vision AI Companion [2026]",https://www.amazon.co.uk/dp/B0GWJGV816,55.0,405.94,349.0,GBP,405.94,Amazon,GB,2026-08-23T04:54:16Z,B0GWJGV816,,,,,2026-07-01
Samsung,"Samsung Smart TV 43'' U8000F Crystal UHD 4K TV, Crystal Processor 4K, Motion Xcelerator, Gaming Hub, Knox Security, Metal Stream Design [2025]",https://www.amazon.co.uk/dp/B0F6VX56W8,43.0,266.36,229.0,GBP,266.36,Amazon,GB,2026-08-23T04:54:16Z,B0F6VX56W8,,,,,2026-07-01
Samsung,"Samsung Smart TV 43-Inch U8000H Crystal UHD 4K TV, HDR10+, Motion Xcelerator, Dynamic Sound Pack, Gaming Hub, Knox Security, Vision AI Companion [2026]",https://www.amazon.co.uk/dp/B0GYZQ5XDK,43.0,301.26,259.0,GBP,301.26,Amazon,GB,2026-08-23T04:54:16Z,B0GYZQ5XDK,,,,,2026-07-01
Samsung,"Samsung Smart TV 65-Inch U7020H Crystal UHD 4K TV, HDR10+, Motion Xcelerator, Dynamic Sound Pack, Gaming Hub, Knox Security, Vision AI Companion [2026]",https://www.amazon.co.uk/dp/B0GWJ51X7T,65.0,545.52,469.0,GBP,545.52,Amazon,GB,2026-08-23T04:54:16Z,B0GWJ51X7T,,,,,2026-07-01
Hisense,"Hisense 43"" 43E6QTUK 4K Ultra HD Smart TV AI TV - 4K UHD, Hi-View AI Engine, Precision Colour, AI Smooth Motion, Sports Mode with Freely, Disney +, YouTube, Netflix",https://www.amazon.co.uk/dp/B0F7WLZN2T,43.0,231.47,199.0,GBP,231.47,Amazon,GB,2026-08-23T04:54:16Z,B0F7WLZN2T,,,,,2026-07-01
Samsung,Samsung 55 Inch Crystal UHD U8020F Smart TV,https://www.amazon.co.uk/dp/B0F6VSSSWX,55.0,405.94,349.0,GBP,405.94,Amazon,GB,2026-08-23T04:54:16Z,B0F6VSSSWX,,,,,2026-07-01
Samsung,"Samsung 32 Inch, 720p, T4300 LED HDR Smart TV With Contrast Enhancer, Ultra Clean View & Purcolour Image Technology Built-In, HDMI, USB, Easy To Set Up, App Connectivity",https://www.amazon.co.uk/dp/B089RR148Y,32.0,219.84,189.0,GBP,219.84,Amazon,GB,2026-08-23T04:54:16Z,B089RR148Y,,,,,2026-07-01
Samsung,"Samsung Smart TV 55-Inch S84F 4K OLED Television for Live Football & Home Cinema, OLED HDR, 4K AI Upscaling, Motion Xcelerator 120Hz Gaming TV, Dolby Atmos, Vision AI [2025] [Energy Class G]",https://www.amazon.co.uk/dp/B0G96NWP4X,55.0,813.05,699.0,GBP,813.05,Amazon,GB,2026-08-23T04:54:16Z,B0G96NWP4X,,,,,2026-07-01
Samsung,"Samsung Smart TV 50'' U7000F Crystal UHD 4K TV, Crystal Processor 4K, Object Tracking Sound Lite, Endless Free Content, Gaming Hub, Knox Security, Metal Stream Design [2025] (Renewed)",https://www.amazon.co.uk/dp/B0H7JBKR5K,50.0,261.7,224.99,GBP,261.7,Amazon,GB,2026-08-23T04:54:16Z,B0H7JBKR5K,,,,,2026-07-01
Samsung,"Samsung Smart TV 50-Inch U8000H Crystal UHD 4K TV, HDR10+, Motion Xcelerator, Dynamic Sound Pack, Gaming Hub, Knox Security, Vision AI Companion [2026]",https://www.amazon.co.uk/dp/B0GYZN51TT,50.0,359.42,309.0,GBP,359.42,Amazon,GB,2026-08-23T04:54:16Z,B0GYZN51TT,,,,,2026-07-01
Samsung,"Samsung 65"" QLED Q7FA 4K, Q4 AI Processor, 100% Colour Volume with Quantum Dot, Knox Security, Endless Free Content, Samsung Vision AI Smart TV, 2025",https://www.amazon.co.uk/dp/B0F6VXNQ6C,65.0,638.57,549.0,GBP,638.57,Amazon,GB,2026-08-23T04:54:16Z,B0F6VXNQ6C,,,,,2026-07-01
Samsung,"Samsung 65"" Q7F5 Vision AI 4K Smart TV, Q4 AI Processor, Bixby Voice Assistant, Quantum HDR, Object Tracking Sound Lite, One UI Tizen, 2025",https://www.amazon.co.uk/dp/B0F6VKL1P2,65.0,696.73,599.0,GBP,696.73,Amazon,GB,2026-08-23T04:54:16Z,B0F6VKL1P2,,,,,2026-07-01
Samsung,"Samsung Smart TV 32-Inch LS03C The Frame Television [2025] | Object Tracking Sound Lite, Tizen OS & Gaming Hub, QLED Technology, Matte Display",https://www.amazon.co.uk/dp/B0C2VJ1QR5,32.0,371.05,319.0,GBP,371.05,Amazon,GB,2026-08-23T04:54:16Z,B0C2VJ1QR5,,,,,2026-07-01
Samsung,"Samsung Smart TV 55-Inch U8000H Crystal UHD 4K TV, HDR10+, Motion Xcelerator, Dynamic Sound Pack, Gaming Hub, Knox Security, Vision AI Companion [2026]",https://www.amazon.co.uk/dp/B0GYZYM2DC,55.0,440.84,379.0,GBP,440.84,Amazon,GB,2026-08-23T04:54:16Z,B0GYZYM2DC,,,,,2026-07-01
Samsung,"Samsung 40-Inch Class Full HD F6000 Smart TV (2025 Model) HDR, Object Tracking Sound Lite, Knox Security, One UI Tizen, Sm...",https://www.amazon.co.uk/dp/B0DXN1CFFR,40.0,,,,,Amazon,GB,2026-08-23T04:54:16Z,B0DXN1CFFR,,,,,
Xiaomi,"XIAOMI TV F 32, 32 Inch (81 cm), HD, Smart TV, Fire TV, Dolby Audio™, DTS Virtual:X S Alexa Voice Control, Works with Apple AirPlay, [Model Year] | DTS Virtual:X, Alexa, DTS-HD, Voice Control, Works with Apple AirPlay",https://www.amazon.co.uk/dp/B0FCXRJ6V5,32.0,117.48,101.0,GBP,117.48,Amazon,GB,2026-08-23T04:54:16Z,B0FCXRJ6V5,,,,,2026-07-01
Samsung,"Samsung Smart TV Q5F 32-Inch, QLED Full HD, Quantum Dot Colour, HDR, Contrast Enhancer, Tizen OS, Gaming Hub, Slim Look Design, [2026]",https://www.amazon.co.uk/dp/B0GYZ8D9HC,32.0,382.68,329.0,GBP,382.68,Amazon,GB,2026-08-23T04:54:16Z,B0GYZ8D9HC,,,,,2026-07-01
Samsung,Samsung 55 Inch QLED Q7F2 AI Smart TV,https://www.amazon.co.uk/dp/B0F6NMYGZ5,55.0,521.09,448.0,GBP,521.09,Amazon,GB,2026-08-23T04:54:16Z,B0F6NMYGZ5,,,,,2026-07-01
Samsung,"Samsung 65"" QLED QEF1 4K, Q4 AI Processor, Knox Security, 100% Colour Volume with Quantum Dot, Endless Free Content, Samsung Vision AI Smart TV, 2025",https://www.amazon.co.uk/dp/B0F6VNX7X9,65.0,522.26,449.0,GBP,522.26,Amazon,GB,2026-08-23T04:54:16Z,B0F6VNX7X9,,,,,2026-07-01
Samsung,"Samsung Smart TV 43-Inch QN70H Neo QLED 4K Quantum Mini LED, HDR 10+, Motion Xcelerator, Adpative Sound+, Gaming Hub, Knox Security, Voice Control with AI(VAC), Alexa Built-in [2026]",https://www.amazon.co.uk/dp/B0GYZ7Z8B5,43.0,580.41,499.0,GBP,580.41,Amazon,GB,2026-08-23T04:54:16Z,B0GYZ7Z8B5,,,,,2026-07-01
Samsung,"Samsung UE32T4300AEX 32"" Smart HD Ready TV, 2023",https://www.amazon.co.uk/dp/B0BYR6BBVR,32.0,219.84,189.0,GBP,219.84,Amazon,GB,2026-08-23T04:54:16Z,B0BYR6BBVR,,,,,2026-07-01
Samsung,"Samsung Smart TV 55-Inch S83H, 4K OLED, Motion Xcelerator 120Hz [2026] | AI Upscaling, OLED HDR, Gaming Optimiser, Vision AI Companion, Object Tracking Sound Lite & Alexa Built-in",https://www.amazon.co.uk/dp/B0GYZKRK7N,55.0,1510.94,1299.0,GBP,1510.94,Amazon,GB,2026-08-23T04:54:16Z,B0GYZKRK7N,,,,,2026-07-01
Samsung,"Samsung Smart TV 43"" Q7FA QLED 4K TV, Real QLED Certified, Q4 AI Processor, 100% Colour Volume with Quantum Dot, Knox Security, Endless Free Content, Samsung Vision AI [2025]",https://www.amazon.co.uk/dp/B0F6VTV71J,43.0,,,,,Amazon,GB,2026-08-23T04:54:16Z,B0F6VTV71J,,,,,
Samsung,"Samsung Smart TV 43'' U7000F Crystal UHD 4K TV, Crystal Processor 4K, Object Tracking Sound Lite, Endless Free Content, Gaming Hub, Knox Security, Metal Stream Design [2025]",https://www.amazon.co.uk/dp/B0F6TQGCC8,43.0,,,,,Amazon,GB,2026-08-23T04:54:16Z,B0F6TQGCC8,,,,,
Samsung,"Samsung Smart TV 50"" Q7F2 QLED 4K TV, Real QLED Certified, Q4 AI Processor, 100% Colour Volume with Quantum Dot, Knox Security, Endless Free Content, Samsung Vision AI [2025] | Real QLED Certified, Q4 AI Processor, 100% Colour Volume with Quantum Dot, Knox Security, Samsung Vision AI",https://www.amazon.co.uk/dp/B0F6NSJWL9,50.0,,,,,Amazon,GB,2026-08-23T04:54:16Z,B0F6NSJWL9,,,,,
Samsung,Samsung 50 Inch Crystal UHD U8020F Smart TV,https://www.amazon.co.uk/dp/B0F6VTVCW6,50.0,382.68,329.0,GBP,382.68,Amazon,GB,2026-08-23T04:54:16Z,B0F6VTVCW6,,,,,2026-07-01
Samsung,"Samsung 55"" QLED Q7FA 4K, Q4 AI Processor, 100% Colour Volume with Quantum Dot, Knox Security, Endless Free Content, Samsung Vision AI Smart TV, 2025",https://www.amazon.co.uk/dp/B0F6VR94Y4,55.0,,,,,Amazon,GB,2026-08-23T04:54:16Z,B0F6VR94Y4,,,,,
Samsung,Samsung 32 Inch HD H5000 Smart TV,https://www.amazon.co.uk/dp/B0F6VMCYRW,32.0,,,,,Amazon,GB,2026-08-23T04:54:16Z,B0F6VMCYRW,,,,,
Samsung,"Samsung 50 Inch CU7100 UHD HDR Smart TV (2023) - 4K Crystal Processor, Adaptive Sound Audio, PurColour, Built In Gaming TV Hub, Smart TV Streaming (Renewed)",https://www.amazon.co.uk/dp/B0C78G7MC2,50.0,295.43,253.99,GBP,295.43,Amazon,GB,2026-08-23T04:54:16Z,B0C78G7MC2,,,,,2026-07-01
LG,LG 43LR60006LA 43-Inch FHD Smart TV (alpha 5 AI Processor Gen6,https://www.amazon.co.uk/dp/B0FR5HDG5Q,43.0,208.2,179.0,GBP,208.2,Amazon,GB,2026-08-23T04:54:16Z,B0FR5HDG5Q,,,,,2026-07-01
Samsung,"Samsung 55"" 4K QN80F, NQ4 AI Gen2 Processor, 4K AI Upscaling, Quantum Matrix Technology Core, OTS Lite, Samsung Vision AI,...",https://www.amazon.co.uk/dp/B0DF6Q5TFX,55.0,756.04,649.99,GBP,756.04,Amazon,GB,2026-08-23T04:54:16Z,B0DF6Q5TFX,,,,,2026-07-01
Samsung,Samsung 75 Inch Crystal UHD U8020F Smart TV,https://www.amazon.co.uk/dp/B0F6VQZFCB,75.0,719.99,619.0,GBP,719.99,Amazon,GB,2026-08-23T04:54:16Z,B0F6VQZFCB,,,,,2026-07-01
Samsung,"Samsung TV 24"" LED FHD 4K SmartTV TU24F6005FKXXC [Country Version French, Spanish, Portuguese]...[Country Version French, Spanish, Portuguese]",https://www.amazon.co.uk/dp/B0F22BB8VV,24.0,266.47,229.09,GBP,266.47,Amazon,GB,2026-08-23T04:54:16Z,B0F22BB8VV,,,,,2026-07-01
LG,"LG 43QNED70A6A 43-Inch 4K UHD Smart TV (α7 AI Processor, Amazon Alexa, 60Hz) [Model 2025]",https://www.amazon.co.uk/dp/B0FDR8BQMX,43.0,289.51,248.9,GBP,289.51,Amazon,GB,2026-08-23T04:54:16Z,B0FDR8BQMX,,,,,2026-07-01
Samsung,"Samsung QLED Q7F 50"" 4K Smart TV with AI Vision, 100% Color Volume with Quantum Dot, HDR10+, Q4 AI Processor, One UI Tizen, Wi-Fi, Bluetooth 5.3 and Motion Xcelerator",https://www.amazon.co.uk/dp/B0FFSVPJ7Y,50.0,395.41,339.95,GBP,395.41,Amazon,GB,2026-08-23T04:54:16Z,B0FFSVPJ7Y,,,,,2026-07-01
Samsung,"Samsung Smart TV M1EH 43-Inch, 4K Mini LED, Vision AI Companion [2026] | Mini LED HDR, Motion Xcelerator, Dynamic Sound Pack, Gaming Hub",https://www.amazon.co.uk/dp/B0GYZ3H27Q,43.0,382.68,329.0,GBP,382.68,Amazon,GB,2026-08-23T04:54:16Z,B0GYZ3H27Q,,,,,2026-07-01
Samsung,"Samsung 50"" 4K QN90F, NQ4 AI Gen3 Processor, 4K AI Upscaling Pro, Neo Quantum HDR+, Glare Free, Samsung Vision AI, 2025",https://www.amazon.co.uk/dp/B0DFVV7WT1,50.0,,,,,Amazon,GB,2026-08-23T04:54:16Z,B0DFVV7WT1,,,,,
TCL,"TCL 32SF560-UK 32"" Full HD QLED Direct LED Smart TV with Fire TV, Alexa Voice Control, Vivid Colour & Enhanced Brightness | Press & Ask Alexa, Metallic Bezel-Less Design",https://www.amazon.co.uk/dp/B0F9PP6BKT,32.0,160.52,138.0,GBP,160.52,Amazon,GB,2026-08-23T04:54:16Z,B0F9PP6BKT,,,,,2026-07-01
Samsung,"Samsung 55"" S90F, NQ4 AI Gen3 Processor, 4K AI Upscaling Pro, OLED HDR+, Motion Xcelerator 144Hz, Samsung Vision AI, 2025",https://www.amazon.co.uk/dp/B0F6VNBGQC,55.0,1045.68,899.0,GBP,1045.68,Amazon,GB,2026-08-23T04:54:16Z,B0F6VNBGQC,,,,,2026-07-01
Samsung,Samsung QE65Q60C 65 inch Smart 4K HDR QLED TV,https://www.amazon.co.uk/dp/B0BX76B4V8,65.0,564.12,484.99,GBP,564.12,Amazon,GB,2026-08-23T04:54:16Z,B0BX76B4V8,,,,,2026-07-01
Samsung,"Samsung Neo QLED 4K QN70F 55"" Mini LED TV NQ4 AI Gen2 Quantum Matrix Technology Slim, Motion Xcelerator 144Hz, AirSlim, Samsung Vision, AI Smart TV",https://www.amazon.co.uk/dp/B0FM8TDCTT,55.0,626.94,539.0,GBP,626.94,Amazon,GB,2026-08-23T04:54:16Z,B0FM8TDCTT,,,,,2026-07-01
Samsung,Samsung T5300 32 Inch Full HD HDR Smart LED TV,https://www.amazon.co.uk/dp/B09HR4STPF,32.0,243.1,209.0,GBP,243.1,Amazon,GB,2026-08-23T04:54:16Z,B09HR4STPF,,,,,2026-07-01
Samsung,"Samsung QLED Q7F 4K 55"" Smart TV with AI Vision, 100% Color Volume with Quantum Dot, HDR10+, Q4 AI Processor, One UI Tizen, Wi-Fi, Bluetooth 5.3 and Motion Xcelerator",https://www.amazon.co.uk/dp/B0FM8SY9ZK,55.0,440.84,379.0,GBP,440.84,Amazon,GB,2026-08-23T04:54:16Z,B0FM8SY9ZK,,,,,2026-07-01
Samsung,"Samsung Smart TV 65-Inch QN70H Neo QLED 4K Quantum Mini LED, HDR 10+, Motion Xcelerator, Adpative Sound+, Gaming Hub, Knox Security, Voice Control with AI(VAC), Alexa Built-in [2026]",https://www.amazon.co.uk/dp/B0GYZKS4MB,65.0,1103.83,949.0,GBP,1103.83,Amazon,GB,2026-08-23T04:54:16Z,B0GYZKS4MB,,,,,2026-07-01
Samsung,"Samsung Smart TV 85-Inch U7020H Crystal UHD 4K TV, HDR10+, Motion Xcelerator, Dynamic Sound Pack, Gaming Hub, Knox Security, Vision AI Companion [2026]",https://www.amazon.co.uk/dp/B0GWJ1FDDH,85.0,1103.83,949.0,GBP,1103.83,Amazon,GB,2026-08-23T04:54:16Z,B0GWJ1FDDH,,,,,2026-07-01
Samsung,"Samsung Smart TV 55 Inch U8020H Crystal UHD 4K TV, HDR10+, Motion Xcelerator, Dynamic Sound Pack, Gaming Hub, Knox Security, Vision AI Companion [2026]",https://www.amazon.co.uk/dp/B0GYZ7TSXS,55.0,440.84,379.0,GBP,440.84,Amazon,GB,2026-08-23T04:54:16Z,B0GYZ7TSXS,,,,,2026-07-01
Samsung,"Samsung Smart TV 43-Inch LS03HE The Frame, 4K QLED Glare Free, HDR 10+, Motion Xcelerator 144Hz, Dolby Atmos, Gaming Hub, FreeSync Premium, Art Mode, VAC, Alexa Built-in [2026]",https://www.amazon.co.uk/dp/B0GYYR5P7N,43.0,987.52,849.0,GBP,987.52,Amazon,GB,2026-08-23T04:54:16Z,B0GYYR5P7N,,,,,2026-07-01
Samsung,Samsung QE55Q60C 55 inch QLED 4K Ultra HD HDR Smart TV,https://www.amazon.co.uk/dp/B0D1VRDRBH,55.0,395.46,339.99,GBP,395.46,Amazon,GB,2026-08-23T04:54:16Z,B0D1VRDRBH,,,,,2026-07-01
Samsung,"Samsung HD Smart TV 32'' UE32H5000FKXZT HD, Hyper Real Processor, HDR & Pur Color, Smart Experience, OTS Lite & Adaptive Sound, SlimLook Design, 2025",https://www.amazon.co.uk/dp/B0DF6NHYS6,32.0,408.51,351.21,GBP,408.51,Amazon,GB,2026-08-23T04:54:16Z,B0DF6NHYS6,,,,,2026-07-01
Samsung,"Samsung Smart TV 55-Inch QN70H Neo QLED 4K Quantum Mini LED, HDR 10+, Motion Xcelerator, Adpative Sound+, Gaming Hub, Knox Security, Voice Control with AI(VAC), Alexa Built-in [2026]",https://www.amazon.co.uk/dp/B0GYZV6H3Y,55.0,929.36,799.0,GBP,929.36,Amazon,GB,2026-08-23T04:54:16Z,B0GYZV6H3Y,,,,,2026-07-01
Samsung,"Samsung Smart TV 65-Inch Mini LED M70H 4K, UHD TV, Mini LED HDR, Motion Xcelerator 144Hz, Dynamic Sound Pack, AI Companion for questions [2026]",https://www.amazon.co.uk/dp/B0GYZP78W9,65.0,719.99,619.0,GBP,719.99,Amazon,GB,2026-08-23T04:54:16Z,B0GYZP78W9,,,,,2026-07-01
Samsung,Samsung 43 Inch Neo QLED 4K with Mini LED QN93F Glare Free AI Smart TV,https://www.amazon.co.uk/dp/B0DFVW7D2G,43.0,813.05,699.0,GBP,813.05,Amazon,GB,2026-08-23T04:54:16Z,B0DFVW7D2G,,,,,2026-07-01
Samsung,Samsung OLED 55 Inch S93F AI Smart TV,https://www.amazon.co.uk/dp/B0F6VX3S9N,55.0,1161.99,999.0,GBP,1161.99,Amazon,GB,2026-08-23T04:54:16Z,B0F6VX3S9N,,,,,2026-07-01
Samsung,"Samsung Smart TV 50-Inch QN70H Neo QLED 4K Quantum Mini LED, HDR 10+, Motion Xcelerator, Adpative Sound+, Gaming Hub, Knox Security, Voice Control with AI(VAC), Alexa Built-in [2026]",https://www.amazon.co.uk/dp/B0GYZN5YMJ,50.0,813.05,699.0,GBP,813.05,Amazon,GB,2026-08-23T04:54:16Z,B0GYZN5YMJ,,,,,2026-07-01
Samsung,"Samsung 55QN70F Neo QLED Smart TV, Mini LED, 138 cm, 4K Ultra HD (2025)",https://www.amazon.co.uk/dp/B0F9X28L93,55.0,626.94,539.0,GBP,626.94,Amazon,GB,2026-08-23T04:54:16Z,B0F9X28L93,,,,,2026-07-01
Samsung,"Samsung Smart TV 75-Inch U8000H Crystal UHD 4K TV, HDR10+, Motion Xcelerator, Dynamic Sound Pack, Gaming Hub, Knox Security, Vision AI Companion [2026]",https://www.amazon.co.uk/dp/B0GYZ9KWHQ,75.0,789.78,679.0,GBP,789.78,Amazon,GB,2026-08-23T04:54:16Z,B0GYZ9KWHQ,,,,,2026-07-01
Samsung,"Samsung 55"" 4K QN85F, NQ4 AI Gen2 Processor, 4K AI Upscaling, Neo Quantum HDR+, Glare Free, Samsung Vision AI, 2025",https://www.amazon.co.uk/dp/B0F6VD73DY,55.0,871.2,749.0,GBP,871.2,Amazon,GB,2026-08-23T04:54:16Z,B0F6VD73DY,,,,,2026-07-01
Samsung,"Samsung QES90F 42"" 4K Ultra HD OLED HDR Smart TV - QE42S90F",https://www.amazon.co.uk/dp/B0FNRXK2HX,42.0,801.41,689.0,GBP,801.41,Amazon,GB,2026-08-23T04:54:16Z,B0FNRXK2HX,,,,,2026-07-01
Samsung,"Samsung Smart TV 50-Inch QN80H Neo QLED 4K, Quantum Mini LED, NQ HDR+, Motion Xcelerator, Dolby Atmos & OTS Lite, Gaming Hub, Knox Security, Vision AI Companion, Alexa Built-in [2026]",https://www.amazon.co.uk/dp/B0GYZPLTHG,50.0,871.2,749.0,GBP,871.2,Amazon,GB,2026-08-23T04:54:16Z,B0GYZPLTHG,,,,,2026-07-01
Samsung,"Samsung Neo QLED 8K 2024 75QN800D 75"" Smart TV with 8K Resolution, More Speakers Than Ever With Dolby Atmos and Q-Symphony, the Best Smart TV and No Cables with Slim One Connect",https://www.amazon.co.uk/dp/B0CSDRC72L,75.0,5487.64,4717.89,GBP,5487.64,Amazon,GB,2026-08-23T04:54:16Z,B0CSDRC72L,,,,,2026-07-01
Samsung,"Samsung 43"" Q8F, Q4 Ai Processor, Quantum HDR+, Motion Xcelerator, Air Slim Design, Samsung Vision AI, 2025",https://www.amazon.co.uk/dp/B0F6VKLHR6,43.0,439.64,377.97,GBP,439.64,Amazon,GB,2026-08-23T04:54:16Z,B0F6VKLHR6,,,,,2026-07-01
Hisense,"Hisense 43"" 43E78QTUK QLED Smart AI TV - 4K Direct Lit Viewing, Quantum Dot Colour, Hi-View AI Engine, Dolby Vision, Dolby Atmos with Freely, Disney +, YouTube, Netflix",https://www.amazon.co.uk/dp/B0F7WM1171,43.0,312.89,269.0,GBP,312.89,Amazon,GB,2026-08-23T04:54:16Z,B0F7WM1171,,,,,2026-07-01
Samsung,"Samsung UE32T4300AK 81,3 cm (32"") HD Smart TV Wi-Fi Nero",https://www.amazon.co.uk/dp/B08V1XJC1G,32.0,219.84,189.0,GBP,219.84,Amazon,GB,2026-08-23T04:54:16Z,B08V1XJC1G,,,,,2026-07-01
Samsung,"Samsung Q7F 43"" 4K Ultra HD QLED Smart TV",https://www.amazon.co.uk/dp/B0FM3ZTMKS,43.0,,,,,Amazon,GB,2026-08-23T04:54:16Z,B0FM3ZTMKS,,,,,
Samsung,"Samsung 50"" The Frame LS03FA, NQ4 AI Gen2 Processor, QLED, Matte Display, Modern Frame Design & Art Mode, Samsung Vision A...",https://www.amazon.co.uk/dp/B0F5WXCBK1,50.0,731.63,629.0,GBP,731.63,Amazon,GB,2026-08-23T04:54:16Z,B0F5WXCBK1,,,,,2026-07-01
Samsung,"Samsung Smart TV 50-Inch Mini LED M72H 4K, UHD TV, Mini LED HDR, Motion Xcelerator, Dynamic Sound Pack, AI Companion for questions [2026]",https://www.amazon.co.uk/dp/B0GYZH5DGQ,50.0,498.99,429.0,GBP,498.99,Amazon,GB,2026-08-23T04:54:16Z,B0GYZH5DGQ,,,,,2026-07-01
Samsung,"Samsung Smart TV 43-Inch Mini LED M72H 4K, UHD TV, Mini LED HDR, Motion Xcelerator, Dynamic Sound Pack, AI Companion for questions [2026]",https://www.amazon.co.uk/dp/B0GYZ7Q2ZH,43.0,405.94,349.0,GBP,405.94,Amazon,GB,2026-08-23T04:54:16Z,B0GYZ7Q2ZH,,,,,2026-07-01
Samsung,"Samsung Smart TV 65-Inch LS03HA The Frame, 4K QLED, Glare-Free, HDR 10+, Motion Xcelerator 144Hz, Dolby Atmos, Gaming Hub, FreeSync Premium, Art Mode, Voice Control with AI(VAC), Alexa Built-in [2026]",https://www.amazon.co.uk/dp/B0GYZKDCW5,65.0,1859.89,1599.0,GBP,1859.89,Amazon,GB,2026-08-23T04:54:16Z,B0GYZKDCW5,,,,,2026-07-01
Samsung,"Samsung Smart TV 27-Inch The Movingstyle QHD Portable Television [2025] | Touch Screen, Built-in Battery, 120Hz Gaming TV, HDR10+, Dolby Atmos",https://www.amazon.co.uk/dp/B0G98STGYR,27.0,1161.99,999.0,GBP,1161.99,Amazon,GB,2026-08-23T04:54:16Z,B0G98STGYR,,,,,2026-07-01
Samsung,"Samsung TV QLED 65"" Q60D 2024, 4K, Smart TV",https://www.amazon.co.uk/dp/B0CS6Z8RTB,65.0,,,,,Amazon,GB,2026-08-23T04:54:16Z,B0CS6Z8RTB,,,,,
Samsung,"Samsung 65"" 4K QN70F, NQ4 AI Gen2 Processor, 4K AI Upscaling, Quantum Matrix Technology Slim, OTS Lite, Samsung Vision AI,...",https://www.amazon.co.uk/dp/B0DF989T6J,65.0,871.2,749.0,GBP,871.2,Amazon,GB,2026-08-23T04:54:16Z,B0DF989T6J,,,,,2026-07-01
Samsung,"Samsung Smart TV 55-Inch S95H OLED 4K, Glare-Free, HDR 10+, Motion Xcelerator 165Hz, Dolby Atmos, Gaming Hub, FreeSync Premium Pro, G-Sync, Voice Control with AI(VAC), Alexa Built-in [2026]",https://www.amazon.co.uk/dp/B0GYZ7VDN9,55.0,2441.46,2099.0,GBP,2441.46,Amazon,GB,2026-08-23T04:54:16Z,B0GYZ7VDN9,,,,,2026-07-01
Samsung,"Samsung Smart TV QN1EH 65-Inch, Neo QLED 4K, Glare-Free, NQ HDR, Motion Xcelerator, Object Tracking Sound Lite with Gaming Hub and Vision AI Companion, & Alexa Built-in [2026]",https://www.amazon.co.uk/dp/B0GYZ7V6SB,65.0,1045.68,899.0,GBP,1045.68,Amazon,GB,2026-08-23T04:54:16Z,B0GYZ7V6SB,,,,,2026-07-01
Samsung,"Samsung Smart TV 65-Inch U8000H Crystal UHD 4K TV, HDR10+, Motion Xcelerator, Dynamic Sound Pack, Gaming Hub, Knox Security, Vision AI Companion [2026]",https://www.amazon.co.uk/dp/B0GYZQXH2Y,65.0,580.41,499.0,GBP,580.41,Amazon,GB,2026-08-23T04:54:16Z,B0GYZQXH2Y,,,,,2026-07-01
Samsung,"Samsung QE77S91FAEXXU 77"" S91F 4K OLED HDR+ WIFI & Bluetooth enabled Motion Xcelerator 144Hz 4 HDMI, 2 USB, Vision AI Smart TV - Alexa Voice Assistant",https://www.amazon.co.uk/dp/B0GH1RR8CB,77.0,2208.83,1899.0,GBP,2208.83,Amazon,GB,2026-08-23T04:54:16Z,B0GH1RR8CB,,,,,2026-07-01
Samsung,"Samsung Smart TV 85-Inch U8000H Crystal UHD 4K TV, HDR10+, Motion Xcelerator, Dynamic Sound Pack, Gaming Hub, Knox Security, Vision AI Companion [2026]",https://www.amazon.co.uk/dp/B0GYZ6M35S,85.0,1161.99,999.0,GBP,1161.99,Amazon,GB,2026-08-23T04:54:16Z,B0GYZ6M35S,,,,,2026-07-01
Samsung,"Samsung 75"" Neo QLED QN1EF 4K, NQ4 AI Processor, Quantum Matrix Technology, Vision AI Smart TV, 2025",https://www.amazon.co.uk/dp/B0F6VKGXV8,75.0,1336.47,1149.0,GBP,1336.47,Amazon,GB,2026-08-23T04:54:16Z,B0F6VKGXV8,,,,,2026-07-01
Samsung,"Samsung Smart TV 55-Inch LS03HA The Frame, 4K QLED, Glare-Free, HDR 10+, Motion Xcelerator 144Hz, Dolby Atmos, Gaming Hub, FreeSync Premium, Art Mode, Voice Control with AI(VAC), Alexa Built-in [2026]",https://www.amazon.co.uk/dp/B0GYZH2TQB,55.0,1510.94,1299.0,GBP,1510.94,Amazon,GB,2026-08-23T04:54:16Z,B0GYZH2TQB,,,,,2026-07-01
Samsung,"Samsung Smart TV 55-Inch Mini LED M72H 4K, UHD TV, Mini LED HDR, Motion Xcelerator, Dynamic Sound Pack, AI Companion for questions [2026]",https://www.amazon.co.uk/dp/B0GYZ9QXZZ,55.0,557.15,479.0,GBP,557.15,Amazon,GB,2026-08-23T04:54:16Z,B0GYZ9QXZZ,,,,,2026-07-01
Samsung,"Samsung 55"" S95F, NQ4 AI Gen3 Processor, 4K AI Upscaling,OLED HDR Pro, Motion Xcelerator 165Hz, Samsung Vision AI, 2025",https://www.amazon.co.uk/dp/B0F6TQKN1T,55.0,1592.36,1369.0,GBP,1592.36,Amazon,GB,2026-08-23T04:54:16Z,B0F6TQKN1T,,,,,2026-07-01
Samsung,Samsung 75 Inch Neo QLED 8K with Mini LED QN900F Glare Free AI Smart TV,https://www.amazon.co.uk/dp/B0F6VRPG67,75.0,2674.1,2299.0,GBP,2674.1,Amazon,GB,2026-08-23T04:54:16Z,B0F6VRPG67,,,,,2026-07-01
Samsung,"Samsung Smart TV 48 Inch S90H OLED 4K, Glare-Free, HDR10+, Motion Xcelerator 165Hz, Dolby Atmos & OTS Lite, Gaming Hub, FreeSync Premium Pro, Knox Security, AI Voice Control, Alexa Built-in [2026]",https://www.amazon.co.uk/dp/B0GYYXSMD3,48.0,1394.62,1199.0,GBP,1394.62,Amazon,GB,2026-08-23T04:54:16Z,B0GYYXSMD3,,,,,2026-07-01
Samsung,"Samsung Smart TV Q5F 40-Inch, QLED Full HD, Quantum Dot Colour, HDR, Contrast Enhancer, Tizen OS, Gaming Hub, Slim Look Design, [2026]",https://www.amazon.co.uk/dp/B0GYZ7QNT9,40.0,405.94,349.0,GBP,405.94,Amazon,GB,2026-08-23T04:54:16Z,B0GYZ7QNT9,,,,,2026-07-01
Samsung,Samsung QE32LS03C 32-inch QLED TV The Frame,https://www.amazon.co.uk/dp/B0BWFPKGMZ,32.0,371.05,319.0,GBP,371.05,Amazon,GB,2026-08-23T04:54:16Z,B0BWFPKGMZ,,,,,2026-07-01
Samsung,"Samsung Smart TV M1EH 65-Inch, 4K Mini LED, Vision AI Companion [2026] | Mini LED HDR, Motion Xcelerator, Dynamic Sound Pack, Gaming Hub",https://www.amazon.co.uk/dp/B0GYZ8PPP8,65.0,847.94,729.0,GBP,847.94,Amazon,GB,2026-08-23T04:54:16Z,B0GYZ8PPP8,,,,,2026-07-01
Samsung,"Samsung Series 4 UE32T4302AE 81,3 cm (32"") HD Smart TV Wifi Noir",https://www.amazon.co.uk/dp/B0C277D7N8,32.0,215.18,185.0,GBP,215.18,Amazon,GB,2026-08-23T04:54:16Z,B0C277D7N8,,,,,2026-07-01
Samsung,"Samsung TU27F6005F 27"" Full HD LED HDR HDR10+ Smart TV",https://www.amazon.co.uk/dp/B0F227T2DK,27.0,303.46,260.89,GBP,303.46,Amazon,GB,2026-08-23T04:54:16Z,B0F227T2DK,,,,,2026-07-01
LG,"LG 32LQ63806LC 32inch LED Full HD Smart TV, Model 2024",https://www.amazon.co.uk/dp/B0D17VJPSD,32.0,231.47,199.0,GBP,231.47,Amazon,GB,2026-08-23T04:54:16Z,B0D17VJPSD,,,,,2026-07-01
Samsung,"Samsung HG32CF800EU HCF8000 Series - 32"" LED-backlit LCD TV - QLED - Full HD - for hotel/hospitality",https://www.amazon.co.uk/dp/B0FVLL714C,32.0,439.07,377.48,GBP,439.07,Amazon,GB,2026-08-23T04:54:16Z,B0FVLL714C,,,,,2026-07-01
Samsung,"Samsung Smart TV 65-Inch U7000H Crystal UHD 4K TV, HDR10+, Motion Xcelerator, Dynamic Sound Pack, Gaming Hub, Knox Security, Vision AI Companion [2026]",https://www.amazon.co.uk/dp/B0GZ342L5C,65.0,545.52,469.0,GBP,545.52,Amazon,GB,2026-08-23T04:54:16Z,B0GZ342L5C,,,,,2026-07-01
Samsung,"Samsung Smart TV M1EH 55-Inch, 4K Mini LED, Vision AI Companion [2026] | Mini LED HDR, Motion Xcelerator, Dynamic Sound Pack, Gaming Hub",https://www.amazon.co.uk/dp/B0GYZKS4MN,55.0,673.47,579.0,GBP,673.47,Amazon,GB,2026-08-23T04:54:16Z,B0GYZKS4MN,,,,,2026-07-01
Samsung,"Samsung Smart TV 100-Inch M90H Mini LED 4K, HDR 10+, Motion Xcelerator 144Hz, Adaptive Sound+, Gaming Hub, FreeSync Premium, AI Football Mode, Voice Control with AI(VAC), Alexa Built-in [2026]",https://www.amazon.co.uk/dp/B0GYZK89X3,100.0,2325.15,1999.0,GBP,2325.15,Amazon,GB,2026-08-23T04:54:16Z,B0GYZK89X3,,,,,2026-07-01
Samsung,"Samsung QN88D 55"" Neo QLED 4K, Quantum Matrix Technology, Dolby Atmos, NQ4 AI Gen2 Processor, Neo Quantum HDR, Motion Xcelerator 120Hz, QE55QN88DBTXXU, English Model (2024)",https://www.amazon.co.uk/dp/B0CYBTHTX2,55.0,929.36,799.0,GBP,929.36,Amazon,GB,2026-08-23T04:54:16Z,B0CYBTHTX2,,,,,2026-07-01
Samsung,"Samsung Smart TV 65-Inch LS03HW The Frame Pro, 4K Neo QLED, Art Mode, Modern Frame Design, Glare Free, HDR10+, Motion Xcelerator 144Hz, Dolby Atmos, Vision AI Companion, Alexa [2026]",https://www.amazon.co.uk/dp/B0GYZRF1HD,65.0,2092.52,1799.0,GBP,2092.52,Amazon,GB,2026-08-23T04:54:16Z,B0GYZRF1HD,,,,,2026-07-01
Samsung,"Samsung Smart TV 55-Inch R85H Micro RGB 4K, HDR+, Motion Xcelerator 144Hz, Dolby Atmos & OTS Lite, Gaming Hub, FreeSync Premium Pro, Knox Security, Vision AI Companion, Alexa Built-in [2026]",https://www.amazon.co.uk/dp/B0GYZNYXH2,55.0,1394.62,1199.0,GBP,1394.62,Amazon,GB,2026-08-23T04:54:16Z,B0GYZNYXH2,,,,,2026-07-01
Samsung,Samsung QN32LS03CBFXZA 32 Inch The Frame QLED Smart TV with Art Mode and 2 Year Amber Protection Plan (2023),https://www.amazon.co.uk/dp/B0D4SSM4V1,32.0,382.68,329.0,GBP,382.68,Amazon,GB,2026-08-23T04:54:16Z,B0D4SSM4V1,,,,,2026-07-01
Samsung,"Samsung QE83S91FAEXXU 83"" S91F 4K OLED HDR+ WIFI & Bluetooth enabled Motion Xcelerator 144Hz 4 HDMI, 2 USB, Vision AI Smart TV - Alexa Voice Assistant",https://www.amazon.co.uk/dp/B0GH17C5JS,83.0,2790.41,2399.0,GBP,2790.41,Amazon,GB,2026-08-23T04:54:16Z,B0GH17C5JS,,,,,2026-07-01
Samsung,"Samsung Smart TV QN1EH 55-Inch, Neo QLED 4K, Glare-Free, NQ HDR, Motion Xcelerator, Object Tracking Sound Lite with Gaming Hub and Vision AI Companion, & Alexa Built-in [2026]",https://www.amazon.co.uk/dp/B0GYZBDF12,55.0,871.2,749.0,GBP,871.2,Amazon,GB,2026-08-23T04:54:16Z,B0GYZBDF12,,,,,2026-07-01
Samsung,SAMSUNG QN55LS03FAFXZA 55 Inch The Frame QLED 4K Art Mode Vision AI Smart TV with 4 Year Amber Protection Plan (2025),https://www.amazon.co.uk/dp/B0F56JGVSM,55.0,929.36,799.0,GBP,929.36,Amazon,GB,2026-08-23T04:54:16Z,B0F56JGVSM,,,,,2026-07-01
Samsung,"Samsung Smart TV 85-Inch QN70H Neo QLED 4K Quantum Mini LED, HDR 10+, Motion Xcelerator, Adpative Sound+, Gaming Hub, Knox Security, Voice Control with AI(VAC), Alexa Built-in [2026]",https://www.amazon.co.uk/dp/B0GYZMQPFY,85.0,2325.15,1999.0,GBP,2325.15,Amazon,GB,2026-08-23T04:54:16Z,B0GYZMQPFY,,,,,2026-07-01
Samsung,SAMSUNG QLED TV 50 Inch QE50Q60CAU,https://www.amazon.co.uk/dp/B0C2777WL7,50.0,,,,,Amazon,GB,2026-08-23T04:54:16Z,B0C2777WL7,,,,,
Samsung,"Samsung TV 75"" QN95D Neo QLED 4K Mini LED TV, Infinity One Design, Dolby Atmos, Quantum Matrix Technology, Motion Xcelerator 144Hz, Object Tracking Sound+",https://www.amazon.co.uk/dp/B0CYBMWVG9,75.0,2092.52,1799.0,GBP,2092.52,Amazon,GB,2026-08-23T04:54:16Z,B0CYBMWVG9,,,,,2026-07-01
Samsung,"Samsung TV The Frame 55"" (2025) 4K Smart TV - TQ55LS03FAUXXC [Country Version French, Spanish, Portuguese]...[Country version French, Spanish, Portuguese]",https://www.amazon.co.uk/dp/B0F2295TXB,55.0,929.36,799.0,GBP,929.36,Amazon,GB,2026-08-23T04:54:16Z,B0F2295TXB,,,,,2026-07-01
Samsung,"Samsung TV QLED 50"" Q60D 2024, 4K, Smart TV",https://www.amazon.co.uk/dp/B0CS3J3B7V,50.0,857.58,737.29,GBP,857.58,Amazon,GB,2026-08-23T04:54:16Z,B0CS3J3B7V,,,,,2026-07-01
Samsung,SAMSUNG 50Q80D - QLED 50 TV (127cm) - 4K UHD 3840x2160 - HDR+ - Smart TV - Gaming Hub - 4xHDMI - WiFi,https://www.amazon.co.uk/dp/B0CSKKKXBZ,50.0,922.14,792.79,GBP,922.14,Amazon,GB,2026-08-23T04:54:16Z,B0CSKKKXBZ,,,,,2026-07-01
Samsung,"Samsung Smart TV 75-Inch QN70H Neo QLED 4K Quantum Mini LED, HDR 10+, Motion Xcelerator, Adpative Sound+, Gaming Hub, Knox Security, Voice Control with AI(VAC), Alexa Built-in [2026]",https://www.amazon.co.uk/dp/B0GYZNNGNV,75.0,1743.57,1499.0,GBP,1743.57,Amazon,GB,2026-08-23T04:54:16Z,B0GYZNNGNV,,,,,2026-07-01
Samsung,Samsung 65 Inch Neo QLED 8K with Mini LED QN990F Glare Free AI Smart TV,https://www.amazon.co.uk/dp/B0F6VVSYBN,65.0,3488.3,2999.0,GBP,3488.3,Amazon,GB,2026-08-23T04:54:16Z,B0F6VVSYBN,,,,,2026-07-01
Samsung,"Samsung TV QLED 43"" Q60D 2024, 4K, Smart TV",https://www.amazon.co.uk/dp/B0CRZCY6PB,43.0,,,,,Amazon,GB,2026-08-23T04:54:16Z,B0CRZCY6PB,,,,,
Samsung,"Samsung TV 43 Inch The Frame LS03F 4K Smart TV, Art Gallery with Matte Display, Interchangeable Frames, 100% Color Volume with Quantum Dot and Almost Invisible Cable with One Connect",https://www.amazon.co.uk/dp/B0F229Y3KG,43.0,696.73,599.0,GBP,696.73,Amazon,GB,2026-08-23T04:54:16Z,B0F229Y3KG,,,,,2026-07-01
Samsung,"Samsung 65"" QN800D Neo QLED 8K, NQ8 AI Gen2 Processor, Infinity One Design with One Connect Box, Dolby Atmos, Neo Quantum ...",https://www.amazon.co.uk/dp/B0CYBZDNGQ,65.0,,,,,Amazon,GB,2026-08-23T04:54:16Z,B0CYBZDNGQ,,,,,
Samsung,"Samsung Smart TV QN1EH 85-Inch, Neo QLED 4K, Glare-Free, NQ HDR, Motion Xcelerator, Object Tracking Sound Lite with Gaming Hub and Vision AI Companion, & Alexa Built-in [2026]",https://www.amazon.co.uk/dp/B0GYZPTN4Y,85.0,2208.83,1899.0,GBP,2208.83,Amazon,GB,2026-08-23T04:54:16Z,B0GYZPTN4Y,,,,,2026-07-01
Samsung,"SAMSUNG 2023 55S90C OLED Smart TV 55"" OLED Quantum HDR 1500, Quantum 4K Processor with AI, Dolby Atmos and Motion Xcelerat...",https://www.amazon.co.uk/dp/B0BRJDFGYY,55.0,,,,,Amazon,GB,2026-08-23T04:54:16Z,B0BRJDFGYY,,,,,
Samsung,Samsung 43 Inch TV SMART 4K QLED TV QE43Q7FAAU Ultra HD HDR Alexa Bixby TV,https://www.amazon.co.uk/dp/B0GX9RZL7R,43.0,,,,,Amazon,GB,2026-08-23T04:54:16Z,B0GX9RZL7R,,,,,
Samsung,Samsung The Frame 50 Inch (2025) 4K Smart TV - TQ50LS03FAUXXC [Spanish version],https://www.amazon.co.uk/dp/B0F225B9KJ,50.0,786.29,676.0,GBP,786.29,Amazon,GB,2026-08-23T04:54:16Z,B0F225B9KJ,,,,,2026-07-01
Samsung,Samsung UE40H5500 - LED Smart TV,https://www.amazon.co.uk/dp/B00KBXXC6U,40.0,,,,,Amazon,GB,2026-08-23T04:54:16Z,B00KBXXC6U,,,,,
Samsung,Samsung HG46EC890 200 Hz TV,https://www.amazon.co.uk/dp/B00JA5AUGK,46.0,1163.14,999.99,GBP,1163.14,Amazon,GB,2026-08-23T04:54:16Z,B00JA5AUGK,,,,,2026-07-01
Samsung,"Samsung 77"" S90D OLED 4K, OLED HDR+, LaserSlim Design, Dolby Atmos, Motion Xcelerator 144Hz, NQ4 AI Gen2 Processor",https://www.amazon.co.uk/dp/B0D1YGG2ZW,77.0,2208.83,1899.0,GBP,2208.83,Amazon,GB,2026-08-23T04:54:16Z,B0D1YGG2ZW,,,,,2026-07-01
Samsung,Samsung 65Q70D - QLED TV 65'' (165cm) - 4K UHD 3840x2160 - 120 Hz - HDR10+ - Gaming Hub - Smart TV - 4xHDMI,https://www.amazon.co.uk/dp/B0CSDBDM94,65.0,1287.02,1106.49,GBP,1287.02,Amazon,GB,2026-08-23T04:54:16Z,B0CSDBDM94,,,,,2026-07-01
Samsung,"Samsung AU9000 65 Inch 4K Smart TV (2021) - Slim Ultra HD TV With Alexa Built-In, Game Mode, Motion Xcelerator Turbo, 4K Crystal Processor, Dynamic Crystal Colour, Object Tracking Sound – UE65AU9000",https://www.amazon.co.uk/dp/B08Y7338TW,65.0,,,,,Amazon,GB,2026-08-23T04:54:16Z,B08Y7338TW,,,,,
Samsung,SAMSUNG 50Q80C QLED TV 4K UHD 50 (125cm) Smart TV 4 Ports HDMI,https://www.amazon.co.uk/dp/B0BQRHQSKN,50.0,1287.02,1106.49,GBP,1287.02,Amazon,GB,2026-08-23T04:54:16Z,B0BQRHQSKN,,,,,2026-07-01
Samsung,"Samsung Smart TV 48-Inch S83H, 4K OLED, Motion Xcelerator 120Hz [2026] | AI Upscaling, OLED HDR, Gaming Optimiser, Vision AI Companion, Object Tracking Sound Lite & Alexa Built-in",https://www.amazon.co.uk/dp/B0GYZS4PML,48.0,1278.31,1099.0,GBP,1278.31,Amazon,GB,2026-08-23T04:54:16Z,B0GYZS4PML,,,,,2026-07-01
Samsung,"Samsung 50 Inch Crystal UHD U8005 4K Smart TV, Amazing Colors with Crystal Processor 4K, Listen to All Speakers with Q-Symphony, Protected Data, Knox Security and Gaming Hub",https://www.amazon.co.uk/dp/B0F2FNJ3H6,50.0,590.29,507.49,GBP,590.29,Amazon,GB,2026-08-23T04:54:16Z,B0F2FNJ3H6,,,,,2026-07-01
Samsung,"Samsung Smart TV 75-Inch Mini LED M72H 4K, UHD TV, Mini LED HDR, Motion Xcelerator, Dynamic Sound Pack, AI Companion for questions [2026]",https://www.amazon.co.uk/dp/B0GYZKYZWG,75.0,987.52,849.0,GBP,987.52,Amazon,GB,2026-08-23T04:54:16Z,B0GYZKYZWG,,,,,2026-07-01
Samsung,"Samsung The Frame 4K 2024 43LS03D 43"" Smart TV with Art Gallery with Matte Display, Interchangeable Frames, 100% Color Volume with Quantum Dot and One Connect and Nearly Invisible Cable",https://www.amazon.co.uk/dp/B0CXTNBS93,43.0,696.73,599.0,GBP,696.73,Amazon,GB,2026-08-23T04:54:16Z,B0CXTNBS93,,,,,2026-07-01
Samsung,"Samsung 48"" OLED 4K UHD TV - TQ48S90DAE",https://www.amazon.co.uk/dp/B0DCGHLNZQ,48.0,1430.2,1229.59,GBP,1430.2,Amazon,GB,2026-08-23T04:54:16Z,B0DCGHLNZQ,,,,,2026-07-01
Samsung,"Samsung 50 Inch Neo QLED QN90F 4K Mini LED Smart TV with AI Vision, Glare Free Screen and Quantum Matrix Technology Plus",https://www.amazon.co.uk/dp/B0F2241BR4,50.0,1501.86,1291.19,GBP,1501.86,Amazon,GB,2026-08-23T04:54:16Z,B0F2241BR4,,,,,2026-07-01
Samsung,"Samsung 65"" QN85D Neo QLED 4K, Quantum Matrix Technology, Dolby Atmos, NQ4 AI Gen2 Processor, Neo Quantum HDR, Motion Xcelerator 120Hz",https://www.amazon.co.uk/dp/B0CYBZM6S3,65.0,,,,,Amazon,GB,2026-08-23T04:54:16Z,B0CYBZM6S3,,,,,
Samsung,"Samsung LT24E310EX 23"" HD ready Black LED TV - LED TVs (HD ready, A, 16:9, Mega Contrast, Black, 1366 x 768 pixels)",https://www.amazon.co.uk/dp/B00ZC8J56U,23.0,875.86,753.0,GBP,875.86,Amazon,GB,2026-08-23T04:54:16Z,B00ZC8J56U,,,,,2026-07-01
Samsung,Samsung TV UE50U8072 Crystal UHD (UE50U8072FUXXH),https://www.amazon.co.uk/dp/B0FMF8VJB1,50.0,529.42,455.16,GBP,529.42,Amazon,GB,2026-08-23T04:54:16Z,B0FMF8VJB1,,,,,2026-07-01
Samsung,"Samsung 50"" TU7100 HDR Smart 4K TV with Tizen OS",https://www.amazon.co.uk/dp/B085RY5MDK,50.0,790.93,679.99,GBP,790.93,Amazon,GB,2026-08-23T04:54:16Z,B085RY5MDK,,,,,2026-07-01
Samsung,"Smart TV Samsung QE55Q60T 55"" 4K Ultra HD QLED WiFi Zwart",https://www.amazon.co.uk/dp/B083QXCKY5,55.0,1908.74,1641.0,GBP,1908.74,Amazon,GB,2026-08-23T04:54:16Z,B083QXCKY5,,,,,2026-07-01
Samsung,Samsung 55 inch UHD TV UE55CU7172U,https://www.amazon.co.uk/dp/B0C279HDSX,55.0,707.19,607.99,GBP,707.19,Amazon,GB,2026-08-23T04:54:16Z,B0C279HDSX,,,,,2026-07-01
Samsung,"Samsung HG50Q60AAEU 127 cm (50"") 4K Ultra HD Smart TV Black 20 W",https://www.amazon.co.uk/dp/B0BCK7MLRF,50.0,805.14,692.2,GBP,805.14,Amazon,GB,2026-08-23T04:54:16Z,B0BCK7MLRF,,,,,2026-07-01
Samsung,"Samsung UE65RU7105 2019 65"" Smart TV with 4K UHD Resolution, Ultra Dimming, HDR (HDR10+), 4K Processor, One Remote Experience, Apple TV and Alexa Compatible",https://www.amazon.co.uk/dp/B07PMS9NG9,65.0,3230.08,2777.0,GBP,3230.08,Amazon,GB,2026-08-23T04:54:16Z,B07PMS9NG9,,,,,2026-07-01
Xiaomi,"XIAOMI TV F Pro 43, 43 Inch (101 cm) 4K QLED Smart TV, Fire TV, HDR10+ | MEMC, Alexa Voice Control, 2GB+32GB, Works with Apple AirPlay",https://www.amazon.co.uk/dp/B0FCY8MNS4,43.0,231.47,199.0,GBP,231.47,Amazon,GB,2026-08-23T04:54:16Z,B0FCY8MNS4,,,,,2026-07-01
Samsung,Samsung T28E310 28 -inch LCD 50 Hz TV,https://www.amazon.co.uk/dp/B013DUSOZG,28.0,1510.94,1299.0,GBP,1510.94,Amazon,GB,2026-08-23T04:54:16Z,B013DUSOZG,,,,,2026-07-01
Samsung,Samsung TV 65 Inch (2025) Neo QLED 4K UHD - TQ65QN90FATXXC [Spanish version],https://www.amazon.co.uk/dp/B0F222XVF4,65.0,2213.01,1902.59,GBP,2213.01,Amazon,GB,2026-08-23T04:54:16Z,B0F222XVF4,,,,,2026-07-01
Hisense,"Hisense 65"" 65U7QTUK MiniLED QLED 144Hz Smart AI TV - Hi-View AI Engine, 144Hz Game Mode PRO, 2.1 Channel, Dolby Atmos, Quantum Dot Colour, Anti-Reflection with Freely, Disney +, YouTube, Netflix",https://www.amazon.co.uk/dp/B0F7WC5H3X,65.0,754.89,649.0,GBP,754.89,Amazon,GB,2026-08-23T04:54:16Z,B0F7WC5H3X,,,,,2026-07-01
Samsung,Samsung UE32F5000 32-inch Widescreen 1080p Full HD LED TV with Freeview HD,https://www.amazon.co.uk/dp/B00BP58C1S,32.0,372.69,320.41,GBP,372.69,Amazon,GB,2026-08-23T04:54:16Z,B00BP58C1S,,,,,2026-07-01
Samsung,"Samsung Smart TV 48 Inch S93H OLED 4K, Glare Free, HDR10+, Motion Xcelerator 165Hz, Dolby Atmos & OTS, Dual Tuner, Gaming Hub, FreeSync Premium Pro, Knox Security, AI Voice Control, Alexa [2026]",https://www.amazon.co.uk/dp/B0GYZPYYGB,48.0,1394.62,1199.0,GBP,1394.62,Amazon,GB,2026-08-23T04:54:16Z,B0GYZPYYGB,,,,,2026-07-01
Samsung,"Samsung Smart TV M1EH 75-Inch, 4K Mini LED, Vision AI Companion [2026] | Mini LED HDR, Motion Xcelerator, Dynamic Sound Pack, Gaming Hub",https://www.amazon.co.uk/dp/B0GYZR1GM2,75.0,1103.83,949.0,GBP,1103.83,Amazon,GB,2026-08-23T04:54:16Z,B0GYZR1GM2,,,,,2026-07-01
Samsung,"Samsung Smart TV QN1EH 75-Inch, Neo QLED 4K, Glare-Free, NQ HDR, Motion Xcelerator, Object Tracking Sound Lite with Gaming Hub and Vision AI Companion, & Alexa Built-in [2026]",https://www.amazon.co.uk/dp/B0GYZ7Z2JH,75.0,1627.26,1399.0,GBP,1627.26,Amazon,GB,2026-08-23T04:54:16Z,B0GYZ7Z2JH,,,,,2026-07-01
TCL,"TCL 55PF650K 55-inch 4K Ultra HD, HDR TV, Smart LED Fire TV (Dolby Vision, Dolby Atmos, DTS, HDR 10, Alexa built-in, Airplay2, Miracast)",https://www.amazon.co.uk/dp/B0D7ZC2QY4,55.0,336.15,289.0,GBP,336.15,Amazon,GB,2026-08-23T04:54:16Z,B0D7ZC2QY4,,,,,2026-07-01
Samsung,"Samsung 55 inch Crystal UHD U8005 4K Smart TV, incredible colors with Crystal Processor 4K, listen to all speakers with Q-Symphony, Protected Data, Knox Security and Gaming Hub",https://www.amazon.co.uk/dp/B0F2249D1G,55.0,634.72,545.69,GBP,634.72,Amazon,GB,2026-08-23T04:54:16Z,B0F2249D1G,,,,,2026-07-01
Samsung,"Samsung QE32LS03T 32"" The Frame Art Mode QLED Full HD HDR Smart TV",https://www.amazon.co.uk/dp/B09QSV474F,32.0,382.68,329.0,GBP,382.68,Amazon,GB,2026-08-23T04:54:16Z,B09QSV474F,,,,,2026-07-01
Samsung,"Samsung Neo QLED 4K 2024 43QN90D 43"" Smart TV with Enhanced 4K Resolution, More Speakers Than Ever Before, Best Smart TV and Motion Xcelerator 144Hz",https://www.amazon.co.uk/dp/B0CRZFZ36C,43.0,1115.22,958.79,GBP,1115.22,Amazon,GB,2026-08-23T04:54:16Z,B0CRZFZ36C,,,,,2026-07-01
Samsung,"Samsung Smart TV 85-Inch Mini LED M72H 4K, UHD TV, Mini LED HDR, Motion Xcelerator, Dynamic Sound Pack, AI Companion for questions [2026]",https://www.amazon.co.uk/dp/B0GYZM5LDV,85.0,1569.1,1349.0,GBP,1569.1,Amazon,GB,2026-08-23T04:54:16Z,B0GYZM5LDV,,,,,2026-07-01
Samsung,"Samsung 75 Inch QN90C 4K Neo QLED HDR Smart TV (2023) - Quantum Matrix Technology & Alexa Built In, Dolby Atmos Object Tracking Sound Audio, Slim Design & Anti Reflection Screen, 100% Colour Volume",https://www.amazon.co.uk/dp/B0BX77KDVQ,75.0,,,,,Amazon,GB,2026-08-23T04:54:16Z,B0BX77KDVQ,,,,,
Samsung,Television+Samsung+UE49K5500,https://www.amazon.co.uk/dp/B01K85RP2C,49.0,1813.36,1559.0,GBP,1813.36,Amazon,GB,2026-08-23T04:54:16Z,B01K85RP2C,,,,,2026-07-01
Samsung,Samsung 55U8072 LED TV 138 cm Smart 4K Ultra HD 50Hz Model 2025 UE55U8072FUXXH [Hungarian Version],https://www.amazon.co.uk/dp/B0FF1THHJ9,55.0,417.57,359.0,GBP,417.57,Amazon,GB,2026-08-23T04:54:16Z,B0FF1THHJ9,,,,,2026-07-01
Samsung,"Samsung 50"" TV (2025) QLED 4K UHD - TQ50Q8FAAUXXC [Country Version French, Spanish, Portuguese]...[Country Version French, Spanish, Portuguese]",https://www.amazon.co.uk/dp/B0F22BFWQQ,50.0,664.27,571.09,GBP,664.27,Amazon,GB,2026-08-23T04:54:16Z,B0F22BFWQQ,,,,,2026-07-01
Samsung,"Samsung The Movingstyle LSM7F QHD TV with Portable Screen, Removable Stand, Touch and Smart",https://www.amazon.co.uk/dp/B0FQBYHWZG,27.0,1549.66,1332.29,GBP,1549.66,Amazon,GB,2026-08-23T04:54:16Z,B0FQBYHWZG,,,,,2026-07-01
Samsung,"Samsung The Frame TV 4K 2024 50LS03D 50"" Smart TV with Art Gallery with Matte Display, Interchangeable Frames, 100% Color Volume with Quantum Dot and One Connect and Nearly Invisible Cable",https://www.amazon.co.uk/dp/B0CXY99TYZ,50.0,1287.02,1106.49,GBP,1287.02,Amazon,GB,2026-08-23T04:54:16Z,B0CXY99TYZ,,,,,2026-07-01
Samsung,"Samsung Smart TV 65-Inch Mini LED M72H 4K, UHD TV, Mini LED HDR, Motion Xcelerator, Dynamic Sound Pack, AI Companion for questions [2026]",https://www.amazon.co.uk/dp/B0GYZ7SVX4,65.0,719.99,619.0,GBP,719.99,Amazon,GB,2026-08-23T04:54:16Z,B0GYZ7SVX4,,,,,2026-07-01
Samsung,"Samsung The Frame LS03F 4K Smart TV 65 Inch Art Gallery with Matte Screen, Interchangeable Frames, 100% Color Volume with Quantum Dot and Almost Invisible Cable with One Connect",https://www.amazon.co.uk/dp/B0F2FJBXMK,65.0,1045.68,899.0,GBP,1045.68,Amazon,GB,2026-08-23T04:54:16Z,B0F2FJBXMK,,,,,2026-07-01
Samsung,"Samsung 43 inch Crystal UHD U7005 4K Smart TV, incredible colors with Crystal 4K processor, listen to all speakers with Q-Symphony, your data protected Knox Security",https://www.amazon.co.uk/dp/B0F2B3G2W4,43.0,486.77,418.49,GBP,486.77,Amazon,GB,2026-08-23T04:54:16Z,B0F2B3G2W4,,,,,2026-07-01
Samsung,"Smart TV Samsung QE32LS03B 32""",https://www.amazon.co.uk/dp/B0B8JMSLR2,32.0,394.31,339.0,GBP,394.31,Amazon,GB,2026-08-23T04:54:16Z,B0B8JMSLR2,,,,,2026-07-01
Samsung,"Samsung 55-inch S85H Smart TV, OLED 4K, 120Hz Gaming TV with AI Upscaling, OLED HDR, Vision AI Companion, Object Tracking Sound Lite, Alexa Built-in [2026]",https://www.amazon.co.uk/dp/B0H11G7S2Z,55.0,1627.26,1399.0,GBP,1627.26,Amazon,GB,2026-08-23T04:54:16Z,B0H11G7S2Z,,,,,2026-07-01
Samsung,SAMSUNG 43CU7025-43 inch LED TV - Crystal UHD 4K 3840 x 2160 - HDR - Smart TV - Gaming Hub - 3xHDMI,https://www.amazon.co.uk/dp/B0CZ47SPT3,43.0,523.64,450.19,GBP,523.64,Amazon,GB,2026-08-23T04:54:16Z,B0CZ47SPT3,,,,,2026-07-01
Samsung,"Samsung The Serif Green 55-inch QLED TQ55LS01DB TV, Certified Non-Reflective Screen, 360° Design TV, Ambient Mode+, Smart TV, OTS Lite Technologies, Detachable Legs Included",https://www.amazon.co.uk/dp/B0FMQRHVMT,55.0,1430.2,1229.59,GBP,1430.2,Amazon,GB,2026-08-23T04:54:16Z,B0FMQRHVMT,,,,,2026-07-01
Samsung,"Samsung TV The Frame 2019, 4K, Black",https://www.amazon.co.uk/dp/B07TD8ZS8N,43.0,696.73,599.0,GBP,696.73,Amazon,GB,2026-08-23T04:54:16Z,B07TD8ZS8N,,,,,2026-07-01
Samsung,"Samsung Crystal UHD TV 2023 55CU7025 55"" Smart TV with PurColor, Crystal UHD Processor, SmartThings, Contrast Enhancer with HDR10+ and Smart TV Powered by Tizen",https://www.amazon.co.uk/dp/B0CZ495C1L,55.0,,,,,Amazon,GB,2026-08-23T04:54:16Z,B0CZ495C1L,,,,,
Samsung,"Samsung The Frame QE32LS03TCUXXC Televisor, 81.3 cm (32 inches), Full HD Smart TV, WiFi",https://www.amazon.co.uk/dp/B08ZY3BTCL,32.0,382.68,329.0,GBP,382.68,Amazon,GB,2026-08-23T04:54:16Z,B08ZY3BTCL,,,,,2026-07-01
Samsung,"Samsung M70H 85"" 4K Ultra HD Mini LED HDR Vision AI Smart TV - UE85M70H",https://www.amazon.co.uk/dp/B0H3KN31WC,85.0,1569.1,1349.0,GBP,1569.1,Amazon,GB,2026-08-23T04:54:16Z,B0H3KN31WC,,,,,2026-07-01
Samsung,"Samsung 42 Inch S90F 4K Smart TV AI OLED TV 2025, Vision AI, NQ4 AI Gen3 Processor, 4K AI Upscaling Pro, HDR10+ Adaptive, Dolby Atmos, Gaming Hub, Knox Security",https://www.amazon.co.uk/dp/B0FT879YNJ,42.0,1497.09,1287.09,GBP,1497.09,Amazon,GB,2026-08-23T04:54:16Z,B0FT879YNJ,,,,,2026-07-01
Samsung,"Samsung AI QLED TV 65"" Q6F 2025, 4K, Quantum Dots",https://www.amazon.co.uk/dp/B0FRSHBY4K,65.0,785.93,675.69,GBP,785.93,Amazon,GB,2026-08-23T04:54:16Z,B0FRSHBY4K,,,,,2026-07-01
Samsung,Samsung UE65U8092F - Smart TV - 4K - Tizen - 65 inches - Crystal UHD - Motion Xcelerator - Buitenlands model,https://www.amazon.co.uk/dp/B0FVTYJFBR,65.0,,,,,Amazon,GB,2026-08-23T04:54:16Z,B0FVTYJFBR,,,,,
Samsung,Samsung UE40J6240 TV,https://www.amazon.co.uk/dp/B01LXLR1H7,40.0,686.03,589.8,GBP,686.03,Amazon,GB,2026-08-23T04:54:16Z,B01LXLR1H7,,,,,2026-07-01
Samsung,"Samsung The Frame QE50LS03TAU 127 cm (50"") 4K Ultra HD Smart TV Wi-Fi Nero",https://www.amazon.co.uk/dp/B0872D83PX,50.0,796.76,685.0,GBP,796.76,Amazon,GB,2026-08-23T04:54:16Z,B0872D83PX,,,,,2026-07-01
Samsung,"Samsung 2020 32"" The Frame Art Mode QLED Full HD HDR Smart TV, CHARCOAL BLACK, LS03T",https://www.amazon.co.uk/dp/B08CBJ7GDP,32.0,394.31,339.0,GBP,394.31,Amazon,GB,2026-08-23T04:54:16Z,B08CBJ7GDP,,,,,2026-07-01
Samsung,"Samsung TV The Frame 4K 55"" QE55LS03B Smart TV Wifi Black 2022",https://www.amazon.co.uk/dp/B09XN5FWMG,55.0,929.36,799.0,GBP,929.36,Amazon,GB,2026-08-23T04:54:16Z,B09XN5FWMG,,,,,2026-07-01
Panasonic,"Panasonic TB-55W60AEY, W60 Series 55 inch 4K Ultra HD LED Smart TV, 2024, Freely, TiVo, 4K Colour Engine, Dolby Vision & Atmos, For An Exceptional Visual Experience",https://www.amazon.co.uk/dp/B0DBM5TDZR,55.0,685.42,589.28,GBP,685.42,Amazon,GB,2026-08-23T04:54:16Z,B0DBM5TDZR,,,,,2026-07-01
Samsung,"Samsung 75"" BE75C-H Business TV, (3 yrs warranty)",https://www.amazon.co.uk/dp/B0CF2RLZ2B,75.0,,,,,Amazon,GB,2026-08-23T04:54:16Z,B0CF2RLZ2B,,,,,
Samsung,SAMSUNG 50INCH BIZ TV,https://www.amazon.co.uk/dp/B0BCK5JG6Y,50.0,846.48,727.74,GBP,846.48,Amazon,GB,2026-08-23T04:54:16Z,B0BCK5JG6Y,,,,,2026-07-01
Samsung,"Samsung QLED Q7F5 4K Smart TV with AI Vision, 100% Colour Volume with Quantum Dot and More than 500 Channels [Country Version Spanish]",https://www.amazon.co.uk/dp/B0F2B67N6F,55.0,757.32,651.09,GBP,757.32,Amazon,GB,2026-08-23T04:54:16Z,B0F2B67N6F,,,,,2026-07-01
TCL,"TCL 75T6C-UK 75 Inch QLED 4K HDR TV, Fire TV (Smart TV with Dolby Vision & Atmos, HDR10+, Press & Ask Alexa, 2025 Model)",https://www.amazon.co.uk/dp/B0DW8RJSG6,75.0,696.73,599.0,GBP,696.73,Amazon,GB,2026-08-23T04:54:16Z,B0DW8RJSG6,,,,,2026-07-01
Samsung,TV Samsung The Frame 43 Inch LS03B 4K TQ43LS03BGUXXC,https://www.amazon.co.uk/dp/B0BS3YX4N4,43.0,696.73,599.0,GBP,696.73,Amazon,GB,2026-08-23T04:54:16Z,B0BS3YX4N4,,,,,2026-07-01
Samsung,Samsung S27BM500EU,https://www.amazon.co.uk/dp/B09RB9GBZP,27.0,266.35,228.99,GBP,266.35,Amazon,GB,2026-08-23T04:54:16Z,B09RB9GBZP,,,,,2026-07-01
Samsung,"Samsung 50 Inch Q80C 4K QLED HDR Smart TV (2023) - Neural Quantum 4K Processor With Direct Full Array Mini LEDs, Dolby Atmos Audio, With Alexa & AI Sound (Renewed)",https://www.amazon.co.uk/dp/B0CLH52Z9W,50.0,592.05,509.0,GBP,592.05,Amazon,GB,2026-08-23T04:54:16Z,B0CLH52Z9W,,,,,2026-07-01
Samsung,"24"" Smart 12V/24V TV, Full HD 1080p Samsung Tizen OS, WiFi, Netflix, Prime Video, AirPlay, HDMI/USB, Caravan, Motorhome, Truck & Boat, 3-Year Warranty",https://www.amazon.co.uk/dp/B0GX2CJKZK,24.0,254.73,219.0,GBP,254.73,Amazon,GB,2026-08-23T04:54:16Z,B0GX2CJKZK,,,,,2026-07-01
Samsung,"Samsung the Frame TV Bezel/Mounts,compatible ONLY with Samsung The Frame TV 55""/PRO(Fits 2021-2026 models, model codes:55LS03A/B/C/D/FA/HE/HW) (Deep Gold, 55-LS03)",https://www.amazon.co.uk/dp/B0GCP8QH26,55.0,347.78,299.0,GBP,347.78,Amazon,GB,2026-08-23T04:54:16Z,B0GCP8QH26,,,,,2026-07-01
LG,"LG 43UA75006LA UHD UA75 4K Smart TV, α7 AI Processor Gen8, 60Hz, HDR10, Filmmaker Mode™, Google Cast, Apple AirPlay 2, Model Year 2025",https://www.amazon.co.uk/dp/B0GTVR5RHH,43.0,266.36,229.0,GBP,266.36,Amazon,GB,2026-08-23T04:54:16Z,B0GTVR5RHH,,,,,2026-07-01
LG,"LG LED AI LB650B 32 inch HD Smart TV - 32LB650B6LA (α5 AI Processor Gen9, 60Hz, HDR10, Google Cast, Apple AirPlay 2) [Model year 2026]",https://www.amazon.co.uk/dp/B0H1RT2T4S,32.0,184.94,159.0,GBP,184.94,Amazon,GB,2026-08-23T04:54:16Z,B0H1RT2T4S,,,,,2026-07-01
LG,"LG 50NU800B6LC Nano UHD AI NU80 4K Smart TV, α7 Processor Gen9, 60Hz, HDR10, Filmmaker Mode™, Google Cast, Apple AirPlay 2, Model Year 2026",https://www.amazon.co.uk/dp/B0GTBTSKWP,50.0,347.78,299.0,GBP,347.78,Amazon,GB,2026-08-23T04:54:16Z,B0GTBTSKWP,,,,,2026-07-01
LG,"LG 43NU800B6LC Nano UHD AI NU80 4K Smart TV, α7 Processor Gen9, 60Hz, HDR10, Filmmaker Mode™, Google Cast, Apple AirPlay 2, Model Year 2026",https://www.amazon.co.uk/dp/B0GTB1PJ3V,43.0,301.26,259.0,GBP,301.26,Amazon,GB,2026-08-23T04:54:16Z,B0GTB1PJ3V,,,,,2026-07-01
LG,"LG LED AI LB6500 43 inch Full HD Smart TV - 43LB65006LA (α5 AI Processor Gen9, 60Hz, HDR10, Google Cast, Apple AirPlay 2) [Model year 2026]",https://www.amazon.co.uk/dp/B0H3Q1HLWQ,43.0,290.78,249.99,GBP,290.78,Amazon,GB,2026-08-23T04:54:16Z,B0H3Q1HLWQ,,,,,2026-07-01
LG,"LG OLED65C55LA 65-Inch OLEDevo 4K UHD Smart TV, (α9 AI Processor Gen7, Dolby Atmos, Freeview Play and Amazon Alexa, 120Hz) [Model 2025]",https://www.amazon.co.uk/dp/B0F14NSMPH,65.0,1510.94,1299.0,GBP,1510.94,Amazon,GB,2026-08-23T04:54:16Z,B0F14NSMPH,,,,,2026-07-01
LG,"LG 32LQ63006LA LED LQ63 32 Inch Full HD Smart TV, α5 Gen5 AI Processor, 60Hz, HDR10, Works with Alexa, Apple AirPlay 2, Model Year 2022",https://www.amazon.co.uk/dp/B09YD4MHJ9,32.0,194.25,167.0,GBP,194.25,Amazon,GB,2026-08-23T04:54:16Z,B09YD4MHJ9,,,,,2026-07-01
LG,"LG 43UA73006LA 43-Inch 4K Ultra HD HDR Smart TV (webOS 25 Platform with AI Concierge, Alpha 7 Processor 4K Gen8, Game Optimiser & ALLM, 60Hz) [Model 2025]",https://www.amazon.co.uk/dp/B0F3XNWZKJ,43.0,,,,,Amazon,GB,2026-08-23T04:54:16Z,B0F3XNWZKJ,,,,,
LG,"LG 55QNED7EB3C QNED MiniLED AI 4K Smart TV QNED7E, α7 Processor Gen9, 60Hz, HDR10, Filmmaker Mode™, Google Cast, Apple AirPlay 2, Model Year 2026",https://www.amazon.co.uk/dp/B0GT9WZMZG,55.0,498.99,429.0,GBP,498.99,Amazon,GB,2026-08-23T04:54:16Z,B0GT9WZMZG,,,,,2026-07-01
LG,"LG 55UA73006LA 55-Inch 4K Ultra HD HDR Smart TV (webOS 25 Platform with AI Concierge, Alpha 7 Processor 4K Gen8, Game Optimiser & ALLM, 60Hz) [Model 2025]",https://www.amazon.co.uk/dp/B0F3XQZP95,55.0,,,,,Amazon,GB,2026-08-23T04:54:16Z,B0F3XQZP95,,,,,
LG,"LG 65QNED70A6A 65-Inch 4K UHD Smart TV (α7 AI Processor, Amazon Alexa, 60Hz) [Model 2025]",https://www.amazon.co.uk/dp/B0FDR737K6,65.0,580.41,499.0,GBP,580.41,Amazon,GB,2026-08-23T04:54:16Z,B0FDR737K6,,,,,2026-07-01
LG,"LG 75NU800B6LA Nano UHD AI NU80 4K Smart TV, α7 Processor Gen9, 60Hz, HDR10, Filmmaker Mode™, Google Cast, Apple AirPlay 2, Model Year 2026",https://www.amazon.co.uk/dp/B0GT9SM15L,75.0,754.89,649.0,GBP,754.89,Amazon,GB,2026-08-23T04:54:16Z,B0GT9SM15L,,,,,2026-07-01
LG,"LG 50QNED80A6A 50-Inch 4K UHD Smart TV, (α7 AI Processor, Freeview Play and Amazon Alexa, 60Hz) [Model 2025]",https://www.amazon.co.uk/dp/B0F14KGHT5,50.0,464.1,399.0,GBP,464.1,Amazon,GB,2026-08-23T04:54:16Z,B0F14KGHT5,,,,,2026-07-01
LG,"LG 43NU850B6LA Nano UHD AI NU85 4K Smart TV, α7 Processor Gen9, 60Hz, HDR10, Filmmaker Mode™, Google Cast, Apple AirPlay 2, Model Year 2026",https://www.amazon.co.uk/dp/B0GT9PDN97,43.0,289.63,249.0,GBP,289.63,Amazon,GB,2026-08-23T04:54:16Z,B0GT9PDN97,,,,,2026-07-01
LG,LG UA74 50 4K Ultra HD LED 60 Hz Smart TV - 50UA74006LB,https://www.amazon.co.uk/dp/B0H9T6RNG5,50.0,324.52,279.0,GBP,324.52,Amazon,GB,2026-08-23T04:54:16Z,B0H9T6RNG5,,,,,2026-07-01
LG,"LG 75NANO90A6B 75 Inch Nano AI 4K Smart TV, webOS 25 Platform, Concierge, Alpha 7 Processor Gen8, Game Optimiser, ALLM, 60 Hz, 2025",https://www.amazon.co.uk/dp/B0FNXC46YC,75.0,814.2,699.99,GBP,814.2,Amazon,GB,2026-08-23T04:54:16Z,B0FNXC46YC,,,,,2026-07-01
LG,"LG 43QNED7EB3C QNED MiniLED AI 4K Smart TV QNED7E, α7 Processor Gen9, 60Hz, HDR10, Filmmaker Mode™, Google Cast, Apple AirPlay 2, Model Year 2026",https://www.amazon.co.uk/dp/B0GT9QB8KR,43.0,405.94,349.0,GBP,405.94,Amazon,GB,2026-08-23T04:54:16Z,B0GT9QB8KR,,,,,2026-07-01
LG,"LG LED LQ63 32 HD 720p Smart TV, 2024 Model",https://www.amazon.co.uk/dp/B09SKR4QD9,32.0,215.18,185.0,GBP,215.18,Amazon,GB,2026-08-23T04:54:16Z,B09SKR4QD9,,,,,2026-07-01
LG,"LG OLED55B6ELC OLED AI B6 4K Smart TV, α8 Processor Gen3, 120Hz, VRR, Dolby Vision and Atmos, Filmmaker Mode™, Model Year ...",https://www.amazon.co.uk/dp/B0GTB2F6VG,55.0,1045.68,899.0,GBP,1045.68,Amazon,GB,2026-08-23T04:54:16Z,B0GTB2F6VG,,,,,2026-07-01
Hisense,"Hisense 40"" 40E4QTUK FHD LED TV with Freely - Direct Lit LED, Dolby Audio, Natural Colour Enhancer, Games Mode, Sports Mode with Freely, Disney +, YouTube, Netflix",https://www.amazon.co.uk/dp/B0F7WDSW1P,40.0,196.57,169.0,GBP,196.57,Amazon,GB,2026-08-23T04:54:16Z,B0F7WDSW1P,,,,,2026-07-01
LG,"LG 43NANO82T6B 43-Inch Nanocell AI 4K UHD Smart TV, (α5 AI Processor Gen7, Freeview Play and Amazon Alexa, 60Hz), Ashed Blue [Model 2024]",https://www.amazon.co.uk/dp/B0D1Y7HZ8X,43.0,277.99,239.0,GBP,277.99,Amazon,GB,2026-08-23T04:54:16Z,B0D1Y7HZ8X,,,,,2026-07-01
LG,"LG 75QNED92A6A 75-Inch 4K UHD Smart TV, (α8 AI Processor, Freeview Play and Amazon Alexa, 120Hz) [Model 2025]",https://www.amazon.co.uk/dp/B0F5BVTC3G,75.0,1627.26,1399.0,GBP,1627.26,Amazon,GB,2026-08-23T04:54:16Z,B0F5BVTC3G,,,,,2026-07-01
LG,"LG 55QNED82A6B 55"" 4K QNED AI TV (α7 Gen8 4K AI Processor, 25 WebOS, 60 Hz) Model Year 2025",https://www.amazon.co.uk/dp/B0F2259VV1,55.0,464.1,399.0,GBP,464.1,Amazon,GB,2026-08-23T04:54:16Z,B0F2259VV1,,,,,2026-07-01
LG,"LG OLED48B56LA 48-Inch OLED 4K UHD Smart TV, B5 Series, (α8 AI Processor, Dolby Atmos, Freeview Play and Amazon Alexa, 120Hz) [Model 2025]",https://www.amazon.co.uk/dp/B0F14XRCH8,48.0,,,,,Amazon,GB,2026-08-23T04:54:16Z,B0F14XRCH8,,,,,
LG,"LG 32LQ63006LA 32"" Full HD Smart TV, 2022 LED TV with α5 Gen 5 Processor with AI, WebOS 22, HDR, Wi-Fi, Bluetooth, Game Optimizer, Google Stadia and GeForce NOW, Compatible with Google Home and Alexa",https://www.amazon.co.uk/dp/B09T74KPR6,32.0,,,,,Amazon,GB,2026-08-23T04:54:16Z,B09T74KPR6,,,,,
LG,"LG 43NANO90A6B 43 Inch Nano AI 4K Smart TV, webOS 25 Platform, Alpha 7 Processor Gen8, 60 Hz, 2025, 1 Count",https://www.amazon.co.uk/dp/B0FNXBNRBY,43.0,,,,,Amazon,GB,2026-08-23T04:54:16Z,B0FNXBNRBY,,,,,
LG,"LG OLED evo AI C6 42-inch 4K Smart TV - OLED42C65LA (α11 AI Processor 4K Gen3, 120Hz (VRR 165Hz), Dolby Vision, Dolby Atmos, FILMMAKER MODE™ [Model year 2026]",https://www.amazon.co.uk/dp/B0GT9KRRW2,42.0,1278.31,1099.0,GBP,1278.31,Amazon,GB,2026-08-23T04:54:16Z,B0GT9KRRW2,,,,,2026-07-01
LG,"LG evo OLED48C44LA 48-Inch 4K UHD Smart TV, (α9 AI Processor Gen7, Dolby Atmos, Freeview Play and Amazon Alexa, 120Hz), Umber Brown [Model 2024]",https://www.amazon.co.uk/dp/B0D17WTJ4W,48.0,929.36,799.0,GBP,929.36,Amazon,GB,2026-08-23T04:54:16Z,B0D17WTJ4W,,,,,2026-07-01
LG,LG OLED55C46LA 4K OLED HDR Smart TV,https://www.amazon.co.uk/dp/B0D1VHXXZ2,55.0,1278.31,1099.0,GBP,1278.31,Amazon,GB,2026-08-23T04:54:16Z,B0D1VHXXZ2,,,,,2026-07-01
LG,"TV 32"" LG Full HD EU Smart White USB DVBT2 DVBS2 4Core AI WEBOS",https://www.amazon.co.uk/dp/B09V5C4BN7,32.0,254.73,219.0,GBP,254.73,Amazon,GB,2026-08-23T04:54:16Z,B09V5C4BN7,,,,,2026-07-01
LG,"LG 65QNED82A6B 65"" 4K QNED AI TV (α7 Gen8 4K AI Processor, 25 WebOS 25, 60Hz) Model Year 2025",https://www.amazon.co.uk/dp/B0F226M1SY,65.0,622.28,534.99,GBP,622.28,Amazon,GB,2026-08-23T04:54:16Z,B0F226M1SY,,,,,2026-07-01
LG,"LG 55NANO82T6B 55-Inch Nanocell AI 4K UHD Smart TV, (α5 AI Processor Gen7, Freeview Play and Amazon Alexa, 60Hz), Ashed Blue [Model 2024]",https://www.amazon.co.uk/dp/B0D1Y8RW1B,55.0,407.09,349.99,GBP,407.09,Amazon,GB,2026-08-23T04:54:16Z,B0D1Y8RW1B,,,,,2026-07-01
LG,"LG LED UR75 43"" 4K Smart TV, 2024",https://www.amazon.co.uk/dp/B0DH8KKX15,43.0,255.88,219.99,GBP,255.88,Amazon,GB,2026-08-23T04:54:16Z,B0DH8KKX15,,,,,2026-07-01
LG,"LG OLED48C45LA 48-Inch OLED Evo 4K UHD Smart TV, (α9 AI Processor Gen7, Dolby Atmos, Freeview Play and Amazon Alexa, 120Hz), Umber Brown [Model 2024]",https://www.amazon.co.uk/dp/B0D4N6R7YG,48.0,929.36,799.0,GBP,929.36,Amazon,GB,2026-08-23T04:54:16Z,B0D4N6R7YG,,,,,2026-07-01
LG,"LG 32LK6200PLA TV 80 cm (32"") 1080p (Full HD, Triple Tuner, Active HDR, Smart TV) White",https://www.amazon.co.uk/dp/B07B4F8WC6,32.0,254.73,219.0,GBP,254.73,Amazon,GB,2026-08-23T04:54:16Z,B07B4F8WC6,,,,,2026-07-01
LG,"LG 65NANO81T6A 65-Inch Nanocell AI 4K UHD Smart TV, (α5 AI Processor Gen7, Freeview Play and Amazon Alexa, 60Hz), Ashed Blue [Model 2024]",https://www.amazon.co.uk/dp/B0D183RP5P,65.0,546.67,469.99,GBP,546.67,Amazon,GB,2026-08-23T04:54:16Z,B0D183RP5P,,,,,2026-07-01
LG,"LG 32LM637BPLA 32 inch HD HDR Smart LED TV, with Quad Core Processor, Active HDR, Alexa compatible",https://www.amazon.co.uk/dp/B08X3RRY94,32.0,215.18,185.0,GBP,215.18,Amazon,GB,2026-08-23T04:54:16Z,B08X3RRY94,,,,,2026-07-01
LG,"LG 32LQ631C 32"" LED-backlit LCD TV - Full HD - for hotel/hospitality",https://www.amazon.co.uk/dp/B0BSLV549N,32.0,231.47,199.0,GBP,231.47,Amazon,GB,2026-08-23T04:54:16Z,B0BSLV549N,,,,,2026-07-01
LG,"LG Objet Collection Posé 55LX1T6LA.AEK OLEDevo LX1 55 inch 4K Smart TV, Objet Collection, Lifestyle TV, Ultra HD 4K resolution, AI ThinQ",https://www.amazon.co.uk/dp/B0F14XTRYC,55.0,2082.05,1790.0,GBP,2082.05,Amazon,GB,2026-08-23T04:54:16Z,B0F14XTRYC,,,,,2026-07-01
LG,"LG NANO 4K UHD AI NU90 98 inch 4K Smart TV - 98NU900B6LB (α8 AI Processor 4K Gen3, 120Hz, HDR10, FILMMAKER MODE™, FreeSync Compatible (AMD), Google Cast, Apple AirPlay 2) [Model year 2026]",https://www.amazon.co.uk/dp/B0H1RW64NJ,98.0,2092.52,1799.0,GBP,2092.52,Amazon,GB,2026-08-23T04:54:16Z,B0H1RW64NJ,,,,,2026-07-01
Philips,"PHILIPS 24PHS6000 2K HD LED Smart TV - 24 Inch Display with Pixel Plus, Titan OS Platform and Dolby Digital Sound, Works with Alexa and Google Voice Assistant",https://www.amazon.co.uk/dp/B0F24TDBKZ,24.0,170.74,146.79,GBP,170.74,Amazon,GB,2026-08-23T04:54:16Z,B0F24TDBKZ,,,,,2026-07-01
Xiaomi,"XIAOMI TV F 65, 65 Inch (165 cm) 4K UHD, Smart TV, Fire TV, HDR10, MEMC | Alexa Voice Control, 60Hz with 120Hz Game Boost Mode, 2GB+32GB, Works with Apple AirPlay",https://www.amazon.co.uk/dp/B0FCYCDY13,65.0,417.57,359.0,GBP,417.57,Amazon,GB,2026-08-23T04:54:16Z,B0FCYCDY13,,,,,2026-07-01
LG,"LG 86QNED80T6A 86-Inch 4K UHD Smart TV, (α5 AI Processor Gen7, Freeview Play and Amazon Alexa, 60Hz) [Model 2024]",https://www.amazon.co.uk/dp/B0D2LGK83J,86.0,2672.14,2297.32,GBP,2672.14,Amazon,GB,2026-08-23T04:54:16Z,B0D2LGK83J,,,,,2026-07-01
LG,"LG OLED AI B6 83-inch 4K Smart TV - OLED83B65LA (α8 AI Processor 4K Gen3, 120Hz (VRR 120Hz), Dolby Vision, Dolby Atmos, FILMMAKER MODE™, G-Sync Compatible (Nvidia), [Model year 2026]",https://www.amazon.co.uk/dp/B0GVTCYXHP,83.0,3488.3,2999.0,GBP,3488.3,Amazon,GB,2026-08-23T04:54:16Z,B0GVTCYXHP,,,,,2026-07-01
Hisense,"Hisense 55"" 55E6QTUK 4K Ultra HD Smart TV AI TV - 4K UHD, Hi-View AI Engine, Precision Colour, AI Smooth Motion, Sports Mode with Freely, Disney +, YouTube, Netflix",https://www.amazon.co.uk/dp/B0F7WQ6P7Y,55.0,371.05,319.0,GBP,371.05,Amazon,GB,2026-08-23T04:54:16Z,B0F7WQ6P7Y,,,,,2026-07-01
TCL,"TCL 55V6C-UK 55"" 4K Ultra HD, HDR TV, Smart TV Powered by Google TV (Dolby Audio, Voice Control, compatible with Google assistant, Chromecast built-in, 2025 New Model)",https://www.amazon.co.uk/dp/B0DPM31FH8,55.0,295.44,254.0,GBP,295.44,Amazon,GB,2026-08-23T04:54:16Z,B0DPM31FH8,,,,,2026-07-01
TCL,"TCL 50V5C-UK 50Inch Full HD Smart QLED Direct LED TV with Android TV​ and HDR - Compatible with Google Cast and Google Home, Slim Design",https://www.amazon.co.uk/dp/B0FVFW9CZS,50.0,266.36,229.0,GBP,266.36,Amazon,GB,2026-08-23T04:54:16Z,B0FVFW9CZS,,,,,2026-07-01
Samsung,"Samsung Smart TV 50'' U7000F Crystal UHD 4K TV, Crystal Processor 4K, Object Tracking Sound Lite, Endless Free Content, Gaming Hub, Knox Security, Metal Stream Design [2025]",https://www.amazon.co.uk/dp/B0F6VKKW4J,50.0,,,,,Amazon,GB,2026-08-23T04:54:16Z,B0F6VKKW4J,,,,,
LG,"LG 65QNED93A6A - TV 65"", 4K QNED EVO, Smart TV, WebOS 25, Powerful and Intelligent Processor, Mini LED AI, Super Upscaling, Dolby Vision and Atmos, Alexa/Google Assistant, Black",https://www.amazon.co.uk/dp/B0F2GFMTXC,65.0,,,,,Amazon,GB,2026-08-23T04:54:16Z,B0F2GFMTXC,,,,,
LG,"LG 65QNED80A6A 65-Inch QNED AI 4K UHD Smart TV bundle with X02 Portable Bluetooth Multi-Directional Speaker, 15H Battery Life, IP55 Waterproof",https://www.amazon.co.uk/dp/B0GH7QCC98,65.0,877.89,754.75,GBP,877.89,Amazon,GB,2026-08-23T04:54:16Z,B0GH7QCC98,,,,,2026-07-01
LG,LG TV OLED evo OLED42C54LA 42 4K Dolby Atmos G-SYNC FreeSync Smart TV,https://www.amazon.co.uk/dp/B0FQP7K879,42.0,,,,,Amazon,GB,2026-08-23T04:54:16Z,B0FQP7K879,,,,,
LG,LG OLED TV Evo OLED48C54LA 48.4K UHD 144Hz Dolby Atmos HDR10 Smart Wi-FI 6 AirPlay 2,https://www.amazon.co.uk/dp/B0F74MGW2D,48.0,,,,,Amazon,GB,2026-08-23T04:54:16Z,B0F74MGW2D,,,,,
LG,"LG Gallery TV AI with Frame LX7 Mini LED 55 inch 4K Smart TV - 55LX7B6LA (α7 AI Processor 4K Gen9, 60Hz, HDR10, FILMMAKER MODE™, Google Cast, Apple AirPlay 2) [Model year 2026]",https://www.amazon.co.uk/dp/B0H3W4CFHG,55.0,1161.99,999.0,GBP,1161.99,Amazon,GB,2026-08-23T04:54:16Z,B0H3W4CFHG,,,,,2026-07-01
LG,"LG 55UA75006LA 55"" 4K UHD AI TV (α7 Gen8 4K AI Processor, WebOS 25, 60Hz) Model Year 2025",https://www.amazon.co.uk/dp/B0F2GHFZCJ,55.0,,,,,Amazon,GB,2026-08-23T04:54:16Z,B0F2GHFZCJ,,,,,
LG,"LG OLED77C54LA - 77"" OLED EVO 4K, Smart TV AI B5, WebOS 25, Dolby Vision and Dolby Atmos, AMD FreeSync, Alexa/Google Assistant, Black",https://www.amazon.co.uk/dp/B0F3D64K3K,77.0,3307.65,2843.69,GBP,3307.65,Amazon,GB,2026-08-23T04:54:16Z,B0F3D64K3K,,,,,2026-07-01
LG,LG G56LS 55 Inch 4K Ultra HD OLED 120Hz Smart TV - OLED55G56LS,https://www.amazon.co.uk/dp/B0F2NCC7LW,55.0,,,,,Amazon,GB,2026-08-23T04:54:16Z,B0F2NCC7LW,,,,,
LG,TV LG OLED evo G4 55 Inch 4K UHD - OLED55G45LW,https://www.amazon.co.uk/dp/B0CY5RGZF4,55.0,2200.45,1891.79,GBP,2200.45,Amazon,GB,2026-08-23T04:54:16Z,B0CY5RGZF4,,,,,2026-07-01
LG,LG 75NANO90A6B (2025) 75-Inch NanoCell AI 4K UHD HDR Smart TV bundle with US20A Bluetooth Soundbar 2.0 Channel,https://www.amazon.co.uk/dp/B0GQTH6PGL,75.0,931.68,800.99,GBP,931.68,Amazon,GB,2026-08-23T04:54:16Z,B0GQTH6PGL,,,,,2026-07-01
LG,"LG 55UK6200PLA 55"" LG Ultra HD 4K TV",https://www.amazon.co.uk/dp/B07GFH8T77,55.0,1428.36,1228.0,GBP,1428.36,Amazon,GB,2026-08-23T04:54:16Z,B07GFH8T77,,,,,2026-07-01
LG,"LG Electronics, NanoCell TV",https://www.amazon.co.uk/dp/B0873NLP8N,65.0,,,,,Amazon,GB,2026-08-23T04:54:16Z,B0873NLP8N,,,,,
LG,LG 43 Inch UHD TV - 43UR78006LK,https://www.amazon.co.uk/dp/B0C4T3HR77,43.0,560.63,481.99,GBP,560.63,Amazon,GB,2026-08-23T04:54:16Z,B0C4T3HR77,,,,,2026-07-01
LG,LG 55QNED70A6A (2025) 55-Inch QNED AI 4K UHD HDR Smart TV bundle with US20A Bluetooth Soundbar 2.0 Channel,https://www.amazon.co.uk/dp/B0GQTDMKZX,55.0,617.62,530.99,GBP,617.62,Amazon,GB,2026-08-23T04:54:16Z,B0GQTDMKZX,,,,,2026-07-01
LG,"LG 43UA75006LA TV 43 Inch (109 cm) 4K UHD AI TV (α7 Gen8 4K AI Processor, webOS 25, 60Hz) [Model Year 2025]",https://www.amazon.co.uk/dp/B0F2GHSMX5,43.0,,,,,Amazon,GB,2026-08-23T04:54:16Z,B0F2GHSMX5,,,,,
LG,"LG OLED77C65LA 77-Inch OLED evo AI 4K UHD Smart TV bundle with US95AR Home Cinema Soundbar 9.1 channel, Dolby Atmos and Rear Speakers, 810W",https://www.amazon.co.uk/dp/B0H1X4BLR8,77.0,4418.82,3798.99,GBP,4418.82,Amazon,GB,2026-08-23T04:54:16Z,B0H1X4BLR8,,,,,2026-07-01
LG,"LG OLED77C65LA 77-Inch OLED evo AI 4K UHD Smart TV bundle with US40T Soundbar with Wireless Subwoofer & WOW Interface 2.1 channel, 300W",https://www.amazon.co.uk/dp/B0GVDRPYLJ,77.0,3673.25,3158.0,GBP,3673.25,Amazon,GB,2026-08-23T04:54:16Z,B0GVDRPYLJ,,,,,2026-07-01
LG,LG 65QNED70A6A (2025) 65-Inch QNED AI 4K UHD HDR Smart TV bundle with US20A Bluetooth Soundbar 2.0 Channel,https://www.amazon.co.uk/dp/B0GQV2134F,65.0,756.05,650.0,GBP,756.05,Amazon,GB,2026-08-23T04:54:16Z,B0GQV2134F,,,,,2026-07-01
LG,"LG C5 77"" OLED evo AI 4K HDR Smart TV 2025 (OLED77C56LB) & USC9S 3.1.3 Wireless Sound Bar Bundle",https://www.amazon.co.uk/dp/B0GPKCLNJZ,77.0,2557.78,2199.0,GBP,2557.78,Amazon,GB,2026-08-23T04:54:16Z,B0GPKCLNJZ,,,,,2026-07-01
LG,LG 50QNED70B6C - Smart TV 50 Inch 4K QNED DVB-T2 HEVC/H.265 Wifi Black Energy Class F,https://www.amazon.co.uk/dp/B0H36SHKPF,50.0,851.66,732.2,GBP,851.66,Amazon,GB,2026-08-23T04:54:16Z,B0H36SHKPF,,,,,2026-07-01
LG,"TV LG Led QNED evo AI QNED86 2025 43"" Edge-LED 4K Ultra HD",https://www.amazon.co.uk/dp/B0F227BJW3,43.0,785.93,675.69,GBP,785.93,Amazon,GB,2026-08-23T04:54:16Z,B0F227BJW3,,,,,2026-07-01
LG,LG 32-inch LK610B Smart Full HD TV,https://www.amazon.co.uk/dp/B07D76L654,32.0,215.18,185.0,GBP,215.18,Amazon,GB,2026-08-23T04:54:16Z,B07D76L654,,,,,2026-07-01
LG,LG 2024 OLED TV | OLED55B4 | 55'' (139 cm) | OLED| α8 AI 4K Processor | Dolby Vision & Atmos | Alexa,https://www.amazon.co.uk/dp/B0D54N4TR6,55.0,1430.2,1229.59,GBP,1430.2,Amazon,GB,2026-08-23T04:54:16Z,B0D54N4TR6,,,,,2026-07-01
LG,"LG OLED B3 55"" 4K Smart TV, 2023",https://www.amazon.co.uk/dp/B0BYK7PVCY,55.0,1970.39,1694.0,GBP,1970.39,Amazon,GB,2026-08-23T04:54:16Z,B0BYK7PVCY,,,,,2026-07-01
LG,LG OLED TV Evo OLED48C54LA 48.4K UHD 144Hz Dolby Atmos HDR10 Smart Wi-FI 6 AirPlay 2,https://www.amazon.co.uk/dp/B0FQP2W4Z4,48.0,1430.2,1229.59,GBP,1430.2,Amazon,GB,2026-08-23T04:54:16Z,B0FQP2W4Z4,,,,,2026-07-01
LG,"LG OLED42C35LA 42"", 4K OLED EVO, Smart TV, webOS23, maximum power processor, Dolby Vision, Dolby Atmos, Gaming, Alexa/Google Assistant",https://www.amazon.co.uk/dp/B0C1H8GN1J,42.0,1430.2,1229.59,GBP,1430.2,Amazon,GB,2026-08-23T04:54:16Z,B0C1H8GN1J,,,,,2026-07-01
LG,"LG OLED65C65LA 65-Inch OLED evo AI 4K UHD Smart TV bundle with US60T Soundbar with Cinematic Sound & WOW Interface 3.1 channel, 340W",https://www.amazon.co.uk/dp/B0GVDRNCYF,65.0,2789.25,2398.0,GBP,2789.25,Amazon,GB,2026-08-23T04:54:16Z,B0GVDRNCYF,,,,,2026-07-01
LG,"LG 42C44LA 4K Ultra HD OLED AMD FreeSync 42"" Smart TV",https://www.amazon.co.uk/dp/B0D671ZZXL,42.0,1430.2,1229.59,GBP,1430.2,Amazon,GB,2026-08-23T04:54:16Z,B0D671ZZXL,,,,,2026-07-01
LG,LG OLED65C55LA 65-Inch OLEDevo AI 4K UHD Smart TV bundle with US40T Bluetooth Soundbar 2.1 Channel (Wireless Subwoofer),https://www.amazon.co.uk/dp/B0GQTT7G7S,65.0,1695.88,1458.0,GBP,1695.88,Amazon,GB,2026-08-23T04:54:16Z,B0GQTT7G7S,,,,,2026-07-01
LG,"LG OLED55G56LS.AEU, OLED 4K, Intelligent Processor, 11 AI Processor 4K Gen2, Smart TV, DVB-T2 (H.265), Rocky Black",https://www.amazon.co.uk/dp/B0FTTMD4DB,55.0,1627.26,1399.0,GBP,1627.26,Amazon,GB,2026-08-23T04:54:16Z,B0FTTMD4DB,,,,,2026-07-01
LG,"LG OLED65C54LA 65"" 4K Ultra HD HDR OLED Smart TV",https://www.amazon.co.uk/dp/B0FQP6YQJG,65.0,,,,,Amazon,GB,2026-08-23T04:54:16Z,B0FQP6YQJG,,,,,
LG,LG TV AI B5 (2025) 55 Inch OLED UHD 4K Preta,https://www.amazon.co.uk/dp/B0FLDYSCZ8,55.0,,,,,Amazon,GB,2026-08-23T04:54:16Z,B0FLDYSCZ8,,,,,
LG,"LG OLED evo C3 65"" 4K Smart TV, 2023 (Renewed)",https://www.amazon.co.uk/dp/B0H95NQ8DW,65.0,1343.43,1154.99,GBP,1343.43,Amazon,GB,2026-08-23T04:54:16Z,B0H95NQ8DW,,,,,2026-07-01
LG,"LG 55QNED86A6A TV 55 Inch (139 cm) 4K QNED evo AI TV (α8 Gen2 4K AI Processor, webOS 25, 120Hz) [Model Year 2025]",https://www.amazon.co.uk/dp/B0F22731RT,55.0,,,,,Amazon,GB,2026-08-23T04:54:16Z,B0F22731RT,,,,,
LG,"Smart TV LG OLED55C14LB 55"" 4K Ultra HD OLED HDR10",https://www.amazon.co.uk/dp/B094KND2TZ,55.0,2458.91,2114.0,GBP,2458.91,Amazon,GB,2026-08-23T04:54:16Z,B094KND2TZ,,,,,2026-07-01
LG,"LG OLED55C65LA 55-Inch OLED evo AI 4K UHD Smart TV bundle with US40TR Soundbar with Wireless Subwoofer & Surround Sound 4.1 channel, 400W",https://www.amazon.co.uk/dp/B0GVDTF3FN,55.0,2129.24,1830.57,GBP,2129.24,Amazon,GB,2026-08-23T04:54:16Z,B0GVDTF3FN,,,,,2026-07-01
LG,"LG OLED65C65LA 65-Inch OLED evo AI 4K UHD Smart TV bundle with US40T Soundbar with Wireless Subwoofer & WOW Interface 2.1 channel, 300W",https://www.amazon.co.uk/dp/B0GVDH8Q2G,65.0,2742.72,2358.0,GBP,2742.72,Amazon,GB,2026-08-23T04:54:16Z,B0GVDH8Q2G,,,,,2026-07-01
LG,"LG 55QNED866RE_AEK 55"" 4K Smart QNED TV, (Pack Of 1)",https://www.amazon.co.uk/dp/B0BYZKGTNF,55.0,,,,,Amazon,GB,2026-08-23T04:54:16Z,B0BYZKGTNF,,,,,
LG,"LG 43UA75006LA 43-Inch 4K UHD Smart TV bundle with US20A Soundbar with built-in subwoofers & WOW Interface 2.0 channel, 50W",https://www.amazon.co.uk/dp/B0GVF7YHJJ,43.0,383.84,330.0,GBP,383.84,Amazon,GB,2026-08-23T04:54:16Z,B0GVF7YHJJ,,,,,2026-07-01
LG,"Smart TV 43"" UHD 4K LG 43UP751C",https://www.amazon.co.uk/dp/B09N7NDZXR,43.0,312.89,269.0,GBP,312.89,Amazon,GB,2026-08-23T04:54:16Z,B09N7NDZXR,,,,,2026-07-01
LG,LG 50UR81003LJ - 50 inch (127cm) - LED - 2023,https://www.amazon.co.uk/dp/B0D54SLGVV,50.0,636.61,547.31,GBP,636.61,Amazon,GB,2026-08-23T04:54:16Z,B0D54SLGVV,,,,,2026-07-01
LG,"LG 75QNED86T6A TV 75 Inch (190 cm) QNED TV (α8 4K AI Processor, webOS 24, HDR10, up to 120 Hz) [Model Year 2024]",https://www.amazon.co.uk/dp/B0CYQ18M44,75.0,1560.48,1341.59,GBP,1560.48,Amazon,GB,2026-08-23T04:54:16Z,B0CYQ18M44,,,,,2026-07-01
LG,"LG OLED65C55LA 65-Inch OLEDevo AI 4K UHD Smart TV bundle with X02 Portable Bluetooth Multi-Directional Speaker, 15H Battery Life, IP55 Waterproof",https://www.amazon.co.uk/dp/B0GH7HCXL2,65.0,1582.99,1360.94,GBP,1582.99,Amazon,GB,2026-08-23T04:54:16Z,B0GH7HCXL2,,,,,2026-07-01
LG,"LG LED UR80 75"" 4K Smart TV, 2023",https://www.amazon.co.uk/dp/B0BYKC4WC9,75.0,,,,,Amazon,GB,2026-08-23T04:54:16Z,B0BYKC4WC9,,,,,
LG,"LG 75QNED91T6A 75"", 4K QNED MiniLED, Smart TV, WebOS24, Series 91, High Power Processor, Dolby Vision, Dolby Atmos, Gaming, Alexa/Google Assistant, Black",https://www.amazon.co.uk/dp/B0CYH2LJ8R,75.0,2002.94,1721.99,GBP,2002.94,Amazon,GB,2026-08-23T04:54:16Z,B0CYH2LJ8R,,,,,2026-07-01
LG,LG 32LN662V TV 32 Inch Smart TV DVB-T2 HD LCD Energy Class F,https://www.amazon.co.uk/dp/B0G1ZCRKXN,32.0,609.02,523.59,GBP,609.02,Amazon,GB,2026-08-23T04:54:16Z,B0G1ZCRKXN,,,,,2026-07-01
LG,"LG OLED65C55LA 65-Inch OLEDevo AI 4K UHD Smart TV bundle US60T Bluetooth Soundbar 3.1 channel, 340W",https://www.amazon.co.uk/dp/B0F7Y428FX,65.0,1742.41,1498.0,GBP,1742.41,Amazon,GB,2026-08-23T04:54:16Z,B0F7Y428FX,,,,,2026-07-01
LG,"LG Smart TV 50QNED80T6A.AEU 4K Ultra HD 50"" HDR Edge-LED QNED",https://www.amazon.co.uk/dp/B0D77LPP11,50.0,,,,,Amazon,GB,2026-08-23T04:54:16Z,B0D77LPP11,,,,,
LG,LG OLED65G66LS – 65 Inch Smart TV 4K DVB-T2 HEVC/H.265 OLED Wifi Energy Class E,https://www.amazon.co.uk/dp/B0H36VQ8P1,65.0,3965.08,3408.9,GBP,3965.08,Amazon,GB,2026-08-23T04:54:16Z,B0H36VQ8P1,,,,,2026-07-01
LG,"LG Ultimate AI 50UA75006LA UHD Smart TV - 50"" (127cm) 4K UHD, HDR10 Pro, webOS 25, α7 Gen8, Dolby Digital Plus, VRR, HDMI x3",https://www.amazon.co.uk/dp/B0FQTVDWGK,50.0,799.77,687.59,GBP,799.77,Amazon,GB,2026-08-23T04:54:16Z,B0FQTVDWGK,,,,,2026-07-01
LG,LG 50 Inch UHD TV 2023 - 50UR78006LK,https://www.amazon.co.uk/dp/B0C2DGWQS4,50.0,394.31,339.0,GBP,394.31,Amazon,GB,2026-08-23T04:54:16Z,B0C2DGWQS4,,,,,2026-07-01
LG,"LG 43UM7100 43"" Ultra HD 4K Smart LED TV",https://www.amazon.co.uk/dp/B07RBNLL6V,43.0,1952.94,1679.0,GBP,1952.94,Amazon,GB,2026-08-23T04:54:16Z,B07RBNLL6V,,,,,2026-07-01
LG,"LG OLED42C65LA 42-Inch OLED evo AI 4K UHD Smart TV bundle with XO2 Portable Bluetooth Multi-Directional Speaker, 15H Battery Life, IP55 Waterproof",https://www.amazon.co.uk/dp/B0GVDGZK18,42.0,1343.15,1154.75,GBP,1343.15,Amazon,GB,2026-08-23T04:54:16Z,B0GVDGZK18,,,,,2026-07-01
LG,"LG OLED55C65LA 55-Inch OLED evo AI 4K UHD Smart TV bundle with US40T Soundbar with Wireless Subwoofer & WOW Interface 2.1 channel, 300W",https://www.amazon.co.uk/dp/B0GVDGBY3T,55.0,2044.83,1758.0,GBP,2044.83,Amazon,GB,2026-08-23T04:54:16Z,B0GVDGBY3T,,,,,2026-07-01
LG,"LG 65UA75006LA UHD UA75 4K Smart TV, α7 AI Processor Gen8, 60Hz, HDR10, Filmmaker Mode™, Google Cast, Apple AirPlay 2, Model Year 2025 [Energy Class G]",https://www.amazon.co.uk/dp/B0HDPCYXJK,65.0,574.59,493.99,GBP,574.59,Amazon,GB,2026-08-23T04:54:16Z,B0HDPCYXJK,,,,,2026-07-01
LG,"LG 55"" 55C44LA 4K Ultra HD OLED AMD FreeSync Smart TV",https://www.amazon.co.uk/dp/B0D66YSRL9,55.0,1703.66,1464.69,GBP,1703.66,Amazon,GB,2026-08-23T04:54:16Z,B0D66YSRL9,,,,,2026-07-01
LG,"LG 86QNED80A6A 86-Inch QNED AI 4K UHD Smart TV bundle with X02 Portable Bluetooth Multi-Directional Speaker, 15H Battery Life, IP55 Waterproof",https://www.amazon.co.uk/dp/B0GH7J7V67,86.0,1921.3,1651.8,GBP,1921.3,Amazon,GB,2026-08-23T04:54:16Z,B0GH7J7V67,,,,,2026-07-01
LG,"LG 43QNED82A6B 43"" 4K Ultra HD LED HDR Edge-LED Smart TV QNED",https://www.amazon.co.uk/dp/B0F2269H9B,43.0,,,,,Amazon,GB,2026-08-23T04:54:16Z,B0F2269H9B,,,,,
LG,"LG OLED42C65LA 42-Inch OLED evo AI 4K UHD Smart TV bundle with US60T Soundbar with Cinematic Sound & WOW Interface 3.1 channel, 340W",https://www.amazon.co.uk/dp/B0GVDGSKK9,42.0,1509.78,1298.0,GBP,1509.78,Amazon,GB,2026-08-23T04:54:16Z,B0GVDGSKK9,,,,,2026-07-01
LG,"LG OLED65C65LA 65-Inch OLED evo AI 4K UHD Smart TV bundle with US40TR Soundbar with Wireless Subwoofer & Surround Sound 4.1 channel, 400W",https://www.amazon.co.uk/dp/B0GVDKX9S1,65.0,2827.13,2430.57,GBP,2827.13,Amazon,GB,2026-08-23T04:54:16Z,B0GVDKX9S1,,,,,2026-07-01
LG,"LG OLED42C65LA 42-Inch OLED evo AI 4K UHD Smart TV bundle with US40T Soundbar with Wireless Subwoofer & WOW Interface 2.1 channel, 300W",https://www.amazon.co.uk/dp/B0GVDLMJHZ,42.0,1463.25,1258.0,GBP,1463.25,Amazon,GB,2026-08-23T04:54:16Z,B0GVDLMJHZ,,,,,2026-07-01
LG,LG 43QNED70A6A (2025) 43-Inch QNED AI 4K UHD HDR Smart TV bundle with US40T Bluetooth Soundbar 2.1 Channel (Wireless Subwo...,https://www.amazon.co.uk/dp/B0GQV35CVD,43.0,567.62,488.0,GBP,567.62,Amazon,GB,2026-08-23T04:54:16Z,B0GQV35CVD,,,,,2026-07-01
LG,"LG OLED65C65LA 65-Inch OLED evo AI 4K UHD Smart TV bundle with XO2 Portable Bluetooth Multi-Directional Speaker, 15H Battery Life, IP55 Waterproof",https://www.amazon.co.uk/dp/B0GVDKLF24,65.0,2622.63,2254.75,GBP,2622.63,Amazon,GB,2026-08-23T04:54:16Z,B0GVDKLF24,,,,,2026-07-01
LG,"LG OLED42C65LA 42-Inch OLED evo AI 4K UHD Smart TV bundle with US40TR Soundbar with Wireless Subwoofer & Surround Sound 4.1 channel, 400W",https://www.amazon.co.uk/dp/B0GVDHCJYZ,42.0,1547.66,1330.57,GBP,1547.66,Amazon,GB,2026-08-23T04:54:16Z,B0GVDHCJYZ,,,,,2026-07-01
LG,"LG OLED55C65LA 55-Inch OLED evo AI 4K UHD Smart TV bundle with XO2 Portable Bluetooth Multi-Directional Speaker, 15H Battery Life, IP55 Waterproof",https://www.amazon.co.uk/dp/B0GVDHHJYN,55.0,1931.93,1660.94,GBP,1931.93,Amazon,GB,2026-08-23T04:54:16Z,B0GVDHHJYN,,,,,2026-07-01
LG,LG 42LV550T 42-inch Widescreen Full HD 1080p 100Hz LED Smart TV with Freeview HD,https://www.amazon.co.uk/dp/B004ZC3JAC,42.0,664.78,571.53,GBP,664.78,Amazon,GB,2026-08-23T04:54:16Z,B004ZC3JAC,,,,,2026-07-01
LG,"LG 32LJ510B - 32"" HD READY LED TELEVISION",https://www.amazon.co.uk/dp/B0777SDYRC,32.0,823.51,708.0,GBP,823.51,Amazon,GB,2026-08-23T04:54:16Z,B0777SDYRC,,,,,2026-07-01
LG,"LG OLED65B6ELC 65-Inch OLED evo AI 4K UHD Smart TV bundle with US95AR Home Cinema Soundbar 9.1 channel, Dolby Atmos and Rear Speakers, 810W",https://www.amazon.co.uk/dp/B0H1X7XW56,65.0,2325.14,1998.99,GBP,2325.14,Amazon,GB,2026-08-23T04:54:16Z,B0H1X7XW56,,,,,2026-07-01
LG,TV LED UHD LG 49UM7100PLB,https://www.amazon.co.uk/dp/B07R9B3J4J,49.0,1751.71,1506.0,GBP,1751.71,Amazon,GB,2026-08-23T04:54:16Z,B07R9B3J4J,,,,,2026-07-01
LG,"LG 43QNED70A6A (2025) 43-Inch QNED AI 4K UHD HDR Smart TV bundle with US60T Bluetooth Soundbar 3.1 channel, 340W",https://www.amazon.co.uk/dp/B0GQTQ1YHM,43.0,614.15,528.0,GBP,614.15,Amazon,GB,2026-08-23T04:54:16Z,B0GQTQ1YHM,,,,,2026-07-01
LG,LG 43QNED70B6C - Smart TV 43 Inch 4K 3840 x 2160 pixels QNED DVB-T2 Wifi HEVC/H.265 Energy Class F,https://www.amazon.co.uk/dp/B0H3717ZS4,43.0,765.87,658.44,GBP,765.87,Amazon,GB,2026-08-23T04:54:16Z,B0H3717ZS4,,,,,2026-07-01
LG,"LG 65-Inch OLED evo AI G5 4K Ultra HD HDR Smart TV, WiFi, Bluetooth, 2025 Model, Stand Version (alpha 11 AI Processor Gen2, 100% Colour Volume, AI Picture Pro, 120Hz Refresh Rate, Dolby Atmos)",https://www.amazon.co.uk/dp/B0F2NCMPY3,65.0,,,,,Amazon,GB,2026-08-23T04:54:16Z,B0F2NCMPY3,,,,,
LG,"LG 49"" LED-TV, UHD - 4K, HDR10, Voice Control - 49UN73906LE.AEU, 2021",https://www.amazon.co.uk/dp/B086G5Y2J1,49.0,,,,,Amazon,GB,2026-08-23T04:54:16Z,B086G5Y2J1,,,,,
LG,"LG 86QNED80A6A (2025) 86-Inch QNED AI 4K UHD HDR Smart TV bundle with US60T Bluetooth Soundbar 3.1 channel, 340W",https://www.amazon.co.uk/dp/B0GQTSJ1VZ,86.0,2080.72,1788.86,GBP,2080.72,Amazon,GB,2026-08-23T04:54:16Z,B0GQTSJ1VZ,,,,,2026-07-01
LG,"LG 75QNED80A6A (2025) 75-Inch QNED AI 4K UHD HDR Smart TV bundle with US60T Bluetooth Soundbar 3.1 channel, 340W",https://www.amazon.co.uk/dp/B0GQTTBQ5X,75.0,1393.46,1198.0,GBP,1393.46,Amazon,GB,2026-08-23T04:54:16Z,B0GQTTBQ5X,,,,,2026-07-01
LG,"LG 55QNED70A6A (2025) 55-Inch QNED AI 4K UHD HDR Smart TV bundle with US60T Bluetooth Soundbar 3.1 channel, 340W",https://www.amazon.co.uk/dp/B0GQTR5BFM,55.0,731.61,628.99,GBP,731.61,Amazon,GB,2026-08-23T04:54:16Z,B0GQTR5BFM,,,,,2026-07-01
LG,"LG OLED42C65LA 42-Inch OLED evo AI 4K UHD Smart TV bundle with US70TR Home Cinema Soundbar 5.1 channel, Dolby Atmos and Rear Speakers, 500W",https://www.amazon.co.uk/dp/B0GVDL2D8S,42.0,1880.81,1616.99,GBP,1880.81,Amazon,GB,2026-08-23T04:54:16Z,B0GVDL2D8S,,,,,2026-07-01
LG,"LG OLED55C65LA 55-Inch OLED evo AI 4K UHD Smart TV bundle with US70TR Home Cinema Soundbar 5.1 channel, Dolby Atmos and Rear Speakers, 500W",https://www.amazon.co.uk/dp/B0GVDC4TQ6,55.0,2462.39,2116.99,GBP,2462.39,Amazon,GB,2026-08-23T04:54:16Z,B0GVDC4TQ6,,,,,2026-07-01
LG,LG 49LH510V TV LED 49'' FULL HD,https://www.amazon.co.uk/dp/B01NBRM325,49.0,1681.92,1446.0,GBP,1681.92,Amazon,GB,2026-08-23T04:54:16Z,B01NBRM325,,,,,2026-07-01
LG,"LG 55QNED85B6B 55-Inch QNED evo MiniLED AI 4K UHD Smart TV bundle with US60T Soundbar with Cinematic Sound & WOW Interface 3.1 channel, 340W",https://www.amazon.co.uk/dp/B0GVDGQ3RJ,55.0,1102.67,948.0,GBP,1102.67,Amazon,GB,2026-08-23T04:54:16Z,B0GVDGQ3RJ,,,,,2026-07-01
Sony,"Sony BRAVIA 7 II True RGB 75 Inch TV, 4K Smart TV (Google TV), RGB LED, XR Processor with AI Technology, 120hz Television with Dolby Vision/Atmos, PS5 compatibility, 75XR75M2, 2026 Model",https://www.amazon.co.uk/dp/B0H2JW181N,75.0,3023.04,2599.0,GBP,3023.04,Amazon,GB,2026-08-23T04:54:16Z,B0H2JW181N,,,,,2026-07-01
Hisense,"Hisense 55"" 55A7QTUK QLED Smart AI TV - 4K Direct Lit Viewing, Quantum Dot Colour, Hi-View AI Engine, Built in Subwoofer, Dolby Vision, Dolby Atmos with with Freely, Disney +, YouTube, Netflix",https://www.amazon.co.uk/dp/B0F7WSRXSH,55.0,464.1,399.0,GBP,464.1,Amazon,GB,2026-08-23T04:54:16Z,B0F7WSRXSH,,,,,2026-07-01
Hisense,"Hisense 55A6BGTUK (55 Inch) 4K UHD Smart TV, with Dolby Vision HDR, DTS Virtual X, Youtube, Netflix, Disney +, Freeview Play and Alexa Built-in, Bluetooth and WiFi (2022 NEW), black",https://www.amazon.co.uk/dp/B09ZPWRGN4,55.0,359.42,309.0,GBP,359.42,Amazon,GB,2026-08-23T04:54:16Z,B09ZPWRGN4,,,,,2026-07-01
TCL,"TCL 55C6K-UK QD-Mini LED TV, 4K HDR Premium 1000nits, Smart TV Powered by Google TV (Dolby Vision IQ & Atmos, Onkyo 2.1 Sound System, 144Hz Motion Clarity Pro)",https://www.amazon.co.uk/dp/B0H4R1PD9L,55.0,580.41,499.0,GBP,580.41,Amazon,GB,2026-08-23T04:54:16Z,B0H4R1PD9L,,,,,2026-07-01
TCL,"TCL 43V5C-UK 43Inch Full HD Smart QLED Direct LED TV with Android TV​ and HDR - Compatible with Google Cast and Google Home, Slim Design",https://www.amazon.co.uk/dp/B0FVFS9S7F,43.0,231.47,199.0,GBP,231.47,Amazon,GB,2026-08-23T04:54:16Z,B0FVFS9S7F,,,,,2026-07-01
TCL,"TCL 65PF650K 65-inch 4K Ultra HD, HDR TV, Smart LED Fire TV (Dolby Vision, Dolby Atmos, DTS, HDR 10, Alexa built-in, Airplay2, Miracast)",https://www.amazon.co.uk/dp/B0D81MXY4N,65.0,440.84,379.0,GBP,440.84,Amazon,GB,2026-08-23T04:54:16Z,B0D81MXY4N,,,,,2026-07-01
TCL,"TCL 50T6C-UK 50 Inch QLED 4K HDR TV, Fire TV (Smart TV with Dolby Vision & Atmos, HDR10+, Press & Ask Alexa, 2025 Model)",https://www.amazon.co.uk/dp/B0DW8P6BCG,50.0,324.52,279.0,GBP,324.52,Amazon,GB,2026-08-23T04:54:16Z,B0DW8P6BCG,,,,,2026-07-01
TCL,"TCL 43PF650K 43-inch 4K Ultra HD, HDR TV, Smart LED Fire TV (Dolby Vision, Dolby Atmos, DTS, HDR 10, Alexa built-in, Airplay2, Miracast)",https://www.amazon.co.uk/dp/B0D81MT2ZN,43.0,,,,,Amazon,GB,2026-08-23T04:54:16Z,B0D81MT2ZN,,,,,
TCL,"TCL 43V6D-UK 43 Inch 4K HDR, Fire TV, HDR10+, Dolby Atmos, DTS:X, Game Master, Motion Clarity, AirPlay 2, Press & Ask Alexa (2026 New Model)",https://www.amazon.co.uk/dp/B0GZPVKBN9,43.0,301.26,259.0,GBP,301.26,Amazon,GB,2026-08-23T04:54:16Z,B0GZPVKBN9,,,,,2026-07-01
TCL,"TCL 50C7K-UK 50 Inch QD-Mini LED TV, 4K HDR Premium 2000, Smart TV Powered by Google TV (Dolby Vision IQ & Atmos, HVA Panel, 144Hz Motion Clarity Pro, Game Master)",https://www.amazon.co.uk/dp/B0GL921KL1,50.0,615.31,529.0,GBP,615.31,Amazon,GB,2026-08-23T04:54:16Z,B0GL921KL1,,,,,2026-07-01
TCL,"TCL 43SF560-UK 43"" Full HD QLED Direct LED Smart TV with Fire TV, Alexa Voice Control, Vivid Colour & Enhanced Brightness",https://www.amazon.co.uk/dp/B0F9PNYPBF,43.0,208.2,179.0,GBP,208.2,Amazon,GB,2026-08-23T04:54:16Z,B0F9PNYPBF,,,,,2026-07-01
TCL,"TCL 50Q6C-UK QD-Mini LED TV, 4K HDR Premium 1000nits, Smart TV Powered by Google TV (Dolby Vision IQ & Atmos, 144Hz Motion Clarity Pro,2025 Model)",https://www.amazon.co.uk/dp/B0FKT36J2G,50.0,498.99,429.0,GBP,498.99,Amazon,GB,2026-08-23T04:54:16Z,B0FKT36J2G,,,,,2026-07-01
TCL,"TCL 40RS530K 40"" Roku Full HD LED Smart TV",https://www.amazon.co.uk/dp/B0FHWNC3JN,40.0,219.84,189.0,GBP,219.84,Amazon,GB,2026-08-23T04:54:16Z,B0FHWNC3JN,,,,,2026-07-01
TCL,"TCL 65P7K-UK 65"" QLED 4K Ultra HD HDR Google TV (Google Assistant, Freeview Play, Dolby Atmos, Dolby Vision, HDR10+, 120Hz Game Accelerator, Motion Clarity，2025 Model)",https://www.amazon.co.uk/dp/B0DPM1QW8W,65.0,557.15,479.0,GBP,557.15,Amazon,GB,2026-08-23T04:54:16Z,B0DPM1QW8W,,,,,2026-07-01
Hisense,"Hisense 50"" 50A6QTUK 4K Ultra HD Smart TV AI TV - 4K UHD, Hi-View AI Engine, Precision Colour, AI Smooth Motion, Sports Mode with Freely, Disney +, YouTube, Netflix",https://www.amazon.co.uk/dp/B0F7WH2QM2,50.0,324.52,279.0,GBP,324.52,Amazon,GB,2026-08-23T04:54:16Z,B0F7WH2QM2,,,,,2026-07-01
TCL,"TCL 65P8L-UK 65 Inch QD-Mini LED 4K HDR Ultra HD TV, Smart Google TV (Dolby Vision, HDR10+ & Atmos, 144Hz VRR, FreeSync Premium, Onkyo 2.1 sound, Game Master, Voice Control, 2026 New Model)",https://www.amazon.co.uk/dp/B0GY582KSN,65.0,987.52,849.0,GBP,987.52,Amazon,GB,2026-08-23T04:54:16Z,B0GY582KSN,,,,,2026-07-01
TCL,"TCL 43A400PRO-UK 43 Inch NXTVISION QLED Art TV, 4K HDR, Google TV, Frame Design, Dolby Vision, Dolby Audio, AirPlay 2 (2026 New Model)",https://www.amazon.co.uk/dp/B0GYFDBJ93,43.0,696.73,599.0,GBP,696.73,Amazon,GB,2026-08-23T04:54:16Z,B0GYFDBJ93,,,,,2026-07-01
TCL,"TCL 40V5D-UK 40 Inch Full HD QLED HDR Smart TV with Fire TV | Direct LED, Apple AirPlay 2, Press & Ask Alexa, Metallic Bezel-Less Design",https://www.amazon.co.uk/dp/B0H7H3HFQZ,40.0,277.99,239.0,GBP,277.99,Amazon,GB,2026-08-23T04:54:16Z,B0H7H3HFQZ,,,,,2026-07-01
TCL,"TCL 50P7K-UK 50"" QLED 4K Ultra HD HDR Google TV (Google Assistant, Freeview Play, Dolby Atmos, Dolby Vision, HDR10+, Motion Clarity，2025 Model)",https://www.amazon.co.uk/dp/B0DPM2CCWQ,50.0,382.68,329.0,GBP,382.68,Amazon,GB,2026-08-23T04:54:16Z,B0DPM2CCWQ,,,,,2026-07-01
TCL,"TCL 65Q7D-UK 65 Inch RGB-Mini LED TV, 4K HDR 2000 nits, 1,344 Precise colour Zones, Google TV, Dolby Vision IQ & Atmos, 2.1 Onkyo, 144Hz, Apple AirPlay 2, Alexa (2026 New Model)",https://www.amazon.co.uk/dp/B0H1C5D26Z,65.0,1510.94,1299.0,GBP,1510.94,Amazon,GB,2026-08-23T04:54:16Z,B0H1C5D26Z,,,,,2026-07-01
TCL,"TCL 50RC650K 50-inch QLED Pro Television, 4K Ultra HD, Roku TV (Smart TV with Dolby Vision & Audio, HDR 10+, compatible with Google assistant & Alexa)",https://www.amazon.co.uk/dp/B0DDY1PG37,50.0,336.15,289.0,GBP,336.15,Amazon,GB,2026-08-23T04:54:16Z,B0DDY1PG37,,,,,2026-07-01
TCL,"TCL 75RC650K 75-inch QLED Pro Television, 4K Ultra HD, Roku TV (Smart TV with Dolby Vision & Audio, HDR 10+, compatible with Google assistant & Alexa)",https://www.amazon.co.uk/dp/B0DDXKY2RQ,75.0,,,,,Amazon,GB,2026-08-23T04:54:16Z,B0DDXKY2RQ,,,,,
TCL,"TCL NXTVISION 55A300W-UK QLED PRO 4K Ultra HD TV, 4K HDR PRO, Matte Screen, Smart TV Powered by Google TV (Dolby Vision IQ & Atmos, 144Hz Motion Clarity Pro, compatible with Google Assistant)",https://www.amazon.co.uk/dp/B0FKT1MNM1,55.0,772.34,664.0,GBP,772.34,Amazon,GB,2026-08-23T04:54:16Z,B0FKT1MNM1,,,,,2026-07-01
TCL,"TCL 75C855K 75-inch QLED Mini LED TV, QLED PRO, 4K HDR Premium 3500nits, Smart TV Powered by Google TV (Dolby Vision & Atmos, Onkyo 2.1.2 sound system, 144Hz Motion Clarity Pro)",https://www.amazon.co.uk/dp/B0D8TYQHV3,75.0,1510.94,1299.0,GBP,1510.94,Amazon,GB,2026-08-23T04:54:16Z,B0D8TYQHV3,,,,,2026-07-01
Hisense,"Hisense 40"" 40A4QTUK FHD LED TV with Freely - Direct Lit LED, Dolby Audio, Natural Colour Enhancer, Games Mode, Sports Mode with Freely, Disney +, YouTube, Netflix",https://www.amazon.co.uk/dp/B0F7WFJB57,40.0,219.84,189.0,GBP,219.84,Amazon,GB,2026-08-23T04:54:16Z,B0F7WFJB57,,,,,2026-07-01
TCL,"TCL 75C6KS-UK QD-Mini LED TV, 4K HDR Premium, Powered by Google TV (Dolby Vision & Atmos, Onkyo 2.1 Sound System, Hands-Free Voice Control, Apple AirPlay 2 & Alexa，2025 Model)",https://www.amazon.co.uk/dp/B0F25TH44Q,75.0,929.36,799.0,GBP,929.36,Amazon,GB,2026-08-23T04:54:16Z,B0F25TH44Q,,,,,2026-07-01
TCL,"TCL 55CF630K 139cm (55 inch) QLED Fire TV (4K Ultra HD, HDR 10+, Dolby Vision & Atmos, Smart TV, Game Master, 60Hz Motion clarity, Press & Ask Alexa), Black",https://www.amazon.co.uk/dp/B0BBQ11VCF,55.0,558.3,479.99,GBP,558.3,Amazon,GB,2026-08-23T04:54:16Z,B0BBQ11VCF,,,,,2026-07-01
Philips,"PHILIPS Ambilight 43PUS8200 4K LED Smart TV - 43 Inch Display with Pixel Precise, Ultra HD, Titan OS Platform and Dolby Atmos Sound, Works with Alexa and Google Voice Assistant",https://www.amazon.co.uk/dp/B0F24V6J2B,43.0,231.47,199.0,GBP,231.47,Amazon,GB,2026-08-23T04:54:16Z,B0F24V6J2B,,,,,2026-07-01
Hisense,"Hisense 50"" 50A7QTUK QLED Smart AI TV - 4K Direct Lit Viewing, Quantum Dot Colour, Hi-View AI Engine, Built in Subwoofer, Dolby Vision, Dolby Atmos with with Freely, Disney +, YouTube, Netflix",https://www.amazon.co.uk/dp/B0F7WCBMJZ,50.0,371.05,319.0,GBP,371.05,Amazon,GB,2026-08-23T04:54:16Z,B0F7WCBMJZ,,,,,2026-07-01
Hisense,"Hisense 32"" 32E5QTUK QLED FHD Smart TV - Quantum Dot Colour, Full HD, Dolby Atmos, Sports Mode, Games Mode, Dual Position Stand with Freely, Disney +, YouTube, Netflix",https://www.amazon.co.uk/dp/B0F7WHXDTZ,32.0,219.88,189.04,GBP,219.88,Amazon,GB,2026-08-23T04:54:16Z,B0F7WHXDTZ,,,,,2026-07-01
Hisense,"Hisense 55"" 55U7QTUK MiniLED QLED 144Hz Smart AI TV - Hi-View AI Engine, 144Hz Game Mode PRO, 2.1 Channel, Dolby Atmos, Quantum Dot Colour, Anti-Reflection with Freely, Disney +, YouTube, Netflix",https://www.amazon.co.uk/dp/B0F7WJWY9H,55.0,588.56,506.0,GBP,588.56,Amazon,GB,2026-08-23T04:54:16Z,B0F7WJWY9H,,,,,2026-07-01
Hisense,"Hisense 55"" 55E78QTUK PRO 144Hz QLED Smart AI TV - Hi-View AI Engine, 144Hz Game Mode PRO, Dolby Atmos, Quantum Dot Colour with Freely, Disney +, YouTube, Netflix",https://www.amazon.co.uk/dp/B0F7VXCPFZ,55.0,517.6,445.0,GBP,517.6,Amazon,GB,2026-08-23T04:54:16Z,B0F7VXCPFZ,,,,,2026-07-01
Hisense,"Hisense 75"" 75U8QTUK MiniLED QLED 165Hz Smart AI TV - Hi-View AI Engine PRO, 165Hz Game Mode Ultra, 4.1.2 Channel, Dolby Atmos, Quantum Dot Colour, Anti-Reflection PRO with Freely, YouTube, Netflix",https://www.amazon.co.uk/dp/B0F7WSVV99,75.0,1859.89,1599.0,GBP,1859.89,Amazon,GB,2026-08-23T04:54:16Z,B0F7WSVV99,,,,,2026-07-01
Samsung,Samsung 43 Inch Crystal UHD U8020F Smart TV,https://www.amazon.co.uk/dp/B0F6VKMDQS,43.0,,,,,Amazon,GB,2026-08-23T04:54:16Z,B0F6VKMDQS,,,,,
Samsung,"Samsung 75"" QLED QEF1 4K, Q4 AI Processor, Knox Security, 100% Colour Volume with Quantum Dot, Endless Free Content, Samsung Vision AI Smart TV, 2025",https://www.amazon.co.uk/dp/B0F6TQHG7P,75.0,813.05,699.0,GBP,813.05,Amazon,GB,2026-08-23T04:54:16Z,B0F6TQHG7P,,,,,2026-07-01
Toshiba,"Toshiba 43”UV1563DB 4K Smart VIDAA TV, Ultra HD, HDR10, Freely, Disney+, Prime Video, Netflix, Dolby Audio Processing and Vision, Works with Alexa and Google Assistant, VIDAA Voice 2025",https://www.amazon.co.uk/dp/B0FQNJWQTH,43.0,,,,,Amazon,GB,2026-08-23T04:54:16Z,B0FQNJWQTH,,,,,
Hisense,"Hisense 85 Inch 4K QLED Smart TV 85E7NQTUK - Quantum Dot Colour, 4K AI Processor, Dolby Vision Atmos, Smooth Motion, Sports Mode, Vidaa OS with Freely, Youtube, Netflix and Disney+ (2024 Model)",https://www.amazon.co.uk/dp/B0CYT9PY1Q,85.0,964.26,829.0,GBP,964.26,Amazon,GB,2026-08-23T04:54:16Z,B0CYT9PY1Q,,,,,2026-07-01
Hisense,"Hisense 43 Inch 4K QLED Smart TV 43E77NQTUK - Quantum Dot Colour, 4K AI Processor, Dolby Vision Atmos, Smooth Motion, Sports Mode, Vidaa OS with Freely, Youtube, Netflix and Disney+ (2024 Model)",https://www.amazon.co.uk/dp/B0CYQ6CM3J,43.0,,,,,Amazon,GB,2026-08-23T04:54:16Z,B0CYQ6CM3J,,,,,
Samsung,"3M long LG TV Power Cable for LG TV 24"" 28"" 32"" 40"" 43"" 48"" 49"" 50"" 55"" 60"" 65"" 75"" 80"" 85"" LCD HD Smart 4K TVs 2 Prong AC Power Cord, Samsung/TCL/Sony/Hisense Replacement Cable",https://www.amazon.co.uk/dp/B0FZK3CWHN,24.0,11.62,9.99,GBP,11.62,Amazon,GB,2026-08-23T04:54:16Z,B0FZK3CWHN,,,,,2026-07-01
Hisense,"Hisense 50 Inch 4K QLED Smart TV 50E77NQTUK - Quantum Dot Colour, 4K AI Processor, Dolby Vision Atmos, Smooth Motion, Sports Mode, Vidaa OS with Freely, Youtube, Netflix and Disney+ (2024 Model)",https://www.amazon.co.uk/dp/B0CYQ2JFJW,50.0,325.67,279.99,GBP,325.67,Amazon,GB,2026-08-23T04:54:16Z,B0CYQ2JFJW,,,,,2026-07-01
Hisense,"Hisense 43 Inch 4K QLED Smart TV 43E7NQTUK - Quantum Dot Colour, 4K AI Processor, Dolby Vision Atmos, Smooth Motion, Sports Mode, Vidaa OS with Freely, Youtube, Netflix and Disney+ (2024 Model)",https://www.amazon.co.uk/dp/B0CYT7V571,43.0,312.89,269.0,GBP,312.89,Amazon,GB,2026-08-23T04:54:16Z,B0CYT7V571,,,,,2026-07-01
TCL,"TCL QLED 75"" 75P7K UltraHD 4K Dolby Atmos Google TV",https://www.amazon.co.uk/dp/B0F9FNDBN7,75.0,,,,,Amazon,GB,2026-08-23T04:54:16Z,B0F9FNDBN7,,,,,
TCL,QLED TCL 85C805 215cm 4K UHD Google TV Brushed Aluminium Mini LED TV,https://www.amazon.co.uk/dp/B0CNPL8W3N,85.0,1990.03,1710.89,GBP,1990.03,Amazon,GB,2026-08-23T04:54:16Z,B0CNPL8W3N,,,,,2026-07-01
TCL,"TCL NXTVISION A300 PRO 55"" QLED PRO 4K UHD 4K HDR PRO Matte Screen Smart Google TV (Dolby Vision IQ & Dolby Audio, 144Hz Motion Clarity Pro)",https://www.amazon.co.uk/dp/B0F9WFRF4R,55.0,1560.48,1341.59,GBP,1560.48,Amazon,GB,2026-08-23T04:54:16Z,B0F9WFRF4R,,,,,2026-07-01
TCL,"QLED TCL 50C805 50"" 4K UHD Google TV Brushed Aluminium Mini LED TV",https://www.amazon.co.uk/dp/B0CP63M7ZG,50.0,1000.77,860.39,GBP,1000.77,Amazon,GB,2026-08-23T04:54:16Z,B0CP63M7ZG,,,,,2026-07-01
TCL,"TCL NXTVISION A300W - QLED Pro 4K HDR Smart TV 65"" Matte Screen | Dolby Vision IQ & Atmos, 144Hz VRR, Motion Clarity, Google Cast, Google Assistant",https://www.amazon.co.uk/dp/B0DPLN3N3D,65.0,,,,,Amazon,GB,2026-08-23T04:54:16Z,B0DPLN3N3D,,,,,
TCL,"TCL A300W 75"" 4K Ultra HD QLED Canvase Lifestyle TV - 75A300W",https://www.amazon.co.uk/dp/B0FLF4LCNN,75.0,,,,,Amazon,GB,2026-08-23T04:54:16Z,B0FLF4LCNN,,,,,
TCL,"TCL 43DP628 43-Inch 4K Ultra HD Smart TV - HDR10 / Freeview Play/BBC iPlayer/Netflix 4K / YouTube 4K, Work with Alexa, Wi-Fi,2*HDMI, 1*USB Port - Black",https://www.amazon.co.uk/dp/B07GT9D8VX,43.0,697.88,599.99,GBP,697.88,Amazon,GB,2026-08-23T04:54:16Z,B07GT9D8VX,,,,,2026-07-01
TCL,"TCL HD 65"" 65P69K Smart TV 4K Ultra, Dolby Audio, DVB-T2, Hevc Main 10, Google TV",https://www.amazon.co.uk/dp/B0FMRX2CQV,65.0,739.64,635.89,GBP,739.64,Amazon,GB,2026-08-23T04:54:16Z,B0FMRX2CQV,,,,,2026-07-01
TCL,Tv Tcl 55C8L C SERIES Black,https://www.amazon.co.uk/dp/B0GTZS35X6,55.0,,,,,Amazon,GB,2026-08-23T04:54:16Z,B0GTZS35X6,,,,,
TCL,QLED Tcl 75P79K 189cm 4K UHD Brushed Aluminium TV,https://www.amazon.co.uk/dp/B0FR1HH7H9,75.0,1073.7,923.09,GBP,1073.7,Amazon,GB,2026-08-23T04:54:16Z,B0FR1HH7H9,,,,,2026-07-01
TCL,"TCL 32 Inch Class S3 1080p LED Smart TV with Google TV (32S350G, 2023 Model), Google Assistant Built-in with Voice Remote Control, Compatible with Alexa, Streaming FHD TV",https://www.amazon.co.uk/dp/B0C1HZ9HCM,32.0,429.03,368.85,GBP,429.03,Amazon,GB,2026-08-23T04:54:16Z,B0C1HZ9HCM,,,,,2026-07-01
TCL,"TCL 65P6L - 65 Inch Smart TV 4K LCD DVB-T2 H.264, H.265 Black Energy Class E",https://www.amazon.co.uk/dp/B0H2JKM82C,65.0,1075.15,924.34,GBP,1075.15,Amazon,GB,2026-08-23T04:54:16Z,B0H2JKM82C,,,,,2026-07-01
TCL,TCL 65C69B - Smart TV 65 Inch 4K QLED Class F Black,https://www.amazon.co.uk/dp/B0DGQBSD39,65.0,857.58,737.29,GBP,857.58,Amazon,GB,2026-08-23T04:54:16Z,B0DGQBSD39,,,,,2026-07-01
TCL,TCL 55C645 55 inch 4K UHD Google TV 2023 Brushed Aluminium QLED TV,https://www.amazon.co.uk/dp/B0CHBKT8NJ,55.0,857.58,737.29,GBP,857.58,Amazon,GB,2026-08-23T04:54:16Z,B0CHBKT8NJ,,,,,2026-07-01
TCL,TCL QLED 55 Inch 55P7K UltraHD 4K Dolby Atmos Google TV,https://www.amazon.co.uk/dp/B0F99Z7M9M,55.0,,,,,Amazon,GB,2026-08-23T04:54:16Z,B0F99Z7M9M,,,,,
TCL,"Smart TV TCL 58P635 LED 4K Ultra HD 58"" Direct-LED",https://www.amazon.co.uk/dp/B0C328LKLK,58.0,862.35,741.39,GBP,862.35,Amazon,GB,2026-08-23T04:54:16Z,B0C328LKLK,,,,,2026-07-01
TCL,"TCL 65P6K 65"" LED Direct TV 4K HDR TV Smart TV with Google TV Technology (Dolby Audio, Motion Clarity, Google Assistant and Alexa Compatible)",https://www.amazon.co.uk/dp/B0F74855ZF,65.0,794.75,683.27,GBP,794.75,Amazon,GB,2026-08-23T04:54:16Z,B0F74855ZF,,,,,2026-07-01
TCL,"TCL 85C8K QD-Mini LED 4K Smart TV, 5000 nits HDR Premium, 144Hz, ZeroBorder, Bang & Olufsen, Google TV, Dolby Vision IQ and Atmos, Panel WHVA, Game Master",https://www.amazon.co.uk/dp/B0FS813JCW,85.0,3729.05,3205.98,GBP,3729.05,Amazon,GB,2026-08-23T04:54:16Z,B0FS813JCW,,,,,2026-07-01
TCL,TCL QLED 85 Inch 85P7K 4K UHD GoogleTV,https://www.amazon.co.uk/dp/B0FPQM3QJC,85.0,,,,,Amazon,GB,2026-08-23T04:54:16Z,B0FPQM3QJC,,,,,
TCL,TCL 85P89K 85 Inch Smart TV 4K QLED DVB-T2 Wi-Fi H.264 H.265 Energy Class F,https://www.amazon.co.uk/dp/B0FRFYQ3Q9,85.0,1430.2,1229.59,GBP,1430.2,Amazon,GB,2026-08-23T04:54:16Z,B0FRFYQ3Q9,,,,,2026-07-01
TCL,"TCL Z100 Wireless Home Theater Subwoofer with Dolby Atmos FlexConnect Technology, 5.25"" Woofer, 130W Output Power, Smart Calibration",https://www.amazon.co.uk/dp/B0FQ97LDRP,25.0,677.92,582.83,GBP,677.92,Amazon,GB,2026-08-23T04:54:16Z,B0FQ97LDRP,,,,,2026-07-01
Hisense,"Hisense 55 Inch 4K QLED Smart TV 55A7NQTUK - Quantum Dot Colour, 4K AI Processor, Dolby Vision Atmos, Smooth Motion, Sports Mode, Vidaa OS with Freely, Youtube, Netflix and Disney+ (2024 Model)",https://www.amazon.co.uk/dp/B0D2ZLBC1M,55.0,,,,,Amazon,GB,2026-08-23T04:54:16Z,B0D2ZLBC1M,,,,,
TCL,TV Base Pedestal Feet TVs Legs Universal Stand Legs for TCL Roku 32 40 49 | 50 55 Inch Most Smart Television Table Desk Pedestal Replacement Tabletop Brackets Mount with Screws Mounting,https://www.amazon.co.uk/dp/B0DHRRJWPF,55.0,11.62,9.99,GBP,11.62,Amazon,GB,2026-08-23T04:54:16Z,B0DHRRJWPF,,,,,2026-07-01
TCL,"RC833A FMB4 Remote Control Fit for TCL T6C 43""-85"" QLED Fi-re TV | Fit for TV 43T6C 50T6C 55T6C 65T6C 75T6C 85T6C, Voice Control",https://www.amazon.co.uk/dp/B0GS93S138,43.0,29.07,24.99,GBP,29.07,Amazon,GB,2026-08-23T04:54:16Z,B0GS93S138,,,,,2026-07-01
Hisense,"Hisense 32"" 32A4QTUK FHD LED TV with Freely - Direct Lit LED, Dolby Audio, Natural Colour Enhancer, Games Mode, Sports Mode with Freely, Disney +, YouTube, Netflix",https://www.amazon.co.uk/dp/B0F7WHLF6M,32.0,173.31,149.0,GBP,173.31,Amazon,GB,2026-08-23T04:54:16Z,B0F7WHLF6M,,,,,2026-07-01
Hisense,"Hisense 43"" 43E78QTUK PRO 144Hz QLED Smart AI TV - Hi-View AI Engine, 144Hz Game Mode PRO, Dolby Atmos, Quantum Dot Colour with Freely, Disney +, YouTube, Netflix",https://www.amazon.co.uk/dp/B0F7W1WN3P,43.0,401.29,345.0,GBP,401.29,Amazon,GB,2026-08-23T04:54:16Z,B0F7W1WN3P,,,,,2026-07-01
Hisense,"Hisense 65"" 65A85QTUK OLED Smart AI TV - 120Hz Game Mode PRO, Dolby Atmos, Dolby Vision, IMAX Enhanced, Sport Mode, Filmmaker Mode, Infinite Blacks with Freely, Disney +, YouTube, Netflix",https://www.amazon.co.uk/dp/B0F7WVWRDV,65.0,1206.74,1037.47,GBP,1206.74,Amazon,GB,2026-08-23T04:54:16Z,B0F7WVWRDV,,,,,2026-07-01
Hisense,"Hisense 32"" 32E4STUK LED Full HD Smart TV with Freely, Netflix, Disney+ and YouTube - Natural Colour Enhancer, Dolby Audio, Share to TV, Noise Reduction, Game Mode, DTS Virtual: X, Smart Home Ready",https://www.amazon.co.uk/dp/B0GV4YDXMJ,32.0,208.2,179.0,GBP,208.2,Amazon,GB,2026-08-23T04:54:16Z,B0GV4YDXMJ,,,,,2026-07-01
Hisense,"Hisense 32"" 32A4STUK LED Full HD Smart TV with Freely, Netflix, Disney+ and YouTube - Natural Colour Enhancer, Dolby Audio, Share to TV, Noise Reduction, Game Mode, DTS Virtual: X, Smart Home Ready",https://www.amazon.co.uk/dp/B0GV4SLYWB,32.0,208.2,179.0,GBP,208.2,Amazon,GB,2026-08-23T04:54:16Z,B0GV4SLYWB,,,,,2026-07-01
Hisense,"Hisense 58 Inch VIDAA Smart TV 58A6KTUK - Dolby Vision, Pixel Tuning, Voice Remote, Share to TV, and Youtube, Freeview Play, Netflix and Disney (2023 Model), Black",https://www.amazon.co.uk/dp/B0C4Z3L239,58.0,382.68,329.0,GBP,382.68,Amazon,GB,2026-08-23T04:54:16Z,B0C4Z3L239,,,,,2026-07-01
Hisense,"Hisense 32"" 32S5QTUK Deco TV - Quantum Dot Colour, Dolby Atmos with Freely, Disney +, YouTube, Netflix",https://www.amazon.co.uk/dp/B0GGSH8BQ5,32.0,405.94,349.0,GBP,405.94,Amazon,GB,2026-08-23T04:54:16Z,B0GGSH8BQ5,,,,,2026-07-01
Hisense,"Hisense 65"" 65U8QTUK MiniLED QLED 165Hz Smart AI TV - Hi-View AI Engine PRO, 165Hz Game Mode Ultra, 4.1.2 Channel, Dolby Atmos, Quantum Dot Colour, Anti-Reflection PRO with Freely, YouTube, Netflix",https://www.amazon.co.uk/dp/B0F7WFH1HL,65.0,1278.31,1099.0,GBP,1278.31,Amazon,GB,2026-08-23T04:54:16Z,B0F7WFH1HL,,,,,2026-07-01
Hisense,"Hisense 43"" 43E7STUK Hi-QLED 4K Ultra HD AI Smart TV with Freely, Netflix, Disney+ and YouTube - Hi-QLED Colour, Dolby Vision.Atmos, AI 4K Upscaler, AI Smooth Motion, Game Mode Plus, Filmmaker Mode",https://www.amazon.co.uk/dp/B0GV533BJ7,43.0,405.94,349.0,GBP,405.94,Amazon,GB,2026-08-23T04:54:16Z,B0GV533BJ7,,,,,2026-07-01
Hisense,"Hisense 55"" 55A85QTUK OLED Smart AI TV - 120Hz Game Mode PRO, Dolby Atmos, Dolby Vision, IMAX Enhanced, Sport Mode, Filmmaker Mode, Infinite Blacks with Freely, Disney +, YouTube, Netflix",https://www.amazon.co.uk/dp/B0F7W6DD5X,55.0,929.36,799.0,GBP,929.36,Amazon,GB,2026-08-23T04:54:16Z,B0F7W6DD5X,,,,,2026-07-01
Hisense,"Hisense 43"" 43E6STUK 4K Ultra HD AI Smart TV with Freely, Netflix, Disney+ and YouTube - AI 4K Upscaler, AI Smooth Motion, Game Mode Plus, Dolby Vision, Voice Control, DTS Virtual: X, Filmmaker Mode",https://www.amazon.co.uk/dp/B0GV56B1FX,43.0,382.68,329.0,GBP,382.68,Amazon,GB,2026-08-23T04:54:16Z,B0GV56B1FX,,,,,2026-07-01
Hisense,"Hisense 75 Inch 144Hz 4K QLED Smart Gaming TV 75E7NQTUK PRO - Full Array Local Dimming, Dolby Vision Atmos, Freesync, Subwoofer, Vidaa OS with Freely, Youtube, Netflix and Disney+ (2024 Model)",https://www.amazon.co.uk/dp/B0CYLN4FMJ,75.0,836.31,719.0,GBP,836.31,Amazon,GB,2026-08-23T04:54:16Z,B0CYLN4FMJ,,,,,2026-07-01
Hisense,"Hisense 55” 55ER8STUK RGB MiniLED 180Hz 4K Ultra HD AI Smart TV with Freely, Netflix, Disney+ and YouTube – Hi-View Ai Engine RGB, Native 180Hz Game Mode, Anti-Reflection & Glare-Free",https://www.amazon.co.uk/dp/B0H1HV2Q1Q,55.0,1510.94,1299.0,GBP,1510.94,Amazon,GB,2026-08-23T04:54:16Z,B0H1HV2Q1Q,,,,,2026-07-01
Hisense,"Hisense 65 Inch 144Hz QLED Gaming TV 65E7KQTUK PRO - 144Hz VRR, HDMI 2.1, Freesync Premium, Quantum Dot Colour, VIDAA U7, and Youtube, Freeview Play, Netflix and Disney+ (2023 Model)",https://www.amazon.co.uk/dp/B0C4Z4Y84G,65.0,638.57,549.0,GBP,638.57,Amazon,GB,2026-08-23T04:54:16Z,B0C4Z4Y84G,,,,,2026-07-01
Hisense,"Hisense 65 Inch 144Hz 4K QLED Smart Gaming TV 65E7NQTUK PRO - Full Array Local Dimming, Dolby Vision Atmos, Freesync, Subwoofer, Vidaa OS with Freely, Youtube, Netflix and Disney+ (2024 Model)",https://www.amazon.co.uk/dp/B0CYLMT8CC,65.0,638.57,549.0,GBP,638.57,Amazon,GB,2026-08-23T04:54:16Z,B0CYLMT8CC,,,,,2026-07-01
Hisense,"Hisense 65"" 65E7QTUK QLED Smart AI TV - 4K Direct Lit Viewing, Quantum Dot Colour, Hi-View AI Engine, Dolby Vision, Dolby Atmos with Freely, Disney +, YouTube, Netflix",https://www.amazon.co.uk/dp/B0F7W1SWVW,65.0,615.31,529.0,GBP,615.31,Amazon,GB,2026-08-23T04:54:16Z,B0F7W1SWVW,,,,,2026-07-01
Hisense,"Hisense 50"" 50Q8STUK MiniLED 144Hz 4K Ultra HD AI Smart TV with Freely, Netflix, Disney+ and YouTube - Hi-QLED MiniLED, Built-in Subwoofer, Hi-View AI Engine, Hi-QLED Colour, Hands-Free Voice Control",https://www.amazon.co.uk/dp/B0GV53JVZ8,50.0,1161.99,999.0,GBP,1161.99,Amazon,GB,2026-08-23T04:54:16Z,B0GV53JVZ8,,,,,2026-07-01
Hisense,"Hisense 43"" 43A6STUK 4K Ultra HD AI Smart TV with Freely, Netflix, Disney+ and YouTube - AI 4K Upscaler, AI Smooth Motion, Game Mode Plus, Dolby Vision, Voice Control, DTS Virtual: X, Filmmaker Mode",https://www.amazon.co.uk/dp/B0GV4ZB426,43.0,382.68,329.0,GBP,382.68,Amazon,GB,2026-08-23T04:54:16Z,B0GV4ZB426,,,,,2026-07-01
Hisense,"Hisense 32 inch Full HD QLED Smart TV 32A5NQTUK - Quantum Dot Colour, Natural Enhancer,HDR & HLG-Dolby Atoms, HDMI, Share to TV, and Youtube, Freeview Play, Netflix and Disney+ (2024 Model)",https://www.amazon.co.uk/dp/B0CYZR8T4K,32.0,,,,,Amazon,GB,2026-08-23T04:54:16Z,B0CYZR8T4K,,,,,
Hisense,"Hisense 43 Inch 4K QLED Smart TV 43A7NQTUK - Quantum Dot Colour, 4K AI Processor, Dolby Vision Atmos, Smooth Motion, Sports Mode, Vidaa OS with Freely, Youtube, Netflix and Disney+ (2024 Model)",https://www.amazon.co.uk/dp/B0D2ZK1D4Y,43.0,,,,,Amazon,GB,2026-08-23T04:54:16Z,B0D2ZK1D4Y,,,,,
Hisense,"Hisense 65 Inch 4K QLED Smart TV 65E7NQTUK - Quantum Dot Colour, 4K AI Processor, Dolby Vision Atmos, Smooth Motion, Sports Mode, Vidaa OS with Freely, Youtube, Netflix and Disney+ (2024 Model)",https://www.amazon.co.uk/dp/B0CYT7YG7B,65.0,638.57,549.0,GBP,638.57,Amazon,GB,2026-08-23T04:54:16Z,B0CYT7YG7B,,,,,2026-07-01
Xiaomi,"XIAOMI TV F Pro 32, 32 Inch (81 cm), QLED, Smart TV, Fire TV, Dolby Audio™, DTS Virtual:X S-HD, Alexa Voice Control, Works with Apple AirPlay, [Model Year] | DTS Virtual:X, DTS-HD, Alexa Voice Control, Works with Apple AirPlay",https://www.amazon.co.uk/dp/B0FCXVFVW5,32.0,150.05,129.0,GBP,150.05,Amazon,GB,2026-08-23T04:54:16Z,B0FCXVFVW5,,,,,2026-07-01
Hisense,"Hisense 43"" 43E78STUK PRO Hi-QLED 144Hz 4K Ultra HD AI Smart TV with Freely, Netflix, Disney+ and YouTube - Hi-QLED Colour, Built-in Subwoofer, AI Smooth Motion, AMD FreeSync Premium, Filmmaker Mode",https://www.amazon.co.uk/dp/B0GV4YP92R,43.0,813.05,699.0,GBP,813.05,Amazon,GB,2026-08-23T04:54:16Z,B0GV4YP92R,,,,,2026-07-01
Hisense,"Hisense 65 Inch 120Hz OLED Smart TV 65A85NTUK - Dolby Vision IQ, HDR10+ Adaptive, IMAX Enhanced, Hybrid Log-Gamma (HLG), Vidaa OS with Freely, Youtube, Netflix and Disney+ (2024 Model)",https://www.amazon.co.uk/dp/B0DJ6RWJ65,65.0,1194.26,1026.74,GBP,1194.26,Amazon,GB,2026-08-23T04:54:16Z,B0DJ6RWJ65,,,,,2026-07-01
Hisense,"Hisense 40 inch Full HD QLED Smart TV 40A5NQTUK - Quantum Dot Colour, Natural Enhancer,HDR & HLG-Dolby Atoms, HDMI, Share to TV, and Youtube, Freeview Play, Netflix and Disney+ (2024 Model)",https://www.amazon.co.uk/dp/B0CYZNSTKZ,40.0,535.04,459.99,GBP,535.04,Amazon,GB,2026-08-23T04:54:16Z,B0CYZNSTKZ,,,,,2026-07-01
Hisense,"Hisense 100 Inch 144Hz ULED Mini-LED Smart TV 100U7KQTUK - 144Hz VRR, HDMI 2.1, Quantum Dot Colour, Dolby Vision IQ, VIDAA Smart TV, and Youtube, Freeview Play, Netflix and Disney+ (2023 Model)",https://www.amazon.co.uk/dp/B0CHZ3DPQZ,100.0,2208.83,1899.0,GBP,2208.83,Amazon,GB,2026-08-23T04:54:16Z,B0CHZ3DPQZ,,,,,2026-07-01
Hisense,"Hisense 32 Inch HD VIDAA Smart TV 32E4KTUK - Natural Enhancer, HDMI, Share to TV, and Youtube, Freeview Play, Netflix and Disney+ (2023 Model)",https://www.amazon.co.uk/dp/B0C4Z684RG,32.0,,,,,Amazon,GB,2026-08-23T04:54:16Z,B0C4Z684RG,,,,,
Hisense,"Hisense 40 Inch FHD VIDAA Smart TV 40A4KTUK - Natural Enhancer, HDMI, Share to TV, and Youtube, Freeview Play, Netflix and Disney+ (2023 Model)",https://www.amazon.co.uk/dp/B0C4Z3H35M,40.0,383.83,329.99,GBP,383.83,Amazon,GB,2026-08-23T04:54:16Z,B0C4Z3H35M,,,,,2026-07-01
Hisense,"Hisense 50A6GTUK (50 Inch) 4K UHD Smart TV, with Dolby Vision HDR, DTS Virtual X, Youtube, Netflix, Freeview Play and Alexa Built-in, Bluetooth and WiFi (2021 NEW), Operating System VIDAA",https://www.amazon.co.uk/dp/B092RCJR9W,50.0,581.57,499.99,GBP,581.57,Amazon,GB,2026-08-23T04:54:16Z,B092RCJR9W,,,,,2026-07-01
Hisense,"Hisense Laser Cinema PT1, 80-150 inch projection size, LPU tech, 4K, IMAX enhanced, Dolby Vision, Atmos, HDR10+, 2500 lumens brightness, ultra short throw, 3D, 240Hz refresh rate, VIDAA, without",https://www.amazon.co.uk/dp/B0FBW9Q8HZ,150.0,2138.87,1838.85,GBP,2138.87,Amazon,GB,2026-08-23T04:54:16Z,B0FBW9Q8HZ,,,,,2026-07-01
Philips,"PHILIPS Ambilight 55PUS8200 4K LED Smart TV - 55 Inch Display with Pixel Precise, Ultra HD, Titan OS Platform and Dolby Atmos Sound, Works with Alexa and Google Voice Assistant",https://www.amazon.co.uk/dp/B0F24X53Q7,55.0,312.89,269.0,GBP,312.89,Amazon,GB,2026-08-23T04:54:16Z,B0F24X53Q7,,,,,2026-07-01
TCL,"TCL 55P7K-UK 55"" QLED 4K Ultra HD HDR Google TV (Google Assistant, Freeview Play, Dolby Atmos, Dolby Vision, HDR10+, 120Hz Game Accelerator, Motion Clarity，2025 Model)",https://www.amazon.co.uk/dp/B0DPM2TXQG,55.0,,,,,Amazon,GB,2026-08-23T04:54:16Z,B0DPM2TXQG,,,,,
Toshiba,"Toshiba 50”UV1563DB 4K Smart VIDAA TV, Ultra HD, HDR10, Freely, Disney+, Prime Video, Netflix, Dolby Audio Processing and Vision, Works with Alexa and Google Assistant, VIDAA Voice 2025",https://www.amazon.co.uk/dp/B0FQNJF6W1,50.0,,,,,Amazon,GB,2026-08-23T04:54:16Z,B0FQNJF6W1,,,,,
TCL,TCL 85T8C-UK 85 Inch 4K 144Hz Gaming QLED Onkyo 2.1 Dolby Atmos Google TV with Dolby Vision & HDR 10+ BBC iPlayer (2025 Mo...,https://www.amazon.co.uk/dp/B0F21KQ5SD,85.0,1103.83,949.0,GBP,1103.83,Amazon,GB,2026-08-23T04:54:16Z,B0F21KQ5SD,,,,,2026-07-01
Hisense,Hisense 55 inch Canvas TV Frame - Teak,https://www.amazon.co.uk/dp/B0FY1FMMHQ,55.0,173.31,149.0,GBP,173.31,Amazon,GB,2026-08-23T04:54:16Z,B0FY1FMMHQ,,,,,2026-07-01
Hisense,"Hisense 55"" 55S7NQTUK Canvas TV & TV Frame - White",https://www.amazon.co.uk/dp/B0G1RHDKH4,55.0,1044.51,898.0,GBP,1044.51,Amazon,GB,2026-08-23T04:54:16Z,B0G1RHDKH4,,,,,2026-07-01
Hisense,"Hisense 40A5S – 40"" Full HD LED TV, Smart TV VIDAA U7.6, USB-C Port (Mobile to TV), Dolby Audio & DTS HD, Bluetooth, WiFi,...",https://www.amazon.co.uk/dp/B0GJ5WRCG2,40.0,393.24,338.08,GBP,393.24,Amazon,GB,2026-08-23T04:54:16Z,B0GJ5WRCG2,,,,,2026-07-01
Hisense,"Hisense 58A6GTUK (58 Inch) 4K UHD Smart TV, with Dolby Vision HDR, DTS Virtual X, Youtube, Netflix, Freeview Play and Alexa Built-in, Bluetooth and WiFi (2021 NEW), Operating System VIDAA",https://www.amazon.co.uk/dp/B092RFH8GJ,58.0,697.84,599.95,GBP,697.84,Amazon,GB,2026-08-23T04:54:16Z,B092RFH8GJ,,,,,2026-07-01
Hisense,"Hisense 65A6EGTUK (65 Inch) 4K UHD Smart TV, with Dolby Vision HDR, DTS Virtual X, Youtube, Netflix, Disney +, Freeview Play and Alexa Built-in, Bluetooth and WiFi (2022 NEW), Operating System VIDAA",https://www.amazon.co.uk/dp/B09ZPVFK4T,65.0,,,,,Amazon,GB,2026-08-23T04:54:16Z,B09ZPVFK4T,,,,,
Hisense,"Hisense 58A6S - 58"" 4K UHD TV, HomeOS U9.5 Smart TV, Dolby Vision HDR, Game Mode Plus (VRR 60Hz), DTS Virtual:X, Alexa Built-in, Black",https://www.amazon.co.uk/dp/B0GJFLN5QB,58.0,611.63,525.84,GBP,611.63,Amazon,GB,2026-08-23T04:54:16Z,B0GJFLN5QB,,,,,2026-07-01
Hisense,Hisense 55 - Inch 4K Smart HDR ULED TV with Freeview HD,https://www.amazon.co.uk/dp/B01GPIM4MC,55.0,,,,,Amazon,GB,2026-08-23T04:54:16Z,B01GPIM4MC,,,,,
Hisense,"Hisense 65"" 65S7NQTUK Canvas TV & TV Frame - White",https://www.amazon.co.uk/dp/B0G1S968SM,65.0,1170.33,1006.17,GBP,1170.33,Amazon,GB,2026-08-23T04:54:16Z,B0G1S968SM,,,,,2026-07-01
Hisense,"Hisense 85A6BTUK (85 Inch) 4K UHD Smart TV, with Dolby Vision HDR, DTS Virtual X, Youtube, Netflix, Disney +, Freeview Play and Alexa Built-in, Bluetooth and WiFi (2022), Operating System VIDAA",https://www.amazon.co.uk/dp/B0BPT89H11,85.0,973.81,837.21,GBP,973.81,Amazon,GB,2026-08-23T04:54:16Z,B0BPT89H11,,,,,2026-07-01
Hisense,"Hisense 43E77Q TV 43"" [43] 4K Ul",https://www.amazon.co.uk/dp/B00VSWSBA0,43.0,562.96,483.99,GBP,562.96,Amazon,GB,2026-08-23T04:54:16Z,B00VSWSBA0,,,,,2026-07-01
Hisense,TV Hisense 20016068 U8 Series 65U8Q Black,https://www.amazon.co.uk/dp/B0F1WBGQBM,65.0,1594.61,1370.93,GBP,1594.61,Amazon,GB,2026-08-23T04:54:16Z,B0F1WBGQBM,,,,,2026-07-01
Hisense,Hisense TV & Soundbar Bundle: 85U7QTUK ULED TV plus the HT SATURN Soundbar – vibrant colour meets room-filling 3D sound,https://www.amazon.co.uk/dp/B0FLXY3CRZ,85.0,2556.62,2198.0,GBP,2556.62,Amazon,GB,2026-08-23T04:54:16Z,B0FLXY3CRZ,,,,,2026-07-01
Hisense,"Hisense 55U8GQTUK Quantum Series 55-inch 1000-nit 4K UHD Dolby Vision HDR Smart TV with YouTube, Freeview Play and Alexa Built-in and IMAX Enhanced, TUV Certificated (2021 NEW)",https://www.amazon.co.uk/dp/B09577Y5DB,55.0,685.94,589.72,GBP,685.94,Amazon,GB,2026-08-23T04:54:16Z,B09577Y5DB,,,,,2026-07-01
Hisense,"Smart TV Hisense 43A6Q 4K Ultra HD LED 43""",https://www.amazon.co.uk/dp/B0F4DF55P6,43.0,,,,,Amazon,GB,2026-08-23T04:54:16Z,B0F4DF55P6,,,,,
Hisense,Hisense 65E7Q Pro,https://www.amazon.co.uk/dp/B0F1N62VSW,65.0,,,,,Amazon,GB,2026-08-23T04:54:16Z,B0F1N62VSW,,,,,
Hisense,"Hisense 50A5S - 50"" Full HD LED TV, Smart TV VIDAA U7.6, USB-C Port (Mobile to TV), Dolby Audio & DTS HD, Bluetooth, WiFi,...",https://www.amazon.co.uk/dp/B0GJ5TLQHW,50.0,,,,,Amazon,GB,2026-08-23T04:54:16Z,B0GJ5TLQHW,,,,,
Hisense,Hisense 34U8Q,https://www.amazon.co.uk/dp/B0F1W3TRZT,75.0,2477.28,2129.79,GBP,2477.28,Amazon,GB,2026-08-23T04:54:16Z,B0F1W3TRZT,,,,,2026-07-01
Hisense,"Hisense H43A6200UK 43-Inch 4K Ultra HD Smart TV - Black, Operating System VIDAA",https://www.amazon.co.uk/dp/B07BMZMFKJ,43.0,,,,,Amazon,GB,2026-08-23T04:54:16Z,B07BMZMFKJ,,,,,
Hisense,"Hisense 32A4K9 32"" LED HD Con Modo Juego y Deportes IA Sonido DTS Alexa Smart TV VIDAA U6",https://www.amazon.co.uk/dp/B0BZF27SK2,32.0,264.85,227.7,GBP,264.85,Amazon,GB,2026-08-23T04:54:16Z,B0BZF27SK2,,,,,2026-07-01
Hisense,Hisense TV & Soundbar Bundle: 85U8QTUK Mini-LED TV plus the HT SATURN Soundbar – a high-end AV setup for ultimate immersion,https://www.amazon.co.uk/dp/B0FFGJNNBH,85.0,3360.36,2889.0,GBP,3360.36,Amazon,GB,2026-08-23T04:54:16Z,B0FFGJNNBH,,,,,2026-07-01
Hisense,Hisense TV & Soundbar Bundle: 55A85QTUK OLED TV plus the HT SATURN Soundbar – rich OLED visuals and dynamic surround sound in perfect harmony,https://www.amazon.co.uk/dp/B0FFGMR38H,55.0,1975.04,1698.0,GBP,1975.04,Amazon,GB,2026-08-23T04:54:16Z,B0FFGMR38H,,,,,2026-07-01
Hisense,Hisense 43A69S - Smart TV 43 Inch LED 4K DVB-T2 HEVC/H.265 Wifi Black Energy Class E,https://www.amazon.co.uk/dp/B0H83CB2LF,43.0,436.29,375.09,GBP,436.29,Amazon,GB,2026-08-23T04:54:16Z,B0H83CB2LF,,,,,2026-07-01
Hisense,Hisense 40A5NQ 2024 Full HD QLED Smart TV Triple Tuner AI Sports Mode Dolby Atmos Share to TV Dual Positioning WiFi Game & Hotel Mode Black,https://www.amazon.co.uk/dp/B0CXTFTHCR,40.0,347.78,299.0,GBP,347.78,Amazon,GB,2026-08-23T04:54:16Z,B0CXTFTHCR,,,,,2026-07-01
Hisense,"Hisense 65U8NQ TV, 164 cm (65 ""), 4K Mini LED ULED HDR, Smart TV, Quantum Dot, 120Hz/144Hz VRR, HDMI 2.1, Game Mode Pro, 2.1.2 Channel Sound, Dolby Vision IQ & Atmos, Charcoal",https://www.amazon.co.uk/dp/B0D35H4YWY,65.0,1430.2,1229.59,GBP,1430.2,Amazon,GB,2026-08-23T04:54:16Z,B0D35H4YWY,,,,,2026-07-01
Hisense,"Hisense 65A6S - TV 4K UHD 65 Inch (164 cm), Smart TV HomeOS U9.5, Dolby Vision HDR, Game Mode Plus (VRR 60Hz), DTS Virtual: X, Alexa Integrated, Black",https://www.amazon.co.uk/dp/B0GJF87VQ6,65.0,,,,,Amazon,GB,2026-08-23T04:54:16Z,B0GJF87VQ6,,,,,
Hisense,"Hisense 65E77Q PRO, QLED-Fernseher 164 cm (65 Zoll), schwarz, UltraHD/4K, Tripple Tuner, USB Recording, Time Shift, 144Hz Panel (20015825)",https://www.amazon.co.uk/dp/B0FTG6KB5Q,65.0,672.65,578.3,GBP,672.65,Amazon,GB,2026-08-23T04:54:16Z,B0FTG6KB5Q,,,,,2026-07-01
Hisense,"Hisense 75U7NQ - 75-inch LED Mini TV, with Quantum Dot Colour, 144Hz VRR 240fps Gaming Mode, Full Array Local Dimming, Hi-View Engine Processor, Dolby Vision IQ & Dolby Atmos (New 2024)",https://www.amazon.co.uk/dp/B0CXTKYLCV,75.0,1703.66,1464.69,GBP,1703.66,Amazon,GB,2026-08-23T04:54:16Z,B0CXTKYLCV,,,,,2026-07-01
Hisense,Hisense 4K 144Hz Mini-LED TV U7K and AX3120G with 3.1.2 Surround Sound and Dolby Atmos&DTS Virtual X,https://www.amazon.co.uk/dp/B0C5N48CDS,55.0,1608.3,1382.7,GBP,1608.3,Amazon,GB,2026-08-23T04:54:16Z,B0C5N48CDS,,,,,2026-07-01
Hisense,"Hisense 85"" 4K Ultra HD 85A6Q Smart TV VIDAA U8, Dolby Vision, HDR 10, Game Mode Plus, Alexa Built-in, VIDAA Voice, DVB-T2/S2 HEVC 10 Tuner, Lativu 4K",https://www.amazon.co.uk/dp/B0F32QWD5H,85.0,,,,,Amazon,GB,2026-08-23T04:54:16Z,B0F32QWD5H,,,,,
Hisense,"Hisense Smart TV 75"" 4K Ultra HD 2025 75A6Q, Smart TV VIDAA U8, Dolby Vision, HDR 10, Game Mode Plus, Alexa Built-in, VIDAA Voice, DVB-T2/S2 HEVC 10 Tuner, Lativu 4K",https://www.amazon.co.uk/dp/B0F4DBKHJC,75.0,929.12,798.79,GBP,929.12,Amazon,GB,2026-08-23T04:54:16Z,B0F4DBKHJC,,,,,2026-07-01
Hisense,Hisense TV & Soundbar Bundle: 55U8QTUK Mini-LED TV plus the HT SATURN Soundbar – the perfect match of Mini-LED technology and deep surround sound,https://www.amazon.co.uk/dp/B0FFMGB3NS,55.0,,,,,Amazon,GB,2026-08-23T04:54:16Z,B0FFMGB3NS,,,,,
Hisense,Hisense 55 inch Canvas TV Frame - Walnut,https://www.amazon.co.uk/dp/B0FY1H9967,55.0,173.31,149.0,GBP,173.31,Amazon,GB,2026-08-23T04:54:16Z,B0FY1H9967,,,,,2026-07-01
Hisense,Hisense 55 inch Canvas TV Frame - White,https://www.amazon.co.uk/dp/B0FY1F4GWN,55.0,173.31,149.0,GBP,173.31,Amazon,GB,2026-08-23T04:54:16Z,B0FY1F4GWN,,,,,2026-07-01
Sony,"Sony BRAVIA 3 – Direct LED, X-Balanced Speaker, Dolby Vision/Atmos, IMAX Enhanced, Google TV (2025), Google Cast, Apple AirPlay 2, Eco Dashboard 2, Game Menu 2 – 43-inch",https://www.amazon.co.uk/dp/B0F29KJPSN,43.0,580.41,499.0,GBP,580.41,Amazon,GB,2026-08-23T04:54:16Z,B0F29KJPSN,,,,,2026-07-01
Sony,Sony BRAVIA KD-32W800 - 32-inch - HD Ready (HD) - High Dynamic Range (HDR) - Android TV - (Black),https://www.amazon.co.uk/dp/B0913JZKPB,32.0,347.78,299.0,GBP,347.78,Amazon,GB,2026-08-23T04:54:16Z,B0913JZKPB,,,,,2026-07-01
Sony,"Sony BRAVIA 8A OLED 65 Inch 4K HDR Smart TV, Gaming Features for PlayStation 5 and IMAX Enhanced, Dolby Vision Atmos, Google Cast, Apple AirPlay, 120Hz 65XR8A",https://www.amazon.co.uk/dp/B0FWCYT7DS,65.0,1743.57,1499.0,GBP,1743.57,Amazon,GB,2026-08-23T04:54:16Z,B0FWCYT7DS,,,,,2026-07-01
Sony,"Sony BRAVIA 3 – Direct LED, X-Balanced Speaker, Dolby Vision/Atmos, IMAX Enhanced, Google TV (2025), Google Cast, Apple AirPlay 2, Eco Dashboard 2, Game Menu 2 – 50-inch",https://www.amazon.co.uk/dp/B0F29H8XBP,50.0,813.05,699.0,GBP,813.05,Amazon,GB,2026-08-23T04:54:16Z,B0F29H8XBP,,,,,2026-07-01
Sony,"Sony BRAVIA 2 Ⅱ 43 Inch TV, 4K Smart TV (Google TV), X1 Processor, 4K Upscaling, Television with Dolby Atmos and DTS:X, PS5 compatibility, 43S25M2, 2026 Model",https://www.amazon.co.uk/dp/B0GZW6MKPF,43.0,638.57,549.0,GBP,638.57,Amazon,GB,2026-08-23T04:54:16Z,B0GZW6MKPF,,,,,2026-07-01
Sony,"Sony BRAVIA 8A OLED 55 Inch 4K HDR Smart TV, Gaming Features for PlayStation 5 and IMAX Enhanced, Dolby Vision Atmos, Google Cast, Apple AirPlay, 120Hz 55XR8A",https://www.amazon.co.uk/dp/B0FWCYHMWZ,55.0,1394.62,1199.0,GBP,1394.62,Amazon,GB,2026-08-23T04:54:16Z,B0FWCYHMWZ,,,,,2026-07-01
Sony,"Sony BRAVIA 7 II True RGB 65 Inch TV, 4K Smart TV (Google TV), RGB LED, XR Processor with AI Technology, 120hz Television with Dolby Vision/Atmos, PS5 compatibility, 65XR75M2, 2026 Model",https://www.amazon.co.uk/dp/B0H2K36ZYB,65.0,2092.52,1799.0,GBP,2092.52,Amazon,GB,2026-08-23T04:54:16Z,B0H2K36ZYB,,,,,2026-07-01
Sony,"Sony BRAVIA 5 – XR, Mini LED, AI XR Processor, Acoustic Multi-Audio, Dolby Vision/Atmos, IMAX Enhanced, Google TV (2025), Google Cast, Apple AirPlay 2, Eco Dashboard 2, Game Menu 2 – 65-inch",https://www.amazon.co.uk/dp/B0F29KYPN4,65.0,1510.94,1299.0,GBP,1510.94,Amazon,GB,2026-08-23T04:54:16Z,B0F29KYPN4,,,,,2026-07-01
Sony,"Sony BRAVIA 3 – Direct LED, X-Balanced Speaker, Dolby Vision/Atmos, IMAX Enhanced, Google TV (2025), Google Cast, Apple AirPlay 2, Eco Dashboard 2, Game Menu 2 – 55-inch",https://www.amazon.co.uk/dp/B0F29JHZBD,55.0,987.52,849.0,GBP,987.52,Amazon,GB,2026-08-23T04:54:16Z,B0F29JHZBD,,,,,2026-07-01
Sony,"Sony BRAVIA 7 II True RGB 55 Inch TV, 4K Smart TV (Google TV), RGB LED, XR Processor with AI Technology, 120hz Television with Dolby Vision/Atmos, PS5 compatibility, 55XR75M2, 2026 Model",https://www.amazon.co.uk/dp/B0H2KCGB73,55.0,1859.89,1599.0,GBP,1859.89,Amazon,GB,2026-08-23T04:54:16Z,B0H2KCGB73,,,,,2026-07-01
Sony,"Sony BRAVIA XR, XR-48A90K, 48 Inch, OLED, Smart TV, 4K HDR, Google TV, BRAVIA CORE, Perfect for PlayStation5, Metal Flush Surface Design, 5 Year Warranty",https://www.amazon.co.uk/dp/B09ZPQ9JRG,48.0,1859.89,1599.0,GBP,1859.89,Amazon,GB,2026-08-23T04:54:16Z,B09ZPQ9JRG,,,,,2026-07-01
Sony,"Sony BRAVIA 8 OLED, K55XR80, 55 Inch 4K HDR Google Smart TV, Gaming Features for PlayStation 5 and IMAX Enhanced, Dolby Vision Atmos, Chromecast, Apple AirPlay, 120Hz",https://www.amazon.co.uk/dp/B0CZTZTQXJ,55.0,1743.57,1499.0,GBP,1743.57,Amazon,GB,2026-08-23T04:54:16Z,B0CZTZTQXJ,,,,,2026-07-01
Sony,"Sony BRAVIA 8 II 55"" QD-OLED, K55XR8M25BP (2025), 4K HDR Smart TV, AI XR Processor, Acoustic Surface Audio+, Dolby Vision/Atmos, IMAX Enhanced, Apple AirPlay 2, Eco Dashboard, 5 year warranty.",https://www.amazon.co.uk/dp/B0FG465NBM,55.0,2208.83,1899.0,GBP,2208.83,Amazon,GB,2026-08-23T04:54:16Z,B0FG465NBM,,,,,2026-07-01
Sony,"Sony BRAVIA 7 QLED (XR l Mini LED), K55XR70, 55 Inch 4K HDR Google Smart TV, Gaming Features for PlayStation 5, IMAX Enhanced, Dolby Vision Atmos, Chromecast, AirPlay, 120Hz, 5 Year Warranty",https://www.amazon.co.uk/dp/B0CZTYCDMR,55.0,1627.26,1399.0,GBP,1627.26,Amazon,GB,2026-08-23T04:54:16Z,B0CZTYCDMR,,,,,2026-07-01
Sony,"Sony BRAVIA XR, XR-85X90L, 85 Inch, Full Array LED, Smart TV, 4K HDR, Google TV, ECO PACK, BRAVIA CORE, Perfect for PlayStation5, Aluminium Seamless Edge Design, 5 Year Warranty",https://www.amazon.co.uk/dp/B0BX6MJSHT,85.0,2600.26,2235.52,GBP,2600.26,Amazon,GB,2026-08-23T04:54:16Z,B0BX6MJSHT,,,,,2026-07-01
Samsung,"Samsung 48"" S90F, NQ4 AI Gen3 Processor, 4K AI Upscaling Pro, OLED HDR+, Motion Xcelerator 144Hz, Samsung Vision AI, 2025",https://www.amazon.co.uk/dp/B0F6VKBXHR,48.0,,,,,Amazon,GB,2026-08-23T04:54:16Z,B0F6VKBXHR,,,,,
Sony,"Sony BRAVIA 9 QLED (XR l Mini LED), K65XR90, 65 Inch 4K HDR Google Smart TV, Gaming Features for PlayStation 5, IMAX Enhanced, Dolby Vision Atmos, Chromecast, AirPlay, 120Hz, 5 Year Warranty",https://www.amazon.co.uk/dp/B0DJDDR25R,65.0,2788.41,2397.28,GBP,2788.41,Amazon,GB,2026-08-23T04:54:16Z,B0DJDDR25R,,,,,2026-07-01
Hisense,"Hisense 50"" 50U7QTUK MiniLED QLED 144Hz Smart AI TV - Hi-View AI Engine, 144Hz Game Mode PRO, 2.1 Channel, Dolby Atmos, Quantum Dot Colour, Anti-Reflection with Freely, Disney +, YouTube, Netflix",https://www.amazon.co.uk/dp/B0F7WKMM1J,50.0,522.26,449.0,GBP,522.26,Amazon,GB,2026-08-23T04:54:16Z,B0F7WKMM1J,,,,,2026-07-01
LG,"LG OLED48C55LA 48-Inch OLEDevo 4K UHD Smart TV, (α9 AI Processor, Dolby Atmos, Freeview Play and Amazon Alexa, 120Hz) [Model 2025]",https://www.amazon.co.uk/dp/B0F3CYJM6T,48.0,,,,,Amazon,GB,2026-08-23T04:54:16Z,B0F3CYJM6T,,,,,
Hisense,"Hisense 40"" 40E5QTUK QLED FHD Smart TV - Quantum Dot Colour, Full HD, Dolby Atmos, Sports Mode, Games Mode, Dual Position Stand with Freely, Disney +, YouTube, Netflix",https://www.amazon.co.uk/dp/B0F7WH53QJ,40.0,289.63,249.0,GBP,289.63,Amazon,GB,2026-08-23T04:54:16Z,B0F7WH53QJ,,,,,2026-07-01
LG,"LG 55QNED70A6A 55-Inch 4K UHD Smart TV (α7 AI Processor, Amazon Alexa, 60Hz) [Model 2025]",https://www.amazon.co.uk/dp/B0FDR6R5LB,55.0,405.94,349.0,GBP,405.94,Amazon,GB,2026-08-23T04:54:16Z,B0FDR6R5LB,,,,,2026-07-01
LG,"LG 85QNED92A6A 85-Inch 4K UHD Smart TV, (α8 AI Processor, Freeview Play and Amazon Alexa, 120Hz) [Model 2025]",https://www.amazon.co.uk/dp/B0F5BRD36S,85.0,3837.25,3299.0,GBP,3837.25,Amazon,GB,2026-08-23T04:54:16Z,B0F5BRD36S,,,,,2026-07-01
Hisense,"Hisense 100"" 100U8QTUK MiniLED QLED 165Hz Smart AI TV - Hi-View AI Engine PRO, 165Hz Game Mode Ultra, 4.1.2 Channel, Dolby Atmos, Quantum Dot Colour, Anti-Reflection PRO with Freely, YouTube, Netflix",https://www.amazon.co.uk/dp/B0FR8LPDZB,100.0,4065.23,3495.0,GBP,4065.23,Amazon,GB,2026-08-23T04:54:16Z,B0FR8LPDZB,,,,,2026-07-01
Samsung,"Samsung 65"" S90F, NQ4 AI Gen3 Processor, 4K AI Upscaling Pro, OLED HDR+, Motion Xcelerator 144Hz, Samsung Vision AI, 2025",https://www.amazon.co.uk/dp/B0F6VQKK6Q,65.0,1394.62,1199.0,GBP,1394.62,Amazon,GB,2026-08-23T04:54:16Z,B0F6VQKK6Q,,,,,2026-07-01
Samsung,Samsung 43 Inch QLED Q7F2 AI Smart TV,https://www.amazon.co.uk/dp/B0F6NH7ZPD,43.0,347.78,299.0,GBP,347.78,Amazon,GB,2026-08-23T04:54:16Z,B0F6NH7ZPD,,,,,2026-07-01
Samsung,"Samsung 43"" The Frame LS03FA, NQ4 AI Gen2 Processor, QLED, Matte Display, Modern Frame Design & Art Mode, Samsung Vision A...",https://www.amazon.co.uk/dp/B0F5WT1FKX,43.0,638.57,549.0,GBP,638.57,Amazon,GB,2026-08-23T04:54:16Z,B0F5WT1FKX,,,,,2026-07-01
LG,"LG 55QNED80A6A 55-Inch 4K UHD Smart TV, (α7 AI Processor, Freeview Play and Amazon Alexa, 60Hz) [Model 2025]",https://www.amazon.co.uk/dp/B0F1519SC2,55.0,435.02,374.0,GBP,435.02,Amazon,GB,2026-08-23T04:54:16Z,B0F1519SC2,,,,,2026-07-01
LG,"LG 65NU800B6LA Nano UHD AI NU80 4K Smart TV, α7 Processor Gen9, 60Hz, HDR10, Filmmaker Mode™, Google Cast, Apple AirPlay 2, Model Year 2026",https://www.amazon.co.uk/dp/B0GT9S4VTG,65.0,546.67,469.99,GBP,546.67,Amazon,GB,2026-08-23T04:54:16Z,B0GT9S4VTG,,,,,2026-07-01
LG,"LG 55NU800B6LA Nano UHD AI NU80 4K Smart TV, α7 Processor Gen9, 60Hz, HDR10, Filmmaker Mode™, Google Cast, Apple AirPlay 2, Model Year 2026",https://www.amazon.co.uk/dp/B0GT9KCWNC,55.0,405.94,349.0,GBP,405.94,Amazon,GB,2026-08-23T04:54:16Z,B0GT9KCWNC,,,,,2026-07-01
LG,"LG OLED evo AI C6 55-inch 4K Smart TV - OLED55C65LA (α11 AI Processor 4K Gen3, 120Hz (VRR 165Hz), Dolby Vision, Dolby Atmos, FILMMAKER MODE™ [Model year 2026]",https://www.amazon.co.uk/dp/B0GT9VGFLR,55.0,1859.89,1599.0,GBP,1859.89,Amazon,GB,2026-08-23T04:54:16Z,B0GT9VGFLR,,,,,2026-07-01
LG,"LG 65NU850B6LA Nano UHD AI NU85 4K Smart TV, α7 Processor Gen9, 60Hz, HDR10, Filmmaker Mode™, Google Cast, Apple AirPlay 2, Model Year 2026",https://www.amazon.co.uk/dp/B0GT9Z4XKS,65.0,603.68,519.0,GBP,603.68,Amazon,GB,2026-08-23T04:54:16Z,B0GT9Z4XKS,,,,,2026-07-01
LG,"LG 75QNED70B6A QNED MiniLED AI 4K Smart TV QNED70, α7 Processor Gen9, 60Hz, HDR10, Filmmaker Mode™, Google Cast, Apple AirPlay 2, Model Year 2026",https://www.amazon.co.uk/dp/B0GT9WYD8N,75.0,1045.68,899.0,GBP,1045.68,Amazon,GB,2026-08-23T04:54:16Z,B0GT9WYD8N,,,,,2026-07-01
TCL,"TCL 65T6C-UK 65 Inch QLED 4K HDR TV, Fire TV (Smart TV with Dolby Vision & Atmos, HDR10+, Press & Ask Alexa, 2025 Model)",https://www.amazon.co.uk/dp/B0DW8PXV62,65.0,518.77,446.0,GBP,518.77,Amazon,GB,2026-08-23T04:54:16Z,B0DW8PXV62,,,,,2026-07-01
TCL,"TCL 85Q6C-UK QD-Mini LED TV, 4K HDR Premium 1000nits, Smart TV Powered by Google TV (Dolby Vision IQ & Atmos, Matte HVA Panel, Onkyo 2.1 Sound System, 144Hz Motion Clarity Pro, 2025 Model)",https://www.amazon.co.uk/dp/B0DWF49LC5,85.0,1278.31,1099.0,GBP,1278.31,Amazon,GB,2026-08-23T04:54:16Z,B0DWF49LC5,,,,,2026-07-01
TCL,"TCL 98Q6C-UK QD-Mini LED TV, 4K HDR Premium 1000nits, Smart TV Powered by Google TV (Dolby Vision IQ & Atmos, Matte HVA Panel, Onkyo 2.1 Sound System, 144Hz Motion Clarity Pro, 2025 Model)",https://www.amazon.co.uk/dp/B0DWF1SZPM,98.0,1743.57,1499.0,GBP,1743.57,Amazon,GB,2026-08-23T04:54:16Z,B0DWF1SZPM,,,,,2026-07-01
TCL,"TCL 75C7L-UK 75 Inch SQD-Mini LED TV, 4K HDR 3000 nits and 1,352 dimming zones, Google TV, Dolby Vision & Atmos, Audio by Bang & Olufsen, 144Hz, Apple AirPlay 2 & Alexa (2026 New Model)",https://www.amazon.co.uk/dp/B0GY53BFY3,75.0,1743.57,1499.0,GBP,1743.57,Amazon,GB,2026-08-23T04:54:16Z,B0GY53BFY3,,,,,2026-07-01
TCL,"TCL 55C7L-UK 55 Inch SQD-Mini LED TV, 4K HDR 2700 nits and 800 dimming zones, Google TV, Dolby Vision & Atmos, Audio by Bang & Olufsen, 144Hz, Apple AirPlay 2 & Alexa (2026 New Model)",https://www.amazon.co.uk/dp/B0GY55SH2Q,55.0,1161.99,999.0,GBP,1161.99,Amazon,GB,2026-08-23T04:54:16Z,B0GY55SH2Q,,,,,2026-07-01
TCL,"TCL 65V6D-UK 65 Inch 4K HDR, Fire TV, HDR10+, Dolby Atmos, DTS:X, Game Master, Motion Clarity, AirPlay 2, Press & Ask Alexa (2026 New Model)",https://www.amazon.co.uk/dp/B0GZPHNT83,65.0,580.41,499.0,GBP,580.41,Amazon,GB,2026-08-23T04:54:16Z,B0GZPHNT83,,,,,2026-07-01
TCL,"TCL 50V6D-UK 50 Inch 4K HDR, Fire TV, HDR10+, Dolby Atmos, DTS:X, Game Master, Motion Clarity, AirPlay 2, Press & Ask Alexa (2026 New Model)",https://www.amazon.co.uk/dp/B0GZPZTD97,50.0,382.68,329.0,GBP,382.68,Amazon,GB,2026-08-23T04:54:16Z,B0GZPZTD97,,,,,2026-07-01
TCL,"TCL 75P8L-UK 75 Inch QD-Mini LED 4K HDR Ultra HD TV, Smart Google TV (Dolby Vision, HDR10+ & Atmos, 144Hz VRR, FreeSync Premium, Onkyo 2.1 sound, Game Master, Voice Control, 2026 New Model)",https://www.amazon.co.uk/dp/B0GY55XCTG,75.0,1209.68,1040.0,GBP,1209.68,Amazon,GB,2026-08-23T04:54:16Z,B0GY55XCTG,,,,,2026-07-01
TCL,"TCL 65C7L-UK 65 Inch SQD-Mini LED TV, 4K HDR 3000 nits and 1,152 dimming zones, Google TV, Dolby Vision & Atmos, Audio by Bang & Olufsen, 144Hz, Apple AirPlay 2 & Alexa (2026 New Model)",https://www.amazon.co.uk/dp/B0GY5DJ1MV,65.0,1394.62,1199.0,GBP,1394.62,Amazon,GB,2026-08-23T04:54:16Z,B0GY5DJ1MV,,,,,2026-07-01
TCL,"TCL 43V5D-UK 43 Inch Full HD QLED HDR Smart TV with Fire TV | Direct LED, Apple AirPlay 2, Press & Ask Alexa, Metallic Bezel-Less Design",https://www.amazon.co.uk/dp/B0H7GVPLVH,43.0,301.26,259.0,GBP,301.26,Amazon,GB,2026-08-23T04:54:16Z,B0H7GVPLVH,,,,,2026-07-01
Hisense,"Hisense 55"" 55E78QTUK QLED Smart AI TV - 4K Direct Lit Viewing, Quantum Dot Colour, Hi-View AI Engine, Dolby Vision, Dolby Atmos with Freely, Disney +, YouTube, Netflix",https://www.amazon.co.uk/dp/B0F7W1H394,55.0,405.94,349.0,GBP,405.94,Amazon,GB,2026-08-23T04:54:16Z,B0F7W1H394,,,,,2026-07-01
Hisense,"Hisense 43"" Deco 43S5QTUK Hi-QLED Ultra HD AI Smart TV with Freely, Netflix, Disney+ and YouTube - Art-Inspired Design, Dolby Atmos, Gallery, Fluid Central Stand, 4K Upscaler",https://www.amazon.co.uk/dp/B0GV4R3QJZ,43.0,522.26,449.0,GBP,522.26,Amazon,GB,2026-08-23T04:54:16Z,B0GV4R3QJZ,,,,,2026-07-01
Hisense,"Hisense 50"" 50E78QTUK PRO 144Hz QLED Smart AI TV - Hi-View AI Engine, 144Hz Game Mode PRO, Dolby Atmos, Quantum Dot Colour with Freely, Disney +, YouTube, Netflix",https://www.amazon.co.uk/dp/B0F7WKP6XN,50.0,429.2,369.0,GBP,429.2,Amazon,GB,2026-08-23T04:54:16Z,B0F7WKP6XN,,,,,2026-07-01
Hisense,"Hisense 65"" 65E78QTUK QLED Smart AI TV - 4K Direct Lit Viewing, Quantum Dot Colour, Hi-View AI Engine, Dolby Vision, Dolby Atmos with Freely, Disney +, YouTube, Netflix",https://www.amazon.co.uk/dp/B0F7WB3V34,65.0,580.41,499.0,GBP,580.41,Amazon,GB,2026-08-23T04:54:16Z,B0F7WB3V34,,,,,2026-07-01
Hisense,"Hisense 65"" 65U7STUK PRO Hi-QLED MiniLED 165Hz 4K Ultra HD AI Smart TV with Freely, Netflix, Disney+ and YouTube - Hi-QLED MiniLED PRO, 2.1.2 Multi-Channel Surround, Anti Reflection & Glare Free",https://www.amazon.co.uk/dp/B0GV4XPH5M,65.0,1510.94,1299.0,GBP,1510.94,Amazon,GB,2026-08-23T04:54:16Z,B0GV4XPH5M,,,,,2026-07-01
Hisense,"TV Hisense 55E7S (2026) 55"" VA QLED 4K UHD Preta",https://www.amazon.co.uk/dp/B0GNDHW3BM,55.0,501.29,430.97,GBP,501.29,Amazon,GB,2026-08-23T04:54:16Z,B0GNDHW3BM,,,,,2026-07-01
Sony,"Sony BRAVIA 5 – XR, Mini LED, AI XR Processor, Acoustic Multi-Audio, Dolby Vision/Atmos, IMAX Enhanced, Google TV (2025), Google Cast, Apple AirPlay 2, Eco Dashboard 2 – 55-inch",https://www.amazon.co.uk/dp/B0F29LGQ7K,55.0,1394.62,1199.0,GBP,1394.62,Amazon,GB,2026-08-23T04:54:16Z,B0F29LGQ7K,,,,,2026-07-01
Sony,"Sony BRAVIA 5 – XR, Mini LED, AI XR Processor, Acoustic Multi-Audio, Dolby Vision/Atmos, IMAX Enhanced, Google TV (2025), Google Cast, Apple AirPlay 2, Eco Dashboard 2 – 85-inch",https://www.amazon.co.uk/dp/B0F29J593K,85.0,2557.78,2199.0,GBP,2557.78,Amazon,GB,2026-08-23T04:54:16Z,B0F29J593K,,,,,2026-07-01
Sony,"Sony BRAVIA 2 Ⅱ 50 Inch TV, 4K Smart TV (Google TV), X1 Processor, 4K Upscaling, Television with Dolby Atmos and DTS:X, PS5 compatibility, 50S25M2, 2026 Model",https://www.amazon.co.uk/dp/B0GZWGF7V9,50.0,719.99,619.0,GBP,719.99,Amazon,GB,2026-08-23T04:54:16Z,B0GZWGF7V9,,,,,2026-07-01
Sony,"Sony BRAVIA 5 – XR, Mini LED, AI XR Processor, Acoustic Multi-Audio, Dolby Vision/Atmos, IMAX Enhanced, Google TV (2025), Google Cast, Apple AirPlay 2, Eco Dashboard 2, Game Menu 2 – 98-inch",https://www.amazon.co.uk/dp/B0F29J81CM,98.0,4651.46,3999.0,GBP,4651.46,Amazon,GB,2026-08-23T04:54:16Z,B0F29J81CM,,,,,2026-07-01
Sony,"Sony BRAVIA 7 II True RGB 50 Inch TV, 4K Smart TV (Google TV), RGB LED, XR Processor with AI Technology, 120hz Television with Dolby Vision/Atmos, PS5 compatibility, 50XR75M2, 2026 Model",https://www.amazon.co.uk/dp/B0H2JTQCZ4,50.0,1859.89,1599.0,GBP,1859.89,Amazon,GB,2026-08-23T04:54:16Z,B0H2JTQCZ4,,,,,2026-07-01
Sony,"Sony BRAVIA 2 Ⅱ 65 Inch TV, 4K Smart TV (Google TV), X1 Processor, 4K Upscaling, Television with Dolby Atmos and DTS:X, PS5 compatibility, 65S25M2, 2026 Model",https://www.amazon.co.uk/dp/B0GZW6Q5JK,65.0,1045.68,899.0,GBP,1045.68,Amazon,GB,2026-08-23T04:54:16Z,B0GZW6Q5JK,,,,,2026-07-01
Sony,"Sony BRAVIA 2 Ⅱ 55 Inch TV, 4K Smart TV (Google TV), X1 Processor, 4K Upscaling, Television with Dolby Atmos and DTS:X, PS5 compatibility, 55S25M2, 2026 Model",https://www.amazon.co.uk/dp/B0GZWCLPQM,55.0,813.05,699.0,GBP,813.05,Amazon,GB,2026-08-23T04:54:16Z,B0GZWCLPQM,,,,,2026-07-01
Sony,"Sony BRAVIA XR, XR-42A90K, 42 Inch, OLED, Smart TV, 4K HDR, Google TV, BRAVIA CORE, Perfect for PlayStation5, Metal Flush Surface Design, 5 Year Warranty",https://www.amazon.co.uk/dp/B09ZF7GJ3V,42.0,1743.57,1499.0,GBP,1743.57,Amazon,GB,2026-08-23T04:54:16Z,B09ZF7GJ3V,,,,,2026-07-01
Sony,"Sony BRAVIA 2 Ⅱ 50 Inch TV, 4K Smart TV (Google TV), X1 Processor, 4K Upscaling, Television with Dolby Atmos and DTS:X, PS5 compatibility, 50S25M2, 2026 Model (Renewed)",https://www.amazon.co.uk/dp/B0HFNM4DFL,50.0,683.92,587.99,GBP,683.92,Amazon,GB,2026-08-23T04:54:16Z,B0HFNM4DFL,,,,,2026-07-01
Sony,"Sony BRAVIA, KD-65X85L, 65 Inch, Full Array LED, Smart TV, 4K HDR, Google TV, ECO PACK, BRAVIA CORE, Seamless Edge Design",https://www.amazon.co.uk/dp/B0BX6N82T2,65.0,,,,,Amazon,GB,2026-08-23T04:54:16Z,B0BX6N82T2,,,,,
LG,"LG OLED AI B6 77-inch 4K Smart TV - OLED77B6ELC (α8 AI Processor 4K Gen3, 120Hz (VRR 120Hz), Dolby Vision, Dolby Atmos, FILMMAKER MODE™ [Model year 2026]",https://www.amazon.co.uk/dp/B0GT9SQN83,77.0,2092.52,1799.0,GBP,2092.52,Amazon,GB,2026-08-23T04:54:16Z,B0GT9SQN83,,,,,2026-07-01
LG,"LG OLED evo AI C6 65-inch 4K Smart TV - OLED65C65LA (α11 AI Processor 4K Gen3, 120Hz (VRR 165Hz), Dolby Vision, Dolby Atmos, FILMMAKER MODE™ [Model year 2026]",https://www.amazon.co.uk/dp/B0GT9SP9M3,65.0,2557.78,2199.0,GBP,2557.78,Amazon,GB,2026-08-23T04:54:16Z,B0GT9SP9M3,,,,,2026-07-01
LG,"LG OLED42C55LA 42-Inch OLEDevo 4K UHD Smart TV, (α9 AI Processor Gen7, Dolby Atmos, Freeview Play and Amazon Alexa, 120Hz) [Model 2025]",https://www.amazon.co.uk/dp/B0F14943MR,42.0,,,,,Amazon,GB,2026-08-23T04:54:16Z,B0F14943MR,,,,,
Sony,"Sony BRAVIA 8 OLED, K65XR80, 65 Inch 4K HDR Google Smart TV, Gaming Features for PlayStation 5 and IMAX Enhanced, Dolby Vision Atmos, Chromecast, Apple AirPlay, 120Hz",https://www.amazon.co.uk/dp/B0CZV9MYWG,65.0,2208.83,1899.0,GBP,2208.83,Amazon,GB,2026-08-23T04:54:16Z,B0CZV9MYWG,,,,,2026-07-01
Hisense,"Hisense 43"" 43A7QTUK QLED Smart AI TV - 4K Direct Lit Viewing, Quantum Dot Colour, Hi-View AI Engine, Dolby Vision, Dolby Atmos with with Freely, Disney +, YouTube, Netflix",https://www.amazon.co.uk/dp/B0F7WGKRLQ,43.0,371.05,319.0,GBP,371.05,Amazon,GB,2026-08-23T04:54:16Z,B0F7WGKRLQ,,,,,2026-07-01
Samsung,"Samsung 65"" Q8F, Q4 Ai Processor, Quantum HDR+, Motion Xcelerator, Air Slim Design, Samsung Vision AI, 2025",https://www.amazon.co.uk/dp/B0F6VLTN7Z,65.0,871.2,749.0,GBP,871.2,Amazon,GB,2026-08-23T04:54:16Z,B0F6VLTN7Z,,,,,2026-07-01
Samsung,"Samsung 85"" Q8F, Q4 Ai Processor, Quantum HDR+, Motion Xcelerator, Air Slim Design, Samsung Vision AI, 2025",https://www.amazon.co.uk/dp/B0F6VV9W9H,85.0,,,,,Amazon,GB,2026-08-23T04:54:16Z,B0F6VV9W9H,,,,,
Samsung,"Samsung QLED Q8F 4K Smart TV, 75"", with AI vision, 100% color volume with Quantum Dot, HDR10+, Q4 AI processor, One UI Tizen, Wi-Fi, Bluetooth 5.3 and Motion, Hungarian country version",https://www.amazon.co.uk/dp/B0FHXMLHHK,75.0,,,,,Amazon,GB,2026-08-23T04:54:16Z,B0FHXMLHHK,,,,,
LG,"LG NANO 4K UHD AI NU85 85-inch 4K Smart TV - 85NU850B6LA (α7 AI Processor 4K Gen9, 60Hz, HDR10, FILMMAKER MODE™, Google Cast, Apple AirPlay 2) [Model year 2026]",https://www.amazon.co.uk/dp/B0GT9TL99M,85.0,1278.31,1099.0,GBP,1278.31,Amazon,GB,2026-08-23T04:54:16Z,B0GT9TL99M,,,,,2026-07-01
LG,"LG 43QNED70B6C QNED MiniLED AI 4K Smart TV QNED70, α7 Processor Gen9, 60Hz, HDR10, Filmmaker Mode™, Google Cast, Apple AirPlay 2, Model Year 2026",https://www.amazon.co.uk/dp/B0GT9J3VMT,43.0,417.57,359.0,GBP,417.57,Amazon,GB,2026-08-23T04:54:16Z,B0GT9J3VMT,,,,,2026-07-01
LG,"LG 85NU800B6LA Nano UHD AI NU80 4K Smart TV, α7 Processor Gen9, 60Hz, HDR10, Filmmaker Mode™, Google Cast, Apple AirPlay 2, Model Year 2026",https://www.amazon.co.uk/dp/B0GT9YHTMM,85.0,1161.99,999.0,GBP,1161.99,Amazon,GB,2026-08-23T04:54:16Z,B0GT9YHTMM,,,,,2026-07-01
TCL,"TCL 55A400PRO-UK 55 Inch NXTVISION QD-Mini LED Art TV, Google TV, Matte Screen, Frame Design, Dolby Vision IQ & Atmos, 2.0 Onkyo, 144Hz, AirPlay 2 (2026 New Model)",https://www.amazon.co.uk/dp/B0GYF9F8S4,55.0,1045.68,899.0,GBP,1045.68,Amazon,GB,2026-08-23T04:54:16Z,B0GYF9F8S4,,,,,2026-07-01
Hisense,"Hisense 75"" 75E7QTUK QLED Smart AI TV - 4K Direct Lit Viewing, Quantum Dot Colour, Hi-View AI Engine, Dolby Vision, Dolby Atmos with Freely, Disney +, YouTube, Netflix",https://www.amazon.co.uk/dp/B0F7WPNSC3,75.0,754.89,649.0,GBP,754.89,Amazon,GB,2026-08-23T04:54:16Z,B0F7WPNSC3,,,,,2026-07-01
Sony,"Sony BRAVIA 7 II True RGB 85 Inch TV, 4K Smart TV (Google TV), RGB LED, XR Processor with AI Technology, 120hz Television with Dolby Vision/Atmos, PS5 compatibility, 85XR75M2, 2026 Model",https://www.amazon.co.uk/dp/B0H2K2XXF3,85.0,4069.88,3499.0,GBP,4069.88,Amazon,GB,2026-08-23T04:54:16Z,B0H2K2XXF3,,,,,2026-07-01
Sony,"Sony BRAVIA XR, XR-77A95L, 77 Inch, QD-OLED, Smart TV, 4K HDR, Google TV, ECO PACK, BRAVIA CORE, Perfect for PlayStation5, Seamless Edge Design, 5 Year Warranty",https://www.amazon.co.uk/dp/B0CBPZMZ3W,77.0,4651.46,3999.0,GBP,4651.46,Amazon,GB,2026-08-23T04:54:16Z,B0CBPZMZ3W,,,,,2026-07-01
Samsung,"Samsung 65"" 4K QN80F, NQ4 AI Gen2 Processor, 4K AI Upscaling, Quantum Matrix Technology Core, OTS Lite, Samsung Vision AI,...",https://www.amazon.co.uk/dp/B0DF6NZRWD,65.0,1045.68,899.0,GBP,1045.68,Amazon,GB,2026-08-23T04:54:16Z,B0DF6NZRWD,,,,,2026-07-01
Samsung,"Samsung 100"" 4K QN80F, NQ4 AI Gen2 Processor, 4K AI Upscaling, Quantum Matrix Technology Core, OTS Lite, Samsung Vision A...",https://www.amazon.co.uk/dp/B0DF8YFYJF,100.0,2674.1,2299.0,GBP,2674.1,Amazon,GB,2026-08-23T04:54:16Z,B0DF8YFYJF,,,,,2026-07-01
Samsung,"Samsung TV QN80F (2025) 100"" Neo QLED 4K UHD 100Hz [Country Version French, Spanish, Portuguese]...[Country Version French, Spanish, Portuguese]",https://www.amazon.co.uk/dp/B0F22834RH,100.0,4565.72,3925.29,GBP,4565.72,Amazon,GB,2026-08-23T04:54:16Z,B0F22834RH,,,,,2026-07-01
Samsung,"Samsung 50 Inch Neo QLED QN80F 4K Mini LED Smart TV with Vision AI, Quantum Matrix Technology Core, Motion Xcelerator 144Hz and Gaming Hub",https://www.amazon.co.uk/dp/B0F22914WP,50.0,1287.02,1106.49,GBP,1287.02,Amazon,GB,2026-08-23T04:54:16Z,B0F22914WP,,,,,2026-07-01
Samsung,"Samsung 85"" (2025) Neo QLED 8K UHD TV - TQ85QN80FAUXXC",https://www.amazon.co.uk/dp/B0F2FNFKDD,85.0,2894.85,2488.79,GBP,2894.85,Amazon,GB,2026-08-23T04:54:16Z,B0F2FNFKDD,,,,,2026-07-01
LG,"LG 65QNED85B6B QNED Evo MiniLED AI 4K Smart TV QNED85, α8 Processor Gen3, 120Hz, VRR 144Hz, Dolby Vision, Filmmaker Mode™, FreeSync Compatible, AMD, Google Cast, Model Year 2026",https://www.amazon.co.uk/dp/B0GT9Y1KF6,65.0,1161.99,999.0,GBP,1161.99,Amazon,GB,2026-08-23T04:54:16Z,B0GT9Y1KF6,,,,,2026-07-01
LG,"LG 55QNED85B6B QNED Evo MiniLED AI 4K Smart TV QNED85, α8 Processor Gen3, 120Hz, VRR 144Hz, Dolby Vision, Filmmaker Mode™, FreeSync Compatible, AMD, Google Cast, Model Year 2026",https://www.amazon.co.uk/dp/B0GT9QPJBP,55.0,871.2,749.0,GBP,871.2,Amazon,GB,2026-08-23T04:54:16Z,B0GT9QPJBP,,,,,2026-07-01
LG,"LG 50QNED85B6B 50-Inch QNED evo MiniLED AI 4K UHD Smart TV bundle with XO2 Portable Bluetooth Multi-Directional Speaker, 15H Battery Life, IP55 Waterproof",https://www.amazon.co.uk/dp/B0GVD8FY53,50.0,819.73,704.75,GBP,819.73,Amazon,GB,2026-08-23T04:54:16Z,B0GVD8FY53,,,,,2026-07-01
TCL,"TCL 55T6C-UK 55 Inch QLED 4K HDR TV, Fire TV (Smart TV with Dolby Vision & Atmos, HDR10+, Press & Ask Alexa, 2025 Model)",https://www.amazon.co.uk/dp/B0DW8PZCHX,55.0,382.68,329.0,GBP,382.68,Amazon,GB,2026-08-23T04:54:16Z,B0DW8PZCHX,,,,,2026-07-01
Samsung,"Samsung Smart TV 65-Inch QN80H Neo QLED 4K, Quantum Mini LED, NQ HDR+, Motion Xcelerator 144Hz, Dolby Atmos & OTS Lite, Gaming Hub, FreeSync Premium Pro, Knox Security, Vision AI, Alexa [2026]",https://www.amazon.co.uk/dp/B0GYZ81N5V,65.0,1394.62,1199.0,GBP,1394.62,Amazon,GB,2026-08-23T04:54:16Z,B0GYZ81N5V,,,,,2026-07-01
Samsung,"Samsung Smart TV 55-Inch QN80H Neo QLED 4K, Quantum Mini LED, NQ HDR+, Motion Xcelerator 144Hz, Dolby Atmos & OTS Lite, Gaming Hub, FreeSync Premium Pro, Knox Security, Vision AI, Alexa [2026]",https://www.amazon.co.uk/dp/B0GYZRNZB6,55.0,1045.68,899.0,GBP,1045.68,Amazon,GB,2026-08-23T04:54:16Z,B0GYZRNZB6,,,,,2026-07-01
LG,"LG 86QNED80A6A 86-Inch 4K UHD Smart TV, (α7 AI Processor, Freeview Play and Amazon Alexa, 60Hz) [Model 2025]",https://www.amazon.co.uk/dp/B0F14JH7Q5,86.0,1849.25,1589.86,GBP,1849.25,Amazon,GB,2026-08-23T04:54:16Z,B0F14JH7Q5,,,,,2026-07-01
LG,"LG 75NU850B6LA Nano UHD AI NU85 4K Smart TV, α7 Processor Gen9, 60Hz, HDR10, Filmmaker Mode™, Google Cast, Apple AirPlay 2, Model Year 2026",https://www.amazon.co.uk/dp/B0GTB1RWF1,75.0,789.78,679.0,GBP,789.78,Amazon,GB,2026-08-23T04:54:16Z,B0GTB1RWF1,,,,,2026-07-01
LG,"LG 86QNED86A6A TV 86 Inch (218 cm) 4K QNED evo AI TV (α8 Gen2 4K AI Processor, webOS 25, 120Hz (VRR up to 144Hz)) [Model Year 2025]",https://www.amazon.co.uk/dp/B0F226TJZ2,86.0,,,,,Amazon,GB,2026-08-23T04:54:16Z,B0F226TJZ2,,,,,
Hisense,"Hisense 43"" 43A6QTUK 4K Ultra HD Smart TV AI TV - 4K UHD, Hi-View AI Engine, Precision Colour, AI Smooth Motion, Sports Mode with Freely, Disney +, YouTube, Netflix",https://www.amazon.co.uk/dp/B0F7WPP5YQ,43.0,,,,,Amazon,GB,2026-08-23T04:54:16Z,B0F7WPP5YQ,,,,,
Sony,Sony Bravia 3 S35-K75S35B 4K Direct LED HDR Smart TV,https://www.amazon.co.uk/dp/B0FCX43PK5,75.0,,,,,Amazon,GB,2026-08-23T04:54:16Z,B0FCX43PK5,,,,,
Sony,Sony BRAVIA KD-32W800-32-inch - HD Ready (HD) - High Dynamic Range (HDR) - Android TV - (Black) & HT-SF150 2ch Single Soundbar with Bluetooth and S-Force Front Surround - Black,https://www.amazon.co.uk/dp/B0CSG3CT34,32.0,462.92,397.99,GBP,462.92,Amazon,GB,2026-08-23T04:54:16Z,B0CSG3CT34,,,,,2026-07-01
Samsung,"Samsung 75"" 4K QN85F, NQ4 AI Gen2 Processor, 4K AI Upscaling, Neo Quantum HDR+, Glare Free, Samsung Vision AI, 2025",https://www.amazon.co.uk/dp/B0F6VQ6GCR,75.0,,,,,Amazon,GB,2026-08-23T04:54:16Z,B0F6VQ6GCR,,,,,
Samsung,"Samsung 85"" 4K QN85F, NQ4 AI Gen2 Processor, 4K AI Upscaling, Neo Quantum HDR+, Glare Free, Samsung Vision AI, 2025",https://www.amazon.co.uk/dp/B0F6VSSSW1,85.0,2325.15,1999.0,GBP,2325.15,Amazon,GB,2026-08-23T04:54:16Z,B0F6VSSSW1,,,,,2026-07-01
Samsung,Samsung Neo QLED 4K QN85F Mini LED TV NQ4 AI Gen2 Processor Quantum Matrix Slim Technology 144Hz Motion Xcelerator AirSlim Design Samsung Vision AI,https://www.amazon.co.uk/dp/B0FND79K77,55.0,1009.69,868.06,GBP,1009.69,Amazon,GB,2026-08-23T04:54:16Z,B0FND79K77,,,,,2026-07-01
Samsung,"Samsung Neo QLED 4K QN85F 85"" Mini LED TV NQ4 AI Gen2 Processor Quantum Matrix Slim Technology 144Hz Motion Xcelerator AirSlim Design Samsung Vision AI",https://www.amazon.co.uk/dp/B0FNMYQ547,85.0,3251.9,2795.76,GBP,3251.9,Amazon,GB,2026-08-23T04:54:16Z,B0FNMYQ547,,,,,2026-07-01
Samsung,"Samsung 85"" Neo QLED QN1EF 4K, NQ4 AI Processor, Quantum Matrix Technology, Vision AI Smart TV, 2025",https://www.amazon.co.uk/dp/B0F6VN8GLF,85.0,1859.89,1599.0,GBP,1859.89,Amazon,GB,2026-08-23T04:54:16Z,B0F6VN8GLF,,,,,2026-07-01
Samsung,"Samsung 85"" QLED Q7FA 4K, Q4 AI Processor, 100% Colour Volume with Quantum Dot, Knox Security, Endless Free Content, Samsung Vision AI Smart TV, 2025",https://www.amazon.co.uk/dp/B0F6VFQFVZ,85.0,,,,,Amazon,GB,2026-08-23T04:54:16Z,B0F6VFQFVZ,,,,,
Samsung,Samsung 85 Inch Neo QLED 4K with Mini LED QN73F AI Smart TV,https://www.amazon.co.uk/dp/B0DF8KVR1R,85.0,1859.89,1599.0,GBP,1859.89,Amazon,GB,2026-08-23T04:54:16Z,B0DF8KVR1R,,,,,2026-07-01
TCL,"TCL 115C7K QD-Mini LED TV, 115"", 4K HDR Premium 3000, Smart Google TV with Motion Clarity Pro 144Hz (Dolby Vision IQ & Atmos, ONKYO 4.2.2 Ch Hi-Fi, CrystGlow HVA Panel, Game Master)",https://www.amazon.co.uk/dp/B0F5BQDNGB,115.0,,,,,Amazon,GB,2026-08-23T04:54:16Z,B0F5BQDNGB,,,,,
TCL,"QD-MINI LED 144HZ, 4600PPI, 1248Z, Son B&O 2.2, Dolby Screw IQ-Atmos, DTS TCL - 75C7K",https://www.amazon.co.uk/dp/B0F5BP3VXC,75.0,2508.12,2156.31,GBP,2508.12,Amazon,GB,2026-08-23T04:54:16Z,B0F5BP3VXC,,,,,2026-07-01
TCL,"TCL 50Q7C 50"" QLED TV 4K QD-Mini LED, HDR Premium 2000, Google TV (Dolby Vision IQ & Atmos, HVA Panel, Refresh Rate 144Hz, Game Master, Google Assistant Hands-Free, Apple AirPlay 2 & Alexa)",https://www.amazon.co.uk/dp/B0F38D74ZD,50.0,1062.93,913.83,GBP,1062.93,Amazon,GB,2026-08-23T04:54:16Z,B0F38D74ZD,,,,,2026-07-01
Hisense,"Hisense 55"" 55U8QTUK MiniLED QLED 165Hz Smart AI TV - Hi-View AI Engine PRO, 165Hz Game Mode Ultra, 4.1.2 Channel, Dolby Atmos, Quantum Dot Colour, Anti-Reflection PRO with Freely, YouTube, Netflix",https://www.amazon.co.uk/dp/B0F7WC65BD,55.0,1394.62,1199.0,GBP,1394.62,Amazon,GB,2026-08-23T04:54:16Z,B0F7WC65BD,,,,,2026-07-01
Samsung,"Samsung Smart TV 43-Inch M70H Mini LED 4K, HDR 10+, Motion Xcelerator, Dynamic Sound Pack, Gaming Hub, Pure Spectrum Color, Knox Security, Voice Control with AI (VAC) [2026]",https://www.amazon.co.uk/dp/B0GYZ87RL7,43.0,405.94,349.0,GBP,405.94,Amazon,GB,2026-08-23T04:54:16Z,B0GYZ87RL7,,,,,2026-07-01
LG,"LG OLED48C65LA 48-Inch OLED evo AI 4K UHD Smart TV bundle with US40TR Soundbar with Wireless Subwoofer & Surround Sound 4.1 channel, 400W",https://www.amazon.co.uk/dp/B0GVDGQTJZ,48.0,,,,,Amazon,GB,2026-08-23T04:54:16Z,B0GVDGQTJZ,,,,,
TCL,"TCL 65A400PRO-UK 65 Inch NXTVISION QD-Mini LED Art TV, Google TV, Matte Screen, Frame Design, Dolby Vision IQ & Atmos, 2.0 Onkyo, 144Hz, AirPlay 2 (2026 New Model)",https://www.amazon.co.uk/dp/B0GYFB6JWC,65.0,1278.31,1099.0,GBP,1278.31,Amazon,GB,2026-08-23T04:54:16Z,B0GYFB6JWC,,,,,2026-07-01
Hisense,"Hisense 43A6S TV 2026 4K UHD 43 Inch (108 cm), Smart TV HomeOS U9.5, Dolby",https://www.amazon.co.uk/dp/B0GJFM3F7P,43.0,516.43,443.99,GBP,516.43,Amazon,GB,2026-08-23T04:54:16Z,B0GJFM3F7P,,,,,2026-07-01
Sony,"Sony BRAVIA 3 – Direct LED, X-Balanced Speaker, Dolby Vision/Atmos, IMAX Enhanced, Google TV (2025), Google Cast, Apple AirPlay 2, Eco Dashboard 2, Game Menu 2 – 65-inch",https://www.amazon.co.uk/dp/B0F29K6BG7,65.0,1278.31,1099.0,GBP,1278.31,Amazon,GB,2026-08-23T04:54:16Z,B0F29K6BG7,,,,,2026-07-01
Samsung,"Samsung Smart TV 50-Inch Mini LED M70H 4K, UHD TV, Mini LED HDR, Motion Xcelerator 144Hz, Dynamic Sound Pack, AI Companion for questions [2026]",https://www.amazon.co.uk/dp/B0GYZLNCX6,50.0,498.99,429.0,GBP,498.99,Amazon,GB,2026-08-23T04:54:16Z,B0GYZLNCX6,,,,,2026-07-01
LG,"LG OLED48C65LA 48-Inch OLED evo AI 4K UHD Smart TV bundle with XO2 Portable Bluetooth Multi-Directional Speaker, 15H Battery Life, IP55 Waterproof",https://www.amazon.co.uk/dp/B0GVDP23XP,48.0,,,,,Amazon,GB,2026-08-23T04:54:16Z,B0GVDP23XP,,,,,
TCL,"TCL 75A400PRO-UK 75 Inch NXTVISION QD-Mini LED Art TV, Google TV, Matte Screen, Frame Design, Dolby Vision IQ & Atmos, 2.0 Onkyo, 144Hz, AirPlay 2 (2026 New Model)",https://www.amazon.co.uk/dp/B0GYF4984H,75.0,1627.26,1399.0,GBP,1627.26,Amazon,GB,2026-08-23T04:54:16Z,B0GYF4984H,,,,,2026-07-01
Hisense,"Hisense 50A6S - 50"" 4K UHD TV, HomeOS U9.5 Smart TV, Dolby Vision HDR, Game Mode Plus (VRR 60Hz), DTS Virtual:X, Alexa Built-in, Black",https://www.amazon.co.uk/dp/B0GJFVQDWB,50.0,,,,,Amazon,GB,2026-08-23T04:54:16Z,B0GJFVQDWB,,,,,
Sony,"Sony BRAVIA 3 – Direct LED, X-Balanced Speaker, Dolby Vision/Atmos, IMAX Enhanced, Google TV (2025), Google Cast, Apple AirPlay 2, Eco Dashboard 2, Game Menu 2 – 85-inch",https://www.amazon.co.uk/dp/B0F29HDTWX,85.0,1859.89,1599.0,GBP,1859.89,Amazon,GB,2026-08-23T04:54:16Z,B0F29HDTWX,,,,,2026-07-01
Samsung,"Samsung Smart TV 55-Inch Mini LED M70H 4K, UHD TV, Mini LED HDR, Motion Xcelerator 144Hz, Dynamic Sound Pack, AI Companion for questions [2026]",https://www.amazon.co.uk/dp/B0GYZ8BPJN,55.0,,,,,Amazon,GB,2026-08-23T04:54:16Z,B0GYZ8BPJN,,,,,
LG,"LG OLED48C65LA 48-Inch OLED evo AI 4K UHD Smart TV bundle with US60T Soundbar with Cinematic Sound & WOW Interface 3.1 channel, 340W",https://www.amazon.co.uk/dp/B0GVDD4QK8,48.0,,,,,Amazon,GB,2026-08-23T04:54:16Z,B0GVDD4QK8,,,,,
TCL,"TCL 85C7L-UK 85 Inch SQD-Mini LED TV, 4K HDR 3000 nits and 1,624 dimming zones, Google TV, Dolby Vision & Atmos, Audio by Bang & Olufsen, 144Hz, Apple AirPlay 2 & Alexa (2026 New Model)",https://www.amazon.co.uk/dp/B0GY5F5J99,85.0,2325.15,1999.0,GBP,2325.15,Amazon,GB,2026-08-23T04:54:16Z,B0GY5F5J99,,,,,2026-07-01
Hisense,"Hisense 55A6S - UHD 4K Smart TV 55 Pulgadas, Escalador IA 4K, Smooth Motion IA, Modo Juego Plus, Dolby Vision, Control por Voz, Filmmaker Mode, Airplay",https://www.amazon.co.uk/dp/B0GJFF3XT7,55.0,,,,,Amazon,GB,2026-08-23T04:54:16Z,B0GJFF3XT7,,,,,
Sony,"Sony BRAVIA 5 – XR, Mini LED, AI XR Processor, Acoustic Multi-Audio, Dolby Vision/Atmos, IMAX Enhanced, Google TV (2025), Google Cast, Apple AirPlay 2, Eco Dashboard 2 – 75-inch",https://www.amazon.co.uk/dp/B0F29J38YL,75.0,,,,,Amazon,GB,2026-08-23T04:54:16Z,B0F29J38YL,,,,,
Samsung,"Samsung Smart TV 75-Inch Mini LED M70H 4K, UHD TV, Mini LED HDR, Motion Xcelerator 144Hz, Dynamic Sound Pack, AI Companion for questions [2026]",https://www.amazon.co.uk/dp/B0GYZNMMKS,75.0,987.52,849.0,GBP,987.52,Amazon,GB,2026-08-23T04:54:16Z,B0GYZNMMKS,,,,,2026-07-01
LG,"LG OLED48C65LA 48-Inch OLED evo AI 4K UHD Smart TV bundle with US70TR Home Cinema Soundbar 5.1 channel, Dolby Atmos and Rear Speakers, 500W",https://www.amazon.co.uk/dp/B0GVDHGN3Z,48.0,,,,,Amazon,GB,2026-08-23T04:54:16Z,B0GVDHGN3Z,,,,,
TCL,"TCL 98C7L-UK 98 Inch SQD-Mini LED TV, 4K HDR 3000 nits and 2,176 dimming zones, Google TV, Dolby Vision & Atmos, Audio by Bang & Olufsen, 144Hz, Apple AirPlay 2 & Alexa (2026 New Model)",https://www.amazon.co.uk/dp/B0GY55YB9Z,98.0,3488.3,2999.0,GBP,3488.3,Amazon,GB,2026-08-23T04:54:16Z,B0GY55YB9Z,,,,,2026-07-01
Hisense,"Hisense 32A4S – 32 inch HD LED TV, Smart TV VIDAA, Dolby Audio & DTS HD, WiFi, Bluetooth, Game Mode, Black",https://www.amazon.co.uk/dp/B0GJFWX36Y,32.0,,,,,Amazon,GB,2026-08-23T04:54:16Z,B0GJFWX36Y,,,,,
Sony,"Sony BRAVIA 8 OLED, K77XR80, 77"" TV BRAVIA Theatre Quad",https://www.amazon.co.uk/dp/B0DDXMYLRL,77.0,5464.51,4698.0,GBP,5464.51,Amazon,GB,2026-08-23T04:54:16Z,B0DDXMYLRL,,,,,2026-07-01
Samsung,"Samsung Smart TV 75-Inch QN80H Neo QLED 4K, Quantum Mini LED, NQ HDR+, Motion Xcelerator 144Hz, Dolby Atmos & OTS Lite, Gaming Hub, FreeSync Premium Pro, Knox Security, Vision AI, Alexa [2026]",https://www.amazon.co.uk/dp/B0GYZPBVVX,75.0,2092.52,1799.0,GBP,2092.52,Amazon,GB,2026-08-23T04:54:16Z,B0GYZPBVVX,,,,,2026-07-01
LG,"LG OLED48C65LA 48-Inch OLED evo AI 4K UHD Smart TV bundle with US40T Soundbar with Wireless Subwoofer & WOW Interface 2.1 channel, 300W",https://www.amazon.co.uk/dp/B0GVDKZDL8,48.0,,,,,Amazon,GB,2026-08-23T04:54:16Z,B0GVDKZDL8,,,,,
TCL,"TCL 55P8L-UK 55 Inch QD-Mini LED 4K HDR Ultra HD TV, Smart Google TV (Dolby Vision, HDR10+ & Atmos, 144Hz VRR, FreeSync Premium, Game Master, Voice Control, 2026 New Model)",https://www.amazon.co.uk/dp/B0GY53DBN5,55.0,,,,,Amazon,GB,2026-08-23T04:54:16Z,B0GY53DBN5,,,,,
Hisense,Hisense 40A4S – 40 Inch Full HD LED TV Smart TV VIDAA Dolby Audio & DTS HD WiFi Bluetooth Borderless Design Black,https://www.amazon.co.uk/dp/B0GJFC1Q9Z,40.0,,,,,Amazon,GB,2026-08-23T04:54:16Z,B0GJFC1Q9Z,,,,,
Sony,"Sony BRAVIA 8 OLED, K77XR80, 77"" TV BRAVIA Theatre Bar 8 – Dolby Atmos Single Soundbar",https://www.amazon.co.uk/dp/B0DDX8PHB9,77.0,4068.72,3498.0,GBP,4068.72,Amazon,GB,2026-08-23T04:54:16Z,B0DDX8PHB9,,,,,2026-07-01
Samsung,"Samsung Smart TV 85-Inch QN80H Neo QLED 4K, Quantum Mini LED, NQ HDR+, Motion Xcelerator 144Hz, Dolby Atmos & OTS Lite, Gaming Hub, FreeSync Premium Pro, Knox Security, Vision AI, Alexa [2026]",https://www.amazon.co.uk/dp/B0GYZ9MXKP,85.0,2674.1,2299.0,GBP,2674.1,Amazon,GB,2026-08-23T04:54:16Z,B0GYZ9MXKP,,,,,2026-07-01
LG,"LG OLED evo AI C6 48-inch 4K Smart TV - OLED48C65LA (α11 AI Processor 4K Gen3, 120Hz (VRR 165Hz), Dolby Vision, Dolby Atmos, FILMMAKER MODE™ [Model year 2026]",https://www.amazon.co.uk/dp/B0GTB3VJ34,48.0,,,,,Amazon,GB,2026-08-23T04:54:16Z,B0GTB3VJ34,,,,,
TCL,"TCL 85P8L-UK 85 Inch QD-Mini LED 4K HDR Ultra HD TV, Smart Google TV (Dolby Vision, HDR10+ & Atmos, 144Hz VRR, FreeSync Premium, Onkyo 2.1 sound, Game Master, Voice Control, 2026 New Model)",https://www.amazon.co.uk/dp/B0GY5F33F8,85.0,,,,,Amazon,GB,2026-08-23T04:54:16Z,B0GY5F33F8,,,,,
Hisense,"Hisense 50E8S 50 Inch Mini LED Smart TV, Hi-QLED MiniLED, 144Hz Native Gaming Mode, Built-in Subwoofer, Hi-View AI Engine, Total HDR Solution, Filmmaker Mode, Hands-Free Control",https://www.amazon.co.uk/dp/B0GQDSSGNB,50.0,,,,,Amazon,GB,2026-08-23T04:54:16Z,B0GQDSSGNB,,,,,
Sony,"Sony BRAVIA 8 OLED, K77XR80, 77 Inch 4K HDR Google Smart TV, Gaming Features for PlayStation 5 and IMAX Enhanced, Dolby Vision Atmos, Chromecast, Apple AirPlay, 120Hz",https://www.amazon.co.uk/dp/B0CZVL353R,77.0,3139.36,2699.0,GBP,3139.36,Amazon,GB,2026-08-23T04:54:16Z,B0CZVL353R,,,,,2026-07-01
Samsung,"Samsung Smart TV 100-Inch QN80H Neo QLED 4K, Quantum Mini LED, NQ HDR+, Motion Xcelerator 144Hz, Dolby Atmos & OTS Lite, Gaming Hub, FreeSync Premium Pro, Knox Security, Vision AI, Alexa [2026]",https://www.amazon.co.uk/dp/B0GYZ7TPPL,100.0,,,,,Amazon,GB,2026-08-23T04:54:16Z,B0GYZ7TPPL,,,,,
LG,"LG OLED83C64LA 83-Inch OLED evo AI 4K UHD Smart TV bundle with XO2 Portable Bluetooth Multi-Directional Speaker, 15H Battery Life, IP55 Waterproof",https://www.amazon.co.uk/dp/B0GVDCP8JF,83.0,4716.31,4054.75,GBP,4716.31,Amazon,GB,2026-08-23T04:54:16Z,B0GVDCP8JF,,,,,2026-07-01
TCL,"TCL 50C6K-UK 50 Inch QD-Mini LED TV, 4K HDR Premium 1000nits, Smart TV Powered by Google TV (Dolby Vision IQ & Atmos, 144Hz Motion Clarity Pro)",https://www.amazon.co.uk/dp/B0H7BGSVPB,50.0,,,,,Amazon,GB,2026-08-23T04:54:16Z,B0H7BGSVPB,,,,,
Hisense,"Hisense 65E8S - 65-inch Mini LED Smart TV, Hi-QLED MiniLED, 144Hz Native Gaming Mode, Built-in Subwoofer, Hi-View AI Engine, Total HDR Solution, Filmmaker Mode, Hands-Free Control",https://www.amazon.co.uk/dp/B0GQF24H9M,65.0,1291.7,1110.51,GBP,1291.7,Amazon,GB,2026-08-23T04:54:16Z,B0GQF24H9M,,,,,2026-07-01
Sony,"Sony BRAVIA 8 OLED, K77XR80, 77"" TV BRAVIA Theatre Bar 9 – Dolby Atmos Single Soundbar",https://www.amazon.co.uk/dp/B0DDXDDM5V,77.0,4301.35,3698.0,GBP,4301.35,Amazon,GB,2026-08-23T04:54:16Z,B0DDXDDM5V,,,,,2026-07-01
Samsung,Samsung QE48S95HAE - Smart TV 48 Inch 4K 3840 x 2160 Pixels OLED DVB-T2 Wifi Black Energy Class F,https://www.amazon.co.uk/dp/B0H4LS36XM,48.0,2503.58,2152.4,GBP,2503.58,Amazon,GB,2026-08-23T04:54:16Z,B0H4LS36XM,,,,,2026-07-01
LG,"LG OLED83C64LA 83-Inch OLED evo AI 4K UHD Smart TV bundle with US40TR Soundbar with Wireless Subwoofer & Surround Sound 4.1 channel, 400W",https://www.amazon.co.uk/dp/B0GVDM8T8Z,83.0,4920.81,4230.57,GBP,4920.81,Amazon,GB,2026-08-23T04:54:16Z,B0GVDM8T8Z,,,,,2026-07-01
TCL,"TCL 65C6K-UK 65 Inch QD-Mini LED TV, 4K HDR Premium 1000nits, Smart TV Powered by Google TV (Dolby Vision IQ & Atmos, Onkyo 2.1 Sound System, 144Hz Motion Clarity Pro)",https://www.amazon.co.uk/dp/B0H726FRPQ,65.0,,,,,Amazon,GB,2026-08-23T04:54:16Z,B0H726FRPQ,,,,,
Hisense,"Hisense 85E7S QLED Smart TV, 85 Inches, Hi-QLED Colour, Dolby Vision.Atmos, IA 4K, Smooth Motion IA, Game Mode Plus, Dolby Vision IQ, HDR10 + Adaptive",https://www.amazon.co.uk/dp/B0GNCGYDGJ,85.0,1351.78,1162.17,GBP,1351.78,Amazon,GB,2026-08-23T04:54:16Z,B0GNCGYDGJ,,,,,2026-07-01
Sony,"Sony BRAVIA 8 OLED, K77XR80, 77 Inch BRAVIA Theatre U",https://www.amazon.co.uk/dp/B0DMWP7CVS,77.0,3370.83,2898.0,GBP,3370.83,Amazon,GB,2026-08-23T04:54:16Z,B0DMWP7CVS,,,,,2026-07-01
Samsung,"Samsung Smart TV 70'' U8000F Crystal UHD 4K TV, Crystal Processor 4K, Motion Xcelerator, Gaming Hub, Knox Security, Metal Stream Design [2025]",https://www.amazon.co.uk/dp/B0F6VTV71T,70.0,789.49,678.75,GBP,789.49,Amazon,GB,2026-08-23T04:54:16Z,B0F6VTV71T,,,,,2026-07-01
Samsung,"Samsung Smart TV 50'' U8000F Crystal UHD 4K TV, Crystal Processor 4K, Motion Xcelerator, Gaming Hub, Knox Security, Metal Stream Design [2025]",https://www.amazon.co.uk/dp/B0F6VNSKL6,50.0,,,,,Amazon,GB,2026-08-23T04:54:16Z,B0F6VNSKL6,,,,,
Samsung,"Samsung Smart TV 55'' U8000F Crystal UHD 4K TV, Crystal Processor 4K, Motion Xcelerator, Gaming Hub, Knox Security, Metal Stream Design [2025]",https://www.amazon.co.uk/dp/B0F6VX1G23,55.0,,,,,Amazon,GB,2026-08-23T04:54:16Z,B0F6VX1G23,,,,,
Samsung,"Samsung Smart TV 65'' U8000F Crystal UHD 4K TV, Crystal Processor 4K, Motion Xcelerator, Gaming Hub, Knox Security, Metal Stream Design [2025]",https://www.amazon.co.uk/dp/B0F6VQVVYJ,65.0,,,,,Amazon,GB,2026-08-23T04:54:16Z,B0F6VQVVYJ,,,,,
Samsung,"Samsung Smart TV 75'' U8000F Crystal UHD 4K TV, Crystal Processor 4K, Motion Xcelerator, Gaming Hub, Knox Security, Metal Stream Design [2025]",https://www.amazon.co.uk/dp/B0F6VWDYJX,75.0,,,,,Amazon,GB,2026-08-23T04:54:16Z,B0F6VWDYJX,,,,,
Samsung,"Samsung Smart TV 85'' U8000F Crystal UHD 4K TV, Crystal Processor 4K, Motion Xcelerator, Gaming Hub, Knox Security, Metal Stream Design [2025]",https://www.amazon.co.uk/dp/B0F6VWNMFL,85.0,,,,,Amazon,GB,2026-08-23T04:54:16Z,B0F6VWNMFL,,,,,
Samsung,"Samsung DU8070 Crystal UHD 4K 43"" Smart TV, With Object Tracking Sound Lite, AirSlim, Gaming Hub, Crystal Processor 4K, Smart TV powered by Tizen, UE43DU8070UXXU, English Model (2024)",https://www.amazon.co.uk/dp/B0CYBX6T88,43.0,,,,,Amazon,GB,2026-08-23T04:54:16Z,B0CYBX6T88,,,,,
Samsung,"Samsung Crystal UHD 43"" U8000F TV with S60D Soundbar",https://www.amazon.co.uk/dp/B0G7Y9YZQM,43.0,672.3,578.0,GBP,672.3,Amazon,GB,2026-08-23T04:54:16Z,B0G7Y9YZQM,,,,,2026-07-01
Samsung,"Samsung Crystal UHD 43"" U8000F TV with B650F Soundbar",https://www.amazon.co.uk/dp/B0G4RSHMHF,43.0,590.88,508.0,GBP,590.88,Amazon,GB,2026-08-23T04:54:16Z,B0G4RSHMHF,,,,,2026-07-01
LG,"LG 50QNED70A6A 50-Inch 4K UHD Smart TV (α7 AI Processor, Amazon Alexa, 60Hz) [Model 2025]",https://www.amazon.co.uk/dp/B0FDRCB9LJ,50.0,,,,,Amazon,GB,2026-08-23T04:54:16Z,B0FDRCB9LJ,,,,,
TCL,"TCL 85T6C-UK 85 Inch QLED 4K HDR TV, Fire TV (Smart TV with Dolby Vision & Atmos, HDR10+, Press & Ask Alexa, 2025 Model)",https://www.amazon.co.uk/dp/B0F66G8689,85.0,929.36,799.0,GBP,929.36,Amazon,GB,2026-08-23T04:54:16Z,B0F66G8689,,,,,2026-07-01
Hisense,"Hisense 85U7NQ 215 cm (85 Inch) TV, 4K Mini LED ULED HDR Smart TV, Quantum Dot, 120Hz/ 144Hz VRR, HDMI 2.1, Game Mode Pro, Dolby Vision IQ & Atmos, Bluetooth, Alexa Built-in, Anthracite, [2024]",https://www.amazon.co.uk/dp/B0D7CWPC5W,85.0,2477.28,2129.79,GBP,2477.28,Amazon,GB,2026-08-23T04:54:16Z,B0D7CWPC5W,,,,,2026-07-01
Hisense,"Hisense 50U7Q TV 50 Inches, 4K Mini LED ULED, Smart TV, Hi-View AI Engine, 144Hz Game Mode Pro, FreeSync Premium, Built in Subwoofer, Dolby Vision IQ Atmos, Airplay, Voice Control [2025]",https://www.amazon.co.uk/dp/B0F32KTJK8,50.0,,,,,Amazon,GB,2026-08-23T04:54:16Z,B0F32KTJK8,,,,,
Sony,"Sony BRAVIA 3 – Direct LED, X-Balanced Speaker, Dolby Vision/Atmos, IMAX Enhanced, Google TV (2025), Google Cast, Apple AirPlay 2, Eco Dashboard 2, Game Menu 2 – 75-inch",https://www.amazon.co.uk/dp/B0F29H88PT,75.0,1510.94,1299.0,GBP,1510.94,Amazon,GB,2026-08-23T04:54:16Z,B0F29H88PT,,,,,2026-07-01
Panasonic,"Panasonic TB-43W60AEY, W60 Series 43 Inch 4K Ultra HD LED Smart TV, 2024, Freely, TiVo, 4K Colour Engine, Dolby Vision & Atmos, Exceptional Visual Experience",https://www.amazon.co.uk/dp/B0D9K4NBGV,43.0,,,,,Amazon,GB,2026-08-23T04:54:16Z,B0D9K4NBGV,,,,,
Panasonic,"Panasonic TB-50W60AEY, W60 Series 50 inch 4K Ultra HD LED Smart TV, 2024, Freely, TiVo, 4K Colour Engine, Dolby Vision & Atmos, For An Exceptional Visual Experience",https://www.amazon.co.uk/dp/B0DBMBD61G,50.0,,,,,Amazon,GB,2026-08-23T04:54:16Z,B0DBMBD61G,,,,,
Panasonic,"Panasonic TB-65W60AEY, W60 Series 65 Inch 4K Ultra HD LED Smart TV, 2024, Freely, TiVo, 4K Colour Engine, Dolby Vision & Atmos, Exceptional Visual Experience",https://www.amazon.co.uk/dp/B0D9W62YRZ,65.0,,,,,Amazon,GB,2026-08-23T04:54:16Z,B0D9W62YRZ,,,,,
Philips,"Philips Ambilight 65PUS8200 4K LED Smart TV - 65 Inch Display with Pixel Precise, Ultra HD, Titan OS Platform and Dolby Atmos Sound, Works with Alexa and Google Voice Assistant",https://www.amazon.co.uk/dp/B0F24WL1VF,65.0,641.75,551.73,GBP,641.75,Amazon,GB,2026-08-23T04:54:16Z,B0F24WL1VF,,,,,2026-07-01
Toshiba,"Toshiba 65"" UV1563DB 4K Smart VIDAA TV, Ultra HD, Dolby Vision, HDR10, Freely, Disney+, Prime Video, Netflix, Audio Processing, Alexa & Google Assistant, VIDAA Voice 2025",https://www.amazon.co.uk/dp/B0FQNL8ZCD,65.0,440.84,379.0,GBP,440.84,Amazon,GB,2026-08-23T04:54:16Z,B0FQNL8ZCD,,,,,2026-07-01
Toshiba,"Toshiba 55”UV1563DB 4K Smart VIDAA TV, Ultra HD,Dolby Vision, HDR10, Freely, Disney+, Prime Video, Netflix, Dolby Audio Processing, Works with Alexa, Works with Google Assistant, VIDAA Voice 2025",https://www.amazon.co.uk/dp/B0FQNL6YMM,55.0,,,,,Amazon,GB,2026-08-23T04:54:16Z,B0FQNL6YMM,,,,,
Xiaomi,"XIAOMI TV F 43, 43 Inch (109 cm) 4K UHD Smart TV, Fire TV, HDR10, MEMC",https://www.amazon.co.uk/dp/B0FCXR6FLL,43.0,208.2,179.0,GBP,208.2,Amazon,GB,2026-08-23T04:54:16Z,B0FCXR6FLL,,,,,2026-07-01
Xiaomi,"XIAOMI TV F 50, 50 Inch 4K UHD, Smart TV, Fire TV, HDR10, MEMC",https://www.amazon.co.uk/dp/B0FCY3CP28,50.0,289.63,249.0,GBP,289.63,Amazon,GB,2026-08-23T04:54:16Z,B0FCY3CP28,,,,,2026-07-01
Xiaomi,"XIAOMI TV F 55 inch (109 cm), HD Smart TV Fire TV Dolby Audio L55MB-FAVEU",https://www.amazon.co.uk/dp/B0FCY8TGFF,55.0,,,,,Amazon,GB,2026-08-23T04:54:16Z,B0FCY8TGFF,,,,,
Samsung,Samsung 65 Inch Crystal UHD U8020F Smart TV,https://www.amazon.co.uk/dp/B0F6VQS959,65.0,545.52,469.0,GBP,545.52,Amazon,GB,2026-08-23T04:54:16Z,B0F6VQS959,,,,,2026-07-01
Samsung,Samsung 85 Inch Crystal UHD U8020F Smart TV,https://www.amazon.co.uk/dp/B0F6VFTBDF,85.0,,,,,Amazon,GB,2026-08-23T04:54:16Z,B0F6VFTBDF,,,,,
LG,"LG 50UA75006LA UHD UA75 50 Inch 4K Smart TV, α7 AI Processor Gen8, 60Hz, HDR10, Filmmaker Mode™, Google Cast, Apple AirPlay 2, Model Year 2025",https://www.amazon.co.uk/dp/B0GHP139W4,50.0,,,,,Amazon,GB,2026-08-23T04:54:16Z,B0GHP139W4,,,,,
LG,"LG 55UA75006LA UHD UA75 4K Smart TV, α7 AI Processor Gen8, 60Hz, HDR10, Filmmaker Mode™, Google Cast, Apple AirPlay 2, Model Year 2025",https://www.amazon.co.uk/dp/B0GTVYL47V,55.0,,,,,Amazon,GB,2026-08-23T04:54:16Z,B0GTVYL47V,,,,,
TCL,"TCL 75C6K-UK 75 Inch QD-Mini LED TV, 4K HDR Premium 1000nits, Smart TV Powered by Google TV (Dolby Vision IQ & Atmos, Onkyo 2.1 Sound System, 144Hz Motion Clarity Pro)",https://www.amazon.co.uk/dp/B0H7286935,75.0,,,,,Amazon,GB,2026-08-23T04:54:16Z,B0H7286935,,,,,
Hisense,Hisense Smart TV 50 Inch 4K Ultra HD 2025 50A6Q Smart TV VIDAA U8 Dolby Vision HDR 10 Game Mode Plus Alexa Built-in VIDAA Voice Tuner DVB-T2/S2 HEVC 10 Lativù 4K 50 Inch 2025 LED,https://www.amazon.co.uk/dp/B0F4D9YNHR,50.0,,,,,Amazon,GB,2026-08-23T04:54:16Z,B0F4D9YNHR,,,,,
Hisense,"Hisense Smart TV 55 Inch 4K Ultra HD 2025 55A6Q Dolby Vision, HDR 10, Game Mode Plus, Alexa Built-in, VIDAA Voice, DVB-T2/S2 HEVC 10 Tuner, Lativù 4K, LED",https://www.amazon.co.uk/dp/B0F4D9MLMQ,55.0,,,,,Amazon,GB,2026-08-23T04:54:16Z,B0F4D9MLMQ,,,,,
Hisense,"Hisense Smart TV 65 Inch 4K Ultra HD 2025 65A6Q, Smart TV VIDAA U8, Dolby Vision, HDR 10, Game Mode Plus, Alexa Built-in, VIDAA Voice, Tuner DVB-T2/S2 HEVC 10, Lativù 4K, 65 Inch, 2025 LED",https://www.amazon.co.uk/dp/B0F4DCJ7K6,65.0,,,,,Amazon,GB,2026-08-23T04:54:16Z,B0F4DCJ7K6,,,,,
Xiaomi,"XIAOMI TV F Pro 50, 50 Inch (127 cm) 4K QLED Smart TV, Fire TV, HDR10",https://www.amazon.co.uk/dp/B0FCXVBZFT,50.0,312.89,269.0,GBP,312.89,Amazon,GB,2026-08-23T04:54:16Z,B0FCXVBZFT,,,,,2026-07-01
Xiaomi,"XIAOMI TV F Pro 55, 55 Inch (140 cm) 4K QLED Smart TV, Fire TV, HDR10+",https://www.amazon.co.uk/dp/B0FCXF1WKX,55.0,347.78,299.0,GBP,347.78,Amazon,GB,2026-08-23T04:54:16Z,B0FCXF1WKX,,,,,2026-07-01
Xiaomi,"XIAOMI TV F Pro 65, 65 Inch (165 cm) 4K QLED Smart TV, Fire TV, HDR10+",https://www.amazon.co.uk/dp/B0FCXTSCP9,65.0,522.26,449.0,GBP,522.26,Amazon,GB,2026-08-23T04:54:16Z,B0FCXTSCP9,,,,,2026-07-01
Xiaomi,"XIAOMI TV F Pro 75, 75 Inch (190 cm) 4K QLED Smart TV, Fire TV, HDR10+",https://www.amazon.co.uk/dp/B0FCY2PN68,75.0,,,,,Amazon,GB,2026-08-23T04:54:16Z,B0FCY2PN68,,,,,
Hisense,"Hisense 50"" 50E6QTUK 4K Ultra HD Smart TV AI TV - 4K UHD, Hi-View AI Engine, Precision Colour, AI Smooth Motion, Sports Mode with Freely, Disney +, YouTube, Netflix",https://www.amazon.co.uk/dp/B0F7W98BQK,50.0,277.99,239.0,GBP,277.99,Amazon,GB,2026-08-23T04:54:16Z,B0F7W98BQK,,,,,2026-07-01
Hisense,"Hisense 58"" 58E6QTUK 4K Ultra HD Smart TV AI TV - 4K UHD, Hi-View AI Engine, Precision Colour, AI Smooth Motion, Sports Mode with Freely, Disney +, YouTube, Netflix",https://www.amazon.co.uk/dp/B0F7WCNYLQ,58.0,371.05,319.0,GBP,371.05,Amazon,GB,2026-08-23T04:54:16Z,B0F7WCNYLQ,,,,,2026-07-01
Hisense,"Hisense 65"" 65E6QTUK 4K Ultra HD Smart TV AI TV - 4K UHD, Hi-View AI Engine, Precision Colour, AI Smooth Motion, Sports Mode with Freely, Disney +, YouTube, Netflix",https://www.amazon.co.uk/dp/B0F7WJYSN6,65.0,464.1,399.0,GBP,464.1,Amazon,GB,2026-08-23T04:54:16Z,B0F7WJYSN6,,,,,2026-07-01
Hisense,"Hisense 75"" 75A6QTUK 4K Ultra HD Smart TV AI TV - 4K UHD, Hi-View AI Engine, Precision Colour, AI Smooth Motion, Sports Mode with Freely, Disney +, YouTube, Netflix",https://www.amazon.co.uk/dp/B0F7W5WQYP,75.0,,,,,Amazon,GB,2026-08-23T04:54:16Z,B0F7W5WQYP,,,,,
Hisense,"Hisense 85"" 85A6QTUK 4K Ultra HD Smart TV AI TV - 4K UHD, Hi-View AI Engine, Precision Colour, AI Smooth Motion, Sports Mode with Freely, Disney +, YouTube, Netflix",https://www.amazon.co.uk/dp/B0F7WK9DLX,85.0,929.36,799.0,GBP,929.36,Amazon,GB,2026-08-23T04:54:16Z,B0F7WK9DLX,,,,,2026-07-01
Hisense,"Hisense 43 Inch 4K Smart TV 43E6NTUK - Dolby Vision, Game Mode PLUS with 60Hz VRR ALLM, Smooth Motion, AI Sports Mode, Vidaa OS with Freely, Youtube, Netflix and Disney+ & Now TV (2024 Model)",https://www.amazon.co.uk/dp/B0CYZWM1GJ,43.0,,,,,Amazon,GB,2026-08-23T04:54:16Z,B0CYZWM1GJ,,,,,
Sony,"Sony BRAVIA 2Ⅱ75 Inch TV, 4K Smart TV (Google TV), X1 Processor, 4K Upscaling, Television with Dolby Atmos and DTS:X, PS5 compatibility, 75S25M2, 2026 Model",https://www.amazon.co.uk/dp/B0GZWGHNDY,75.0,1394.62,1199.0,GBP,1394.62,Amazon,GB,2026-08-23T04:54:16Z,B0GZWGHNDY,,,,,2026-07-01
Samsung,"Samsung 50"" 4K QN80F, NQ4 AI Gen2 Processor, 4K AI Upscaling, Quantum Matrix Technology Core, OTS Lite, Samsung Vision AI, 2025",https://www.amazon.co.uk/dp/B0DF8S8SGW,50.0,,,,,Amazon,GB,2026-08-23T04:54:16Z,B0DF8S8SGW,,,,,
Hisense,"Hisense 50"" 50E78QTUK QLED Smart AI TV - 4K Direct Lit Viewing, Quantum Dot Colour, Hi-View AI Engine, Dolby Vision, Dolby Atmos with Freely, Disney +, YouTube, Netflix",https://www.amazon.co.uk/dp/B0F7WD2G4S,50.0,330.34,284.0,GBP,330.34,Amazon,GB,2026-08-23T04:54:16Z,B0F7WD2G4S,,,,,2026-07-01
Hisense,"Hisense 85"" 85E7QTUK QLED Smart AI TV - 4K Direct Lit Viewing, Quantum Dot Colour, Hi-View AI Engine, Dolby Vision, Dolby Atmos with Freely, Disney +, YouTube, Netflix",https://www.amazon.co.uk/dp/B0F7WHNQSG,85.0,1000.3,859.99,GBP,1000.3,Amazon,GB,2026-08-23T04:54:16Z,B0F7WHNQSG,,,,,2026-07-01
Samsung,"Samsung 42"" S90F, NQ4 AI Gen3 Processor, 4K AI Upscaling Pro, OLED HDR+, Motion Xcelerator 144Hz, Samsung Vision AI, 2025",https://www.amazon.co.uk/dp/B0F6TQC9SX,42.0,754.89,649.0,GBP,754.89,Amazon,GB,2026-08-23T04:54:16Z,B0F6TQC9SX,,,,,2026-07-01
Samsung,"Samsung 77"" S90F, NQ4 AI Gen3 Processor, 4K AI Upscaling Pro, OLED HDR+, Motion Xcelerator 144Hz, Samsung Vision AI, 2025",https://www.amazon.co.uk/dp/B0F6VHHS4R,77.0,2325.15,1999.0,GBP,2325.15,Amazon,GB,2026-08-23T04:54:16Z,B0F6VHHS4R,,,,,2026-07-01
Samsung,"Samsung 83"" S90F, NQ4 AI Gen3 Processor, 4K AI Upscaling Pro, OLED HDR+, Motion Xcelerator 144Hz, Samsung Vision AI, 2025",https://www.amazon.co.uk/dp/B0F6TQFXQL,83.0,3254.51,2798.0,GBP,3254.51,Amazon,GB,2026-08-23T04:54:16Z,B0F6TQFXQL,,,,,2026-07-01
Samsung,"Samsung 55"" S85F, NQ4 AI Gen2 Processor, 4K AI Upscaling, OLED HDR, PANTONE Validated, Samsung Vision AI, 2025 [Energy Class G]",https://www.amazon.co.uk/dp/B0DFCQ64HM,55.0,,,,,Amazon,GB,2026-08-23T04:54:16Z,B0DFCQ64HM,,,,,
LG,"LG OLED55C55LA 55-Inch OLEDevo 4K UHD Smart TV, (α9 AI Processor Gen7, Dolby Atmos, Freeview Play and Amazon Alexa, 120Hz) [Model 2025]",https://www.amazon.co.uk/dp/B0F14NCCQ1,55.0,1161.96,998.97,GBP,1161.96,Amazon,GB,2026-08-23T04:54:16Z,B0F14NCCQ1,,,,,2026-07-01
LG,"LG OLED83C54LA 83-Inch OLEDevo 4K UHD Smart TV, (α9 AI Processor Gen7, Dolby Atmos, Freeview Play and Amazon Alexa, 120Hz) [Model 2025]",https://www.amazon.co.uk/dp/B0F3CZ77GD,83.0,3720.94,3199.0,GBP,3720.94,Amazon,GB,2026-08-23T04:54:16Z,B0F3CZ77GD,,,,,2026-07-01
LG,"LG OLED77C55LA 77-Inch OLEDevo 4K UHD Smart TV, (α9 AI Processor Gen7, Dolby Atmos, Freeview Play and Amazon Alexa, 120Hz) [Model 2025]",https://www.amazon.co.uk/dp/B0F148V3DG,77.0,,,,,Amazon,GB,2026-08-23T04:54:16Z,B0F148V3DG,,,,,
TCL,TCL 40SF540K 40-inch FHD Smart Television - HDR & HLG-Dolby Audio-DTS Virtual X/DTS-HD-Metal Bezel-less-Dual-band Wifi 5-with Fire OS 7 system,https://www.amazon.co.uk/dp/B0CFM8SSS5,40.0,,,,,Amazon,GB,2026-08-23T04:54:16Z,B0CFM8SSS5,,,,,
TCL,"TCL 55Q6C-UK QD-Mini LED TV, 4K HDR Premium 1000nits, Smart TV Powered by Google TV (Dolby Vision IQ & Atmos, Onkyo 2.1 Sound System, 144Hz Motion Clarity Pro, 2025 Model)",https://www.amazon.co.uk/dp/B0DWF5XJ44,55.0,,,,,Amazon,GB,2026-08-23T04:54:16Z,B0DWF5XJ44,,,,,
TCL,"TCL 65Q6C-UK QD-Mini LED TV, 4K HDR Premium 1000nits, Smart TV Powered by Google TV (Dolby Vision IQ & Atmos, Onkyo 2.1 Sound System, 144Hz Motion Clarity Pro, 2025 Model)",https://www.amazon.co.uk/dp/B0DWDXMQCC,65.0,,,,,Amazon,GB,2026-08-23T04:54:16Z,B0DWDXMQCC,,,,,
TCL,"TCL 75Q6C-UK QD-Mini LED TV, 4K HDR Premium 1000nits, Smart TV Powered by Google TV (Dolby Vision IQ & Atmos, Onkyo 2.1 Sound System, 144Hz Motion Clarity Pro, 2025 Model)",https://www.amazon.co.uk/dp/B0DWF24YC5,75.0,,,,,Amazon,GB,2026-08-23T04:54:16Z,B0DWF24YC5,,,,,
Hisense,"Hisense 85"" 85U7QTUK MiniLED QLED 144Hz Smart AI TV - Hi-View AI Engine, 144Hz Game Mode PRO, 2.1 Channel, Dolby Atmos, Quantum Dot Colour, Anti-Reflection with Freely, Disney +, YouTube, Netflix",https://www.amazon.co.uk/dp/B07JL1BCXF,85.0,1510.94,1299.0,GBP,1510.94,Amazon,GB,2026-08-23T04:54:16Z,B07JL1BCXF,,,,,2026-07-01
Hisense,"Hisense 100"" 100U7QTUK MiniLED QLED 165Hz AI TV - Hi-View AI Engine, 165Hz Game Mode Ultra, 2.1 Channel, Dolby Atmos, Quantum Dot Colour, Anti-Reflection with Freely, Disney +, YouTube, Netflix",https://www.amazon.co.uk/dp/B0F32LDRKP,100.0,2325.15,1999.0,GBP,2325.15,Amazon,GB,2026-08-23T04:54:16Z,B0F32LDRKP,,,,,2026-07-01
Hisense,"Hisense 75"" 75U7QTUK MiniLED QLED 144Hz Smart AI TV - Hi-View AI Engine, 144Hz Game Mode PRO, 2.1 Channel, Dolby Atmos, Quantum Dot Colour, Anti-Reflection with Freely, Disney +, YouTube, Netflix",https://www.amazon.co.uk/dp/B0F7WPPHNP,75.0,,,,,Amazon,GB,2026-08-23T04:54:16Z,B0F7WPPHNP,,,,,
TCL,"TCL 58V6BK 58-inch 4K Ultra HD, HDR TV, Smart TV Powered by Android TV (Dolby Audio, Voice Control, Compatible with Google Assistant, 2024 New Model)",https://www.amazon.co.uk/dp/B0D9WB8HV5,58.0,,,,,Amazon,GB,2026-08-23T04:54:16Z,B0D9WB8HV5,,,,,
TCL,"TCL 43P7K-UK 43"" QLED 4K Ultra HD HDR Google TV (Google Assistant, Freeview Play, Dolby Atmos, Dolby Vision, HDR10+, Motion Clarity，2025 Model)",https://www.amazon.co.uk/dp/B0DPM1P6NB,43.0,,,,,Amazon,GB,2026-08-23T04:54:16Z,B0DPM1P6NB,,,,,
TCL,"TCL 75P7K-UK 75"" QLED 4K Ultra HD HDR Google TV (Google Assistant, Freeview Play, Dolby Atmos, Dolby Vision, HDR10+, 120Hz Game Accelerator, Motion Clarity，2025 Model)",https://www.amazon.co.uk/dp/B0DPM23MZH,75.0,,,,,Amazon,GB,2026-08-23T04:54:16Z,B0DPM23MZH,,,,,
TCL,"TCL 85P7K-UK 85"" QLED 4K Ultra HD HDR Google TV (Google Assistant, Freeview Play, Dolby Atmos, Dolby Vision, HDR10+, 120Hz Game Accelerator, Motion Clarity，2025 Model)",https://www.amazon.co.uk/dp/B0DPM23Q3P,85.0,1045.68,899.0,GBP,1045.68,Amazon,GB,2026-08-23T04:54:16Z,B0DPM23Q3P,,,,,2026-07-01
Hisense,"Hisense 32"" 32E4QTUK FHD LED TV with Freely - Direct Lit LED, Dolby Audio, Natural Colour Enhancer, Games Mode, Sports Mode with Freely, Disney +, YouTube, Netflix",https://www.amazon.co.uk/dp/B0F7WMRWLF,32.0,,,,,Amazon,GB,2026-08-23T04:54:16Z,B0F7WMRWLF,,,,,
Hisense,"Hisense 40 Inch Smart TV 40E4NTUK - FHD Resolution, Natural Colour Enhancer, DTS Virtual:X & Dolby Audio, AI Sports Mode, VIDAA OS with Youtube, Netflix and Disney+ and Freeview Play (2024 Model)",https://www.amazon.co.uk/dp/B0DNNC1G8X,40.0,,,,,Amazon,GB,2026-08-23T04:54:16Z,B0DNNC1G8X,,,,,
Samsung,"Samsung Smart TV 85-Inch Mini LED M70H 4K, UHD TV, Mini LED HDR, Motion Xcelerator 144Hz, Dynamic Sound Pack, AI Companion for questions [2026]",https://www.amazon.co.uk/dp/B0GYZM1DLJ,85.0,1569.1,1349.0,GBP,1569.1,Amazon,GB,2026-08-23T04:54:16Z,B0GYZM1DLJ,,,,,2026-07-01
