brand_raw,raw_text,url,size_hint_inch,price_hint_eur,price_local,currency,price_eur,platform,country,scraped_at,asin,elkjop_sku,model_year,filter_year,source_brand,fx_rate_date
Samsung,"Samsung Smart TV 50-Inch U7020H Crystal UHD 4K TV, HDR10+, Motion Xcelerator, Dynamic Sound Pack, Gaming Hub, Knox Security, Vision AI Companion [2026]",https://www.amazon.co.uk/dp/B0GWJK91S6,50.0,336.15,289.0,GBP,336.15,Amazon,GB,2026-09-02T08:44:13Z,B0GWJK91S6,,,,,2026-07-01
Samsung,"Samsung Smart TV 55-Inch U7020H Crystal UHD 4K TV, HDR10+, Motion Xcelerator, Dynamic Sound Pack, Gaming Hub, Knox Security, Vision AI Companion [2026]",https://www.amazon.co.uk/dp/B0GWJGV816,55.0,405.94,349.0,GBP,405.94,Amazon,GB,2026-09-02T08:44:13Z,B0GWJGV816,,,,,2026-07-01
Samsung,"Samsung Smart TV 43-Inch U7020H Crystal UHD 4K TV, HDR10+, Motion Xcelerator, Dynamic Sound Pack, Gaming Hub, Knox Security, Vision AI Companion [2026]",https://www.amazon.co.uk/dp/B0GWJMJMKV,43.0,301.26,259.0,GBP,301.26,Amazon,GB,2026-09-02T08:44:13Z,B0GWJMJMKV,,,,,2026-07-01
Samsung,Samsung 55 Inch Crystal UHD U8020F Smart TV,https://www.amazon.co.uk/dp/B0F6VSSSWX,55.0,382.68,329.0,GBP,382.68,Amazon,GB,2026-09-02T08:44:13Z,B0F6VSSSWX,,,,,2026-07-01
Samsung,"Samsung Smart TV 65-Inch U7020H Crystal UHD 4K TV, HDR10+, Motion Xcelerator, Dynamic Sound Pack, Gaming Hub, Knox Security, Vision AI Companion [2026]",https://www.amazon.co.uk/dp/B0GWJ51X7T,65.0,545.52,469.0,GBP,545.52,Amazon,GB,2026-09-02T08:44:13Z,B0GWJ51X7T,,,,,2026-07-01
Samsung,"Samsung Smart TV 43-Inch U8000H Crystal UHD 4K TV, HDR10+, Motion Xcelerator, Dynamic Sound Pack, Gaming Hub, Knox Security, Vision AI Companion [2026]",https://www.amazon.co.uk/dp/B0GYZQ5XDK,43.0,301.26,259.0,GBP,301.26,Amazon,GB,2026-09-02T08:44:13Z,B0GYZQ5XDK,,,,,2026-07-01
Samsung,"Samsung Smart TV 55-Inch S84F 4K OLED Television for Live Football & Home Cinema, OLED HDR, 4K AI Upscaling, Motion Xcelerator 120Hz Gaming TV, Dolby Atmos, Vision AI [2025] [Energy Class G]",https://www.amazon.co.uk/dp/B0G96NWP4X,55.0,813.05,699.0,GBP,813.05,Amazon,GB,2026-09-02T08:44:13Z,B0G96NWP4X,,,,,2026-07-01
Hisense,"Hisense 43 Inch 43E6QTUK 4K Ultra HD Smart AI TV | 4K UHD, Hi-View AI Engine, Precision Colour, AI Smooth Motion and Sports Mode with Freely",https://www.amazon.co.uk/dp/B0F7WLZN2T,43.0,266.36,229.0,GBP,266.36,Amazon,GB,2026-09-02T08:44:13Z,B0F7WLZN2T,,,,,2026-07-01
Samsung,"Samsung Smart TV M1EH 43-Inch, 4K Mini LED, Vision AI Companion [2026] | Mini LED HDR, Motion Xcelerator, Dynamic Sound Pack, Gaming Hub",https://www.amazon.co.uk/dp/B0GYZ3H27Q,43.0,382.68,329.0,GBP,382.68,Amazon,GB,2026-09-02T08:44:13Z,B0GYZ3H27Q,,,,,2026-07-01
Samsung,"Samsung 75"" QLED QEF1 4K, Q4 AI Processor, Knox Security, 100% Colour Volume with Quantum Dot, Endless Free Content, Samsung Vision AI Smart TV, 2025",https://www.amazon.co.uk/dp/B0F6TQHG7P,75.0,813.05,699.0,GBP,813.05,Amazon,GB,2026-09-02T08:44:13Z,B0F6TQHG7P,,,,,2026-07-01
Samsung,"32"" LED Smart TV - HD Ready, Samsung Tizen OS & Gaming Hub, Black | Apple AirPlay, Alexa & Bixby Voice Control, HDR, Bluetooth, WiFi, 3x HDMI - Perfect for Streaming, Gaming & Entertainment",https://www.amazon.co.uk/dp/B0FH292XF5,32.0,150.02,128.98,GBP,150.02,Amazon,GB,2026-09-02T08:44:13Z,B0FH292XF5,,,,,2026-07-01
LG,"LG 43QNED70A6A 43-Inch 4K UHD Smart TV (α7 AI Processor, Amazon Alexa, 60Hz) [Model 2025]",https://www.amazon.co.uk/dp/B0FDR8BQMX,43.0,289.51,248.9,GBP,289.51,Amazon,GB,2026-09-02T08:44:13Z,B0FDR8BQMX,,,,,2026-07-01
Samsung,"Samsung 32 Inch, 720p, T4300 LED HDR Smart TV With Contrast Enhancer, Ultra Clean View & Purcolour Image Technology Built-In, HDMI, USB, Easy To Set Up, App Connectivity",https://www.amazon.co.uk/dp/B089RR148Y,32.0,,,,,Amazon,GB,2026-09-02T08:44:13Z,B089RR148Y,,,,,
Samsung,"Samsung Smart TV 70'' U8000F Crystal UHD 4K TV, Crystal Processor 4K, Motion Xcelerator, Gaming Hub, Knox Security, Metal Stream Design [2025]",https://www.amazon.co.uk/dp/B0F6VTV71T,70.0,798.29,686.31,GBP,798.29,Amazon,GB,2026-09-02T08:44:13Z,B0F6VTV71T,,,,,2026-07-01
Samsung,"Samsung 65"" QLED Q7FA 4K, Q4 AI Processor, 100% Colour Volume with Quantum Dot, Knox Security, Endless Free Content, Samsung Vision AI Smart TV, 2025",https://www.amazon.co.uk/dp/B0F6VXNQ6C,65.0,638.57,549.0,GBP,638.57,Amazon,GB,2026-09-02T08:44:13Z,B0F6VXNQ6C,,,,,2026-07-01
Samsung,"Samsung Smart TV 32-Inch LS03C The Frame Television [2025] | Object Tracking Sound Lite, Tizen OS & Gaming Hub, QLED Technology, Matte Display",https://www.amazon.co.uk/dp/B0C2VJ1QR5,32.0,376.85,323.99,GBP,376.85,Amazon,GB,2026-09-02T08:44:13Z,B0C2VJ1QR5,,,,,2026-07-01
Samsung,"Samsung 65"" Q7F5 Vision AI 4K Smart TV, Q4 AI Processor, Bixby Voice Assistant, Quantum HDR, Object Tracking Sound Lite, One UI Tizen, 2025",https://www.amazon.co.uk/dp/B0F6VKL1P2,65.0,731.63,629.0,GBP,731.63,Amazon,GB,2026-09-02T08:44:13Z,B0F6VKL1P2,,,,,2026-07-01
Samsung,"Samsung Smart TV 43-Inch QN70H Neo QLED 4K Quantum Mini LED, HDR 10+, Motion Xcelerator, Adpative Sound+, Gaming Hub, Knox Security, Voice Control with AI(VAC), Alexa Built-in [2026]",https://www.amazon.co.uk/dp/B0GYZ7Z8B5,43.0,580.41,499.0,GBP,580.41,Amazon,GB,2026-09-02T08:44:13Z,B0GYZ7Z8B5,,,,,2026-07-01
Samsung,"Samsung Smart TV Q5F 32-Inch, QLED Full HD, Quantum Dot Colour, HDR, Contrast Enhancer, Tizen OS, Gaming Hub, Slim Look Design, [2026]",https://www.amazon.co.uk/dp/B0GYZ8D9HC,32.0,382.68,329.0,GBP,382.68,Amazon,GB,2026-09-02T08:44:13Z,B0GYZ8D9HC,,,,,2026-07-01
Samsung,"Samsung 55"" QLED Q7FA 4K, Q4 AI Processor, 100% Colour Volume with Quantum Dot, Knox Security, Endless Free Content, Samsung Vision AI Smart TV, 2025",https://www.amazon.co.uk/dp/B0F6VR94Y4,55.0,,,,,Amazon,GB,2026-09-02T08:44:13Z,B0F6VR94Y4,,,,,
Samsung,"Samsung 40-Inch Class Full HD F6000 Smart TV (2025 Model) HDR, Object Tracking Sound Lite, Knox Security, One UI Tizen, Sm...",https://www.amazon.co.uk/dp/B0DXN1CFFR,40.0,,,,,Amazon,GB,2026-09-02T08:44:13Z,B0DXN1CFFR,,,,,
Samsung,"Samsung TV 24"" LED FHD 4K SmartTV TU24F6005FKXXC [Country Version French, Spanish, Portuguese]...[Country Version French, Spanish, Portuguese]",https://www.amazon.co.uk/dp/B0F22BB8VV,24.0,258.09,221.89,GBP,258.09,Amazon,GB,2026-09-02T08:44:13Z,B0F22BB8VV,,,,,2026-07-01
Samsung,"Samsung UE32T4300AEX 32"" Smart HD Ready TV, 2023",https://www.amazon.co.uk/dp/B0BYR6BBVR,32.0,,,,,Amazon,GB,2026-09-02T08:44:13Z,B0BYR6BBVR,,,,,
Samsung,"Samsung QLED Q7F 4K 55"" Smart TV with AI Vision, 100% Color Volume with Quantum Dot, HDR10+, Q4 AI Processor, One UI Tizen, Wi-Fi, Bluetooth 5.3 and Motion Xcelerator",https://www.amazon.co.uk/dp/B0FM8SY9ZK,55.0,464.1,399.0,GBP,464.1,Amazon,GB,2026-09-02T08:44:13Z,B0FM8SY9ZK,,,,,2026-07-01
Samsung,"Samsung Smart TV 43"" Q7FA QLED 4K TV, Real QLED Certified, Q4 AI Processor, 100% Colour Volume with Quantum Dot, Knox Security, Endless Free Content, Samsung Vision AI [2025]",https://www.amazon.co.uk/dp/B0F6VTV71J,43.0,277.99,239.0,GBP,277.99,Amazon,GB,2026-09-02T08:44:13Z,B0F6VTV71J,,,,,2026-07-01
Samsung,"Samsung Smart TV 50"" Q7F2 QLED 4K TV, Real QLED Certified, Q4 AI Processor, 100% Colour Volume with Quantum Dot, Knox Security, Endless Free Content, Samsung Vision AI [2025]",https://www.amazon.co.uk/dp/B0F6NSJWL9,50.0,,,,,Amazon,GB,2026-09-02T08:44:13Z,B0F6NSJWL9,,,,,
Samsung,Samsung 50 Inch Crystal UHD U8020F Smart TV,https://www.amazon.co.uk/dp/B0F6VTVCW6,50.0,382.68,329.0,GBP,382.68,Amazon,GB,2026-09-02T08:44:13Z,B0F6VTVCW6,,,,,2026-07-01
Samsung,"Samsung 43"" 4K QN90F, NQ4 AI Gen3 Processor, 4K AI Upscaling Pro, Neo Quantum HDR+, Glare Free, Samsung Vision AI, 2025",https://www.amazon.co.uk/dp/B0DFVNSKS3,43.0,,,,,Amazon,GB,2026-09-02T08:44:13Z,B0DFVNSKS3,,,,,
Samsung,Samsung 55 Inch QLED Q7F2 AI Smart TV,https://www.amazon.co.uk/dp/B0F6NMYGZ5,55.0,,,,,Amazon,GB,2026-09-02T08:44:13Z,B0F6NMYGZ5,,,,,
Samsung,Samsung 32 Inch HD H5000 Smart TV,https://www.amazon.co.uk/dp/B0F6VMCYRW,32.0,,,,,Amazon,GB,2026-09-02T08:44:13Z,B0F6VMCYRW,,,,,
Samsung,"Samsung 55"" 4K QN80F, NQ4 AI Gen2 Processor, 4K AI Upscaling, Quantum Matrix Technology Core, OTS Lite, Samsung Vision AI,...",https://www.amazon.co.uk/dp/B0DF6Q5TFX,55.0,,,,,Amazon,GB,2026-09-02T08:44:13Z,B0DF6Q5TFX,,,,,
Hisense,"Hisense 50"" 50E78QTUK PRO 144Hz QLED Smart AI TV - Hi-View AI Engine, 144Hz Game Mode PRO, Dolby Atmos, Quantum Dot Colour with Freely, Disney +, YouTube, Netflix",https://www.amazon.co.uk/dp/B0F7WKP6XN,50.0,360.58,310.0,GBP,360.58,Amazon,GB,2026-09-02T08:44:13Z,B0F7WKP6XN,,,,,2026-07-01
LG,LG 43LR60006LA 43-Inch FHD Smart TV (alpha 5 AI Processor Gen6,https://www.amazon.co.uk/dp/B0FR5HDG5Q,43.0,,,,,Amazon,GB,2026-09-02T08:44:13Z,B0FR5HDG5Q,,,,,
Samsung,"Samsung 50 Inch CU7100 UHD HDR Smart TV (2023) - 4K Crystal Processor, Adaptive Sound Audio, PurColour, Built In Gaming TV Hub, Smart TV Streaming (Renewed)",https://www.amazon.co.uk/dp/B0C78G7MC2,50.0,289.61,248.99,GBP,289.61,Amazon,GB,2026-09-02T08:44:13Z,B0C78G7MC2,,,,,2026-07-01
Samsung,"Samsung Smart TV 50 Inch U8020H Crystal UHD 4K TV, HDR10+, Motion Xcelerator, Dynamic Sound Pack, Gaming Hub, Knox Security, Vision AI Companion [2026]",https://www.amazon.co.uk/dp/B0GYZWTDYH,50.0,359.42,309.0,GBP,359.42,Amazon,GB,2026-09-02T08:44:13Z,B0GYZWTDYH,,,,,2026-07-01
Samsung,"Samsung Smart TV 55-Inch S83H, 4K OLED, Motion Xcelerator 120Hz [2026] | AI Upscaling, OLED HDR, Gaming Optimiser, Vision AI Companion, Object Tracking Sound Lite & Alexa Built-in",https://www.amazon.co.uk/dp/B0GYZKRK7N,55.0,1510.94,1299.0,GBP,1510.94,Amazon,GB,2026-09-02T08:44:13Z,B0GYZKRK7N,,,,,2026-07-01
TCL,"TCL 32SF560-UK 32"" Full HD QLED Direct LED Smart TV with Fire TV, Alexa Voice Control, Vivid Colour & Enhanced Brightness",https://www.amazon.co.uk/dp/B0F9PP6BKT,32.0,160.52,138.0,GBP,160.52,Amazon,GB,2026-09-02T08:44:13Z,B0F9PP6BKT,,,,,2026-07-01
Samsung,"Samsung QE43LS05TAUXZT Smart TV 43"" The Sero, QLED 4K, Ultra HD, Adjustable TV with Mobile View and Built-in 60W 4.1 Speakers, Wi-Fi, Blue Navy, 2020, Built-in Alexa, Google Assistant Compatible",https://www.amazon.co.uk/dp/B08B7X7VSD,43.0,5337.72,4589.0,GBP,5337.72,Amazon,GB,2026-09-02T08:44:13Z,B08B7X7VSD,,,,,2026-07-01
Samsung,Samsung 32 Inch TV SMART HD Ready LED TV UE32H5020FK HDR Bixby,https://www.amazon.co.uk/dp/B0GX74Q5MJ,32.0,148.87,127.99,GBP,148.87,Amazon,GB,2026-09-02T08:44:13Z,B0GX74Q5MJ,,,,,2026-07-01
Samsung,"Samsung 55"" S90F, NQ4 AI Gen3 Processor, 4K AI Upscaling Pro, OLED HDR+, Motion Xcelerator 144Hz, Samsung Vision AI, 2025",https://www.amazon.co.uk/dp/B0F6VNBGQC,55.0,1045.68,899.0,GBP,1045.68,Amazon,GB,2026-09-02T08:44:13Z,B0F6VNBGQC,,,,,2026-07-01
Samsung,Samsung T28E310 28 -inch LCD 50 Hz TV,https://www.amazon.co.uk/dp/B013DUSOZG,28.0,1510.94,1299.0,GBP,1510.94,Amazon,GB,2026-09-02T08:44:13Z,B013DUSOZG,,,,,2026-07-01
Samsung,"Samsung 55 Inch AU7020 UHD HDR 4K Smart TV (2023) - Crystal UHD 4K Smart TV With HDR Picture, Adaptive Sound Lite, PurColour Colour Technology & Q-Symphony Sound - Compatible With Alexa",https://www.amazon.co.uk/dp/B0CH3JJN66,55.0,405.94,349.0,GBP,405.94,Amazon,GB,2026-09-02T08:44:13Z,B0CH3JJN66,,,,,2026-07-01
Samsung,"Samsung QLED Q7F 50"" 4K Smart TV with AI Vision, 100% Color Volume with Quantum Dot, HDR10+, Q4 AI Processor, One UI Tizen, Wi-Fi, Bluetooth 5.3 and Motion Xcelerator",https://www.amazon.co.uk/dp/B0FFSVPJ7Y,50.0,,,,,Amazon,GB,2026-09-02T08:44:13Z,B0FFSVPJ7Y,,,,,
Samsung,Samsung QE65Q60C 65 inch Smart 4K HDR QLED TV,https://www.amazon.co.uk/dp/B0BX76B4V8,65.0,,,,,Amazon,GB,2026-09-02T08:44:13Z,B0BX76B4V8,,,,,
Samsung,"Samsung 55"" Neo QLED QN1EF 4K, NQ4 AI Processor, Quantum Matrix Technology, Vision AI Smart TV, 2025",https://www.amazon.co.uk/dp/B0F6VVTMY5,55.0,696.73,599.0,GBP,696.73,Amazon,GB,2026-09-02T08:44:13Z,B0F6VVTMY5,,,,,2026-07-01
Samsung,Samsung QE55Q60C 55 inch QLED 4K Ultra HD HDR Smart TV,https://www.amazon.co.uk/dp/B0D1VRDRBH,55.0,395.46,339.99,GBP,395.46,Amazon,GB,2026-09-02T08:44:13Z,B0D1VRDRBH,,,,,2026-07-01
Samsung,"Samsung 55"" 4K QN85F, NQ4 AI Gen2 Processor, 4K AI Upscaling, Neo Quantum HDR+, Glare Free, Samsung Vision AI, 2025",https://www.amazon.co.uk/dp/B0F6VD73DY,55.0,871.2,749.0,GBP,871.2,Amazon,GB,2026-09-02T08:44:13Z,B0F6VD73DY,,,,,2026-07-01
Samsung,"Samsung 43"" Q8F, Q4 Ai Processor, Quantum HDR+, Motion Xcelerator, Air Slim Design, Samsung Vision AI, 2025",https://www.amazon.co.uk/dp/B0F6VKLHR6,43.0,439.64,377.97,GBP,439.64,Amazon,GB,2026-09-02T08:44:13Z,B0F6VKLHR6,,,,,2026-07-01
Samsung,"Samsung 50"" The Frame LS03FA, NQ4 AI Gen2 Processor, QLED, Matte Display, Modern Frame Design & Art Mode, Samsung Vision A...",https://www.amazon.co.uk/dp/B0F5WXCBK1,50.0,754.89,649.0,GBP,754.89,Amazon,GB,2026-09-02T08:44:13Z,B0F5WXCBK1,,,,,2026-07-01
Samsung,"Samsung Smart TV 65-Inch Mini LED M70H 4K, UHD TV, Mini LED HDR, Motion Xcelerator 144Hz, Dynamic Sound Pack, AI Companion for questions [2026]",https://www.amazon.co.uk/dp/B0GYZP78W9,65.0,719.99,619.0,GBP,719.99,Amazon,GB,2026-09-02T08:44:13Z,B0GYZP78W9,,,,,2026-07-01
Samsung,"Samsung 65"" 4K QN70F, NQ4 AI Gen2 Processor, 4K AI Upscaling, Quantum Matrix Technology Slim, OTS Lite, Samsung Vision AI,...",https://www.amazon.co.uk/dp/B0DF989T6J,65.0,871.2,749.0,GBP,871.2,Amazon,GB,2026-09-02T08:44:13Z,B0DF989T6J,,,,,2026-07-01
Samsung,"Samsung Q7F 43"" 4K Ultra HD QLED Smart TV",https://www.amazon.co.uk/dp/B0FM3ZTMKS,43.0,308.24,265.0,GBP,308.24,Amazon,GB,2026-09-02T08:44:13Z,B0FM3ZTMKS,,,,,2026-07-01
Samsung,"Samsung 55QN70F Neo QLED Smart TV, Mini LED, 138 cm, 4K Ultra HD (2025)",https://www.amazon.co.uk/dp/B0F9X28L93,55.0,,,,,Amazon,GB,2026-09-02T08:44:13Z,B0F9X28L93,,,,,
Samsung,"Samsung QES90F 42"" 4K Ultra HD OLED HDR Smart TV - QE42S90F",https://www.amazon.co.uk/dp/B0FNRXK2HX,42.0,,,,,Amazon,GB,2026-09-02T08:44:13Z,B0FNRXK2HX,,,,,
Samsung,"Samsung Smart TV 65-Inch QN80H Neo QLED 4K, Quantum Mini LED, NQ HDR+, Motion Xcelerator 144Hz, Dolby Atmos & OTS Lite, Gaming Hub, FreeSync Premium Pro, Knox Security, Vision AI, Alexa [2026]",https://www.amazon.co.uk/dp/B0GYZ81N5V,65.0,1394.62,1199.0,GBP,1394.62,Amazon,GB,2026-09-02T08:44:13Z,B0GYZ81N5V,,,,,2026-07-01
Samsung,"Samsung Smart TV 55-Inch Mini LED M72H 4K, UHD TV, Mini LED HDR, Motion Xcelerator, Dynamic Sound Pack, AI Companion for questions [2026]",https://www.amazon.co.uk/dp/B0GYZ9QXZZ,55.0,557.15,479.0,GBP,557.15,Amazon,GB,2026-09-02T08:44:13Z,B0GYZ9QXZZ,,,,,2026-07-01
Samsung,Samsung OLED 55 Inch S93F AI Smart TV,https://www.amazon.co.uk/dp/B0F6VX3S9N,55.0,1161.99,999.0,GBP,1161.99,Amazon,GB,2026-09-02T08:44:13Z,B0F6VX3S9N,,,,,2026-07-01
Samsung,Samsung 43 Inch Neo QLED 4K with Mini LED QN93F Glare Free AI Smart TV,https://www.amazon.co.uk/dp/B0DFVW7D2G,43.0,847.94,729.0,GBP,847.94,Amazon,GB,2026-09-02T08:44:13Z,B0DFVW7D2G,,,,,2026-07-01
Samsung,"Samsung UE32T4300AK 81,3 cm (32"") HD Smart TV Wi-Fi Nero",https://www.amazon.co.uk/dp/B08V1XJC1G,32.0,,,,,Amazon,GB,2026-09-02T08:44:13Z,B08V1XJC1G,,,,,
Samsung,"Samsung Smart TV 55-Inch S95H OLED 4K, Glare-Free, HDR 10+, Motion Xcelerator 165Hz, Dolby Atmos, Gaming Hub, FreeSync Premium Pro, G-Sync, Voice Control with AI(VAC), Alexa Built-in [2026]",https://www.amazon.co.uk/dp/B0GYZ7VDN9,55.0,2441.46,2099.0,GBP,2441.46,Amazon,GB,2026-09-02T08:44:13Z,B0GYZ7VDN9,,,,,2026-07-01
Samsung,"Samsung Smart TV 65-Inch U7000H Crystal UHD 4K TV, HDR10+, Motion Xcelerator, Dynamic Sound Pack, Gaming Hub, Knox Security, Vision AI Companion [2026]",https://www.amazon.co.uk/dp/B0GZ342L5C,65.0,545.52,469.0,GBP,545.52,Amazon,GB,2026-09-02T08:44:13Z,B0GZ342L5C,,,,,2026-07-01
Samsung,"Samsung Smart TV 77 Inch S93H OLED 4K, Glare Free, HDR10+, Motion Xcelerator 165Hz, Dolby Atmos & OTS, Dual Tuner, Gaming Hub, FreeSync Premium Pro, Knox Security, AI Voice Control, Alexa [2026]",https://www.amazon.co.uk/dp/B0GYZ8DD97,77.0,3837.25,3299.0,GBP,3837.25,Amazon,GB,2026-09-02T08:44:13Z,B0GYZ8DD97,,,,,2026-07-01
Samsung,"Samsung Smart TV QN1EH 55-Inch, Neo QLED 4K, Glare-Free, NQ HDR, Motion Xcelerator, Object Tracking Sound Lite with Gaming Hub and Vision AI Companion, & Alexa Built-in [2026]",https://www.amazon.co.uk/dp/B0GYZBDF12,55.0,871.2,749.0,GBP,871.2,Amazon,GB,2026-09-02T08:44:13Z,B0GYZBDF12,,,,,2026-07-01
Samsung,"Samsung 55"" S95F, NQ4 AI Gen3 Processor, 4K AI Upscaling,OLED HDR Pro, Motion Xcelerator 165Hz, Samsung Vision AI, 2025",https://www.amazon.co.uk/dp/B0F6TQKN1T,55.0,1592.36,1369.0,GBP,1592.36,Amazon,GB,2026-09-02T08:44:13Z,B0F6TQKN1T,,,,,2026-07-01
Samsung,"Samsung TV QLED 43"" Q60D 2024, 4K, Smart TV",https://www.amazon.co.uk/dp/B0CRZCY6PB,43.0,,,,,Amazon,GB,2026-09-02T08:44:13Z,B0CRZCY6PB,,,,,
Samsung,"Samsung Smart TV 48 Inch S90H OLED 4K, Glare-Free, HDR10+, Motion Xcelerator 165Hz, Dolby Atmos & OTS Lite, Gaming Hub, FreeSync Premium Pro, Knox Security, AI Voice Control, Alexa Built-in [2026]",https://www.amazon.co.uk/dp/B0GYYXSMD3,48.0,1394.62,1199.0,GBP,1394.62,Amazon,GB,2026-09-02T08:44:13Z,B0GYYXSMD3,,,,,2026-07-01
Samsung,Samsung 75 Inch Neo QLED 8K with Mini LED QN990F Glare Free AI Smart TV,https://www.amazon.co.uk/dp/B0F6VNWY7T,75.0,,,,,Amazon,GB,2026-09-02T08:44:13Z,B0F6VNWY7T,,,,,
Samsung,"Samsung Smart TV 27-Inch The Movingstyle QHD Portable Television [2025] | Touch Screen, Built-in Battery, 120Hz Gaming TV, HDR10+, Dolby Atmos",https://www.amazon.co.uk/dp/B0G98STGYR,27.0,1161.99,999.0,GBP,1161.99,Amazon,GB,2026-09-02T08:44:13Z,B0G98STGYR,,,,,2026-07-01
Samsung,Samsung 75 Inch Neo QLED 8K with Mini LED QN900F Glare Free AI Smart TV,https://www.amazon.co.uk/dp/B0F6VRPG67,75.0,2557.78,2199.0,GBP,2557.78,Amazon,GB,2026-09-02T08:44:13Z,B0F6VRPG67,,,,,2026-07-01
Samsung,"Samsung Smart TV 65-Inch LS03HW The Frame Pro, 4K Neo QLED, Art Mode, Modern Frame Design, Glare Free, HDR10+, Motion Xcelerator 144Hz, Dolby Atmos, Vision AI Companion, Alexa [2026]",https://www.amazon.co.uk/dp/B0GYZRF1HD,65.0,2092.52,1799.0,GBP,2092.52,Amazon,GB,2026-09-02T08:44:13Z,B0GYZRF1HD,,,,,2026-07-01
Samsung,Samsung 75 Inch Neo QLED 4K with Mini LED QN73F AI Smart TV,https://www.amazon.co.uk/dp/B0DF8ZYD27,75.0,1394.62,1199.0,GBP,1394.62,Amazon,GB,2026-09-02T08:44:13Z,B0DF8ZYD27,,,,,2026-07-01
Samsung,"Samsung Neo QLED 8K 2024 75QN800D 75"" Smart TV with 8K Resolution, More Speakers Than Ever With Dolby Atmos and Q-Symphony, the Best Smart TV and No Cables with Slim One Connect",https://www.amazon.co.uk/dp/B0CSDRC72L,75.0,5245.24,4509.49,GBP,5245.24,Amazon,GB,2026-09-02T08:44:13Z,B0CSDRC72L,,,,,2026-07-01
Samsung,"Samsung QN88D 55"" Neo QLED 4K, Quantum Matrix Technology, Dolby Atmos, NQ4 AI Gen2 Processor, Neo Quantum HDR, Motion Xcelerator 120Hz, QE55QN88DBTXXU, English Model (2024)",https://www.amazon.co.uk/dp/B0CYBTHTX2,55.0,929.36,799.0,GBP,929.36,Amazon,GB,2026-09-02T08:44:13Z,B0CYBTHTX2,,,,,2026-07-01
Samsung,"Samsung QE77S91FAEXXU 77"" S91F 4K OLED HDR+ WIFI & Bluetooth enabled Motion Xcelerator 144Hz 4 HDMI, 2 USB, Vision AI Smart TV - Alexa Voice Assistant",https://www.amazon.co.uk/dp/B0GH1RR8CB,77.0,2208.83,1899.0,GBP,2208.83,Amazon,GB,2026-09-02T08:44:13Z,B0GH1RR8CB,,,,,2026-07-01
Samsung,Samsung QN32LS03CBFXZA 32 Inch The Frame QLED Smart TV with Art Mode and 2 Year Amber Protection Plan (2023),https://www.amazon.co.uk/dp/B0D4SSM4V1,32.0,382.68,329.0,GBP,382.68,Amazon,GB,2026-09-02T08:44:13Z,B0D4SSM4V1,,,,,2026-07-01
Samsung,Samsung QE32LS03C 32-inch QLED TV The Frame,https://www.amazon.co.uk/dp/B0BWFPKGMZ,32.0,371.04,318.99,GBP,371.04,Amazon,GB,2026-09-02T08:44:13Z,B0BWFPKGMZ,,,,,2026-07-01
Samsung,"Samsung QLED TV 2023 98Q80C 98"" Smart TV, Direct Full Array, Quantum HDR 1500, 60W with Dolby Atmos, 4K QLED Processor and Motion Xcelerator Turbo+",https://www.amazon.co.uk/dp/B0BVG8GYC8,98.0,6905.99,5937.29,GBP,6905.99,Amazon,GB,2026-09-02T08:44:13Z,B0BVG8GYC8,,,,,2026-07-01
LG,"LG 32LQ63806LC 32inch LED Full HD Smart TV, Model 2024",https://www.amazon.co.uk/dp/B0D17VJPSD,32.0,231.47,199.0,GBP,231.47,Amazon,GB,2026-09-02T08:44:13Z,B0D17VJPSD,,,,,2026-07-01
Samsung,"Samsung QE83S91FAEXXU 83"" S91F 4K OLED HDR+ WIFI & Bluetooth enabled Motion Xcelerator 144Hz 4 HDMI, 2 USB, Vision AI Smart TV - Alexa Voice Assistant",https://www.amazon.co.uk/dp/B0GH17C5JS,83.0,2790.41,2399.0,GBP,2790.41,Amazon,GB,2026-09-02T08:44:13Z,B0GH17C5JS,,,,,2026-07-01
Samsung,Samsung HG46EC890 200 Hz TV,https://www.amazon.co.uk/dp/B00JA5AUGK,46.0,1163.14,999.99,GBP,1163.14,Amazon,GB,2026-09-02T08:44:13Z,B00JA5AUGK,,,,,2026-07-01
Samsung,SAMSUNG 75DU7105 - LED TV 75 (190 cm) - 4K UHD 3840x2160 - HDR - Smart TV - Gaming Hub - 3xHDMI - WiFi,https://www.amazon.co.uk/dp/B0CSPNT5L1,75.0,1067.42,917.69,GBP,1067.42,Amazon,GB,2026-09-02T08:44:13Z,B0CSPNT5L1,,,,,2026-07-01
Samsung,"Samsung The Terrace 65 inch TV 4K Smart TV, Quantum Matrix Technology Slim Outdoor TV, Anti-Glare Screen, Water and Dust R...",https://www.amazon.co.uk/dp/B0F2FJX2XH,65.0,5783.21,4972.0,GBP,5783.21,Amazon,GB,2026-09-02T08:44:13Z,B0F2FJX2XH,,,,,2026-07-01
Samsung,"Samsung UE65RU7105 2019 65"" Smart TV with 4K UHD Resolution, Ultra Dimming, HDR (HDR10+), 4K Processor, One Remote Experience, Apple TV and Alexa Compatible",https://www.amazon.co.uk/dp/B07PMS9NG9,65.0,3230.08,2777.0,GBP,3230.08,Amazon,GB,2026-09-02T08:44:13Z,B07PMS9NG9,,,,,2026-07-01
Samsung,"Samsung QE65Q70RATXZT Series Q70R (2019) QLED Smart TV 65"", Ultra HD 4K, Wi-Fi, Black",https://www.amazon.co.uk/dp/B07PHZRP7Y,65.0,2743.88,2359.0,GBP,2743.88,Amazon,GB,2026-09-02T08:44:13Z,B07PHZRP7Y,,,,,2026-07-01
Samsung,"Samsung TV 43 Inch The Frame LS03F 4K Smart TV, Art Gallery with Matte Display, Interchangeable Frames, 100% Color Volume with Quantum Dot and Almost Invisible Cable with One Connect",https://www.amazon.co.uk/dp/B0F229Y3KG,43.0,696.73,599.0,GBP,696.73,Amazon,GB,2026-09-02T08:44:13Z,B0F229Y3KG,,,,,2026-07-01
Samsung,"Samsung The Frame LS03F 4K Smart TV 65 Inch Art Gallery with Matte Screen, Interchangeable Frames, 100% Color Volume with Quantum Dot and Almost Invisible Cable with One Connect",https://www.amazon.co.uk/dp/B0F2FJBXMK,65.0,1103.83,949.0,GBP,1103.83,Amazon,GB,2026-09-02T08:44:13Z,B0F2FJBXMK,,,,,2026-07-01
Samsung,"Samsung TV QLED 55"" Q60D 2024, 4K, Smart TV",https://www.amazon.co.uk/dp/B0CS3SJ1T9,55.0,,,,,Amazon,GB,2026-09-02T08:44:13Z,B0CS3SJ1T9,,,,,
Samsung,"Samsung Smart TV 65-Inch R85H Micro RGB 4K, HDR+, Motion Xcelerator 144Hz, Dolby Atmos & OTS Lite, Gaming Hub, FreeSync Premium Pro, Knox Security, Vision AI Companion, Alexa Built-in [2026]",https://www.amazon.co.uk/dp/B0GYZ4PCKW,65.0,2208.83,1899.0,GBP,2208.83,Amazon,GB,2026-09-02T08:44:13Z,B0GYZ4PCKW,,,,,2026-07-01
Samsung,"Samsung QE50Q60TAUXZT Smart TV 50"" QLED 4K, Ultra HD, Dual LED, Quantum Lite Processor, Quantum HDR, Wi-Fi, New Bezel-less Design, Black, 2020, Built-in Alexa, Google Assistant Compatible",https://www.amazon.co.uk/dp/B086B6M17V,50.0,2443.79,2101.0,GBP,2443.79,Amazon,GB,2026-09-02T08:44:13Z,B086B6M17V,,,,,2026-07-01
Samsung,"Samsung TV The Frame 55"" (2025) 4K Smart TV - TQ55LS03FAUXXC [Country Version French, Spanish, Portuguese]...[Country version French, Spanish, Portuguese]",https://www.amazon.co.uk/dp/B0F2295TXB,55.0,,,,,Amazon,GB,2026-09-02T08:44:13Z,B0F2295TXB,,,,,
Samsung,"TELEVISOR QLED SAMSUNG QE55Q60- 55""/139CM - UHD 4K 3840*2160 - 3000HZ PQI - HDR 10+/HLG - 2*T2CS2X - SMART TV - WIFI - 4*HDMI - 2*USB - AUDIO 20W",https://www.amazon.co.uk/dp/B07PRY3T45,55.0,2048.32,1761.0,GBP,2048.32,Amazon,GB,2026-09-02T08:44:13Z,B07PRY3T45,,,,,2026-07-01
Samsung,"Samsung HG32CF800EU HCF8000 Series - 32"" LED-backlit LCD TV - QLED - Full HD - for hotel/hospitality",https://www.amazon.co.uk/dp/B0FVLL714C,32.0,439.07,377.48,GBP,439.07,Amazon,GB,2026-09-02T08:44:13Z,B0FVLL714C,,,,,2026-07-01
Samsung,SAMSUNG 50Q80D - QLED 50 TV (127cm) - 4K UHD 3840x2160 - HDR+ - Smart TV - Gaming Hub - 4xHDMI - WiFi,https://www.amazon.co.uk/dp/B0CSKKKXBZ,50.0,922.14,792.79,GBP,922.14,Amazon,GB,2026-09-02T08:44:13Z,B0CSKKKXBZ,,,,,2026-07-01
Samsung,"Samsung LT24E310EX 23"" HD ready Black LED TV - LED TVs (HD ready, A, 16:9, Mega Contrast, Black, 1366 x 768 pixels)",https://www.amazon.co.uk/dp/B00ZC8J56U,23.0,875.86,753.0,GBP,875.86,Amazon,GB,2026-09-02T08:44:13Z,B00ZC8J56U,,,,,2026-07-01
Samsung,"Samsung TV QN80F (2025) 100"" Neo QLED 4K UHD 100Hz [Country Version French, Spanish, Portuguese]...[Country Version French, Spanish, Portuguese]",https://www.amazon.co.uk/dp/B0F22834RH,100.0,4565.72,3925.29,GBP,4565.72,Amazon,GB,2026-09-02T08:44:13Z,B0F22834RH,,,,,2026-07-01
Samsung,"Samsung TV QLED 50"" Q60D 2024, 4K, Smart TV",https://www.amazon.co.uk/dp/B0CS3J3B7V,50.0,857.58,737.29,GBP,857.58,Amazon,GB,2026-09-02T08:44:13Z,B0CS3J3B7V,,,,,2026-07-01
Samsung,Samsung QE55QN90C 55 inch 2023 4K HDR Smart TV with Quantum Dot,https://www.amazon.co.uk/dp/B0C7GR4WQF,55.0,,,,,Amazon,GB,2026-09-02T08:44:13Z,B0C7GR4WQF,,,,,
Samsung,"Samsung 55"" OLED S84F Smart TV with Q600F Soundbar",https://www.amazon.co.uk/dp/B0GQSWFDJ2,55.0,1160.83,998.0,GBP,1160.83,Amazon,GB,2026-09-02T08:44:13Z,B0GQSWFDJ2,,,,,2026-07-01
Samsung,Samsung UE40H5500 - LED Smart TV,https://www.amazon.co.uk/dp/B00KBXXC6U,40.0,,,,,Amazon,GB,2026-09-02T08:44:13Z,B00KBXXC6U,,,,,
Samsung,"Samsung Smart TV 48 Inch S93H OLED 4K, Glare Free, HDR10+, Motion Xcelerator 165Hz, Dolby Atmos & OTS, Dual Tuner, Gaming Hub, FreeSync Premium Pro, Knox Security, AI Voice Control, Alexa [2026]",https://www.amazon.co.uk/dp/B0GYZPYYGB,48.0,1394.62,1199.0,GBP,1394.62,Amazon,GB,2026-09-02T08:44:13Z,B0GYZPYYGB,,,,,2026-07-01
Hisense,"Hisense 50"" 50E78QTUK QLED Smart AI TV - 4K Direct Lit Viewing, Quantum Dot Colour, Hi-View AI Engine, Dolby Vision, Dolby Atmos with Freely, Disney +, YouTube, Netflix",https://www.amazon.co.uk/dp/B0F7WD2G4S,50.0,354.75,304.99,GBP,354.75,Amazon,GB,2026-09-02T08:44:13Z,B0F7WD2G4S,,,,,2026-07-01
Samsung,"Samsung AU9000 65 Inch 4K Smart TV (2021) - Slim Ultra HD TV With Alexa Built-In, Game Mode, Motion Xcelerator Turbo, 4K Crystal Processor, Dynamic Crystal Colour, Object Tracking Sound – UE65AU9000",https://www.amazon.co.uk/dp/B08Y7338TW,65.0,,,,,Amazon,GB,2026-09-02T08:44:13Z,B08Y7338TW,,,,,
Samsung,Samsung 43 Inch TV SMART 4K QLED TV QE43Q7FAAU Ultra HD HDR Alexa Bixby TV,https://www.amazon.co.uk/dp/B0GX9RZL7R,43.0,,,,,Amazon,GB,2026-09-02T08:44:13Z,B0GX9RZL7R,,,,,
Samsung,Samsung 55U8072 LED TV 138 cm Smart 4K Ultra HD 50Hz Model 2025 UE55U8072FUXXH [Hungarian Version],https://www.amazon.co.uk/dp/B0FF1THHJ9,55.0,417.57,359.0,GBP,417.57,Amazon,GB,2026-09-02T08:44:13Z,B0FF1THHJ9,,,,,2026-07-01
Samsung,"Samsung QE32LS03T 32"" The Frame Art Mode QLED Full HD HDR Smart TV",https://www.amazon.co.uk/dp/B09QSV474F,32.0,382.68,329.0,GBP,382.68,Amazon,GB,2026-09-02T08:44:13Z,B09QSV474F,,,,,2026-07-01
Samsung,Samsung QE55Q60T 138cm 4K QLED TV,https://www.amazon.co.uk/dp/B087YTKGHQ,49.0,1743.57,1499.0,GBP,1743.57,Amazon,GB,2026-09-02T08:44:13Z,B087YTKGHQ,,,,,2026-07-01
Samsung,SAMSUNG 50Q80C QLED TV 4K UHD 50 (125cm) Smart TV 4 Ports HDMI,https://www.amazon.co.uk/dp/B0BQRHQSKN,50.0,1287.02,1106.49,GBP,1287.02,Amazon,GB,2026-09-02T08:44:13Z,B0BQRHQSKN,,,,,2026-07-01
Samsung,Samsung 50 Inch Q80C 4K QLED HDR Smart TV (2023),https://www.amazon.co.uk/dp/B0BX76H559,50.0,,,,,Amazon,GB,2026-09-02T08:44:13Z,B0BX76H559,,,,,
Samsung,Samsung 65Q70D - QLED TV 65'' (165cm) - 4K UHD 3840x2160 - 120 Hz - HDR10+ - Gaming Hub - Smart TV - 4xHDMI,https://www.amazon.co.uk/dp/B0CSDBDM94,65.0,1287.02,1106.49,GBP,1287.02,Amazon,GB,2026-09-02T08:44:13Z,B0CSDBDM94,,,,,2026-07-01
Samsung,"Samsung Crystal UHD 55"" U8000H TV with B46CF Soundbar",https://www.amazon.co.uk/dp/B0H82L3XYS,55.0,643.23,553.0,GBP,643.23,Amazon,GB,2026-09-02T08:44:13Z,B0H82L3XYS,,,,,2026-07-01
Samsung,"Samsung Smart TV 65-Inch LS03HW The Frame Pro, 4K Neo QLED, Art Mode, Modern Frame Design, Glare Free, HDR10+, Motion Xcelerator 144Hz, Dolby Atmos, Alexa [2026] (Renewed)",https://www.amazon.co.uk/dp/B0HFNV6H2G,65.0,1952.93,1678.99,GBP,1952.93,Amazon,GB,2026-09-02T08:44:13Z,B0HFNV6H2G,,,,,2026-07-01
Samsung,"Samsung 50 Inch Neo QLED QN90F 4K Mini LED Smart TV with AI Vision, Glare Free Screen and Quantum Matrix Technology Plus",https://www.amazon.co.uk/dp/B0F2241BR4,50.0,1501.86,1291.19,GBP,1501.86,Amazon,GB,2026-09-02T08:44:13Z,B0F2241BR4,,,,,2026-07-01
Samsung,Samsung TV 85 Inch (2025) Neo QLED 4K UHD - TQ85QN90FATXXC,https://www.amazon.co.uk/dp/B0F224SMXB,85.0,6226.48,5353.09,GBP,6226.48,Amazon,GB,2026-09-02T08:44:13Z,B0F224SMXB,,,,,2026-07-01
Samsung,"SAMSUNG 2023 55S90C OLED Smart TV 55"" OLED Quantum HDR 1500, Quantum 4K Processor with AI, Dolby Atmos and Motion Xcelerat...",https://www.amazon.co.uk/dp/B0BRJDFGYY,55.0,,,,,Amazon,GB,2026-09-02T08:44:13Z,B0BRJDFGYY,,,,,
Samsung,"Samsung 48"" OLED 4K UHD TV - TQ48S90DAE",https://www.amazon.co.uk/dp/B0DCGHLNZQ,48.0,1430.2,1229.59,GBP,1430.2,Amazon,GB,2026-09-02T08:44:13Z,B0DCGHLNZQ,,,,,2026-07-01
Samsung,"Samsung 75 Inch QN90C 4K Neo QLED HDR Smart TV (2023) - Quantum Matrix Technology & Alexa Built In, Dolby Atmos Object Tracking Sound Audio, Slim Design & Anti Reflection Screen, 100% Colour Volume",https://www.amazon.co.uk/dp/B0BX77KDVQ,75.0,,,,,Amazon,GB,2026-09-02T08:44:13Z,B0BX77KDVQ,,,,,
Samsung,Samsung The Frame 50 Inch (2025) 4K Smart TV - TQ50LS03FAUXXC [Spanish version],https://www.amazon.co.uk/dp/B0F225B9KJ,50.0,796.76,685.0,GBP,796.76,Amazon,GB,2026-09-02T08:44:13Z,B0F225B9KJ,,,,,2026-07-01
Hisense,"Hisense 40 Inch 40A4QTUK FHD LED TV | Direct Lit LED, Dolby Audio, Natural Colour Enhancer, Games Mode and Sports Mode wit...",https://www.amazon.co.uk/dp/B0F7WFJB57,40.0,219.84,189.0,GBP,219.84,Amazon,GB,2026-09-02T08:44:13Z,B0F7WFJB57,,,,,2026-07-01
Samsung,Samsung 55 inch UHD TV UE55CU7172U,https://www.amazon.co.uk/dp/B0C279HDSX,55.0,707.19,607.99,GBP,707.19,Amazon,GB,2026-09-02T08:44:13Z,B0C279HDSX,,,,,2026-07-01
Samsung,"Samsung HG50Q60AAEU 127 cm (50"") 4K Ultra HD Smart TV Black 20 W",https://www.amazon.co.uk/dp/B0BCK7MLRF,50.0,811.22,697.43,GBP,811.22,Amazon,GB,2026-09-02T08:44:13Z,B0BCK7MLRF,,,,,2026-07-01
Samsung,"Samsung TV The Frame 2019, 4K, Black",https://www.amazon.co.uk/dp/B07TD8ZS8N,43.0,696.73,599.0,GBP,696.73,Amazon,GB,2026-09-02T08:44:13Z,B07TD8ZS8N,,,,,2026-07-01
Samsung,"Samsung The Frame 4K 2024 43LS03D 43"" Smart TV with Art Gallery with Matte Display, Interchangeable Frames, 100% Color Volume with Quantum Dot and One Connect and Nearly Invisible Cable",https://www.amazon.co.uk/dp/B0CXTNBS93,43.0,696.73,599.0,GBP,696.73,Amazon,GB,2026-09-02T08:44:13Z,B0CXTNBS93,,,,,2026-07-01
Samsung,"Samsung 55 inch Crystal UHD U8005 4K Smart TV, incredible colors with Crystal Processor 4K, listen to all speakers with Q-Symphony, Protected Data, Knox Security and Gaming Hub",https://www.amazon.co.uk/dp/B0F2249D1G,55.0,634.72,545.69,GBP,634.72,Amazon,GB,2026-09-02T08:44:13Z,B0F2249D1G,,,,,2026-07-01
Hisense,"Hisense 65"" 65U7QTUK MiniLED QLED 144Hz Smart AI TV - Hi-View AI Engine, 144Hz Game Mode PRO, 2.1 Channel, Dolby Atmos, Quantum Dot Colour, Anti-Reflection with Freely, Disney +, YouTube, Netflix",https://www.amazon.co.uk/dp/B0F7WC5H3X,65.0,754.89,649.0,GBP,754.89,Amazon,GB,2026-09-02T08:44:13Z,B0F7WC5H3X,,,,,2026-07-01
Samsung,"Smart TV Samsung QE32LS03B 32""",https://www.amazon.co.uk/dp/B0B8JMSLR2,32.0,394.31,339.0,GBP,394.31,Amazon,GB,2026-09-02T08:44:13Z,B0B8JMSLR2,,,,,2026-07-01
Samsung,Samsung UE65U8092F - Smart TV - 4K - Tizen - 65 inches - Crystal UHD - Motion Xcelerator - Buitenlands model,https://www.amazon.co.uk/dp/B0FVTYJFBR,65.0,861.95,741.04,GBP,861.95,Amazon,GB,2026-09-02T08:44:13Z,B0FVTYJFBR,,,,,2026-07-01
Samsung,"Samsung M70H 85"" 4K Ultra HD Mini LED HDR Vision AI Smart TV - UE85M70H",https://www.amazon.co.uk/dp/B0H3KN31WC,85.0,1569.1,1349.0,GBP,1569.1,Amazon,GB,2026-09-02T08:44:13Z,B0H3KN31WC,,,,,2026-07-01
Samsung,"Samsung Smart TV 50-Inch QN73H Neo QLED 4K with Quantum Mini LED, Real QLED 100% Colour Volume, AI-Powered NQ4 Processor for 4K Upscaling, Motion Xcelerator, Vision AI Companion, AirSlim Design [2026]",https://www.amazon.co.uk/dp/B0GYYQML4L,50.0,813.05,699.0,GBP,813.05,Amazon,GB,2026-09-02T08:44:13Z,B0GYYQML4L,,,,,2026-07-01
Samsung,"SAMSUNG 65 inch OLED S85F 4K Smart TV with AI Vision, Pantone TV Plus Certified Colors",https://www.amazon.co.uk/dp/B0F2FNVQ73,65.0,1846.86,1587.8,GBP,1846.86,Amazon,GB,2026-09-02T08:44:13Z,B0F2FNVQ73,,,,,2026-07-01
Samsung,"Samsung The Movingstyle LSM7F QHD TV with Portable Screen, Removable Stand, Touch and Smart",https://www.amazon.co.uk/dp/B0FQBYHWZG,27.0,1573.4,1352.7,GBP,1573.4,Amazon,GB,2026-09-02T08:44:13Z,B0FQBYHWZG,,,,,2026-07-01
Xiaomi,"XIAOMI TV F Pro 43, 43 Inch (101 cm) 4K QLED Smart TV, Fire TV, HDR10+ | MEMC, Alexa Voice Control, 2GB+32GB, Works with Apple AirPlay",https://www.amazon.co.uk/dp/B0FCY8MNS4,43.0,231.47,199.0,GBP,231.47,Amazon,GB,2026-09-02T08:44:13Z,B0FCY8MNS4,,,,,2026-07-01
Samsung,Samsung QE32Q50AE 32 inch Full HD TV with Smart Tizen Platform (Renewed),https://www.amazon.co.uk/dp/B0C81JLT55,32.0,336.15,289.0,GBP,336.15,Amazon,GB,2026-09-02T08:44:13Z,B0C81JLT55,,,,,2026-07-01
Samsung,"Samsung 50"" TV (2025) QLED 4K UHD - TQ50Q8FAAUXXC [Country Version French, Spanish, Portuguese]...[Country Version French, Spanish, Portuguese]",https://www.amazon.co.uk/dp/B0F22BFWQQ,50.0,664.27,571.09,GBP,664.27,Amazon,GB,2026-09-02T08:44:13Z,B0F22BFWQQ,,,,,2026-07-01
Xiaomi,"XIAOMI TV F 50, 50 Inch 4K UHD, Smart TV, Fire TV, HDR10, MEMC | Alexa Voice Control, 60Hz with 120Hz Game Boost Mode, 2GB+32GB, Works with Apple AirPlay",https://www.amazon.co.uk/dp/B0FCY3CP28,50.0,289.63,249.0,GBP,289.63,Amazon,GB,2026-09-02T08:44:13Z,B0FCY3CP28,,,,,2026-07-01
Samsung,Samsung Neo QLED 4K QN85F Mini LED TV NQ4 AI Gen2 Processor Quantum Matrix Slim Technology 144Hz Motion Xcelerator AirSlim Design Samsung Vision AI,https://www.amazon.co.uk/dp/B0FND79K77,55.0,1095.05,941.45,GBP,1095.05,Amazon,GB,2026-09-02T08:44:13Z,B0FND79K77,,,,,2026-07-01
Samsung,"Samsung Crystal UHD 85"" U8000H TV with B46CF Soundbar",https://www.amazon.co.uk/dp/B0H82RQ8S4,85.0,1364.38,1173.0,GBP,1364.38,Amazon,GB,2026-09-02T08:44:13Z,B0H82RQ8S4,,,,,2026-07-01
Samsung,"Samsung TV 43"" (2025) Neo QLED 4K UHD - TQ43QN90FATXXC [Country Version French, Spanish, Portuguese]...[Country Version French, Spanish, Portuguese]",https://www.amazon.co.uk/dp/B0F21YMCYJ,43.0,1288.53,1107.79,GBP,1288.53,Amazon,GB,2026-09-02T08:44:13Z,B0F21YMCYJ,,,,,2026-07-01
Samsung,SAMSUNG 43CU7025-43 inch LED TV - Crystal UHD 4K 3840 x 2160 - HDR - Smart TV - Gaming Hub - 3xHDMI,https://www.amazon.co.uk/dp/B0CZ47SPT3,43.0,523.64,450.19,GBP,523.64,Amazon,GB,2026-09-02T08:44:13Z,B0CZ47SPT3,,,,,2026-07-01
Samsung,"Samsung Crystal UHD 43"" U8000H TV with B46CF Soundbar",https://www.amazon.co.uk/dp/B0H82J65PR,43.0,503.65,433.0,GBP,503.65,Amazon,GB,2026-09-02T08:44:13Z,B0H82J65PR,,,,,2026-07-01
Samsung,"Samsung 50 Inch Q80C 4K QLED HDR Smart TV (2023) - Neural Quantum 4K Processor With Direct Full Array Mini LEDs, Dolby Atmos Audio, With Alexa & AI Sound (Renewed)",https://www.amazon.co.uk/dp/B0CLH52Z9W,50.0,592.05,509.0,GBP,592.05,Amazon,GB,2026-09-02T08:44:13Z,B0CLH52Z9W,,,,,2026-07-01
Samsung,"Samsung Crystal UHD 50"" U8000H TV with B46CF Soundbar",https://www.amazon.co.uk/dp/B0H82ML5HJ,50.0,561.8,483.0,GBP,561.8,Amazon,GB,2026-09-02T08:44:13Z,B0H82ML5HJ,,,,,2026-07-01
TCL,"TCL 55PF650K 55-inch 4K Ultra HD, HDR TV, Smart LED Fire TV (Dolby Vision, Dolby Atmos, DTS, HDR 10, Alexa built-in, Airplay2, Miracast)",https://www.amazon.co.uk/dp/B0D7ZC2QY4,55.0,336.15,289.0,GBP,336.15,Amazon,GB,2026-09-02T08:44:13Z,B0D7ZC2QY4,,,,,2026-07-01
Samsung,"Samsung The Frame QE50LS03TAU 127 cm (50"") 4K Ultra HD Smart TV Wi-Fi Nero",https://www.amazon.co.uk/dp/B0872D83PX,50.0,796.76,685.0,GBP,796.76,Amazon,GB,2026-09-02T08:44:13Z,B0872D83PX,,,,,2026-07-01
Samsung,"Samsung AI QLED TV 65"" Q6F 2025, 4K, Quantum Dots",https://www.amazon.co.uk/dp/B0FRSHBY4K,65.0,785.93,675.69,GBP,785.93,Amazon,GB,2026-09-02T08:44:13Z,B0FRSHBY4K,,,,,2026-07-01
Samsung,"Samsung 42 Inch S90F 4K Smart TV AI OLED TV 2025, Vision AI, NQ4 AI Gen3 Processor, 4K AI Upscaling Pro, HDR10+ Adaptive, Dolby Atmos, Gaming Hub, Knox Security",https://www.amazon.co.uk/dp/B0FT879YNJ,42.0,1495.23,1285.49,GBP,1495.23,Amazon,GB,2026-09-02T08:44:13Z,B0FT879YNJ,,,,,2026-07-01
Samsung,"Samsung The Frame QE32LS03TCUXXC Televisor, 81.3 cm (32 inches), Full HD Smart TV, WiFi",https://www.amazon.co.uk/dp/B08ZY3BTCL,32.0,382.68,329.0,GBP,382.68,Amazon,GB,2026-09-02T08:44:13Z,B08ZY3BTCL,,,,,2026-07-01
Samsung,"Samsung The Serif Green 55-inch QLED TQ55LS01DB TV, Certified Non-Reflective Screen, 360° Design TV, Ambient Mode+, Smart TV, OTS Lite Technologies, Detachable Legs Included",https://www.amazon.co.uk/dp/B0FMQRHVMT,55.0,1430.2,1229.59,GBP,1430.2,Amazon,GB,2026-09-02T08:44:13Z,B0FMQRHVMT,,,,,2026-07-01
Samsung,"Samsung Crystal UHD 65"" U8000H TV with B46CF Soundbar",https://www.amazon.co.uk/dp/B0H82944B2,65.0,782.8,673.0,GBP,782.8,Amazon,GB,2026-09-02T08:44:13Z,B0H82944B2,,,,,2026-07-01
Samsung,"Samsung Crystal UHD TV 2023 55CU7025 55"" Smart TV with PurColor, Crystal UHD Processor, SmartThings, Contrast Enhancer with HDR10+ and Smart TV Powered by Tizen",https://www.amazon.co.uk/dp/B0CZ495C1L,55.0,665.66,572.29,GBP,665.66,Amazon,GB,2026-09-02T08:44:13Z,B0CZ495C1L,,,,,2026-07-01
Samsung,Tv Samsung UE98DU9070UXZT SERIES 9 Smart TV UHD Graphite Black [Country Version Italian] [Italian version],https://www.amazon.co.uk/dp/B0D2DXXFRW,98.0,2458.42,2113.58,GBP,2458.42,Amazon,GB,2026-09-02T08:44:13Z,B0D2DXXFRW,,,,,2026-07-01
Samsung,"Samsung 2020 32"" The Frame Art Mode QLED Full HD HDR Smart TV, CHARCOAL BLACK, LS03T",https://www.amazon.co.uk/dp/B08CBJ7GDP,32.0,394.31,339.0,GBP,394.31,Amazon,GB,2026-09-02T08:44:13Z,B08CBJ7GDP,,,,,2026-07-01
Samsung,SAMSUNG 50INCH BIZ TV,https://www.amazon.co.uk/dp/B0BCK5JG6Y,50.0,846.48,727.74,GBP,846.48,Amazon,GB,2026-09-02T08:44:13Z,B0BCK5JG6Y,,,,,2026-07-01
Samsung,"24"" Smart 12V/24V TV, Full HD 1080p Samsung Tizen OS, WiFi, Netflix, Prime Video, AirPlay, HDMI/USB, Caravan, Motorhome, Truck & Boat, 3-Year Warranty",https://www.amazon.co.uk/dp/B0GX2CJKZK,24.0,254.73,219.0,GBP,254.73,Amazon,GB,2026-09-02T08:44:13Z,B0GX2CJKZK,,,,,2026-07-01
Samsung,Samsung The Frame 2.0 55-Inch Art Mode Ultra HD certified TV,https://www.amazon.co.uk/dp/B07GZMKWL1,55.0,929.36,799.0,GBP,929.36,Amazon,GB,2026-09-02T08:44:13Z,B07GZMKWL1,,,,,2026-07-01
TCL,"TCL 75T6C-UK 75 Inch QLED 4K HDR TV, Fire TV (Smart TV with Dolby Vision & Atmos, HDR10+, Press & Ask Alexa, 2025 Model)",https://www.amazon.co.uk/dp/B0DW8RJSG6,75.0,696.73,599.0,GBP,696.73,Amazon,GB,2026-09-02T08:44:13Z,B0DW8RJSG6,,,,,2026-07-01
Samsung,"Samsung 50"" The Frame QLED 4K 2022 Smart TV, 4K UHD Resolution, QLED Processor with IA, HDR 10+, One Connect, Almost Invisible Cable, SolarCell Remote, Alexa Built-in",https://www.amazon.co.uk/dp/B09MZ1T6GD,50.0,894.47,769.0,GBP,894.47,Amazon,GB,2026-09-02T08:44:13Z,B09MZ1T6GD,,,,,2026-07-01
Samsung,"5M /16Ft BN39-03006A One Connect Cable Compatible with Samsung 43"" 50"" 55"" 65"" 85"" The Frame QLED 4K Smart TV LS03FAF LS03BA LS03RA LS03DA LS03AA LS03TA Q90R Series",https://www.amazon.co.uk/dp/B0GCZNB8CP,43.0,115.14,98.99,GBP,115.14,Amazon,GB,2026-09-02T08:44:13Z,B0GCZNB8CP,,,,,2026-07-01
Samsung,"Samsung The Frame 32 Inch Modern Sand Gold TV Mount with Magnet for The Frame 32"" (LC03C)",https://www.amazon.co.uk/dp/B0C5ZLXLM3,32.0,141.93,122.02,GBP,141.93,Amazon,GB,2026-09-02T08:44:13Z,B0C5ZLXLM3,,,,,2026-07-01
Samsung,SAMSUNG NeoQLED TQ55QN77F 2025-55 Inch Mini LED TV 138 cm,https://www.amazon.co.uk/dp/B0G1WL8GNJ,55.0,1094.17,940.69,GBP,1094.17,Amazon,GB,2026-09-02T08:44:13Z,B0G1WL8GNJ,,,,,2026-07-01
LG,"LG 43UA75006LA UHD UA75 4K Smart TV, α7 AI Processor Gen8, 60Hz, HDR10, Filmmaker Mode™, Google Cast, Apple AirPlay 2, Model Year 2025",https://www.amazon.co.uk/dp/B0GTVR5RHH,43.0,244.25,209.99,GBP,244.25,Amazon,GB,2026-09-02T08:44:13Z,B0GTVR5RHH,,,,,2026-07-01
LG,"LG LED AI LB650B 32 inch HD Smart TV - 32LB650B6LA (α5 AI Processor Gen9, 60Hz, HDR10, Google Cast, Apple AirPlay 2) [Model year 2026]",https://www.amazon.co.uk/dp/B0H1RT2T4S,32.0,162.83,139.99,GBP,162.83,Amazon,GB,2026-09-02T08:44:13Z,B0H1RT2T4S,,,,,2026-07-01
LG,"LG 50NU800B6LC Nano UHD AI NU80 4K Smart TV, α7 Processor Gen9, 60Hz, HDR10, Filmmaker Mode™, Google Cast, Apple AirPlay 2, Model Year 2026",https://www.amazon.co.uk/dp/B0GTBTSKWP,50.0,347.78,299.0,GBP,347.78,Amazon,GB,2026-09-02T08:44:13Z,B0GTBTSKWP,,,,,2026-07-01
LG,"LG LED AI LB6500 43 inch Full HD Smart TV - 43LB65006LA (α5 AI Processor Gen9, 60Hz, HDR10, Google Cast, Apple AirPlay 2) [Model year 2026]",https://www.amazon.co.uk/dp/B0H3Q1HLWQ,43.0,254.73,219.0,GBP,254.73,Amazon,GB,2026-09-02T08:44:13Z,B0H3Q1HLWQ,,,,,2026-07-01
LG,"LG 43NU800B6LC Nano UHD AI NU80 4K Smart TV, α7 Processor Gen9, 60Hz, HDR10, Filmmaker Mode™, Google Cast, Apple AirPlay 2, Model Year 2026",https://www.amazon.co.uk/dp/B0GTB1PJ3V,43.0,301.26,259.0,GBP,301.26,Amazon,GB,2026-09-02T08:44:13Z,B0GTB1PJ3V,,,,,2026-07-01
LG,"LG 85NU800B6LA Nano UHD AI NU80 4K Smart TV, α7 Processor Gen9, 60Hz, HDR10, Filmmaker Mode™, Google Cast, Apple AirPlay 2, Model Year 2026",https://www.amazon.co.uk/dp/B0GT9YHTMM,85.0,1161.99,999.0,GBP,1161.99,Amazon,GB,2026-09-02T08:44:13Z,B0GT9YHTMM,,,,,2026-07-01
LG,"LG OLED48C55LA 48-Inch OLEDevo 4K UHD Smart TV, (α9 AI Processor, Dolby Atmos, Freeview Play and Amazon Alexa, 120Hz) [Model 2025]",https://www.amazon.co.uk/dp/B0F3CYJM6T,48.0,1103.83,949.0,GBP,1103.83,Amazon,GB,2026-09-02T08:44:13Z,B0F3CYJM6T,,,,,2026-07-01
LG,"LG OLED65C55LA 65-Inch OLEDevo 4K UHD Smart TV, (α9 AI Processor Gen7, Dolby Atmos, Freeview Play and Amazon Alexa, 120Hz) [Model 2025]",https://www.amazon.co.uk/dp/B0F14NSMPH,65.0,1743.57,1499.0,GBP,1743.57,Amazon,GB,2026-09-02T08:44:13Z,B0F14NSMPH,,,,,2026-07-01
LG,"LG OLED55B6ELC OLED AI B6 4K Smart TV, α8 Processor Gen3, 120Hz, VRR, Dolby Vision and Atmos, Filmmaker Mode™, Model Year ...",https://www.amazon.co.uk/dp/B0GTB2F6VG,55.0,929.36,799.0,GBP,929.36,Amazon,GB,2026-09-02T08:44:13Z,B0GTB2F6VG,,,,,2026-07-01
LG,"LG 65QNED70A6A 65-Inch 4K UHD Smart TV (α7 AI Processor, Amazon Alexa, 60Hz) [Model 2025]",https://www.amazon.co.uk/dp/B0FDR737K6,65.0,580.41,499.0,GBP,580.41,Amazon,GB,2026-09-02T08:44:13Z,B0FDR737K6,,,,,2026-07-01
LG,"LG 55QNED7EB3C QNED MiniLED AI 4K Smart TV QNED7E, α7 Processor Gen9, 60Hz, HDR10, Filmmaker Mode™, Google Cast, Apple AirPlay 2, Model Year 2026",https://www.amazon.co.uk/dp/B0GT9WZMZG,55.0,498.99,429.0,GBP,498.99,Amazon,GB,2026-09-02T08:44:13Z,B0GT9WZMZG,,,,,2026-07-01
LG,"LG 43NU850B6LA Nano UHD AI NU85 4K Smart TV, α7 Processor Gen9, 60Hz, HDR10, Filmmaker Mode™, Google Cast, Apple AirPlay 2, Model Year 2026",https://www.amazon.co.uk/dp/B0GT9PDN97,43.0,289.63,249.0,GBP,289.63,Amazon,GB,2026-09-02T08:44:13Z,B0GT9PDN97,,,,,2026-07-01
LG,"LG 32LQ63006LA LED LQ63 32 Inch Full HD Smart TV, α5 Gen5 AI Processor, 60Hz, HDR10, Works with Alexa, Apple AirPlay 2, Model Year 2022",https://www.amazon.co.uk/dp/B09YD4MHJ9,32.0,,,,,Amazon,GB,2026-09-02T08:44:13Z,B09YD4MHJ9,,,,,
LG,"LG 65NU800B6LA Nano UHD AI NU80 4K Smart TV, α7 Processor Gen9, 60Hz, HDR10, Filmmaker Mode™, Google Cast, Apple AirPlay 2, Model Year 2026",https://www.amazon.co.uk/dp/B0GT9S4VTG,65.0,545.52,469.0,GBP,545.52,Amazon,GB,2026-09-02T08:44:13Z,B0GT9S4VTG,,,,,2026-07-01
LG,"LG 55QNED70A6A 55-Inch 4K UHD Smart TV (α7 AI Processor, Amazon Alexa, 60Hz) [Model 2025]",https://www.amazon.co.uk/dp/B0FDR6R5LB,55.0,433.86,373.0,GBP,433.86,Amazon,GB,2026-09-02T08:44:13Z,B0FDR6R5LB,,,,,2026-07-01
LG,"LG 50QNED80A6A 50-Inch 4K UHD Smart TV, (α7 AI Processor, Freeview Play and Amazon Alexa, 60Hz) [Model 2025]",https://www.amazon.co.uk/dp/B0F14KGHT5,50.0,464.1,399.0,GBP,464.1,Amazon,GB,2026-09-02T08:44:13Z,B0F14KGHT5,,,,,2026-07-01
LG,"LG 43QNED7EB3C QNED MiniLED AI 4K Smart TV QNED7E, α7 Processor Gen9, 60Hz, HDR10, Filmmaker Mode™, Google Cast, Apple AirPlay 2, Model Year 2026",https://www.amazon.co.uk/dp/B0GT9QB8KR,43.0,405.94,349.0,GBP,405.94,Amazon,GB,2026-09-02T08:44:13Z,B0GT9QB8KR,,,,,2026-07-01
LG,"LG 75NANO90A6B 75 Inch Nano AI 4K Smart TV, webOS 25 Platform, Concierge, Alpha 7 Processor Gen8, Game Optimiser, ALLM, 60 Hz, 2025",https://www.amazon.co.uk/dp/B0FNXC46YC,75.0,814.2,699.99,GBP,814.2,Amazon,GB,2026-09-02T08:44:13Z,B0FNXC46YC,,,,,2026-07-01
LG,"LG OLED48B56LA 48-Inch OLED 4K UHD Smart TV, B5 Series, (α8 AI Processor, Dolby Atmos, Freeview Play and Amazon Alexa, 120Hz) [Model 2025]",https://www.amazon.co.uk/dp/B0F14XRCH8,48.0,849.08,729.98,GBP,849.08,Amazon,GB,2026-09-02T08:44:13Z,B0F14XRCH8,,,,,2026-07-01
LG,"LG 43NANO82T6B 43-Inch Nanocell AI 4K UHD Smart TV, (α5 AI Processor Gen7, Freeview Play and Amazon Alexa, 60Hz), Ashed Blue [Model 2024]",https://www.amazon.co.uk/dp/B0D1Y7HZ8X,43.0,277.99,239.0,GBP,277.99,Amazon,GB,2026-09-02T08:44:13Z,B0D1Y7HZ8X,,,,,2026-07-01
LG,"LG 43NANO90A6B 43 Inch Nano AI 4K Smart TV, webOS 25 Platform, Alpha 7 Processor Gen8, 60 Hz, 2025, 1 Count",https://www.amazon.co.uk/dp/B0FNXBNRBY,43.0,,,,,Amazon,GB,2026-09-02T08:44:13Z,B0FNXBNRBY,,,,,
Hisense,"Hisense 40 Inch 40E4QTUK FHD LED TV with Freely | Direct Lit LED, Dolby Audio, Natural Colour Enhancer, Games Mode and Sports Mode with Freely",https://www.amazon.co.uk/dp/B0F7WDSW1P,40.0,219.84,189.0,GBP,219.84,Amazon,GB,2026-09-02T08:44:13Z,B0F7WDSW1P,,,,,2026-07-01
LG,"LG 65UA73006LA 65-Inch 4K Ultra HD HDR Smart TV (webOS 25 Platform with AI Concierge, Alpha 7 Processor 4K Gen8, Game Optimiser & ALLM, 60Hz) [Model 2025]",https://www.amazon.co.uk/dp/B0F3XQMT51,65.0,696.73,599.0,GBP,696.73,Amazon,GB,2026-09-02T08:44:13Z,B0F3XQMT51,,,,,2026-07-01
LG,"LG 32LQ63006LA 32"" Full HD Smart TV, 2022 LED TV with α5 Gen 5 Processor with AI, WebOS 22, HDR, Wi-Fi, Bluetooth, Game Optimizer, Google Stadia and GeForce NOW, Compatible with Google Home and Alexa",https://www.amazon.co.uk/dp/B09T74KPR6,32.0,,,,,Amazon,GB,2026-09-02T08:44:13Z,B09T74KPR6,,,,,
LG,"LG 75QNED92A6A 75-Inch 4K UHD Smart TV, (α8 AI Processor, Freeview Play and Amazon Alexa, 120Hz) [Model 2025]",https://www.amazon.co.uk/dp/B0F5BVTC3G,75.0,1627.26,1399.0,GBP,1627.26,Amazon,GB,2026-09-02T08:44:13Z,B0F5BVTC3G,,,,,2026-07-01
LG,"LG OLED evo AI C6 42-inch 4K Smart TV - OLED42C65LA (α11 AI Processor 4K Gen3, 120Hz (VRR 165Hz), Dolby Vision, Dolby Atmos, FILMMAKER MODE™ [Model year 2026]",https://www.amazon.co.uk/dp/B0GT9KRRW2,42.0,1161.99,999.0,GBP,1161.99,Amazon,GB,2026-09-02T08:44:13Z,B0GT9KRRW2,,,,,2026-07-01
LG,"LG 55QNED82A6B 55"" 4K QNED AI TV (α7 Gen8 4K AI Processor, 25 WebOS, 60 Hz) Model Year 2025",https://www.amazon.co.uk/dp/B0F2259VV1,55.0,464.1,399.0,GBP,464.1,Amazon,GB,2026-09-02T08:44:13Z,B0F2259VV1,,,,,2026-07-01
LG,"LG evo OLED48C44LA 48-Inch 4K UHD Smart TV, (α9 AI Processor Gen7, Dolby Atmos, Freeview Play and Amazon Alexa, 120Hz), Umber Brown [Model 2024]",https://www.amazon.co.uk/dp/B0D17WTJ4W,48.0,929.36,799.0,GBP,929.36,Amazon,GB,2026-09-02T08:44:13Z,B0D17WTJ4W,,,,,2026-07-01
LG,"LG 65QNED82A6B 65"" 4K QNED AI TV (α7 Gen8 4K AI Processor, 25 WebOS 25, 60Hz) Model Year 2025",https://www.amazon.co.uk/dp/B0F226M1SY,65.0,581.57,499.99,GBP,581.57,Amazon,GB,2026-09-02T08:44:13Z,B0F226M1SY,,,,,2026-07-01
LG,"LG 55NANO82T6B 55-Inch Nanocell AI 4K UHD Smart TV, (α5 AI Processor Gen7, Freeview Play and Amazon Alexa, 60Hz), Ashed Blue [Model 2024]",https://www.amazon.co.uk/dp/B0D1Y8RW1B,55.0,407.09,349.99,GBP,407.09,Amazon,GB,2026-09-02T08:44:13Z,B0D1Y8RW1B,,,,,2026-07-01
LG,"TV 32"" LG Full HD EU Smart White USB DVBT2 DVBS2 4Core AI WEBOS",https://www.amazon.co.uk/dp/B09V5C4BN7,32.0,254.73,219.0,GBP,254.73,Amazon,GB,2026-09-02T08:44:13Z,B09V5C4BN7,,,,,2026-07-01
Xiaomi,"XIAOMI TV F 32, 32 Inch (81 cm), HD, Smart TV, Fire TV, Dolby Audio™, DTS Virtual:X S Alexa Voice Control, Works with Apple AirPlay, [Model Year]",https://www.amazon.co.uk/dp/B0FCXRJ6V5,32.0,117.48,101.0,GBP,117.48,Amazon,GB,2026-09-02T08:44:13Z,B0FCXRJ6V5,,,,,2026-07-01
LG,"LG OLED48C45LA 48-Inch OLED Evo 4K UHD Smart TV, (α9 AI Processor Gen7, Dolby Atmos, Freeview Play and Amazon Alexa, 120Hz), Umber Brown [Model 2024]",https://www.amazon.co.uk/dp/B0D4N6R7YG,48.0,929.36,799.0,GBP,929.36,Amazon,GB,2026-09-02T08:44:13Z,B0D4N6R7YG,,,,,2026-07-01
LG,LG OLED55C46LA 4K OLED HDR Smart TV,https://www.amazon.co.uk/dp/B0D1VHXXZ2,55.0,1278.31,1099.0,GBP,1278.31,Amazon,GB,2026-09-02T08:44:13Z,B0D1VHXXZ2,,,,,2026-07-01
LG,"LG 32LQ631C 32"" LED-backlit LCD TV - Full HD - for hotel/hospitality",https://www.amazon.co.uk/dp/B0BSLV549N,32.0,,,,,Amazon,GB,2026-09-02T08:44:13Z,B0BSLV549N,,,,,
LG,"LG 32LK6200PLA TV 80 cm (32"") 1080p (Full HD, Triple Tuner, Active HDR, Smart TV) White",https://www.amazon.co.uk/dp/B07B4F8WC6,32.0,254.73,219.0,GBP,254.73,Amazon,GB,2026-09-02T08:44:13Z,B07B4F8WC6,,,,,2026-07-01
LG,"LG 65NANO81T6A 65-Inch Nanocell AI 4K UHD Smart TV, (α5 AI Processor Gen7, Freeview Play and Amazon Alexa, 60Hz), Ashed Blue [Model 2024]",https://www.amazon.co.uk/dp/B0D183RP5P,65.0,546.67,469.99,GBP,546.67,Amazon,GB,2026-09-02T08:44:13Z,B0D183RP5P,,,,,2026-07-01
LG,"LG LED UR75 43"" 4K Smart TV, 2024",https://www.amazon.co.uk/dp/B0DH8KKX15,43.0,255.88,219.99,GBP,255.88,Amazon,GB,2026-09-02T08:44:13Z,B0DH8KKX15,,,,,2026-07-01
LG,"LG OLED65G54LW - 65"" OLED EVO 4K Smart TV AI B5, WebOS 25, Dolby Vision and Dolby Atmos, AMD FreeSync, Alexa/Google Assistant, Black",https://www.amazon.co.uk/dp/B0F3D871FD,65.0,,,,,Amazon,GB,2026-09-02T08:44:13Z,B0F3D871FD,,,,,
LG,"LG NANO 4K UHD AI NU90 98 inch 4K Smart TV - 98NU900B6LB (α8 AI Processor 4K Gen3, 120Hz, HDR10, FILMMAKER MODE™, FreeSync Compatible (AMD), Google Cast, Apple AirPlay 2) [Model year 2026]",https://www.amazon.co.uk/dp/B0H1RW64NJ,98.0,2092.52,1799.0,GBP,2092.52,Amazon,GB,2026-09-02T08:44:13Z,B0H1RW64NJ,,,,,2026-07-01
LG,"LG 55UA75006LA 55"" 4K UHD AI TV (α7 Gen8 4K AI Processor, WebOS 25, 60Hz) Model Year 2025",https://www.amazon.co.uk/dp/B0F2GHFZCJ,55.0,,,,,Amazon,GB,2026-09-02T08:44:13Z,B0F2GHFZCJ,,,,,
Philips,"PHILIPS 24PHS6000 2K HD LED Smart TV - 24 Inch Display with Pixel Plus, Titan OS Platform and Dolby Digital Sound, Works with Alexa and Google Voice Assistant",https://www.amazon.co.uk/dp/B0F24TDBKZ,24.0,168.32,144.71,GBP,168.32,Amazon,GB,2026-09-02T08:44:13Z,B0F24TDBKZ,,,,,2026-07-01
TCL,"TCL 65PF650K 65-inch 4K Ultra HD, HDR TV, Smart LED Fire TV (Dolby Vision, Dolby Atmos, DTS, HDR 10, Alexa built-in, Airplay2, Miracast)",https://www.amazon.co.uk/dp/B0D81MXY4N,65.0,405.94,349.0,GBP,405.94,Amazon,GB,2026-09-02T08:44:13Z,B0D81MXY4N,,,,,2026-07-01
TCL,"TCL 40SF560-UK 40"" Full HD QLED Direct LED Smart TV with Fire TV, Alexa Voice Control, Vivid Colour & Enhanced Brightness",https://www.amazon.co.uk/dp/B0F9PPFJ57,40.0,184.94,159.0,GBP,184.94,Amazon,GB,2026-09-02T08:44:13Z,B0F9PPFJ57,,,,,2026-07-01
TCL,"TCL 55V6C-UK 55"" 4K Ultra HD, HDR TV, Smart TV Powered by Google TV (Dolby Audio, Voice Control, compatible with Google assistant, Chromecast built-in, 2025 New Model)",https://www.amazon.co.uk/dp/B0DPM31FH8,55.0,,,,,Amazon,GB,2026-09-02T08:44:13Z,B0DPM31FH8,,,,,
TCL,"TCL 50V5C-UK 50Inch Full HD Smart QLED Direct LED TV with Android TV​ and HDR - Compatible with Google Cast and Google Home, Slim Design",https://www.amazon.co.uk/dp/B0FVFW9CZS,50.0,266.36,229.0,GBP,266.36,Amazon,GB,2026-09-02T08:44:13Z,B0FVFW9CZS,,,,,2026-07-01
Sony,"Sony BRAVIA 7 II True RGB 55 Inch TV, 4K Smart TV (Google TV), RGB LED, XR Processor with AI Technology, 120hz Television with Dolby Vision/Atmos, PS5 compatibility, 55XR75M2, 2026 Model",https://www.amazon.co.uk/dp/B0H2KCGB73,55.0,1976.2,1699.0,GBP,1976.2,Amazon,GB,2026-09-02T08:44:13Z,B0H2KCGB73,,,,,2026-07-01
LG,"TV LG evo AI C5 (2025) 65"" OLED 4K UHD - OLED65C56LB",https://www.amazon.co.uk/dp/B0FJ6V6BZ4,65.0,1952.76,1678.85,GBP,1952.76,Amazon,GB,2026-09-02T08:44:13Z,B0FJ6V6BZ4,,,,,2026-07-01
LG,LG TV MRGB AI 2026 | 55MRGB88 | 55 inches (139 cm),https://www.amazon.co.uk/dp/B0GWFF6GPF,55.0,,,,,Amazon,GB,2026-09-02T08:44:13Z,B0GWFF6GPF,,,,,
LG,"LG OLED65C54LA 65"" 4K Ultra HD HDR OLED Smart TV",https://www.amazon.co.uk/dp/B0FQP6YQJG,65.0,1766.78,1518.95,GBP,1766.78,Amazon,GB,2026-09-02T08:44:13Z,B0FQP6YQJG,,,,,2026-07-01
LG,"LG 42C44LA 4K Ultra HD OLED AMD FreeSync 42"" Smart TV",https://www.amazon.co.uk/dp/B0D671ZZXL,42.0,1430.2,1229.59,GBP,1430.2,Amazon,GB,2026-09-02T08:44:13Z,B0D671ZZXL,,,,,2026-07-01
LG,LG OLED TV Evo OLED48C54LA 48.4K UHD 144Hz Dolby Atmos HDR10 Smart Wi-FI 6 AirPlay 2,https://www.amazon.co.uk/dp/B0F74MGW2D,48.0,,,,,Amazon,GB,2026-09-02T08:44:13Z,B0F74MGW2D,,,,,
LG,LG TV OLED evo OLED42C54LA 42 4K Dolby Atmos G-SYNC FreeSync Smart TV,https://www.amazon.co.uk/dp/B0FQP7K879,42.0,,,,,Amazon,GB,2026-09-02T08:44:13Z,B0FQP7K879,,,,,
LG,"LG Electronics, NanoCell TV",https://www.amazon.co.uk/dp/B0873NLP8N,65.0,,,,,Amazon,GB,2026-09-02T08:44:13Z,B0873NLP8N,,,,,
LG,"LG OLED48C55LA 48-Inch OLEDevo AI 4K UHD Smart TV bundle US60T Bluetooth Soundbar 3.1 channel, 340W",https://www.amazon.co.uk/dp/B0F7XZ585T,48.0,1335.3,1148.0,GBP,1335.3,Amazon,GB,2026-09-02T08:44:13Z,B0F7XZ585T,,,,,2026-07-01
LG,TV LG OLED evo G4 55 Inch 4K UHD - OLED55G45LW,https://www.amazon.co.uk/dp/B0CY5RGZF4,55.0,2200.45,1891.79,GBP,2200.45,Amazon,GB,2026-09-02T08:44:13Z,B0CY5RGZF4,,,,,2026-07-01
LG,"LG OLED55G56LS.AEU, OLED 4K, Intelligent Processor, 11 AI Processor 4K Gen2, Smart TV, DVB-T2 (H.265), Rocky Black",https://www.amazon.co.uk/dp/B0FTTMD4DB,55.0,1789.97,1538.89,GBP,1789.97,Amazon,GB,2026-09-02T08:44:13Z,B0FTTMD4DB,,,,,2026-07-01
LG,"LG 86UN85006LA 217cm (86"") UHD TV (4K, Triple Tuner (DVB-T2/T,-C,-S2/S), Dolby Vision, Dolby Atmos, Cinema HDR, 100Hz, Smart TV) [Model Year 2020]",https://www.amazon.co.uk/dp/B084XSJ66N,86.0,,,,,Amazon,GB,2026-09-02T08:44:13Z,B084XSJ66N,,,,,
LG,LG TV MRGB AI 2026 | 65MRGB88 | 65 inches (164 cm),https://www.amazon.co.uk/dp/B0GWFRFQZK,65.0,,,,,Amazon,GB,2026-09-02T08:44:13Z,B0GWFRFQZK,,,,,
LG,"LG 43QNED82A6B 43"" 4K Ultra HD LED HDR Edge-LED Smart TV QNED",https://www.amazon.co.uk/dp/B0F2269H9B,43.0,,,,,Amazon,GB,2026-09-02T08:44:13Z,B0F2269H9B,,,,,
LG,"LG 65QNED80A6A 65-Inch QNED AI 4K UHD Smart TV bundle with X02 Portable Bluetooth Multi-Directional Speaker, 15H Battery Life, IP55 Waterproof",https://www.amazon.co.uk/dp/B0GH7QCC98,65.0,884.43,760.37,GBP,884.43,Amazon,GB,2026-09-02T08:44:13Z,B0GH7QCC98,,,,,2026-07-01
LG,"LG 55QNED866RE_AEK 55"" 4K Smart QNED TV, (Pack Of 1)",https://www.amazon.co.uk/dp/B0BYZKGTNF,55.0,,,,,Amazon,GB,2026-09-02T08:44:13Z,B0BYZKGTNF,,,,,
LG,"LG OLED83C64LA 83-Inch OLED evo AI 4K UHD Smart TV bundle with US40T Soundbar with Wireless Subwoofer & WOW Interface 2.1 channel, 300W",https://www.amazon.co.uk/dp/B0GVDNV5W5,83.0,4836.4,4158.0,GBP,4836.4,Amazon,GB,2026-09-02T08:44:13Z,B0GVDNV5W5,,,,,2026-07-01
LG,"LG TV 48"" OLED48C46LA 4K UHD EVO C4 SMART TV WEBOS24",https://www.amazon.co.uk/dp/B0D54XF4N9,48.0,1154.4,992.47,GBP,1154.4,Amazon,GB,2026-09-02T08:44:13Z,B0D54XF4N9,,,,,2026-07-01
LG,"LG 65UA75006LA 65"" 4K UHD AI TV (α7 Gen8 4K AI Processor, WebOS 25, 60Hz) Model Year 2025",https://www.amazon.co.uk/dp/B0F2GL2LXJ,65.0,,,,,Amazon,GB,2026-09-02T08:44:13Z,B0F2GL2LXJ,,,,,
LG,"Smart TV 43"" UHD 4K LG 43UP751C",https://www.amazon.co.uk/dp/B09N7NDZXR,43.0,312.89,269.0,GBP,312.89,Amazon,GB,2026-09-02T08:44:13Z,B09N7NDZXR,,,,,2026-07-01
LG,LG 75NANO90A6B (2025) 75-Inch NanoCell AI 4K UHD HDR Smart TV bundle with US20A Bluetooth Soundbar 2.0 Channel,https://www.amazon.co.uk/dp/B0GQTH6PGL,75.0,931.68,800.99,GBP,931.68,Amazon,GB,2026-09-02T08:44:13Z,B0GQTH6PGL,,,,,2026-07-01
LG,"LG 75QNED93A6A TV 75 inch (175cm), 4K QNED EVO, Smart TV, WebOS 25, Powerful and Intelligent Processor, MiniLED AI, Super Upscaling, Dolby Vision and Atmos, Alexa/Google Assistant",https://www.amazon.co.uk/dp/B0F2GFTZ2P,75.0,1859.76,1598.89,GBP,1859.76,Amazon,GB,2026-09-02T08:44:13Z,B0F2GFTZ2P,,,,,2026-07-01
LG,LG 50QNED70B6C - Smart TV 50 Inch 4K QNED DVB-T2 HEVC/H.265 Wifi Black Energy Class F,https://www.amazon.co.uk/dp/B0H36SHKPF,50.0,851.66,732.2,GBP,851.66,Amazon,GB,2026-09-02T08:44:13Z,B0H36SHKPF,,,,,2026-07-01
LG,"LG OLED77C65LA 77-Inch OLED evo AI 4K UHD Smart TV bundle with XO2 Portable Bluetooth Multi-Directional Speaker, 15H Battery Life, IP55 Waterproof",https://www.amazon.co.uk/dp/B0GVDGR4WD,77.0,3443.37,2960.37,GBP,3443.37,Amazon,GB,2026-09-02T08:44:13Z,B0GVDGR4WD,,,,,2026-07-01
LG,"LG OLED42C35LA 42"", 4K OLED EVO, Smart TV, webOS23, maximum power processor, Dolby Vision, Dolby Atmos, Gaming, Alexa/Google Assistant",https://www.amazon.co.uk/dp/B0C1H8GN1J,42.0,1430.2,1229.59,GBP,1430.2,Amazon,GB,2026-09-02T08:44:13Z,B0C1H8GN1J,,,,,2026-07-01
LG,"LG 32LJ510B - 32"" HD READY LED TELEVISION",https://www.amazon.co.uk/dp/B0777SDYRC,32.0,823.51,708.0,GBP,823.51,Amazon,GB,2026-09-02T08:44:13Z,B0777SDYRC,,,,,2026-07-01
LG,LG 2024 OLED TV | OLED55B4 | 55'' (139 cm) | OLED| α8 AI 4K Processor | Dolby Vision & Atmos | Alexa,https://www.amazon.co.uk/dp/B0D54N4TR6,55.0,1430.2,1229.59,GBP,1430.2,Amazon,GB,2026-09-02T08:44:13Z,B0D54N4TR6,,,,,2026-07-01
LG,"LG OLED77C65LA 77-Inch OLED evo AI 4K UHD Smart TV bundle with US95AR Home Cinema Soundbar 9.1 channel, Dolby Atmos and Rear Speakers, 810W",https://www.amazon.co.uk/dp/B0H1X4BLR8,77.0,4302.5,3698.99,GBP,4302.5,Amazon,GB,2026-09-02T08:44:13Z,B0H1X4BLR8,,,,,2026-07-01
LG,LG OLED TV Evo OLED48C54LA 48.4K UHD 144Hz Dolby Atmos HDR10 Smart Wi-FI 6 AirPlay 2,https://www.amazon.co.uk/dp/B0FQP2W4Z4,48.0,1430.2,1229.59,GBP,1430.2,Amazon,GB,2026-09-02T08:44:13Z,B0FQP2W4Z4,,,,,2026-07-01
LG,"LG 50UQ70006LB 50"""" 4K Uq7000 Hdr Smart Led TV",https://www.amazon.co.uk/dp/B09ZV53KKV,50.0,417.57,359.0,GBP,417.57,Amazon,GB,2026-09-02T08:44:13Z,B09ZV53KKV,,,,,2026-07-01
LG,"LG 43UA75006LA 43-Inch 4K UHD Smart TV bundle with US20A Soundbar with built-in subwoofers & WOW Interface 2.0 channel, 50W",https://www.amazon.co.uk/dp/B0GVF7YHJJ,43.0,361.73,310.99,GBP,361.73,Amazon,GB,2026-09-02T08:44:13Z,B0GVF7YHJJ,,,,,2026-07-01
LG,"LG 75QNED86T6A TV 75 Inch (190 cm) QNED TV (α8 4K AI Processor, webOS 24, HDR10, up to 120 Hz) [Model Year 2024]",https://www.amazon.co.uk/dp/B0CYQ18M44,75.0,1560.48,1341.59,GBP,1560.48,Amazon,GB,2026-09-02T08:44:13Z,B0CYQ18M44,,,,,2026-07-01
LG,"LG 86QNED80T6A 86"", 4K QNED, Smart TV, HDR10, WebOS24, 80 Series, Powerful and Smart Processor, Dolby Digital Plus, Alexa/Google Assistant, Black",https://www.amazon.co.uk/dp/B0CYH86DTK,86.0,2133.22,1833.99,GBP,2133.22,Amazon,GB,2026-09-02T08:44:13Z,B0CYH86DTK,,,,,2026-07-01
LG,"TV LG Led QNED evo AI QNED86 2025 43"" Edge-LED 4K Ultra HD",https://www.amazon.co.uk/dp/B0F227BJW3,43.0,785.93,675.69,GBP,785.93,Amazon,GB,2026-09-02T08:44:13Z,B0F227BJW3,,,,,2026-07-01
LG,"LG OLED65C65LA 65-Inch OLED evo AI 4K UHD Smart TV bundle with XO2 Portable Bluetooth Multi-Directional Speaker, 15H Battery Life, IP55 Waterproof",https://www.amazon.co.uk/dp/B0GVDKLF24,65.0,2629.16,2260.37,GBP,2629.16,Amazon,GB,2026-09-02T08:44:13Z,B0GVDKLF24,,,,,2026-07-01
LG,"LG OLED55G54LW - 55"" OLED EVO 4K, Smart TV AI G5, WebOS 25, Super Upscaling, Dolby Vision and Dolby Atmos, AMD FreeSync, Alexa/Google Assistant, Black",https://www.amazon.co.uk/dp/B0F3D88VP6,55.0,,,,,Amazon,GB,2026-09-02T08:44:13Z,B0F3D88VP6,,,,,
LG,"LG RZ17LZ50 17"" HD Ready LCD television, stereo",https://www.amazon.co.uk/dp/B000AQMMFA,17.0,465.46,400.17,GBP,465.46,Amazon,GB,2026-09-02T08:44:13Z,B000AQMMFA,,,,,2026-07-01
LG,"LG LED UR80 75"" 4K Smart TV, 2023",https://www.amazon.co.uk/dp/B0BYKC4WC9,75.0,,,,,Amazon,GB,2026-09-02T08:44:13Z,B0BYKC4WC9,,,,,
LG,LG OLED48C55LA 48-Inch OLEDevo AI 4K UHD Smart TV bundle with US40T Bluetooth Soundbar 2.1 Channel (Wireless Subwoofer),https://www.amazon.co.uk/dp/B0GQTJZR7L,48.0,1288.78,1108.0,GBP,1288.78,Amazon,GB,2026-09-02T08:44:13Z,B0GQTJZR7L,,,,,2026-07-01
LG,"LG 55"" 55C44LA 4K Ultra HD OLED AMD FreeSync Smart TV",https://www.amazon.co.uk/dp/B0D66YSRL9,55.0,1703.66,1464.69,GBP,1703.66,Amazon,GB,2026-09-02T08:44:13Z,B0D66YSRL9,,,,,2026-07-01
LG,LG 43QNED70A6A 43-Inch 4K UHD Smart TV bundle with xboom Grab Portable Bluetooth Speaker,https://www.amazon.co.uk/dp/B0G7YDFC2H,43.0,417.56,358.99,GBP,417.56,Amazon,GB,2026-09-02T08:44:13Z,B0G7YDFC2H,,,,,2026-07-01
LG,"LG OLED65C55LA 65-Inch OLEDevo AI 4K UHD Smart TV bundle US60T Bluetooth Soundbar 3.1 channel, 340W",https://www.amazon.co.uk/dp/B0F7Y428FX,65.0,1975.04,1698.0,GBP,1975.04,Amazon,GB,2026-09-02T08:44:13Z,B0F7Y428FX,,,,,2026-07-01
LG,"LG OLED48C55LA 48-Inch OLEDevo AI 4K UHD Smart TV bundle with X02 Portable Bluetooth Multi-Directional Speaker, 15H Battery Life, IP55 Waterproof",https://www.amazon.co.uk/dp/B0GH7THF1F,48.0,1175.22,1010.37,GBP,1175.22,Amazon,GB,2026-09-02T08:44:13Z,B0GH7THF1F,,,,,2026-07-01
LG,LG TV QNED 2024 | 65QNED86T | 65'' (164 cm) | QNED | α8 AI 4K Processor | Alexa,https://www.amazon.co.uk/dp/B0DGGZCZKQ,65.0,1215.49,1044.99,GBP,1215.49,Amazon,GB,2026-09-02T08:44:13Z,B0DGGZCZKQ,,,,,2026-07-01
LG,LG OLED65C55LA 65-Inch OLEDevo AI 4K UHD Smart TV bundle with US40T Bluetooth Soundbar 2.1 Channel (Wireless Subwoofer),https://www.amazon.co.uk/dp/B0GQTT7G7S,65.0,1928.51,1658.0,GBP,1928.51,Amazon,GB,2026-09-02T08:44:13Z,B0GQTT7G7S,,,,,2026-07-01
LG,"LG 86QNED80A6A 86-Inch QNED AI 4K UHD Smart TV bundle with X02 Portable Bluetooth Multi-Directional Speaker, 15H Battery Life, IP55 Waterproof",https://www.amazon.co.uk/dp/B0GH7J7V67,86.0,2163.9,1860.37,GBP,2163.9,Amazon,GB,2026-09-02T08:44:13Z,B0GH7J7V67,,,,,2026-07-01
LG,"LG 50QNED85B6B 50-Inch QNED evo MiniLED AI 4K UHD Smart TV bundle with XO2 Portable Bluetooth Multi-Directional Speaker, 15H Battery Life, IP55 Waterproof",https://www.amazon.co.uk/dp/B0GVD8FY53,50.0,826.27,710.37,GBP,826.27,Amazon,GB,2026-09-02T08:44:13Z,B0GVD8FY53,,,,,2026-07-01
LG,"LG OLED55C65LA 55-Inch OLED evo AI 4K UHD Smart TV bundle with US40TR Soundbar with Wireless Subwoofer & Surround Sound 4.1 channel, 400W",https://www.amazon.co.uk/dp/B0GVDTF3FN,55.0,2120.36,1822.94,GBP,2120.36,Amazon,GB,2026-09-02T08:44:13Z,B0GVDTF3FN,,,,,2026-07-01
LG,"LG OLED65C65LA 65-Inch OLED evo AI 4K UHD Smart TV bundle with US60T Soundbar with Cinematic Sound & WOW Interface 3.1 channel, 340W",https://www.amazon.co.uk/dp/B0GVDRNCYF,65.0,2789.25,2398.0,GBP,2789.25,Amazon,GB,2026-09-02T08:44:13Z,B0GVDRNCYF,,,,,2026-07-01
LG,LG 43QNED70B6C - Smart TV 43 Inch 4K 3840 x 2160 pixels QNED DVB-T2 Wifi HEVC/H.265 Energy Class F,https://www.amazon.co.uk/dp/B0H3717ZS4,43.0,765.87,658.44,GBP,765.87,Amazon,GB,2026-09-02T08:44:13Z,B0H3717ZS4,,,,,2026-07-01
LG,"LG Ultimate AI 50UA75006LA UHD Smart TV - 50"" (127cm) 4K UHD, HDR10 Pro, webOS 25, α7 Gen8, Dolby Digital Plus, VRR, HDMI x3",https://www.amazon.co.uk/dp/B0FQTVDWGK,50.0,799.77,687.59,GBP,799.77,Amazon,GB,2026-09-02T08:44:13Z,B0FQTVDWGK,,,,,2026-07-01
LG,"LG 65UT73006LA 65"", UHD 4K, UT73 Series, Smart TV, WebOS24, A5 Processor, HDR10, Dolby Digital Plus, SmartTV, 3840 x 2160, Black",https://www.amazon.co.uk/dp/B0CY5K2ZGP,65.0,861.19,740.39,GBP,861.19,Amazon,GB,2026-09-02T08:44:13Z,B0CY5K2ZGP,,,,,2026-07-01
LG,"LG OLED42C65LA 42-Inch OLED evo AI 4K UHD Smart TV bundle with US70TR Home Cinema Soundbar 5.1 channel, Dolby Atmos and Rear Speakers, 500W",https://www.amazon.co.uk/dp/B0GVDL2D8S,42.0,1731.89,1488.96,GBP,1731.89,Amazon,GB,2026-09-02T08:44:13Z,B0GVDL2D8S,,,,,2026-07-01
LG,"LG OLED55C65LA 55-Inch OLED evo AI 4K UHD Smart TV bundle with XO2 Portable Bluetooth Multi-Directional Speaker, 15H Battery Life, IP55 Waterproof",https://www.amazon.co.uk/dp/B0GVDHHJYN,55.0,1931.27,1660.37,GBP,1931.27,Amazon,GB,2026-09-02T08:44:13Z,B0GVDHHJYN,,,,,2026-07-01
LG,LG 65QNED70A6A (2025) 65-Inch QNED AI 4K UHD HDR Smart TV bundle with US20A Bluetooth Soundbar 2.0 Channel,https://www.amazon.co.uk/dp/B0GQV2134F,65.0,755.66,649.66,GBP,755.66,Amazon,GB,2026-09-02T08:44:13Z,B0GQV2134F,,,,,2026-07-01
LG,"LG 65QNED91T6A 65"" QNED MiniLED TV (4K α8 AI processor, Dolby Vision, up to 120Hz), model year 2024",https://www.amazon.co.uk/dp/B0CYPZP954,65.0,2133.22,1833.99,GBP,2133.22,Amazon,GB,2026-09-02T08:44:13Z,B0CYPZP954,,,,,2026-07-01
LG,"LG OLED77C65LA 77-Inch OLED evo AI 4K UHD Smart TV bundle with US40T Soundbar with Wireless Subwoofer & WOW Interface 2.1 channel, 300W",https://www.amazon.co.uk/dp/B0GVDRPYLJ,77.0,3556.93,3058.0,GBP,3556.93,Amazon,GB,2026-09-02T08:44:13Z,B0GVDRPYLJ,,,,,2026-07-01
LG,LG OLED65G66LS – 65 Inch Smart TV 4K DVB-T2 HEVC/H.265 OLED Wifi Energy Class E,https://www.amazon.co.uk/dp/B0H36VQ8P1,65.0,3662.73,3148.96,GBP,3662.73,Amazon,GB,2026-09-02T08:44:13Z,B0H36VQ8P1,,,,,2026-07-01
LG,"LG 65UA75006LA UHD UA75 4K Smart TV, α7 AI Processor Gen8, 60Hz, HDR10, Filmmaker Mode™, Google Cast, Apple AirPlay 2, Model Year 2025 [Energy Class G]",https://www.amazon.co.uk/dp/B0HDPCYXJK,65.0,574.59,493.99,GBP,574.59,Amazon,GB,2026-09-02T08:44:13Z,B0HDPCYXJK,,,,,2026-07-01
LG,"LG OLED65C65LA 65-Inch OLED evo AI 4K UHD Smart TV bundle with US40T Soundbar with Wireless Subwoofer & WOW Interface 2.1 channel, 300W",https://www.amazon.co.uk/dp/B0GVDH8Q2G,65.0,2742.72,2358.0,GBP,2742.72,Amazon,GB,2026-09-02T08:44:13Z,B0GVDH8Q2G,,,,,2026-07-01
LG,Lg 48c44la 48´´ 4k Oled Tv One Size,https://www.amazon.co.uk/dp/B0D671PGJM,48.0,1430.2,1229.59,GBP,1430.2,Amazon,GB,2026-09-02T08:44:13Z,B0D671PGJM,,,,,2026-07-01
LG,LG 65QNED80A6A 65-Inch 4K UHD Smart TV bundle with xboom Grab Portable Bluetooth Speaker,https://www.amazon.co.uk/dp/B0G7XWSCC3,65.0,904.94,778.0,GBP,904.94,Amazon,GB,2026-09-02T08:44:13Z,B0G7XWSCC3,,,,,2026-07-01
LG,LG 42LV550T 42-inch Widescreen Full HD 1080p 100Hz LED Smart TV with Freeview HD,https://www.amazon.co.uk/dp/B004ZC3JAC,42.0,666.34,572.87,GBP,666.34,Amazon,GB,2026-09-02T08:44:13Z,B004ZC3JAC,,,,,2026-07-01
LG,"LG OLED42C65LA 42-Inch OLED evo AI 4K UHD Smart TV bundle with US40TR Soundbar with Wireless Subwoofer & Surround Sound 4.1 channel, 400W",https://www.amazon.co.uk/dp/B0GVDHCJYZ,42.0,1422.47,1222.94,GBP,1422.47,Amazon,GB,2026-09-02T08:44:13Z,B0GVDHCJYZ,,,,,2026-07-01
LG,LG 43QNED70A6A (2025) 43-Inch QNED AI 4K UHD HDR Smart TV bundle with US40T Bluetooth Soundbar 2.1 Channel (Wireless Subwo...,https://www.amazon.co.uk/dp/B0GQV35CVD,43.0,510.61,438.99,GBP,510.61,Amazon,GB,2026-09-02T08:44:13Z,B0GQV35CVD,,,,,2026-07-01
LG,"LG OLED42C65LA 42-Inch OLED evo AI 4K UHD Smart TV bundle with XO2 Portable Bluetooth Multi-Directional Speaker, 15H Battery Life, IP55 Waterproof",https://www.amazon.co.uk/dp/B0GVDGZK18,42.0,1233.38,1060.37,GBP,1233.38,Amazon,GB,2026-09-02T08:44:13Z,B0GVDGZK18,,,,,2026-07-01
LG,LG 55QNED70A6A (2025) 55-Inch QNED AI 4K UHD HDR Smart TV bundle with US40T Bluetooth Soundbar 2.1 Channel (Wireless Subwo...,https://www.amazon.co.uk/dp/B0GQTLKH7Q,55.0,697.34,599.52,GBP,697.34,Amazon,GB,2026-09-02T08:44:13Z,B0GQTLKH7Q,,,,,2026-07-01
LG,"LG 49"" LED-TV, UHD - 4K, HDR10, Voice Control - 49UN73906LE.AEU, 2021",https://www.amazon.co.uk/dp/B086G5Y2J1,49.0,,,,,Amazon,GB,2026-09-02T08:44:13Z,B086G5Y2J1,,,,,
LG,LG 55QNED70A6A 55-Inch 4K UHD Smart TV bundle with xboom Grab Portable Bluetooth Speaker,https://www.amazon.co.uk/dp/B0G7YGQRP4,55.0,604.28,519.52,GBP,604.28,Amazon,GB,2026-09-02T08:44:13Z,B0G7YGQRP4,,,,,2026-07-01
LG,"LG 43QNED70A6A (2025) 43-Inch QNED AI 4K UHD HDR Smart TV bundle with US60T Bluetooth Soundbar 3.1 channel, 340W",https://www.amazon.co.uk/dp/B0GQTQ1YHM,43.0,557.14,478.99,GBP,557.14,Amazon,GB,2026-09-02T08:44:13Z,B0GQTQ1YHM,,,,,2026-07-01
LG,LG 50QNED80A6A (2025) 50-Inch QNED AI 4K UHD HDR Smart TV bundle with US40T Bluetooth Soundbar 2.1 Channel (Wireless Subwo...,https://www.amazon.co.uk/dp/B0GQTDV33W,50.0,649.04,558.0,GBP,649.04,Amazon,GB,2026-09-02T08:44:13Z,B0GQTDV33W,,,,,2026-07-01
LG,"LG OLED48C65LA 48-Inch OLED evo AI 4K UHD Smart TV bundle with US40T Soundbar with Wireless Subwoofer & WOW Interface 2.1 channel, 300W",https://www.amazon.co.uk/dp/B0GVDKZDL8,48.0,1579.57,1358.0,GBP,1579.57,Amazon,GB,2026-09-02T08:44:13Z,B0GVDKZDL8,,,,,2026-07-01
LG,"LG QNED 65QNED80T6A 165.1 cm (65"") 4K Ultra HD Smart TV Wi-Fi Blue",https://www.amazon.co.uk/dp/B0D77P2RQ7,65.0,1143.95,983.49,GBP,1143.95,Amazon,GB,2026-09-02T08:44:13Z,B0D77P2RQ7,,,,,2026-07-01
LG,"LG OLED48C65LA 48-Inch OLED evo AI 4K UHD Smart TV bundle with US70TR Home Cinema Soundbar 5.1 channel, Dolby Atmos and Rear Speakers, 500W",https://www.amazon.co.uk/dp/B0GVDHGN3Z,48.0,1964.52,1688.96,GBP,1964.52,Amazon,GB,2026-09-02T08:44:13Z,B0GVDHGN3Z,,,,,2026-07-01
LG,"LG OLED55C65LA 55-Inch OLED evo AI 4K UHD Smart TV bundle with US40T Soundbar with Wireless Subwoofer & WOW Interface 2.1 channel, 300W",https://www.amazon.co.uk/dp/B0GVDGBY3T,55.0,2044.83,1758.0,GBP,2044.83,Amazon,GB,2026-09-02T08:44:13Z,B0GVDGBY3T,,,,,2026-07-01
LG,Lg Oled65g45lw 65´´ 4k Oled Tv Europe PAL,https://www.amazon.co.uk/dp/B0CY5N2QKV,65.0,3030.82,2605.69,GBP,3030.82,Amazon,GB,2026-09-02T08:44:13Z,B0CY5N2QKV,,,,,2026-07-01
LG,"LG OLED42C65LA 42-Inch OLED evo AI 4K UHD Smart TV bundle with US60T Soundbar with Cinematic Sound & WOW Interface 3.1 channel, 340W",https://www.amazon.co.uk/dp/B0GVDGSKK9,42.0,1393.46,1198.0,GBP,1393.46,Amazon,GB,2026-09-02T08:44:13Z,B0GVDGSKK9,,,,,2026-07-01
LG,"LG OLED48C65LA 48-Inch OLED evo AI 4K UHD Smart TV bundle with US40TR Soundbar with Wireless Subwoofer & Surround Sound 4.1 channel, 400W",https://www.amazon.co.uk/dp/B0GVDGQTJZ,48.0,1655.1,1422.94,GBP,1655.1,Amazon,GB,2026-09-02T08:44:13Z,B0GVDGQTJZ,,,,,2026-07-01
LG,"LG OLED48C65LA 48-Inch OLED evo AI 4K UHD Smart TV bundle with XO2 Portable Bluetooth Multi-Directional Speaker, 15H Battery Life, IP55 Waterproof",https://www.amazon.co.uk/dp/B0GVDP23XP,48.0,1466.01,1260.37,GBP,1466.01,Amazon,GB,2026-09-02T08:44:13Z,B0GVDP23XP,,,,,2026-07-01
LG,"LG OLED48C65LA 48-Inch OLED evo AI 4K UHD Smart TV bundle with US60T Soundbar with Cinematic Sound & WOW Interface 3.1 channel, 340W",https://www.amazon.co.uk/dp/B0GVDD4QK8,48.0,1626.09,1398.0,GBP,1626.09,Amazon,GB,2026-09-02T08:44:13Z,B0GVDD4QK8,,,,,2026-07-01
LG,"LG 32"" Widescreen Flatron Nicam Silver Television",https://www.amazon.co.uk/dp/B0000C77EF,32.0,729.17,626.89,GBP,729.17,Amazon,GB,2026-09-02T08:44:13Z,B0000C77EF,,,,,2026-07-01
LG,"LG OLED42C65LA 42-Inch OLED evo AI 4K UHD Smart TV bundle with US40T Soundbar with Wireless Subwoofer & WOW Interface 2.1 channel, 300W",https://www.amazon.co.uk/dp/B0GVDLMJHZ,42.0,1346.93,1158.0,GBP,1346.93,Amazon,GB,2026-09-02T08:44:13Z,B0GVDLMJHZ,,,,,2026-07-01
Hisense,"Hisense 55"" 55A7QTUK QLED Smart AI TV - 4K Direct Lit Viewing, Quantum Dot Colour, Hi-View AI Engine, Built in Subwoofer, Dolby Vision, Dolby Atmos with with Freely, Disney +, YouTube, Netflix",https://www.amazon.co.uk/dp/B0F7WSRXSH,55.0,464.1,399.0,GBP,464.1,Amazon,GB,2026-09-02T08:44:13Z,B0F7WSRXSH,,,,,2026-07-01
TCL,"TCL 43SF560-UK 43"" Full HD QLED Direct LED Smart TV with Fire TV, Alexa Voice Control, Vivid Colour & Enhanced Brightness",https://www.amazon.co.uk/dp/B0F9PNYPBF,43.0,208.2,179.0,GBP,208.2,Amazon,GB,2026-09-02T08:44:13Z,B0F9PNYPBF,,,,,2026-07-01
TCL,"TCL 43V5C-UK 43Inch Full HD Smart QLED Direct LED TV with Android TV​ and HDR - Compatible with Google Cast and Google Home, Slim Design",https://www.amazon.co.uk/dp/B0FVFS9S7F,43.0,231.47,199.0,GBP,231.47,Amazon,GB,2026-09-02T08:44:13Z,B0FVFS9S7F,,,,,2026-07-01
TCL,"TCL 50T6C-UK 50 Inch QLED 4K HDR TV, Fire TV (Smart TV with Dolby Vision & Atmos, HDR10+, Press & Ask Alexa, 2025 Model)",https://www.amazon.co.uk/dp/B0DW8P6BCG,50.0,324.52,279.0,GBP,324.52,Amazon,GB,2026-09-02T08:44:13Z,B0DW8P6BCG,,,,,2026-07-01
TCL,"TCL 43V6D-UK 43 Inch 4K HDR, Fire TV, HDR10+, Dolby Atmos, DTS:X, Game Master, Motion Clarity, AirPlay 2, Press & Ask Alexa (2026 New Model)",https://www.amazon.co.uk/dp/B0GZPVKBN9,43.0,266.36,229.0,GBP,266.36,Amazon,GB,2026-09-02T08:44:13Z,B0GZPVKBN9,,,,,2026-07-01
TCL,"TCL 43T6C-UK 43 Inch QLED 4K HDR TV, Fire TV (Smart TV with Dolby Vision & Atmos, HDR10+, Press & Ask Alexa, 2025 Model)",https://www.amazon.co.uk/dp/B0DW9833SD,43.0,308.24,265.0,GBP,308.24,Amazon,GB,2026-09-02T08:44:13Z,B0DW9833SD,,,,,2026-07-01
TCL,"TCL 50C7K-UK 50 Inch QD-Mini LED TV, 4K HDR Premium 2000, Smart TV Powered by Google TV (Dolby Vision IQ & Atmos, HVA Panel, 144Hz Motion Clarity Pro, Game Master)",https://www.amazon.co.uk/dp/B0GL921KL1,50.0,580.41,499.0,GBP,580.41,Amazon,GB,2026-09-02T08:44:13Z,B0GL921KL1,,,,,2026-07-01
TCL,"TCL 75C7K-UK 75 Inch QD-Mini LED TV, 4K HDR Premium 3000, Smart TV Powered by Google TV (Dolby Vision IQ & Atmos, CrystGlow HVA Panel, Audio by Bang & Olufsen, 144Hz Motion Clarity Pro, Game Master",https://www.amazon.co.uk/dp/B0HDTT855B,75.0,1278.31,1099.0,GBP,1278.31,Amazon,GB,2026-09-02T08:44:13Z,B0HDTT855B,,,,,2026-07-01
TCL,"TCL 65T6C-UK 65 Inch QLED 4K HDR TV, Fire TV (Smart TV with Dolby Vision & Atmos, HDR10+, Press & Ask Alexa, 2025 Model)",https://www.amazon.co.uk/dp/B0DW8PXV62,65.0,517.6,445.0,GBP,517.6,Amazon,GB,2026-09-02T08:44:13Z,B0DW8PXV62,,,,,2026-07-01
TCL,"TCL 55C6K-UK QD-Mini LED TV, 4K HDR Premium 1000nits, Smart TV Powered by Google TV (Dolby Vision IQ & Atmos, Onkyo 2.1 Sound System, 144Hz Motion Clarity Pro)",https://www.amazon.co.uk/dp/B0H4R1PD9L,55.0,580.41,499.0,GBP,580.41,Amazon,GB,2026-09-02T08:44:13Z,B0H4R1PD9L,,,,,2026-07-01
TCL,"TCL 50Q6C-UK QD-Mini LED TV, 4K HDR Premium 1000nits, Smart TV Powered by Google TV (Dolby Vision IQ & Atmos, 144Hz Motion Clarity Pro,2025 Model)",https://www.amazon.co.uk/dp/B0FKT36J2G,50.0,522.26,449.0,GBP,522.26,Amazon,GB,2026-09-02T08:44:13Z,B0FKT36J2G,,,,,2026-07-01
TCL,"TCL 75C7L-UK 75 Inch SQD-Mini LED TV, 4K HDR 3000 nits and 1,352 dimming zones, Google TV, Dolby Vision & Atmos, Audio by Bang & Olufsen, 144Hz, Apple AirPlay 2 & Alexa (2026 New Model)",https://www.amazon.co.uk/dp/B0GY53BFY3,75.0,1743.57,1499.0,GBP,1743.57,Amazon,GB,2026-09-02T08:44:13Z,B0GY53BFY3,,,,,2026-07-01
Hisense,"Hisense 50 Inch 50A6QTUK 4K Ultra HD Smart AI TV | 4K UHD, Hi-View AI Engine, Precision Colour, AI Smooth Motion and Sports Mode with Freely",https://www.amazon.co.uk/dp/B0F7WH2QM2,50.0,324.52,279.0,GBP,324.52,Amazon,GB,2026-09-02T08:44:13Z,B0F7WH2QM2,,,,,2026-07-01
TCL,"TCL 65P8L-UK 65 Inch QD-Mini LED 4K HDR Ultra HD TV, Smart Google TV (Dolby Vision, HDR10+ & Atmos, 144Hz VRR, FreeSync Premium, Onkyo 2.1 sound, Game Master, Voice Control, 2026 New Model)",https://www.amazon.co.uk/dp/B0GY582KSN,65.0,987.52,849.0,GBP,987.52,Amazon,GB,2026-09-02T08:44:13Z,B0GY582KSN,,,,,2026-07-01
TCL,"TCL 65P7K-UK 65"" QLED 4K Ultra HD HDR Google TV (Google Assistant, Freeview Play, Dolby Atmos, Dolby Vision, HDR10+, 120Hz Game Accelerator, Motion Clarity，2025 Model)",https://www.amazon.co.uk/dp/B0DPM1QW8W,65.0,557.15,479.0,GBP,557.15,Amazon,GB,2026-09-02T08:44:13Z,B0DPM1QW8W,,,,,2026-07-01
TCL,"TCL 43A400PRO-UK 43 Inch NXTVISION QLED Art TV, 4K HDR, Google TV, Frame Design, Dolby Vision, Dolby Audio, AirPlay 2 (2026 New Model)",https://www.amazon.co.uk/dp/B0GYFDBJ93,43.0,696.73,599.0,GBP,696.73,Amazon,GB,2026-09-02T08:44:13Z,B0GYFDBJ93,,,,,2026-07-01
TCL,"TCL 40RS530K 40"" Roku Full HD LED Smart TV",https://www.amazon.co.uk/dp/B0FHWNC3JN,40.0,219.84,189.0,GBP,219.84,Amazon,GB,2026-09-02T08:44:13Z,B0FHWNC3JN,,,,,2026-07-01
TCL,"TCL 40V5D-UK 40 Inch Full HD QLED HDR Smart TV with Fire TV | Direct LED, Apple AirPlay 2, Press & Ask Alexa, Metallic Bezel-Less Design",https://www.amazon.co.uk/dp/B0H7H3HFQZ,40.0,277.99,239.0,GBP,277.99,Amazon,GB,2026-09-02T08:44:13Z,B0H7H3HFQZ,,,,,2026-07-01
TCL,"TCL 50P7K-UK 50"" QLED 4K Ultra HD HDR Google TV (Google Assistant, Freeview Play, Dolby Atmos, Dolby Vision, HDR10+, Motion Clarity，2025 Model)",https://www.amazon.co.uk/dp/B0DPM2CCWQ,50.0,382.68,329.0,GBP,382.68,Amazon,GB,2026-09-02T08:44:13Z,B0DPM2CCWQ,,,,,2026-07-01
TCL,"TCL NXTVISION 55A300W-UK QLED PRO 4K Ultra HD TV, 4K HDR PRO, Matte Screen, Smart TV Powered by Google TV (Dolby Vision IQ & Atmos, 144Hz Motion Clarity Pro, compatible with Google Assistant)",https://www.amazon.co.uk/dp/B0FKT1MNM1,55.0,772.34,664.0,GBP,772.34,Amazon,GB,2026-09-02T08:44:13Z,B0FKT1MNM1,,,,,2026-07-01
TCL,"TCL 65Q7D-UK 65 Inch RGB-Mini LED TV, 4K HDR 2000 nits, 1,344 Precise colour Zones, Google TV, Dolby Vision IQ & Atmos, 2.1 Onkyo, 144Hz, Apple AirPlay 2, Alexa (2026 New Model)",https://www.amazon.co.uk/dp/B0H1C5D26Z,65.0,1510.94,1299.0,GBP,1510.94,Amazon,GB,2026-09-02T08:44:13Z,B0H1C5D26Z,,,,,2026-07-01
TCL,"TCL 75C6KS-UK QD-Mini LED TV, 4K HDR Premium, Powered by Google TV (Dolby Vision & Atmos, Onkyo 2.1 Sound System, Hands-Free Voice Control, Apple AirPlay 2 & Alexa，2025 Model)",https://www.amazon.co.uk/dp/B0F25TH44Q,75.0,,,,,Amazon,GB,2026-09-02T08:44:13Z,B0F25TH44Q,,,,,
TCL,"TCL 98C655K 98-inch 144Hz, QLED Pro Television, 4K Ultra HD, Smart TV Powered by Google TV (Dolby Vision & Atmos, Motion Clarity, Hands-Free Voice Control, Compatible with Google Assistant & Alexa)",https://www.amazon.co.uk/dp/B0D741Y2Y1,98.0,,,,,Amazon,GB,2026-09-02T08:44:13Z,B0D741Y2Y1,,,,,
Hisense,"Hisense 55"" 55E78QTUK PRO 144Hz QLED Smart AI TV - Hi-View AI Engine, 144Hz Game Mode PRO, Dolby Atmos, Quantum Dot Colour with Freely, Disney +, YouTube, Netflix",https://www.amazon.co.uk/dp/B0F7VXCPFZ,55.0,517.6,445.0,GBP,517.6,Amazon,GB,2026-09-02T08:44:13Z,B0F7VXCPFZ,,,,,2026-07-01
Hisense,"Hisense 43"" 43E78QTUK QLED Smart AI TV - 4K Direct Lit Viewing, Quantum Dot Colour, Hi-View AI Engine, Dolby Vision, Dolby Atmos with Freely, Disney +, YouTube, Netflix",https://www.amazon.co.uk/dp/B0F7WM1171,43.0,312.89,269.0,GBP,312.89,Amazon,GB,2026-09-02T08:44:13Z,B0F7WM1171,,,,,2026-07-01
Hisense,"Hisense 50"" 50A7QTUK QLED Smart AI TV - 4K Direct Lit Viewing, Quantum Dot Colour, Hi-View AI Engine, Built in Subwoofer, Dolby Vision, Dolby Atmos with with Freely, Disney +, YouTube, Netflix",https://www.amazon.co.uk/dp/B0F7WCBMJZ,50.0,371.05,319.0,GBP,371.05,Amazon,GB,2026-09-02T08:44:13Z,B0F7WCBMJZ,,,,,2026-07-01
Philips,"PHILIPS Ambilight 43PUS8200 4K LED Smart TV - 43 Inch Display with Pixel Precise, Ultra HD, Titan OS Platform and Dolby Atmos Sound, Works with Alexa and Google Voice Assistant",https://www.amazon.co.uk/dp/B0F24V6J2B,43.0,231.47,199.0,GBP,231.47,Amazon,GB,2026-09-02T08:44:13Z,B0F24V6J2B,,,,,2026-07-01
Hisense,"Hisense 32 Inch 32E5QTUK QLED FHD Smart TV | Quantum Dot Colour, Full HD, Dolby Atmos, Sports Mode and Games Mode",https://www.amazon.co.uk/dp/B0F7WHXDTZ,32.0,212.85,182.99,GBP,212.85,Amazon,GB,2026-09-02T08:44:13Z,B0F7WHXDTZ,,,,,2026-07-01
Hisense,"Hisense 75"" 75U8QTUK MiniLED QLED 165Hz Smart AI TV - Hi-View AI Engine PRO, 165Hz Game Mode Ultra, 4.1.2 Channel, Dolby Atmos, Quantum Dot Colour, Anti-Reflection PRO with Freely, YouTube, Netflix",https://www.amazon.co.uk/dp/B0F7WSVV99,75.0,1859.89,1599.0,GBP,1859.89,Amazon,GB,2026-09-02T08:44:13Z,B0F7WSVV99,,,,,2026-07-01
Samsung,Samsung 43 Inch Crystal UHD U8020F Smart TV,https://www.amazon.co.uk/dp/B0F6VKMDQS,43.0,312.89,269.0,GBP,312.89,Amazon,GB,2026-09-02T08:44:13Z,B0F6VKMDQS,,,,,2026-07-01
Toshiba,"Toshiba UF3F 50 Inch Fire 4K HDR TV, TRU Picture Engine, HDR10, Dolby Vision & Atmos, Sound by Onkyo, DTS Virtual X, Alexa Voice Remote, 2024",https://www.amazon.co.uk/dp/B0DCBX3K54,50.0,329.22,283.04,GBP,329.22,Amazon,GB,2026-09-02T08:44:13Z,B0DCBX3K54,,,,,2026-07-01
Toshiba,"Toshiba 43”UV1563DB 4K Smart VIDAA TV, Ultra HD, HDR10, Freely, Disney+, Prime Video, Netflix, Dolby Audio Processing and Vision, Works with Alexa and Google Assistant, VIDAA Voice 2025",https://www.amazon.co.uk/dp/B0FQNJWQTH,43.0,,,,,Amazon,GB,2026-09-02T08:44:13Z,B0FQNJWQTH,,,,,
Hisense,"Hisense 55A6BGTUK (55 Inch) 4K UHD Smart TV, with Dolby Vision HDR, DTS Virtual X, Youtube, Netflix, Disney +, Freeview Play and Alexa Built-in, Bluetooth and WiFi (2022 NEW), black",https://www.amazon.co.uk/dp/B09ZPWRGN4,55.0,359.42,309.0,GBP,359.42,Amazon,GB,2026-09-02T08:44:13Z,B09ZPWRGN4,,,,,2026-07-01
Hisense,"Hisense 50 Inch 4K QLED Smart TV 50E77NQTUK - Quantum Dot Colour, 4K AI Processor, Dolby Vision Atmos, Smooth Motion, Sports Mode, Vidaa OS with Freely, Youtube, Netflix and Disney+ (2024 Model)",https://www.amazon.co.uk/dp/B0CYQ2JFJW,50.0,325.67,279.99,GBP,325.67,Amazon,GB,2026-09-02T08:44:13Z,B0CYQ2JFJW,,,,,2026-07-01
TCL,"TCL 43P755 4K Ultra HD 43"" LED HDR D-LED Smart TV",https://www.amazon.co.uk/dp/B0D3QQX8YT,43.0,486.77,418.49,GBP,486.77,Amazon,GB,2026-09-02T08:44:13Z,B0D3QQX8YT,,,,,2026-07-01
TCL,"TCL 65P6L - 65 Inch Smart TV 4K LCD DVB-T2 H.264, H.265 Black Energy Class E",https://www.amazon.co.uk/dp/B0H2JKM82C,65.0,,,,,Amazon,GB,2026-09-02T08:44:13Z,B0H2JKM82C,,,,,
TCL,QLED Tcl 75P79K 189cm 4K UHD Brushed Aluminium TV,https://www.amazon.co.uk/dp/B0FR1HH7H9,75.0,1073.7,923.09,GBP,1073.7,Amazon,GB,2026-09-02T08:44:13Z,B0FR1HH7H9,,,,,2026-07-01
TCL,"TCL 32-inch Class 3-Series HD LED Smart Android TV - 32S334, 2021 Model",https://www.amazon.co.uk/dp/B08P4WR6XB,32.0,538.53,462.99,GBP,538.53,Amazon,GB,2026-09-02T08:44:13Z,B08P4WR6XB,,,,,2026-07-01
TCL,TCL 85P89K 85 Inch Smart TV 4K QLED DVB-T2 Wi-Fi H.264 H.265 Energy Class F,https://www.amazon.co.uk/dp/B0FRFYQ3Q9,85.0,1430.2,1229.59,GBP,1430.2,Amazon,GB,2026-09-02T08:44:13Z,B0FRFYQ3Q9,,,,,2026-07-01
Hisense,"Hisense 32 Inch 32E4QTUK FHD LED TV with Freely | Direct Lit LED, Dolby Audio, Natural Colour Enhancer, Games Mode and Sports Mode with Freely",https://www.amazon.co.uk/dp/B0F7WMRWLF,32.0,173.31,149.0,GBP,173.31,Amazon,GB,2026-09-02T08:44:13Z,B0F7WMRWLF,,,,,2026-07-01
Hisense,"Hisense 58 Inch 58E6QTUK 4K Ultra HD Smart AI TV | 4K UHD, Hi-View AI Engine, Precision Colour, AI Smooth Motion and Sports Mode with Freely",https://www.amazon.co.uk/dp/B0F7WCNYLQ,58.0,371.05,319.0,GBP,371.05,Amazon,GB,2026-09-02T08:44:13Z,B0F7WCNYLQ,,,,,2026-07-01
Hisense,"Hisense 40"" 40E4STUK LED Full HD Smart TV with Freely, Netflix, Disney+ and YouTube - Natural Colour Enhancer, Dolby Audio, Share to TV, Noise Reduction, Game Mode, DTS Virtual: X, Smart Home Ready",https://www.amazon.co.uk/dp/B0GV4Y5KHR,40.0,231.47,199.0,GBP,231.47,Amazon,GB,2026-09-02T08:44:13Z,B0GV4Y5KHR,,,,,2026-07-01
Hisense,"Hisense 55 Inch 55E6QTUK 4K Ultra HD Smart AI TV | 4K UHD, Hi-View AI Engine, Precision Colour, AI Smooth Motion and Sports Mode with Freely",https://www.amazon.co.uk/dp/B0F7WQ6P7Y,55.0,371.05,319.0,GBP,371.05,Amazon,GB,2026-09-02T08:44:13Z,B0F7WQ6P7Y,,,,,2026-07-01
Hisense,"Hisense 65 Inch 65E6QTUK 4K Ultra HD Smart AI TV | 4K UHD, Hi-View AI Engine, Precision Colour, AI Smooth Motion and Sports Mode with Freely",https://www.amazon.co.uk/dp/B0F7WJYSN6,65.0,464.1,399.0,GBP,464.1,Amazon,GB,2026-09-02T08:44:13Z,B0F7WJYSN6,,,,,2026-07-01
Hisense,"Hisense 43"" 43E78QTUK PRO 144Hz QLED Smart AI TV - Hi-View AI Engine, 144Hz Game Mode PRO, Dolby Atmos, Quantum Dot Colour with Freely, Disney +, YouTube, Netflix",https://www.amazon.co.uk/dp/B0F7W1WN3P,43.0,368.72,317.0,GBP,368.72,Amazon,GB,2026-09-02T08:44:13Z,B0F7W1WN3P,,,,,2026-07-01
Hisense,"Hisense 65"" 65A85QTUK OLED Smart AI TV - 120Hz Game Mode PRO, Dolby Atmos, Dolby Vision, IMAX Enhanced, Sport Mode, Filmmaker Mode, Infinite Blacks with Freely, Disney +, YouTube, Netflix",https://www.amazon.co.uk/dp/B0F7WVWRDV,65.0,1394.62,1199.0,GBP,1394.62,Amazon,GB,2026-09-02T08:44:13Z,B0F7WVWRDV,,,,,2026-07-01
Hisense,"Hisense 75 Inch 144Hz 4K QLED Smart Gaming TV 75E7NQTUK PRO - Full Array Local Dimming, Dolby Vision Atmos, Freesync, Subwoofer, Vidaa OS with Freely, Youtube, Netflix and Disney+ (2024 Model)",https://www.amazon.co.uk/dp/B0CYLN4FMJ,75.0,871.2,749.0,GBP,871.2,Amazon,GB,2026-09-02T08:44:13Z,B0CYLN4FMJ,,,,,2026-07-01
Hisense,"Hisense 32"" 32S5QTUK Deco TV - Quantum Dot Colour, Dolby Atmos with Freely, Disney +, YouTube, Netflix",https://www.amazon.co.uk/dp/B0GGSH8BQ5,32.0,405.94,349.0,GBP,405.94,Amazon,GB,2026-09-02T08:44:13Z,B0GGSH8BQ5,,,,,2026-07-01
Hisense,"Hisense 32"" 32A4STUK LED Full HD Smart TV with Freely, Netflix, Disney+ and YouTube - Natural Colour Enhancer, Dolby Audio, Share to TV, Noise Reduction, Game Mode, DTS Virtual: X, Smart Home Ready",https://www.amazon.co.uk/dp/B0GV4SLYWB,32.0,217.3,186.82,GBP,217.3,Amazon,GB,2026-09-02T08:44:13Z,B0GV4SLYWB,,,,,2026-07-01
Hisense,"Hisense 58 Inch VIDAA Smart TV 58A6KTUK - Dolby Vision, Pixel Tuning, Voice Remote, Share to TV, and Youtube, Freeview Play, Netflix and Disney (2023 Model), Black",https://www.amazon.co.uk/dp/B0C4Z3L239,58.0,382.68,329.0,GBP,382.68,Amazon,GB,2026-09-02T08:44:13Z,B0C4Z3L239,,,,,2026-07-01
Hisense,"Hisense 55” 55ER8STUK RGB MiniLED 180Hz 4K Ultra HD AI Smart TV with Freely, Netflix, Disney+ and YouTube – Hi-View Ai Engine RGB, Native 180Hz Game Mode, Anti-Reflection & Glare-Free",https://www.amazon.co.uk/dp/B0H1HV2Q1Q,55.0,1278.31,1099.0,GBP,1278.31,Amazon,GB,2026-09-02T08:44:13Z,B0H1HV2Q1Q,,,,,2026-07-01
Hisense,"Hisense 43"" 43E78STUK PRO Hi-QLED 144Hz 4K Ultra HD AI Smart TV with Freely, Netflix, Disney+ and YouTube - Hi-QLED Colour, Built-in Subwoofer, AI Smooth Motion, AMD FreeSync Premium, Filmmaker Mode",https://www.amazon.co.uk/dp/B0GV4YP92R,43.0,522.26,449.0,GBP,522.26,Amazon,GB,2026-09-02T08:44:13Z,B0GV4YP92R,,,,,2026-07-01
Hisense,"Hisense 50"" 50E7STUK Hi-QLED 4K Ultra HD AI Smart TV with Freely, Netflix, Disney+ and YouTube - Hi-QLED Colour, Dolby Vision.Atmos, AI 4K Upscaler, AI Smooth Motion, Game Mode Plus, Filmmaker Mode",https://www.amazon.co.uk/dp/B0GV55WZKH,50.0,464.1,399.0,GBP,464.1,Amazon,GB,2026-09-02T08:44:13Z,B0GV55WZKH,,,,,2026-07-01
Hisense,"Hisense 65"" 65E7QTUK QLED Smart AI TV - 4K Direct Lit Viewing, Quantum Dot Colour, Hi-View AI Engine, Dolby Vision, Dolby Atmos with Freely, Disney +, YouTube, Netflix",https://www.amazon.co.uk/dp/B0F7W1SWVW,65.0,615.31,529.0,GBP,615.31,Amazon,GB,2026-09-02T08:44:13Z,B0F7W1SWVW,,,,,2026-07-01
Hisense,"Hisense 58"" 58A6STUK 4K Ultra HD AI Smart TV with Freely, Netflix, Disney+ and YouTube - AI 4K Upscaler, AI Smooth Motion, Game Mode Plus, Dolby Vision, Voice Control, DTS Virtual: X, Filmmaker Mode",https://www.amazon.co.uk/dp/B0GV4TTH5J,58.0,580.41,499.0,GBP,580.41,Amazon,GB,2026-09-02T08:44:13Z,B0GV4TTH5J,,,,,2026-07-01
Hisense,"Hisense 55"" 55Q8STUK MiniLED 144Hz 4K Ultra HD AI Smart TV with Freely, Netflix, Disney+ and YouTube - Hi-QLED MiniLED, Built-in Subwoofer, Hi-View AI Engine, Hi-QLED Colour, Hands-Free Voice Control",https://www.amazon.co.uk/dp/B0GV513VLX,55.0,929.36,799.0,GBP,929.36,Amazon,GB,2026-09-02T08:44:13Z,B0GV513VLX,,,,,2026-07-01
Hisense,"Hisense 65 Inch 144Hz 4K QLED Smart Gaming TV 65E7NQTUK PRO - Full Array Local Dimming, Dolby Vision Atmos, Freesync, Subwoofer, Vidaa OS with Freely, Youtube, Netflix and Disney+ (2024 Model)",https://www.amazon.co.uk/dp/B0CYLMT8CC,65.0,638.57,549.0,GBP,638.57,Amazon,GB,2026-09-02T08:44:13Z,B0CYLMT8CC,,,,,2026-07-01
Hisense,"Hisense 65"" 65E6STUK 4K Ultra HD AI Smart TV with Freely, Netflix, Disney+ and YouTube - AI 4K Upscaler, AI Smooth Motion, Game Mode Plus, Dolby Vision, Voice Control, DTS Virtual: X, Filmmaker Mode",https://www.amazon.co.uk/dp/B0GV4T4VYK,65.0,533.89,459.0,GBP,533.89,Amazon,GB,2026-09-02T08:44:13Z,B0GV4T4VYK,,,,,2026-07-01
Hisense,"Hisense 65 Inch 144Hz QLED Gaming TV 65E7KQTUK PRO - 144Hz VRR, HDMI 2.1, Freesync Premium, Quantum Dot Colour, VIDAA U7, and Youtube, Freeview Play, Netflix and Disney+ (2023 Model)",https://www.amazon.co.uk/dp/B0C4Z4Y84G,65.0,638.57,549.0,GBP,638.57,Amazon,GB,2026-09-02T08:44:13Z,B0C4Z4Y84G,,,,,2026-07-01
Hisense,"Hisense 75"" 75U7STUK PRO Hi-QLED MiniLED 165Hz 4K Ultra HD AI Smart TV with Freely, Netflix, Disney+ and YouTube - Hi-QLED MiniLED PRO, 2.1.2 Multi-Channel Surround, Anti Reflection & Glare Free",https://www.amazon.co.uk/dp/B0GV4ZDR4Q,75.0,1743.57,1499.0,GBP,1743.57,Amazon,GB,2026-09-02T08:44:13Z,B0GV4ZDR4Q,,,,,2026-07-01
Hisense,"Hisense 65"" 65U8QTUK MiniLED QLED 165Hz Smart AI TV - Hi-View AI Engine PRO, 165Hz Game Mode Ultra, 4.1.2 Channel, Dolby Atmos, Quantum Dot Colour, Anti-Reflection PRO with Freely, YouTube, Netflix",https://www.amazon.co.uk/dp/B0F7WFH1HL,65.0,1278.31,1099.0,GBP,1278.31,Amazon,GB,2026-09-02T08:44:13Z,B0F7WFH1HL,,,,,2026-07-01
Hisense,"Hisense 65 Inch 120Hz OLED Smart TV 65A85NTUK - Dolby Vision IQ, HDR10+ Adaptive, IMAX Enhanced, Hybrid Log-Gamma (HLG), Vidaa OS with Freely, Youtube, Netflix and Disney+ (2024 Model)",https://www.amazon.co.uk/dp/B0DJ6RWJ65,65.0,1178.42,1013.12,GBP,1178.42,Amazon,GB,2026-09-02T08:44:13Z,B0DJ6RWJ65,,,,,2026-07-01
Hisense,"Hisense 65 Inch 4K QLED Smart TV 65E7NQTUK - Quantum Dot Colour, 4K AI Processor, Dolby Vision Atmos, Smooth Motion, Sports Mode, Vidaa OS with Freely, Youtube, Netflix and Disney+ (2024 Model)",https://www.amazon.co.uk/dp/B0CYT7YG7B,65.0,638.57,549.0,GBP,638.57,Amazon,GB,2026-09-02T08:44:13Z,B0CYT7YG7B,,,,,2026-07-01
Hisense,"Hisense 55 Inch 4K QLED Smart TV 55A7NQTUK - Quantum Dot Colour, 4K AI Processor, Dolby Vision Atmos, Smooth Motion, Sports Mode, Vidaa OS with Freely, Youtube, Netflix and Disney+ (2024 Model)",https://www.amazon.co.uk/dp/B0D2ZLBC1M,55.0,,,,,Amazon,GB,2026-09-02T08:44:13Z,B0D2ZLBC1M,,,,,
Hisense,"Hisense 100 Inch 144Hz MiniLED Smart TV 100U7NQTUK - Quantum Dot Colour, Dolby Vision IQ & Atmos, iMax Enhanced, Built-in Subwoofer and Vidaa OS with Freely, Youtube, Netflix and Disney+ (2024 Model)",https://www.amazon.co.uk/dp/B0DB5BZH2G,100.0,3375.34,2901.88,GBP,3375.34,Amazon,GB,2026-09-02T08:44:13Z,B0DB5BZH2G,,,,,2026-07-01
Hisense,"Hisense 55E77HQTUK QLED Gaming Series 55-inch 4K UHD Dolby Vision HDR Smart TV With YouTube, Netflix, Disney + Freeview Play And Alexa Built-in, Bluetooth And WiFi, TUV Certificated (2022 NEW)",https://www.amazon.co.uk/dp/B09ZPVQFK6,55.0,377.29,324.37,GBP,377.29,Amazon,GB,2026-09-02T08:44:13Z,B09ZPVQFK6,,,,,2026-07-01
Hisense,"Hisense 32S5Q - QLED Deco Smart TV 32"", Artistic Design, Dolby Atmos, Morandi White, Central Stand with Style",https://www.amazon.co.uk/dp/B0FSLMYL4W,32.0,342.37,294.35,GBP,342.37,Amazon,GB,2026-09-02T08:44:13Z,B0FSLMYL4W,,,,,2026-07-01
Hisense,"Hisense Laser Cinema PT1, 80-150 inch projection size, LPU tech, 4K, IMAX enhanced, Dolby Vision, Atmos, HDR10+, 2500 lumens brightness, ultra short throw, 3D, 240Hz refresh rate, VIDAA, without",https://www.amazon.co.uk/dp/B0FBW9Q8HZ,150.0,2138.87,1838.85,GBP,2138.87,Amazon,GB,2026-09-02T08:44:13Z,B0FBW9Q8HZ,,,,,2026-07-01
Hisense,"Hisense 40 Inch FHD VIDAA Smart TV 40A4KTUK - Natural Enhancer, HDMI, Share to TV, and Youtube, Freeview Play, Netflix and Disney+ (2023 Model)",https://www.amazon.co.uk/dp/B0C4Z3H35M,40.0,,,,,Amazon,GB,2026-09-02T08:44:13Z,B0C4Z3H35M,,,,,
Hisense,Hisense 55 inch Canvas TV Frame - Teak,https://www.amazon.co.uk/dp/B0FY1FMMHQ,55.0,173.31,149.0,GBP,173.31,Amazon,GB,2026-09-02T08:44:13Z,B0FY1FMMHQ,,,,,2026-07-01
TCL,"TCL 55P7K-UK 55"" QLED 4K Ultra HD HDR Google TV (Google Assistant, Freeview Play, Dolby Atmos, Dolby Vision, HDR10+, 120Hz Game Accelerator, Motion Clarity，2025 Model)",https://www.amazon.co.uk/dp/B0DPM2TXQG,55.0,,,,,Amazon,GB,2026-09-02T08:44:13Z,B0DPM2TXQG,,,,,
TCL,TCL 85T8C-UK 85 Inch 4K 144Hz Gaming QLED Onkyo 2.1 Dolby Atmos Google TV with Dolby Vision & HDR 10+ BBC iPlayer (2025 Mo...,https://www.amazon.co.uk/dp/B0F21KQ5SD,85.0,1103.83,949.0,GBP,1103.83,Amazon,GB,2026-09-02T08:44:13Z,B0F21KQ5SD,,,,,2026-07-01
Philips,"PHILIPS Ambilight 55PUS8200 4K LED Smart TV - 55 Inch Display with Pixel Precise, Ultra HD, Titan OS Platform and Dolby Atmos Sound, Works with Alexa and Google Voice Assistant",https://www.amazon.co.uk/dp/B0F24X53Q7,55.0,312.89,269.0,GBP,312.89,Amazon,GB,2026-09-02T08:44:13Z,B0F24X53Q7,,,,,2026-07-01
TCL,"TCL 55T6C-UK 55 Inch QLED 4K HDR TV, Fire TV (Smart TV with Dolby Vision & Atmos, HDR10+, Press & Ask Alexa, 2025 Model)",https://www.amazon.co.uk/dp/B0DW8PZCHX,55.0,382.68,329.0,GBP,382.68,Amazon,GB,2026-09-02T08:44:13Z,B0DW8PZCHX,,,,,2026-07-01
Toshiba,"Toshiba 50”UV1563DB 4K Smart VIDAA TV, Ultra HD, HDR10, Freely, Disney+, Prime Video, Netflix, Dolby Audio Processing and Vision, Works with Alexa and Google Assistant, VIDAA Voice 2025",https://www.amazon.co.uk/dp/B0FQNJF6W1,50.0,,,,,Amazon,GB,2026-09-02T08:44:13Z,B0FQNJF6W1,,,,,
Hisense,"Hisense Canvas TV QLED 144Hz 55"" 4K 55S7S, Hi-Matte Display, Audio 2.0.2 Tuned by Devialet, VIDAA OS, Dolby Vision IQ, Native 144Hz Game Mode, Art Gallery, 4 HDMI 2.1, Wifi, Bluetooth, AirPlay",https://www.amazon.co.uk/dp/B0H3112112,55.0,1076.2,925.24,GBP,1076.2,Amazon,GB,2026-09-02T08:44:13Z,B0H3112112,,,,,2026-07-01
Hisense,Hisense 85e7nq 85´´ 4k Qled Tv Europe PAL,https://www.amazon.co.uk/dp/B0CXTNZ9BP,85.0,1560.48,1341.59,GBP,1560.48,Amazon,GB,2026-09-02T08:44:13Z,B0CXTNZ9BP,,,,,2026-07-01
Hisense,MINIQLED HISENSE 75U7QPRO,https://www.amazon.co.uk/dp/B0F24F77CN,75.0,1417.29,1218.49,GBP,1417.29,Amazon,GB,2026-09-02T08:44:13Z,B0F24F77CN,,,,,2026-07-01
Hisense,"Hisense Smart TV 75"" 4K Ultra HD 2025 75A6Q, Smart TV VIDAA U8, Dolby Vision, HDR 10, Game Mode Plus, Alexa Built-in, VIDAA Voice, DVB-T2/S2 HEVC 10 Tuner, Lativu 4K",https://www.amazon.co.uk/dp/B0F4DBKHJC,75.0,929.12,798.79,GBP,929.12,Amazon,GB,2026-09-02T08:44:13Z,B0F4DBKHJC,,,,,2026-07-01
Hisense,"Hisense 50A7KQ QLED VIDAA Smart TV, 50-inch, with Quantum Dot Colour, 60Hz VRR, Dolby Vision, Bluetooth and HDMI, Share on TV, Alexa Built-in (2023)",https://www.amazon.co.uk/dp/B0C43WKRTC,50.0,785.93,675.69,GBP,785.93,Amazon,GB,2026-09-02T08:44:13Z,B0C43WKRTC,,,,,2026-07-01
Hisense,"Hisense 65"" 65S7NQTUK Canvas TV & TV Frame - White",https://www.amazon.co.uk/dp/B0G1S968SM,65.0,1300.41,1118.0,GBP,1300.41,Amazon,GB,2026-09-02T08:44:13Z,B0G1S968SM,,,,,2026-07-01
Hisense,TV Hisense 20016068 U8 Series 65U8Q Black,https://www.amazon.co.uk/dp/B0F1WBGQBM,65.0,1594.61,1370.93,GBP,1594.61,Amazon,GB,2026-09-02T08:44:13Z,B0F1WBGQBM,,,,,2026-07-01
Hisense,"Hisense 55"" 55S7NQTUK Canvas TV & TV Frame - White",https://www.amazon.co.uk/dp/B0G1RHDKH4,55.0,1044.51,898.0,GBP,1044.51,Amazon,GB,2026-09-02T08:44:13Z,B0G1RHDKH4,,,,,2026-07-01
Hisense,"Hisense 50A5S - 50"" Full HD LED TV, Smart TV VIDAA U7.6, USB-C Port (Mobile to TV), Dolby Audio & DTS HD, Bluetooth, WiFi,...",https://www.amazon.co.uk/dp/B0GJ5TLQHW,50.0,,,,,Amazon,GB,2026-09-02T08:44:13Z,B0GJ5TLQHW,,,,,
Hisense,Hisense 55 - Inch 4K Smart HDR ULED TV with Freeview HD,https://www.amazon.co.uk/dp/B01GPIM4MC,55.0,,,,,Amazon,GB,2026-09-02T08:44:13Z,B01GPIM4MC,,,,,
Hisense,"Hisense 65A6EGTUK (65 Inch) 4K UHD Smart TV, with Dolby Vision HDR, DTS Virtual X, Youtube, Netflix, Disney +, Freeview Play and Alexa Built-in, Bluetooth and WiFi (2022 NEW), Operating System VIDAA",https://www.amazon.co.uk/dp/B09ZPVFK4T,65.0,,,,,Amazon,GB,2026-09-02T08:44:13Z,B09ZPVFK4T,,,,,
Hisense,"Hisense 58A6K TV 147,3 cm (58"") 4K Ultra HD Smart TV Wifi Noir",https://www.amazon.co.uk/dp/B0C9VQTYVC,58.0,590.29,507.49,GBP,590.29,Amazon,GB,2026-09-02T08:44:13Z,B0C9VQTYVC,,,,,2026-07-01
Hisense,"Hisense TV & Soundbar Bundle: 55A85QTUK OLED TV plus the AX5140Q Soundbar – true-to-life picture quality and 570W audio clarity, perfectly matched",https://www.amazon.co.uk/dp/B0FFGJLM3F,55.0,1626.09,1398.0,GBP,1626.09,Amazon,GB,2026-09-02T08:44:13Z,B0FFGJLM3F,,,,,2026-07-01
Hisense,"Hisense 43E77Q TV 43"" [43] 4K Ul",https://www.amazon.co.uk/dp/B00VSWSBA0,43.0,562.96,483.99,GBP,562.96,Amazon,GB,2026-09-02T08:44:13Z,B00VSWSBA0,,,,,2026-07-01
Hisense,"Hisense 55U8GQTUK Quantum Series 55-inch 1000-nit 4K UHD Dolby Vision HDR Smart TV with YouTube, Freeview Play and Alexa Built-in and IMAX Enhanced, TUV Certificated (2021 NEW)",https://www.amazon.co.uk/dp/B09577Y5DB,55.0,775.42,666.65,GBP,775.42,Amazon,GB,2026-09-02T08:44:13Z,B09577Y5DB,,,,,2026-07-01
Hisense,Hisense 55E7Q,https://www.amazon.co.uk/dp/B0F1MPWV27,55.0,531.09,456.59,GBP,531.09,Amazon,GB,2026-09-02T08:44:13Z,B0F1MPWV27,,,,,2026-07-01
Hisense,Hisense 4K 144Hz Mini-LED TV U7K and AX3120G with 3.1.2 Surround Sound and Dolby Atmos&DTS Virtual X,https://www.amazon.co.uk/dp/B0C5N48CDS,55.0,1007.46,866.14,GBP,1007.46,Amazon,GB,2026-09-02T08:44:13Z,B0C5N48CDS,,,,,2026-07-01
Hisense,"Hisense 43E7Q QLED 43-inch Smart TV, Dolby Vision, Dolby Atmos, Game Plus Mode, 60Hz VRR 120fps, Sport Mode, AI Soft Monitoring, Bluetooth and HDMI 2.1, Alexa Voice Control",https://www.amazon.co.uk/dp/B0F1MSX2W7,43.0,383.13,329.39,GBP,383.13,Amazon,GB,2026-09-02T08:44:13Z,B0F1MSX2W7,,,,,2026-07-01
Hisense,"Hisense 85"" 4K Ultra HD 85A6Q Smart TV VIDAA U8, Dolby Vision, HDR 10, Game Mode Plus, Alexa Built-in, VIDAA Voice, DVB-T2/S2 HEVC 10 Tuner, Lativu 4K",https://www.amazon.co.uk/dp/B0F32QWD5H,85.0,,,,,Amazon,GB,2026-09-02T08:44:13Z,B0F32QWD5H,,,,,
Hisense,Hisense 65E7Q Pro,https://www.amazon.co.uk/dp/B0F1N62VSW,65.0,,,,,Amazon,GB,2026-09-02T08:44:13Z,B0F1N62VSW,,,,,
Hisense,"Hisense 50A6S - 50"" 4K UHD TV, HomeOS U9.5 Smart TV, Dolby Vision HDR, Game Mode Plus (VRR 60Hz), DTS Virtual:X, Alexa Built-in, Black",https://www.amazon.co.uk/dp/B0GJFVQDWB,50.0,531.48,456.93,GBP,531.48,Amazon,GB,2026-09-02T08:44:13Z,B0GJFVQDWB,,,,,2026-07-01
Hisense,Hisense 55 inch Canvas TV Frame - Walnut,https://www.amazon.co.uk/dp/B0FY1H9967,55.0,173.31,149.0,GBP,173.31,Amazon,GB,2026-09-02T08:44:13Z,B0FY1H9967,,,,,2026-07-01
Hisense,"Hisense 32A4K9 32"" LED HD Con Modo Juego y Deportes IA Sonido DTS Alexa Smart TV VIDAA U6",https://www.amazon.co.uk/dp/B0BZF27SK2,32.0,264.85,227.7,GBP,264.85,Amazon,GB,2026-09-02T08:44:13Z,B0BZF27SK2,,,,,2026-07-01
Hisense,Hisense TV & Soundbar Bundle: 55U8QTUK Mini-LED TV plus the HT SATURN Soundbar – the perfect match of Mini-LED technology and deep surround sound,https://www.amazon.co.uk/dp/B0FFMGB3NS,55.0,,,,,Amazon,GB,2026-09-02T08:44:13Z,B0FFMGB3NS,,,,,
Hisense,"Hisense TV & Soundbar Bundle: 75U7QTUK ULED TV plus the HT SATURN Soundbar – bold contrast and brilliant audio, side by side",https://www.amazon.co.uk/dp/B0FFGG4YWJ,75.0,2207.67,1898.0,GBP,2207.67,Amazon,GB,2026-09-02T08:44:13Z,B0FFGG4YWJ,,,,,2026-07-01
Hisense,Hisense 43A69S - Smart TV 43 Inch LED 4K DVB-T2 HEVC/H.265 Wifi Black Energy Class E,https://www.amazon.co.uk/dp/B0H83CB2LF,43.0,436.29,375.09,GBP,436.29,Amazon,GB,2026-09-02T08:44:13Z,B0H83CB2LF,,,,,2026-07-01
Hisense,"Hisense 65U8NQ TV, 164 cm (65 ""), 4K Mini LED ULED HDR, Smart TV, Quantum Dot, 120Hz/144Hz VRR, HDMI 2.1, Game Mode Pro, 2.1.2 Channel Sound, Dolby Vision IQ & Atmos, Charcoal",https://www.amazon.co.uk/dp/B0D35H4YWY,65.0,1430.2,1229.59,GBP,1430.2,Amazon,GB,2026-09-02T08:44:13Z,B0D35H4YWY,,,,,2026-07-01
Hisense,Hisense TV & Soundbar Bundle: 55U8QTUK Mini-LED TV plus the AX5140Q Soundbar – elevate your living room setup with flagship features and immersive sound,https://www.amazon.co.uk/dp/B0FFG8Q44Z,55.0,,,,,Amazon,GB,2026-09-02T08:44:13Z,B0FFG8Q44Z,,,,,
Hisense,"Hisense TV & Soundbar Bundle: 75U7QTUK ULED TV plus the AX5140Q 5.1.2 Channel Soundbar – bold contrast and brilliant audio, side by side",https://www.amazon.co.uk/dp/B0FFGFYDQJ,75.0,1742.41,1498.0,GBP,1742.41,Amazon,GB,2026-09-02T08:44:13Z,B0FFGFYDQJ,,,,,2026-07-01
Hisense,"Hisense Smart TV 55 Inch 4K Ultra HD 2025 55A6Q Dolby Vision, HDR 10, Game Mode Plus, Alexa Built-in, VIDAA Voice, DVB-T2/S2 HEVC 10 Tuner, Lativù 4K, LED",https://www.amazon.co.uk/dp/B0F4D9MLMQ,55.0,,,,,Amazon,GB,2026-09-02T08:44:13Z,B0F4D9MLMQ,,,,,
Hisense,"Hisense 65A6S - TV 4K UHD 65 Inch (164 cm), Smart TV HomeOS U9.5, Dolby Vision HDR, Game Mode Plus (VRR 60Hz), DTS Virtual: X, Alexa Integrated, Black",https://www.amazon.co.uk/dp/B0GJF87VQ6,65.0,,,,,Amazon,GB,2026-09-02T08:44:13Z,B0GJF87VQ6,,,,,
Hisense,"Hisense TV & Soundbar Bundle: 65U7QTUK ULED TV plus the AX5140Q 5.1.2 Channel Soundbar – bold contrast and brilliant audio, side by side",https://www.amazon.co.uk/dp/B0FFGL7K35,65.0,1335.3,1148.0,GBP,1335.3,Amazon,GB,2026-09-02T08:44:13Z,B0FFGL7K35,,,,,2026-07-01
Hisense,Hisense TV & Soundbar Bundle: 65A85QTUK OLED TV plus the AX5140Q Soundbar – ultra-deep blacks and immersive 5.1.2 channel sound for a premium home cinema experience.,https://www.amazon.co.uk/dp/B0FFGNBBS4,65.0,,,,,Amazon,GB,2026-09-02T08:44:13Z,B0FFGNBBS4,,,,,
Hisense,Hisense TV & Soundbar Bundle: 75U8QTUK Mini-LED TV plus the AX5140Q 5.1.2 Channel Soundbar – stunning visuals and premium audio in one high-performance bundle,https://www.amazon.co.uk/dp/B0FFG186YH,75.0,2440.3,2098.0,GBP,2440.3,Amazon,GB,2026-09-02T08:44:13Z,B0FFG186YH,,,,,2026-07-01
Hisense,"Hisense TV & Soundbar Bundle: 50U7QTUK ULED TV plus the AX5140Q 5.1.2 Channel Soundbar – bold contrast and brilliant audio, side by side",https://www.amazon.co.uk/dp/B0FFGFSY6B,50.0,1102.67,948.0,GBP,1102.67,Amazon,GB,2026-09-02T08:44:13Z,B0FFGFSY6B,,,,,2026-07-01
Hisense,Hisense TV & Soundbar Bundle: 65U8QTUK Mini-LED TV plus the AX5140Q Soundbar – a smart pairing for brilliant brightness and full-range cinematic sound,https://www.amazon.co.uk/dp/B0FFGBMTX6,65.0,1858.72,1598.0,GBP,1858.72,Amazon,GB,2026-09-02T08:44:13Z,B0FFGBMTX6,,,,,2026-07-01
Sony,"Sony BRAVIA 3 – Direct LED, X-Balanced Speaker, Dolby Vision/Atmos, IMAX Enhanced, Google TV (2025), Google Cast, Apple AirPlay 2, Eco Dashboard 2, Game Menu 2 – 43-inch",https://www.amazon.co.uk/dp/B0F29KJPSN,43.0,580.41,499.0,GBP,580.41,Amazon,GB,2026-09-02T08:44:13Z,B0F29KJPSN,,,,,2026-07-01
Sony,Sony BRAVIA KD-32W800 - 32-inch - HD Ready (HD) - High Dynamic Range (HDR) - Android TV - (Black),https://www.amazon.co.uk/dp/B0913JZKPB,32.0,322.18,276.99,GBP,322.18,Amazon,GB,2026-09-02T08:44:13Z,B0913JZKPB,,,,,2026-07-01
Sony,"Sony BRAVIA 2 Ⅱ 43 Inch TV, 4K Smart TV (Google TV), X1 Processor, 4K Upscaling, Television with Dolby Atmos and DTS:X, PS5 compatibility, 43S25M2, 2026 Model",https://www.amazon.co.uk/dp/B0GZW6MKPF,43.0,638.57,549.0,GBP,638.57,Amazon,GB,2026-09-02T08:44:13Z,B0GZW6MKPF,,,,,2026-07-01
Sony,"Sony BRAVIA 3 – Direct LED, X-Balanced Speaker, Dolby Vision/Atmos, IMAX Enhanced, Google TV (2025), Google Cast, Apple AirPlay 2, Eco Dashboard 2, Game Menu 2 – 50-inch",https://www.amazon.co.uk/dp/B0F29H8XBP,50.0,813.05,699.0,GBP,813.05,Amazon,GB,2026-09-02T08:44:13Z,B0F29H8XBP,,,,,2026-07-01
Sony,"Sony BRAVIA 7 II True RGB 65 Inch TV, 4K Smart TV (Google TV), RGB LED, XR Processor with AI Technology, 120hz Television with Dolby Vision/Atmos, PS5 compatibility, 65XR75M2, 2026 Model",https://www.amazon.co.uk/dp/B0H2K36ZYB,65.0,2208.83,1899.0,GBP,2208.83,Amazon,GB,2026-09-02T08:44:13Z,B0H2K36ZYB,,,,,2026-07-01
Sony,"Sony BRAVIA 2 Ⅱ 65 Inch TV, 4K Smart TV (Google TV), X1 Processor, 4K Upscaling, Television with Dolby Atmos and DTS:X, PS5 compatibility, 65S25M2, 2026 Model",https://www.amazon.co.uk/dp/B0GZW6Q5JK,65.0,1045.68,899.0,GBP,1045.68,Amazon,GB,2026-09-02T08:44:13Z,B0GZW6Q5JK,,,,,2026-07-01
Sony,"Sony BRAVIA 8A OLED 65 Inch 4K HDR Smart TV, Gaming Features for PlayStation 5 and IMAX Enhanced, Dolby Vision Atmos, Google Cast, Apple AirPlay, 120Hz 65XR8A",https://www.amazon.co.uk/dp/B0FWCYT7DS,65.0,1743.57,1499.0,GBP,1743.57,Amazon,GB,2026-09-02T08:44:13Z,B0FWCYT7DS,,,,,2026-07-01
Sony,"Sony BRAVIA 8A OLED 55 Inch 4K HDR Smart TV, Gaming Features for PlayStation 5 and IMAX Enhanced, Dolby Vision Atmos, Google Cast, Apple AirPlay, 120Hz 55XR8A",https://www.amazon.co.uk/dp/B0FWCYHMWZ,55.0,1743.57,1499.0,GBP,1743.57,Amazon,GB,2026-09-02T08:44:13Z,B0FWCYHMWZ,,,,,2026-07-01
Sony,"Sony BRAVIA 8A OLED 77 Inch 4K HDR Smart TV, Gaming Features for PlayStation 5 and IMAX Enhanced, Dolby Vision Atmos, Google Cast, Apple AirPlay, 120Hz 77XR8A",https://www.amazon.co.uk/dp/B0FWCWWFXJ,77.0,2540.33,2184.0,GBP,2540.33,Amazon,GB,2026-09-02T08:44:13Z,B0FWCWWFXJ,,,,,2026-07-01
Sony,"Sony BRAVIA 3 – Direct LED, X-Balanced Speaker, Dolby Vision/Atmos, IMAX Enhanced, Google TV (2025), Google Cast, Apple AirPlay 2, Eco Dashboard 2, Game Menu 2 – 55-inch",https://www.amazon.co.uk/dp/B0F29JHZBD,55.0,964.26,829.0,GBP,964.26,Amazon,GB,2026-09-02T08:44:13Z,B0F29JHZBD,,,,,2026-07-01
Sony,"Sony BRAVIA XR, XR-85X90L, 85 Inch, Full Array LED, Smart TV, 4K HDR, Google TV, ECO PACK, BRAVIA CORE, Perfect for PlayStation5, Aluminium Seamless Edge Design, 5 Year Warranty",https://www.amazon.co.uk/dp/B0BX6MJSHT,85.0,1976.2,1699.0,GBP,1976.2,Amazon,GB,2026-09-02T08:44:13Z,B0BX6MJSHT,,,,,2026-07-01
Sony,"Sony BRAVIA 5 – XR, Mini LED, AI XR Processor, Acoustic Multi-Audio, Dolby Vision/Atmos, IMAX Enhanced, Google TV (2025), Google Cast, Apple AirPlay 2, Eco Dashboard 2, Game Menu 2 – 65-inch",https://www.amazon.co.uk/dp/B0F29KYPN4,65.0,1510.94,1299.0,GBP,1510.94,Amazon,GB,2026-09-02T08:44:13Z,B0F29KYPN4,,,,,2026-07-01
Sony,"Sony BRAVIA 8 OLED, K55XR80, 55 Inch 4K HDR Google Smart TV, Gaming Features for PlayStation 5 and IMAX Enhanced, Dolby Vision Atmos, Chromecast, Apple AirPlay, 120Hz",https://www.amazon.co.uk/dp/B0CZTZTQXJ,55.0,1743.57,1499.0,GBP,1743.57,Amazon,GB,2026-09-02T08:44:13Z,B0CZTZTQXJ,,,,,2026-07-01
Sony,"Sony BRAVIA 7 QLED (XR l Mini LED), K55XR70, 55 Inch 4K HDR Google Smart TV, Gaming Features for PlayStation 5, IMAX Enhanced, Dolby Vision Atmos, Chromecast, AirPlay, 120Hz, 5 Year Warranty",https://www.amazon.co.uk/dp/B0CZTYCDMR,55.0,1336.47,1149.0,GBP,1336.47,Amazon,GB,2026-09-02T08:44:13Z,B0CZTYCDMR,,,,,2026-07-01
Sony,"Sony BRAVIA 8 II 55"" QD-OLED, K55XR8M25BP (2025), 4K HDR Smart TV, AI XR Processor, Acoustic Surface Audio+, Dolby Vision/Atmos, IMAX Enhanced, Apple AirPlay 2, Eco Dashboard, 5 year warranty.",https://www.amazon.co.uk/dp/B0FG465NBM,55.0,2208.83,1899.0,GBP,2208.83,Amazon,GB,2026-09-02T08:44:13Z,B0FG465NBM,,,,,2026-07-01
Sony,"Sony BRAVIA XR, XR-42A90K, 42 Inch, OLED, Smart TV, 4K HDR, Google TV, BRAVIA CORE, Perfect for PlayStation5, Metal Flush Surface Design, 5 Year Warranty",https://www.amazon.co.uk/dp/B09ZF7GJ3V,42.0,1743.57,1499.0,GBP,1743.57,Amazon,GB,2026-09-02T08:44:13Z,B09ZF7GJ3V,,,,,2026-07-01
Sony,"Sony BRAVIA 9 QLED (XR l Mini LED), K65XR90, 65 Inch 4K HDR Google Smart TV, Gaming Features for PlayStation 5, IMAX Enhanced, Dolby Vision Atmos, Chromecast, AirPlay, 120Hz, 5 Year Warranty",https://www.amazon.co.uk/dp/B0DJDDR25R,65.0,2790.41,2399.0,GBP,2790.41,Amazon,GB,2026-09-02T08:44:13Z,B0DJDDR25R,,,,,2026-07-01
Samsung,"Samsung 48"" S90F, NQ4 AI Gen3 Processor, 4K AI Upscaling Pro, OLED HDR+, Motion Xcelerator 144Hz, Samsung Vision AI, 2025",https://www.amazon.co.uk/dp/B0F6VKBXHR,48.0,,,,,Amazon,GB,2026-09-02T08:44:13Z,B0F6VKBXHR,,,,,
Hisense,"Hisense 50"" 50U7QTUK MiniLED QLED 144Hz Smart AI TV - Hi-View AI Engine, 144Hz Game Mode PRO, 2.1 Channel, Dolby Atmos, Quantum Dot Colour, Anti-Reflection with Freely, Disney +, YouTube, Netflix",https://www.amazon.co.uk/dp/B0F7WKMM1J,50.0,522.26,449.0,GBP,522.26,Amazon,GB,2026-09-02T08:44:13Z,B0F7WKMM1J,,,,,2026-07-01
LG,"LG 85QNED92A6A 85-Inch 4K UHD Smart TV, (α8 AI Processor, Freeview Play and Amazon Alexa, 120Hz) [Model 2025]",https://www.amazon.co.uk/dp/B0F5BRD36S,85.0,3837.25,3299.0,GBP,3837.25,Amazon,GB,2026-09-02T08:44:13Z,B0F5BRD36S,,,,,2026-07-01
Hisense,"Hisense 40 Inch 40E5QTUK QLED FHD Smart TV | Quantum Dot Colour, Full HD, Dolby Atmos, Sports Mode and Games Mode",https://www.amazon.co.uk/dp/B0F7WH53QJ,40.0,289.63,249.0,GBP,289.63,Amazon,GB,2026-09-02T08:44:13Z,B0F7WH53QJ,,,,,2026-07-01
Samsung,"Samsung Smart TV 55-Inch U8000H Crystal UHD 4K TV, HDR10+, Motion Xcelerator, Dynamic Sound Pack, Gaming Hub, Knox Security, Vision AI Companion [2026]",https://www.amazon.co.uk/dp/B0GYZYM2DC,55.0,440.84,379.0,GBP,440.84,Amazon,GB,2026-09-02T08:44:13Z,B0GYZYM2DC,,,,,2026-07-01
Samsung,Samsung 43 Inch QLED Q7F2 AI Smart TV,https://www.amazon.co.uk/dp/B0F6NH7ZPD,43.0,347.78,299.0,GBP,347.78,Amazon,GB,2026-09-02T08:44:13Z,B0F6NH7ZPD,,,,,2026-07-01
Samsung,"Samsung 43"" The Frame LS03FA, NQ4 AI Gen2 Processor, QLED, Matte Display, Modern Frame Design & Art Mode, Samsung Vision A...",https://www.amazon.co.uk/dp/B0F5WT1FKX,43.0,638.57,549.0,GBP,638.57,Amazon,GB,2026-09-02T08:44:13Z,B0F5WT1FKX,,,,,2026-07-01
Samsung,"Samsung 32-Inch Class Full HD F6000 Smart TV (2025 Model) HDR, Object Tracking Sound Lite, Knox Security, One UI Tizen, Sm...",https://www.amazon.co.uk/dp/B0DXN3T1GD,32.0,239.88,206.23,GBP,239.88,Amazon,GB,2026-09-02T08:44:13Z,B0DXN3T1GD,,,,,2026-07-01
Samsung,"Samsung Smart TV 65'' U8000F Crystal UHD 4K TV, Crystal Processor 4K, Motion Xcelerator, Gaming Hub, Knox Security, Metal Stream Design [2025]",https://www.amazon.co.uk/dp/B0F6VQVVYJ,65.0,498.99,429.0,GBP,498.99,Amazon,GB,2026-09-02T08:44:13Z,B0F6VQVVYJ,,,,,2026-07-01
Samsung,"Samsung Smart TV 55-Inch QN70H Neo QLED 4K Quantum Mini LED, HDR 10+, Motion Xcelerator, Adpative Sound+, Gaming Hub, Knox Security, Voice Control with AI(VAC), Alexa Built-in [2026]",https://www.amazon.co.uk/dp/B0GYZV6H3Y,55.0,929.36,799.0,GBP,929.36,Amazon,GB,2026-09-02T08:44:13Z,B0GYZV6H3Y,,,,,2026-07-01
Samsung,"Samsung Smart TV 50-Inch U8000H Crystal UHD 4K TV, HDR10+, Motion Xcelerator, Dynamic Sound Pack, Gaming Hub, Knox Security, Vision AI Companion [2026]",https://www.amazon.co.uk/dp/B0GYZN51TT,50.0,359.42,309.0,GBP,359.42,Amazon,GB,2026-09-02T08:44:13Z,B0GYZN51TT,,,,,2026-07-01
Samsung,"Samsung Smart TV M1EH 65-Inch, 4K Mini LED, Vision AI Companion [2026] | Mini LED HDR, Motion Xcelerator, Dynamic Sound Pack, Gaming Hub",https://www.amazon.co.uk/dp/B0GYZ8PPP8,65.0,673.47,579.0,GBP,673.47,Amazon,GB,2026-09-02T08:44:13Z,B0GYZ8PPP8,,,,,2026-07-01
Samsung,"Samsung Smart TV 65-Inch QN70H Neo QLED 4K Quantum Mini LED, HDR 10+, Motion Xcelerator, Adpative Sound+, Gaming Hub, Knox Security, Voice Control with AI(VAC), Alexa Built-in [2026]",https://www.amazon.co.uk/dp/B0GYZKS4MB,65.0,1103.83,949.0,GBP,1103.83,Amazon,GB,2026-09-02T08:44:13Z,B0GYZKS4MB,,,,,2026-07-01
Samsung,"Samsung Smart TV 55-Inch QN80H Neo QLED 4K, Quantum Mini LED, NQ HDR+, Motion Xcelerator 144Hz, Dolby Atmos & OTS Lite, Gaming Hub, FreeSync Premium Pro, Knox Security, Vision AI, Alexa [2026]",https://www.amazon.co.uk/dp/B0GYZRNZB6,55.0,1045.68,899.0,GBP,1045.68,Amazon,GB,2026-09-02T08:44:13Z,B0GYZRNZB6,,,,,2026-07-01
Samsung,"Samsung Smart TV 75-Inch U8000H Crystal UHD 4K TV, HDR10+, Motion Xcelerator, Dynamic Sound Pack, Gaming Hub, Knox Security, Vision AI Companion [2026]",https://www.amazon.co.uk/dp/B0GYZ9KWHQ,75.0,789.78,679.0,GBP,789.78,Amazon,GB,2026-09-02T08:44:13Z,B0GYZ9KWHQ,,,,,2026-07-01
LG,"LG 43QNED80A6A 43-Inch 4K UHD Smart TV, (α7 AI Processor, Freeview Play and Amazon Alexa, 60Hz) [Model 2025]",https://www.amazon.co.uk/dp/B0F14NFS2L,43.0,348.94,299.99,GBP,348.94,Amazon,GB,2026-09-02T08:44:13Z,B0F14NFS2L,,,,,2026-07-01
LG,"LG 55QNED80A6A 55-Inch 4K UHD Smart TV, (α7 AI Processor, Freeview Play and Amazon Alexa, 60Hz) [Model 2025]",https://www.amazon.co.uk/dp/B0F1519SC2,55.0,435.02,374.0,GBP,435.02,Amazon,GB,2026-09-02T08:44:13Z,B0F1519SC2,,,,,2026-07-01
LG,"LG 65QNED80A6A 65-Inch 4K UHD Smart TV, (α7 AI Processor, Freeview Play and Amazon Alexa, 60Hz) [Model 2025]",https://www.amazon.co.uk/dp/B0F15139F9,65.0,581.57,499.99,GBP,581.57,Amazon,GB,2026-09-02T08:44:13Z,B0F15139F9,,,,,2026-07-01
LG,"LG 55NU800B6LA Nano UHD AI NU80 4K Smart TV, α7 Processor Gen9, 60Hz, HDR10, Filmmaker Mode™, Google Cast, Apple AirPlay 2, Model Year 2026",https://www.amazon.co.uk/dp/B0GT9KCWNC,55.0,405.94,349.0,GBP,405.94,Amazon,GB,2026-09-02T08:44:13Z,B0GT9KCWNC,,,,,2026-07-01
LG,"LG 75NU800B6LA Nano UHD AI NU80 4K Smart TV, α7 Processor Gen9, 60Hz, HDR10, Filmmaker Mode™, Google Cast, Apple AirPlay 2, Model Year 2026",https://www.amazon.co.uk/dp/B0GT9SM15L,75.0,754.89,649.0,GBP,754.89,Amazon,GB,2026-09-02T08:44:13Z,B0GT9SM15L,,,,,2026-07-01
LG,"LG 65NU850B6LA Nano UHD AI NU85 4K Smart TV, α7 Processor Gen9, 60Hz, HDR10, Filmmaker Mode™, Google Cast, Apple AirPlay 2, Model Year 2026",https://www.amazon.co.uk/dp/B0GT9Z4XKS,65.0,580.41,499.0,GBP,580.41,Amazon,GB,2026-09-02T08:44:13Z,B0GT9Z4XKS,,,,,2026-07-01
LG,"LG OLED evo AI C6 55-inch 4K Smart TV - OLED55C65LA (α11 AI Processor 4K Gen3, 120Hz (VRR 165Hz), Dolby Vision, Dolby Atmos, FILMMAKER MODE™ [Model year 2026]",https://www.amazon.co.uk/dp/B0GT9VGFLR,55.0,1859.89,1599.0,GBP,1859.89,Amazon,GB,2026-09-02T08:44:13Z,B0GT9VGFLR,,,,,2026-07-01
LG,"LG 75QNED70B6A QNED MiniLED AI 4K Smart TV QNED70, α7 Processor Gen9, 60Hz, HDR10, Filmmaker Mode™, Google Cast, Apple AirPlay 2, Model Year 2026",https://www.amazon.co.uk/dp/B0GT9WYD8N,75.0,1045.68,899.0,GBP,1045.68,Amazon,GB,2026-09-02T08:44:13Z,B0GT9WYD8N,,,,,2026-07-01
TCL,"TCL 65C6K-UK 65 Inch QD-Mini LED TV, 4K HDR Premium 1000nits, Smart TV Powered by Google TV (Dolby Vision IQ & Atmos, Onkyo 2.1 Sound System, 144Hz Motion Clarity Pro)",https://www.amazon.co.uk/dp/B0H726FRPQ,65.0,732.76,629.98,GBP,732.76,Amazon,GB,2026-09-02T08:44:13Z,B0H726FRPQ,,,,,2026-07-01
TCL,"TCL 85T6C-UK 85 Inch QLED 4K HDR TV, Fire TV (Smart TV with Dolby Vision & Atmos, HDR10+, Press & Ask Alexa, 2025 Model)",https://www.amazon.co.uk/dp/B0F66G8689,85.0,929.36,799.0,GBP,929.36,Amazon,GB,2026-09-02T08:44:13Z,B0F66G8689,,,,,2026-07-01
TCL,"TCL 85Q6C-UK QD-Mini LED TV, 4K HDR Premium 1000nits, Smart TV Powered by Google TV (Dolby Vision IQ & Atmos, Matte HVA Panel, Onkyo 2.1 Sound System, 144Hz Motion Clarity Pro, 2025 Model)",https://www.amazon.co.uk/dp/B0DWF49LC5,85.0,1278.31,1099.0,GBP,1278.31,Amazon,GB,2026-09-02T08:44:13Z,B0DWF49LC5,,,,,2026-07-01
TCL,"TCL 65C7L-UK 65 Inch SQD-Mini LED TV, 4K HDR 3000 nits and 1,152 dimming zones, Google TV, Dolby Vision & Atmos, Audio by Bang & Olufsen, 144Hz, Apple AirPlay 2 & Alexa (2026 New Model)",https://www.amazon.co.uk/dp/B0GY5DJ1MV,65.0,1394.62,1199.0,GBP,1394.62,Amazon,GB,2026-09-02T08:44:13Z,B0GY5DJ1MV,,,,,2026-07-01
TCL,"TCL 55C7L-UK 55 Inch SQD-Mini LED TV, 4K HDR 2700 nits and 800 dimming zones, Google TV, Dolby Vision & Atmos, Audio by Bang & Olufsen, 144Hz, Apple AirPlay 2 & Alexa (2026 New Model)",https://www.amazon.co.uk/dp/B0GY55SH2Q,55.0,1161.99,999.0,GBP,1161.99,Amazon,GB,2026-09-02T08:44:13Z,B0GY55SH2Q,,,,,2026-07-01
TCL,"TCL 75V6D-UK 75 Inch 4K HDR, Fire TV, HDR10+, Dolby Atmos, DTS:X, Game Master, Motion Clarity, AirPlay 2, Press & Ask Alexa (2026 New Model)",https://www.amazon.co.uk/dp/B0GZPK985C,75.0,696.73,599.0,GBP,696.73,Amazon,GB,2026-09-02T08:44:13Z,B0GZPK985C,,,,,2026-07-01
TCL,"TCL 98C7L-UK 98 Inch SQD-Mini LED TV, 4K HDR 3000 nits and 2,176 dimming zones, Google TV, Dolby Vision & Atmos, Audio by Bang & Olufsen, 144Hz, Apple AirPlay 2 & Alexa (2026 New Model)",https://www.amazon.co.uk/dp/B0GY55YB9Z,98.0,3488.3,2999.0,GBP,3488.3,Amazon,GB,2026-09-02T08:44:13Z,B0GY55YB9Z,,,,,2026-07-01
TCL,"TCL 65V6D-UK 65 Inch 4K HDR, Fire TV, HDR10+, Dolby Atmos, DTS:X, Game Master, Motion Clarity, AirPlay 2, Press & Ask Alexa (2026 New Model)",https://www.amazon.co.uk/dp/B0GZPHNT83,65.0,522.26,449.0,GBP,522.26,Amazon,GB,2026-09-02T08:44:13Z,B0GZPHNT83,,,,,2026-07-01
TCL,"TCL 75P8L-UK 75 Inch QD-Mini LED 4K HDR Ultra HD TV, Smart Google TV (Dolby Vision, HDR10+ & Atmos, 144Hz VRR, FreeSync Premium, Onkyo 2.1 sound, Game Master, Voice Control, 2026 New Model)",https://www.amazon.co.uk/dp/B0GY55XCTG,75.0,1209.68,1040.0,GBP,1209.68,Amazon,GB,2026-09-02T08:44:13Z,B0GY55XCTG,,,,,2026-07-01
TCL,"TCL 50V6D-UK 50 Inch 4K HDR, Fire TV, HDR10+, Dolby Atmos, DTS:X, Game Master, Motion Clarity, AirPlay 2, Press & Ask Alexa (2026 New Model)",https://www.amazon.co.uk/dp/B0GZPZTD97,50.0,324.52,279.0,GBP,324.52,Amazon,GB,2026-09-02T08:44:13Z,B0GZPZTD97,,,,,2026-07-01
Hisense,"Hisense 55"" 55E78QTUK QLED Smart AI TV - 4K Direct Lit Viewing, Quantum Dot Colour, Hi-View AI Engine, Dolby Vision, Dolby Atmos with Freely, Disney +, YouTube, Netflix",https://www.amazon.co.uk/dp/B0F7W1H394,55.0,405.94,349.0,GBP,405.94,Amazon,GB,2026-09-02T08:44:13Z,B0F7W1H394,,,,,2026-07-01
Hisense,"Hisense 55"" 55U7QTUK MiniLED QLED 144Hz Smart AI TV - Hi-View AI Engine, Game Mode PRO, 2.1 Channel, Dolby Atmos, Quantum Dot Colour, Anti-Reflection with Freely, Disney +, YouTube, Netflix",https://www.amazon.co.uk/dp/B0F7WJWY9H,55.0,638.57,549.0,GBP,638.57,Amazon,GB,2026-09-02T08:44:13Z,B0F7WJWY9H,,,,,2026-07-01
Hisense,"Hisense 58 Inch 58A6QTUK 4K Ultra HD Smart AI TV | 4K UHD, Hi-View AI Engine, Precision Colour, AI Smooth Motion and Sports Mode with Freely",https://www.amazon.co.uk/dp/B0F7WJSD13,58.0,371.05,319.0,GBP,371.05,Amazon,GB,2026-09-02T08:44:13Z,B0F7WJSD13,,,,,2026-07-01
Hisense,"TV Hisense 55E7S (2026) 55"" VA QLED 4K UHD Preta",https://www.amazon.co.uk/dp/B0GNDHW3BM,55.0,493.35,424.15,GBP,493.35,Amazon,GB,2026-09-02T08:44:13Z,B0GNDHW3BM,,,,,2026-07-01
Hisense,"Hisense 43"" 43E7STUK Hi-QLED 4K Ultra HD AI Smart TV with Freely, Netflix, Disney+ and YouTube - Hi-QLED Colour, Dolby Vision.Atmos, AI 4K Upscaler, AI Smooth Motion, Game Mode Plus, Filmmaker Mode",https://www.amazon.co.uk/dp/B0GV533BJ7,43.0,405.94,349.0,GBP,405.94,Amazon,GB,2026-09-02T08:44:13Z,B0GV533BJ7,,,,,2026-07-01
Hisense,"Hisense 65"" 65E78QTUK QLED Smart AI TV - 4K Direct Lit Viewing, Quantum Dot Colour, Hi-View AI Engine, Dolby Vision, Dolby Atmos with Freely, Disney +, YouTube, Netflix",https://www.amazon.co.uk/dp/B0F7WB3V34,65.0,580.41,499.0,GBP,580.41,Amazon,GB,2026-09-02T08:44:13Z,B0F7WB3V34,,,,,2026-07-01
Hisense,"Hisense 65"" 65U7STUK PRO Hi-QLED MiniLED 165Hz 4K Ultra HD AI Smart TV with Freely, Netflix, Disney+ and YouTube - Hi-QLED MiniLED PRO, 2.1.2 Multi-Channel Surround, Anti Reflection & Glare Free",https://www.amazon.co.uk/dp/B0GV4XPH5M,65.0,1510.94,1299.0,GBP,1510.94,Amazon,GB,2026-09-02T08:44:13Z,B0GV4XPH5M,,,,,2026-07-01
Sony,"Sony BRAVIA 5 – XR, Mini LED, AI XR Processor, Acoustic Multi-Audio, Dolby Vision/Atmos, IMAX Enhanced, Google TV (2025), Google Cast, Apple AirPlay 2, Eco Dashboard 2 – 55-inch",https://www.amazon.co.uk/dp/B0F29LGQ7K,55.0,1394.62,1199.0,GBP,1394.62,Amazon,GB,2026-09-02T08:44:13Z,B0F29LGQ7K,,,,,2026-07-01
Sony,"Sony BRAVIA 3 – Direct LED, X-Balanced Speaker, Dolby Vision/Atmos, IMAX Enhanced, Google TV (2025), Google Cast, Apple AirPlay 2, Eco Dashboard 2, Game Menu 2 – 75-inch",https://www.amazon.co.uk/dp/B0F29H88PT,75.0,1510.94,1299.0,GBP,1510.94,Amazon,GB,2026-09-02T08:44:13Z,B0F29H88PT,,,,,2026-07-01
Sony,"Sony BRAVIA 5 – XR, Mini LED, AI XR Processor, Acoustic Multi-Audio, Dolby Vision/Atmos, IMAX Enhanced, Google TV (2025), Google Cast, Apple AirPlay 2, Eco Dashboard 2 – 75-inch",https://www.amazon.co.uk/dp/B0F29J38YL,75.0,2208.83,1899.0,GBP,2208.83,Amazon,GB,2026-09-02T08:44:13Z,B0F29J38YL,,,,,2026-07-01
Sony,"Sony BRAVIA 5 – XR, Mini LED, AI XR Processor, Acoustic Multi-Audio, Dolby Vision/Atmos, IMAX Enhanced, Google TV (2025), Google Cast, Apple AirPlay 2, Eco Dashboard 2 – 85-inch",https://www.amazon.co.uk/dp/B0F29J593K,85.0,2557.78,2199.0,GBP,2557.78,Amazon,GB,2026-09-02T08:44:13Z,B0F29J593K,,,,,2026-07-01
Sony,"Sony BRAVIA 2 Ⅱ 55 Inch TV, 4K Smart TV (Google TV), X1 Processor, 4K Upscaling, Television with Dolby Atmos and DTS:X, PS5 compatibility, 55S25M2, 2026 Model",https://www.amazon.co.uk/dp/B0GZWCLPQM,55.0,813.05,699.0,GBP,813.05,Amazon,GB,2026-09-02T08:44:13Z,B0GZWCLPQM,,,,,2026-07-01
Sony,"Sony BRAVIA 3 – Direct LED, X-Balanced Speaker, Dolby Vision/Atmos, IMAX Enhanced, Google TV (2025), Google Cast, Apple AirPlay 2, Eco Dashboard 2, Game Menu 2 – 65-inch",https://www.amazon.co.uk/dp/B0F29K6BG7,65.0,1278.31,1099.0,GBP,1278.31,Amazon,GB,2026-09-02T08:44:13Z,B0F29K6BG7,,,,,2026-07-01
Sony,"Sony BRAVIA 7 II True RGB 50 Inch TV, 4K Smart TV (Google TV), RGB LED, XR Processor with AI Technology, 120hz Television with Dolby Vision/Atmos, PS5 compatibility, 50XR75M2, 2026 Model",https://www.amazon.co.uk/dp/B0H2JTQCZ4,50.0,1859.89,1599.0,GBP,1859.89,Amazon,GB,2026-09-02T08:44:13Z,B0H2JTQCZ4,,,,,2026-07-01
Sony,"Sony BRAVIA 7 II True RGB 75 Inch TV, 4K Smart TV (Google TV), RGB LED, XR Processor with AI Technology, 120hz Television with Dolby Vision/Atmos, PS5 compatibility, 75XR75M2, 2026 Model",https://www.amazon.co.uk/dp/B0H2JW181N,75.0,3023.04,2599.0,GBP,3023.04,Amazon,GB,2026-09-02T08:44:13Z,B0H2JW181N,,,,,2026-07-01
Sony,"Sony BRAVIA 2 Ⅱ 50 Inch TV, 4K Smart TV (Google TV), X1 Processor, 4K Upscaling, Television with Dolby Atmos and DTS:X, PS5 compatibility, 50S25M2, 2026 Model",https://www.amazon.co.uk/dp/B0GZWGF7V9,50.0,719.99,619.0,GBP,719.99,Amazon,GB,2026-09-02T08:44:13Z,B0GZWGF7V9,,,,,2026-07-01
Sony,"Sony BRAVIA 2 Ⅱ 50 Inch TV, 4K Smart TV (Google TV), X1 Processor, 4K Upscaling, Television with Dolby Atmos and DTS:X, PS5 compatibility, 50S25M2, 2026 Model (Renewed)",https://www.amazon.co.uk/dp/B0HFNM4DFL,50.0,683.92,587.99,GBP,683.92,Amazon,GB,2026-09-02T08:44:13Z,B0HFNM4DFL,,,,,2026-07-01
Samsung,"Samsung Smart TV 55-Inch Mini LED M70H 4K, UHD TV, Mini LED HDR, Motion Xcelerator 144Hz, Dynamic Sound Pack, AI Companion for questions [2026]",https://www.amazon.co.uk/dp/B0GYZ8BPJN,55.0,502.48,432.0,GBP,502.48,Amazon,GB,2026-09-02T08:44:13Z,B0GYZ8BPJN,,,,,2026-07-01
LG,LG TV AI B5 (2025) 55 Inch OLED UHD 4K Preta,https://www.amazon.co.uk/dp/B0FLDYSCZ8,55.0,,,,,Amazon,GB,2026-09-02T08:44:13Z,B0FLDYSCZ8,,,,,
LG,"LG OLED77G54LW - 77"" OLED EVO 4K, Smart TV AI B5, WebOS 25, Super Upscaling, Dolby Vision and Dolby Atmos, AMD FreeSync, Alexa/Google Assistant, Black",https://www.amazon.co.uk/dp/B0F3D6NBFN,77.0,,,,,Amazon,GB,2026-09-02T08:44:13Z,B0F3D6NBFN,,,,,
LG,"LG OLED77C54LA - 77"" OLED EVO 4K, Smart TV AI B5, WebOS 25, Dolby Vision and Dolby Atmos, AMD FreeSync, Alexa/Google Assistant, Black",https://www.amazon.co.uk/dp/B0F3D64K3K,77.0,3307.65,2843.69,GBP,3307.65,Amazon,GB,2026-09-02T08:44:13Z,B0F3D64K3K,,,,,2026-07-01
TCL,"TCL A300W 65"" 4K Ultra HD QLED Canvas/Frame Lifestyle TV - 65A300W",https://www.amazon.co.uk/dp/B0FLF7H6GW,65.0,,,,,Amazon,GB,2026-09-02T08:44:13Z,B0FLF7H6GW,,,,,
TCL,"TCL NXTVISION A300W - QLED Pro 4K HDR Smart TV 65"" Matte Screen | Dolby Vision IQ & Atmos, 144Hz VRR, Motion Clarity, Google Cast, Google Assistant",https://www.amazon.co.uk/dp/B0DPLN3N3D,65.0,,,,,Amazon,GB,2026-09-02T08:44:13Z,B0DPLN3N3D,,,,,
TCL,"TCL A300W 75"" 4K Ultra HD QLED Canvase Lifestyle TV - 75A300W",https://www.amazon.co.uk/dp/B0FLF4LCNN,75.0,,,,,Amazon,GB,2026-09-02T08:44:13Z,B0FLF4LCNN,,,,,
Hisense,"Hisense 43"" 43A6STUK 4K Ultra HD AI Smart TV with Freely, Netflix, Disney+ and YouTube - AI 4K Upscaler, AI Smooth Motion, Game Mode Plus, Dolby Vision, Voice Control, DTS Virtual: X, Filmmaker Mode",https://www.amazon.co.uk/dp/B0GV4ZB426,43.0,382.68,329.0,GBP,382.68,Amazon,GB,2026-09-02T08:44:13Z,B0GV4ZB426,,,,,2026-07-01
Samsung,"Samsung 65"" Q8F, Q4 Ai Processor, Quantum HDR+, Motion Xcelerator, Air Slim Design, Samsung Vision AI, 2025",https://www.amazon.co.uk/dp/B0F6VLTN7Z,65.0,871.2,749.0,GBP,871.2,Amazon,GB,2026-09-02T08:44:13Z,B0F6VLTN7Z,,,,,2026-07-01
Samsung,"Samsung 85"" Q8F, Q4 Ai Processor, Quantum HDR+, Motion Xcelerator, Air Slim Design, Samsung Vision AI, 2025",https://www.amazon.co.uk/dp/B0F6VV9W9H,85.0,,,,,Amazon,GB,2026-09-02T08:44:13Z,B0F6VV9W9H,,,,,
Samsung,"Samsung QLED Q8F 4K Smart TV, 75"", with AI vision, 100% color volume with Quantum Dot, HDR10+, Q4 AI processor, One UI Tizen, Wi-Fi, Bluetooth 5.3 and Motion, Hungarian country version",https://www.amazon.co.uk/dp/B0FHXMLHHK,75.0,,,,,Amazon,GB,2026-09-02T08:44:13Z,B0FHXMLHHK,,,,,
LG,"LG OLED AI B6 48-inch 4K Smart TV - OLED48B65LA (α8 AI Processor 4K Gen3, 120Hz (VRR 120Hz), Dolby Vision, Dolby Atmos, FILMMAKER MODE™ [Model year 2026]",https://www.amazon.co.uk/dp/B0GT9S2KDV,48.0,1045.68,899.0,GBP,1045.68,Amazon,GB,2026-09-02T08:44:13Z,B0GT9S2KDV,,,,,2026-07-01
LG,"LG OLED65B6ELC OLED AI B6 4K Smart TV, α8 Processor Gen3, 120Hz, VRR, Dolby Vision and Atmos, Filmmaker Mode™, Model Year ...",https://www.amazon.co.uk/dp/B0GTB223FL,65.0,1394.62,1199.0,GBP,1394.62,Amazon,GB,2026-09-02T08:44:13Z,B0GTB223FL,,,,,2026-07-01
LG,"LG OLED AI B6 55-inch 4K Smart TV - OLED55B65LA (α8 AI Processor 4K Gen3, 120Hz (VRR 120Hz), Dolby Vision, Dolby Atmos, FILMMAKER MODE™ [Model year 2026]",https://www.amazon.co.uk/dp/B0GT9ZHJSC,55.0,1394.62,1199.0,GBP,1394.62,Amazon,GB,2026-09-02T08:44:13Z,B0GT9ZHJSC,,,,,2026-07-01
LG,"LG OLED AI B6 83-inch 4K Smart TV - OLED83B6ELB (α8 AI Processor 4K Gen3, 120Hz (VRR 120Hz), Dolby Vision, Dolby Atmos, FILMMAKER MODE™, G-Sync Compatible (Nvidia), [Model year 2026]",https://www.amazon.co.uk/dp/B0GVTXR37D,83.0,2092.52,1799.0,GBP,2092.52,Amazon,GB,2026-09-02T08:44:13Z,B0GVTXR37D,,,,,2026-07-01
LG,"LG OLED AI B6 77-inch 4K Smart TV - OLED77B6ELC (α8 AI Processor 4K Gen3, 120Hz (VRR 120Hz), Dolby Vision, Dolby Atmos, FILMMAKER MODE™ [Model year 2026]",https://www.amazon.co.uk/dp/B0GT9SQN83,77.0,3023.04,2599.0,GBP,3023.04,Amazon,GB,2026-09-02T08:44:13Z,B0GT9SQN83,,,,,2026-07-01
LG,"LG OLED AI B6 65-inch 4K Smart TV - OLED65B65LA (α8 AI Processor 4K Gen3, 120Hz (VRR 120Hz), Dolby Vision, Dolby Atmos, FILMMAKER MODE™ [Model year 2026]",https://www.amazon.co.uk/dp/B0GT9ZFLJD,65.0,1976.2,1699.0,GBP,1976.2,Amazon,GB,2026-09-02T08:44:13Z,B0GT9ZFLJD,,,,,2026-07-01
LG,"LG TV - OLED - 48"" - 4K UHD - B6 - Smart TV - 120Hz - Black Absolute | Display - 48 inches - (3840x2160) - realistic colors - Nvidia Gsync and AMD FreeSync - 4 HDMI 2.1 ports - AI 2026",https://www.amazon.co.uk/dp/B0GWFNR5PT,48.0,,,,,Amazon,GB,2026-09-02T08:44:13Z,B0GWFNR5PT,,,,,
LG,"LG OLED AI B6 83-inch 4K Smart TV - OLED83B65LA (α8 AI Processor 4K Gen3, 120Hz (VRR 120Hz), Dolby Vision, Dolby Atmos, FILMMAKER MODE™, G-Sync Compatible (Nvidia), [Model year 2026]",https://www.amazon.co.uk/dp/B0GVTCYXHP,83.0,3488.3,2999.0,GBP,3488.3,Amazon,GB,2026-09-02T08:44:13Z,B0GVTCYXHP,,,,,2026-07-01
LG,"LG 43QNED70B6C QNED MiniLED AI 4K Smart TV QNED70, α7 Processor Gen9, 60Hz, HDR10, Filmmaker Mode™, Google Cast, Apple AirPlay 2, Model Year 2026",https://www.amazon.co.uk/dp/B0GT9J3VMT,43.0,417.57,359.0,GBP,417.57,Amazon,GB,2026-09-02T08:44:13Z,B0GT9J3VMT,,,,,2026-07-01
LG,"LG OLED65B6ELC 65-Inch OLED evo AI 4K UHD Smart TV bundle with US95AR Home Cinema Soundbar 9.1 channel, Dolby Atmos and Rear Speakers, 810W",https://www.amazon.co.uk/dp/B0H1X7XW56,65.0,2325.14,1998.99,GBP,2325.14,Amazon,GB,2026-09-02T08:44:13Z,B0H1X7XW56,,,,,2026-07-01
TCL,"TCL 65A400PRO-UK 65 Inch NXTVISION QD-Mini LED Art TV, Google TV, Matte Screen, Frame Design, Dolby Vision IQ & Atmos, 2.0 Onkyo, 144Hz, AirPlay 2 (2026 New Model)",https://www.amazon.co.uk/dp/B0GYFB6JWC,65.0,1278.31,1099.0,GBP,1278.31,Amazon,GB,2026-09-02T08:44:13Z,B0GYFB6JWC,,,,,2026-07-01
TCL,"TCL 55A400PRO-UK 55 Inch NXTVISION QD-Mini LED Art TV, Google TV, Matte Screen, Frame Design, Dolby Vision IQ & Atmos, 2.0 Onkyo, 144Hz, AirPlay 2 (2026 New Model)",https://www.amazon.co.uk/dp/B0GYF9F8S4,55.0,1045.68,899.0,GBP,1045.68,Amazon,GB,2026-09-02T08:44:13Z,B0GYF9F8S4,,,,,2026-07-01
Hisense,"Hisense 43"" 43A7QTUK QLED Smart AI TV - 4K Direct Lit Viewing, Quantum Dot Colour, Hi-View AI Engine, Dolby Vision, Dolby Atmos with with Freely, Disney +, YouTube, Netflix",https://www.amazon.co.uk/dp/B0F7WGKRLQ,43.0,371.05,319.0,GBP,371.05,Amazon,GB,2026-09-02T08:44:13Z,B0F7WGKRLQ,,,,,2026-07-01
Sony,"Sony BRAVIA XR, XR-77A95L, 77 Inch, QD-OLED, Smart TV, 4K HDR, Google TV, ECO PACK, BRAVIA CORE, Perfect for PlayStation5, Seamless Edge Design, 5 Year Warranty",https://www.amazon.co.uk/dp/B0CBPZMZ3W,77.0,4651.46,3999.0,GBP,4651.46,Amazon,GB,2026-09-02T08:44:13Z,B0CBPZMZ3W,,,,,2026-07-01
Samsung,"Samsung 75"" 4K QN85F, NQ4 AI Gen2 Processor, 4K AI Upscaling, Neo Quantum HDR+, Glare Free, Samsung Vision AI, 2025",https://www.amazon.co.uk/dp/B0F6VQ6GCR,75.0,,,,,Amazon,GB,2026-09-02T08:44:13Z,B0F6VQ6GCR,,,,,
Samsung,"Samsung 85"" 4K QN85F, NQ4 AI Gen2 Processor, 4K AI Upscaling, Neo Quantum HDR+, Glare Free, Samsung Vision AI, 2025",https://www.amazon.co.uk/dp/B0F6VSSSW1,85.0,2325.15,1999.0,GBP,2325.15,Amazon,GB,2026-09-02T08:44:13Z,B0F6VSSSW1,,,,,2026-07-01
Samsung,"Samsung Neo QLED 4K QN85F 85"" Mini LED TV NQ4 AI Gen2 Processor Quantum Matrix Slim Technology 144Hz Motion Xcelerator AirSlim Design Samsung Vision AI",https://www.amazon.co.uk/dp/B0FNMYQ547,85.0,3251.92,2795.77,GBP,3251.92,Amazon,GB,2026-09-02T08:44:13Z,B0FNMYQ547,,,,,2026-07-01
Samsung,Samsung 85 Inch Neo QLED 4K with Mini LED QN73F AI Smart TV,https://www.amazon.co.uk/dp/B0DF8KVR1R,85.0,1859.89,1599.0,GBP,1859.89,Amazon,GB,2026-09-02T08:44:13Z,B0DF8KVR1R,,,,,2026-07-01
LG,"LG OLED evo AI C6 65-inch 4K Smart TV - OLED65C65LA (α11 AI Processor 4K Gen3, 120Hz (VRR 165Hz), Dolby Vision, Dolby Atmos, FILMMAKER MODE™ [Model year 2026]",https://www.amazon.co.uk/dp/B0GT9SP9M3,65.0,2557.78,2199.0,GBP,2557.78,Amazon,GB,2026-09-02T08:44:13Z,B0GT9SP9M3,,,,,2026-07-01
LG,"LG 86QNED80A6A 86-Inch 4K UHD Smart TV, (α7 AI Processor, Freeview Play and Amazon Alexa, 60Hz) [Model 2025]",https://www.amazon.co.uk/dp/B0F14JH7Q5,86.0,2092.52,1799.0,GBP,2092.52,Amazon,GB,2026-09-02T08:44:13Z,B0F14JH7Q5,,,,,2026-07-01
LG,"LG OLED83G64LW - 83"" 4K OLED EVO AI G6 Smart TV, WebOS 26, α11 AI Gen3 Processor, VRR 165Hz, Reflection Free Premium, Dolby Vision and Atmos, Alexa/Google Assistant, Dark Grey Titan",https://www.amazon.co.uk/dp/B0GYQ32WKS,83.0,10065.14,8653.3,GBP,10065.14,Amazon,GB,2026-09-02T08:44:13Z,B0GYQ32WKS,,,,,2026-07-01
LG,"LG OLED42C55LA 42-Inch OLEDevo 4K UHD Smart TV, (α9 AI Processor Gen7, Dolby Atmos, Freeview Play and Amazon Alexa, 120Hz) [Model 2025]",https://www.amazon.co.uk/dp/B0F14943MR,42.0,929.36,799.0,GBP,929.36,Amazon,GB,2026-09-02T08:44:13Z,B0F14943MR,,,,,2026-07-01
LG,"LG 75NU850B6LA Nano UHD AI NU85 4K Smart TV, α7 Processor Gen9, 60Hz, HDR10, Filmmaker Mode™, Google Cast, Apple AirPlay 2, Model Year 2026",https://www.amazon.co.uk/dp/B0GTB1RWF1,75.0,789.78,679.0,GBP,789.78,Amazon,GB,2026-09-02T08:44:13Z,B0GTB1RWF1,,,,,2026-07-01
LG,"LG 65-Inch OLED evo AI G5 4K Ultra HD HDR Smart TV, WiFi, Bluetooth, 2025 Model, Stand Version (alpha 11 AI Processor Gen2, 100% Colour Volume, AI Picture Pro, 120Hz Refresh Rate, Dolby Atmos)",https://www.amazon.co.uk/dp/B0F2NCMPY3,65.0,2790.41,2399.0,GBP,2790.41,Amazon,GB,2026-09-02T08:44:13Z,B0F2NCMPY3,,,,,2026-07-01
TCL,"TCL 75C6K-UK 75 Inch QD-Mini LED TV, 4K HDR Premium 1000nits, Smart TV Powered by Google TV (Dolby Vision IQ & Atmos, Onkyo 2.1 Sound System, 144Hz Motion Clarity Pro)",https://www.amazon.co.uk/dp/B0H7286935,75.0,964.26,829.0,GBP,964.26,Amazon,GB,2026-09-02T08:44:13Z,B0H7286935,,,,,2026-07-01
Hisense,"Hisense 75"" 75E7QTUK QLED Smart AI TV - 4K Direct Lit Viewing, Quantum Dot Colour, Hi-View AI Engine, Dolby Vision, Dolby Atmos with Freely, Disney +, YouTube, Netflix",https://www.amazon.co.uk/dp/B0F7WPNSC3,75.0,754.89,649.0,GBP,754.89,Amazon,GB,2026-09-02T08:44:13Z,B0F7WPNSC3,,,,,2026-07-01
Samsung,Samsung 85 Inch Neo QLED 8K with Mini LED QN900F Glare Free AI Smart TV,https://www.amazon.co.uk/dp/B0F6VQZGQM,85.0,4186.2,3599.0,GBP,4186.2,Amazon,GB,2026-09-02T08:44:13Z,B0F6VQZGQM,,,,,2026-07-01
Samsung,"Samsung Smart TV QN1EH 85-Inch, Neo QLED 4K, Glare-Free, NQ HDR, Motion Xcelerator, Object Tracking Sound Lite with Gaming Hub and Vision AI Companion, & Alexa Built-in [2026]",https://www.amazon.co.uk/dp/B0GYZPTN4Y,85.0,2208.83,1899.0,GBP,2208.83,Amazon,GB,2026-09-02T08:44:13Z,B0GYZPTN4Y,,,,,2026-07-01
LG,"LG NANO 4K UHD AI NU85 85-inch 4K Smart TV - 85NU850B6LA (α7 AI Processor 4K Gen9, 60Hz, HDR10, FILMMAKER MODE™, Google Cast, Apple AirPlay 2) [Model year 2026]",https://www.amazon.co.uk/dp/B0GT9TL99M,85.0,1278.31,1099.0,GBP,1278.31,Amazon,GB,2026-09-02T08:44:13Z,B0GT9TL99M,,,,,2026-07-01
Hisense,"Hisense 43"" Deco 43S5QTUK QLED Ultra HD Smart TV with Freely, Netflix, Disney+ and YouTube - Art-Inspired Design, Hi-View Colour, Dolby Atmos, Gallery, Fluid Central Stand, 4K Upscaler",https://www.amazon.co.uk/dp/B0GV4R3QJZ,43.0,522.26,449.0,GBP,522.26,Amazon,GB,2026-09-02T08:44:13Z,B0GV4R3QJZ,,,,,2026-07-01
Sony,"Sony BRAVIA, KD-65X85L, 65 Inch, Full Array LED, Smart TV, 4K HDR, Google TV, ECO PACK, BRAVIA CORE, Seamless Edge Design",https://www.amazon.co.uk/dp/B0BX6N82T2,65.0,,,,,Amazon,GB,2026-09-02T08:44:13Z,B0BX6N82T2,,,,,
Samsung,Samsung 85 Inch Neo QLED 8K with Mini LED QN990F Glare Free AI Smart TV,https://www.amazon.co.uk/dp/B0F6VRGFXV,85.0,4651.46,3999.0,GBP,4651.46,Amazon,GB,2026-09-02T08:44:13Z,B0F6VRGFXV,,,,,2026-07-01
Samsung,Samsung 65 Inch Neo QLED 8K with Mini LED QN990F Glare Free AI Smart TV,https://www.amazon.co.uk/dp/B0F6VVSYBN,65.0,3488.3,2999.0,GBP,3488.3,Amazon,GB,2026-09-02T08:44:13Z,B0F6VVSYBN,,,,,2026-07-01
LG,"LG 55QNED85B6B QNED Evo MiniLED AI 4K Smart TV QNED85, α8 Processor Gen3, 120Hz, VRR 144Hz, Dolby Vision, Filmmaker Mode™, FreeSync Compatible, AMD, Google Cast, Model Year 2026",https://www.amazon.co.uk/dp/B0GT9QPJBP,55.0,871.2,749.0,GBP,871.2,Amazon,GB,2026-09-02T08:44:13Z,B0GT9QPJBP,,,,,2026-07-01
LG,"LG 50QNED85B6B QNED Evo MiniLED AI 4K Smart TV QNED85, α8 Processor Gen3, 120Hz, VRR 144Hz, Dolby Vision, Filmmaker Mode™, FreeSync Compatible, AMD, Google Cast, Model Year 2026",https://www.amazon.co.uk/dp/B0GT9YFWYS,50.0,754.89,649.0,GBP,754.89,Amazon,GB,2026-09-02T08:44:13Z,B0GT9YFWYS,,,,,2026-07-01
LG,"LG 65QNED85B6B QNED Evo MiniLED AI 4K Smart TV QNED85, α8 Processor Gen3, 120Hz, VRR 144Hz, Dolby Vision, Filmmaker Mode™, FreeSync Compatible, AMD, Google Cast, Model Year 2026",https://www.amazon.co.uk/dp/B0GT9Y1KF6,65.0,1161.99,999.0,GBP,1161.99,Amazon,GB,2026-09-02T08:44:13Z,B0GT9Y1KF6,,,,,2026-07-01
LG,"LG QNED evo MiniLED AI QNED85 75-inch 4K Smart TV - 75QNED85B6B (α8 AI Processor 4K Gen3, 120Hz (VRR 144Hz), Dolby Vision, FILMMAKER MODE™, FreeSync Compatible (AMD), Google Cast [Model year 2026]",https://www.amazon.co.uk/dp/B0GTB1PJ34,75.0,1627.26,1399.0,GBP,1627.26,Amazon,GB,2026-09-02T08:44:13Z,B0GTB1PJ34,,,,,2026-07-01
LG,"LG 86QNED85B6B 86-Inch QNED evo MiniLED AI 4K UHD Smart TV bundle with XO2 Portable Bluetooth Multi-Directional Speaker, 15H Battery Life, IP55 Waterproof",https://www.amazon.co.uk/dp/B0GVDKHDXL,86.0,2338.37,2010.37,GBP,2338.37,Amazon,GB,2026-09-02T08:44:13Z,B0GVDKHDXL,,,,,2026-07-01
Hisense,"Hisense 55"" 55U8QTUK MiniLED QLED 165Hz Smart AI TV - Hi-View AI Engine PRO, 165Hz Game Mode Ultra, 4.1.2 Channel, Dolby Atmos, Quantum Dot Colour, Anti-Reflection PRO with Freely, YouTube, Netflix",https://www.amazon.co.uk/dp/B0F7WC65BD,55.0,1394.62,1199.0,GBP,1394.62,Amazon,GB,2026-09-02T08:44:13Z,B0F7WC65BD,,,,,2026-07-01
Samsung,"Samsung Smart TV 50-Inch QN80H Neo QLED 4K, Quantum Mini LED, NQ HDR+, Motion Xcelerator, Dolby Atmos & OTS Lite, Gaming Hub, Knox Security, Vision AI Companion, Alexa Built-in [2026]",https://www.amazon.co.uk/dp/B0GYZPLTHG,50.0,871.2,749.0,GBP,871.2,Amazon,GB,2026-09-02T08:44:13Z,B0GYZPLTHG,,,,,2026-07-01
LG,LG 55QNED70B6C - 55 Inch Smart TV 4K DVB-T2 Wifi Energy Class E Black,https://www.amazon.co.uk/dp/B0H1N8Y6RV,55.0,,,,,Amazon,GB,2026-09-02T08:44:13Z,B0H1N8Y6RV,,,,,
TCL,"TCL 55P8L-UK 55 Inch QD-Mini LED 4K HDR Ultra HD TV, Smart Google TV (Dolby Vision, HDR10+ & Atmos, 144Hz VRR, FreeSync Premium, Game Master, Voice Control, 2026 New Model)",https://www.amazon.co.uk/dp/B0GY53DBN5,55.0,699.06,601.0,GBP,699.06,Amazon,GB,2026-09-02T08:44:13Z,B0GY53DBN5,,,,,2026-07-01
Hisense,"Hisense 43A6S TV 2026 4K UHD 43 Inch (108 cm), Smart TV HomeOS U9.5, Dolby",https://www.amazon.co.uk/dp/B0GJFM3F7P,43.0,502.47,431.99,GBP,502.47,Amazon,GB,2026-09-02T08:44:13Z,B0GJFM3F7P,,,,,2026-07-01
Sony,"Sony BRAVIA 8 OLED, K65XR80, 65 Inch 4K HDR Google Smart TV, Gaming Features for PlayStation 5 and IMAX Enhanced, Dolby Vision Atmos, Chromecast, Apple AirPlay, 120Hz",https://www.amazon.co.uk/dp/B0CZV9MYWG,65.0,2208.83,1899.0,GBP,2208.83,Amazon,GB,2026-09-02T08:44:13Z,B0CZV9MYWG,,,,,2026-07-01
Samsung,"Samsung Smart TV 75-Inch QN80H Neo QLED 4K, Quantum Mini LED, NQ HDR+, Motion Xcelerator 144Hz, Dolby Atmos & OTS Lite, Gaming Hub, FreeSync Premium Pro, Knox Security, Vision AI, Alexa [2026]",https://www.amazon.co.uk/dp/B0GYZPBVVX,75.0,2092.52,1799.0,GBP,2092.52,Amazon,GB,2026-09-02T08:44:13Z,B0GYZPBVVX,,,,,2026-07-01
LG,"LG QNED MiniLED AI QNED70 55QNED70B6C 55 Inch Smart TV, α7 Processor Gen9, 60 Hz, HDR10, Filmmaker Mode™, Google Cast, Apple AirPlay 2, 2026",https://www.amazon.co.uk/dp/B0GT9V54G8,55.0,580.41,499.0,GBP,580.41,Amazon,GB,2026-09-02T08:44:13Z,B0GT9V54G8,,,,,2026-07-01
TCL,"TCL 85P8L-UK 85 Inch QD-Mini LED 4K HDR Ultra HD TV, Smart Google TV (Dolby Vision, HDR10+ & Atmos, 144Hz VRR, FreeSync Premium, Onkyo 2.1 sound, Game Master, Voice Control, 2026 New Model)",https://www.amazon.co.uk/dp/B0GY5F33F8,85.0,1627.26,1399.0,GBP,1627.26,Amazon,GB,2026-09-02T08:44:13Z,B0GY5F33F8,,,,,2026-07-01
Hisense,"Hisense 55A6S - UHD 4K Smart TV 55 Pulgadas, Escalador IA 4K, Smooth Motion IA, Modo Juego Plus, Dolby Vision, Control por Voz, Filmmaker Mode, Airplay",https://www.amazon.co.uk/dp/B0GJFF3XT7,55.0,526.34,452.51,GBP,526.34,Amazon,GB,2026-09-02T08:44:13Z,B0GJFF3XT7,,,,,2026-07-01
Sony,"Sony BRAVIA 8 OLED, K77XR80, 77 Inch 4K HDR Google Smart TV, Gaming Features for PlayStation 5 and IMAX Enhanced, Dolby Vision Atmos, Chromecast, Apple AirPlay, 120Hz",https://www.amazon.co.uk/dp/B0CZVL353R,77.0,3139.36,2699.0,GBP,3139.36,Amazon,GB,2026-09-02T08:44:13Z,B0CZVL353R,,,,,2026-07-01
Samsung,"Samsung Smart TV 85-Inch QN80H Neo QLED 4K, Quantum Mini LED, NQ HDR+, Motion Xcelerator 144Hz, Dolby Atmos & OTS Lite, Gaming Hub, FreeSync Premium Pro, Knox Security, Vision AI, Alexa [2026]",https://www.amazon.co.uk/dp/B0GYZ9MXKP,85.0,2674.1,2299.0,GBP,2674.1,Amazon,GB,2026-09-02T08:44:13Z,B0GYZ9MXKP,,,,,2026-07-01
TCL,"TCL 75A400PRO-UK 75 Inch NXTVISION QD-Mini LED Art TV, Google TV, Matte Screen, Frame Design, Dolby Vision IQ & Atmos, 2.0 Onkyo, 144Hz, AirPlay 2 (2026 New Model)",https://www.amazon.co.uk/dp/B0GYF4984H,75.0,1627.26,1399.0,GBP,1627.26,Amazon,GB,2026-09-02T08:44:13Z,B0GYF4984H,,,,,2026-07-01
Hisense,"Hisense 58A6S - 58"" 4K UHD TV, HomeOS U9.5 Smart TV, Dolby Vision HDR, Game Mode Plus (VRR 60Hz), DTS Virtual:X, Alexa Built-in, Black",https://www.amazon.co.uk/dp/B0GJFLN5QB,58.0,643.49,553.23,GBP,643.49,Amazon,GB,2026-09-02T08:44:13Z,B0GJFLN5QB,,,,,2026-07-01
Sony,"Sony BRAVIA 8 OLED, K77XR80, 77"" TV BRAVIA Theatre Bar 9 – Dolby Atmos Single Soundbar",https://www.amazon.co.uk/dp/B0DDXDDM5V,77.0,4301.35,3698.0,GBP,4301.35,Amazon,GB,2026-09-02T08:44:13Z,B0DDXDDM5V,,,,,2026-07-01
Samsung,"Samsung Smart TV 100-Inch QN80H Neo QLED 4K, Quantum Mini LED, NQ HDR+, Motion Xcelerator 144Hz, Dolby Atmos & OTS Lite, Gaming Hub, FreeSync Premium Pro, Knox Security, Vision AI, Alexa [2026]",https://www.amazon.co.uk/dp/B0GYZ7TPPL,100.0,,,,,Amazon,GB,2026-09-02T08:44:13Z,B0GYZ7TPPL,,,,,
LG,"LG QNED MiniLED AI QNED70 85 inch 4K Smart TV - 85QNED70B6A (α7 AI Processor 4K Gen9, 60Hz, HDR10, FILMMAKER MODE™, Google Cast, Apple AirPlay 2) [Model year 2026]",https://www.amazon.co.uk/dp/B0GTB1482P,85.0,1627.26,1399.0,GBP,1627.26,Amazon,GB,2026-09-02T08:44:13Z,B0GTB1482P,,,,,2026-07-01
TCL,"TCL 85C7L-UK 85 Inch SQD-Mini LED TV, 4K HDR 3000 nits and 1,624 dimming zones, Google TV, Dolby Vision & Atmos, Audio by Bang & Olufsen, 144Hz, Apple AirPlay 2 & Alexa (2026 New Model)",https://www.amazon.co.uk/dp/B0GY5F5J99,85.0,2325.15,1999.0,GBP,2325.15,Amazon,GB,2026-09-02T08:44:13Z,B0GY5F5J99,,,,,2026-07-01
Hisense,"Hisense 32A4S – 32 inch HD LED TV, Smart TV VIDAA, Dolby Audio & DTS HD, WiFi, Bluetooth, Game Mode, Black",https://www.amazon.co.uk/dp/B0GJFWX36Y,32.0,,,,,Amazon,GB,2026-09-02T08:44:13Z,B0GJFWX36Y,,,,,
Sony,"Sony BRAVIA 8 OLED, K77XR80, 77"" TV BRAVIA Theatre Quad",https://www.amazon.co.uk/dp/B0DDXMYLRL,77.0,5464.51,4698.0,GBP,5464.51,Amazon,GB,2026-09-02T08:44:13Z,B0DDXMYLRL,,,,,2026-07-01
Samsung,"Samsung Smart TV 43-Inch M70H Mini LED 4K, HDR 10+, Motion Xcelerator, Dynamic Sound Pack, Gaming Hub, Pure Spectrum Color, Knox Security, Voice Control with AI (VAC) [2026]",https://www.amazon.co.uk/dp/B0GYZ87RL7,43.0,405.94,349.0,GBP,405.94,Amazon,GB,2026-09-02T08:44:13Z,B0GYZ87RL7,,,,,2026-07-01
LG,"LG Nano 4K UHD AI 50NU850B6LA NU85 50 Inch Smart TV, α7 Processor Gen9, 60 Hz, HDR10, Filmmaker Mode™, Google Cast, Apple AirPlay 2, 2026",https://www.amazon.co.uk/dp/B0GTB3TB9P,50.0,371.05,319.0,GBP,371.05,Amazon,GB,2026-09-02T08:44:13Z,B0GTB3TB9P,,,,,2026-07-01
Hisense,Hisense 40A4S – 40 Inch Full HD LED TV Smart TV VIDAA Dolby Audio & DTS HD WiFi Bluetooth Borderless Design Black,https://www.amazon.co.uk/dp/B0GJFC1Q9Z,40.0,,,,,Amazon,GB,2026-09-02T08:44:13Z,B0GJFC1Q9Z,,,,,
Sony,"Sony BRAVIA 8 OLED, K77XR80, 77"" TV BRAVIA Theatre Bar 8 – Dolby Atmos Single Soundbar",https://www.amazon.co.uk/dp/B0DDX8PHB9,77.0,4068.72,3498.0,GBP,4068.72,Amazon,GB,2026-09-02T08:44:13Z,B0DDX8PHB9,,,,,2026-07-01
Samsung,"Samsung Smart TV 50-Inch Mini LED M70H 4K, UHD TV, Mini LED HDR, Motion Xcelerator 144Hz, Dynamic Sound Pack, AI Companion for questions [2026]",https://www.amazon.co.uk/dp/B0GYZLNCX6,50.0,498.99,429.0,GBP,498.99,Amazon,GB,2026-09-02T08:44:13Z,B0GYZLNCX6,,,,,2026-07-01
LG,LG QNED87 43 Inch 4K QNED Mini LED Smart TV - 43QNED87B6A,https://www.amazon.co.uk/dp/B0HDDCH86B,43.0,,,,,Amazon,GB,2026-09-02T08:44:13Z,B0HDDCH86B,,,,,
TCL,Smart TV TCL 43P6K 43 Inch 4K Ultra HD LED HDR D-LED,https://www.amazon.co.uk/dp/B0F7RT3L5D,43.0,460.9,396.25,GBP,460.9,Amazon,GB,2026-09-02T08:44:13Z,B0F7RT3L5D,,,,,2026-07-01
Hisense,"Hisense 50E8S 50 Inch Mini LED Smart TV, Hi-QLED MiniLED, 144Hz Native Gaming Mode, Built-in Subwoofer, Hi-View AI Engine, Total HDR Solution, Filmmaker Mode, Hands-Free Control",https://www.amazon.co.uk/dp/B0GQDSSGNB,50.0,940.42,808.51,GBP,940.42,Amazon,GB,2026-09-02T08:44:13Z,B0GQDSSGNB,,,,,2026-07-01
Sony,"Sony BRAVIA 8 OLED, K77XR80, 77 Inch BRAVIA Theatre U",https://www.amazon.co.uk/dp/B0DMWP7CVS,77.0,3335.93,2868.0,GBP,3335.93,Amazon,GB,2026-09-02T08:44:13Z,B0DMWP7CVS,,,,,2026-07-01
Samsung,"Samsung Smart TV 75-Inch Mini LED M70H 4K, UHD TV, Mini LED HDR, Motion Xcelerator 144Hz, Dynamic Sound Pack, AI Companion for questions [2026]",https://www.amazon.co.uk/dp/B0GYZNMMKS,75.0,987.52,849.0,GBP,987.52,Amazon,GB,2026-09-02T08:44:13Z,B0GYZNMMKS,,,,,2026-07-01
LG,"LG QNED evo MiniLED AI QNED87 100-inch 4K Smart TV - 100QNED87B6 (α8 AI Processor 4K Gen3, 120Hz (VRR 144Hz), Dolby Vision, Dolby Atmos, FILMMAKER MODE™, FreeSync Compatible (AMD) [Model year 2026]",https://www.amazon.co.uk/dp/B0GT9QM2DT,100.0,4186.2,3599.0,GBP,4186.2,Amazon,GB,2026-09-02T08:44:13Z,B0GT9QM2DT,,,,,2026-07-01
TCL,"TCL 50-Inch P6K LED 4K UHD HDR Smart TV |Google TV, 60Hz, HDR 10, AiPQ Processor, Dolby Audio, MEMC, HDMI 2.1, Bluetooth 5.2, WiFi 5, Bezel-less Design, (50P6K - 2025 Model)",https://www.amazon.co.uk/dp/B0F7RSYNY9,50.0,582.38,500.69,GBP,582.38,Amazon,GB,2026-09-02T08:44:13Z,B0F7RSYNY9,,,,,2026-07-01
Hisense,"Hisense 65E8S - 65-inch Mini LED Smart TV, Hi-QLED MiniLED, 144Hz Native Gaming Mode, Built-in Subwoofer, Hi-View AI Engine, Total HDR Solution, Filmmaker Mode, Hands-Free Control",https://www.amazon.co.uk/dp/B0GQF24H9M,65.0,1227.32,1055.16,GBP,1227.32,Amazon,GB,2026-09-02T08:44:13Z,B0GQF24H9M,,,,,2026-07-01
Sony,"Sony BRAVIA 3 – Direct LED, X-Balanced Speaker, Dolby Vision/Atmos, IMAX Enhanced, Google TV (2025), Google Cast, Apple AirPlay 2, Eco Dashboard 2, Game Menu 2 – 85-inch",https://www.amazon.co.uk/dp/B0F29HDTWX,85.0,1859.89,1599.0,GBP,1859.89,Amazon,GB,2026-09-02T08:44:13Z,B0F29HDTWX,,,,,2026-07-01
Samsung,"Samsung Smart TV 50-Inch QN70H Neo QLED 4K Quantum Mini LED, HDR 10+, Motion Xcelerator, Adpative Sound+, Gaming Hub, Knox Security, Voice Control with AI(VAC), Alexa Built-in [2026]",https://www.amazon.co.uk/dp/B0GYZN5YMJ,50.0,813.05,699.0,GBP,813.05,Amazon,GB,2026-09-02T08:44:13Z,B0GYZN5YMJ,,,,,2026-07-01
LG,LG QNED71 50 Inch 4K QNED Mini LED Smart TV - 50QNED71B6B,https://www.amazon.co.uk/dp/B0HDD56Z3R,50.0,522.26,449.0,GBP,522.26,Amazon,GB,2026-09-02T08:44:13Z,B0HDD56Z3R,,,,,2026-07-01
TCL,"TCL 55P6K 55"" Direct LED TV, 4K HDR TV, Smart TV with Google TV Technology (Dolby Audio, Motion Clarity, Compatible with Google Assistant and Alexa)",https://www.amazon.co.uk/dp/B0F7RVDMKF,55.0,,,,,Amazon,GB,2026-09-02T08:44:13Z,B0F7RVDMKF,,,,,
Hisense,"Hisense 40A5S – 40"" Full HD LED TV, Smart TV VIDAA U7.6, USB-C Port (Mobile to TV), Dolby Audio & DTS HD, Bluetooth, WiFi, Black",https://www.amazon.co.uk/dp/B0GJ5WRCG2,40.0,353.15,303.61,GBP,353.15,Amazon,GB,2026-09-02T08:44:13Z,B0GJ5WRCG2,,,,,2026-07-01
Samsung,Samsung 65 Inch Crystal UHD U8020F Smart TV,https://www.amazon.co.uk/dp/B0F6VQS959,65.0,580.41,499.0,GBP,580.41,Amazon,GB,2026-09-02T08:44:13Z,B0F6VQS959,,,,,2026-07-01
Samsung,Samsung 75 Inch Crystal UHD U8020F Smart TV,https://www.amazon.co.uk/dp/B0F6VQZFCB,75.0,719.99,619.0,GBP,719.99,Amazon,GB,2026-09-02T08:44:13Z,B0F6VQZFCB,,,,,2026-07-01
Samsung,Samsung 85 Inch Crystal UHD U8020F Smart TV,https://www.amazon.co.uk/dp/B0F6VFTBDF,85.0,,,,,Amazon,GB,2026-09-02T08:44:13Z,B0F6VFTBDF,,,,,
LG,"LG 50QNED70A6A 50-Inch 4K UHD Smart TV (α7 AI Processor, Amazon Alexa, 60Hz) [Model 2025]",https://www.amazon.co.uk/dp/B0FDRCB9LJ,50.0,,,,,Amazon,GB,2026-09-02T08:44:13Z,B0FDRCB9LJ,,,,,
Hisense,"Smart TV Hisense 43A6Q 4K Ultra HD LED 43""",https://www.amazon.co.uk/dp/B0F4DF55P6,43.0,,,,,Amazon,GB,2026-09-02T08:44:13Z,B0F4DF55P6,,,,,
Hisense,Hisense Smart TV 50 Inch 4K Ultra HD 2025 50A6Q Smart TV VIDAA U8 Dolby Vision HDR 10 Game Mode Plus Alexa Built-in VIDAA Voice Tuner DVB-T2/S2 HEVC 10 Lativù 4K 50 Inch 2025 LED,https://www.amazon.co.uk/dp/B0F4D9YNHR,50.0,,,,,Amazon,GB,2026-09-02T08:44:13Z,B0F4D9YNHR,,,,,
Hisense,"Hisense Smart TV 65 Inch 4K Ultra HD 2025 65A6Q, Smart TV VIDAA U8, Dolby Vision, HDR 10, Game Mode Plus, Alexa Built-in, VIDAA Voice, Tuner DVB-T2/S2 HEVC 10, Lativù 4K, 65 Inch, 2025 LED",https://www.amazon.co.uk/dp/B0F4DCJ7K6,65.0,,,,,Amazon,GB,2026-09-02T08:44:13Z,B0F4DCJ7K6,,,,,
Philips,"Philips Ambilight 65PUS8200 4K LED Smart TV - 65 Inch Display with Pixel Precise, Ultra HD, Titan OS Platform and Dolby Atmos Sound, Works with Alexa and Google Voice Assistant",https://www.amazon.co.uk/dp/B0F24WL1VF,65.0,634.11,545.16,GBP,634.11,Amazon,GB,2026-09-02T08:44:13Z,B0F24WL1VF,,,,,2026-07-01
Toshiba,"Toshiba 65"" UV1563DB 4K Smart VIDAA TV, Ultra HD, Dolby Vision, HDR10, Freely, Disney+, Prime Video, Netflix, Audio Processing, Alexa & Google Assistant, VIDAA Voice 2025",https://www.amazon.co.uk/dp/B0FQNL8ZCD,65.0,440.84,379.0,GBP,440.84,Amazon,GB,2026-09-02T08:44:13Z,B0FQNL8ZCD,,,,,2026-07-01
Toshiba,"Toshiba 55”UV1563DB 4K Smart VIDAA TV, Ultra HD,Dolby Vision, HDR10, Freely, Disney+, Prime Video, Netflix, Dolby Audio Processing, Works with Alexa, Works with Google Assistant, VIDAA Voice 2025",https://www.amazon.co.uk/dp/B0FQNL6YMM,55.0,,,,,Amazon,GB,2026-09-02T08:44:13Z,B0FQNL6YMM,,,,,
Xiaomi,"XIAOMI TV F Pro 32, 32 Inch (81 cm), QLED, Smart TV, Fire TV, Dolby Audio™, DTS Virtual:X S-HD, Alexa Voice Control, Works with Apple AirPlay, [Model Year]",https://www.amazon.co.uk/dp/B0FCXVFVW5,32.0,150.05,129.0,GBP,150.05,Amazon,GB,2026-09-02T08:44:13Z,B0FCXVFVW5,,,,,2026-07-01
Xiaomi,"XIAOMI TV F Pro 50, 50 Inch (127 cm) 4K QLED Smart TV, Fire TV, HDR10",https://www.amazon.co.uk/dp/B0FCXVBZFT,50.0,312.89,269.0,GBP,312.89,Amazon,GB,2026-09-02T08:44:13Z,B0FCXVBZFT,,,,,2026-07-01
Xiaomi,"XIAOMI TV F Pro 55, 55 Inch (140 cm) 4K QLED Smart TV, Fire TV, HDR10+",https://www.amazon.co.uk/dp/B0FCXF1WKX,55.0,347.78,299.0,GBP,347.78,Amazon,GB,2026-09-02T08:44:13Z,B0FCXF1WKX,,,,,2026-07-01
Xiaomi,"XIAOMI TV F Pro 65, 65 Inch (165 cm) 4K QLED Smart TV, Fire TV, HDR10+",https://www.amazon.co.uk/dp/B0FCXTSCP9,65.0,522.26,449.0,GBP,522.26,Amazon,GB,2026-09-02T08:44:13Z,B0FCXTSCP9,,,,,2026-07-01
Xiaomi,"XIAOMI TV F Pro 75, 75 Inch (190 cm) 4K QLED Smart TV, Fire TV, HDR10+",https://www.amazon.co.uk/dp/B0FCY2PN68,75.0,,,,,Amazon,GB,2026-09-02T08:44:13Z,B0FCY2PN68,,,,,
Samsung,"Samsung Smart TV 75'' U8000F Crystal UHD 4K TV, Crystal Processor 4K, Motion Xcelerator, Gaming Hub, Knox Security, Metal Stream Design [2025]",https://www.amazon.co.uk/dp/B0F6VWDYJX,75.0,,,,,Amazon,GB,2026-09-02T08:44:13Z,B0F6VWDYJX,,,,,
Samsung,"Samsung Smart TV 43'' U8000F Crystal UHD 4K TV, Crystal Processor 4K, Motion Xcelerator, Gaming Hub, Knox Security, Metal Stream Design [2025]",https://www.amazon.co.uk/dp/B0F6VX56W8,43.0,,,,,Amazon,GB,2026-09-02T08:44:13Z,B0F6VX56W8,,,,,
Samsung,"Samsung Smart TV 50'' U8000F Crystal UHD 4K TV, Crystal Processor 4K, Motion Xcelerator, Gaming Hub, Knox Security, Metal Stream Design [2025]",https://www.amazon.co.uk/dp/B0F6VNSKL6,50.0,,,,,Amazon,GB,2026-09-02T08:44:13Z,B0F6VNSKL6,,,,,
Samsung,"Samsung Smart TV 55'' U8000F Crystal UHD 4K TV, Crystal Processor 4K, Motion Xcelerator, Gaming Hub, Knox Security, Metal Stream Design [2025]",https://www.amazon.co.uk/dp/B0F6VX1G23,55.0,,,,,Amazon,GB,2026-09-02T08:44:13Z,B0F6VX1G23,,,,,
Samsung,"Samsung Smart TV 85'' U8000F Crystal UHD 4K TV, Crystal Processor 4K, Motion Xcelerator, Gaming Hub, Knox Security, Metal Stream Design [2025]",https://www.amazon.co.uk/dp/B0F6VWNMFL,85.0,,,,,Amazon,GB,2026-09-02T08:44:13Z,B0F6VWNMFL,,,,,
Samsung,"Samsung DU8070 Crystal UHD 4K 55"" Smart TV, With Object Tracking Sound Lite, AirSlim, Gaming Hub, Crystal Processor 4K, Smart TV powered by Tizen, UE55DU8070UXXU, English Model (2024)",https://www.amazon.co.uk/dp/B0CYBPJKB2,55.0,,,,,Amazon,GB,2026-09-02T08:44:13Z,B0CYBPJKB2,,,,,
LG,"LG 50UA75006LA UHD UA75 50 Inch 4K Smart TV, α7 AI Processor Gen8, 60Hz, HDR10, Filmmaker Mode™, Google Cast, Apple AirPlay 2, Model Year 2025",https://www.amazon.co.uk/dp/B0GHP139W4,50.0,,,,,Amazon,GB,2026-09-02T08:44:13Z,B0GHP139W4,,,,,
LG,"LG 55UA75006LA UHD UA75 4K Smart TV, α7 AI Processor Gen8, 60Hz, HDR10, Filmmaker Mode™, Google Cast, Apple AirPlay 2, Model Year 2025",https://www.amazon.co.uk/dp/B0GTVYL47V,55.0,,,,,Amazon,GB,2026-09-02T08:44:13Z,B0GTVYL47V,,,,,
Hisense,"Hisense 85U7NQ 215 cm (85 Inch) TV, 4K Mini LED ULED HDR Smart TV, Quantum Dot, 120Hz/ 144Hz VRR, HDMI 2.1, Game Mode Pro, Dolby Vision IQ & Atmos, Bluetooth, Alexa Built-in, Anthracite, [2024]",https://www.amazon.co.uk/dp/B0D7CWPC5W,85.0,2477.28,2129.79,GBP,2477.28,Amazon,GB,2026-09-02T08:44:13Z,B0D7CWPC5W,,,,,2026-07-01
Hisense,"Hisense 50U7Q TV 50 Inches, 4K Mini LED ULED, Smart TV, Hi-View AI Engine, 144Hz Game Mode Pro, FreeSync Premium, Built in Subwoofer, Dolby Vision IQ Atmos, Airplay, Voice Control [2025]",https://www.amazon.co.uk/dp/B0F32KTJK8,50.0,,,,,Amazon,GB,2026-09-02T08:44:13Z,B0F32KTJK8,,,,,
Sony,"Sony BRAVIA 2Ⅱ75 Inch TV, 4K Smart TV (Google TV), X1 Processor, 4K Upscaling, Television with Dolby Atmos and DTS:X, PS5 compatibility, 75S25M2, 2026 Model",https://www.amazon.co.uk/dp/B0GZWGHNDY,75.0,1394.62,1199.0,GBP,1394.62,Amazon,GB,2026-09-02T08:44:13Z,B0GZWGHNDY,,,,,2026-07-01
Xiaomi,"XIAOMI TV 55 inch (109 cm), HD Smart TV Fire TV Dolby Audio L55MB-FAVEU",https://www.amazon.co.uk/dp/B0H45HMJY4,55.0,487.36,419.0,GBP,487.36,Amazon,GB,2026-09-02T08:44:13Z,B0H45HMJY4,,,,,2026-07-01
Xiaomi,"XIAOMI TV F 43, 43 Inch (109 cm) 4K UHD Smart TV, Fire TV, HDR10, MEMC",https://www.amazon.co.uk/dp/B0FCXR6FLL,43.0,,,,,Amazon,GB,2026-09-02T08:44:13Z,B0FCXR6FLL,,,,,
Xiaomi,"XIAOMI TV F 65, 65 Inch (165 cm) 4K UHD, Smart TV, Fire TV, HDR10, MEMC",https://www.amazon.co.uk/dp/B0FCYCDY13,65.0,,,,,Amazon,GB,2026-09-02T08:44:13Z,B0FCYCDY13,,,,,
Samsung,"Samsung Smart TV 75-Inch QN70H Neo QLED 4K Quantum Mini LED, HDR 10+, Motion Xcelerator, Adpative Sound+, Gaming Hub, Knox Security, Voice Control with AI(VAC), Alexa Built-in [2026]",https://www.amazon.co.uk/dp/B0GYZNNGNV,75.0,1743.57,1499.0,GBP,1743.57,Amazon,GB,2026-09-02T08:44:13Z,B0GYZNNGNV,,,,,2026-07-01
Samsung,"Samsung Smart TV 85-Inch QN70H Neo QLED 4K Quantum Mini LED, HDR 10+, Motion Xcelerator, Adpative Sound+, Gaming Hub, Knox Security, Voice Control with AI(VAC), Alexa Built-in [2026]",https://www.amazon.co.uk/dp/B0GYZMQPFY,85.0,2325.15,1999.0,GBP,2325.15,Amazon,GB,2026-09-02T08:44:13Z,B0GYZMQPFY,,,,,2026-07-01
Hisense,Hisense 50 Inch 50E6QTUK 4K Ultra HD Smart AI TV,https://www.amazon.co.uk/dp/B0F7W98BQK,50.0,324.52,279.0,GBP,324.52,Amazon,GB,2026-09-02T08:44:13Z,B0F7W98BQK,,,,,2026-07-01
Hisense,Hisense 75 Inch 75A6QTUK 4K Ultra HD Smart AI TV,https://www.amazon.co.uk/dp/B0F7W5WQYP,75.0,,,,,Amazon,GB,2026-09-02T08:44:13Z,B0F7W5WQYP,,,,,
Hisense,Hisense 85 Inch 85A6QTUK 4K Ultra HD Smart AI TV,https://www.amazon.co.uk/dp/B0F7WK9DLX,85.0,929.36,799.0,GBP,929.36,Amazon,GB,2026-09-02T08:44:13Z,B0F7WK9DLX,,,,,2026-07-01
Hisense,Hisense 43 Inch 43A6QTUK 4K Ultra HD Smart AI TV,https://www.amazon.co.uk/dp/B0F7WPP5YQ,43.0,,,,,Amazon,GB,2026-09-02T08:44:13Z,B0F7WPP5YQ,,,,,
Hisense,"Hisense 43 Inch 4K Smart TV 43E6NTUK - Dolby Vision, Game Mode PLUS with 60Hz VRR ALLM, Smooth Motion, AI Sports Mode, Vidaa OS with Freely, Youtube, Netflix and Disney+ & Now TV (2024 Model)",https://www.amazon.co.uk/dp/B0CYZWM1GJ,43.0,,,,,Amazon,GB,2026-09-02T08:44:13Z,B0CYZWM1GJ,,,,,
Toshiba,"Toshiba UF3F 55 Inch Fire 4K HDR TV, TRU Picture Engine, HDR10, Dolby Vision & Atmos, Sound by Onkyo, DTS Virtual X, Alexa Voice Remote",https://www.amazon.co.uk/dp/B0DCBYF2QN,55.0,366.63,315.2,GBP,366.63,Amazon,GB,2026-09-02T08:44:13Z,B0DCBYF2QN,,,,,2026-07-01
TCL,"TCL 50C6K-UK 50 Inch QD-Mini LED TV, 4K HDR Premium 1000nits, Smart TV Powered by Google TV (Dolby Vision IQ & Atmos, 144Hz Motion Clarity Pro)",https://www.amazon.co.uk/dp/B0H7BGSVPB,50.0,,,,,Amazon,GB,2026-09-02T08:44:13Z,B0H7BGSVPB,,,,,
Hisense,"Hisense 65"" 65E78QTUK PRO 144Hz QLED Smart AI TV - Hi-View AI Engine, 144Hz Game Mode PRO, Dolby Atmos, Quantum Dot Colour with Freely, Disney +, YouTube, Netflix",https://www.amazon.co.uk/dp/B0F7WDJ22C,65.0,685.1,589.0,GBP,685.1,Amazon,GB,2026-09-02T08:44:13Z,B0F7WDJ22C,,,,,2026-07-01
Hisense,"Hisense 85"" 85E78QTUK PRO 144Hz QLED Smart AI TV - Hi-View AI Engine, 144Hz Game Mode PRO, Dolby Atmos, Quantum Dot Colour with Freely, Disney +, YouTube, Netflix",https://www.amazon.co.uk/dp/B0F7W96P9T,85.0,1127.1,969.0,GBP,1127.1,Amazon,GB,2026-09-02T08:44:13Z,B0F7W96P9T,,,,,2026-07-01
Hisense,"Hisense 75"" 75E78QTUK PRO 144Hz QLED Smart AI TV - Hi-View AI Engine, 144Hz Game Mode PRO, Dolby Atmos, Quantum Dot Colour with Freely, Disney +, YouTube, Netflix",https://www.amazon.co.uk/dp/B0F7W3RHS3,75.0,,,,,Amazon,GB,2026-09-02T08:44:13Z,B0F7W3RHS3,,,,,
Hisense,"Hisense 100"" 100E78QTUK PRO 144Hz QLED Smart AI TV - Hi-View AI Engine, 144Hz Game Mode PRO, Dolby Atmos, Quantum Dot Colour with Freely, Disney +, YouTube, Netflix",https://www.amazon.co.uk/dp/B0F7WF4CC9,100.0,,,,,Amazon,GB,2026-09-02T08:44:13Z,B0F7WF4CC9,,,,,
LG,"LG OLED83C54LA 83-Inch OLEDevo 4K UHD Smart TV, (α9 AI Processor Gen7, Dolby Atmos, Freeview Play and Amazon Alexa, 120Hz) [Model 2025]",https://www.amazon.co.uk/dp/B0F3CZ77GD,83.0,4418.83,3799.0,GBP,4418.83,Amazon,GB,2026-09-02T08:44:13Z,B0F3CZ77GD,,,,,2026-07-01
LG,"LG OLED55C55LA 55-Inch OLEDevo 4K UHD Smart TV, (α9 AI Processor Gen7, Dolby Atmos, Freeview Play and Amazon Alexa, 120Hz) [Model 2025]",https://www.amazon.co.uk/dp/B0F14NCCQ1,55.0,,,,,Amazon,GB,2026-09-02T08:44:13Z,B0F14NCCQ1,,,,,
LG,"LG OLED77C55LA 77-Inch OLEDevo 4K UHD Smart TV, (α9 AI Processor Gen7, Dolby Atmos, Freeview Play and Amazon Alexa, 120Hz) [Model 2025]",https://www.amazon.co.uk/dp/B0F148V3DG,77.0,,,,,Amazon,GB,2026-09-02T08:44:13Z,B0F148V3DG,,,,,
TCL,TCL 40SF540K 40-inch FHD Smart Television - HDR & HLG-Dolby Audio-DTS Virtual X/DTS-HD-Metal Bezel-less-Dual-band Wifi 5-with Fire OS 7 system,https://www.amazon.co.uk/dp/B0CFM8SSS5,40.0,,,,,Amazon,GB,2026-09-02T08:44:13Z,B0CFM8SSS5,,,,,
TCL,"TCL 55Q6C-UK QD-Mini LED TV, 4K HDR Premium 1000nits, Smart TV Powered by Google TV (Dolby Vision IQ & Atmos, Onkyo 2.1 Sound System, 144Hz Motion Clarity Pro, 2025 Model)",https://www.amazon.co.uk/dp/B0DWF5XJ44,55.0,,,,,Amazon,GB,2026-09-02T08:44:13Z,B0DWF5XJ44,,,,,
TCL,"TCL 65Q6C-UK QD-Mini LED TV, 4K HDR Premium 1000nits, Smart TV Powered by Google TV (Dolby Vision IQ & Atmos, Onkyo 2.1 Sound System, 144Hz Motion Clarity Pro, 2025 Model)",https://www.amazon.co.uk/dp/B0DWDXMQCC,65.0,,,,,Amazon,GB,2026-09-02T08:44:13Z,B0DWDXMQCC,,,,,
TCL,"TCL 75Q6C-UK QD-Mini LED TV, 4K HDR Premium 1000nits, Smart TV Powered by Google TV (Dolby Vision IQ & Atmos, Onkyo 2.1 Sound System, 144Hz Motion Clarity Pro, 2025 Model)",https://www.amazon.co.uk/dp/B0DWF24YC5,75.0,,,,,Amazon,GB,2026-09-02T08:44:13Z,B0DWF24YC5,,,,,
TCL,"TCL 98Q6C-UK QD-Mini LED TV, 4K HDR Premium 1000nits, Smart TV Powered by Google TV (Dolby Vision IQ & Atmos, Matte HVA Panel, Onkyo 2.1 Sound System, 144Hz Motion Clarity Pro, 2025 Model)",https://www.amazon.co.uk/dp/B0DWF1SZPM,98.0,,,,,Amazon,GB,2026-09-02T08:44:13Z,B0DWF1SZPM,,,,,
Hisense,"Hisense 85"" 85E7QTUK QLED Smart AI TV - 4K Direct Lit Viewing, Quantum Dot Colour, Hi-View AI Engine, Dolby Vision, Dolby Atmos with Freely, Disney +, YouTube, Netflix",https://www.amazon.co.uk/dp/B0F7WHNQSG,85.0,1000.3,859.99,GBP,1000.3,Amazon,GB,2026-09-02T08:44:13Z,B0F7WHNQSG,,,,,2026-07-01
Sony,"Sony BRAVIA 5 – XR, Mini LED, AI XR Processor, Acoustic Multi-Audio, Dolby Vision/Atmos, IMAX Enhanced, Google TV (2025), Google Cast, Apple AirPlay 2, Eco Dashboard 2, Game Menu 2 – 98-inch",https://www.amazon.co.uk/dp/B0F29J81CM,98.0,4651.46,3999.0,GBP,4651.46,Amazon,GB,2026-09-02T08:44:13Z,B0F29J81CM,,,,,2026-07-01
Samsung,"Samsung 65"" S90F, NQ4 AI Gen3 Processor, 4K AI Upscaling Pro, OLED HDR+, Motion Xcelerator 144Hz, Samsung Vision AI, 2025",https://www.amazon.co.uk/dp/B0F6VQKK6Q,65.0,1394.62,1199.0,GBP,1394.62,Amazon,GB,2026-09-02T08:44:13Z,B0F6VQKK6Q,,,,,2026-07-01
Samsung,"Samsung 83"" S90F, NQ4 AI Gen3 Processor, 4K AI Upscaling Pro, OLED HDR+, Motion Xcelerator 144Hz, Samsung Vision AI, 2025",https://www.amazon.co.uk/dp/B0F6TQFXQL,83.0,3255.67,2799.0,GBP,3255.67,Amazon,GB,2026-09-02T08:44:13Z,B0F6TQFXQL,,,,,2026-07-01
Samsung,"Samsung 77"" S90F, NQ4 AI Gen3 Processor, 4K AI Upscaling Pro, OLED HDR+, Motion Xcelerator 144Hz, Samsung Vision AI, 2025",https://www.amazon.co.uk/dp/B0F6VHHS4R,77.0,,,,,Amazon,GB,2026-09-02T08:44:13Z,B0F6VHHS4R,,,,,
Samsung,"Samsung 42"" S90F, NQ4 AI Gen3 Processor, 4K AI Upscaling Pro, OLED HDR+, Motion Xcelerator 144Hz, Samsung Vision AI, 2025",https://www.amazon.co.uk/dp/B0F6TQC9SX,42.0,,,,,Amazon,GB,2026-09-02T08:44:13Z,B0F6TQC9SX,,,,,
Samsung,"Samsung 55"" S85F, NQ4 AI Gen2 Processor, 4K AI Upscaling, OLED HDR, PANTONE Validated, Samsung Vision AI, 2025 [Energy Class G]",https://www.amazon.co.uk/dp/B0DFCQ64HM,55.0,,,,,Amazon,GB,2026-09-02T08:44:13Z,B0DFCQ64HM,,,,,
Hisense,Hisense 32 Inch 32A4QTUK FHD LED TV with Freely,https://www.amazon.co.uk/dp/B0F7WHLF6M,32.0,173.31,149.0,GBP,173.31,Amazon,GB,2026-09-02T08:44:13Z,B0F7WHLF6M,,,,,2026-07-01
Hisense,"Hisense 40 Inch Smart TV 40A4NTUK - FHD Resolution, Natural Colour Enhancer, DTS Virtual:X & Dolby Audio, AI Sports Mode, VIDAA OS with Youtube, Netflix and Disney+ and Freeview Play (2024 Model)",https://www.amazon.co.uk/dp/B0CYCGW31V,40.0,,,,,Amazon,GB,2026-09-02T08:44:13Z,B0CYCGW31V,,,,,
Samsung,"Samsung 65"" 4K QN85F, NQ4 AI Gen2 Processor, 4K AI Upscaling, Neo Quantum HDR+, Glare Free, Samsung Vision AI, 2025",https://www.amazon.co.uk/dp/B0F6VP16LP,65.0,,,,,Amazon,GB,2026-09-02T08:44:13Z,B0F6VP16LP,,,,,
LG,"LG OLED AI B6 48-inch 4K Smart TV - OLED48B6ELC (α8 AI Processor 4K Gen3, 120Hz (VRR 120Hz), Dolby Vision, Dolby Atmos, FILMMAKER MODE™ [Model year 2026]",https://www.amazon.co.uk/dp/B0GT9QBJS1,48.0,,,,,Amazon,GB,2026-09-02T08:44:13Z,B0GT9QBJS1,,,,,
