brand_raw,raw_text,url,size_hint_inch,price_hint_eur,price_local,currency,price_eur,platform,country,scraped_at,asin,elkjop_sku,model_year,filter_year,source_brand,fx_rate_date
Samsung,"Samsung Smart TV 43-Inch U7020H Crystal UHD 4K TV, HDR10+, Motion Xcelerator, Dynamic Sound Pack, Gaming Hub, Knox Security, Vision AI Companion [2026]",https://www.amazon.co.uk/dp/B0GWJMJMKV,43.0,301.26,259.0,GBP,301.26,Amazon,GB,2026-09-12T08:42:28Z,B0GWJMJMKV,,,,,2026-07-01
Samsung,"Samsung Smart TV 55-Inch U7020H Crystal UHD 4K TV, HDR10+, Motion Xcelerator, Dynamic Sound Pack, Gaming Hub, Knox Security, Vision AI Companion [2026]",https://www.amazon.co.uk/dp/B0GWJGV816,55.0,405.94,349.0,GBP,405.94,Amazon,GB,2026-09-12T08:42:28Z,B0GWJGV816,,,,,2026-07-01
Samsung,"Samsung Smart TV 55-Inch U8000H Crystal UHD 4K TV, HDR10+, Motion Xcelerator, Dynamic Sound Pack, Gaming Hub, Knox Security, Vision AI Companion [2026]",https://www.amazon.co.uk/dp/B0GYZYM2DC,55.0,440.84,379.0,GBP,440.84,Amazon,GB,2026-09-12T08:42:28Z,B0GYZYM2DC,,,,,2026-07-01
Samsung,"Samsung Smart TV 55-Inch S84F 4K OLED Television for Live Football & Home Cinema, OLED HDR, 4K AI Upscaling, Motion Xcelerator 120Hz Gaming TV, Dolby Atmos, Vision AI [2025] [Energy Class G]",https://www.amazon.co.uk/dp/B0G96NWP4X,55.0,847.94,729.0,GBP,847.94,Amazon,GB,2026-09-12T08:42:28Z,B0G96NWP4X,,,,,2026-07-01
Samsung,"Samsung Smart TV 50-Inch U8000H Crystal UHD 4K TV, HDR10+, Motion Xcelerator, Dynamic Sound Pack, Gaming Hub, Knox Security, Vision AI Companion [2026]",https://www.amazon.co.uk/dp/B0GYZN51TT,50.0,359.42,309.0,GBP,359.42,Amazon,GB,2026-09-12T08:42:28Z,B0GYZN51TT,,,,,2026-07-01
Samsung,"Samsung Smart TV M1EH 43-Inch, 4K Mini LED, Vision AI Companion [2026] | Mini LED HDR, Motion Xcelerator, Dynamic Sound Pa...",https://www.amazon.co.uk/dp/B0GYZ3H27Q,43.0,382.68,329.0,GBP,382.68,Amazon,GB,2026-09-12T08:42:28Z,B0GYZ3H27Q,,,,,2026-07-01
Samsung,"Samsung Smart TV 43-Inch U8000H Crystal UHD 4K TV, HDR10+, Motion Xcelerator, Dynamic Sound Pack, Gaming Hub, Knox Security, Vision AI Companion [2026]",https://www.amazon.co.uk/dp/B0GYZQ5XDK,43.0,301.26,259.0,GBP,301.26,Amazon,GB,2026-09-12T08:42:28Z,B0GYZQ5XDK,,,,,2026-07-01
Samsung,"Samsung Smart TV 65-Inch U7020H Crystal UHD 4K TV, HDR10+, Motion Xcelerator, Dynamic Sound Pack, Gaming Hub, Knox Security, Vision AI Companion [2026]",https://www.amazon.co.uk/dp/B0GWJ51X7T,65.0,545.52,469.0,GBP,545.52,Amazon,GB,2026-09-12T08:42:28Z,B0GWJ51X7T,,,,,2026-07-01
Samsung,Samsung 55 Inch Crystal UHD U8020F Smart TV,https://www.amazon.co.uk/dp/B0F6VSSSWX,55.0,378.03,325.0,GBP,378.03,Amazon,GB,2026-09-12T08:42:28Z,B0F6VSSSWX,,,,,2026-07-01
LG,"LG 43QNED70A6A 43-Inch 4K UHD Smart TV (α7 AI Processor, Amazon Alexa, 60Hz) [Model 2025]",https://www.amazon.co.uk/dp/B0FDR8BQMX,43.0,325.67,279.99,GBP,325.67,Amazon,GB,2026-09-12T08:42:28Z,B0FDR8BQMX,,,,,2026-07-01
Samsung,"Samsung Smart TV M1EH 65-Inch, 4K Mini LED, Vision AI Companion [2026] | Mini LED HDR, Motion Xcelerator, Dynamic Sound Pa...",https://www.amazon.co.uk/dp/B0GYZ8PPP8,65.0,673.47,579.0,GBP,673.47,Amazon,GB,2026-09-12T08:42:28Z,B0GYZ8PPP8,,,,,2026-07-01
Samsung,"Samsung Smart TV 43 Inch U8020H Crystal UHD 4K TV, HDR10+, Motion Xcelerator, Dynamic Sound Pack, Gaming Hub, Knox Security, Vision AI Companion [2026]",https://www.amazon.co.uk/dp/B0GYZRNZBY,43.0,301.26,259.0,GBP,301.26,Amazon,GB,2026-09-12T08:42:28Z,B0GYZRNZBY,,,,,2026-07-01
Samsung,"Samsung Smart TV Q5F 32-Inch, QLED Full HD, Quantum Dot Colour, HDR, Contrast Enhancer, Tizen OS, Gaming Hub, Slim Look Design, [2026]",https://www.amazon.co.uk/dp/B0GYZ8D9HC,32.0,382.68,329.0,GBP,382.68,Amazon,GB,2026-09-12T08:42:28Z,B0GYZ8D9HC,,,,,2026-07-01
Hisense,"Hisense 43 Inch 43E6QTUK 4K Ultra HD Smart AI TV | 4K UHD, Hi-View AI Engine, Precision Colour, AI Smooth Motion and Sport...",https://www.amazon.co.uk/dp/B0F7WLZN2T,43.0,266.36,229.0,GBP,266.36,Amazon,GB,2026-09-12T08:42:28Z,B0F7WLZN2T,,,,,2026-07-01
Samsung,"Samsung Smart TV 55-Inch Mini LED M70H 4K, UHD TV, Mini LED HDR, Motion Xcelerator 144Hz, Dynamic Sound Pack, AI Companion for questions [2026]",https://www.amazon.co.uk/dp/B0GYZ8BPJN,55.0,502.48,432.0,GBP,502.48,Amazon,GB,2026-09-12T08:42:28Z,B0GYZ8BPJN,,,,,2026-07-01
Samsung,"Samsung 75"" QLED QEF1 4K, Q4 AI Processor, Knox Security, 100% Colour Volume with Quantum Dot, Endless Free Content, Samsung Vision AI Smart TV, 2025",https://www.amazon.co.uk/dp/B0F6TQHG7P,75.0,871.2,749.0,GBP,871.2,Amazon,GB,2026-09-12T08:42:28Z,B0F6TQHG7P,,,,,2026-07-01
Samsung,"Samsung 32 Inch, 720p, T4300 LED HDR Smart TV With Contrast Enhancer, Ultra Clean View & Purcolour Image Technology Built-In, HDMI, USB, Easy To Set Up, App Connectivity",https://www.amazon.co.uk/dp/B089RR148Y,32.0,,,,,Amazon,GB,2026-09-12T08:42:28Z,B089RR148Y,,,,,
Samsung,"Samsung Smart TV 32-Inch LS03C The Frame Television [2025] | Object Tracking Sound Lite, Tizen OS & Gaming Hub, QLED Techn...",https://www.amazon.co.uk/dp/B0C2VJ1QR5,32.0,371.05,319.0,GBP,371.05,Amazon,GB,2026-09-12T08:42:28Z,B0C2VJ1QR5,,,,,2026-07-01
Samsung,"Samsung 40-Inch Class Full HD F6000 Smart TV (2025 Model) HDR, Object Tracking Sound Lite, Knox Security, One UI Tizen, Sm...",https://www.amazon.co.uk/dp/B0DXN1CFFR,40.0,,,,,Amazon,GB,2026-09-12T08:42:28Z,B0DXN1CFFR,,,,,
Xiaomi,"XIAOMI TV F 32, 32 Inch (81 cm) HD Smart TV, Fire TV, Dolby Audio | DTS Virtual:X, Alexa, DTS-HD, Voice Control, Works wit...",https://www.amazon.co.uk/dp/B0FCXRJ6V5,32.0,138.42,119.0,GBP,138.42,Amazon,GB,2026-09-12T08:42:28Z,B0FCXRJ6V5,,,,,2026-07-01
Samsung,"Samsung Smart TV 43-Inch QN70H Neo QLED 4K Quantum Mini LED, HDR 10+, Motion Xcelerator, Adpative Sound+, Gaming Hub, Knox Security, Voice Control with AI(VAC), Alexa Built-in [2026]",https://www.amazon.co.uk/dp/B0GYZ7Z8B5,43.0,580.41,499.0,GBP,580.41,Amazon,GB,2026-09-12T08:42:28Z,B0GYZ7Z8B5,,,,,2026-07-01
Samsung,"Samsung Smart TV 55'' U7000F Crystal UHD 4K TV, Crystal Processor 4K, Object Tracking Sound Lite, Endless Free Content, Gaming Hub, Knox Security, Metal Stream Design [2025]",https://www.amazon.co.uk/dp/B0F6VSNLRR,55.0,,,,,Amazon,GB,2026-09-12T08:42:28Z,B0F6VSNLRR,,,,,
Samsung,Samsung 43 Inch QLED Q7F2 AI Smart TV,https://www.amazon.co.uk/dp/B0F6NH7ZPD,43.0,347.78,299.0,GBP,347.78,Amazon,GB,2026-09-12T08:42:28Z,B0F6NH7ZPD,,,,,2026-07-01
Samsung,"Samsung Smart TV 65-Inch U8000H Crystal UHD 4K TV, HDR10+, Motion Xcelerator, Dynamic Sound Pack, Gaming Hub, Knox Security, Vision AI Companion [2026]",https://www.amazon.co.uk/dp/B0GYZQXH2Y,65.0,580.41,499.0,GBP,580.41,Amazon,GB,2026-09-12T08:42:28Z,B0GYZQXH2Y,,,,,2026-07-01
Samsung,"Samsung 65"" S90F, NQ4 AI Gen3 Processor, 4K AI Upscaling Pro, OLED HDR+, Motion Xcelerator 144Hz, Samsung Vision AI, 2025",https://www.amazon.co.uk/dp/B0F6VQKK6Q,65.0,1394.62,1199.0,GBP,1394.62,Amazon,GB,2026-09-12T08:42:28Z,B0F6VQKK6Q,,,,,2026-07-01
Samsung,"Samsung Smart TV 50-Inch Mini LED M70H 4K, UHD TV, Mini LED HDR, Motion Xcelerator 144Hz, Dynamic Sound Pack, AI Companion for questions [2026]",https://www.amazon.co.uk/dp/B0GYZLNCX6,50.0,498.99,429.0,GBP,498.99,Amazon,GB,2026-09-12T08:42:28Z,B0GYZLNCX6,,,,,2026-07-01
Samsung,"Samsung Smart TV 43'' U8000F Crystal UHD 4K TV, Crystal Processor 4K, Motion Xcelerator, Gaming Hub, Knox Security, Metal Stream Design [2025]",https://www.amazon.co.uk/dp/B0F6VX56W8,43.0,,,,,Amazon,GB,2026-09-12T08:42:28Z,B0F6VX56W8,,,,,
Samsung,"Samsung Smart TV 43"" Q7FA QLED 4K TV, Real QLED Certified, Q4 AI Processor, 100% Colour Volume with Quantum Dot, Knox Security, Endless Free Content, Samsung Vision AI [2025]",https://www.amazon.co.uk/dp/B0F6VTV71J,43.0,,,,,Amazon,GB,2026-09-12T08:42:28Z,B0F6VTV71J,,,,,
Samsung,"Samsung Smart TV 50"" Q7F2 QLED 4K TV, Real QLED Certified, Q4 AI Processor, 100% Colour Volume with Quantum Dot, Knox Security, Endless Free Content, Samsung Vision AI [2025]",https://www.amazon.co.uk/dp/B0F6NSJWL9,50.0,417.57,359.0,GBP,417.57,Amazon,GB,2026-09-12T08:42:28Z,B0F6NSJWL9,,,,,2026-07-01
Samsung,"Samsung 65"" Q7F5 Vision AI 4K Smart TV, Q4 AI Processor, Bixby Voice Assistant, Quantum HDR, Object Tracking Sound Lite, One UI Tizen, 2025",https://www.amazon.co.uk/dp/B0F6VKL1P2,65.0,696.73,599.0,GBP,696.73,Amazon,GB,2026-09-12T08:42:28Z,B0F6VKL1P2,,,,,2026-07-01
Samsung,Samsung 32 Inch HD H5000 Smart TV,https://www.amazon.co.uk/dp/B0F6VMCYRW,32.0,,,,,Amazon,GB,2026-09-12T08:42:28Z,B0F6VMCYRW,,,,,
Samsung,"Samsung Q7F 43"" 4K Ultra HD QLED Smart TV",https://www.amazon.co.uk/dp/B0FM3ZTMKS,43.0,,,,,Amazon,GB,2026-09-12T08:42:28Z,B0FM3ZTMKS,,,,,
Samsung,"Samsung TV 24"" LED FHD 4K SmartTV TU24F6005FKXXC [Country Version French, Spanish, Portuguese]...[Country Version French, Spanish, Portuguese]",https://www.amazon.co.uk/dp/B0F22BB8VV,24.0,258.09,221.89,GBP,258.09,Amazon,GB,2026-09-12T08:42:28Z,B0F22BB8VV,,,,,2026-07-01
Samsung,"Samsung QLED Q7F 50"" 4K Smart TV with AI Vision, 100% Color Volume with Quantum Dot, HDR10+, Q4 AI Processor, One UI Tizen, Wi-Fi, Bluetooth 5.3 and Motion Xcelerator",https://www.amazon.co.uk/dp/B0FFSVPJ7Y,50.0,,,,,Amazon,GB,2026-09-12T08:42:28Z,B0FFSVPJ7Y,,,,,
Samsung,"Samsung 65"" QLED Q7FA 4K, Q4 AI Processor, 100% Colour Volume with Quantum Dot, Knox Security, Endless Free Content, Samsung Vision AI Smart TV, 2025",https://www.amazon.co.uk/dp/B0F6VXNQ6C,65.0,,,,,Amazon,GB,2026-09-12T08:42:28Z,B0F6VXNQ6C,,,,,
Samsung,"Samsung QLED Q7F 4K 55"" Smart TV with AI Vision, 100% Color Volume with Quantum Dot, HDR10+, Q4 AI Processor, One UI Tizen, Wi-Fi, Bluetooth 5.3 and Motion Xcelerator",https://www.amazon.co.uk/dp/B0FM8SY9ZK,55.0,,,,,Amazon,GB,2026-09-12T08:42:28Z,B0FM8SY9ZK,,,,,
LG,LG 43LR60006LA 43-Inch FHD Smart TV (alpha 5 AI Processor Gen6,https://www.amazon.co.uk/dp/B0FR5HDG5Q,43.0,,,,,Amazon,GB,2026-09-12T08:42:28Z,B0FR5HDG5Q,,,,,
Samsung,"Samsung 55"" 4K QN80F, NQ4 AI Gen2 Processor, 4K AI Upscaling, Quantum Matrix Technology Core, OTS Lite, Samsung Vision AI,...",https://www.amazon.co.uk/dp/B0DF6Q5TFX,55.0,,,,,Amazon,GB,2026-09-12T08:42:28Z,B0DF6Q5TFX,,,,,
Samsung,"Samsung Smart TV 43-Inch Mini LED M72H 4K, UHD TV, Mini LED HDR, Motion Xcelerator, Dynamic Sound Pack, AI Companion for questions [2026]",https://www.amazon.co.uk/dp/B0GYZ7Q2ZH,43.0,405.94,349.0,GBP,405.94,Amazon,GB,2026-09-12T08:42:28Z,B0GYZ7Q2ZH,,,,,2026-07-01
Samsung,SAMSUNG QLED TV 50 Inch QE50Q60CAU,https://www.amazon.co.uk/dp/B0C2777WL7,50.0,,,,,Amazon,GB,2026-09-12T08:42:28Z,B0C2777WL7,,,,,
Samsung,"Samsung 55"" Neo QLED QN1EF 4K, NQ4 AI Processor, Quantum Matrix Technology, Vision AI Smart TV, 2025",https://www.amazon.co.uk/dp/B0F6VVTMY5,55.0,696.73,599.0,GBP,696.73,Amazon,GB,2026-09-12T08:42:28Z,B0F6VVTMY5,,,,,2026-07-01
Samsung,"Samsung 43"" Q8F, Q4 Ai Processor, Quantum HDR+, Motion Xcelerator, Air Slim Design, Samsung Vision AI, 2025",https://www.amazon.co.uk/dp/B0F6VKLHR6,43.0,439.64,377.97,GBP,439.64,Amazon,GB,2026-09-12T08:42:28Z,B0F6VKLHR6,,,,,2026-07-01
Samsung,"Samsung 50"" 4K QN90F, NQ4 AI Gen3 Processor, 4K AI Upscaling Pro, Neo Quantum HDR+, Glare Free, Samsung Vision AI, 2025",https://www.amazon.co.uk/dp/B0DFVV7WT1,50.0,,,,,Amazon,GB,2026-09-12T08:42:28Z,B0DFVV7WT1,,,,,
Samsung,"Samsung HD Smart TV 32'' UE32H5000FKXZT HD, Hyper Real Processor, HDR & Pur Color, Smart Experience, OTS Lite & Adaptive Sound, SlimLook Design, 2025",https://www.amazon.co.uk/dp/B0DF6NHYS6,32.0,408.51,351.21,GBP,408.51,Amazon,GB,2026-09-12T08:42:28Z,B0DF6NHYS6,,,,,2026-07-01
Samsung,"Samsung 55 Inch AU7020 UHD HDR 4K Smart TV (2023) - Crystal UHD 4K Smart TV With HDR Picture, Adaptive Sound Lite, PurColour Colour Technology & Q-Symphony Sound - Compatible With Alexa",https://www.amazon.co.uk/dp/B0CH3JJN66,55.0,,,,,Amazon,GB,2026-09-12T08:42:28Z,B0CH3JJN66,,,,,
LG,"LG LED AI LB650B 32 inch HD Smart TV - 32LB650B6LA (α5 AI Processor Gen9, 60Hz, HDR10, Google Cast, Apple AirPlay 2) [Model year 2026]",https://www.amazon.co.uk/dp/B0H1RT2T4S,32.0,162.83,139.99,GBP,162.83,Amazon,GB,2026-09-12T08:42:28Z,B0H1RT2T4S,,,,,2026-07-01
Samsung,"Samsung 65"" 4K QN70F, NQ4 AI Gen2 Processor, 4K AI Upscaling, Quantum Matrix Technology Slim, OTS Lite, Samsung Vision AI,...",https://www.amazon.co.uk/dp/B0DF989T6J,65.0,871.2,749.0,GBP,871.2,Amazon,GB,2026-09-12T08:42:28Z,B0DF989T6J,,,,,2026-07-01
Samsung,Samsung QE65Q60C 65 inch Smart 4K HDR QLED TV,https://www.amazon.co.uk/dp/B0BX76B4V8,65.0,,,,,Amazon,GB,2026-09-12T08:42:28Z,B0BX76B4V8,,,,,
Samsung,"Samsung 55"" 4K QN85F, NQ4 AI Gen2 Processor, 4K AI Upscaling, Neo Quantum HDR+, Glare Free, Samsung Vision AI, 2025",https://www.amazon.co.uk/dp/B0F6VD73DY,55.0,871.2,749.0,GBP,871.2,Amazon,GB,2026-09-12T08:42:28Z,B0F6VD73DY,,,,,2026-07-01
Samsung,"Samsung Smart TV 55-Inch R85H Micro RGB 4K, HDR+, Motion Xcelerator 144Hz, Dolby Atmos & OTS Lite, Gaming Hub, FreeSync Premium Pro, Knox Security, Vision AI Companion, Alexa Built-in [2026]",https://www.amazon.co.uk/dp/B0GYZNYXH2,55.0,1394.62,1199.0,GBP,1394.62,Amazon,GB,2026-09-12T08:42:28Z,B0GYZNYXH2,,,,,2026-07-01
Hisense,"Hisense 43"" 43E78QTUK QLED Smart AI TV - 4K Direct Lit Viewing, Quantum Dot Colour, Hi-View AI Engine, Dolby Vision, Dolby Atmos with Freely, Disney +, YouTube, Netflix",https://www.amazon.co.uk/dp/B0F7WM1171,43.0,312.89,269.0,GBP,312.89,Amazon,GB,2026-09-12T08:42:28Z,B0F7WM1171,,,,,2026-07-01
Samsung,"Samsung Smart TV 65-Inch U7000H Crystal UHD 4K TV, HDR10+, Motion Xcelerator, Dynamic Sound Pack, Gaming Hub, Knox Security, Vision AI Companion [2026]",https://www.amazon.co.uk/dp/B0GZ342L5C,65.0,545.52,469.0,GBP,545.52,Amazon,GB,2026-09-12T08:42:28Z,B0GZ342L5C,,,,,2026-07-01
Samsung,"Samsung 50"" The Frame LS03FA, NQ4 AI Gen2 Processor, QLED, Matte Display, Modern Frame Design & Art Mode, Samsung Vision A...",https://www.amazon.co.uk/dp/B0F5WXCBK1,50.0,745.58,641.0,GBP,745.58,Amazon,GB,2026-09-12T08:42:28Z,B0F5WXCBK1,,,,,2026-07-01
Samsung,"Samsung QES90F 42"" 4K Ultra HD OLED HDR Smart TV - QE42S90F",https://www.amazon.co.uk/dp/B0FNRXK2HX,42.0,,,,,Amazon,GB,2026-09-12T08:42:28Z,B0FNRXK2HX,,,,,
Samsung,"Samsung 55QN70F Neo QLED Smart TV, Mini LED, 138 cm, 4K Ultra HD (2025)",https://www.amazon.co.uk/dp/B0F9X28L93,55.0,,,,,Amazon,GB,2026-09-12T08:42:28Z,B0F9X28L93,,,,,
Samsung,Samsung T28E310 28 -inch LCD 50 Hz TV,https://www.amazon.co.uk/dp/B013DUSOZG,28.0,1522.57,1309.0,GBP,1522.57,Amazon,GB,2026-09-12T08:42:28Z,B013DUSOZG,,,,,2026-07-01
Samsung,"Samsung Smart TV 55-Inch S95H OLED 4K, Glare-Free, HDR 10+, Motion Xcelerator 165Hz, Dolby Atmos, Gaming Hub, FreeSync Premium Pro, G-Sync, Voice Control with AI(VAC), Alexa Built-in [2026]",https://www.amazon.co.uk/dp/B0GYZ7VDN9,55.0,2441.46,2099.0,GBP,2441.46,Amazon,GB,2026-09-12T08:42:28Z,B0GYZ7VDN9,,,,,2026-07-01
Samsung,"Samsung Smart TV 65-Inch QN80H Neo QLED 4K, Quantum Mini LED, NQ HDR+, Motion Xcelerator 144Hz, Dolby Atmos & OTS Lite, Gaming Hub, FreeSync Premium Pro, Knox Security, Vision AI, Alexa [2026]",https://www.amazon.co.uk/dp/B0GYZ81N5V,65.0,1394.62,1199.0,GBP,1394.62,Amazon,GB,2026-09-12T08:42:28Z,B0GYZ81N5V,,,,,2026-07-01
Xiaomi,"XIAOMI TV F Pro 32, 32 Inch (81 cm) QLED Smart TV, Fire TV, Dolby Audio | DTS Virtual:X, DTS-HD, Alexa Voice Control, Work...",https://www.amazon.co.uk/dp/B0FCXVFVW5,32.0,173.31,149.0,GBP,173.31,Amazon,GB,2026-09-12T08:42:28Z,B0FCXVFVW5,,,,,2026-07-01
Samsung,Samsung OLED 55 Inch S93F AI Smart TV,https://www.amazon.co.uk/dp/B0F6VX3S9N,55.0,,,,,Amazon,GB,2026-09-12T08:42:28Z,B0F6VX3S9N,,,,,
Samsung,"Samsung UE32T4300AK 81,3 cm (32"") HD Smart TV Wi-Fi Nero",https://www.amazon.co.uk/dp/B08V1XJC1G,32.0,,,,,Amazon,GB,2026-09-12T08:42:28Z,B08V1XJC1G,,,,,
Samsung,"Samsung Smart TV QN1EH 65-Inch, Neo QLED 4K, Glare-Free, NQ HDR, Motion Xcelerator, Object Tracking Sound Lite with Gaming Hub and Vision AI Companion, & Alexa Built-in [2026]",https://www.amazon.co.uk/dp/B0GYZ7V6SB,65.0,1045.68,899.0,GBP,1045.68,Amazon,GB,2026-09-12T08:42:28Z,B0GYZ7V6SB,,,,,2026-07-01
Samsung,Samsung QE32LS03C 32-inch QLED TV The Frame,https://www.amazon.co.uk/dp/B0BWFPKGMZ,32.0,369.88,318.0,GBP,369.88,Amazon,GB,2026-09-12T08:42:28Z,B0BWFPKGMZ,,,,,2026-07-01
Samsung,Samsung 98 Inch Neo QLED 4K with Mini LED QN93F Glare Free AI Smart TV,https://www.amazon.co.uk/dp/B0DFVVHSH1,98.0,4651.46,3999.0,GBP,4651.46,Amazon,GB,2026-09-12T08:42:28Z,B0DFVVHSH1,,,,,2026-07-01
Samsung,"Samsung Smart TV 48-Inch S83H, 4K OLED, Motion Xcelerator 120Hz [2026] | AI Upscaling, OLED HDR, Gaming Optimiser, Vision ...",https://www.amazon.co.uk/dp/B0GYZS4PML,48.0,1278.31,1099.0,GBP,1278.31,Amazon,GB,2026-09-12T08:42:28Z,B0GYZS4PML,,,,,2026-07-01
Samsung,"Samsung QE43LS05TAUXZT Smart TV 43"" The Sero, QLED 4K, Ultra HD, Adjustable TV with Mobile View and Built-in 60W 4.1 Speakers, Wi-Fi, Blue Navy, 2020, Built-in Alexa, Google Assistant Compatible",https://www.amazon.co.uk/dp/B08B7X7VSD,43.0,5454.04,4689.0,GBP,5454.04,Amazon,GB,2026-09-12T08:42:28Z,B08B7X7VSD,,,,,2026-07-01
Samsung,"Samsung Series 9 DU9000 98"" 4K Ultra HD Smart TV",https://www.amazon.co.uk/dp/B0D1YJ8BGQ,98.0,1743.57,1499.0,GBP,1743.57,Amazon,GB,2026-09-12T08:42:28Z,B0D1YJ8BGQ,,,,,2026-07-01
Samsung,Samsung 75 Inch Neo QLED 4K with Mini LED QN73F AI Smart TV,https://www.amazon.co.uk/dp/B0DF8ZYD27,75.0,1394.62,1199.0,GBP,1394.62,Amazon,GB,2026-09-12T08:42:28Z,B0DF8ZYD27,,,,,2026-07-01
Samsung,"Samsung 55"" S95F, NQ4 AI Gen3 Processor, 4K AI Upscaling,OLED HDR Pro, Motion Xcelerator 165Hz, Samsung Vision AI, 2025",https://www.amazon.co.uk/dp/B0F6TQKN1T,55.0,1569.1,1349.0,GBP,1569.1,Amazon,GB,2026-09-12T08:42:28Z,B0F6TQKN1T,,,,,2026-07-01
Samsung,"Samsung Smart TV 42 Inch S90H OLED 4K, Glare-Free, HDR10+, Motion Xcelerator 165Hz, Dolby Atmos & OTS Lite, Gaming Hub, FreeSync Premium Pro, Knox Security, AI Voice Control, Alexa Built-in [2026]",https://www.amazon.co.uk/dp/B0GYZ7MZ2Q,42.0,1278.31,1099.0,GBP,1278.31,Amazon,GB,2026-09-12T08:42:28Z,B0GYZ7MZ2Q,,,,,2026-07-01
Samsung,"Samsung Smart TV 48 Inch S93H OLED 4K, Glare Free, HDR10+, Motion Xcelerator 165Hz, Dolby Atmos & OTS, Dual Tuner, Gaming Hub, FreeSync Premium Pro, Knox Security, AI Voice Control, Alexa [2026]",https://www.amazon.co.uk/dp/B0GYZPYYGB,48.0,1278.31,1099.0,GBP,1278.31,Amazon,GB,2026-09-12T08:42:28Z,B0GYZPYYGB,,,,,2026-07-01
Samsung,"Samsung Neo QLED 8K 2024 75QN800D 75"" Smart TV with 8K Resolution, More Speakers Than Ever With Dolby Atmos and Q-Symphony, the Best Smart TV and No Cables with Slim One Connect",https://www.amazon.co.uk/dp/B0CSDRC72L,75.0,5245.24,4509.49,GBP,5245.24,Amazon,GB,2026-09-12T08:42:28Z,B0CSDRC72L,,,,,2026-07-01
Samsung,Samsung 75 Inch Neo QLED 8K with Mini LED QN990F Glare Free AI Smart TV,https://www.amazon.co.uk/dp/B0F6VNWY7T,75.0,,,,,Amazon,GB,2026-09-12T08:42:28Z,B0F6VNWY7T,,,,,
Samsung,"Samsung Smart TV 27-Inch The Movingstyle QHD Portable Television [2025] | Touch Screen, Built-in Battery, 120Hz Gaming TV,...",https://www.amazon.co.uk/dp/B0G98STGYR,27.0,1161.99,999.0,GBP,1161.99,Amazon,GB,2026-09-12T08:42:28Z,B0G98STGYR,,,,,2026-07-01
Samsung,"Samsung Smart TV 65-Inch LS03HW The Frame Pro, 4K Neo QLED, Art Mode, Modern Frame Design, Glare Free, HDR10+, Motion Xcelerator 144Hz, Dolby Atmos, Vision AI Companion, Alexa [2026]",https://www.amazon.co.uk/dp/B0GYZRF1HD,65.0,2092.52,1799.0,GBP,2092.52,Amazon,GB,2026-09-12T08:42:28Z,B0GYZRF1HD,,,,,2026-07-01
Samsung,Samsung QN32LS03CBFXZA 32 Inch The Frame QLED Smart TV with Art Mode and 2 Year Amber Protection Plan (2023),https://www.amazon.co.uk/dp/B0D4SSM4V1,32.0,382.68,329.0,GBP,382.68,Amazon,GB,2026-09-12T08:42:28Z,B0D4SSM4V1,,,,,2026-07-01
Samsung,"Samsung QN88D 55"" Neo QLED 4K, Quantum Matrix Technology, Dolby Atmos, NQ4 AI Gen2 Processor, Neo Quantum HDR, Motion Xcelerator 120Hz, QE55QN88DBTXXU, English Model (2024)",https://www.amazon.co.uk/dp/B0CYBTHTX2,55.0,929.36,799.0,GBP,929.36,Amazon,GB,2026-09-12T08:42:28Z,B0CYBTHTX2,,,,,2026-07-01
Samsung,"Samsung QLED TV 2023 98Q80C 98"" Smart TV, Direct Full Array, Quantum HDR 1500, 60W with Dolby Atmos, 4K QLED Processor and Motion Xcelerator Turbo+",https://www.amazon.co.uk/dp/B0BVG8GYC8,98.0,6905.99,5937.29,GBP,6905.99,Amazon,GB,2026-09-12T08:42:28Z,B0BVG8GYC8,,,,,2026-07-01
Samsung,"Samsung QE77S91FAEXXU 77"" S91F 4K OLED HDR+ WIFI & Bluetooth enabled Motion Xcelerator 144Hz 4 HDMI, 2 USB, Vision AI Smart TV - Alexa Voice Assistant",https://www.amazon.co.uk/dp/B0GH1RR8CB,77.0,2208.83,1899.0,GBP,2208.83,Amazon,GB,2026-09-12T08:42:28Z,B0GH1RR8CB,,,,,2026-07-01
Samsung,Samsung HG46EC890 200 Hz TV,https://www.amazon.co.uk/dp/B00JA5AUGK,46.0,1163.14,999.99,GBP,1163.14,Amazon,GB,2026-09-12T08:42:28Z,B00JA5AUGK,,,,,2026-07-01
Samsung,SAMSUNG 75DU7105 - LED TV 75 (190 cm) - 4K UHD 3840x2160 - HDR - Smart TV - Gaming Hub - 3xHDMI - WiFi,https://www.amazon.co.uk/dp/B0CSPNT5L1,75.0,1067.42,917.69,GBP,1067.42,Amazon,GB,2026-09-12T08:42:28Z,B0CSPNT5L1,,,,,2026-07-01
Philips,"PHILIPS Ambilight 43PUS8200 4K LED Smart TV - 43 Inch Display with Pixel Precise, Ultra HD, Titan OS Platform and Dolby Atmos Sound, Works with Alexa and Google Voice Assistant",https://www.amazon.co.uk/dp/B0F24V6J2B,43.0,231.47,199.0,GBP,231.47,Amazon,GB,2026-09-12T08:42:28Z,B0F24V6J2B,,,,,2026-07-01
LG,"LG 32LQ63806LC 32inch LED Full HD Smart TV, Model 2024",https://www.amazon.co.uk/dp/B0D17VJPSD,32.0,203.55,175.0,GBP,203.55,Amazon,GB,2026-09-12T08:42:28Z,B0D17VJPSD,,,,,2026-07-01
Samsung,Samsung 85 Inch Neo QLED 8K with Mini LED QN900F Glare Free AI Smart TV,https://www.amazon.co.uk/dp/B0F6VQZGQM,85.0,,,,,Amazon,GB,2026-09-12T08:42:28Z,B0F6VQZGQM,,,,,
Hisense,"Hisense 50"" 50E78QTUK PRO 144Hz QLED Smart AI TV - Hi-View AI Engine, 144Hz Game Mode PRO, Dolby Atmos, Quantum Dot Colour with Freely, Disney +, YouTube, Netflix",https://www.amazon.co.uk/dp/B0F7WKP6XN,50.0,459.45,395.0,GBP,459.45,Amazon,GB,2026-09-12T08:42:28Z,B0F7WKP6XN,,,,,2026-07-01
Samsung,"Samsung Crystal UHD 55"" U8000H TV with B46CF Soundbar",https://www.amazon.co.uk/dp/B0H82L3XYS,55.0,533.89,459.0,GBP,533.89,Amazon,GB,2026-09-12T08:42:28Z,B0H82L3XYS,,,,,2026-07-01
Samsung,Samsung 55 Inch Neo QLED 4K with Mini LED QN93F Glare Free AI Smart TV,https://www.amazon.co.uk/dp/B0DFVVM8NV,55.0,,,,,Amazon,GB,2026-09-12T08:42:28Z,B0DFVVM8NV,,,,,
Samsung,"Samsung QE83S91FAEXXU 83"" S91F 4K OLED HDR+ WIFI & Bluetooth enabled Motion Xcelerator 144Hz 4 HDMI, 2 USB, Vision AI Smart TV - Alexa Voice Assistant",https://www.amazon.co.uk/dp/B0GH17C5JS,83.0,2790.41,2399.0,GBP,2790.41,Amazon,GB,2026-09-12T08:42:28Z,B0GH17C5JS,,,,,2026-07-01
Samsung,"Samsung HG32CF800EU HCF8000 Series - 32"" LED-backlit LCD TV - QLED - Full HD - for hotel/hospitality",https://www.amazon.co.uk/dp/B0FVLL714C,32.0,437.96,376.53,GBP,437.96,Amazon,GB,2026-09-12T08:42:28Z,B0FVLL714C,,,,,2026-07-01
Samsung,Samsung QE32Q50AE 32 inch Full HD TV with Smart Tizen Platform (Renewed),https://www.amazon.co.uk/dp/B0C81JLT55,32.0,336.15,289.0,GBP,336.15,Amazon,GB,2026-09-12T08:42:28Z,B0C81JLT55,,,,,2026-07-01
Samsung,"Samsung 50 Inch Crystal UHD U8005 4K Smart TV, Amazing Colors with Crystal Processor 4K, Listen to All Speakers with Q-Symphony, Protected Data, Knox Security and Gaming Hub",https://www.amazon.co.uk/dp/B0F2FNJ3H6,50.0,590.29,507.49,GBP,590.29,Amazon,GB,2026-09-12T08:42:28Z,B0F2FNJ3H6,,,,,2026-07-01
Samsung,"Samsung TV 43 Inch The Frame LS03F 4K Smart TV, Art Gallery with Matte Display, Interchangeable Frames, 100% Color Volume with Quantum Dot and Almost Invisible Cable with One Connect",https://www.amazon.co.uk/dp/B0F229Y3KG,43.0,696.73,599.0,GBP,696.73,Amazon,GB,2026-09-12T08:42:28Z,B0F229Y3KG,,,,,2026-07-01
Samsung,"Samsung 75 Inch QN90C 4K Neo QLED HDR Smart TV (2023) - Quantum Matrix Technology & Alexa Built In, Dolby Atmos Object Tracking Sound Audio, Slim Design & Anti Reflection Screen, 100% Colour Volume",https://www.amazon.co.uk/dp/B0BX77KDVQ,75.0,,,,,Amazon,GB,2026-09-12T08:42:28Z,B0BX77KDVQ,,,,,
Samsung,"Samsung AU9000 65 Inch 4K Smart TV (2021) - Slim Ultra HD TV With Alexa Built-In, Game Mode, Motion Xcelerator Turbo, 4K Crystal Processor, Dynamic Crystal Colour, Object Tracking Sound – UE65AU9000",https://www.amazon.co.uk/dp/B08Y7338TW,65.0,,,,,Amazon,GB,2026-09-12T08:42:28Z,B08Y7338TW,,,,,
Samsung,"Samsung TV QN80F (2025) 100"" Neo QLED 4K UHD 100Hz [Country Version French, Spanish, Portuguese]...[Country Version French, Spanish, Portuguese]",https://www.amazon.co.uk/dp/B0F22834RH,100.0,4565.72,3925.29,GBP,4565.72,Amazon,GB,2026-09-12T08:42:28Z,B0F22834RH,,,,,2026-07-01
Samsung,Samsung UE40H5500 - LED Smart TV,https://www.amazon.co.uk/dp/B00KBXXC6U,40.0,,,,,Amazon,GB,2026-09-12T08:42:28Z,B00KBXXC6U,,,,,
Samsung,Samsung UE65U8092F - Smart TV - 4K - Tizen - 65 inches - Crystal UHD - Motion Xcelerator - Buitenlands model,https://www.amazon.co.uk/dp/B0FVTYJFBR,65.0,866.3,744.78,GBP,866.3,Amazon,GB,2026-09-12T08:42:28Z,B0FVTYJFBR,,,,,2026-07-01
Samsung,Samsung 55U8072 LED TV 138 cm Smart 4K Ultra HD 50Hz Model 2025 UE55U8072FUXXH [Hungarian Version],https://www.amazon.co.uk/dp/B0FF1THHJ9,55.0,417.57,359.0,GBP,417.57,Amazon,GB,2026-09-12T08:42:28Z,B0FF1THHJ9,,,,,2026-07-01
Samsung,"Samsung M70H 85"" 4K Ultra HD Mini LED HDR Vision AI Smart TV - UE85M70H",https://www.amazon.co.uk/dp/B0H3KN31WC,85.0,1569.1,1349.0,GBP,1569.1,Amazon,GB,2026-09-12T08:42:28Z,B0H3KN31WC,,,,,2026-07-01
Samsung,"Samsung TV The Frame 55"" (2025) 4K Smart TV - TQ55LS03FAUXXC [Country Version French, Spanish, Portuguese]...[Country version French, Spanish, Portuguese]",https://www.amazon.co.uk/dp/B0F2295TXB,55.0,,,,,Amazon,GB,2026-09-12T08:42:28Z,B0F2295TXB,,,,,
Samsung,SAMSUNG 50Q80C QLED TV 4K UHD 50 (125cm) Smart TV 4 Ports HDMI,https://www.amazon.co.uk/dp/B0BQRHQSKN,50.0,1287.02,1106.49,GBP,1287.02,Amazon,GB,2026-09-12T08:42:28Z,B0BQRHQSKN,,,,,2026-07-01
Samsung,SAMSUNG 50Q80D - QLED 50 TV (127cm) - 4K UHD 3840x2160 - HDR+ - Smart TV - Gaming Hub - 4xHDMI - WiFi,https://www.amazon.co.uk/dp/B0CSKKKXBZ,50.0,922.14,792.79,GBP,922.14,Amazon,GB,2026-09-12T08:42:28Z,B0CSKKKXBZ,,,,,2026-07-01
Samsung,"Samsung 50"" TV (2025) QLED 4K UHD - TQ50Q8FAAUXXC [Country Version French, Spanish, Portuguese]...[Country Version French, Spanish, Portuguese]",https://www.amazon.co.uk/dp/B0F22BFWQQ,50.0,664.27,571.09,GBP,664.27,Amazon,GB,2026-09-12T08:42:28Z,B0F22BFWQQ,,,,,2026-07-01
Samsung,"Samsung QN70F 65"" 4K Ultra HD MiniLED Neo QLED Smart TV",https://www.amazon.co.uk/dp/B0FHXPNHGR,65.0,871.2,749.0,GBP,871.2,Amazon,GB,2026-09-12T08:42:28Z,B0FHXPNHGR,,,,,2026-07-01
Samsung,"Samsung Crystal UHD 55"" U8000H TV with B650F Soundbar",https://www.amazon.co.uk/dp/B0H824XS5Z,55.0,598.91,514.9,GBP,598.91,Amazon,GB,2026-09-12T08:42:28Z,B0H824XS5Z,,,,,2026-07-01
Samsung,"Samsung HG50Q60AAEU 127 cm (50"") 4K Ultra HD Smart TV Black 20 W",https://www.amazon.co.uk/dp/B0BCK7MLRF,50.0,803.11,690.46,GBP,803.11,Amazon,GB,2026-09-12T08:42:28Z,B0BCK7MLRF,,,,,2026-07-01
Samsung,"Samsung TV QLED 50"" Q60D 2024, 4K, Smart TV",https://www.amazon.co.uk/dp/B0CS3J3B7V,50.0,857.58,737.29,GBP,857.58,Amazon,GB,2026-09-12T08:42:28Z,B0CS3J3B7V,,,,,2026-07-01
Samsung,Samsung TV 55 Inch (2025) Neo QLED 4K UHD - TQ55QN90FATXXC,https://www.amazon.co.uk/dp/B0F221WV9F,55.0,1716.57,1475.79,GBP,1716.57,Amazon,GB,2026-09-12T08:42:28Z,B0F221WV9F,,,,,2026-07-01
Samsung,"Samsung The Frame LS03F 4K Smart TV 65 Inch Art Gallery with Matte Screen, Interchangeable Frames, 100% Color Volume with Quantum Dot and Almost Invisible Cable with One Connect",https://www.amazon.co.uk/dp/B0F2FJBXMK,65.0,1103.83,949.0,GBP,1103.83,Amazon,GB,2026-09-12T08:42:28Z,B0F2FJBXMK,,,,,2026-07-01
Samsung,"Samsung AI TV 65Q6F QLED 4K 65 inch (163 cm) WiFi Smart TV 2025 | Quantum Dots, Q4 Lite Processor, Airplay, HDR, Q-Symphon...",https://www.amazon.co.uk/dp/B0FRSHBY4K,65.0,785.93,675.69,GBP,785.93,Amazon,GB,2026-09-12T08:42:28Z,B0FRSHBY4K,,,,,2026-07-01
Samsung,"Samsung Smart TV 65-Inch LS03HW The Frame Pro, 4K Neo QLED, Art Mode, Modern Frame Design, Glare Free, HDR10+, Motion Xcelerator 144Hz, Dolby Atmos, Alexa [2026] (Renewed)",https://www.amazon.co.uk/dp/B0HFNV6H2G,65.0,1952.93,1678.99,GBP,1952.93,Amazon,GB,2026-09-12T08:42:28Z,B0HFNV6H2G,,,,,2026-07-01
Samsung,"Samsung 42 Inch S90F 4K Smart TV AI OLED TV 2025, Vision AI, NQ4 AI Gen3 Processor, 4K AI Upscaling Pro, HDR10+ Adaptive, Dolby Atmos, Gaming Hub, Knox Security",https://www.amazon.co.uk/dp/B0FT879YNJ,42.0,1497.55,1287.49,GBP,1497.55,Amazon,GB,2026-09-12T08:42:28Z,B0FT879YNJ,,,,,2026-07-01
Samsung,SAMSUNG Neo QLED 55 Inch QE55QN700B 8K UHD Grey Anthracite,https://www.amazon.co.uk/dp/B09MV2F6HM,55.0,5349.35,4599.0,GBP,5349.35,Amazon,GB,2026-09-12T08:42:28Z,B09MV2F6HM,,,,,2026-07-01
Samsung,"Samsung The Movingstyle LSM7F QHD TV with Portable Screen, Removable Stand, Touch and Smart",https://www.amazon.co.uk/dp/B0FQBYHWZG,27.0,1573.4,1352.7,GBP,1573.4,Amazon,GB,2026-09-12T08:42:28Z,B0FQBYHWZG,,,,,2026-07-01
Samsung,"SAMSUNG 2023 55S90C OLED Smart TV 55"" OLED Quantum HDR 1500, Quantum 4K Processor with AI, Dolby Atmos and Motion Xcelerat...",https://www.amazon.co.uk/dp/B0BRJDFGYY,55.0,,,,,Amazon,GB,2026-09-12T08:42:28Z,B0BRJDFGYY,,,,,
Samsung,Samsung 65Q70D - QLED TV 65'' (165cm) - 4K UHD 3840x2160 - 120 Hz - HDR10+ - Gaming Hub - Smart TV - 4xHDMI,https://www.amazon.co.uk/dp/B0CSDBDM94,65.0,1287.02,1106.49,GBP,1287.02,Amazon,GB,2026-09-12T08:42:28Z,B0CSDBDM94,,,,,2026-07-01
Samsung,"Samsung 48"" OLED 4K UHD TV - TQ48S90DAE",https://www.amazon.co.uk/dp/B0DCGHLNZQ,48.0,1430.2,1229.59,GBP,1430.2,Amazon,GB,2026-09-12T08:42:28Z,B0DCGHLNZQ,,,,,2026-07-01
Samsung,"Samsung The Frame 4K 2024 43LS03D 43"" Smart TV with Art Gallery with Matte Display, Interchangeable Frames, 100% Color Volume with Quantum Dot and One Connect and Nearly Invisible Cable",https://www.amazon.co.uk/dp/B0CXTNBS93,43.0,696.73,599.0,GBP,696.73,Amazon,GB,2026-09-12T08:42:28Z,B0CXTNBS93,,,,,2026-07-01
Samsung,"Samsung 50 Inch Neo QLED QN90F 4K Mini LED Smart TV with AI Vision, Glare Free Screen and Quantum Matrix Technology Plus",https://www.amazon.co.uk/dp/B0F2241BR4,50.0,1501.86,1291.19,GBP,1501.86,Amazon,GB,2026-09-12T08:42:28Z,B0F2241BR4,,,,,2026-07-01
Samsung,"Samsung LT24E310EX 23"" HD ready Black LED TV - LED TVs (HD ready, A, 16:9, Mega Contrast, Black, 1366 x 768 pixels)",https://www.amazon.co.uk/dp/B00ZC8J56U,23.0,875.86,753.0,GBP,875.86,Amazon,GB,2026-09-12T08:42:28Z,B00ZC8J56U,,,,,2026-07-01
Samsung,TV Samsung The Frame 43 Inch LS03B 4K TQ43LS03BGUXXC,https://www.amazon.co.uk/dp/B0BS3YX4N4,43.0,696.73,599.0,GBP,696.73,Amazon,GB,2026-09-12T08:42:28Z,B0BS3YX4N4,,,,,2026-07-01
Samsung,"Samsung 75"" BE75C-H Business TV, (3 yrs warranty)",https://www.amazon.co.uk/dp/B0CF2RLZ2B,75.0,,,,,Amazon,GB,2026-09-12T08:42:28Z,B0CF2RLZ2B,,,,,
Samsung,"Samsung QE32LS03T 32"" The Frame Art Mode QLED Full HD HDR Smart TV",https://www.amazon.co.uk/dp/B09QSV474F,32.0,382.68,329.0,GBP,382.68,Amazon,GB,2026-09-12T08:42:28Z,B09QSV474F,,,,,2026-07-01
Samsung,"SAMSUNG 65 inch OLED S85F 4K Smart TV with AI Vision, Pantone TV Plus Certified Colors",https://www.amazon.co.uk/dp/B0F2FNVQ73,65.0,1846.86,1587.8,GBP,1846.86,Amazon,GB,2026-09-12T08:42:28Z,B0F2FNVQ73,,,,,2026-07-01
Hisense,"Hisense 40 Inch 40A4QTUK FHD LED TV | Direct Lit LED, Dolby Audio, Natural Colour Enhancer, Games Mode and Sports Mode wit...",https://www.amazon.co.uk/dp/B0F7WFJB57,40.0,219.84,189.0,GBP,219.84,Amazon,GB,2026-09-12T08:42:28Z,B0F7WFJB57,,,,,2026-07-01
Samsung,"Smart TV Samsung QE55Q60T 55"" 4K Ultra HD QLED WiFi Zwart",https://www.amazon.co.uk/dp/B083QXCKY5,55.0,1920.37,1651.0,GBP,1920.37,Amazon,GB,2026-09-12T08:42:28Z,B083QXCKY5,,,,,2026-07-01
Samsung,Samsung 55 inch UHD TV UE55CU7172U,https://www.amazon.co.uk/dp/B0C279HDSX,55.0,707.19,607.99,GBP,707.19,Amazon,GB,2026-09-12T08:42:28Z,B0C279HDSX,,,,,2026-07-01
Samsung,"Samsung 2020 32"" The Frame Art Mode QLED Full HD HDR Smart TV, CHARCOAL BLACK, LS03T",https://www.amazon.co.uk/dp/B08CBJ7GDP,32.0,394.31,339.0,GBP,394.31,Amazon,GB,2026-09-12T08:42:28Z,B08CBJ7GDP,,,,,2026-07-01
Samsung,"Samsung 55 inch Crystal UHD U8005 4K Smart TV, incredible colors with Crystal Processor 4K, listen to all speakers with Q-Symphony, Protected Data, Knox Security and Gaming Hub",https://www.amazon.co.uk/dp/B0F2249D1G,55.0,634.72,545.69,GBP,634.72,Amazon,GB,2026-09-12T08:42:28Z,B0F2249D1G,,,,,2026-07-01
Samsung,"Samsung QE50Q60TAUXZT Smart TV 50"" QLED 4K, Ultra HD, Dual LED, Quantum Lite Processor, Quantum HDR, Wi-Fi, New Bezel-less Design, Black, 2020, Built-in Alexa, Google Assistant Compatible",https://www.amazon.co.uk/dp/B086B6M17V,50.0,2443.79,2101.0,GBP,2443.79,Amazon,GB,2026-09-12T08:42:28Z,B086B6M17V,,,,,2026-07-01
Samsung,"24"" Smart 12V/24V TV, Full HD 1080p Samsung Tizen OS, WiFi, Netflix, Prime Video, AirPlay, HDMI/USB, Caravan, Motorhome, Truck & Boat, 3-Year Warranty",https://www.amazon.co.uk/dp/B0GX2CJKZK,24.0,254.73,219.0,GBP,254.73,Amazon,GB,2026-09-12T08:42:28Z,B0GX2CJKZK,,,,,2026-07-01
Samsung,Tv Samsung UE98DU9070UXZT SERIES 9 Smart TV UHD Graphite Black [Country Version Italian] [Italian version],https://www.amazon.co.uk/dp/B0D2DXXFRW,98.0,2458.42,2113.58,GBP,2458.42,Amazon,GB,2026-09-12T08:42:28Z,B0D2DXXFRW,,,,,2026-07-01
Samsung,"Samsung Series 8 QE55Q80CATXXH TV 139,7 cm (55"") 4K Ultra HD Smart TV Wifi Gris",https://www.amazon.co.uk/dp/B0C2775YCF,55.0,,,,,Amazon,GB,2026-09-12T08:42:28Z,B0C2775YCF,,,,,
Samsung,"Samsung TV The Frame 2019, 4K, Black",https://www.amazon.co.uk/dp/B07TD8ZS8N,43.0,696.73,599.0,GBP,696.73,Amazon,GB,2026-09-12T08:42:28Z,B07TD8ZS8N,,,,,2026-07-01
Samsung,"Samsung QLED TV 2023 75Q60C 75"" Smart TV, with Quantum Dot Technology, Quantum HDR10+, Smart TV Powered by Tizen, Multi View and Q-Symphony",https://www.amazon.co.uk/dp/B0BQSPJG6Q,75.0,1703.66,1464.69,GBP,1703.66,Amazon,GB,2026-09-12T08:42:28Z,B0BQSPJG6Q,,,,,2026-07-01
Samsung,"Samsung TV 43"" (2025) Neo QLED 4K UHD - TQ43QN90FATXXC [Country Version French, Spanish, Portuguese]...[Country Version French, Spanish, Portuguese]",https://www.amazon.co.uk/dp/B0F21YMCYJ,43.0,1288.53,1107.79,GBP,1288.53,Amazon,GB,2026-09-12T08:42:28Z,B0F21YMCYJ,,,,,2026-07-01
Samsung,"Samsung Crystal UHD TV 2023 55CU7025 55"" Smart TV with PurColor, Crystal UHD Processor, SmartThings, Contrast Enhancer with HDR10+ and Smart TV Powered by Tizen",https://www.amazon.co.uk/dp/B0CZ495C1L,55.0,665.66,572.29,GBP,665.66,Amazon,GB,2026-09-12T08:42:28Z,B0CZ495C1L,,,,,2026-07-01
TCL,"TCL 55PF650K 55-inch 4K Ultra HD, HDR TV, Smart LED Fire TV (Dolby Vision, Dolby Atmos, DTS, HDR 10, Alexa built-in, Airplay2, Miracast)",https://www.amazon.co.uk/dp/B0D7ZC2QY4,55.0,336.15,289.0,GBP,336.15,Amazon,GB,2026-09-12T08:42:28Z,B0D7ZC2QY4,,,,,2026-07-01
Samsung,"Samsung The Frame QE32LS03TCUXXC Televisor, 81.3 cm (32 inches), Full HD Smart TV, WiFi",https://www.amazon.co.uk/dp/B08ZY3BTCL,32.0,382.68,329.0,GBP,382.68,Amazon,GB,2026-09-12T08:42:28Z,B08ZY3BTCL,,,,,2026-07-01
Samsung,"Samsung The Serif Green 55-inch QLED TQ55LS01DB TV, Certified Non-Reflective Screen, 360° Design TV, Ambient Mode+, Smart TV, OTS Lite Technologies, Detachable Legs Included",https://www.amazon.co.uk/dp/B0FMQRHVMT,55.0,1430.2,1229.59,GBP,1430.2,Amazon,GB,2026-09-12T08:42:28Z,B0FMQRHVMT,,,,,2026-07-01
Samsung,SAMSUNG 43CU7025-43 inch LED TV - Crystal UHD 4K 3840 x 2160 - HDR - Smart TV - Gaming Hub - 3xHDMI,https://www.amazon.co.uk/dp/B0CZ47SPT3,43.0,549.0,471.99,GBP,549.0,Amazon,GB,2026-09-12T08:42:28Z,B0CZ47SPT3,,,,,2026-07-01
Samsung,"Samsung 65"" TU7100 HDR Smart 4K TV with Tizen OS",https://www.amazon.co.uk/dp/B086T2QHHH,65.0,1163.14,999.99,GBP,1163.14,Amazon,GB,2026-09-12T08:42:28Z,B086T2QHHH,,,,,2026-07-01
Samsung,"Samsung QLED Q7F5 4K Smart TV with AI Vision, 100% Colour Volume with Quantum Dot and More than 500 Channels [Country Version Spanish]",https://www.amazon.co.uk/dp/B0F2B67N6F,55.0,757.32,651.09,GBP,757.32,Amazon,GB,2026-09-12T08:42:28Z,B0F2B67N6F,,,,,2026-07-01
Samsung,Samsung UE55M80HAUXZT - Smart TV 55 Inch LED 4K DVB-T2 Wifi HbbTV CI+ Black Energy Class E,https://www.amazon.co.uk/dp/B0H4MQYTM3,55.0,1013.63,871.45,GBP,1013.63,Amazon,GB,2026-09-12T08:42:28Z,B0H4MQYTM3,,,,,2026-07-01
Samsung,"Samsung 77"" S93D OLED 4K, OLED HDR+, LaserSlim Design, Dolby Atmos, Motion Xcelerator 144Hz, NQ4 AI Gen2 Processor",https://www.amazon.co.uk/dp/B0D4DG71NF,77.0,2208.83,1899.0,GBP,2208.83,Amazon,GB,2026-09-12T08:42:28Z,B0D4DG71NF,,,,,2026-07-01
Samsung,Samsung The Frame 2.0 55-Inch Art Mode Ultra HD certified TV,https://www.amazon.co.uk/dp/B07GZMKWL1,55.0,1045.68,899.0,GBP,1045.68,Amazon,GB,2026-09-12T08:42:28Z,B07GZMKWL1,,,,,2026-07-01
Samsung,Samsung Q60 55 INCH QLED Comm TV,https://www.amazon.co.uk/dp/B0DKTZNZX9,55.0,,,,,Amazon,GB,2026-09-12T08:42:28Z,B0DKTZNZX9,,,,,
Samsung,"Samsung Crystal UHD 85"" U8000H TV with B46CF Soundbar",https://www.amazon.co.uk/dp/B0H82RQ8S4,85.0,1075.8,924.9,GBP,1075.8,Amazon,GB,2026-09-12T08:42:28Z,B0H82RQ8S4,,,,,2026-07-01
Samsung,Original S.W.A.T. Samsung QE43Q60AAUXXC Telescope 43 Inch QLED 4K Smart TV WiFi Bluetooth Ambient Mode,https://www.amazon.co.uk/dp/B08PD7V1WJ,43.0,,,,,Amazon,GB,2026-09-12T08:42:28Z,B08PD7V1WJ,,,,,
Samsung,"TV HDMI Cables BN39-02470A 5M /16Ft Compatible with Samsung Frame tv one Connect Cable for LS03FA LS03DA LS03BA LS03AA LS03RA LS03TA Q85R Q90R Q95T（All 8K and 32"" Frame TV Cannot be Used）",https://www.amazon.co.uk/dp/B0DSFKYB1T,32.0,111.65,95.99,GBP,111.65,Amazon,GB,2026-09-12T08:42:28Z,B0DSFKYB1T,,,,,2026-07-01
Samsung,SAMSUNG NeoQLED TQ55QN77F 2025-55 Inch Mini LED TV 138 cm,https://www.amazon.co.uk/dp/B0G1WL8GNJ,55.0,1094.17,940.69,GBP,1094.17,Amazon,GB,2026-09-12T08:42:28Z,B0G1WL8GNJ,,,,,2026-07-01
Samsung,Customisable Bezel/Frame compatible with the Samsung Frame TV (65 inch) - Black Frames (Lincoln Black 52mm),https://www.amazon.co.uk/dp/B0F26QKQJQ,65.0,417.57,359.0,GBP,417.57,Amazon,GB,2026-09-12T08:42:28Z,B0F26QKQJQ,,,,,2026-07-01
Samsung,"Samsung The Frame TV Bezel/Mounts Modern black,Compatible ONLY with Samsung The Frame TV 55""/PRO(Fits 2021-2026 models, model codes:55LS03A/B/C/D/FA/HE/HW) (Gilded Noir, 55-LS03)",https://www.amazon.co.uk/dp/B0GD7HJBY9,55.0,394.31,339.0,GBP,394.31,Amazon,GB,2026-09-12T08:42:28Z,B0GD7HJBY9,,,,,2026-07-01
Samsung,"Samsung The Frame 43"" Bevelled Sand Gold TV Frame Accessory for The Frame 43"" (LS03A, LS03B, LS03BG) Magnet Mount TV",https://www.amazon.co.uk/dp/B0C5ZNQQGQ,43.0,,,,,Amazon,GB,2026-09-12T08:42:28Z,B0C5ZNQQGQ,,,,,
Samsung,Samsung The Frame 43 Inch (VG-SCFA43TKBXC) in Modern Teak,https://www.amazon.co.uk/dp/B096BMLRCP,43.0,128.59,110.55,GBP,128.59,Amazon,GB,2026-09-12T08:42:28Z,B096BMLRCP,,,,,2026-07-01
LG,"LG 43QNED80A6A 43-Inch 4K UHD Smart TV, (α7 AI Processor, Freeview Play and Amazon Alexa, 60Hz) [Model 2025]",https://www.amazon.co.uk/dp/B0F14NFS2L,43.0,348.94,299.99,GBP,348.94,Amazon,GB,2026-09-12T08:42:28Z,B0F14NFS2L,,,,,2026-07-01
LG,"LG OLED48C55LA 48-Inch OLEDevo 4K UHD Smart TV, (α9 AI Processor, Dolby Atmos, Freeview Play and Amazon Alexa, 120Hz) [Model 2025]",https://www.amazon.co.uk/dp/B0F3CYJM6T,48.0,929.36,799.0,GBP,929.36,Amazon,GB,2026-09-12T08:42:28Z,B0F3CYJM6T,,,,,2026-07-01
LG,"LG 50UA75006LA UHD UA75 50 Inch 4K Smart TV, α7 AI Processor Gen8, 60Hz, HDR10, Filmmaker Mode™, Google Cast, Apple AirPlay 2, Model Year 2025",https://www.amazon.co.uk/dp/B0GHP139W4,50.0,,,,,Amazon,GB,2026-09-12T08:42:28Z,B0GHP139W4,,,,,
LG,"LG OLED65C55LA 65-Inch OLEDevo 4K UHD Smart TV, (α9 AI Processor Gen7, Dolby Atmos, Freeview Play and Amazon Alexa, 120Hz) [Model 2025]",https://www.amazon.co.uk/dp/B0F14NSMPH,65.0,1720.31,1479.0,GBP,1720.31,Amazon,GB,2026-09-12T08:42:28Z,B0F14NSMPH,,,,,2026-07-01
LG,"LG LED AI LB6500 43 inch Full HD Smart TV - 43LB65006LA (α5 AI Processor Gen9, 60Hz, HDR10, Google Cast, Apple AirPlay 2) [Model year 2026]",https://www.amazon.co.uk/dp/B0H3Q1HLWQ,43.0,254.73,219.0,GBP,254.73,Amazon,GB,2026-09-12T08:42:28Z,B0H3Q1HLWQ,,,,,2026-07-01
LG,"LG 43UA73006LA 43-Inch 4K Ultra HD HDR Smart TV (webOS 25 Platform with AI Concierge, Alpha 7 Processor 4K Gen8, Game Optimiser & ALLM, 60Hz) [Model 2025]",https://www.amazon.co.uk/dp/B0F3XNWZKJ,43.0,,,,,Amazon,GB,2026-09-12T08:42:28Z,B0F3XNWZKJ,,,,,
LG,"LG 65QNED70A6A 65-Inch 4K UHD Smart TV (α7 AI Processor, Amazon Alexa, 60Hz) [Model 2025]",https://www.amazon.co.uk/dp/B0FDR737K6,65.0,580.41,499.0,GBP,580.41,Amazon,GB,2026-09-12T08:42:28Z,B0FDR737K6,,,,,2026-07-01
LG,"LG 32LQ63006LA LED LQ63 32 Inch Full HD Smart TV, α5 Gen5 AI Processor, 60Hz, HDR10, Works with Alexa, Apple AirPlay 2, Model Year 2022",https://www.amazon.co.uk/dp/B09YD4MHJ9,32.0,197.71,169.98,GBP,197.71,Amazon,GB,2026-09-12T08:42:28Z,B09YD4MHJ9,,,,,2026-07-01
LG,"LG 55QNED70A6A 55-Inch 4K UHD Smart TV (α7 AI Processor, Amazon Alexa, 60Hz) [Model 2025]",https://www.amazon.co.uk/dp/B0FDR6R5LB,55.0,440.84,379.0,GBP,440.84,Amazon,GB,2026-09-12T08:42:28Z,B0FDR6R5LB,,,,,2026-07-01
LG,"LG OLED55C55LA 55-Inch OLEDevo 4K UHD Smart TV, (α9 AI Processor Gen7, Dolby Atmos, Freeview Play and Amazon Alexa, 120Hz) [Model 2025]",https://www.amazon.co.uk/dp/B0F14NCCQ1,55.0,1161.99,999.0,GBP,1161.99,Amazon,GB,2026-09-12T08:42:28Z,B0F14NCCQ1,,,,,2026-07-01
LG,"LG 43NANO82T6B 43-Inch Nanocell AI 4K UHD Smart TV, (α5 AI Processor Gen7, Freeview Play and Amazon Alexa, 60Hz), Ashed Blue [Model 2024]",https://www.amazon.co.uk/dp/B0D1Y7HZ8X,43.0,277.99,239.0,GBP,277.99,Amazon,GB,2026-09-12T08:42:28Z,B0D1Y7HZ8X,,,,,2026-07-01
LG,"LG 32LQ63006LA 32"" Full HD Smart TV, 2022 LED TV with α5 Gen 5 Processor with AI, WebOS 22, HDR, Wi-Fi, Bluetooth, Game Optimizer, Google Stadia and GeForce NOW, Compatible with Google Home and Alexa",https://www.amazon.co.uk/dp/B09T74KPR6,32.0,215.18,185.0,GBP,215.18,Amazon,GB,2026-09-12T08:42:28Z,B09T74KPR6,,,,,2026-07-01
LG,"LG 55QNED82A6B 55"" 4K QNED AI TV (α7 Gen8 4K AI Processor, 25 WebOS, 60 Hz) Model Year 2025",https://www.amazon.co.uk/dp/B0F2259VV1,55.0,464.1,399.0,GBP,464.1,Amazon,GB,2026-09-12T08:42:28Z,B0F2259VV1,,,,,2026-07-01
LG,"LG 75QNED92A6A 75-Inch 4K UHD Smart TV, (α8 AI Processor, Freeview Play and Amazon Alexa, 120Hz) [Model 2025]",https://www.amazon.co.uk/dp/B0F5BVTC3G,75.0,1743.57,1499.0,GBP,1743.57,Amazon,GB,2026-09-12T08:42:28Z,B0F5BVTC3G,,,,,2026-07-01
LG,"LG 75NANO90A6B 75 Inch Nano AI 4K Smart TV, webOS 25 Platform, Concierge, Alpha 7 Processor Gen8, Game Optimiser, ALLM, 60 Hz, 2025",https://www.amazon.co.uk/dp/B0FNXC46YC,75.0,929.36,799.0,GBP,929.36,Amazon,GB,2026-09-12T08:42:28Z,B0FNXC46YC,,,,,2026-07-01
LG,"LG 65NANO81T6A 65-Inch Nanocell AI 4K UHD Smart TV, (α5 AI Processor Gen7, Freeview Play and Amazon Alexa, 60Hz), Ashed Blue [Model 2024]",https://www.amazon.co.uk/dp/B0D183RP5P,65.0,465.25,399.99,GBP,465.25,Amazon,GB,2026-09-12T08:42:28Z,B0D183RP5P,,,,,2026-07-01
LG,"LG 65QNED82A6B 65"" 4K QNED AI TV (α7 Gen8 4K AI Processor, 25 WebOS 25, 60Hz) Model Year 2025",https://www.amazon.co.uk/dp/B0F226M1SY,65.0,581.57,499.99,GBP,581.57,Amazon,GB,2026-09-12T08:42:28Z,B0F226M1SY,,,,,2026-07-01
LG,"LG OLED evo AI C6 55-inch 4K Smart TV - OLED55C65LA (α11 AI Processor 4K Gen3, 120Hz (VRR 165Hz), Dolby Vision, Dolby Atmos, FILMMAKER MODE™ [Model year 2026]",https://www.amazon.co.uk/dp/B0GT9VGFLR,55.0,1859.89,1599.0,GBP,1859.89,Amazon,GB,2026-09-12T08:42:28Z,B0GT9VGFLR,,,,,2026-07-01
LG,"LG evo OLED48C44LA 48-Inch 4K UHD Smart TV, (α9 AI Processor Gen7, Dolby Atmos, Freeview Play and Amazon Alexa, 120Hz), Umber Brown [Model 2024]",https://www.amazon.co.uk/dp/B0D17WTJ4W,48.0,929.36,799.0,GBP,929.36,Amazon,GB,2026-09-12T08:42:28Z,B0D17WTJ4W,,,,,2026-07-01
LG,Smart TV LG 43UA75006LA.AEU 4K Ultra HD 43 Inch LED,https://www.amazon.co.uk/dp/B0FS7M9C78,43.0,279.15,239.99,GBP,279.15,Amazon,GB,2026-09-12T08:42:28Z,B0FS7M9C78,,,,,2026-07-01
LG,"LG OLED48B56LA 48-Inch OLED 4K UHD Smart TV, B5 Series, (α8 AI Processor, Dolby Atmos, Freeview Play and Amazon Alexa, 120Hz) [Model 2025]",https://www.amazon.co.uk/dp/B0F14XRCH8,48.0,845.7,727.07,GBP,845.7,Amazon,GB,2026-09-12T08:42:28Z,B0F14XRCH8,,,,,2026-07-01
LG,"LG 55NANO82T6B 55-Inch Nanocell AI 4K UHD Smart TV, (α5 AI Processor Gen7, Freeview Play and Amazon Alexa, 60Hz), Ashed Blue [Model 2024]",https://www.amazon.co.uk/dp/B0D1Y8RW1B,55.0,407.09,349.99,GBP,407.09,Amazon,GB,2026-09-12T08:42:28Z,B0D1Y8RW1B,,,,,2026-07-01
LG,"LG 50QNED82A6B 50"" 4K QNED AI TV (α7 Gen8 4K AI Processor, WebOS 25, 60Hz) Model Year 2025",https://www.amazon.co.uk/dp/B0F228H2M1,50.0,405.94,349.0,GBP,405.94,Amazon,GB,2026-09-12T08:42:28Z,B0F228H2M1,,,,,2026-07-01
LG,"LG 32LK6200PLA TV 80 cm (32"") 1080p (Full HD, Triple Tuner, Active HDR, Smart TV) White",https://www.amazon.co.uk/dp/B07B4F8WC6,32.0,254.73,219.0,GBP,254.73,Amazon,GB,2026-09-12T08:42:28Z,B07B4F8WC6,,,,,2026-07-01
LG,"LG NANO 4K UHD AI NU90 98 inch 4K Smart TV - 98NU900B6LB (α8 AI Processor 4K Gen3, 120Hz, HDR10, FILMMAKER MODE™, FreeSync Compatible (AMD), Google Cast, Apple AirPlay 2) [Model year 2026]",https://www.amazon.co.uk/dp/B0H1RW64NJ,98.0,,,,,Amazon,GB,2026-09-12T08:42:28Z,B0H1RW64NJ,,,,,
LG,"LG Electronics 32LK6100PLB 32"" 1920 x 1080 Full HD Smart TV, 3x HDMI and 2x USB - Black",https://www.amazon.co.uk/dp/B07KTC8GXQ,32.0,215.18,185.0,GBP,215.18,Amazon,GB,2026-09-12T08:42:28Z,B07KTC8GXQ,,,,,2026-07-01
LG,"LG 32LQ631C 32"" LED-backlit LCD TV - Full HD - for hotel/hospitality",https://www.amazon.co.uk/dp/B0BSLV549N,32.0,231.47,199.0,GBP,231.47,Amazon,GB,2026-09-12T08:42:28Z,B0BSLV549N,,,,,2026-07-01
LG,"LG Gallery TV AI with Frame LX7 Mini LED 55 inch 4K Smart TV - 55LX7B6LA (α7 AI Processor 4K Gen9, 60Hz, HDR10, FILMMAKER MODE™, Google Cast, Apple AirPlay 2) [Model year 2026]",https://www.amazon.co.uk/dp/B0H3W4CFHG,55.0,1161.99,999.0,GBP,1161.99,Amazon,GB,2026-09-12T08:42:28Z,B0H3W4CFHG,,,,,2026-07-01
LG,"LG 55UA75006LA 55"" 4K UHD AI TV (α7 Gen8 4K AI Processor, WebOS 25, 60Hz) Model Year 2025",https://www.amazon.co.uk/dp/B0F2GHFZCJ,55.0,,,,,Amazon,GB,2026-09-12T08:42:28Z,B0F2GHFZCJ,,,,,
LG,"TV 32"" LG Full HD EU Smart White USB DVBT2 DVBS2 4Core AI WEBOS",https://www.amazon.co.uk/dp/B09V5C4BN7,32.0,254.73,219.0,GBP,254.73,Amazon,GB,2026-09-12T08:42:28Z,B09V5C4BN7,,,,,2026-07-01
LG,"LG LED UR75 43"" 4K Smart TV, 2024",https://www.amazon.co.uk/dp/B0DH8KKX15,43.0,279.13,239.98,GBP,279.13,Amazon,GB,2026-09-12T08:42:28Z,B0DH8KKX15,,,,,2026-07-01
Hisense,"Hisense 40 Inch 40E4QTUK FHD LED TV with Freely | Direct Lit LED, Dolby Audio, Natural Colour Enhancer, Games Mode and Spo...",https://www.amazon.co.uk/dp/B0F7WDSW1P,40.0,277.99,239.0,GBP,277.99,Amazon,GB,2026-09-12T08:42:28Z,B0F7WDSW1P,,,,,2026-07-01
LG,"LG Gallery TV AI with Frame LX7 Mini LED 65 inch 4K Smart TV - 65LX7B6LA (α7 AI Processor 4K Gen9, 60Hz, HDR10, FILMMAKER MODE™, Google Cast, Apple AirPlay 2) [Model year 2026]",https://www.amazon.co.uk/dp/B0H3W4WQGL,65.0,1510.94,1299.0,GBP,1510.94,Amazon,GB,2026-09-12T08:42:28Z,B0H3W4WQGL,,,,,2026-07-01
LG,"LG 48-Inch OLED evo AI G5 4K Ultra HD HDR Smart TV, WiFi, Bluetooth, 2025 Model, Stand Version (alpha 11 AI Processor Gen2, 100% Colour Volume, AI Picture Pro, 120Hz Refresh Rate, Dolby Atmos)",https://www.amazon.co.uk/dp/B0F948Q9XK,48.0,,,,,Amazon,GB,2026-09-12T08:42:28Z,B0F948Q9XK,,,,,
LG,"LG OLED83G64LW 2026 Smart TV OLED EVO AI 83"" 4K No Glare | OLED evo, Smart TV, WebOS 26, α11 AI Gen3 Processor, VRR 165Hz,...",https://www.amazon.co.uk/dp/B0GYQ32WKS,83.0,,,,,Amazon,GB,2026-09-12T08:42:28Z,B0GYQ32WKS,,,,,
LG,"LG OLED65G54LW - 65"" OLED EVO 4K Smart TV AI B5, WebOS 25, Dolby Vision and Dolby Atmos, AMD FreeSync, Alexa/Google Assistant, Black",https://www.amazon.co.uk/dp/B0F3D871FD,65.0,2325.15,1999.0,GBP,2325.15,Amazon,GB,2026-09-12T08:42:28Z,B0F3D871FD,,,,,2026-07-01
TCL,"TCL 55V6C-UK 55"" 4K Ultra HD, HDR TV, Smart TV Powered by Google TV (Dolby Audio, Voice Control, compatible with Google assistant, Chromecast built-in, 2025 New Model)",https://www.amazon.co.uk/dp/B0DPM31FH8,55.0,324.52,279.0,GBP,324.52,Amazon,GB,2026-09-12T08:42:28Z,B0DPM31FH8,,,,,2026-07-01
Philips,"PHILIPS 24PHS6000 2K HD LED Smart TV - 24 Inch Display with Pixel Plus, Titan OS Platform and Dolby Digital Sound, Works with Alexa and Google Voice Assistant",https://www.amazon.co.uk/dp/B0F24TDBKZ,24.0,168.24,144.64,GBP,168.24,Amazon,GB,2026-09-12T08:42:28Z,B0F24TDBKZ,,,,,2026-07-01
Samsung,Samsung 43 Inch Crystal UHD U8020F Smart TV,https://www.amazon.co.uk/dp/B0F6VKMDQS,43.0,312.89,269.0,GBP,312.89,Amazon,GB,2026-09-12T08:42:28Z,B0F6VKMDQS,,,,,2026-07-01
TCL,"TCL 50V5C-UK 50Inch Full HD Smart QLED Direct LED TV with Android TV​ and HDR - Compatible with Google Cast and Google Home, Slim Design",https://www.amazon.co.uk/dp/B0FVFW9CZS,50.0,277.99,239.0,GBP,277.99,Amazon,GB,2026-09-12T08:42:28Z,B0FVFW9CZS,,,,,2026-07-01
Xiaomi,"XIAOMI TV F Pro 43, 43 Inch (101 cm) 4K QLED Smart TV, Fire TV, HDR10+ | MEMC, Alexa Voice Control, 2GB+32GB, Works with A...",https://www.amazon.co.uk/dp/B0FCY8MNS4,43.0,266.36,229.0,GBP,266.36,Amazon,GB,2026-09-12T08:42:28Z,B0FCY8MNS4,,,,,2026-07-01
Hisense,"Hisense 65"" 65U7QTUK MiniLED QLED 144Hz Smart AI TV - Hi-View AI Engine, 144Hz Game Mode PRO, 21 Channel, Dolby Atmos, Quantum Dot Colour, Anti-Reflection with Freely, Disney +, YouTube, Netflix",https://www.amazon.co.uk/dp/B0F7WC5H3X,65.0,871.2,749.0,GBP,871.2,Amazon,GB,2026-09-12T08:42:28Z,B0F7WC5H3X,,,,,2026-07-01
TCL,"TCL 85T6C-UK 85 Inch QLED 4K HDR TV, Fire TV (Smart TV with Dolby Vision & Atmos, HDR10+, Press & Ask Alexa, 2025 Model)",https://www.amazon.co.uk/dp/B0F66G8689,85.0,929.36,799.0,GBP,929.36,Amazon,GB,2026-09-12T08:42:28Z,B0F66G8689,,,,,2026-07-01
Sony,"Sony BRAVIA 7 II True RGB 55 Inch TV, 4K Smart TV (Google TV), RGB LED, XR Processor with AI Technology, 120hz Television with Dolby Vision/Atmos, PS5 compatibility, 55XR75M2, 2026 Model",https://www.amazon.co.uk/dp/B0H2KCGB73,55.0,1976.2,1699.0,GBP,1976.2,Amazon,GB,2026-09-12T08:42:28Z,B0H2KCGB73,,,,,2026-07-01
LG,LG 50 Inch UHD TV 2023 - 50UR78006LK,https://www.amazon.co.uk/dp/B0C2DGWQS4,50.0,394.31,339.0,GBP,394.31,Amazon,GB,2026-09-12T08:42:28Z,B0C2DGWQS4,,,,,2026-07-01
LG,"LG 65"" 65C44LA 4K Ultra HD HDR OLED AMD FreeSync Smart TV",https://www.amazon.co.uk/dp/B0D671RPKR,65.0,1627.26,1399.0,GBP,1627.26,Amazon,GB,2026-09-12T08:42:28Z,B0D671RPKR,,,,,2026-07-01
LG,"TV LG evo AI C5 (2025) 65"" OLED 4K UHD - OLED65C56LB",https://www.amazon.co.uk/dp/B0FJ6V6BZ4,65.0,1952.88,1678.95,GBP,1952.88,Amazon,GB,2026-09-12T08:42:28Z,B0FJ6V6BZ4,,,,,2026-07-01
LG,LG TV MRGB AI 2026 | 55MRGB88 | 55 inches (139 cm),https://www.amazon.co.uk/dp/B0GWFF6GPF,55.0,,,,,Amazon,GB,2026-09-12T08:42:28Z,B0GWFF6GPF,,,,,
LG,"LG 65UT91006LA 65-Inch 4K UHD Smart TV, α5 AI Processor Gen7, Freeview Play and Amazon Alexa, 60Hz, Ashed Blue [Model 2024]",https://www.amazon.co.uk/dp/B0D17W2LQG,65.0,,,,,Amazon,GB,2026-09-12T08:42:28Z,B0D17W2LQG,,,,,
LG,"LG OLED65B6ELC 65-Inch OLED evo AI 4K UHD Smart TV bundle with US95AR Home Cinema Soundbar 9.1 channel, Dolby Atmos and Rear Speakers, 810W",https://www.amazon.co.uk/dp/B0H1X7XW56,65.0,,,,,Amazon,GB,2026-09-12T08:42:28Z,B0H1X7XW56,,,,,
LG,"LG Ultimate AI 50UA75006LA UHD Smart TV - 50"" (127cm) 4K UHD, HDR10 Pro, webOS 25, α7 Gen8, Dolby Digital Plus, VRR, HDMI x3",https://www.amazon.co.uk/dp/B0FQTVDWGK,50.0,799.77,687.59,GBP,799.77,Amazon,GB,2026-09-12T08:42:28Z,B0FQTVDWGK,,,,,2026-07-01
LG,"LG 50UQ70006LB 50"""" 4K Uq7000 Hdr Smart Led TV",https://www.amazon.co.uk/dp/B09ZV53KKV,50.0,417.57,359.0,GBP,417.57,Amazon,GB,2026-09-12T08:42:28Z,B09ZV53KKV,,,,,2026-07-01
LG,LG TV OLED 2024 | OLED65B4 | 65'' (164 cm) | OLED| α8 AI 4K Processor | Dolby Vision & Atmos | Alexa,https://www.amazon.co.uk/dp/B0D54R33MJ,65.0,1846.86,1587.8,GBP,1846.86,Amazon,GB,2026-09-12T08:42:28Z,B0D54R33MJ,,,,,2026-07-01
LG,"LG 43"" 4K Ultra HD LED 4K HDR10 webOS AI Smart TV",https://www.amazon.co.uk/dp/B0HHSJ51N4,43.0,302.41,259.99,GBP,302.41,Amazon,GB,2026-09-12T08:42:28Z,B0HHSJ51N4,,,,,2026-07-01
LG,LG Electronics OLED83G36LA 83 inch 4K Ultra HD OLED HDR Smart TV with Game Optimiser,https://www.amazon.co.uk/dp/B0BYTNYM7V,83.0,,,,,Amazon,GB,2026-09-12T08:42:28Z,B0BYTNYM7V,,,,,
LG,LG 43 Inch UHD TV - 43UR78006LK,https://www.amazon.co.uk/dp/B0C4T3HR77,43.0,560.63,481.99,GBP,560.63,Amazon,GB,2026-09-12T08:42:28Z,B0C4T3HR77,,,,,2026-07-01
LG,"LG 47LB670V 47"" Full HD 3D compatibility Smart TV Wi-Fi Black, Silver LED TV - LED TVs (Full HD, A+, 16:9, 1920 x 1080 (HD 1080), 1080p, Black, Silver)",https://www.amazon.co.uk/dp/B00L2Q88TG,47.0,4884.09,4199.0,GBP,4884.09,Amazon,GB,2026-09-12T08:42:28Z,B00L2Q88TG,,,,,2026-07-01
LG,"LG 32LM637 32"" HDR HD Ready Freeview Play Smart TV",https://www.amazon.co.uk/dp/B08Y5RBF45,32.0,215.18,185.0,GBP,215.18,Amazon,GB,2026-09-12T08:42:28Z,B08Y5RBF45,,,,,2026-07-01
LG,"LG OLED83C64LA 83-Inch OLED evo AI 4K UHD Smart TV bundle with US60T Soundbar with Cinematic Sound & WOW Interface 3.1 channel, 340W",https://www.amazon.co.uk/dp/B0GVDL3HJC,83.0,4882.93,4198.0,GBP,4882.93,Amazon,GB,2026-09-12T08:42:28Z,B0GVDL3HJC,,,,,2026-07-01
LG,"LG 42C44LA 4K Ultra HD OLED AMD FreeSync 42"" Smart TV",https://www.amazon.co.uk/dp/B0D671ZZXL,42.0,1430.2,1229.59,GBP,1430.2,Amazon,GB,2026-09-12T08:42:28Z,B0D671ZZXL,,,,,2026-07-01
LG,"LG OLED83C64LA 83-Inch OLED evo AI 4K UHD Smart TV bundle with XO2 Portable Bluetooth Multi-Directional Speaker, 15H Battery Life, IP55 Waterproof",https://www.amazon.co.uk/dp/B0GVDCP8JF,83.0,4729.85,4066.39,GBP,4729.85,Amazon,GB,2026-09-12T08:42:28Z,B0GVDCP8JF,,,,,2026-07-01
LG,"LG 32LM631C - 32"" LED-backlit LCD TV - Full HD",https://www.amazon.co.uk/dp/B09JPD56K3,32.0,219.84,189.0,GBP,219.84,Amazon,GB,2026-09-12T08:42:28Z,B09JPD56K3,,,,,2026-07-01
LG,LG TV AI B5 (2025) 55 Inch OLED UHD 4K Preta,https://www.amazon.co.uk/dp/B0FLDYSCZ8,55.0,,,,,Amazon,GB,2026-09-12T08:42:28Z,B0FLDYSCZ8,,,,,
LG,"LG 55QNED866RE_AEK 55"" 4K Smart QNED TV, (Pack Of 1)",https://www.amazon.co.uk/dp/B0BYZKGTNF,55.0,,,,,Amazon,GB,2026-09-12T08:42:28Z,B0BYZKGTNF,,,,,
LG,"LG LED UR80 75"" 4K Smart TV, 2023",https://www.amazon.co.uk/dp/B0BYKC4WC9,75.0,,,,,Amazon,GB,2026-09-12T08:42:28Z,B0BYKC4WC9,,,,,
LG,LG TV MRGB AI 2026 | 65MRGB88 | 65 inches (164 cm),https://www.amazon.co.uk/dp/B0GWFRFQZK,65.0,,,,,Amazon,GB,2026-09-12T08:42:28Z,B0GWFRFQZK,,,,,
LG,"LG OLED48C55LA 48-Inch OLEDevo AI 4K UHD Smart TV bundle US60T Bluetooth Soundbar 3.1 channel, 340W",https://www.amazon.co.uk/dp/B0F7XZ585T,48.0,1160.83,998.0,GBP,1160.83,Amazon,GB,2026-09-12T08:42:28Z,B0F7XZ585T,,,,,2026-07-01
LG,"LG 86UN85006LA 217cm (86"") UHD TV (4K, Triple Tuner (DVB-T2/T,-C,-S2/S), Dolby Vision, Dolby Atmos, Cinema HDR, 100Hz, Smart TV) [Model Year 2020]",https://www.amazon.co.uk/dp/B084XSJ66N,86.0,,,,,Amazon,GB,2026-09-12T08:42:28Z,B084XSJ66N,,,,,
LG,"LG TV 48"" OLED48C46LA 4K UHD EVO C4 SMART TV WEBOS24",https://www.amazon.co.uk/dp/B0D54XF4N9,48.0,1154.4,992.47,GBP,1154.4,Amazon,GB,2026-09-12T08:42:28Z,B0D54XF4N9,,,,,2026-07-01
LG,"LG OLED55G45LW, 55"", OLED EVO* 4K, G4 Series, Smart TV, WebOS24, A11 Processor, Dolby Vision, Dolby Atmos, WebOS 24, 3840X2160, TV Gaming, 144Hz, Wall Integration, Black",https://www.amazon.co.uk/dp/B0CY5RGZF4,55.0,2200.45,1891.79,GBP,2200.45,Amazon,GB,2026-09-12T08:42:28Z,B0CY5RGZF4,,,,,2026-07-01
LG,"LG 43QNED80A6A 43-Inch QNED AI 4K UHD Smart TV bundle with X02 Portable Bluetooth Multi-Directional Speaker, 15H Battery Life, IP55 Waterproof",https://www.amazon.co.uk/dp/B0GH7D453P,43.0,495.96,426.39,GBP,495.96,Amazon,GB,2026-09-12T08:42:28Z,B0GH7D453P,,,,,2026-07-01
LG,LG 2023 OLED TV | OLED55B3 | 55'' (139 cm) | OLED| α7 AI Gen6 4K Processor,https://www.amazon.co.uk/dp/B0C2J52CY6,55.0,2240.24,1926.0,GBP,2240.24,Amazon,GB,2026-09-12T08:42:28Z,B0C2J52CY6,,,,,2026-07-01
LG,"LG OLED55G54LW - 55"" OLED EVO 4K, Smart TV AI G5, WebOS 25, Super Upscaling, Dolby Vision and Dolby Atmos, AMD FreeSync, Alexa/Google Assistant, Black",https://www.amazon.co.uk/dp/B0F3D88VP6,55.0,,,,,Amazon,GB,2026-09-12T08:42:28Z,B0F3D88VP6,,,,,
LG,"LG 65QNED866RE_AEK 65"" 4K Smart QNED TV, (Pack Of 1)",https://www.amazon.co.uk/dp/B0BYZKCVT1,65.0,,,,,Amazon,GB,2026-09-12T08:42:28Z,B0BYZKCVT1,,,,,
LG,"Smart TV 43"" UHD 4K LG 43UP751C",https://www.amazon.co.uk/dp/B09N7NDZXR,43.0,312.89,269.0,GBP,312.89,Amazon,GB,2026-09-12T08:42:28Z,B09N7NDZXR,,,,,2026-07-01
LG,LG 50QNED70B6C - Smart TV 50 Inch 4K QNED DVB-T2 HEVC/H.265 Wifi Black Energy Class F,https://www.amazon.co.uk/dp/B0H36SHKPF,50.0,851.66,732.2,GBP,851.66,Amazon,GB,2026-09-12T08:42:28Z,B0H36SHKPF,,,,,2026-07-01
LG,"LG OLED42C65LA 42-Inch OLED evo AI 4K UHD Smart TV bundle with XO2 Portable Bluetooth Multi-Directional Speaker, 15H Battery Life, IP55 Waterproof",https://www.amazon.co.uk/dp/B0GVDGZK18,42.0,1356.69,1166.39,GBP,1356.69,Amazon,GB,2026-09-12T08:42:28Z,B0GVDGZK18,,,,,2026-07-01
LG,"Smart TV LG OLED55C14LB 55"" 4K Ultra HD OLED HDR10",https://www.amazon.co.uk/dp/B094KND2TZ,55.0,2458.91,2114.0,GBP,2458.91,Amazon,GB,2026-09-12T08:42:28Z,B094KND2TZ,,,,,2026-07-01
LG,"LG 43UM7100 43"" Ultra HD 4K Smart LED TV",https://www.amazon.co.uk/dp/B07RBNLL6V,43.0,1952.94,1679.0,GBP,1952.94,Amazon,GB,2026-09-12T08:42:28Z,B07RBNLL6V,,,,,2026-07-01
LG,"LG 49"" LED-TV, UHD - 4K, HDR10, Voice Control - 49UN73906LE.AEU, 2021",https://www.amazon.co.uk/dp/B086G5Y2J1,49.0,,,,,Amazon,GB,2026-09-12T08:42:28Z,B086G5Y2J1,,,,,
LG,LG TV QNED 2024 | 65QNED86T | 65'' (164 cm) | QNED | α8 AI 4K Processor | Alexa,https://www.amazon.co.uk/dp/B0DGGZCZKQ,65.0,1215.49,1044.99,GBP,1215.49,Amazon,GB,2026-09-12T08:42:28Z,B0DGGZCZKQ,,,,,2026-07-01
LG,"LG OLED55C65LA 55-Inch OLED evo AI 4K UHD Smart TV bundle with US40TR Soundbar with Wireless Subwoofer & Surround Sound 4.1 channel, 400W",https://www.amazon.co.uk/dp/B0GVDTF3FN,55.0,2093.38,1799.74,GBP,2093.38,Amazon,GB,2026-09-12T08:42:28Z,B0GVDTF3FN,,,,,2026-07-01
LG,"LG OLED65C65LA 65-Inch OLED evo AI 4K UHD Smart TV bundle with XO2 Portable Bluetooth Multi-Directional Speaker, 15H Battery Life, IP55 Waterproof",https://www.amazon.co.uk/dp/B0GVDKLF24,65.0,2519.85,2166.39,GBP,2519.85,Amazon,GB,2026-09-12T08:42:28Z,B0GVDKLF24,,,,,2026-07-01
LG,"LG 50QNED85B6B 50-Inch QNED evo MiniLED AI 4K UHD Smart TV bundle with XO2 Portable Bluetooth Multi-Directional Speaker, 15H Battery Life, IP55 Waterproof",https://www.amazon.co.uk/dp/B0GVD8FY53,50.0,833.27,716.39,GBP,833.27,Amazon,GB,2026-09-12T08:42:28Z,B0GVD8FY53,,,,,2026-07-01
LG,LG 2024 OLED TV | OLED55B4 | 55'' (139 cm) | OLED| α8 AI 4K Processor | Dolby Vision & Atmos | Alexa,https://www.amazon.co.uk/dp/B0D54N4TR6,55.0,1430.2,1229.59,GBP,1430.2,Amazon,GB,2026-09-12T08:42:28Z,B0D54N4TR6,,,,,2026-07-01
LG,"LG OLED42C65LA 42-Inch OLED evo AI 4K UHD Smart TV bundle with US70TR Home Cinema Soundbar 5.1 channel, Dolby Atmos and Rear Speakers, 500W",https://www.amazon.co.uk/dp/B0GVDL2D8S,42.0,1848.21,1588.96,GBP,1848.21,Amazon,GB,2026-09-12T08:42:28Z,B0GVDL2D8S,,,,,2026-07-01
LG,"LG OLED42C65LA 42-Inch OLED evo AI 4K UHD Smart TV bundle with US60T Soundbar with Cinematic Sound & WOW Interface 3.1 channel, 340W",https://www.amazon.co.uk/dp/B0GVDGSKK9,42.0,1509.78,1298.0,GBP,1509.78,Amazon,GB,2026-09-12T08:42:28Z,B0GVDGSKK9,,,,,2026-07-01
LG,"LG 55"" 55C44LA 4K Ultra HD OLED AMD FreeSync Smart TV",https://www.amazon.co.uk/dp/B0D66YSRL9,55.0,1703.66,1464.69,GBP,1703.66,Amazon,GB,2026-09-12T08:42:28Z,B0D66YSRL9,,,,,2026-07-01
LG,LG 55QNED70A6A (2025) 55-Inch QNED AI 4K UHD HDR Smart TV bundle with US20A Bluetooth Soundbar 2.0 Channel,https://www.amazon.co.uk/dp/B0GQTDMKZX,55.0,608.39,523.05,GBP,608.39,Amazon,GB,2026-09-12T08:42:28Z,B0GQTDMKZX,,,,,2026-07-01
LG,LG 43QNED70B6C - Smart TV 43 Inch 4K 3840 x 2160 pixels QNED DVB-T2 Wifi HEVC/H.265 Energy Class F,https://www.amazon.co.uk/dp/B0H3717ZS4,43.0,765.87,658.44,GBP,765.87,Amazon,GB,2026-09-12T08:42:28Z,B0H3717ZS4,,,,,2026-07-01
LG,"LG OLED55C65LA 55-Inch OLED evo AI 4K UHD Smart TV bundle with XO2 Portable Bluetooth Multi-Directional Speaker, 15H Battery Life, IP55 Waterproof",https://www.amazon.co.uk/dp/B0GVDHHJYN,55.0,1938.27,1666.39,GBP,1938.27,Amazon,GB,2026-09-12T08:42:28Z,B0GVDHHJYN,,,,,2026-07-01
LG,"LG OLED B3 55"" 4K Smart TV, 2023",https://www.amazon.co.uk/dp/B0BYK7PVCY,55.0,1970.39,1694.0,GBP,1970.39,Amazon,GB,2026-09-12T08:42:28Z,B0BYK7PVCY,,,,,2026-07-01
LG,"LG 43UA75006LA 43-Inch 4K UHD Smart TV bundle with US20A Soundbar with built-in subwoofers & WOW Interface 2.0 channel, 50W",https://www.amazon.co.uk/dp/B0GVF7YHJJ,43.0,404.75,347.98,GBP,404.75,Amazon,GB,2026-09-12T08:42:28Z,B0GVF7YHJJ,,,,,2026-07-01
LG,"LG 86QNED80A6A 86-Inch QNED AI 4K UHD Smart TV bundle with X02 Portable Bluetooth Multi-Directional Speaker, 15H Battery Life, IP55 Waterproof",https://www.amazon.co.uk/dp/B0GH7J7V67,86.0,2149.98,1848.4,GBP,2149.98,Amazon,GB,2026-09-12T08:42:28Z,B0GH7J7V67,,,,,2026-07-01
LG,LG OLED65G66LS – 65 Inch Smart TV 4K DVB-T2 HEVC/H.265 OLED Wifi Energy Class E,https://www.amazon.co.uk/dp/B0H36VQ8P1,65.0,3511.51,3018.95,GBP,3511.51,Amazon,GB,2026-09-12T08:42:28Z,B0H36VQ8P1,,,,,2026-07-01
LG,LG 65NANO766 LED TV NanoCell 4K 65 inches (164 cm),https://www.amazon.co.uk/dp/B09XXXZNB5,65.0,857.58,737.29,GBP,857.58,Amazon,GB,2026-09-12T08:42:28Z,B09XXXZNB5,,,,,2026-07-01
LG,"LG OLED48C55LA 48-Inch OLEDevo AI 4K UHD Smart TV bundle with X02 Portable Bluetooth Multi-Directional Speaker, 15H Battery Life, IP55 Waterproof",https://www.amazon.co.uk/dp/B0GH7THF1F,48.0,1007.75,866.39,GBP,1007.75,Amazon,GB,2026-09-12T08:42:28Z,B0GH7THF1F,,,,,2026-07-01
LG,"LG OLED48C65LA 48-Inch OLED evo AI 4K UHD Smart TV bundle with US60T Soundbar with Cinematic Sound & WOW Interface 3.1 channel, 340W",https://www.amazon.co.uk/dp/B0GVDD4QK8,48.0,1626.09,1398.0,GBP,1626.09,Amazon,GB,2026-09-12T08:42:28Z,B0GVDD4QK8,,,,,2026-07-01
LG,"LG OLED48C65LA 48-Inch OLED evo AI 4K UHD Smart TV bundle with US70TR Home Cinema Soundbar 5.1 channel, Dolby Atmos and Rear Speakers, 500W",https://www.amazon.co.uk/dp/B0GVDHGN3Z,48.0,1964.52,1688.96,GBP,1964.52,Amazon,GB,2026-09-12T08:42:28Z,B0GVDHGN3Z,,,,,2026-07-01
LG,LG 55QNED70A6A 55-Inch 4K UHD Smart TV bundle with xboom Grab Portable Bluetooth Speaker,https://www.amazon.co.uk/dp/B0G7YGQRP4,55.0,624.6,536.99,GBP,624.6,Amazon,GB,2026-09-12T08:42:28Z,B0G7YGQRP4,,,,,2026-07-01
LG,"LG 43QNED70A6A (2025) 43-Inch QNED AI 4K UHD HDR Smart TV bundle with US60T Bluetooth Soundbar 3.1 channel, 340W",https://www.amazon.co.uk/dp/B0GQTQ1YHM,43.0,557.14,478.99,GBP,557.14,Amazon,GB,2026-09-12T08:42:28Z,B0GQTQ1YHM,,,,,2026-07-01
LG,"LG 55NU850B6LA 55-Inch NANO AI 4K UHD Smart TV bundle with US40TR Soundbar with Wireless Subwoofer & Surround Sound 4.1 channel, 400W",https://www.amazon.co.uk/dp/B0GVDJXHYL,55.0,685.96,589.74,GBP,685.96,Amazon,GB,2026-09-12T08:42:28Z,B0GVDJXHYL,,,,,2026-07-01
LG,"LG OLED48C65LA 48-Inch OLED evo AI 4K UHD Smart TV bundle with US40TR Soundbar with Wireless Subwoofer & Surround Sound 4.1 channel, 400W",https://www.amazon.co.uk/dp/B0GVDGQTJZ,48.0,1628.12,1399.74,GBP,1628.12,Amazon,GB,2026-09-12T08:42:28Z,B0GVDGQTJZ,,,,,2026-07-01
LG,"LG 75QNED80A6A 75-Inch QNED AI 4K UHD Smart TV bundle with X02 Portable Bluetooth Multi-Directional Speaker, 15H Battery Life, IP55 Waterproof",https://www.amazon.co.uk/dp/B0GH7L77XL,75.0,1473.01,1266.39,GBP,1473.01,Amazon,GB,2026-09-12T08:42:28Z,B0GH7L77XL,,,,,2026-07-01
LG,LG 86QNED80A6A (2025) 86-Inch QNED AI 4K UHD HDR Smart TV bundle with US40TR Bluetooth Soundbar 4.1 Channel (Wireless Subwoofer),https://www.amazon.co.uk/dp/B0FSF2RXXK,86.0,2305.08,1981.75,GBP,2305.08,Amazon,GB,2026-09-12T08:42:28Z,B0FSF2RXXK,,,,,2026-07-01
LG,"LG OLED42C65LA 42-Inch OLED evo AI 4K UHD Smart TV bundle with US40TR Soundbar with Wireless Subwoofer & Surround Sound 4.1 channel, 400W",https://www.amazon.co.uk/dp/B0GVDHCJYZ,42.0,1511.8,1299.74,GBP,1511.8,Amazon,GB,2026-09-12T08:42:28Z,B0GVDHCJYZ,,,,,2026-07-01
LG,"LG 32LM631C0ZA.AEU Televisor 81.3 cm (32"") Full HD Smart TV Wifi",https://www.amazon.co.uk/dp/B094N7Q7T2,32.0,374.98,322.38,GBP,374.98,Amazon,GB,2026-09-12T08:42:28Z,B094N7Q7T2,,,,,2026-07-01
LG,"LG C5 48"" OLED evo AI 4K HDR Smart TV 2025 & US60TR 5.1 Wireless Sound Bar Bundle by LG",https://www.amazon.co.uk/dp/B0G1SQYDGX,48.0,1103.83,949.0,GBP,1103.83,Amazon,GB,2026-09-12T08:42:28Z,B0G1SQYDGX,,,,,2026-07-01
LG,LG Smart TV 65 inch 4K Ultra HD OLED Screen Evo WebOS System A11 Gen2 with AI Class E color silver - OLED65G56LS.API,https://www.amazon.co.uk/dp/B0F7J3BFKL,65.0,2325.15,1999.0,GBP,2325.15,Amazon,GB,2026-09-12T08:42:28Z,B0F7J3BFKL,,,,,2026-07-01
Sony,"Sony BRAVIA 3 – Direct LED, X-Balanced Speaker, Dolby Vision/Atmos, IMAX Enhanced, Google TV (2025), Google Cast, Apple AirPlay 2, Eco Dashboard 2, Game Menu 2 – 43-inch",https://www.amazon.co.uk/dp/B0F29KJPSN,43.0,522.26,449.0,GBP,522.26,Amazon,GB,2026-09-12T08:42:28Z,B0F29KJPSN,,,,,2026-07-01
LG,"LG ST-G4SN55 TV mount/stand 139.7 cm (55"") Black",https://www.amazon.co.uk/dp/B0D5VNGWBB,55.0,103.52,89.0,GBP,103.52,Amazon,GB,2026-09-12T08:42:28Z,B0D5VNGWBB,,,,,2026-07-01
TCL,"TCL 65PF650K 65-inch 4K Ultra HD, HDR TV, Smart LED Fire TV (Dolby Vision, Dolby Atmos, DTS, HDR 10, Alexa built-in, Airplay2, Miracast)",https://www.amazon.co.uk/dp/B0D81MXY4N,65.0,440.84,379.0,GBP,440.84,Amazon,GB,2026-09-12T08:42:28Z,B0D81MXY4N,,,,,2026-07-01
TCL,"TCL 43SF560-UK 43 Inch Full HD QLED HDR Smart TV with Fire TV Press & Ask Alexa, Metallic Bezel-Less Design",https://www.amazon.co.uk/dp/B0F9PNYPBF,43.0,231.47,199.0,GBP,231.47,Amazon,GB,2026-09-12T08:42:28Z,B0F9PNYPBF,,,,,2026-07-01
TCL,"TCL 55C6K-UK QD-Mini LED TV, 4K HDR Premium 1000nits, Smart TV Powered by Google TV (Dolby Vision IQ & Atmos, Onkyo 2.1 Sound System, 144Hz Motion Clarity Pro)",https://www.amazon.co.uk/dp/B0H4R1PD9L,55.0,696.73,599.0,GBP,696.73,Amazon,GB,2026-09-12T08:42:28Z,B0H4R1PD9L,,,,,2026-07-01
TCL,"TCL 43V5C-UK 43Inch Full HD Smart QLED Direct LED TV with Android TV​ and HDR - Compatible with Google Cast and Google Home, Slim Design",https://www.amazon.co.uk/dp/B0FVFS9S7F,43.0,231.47,199.0,GBP,231.47,Amazon,GB,2026-09-12T08:42:28Z,B0FVFS9S7F,,,,,2026-07-01
TCL,"TCL 50T6C-UK 50 Inch QLED 4K HDR TV, Fire TV (Smart TV with Dolby Vision & Atmos, HDR10+, Press & Ask Alexa, 2025 Model)",https://www.amazon.co.uk/dp/B0DW8P6BCG,50.0,324.52,279.0,GBP,324.52,Amazon,GB,2026-09-12T08:42:28Z,B0DW8P6BCG,,,,,2026-07-01
TCL,"TCL 43V6D-UK 43 Inch 4K HDR, Fire TV, HDR10+, Dolby Atmos, DTS:X, Game Master, Motion Clarity, AirPlay 2, Press & Ask Alexa (2026 New Model)",https://www.amazon.co.uk/dp/B0GZPVKBN9,43.0,266.36,229.0,GBP,266.36,Amazon,GB,2026-09-12T08:42:28Z,B0GZPVKBN9,,,,,2026-07-01
TCL,"TCL 50C7K-UK 50 Inch QD-Mini LED TV, 4K HDR Premium 2000, Smart TV Powered by Google TV (Dolby Vision IQ & Atmos, HVA Panel, 144Hz Motion Clarity Pro, Game Master)",https://www.amazon.co.uk/dp/B0GL921KL1,50.0,580.41,499.0,GBP,580.41,Amazon,GB,2026-09-12T08:42:28Z,B0GL921KL1,,,,,2026-07-01
TCL,"TCL 43T6C-UK 43 Inch QLED 4K HDR TV, Fire TV (Smart TV with Dolby Vision & Atmos, HDR10+, Press & Ask Alexa, 2025 Model)",https://www.amazon.co.uk/dp/B0DW9833SD,43.0,308.24,265.0,GBP,308.24,Amazon,GB,2026-09-12T08:42:28Z,B0DW9833SD,,,,,2026-07-01
TCL,"TCL 65C6K-UK 65 Inch QD-Mini LED TV, 4K HDR Premium 1000nits, Smart TV Powered by Google TV (Dolby Vision IQ & Atmos, Onkyo 2.1 Sound System, 144Hz Motion Clarity Pro)",https://www.amazon.co.uk/dp/B0H726FRPQ,65.0,789.78,679.0,GBP,789.78,Amazon,GB,2026-09-12T08:42:28Z,B0H726FRPQ,,,,,2026-07-01
TCL,"TCL 55T6C-UK 55 Inch QLED 4K HDR TV, Fire TV (Smart TV with Dolby Vision & Atmos, HDR10+, Press & Ask Alexa, 2025 Model)",https://www.amazon.co.uk/dp/B0DW8PZCHX,55.0,382.68,329.0,GBP,382.68,Amazon,GB,2026-09-12T08:42:28Z,B0DW8PZCHX,,,,,2026-07-01
TCL,"TCL 65T6C-UK 65 Inch QLED 4K HDR TV, Fire TV (Smart TV with Dolby Vision & Atmos, HDR10+, Press & Ask Alexa, 2025 Model)",https://www.amazon.co.uk/dp/B0DW8PXV62,65.0,517.6,445.0,GBP,517.6,Amazon,GB,2026-09-12T08:42:28Z,B0DW8PXV62,,,,,2026-07-01
TCL,"TCL 40V5D-UK 40 Inch Full HD QLED HDR Smart TV with Fire TV | Direct LED, Apple AirPlay 2, Press & Ask Alexa, Metallic Bez...",https://www.amazon.co.uk/dp/B0H7H3HFQZ,40.0,254.73,219.0,GBP,254.73,Amazon,GB,2026-09-12T08:42:28Z,B0H7H3HFQZ,,,,,2026-07-01
TCL,"TCL 75T6C-UK 75 Inch QLED 4K HDR TV, Fire TV (Smart TV with Dolby Vision & Atmos, HDR10+, Press & Ask Alexa, 2025 Model)",https://www.amazon.co.uk/dp/B0DW8RJSG6,75.0,696.73,599.0,GBP,696.73,Amazon,GB,2026-09-12T08:42:28Z,B0DW8RJSG6,,,,,2026-07-01
TCL,TCL 50SF560-UK 50-inch FHD Smart Television - HDR & HLG-Dolby Audio-DTS Virtual X/DTS-HD-Metal Bezel-less-Dual-band Wifi 5-with Fire OS 7 system,https://www.amazon.co.uk/dp/B0CFM8CMZS,50.0,,,,,Amazon,GB,2026-09-12T08:42:28Z,B0CFM8CMZS,,,,,
TCL,"TCL 75C6K-UK 75 Inch QD-Mini LED TV, 4K HDR Premium 1000nits, Smart TV Powered by Google TV (Dolby Vision IQ & Atmos, Onkyo 2.1 Sound System, 144Hz Motion Clarity Pro)",https://www.amazon.co.uk/dp/B0H7286935,75.0,964.26,829.0,GBP,964.26,Amazon,GB,2026-09-12T08:42:28Z,B0H7286935,,,,,2026-07-01
TCL,"TCL 50Q6C-UK QD-Mini LED TV, 4K HDR Premium 1000nits, Smart TV Powered by Google TV (Dolby Vision IQ & Atmos, 144Hz Motion Clarity Pro,2025 Model)",https://www.amazon.co.uk/dp/B0FKT36J2G,50.0,522.26,449.0,GBP,522.26,Amazon,GB,2026-09-12T08:42:28Z,B0FKT36J2G,,,,,2026-07-01
TCL,"TCL 75C7K-UK 75 Inch QD-Mini LED TV, 4K HDR Premium 3000, Smart TV Powered by Google TV (Dolby Vision IQ & Atmos, CrystGlow HVA Panel, Audio by Bang & Olufsen, 144Hz Motion Clarity Pro, Game Master",https://www.amazon.co.uk/dp/B0HDTT855B,75.0,1278.31,1099.0,GBP,1278.31,Amazon,GB,2026-09-12T08:42:28Z,B0HDTT855B,,,,,2026-07-01
TCL,"TCL 50S5K-UK – 50” Full HD Smart QLED Direct LED TV with Android TV​ & HDR - Compatible with Google Cast & Google Home, Slim Design",https://www.amazon.co.uk/dp/B0F9LJCQXY,50.0,,,,,Amazon,GB,2026-09-12T08:42:28Z,B0F9LJCQXY,,,,,
TCL,"TCL 65P8L-UK 65 Inch QD-Mini LED 4K HDR10+ Smart TV, Onkyo 2.1 Sound | Google TV, FreeSync Premium, Dolby Vision & Atmos, ...",https://www.amazon.co.uk/dp/B0GY582KSN,65.0,987.52,849.0,GBP,987.52,Amazon,GB,2026-09-12T08:42:28Z,B0GY582KSN,,,,,2026-07-01
TCL,"TCL 85Q6C-UK QD-Mini LED TV, 4K HDR Premium 1000nits, Smart TV Powered by Google TV (Dolby Vision IQ & Atmos, Matte HVA Panel, Onkyo 2.1 Sound System, 144Hz Motion Clarity Pro, 2025 Model)",https://www.amazon.co.uk/dp/B0DWF49LC5,85.0,1278.31,1099.0,GBP,1278.31,Amazon,GB,2026-09-12T08:42:28Z,B0DWF49LC5,,,,,2026-07-01
TCL,"TCL 43A400 Pro-UK 43 Inch NXTVISION QLED Art TV, 4K Smart TV | Google TV, Frame Design, Art Mode, Dolby Vision, Dolby Audi...",https://www.amazon.co.uk/dp/B0GYFDBJ93,43.0,696.73,599.0,GBP,696.73,Amazon,GB,2026-09-12T08:42:28Z,B0GYFDBJ93,,,,,2026-07-01
TCL,"TCL 65Q6C-UK QD-Mini LED TV, 4K HDR Premium 1000nits, Smart TV Powered by Google TV (Dolby Vision IQ & Atmos, Onkyo 2.1 Sound System, 144Hz Motion Clarity Pro, 2025 Model)",https://www.amazon.co.uk/dp/B0DWDXMQCC,65.0,,,,,Amazon,GB,2026-09-12T08:42:28Z,B0DWDXMQCC,,,,,
Hisense,"Hisense 50 Inch 50A6QTUK 4K Ultra HD Smart AI TV | 4K UHD, Hi-View AI Engine, Precision Colour, AI Smooth Motion and Sport...",https://www.amazon.co.uk/dp/B0F7WH2QM2,50.0,324.52,279.0,GBP,324.52,Amazon,GB,2026-09-12T08:42:28Z,B0F7WH2QM2,,,,,2026-07-01
TCL,"TCL 65Q7D-UK 65 Inch RGB-Mini LED 4K HDR10+ Smart TV, 2,000 Nits | 1,344 Precise Colour Zones, Google TV, Dolby Vision IQ...",https://www.amazon.co.uk/dp/B0H1C5D26Z,65.0,1510.94,1299.0,GBP,1510.94,Amazon,GB,2026-09-12T08:42:28Z,B0H1C5D26Z,,,,,2026-07-01
TCL,"TCL NXTVISION 55A300W-UK QLED PRO 4K Ultra HD TV, 4K HDR PRO, Matte Screen, Smart TV Powered by Google TV (Dolby Vision IQ & Atmos, 144Hz Motion Clarity Pro, compatible with Google Assistant)",https://www.amazon.co.uk/dp/B0FKT1MNM1,55.0,832.97,716.13,GBP,832.97,Amazon,GB,2026-09-12T08:42:28Z,B0FKT1MNM1,,,,,2026-07-01
TCL,"TCL TV 32V4C - 32"" HD Smart QLED Direct LED with Android TV and HDR - Compatible with Google Cast and Google Home, Delgado Design",https://www.amazon.co.uk/dp/B0F54B34TH,32.0,315.46,271.21,GBP,315.46,Amazon,GB,2026-09-12T08:42:28Z,B0F54B34TH,,,,,2026-07-01
TCL,"TCL 55P7K-UK 55"" QLED 4K Ultra HD HDR Google TV (Google Assistant, Freeview Play, Dolby Atmos, Dolby Vision, HDR10+, 120Hz Game Accelerator, Motion Clarity，2025 Model)",https://www.amazon.co.uk/dp/B0DPM2TXQG,55.0,,,,,Amazon,GB,2026-09-12T08:42:28Z,B0DPM2TXQG,,,,,
TCL,"TCL 75C6KS-UK QD-Mini LED TV, 4K HDR Premium, Powered by Google TV (Dolby Vision & Atmos, Onkyo 2.1 Sound System, Hands-Free Voice Control, Apple AirPlay 2 & Alexa，2025 Model)",https://www.amazon.co.uk/dp/B0F25TH44Q,75.0,,,,,Amazon,GB,2026-09-12T08:42:28Z,B0F25TH44Q,,,,,
Hisense,"Hisense 43"" 43E78QTUK PRO 144Hz QLED Smart AI TV - Hi-View AI Engine, 144Hz Game Mode PRO, Dolby Atmos, Quantum Dot Colour with Freely, Disney +, YouTube, Netflix",https://www.amazon.co.uk/dp/B0F7W1WN3P,43.0,401.29,345.0,GBP,401.29,Amazon,GB,2026-09-12T08:42:28Z,B0F7W1WN3P,,,,,2026-07-01
Hisense,"Hisense 32 Inch 32E5QTUK QLED FHD Smart TV | Quantum Dot Colour, Full HD, Dolby Atmos, Sports Mode and Games Mode",https://www.amazon.co.uk/dp/B0F7WHXDTZ,32.0,212.85,182.99,GBP,212.85,Amazon,GB,2026-09-12T08:42:28Z,B0F7WHXDTZ,,,,,2026-07-01
Xiaomi,"XIAOMI TV FX Mini LED 55 inch（140cm, QD-Mini LED Smart TV, 4K UHD, Fire TV, HDR10+, 60Hz with 120Hz Game Boost Mode, MEMC, DTS:X, Airplay 2, HDMI, Filmmaker Mode, Voice Control with Alexa",https://www.amazon.co.uk/dp/B0H73SSWT2,55.0,580.41,499.0,GBP,580.41,Amazon,GB,2026-09-12T08:42:28Z,B0H73SSWT2,,,,,2026-07-01
Hisense,"Hisense 43"" 43A7QTUK QLED Smart AI TV - 4K Direct Lit Viewing, Quantum Dot Colour, Hi-View AI Engine, Dolby Vision, Dolby Atmos with with Freely, Disney +, YouTube, Netflix",https://www.amazon.co.uk/dp/B0F7WGKRLQ,43.0,340.8,293.0,GBP,340.8,Amazon,GB,2026-09-12T08:42:28Z,B0F7WGKRLQ,,,,,2026-07-01
Toshiba,"Toshiba UF3F 50 Inch Fire 4K HDR TV, TRU Picture Engine, HDR10, Dolby Vision & Atmos, Sound by Onkyo, DTS Virtual X, Alexa Voice Remote, 2024",https://www.amazon.co.uk/dp/B0DCBX3K54,50.0,338.89,291.35,GBP,338.89,Amazon,GB,2026-09-12T08:42:28Z,B0DCBX3K54,,,,,2026-07-01
Hisense,"Hisense 100 Inch 144Hz 4K QLED Smart Gaming TV 100E7NQTUK PRO - Full Array Local Dimming, Dolby Vision Atmos, Freesync, Subwoofer, Vidaa OS with Freely, Youtube, Netflix and Disney+ (2024 Model)",https://www.amazon.co.uk/dp/B0CYLLFMJL,100.0,1744.72,1499.99,GBP,1744.72,Amazon,GB,2026-09-12T08:42:28Z,B0CYLLFMJL,,,,,2026-07-01
Hisense,"Hisense 75"" 75U8QTUK MiniLED QLED 165Hz Smart AI TV - Hi-View AI Engine PRO, 165Hz Game Mode Ultra, 412 Channel, Dolby Atmos, Quantum Dot Colour, Anti-Reflection PRO with Freely, YouTube, Netflix",https://www.amazon.co.uk/dp/B0F7WSVV99,75.0,1859.89,1599.0,GBP,1859.89,Amazon,GB,2026-09-12T08:42:28Z,B0F7WSVV99,,,,,2026-07-01
Toshiba,"Toshiba 43”UV1563DB 4K Smart VIDAA TV, Ultra HD, HDR10, Freely, Disney+, Prime Video, Netflix, Dolby Audio Processing and Vision, Works with Alexa and Google Assistant, VIDAA Voice 2025",https://www.amazon.co.uk/dp/B0FQNJWQTH,43.0,296.57,254.97,GBP,296.57,Amazon,GB,2026-09-12T08:42:28Z,B0FQNJWQTH,,,,,2026-07-01
Hisense,"Hisense 50 Inch 4K QLED Smart TV 50E77NQTUK - Quantum Dot Colour, 4K AI Processor, Dolby Vision Atmos, Smooth Motion, Sports Mode, Vidaa OS with Freely, Youtube, Netflix and Disney+ (2024 Model)",https://www.amazon.co.uk/dp/B0CYQ2JFJW,50.0,325.67,279.99,GBP,325.67,Amazon,GB,2026-09-12T08:42:28Z,B0CYQ2JFJW,,,,,2026-07-01
TCL,"TCL 65P6L - 65 Inch Smart TV 4K LCD DVB-T2 H.264, H.265 Black Energy Class E",https://www.amazon.co.uk/dp/B0H2JKM82C,65.0,,,,,Amazon,GB,2026-09-12T08:42:28Z,B0H2JKM82C,,,,,
TCL,"TCL 55DP628 55-Inch 4K LED Ultra HD Smart TV - HDR10 / Freeview Play / BBC iPlayer / Netflix / YouTube, Work with Alexa, Wi-Fi, 3*HDMI, 2*USB Port, Black",https://www.amazon.co.uk/dp/B07GT9G3TL,55.0,440.84,379.0,GBP,440.84,Amazon,GB,2026-09-12T08:42:28Z,B07GT9G3TL,,,,,2026-07-01
TCL,"TCL 43P755 4K Ultra HD 43"" LED HDR D-LED Smart TV",https://www.amazon.co.uk/dp/B0D3QQX8YT,43.0,510.26,438.69,GBP,510.26,Amazon,GB,2026-09-12T08:42:28Z,B0D3QQX8YT,,,,,2026-07-01
TCL,"TCL 32S5L - 32"" Smart TV Full HD DVB-T2 H.264, H.265 Black Energy Class F",https://www.amazon.co.uk/dp/B0H2JF9P45,32.0,406.07,349.11,GBP,406.07,Amazon,GB,2026-09-12T08:42:28Z,B0H2JF9P45,,,,,2026-07-01
TCL,"TCL 32"" Class 3 Series Full HD 1080p Smart Google TV - 32S356",https://www.amazon.co.uk/dp/B0B4PW231T,32.0,,,,,Amazon,GB,2026-09-12T08:42:28Z,B0B4PW231T,,,,,
TCL,"TCL 32 Inch Class S3 1080p LED Smart TV with Google TV (32S350G, 2023 Model), Google Assistant Built-in with Voice Remote Control, Compatible with Alexa, Streaming FHD TV",https://www.amazon.co.uk/dp/B0C1HZ9HCM,32.0,346.5,297.9,GBP,346.5,Amazon,GB,2026-09-12T08:42:28Z,B0C1HZ9HCM,,,,,2026-07-01
TCL,TCL 85P89K 85 Inch Smart TV 4K QLED DVB-T2 Wi-Fi H.264 H.265 Energy Class F,https://www.amazon.co.uk/dp/B0FRFYQ3Q9,85.0,1430.2,1229.59,GBP,1430.2,Amazon,GB,2026-09-12T08:42:28Z,B0FRFYQ3Q9,,,,,2026-07-01
TCL,"TCL Z100 Wireless Home Theater Subwoofer with Dolby Atmos FlexConnect Technology, 5.25"" Woofer, 130W Output Power, Smart Calibration",https://www.amazon.co.uk/dp/B0FQ97LDRP,25.0,687.2,590.81,GBP,687.2,Amazon,GB,2026-09-12T08:42:28Z,B0FQ97LDRP,,,,,2026-07-01
Hisense,"Hisense 50 Inch 50E6QTUK 4K Ultra HD Smart AI TV | 4K UHD, Hi-View AI Engine, Precision Colour, AI Smooth Motion and Sport...",https://www.amazon.co.uk/dp/B0F7W98BQK,50.0,324.52,279.0,GBP,324.52,Amazon,GB,2026-09-12T08:42:28Z,B0F7W98BQK,,,,,2026-07-01
Hisense,"Hisense 58 Inch 58E6QTUK 4K Ultra HD Smart AI TV | 4K UHD, Hi-View AI Engine, Precision Colour, AI Smooth Motion and Sport...",https://www.amazon.co.uk/dp/B0F7WCNYLQ,58.0,371.05,319.0,GBP,371.05,Amazon,GB,2026-09-12T08:42:28Z,B0F7WCNYLQ,,,,,2026-07-01
Hisense,"Hisense 32 Inch 32E4QTUK FHD LED TV with Freely | Direct Lit LED, Dolby Audio, Natural Colour Enhancer, Games Mode and Spo...",https://www.amazon.co.uk/dp/B0F7WMRWLF,32.0,167.82,144.28,GBP,167.82,Amazon,GB,2026-09-12T08:42:28Z,B0F7WMRWLF,,,,,2026-07-01
Hisense,"Hisense 55 Inch 55E6QTUK 4K Ultra HD Smart AI TV | 4K UHD, Hi-View AI Engine, Precision Colour, AI Smooth Motion and Sport...",https://www.amazon.co.uk/dp/B0F7WQ6P7Y,55.0,371.05,319.0,GBP,371.05,Amazon,GB,2026-09-12T08:42:28Z,B0F7WQ6P7Y,,,,,2026-07-01
Hisense,"Hisense 50"" 50A7QTUK QLED Smart AI TV - 4K Direct Lit Viewing, Quantum Dot Colour, Hi-View AI Engine, Built in Subwoofer, Dolby Vision, Dolby Atmos with with Freely, Disney +, YouTube, Netflix",https://www.amazon.co.uk/dp/B0F7WCBMJZ,50.0,382.68,329.0,GBP,382.68,Amazon,GB,2026-09-12T08:42:28Z,B0F7WCBMJZ,,,,,2026-07-01
Hisense,"Hisense 40"" 40E4STUK LED Full HD Smart TV with Freely, Netflix, Disney+ and YouTube - Natural Colour Enhancer, Dolby Audio, Share to TV, Noise Reduction, Game Mode, DTS Virtual: X, Smart Home Ready",https://www.amazon.co.uk/dp/B0GV4Y5KHR,40.0,266.36,229.0,GBP,266.36,Amazon,GB,2026-09-12T08:42:28Z,B0GV4Y5KHR,,,,,2026-07-01
Hisense,"Hisense 55"" 55U7QTUK MiniLED QLED 144Hz Smart AI TV - Hi-View AI Engine, 144Hz Game Mode PRO, 21 Channel, Dolby Atmos, Quantum Dot Colour, Anti-Reflection with Freely, Disney +, YouTube, Netflix",https://www.amazon.co.uk/dp/B0F7WJWY9H,55.0,638.57,549.0,GBP,638.57,Amazon,GB,2026-09-12T08:42:28Z,B0F7WJWY9H,,,,,2026-07-01
Hisense,"Hisense 75 Inch 144Hz 4K QLED Smart Gaming TV 75E7NQTUK PRO - Full Array Local Dimming, Dolby Vision Atmos, Freesync, Subwoofer, Vidaa OS with Freely, Youtube, Netflix and Disney+ (2024 Model)",https://www.amazon.co.uk/dp/B0CYLN4FMJ,75.0,,,,,Amazon,GB,2026-09-12T08:42:28Z,B0CYLN4FMJ,,,,,
Hisense,"Hisense 40"" 40A4STUK LED Full HD Smart TV with Freely, Netflix, Disney+ and YouTube - Natural Colour Enhancer, Dolby Audio, Share to TV, Noise Reduction, Game Mode, DTS Virtual: X, Smart Home Ready",https://www.amazon.co.uk/dp/B0GV4YJB13,40.0,266.36,229.0,GBP,266.36,Amazon,GB,2026-09-12T08:42:28Z,B0GV4YJB13,,,,,2026-07-01
Hisense,"Hisense 58 Inch VIDAA Smart TV 58A6KTUK - Dolby Vision, Pixel Tuning, Voice Remote, Share to TV, and Youtube, Freeview Play, Netflix and Disney (2023 Model), Black",https://www.amazon.co.uk/dp/B0C4Z3L239,58.0,382.68,329.0,GBP,382.68,Amazon,GB,2026-09-12T08:42:28Z,B0C4Z3L239,,,,,2026-07-01
Hisense,"Hisense 43"" 43A6STUK 4K Ultra HD AI Smart TV with Freely, Netflix, Disney+ and YouTube - AI 4K Upscaler, AI Smooth Motion, Game Mode Plus, Dolby Vision, Voice Control, DTS Virtual: X, Filmmaker Mode",https://www.amazon.co.uk/dp/B0GV4ZB426,43.0,324.52,279.0,GBP,324.52,Amazon,GB,2026-09-12T08:42:28Z,B0GV4ZB426,,,,,2026-07-01
Hisense,"Hisense 85"" 85E78QTUK PRO 144Hz QLED Smart AI TV - Hi-View AI Engine, 144Hz Game Mode PRO, Dolby Atmos, Quantum Dot Colour with Freely, Disney +, YouTube, Netflix",https://www.amazon.co.uk/dp/B0F7W96P9T,85.0,1161.99,999.0,GBP,1161.99,Amazon,GB,2026-09-12T08:42:28Z,B0F7W96P9T,,,,,2026-07-01
Hisense,"Hisense 43"" Deco 43S5QTUK QLED Ultra HD Smart TV with Freely, Netflix, Disney+ and YouTube - Art-Inspired Design, Hi-View Colour, Dolby Atmos, Gallery, Fluid Central Stand, 4K Upscaler",https://www.amazon.co.uk/dp/B0GV4R3QJZ,43.0,522.26,449.0,GBP,522.26,Amazon,GB,2026-09-12T08:42:28Z,B0GV4R3QJZ,,,,,2026-07-01
Hisense,"Hisense 43"" 43E78STUK PRO Hi-QLED 144Hz 4K Ultra HD AI Smart TV with Freely, Netflix, Disney+ and YouTube - Hi-QLED Colour, Built-in Subwoofer, AI Smooth Motion, AMD FreeSync Premium, Filmmaker Mode",https://www.amazon.co.uk/dp/B0GV4YP92R,43.0,522.26,449.0,GBP,522.26,Amazon,GB,2026-09-12T08:42:28Z,B0GV4YP92R,,,,,2026-07-01
Hisense,"Hisense 55"" 55Q8STUK MiniLED 144Hz 4K Ultra HD AI Smart TV with Freely, Netflix, Disney+ and YouTube - Hi-QLED MiniLED, Built-in Subwoofer, Hi-View AI Engine, Hi-QLED Colour, Hands-Free Voice Control",https://www.amazon.co.uk/dp/B0GV513VLX,55.0,1510.94,1299.0,GBP,1510.94,Amazon,GB,2026-09-12T08:42:28Z,B0GV513VLX,,,,,2026-07-01
Hisense,"Hisense 55” 55ER8STUK RGB MiniLED 180Hz 4K Ultra HD AI Smart TV with Freely, Netflix, Disney+ and YouTube – Hi-View Ai Engine RGB, Native 180Hz Game Mode, Anti-Reflection & Glare-Free",https://www.amazon.co.uk/dp/B0H1HV2Q1Q,55.0,1510.94,1299.0,GBP,1510.94,Amazon,GB,2026-09-12T08:42:28Z,B0H1HV2Q1Q,,,,,2026-07-01
Hisense,"Hisense 65"" 65E7QTUK QLED Smart AI TV - 4K Direct Lit Viewing, Quantum Dot Colour, Hi-View AI Engine, Dolby Vision, Dolby Atmos with Freely, Disney +, YouTube, Netflix",https://www.amazon.co.uk/dp/B0F7W1SWVW,65.0,615.31,529.0,GBP,615.31,Amazon,GB,2026-09-12T08:42:28Z,B0F7W1SWVW,,,,,2026-07-01
Hisense,"Hisense 43 Inch 4K QLED Smart TV 43E7NQTUK - Quantum Dot Colour, 4K AI Processor, Dolby Vision Atmos, Smooth Motion, Sports Mode, Vidaa OS with Freely, Youtube, Netflix and Disney+ (2024 Model)",https://www.amazon.co.uk/dp/B0CYT7V571,43.0,312.89,269.0,GBP,312.89,Amazon,GB,2026-09-12T08:42:28Z,B0CYT7V571,,,,,2026-07-01
Hisense,"Hisense 65"" 65E7STUK Hi-QLED 4K Ultra HD AI Smart TV with Freely, Netflix, Disney+ and YouTube - Hi-QLED Colour, Dolby Vision.Atmos, AI 4K Upscaler, AI Smooth Motion, Game Mode Plus, Filmmaker Mode",https://www.amazon.co.uk/dp/B0GV52F4RJ,65.0,696.73,599.0,GBP,696.73,Amazon,GB,2026-09-12T08:42:28Z,B0GV52F4RJ,,,,,2026-07-01
Hisense,"Hisense 55"" 55A85QTUK OLED Smart AI TV - 120Hz Game Mode PRO, Dolby Atmos, Dolby Vision, IMAX Enhanced, Sport Mode, Filmmaker Mode, Infinite Blacks with Freely, Disney +, YouTube, Netflix",https://www.amazon.co.uk/dp/B0F7W6DD5X,55.0,1045.68,899.0,GBP,1045.68,Amazon,GB,2026-09-12T08:42:28Z,B0F7W6DD5X,,,,,2026-07-01
Hisense,"Hisense 65 Inch 144Hz QLED Gaming TV 65E7KQTUK PRO - 144Hz VRR, HDMI 2.1, Freesync Premium, Quantum Dot Colour, VIDAA U7, and Youtube, Freeview Play, Netflix and Disney+ (2023 Model)",https://www.amazon.co.uk/dp/B0C4Z4Y84G,65.0,638.57,549.0,GBP,638.57,Amazon,GB,2026-09-12T08:42:28Z,B0C4Z4Y84G,,,,,2026-07-01
Hisense,"Hisense 65"" 65E6STUK 4K Ultra HD AI Smart TV with Freely, Netflix, Disney+ and YouTube - AI 4K Upscaler, AI Smooth Motion, Game Mode Plus, Dolby Vision, Voice Control, DTS Virtual: X, Filmmaker Mode",https://www.amazon.co.uk/dp/B0GV4T4VYK,65.0,580.41,499.0,GBP,580.41,Amazon,GB,2026-09-12T08:42:28Z,B0GV4T4VYK,,,,,2026-07-01
Hisense,"Hisense 65 Inch 144Hz 4K QLED Smart Gaming TV 65E7NQTUK PRO - Full Array Local Dimming, Dolby Vision Atmos, Freesync, Subwoofer, Vidaa OS with Freely, Youtube, Netflix and Disney+ (2024 Model)",https://www.amazon.co.uk/dp/B0CYLMT8CC,65.0,638.57,549.0,GBP,638.57,Amazon,GB,2026-09-12T08:42:28Z,B0CYLMT8CC,,,,,2026-07-01
Hisense,"Hisense 75"" 75U7STUK PRO Hi-QLED MiniLED 165Hz 4K Ultra HD AI Smart TV with Freely, Netflix, Disney+ and YouTube - Hi-QLED MiniLED PRO, 2.1.2 Multi-Channel Surround, Anti Reflection & Glare Free",https://www.amazon.co.uk/dp/B0GV4ZDR4Q,75.0,1743.57,1499.0,GBP,1743.57,Amazon,GB,2026-09-12T08:42:28Z,B0GV4ZDR4Q,,,,,2026-07-01
Hisense,"Hisense 55A6BGTUK (55 Inch) 4K UHD Smart TV, with Dolby Vision HDR, DTS Virtual X, Youtube, Netflix, Disney +, Freeview Play and Alexa Built-in, Bluetooth and WiFi (2022 NEW), black",https://www.amazon.co.uk/dp/B09ZPWRGN4,55.0,371.05,319.0,GBP,371.05,Amazon,GB,2026-09-12T08:42:28Z,B09ZPWRGN4,,,,,2026-07-01
Hisense,"Hisense 65 Inch 4K QLED Smart TV 65E7NQTUK - Quantum Dot Colour, 4K AI Processor, Dolby Vision Atmos, Smooth Motion, Sports Mode, Vidaa OS with Freely, Youtube, Netflix and Disney+ (2024 Model)",https://www.amazon.co.uk/dp/B0CYT7YG7B,65.0,638.57,549.0,GBP,638.57,Amazon,GB,2026-09-12T08:42:28Z,B0CYT7YG7B,,,,,2026-07-01
Hisense,"Hisense 65"" 65U8QTUK MiniLED QLED 165Hz Smart AI TV - Hi-View AI Engine PRO, 165Hz Game Mode Ultra, 412 Channel, Dolby Atmos, Quantum Dot Colour, Anti-Reflection PRO with Freely, YouTube, Netflix",https://www.amazon.co.uk/dp/B0F7WFH1HL,65.0,1278.31,1099.0,GBP,1278.31,Amazon,GB,2026-09-12T08:42:28Z,B0F7WFH1HL,,,,,2026-07-01
Hisense,"Hisense 32 inch Full HD QLED Smart TV 32A5NQTUK - Quantum Dot Colour, Natural Enhancer,HDR & HLG-Dolby Atoms, HDMI, Share to TV, and Youtube, Freeview Play, Netflix and Disney+ (2024 Model)",https://www.amazon.co.uk/dp/B0CYZR8T4K,32.0,,,,,Amazon,GB,2026-09-12T08:42:28Z,B0CYZR8T4K,,,,,
Hisense,"Hisense 100 Inch 144Hz MiniLED Smart TV 100U7NQTUK - Quantum Dot Colour, Dolby Vision IQ & Atmos, iMax Enhanced, Built-in Subwoofer and Vidaa OS with Freely, Youtube, Netflix and Disney+ (2024 Model)",https://www.amazon.co.uk/dp/B0DB5BZH2G,100.0,3359.99,2888.68,GBP,3359.99,Amazon,GB,2026-09-12T08:42:28Z,B0DB5BZH2G,,,,,2026-07-01
Hisense,"Hisense 65 Inch 120Hz OLED Smart TV 65A85NTUK - Dolby Vision IQ, HDR10+ Adaptive, IMAX Enhanced, Hybrid Log-Gamma (HLG), Vidaa OS with Freely, Youtube, Netflix and Disney+ (2024 Model)",https://www.amazon.co.uk/dp/B0DJ6RWJ65,65.0,1103.83,949.0,GBP,1103.83,Amazon,GB,2026-09-12T08:42:28Z,B0DJ6RWJ65,,,,,2026-07-01
Hisense,"Hisense 55E77HQTUK QLED Gaming Series 55-inch 4K UHD Dolby Vision HDR Smart TV With YouTube, Netflix, Disney + Freeview Play And Alexa Built-in, Bluetooth And WiFi, TUV Certificated (2022 NEW)",https://www.amazon.co.uk/dp/B09ZPVQFK6,55.0,691.21,594.25,GBP,691.21,Amazon,GB,2026-09-12T08:42:28Z,B09ZPVQFK6,,,,,2026-07-01
Hisense,"Hisense 32 Inch HD VIDAA Smart TV 32A4KTUK - Natural Enhancer, HDMI, Share to TV, and Youtube, Freeview Play, Netflix and Disney+ (2023 Model), Operating System VIDAA",https://www.amazon.co.uk/dp/B0C4Z5LT59,32.0,279.15,239.99,GBP,279.15,Amazon,GB,2026-09-12T08:42:28Z,B0C4Z5LT59,,,,,2026-07-01
Hisense,"Hisense 43 Inch 4K QLED Smart TV 43A7NQTUK - Quantum Dot Colour, 4K AI Processor, Dolby Vision Atmos, Smooth Motion, Sports Mode, Vidaa OS with Freely, Youtube, Netflix and Disney+ (2024 Model)",https://www.amazon.co.uk/dp/B0D2ZK1D4Y,43.0,348.94,299.99,GBP,348.94,Amazon,GB,2026-09-12T08:42:28Z,B0D2ZK1D4Y,,,,,2026-07-01
Hisense,"Hisense 40 inch Full HD QLED Smart TV 40A5NQTUK - Quantum Dot Colour, Natural Enhancer,HDR & HLG-Dolby Atoms, HDMI, Share to TV, and Youtube, Freeview Play, Netflix and Disney+ (2024 Model)",https://www.amazon.co.uk/dp/B0CYZNSTKZ,40.0,535.04,459.99,GBP,535.04,Amazon,GB,2026-09-12T08:42:28Z,B0CYZNSTKZ,,,,,2026-07-01
Hisense,"Hisense 100 Inch 144Hz ULED Mini-LED Smart TV 100U7KQTUK - 144Hz VRR, HDMI 2.1, Quantum Dot Colour, Dolby Vision IQ, VIDAA Smart TV, and Youtube, Freeview Play, Netflix and Disney+ (2023 Model)",https://www.amazon.co.uk/dp/B0CHZ3DPQZ,100.0,,,,,Amazon,GB,2026-09-12T08:42:28Z,B0CHZ3DPQZ,,,,,
Hisense,"Hisense 58 Inch 4K QLED Smart TV 58E7NQTUK - Quantum Dot Colour, 4K AI Processor, Dolby Vision Atmos, Smooth Motion, Sports Mode, Vidaa OS with Freely, Youtube, Netflix and Disney+ (2024 Model)",https://www.amazon.co.uk/dp/B0DRBQ1BZY,58.0,564.13,485.0,GBP,564.13,Amazon,GB,2026-09-12T08:42:28Z,B0DRBQ1BZY,,,,,2026-07-01
Hisense,"Hisense 50A6GTUK (50 Inch) 4K UHD Smart TV, with Dolby Vision HDR, DTS Virtual X, Youtube, Netflix, Freeview Play and Alexa Built-in, Bluetooth and WiFi (2021 NEW), Operating System VIDAA",https://www.amazon.co.uk/dp/B092RCJR9W,50.0,581.57,499.99,GBP,581.57,Amazon,GB,2026-09-12T08:42:28Z,B092RCJR9W,,,,,2026-07-01
Hisense,"Hisense 32 Inch HD VIDAA Smart TV 32E4KTUK - Natural Enhancer, HDMI, Share to TV, and Youtube, Freeview Play, Netflix and Disney+ (2023 Model)",https://www.amazon.co.uk/dp/B0C4Z684RG,32.0,,,,,Amazon,GB,2026-09-12T08:42:28Z,B0C4Z684RG,,,,,
Hisense,"Hisense 85A6BTUK (85 Inch) 4K UHD Smart TV, with Dolby Vision HDR, DTS Virtual X, Youtube, Netflix, Disney +, Freeview Play and Alexa Built-in, Bluetooth and WiFi (2022), Operating System VIDAA",https://www.amazon.co.uk/dp/B0BPT89H11,85.0,799.67,687.5,GBP,799.67,Amazon,GB,2026-09-12T08:42:28Z,B0BPT89H11,,,,,2026-07-01
Hisense,Hisense 55 inch Canvas TV Frame - Walnut,https://www.amazon.co.uk/dp/B0FY1H9967,55.0,173.31,149.0,GBP,173.31,Amazon,GB,2026-09-12T08:42:28Z,B0FY1H9967,,,,,2026-07-01
Hisense,"Hisense Laser Cinema PT1, 80-150 inch projection size, LPU tech, 4K, IMAX enhanced, Dolby Vision, Atmos, HDR10+, 2500 lumens brightness, ultra short throw, 3D, 240Hz refresh rate, VIDAA, without",https://www.amazon.co.uk/dp/B0FBW9Q8HZ,150.0,2138.87,1838.85,GBP,2138.87,Amazon,GB,2026-09-12T08:42:28Z,B0FBW9Q8HZ,,,,,2026-07-01
Philips,"PHILIPS Ambilight 55PUS8200 4K LED Smart TV - 55 Inch Display with Pixel Precise, Ultra HD, Titan OS Platform and Dolby Atmos Sound, Works with Alexa and Google Voice Assistant",https://www.amazon.co.uk/dp/B0F24X53Q7,55.0,395.46,339.99,GBP,395.46,Amazon,GB,2026-09-12T08:42:28Z,B0F24X53Q7,,,,,2026-07-01
Hisense,"Hisense 4K QLED TV E77K and HS214 with Built-in subwoofer, Dolby Audio",https://www.amazon.co.uk/dp/B0C5N6H25H,55.0,614.39,528.21,GBP,614.39,Amazon,GB,2026-09-12T08:42:28Z,B0C5N6H25H,,,,,2026-07-01
Hisense,"Hisense 43A6S TV 2026 4K UHD 43 Inch (108 cm), Smart TV HomeOS U9.5, Dolby | 4K IA Climber, Smooth Motion IA, Gaming Mode ...",https://www.amazon.co.uk/dp/B0GJFM3F7P,43.0,455.58,391.68,GBP,455.58,Amazon,GB,2026-09-12T08:42:28Z,B0GJFM3F7P,,,,,2026-07-01
Hisense,"Hisense 55"" UHD 4K 2023 55E63KT, Smart TV VIDAA U6, Dolby Vision, HDR 10+, Game Mode Plus, Alexa Built-in, DVB-T2/S2 HEVC 10 Tuner, Lativu 4K",https://www.amazon.co.uk/dp/B0C2ZN2TV9,55.0,664.27,571.09,GBP,664.27,Amazon,GB,2026-09-12T08:42:28Z,B0C2ZN2TV9,,,,,2026-07-01
Hisense,"Hisense 40A5Q Fire Viewer, 40 Inches, 2K QLED, Smart TV, Game Mode, AI Sports Mode, Dolby Atmos, Dolby MS12, DTS X, HDR10, HLG, Full HD, High Contrast, Noise Reduction [2025]",https://www.amazon.co.uk/dp/B0F2N11D11,40.0,337.2,289.9,GBP,337.2,Amazon,GB,2026-09-12T08:42:28Z,B0F2N11D11,,,,,2026-07-01
Hisense,"Hisense 58A6S - 58"" 4K UHD TV, HomeOS U9.5 Smart TV, Dolby Vision HDR, Game Mode Plus (VRR 60Hz), DTS Virtual:X, Alexa Built-in, Black",https://www.amazon.co.uk/dp/B0GJFLN5QB,58.0,669.28,575.4,GBP,669.28,Amazon,GB,2026-09-12T08:42:28Z,B0GJFLN5QB,,,,,2026-07-01
Hisense,Hisense 40A4S – 40 Inch Full HD LED TV Smart TV VIDAA Dolby Audio & DTS HD WiFi Bluetooth Borderless Design Black,https://www.amazon.co.uk/dp/B0GJFC1Q9Z,40.0,342.2,294.2,GBP,342.2,Amazon,GB,2026-09-12T08:42:28Z,B0GJFC1Q9Z,,,,,2026-07-01
Hisense,"Hisense 43E7Q QLED 43-inch Smart TV, Dolby Vision, Dolby Atmos, Game Plus Mode, 60Hz VRR 120fps, Sport Mode, AI Soft Monitoring, Bluetooth and HDMI 2.1, Alexa Voice Control",https://www.amazon.co.uk/dp/B0F1MSX2W7,43.0,484.84,416.83,GBP,484.84,Amazon,GB,2026-09-12T08:42:28Z,B0F1MSX2W7,,,,,2026-07-01
Hisense,"Hisense 55E7S Pro QLED 55-inch Smart TV, 144Hz Native Gaming Mode, Hi-QLED Color, Dolby Vison.Atmos, AI Images, Smooth Motion IA, AMD FreeSync Premium Pro, HDR10+Gaming",https://www.amazon.co.uk/dp/B0GR7DTKP8,55.0,,,,,Amazon,GB,2026-09-12T08:42:28Z,B0GR7DTKP8,,,,,
Hisense,"Hisense 65U8GQTUK Quantum Series 65-inch 1000-nit 4K UHD Dolby Vision HDR Smart TV with YouTube, Freeview Play and Alexa Built-in and IMAX Enhanced, TUV Certificated (2021 NEW), Operating System VIDAA",https://www.amazon.co.uk/dp/B09577JMNS,65.0,744.82,640.34,GBP,744.82,Amazon,GB,2026-09-12T08:42:28Z,B09577JMNS,,,,,2026-07-01
Hisense,"Hisense 65A9GQ OLED Series 65-inch 4K UHD Dolby Vision HDR Smart TV with DTS Virtual X, YouTube, Freeview Play and IMAX Enhanced, TUV Certificated (2021 NEW), Operating System VIDAA",https://www.amazon.co.uk/dp/B095YXK14R,65.0,2711.08,2330.8,GBP,2711.08,Amazon,GB,2026-09-12T08:42:28Z,B095YXK14R,,,,,2026-07-01
Hisense,"Hisense 43E77Q TV 43"" [43] 4K Ul",https://www.amazon.co.uk/dp/B00VSWSBA0,43.0,562.96,483.99,GBP,562.96,Amazon,GB,2026-09-12T08:42:28Z,B00VSWSBA0,,,,,2026-07-01
Hisense,"Hisense 58A6K TV 147,3 cm (58"") 4K Ultra HD Smart TV Wifi Noir",https://www.amazon.co.uk/dp/B0C9VQTYVC,58.0,590.29,507.49,GBP,590.29,Amazon,GB,2026-09-12T08:42:28Z,B0C9VQTYVC,,,,,2026-07-01
Hisense,"Hisense 32A5Q Fire Viewer, 32 Inches, 2K QLED, Smart TV, Game Mode, AI Sports Mode, Dolby Atmos, Dolby MS12, DTS X, HDR10, HLG, Full HD, High Contrast, Noise Reduction [2025]",https://www.amazon.co.uk/dp/B0F2MZRGGH,32.0,344.34,296.04,GBP,344.34,Amazon,GB,2026-09-12T08:42:28Z,B0F2MZRGGH,,,,,2026-07-01
Hisense,"Hisense Canvas TV QLED 144Hz 55"" 4K 55S7S, Hi-Matte Display, Audio 2.0.2 Tuned by Devialet, VIDAA OS, Dolby Vision IQ, Native 144Hz Game Mode, Art Gallery, 4 HDMI 2.1, Wifi, Bluetooth, AirPlay",https://www.amazon.co.uk/dp/B0H3112112,55.0,1253.6,1077.76,GBP,1253.6,Amazon,GB,2026-09-12T08:42:28Z,B0H3112112,,,,,2026-07-01
Hisense,"Hisense 75U7NQ - 75-inch LED Mini TV, with Quantum Dot Colour, 144Hz VRR 240fps Gaming Mode, Full Array Local Dimming, Hi-View Engine Processor, Dolby Vision IQ & Dolby Atmos (New 2024)",https://www.amazon.co.uk/dp/B0CXTKYLCV,75.0,1703.66,1464.69,GBP,1703.66,Amazon,GB,2026-09-12T08:42:28Z,B0CXTKYLCV,,,,,2026-07-01
Hisense,Hisense 43A69S - Smart TV 43 Inch LED 4K DVB-T2 HEVC/H.265 Wifi Black Energy Class E,https://www.amazon.co.uk/dp/B0H83CB2LF,43.0,436.29,375.09,GBP,436.29,Amazon,GB,2026-09-12T08:42:28Z,B0H83CB2LF,,,,,2026-07-01
Hisense,"Hisense Smart TV 75"" 4K Ultra HD 2025 75A6Q, Smart TV VIDAA U8, Dolby Vision, HDR 10, Game Mode Plus, Alexa Built-in, VIDAA Voice, DVB-T2/S2 HEVC 10 Tuner, Lativu 4K",https://www.amazon.co.uk/dp/B0F4DBKHJC,75.0,929.12,798.79,GBP,929.12,Amazon,GB,2026-09-12T08:42:28Z,B0F4DBKHJC,,,,,2026-07-01
Hisense,Hisense TV & Soundbar Bundle: 85E78QTUK PRO QLED TV plus the AX3120Q Soundbar – vibrant 4K with high-impact 3.1.2 channel ...,https://www.amazon.co.uk/dp/B0FLP7YXL3,85.0,1435.18,1233.87,GBP,1435.18,Amazon,GB,2026-09-12T08:42:28Z,B0FLP7YXL3,,,,,2026-07-01
Hisense,"Hisense TV and Soundbar Bundle: 65U7QTUK ULED TV plus the AX5140Q 5.1.2 Channel Soundbar 65 inches U7/144Hz 2025 model – bold contrast and brilliant audio, side by side",https://www.amazon.co.uk/dp/B0FFGL7K35,65.0,1451.62,1248.0,GBP,1451.62,Amazon,GB,2026-09-12T08:42:28Z,B0FFGL7K35,,,,,2026-07-01
Hisense,TV Hisense 20016068 U8 Series 65U8Q Black,https://www.amazon.co.uk/dp/B0F1WBGQBM,65.0,1594.61,1370.93,GBP,1594.61,Amazon,GB,2026-09-12T08:42:28Z,B0F1WBGQBM,,,,,2026-07-01
Hisense,"Hisense 32A4K9 32"" LED HD Con Modo Juego y Deportes IA Sonido DTS Alexa Smart TV VIDAA U6",https://www.amazon.co.uk/dp/B0BZF27SK2,32.0,264.85,227.7,GBP,264.85,Amazon,GB,2026-09-12T08:42:28Z,B0BZF27SK2,,,,,2026-07-01
Hisense,"Hisense Smart TV QLED 43"" 4K 43E7S PRO",https://www.amazon.co.uk/dp/B0GR5RW1P2,43.0,689.69,592.95,GBP,689.69,Amazon,GB,2026-09-12T08:42:28Z,B0GR5RW1P2,,,,,2026-07-01
Hisense,"Hisense 65A6EGTUK (65 Inch) 4K UHD Smart TV, with Dolby Vision HDR, DTS Virtual X, Youtube, Netflix, Disney +, Freeview Play and Alexa Built-in, Bluetooth and WiFi (2022 NEW), Operating System VIDAA",https://www.amazon.co.uk/dp/B09ZPVFK4T,65.0,,,,,Amazon,GB,2026-09-12T08:42:28Z,B09ZPVFK4T,,,,,
Hisense,"HISENSE H65B7100UK 65-Inch 4K UHD HDR Smart TV with Freeview Play (2019), Operating System VIDAA",https://www.amazon.co.uk/dp/B07QMSF1YP,65.0,929.36,799.0,GBP,929.36,Amazon,GB,2026-09-12T08:42:28Z,B07QMSF1YP,,,,,2026-07-01
Hisense,"Hisense 58A6GTUK (58 Inch) 4K UHD Smart TV, with Dolby Vision HDR, DTS Virtual X, Youtube, Netflix, Freeview Play and Alexa Built-in, Bluetooth and WiFi (2021 NEW), Operating System VIDAA",https://www.amazon.co.uk/dp/B092RFH8GJ,58.0,697.84,599.95,GBP,697.84,Amazon,GB,2026-09-12T08:42:28Z,B092RFH8GJ,,,,,2026-07-01
Hisense,"Hisense TV and Soundbar Bundle: 50U7QTUK ULED TV plus the AX5140Q 5.1.2 Channel Soundbar 50 inches U7/144Hz 2025 model – bold contrast and brilliant audio, side by side",https://www.amazon.co.uk/dp/B0FFGFSY6B,50.0,1102.67,948.0,GBP,1102.67,Amazon,GB,2026-09-12T08:42:28Z,B0FFGFSY6B,,,,,2026-07-01
Hisense,MINIQLED HISENSE 75U7QPRO,https://www.amazon.co.uk/dp/B0F24F77CN,75.0,1417.29,1218.49,GBP,1417.29,Amazon,GB,2026-09-12T08:42:28Z,B0F24F77CN,,,,,2026-07-01
Hisense,"Hisense 55A7Q - QLED Smart TV 55 Inches, Smooth Movements AI, Dolby Vision, Dolby Atmos, Built-in Subwoofer, Game Mode Plus, AI Sports Mode, Bluetooth & HDMI 2.1, Alexa Voice Control",https://www.amazon.co.uk/dp/B0F2T1B4NL,55.0,,,,,Amazon,GB,2026-09-12T08:42:28Z,B0F2T1B4NL,,,,,
Hisense,Hisense TV and Soundbar Bundle: 100U7QTUK ULED TV plus the HT SATURN Soundbar with Dolby Atmos 100 inches U7/165Hz 2025 model – cinematic power and deep detail in one ultimate setup,https://www.amazon.co.uk/dp/B0FFGMP3S8,100.0,3370.83,2898.0,GBP,3370.83,Amazon,GB,2026-09-12T08:42:28Z,B0FFGMP3S8,,,,,2026-07-01
Hisense,"Hisense 65A85Q 4K UHD OLED Smart TV 164cm (65""), 120Hz, HDMI 2.1, Game Mode Pro, AMD FreeSync Premium, Dolby Vision IQ & Atmos, Bluetooth, Alexa Built-in, Black, 2025",https://www.amazon.co.uk/dp/B0FKGR14TB,65.0,1430.2,1229.59,GBP,1430.2,Amazon,GB,2026-09-12T08:42:28Z,B0FKGR14TB,,,,,2026-07-01
Hisense,"Hisense 144Hz 4K Mini-LED TV U7K and HS214 with Built-in subwoofer, Dolby Audio",https://www.amazon.co.uk/dp/B0C5N76YDX,55.0,866.77,745.19,GBP,866.77,Amazon,GB,2026-09-12T08:42:28Z,B0C5N76YDX,,,,,2026-07-01
Hisense,"Hisense 55E8S 55 Inch Mini LED Smart TV, Hi-QLED MiniLED, 144Hz Native Gaming Mode, Built-in Subwoofer, Hi-View AI Engine, Total HDR Solution, Filmmaker Mode, Hands-Free Control",https://www.amazon.co.uk/dp/B0GQDXNH3L,55.0,986.96,848.52,GBP,986.96,Amazon,GB,2026-09-12T08:42:28Z,B0GQDXNH3L,,,,,2026-07-01
Hisense,"Hisense 65U8NQ TV, 164 cm (65 ""), 4K Mini LED ULED HDR, Smart TV, Quantum Dot, 120Hz/144Hz VRR, HDMI 2.1, Game Mode Pro, 2.1.2 Channel Sound, Dolby Vision IQ & Atmos, Charcoal",https://www.amazon.co.uk/dp/B0D35H4YWY,65.0,1430.2,1229.59,GBP,1430.2,Amazon,GB,2026-09-12T08:42:28Z,B0D35H4YWY,,,,,2026-07-01
Hisense,Hisense U7NQ Mini LED UltraHD 4K 144Hz IMAX Dolby Vision 55 Pulgadas,https://www.amazon.co.uk/dp/B0CXTKQMWY,55.0,1143.95,983.49,GBP,1143.95,Amazon,GB,2026-09-12T08:42:28Z,B0CXTKQMWY,,,,,2026-07-01
Hisense,Hisense U7NQ Mini LED UltraHD 4K 144Hz IMAX Dolby Vision 55 Pulgadas,https://www.amazon.co.uk/dp/B0CXTPGCH9,55.0,857.58,737.29,GBP,857.58,Amazon,GB,2026-09-12T08:42:28Z,B0CXTPGCH9,,,,,2026-07-01
Hisense,"Hisense TV and Soundbar Bundle: 75U7QTUK ULED TV plus the HT SATURN Soundbar 75 inches U7/144Hz 2025 model – bold contrast and brilliant audio, side by side",https://www.amazon.co.uk/dp/B0FFGG4YWJ,75.0,2207.67,1898.0,GBP,2207.67,Amazon,GB,2026-09-12T08:42:28Z,B0FFGG4YWJ,,,,,2026-07-01
Hisense,"Hisense TV and Soundbar Bundle: 75U7QTUK ULED TV plus the AX5140Q 5.1.2 Channel Soundbar 75 inches U7/144Hz 2025 model – bold contrast and brilliant audio, side by side",https://www.amazon.co.uk/dp/B0FFGFYDQJ,75.0,1742.41,1498.0,GBP,1742.41,Amazon,GB,2026-09-12T08:42:28Z,B0FFGFYDQJ,,,,,2026-07-01
Hisense,"Hisense Q7S 55"" HI-QLED Smart TV - 55Q7STUK",https://www.amazon.co.uk/dp/B0HJKM51DV,55.0,580.41,499.0,GBP,580.41,Amazon,GB,2026-09-12T08:42:28Z,B0HJKM51DV,,,,,2026-07-01
Hisense,Hisense 55 inch Canvas TV Frame - White,https://www.amazon.co.uk/dp/B0FY1F4GWN,55.0,173.31,149.0,GBP,173.31,Amazon,GB,2026-09-12T08:42:28Z,B0FY1F4GWN,,,,,2026-07-01
Toshiba,"Toshiba UF3F 65 Inch Fire 4K HDR TV, TRU Picture Engine, HDR10, Dolby Vision & Atmos, Sound by Onkyo, DTS Virtual X, Alexa Voice Remote",https://www.amazon.co.uk/dp/B0DCC1Y6TV,65.0,500.15,429.99,GBP,500.15,Amazon,GB,2026-09-12T08:42:28Z,B0DCC1Y6TV,,,,,2026-07-01
Hisense,Hisense 55 inch Canvas TV Frame - Teak,https://www.amazon.co.uk/dp/B0FY1FMMHQ,55.0,,,,,Amazon,GB,2026-09-12T08:42:28Z,B0FY1FMMHQ,,,,,
Hisense,Hisense 65 inch Canvas TV Frame - White,https://www.amazon.co.uk/dp/B0FY1C6QCH,65.0,184.78,158.86,GBP,184.78,Amazon,GB,2026-09-12T08:42:28Z,B0FY1C6QCH,,,,,2026-07-01
Hisense,"Hisense HS214 2.1Ch All- In-One 108W Soundbar with Built-In Subwoofer, Black & GRIFEMA GB1004 Swivel TV Wall Bracket, for 26-55 inch Screens, for Flat & Curved TV up to 30KG",https://www.amazon.co.uk/dp/B0D73WQL46,55.0,107.51,92.43,GBP,107.51,Amazon,GB,2026-09-12T08:42:28Z,B0D73WQL46,,,,,2026-07-01
Sony,Sony BRAVIA KD-32W800 - 32-inch - HD Ready (HD) - High Dynamic Range (HDR) - Android TV - (Black),https://www.amazon.co.uk/dp/B0913JZKPB,32.0,322.18,276.99,GBP,322.18,Amazon,GB,2026-09-12T08:42:28Z,B0913JZKPB,,,,,2026-07-01
Sony,"Sony BRAVIA 2 Ⅱ 43 Inch TV, 4K Smart TV (Google TV), X1 Processor, 4K Upscaling, Television with Dolby Atmos and DTS:X, PS5 compatibility, 43S25M2, 2026 Model",https://www.amazon.co.uk/dp/B0GZW6MKPF,43.0,638.57,549.0,GBP,638.57,Amazon,GB,2026-09-12T08:42:28Z,B0GZW6MKPF,,,,,2026-07-01
Sony,"Sony BRAVIA 3 – Direct LED, X-Balanced Speaker, Dolby Vision/Atmos, IMAX Enhanced, Google TV (2025), Google Cast, Apple AirPlay 2, Eco Dashboard 2, Game Menu 2 – 50-inch",https://www.amazon.co.uk/dp/B0F29H8XBP,50.0,813.05,699.0,GBP,813.05,Amazon,GB,2026-09-12T08:42:28Z,B0F29H8XBP,,,,,2026-07-01
Sony,"Sony BRAVIA 2 Ⅱ 65 Inch TV, 4K Smart TV (Google TV), X1 Processor, 4K Upscaling, Television with Dolby Atmos and DTS:X, PS5 compatibility, 65S25M2, 2026 Model",https://www.amazon.co.uk/dp/B0GZW6Q5JK,65.0,1045.68,899.0,GBP,1045.68,Amazon,GB,2026-09-12T08:42:28Z,B0GZW6Q5JK,,,,,2026-07-01
Sony,"Sony BRAVIA 8A OLED 65 Inch 4K HDR Smart TV, Gaming Features for PlayStation 5 and IMAX Enhanced, Dolby Vision Atmos, Google Cast, Apple AirPlay, 120Hz 65XR8A",https://www.amazon.co.uk/dp/B0FWCYT7DS,65.0,1743.57,1499.0,GBP,1743.57,Amazon,GB,2026-09-12T08:42:28Z,B0FWCYT7DS,,,,,2026-07-01
Sony,"Sony BRAVIA 7 II True RGB 65 Inch TV, 4K Smart TV (Google TV), RGB LED, XR Processor with AI Technology, 120hz Television with Dolby Vision/Atmos, PS5 compatibility, 65XR75M2, 2026 Model",https://www.amazon.co.uk/dp/B0H2K36ZYB,65.0,2208.83,1899.0,GBP,2208.83,Amazon,GB,2026-09-12T08:42:28Z,B0H2K36ZYB,,,,,2026-07-01
Sony,"Sony BRAVIA 8A OLED 55 Inch 4K HDR Smart TV, Gaming Features for PlayStation 5 and IMAX Enhanced, Dolby Vision Atmos, Google Cast, Apple AirPlay, 120Hz 55XR8A",https://www.amazon.co.uk/dp/B0FWCYHMWZ,55.0,1510.94,1299.0,GBP,1510.94,Amazon,GB,2026-09-12T08:42:28Z,B0FWCYHMWZ,,,,,2026-07-01
Sony,"Sony BRAVIA 2 Ⅱ 50 Inch TV, 4K Smart TV (Google TV), X1 Processor, 4K Upscaling, Television with Dolby Atmos and DTS:X, PS5 compatibility, 50S25M2, 2026 Model",https://www.amazon.co.uk/dp/B0GZWGF7V9,50.0,719.99,619.0,GBP,719.99,Amazon,GB,2026-09-12T08:42:28Z,B0GZWGF7V9,,,,,2026-07-01
Sony,"Sony BRAVIA 3 – Direct LED, X-Balanced Speaker, Dolby Vision/Atmos, IMAX Enhanced, Google TV (2025), Google Cast, Apple AirPlay 2, Eco Dashboard 2, Game Menu 2 – 65-inch",https://www.amazon.co.uk/dp/B0F29K6BG7,65.0,1278.31,1099.0,GBP,1278.31,Amazon,GB,2026-09-12T08:42:28Z,B0F29K6BG7,,,,,2026-07-01
Sony,"Sony BRAVIA 3 – Direct LED, X-Balanced Speaker, Dolby Vision/Atmos, IMAX Enhanced, Google TV (2025), Google Cast, Apple AirPlay 2, Eco Dashboard 2, Game Menu 2 – 55-inch",https://www.amazon.co.uk/dp/B0F29JHZBD,55.0,964.24,828.99,GBP,964.24,Amazon,GB,2026-09-12T08:42:28Z,B0F29JHZBD,,,,,2026-07-01
Sony,"Sony BRAVIA 7 II True RGB 50 Inch TV, 4K Smart TV (Google TV), RGB LED, XR Processor with AI Technology, 120hz Television with Dolby Vision/Atmos, PS5 compatibility, 50XR75M2, 2026 Model",https://www.amazon.co.uk/dp/B0H2JTQCZ4,50.0,1859.89,1599.0,GBP,1859.89,Amazon,GB,2026-09-12T08:42:28Z,B0H2JTQCZ4,,,,,2026-07-01
Sony,"Sony BRAVIA 8 OLED, K55XR80, 55 Inch 4K HDR Google Smart TV, Gaming Features for PlayStation 5 and IMAX Enhanced, Dolby Vision Atmos, Chromecast, Apple AirPlay, 120Hz",https://www.amazon.co.uk/dp/B0CZTZTQXJ,55.0,1743.57,1499.0,GBP,1743.57,Amazon,GB,2026-09-12T08:42:28Z,B0CZTZTQXJ,,,,,2026-07-01
Sony,"Sony BRAVIA 5 – XR, Mini LED, AI XR Processor, Acoustic Multi-Audio, Dolby Vision/Atmos, IMAX Enhanced, Google TV (2025), Google Cast, Apple AirPlay 2, Eco Dashboard 2, Game Menu 2 – 65-inch",https://www.amazon.co.uk/dp/B0F29KYPN4,65.0,1510.94,1299.0,GBP,1510.94,Amazon,GB,2026-09-12T08:42:28Z,B0F29KYPN4,,,,,2026-07-01
Sony,"Sony BRAVIA 8 II 55"" QD-OLED, K55XR8M25BP (2025), 4K HDR Smart TV, AI XR Processor, Acoustic Surface Audio+, Dolby Vision/Atmos, IMAX Enhanced, Apple AirPlay 2, Eco Dashboard, 5 year warranty.",https://www.amazon.co.uk/dp/B0FG465NBM,55.0,2208.83,1899.0,GBP,2208.83,Amazon,GB,2026-09-12T08:42:28Z,B0FG465NBM,,,,,2026-07-01
Sony,"Sony BRAVIA XR, XR-85X90L, 85 Inch, Full Array LED, Smart TV, 4K HDR, Google TV, ECO PACK, BRAVIA CORE, Perfect for PlayStation5, Aluminium Seamless Edge Design, 5 Year Warranty",https://www.amazon.co.uk/dp/B0BX6MJSHT,85.0,2208.83,1899.0,GBP,2208.83,Amazon,GB,2026-09-12T08:42:28Z,B0BX6MJSHT,,,,,2026-07-01
Sony,"Sony BRAVIA 7 QLED (XR l Mini LED), K55XR70, 55 Inch 4K HDR Google Smart TV, Gaming Features for PlayStation 5, IMAX Enhanced, Dolby Vision Atmos, Chromecast, AirPlay, 120Hz, 5 Year Warranty",https://www.amazon.co.uk/dp/B0CZTYCDMR,55.0,1627.26,1399.0,GBP,1627.26,Amazon,GB,2026-09-12T08:42:28Z,B0CZTYCDMR,,,,,2026-07-01
Sony,"Sony BRAVIA 9 QLED (XR l Mini LED), K65XR90, 65 Inch 4K HDR Google Smart TV, Gaming Features for PlayStation 5, IMAX Enhanced, Dolby Vision Atmos, Chromecast, AirPlay, 120Hz, 5 Year Warranty",https://www.amazon.co.uk/dp/B0DJDDR25R,65.0,2790.41,2399.0,GBP,2790.41,Amazon,GB,2026-09-12T08:42:28Z,B0DJDDR25R,,,,,2026-07-01
Sony,"Sony BRAVIA XR, XR-77A95L, 77 Inch, QD-OLED, Smart TV, 4K HDR, Google TV, ECO PACK, BRAVIA CORE, Perfect for PlayStation5, Seamless Edge Design, 5 Year Warranty",https://www.amazon.co.uk/dp/B0CBPZMZ3W,77.0,4651.46,3999.0,GBP,4651.46,Amazon,GB,2026-09-12T08:42:28Z,B0CBPZMZ3W,,,,,2026-07-01
Sony,"Sony BRAVIA XR, XR-42A90K, 42 Inch, OLED, Smart TV, 4K HDR, Google TV, BRAVIA CORE, Perfect for PlayStation5, Metal Flush Surface Design, 5 Year Warranty",https://www.amazon.co.uk/dp/B09ZF7GJ3V,42.0,,,,,Amazon,GB,2026-09-12T08:42:28Z,B09ZF7GJ3V,,,,,
Hisense,"Hisense 50"" 50U7QTUK MiniLED QLED 144Hz Smart AI TV - Hi-View AI Engine, 144Hz Game Mode PRO, 21 Channel, Dolby Atmos, Quantum Dot Colour, Anti-Reflection with Freely, Disney +, YouTube, Netflix",https://www.amazon.co.uk/dp/B0F7WKMM1J,50.0,522.26,449.0,GBP,522.26,Amazon,GB,2026-09-12T08:42:28Z,B0F7WKMM1J,,,,,2026-07-01
Hisense,"Hisense 40 Inch 40E5QTUK QLED FHD Smart TV | Quantum Dot Colour, Full HD, Dolby Atmos, Sports Mode and Games Mode",https://www.amazon.co.uk/dp/B0F7WH53QJ,40.0,277.99,239.0,GBP,277.99,Amazon,GB,2026-09-12T08:42:28Z,B0F7WH53QJ,,,,,2026-07-01
LG,"LG 85QNED92A6A 85-Inch 4K UHD Smart TV, (α8 AI Processor, Freeview Play and Amazon Alexa, 120Hz) [Model 2025]",https://www.amazon.co.uk/dp/B0F5BRD36S,85.0,3255.67,2799.0,GBP,3255.67,Amazon,GB,2026-09-12T08:42:28Z,B0F5BRD36S,,,,,2026-07-01
TCL,"TCL 85C7L-UK 85 Inch SQD-Mini LED TV, 4K HDR 3000 nits and 1,624 dimming zones, Google TV, Dolby Vision & Atmos, Audio by Bang & Olufsen, 144Hz, Apple AirPlay 2 & Alexa (2026 New Model)",https://www.amazon.co.uk/dp/B0GY5F5J99,85.0,2333.29,2006.0,GBP,2333.29,Amazon,GB,2026-09-12T08:42:28Z,B0GY5F5J99,,,,,2026-07-01
Hisense,"Hisense 100"" 100U8QTUK MiniLED QLED 165Hz Smart AI TV - Hi-View AI Engine PRO, 165Hz Game Mode Ultra, 412 Channel, Dolby Atmos, Quantum Dot Colour, Anti-Reflection PRO with Freely, YouTube, Netflix",https://www.amazon.co.uk/dp/B0FR8LPDZB,100.0,4065.23,3495.0,GBP,4065.23,Amazon,GB,2026-09-12T08:42:28Z,B0FR8LPDZB,,,,,2026-07-01
Hisense,"Hisense 65"" 65A85QTUK OLED Smart AI TV - 120Hz Game Mode PRO, Dolby Atmos, Dolby Vision, IMAX Enhanced, Sport Mode, Filmmaker Mode, Infinite Blacks with Freely, Disney +, YouTube, Netflix",https://www.amazon.co.uk/dp/B0F7WVWRDV,65.0,1394.62,1199.0,GBP,1394.62,Amazon,GB,2026-09-12T08:42:28Z,B0F7WVWRDV,,,,,2026-07-01
LG,"LG 50QNED80A6A 50-Inch 4K UHD Smart TV, (α7 AI Processor, Freeview Play and Amazon Alexa, 60Hz) [Model 2025]",https://www.amazon.co.uk/dp/B0F14KGHT5,50.0,405.94,349.0,GBP,405.94,Amazon,GB,2026-09-12T08:42:28Z,B0F14KGHT5,,,,,2026-07-01
Hisense,"Hisense 55"" 55U8QTUK MiniLED QLED 165Hz Smart AI TV - Hi-View AI Engine PRO, 165Hz Game Mode Ultra, 412 Channel, Dolby Atmos, Quantum Dot Colour, Anti-Reflection PRO with Freely, YouTube, Netflix",https://www.amazon.co.uk/dp/B0F7WC65BD,55.0,1394.62,1199.0,GBP,1394.62,Amazon,GB,2026-09-12T08:42:28Z,B0F7WC65BD,,,,,2026-07-01
Sony,19.5V Power Cable Adapter Compatible with Sony Bravia TV Vaio Series | Bravia TV 24'' 32'' 40'' 42'' KDL-24 KDL-32 KDL-40 ...,https://www.amazon.co.uk/dp/B07VHNRWFG,24.0,18.6,15.99,GBP,18.6,Amazon,GB,2026-09-12T08:42:28Z,B07VHNRWFG,,,,,2026-07-01
Sony,19.5V Power Cord Compatible with Sony Bravia TV 24'' 32'' 40'' 42'' | KDL-49WD755 KDL-40 KDL-42 KDL-43 KDL-48 KDL-50 KDL55...,https://www.amazon.co.uk/dp/B0GH5S4SMG,24.0,22.09,18.99,GBP,22.09,Amazon,GB,2026-09-12T08:42:28Z,B0GH5S4SMG,,,,,2026-07-01
Sony,19.5V Power Cable Compatible with Sony Bravia TV 24'' 32'' 40'' 42'' KDL-40 KDL-42 KDL-43 KDL-48 KDL-50 KDL-55 KDL-24 KDL-32 and Vaio Laptop,https://www.amazon.co.uk/dp/B0D9FRWSCT,24.0,23.25,19.99,GBP,23.25,Amazon,GB,2026-09-12T08:42:28Z,B0D9FRWSCT,,,,,2026-07-01
Sony,"Sony SU-WL450 Wall-Mount Bracket, Compatible with 32"" to 85"" BRAVIA LCD TVs",https://www.amazon.co.uk/dp/B00IZEIZB4,32.0,68.61,58.99,GBP,68.61,Amazon,GB,2026-09-12T08:42:28Z,B00IZEIZB4,,,,,2026-07-01
Samsung,Samsung 75 Inch Crystal UHD U8020F Smart TV,https://www.amazon.co.uk/dp/B0F6VQZFCB,75.0,731.63,629.0,GBP,731.63,Amazon,GB,2026-09-12T08:42:28Z,B0F6VQZFCB,,,,,2026-07-01
Samsung,"Samsung Smart TV 65'' U8000F Crystal UHD 4K TV, Crystal Processor 4K, Motion Xcelerator, Gaming Hub, Knox Security, Metal Stream Design [2025]",https://www.amazon.co.uk/dp/B0F6VQVVYJ,65.0,482.71,415.0,GBP,482.71,Amazon,GB,2026-09-12T08:42:28Z,B0F6VQVVYJ,,,,,2026-07-01
Samsung,"Samsung Smart TV M1EH 55-Inch, 4K Mini LED, Vision AI Companion [2026] | Mini LED HDR, Motion Xcelerator, Dynamic Sound Pa...",https://www.amazon.co.uk/dp/B0GYZKS4MN,55.0,522.26,449.0,GBP,522.26,Amazon,GB,2026-09-12T08:42:28Z,B0GYZKS4MN,,,,,2026-07-01
Samsung,"Samsung Smart TV 43-Inch LS03HE The Frame, 4K QLED Glare Free, HDR 10+, Motion Xcelerator 144Hz, Dolby Atmos, Gaming Hub, FreeSync Premium, Art Mode, VAC, Alexa Built-in [2026]",https://www.amazon.co.uk/dp/B0GYYR5P7N,43.0,987.52,849.0,GBP,987.52,Amazon,GB,2026-09-12T08:42:28Z,B0GYYR5P7N,,,,,2026-07-01
Samsung,"Samsung Smart TV M1EH 75-Inch, 4K Mini LED, Vision AI Companion [2026] | Mini LED HDR, Motion Xcelerator, Dynamic Sound Pa...",https://www.amazon.co.uk/dp/B0GYZR1GM2,75.0,929.36,799.0,GBP,929.36,Amazon,GB,2026-09-12T08:42:28Z,B0GYZR1GM2,,,,,2026-07-01
Samsung,"Samsung Smart TV 65-Inch QN70H Neo QLED 4K Quantum Mini LED, HDR 10+, Motion Xcelerator, Adpative Sound+, Gaming Hub, Knox Security, Voice Control with AI(VAC), Alexa Built-in [2026]",https://www.amazon.co.uk/dp/B0GYZKS4MB,65.0,1103.83,949.0,GBP,1103.83,Amazon,GB,2026-09-12T08:42:28Z,B0GYZKS4MB,,,,,2026-07-01
LG,"LG 43UA75006LA UHD UA75 4K Smart TV, α7 AI Processor Gen8, 60Hz, HDR10, Filmmaker Mode™, Google Cast, Apple AirPlay 2, Model Year 2025",https://www.amazon.co.uk/dp/B0GTVR5RHH,43.0,287.28,246.98,GBP,287.28,Amazon,GB,2026-09-12T08:42:28Z,B0GTVR5RHH,,,,,2026-07-01
LG,"LG 50NU800B6LC Nano UHD AI NU80 4K Smart TV, α7 Processor Gen9, 60Hz, HDR10, Filmmaker Mode™, Google Cast, Apple AirPlay 2, Model Year 2026",https://www.amazon.co.uk/dp/B0GTBTSKWP,50.0,347.78,299.0,GBP,347.78,Amazon,GB,2026-09-12T08:42:28Z,B0GTBTSKWP,,,,,2026-07-01
LG,"LG 50QNED70A6A 50-Inch 4K UHD Smart TV (α7 AI Processor, Amazon Alexa, 60Hz) [Model 2025]",https://www.amazon.co.uk/dp/B0FDRCB9LJ,50.0,405.94,349.0,GBP,405.94,Amazon,GB,2026-09-12T08:42:28Z,B0FDRCB9LJ,,,,,2026-07-01
LG,"LG 55QNED80A6A 55-Inch 4K UHD Smart TV, (α7 AI Processor, Freeview Play and Amazon Alexa, 60Hz) [Model 2025]",https://www.amazon.co.uk/dp/B0F1519SC2,55.0,440.84,379.0,GBP,440.84,Amazon,GB,2026-09-12T08:42:28Z,B0F1519SC2,,,,,2026-07-01
LG,"LG 65QNED80A6A 65-Inch 4K UHD Smart TV, (α7 AI Processor, Freeview Play and Amazon Alexa, 60Hz) [Model 2025]",https://www.amazon.co.uk/dp/B0F15139F9,65.0,579.25,498.0,GBP,579.25,Amazon,GB,2026-09-12T08:42:28Z,B0F15139F9,,,,,2026-07-01
LG,"LG 43NU800B6LC Nano UHD AI NU80 4K Smart TV, α7 Processor Gen9, 60Hz, HDR10, Filmmaker Mode™, Google Cast, Apple AirPlay 2, Model Year 2026",https://www.amazon.co.uk/dp/B0GTB1PJ3V,43.0,301.26,259.0,GBP,301.26,Amazon,GB,2026-09-12T08:42:28Z,B0GTB1PJ3V,,,,,2026-07-01
LG,"LG 55QNED7EB3C QNED MiniLED AI 4K Smart TV QNED7E, α7 Processor Gen9, 60Hz, HDR10, Filmmaker Mode™, Google Cast, Apple AirPlay 2, Model Year 2026",https://www.amazon.co.uk/dp/B0GT9WZMZG,55.0,464.1,399.0,GBP,464.1,Amazon,GB,2026-09-12T08:42:28Z,B0GT9WZMZG,,,,,2026-07-01
LG,"LG 55NU800B6LA Nano UHD AI NU80 4K Smart TV, α7 Processor Gen9, 60Hz, HDR10, Filmmaker Mode™, Google Cast, Apple AirPlay 2, Model Year 2026",https://www.amazon.co.uk/dp/B0GT9KCWNC,55.0,405.94,349.0,GBP,405.94,Amazon,GB,2026-09-12T08:42:28Z,B0GT9KCWNC,,,,,2026-07-01
LG,"LG 43NU850B6LA Nano UHD AI NU85 4K Smart TV, α7 Processor Gen9, 60Hz, HDR10, Filmmaker Mode™, Google Cast, Apple AirPlay 2, Model Year 2026",https://www.amazon.co.uk/dp/B0GT9PDN97,43.0,289.63,249.0,GBP,289.63,Amazon,GB,2026-09-12T08:42:28Z,B0GT9PDN97,,,,,2026-07-01
LG,"LG OLED evo AI C6 42-inch 4K Smart TV - OLED42C65LA (α11 AI Processor 4K Gen3, 120Hz (VRR 165Hz), Dolby Vision, Dolby Atmos, FILMMAKER MODE™ [Model year 2026]",https://www.amazon.co.uk/dp/B0GT9KRRW2,42.0,1278.31,1099.0,GBP,1278.31,Amazon,GB,2026-09-12T08:42:28Z,B0GT9KRRW2,,,,,2026-07-01
LG,"LG 65NU800B6LA Nano UHD AI NU80 4K Smart TV, α7 Processor Gen9, 60Hz, HDR10, Filmmaker Mode™, Google Cast, Apple AirPlay 2, Model Year 2026",https://www.amazon.co.uk/dp/B0GT9S4VTG,65.0,545.52,469.0,GBP,545.52,Amazon,GB,2026-09-12T08:42:28Z,B0GT9S4VTG,,,,,2026-07-01
LG,"LG OLED65B6ELC OLED AI B6 4K Smart TV, α8 Processor Gen3, 120Hz, VRR, Dolby Vision and Atmos, Filmmaker Mode™, Model Year ...",https://www.amazon.co.uk/dp/B0GTB223FL,65.0,2092.52,1799.0,GBP,2092.52,Amazon,GB,2026-09-12T08:42:28Z,B0GTB223FL,,,,,2026-07-01
LG,"LG 43QNED70B6C QNED MiniLED AI 4K Smart TV QNED70, α7 Processor Gen9, 60Hz, HDR10, Filmmaker Mode™, Google Cast, Apple AirPlay 2, Model Year 2026",https://www.amazon.co.uk/dp/B0GT9J3VMT,43.0,417.57,359.0,GBP,417.57,Amazon,GB,2026-09-12T08:42:28Z,B0GT9J3VMT,,,,,2026-07-01
LG,"LG OLED55B6ELC OLED AI B6 4K Smart TV, α8 Processor Gen3, 120Hz, VRR, Dolby Vision and Atmos, Filmmaker Mode™, Model Year ...",https://www.amazon.co.uk/dp/B0GTB2F6VG,55.0,1394.62,1199.0,GBP,1394.62,Amazon,GB,2026-09-12T08:42:28Z,B0GTB2F6VG,,,,,2026-07-01
LG,"LG 43QNED7EB3C QNED MiniLED AI 4K Smart TV QNED7E, α7 Processor Gen9, 60Hz, HDR10, Filmmaker Mode™, Google Cast, Apple AirPlay 2, Model Year 2026",https://www.amazon.co.uk/dp/B0GT9QB8KR,43.0,405.94,349.0,GBP,405.94,Amazon,GB,2026-09-12T08:42:28Z,B0GT9QB8KR,,,,,2026-07-01
TCL,"TCL 55C7L-UK 55 Inch SQD-Mini LED TV, 4K HDR 2700 nits and 800 dimming zones, Google TV, Dolby Vision & Atmos, Audio by Bang & Olufsen, 144Hz, Apple AirPlay 2 & Alexa (2026 New Model)",https://www.amazon.co.uk/dp/B0GY55SH2Q,55.0,1161.99,999.0,GBP,1161.99,Amazon,GB,2026-09-12T08:42:28Z,B0GY55SH2Q,,,,,2026-07-01
TCL,"TCL 75V6D-UK 75 Inch 4K HDR, Fire TV, HDR10+, Dolby Atmos, DTS:X, Game Master, Motion Clarity, AirPlay 2, Press & Ask Alexa (2026 New Model)",https://www.amazon.co.uk/dp/B0GZPK985C,75.0,696.73,599.0,GBP,696.73,Amazon,GB,2026-09-12T08:42:28Z,B0GZPK985C,,,,,2026-07-01
TCL,"TCL 65C7L-UK 65 Inch SQD-Mini LED TV, 4K HDR 3000 nits and 1,152 dimming zones, Google TV, Dolby Vision & Atmos, Audio by Bang & Olufsen, 144Hz, Apple AirPlay 2 & Alexa (2026 New Model)",https://www.amazon.co.uk/dp/B0GY5DJ1MV,65.0,1394.62,1199.0,GBP,1394.62,Amazon,GB,2026-09-12T08:42:28Z,B0GY5DJ1MV,,,,,2026-07-01
TCL,"TCL 98C7L-UK 98 Inch SQD-Mini LED TV, 4K HDR 3000 nits and 2,176 dimming zones, Google TV, Dolby Vision & Atmos, Audio by Bang & Olufsen, 144Hz, Apple AirPlay 2 & Alexa (2026 New Model)",https://www.amazon.co.uk/dp/B0GY55YB9Z,98.0,3488.3,2999.0,GBP,3488.3,Amazon,GB,2026-09-12T08:42:28Z,B0GY55YB9Z,,,,,2026-07-01
TCL,"TCL 65V6D-UK 65 Inch 4K HDR, Fire TV, HDR10+, Dolby Atmos, DTS:X, Game Master, Motion Clarity, AirPlay 2, Press & Ask Alexa (2026 New Model)",https://www.amazon.co.uk/dp/B0GZPHNT83,65.0,522.26,449.0,GBP,522.26,Amazon,GB,2026-09-12T08:42:28Z,B0GZPHNT83,,,,,2026-07-01
TCL,"TCL 50V6D-UK 50 Inch 4K HDR, Fire TV, HDR10+, Dolby Atmos, DTS:X, Game Master, Motion Clarity, AirPlay 2, Press & Ask Alexa (2026 New Model)",https://www.amazon.co.uk/dp/B0GZPZTD97,50.0,324.52,279.0,GBP,324.52,Amazon,GB,2026-09-12T08:42:28Z,B0GZPZTD97,,,,,2026-07-01
Hisense,"Hisense 75"" 75E7QTUK QLED Smart AI TV - 4K Direct Lit Viewing, Quantum Dot Colour, Hi-View AI Engine, Dolby Vision, Dolby Atmos with Freely, Disney +, YouTube, Netflix",https://www.amazon.co.uk/dp/B0F7WPNSC3,75.0,754.89,649.0,GBP,754.89,Amazon,GB,2026-09-12T08:42:28Z,B0F7WPNSC3,,,,,2026-07-01
Hisense,"Hisense 65"" 65E78STUK PRO Hi-QLED 144Hz 4K Ultra HD AI Smart TV with Freely, Netflix, Disney+ and YouTube - Hi-QLED Colour, Built-in Subwoofer, AI Smooth Motion, AMD FreeSync Premium, Filmmaker Mode",https://www.amazon.co.uk/dp/B0GV4S7844,65.0,929.36,799.0,GBP,929.36,Amazon,GB,2026-09-12T08:42:28Z,B0GV4S7844,,,,,2026-07-01
Hisense,"Hisense 43"" 43E7STUK Hi-QLED 4K Ultra HD AI Smart TV with Freely, Netflix, Disney+ and YouTube - Hi-QLED Colour, Dolby Vision.Atmos, AI 4K Upscaler, AI Smooth Motion, Game Mode Plus, Filmmaker Mode",https://www.amazon.co.uk/dp/B0GV533BJ7,43.0,405.94,349.0,GBP,405.94,Amazon,GB,2026-09-12T08:42:28Z,B0GV533BJ7,,,,,2026-07-01
Hisense,"Hisense 65"" 65E78QTUK QLED Smart AI TV - 4K Direct Lit Viewing, Quantum Dot Colour, Hi-View AI Engine, Dolby Vision, Dolby Atmos with Freely, Disney +, YouTube, Netflix",https://www.amazon.co.uk/dp/B0F7WB3V34,65.0,580.41,499.0,GBP,580.41,Amazon,GB,2026-09-12T08:42:28Z,B0F7WB3V34,,,,,2026-07-01
Sony,"Sony BRAVIA 3 – Direct LED, X-Balanced Speaker, Dolby Vision/Atmos, IMAX Enhanced, Google TV (2025), Google Cast, Apple AirPlay 2, Eco Dashboard 2, Game Menu 2 – 75-inch",https://www.amazon.co.uk/dp/B0F29H88PT,75.0,1510.94,1299.0,GBP,1510.94,Amazon,GB,2026-09-12T08:42:28Z,B0F29H88PT,,,,,2026-07-01
Sony,"Sony BRAVIA 5 – XR, Mini LED, AI XR Processor, Acoustic Multi-Audio, Dolby Vision/Atmos, IMAX Enhanced, Google TV (2025), Google Cast, Apple AirPlay 2, Eco Dashboard 2 – 55-inch",https://www.amazon.co.uk/dp/B0F29LGQ7K,55.0,1510.94,1299.0,GBP,1510.94,Amazon,GB,2026-09-12T08:42:28Z,B0F29LGQ7K,,,,,2026-07-01
Sony,"Sony BRAVIA 3 – Direct LED, X-Balanced Speaker, Dolby Vision/Atmos, IMAX Enhanced, Google TV (2025), Google Cast, Apple AirPlay 2, Eco Dashboard 2, Game Menu 2 – 85-inch",https://www.amazon.co.uk/dp/B0F29HDTWX,85.0,,,,,Amazon,GB,2026-09-12T08:42:28Z,B0F29HDTWX,,,,,
Sony,"Sony BRAVIA 5 – XR, Mini LED, AI XR Processor, Acoustic Multi-Audio, Dolby Vision/Atmos, IMAX Enhanced, Google TV (2025), Google Cast, Apple AirPlay 2, Eco Dashboard 2 – 75-inch",https://www.amazon.co.uk/dp/B0F29J38YL,75.0,2208.83,1899.0,GBP,2208.83,Amazon,GB,2026-09-12T08:42:28Z,B0F29J38YL,,,,,2026-07-01
Sony,"Sony BRAVIA 2 Ⅱ 55 Inch TV, 4K Smart TV (Google TV), X1 Processor, 4K Upscaling, Television with Dolby Atmos and DTS:X, PS5 compatibility, 55S25M2, 2026 Model",https://www.amazon.co.uk/dp/B0GZWCLPQM,55.0,813.05,699.0,GBP,813.05,Amazon,GB,2026-09-12T08:42:28Z,B0GZWCLPQM,,,,,2026-07-01
Sony,"Sony BRAVIA 2Ⅱ75 Inch TV, 4K Smart TV (Google TV), X1 Processor, 4K Upscaling, Television with Dolby Atmos and DTS:X, PS5 compatibility, 75S25M2, 2026 Model",https://www.amazon.co.uk/dp/B0GZWGHNDY,75.0,1394.62,1199.0,GBP,1394.62,Amazon,GB,2026-09-12T08:42:28Z,B0GZWGHNDY,,,,,2026-07-01
Sony,"Sony BRAVIA 7 II True RGB 75 Inch TV, 4K Smart TV (Google TV), RGB LED, XR Processor with AI Technology, 120hz Television with Dolby Vision/Atmos, PS5 compatibility, 75XR75M2, 2026 Model",https://www.amazon.co.uk/dp/B0H2JW181N,75.0,3023.04,2599.0,GBP,3023.04,Amazon,GB,2026-09-12T08:42:28Z,B0H2JW181N,,,,,2026-07-01
Sony,"Sony BRAVIA 7 II True RGB 85 Inch TV, 4K Smart TV (Google TV), RGB LED, XR Processor with AI Technology, 120hz Television with Dolby Vision/Atmos, PS5 compatibility, 85XR75M2, 2026 Model",https://www.amazon.co.uk/dp/B0H2K2XXF3,85.0,4069.88,3499.0,GBP,4069.88,Amazon,GB,2026-09-12T08:42:28Z,B0H2K2XXF3,,,,,2026-07-01
Sony,"Sony BRAVIA 2 Ⅱ 50 Inch TV, 4K Smart TV (Google TV), X1 Processor, 4K Upscaling, Television with Dolby Atmos and DTS:X, PS5 compatibility, 50S25M2, 2026 Model (Renewed)",https://www.amazon.co.uk/dp/B0HFNM4DFL,50.0,683.92,587.99,GBP,683.92,Amazon,GB,2026-09-12T08:42:28Z,B0HFNM4DFL,,,,,2026-07-01
Samsung,"Samsung 65"" Q8F, Q4 Ai Processor, Quantum HDR+, Motion Xcelerator, Air Slim Design, Samsung Vision AI, 2025",https://www.amazon.co.uk/dp/B0F6VLTN7Z,65.0,871.2,749.0,GBP,871.2,Amazon,GB,2026-09-12T08:42:28Z,B0F6VLTN7Z,,,,,2026-07-01
Samsung,"Samsung 85"" Q8F, Q4 Ai Processor, Quantum HDR+, Motion Xcelerator, Air Slim Design, Samsung Vision AI, 2025",https://www.amazon.co.uk/dp/B0F6VV9W9H,85.0,,,,,Amazon,GB,2026-09-12T08:42:28Z,B0F6VV9W9H,,,,,
Samsung,"Samsung QLED Q8F 4K Smart TV, 75"", with AI vision, 100% color volume with Quantum Dot, HDR10+, Q4 AI processor, One UI Tizen, Wi-Fi, Bluetooth 5.3 and Motion, Hungarian country version",https://www.amazon.co.uk/dp/B0FHXMLHHK,75.0,,,,,Amazon,GB,2026-09-12T08:42:28Z,B0FHXMLHHK,,,,,
Samsung,"Samsung Smart TV Q5F 40-Inch, QLED Full HD, Quantum Dot Colour, HDR, Contrast Enhancer, Tizen OS, Gaming Hub, Slim Look Design, [2026]",https://www.amazon.co.uk/dp/B0GYZ7QNT9,40.0,405.94,349.0,GBP,405.94,Amazon,GB,2026-09-12T08:42:28Z,B0GYZ7QNT9,,,,,2026-07-01
LG,"LG 85NU800B6LA Nano UHD AI NU80 4K Smart TV, α7 Processor Gen9, 60Hz, HDR10, Filmmaker Mode™, Google Cast, Apple AirPlay 2, Model Year 2026",https://www.amazon.co.uk/dp/B0GT9YHTMM,85.0,1161.99,999.0,GBP,1161.99,Amazon,GB,2026-09-12T08:42:28Z,B0GT9YHTMM,,,,,2026-07-01
TCL,"TCL A300W 65"" 4K Ultra HD QLED Canvas/Frame Lifestyle TV - 65A300W",https://www.amazon.co.uk/dp/B0FLF7H6GW,65.0,,,,,Amazon,GB,2026-09-12T08:42:28Z,B0FLF7H6GW,,,,,
TCL,"TCL 55P8L-UK 55 Inch QD-Mini LED 4K HDR10+ Smart TV, Dolby Vision & Atmos | Google TV, FreeSync Premium, 144Hz VRR, Apple ...",https://www.amazon.co.uk/dp/B0GY53DBN5,55.0,699.06,601.0,GBP,699.06,Amazon,GB,2026-09-12T08:42:28Z,B0GY53DBN5,,,,,2026-07-01
TCL,"TCL NXTVISION A300W - QLED Pro 4K HDR Smart TV 65"" Matte Screen | Dolby Vision IQ & Atmos, 144Hz VRR, Motion Clarity, Goog...",https://www.amazon.co.uk/dp/B0DPLN3N3D,65.0,,,,,Amazon,GB,2026-09-12T08:42:28Z,B0DPLN3N3D,,,,,
TCL,"TCL A300W 75"" 4K Ultra HD QLED Canvase Lifestyle TV - 75A300W",https://www.amazon.co.uk/dp/B0FLF4LCNN,75.0,,,,,Amazon,GB,2026-09-12T08:42:28Z,B0FLF4LCNN,,,,,
Hisense,"Hisense 55"" 55E78QTUK QLED Smart AI TV - 4K Direct Lit Viewing, Quantum Dot Colour, Hi-View AI Engine, Dolby Vision, Dolby Atmos with Freely, Disney +, YouTube, Netflix",https://www.amazon.co.uk/dp/B0F7W1H394,55.0,405.94,349.0,GBP,405.94,Amazon,GB,2026-09-12T08:42:28Z,B0F7W1H394,,,,,2026-07-01
Samsung,"Samsung Smart TV 50-Inch QN80H Neo QLED 4K, Quantum Mini LED, NQ HDR+, Motion Xcelerator, Dolby Atmos & OTS Lite, Gaming Hub, Knox Security, Vision AI Companion, Alexa Built-in [2026]",https://www.amazon.co.uk/dp/B0GYZPLTHG,50.0,871.2,749.0,GBP,871.2,Amazon,GB,2026-09-12T08:42:28Z,B0GYZPLTHG,,,,,2026-07-01
Samsung,"Samsung Smart TV 55-Inch QN80H Neo QLED 4K, Quantum Mini LED, NQ HDR+, Motion Xcelerator 144Hz, Dolby Atmos & OTS Lite, Gaming Hub, FreeSync Premium Pro, Knox Security, Vision AI, Alexa [2026]",https://www.amazon.co.uk/dp/B0GYZRNZB6,55.0,1045.68,899.0,GBP,1045.68,Amazon,GB,2026-09-12T08:42:28Z,B0GYZRNZB6,,,,,2026-07-01
Samsung,"Samsung Smart TV 75-Inch QN80H Neo QLED 4K, Quantum Mini LED, NQ HDR+, Motion Xcelerator 144Hz, Dolby Atmos & OTS Lite, Gaming Hub, FreeSync Premium Pro, Knox Security, Vision AI, Alexa [2026]",https://www.amazon.co.uk/dp/B0GYZPBVVX,75.0,2092.52,1799.0,GBP,2092.52,Amazon,GB,2026-09-12T08:42:28Z,B0GYZPBVVX,,,,,2026-07-01
Samsung,"Samsung Smart TV 100-Inch QN80H Neo QLED 4K, Quantum Mini LED, NQ HDR+, Motion Xcelerator 144Hz, Dolby Atmos & OTS Lite, Gaming Hub, FreeSync Premium Pro, Knox Security, Vision AI, Alexa [2026]",https://www.amazon.co.uk/dp/B0GYZ7TPPL,100.0,4418.83,3799.0,GBP,4418.83,Amazon,GB,2026-09-12T08:42:28Z,B0GYZ7TPPL,,,,,2026-07-01
Samsung,"Samsung Smart TV 85-Inch QN80H Neo QLED 4K, Quantum Mini LED, NQ HDR+, Motion Xcelerator 144Hz, Dolby Atmos & OTS Lite, Gaming Hub, FreeSync Premium Pro, Knox Security, Vision AI, Alexa [2026]",https://www.amazon.co.uk/dp/B0GYZ9MXKP,85.0,2674.1,2299.0,GBP,2674.1,Amazon,GB,2026-09-12T08:42:28Z,B0GYZ9MXKP,,,,,2026-07-01
LG,"LG 55QNED85B6B QNED Evo MiniLED AI 4K Smart TV QNED85, α8 Processor Gen3, 120Hz, VRR 144Hz, Dolby Vision, Filmmaker Mode™, FreeSync Compatible, AMD, Google Cast, Model Year 2026",https://www.amazon.co.uk/dp/B0GT9QPJBP,55.0,871.2,749.0,GBP,871.2,Amazon,GB,2026-09-12T08:42:28Z,B0GT9QPJBP,,,,,2026-07-01
LG,"LG 50QNED85B6B QNED Evo MiniLED AI 4K Smart TV QNED85, α8 Processor Gen3, 120Hz, VRR 144Hz, Dolby Vision, Filmmaker Mode™, FreeSync Compatible, AMD, Google Cast, Model Year 2026",https://www.amazon.co.uk/dp/B0GT9YFWYS,50.0,754.89,649.0,GBP,754.89,Amazon,GB,2026-09-12T08:42:28Z,B0GT9YFWYS,,,,,2026-07-01
LG,LG QNED87 43 Inch 4K QNED Mini LED Smart TV - 43QNED87B6A,https://www.amazon.co.uk/dp/B0HDDCH86B,43.0,638.57,549.0,GBP,638.57,Amazon,GB,2026-09-12T08:42:28Z,B0HDDCH86B,,,,,2026-07-01
LG,"LG 86QNED85B6B 86-Inch QNED evo MiniLED AI 4K UHD Smart TV bundle with XO2 Portable Bluetooth Multi-Directional Speaker, 15H Battery Life, IP55 Waterproof",https://www.amazon.co.uk/dp/B0GVDKHDXL,86.0,2345.38,2016.39,GBP,2345.38,Amazon,GB,2026-09-12T08:42:28Z,B0GVDKHDXL,,,,,2026-07-01
LG,"LG 86QNED80A6A 86-Inch 4K UHD Smart TV, (α7 AI Processor, Freeview Play and Amazon Alexa, 60Hz) [Model 2025]",https://www.amazon.co.uk/dp/B0F14JH7Q5,86.0,2071.59,1781.01,GBP,2071.59,Amazon,GB,2026-09-12T08:42:28Z,B0F14JH7Q5,,,,,2026-07-01
TCL,"TCL 55A400 Pro-UK 55 Inch NXTVISION QD-Mini LED Art TV, 4K Smart TV | Google TV, Matte Screen, Frame Design, Art Mode, Dol...",https://www.amazon.co.uk/dp/B0GYF9F8S4,55.0,1045.68,899.0,GBP,1045.68,Amazon,GB,2026-09-12T08:42:28Z,B0GYF9F8S4,,,,,2026-07-01
TCL,"TCL 65A400 Pro-UK 65 Inch NXTVISION QD-Mini LED Art TV, 4K Smart TV | Google TV, Matte Screen, Frame Design, Art Mode, Dol...",https://www.amazon.co.uk/dp/B0GYFB6JWC,65.0,1278.31,1099.0,GBP,1278.31,Amazon,GB,2026-09-12T08:42:28Z,B0GYFB6JWC,,,,,2026-07-01
Hisense,"Hisense 55 Inch 55A6QTUK 4K Ultra HD Smart AI TV | 4K UHD, Hi-View AI Engine, Precision Colour, AI Smooth Motion and Sport...",https://www.amazon.co.uk/dp/B0F7WKRQPK,55.0,347.78,299.0,GBP,347.78,Amazon,GB,2026-09-12T08:42:28Z,B0F7WKRQPK,,,,,2026-07-01
Hisense,"Hisense 58 Inch 58A6QTUK 4K Ultra HD Smart AI TV | 4K UHD, Hi-View AI Engine, Precision Colour, AI Smooth Motion and Sport...",https://www.amazon.co.uk/dp/B0F7WJSD13,58.0,359.42,309.0,GBP,359.42,Amazon,GB,2026-09-12T08:42:28Z,B0F7WJSD13,,,,,2026-07-01
Hisense,"Hisense 85 Inch 85A6QTUK 4K Ultra HD Smart AI TV | 4K UHD, Hi-View AI Engine, Precision Colour, AI Smooth Motion and Sport...",https://www.amazon.co.uk/dp/B0F7WK9DLX,85.0,906.1,779.0,GBP,906.1,Amazon,GB,2026-09-12T08:42:28Z,B0F7WK9DLX,,,,,2026-07-01
Hisense,"Hisense 75 Inch 75A6QTUK 4K Ultra HD Smart AI TV | 4K UHD, Hi-View AI Engine, Precision Colour, AI Smooth Motion and Sport...",https://www.amazon.co.uk/dp/B0F7W5WQYP,75.0,754.89,649.0,GBP,754.89,Amazon,GB,2026-09-12T08:42:28Z,B0F7W5WQYP,,,,,2026-07-01
Sony,"Sony BRAVIA 7 QLED (XR l Mini LED), K65XR70, 65 Inch 4K HDR Google Smart TV, Gaming Features for PlayStation 5, IMAX Enhanced, Dolby Vision Atmos, Chromecast, AirPlay, 120Hz, 5 Year Warranty",https://www.amazon.co.uk/dp/B0CZV19KNB,65.0,,,,,Amazon,GB,2026-09-12T08:42:28Z,B0CZV19KNB,,,,,
Samsung,"Samsung 65"" 4K QN85F, NQ4 AI Gen2 Processor, 4K AI Upscaling, Neo Quantum HDR+, Glare Free, Samsung Vision AI, 2025",https://www.amazon.co.uk/dp/B0F6VP16LP,65.0,1229.84,1057.33,GBP,1229.84,Amazon,GB,2026-09-12T08:42:28Z,B0F6VP16LP,,,,,2026-07-01
Samsung,"Samsung 85"" 4K QN85F, NQ4 AI Gen2 Processor, 4K AI Upscaling, Neo Quantum HDR+, Glare Free, Samsung Vision AI, 2025",https://www.amazon.co.uk/dp/B0F6VSSSW1,85.0,,,,,Amazon,GB,2026-09-12T08:42:28Z,B0F6VSSSW1,,,,,
Samsung,"Samsung Neo QLED 4K QN85F 85"" Mini LED TV NQ4 AI Gen2 Processor Quantum Matrix Slim Technology 144Hz Motion Xcelerator AirSlim Design Samsung Vision AI",https://www.amazon.co.uk/dp/B0FNMYQ547,85.0,3251.92,2795.77,GBP,3251.92,Amazon,GB,2026-09-12T08:42:28Z,B0FNMYQ547,,,,,2026-07-01
Samsung,"Samsung 55-inch S85H Smart TV, OLED 4K, 120Hz Gaming TV with AI Upscaling, OLED HDR, Vision AI Companion, Object Tracking Sound Lite, Alexa Built-in [2026]",https://www.amazon.co.uk/dp/B0H11G7S2Z,55.0,1603.99,1379.0,GBP,1603.99,Amazon,GB,2026-09-12T08:42:28Z,B0H11G7S2Z,,,,,2026-07-01
Samsung,Samsung 85 Inch Neo QLED 4K with Mini LED QN73F AI Smart TV,https://www.amazon.co.uk/dp/B0DF8KVR1R,85.0,1743.57,1499.0,GBP,1743.57,Amazon,GB,2026-09-12T08:42:28Z,B0DF8KVR1R,,,,,2026-07-01
LG,"LG Nano 4K UHD AI 50NU850B6LA NU85 50 Inch Smart TV, α7 Processor Gen9, 60 Hz, HDR10, Filmmaker Mode™, Google Cast, Apple AirPlay 2, 2026",https://www.amazon.co.uk/dp/B0GTB3TB9P,50.0,371.05,319.0,GBP,371.05,Amazon,GB,2026-09-12T08:42:28Z,B0GTB3TB9P,,,,,2026-07-01
Hisense,"Hisense 55"" 55A7QTUK QLED Smart AI TV - 4K Direct Lit Viewing, Quantum Dot Colour, Hi-View AI Engine, Built in Subwoofer, Dolby Vision, Dolby Atmos with with Freely, Disney +, YouTube, Netflix",https://www.amazon.co.uk/dp/B0F7WSRXSH,55.0,,,,,Amazon,GB,2026-09-12T08:42:28Z,B0F7WSRXSH,,,,,
Hisense,"Hisense 65"" 65A7QTUK QLED Smart AI TV - 4K Direct Lit Viewing, Quantum Dot Colour, Hi-View AI Engine, Built in Subwoofer, Dolby Vision, Dolby Atmos with with Freely, Disney +, YouTube, Netflix",https://www.amazon.co.uk/dp/B0F7WSSVWY,65.0,545.52,469.0,GBP,545.52,Amazon,GB,2026-09-12T08:42:28Z,B0F7WSSVWY,,,,,2026-07-01
Hisense,"Hisense 75"" 75A7QTUK QLED Smart AI TV - 4K Direct Lit Viewing, Quantum Dot Colour, Hi-View AI Engine, Built in Subwoofer, Dolby Vision, Dolby Atmos with with Freely, Disney +, YouTube, Netflix",https://www.amazon.co.uk/dp/B0F7W77NF5,75.0,813.05,699.0,GBP,813.05,Amazon,GB,2026-09-12T08:42:28Z,B0F7W77NF5,,,,,2026-07-01
Samsung,"Samsung Smart TV 65-Inch S83H, 4K OLED, Motion Xcelerator 120Hz [2026] | AI Upscaling, OLED HDR, Gaming Optimiser, Vision ...",https://www.amazon.co.uk/dp/B0GYZ8BTF9,65.0,2325.15,1999.0,GBP,2325.15,Amazon,GB,2026-09-12T08:42:28Z,B0GYZ8BTF9,,,,,2026-07-01
LG,"LG OLED77G54LW Smart TV OLED EVO AI B5 77"" 4K 2025 | WebOS 25, Super Upscaling, Dolby Vision and Dolby Atmos, AMD FreeSyn...",https://www.amazon.co.uk/dp/B0F3D6NBFN,77.0,,,,,Amazon,GB,2026-09-12T08:42:28Z,B0F3D6NBFN,,,,,
LG,"LG OLED77C54LA - 77"" OLED EVO 4K, Smart TV AI B5, WebOS 25, Dolby Vision and Dolby Atmos, AMD FreeSync, Alexa/Google Assistant, Black",https://www.amazon.co.uk/dp/B0F3D64K3K,77.0,3307.65,2843.69,GBP,3307.65,Amazon,GB,2026-09-12T08:42:28Z,B0F3D64K3K,,,,,2026-07-01
TCL,"TCL 65P7K-UK 65"" QLED 4K Ultra HD HDR Google TV (Google Assistant, Freeview Play, Dolby Atmos, Dolby Vision, HDR10+, 120Hz Game Accelerator, Motion Clarity，2025 Model)",https://www.amazon.co.uk/dp/B0DPM1QW8W,65.0,,,,,Amazon,GB,2026-09-12T08:42:28Z,B0DPM1QW8W,,,,,
Hisense,"Hisense 55"" 55E78QTUK PRO 144Hz QLED Smart AI TV - Hi-View AI Engine, 144Hz Game Mode PRO, Dolby Atmos, Quantum Dot Colour with Freely, Disney +, YouTube, Netflix",https://www.amazon.co.uk/dp/B0F7VXCPFZ,55.0,517.6,445.0,GBP,517.6,Amazon,GB,2026-09-12T08:42:28Z,B0F7VXCPFZ,,,,,2026-07-01
Hisense,"Hisense 50"" 50E78QTUK QLED Smart AI TV - 4K Direct Lit Viewing, Quantum Dot Colour, Hi-View AI Engine, Dolby Vision, Dolby Atmos with Freely, Disney +, YouTube, Netflix",https://www.amazon.co.uk/dp/B0F7WD2G4S,50.0,,,,,Amazon,GB,2026-09-12T08:42:28Z,B0F7WD2G4S,,,,,
Hisense,"Hisense 65"" 65E78QTUK PRO 144Hz QLED Smart AI TV - Hi-View AI Engine, 144Hz Game Mode PRO, Dolby Atmos, Quantum Dot Colour with Freely, Disney +, YouTube, Netflix",https://www.amazon.co.uk/dp/B0F7WDJ22C,65.0,685.1,589.0,GBP,685.1,Amazon,GB,2026-09-12T08:42:28Z,B0F7WDJ22C,,,,,2026-07-01
Samsung,Samsung 65 Inch Neo QLED 8K with Mini LED QN990F Glare Free AI Smart TV,https://www.amazon.co.uk/dp/B0F6VVSYBN,65.0,3488.3,2999.0,GBP,3488.3,Amazon,GB,2026-09-12T08:42:28Z,B0F6VVSYBN,,,,,2026-07-01
LG,"LG OLED AI B6 48-inch 4K Smart TV - OLED48B65LA (α8 AI Processor 4K Gen3, 120Hz (VRR 120Hz), Dolby Vision, Dolby Atmos, FILMMAKER MODE™ [Model year 2026]",https://www.amazon.co.uk/dp/B0GT9S2KDV,48.0,1161.99,999.0,GBP,1161.99,Amazon,GB,2026-09-12T08:42:28Z,B0GT9S2KDV,,,,,2026-07-01
LG,"LG OLED AI B6 55-inch 4K Smart TV - OLED55B65LA (α8 AI Processor 4K Gen3, 120Hz (VRR 120Hz), Dolby Vision, Dolby Atmos, FILMMAKER MODE™ [Model year 2026]",https://www.amazon.co.uk/dp/B0GT9ZHJSC,55.0,1394.62,1199.0,GBP,1394.62,Amazon,GB,2026-09-12T08:42:28Z,B0GT9ZHJSC,,,,,2026-07-01
LG,"LG OLED AI B6 65-inch 4K Smart TV - OLED65B65LA (α8 AI Processor 4K Gen3, 120Hz (VRR 120Hz), Dolby Vision, Dolby Atmos, FILMMAKER MODE™ [Model year 2026]",https://www.amazon.co.uk/dp/B0GT9ZFLJD,65.0,2092.52,1799.0,GBP,2092.52,Amazon,GB,2026-09-12T08:42:28Z,B0GT9ZFLJD,,,,,2026-07-01
LG,"LG OLED AI B6 83-inch 4K Smart TV - OLED83B6ELB (α8 AI Processor 4K Gen3, 120Hz (VRR 120Hz), Dolby Vision, Dolby Atmos, FILMMAKER MODE™, G-Sync Compatible (Nvidia), [Model year 2026]",https://www.amazon.co.uk/dp/B0GVTXR37D,83.0,3255.67,2799.0,GBP,3255.67,Amazon,GB,2026-09-12T08:42:28Z,B0GVTXR37D,,,,,2026-07-01
LG,"LG OLED AI B6 77-inch 4K Smart TV - OLED77B6ELC (α8 AI Processor 4K Gen3, 120Hz (VRR 120Hz), Dolby Vision, Dolby Atmos, FILMMAKER MODE™ [Model year 2026]",https://www.amazon.co.uk/dp/B0GT9SQN83,77.0,3023.04,2599.0,GBP,3023.04,Amazon,GB,2026-09-12T08:42:28Z,B0GT9SQN83,,,,,2026-07-01
LG,"LG OLED AI B6 83-inch 4K Smart TV - OLED83B65LA (α8 AI Processor 4K Gen3, 120Hz (VRR 120Hz), Dolby Vision, Dolby Atmos, FILMMAKER MODE™, G-Sync Compatible (Nvidia), [Model year 2026]",https://www.amazon.co.uk/dp/B0GVTCYXHP,83.0,3255.67,2799.0,GBP,3255.67,Amazon,GB,2026-09-12T08:42:28Z,B0GVTCYXHP,,,,,2026-07-01
LG,"LG - TV - OLED - 48"" - 4K UHD - B6 - Smart TV - 120Hz - Black Absolute | Display - 48 inches - (3840x2160) - realistic col...",https://www.amazon.co.uk/dp/B0GWFNR5PT,48.0,1258.93,1082.34,GBP,1258.93,Amazon,GB,2026-09-12T08:42:28Z,B0GWFNR5PT,,,,,2026-07-01
Hisense,"Hisense 75"" 75Q8STUK MiniLED 144Hz 4K Ultra HD AI Smart TV with Freely, Netflix, Disney+ and YouTube - Hi-QLED MiniLED, Built-in Subwoofer, Hi-View AI Engine, Hi-QLED Colour, Hands-Free Voice Control",https://www.amazon.co.uk/dp/B0GV51ZR2B,75.0,1743.57,1499.0,GBP,1743.57,Amazon,GB,2026-09-12T08:42:28Z,B0GV51ZR2B,,,,,2026-07-01
Samsung,"Samsung Smart TV 50-Inch QN70H Neo QLED 4K Quantum Mini LED, HDR 10+, Motion Xcelerator, Adpative Sound+, Gaming Hub, Knox Security, Voice Control with AI(VAC), Alexa Built-in [2026]",https://www.amazon.co.uk/dp/B0GYZN5YMJ,50.0,813.05,699.0,GBP,813.05,Amazon,GB,2026-09-12T08:42:28Z,B0GYZN5YMJ,,,,,2026-07-01
LG,"LG QNED MiniLED AI QNED70 55QNED70B6C 55 Inch Smart TV, α7 Processor Gen9, 60 Hz, HDR10, Filmmaker Mode™, Google Cast, Apple AirPlay 2, 2026",https://www.amazon.co.uk/dp/B0GT9V54G8,55.0,580.41,499.0,GBP,580.41,Amazon,GB,2026-09-12T08:42:28Z,B0GT9V54G8,,,,,2026-07-01
TCL,"TCL 75P8L-UK 75 Inch QD-Mini LED 4K HDR10+ Smart TV, Onkyo 2.1 Sound",https://www.amazon.co.uk/dp/B0GY55XCTG,75.0,1209.68,1040.0,GBP,1209.68,Amazon,GB,2026-09-12T08:42:28Z,B0GY55XCTG,,,,,2026-07-01
Hisense,"Hisense 50A6S - 50"" 4K UHD TV, HomeOS U9.5 Smart TV, Dolby Vision HDR, Game Mode Plus (VRR 60Hz), DTS Virtual:X, Alexa Built-in, Black",https://www.amazon.co.uk/dp/B0GJFVQDWB,50.0,,,,,Amazon,GB,2026-09-12T08:42:28Z,B0GJFVQDWB,,,,,
Sony,"Sony BRAVIA 5 – XR, Mini LED, AI XR Processor, Acoustic Multi-Audio, Dolby Vision/Atmos, IMAX Enhanced, Google TV (2025), Google Cast, Apple AirPlay 2, Eco Dashboard 2 – 85-inch",https://www.amazon.co.uk/dp/B0F29J593K,85.0,2557.78,2199.0,GBP,2557.78,Amazon,GB,2026-09-12T08:42:28Z,B0F29J593K,,,,,2026-07-01
Samsung,"Samsung Smart TV 55-Inch QN70H Neo QLED 4K Quantum Mini LED, HDR 10+, Motion Xcelerator, Adpative Sound+, Gaming Hub, Knox Security, Voice Control with AI(VAC), Alexa Built-in [2026]",https://www.amazon.co.uk/dp/B0GYZV6H3Y,55.0,929.36,799.0,GBP,929.36,Amazon,GB,2026-09-12T08:42:28Z,B0GYZV6H3Y,,,,,2026-07-01
LG,LG 55QNED70B6C - 55 Inch Smart TV 4K DVB-T2 Wifi Energy Class E Black,https://www.amazon.co.uk/dp/B0H1N8Y6RV,55.0,,,,,Amazon,GB,2026-09-12T08:42:28Z,B0H1N8Y6RV,,,,,
TCL,"TCL 85P8L-UK 85 Inch QD-Mini LED 4K HDR10+ Smart TV, Onkyo 2.1 Sound",https://www.amazon.co.uk/dp/B0GY5F33F8,85.0,1627.26,1399.0,GBP,1627.26,Amazon,GB,2026-09-12T08:42:28Z,B0GY5F33F8,,,,,2026-07-01
Hisense,"Hisense 55A6S - UHD 4K Smart TV 55 Pulgadas, Escalador IA 4K, Smooth Motion IA, Modo Juego Plus, Dolby Vision, Control por Voz, Filmmaker Mode, Airplay",https://www.amazon.co.uk/dp/B0GJFF3XT7,55.0,,,,,Amazon,GB,2026-09-12T08:42:28Z,B0GJFF3XT7,,,,,
Sony,"Sony BRAVIA 5 – XR, Mini LED, AI XR Processor, Acoustic Multi-Audio, Dolby Vision/Atmos, IMAX Enhanced, Google TV (2025), Google Cast, Apple AirPlay 2, Eco Dashboard 2, Game Menu 2 – 98-inch",https://www.amazon.co.uk/dp/B0F29J81CM,98.0,4651.46,3999.0,GBP,4651.46,Amazon,GB,2026-09-12T08:42:28Z,B0F29J81CM,,,,,2026-07-01
Samsung,"Samsung Smart TV 75-Inch QN70H Neo QLED 4K Quantum Mini LED, HDR 10+, Motion Xcelerator, Adpative Sound+, Gaming Hub, Knox Security, Voice Control with AI(VAC), Alexa Built-in [2026]",https://www.amazon.co.uk/dp/B0GYZNNGNV,75.0,1743.57,1499.0,GBP,1743.57,Amazon,GB,2026-09-12T08:42:28Z,B0GYZNNGNV,,,,,2026-07-01
TCL,"TCL 75A400PRO-UK 75 Inch NXTVISION QD-Mini LED Art TV, Google TV, Matte Screen, Frame Design, Dolby Vision IQ & Atmos, 2.0 Onkyo, 144Hz, AirPlay 2 (2026 New Model)",https://www.amazon.co.uk/dp/B0GYF4984H,75.0,1627.26,1399.0,GBP,1627.26,Amazon,GB,2026-09-12T08:42:28Z,B0GYF4984H,,,,,2026-07-01
Hisense,"Hisense 65A6S - TV 4K UHD 65 Inch (164 cm), Smart TV HomeOS U9.5, Dolby Vision HDR, Game Mode Plus (VRR 60Hz), DTS Virtual: X, Alexa Integrated, Black",https://www.amazon.co.uk/dp/B0GJF87VQ6,65.0,,,,,Amazon,GB,2026-09-12T08:42:28Z,B0GJF87VQ6,,,,,
Sony,"Sony BRAVIA 8 OLED, K65XR80, 65 Inch 4K HDR Google Smart TV, Gaming Features for PlayStation 5 and IMAX Enhanced, Dolby Vision Atmos, Chromecast, Apple AirPlay, 120Hz",https://www.amazon.co.uk/dp/B0CZV9MYWG,65.0,2092.52,1799.0,GBP,2092.52,Amazon,GB,2026-09-12T08:42:28Z,B0CZV9MYWG,,,,,2026-07-01
Samsung,"Samsung Smart TV 85-Inch QN70H Neo QLED 4K Quantum Mini LED, HDR 10+, Motion Xcelerator, Adpative Sound+, Gaming Hub, Knox Security, Voice Control with AI(VAC), Alexa Built-in [2026]",https://www.amazon.co.uk/dp/B0GYZMQPFY,85.0,2325.15,1999.0,GBP,2325.15,Amazon,GB,2026-09-12T08:42:28Z,B0GYZMQPFY,,,,,2026-07-01
TCL,"TCL 75C7L-UK 75 Inch SQD-Mini LED TV, 4K HDR 3000 nits and 1,352 dimming zones, Google TV, Dolby Vision & Atmos, Audio by Bang & Olufsen, 144Hz, Apple AirPlay 2 & Alexa (2026 New Model)",https://www.amazon.co.uk/dp/B0GY53BFY3,75.0,1743.57,1499.0,GBP,1743.57,Amazon,GB,2026-09-12T08:42:28Z,B0GY53BFY3,,,,,2026-07-01
Hisense,"Hisense 40A5S – 40"" Full HD LED TV, Smart TV VIDAA U7.6, USB-C Port (Mobile to TV), Dolby Audio & DTS HD, Bluetooth, WiFi, Black",https://www.amazon.co.uk/dp/B0GJ5WRCG2,40.0,,,,,Amazon,GB,2026-09-12T08:42:28Z,B0GJ5WRCG2,,,,,
Sony,"Sony BRAVIA 8 OLED, K77XR80, 77 Inch 4K HDR Google Smart TV, Gaming Features for PlayStation 5 and IMAX Enhanced, Dolby Vision Atmos, Chromecast, Apple AirPlay, 120Hz",https://www.amazon.co.uk/dp/B0CZVL353R,77.0,3255.67,2799.0,GBP,3255.67,Amazon,GB,2026-09-12T08:42:28Z,B0CZVL353R,,,,,2026-07-01
Samsung,"Samsung Smart TV 43-Inch M70H Mini LED 4K, HDR 10+, Motion Xcelerator, Dynamic Sound Pack, Gaming Hub, Pure Spectrum Color, Knox Security, Voice Control with AI (VAC) [2026]",https://www.amazon.co.uk/dp/B0GYZ87RL7,43.0,405.94,349.0,GBP,405.94,Amazon,GB,2026-09-12T08:42:28Z,B0GYZ87RL7,,,,,2026-07-01
LG,"LG QNED MiniLED AI QNED70 85 inch 4K Smart TV - 85QNED70B6A (α7 AI Processor 4K Gen9, 60Hz, HDR10, FILMMAKER MODE™, Google Cast, Apple AirPlay 2) [Model year 2026]",https://www.amazon.co.uk/dp/B0GTB1482P,85.0,1627.26,1399.0,GBP,1627.26,Amazon,GB,2026-09-12T08:42:28Z,B0GTB1482P,,,,,2026-07-01
TCL,Smart TV TCL 43P6K 43 Inch 4K Ultra HD LED HDR D-LED,https://www.amazon.co.uk/dp/B0F7RT3L5D,43.0,460.91,396.26,GBP,460.91,Amazon,GB,2026-09-12T08:42:28Z,B0F7RT3L5D,,,,,2026-07-01
Hisense,"Hisense 50A5S - 50"" Full HD LED TV, Smart TV VIDAA U7.6, USB-C Port (Mobile to TV), Dolby Audio & DTS HD, Bluetooth, WiFi, Black",https://www.amazon.co.uk/dp/B0GJ5TLQHW,50.0,,,,,Amazon,GB,2026-09-12T08:42:28Z,B0GJ5TLQHW,,,,,
Sony,"Sony BRAVIA 8 OLED, K77XR80, 77"" TV BRAVIA Theatre Bar 9 – Dolby Atmos Single Soundbar",https://www.amazon.co.uk/dp/B0DDXDDM5V,77.0,4417.67,3798.0,GBP,4417.67,Amazon,GB,2026-09-12T08:42:28Z,B0DDXDDM5V,,,,,2026-07-01
Samsung,"Samsung Smart TV 65-Inch Mini LED M70H 4K, UHD TV, Mini LED HDR, Motion Xcelerator 144Hz, Dynamic Sound Pack, AI Companion for questions [2026]",https://www.amazon.co.uk/dp/B0GYZP78W9,65.0,719.99,619.0,GBP,719.99,Amazon,GB,2026-09-12T08:42:28Z,B0GYZP78W9,,,,,2026-07-01
TCL,"TCL 50-Inch P6K LED 4K UHD HDR Smart TV |Google TV, 60Hz, HDR 10, AiPQ Processor, Dolby Audio, MEMC, HDMI 2.1, Bluetooth 5.2, WiFi 5, Bezel-less Design, (50P6K - 2025 Model)",https://www.amazon.co.uk/dp/B0F7RSYNY9,50.0,,,,,Amazon,GB,2026-09-12T08:42:28Z,B0F7RSYNY9,,,,,
Hisense,"TV Hisense 55E7S (2026) 55"" VA QLED 4K UHD Preta",https://www.amazon.co.uk/dp/B0GNDHW3BM,55.0,,,,,Amazon,GB,2026-09-12T08:42:28Z,B0GNDHW3BM,,,,,
Sony,"Sony BRAVIA 8 OLED, K77XR80, 77"" TV BRAVIA Theatre Quad",https://www.amazon.co.uk/dp/B0DDXMYLRL,77.0,5580.82,4798.0,GBP,5580.82,Amazon,GB,2026-09-12T08:42:28Z,B0DDXMYLRL,,,,,2026-07-01
Samsung,"Samsung Smart TV 75-Inch Mini LED M70H 4K, UHD TV, Mini LED HDR, Motion Xcelerator 144Hz, Dynamic Sound Pack, AI Companion for questions [2026]",https://www.amazon.co.uk/dp/B0GYZNMMKS,75.0,987.52,849.0,GBP,987.52,Amazon,GB,2026-09-12T08:42:28Z,B0GYZNMMKS,,,,,2026-07-01
TCL,"TCL 55P6K 55"" Direct LED TV, 4K HDR TV, Smart TV with Google TV Technology (Dolby Audio, Motion Clarity, Compatible with Google Assistant and Alexa)",https://www.amazon.co.uk/dp/B0F7RVDMKF,55.0,,,,,Amazon,GB,2026-09-12T08:42:28Z,B0F7RVDMKF,,,,,
Hisense,"Hisense 85E7S QLED Smart TV, 85 Inches, Hi-QLED Colour, Dolby Vision.Atmos, IA 4K, Smooth Motion IA, Game Mode Plus, Dolby Vision IQ, HDR10 + Adaptive",https://www.amazon.co.uk/dp/B0GNCGYDGJ,85.0,,,,,Amazon,GB,2026-09-12T08:42:28Z,B0GNCGYDGJ,,,,,
Sony,"Sony BRAVIA 8 OLED, K77XR80, 77"" TV BRAVIA Theatre Bar 8 – Dolby Atmos Single Soundbar",https://www.amazon.co.uk/dp/B0DDX8PHB9,77.0,,,,,Amazon,GB,2026-09-12T08:42:28Z,B0DDX8PHB9,,,,,
Samsung,"Samsung Smart TV 48 Inch S90H OLED 4K, Glare-Free, HDR10+, Motion Xcelerator 165Hz, Dolby Atmos & OTS Lite, Gaming Hub, FreeSync Premium Pro, Knox Security, AI Voice Control, Alexa Built-in [2026]",https://www.amazon.co.uk/dp/B0GYYXSMD3,48.0,1394.62,1199.0,GBP,1394.62,Amazon,GB,2026-09-12T08:42:28Z,B0GYYXSMD3,,,,,2026-07-01
LG,"LG NANO 4K UHD AI NU85 85-inch 4K Smart TV - 85NU850B6LA (α7 AI Processor 4K Gen9, 60Hz, HDR10, FILMMAKER MODE™, Google Cast, Apple AirPlay 2) [Model year 2026]",https://www.amazon.co.uk/dp/B0GT9TL99M,85.0,1278.31,1099.0,GBP,1278.31,Amazon,GB,2026-09-12T08:42:28Z,B0GT9TL99M,,,,,2026-07-01
TCL,"TCL 65P6K 65"" LED Direct TV 4K HDR TV Smart TV with Google TV Technology (Dolby Audio, Motion Clarity, Google Assistant and Alexa Compatible)",https://www.amazon.co.uk/dp/B0F74855ZF,65.0,,,,,Amazon,GB,2026-09-12T08:42:28Z,B0F74855ZF,,,,,
Hisense,"Hisense 50E8S 50 Inch Mini LED Smart TV, Hi-QLED MiniLED, 144Hz Native Gaming Mode, Built-in Subwoofer, Hi-View AI Engine, Total HDR Solution, Filmmaker Mode, Hands-Free Control",https://www.amazon.co.uk/dp/B0GQDSSGNB,50.0,922.55,793.14,GBP,922.55,Amazon,GB,2026-09-12T08:42:28Z,B0GQDSSGNB,,,,,2026-07-01
Sony,"Sony BRAVIA 8 OLED, K77XR80, 77 Inch BRAVIA Theatre U",https://www.amazon.co.uk/dp/B0DMWP7CVS,77.0,3452.25,2968.0,GBP,3452.25,Amazon,GB,2026-09-12T08:42:28Z,B0DMWP7CVS,,,,,2026-07-01
Samsung,Samsung 85 Inch Crystal UHD U8020F Smart TV,https://www.amazon.co.uk/dp/B0F6VFTBDF,85.0,,,,,Amazon,GB,2026-09-12T08:42:28Z,B0F6VFTBDF,,,,,
Samsung,Samsung 50 Inch Crystal UHD U8020F Smart TV,https://www.amazon.co.uk/dp/B0F6VTVCW6,50.0,,,,,Amazon,GB,2026-09-12T08:42:28Z,B0F6VTVCW6,,,,,
Samsung,Samsung 65 Inch Crystal UHD U8020F Smart TV,https://www.amazon.co.uk/dp/B0F6VQS959,65.0,,,,,Amazon,GB,2026-09-12T08:42:28Z,B0F6VQS959,,,,,
Hisense,"Hisense 40 Inch 40A4N Smart TV - Full HD 60Hz, Sport AI Mode, Dolby Audio, VIDAA OS with YouTube, Netflix, Channel +",https://www.amazon.co.uk/dp/B0CZX3GM3F,40.0,,,,,Amazon,GB,2026-09-12T08:42:28Z,B0CZX3GM3F,,,,,
Hisense,"Hisense 75A7Q QLED Smart TV, 190 cm (75 inches), Gentle Movements IA, Dolby Vision, Dolby Atmos, Built-in Subwoofer, Game Mode Plus, Sports Mode, Bluetooth & HDMI 2.1, Voice Control Alexa",https://www.amazon.co.uk/dp/B0F2T44B26,75.0,,,,,Amazon,GB,2026-09-12T08:42:28Z,B0F2T44B26,,,,,
Hisense,"Hisense 100U8Q Mini LED Pro Smart TV, 100 Inches, Hi-View IA PRO, 4.1.2 Multi-Sound, Ultra 165 Hz Gaming Mode, Anti-Glare Pro, Full Array Local Dimming, Dolby Vision IQ, Dolby Atmos",https://www.amazon.co.uk/dp/B0FFSRNCBF,100.0,4968.47,4271.54,GBP,4968.47,Amazon,GB,2026-09-12T08:42:28Z,B0FFSRNCBF,,,,,2026-07-01
Philips,"Philips Ambilight 65PUS8200 4K LED Smart TV - 65 Inch Display with Pixel Precise, Ultra HD, Titan OS Platform and Dolby Atmos Sound, Works with Alexa and Google Voice Assistant",https://www.amazon.co.uk/dp/B0F24WL1VF,65.0,615.31,529.0,GBP,615.31,Amazon,GB,2026-09-12T08:42:28Z,B0F24WL1VF,,,,,2026-07-01
Toshiba,"Toshiba 50”UV1563DB 4K Smart VIDAA TV, Ultra HD, HDR10, Freely, Disney+, Prime Video, Netflix, Dolby Audio Processing and Vision, Works with Alexa and Google Assistant, VIDAA Voice 2025",https://www.amazon.co.uk/dp/B0FQNJF6W1,50.0,,,,,Amazon,GB,2026-09-12T08:42:28Z,B0FQNJF6W1,,,,,
Toshiba,"Toshiba 55”UV1563DB 4K Smart VIDAA TV, Ultra HD,Dolby Vision, HDR10, Freely, Disney+, Prime Video, Netflix, Dolby Audio Processing, Works with Alexa, Works with Google Assistant, VIDAA Voice 2025",https://www.amazon.co.uk/dp/B0FQNL6YMM,55.0,,,,,Amazon,GB,2026-09-12T08:42:28Z,B0FQNL6YMM,,,,,
Toshiba,"Toshiba 65"" UV1563DB 4K Smart VIDAA TV, Ultra HD, Dolby Vision, HDR10, Freely, Disney+, Prime Video, Netflix, Audio Processing, Alexa & Google Assistant, VIDAA Voice 2025",https://www.amazon.co.uk/dp/B0FQNL8ZCD,65.0,,,,,Amazon,GB,2026-09-12T08:42:28Z,B0FQNL8ZCD,,,,,
Xiaomi,"XIAOMI TV F 43 2026, 43 Inch (109 cm), 4K UHD, Smart TV, Fire TV, HDR10",https://www.amazon.co.uk/dp/B0H457B86V,43.0,347.78,299.0,GBP,347.78,Amazon,GB,2026-09-12T08:42:28Z,B0H457B86V,,,,,2026-07-01
Xiaomi,"XIAOMI TV 55 inch (109 cm), HD Smart TV Fire TV Dolby Audio L55MB-FAVEU",https://www.amazon.co.uk/dp/B0H45HMJY4,55.0,487.36,419.0,GBP,487.36,Amazon,GB,2026-09-12T08:42:28Z,B0H45HMJY4,,,,,2026-07-01
Xiaomi,"XIAOMI TV F 65, 65 Inch (165 cm) 4K UHD, Smart TV, Fire TV, HDR10, MEMC",https://www.amazon.co.uk/dp/B0FCYCDY13,65.0,464.1,399.0,GBP,464.1,Amazon,GB,2026-09-12T08:42:28Z,B0FCYCDY13,,,,,2026-07-01
Xiaomi,"XIAOMI TV F 50, 50 Inch 4K UHD, Smart TV, Fire TV, HDR10, MEMC",https://www.amazon.co.uk/dp/B0FCY3CP28,50.0,,,,,Amazon,GB,2026-09-12T08:42:28Z,B0FCY3CP28,,,,,
Samsung,"Samsung Smart TV 85-Inch Mini LED M70H 4K, UHD TV, Mini LED HDR, Motion Xcelerator 144Hz, Dynamic Sound Pack, AI Companion for questions [2026]",https://www.amazon.co.uk/dp/B0GYZM1DLJ,85.0,,,,,Amazon,GB,2026-09-12T08:42:28Z,B0GYZM1DLJ,,,,,
LG,"LG 75QNED80A6A 75-Inch 4K UHD Smart TV, (α7 AI Processor, Freeview Play and Amazon Alexa, 60Hz) [Model 2025]",https://www.amazon.co.uk/dp/B0F14VKMMN,75.0,1394.62,1199.0,GBP,1394.62,Amazon,GB,2026-09-12T08:42:28Z,B0F14VKMMN,,,,,2026-07-01
TCL,TCL 40SF540K 40-inch FHD Smart Television - HDR & HLG-Dolby Audio-DTS Virtual X/DTS-HD-Metal Bezel-less-Dual-band Wifi 5-with Fire OS 7 system,https://www.amazon.co.uk/dp/B0CFM8SSS5,40.0,,,,,Amazon,GB,2026-09-12T08:42:28Z,B0CFM8SSS5,,,,,
TCL,"TCL 50C6K-UK 50 Inch QD-Mini LED TV, 4K HDR Premium 1000nits, Smart TV Powered by Google TV (Dolby Vision IQ & Atmos, 144Hz Motion Clarity Pro)",https://www.amazon.co.uk/dp/B0H7BGSVPB,50.0,,,,,Amazon,GB,2026-09-12T08:42:28Z,B0H7BGSVPB,,,,,
TCL,"TCL 85C6K-UK 85Inch QD-Mini LED TV, 4K HDR Premium, Smart TV Powered by Google TV (Dolby Vision IQ & Atmos, Matte HVA Panel, Onkyo 2.1 Sound System, 144Hz Motion Clarity Pro)",https://www.amazon.co.uk/dp/B0HHFTDNB4,85.0,1286.45,1106.0,GBP,1286.45,Amazon,GB,2026-09-12T08:42:28Z,B0HHFTDNB4,,,,,2026-07-01
TCL,"TCL 98C6K-UK 98Inch QD-Mini LED TV, 4K HDR Premium, Smart TV Powered by Google TV (Dolby Vision IQ & Atmos, Matte HVA Panel, Onkyo 2.1 Sound System, 144Hz Motion Clarity Pro)",https://www.amazon.co.uk/dp/B0G6JZ7JFK,98.0,2325.15,1999.0,GBP,2325.15,Amazon,GB,2026-09-12T08:42:28Z,B0G6JZ7JFK,,,,,2026-07-01
Hisense,"Hisense 85U7NQ 215 cm (85 Inch) TV, 4K Mini LED ULED HDR Smart TV, Quantum Dot, 120Hz/ 144Hz VRR, HDMI 2.1, Game Mode Pro, Dolby Vision IQ & Atmos, Bluetooth, Alexa Built-in, Anthracite, [2024]",https://www.amazon.co.uk/dp/B0D7CWPC5W,85.0,2477.28,2129.79,GBP,2477.28,Amazon,GB,2026-09-12T08:42:28Z,B0D7CWPC5W,,,,,2026-07-01
Hisense,"Hisense 50U7Q TV 50 Inches, 4K Mini LED ULED, Smart TV, Hi-View AI Engine, 144Hz Game Mode Pro, FreeSync Premium, Built in Subwoofer, Dolby Vision IQ Atmos, Airplay, Voice Control [2025]",https://www.amazon.co.uk/dp/B0F32KTJK8,50.0,,,,,Amazon,GB,2026-09-12T08:42:28Z,B0F32KTJK8,,,,,
Toshiba,"Toshiba UF3F 55 Inch Fire 4K HDR TV, TRU Picture Engine, HDR10, Dolby Vision & Atmos, Sound by Onkyo, DTS Virtual X, Alexa Voice Remote",https://www.amazon.co.uk/dp/B0DCBYF2QN,55.0,396.89,341.22,GBP,396.89,Amazon,GB,2026-09-12T08:42:28Z,B0DCBYF2QN,,,,,2026-07-01
Xiaomi,"XIAOMI TV F Pro 50, 50 Inch (127 cm) 4K QLED Smart TV, Fire TV, HDR10",https://www.amazon.co.uk/dp/B0FCXVBZFT,50.0,382.68,329.0,GBP,382.68,Amazon,GB,2026-09-12T08:42:28Z,B0FCXVBZFT,,,,,2026-07-01
Xiaomi,"XIAOMI TV F Pro 55, 55 Inch (140 cm) 4K QLED Smart TV, Fire TV, HDR10+",https://www.amazon.co.uk/dp/B0FCXF1WKX,55.0,394.31,339.0,GBP,394.31,Amazon,GB,2026-09-12T08:42:28Z,B0FCXF1WKX,,,,,2026-07-01
Xiaomi,"XIAOMI TV F Pro 65, 65 Inch (165 cm) 4K QLED Smart TV, Fire TV, HDR10+",https://www.amazon.co.uk/dp/B0FCXTSCP9,65.0,522.26,449.0,GBP,522.26,Amazon,GB,2026-09-12T08:42:28Z,B0FCXTSCP9,,,,,2026-07-01
Xiaomi,"XIAOMI TV F Pro 75 2026, 75 Inch (190 cm), 4K UHD QLED, Smart TV, Fire TV",https://www.amazon.co.uk/dp/B0H44YRKNM,75.0,1103.83,949.0,GBP,1103.83,Amazon,GB,2026-09-12T08:42:28Z,B0H44YRKNM,,,,,2026-07-01
LG,"LG OLED83C54LA 83-Inch OLEDevo 4K UHD Smart TV, (α9 AI Processor Gen7, Dolby Atmos, Freeview Play and Amazon Alexa, 120Hz) [Model 2025]",https://www.amazon.co.uk/dp/B0F3CZ77GD,83.0,,,,,Amazon,GB,2026-09-12T08:42:28Z,B0F3CZ77GD,,,,,
LG,"LG OLED42C55LA 42-Inch OLEDevo 4K UHD Smart TV, (α9 AI Processor Gen7, Dolby Atmos, Freeview Play and Amazon Alexa, 120Hz) [Model 2025]",https://www.amazon.co.uk/dp/B0F14943MR,42.0,,,,,Amazon,GB,2026-09-12T08:42:28Z,B0F14943MR,,,,,
LG,"LG OLED77C55LA 77-Inch OLEDevo 4K UHD Smart TV, (α9 AI Processor Gen7, Dolby Atmos, Freeview Play and Amazon Alexa, 120Hz) [Model 2025]",https://www.amazon.co.uk/dp/B0F148V3DG,77.0,,,,,Amazon,GB,2026-09-12T08:42:28Z,B0F148V3DG,,,,,
Hisense,Hisense 65 Inch 65E6QTUK 4K Ultra HD Smart AI TV,https://www.amazon.co.uk/dp/B0F7WJYSN6,65.0,,,,,Amazon,GB,2026-09-12T08:42:28Z,B0F7WJYSN6,,,,,
Hisense,Hisense 43 Inch 43A6QTUK 4K Ultra HD Smart AI TV,https://www.amazon.co.uk/dp/B0F7WPP5YQ,43.0,,,,,Amazon,GB,2026-09-12T08:42:28Z,B0F7WPP5YQ,,,,,
Hisense,"Hisense 43 Inch 4K Smart TV 43E6NTUK - Dolby Vision, Game Mode PLUS with 60Hz VRR ALLM, Smooth Motion, AI Sports Mode, Vidaa OS with Freely, Youtube, Netflix and Disney+ & Now TV (2024 Model)",https://www.amazon.co.uk/dp/B0CYZWM1GJ,43.0,,,,,Amazon,GB,2026-09-12T08:42:28Z,B0CYZWM1GJ,,,,,
Samsung,"Samsung 77"" S90F, NQ4 AI Gen3 Processor, 4K AI Upscaling Pro, OLED HDR+, Motion Xcelerator 144Hz, Samsung Vision AI, 2025",https://www.amazon.co.uk/dp/B0F6VHHS4R,77.0,2356.55,2026.0,GBP,2356.55,Amazon,GB,2026-09-12T08:42:28Z,B0F6VHHS4R,,,,,2026-07-01
Samsung,"Samsung 83"" S90F, NQ4 AI Gen3 Processor, 4K AI Upscaling Pro, OLED HDR+, Motion Xcelerator 144Hz, Samsung Vision AI, 2025",https://www.amazon.co.uk/dp/B0F6TQFXQL,83.0,3140.52,2700.0,GBP,3140.52,Amazon,GB,2026-09-12T08:42:28Z,B0F6TQFXQL,,,,,2026-07-01
Samsung,"Samsung 55"" S90F, NQ4 AI Gen3 Processor, 4K AI Upscaling Pro, OLED HDR+, Motion Xcelerator 144Hz, Samsung Vision AI, 2025",https://www.amazon.co.uk/dp/B0F6VNBGQC,55.0,,,,,Amazon,GB,2026-09-12T08:42:28Z,B0F6VNBGQC,,,,,
Samsung,"Samsung 42"" S90F, NQ4 AI Gen3 Processor, 4K AI Upscaling Pro, OLED HDR+, Motion Xcelerator 144Hz, Samsung Vision AI, 2025",https://www.amazon.co.uk/dp/B0F6TQC9SX,42.0,,,,,Amazon,GB,2026-09-12T08:42:28Z,B0F6TQC9SX,,,,,
Samsung,"Samsung 48"" S90F, NQ4 AI Gen3 Processor, 4K AI Upscaling Pro, OLED HDR+, Motion Xcelerator 144Hz, Samsung Vision AI, 2025",https://www.amazon.co.uk/dp/B0F6VKBXHR,48.0,,,,,Amazon,GB,2026-09-12T08:42:28Z,B0F6VKBXHR,,,,,
Samsung,"Samsung 65"" S85F, NQ4 AI Gen2 Processor, 4K AI Upscaling, OLED HDR, PANTONE Validated, Samsung Vision AI, 2025",https://www.amazon.co.uk/dp/B0DFVF5LFQ,65.0,,,,,Amazon,GB,2026-09-12T08:42:28Z,B0DFVF5LFQ,,,,,
Hisense,"Hisense 85"" 85E7QTUK QLED Smart AI TV - 4K Direct Lit Viewing, Quantum Dot Colour, Hi-View AI Engine, Dolby Vision, Dolby Atmos with Freely, Disney +, YouTube, Netflix",https://www.amazon.co.uk/dp/B0F7WHNQSG,85.0,,,,,Amazon,GB,2026-09-12T08:42:28Z,B0F7WHNQSG,,,,,
Xiaomi,"XIAOMI TV FX Mini LED 43 inch（101cm, QD-Mini LED Smart TV, 4K UHD, Fire TV, HDR10+, MEMC, DTS:X, Airplay 2, HDMI, Filmmaker Mode, Voice Control with Alexa",https://www.amazon.co.uk/dp/B0H73JYM5X,43.0,405.94,349.0,GBP,405.94,Amazon,GB,2026-09-12T08:42:28Z,B0H73JYM5X,,,,,2026-07-01
Xiaomi,"XIAOMI TV FX Mini LED 65 inch（165cm, QD-Mini LED Smart TV, 4K UHD, Fire TV, HDR10+, 60Hz with 120Hz Game Boost Mode, MEMC, DTS:X, Airplay 2, HDMI, Filmmaker Mode, Voice Control with Alexa",https://www.amazon.co.uk/dp/B0H73RLM7H,65.0,730.54,628.07,GBP,730.54,Amazon,GB,2026-09-12T08:42:28Z,B0H73RLM7H,,,,,2026-07-01
Xiaomi,"XIAOMI TV FX Mini LED 75 inch（190cm, QD-Mini LED Smart TV, 4K UHD, Fire TV, HDR10+, 60Hz with 120Hz Game Boost Mode, MEMC, DTS:X, Airplay 2, HDMI, Filmmaker Mode, Voice Control with Alexa",https://www.amazon.co.uk/dp/B0H73P45CC,75.0,987.52,849.0,GBP,987.52,Amazon,GB,2026-09-12T08:42:28Z,B0H73P45CC,,,,,2026-07-01
Samsung,"Samsung 50"" Q8F, Q4 Ai Processor, Quantum HDR+, Motion Xcelerator, Air Slim Design, Samsung Vision AI, 2025",https://www.amazon.co.uk/dp/B0F6VQZGRM,50.0,,,,,Amazon,GB,2026-09-12T08:42:28Z,B0F6VQZGRM,,,,,
Samsung,"Samsung 55"" Q8F, Q4 Ai Processor, Quantum HDR+, Motion Xcelerator, Air Slim Design, Samsung Vision AI, 2025",https://www.amazon.co.uk/dp/B0F6VY345Y,55.0,,,,,Amazon,GB,2026-09-12T08:42:28Z,B0F6VY345Y,,,,,
Samsung,"Samsung 75"" Q8F, Q4 Ai Processor, Quantum HDR+, Motion Xcelerator, Air Slim Design, Samsung Vision AI, 2025",https://www.amazon.co.uk/dp/B0F6VQFWJ7,75.0,,,,,Amazon,GB,2026-09-12T08:42:28Z,B0F6VQFWJ7,,,,,
LG,"LG 55QNED92A6A 55-Inch 4K UHD Smart TV, (α8 AI Processor, Freeview Play and Amazon Alexa, 120Hz) [Model 2025]",https://www.amazon.co.uk/dp/B0F5BSXGYG,55.0,,,,,Amazon,GB,2026-09-12T08:42:28Z,B0F5BSXGYG,,,,,
LG,"LG 100QNED86A6A 100-Inch 4K UHD Smart TV, (α8 AI Processor, Freeview Play and Amazon Alexa, 120Hz) [Model 2025]",https://www.amazon.co.uk/dp/B0F154TBQ4,100.0,,,,,Amazon,GB,2026-09-12T08:42:28Z,B0F154TBQ4,,,,,
TCL,TCL 65T8C-UK 65 Inch 4K 144Hz Gaming QLED Onkyo 2.1 Dolby Atmos Google TV with Dolby Vision & HDR 10+ BBC iPlayer (2025 Model),https://www.amazon.co.uk/dp/B0DT4DBJS5,65.0,,,,,Amazon,GB,2026-09-12T08:42:28Z,B0DT4DBJS5,,,,,
Hisense,Hisense 32 Inch 32A4QTUK FHD LED TV with Freely,https://www.amazon.co.uk/dp/B0F7WHLF6M,32.0,173.31,149.0,GBP,173.31,Amazon,GB,2026-09-12T08:42:28Z,B0F7WHLF6M,,,,,2026-07-01
Hisense,"Hisense 40 Inch Smart TV 40A4NTUK - FHD Resolution, Natural Colour Enhancer, DTS Virtual:X & Dolby Audio, AI Sports Mode, VIDAA OS with Youtube, Netflix and Disney+ and Freeview Play (2024 Model)",https://www.amazon.co.uk/dp/B0CYCGW31V,40.0,407.09,349.99,GBP,407.09,Amazon,GB,2026-09-12T08:42:28Z,B0CYCGW31V,,,,,2026-07-01
Samsung,"Samsung 75"" 4K QN70F, NQ4 AI Gen2 Processor, 4K AI Upscaling, Quantum Matrix Technology Slim, OTS Lite, Samsung Vision AI, 2025",https://www.amazon.co.uk/dp/B0DF8VVKXW,75.0,1278.31,1099.0,GBP,1278.31,Amazon,GB,2026-09-12T08:42:28Z,B0DF8VVKXW,,,,,2026-07-01
Samsung,"Samsung 85"" 4K QN70F, NQ4 AI Gen2 Processor, 4K AI Upscaling, Quantum Matrix Technology Slim, OTS Lite, Samsung Vision AI, 2025",https://www.amazon.co.uk/dp/B0DF8WWNKF,85.0,1685.41,1449.0,GBP,1685.41,Amazon,GB,2026-09-12T08:42:28Z,B0DF8WWNKF,,,,,2026-07-01
