brand_raw,raw_text,url,size_hint_inch,price_hint_eur,price_local,currency,price_eur,platform,country,scraped_at,asin,elkjop_sku,model_year,filter_year,source_brand,fx_rate_date
Samsung,"Samsung Crystal UHD U8079F 4K 50 Zoll (125 cm) LED Fernseher, Crystal Prozessor 4K, MetalStream Design, SmartThings, AI Upscaling, Gaming Hub, Knox Security, Kostenlose Inhalte, Smart TV",https://www.amazon.de/dp/B0F62WYBXV,50.0,349.0,349.0,EUR,349.0,Amazon,DE,2026-09-08T08:58:37Z,B0F62WYBXV,,,,,
Samsung,"Samsung QLED 4K Q7FA 43 Zoll (108 cm) UHD Fernseher, Q4 AI Prozessor, Quantum Dot, Upscaling, Gaming Hub, Knox Security, Smart TV, 2025",https://www.amazon.de/dp/B0F5BXDVK2,43.0,349.0,349.0,EUR,349.0,Amazon,DE,2026-09-08T08:58:37Z,B0F5BXDVK2,,,,,
Samsung,"Samsung Neo QLED 4K QN70F 55 Zoll (138 cm) Mini LED Fernseher, Optimiert für Fussball, NQ4 AI Gen2 Prozessor, Quantum Matrix Technology Slim, Motion Xcelerator, Samsung Vision AI Smart TV",https://www.amazon.de/dp/B0DF6PGDMT,55.0,529.0,529.0,EUR,529.0,Amazon,DE,2026-09-08T08:58:37Z,B0DF6PGDMT,,,,,
Samsung,"Samsung QLED Q7F2 4K 65 Zoll (163 cm) UHD, Q4 AI Prozessor, Quantum Dot, Upscaling, Knox Security, Gaming Hub, Smart TV, 2025",https://www.amazon.de/dp/B0F62RTCZP,65.0,499.0,499.0,EUR,499.0,Amazon,DE,2026-09-08T08:58:37Z,B0F62RTCZP,,,,,
Samsung,"Samsung Crystal UHD U8079F 43 Zoll (108 cm) LED, MetalStream Design, SmartThings, AI Upscaling, Gaming Hub, Knox Security, Smart TV, 2025",https://www.amazon.de/dp/B0F7LG4F8P,43.0,319.99,319.99,EUR,319.99,Amazon,DE,2026-09-08T08:58:37Z,B0F7LG4F8P,,,,,
Samsung,"Samsung Mini LED M70H 4K 50 Zoll (125 cm) UHD Fernseher, Mini LED Prozessor 4K, AI Companion für Fragen, Pure Spectrum Color, Dynamic SoundPack, MetalStream Design, Gaming Hub, Knox Security, Smart TV",https://www.amazon.de/dp/B0H33D2SFV,50.0,369.97,369.97,EUR,369.97,Amazon,DE,2026-09-08T08:58:37Z,B0H33D2SFV,,,,,
Samsung,"Samsung Full HD F6009F 32 Zoll (81 cm) LED Flachbildfernseher, PurColor-Technologie, HDR, Object Tracking Sound Lite, Knox Security, One UI Tizen, Smart TV, Unbegrenzt kostenlose Inhalte",https://www.amazon.de/dp/B0DFVXK726,32.0,279.99,279.99,EUR,279.99,Amazon,DE,2026-09-08T08:58:37Z,B0DFVXK726,,,,,
Samsung,"Samsung QLED Q7F 4K Smart TV 43 Zoll (108 cm) mit AI-Vision, 100% Farbvolumen mit Quantum Dot, HDR10+, Q4 AI Prozessor, One UI Tizen, Wi-Fi, Bluetooth 5.3 und Motion Xcelerator",https://www.amazon.de/dp/B0FFSRHM9L,43.0,323.24,323.24,EUR,323.24,Amazon,DE,2026-09-08T08:58:37Z,B0FFSRHM9L,,,,,
Samsung,"Samsung Neo QLED 4K QN85F 65 Zoll (163 cm) Mini LED Fernseher, Optimiert für Fussball, NQ4 AI Gen2 Prozessor, Quantum Matrix Plus, Dolby Atmos, Knox Security, Samsung Vision AI Smart TV",https://www.amazon.de/dp/B0DFVGG5PZ,65.0,799.0,799.0,EUR,799.0,Amazon,DE,2026-09-08T08:58:37Z,B0DFVGG5PZ,,,,,
Samsung,"Samsung Crystal UHD U8079F 4K 55 Zoll (138 cm) LED Fernseher, Crystal Prozessor 4K, MetalStream Design, SmartThings, AI Upscaling, Gaming Hub, Knox Security, Kostenlose Inhalte, Smart TV",https://www.amazon.de/dp/B0F62VWJX3,55.0,379.0,379.0,EUR,379.0,Amazon,DE,2026-09-08T08:58:37Z,B0F62VWJX3,,,,,
Samsung,"Samsung UE43DU8072UXXH Crystal UHD Smart TV 109,2 cm (43"""")",https://www.amazon.de/dp/B0D5D33WRZ,43.0,262.95,262.95,EUR,262.95,Amazon,DE,2026-09-08T08:58:37Z,B0D5D33WRZ,,,,,
Samsung,"Samsung TV 24"" LED FHD 4K SmartTV TU24F6005FKXXC [Länderversion Französisch, Spanisch, Portugiesisch]...[Länderversion Französisch, Spanisch, Portugiesisch]",https://www.amazon.de/dp/B0F22BB8VV,24.0,181.69,181.69,EUR,181.69,Amazon,DE,2026-09-08T08:58:37Z,B0F22BB8VV,,,,,
Samsung,"Samsung QLED Q8F 4K 55 Zoll (138 cm) UHD Fernseher, Q4 AI Prozessor, Quantum Dot für Reale Farben, AirSlim Design, 4K Upscaling, Gaming Hub, Kostenlose Inhalte, Samsung Vision AI Smart TV",https://www.amazon.de/dp/B0FCX5NT4S,55.0,539.99,539.99,EUR,539.99,Amazon,DE,2026-09-08T08:58:37Z,B0FCX5NT4S,,,,,
Samsung,"Samsung Mini LED M70H 4K 43 Zoll (108 cm), UHD Fernseher, Mini LED HDR für beeindruckende Details, Motion Xcelerator 144Hz, Dynamik Sound Pack, AI Companion für Fragen, kostenlos 900 Sender, Smart TV",https://www.amazon.de/dp/B0GXZPJ971,43.0,359.0,359.0,EUR,359.0,Amazon,DE,2026-09-08T08:58:37Z,B0GXZPJ971,,,,,
Samsung,"Samsung Neo QLED 4K QN90F 50 Zoll (125 cm) Mini LED Fernseher, Antireflexion, NQ4 AI Gen3 Prozessor, Neo Quantum HDR, 4K Upscaling Pro, Dolby Atmos, Knox Security, Samsung Vision AI Smart TV",https://www.amazon.de/dp/B0DFVHCWC1,50.0,699.99,699.99,EUR,699.99,Amazon,DE,2026-09-08T08:58:37Z,B0DFVHCWC1,,,,,
Samsung,"Samsung Crystal UHD DU7170 43 Zoll Fernseher, 109 cm (43DU7170), PurColor, Crystal Prozessor 4K, Q-Symphony, Smart TV [2024]",https://www.amazon.de/dp/B0D5RHK9TS,43.0,289.48,289.48,EUR,289.48,Amazon,DE,2026-09-08T08:58:37Z,B0D5RHK9TS,,,,,
Samsung,"Samsung OLED 4K S90F 55 Zoll (138 cm), UHD Fernseher, Optimiert für Fussball und Gaming, NQ4 AI Gen3 Prozessor, OLED HDR+, 4K Upscaling Pro, Dolby Atmos, Motion Xcelerator, Samsung Vision AI Smart TV",https://www.amazon.de/dp/B0F62WB7N6,55.0,999.99,999.99,EUR,999.99,Amazon,DE,2026-09-08T08:58:37Z,B0F62WB7N6,,,,,
Samsung,"Samsung QLED Q8F 4K 65 Zoll (163 cm) UHD, Q4 AI Prozessor, Quantum Dot, AirSlim Design, Upscaling, Gaming Hub, Smart TV, 2025",https://www.amazon.de/dp/B0FCXFKMPZ,65.0,,,,,Amazon,DE,2026-09-08T08:58:37Z,B0FCXFKMPZ,,,,,
Samsung,"Samsung Crystal UHD 4K U80F 50 Zoll (125 cm) LED Fernseher, Crystal Prozessor 4K, MetalStream Design, SmartThings, Knox Security, Gaming Hub, AI Upscaling, Koste... [Ungarische Version]",https://www.amazon.de/dp/B0FMF8VJB1,50.0,325.91,325.91,EUR,325.91,Amazon,DE,2026-09-08T08:58:37Z,B0FMF8VJB1,,,,,
Samsung,"SAMSUNG TV 50 Zoll QLED 50Q7F 4K Smart TV mit AI-Vision, 100% Farbvolumen mit Quantum Dots, authentischem Quantum Dot und Motion Xcelerator [Länderversion Spanisch]",https://www.amazon.de/dp/B0F9Q7MC87,50.0,345.3,345.3,EUR,345.3,Amazon,DE,2026-09-08T08:58:37Z,B0F9Q7MC87,,,,,
Samsung,"Samsung QLED Q7F4 4K 55 Zoll UHD Fernseher, Q4 AI Prozessor, Quantum Dot Für Reale Farben, Upscaling, Knox Security, Adaptive Sound, Samsung Vision Smart TV, 55Q7F (2025), 140 Cm",https://www.amazon.de/dp/B0FFB57833,55.0,389.44,389.44,EUR,389.44,Amazon,DE,2026-09-08T08:58:37Z,B0FFB57833,,,,,
Samsung,"Samsung 75QN70F 75 Zoll (190 cm) 4K UHD Neo QLED AI Smart TV | NQ4 AI Gen2 Prozessor mit AI-Upscaling, Dolby Atmos Sound, Motion Xcelerator 120Hz, HDR10+ & SmartThings Smart Home.",https://www.amazon.de/dp/B0FC35H3ND,75.0,895.71,895.71,EUR,895.71,Amazon,DE,2026-09-08T08:58:37Z,B0FC35H3ND,,,,,
Samsung,"Samsung TU7199 108 cm (43 Zoll) LED Fernseher (Ultra HD, HDR 10+, Triple Tuner, Smart TV) [Modelljahr 2020]",https://www.amazon.de/dp/B0896V3YWW,43.0,276.5,276.5,EUR,276.5,Amazon,DE,2026-09-08T08:58:37Z,B0896V3YWW,,,,,
Samsung,"Samsung Crystal UHD DU7170 50 Zoll Fernseher, 127 cm (50DU7170), PurColor, Crystal Prozessor 4K, Q-Symphony, Smart TV [2024]",https://www.amazon.de/dp/B0D5DJF9QQ,50.0,337.51,337.51,EUR,337.51,Amazon,DE,2026-09-08T08:58:37Z,B0D5DJF9QQ,,,,,
Samsung,"Samsung QLED 4K Q6FA 55 Zoll (138 cm) UHD, Optimiert für Fussball, Quantum HDR, 4K Upscaling, 900 Sender TV Plus, Smart TV, 2025",https://www.amazon.de/dp/B0GJTMPY2F,55.0,,,,,Amazon,DE,2026-09-08T08:58:37Z,B0GJTMPY2F,,,,,
Samsung,"Samsung The Frame LS03F 4K QLED 65 Zoll (163 cm) UHD, NQ4 AI Gen2 Prozessor, Art Mode, Artful Picture Quality, One Connect Kabel, 2025",https://www.amazon.de/dp/B0F62T7RFM,65.0,869.63,869.63,EUR,869.63,Amazon,DE,2026-09-08T08:58:37Z,B0F62T7RFM,,,,,
Samsung,"Samsung QLED Q8F 4K 85 Zoll (214 cm) UHD, Q4 AI Prozessor, Quantum Dot, AirSlim Design, Upscaling, Gaming Hub, Vision AI Smart TV",https://www.amazon.de/dp/B0F62W9YZ5,85.0,1058.9,1058.9,EUR,1058.9,Amazon,DE,2026-09-08T08:58:37Z,B0F62W9YZ5,,,,,
Samsung,"Samsung Crystal U7099H 4K 55 Zoll (138 cm), UHD Fernseher, AI Companion für Deine Fragen, 4K Upscaling, Dynamik Sound Pack für Premium-Sounderlebnis, Gaming Hub, kostenlos 900 Sender, Smart AI TV",https://www.amazon.de/dp/B0GXZGQTGX,55.0,452.07,452.07,EUR,452.07,Amazon,DE,2026-09-08T08:58:37Z,B0GXZGQTGX,,,,,
Samsung,"Samsung Crystal UHD 4K U80F 43 Zoll (108 cm) LED Fernseher, Crystal Prozessor 4K, MetalStream Design, SmartThings, Knox Security, Gaming Hub, AI Upscaling, Kostenlos...[Länderversion Ungarisch]",https://www.amazon.de/dp/B0FLDQF3Y7,43.0,,,,,Amazon,DE,2026-09-08T08:58:37Z,B0FLDQF3Y7,,,,,
Samsung,"Samsung OLED 4K S90F 65 Zoll (165 cm), UHD Fernseher, NQ4 AI Gen3 Prozessor, OLED HDR+, 4K Upscaling Pro, Dolby Atmos, Gaming Hub, Motion Xcelerator 144Hz, Samsung V...[Länderversion Niederländisch]",https://www.amazon.de/dp/B0FP51R6WF,65.0,,,,,Amazon,DE,2026-09-08T08:58:37Z,B0FP51R6WF,,,,,
Samsung,"Samsung Crystal UHD 4K U7099F 43 Zoll (108 cm) LED, Optimiert für Fussball und Gaming, 4K Prozessor, AI Upscaling, SmartThings, Knox Security, 2025",https://www.amazon.de/dp/B0F5BR3WSK,43.0,,,,,Amazon,DE,2026-09-08T08:58:37Z,B0F5BR3WSK,,,,,
Samsung,"Samsung Neo QLED 4K QN80F 55 Zoll (138 cm) Mini LED Fernseher, NQ4 AI Gen2 Prozessor, Quantum Matrix Technology Slim, Motion Xcelerator 144Hz, AirSlim Design, Samsun...[Länderversion Ungarisch]",https://www.amazon.de/dp/B0FMY7DGWK,55.0,509.0,509.0,EUR,509.0,Amazon,DE,2026-09-08T08:58:37Z,B0FMY7DGWK,,,,,
Samsung,"Samsung Crystal UHD 4K U80F 55 Zoll (138 cm) LED Fernseher, Crystal Prozessor 4K, MetalStream Design, SmartThings, Knox Security, Gaming Hub, AI Upscaling, Kostenlos...[Länderversion Ungarisch]",https://www.amazon.de/dp/B0FLJYHB8D,55.0,401.12,401.12,EUR,401.12,Amazon,DE,2026-09-08T08:58:37Z,B0FLJYHB8D,,,,,
Samsung,"Samsung Series 7 UE43CU7092U Crystal UHD Smart TV 109,2 cm (43"""")",https://www.amazon.de/dp/B0CYTDD425,43.0,276.5,276.5,EUR,276.5,Amazon,DE,2026-09-08T08:58:37Z,B0CYTDD425,,,,,
Samsung,"Samsung Neo QLED 4K QN85F 55 Zoll (138 cm) Mini LED Fernseher, NQ4 AI Gen2 Prozessor, Quantum Matrix Plus, Neo Quantum HDR+, Dolby Atmos, Knox Security, Samsung Vision AI Smart TV",https://www.amazon.de/dp/B0DFVGXR6J,55.0,666.0,666.0,EUR,666.0,Amazon,DE,2026-09-08T08:58:37Z,B0DFVGXR6J,,,,,
Samsung,"Samsung QLED 4K Q60A TV 43 Zoll (GQ43Q60AAUXZG), Quantum HDR, Quantum Prozessor Lite 4K, 100% Farbvolumen [2021]",https://www.amazon.de/dp/B092R8T45C,43.0,399.0,399.0,EUR,399.0,Amazon,DE,2026-09-08T08:58:37Z,B092R8T45C,,,,,
Samsung,"Samsung Full HD TV 40F6000 40 Zoll (102cm) Fernseher, Smart-TV inkl WLAN, HDR 10+, Triple Tuner, UE40F6000FU [2025] [Länderversion Niederländisch]",https://www.amazon.de/dp/B0DFVWYPBF,40.0,369.0,369.0,EUR,369.0,Amazon,DE,2026-09-08T08:58:37Z,B0DFVWYPBF,,,,,
Samsung,"Samsung 32Q5F 32 Zoll (80 cm) FHD QLED AI Smart TV | Hyper Real Prozessor, Dolby Digital Plus Sound, Motion Xcelerator 60Hz, HDR & SmartThings Smart Home",https://www.amazon.de/dp/B0HFSJHDTD,32.0,339.0,339.0,EUR,339.0,Amazon,DE,2026-09-08T08:58:37Z,B0HFSJHDTD,,,,,
Samsung,Samsung Smart TV TU43DU7105 4K Ultra HD LED 43 Zoll,https://www.amazon.de/dp/B0D2LJMNXG,43.0,289.48,289.48,EUR,289.48,Amazon,DE,2026-09-08T08:58:37Z,B0D2LJMNXG,,,,,
Samsung,"Samsung 43U80H Crystal UHD 4K Smart TV, 43 Zoll (108 cm), Modelljahr 2026, Tizen OS, Gaming Hub, HDR10+, PurColor",https://www.amazon.de/dp/B0H5KBWMKK,43.0,299.0,299.0,EUR,299.0,Amazon,DE,2026-09-08T08:58:37Z,B0H5KBWMKK,,,,,
Samsung,"Samsung OLED S95H 4K 77 Zoll (195 cm), UHD Fernseher, Antireflexion mit Glare Free, OLED HDR pro, Ultimate Gaming Pack (NVIDIA G-SYNC & AMD FreeSync Pro) mit 165Hz, HDMI 2.1, Dolby Atmos, Smart AI TV",https://www.amazon.de/dp/B0GXZNVCFZ,77.0,3299.0,3299.0,EUR,3299.0,Amazon,DE,2026-09-08T08:58:37Z,B0GXZNVCFZ,,,,,
Samsung,"Samsung OLED 4K S85F 65 Zoll (163 cm) UHD Fernseher, NQ4 AI Gen2 Prozessor,4K Upscaling, OLED HDR, Farben Pantone validiert, Dolby Atmos, Gaming-Hub, Knox Security, Samsung Vision AI Smart TV",https://www.amazon.de/dp/B0DF8SM66W,65.0,1149.0,1149.0,EUR,1149.0,Amazon,DE,2026-09-08T08:58:37Z,B0DF8SM66W,,,,,
Samsung,"Samsung QLED 4K Q60D 43 Zoll Fernseher mit Quantum Prozessor Lite, 100% Farbvolumen, Upscaling, Tizen OS, Smart TV, 43Q60D [2024]",https://www.amazon.de/dp/B0D5BNFMHF,43.0,,,,,Amazon,DE,2026-09-08T08:58:37Z,B0D5BNFMHF,,,,,
Samsung,"Samsung Neo QLED QN70H 4K 43 Zoll (108 cm) Fernseher, Quantum Mini LED, Neural Quantum 4K AI Prozessor, Motion Xcelerator, Samsung Vision AI, Adaptive Sound+, Gaming Hub",https://www.amazon.de/dp/B0H3KJH64R,43.0,493.37,493.37,EUR,493.37,Amazon,DE,2026-09-08T08:58:37Z,B0H3KJH64R,,,,,
Samsung,"Samsung UE55J6200AK 139,7 cm (55 Zoll) Full HD Fernseher (1920 x 1080 Pixel, LED, Smart-TV, WLAN, Schwarz)",https://www.amazon.de/dp/B01550PZT0,55.0,300.0,300.0,EUR,300.0,Amazon,DE,2026-09-08T08:58:37Z,B01550PZT0,,,,,
Samsung,"Samsung Neo QLED 4K QN80F 75 Zoll (189 cm) Mini LED Fernseher, NQ4 AI Gen2 Prozessor, Quantum Matrix Technology Core, 4K Upscaling, Dolby Atmos, Knox Security, Samsung Vision AI Smart TV",https://www.amazon.de/dp/B0DFVN2MKN,75.0,1299.0,1299.0,EUR,1299.0,Amazon,DE,2026-09-08T08:58:37Z,B0DFVN2MKN,,,,,
Samsung,"Samsung Crystal UHD 4K DU9079 Fernseher 98 Zoll (249 cm), AI mit Gaming-Hub, Fussball-optimiertes Heimkino, Smart TV mit Alexa, Knox Security, 3D Surround Sound & Q-Symphony, KI TV",https://www.amazon.de/dp/B0CZS4X2S8,98.0,,,,,Amazon,DE,2026-09-08T08:58:37Z,B0CZS4X2S8,,,,,
Samsung,"Samsung Crystal UHD TV 4K DU7179 Fernseher 65 Zoll (163 cm), Fernseher mit PurColor, 4K Upscaling, Gaming Hub, Crystal Prozessor, Tizen OS, Smart TV, Alexa, 3D Surround Sound & Q-Symphony",https://www.amazon.de/dp/B0CZS61764,65.0,589.0,589.0,EUR,589.0,Amazon,DE,2026-09-08T08:58:37Z,B0CZS61764,,,,,
Samsung,"Samsung Mini LED M80H 4K 55 Zoll (138 cm), UHD Fernseher, Mini LED HDR für beeindruckende Details, Motion Xcelerator 144Hz, AI Fußballmodus, Dynamik Sound Pack, AI Companion für deine Fragen, Smart TV",https://www.amazon.de/dp/B0GXZHZD2Z,55.0,579.0,579.0,EUR,579.0,Amazon,DE,2026-09-08T08:58:37Z,B0GXZHZD2Z,,,,,
Samsung,"Samsung Smart TV 50 Zoll QN70H Mini LED Neo QLED 4K, Quantum Mini LED, Real QLED 100% Farbvolumen, Crystal 4K Prozessor optimiert durch KI, Motion Xcelerator, Vision AI Companion [2026]",https://www.amazon.de/dp/B0H11JV3RV,50.0,,,,,Amazon,DE,2026-09-08T08:58:37Z,B0H11JV3RV,,,,,
Samsung,"Samsung TV F6005 (2025) 27"" LED Full HD [Länderversion Französisch, Spanisch, Portugiesisch]...[Länderversion Französisch, Spanisch, Portugiesisch]",https://www.amazon.de/dp/B0F227T2DK,27.0,238.0,238.0,EUR,238.0,Amazon,DE,2026-09-08T08:58:37Z,B0F227T2DK,,,,,
Hisense,"Hisense 43E7DS Fernseher 43 Zoll, 4K UHD QLED, Smart TV, Hi View AI Engine, 60Hz Game Mode Plus, Dolby Vision IQ, QLED Colour, Filmmaker, Smooth Motion, Airplay, Sprachsteuerung, 2026",https://www.amazon.de/dp/B0GM1NJDDK,43.0,269.99,269.99,EUR,269.99,Amazon,DE,2026-09-08T08:58:37Z,B0GM1NJDDK,,,,,
Samsung,"Samsung Neo QLED 4K QN70F 65 Zoll (163 cm) Mini LED Fernseher, NQ4 AI Gen2 Prozessor, Quantum Matrix Technology Slim, Motion Xcelerator 144Hz, AirSlim Design, Samsun...[Länderversion Ungarisch]",https://www.amazon.de/dp/B0FHXPNHGR,65.0,668.54,668.54,EUR,668.54,Amazon,DE,2026-09-08T08:58:37Z,B0FHXPNHGR,,,,,
Samsung,"Samsung Neo QLED 4K QN80F Mini LED TV, NQ4 AI Gen2 Processor, Quantum Matrix Technology Slim, Motion Xcelerator 144hz, Airslim Design, 163 Cm, 65 Inch",https://www.amazon.de/dp/B0FMY8JRPW,65.0,704.78,704.78,EUR,704.78,Amazon,DE,2026-09-08T08:58:37Z,B0FMY8JRPW,,,,,
Samsung,"Samsung Neo QLED 4K QN70F 65 Zoll (165 cm) 4K Fernseher TV mit Neural Quantum AI Gen2 Prozessor, Quantum-Matrix-Technologie Slim, Upscaling, Smart TV, 65QN70F [2025]",https://www.amazon.de/dp/B0FC32BSZ1,65.0,752.92,752.92,EUR,752.92,Amazon,DE,2026-09-08T08:58:37Z,B0FC32BSZ1,,,,,
Samsung,"Samsung Neo QLED QN80H 4K 65 Zoll (163 cm), UHD Fernseher, Quantum-Mini-LED für ultrafeine Kontraste, 4K AI Upscaling, Adaptive Sound Pro, Gaming Hub, Motion Xcelerator 144Hz, AI Companion, Smart TV",https://www.amazon.de/dp/B0GXZQHTDL,65.0,1299.0,1299.0,EUR,1299.0,Amazon,DE,2026-09-08T08:58:37Z,B0GXZQHTDL,,,,,
Samsung,"Samsung TV 43 Zoll (108 cm) QLED Q7F 4K Smart TV mit AI-Vision, 100% Farbvolumen mit Quantum Dot, HDR10+, Q4 AI Prozessor, One UI Tizen, Wi-Fi, Bluetooth 5.3 und Mot...[Länderversion Ungarisch]",https://www.amazon.de/dp/B0FM3ZTMKS,43.0,323.24,323.24,EUR,323.24,Amazon,DE,2026-09-08T08:58:37Z,B0FM3ZTMKS,,,,,
Samsung,"Samsung TV 43U7022F 4K Ultra HD 43' LED HDR, Model 2025",https://www.amazon.de/dp/B0F7RL94YS,43.0,,,,,Amazon,DE,2026-09-08T08:58:37Z,B0F7RL94YS,,,,,
Samsung,"Samsung TU7079 108 cm (43 Zoll) LED Fernseher (Ultra HD, HDR 10+, Triple Tuner, Smart TV) [Modelljahr 2020]",https://www.amazon.de/dp/B085L8SQ9N,43.0,324.68,324.68,EUR,324.68,Amazon,DE,2026-09-08T08:58:37Z,B085L8SQ9N,,,,,
Samsung,Samsung UE65JS8500 163 cm (65 Zoll) Curved 4K Ultra HD 3D LED-TV,https://www.amazon.de/dp/B00VTPOET8,65.0,,,,,Amazon,DE,2026-09-08T08:58:37Z,B00VTPOET8,,,,,
Samsung,"Samsung QE32Q5FAAUXZT Smart-TV, 32 Zoll Full HD QLED DVB-T2 CI+ HbbTV Energieeffizienzklasse F",https://www.amazon.de/dp/B0H4MHNH14,32.0,321.56,321.56,EUR,321.56,Amazon,DE,2026-09-08T08:58:37Z,B0H4MHNH14,,,,,
Samsung,"Samsung TU8079 108 cm (43 Zoll) LED Fernseher (Ultra HD, HDR10+, Triple Tuner, Smart TV) [Modelljahr 2020]",https://www.amazon.de/dp/B085L2FVVK,43.0,324.68,324.68,EUR,324.68,Amazon,DE,2026-09-08T08:58:37Z,B085L2FVVK,,,,,
Samsung,"Samsung Neo QLED 4K QN90F 43 Zoll (109 cm) 4K Fernseher, TV mit Neural Quantum AI Gen3 Prozessor, Quantum-Matrix-Technologie Plus, AI Upscaling Pro, Smart TV, 43QN90F [2025]",https://www.amazon.de/dp/B0FC2FF8W6,43.0,719.0,719.0,EUR,719.0,Amazon,DE,2026-09-08T08:58:37Z,B0FC2FF8W6,,,,,
Samsung,Samsung UE43CU7190 LED-Fernseher 43 Zoll UHD,https://www.amazon.de/dp/B0BWFPXMJZ,43.0,263.52,263.52,EUR,263.52,Amazon,DE,2026-09-08T08:58:37Z,B0BWFPXMJZ,,,,,
Samsung,"Samsung QLED Q7F4 4K 50 Zoll (127 cm) UHD Fernseher, Q4 AI Prozessor, Quantum Dot für Reale Farben, 4K Upscaling, Knox Security, Adaptive Sound, Samsung Vis... [Niederländische Version]",https://www.amazon.de/dp/B0FFB4S5MB,50.0,349.2,349.2,EUR,349.2,Amazon,DE,2026-09-08T08:58:37Z,B0FFB4S5MB,,,,,
Samsung,"Samsung Neo QLED 4K QN70F 55 Zoll (138 cm) Mini LED Fernseher, NQ4 AI Gen2 Prozessor, Quantum Matrix Technology Slim, Motion Xcelerator 144Hz, AirSlim Design, Samsun...[Länderversion Ungarisch]",https://www.amazon.de/dp/B0FM8TDCTT,55.0,520.55,520.55,EUR,520.55,Amazon,DE,2026-09-08T08:58:37Z,B0FM8TDCTT,,,,,
Samsung,"Samsung Neo QLED 4K QN80F 50 Zoll (125 cm) Mini LED Fernseher, NQ4 AI Gen2 Prozessor, Quantum Matrix Technology Slim, Motion Xcelerator 144Hz, AirSlim Design, Sa... [Ungarische Version]",https://www.amazon.de/dp/B0FHXFNNCD,50.0,479.0,479.0,EUR,479.0,Amazon,DE,2026-09-08T08:58:37Z,B0FHXFNNCD,,,,,
Samsung,"Samsung QLED Q7F4 4K 75 Zoll (191 cm) UHD Fernseher, Q4 AI Prozessor, Quantum Dot für Reale Farben, 4K Upscaling, Knox Security, Adaptive Sound, Samsung Vision AI Smart TV, 75Q7F (2025)",https://www.amazon.de/dp/B0FFB5LGJ6,75.0,713.97,713.97,EUR,713.97,Amazon,DE,2026-09-08T08:58:37Z,B0FFB5LGJ6,,,,,
Samsung,Samsung QE32LS03C QLED-Fernseher 32 Zoll The Frame,https://www.amazon.de/dp/B0BWFPKGMZ,32.0,359.75,359.75,EUR,359.75,Amazon,DE,2026-09-08T08:58:37Z,B0BWFPKGMZ,,,,,
Xiaomi,"Xiaomi TV F 65 Zoll (165 cm), 4K UHD, Smart TV, Fire OS8, HDR10, L65MB-FAEU | Triple Tuner DVB-C/S/S2/T/T2, 60Hz with 120Hz Game Boost Mode, Voice Control with Alexa",https://www.amazon.de/dp/B0F457MQCQ,65.0,399.0,399.0,EUR,399.0,Amazon,DE,2026-09-08T08:58:37Z,B0F457MQCQ,,,,,
Samsung,"Cello CTRAV-16TZ 16 Zoll Smart-TV, 12 V/230 V, Tizen OS von Samsung, Bluetooth, Triple-Tuner, Pitch Perfect Sound, für Campervans, LKW und Boote",https://www.amazon.de/dp/B0GJLKVJLP,16.0,219.99,219.99,EUR,219.99,Amazon,DE,2026-09-08T08:58:37Z,B0GJLKVJLP,,,,,
Samsung,"Samsung 43-Inch Class QLED Q7F2 Series Samsung Vision AI Smart TV (2025 Model, 43Q7F2)",https://www.amazon.de/dp/B0F63QCT2T,43.0,322.41,322.41,EUR,322.41,Amazon,DE,2026-09-08T08:58:37Z,B0F63QCT2T,,,,,
Samsung,"Samsung QLED FullHD The Frame 32 Zoll Fernseher (GQ32LS03CBUXZG, Deutsches Modell), mattes Display, austauschbare Rahmen, Art Mode, Smart TV [2023]",https://www.amazon.de/dp/B0BXTB8N28,32.0,365.99,365.99,EUR,365.99,Amazon,DE,2026-09-08T08:58:37Z,B0BXTB8N28,,,,,
Samsung,"Samsung Neo QLED 4K QN90F 50 Zoll (127 cm) 4K Fernseher, TV mit Neural Quantum AI Gen3 Prozessor, Quantum-Matrix-Technologie Plus, AI Upscaling Pro, Smart TV, 50QN90F [2025]",https://www.amazon.de/dp/B0FC2DKRLN,50.0,694.5,694.5,EUR,694.5,Amazon,DE,2026-09-08T08:58:37Z,B0FC2DKRLN,,,,,
Samsung,"Samsung The Frame LS03F 4K QLED 55 Zoll (138 cm) UHD Fernseher, Modern Frame Design, NQ4 AI Gen2 Prozessor, Art Mode, Artful Picture Quality, One Connect Kabel, Sams...[Länderversion Ungarisch]",https://www.amazon.de/dp/B0FM8QJ5TD,55.0,717.87,717.87,EUR,717.87,Amazon,DE,2026-09-08T08:58:37Z,B0FM8QJ5TD,,,,,
Samsung,"Samsung QLED FHD QE32Q50A 81,3 cm (32 Zoll) Smart TV WLAN Schwarz [Länderversion Niederländisch]",https://www.amazon.de/dp/B0CPPQJG69,32.0,,,,,Amazon,DE,2026-09-08T08:58:37Z,B0CPPQJG69,,,,,
Samsung,"Samsung UE65F8000 165cm (65 Zoll) 3D LED-Backlight-Fernseher (Full HD, 1000Hz CMR, DVB-T/C/S2, CI+, Smart TV, HbbTV, Sprachsteuerung) schwarz",https://www.amazon.de/dp/B00DYQIU5O,65.0,470.0,470.0,EUR,470.0,Amazon,DE,2026-09-08T08:58:37Z,B00DYQIU5O,,,,,
Samsung,"Samsung Crystal UHD 4K 2023 55CU7025 Smart TV 55 Zoll mit PurColor, Crystal UHD Prozessor, SmartThings, Contrast Enhancer mit HDR10+ und Smart TV Powered by Tizen",https://www.amazon.de/dp/B0CZ495C1L,55.0,364.78,364.78,EUR,364.78,Amazon,DE,2026-09-08T08:58:37Z,B0CZ495C1L,,,,,
Samsung,"Samsung UE55 J5570SU - 138cm/55"", UE55J5570SUXZG",https://www.amazon.de/dp/B013U7EXES,55.0,300.0,300.0,EUR,300.0,Amazon,DE,2026-09-08T08:58:37Z,B013U7EXES,,,,,
Samsung,"Samsung Crystal UHD U8070F 4K 85 Zoll (216 cm) LED Fernseher, Crystal Prozessor 4K, MetalStream Design, SmartThings, AI Upscaling, Gaming Hub, Knox Security, Smart TV, 85U8070F (2025)",https://www.amazon.de/dp/B0FFGZ7YP3,85.0,899.0,899.0,EUR,899.0,Amazon,DE,2026-09-08T08:58:37Z,B0FFGZ7YP3,,,,,
Samsung,"Samsung Crystal UHD 4K TV 50 Zoll (GU50AU7179UXZG, Deutsches Modell), HDR, Q-Symphony, rahmenloses Design, Smart TV [2021]",https://www.amazon.de/dp/B092R97NY6,50.0,339.0,339.0,EUR,339.0,Amazon,DE,2026-09-08T08:58:37Z,B092R97NY6,,,,,
Samsung,Samsung 85 Zoll Micro RGB R95H 4K Samsung Vision AI Smart TV (2026),https://www.amazon.de/dp/B0H8SQLGJD,85.0,7199.0,7199.0,EUR,7199.0,Amazon,DE,2026-09-08T08:58:37Z,B0H8SQLGJD,,,,,
Samsung,"Samsung QE43Q8FA 43 Zoll (108 cm) QLED 4K UHD Smart TV, Edge LED, 3840 x 2160 Pixel, 60Hz, HDR10+, Q4 AI Prozessor, One UI Tizen, 16:9 [Länderversion Ungarisch]",https://www.amazon.de/dp/B0FM94TKK1,43.0,353.09,353.09,EUR,353.09,Amazon,DE,2026-09-08T08:58:37Z,B0FM94TKK1,,,,,
Samsung,"Samsung Neo QLED 4K QN85F 65 Zoll (163 cm) Mini LED Fernseher, NQ4 AI Gen2 Prozessor, Quantum Matrix Technology Slim, Motion Xcelerator 144Hz, AirSlim Design, Samsun...[Länderversion Ungarisch]",https://www.amazon.de/dp/B0FND6LTR5,65.0,958.88,958.88,EUR,958.88,Amazon,DE,2026-09-08T08:58:37Z,B0FND6LTR5,,,,,
Samsung,"Samsung OLED S95F 83 Zoll (211 cm) 4K Glare Free, UHD Fernseher, NQ4 AI Gen3 Prozessor, OLED HDR Pro, Gaming Hub, Motion Xcelerator 165Hz, 4K Upscaling, Dolby Atmos, Smart TV, 83S95F (2025)",https://www.amazon.de/dp/B0FC3YFGRD,83.0,,,,,Amazon,DE,2026-09-08T08:58:37Z,B0FC3YFGRD,,,,,
Samsung,"Samsung N5375 80 cm (32 Zoll) LED Fernseher (Full HD, Triple Tuner, Smart TV) [Modelljahr 2019]",https://www.amazon.de/dp/B07NP9SYPJ,32.0,,,,,Amazon,DE,2026-09-08T08:58:37Z,B07NP9SYPJ,,,,,
Samsung,"Samsung Micro RGB R85H 4K 75 Zoll (189 cm), UHD Fernseher, Micro RGB HDR+ & AI Engine für realitätsnahe Farben, Dolby Atmos, Gaming Hub, Motion Xcelerator 144Hz, AI Companion für Fragen, Smart TV",https://www.amazon.de/dp/B0GXZFCQCX,75.0,2222.0,2222.0,EUR,2222.0,Amazon,DE,2026-09-08T08:58:37Z,B0GXZFCQCX,,,,,
Samsung,"Samsung Crystal UHD DU7170 75 Zoll Fernseher, 191 cm (75DU7170), PurColor, Crystal Prozessor 4K, Q-Symphony, Smart TV [2024]",https://www.amazon.de/dp/B0D5Y9ZRTR,75.0,649.0,649.0,EUR,649.0,Amazon,DE,2026-09-08T08:58:37Z,B0D5Y9ZRTR,,,,,
Samsung,"Samsung Neo QLED 4K QN90D 43 Zoll (109 cm) Fernseher Mit Neural Quantum AI Gen2 Prozessor, Quantum-Matrix-Technologie, AI Upscaling, Smart TV, KI TV, 43QN90D [2024]",https://www.amazon.de/dp/B0D5CXBK1J,43.0,719.0,719.0,EUR,719.0,Amazon,DE,2026-09-08T08:58:37Z,B0D5CXBK1J,,,,,
Samsung,"Samsung Neo QLED 4K QN85F 55 Zoll (138 cm) Mini LED Fernseher, NQ4 AI Gen2 Prozessor, Quantum Matrix Technology Slim, Motion Xcelerator 144Hz, AirSlim Design, Samsun...[Länderversion Ungarisch]",https://www.amazon.de/dp/B0FND79K77,55.0,629.0,629.0,EUR,629.0,Amazon,DE,2026-09-08T08:58:37Z,B0FND79K77,,,,,
Samsung,"Samsung Crystal UHD 4K U80F 65 Zoll (163 cm) LED Fernseher, Crystal Prozessor 4K, MetalStream Design, SmartThings, Knox Security, Gaming Hub, AI Upscaling, Kostenlos...[Länderversion Ungarisch]",https://www.amazon.de/dp/B0FMS3F365,65.0,512.76,512.76,EUR,512.76,Amazon,DE,2026-09-08T08:58:37Z,B0FMS3F365,,,,,
Samsung,"Samsung Crystal UHD 4K U70F 43 Zoll (108 cm) LED Fernseher, Crystal Prozessor 4K, MetalStream Design, SmartThings, Knox Security, Gaming Hub, AI Upscaling, Kostenlos...[Länderversion Ungarisch]",https://www.amazon.de/dp/B0FM9G9LSY,43.0,317.0,317.0,EUR,317.0,Amazon,DE,2026-09-08T08:58:37Z,B0FM9G9LSY,,,,,
Samsung,Samsung 55 Zoll Mini LED M1EH 4K Samsung Vision AI Smart TV (2026),https://www.amazon.de/dp/B0H5KW9TG7,55.0,539.0,539.0,EUR,539.0,Amazon,DE,2026-09-08T08:58:37Z,B0H5KW9TG7,,,,,
Samsung,"Samsung Crystal UHD 4K U80F 50 Zoll (125 cm) LED Fernseher, Crystal Prozessor 4K, MetalStream Design, SmartThings, Knox Security, Gaming Hub, AI Upscaling, Kostenlos...[Länderversion Ungarisch]",https://www.amazon.de/dp/B0FM98T47Y,50.0,321.94,321.94,EUR,321.94,Amazon,DE,2026-09-08T08:58:37Z,B0FM98T47Y,,,,,
Samsung,"Samsung Neo QLED QN70H 4K 85 Zoll (214 cm), Quantum-Mini-LED für ultrafeine Kontraste, UHD Fernseher, 4K AI Upscaling, Adaptive Sound+, Gaming Hub, Motion Xcelerator 144Hz, AI Companion, Smart TV",https://www.amazon.de/dp/B0GXZRNB6Z,85.0,2002.59,2002.59,EUR,2002.59,Amazon,DE,2026-09-08T08:58:37Z,B0GXZRNB6Z,,,,,
Samsung,"Samsung QLED Q8F 4K Smart TV 85 Zoll (214 cm) mit AI-Vision, 100% Farbvolumen mit Quantum Dot, HDR10+, Q4 AI Prozessor, One UI Tizen, Wi-Fi, Bluetooth 5.3 und Motion...[Länderversion Ungarisch]",https://www.amazon.de/dp/B0FHXK9QHX,85.0,1018.0,1018.0,EUR,1018.0,Amazon,DE,2026-09-08T08:58:37Z,B0FHXK9QHX,,,,,
Samsung,"SAMSUNG TV 55 Zoll Crystal UHD U8075F 4K Smart TV, unglaubliche Farben mit Crystal Processor 4K, Hören Sie alle Lautsprecher mit Q-Symphony, Daten geschützt durch Kn...[Länderversion Spanisch]",https://www.amazon.de/dp/B0F9Q2QDJZ,55.0,435.28,435.28,EUR,435.28,Amazon,DE,2026-09-08T08:58:37Z,B0F9Q2QDJZ,,,,,
Samsung,"Samsung UE55JS8090 138 cm (55 Zoll) Fernseher (Ultra HD, Twin Tuner, 3D, Smart TV)",https://www.amazon.de/dp/B015KFY1N6,55.0,400.0,400.0,EUR,400.0,Amazon,DE,2026-09-08T08:58:37Z,B015KFY1N6,,,,,
Samsung,"Samsung OLED TV 4K S90D 55 Zoll (138 cm), Fernseher mit NQ AI Gen2 Prozessor, OLED HDR+, 4K AI Bildverbesserung, Gaming Hub bis 144Hz, Dolby Atmos Sound, OTS Lite, Knox Security, Smart KI TV",https://www.amazon.de/dp/B0D6RZGC3P,55.0,999.0,999.0,EUR,999.0,Amazon,DE,2026-09-08T08:58:37Z,B0D6RZGC3P,,,,,
Samsung,"SAMSUNG Series 8 CU8000 Crystal UHD 109,2 cm (43 Zoll) 4K Ultra HD Smart TV, WLAN, Schwarz",https://www.amazon.de/dp/B0BQW93VNZ,43.0,341.0,341.0,EUR,341.0,Amazon,DE,2026-09-08T08:58:37Z,B0BQW93VNZ,,,,,
Samsung,"Samsung Neo QLED 4K QN90F 115 Zoll (292 cm) Mini LED Fernseher, Antireflektion, NQ4 AI Gen3 Prozessor, Neo Quantum HDR+, 4K Upscaling Pro, Dolby Atmos, Knox Security, Samsung Vision AI Smart TV",https://www.amazon.de/dp/B0FKTP2397,115.0,14999.0,14999.0,EUR,14999.0,Amazon,DE,2026-09-08T08:58:37Z,B0FKTP2397,,,,,
Samsung,"Samsung OLED S90H 4K 55 Zoll (138 cm), UHD Fernseher, Antireflexion mit Glare Free, OLED HDR+, Ultimate Gaming Pack (NVIDIA G-SYNC & AMD FreeSync Pro) mit 165Hz, HDMI 2.1, Dolby Atmos, Smart AI TV",https://www.amazon.de/dp/B0GXZQL9W2,55.0,1789.0,1789.0,EUR,1789.0,Amazon,DE,2026-09-08T08:58:37Z,B0GXZQL9W2,,,,,
Samsung,"Samsung Neo QLED 4K QN90F 75 Zoll (189 cm) Mini LED Fernseher, NQ4 AI Gen2 Prozessor, Quantum Matrix Technology Slim, Motion Xcelerator 165Hz, AirSlim Design, Samsun...[Länderversion Ungarisch]",https://www.amazon.de/dp/B0FPCS6BLN,75.0,1733.65,1733.65,EUR,1733.65,Amazon,DE,2026-09-08T08:58:37Z,B0FPCS6BLN,,,,,
Samsung,"Samsung Crystal UHD CU7170 Series 55 Zoll Fernseher, PurColor, Crystal Prozessor 4K, Motion Xcelerator, Smart TV, (Modell 2023, 55CU7170)",https://www.amazon.de/dp/B0C42J27K5,55.0,415.4,415.4,EUR,415.4,Amazon,DE,2026-09-08T08:58:37Z,B0C42J27K5,,,,,
Samsung,"Samsung Neo QLED 4K QN80F 75 Zoll (189 cm) Mini LED Fernseher, NQ4 AI Gen2 Prozessor, Quantum Matrix Technology Slim, Motion Xcelerator 144Hz, AirSlim Design, Samsung Vision AI Smart TV",https://www.amazon.de/dp/B0FR5J19T2,75.0,1083.94,1083.94,EUR,1083.94,Amazon,DE,2026-09-08T08:58:37Z,B0FR5J19T2,,,,,
Samsung,"Samsung Neo QLED 8K QN900F 65 Zoll (163 cm) Mini LED Fernseher, Antireflexion, 8K AI Upscaling, Metal Frame Design, Knox Security, Dolby Atmos, Art Store Galerie, Samsung Vision AI Smart TV",https://www.amazon.de/dp/B0DFVF4XXC,65.0,1889.0,1889.0,EUR,1889.0,Amazon,DE,2026-09-08T08:58:37Z,B0DFVF4XXC,,,,,
Samsung,"Samsung Crystal UHD 4K DU8079 Fernseher 55 Zoll, TV mit Dynamic Crystal Color, 4K Upscaling, AirSlim Design, Smart TV, GU55DU8079UXZG, Deutsches Modell",https://www.amazon.de/dp/B0CZS36DQM,55.0,589.9,589.9,EUR,589.9,Amazon,DE,2026-09-08T08:58:37Z,B0CZS36DQM,,,,,
Samsung,"Samsung The Frame LS03H 4K 55 Zoll (138 cm), UHD Fernseher, Art Mode mit wechselnden Kunstwerken, Wireless One Connect Box, Antireflexion mit Glare Free, QLED-Bildqualität, Dolby Atmos, Smart AI TV",https://www.amazon.de/dp/B0GXZJW39B,55.0,1049.0,1049.0,EUR,1049.0,Amazon,DE,2026-09-08T08:58:37Z,B0GXZJW39B,,,,,
Samsung,"Samsung OLEDGQ77S95D 4K Fernseher 77 Zoll (195 cm), OLED HDR Pro, Dolby Atmos, TV mit Neural Quantum AI Gen2 Prozessor, OLED Glare Free, AI Upscaling, Smart TV, KI, Deutsches Modell",https://www.amazon.de/dp/B0CZS4PS8H,77.0,2899.0,2899.0,EUR,2899.0,Amazon,DE,2026-09-08T08:58:37Z,B0CZS4PS8H,,,,,
Samsung,"Samsung Full HD F6009F FHD 40 Zoll, HDR 10+, PurColor für realitätsnahe Farben, OTS Lite für einen virtuellen Sound, Q-Symphony, Gaming Hub, Google Assistant, AirPlay, kostenlos 900 Sender mit TV Plus",https://www.amazon.de/dp/B0H2DG9MNV,40.0,399.0,399.0,EUR,399.0,Amazon,DE,2026-09-08T08:58:37Z,B0H2DG9MNV,,,,,
Samsung,"Samsung Neo QLED 4K QN70F 75 Zoll (189 cm) Mini LED Fernseher, NQ4 AI Gen2 Prozessor, Quantum Matrix Technology Slim, Motion Xcelerator 144Hz, AirSlim Design, Samsun...[Länderversion Ungarisch]",https://www.amazon.de/dp/B0FPCMYXHF,75.0,889.22,889.22,EUR,889.22,Amazon,DE,2026-09-08T08:58:37Z,B0FPCMYXHF,,,,,
LG,"LG 43UA75006LA TV 43 Zoll (109 cm) 4K UHD AI TV (α7 Gen8 4K AI Prozessor, webOS 25, 60Hz) [Modelljahr 2025]",https://www.amazon.de/dp/B0F2GHSMX5,43.0,289.0,289.0,EUR,289.0,Amazon,DE,2026-09-08T08:58:37Z,B0F2GHSMX5,,,,,
Samsung,"Samsung Crystal UHD LED Fernseher 2025, Crystal Prozessor 4K, MetalStream Design, SmartThings, Knox Security, Gaming Hub, AI Upscaling, Kostenlose Inhalte, Smart AI TV (U70F, 50 Zoll)",https://www.amazon.de/dp/B0FDGRFFLM,50.0,359.47,359.47,EUR,359.47,Amazon,DE,2026-09-08T08:58:37Z,B0FDGRFFLM,,,,,
Samsung,"Samsung OLED S85H 4K 48 Zoll (121 cm), UHD Fernseher, OLED HDR, Premium Gaming Pack (NVIDIA G-SYNC & AMD FreeSync Premium) mit 120Hz, HDMI 2.1, Dolby Atmos, AI Companion für Fragen, Smart AI TV",https://www.amazon.de/dp/B0GXZK1RXH,48.0,1199.0,1199.0,EUR,1199.0,Amazon,DE,2026-09-08T08:58:37Z,B0GXZK1RXH,,,,,
Samsung,"Samsung T5379 80 cm (32 Zoll) LED Fernseher (Full HD, Triple Tuner, Smart TV) [Modelljahr 2020]",https://www.amazon.de/dp/B0869DCD7N,32.0,,,,,Amazon,DE,2026-09-08T08:58:37Z,B0869DCD7N,,,,,
Samsung,"Samsung QLED 4K Q70D Fernseher 85 Zoll, Quantum Prozessor, AI Upscaling, Tizen OS, Motion Xcelerator 120 Hz, Smart TV, KI TV, GQ85Q70DATXZG, Deutsches Modell",https://www.amazon.de/dp/B0CZS36H3J,85.0,1899.0,1899.0,EUR,1899.0,Amazon,DE,2026-09-08T08:58:37Z,B0CZS36H3J,,,,,
Samsung,"Samsung Smart TV HG43CU700EUXEN 4K Ultra HD 43"" LED HDR",https://www.amazon.de/dp/B0D2J4R5NX,43.0,399.0,399.0,EUR,399.0,Amazon,DE,2026-09-08T08:58:37Z,B0D2J4R5NX,,,,,
Samsung,"Samsung QLED 4K Q80C 98 Zoll Fernseher, Direct Full Array, AI Neural Quantum Prozessor 4K, Real Depth Enhancer, Smart-TV, KI TV, GQ98Q80CATXZG, Deutsches Modell [2023]",https://www.amazon.de/dp/B0C3N8JWXC,98.0,5249.0,5249.0,EUR,5249.0,Amazon,DE,2026-09-08T08:58:37Z,B0C3N8JWXC,,,,,
Samsung,Samsung 55 Zoll Neo QLED QN1EH 4K Samsung Vision AI Smart TV (2026),https://www.amazon.de/dp/B0H5QGXJ2M,55.0,899.0,899.0,EUR,899.0,Amazon,DE,2026-09-08T08:58:37Z,B0H5QGXJ2M,,,,,
Samsung,Samsung 85 Zoll The Frame Pro LS03HW 4K Samsung Vision AI Smart TV (2026),https://www.amazon.de/dp/B0H62KB2YV,85.0,3649.0,3649.0,EUR,3649.0,Amazon,DE,2026-09-08T08:58:37Z,B0H62KB2YV,,,,,
Samsung,"Samsung QLED 4K TV Q80A 50 Zoll (GQ50Q80AATXZG), Quantum HDR 1000, Direct Full Array, Game Pro Mode [2021]",https://www.amazon.de/dp/B094JDVCVF,50.0,,,,,Amazon,DE,2026-09-08T08:58:37Z,B094JDVCVF,,,,,
Samsung,"Samsung NU7099 125 cm (50 Zoll) LED Fernseher (Ultra HD, HDR, Triple Tuner, Smart TV) [Modelljahr 2018]",https://www.amazon.de/dp/B07GM4RXZR,50.0,368.46,368.46,EUR,368.46,Amazon,DE,2026-09-08T08:58:37Z,B07GM4RXZR,,,,,
Samsung,"Samsung Neo QLED 4K QN90F 50 Zoll (125 cm) Mini LED Fernseher, NQ4 AI Gen2 Prozessor, Quantum Matrix Technology Slim, Motion Xcelerator 165Hz, AirSlim Design, Samsun...[Länderversion Ungarisch]",https://www.amazon.de/dp/B0FPCTTV33,50.0,694.5,694.5,EUR,694.5,Amazon,DE,2026-09-08T08:58:37Z,B0FPCTTV33,,,,,
Samsung,"Samsung QLED 4K Q70C 55 Zoll Fernseher, Quantum Prozessor 4K, Motion Xcelerator Turbo+, Quantum HDR, Smart TV [2023] (Modell 2023 55Q70C)",https://www.amazon.de/dp/B0C5JYFR24,55.0,592.36,592.36,EUR,592.36,Amazon,DE,2026-09-08T08:58:37Z,B0C5JYFR24,,,,,
Samsung,"Samsung Crystal UHD DU7170 65 Zoll Fernseher, 165 cm (65DU7170), PurColor, Crystal Prozessor 4K, Q-Symphony, Smart TV [2024]",https://www.amazon.de/dp/B0D6GSK1N7,65.0,545.22,545.22,EUR,545.22,Amazon,DE,2026-09-08T08:58:37Z,B0D6GSK1N7,,,,,
Samsung,"Samsung QLED Q70D 65 Zoll (165 cm) Fernseher TV mit Quantum Prozessor 4K, 100% Farbvolumen,AI Upscaling, Tizen OS, Smart TV, 65Q70D, [2024]",https://www.amazon.de/dp/B0D3M71F9P,65.0,822.31,822.31,EUR,822.31,Amazon,DE,2026-09-08T08:58:37Z,B0D3M71F9P,,,,,
Samsung,"Samsung Neo QLED 4K QN90F 43 Zoll (108 cm) Mini LED Fernseher, NQ4 AI Gen2 Prozessor, Quantum Matrix Technology Slim, Motion Xcelerator 165Hz, AirSlim Design, Samsun...[Länderversion Ungarisch]",https://www.amazon.de/dp/B0FPCQTF91,43.0,719.0,719.0,EUR,719.0,Amazon,DE,2026-09-08T08:58:37Z,B0FPCQTF91,,,,,
Samsung,"Samsung Neo QLED 4K QN85F 75 Zoll (189 cm) Mini LED Fernseher, NQ4 AI Gen2 Prozessor, Quantum Matrix Technology Slim, Motion Xcelerator 144Hz, AirSlim Design, Samsun...[Länderversion Ungarisch]",https://www.amazon.de/dp/B0FND5PTST,75.0,,,,,Amazon,DE,2026-09-08T08:58:37Z,B0FND5PTST,,,,,
Samsung,"Samsung QLED 4K TV 2024 65Q80D 65 Zoll Smart TV mit verbessertem Bild und Ton, bessere Farbkontrolle mit Full Array, Bester Smart TV und Hören Sie alle Lautsprecher mit Q-Symphony",https://www.amazon.de/dp/B0CSDJVQ4S,65.0,1006.04,1006.04,EUR,1006.04,Amazon,DE,2026-09-08T08:58:37Z,B0CSDJVQ4S,,,,,
Samsung,"Samsung Crystal UHD DU7170 55 Zoll Fernseher, 140 cm (55DU7170), PurColor, Crystal Prozessor 4K, Q-Symphony, Smart TV [2024]",https://www.amazon.de/dp/B0D4ZLKNRF,55.0,422.36,422.36,EUR,422.36,Amazon,DE,2026-09-08T08:58:37Z,B0D4ZLKNRF,,,,,
Samsung,"Samsung Neo QLED 4K QN95C 55 Zoll Fernseher (GQ55QN95CATXZG), Neo Quantum HDR+, Infinity One Design, Neural Quantum Prozessor 4K [2023]",https://www.amazon.de/dp/B0CH8RX2MF,55.0,812.1,812.1,EUR,812.1,Amazon,DE,2026-09-08T08:58:37Z,B0CH8RX2MF,,,,,
Samsung,"Samsung Neo QLED 4K QN85D 65 Zoll Fernseher Mit Neural Quantum AI Gen2 Prozessor, Quantum-Matrix-Technologie, AI Upscaling, Smart TV, KI TV, 65QN85D [2024] [Länderversion Niederländisch]",https://www.amazon.de/dp/B0DG2L9C2F,65.0,868.45,868.45,EUR,868.45,Amazon,DE,2026-09-08T08:58:37Z,B0DG2L9C2F,,,,,
Samsung,"Samsung Crystal UHD 4K DU8070 Fernseher 65 Zoll, (165 cm) Samsung TV mit Dynamic Crystal Color, 4K Upscaling, AirSlim Design, Smart TV, 65DU8070U [2024]",https://www.amazon.de/dp/B0D54HY1LC,65.0,599.0,599.0,EUR,599.0,Amazon,DE,2026-09-08T08:58:37Z,B0D54HY1LC,,,,,
Samsung,"Samsung The Frame 50"" (2025) 4K Smart TV - TQ50LS03FAUXXC [Länderversion Französisch, Spanisch, Portugiesisch]...[Länderversion Französisch, Spanisch, Portugiesisch]",https://www.amazon.de/dp/B0F225B9KJ,50.0,597.14,597.14,EUR,597.14,Amazon,DE,2026-09-08T08:58:37Z,B0F225B9KJ,,,,,
Samsung,"Samsung QLED 4K Fernseher The Frame 65 Zoll, Samsung TV mit mattem Display und austauschbarem Rahmen, Art Mode, Smart TV, GQ65LS03DAUXZG, Deutsches Modell [2024]",https://www.amazon.de/dp/B0CZS3FCML,65.0,1199.0,1199.0,EUR,1199.0,Amazon,DE,2026-09-08T08:58:37Z,B0CZS3FCML,,,,,
Samsung,"Samsung Neo QLED 8K QN990F 85 Zoll (214 cm) Mini LED Fernseher, Antireflexion, NQ8 AI Gen3 Prozessor, 8K Upscaling Pro, Wireless One Connect, Art Store Galerie, Samsung Vision AI Smart TV",https://www.amazon.de/dp/B0F62VPXR3,85.0,,,,,Amazon,DE,2026-09-08T08:58:37Z,B0F62VPXR3,,,,,
Samsung,"Samsung UE55MU6179U 55 Zoll Flat Fernseher (Ultra HD, HDR, Triple Tuner, Smart TV), Schwarz",https://www.amazon.de/dp/B06XGS3Q4Y,55.0,,,,,Amazon,DE,2026-09-08T08:58:37Z,B06XGS3Q4Y,,,,,
Samsung,"Samsung Crystal UHD 4K TV 55 Zoll (GU55AU8079UXZG), HDR, AirSlim, Dynamic Crystal Color [2021]",https://www.amazon.de/dp/B092RCCCPZ,55.0,629.0,629.0,EUR,629.0,Amazon,DE,2026-09-08T08:58:37Z,B092RCCCPZ,,,,,
Samsung,"Samsung Crystal UHD 4K DU8579 Fernseher 75 Zoll, TV mit Dynamic Crystal Color, 4K Upscaling, AirSlim Design, Smart TV, GU75DU8579UXZG, Deutsches Modell",https://www.amazon.de/dp/B0CZS57M4G,75.0,1323.14,1323.14,EUR,1323.14,Amazon,DE,2026-09-08T08:58:37Z,B0CZS57M4G,,,,,
Samsung,"Samsung Crystal UHD TV 4K AU7199 65 Zoll (GU65AU7199UXZG, Deutsches Modell), HDR, Q-Symphony, rahmenloses Design, Smart TV [2021]",https://www.amazon.de/dp/B098C5STFB,65.0,688.0,688.0,EUR,688.0,Amazon,DE,2026-09-08T08:58:37Z,B098C5STFB,,,,,
Samsung,TV intelligente Samsung TU55DU7105 4K Ultra HD 55' LED,https://www.amazon.de/dp/B0D2LHQGZ4,55.0,414.1,414.1,EUR,414.1,Amazon,DE,2026-09-08T08:58:37Z,B0D2LHQGZ4,,,,,
Samsung,"Samsung TV The Frame 55"" (2025) 4K Smart TV - TQ55LS03FAUXXC [Länderversion Französisch, Spanisch, Portugiesisch]...[Länderversion Französisch, Spanisch, Portugiesisch]",https://www.amazon.de/dp/B0F2295TXB,55.0,678.92,678.92,EUR,678.92,Amazon,DE,2026-09-08T08:58:37Z,B0F2295TXB,,,,,
Samsung,"Samsung Q60R 138 cm (55 Zoll) 4K QLED Fernseher (Q HDR, Ultra HD, HDR, Twin Tuner, Smart TV) [Modelljahr 2019]",https://www.amazon.de/dp/B07PH1HGHN,55.0,,,,,Amazon,DE,2026-09-08T08:58:37Z,B07PH1HGHN,,,,,
Samsung,"Samsung Neo QLED QN900F 65 Zoll (163 cm) 8K Neo QLED TV, 7680 x 4320 Pixel, 165Hz, AirSlim Design, NQ4 AI Gen2 Prozessor, Mini LED, HDR10+, Quantum Matrix Pro, Samsu...[Länderversion Ungarisch]",https://www.amazon.de/dp/B0FND5LVPL,65.0,1484.38,1484.38,EUR,1484.38,Amazon,DE,2026-09-08T08:58:37Z,B0FND5LVPL,,,,,
Samsung,"TV Samsung The Frame 43"" QLED 4K UHD - TQ43LS03DAU [Länderversion Französisch, Spanisch, Portugiesisch]...[Länderversion Französisch, Spanisch, Portugiesisch]",https://www.amazon.de/dp/B0CXTNBS93,43.0,548.81,548.81,EUR,548.81,Amazon,DE,2026-09-08T08:58:37Z,B0CXTNBS93,,,,,
Samsung,"Samsung QLED 4K Q60C 50 Zoll Fernseher, Quantum-Dot-Technologie, Quantum HDR, AirSlim Design, Smart TV [2023] (50Q60C)",https://www.amazon.de/dp/B0C53Q71PG,50.0,545.22,545.22,EUR,545.22,Amazon,DE,2026-09-08T08:58:37Z,B0C53Q71PG,,,,,
Samsung,Samsung QE50Q65C QLED-Fernseher 50 Zoll UHD,https://www.amazon.de/dp/B0BWFNSJ1M,50.0,,,,,Amazon,DE,2026-09-08T08:58:37Z,B0BWFNSJ1M,,,,,
Samsung,"Samsung UE40JU6485 101cm (40 Zoll) LED-Backlight-Fernseher, EEK A (Ultra HD, 1000 PQI, Smart-TV, DVB-T2/-C/S2, CI+, Quad Core, WLAN, HbbTV)",https://www.amazon.de/dp/B00UZHX90G,40.0,400.0,400.0,EUR,400.0,Amazon,DE,2026-09-08T08:58:37Z,B00UZHX90G,,,,,
Samsung,"Samsung Neo QLED 8K QN900B 85 Zoll Fernseher (GQ85QN900BTXZG, Deutsches Modell), Quantum HDR 4000, Neural Quantum Prozessor 8K, Dolby Atmos, Smart TV [2022]",https://www.amazon.de/dp/B09TRKGF49,85.0,5999.99,5999.99,EUR,5999.99,Amazon,DE,2026-09-08T08:58:37Z,B09TRKGF49,,,,,
Samsung,"Samsung Neo QLED 8K TV QN700A 55 Zoll (GQ55QN700ATXZG), Quantum HDR 2000, Quantum-Matrix-Technologie Pro, Anbringbare Slim One Connect Box & One Cable Solution [2021]",https://www.amazon.de/dp/B09HXYQX8V,55.0,2140.0,2140.0,EUR,2140.0,Amazon,DE,2026-09-08T08:58:37Z,B09HXYQX8V,,,,,
Samsung,"Samsung 65"" TV (2025) QLED 4K UHD - TQ65Q8FAAUXXC [Länderversion Französisch, Spanisch, Portugiesisch]...[Länderversion Französisch, Spanisch, Portugiesisch]",https://www.amazon.de/dp/B0F2FKKLTG,65.0,623.1,623.1,EUR,623.1,Amazon,DE,2026-09-08T08:58:37Z,B0F2FKKLTG,,,,,
Samsung,"Samsung Neo QLED 4K QN85C 55 Zoll Fernseher, Neo Quantum HDR, Neural Quantum Prozessor 4K, Dolby Atmos, Smart TV (Modell 2023, 55QN85C)",https://www.amazon.de/dp/B0C5R83RJ2,55.0,,,,,Amazon,DE,2026-09-08T08:58:37Z,B0C5R83RJ2,,,,,
Samsung,"Samsung OLED 4K S90D Fernseher 77 Zoll (196 cm), TV Mit Neural Quantum AI Gen2 Prozessor, HDR+, AI Upscaling, Smart TV, KI TV, 77S90D [2024]",https://www.amazon.de/dp/B0DJ9GXC61,77.0,2057.89,2057.89,EUR,2057.89,Amazon,DE,2026-09-08T08:58:37Z,B0DJ9GXC61,,,,,
Samsung,Samsung 55 Zoll OLED S82H 4K Samsung Vision AI Smart TV (2026),https://www.amazon.de/dp/B0H5DBLBS2,55.0,1299.0,1299.0,EUR,1299.0,Amazon,DE,2026-09-08T08:58:37Z,B0H5DBLBS2,,,,,
Samsung,"Samsung QLED 4K Q64C Fernseher 55 Zoll, UHD, Samsung TV mit Quantum-Dot-Technologie, Quantum HDR, AirSlim Design, Smart TV, GQ55Q64CAUXZG, Deutsches Modell [2023]",https://www.amazon.de/dp/B0CYHC6C6H,55.0,,,,,Amazon,DE,2026-09-08T08:58:37Z,B0CYHC6C6H,,,,,
Samsung,"Samsung QLED The Sero 43 Zoll Fernseher (GQ43LS05BGUXZG, Deutsches Modell), drehbarer Bildschirm, mattes Display, erstklassiger Sound, Smart TV [2023]",https://www.amazon.de/dp/B0BXT91B2L,43.0,,,,,Amazon,DE,2026-09-08T08:58:37Z,B0BXT91B2L,,,,,
Samsung,"Samsung Neo QLED 4K QN70F 85 Zoll (214 cm) Mini LED Fernseher, NQ4 AI Gen2 Prozessor, Quantum Matrix Technology Slim, Motion Xcelerator 144Hz, AirSlim Design, Samsun...[Länderversion Ungarisch]",https://www.amazon.de/dp/B0FPCLHQ26,85.0,1421.46,1421.46,EUR,1421.46,Amazon,DE,2026-09-08T08:58:37Z,B0FPCLHQ26,,,,,
Samsung,"Samsung TV S90F (2025) 42"" OLED 4K - TQ42S90FAEXXC [Länderversion Französisch, Spanisch, Portugiesisch]...[Länderversion Französisch, Spanisch, Portugiesisch]",https://www.amazon.de/dp/B0FT879YNJ,42.0,699.9,699.9,EUR,699.9,Amazon,DE,2026-09-08T08:58:37Z,B0FT879YNJ,,,,,
Samsung,"Samsung Neo QLED 4K QN90F 55 Zoll (140 cm) 4K Fernseher, TV mit Neural Quantum AI Gen3 Prozessor, Quantum-Matrix-Technologie Plus, AI Upscaling Pro, Smart TV, 55QN90F [2025]",https://www.amazon.de/dp/B0FC2GYH5P,55.0,899.0,899.0,EUR,899.0,Amazon,DE,2026-09-08T08:58:37Z,B0FC2GYH5P,,,,,
Samsung,Samsung UE50M70HAUXZT - 50 Zoll Smart TV 4K DVB-T2 LED Schwarz Energieklasse F,https://www.amazon.de/dp/B0H4LZ5VCD,50.0,382.18,382.18,EUR,382.18,Amazon,DE,2026-09-08T08:58:37Z,B0H4LZ5VCD,,,,,
Samsung,"Samsung - TV LED SAMSUNG 50"" ULTRA HD 4K SMART TV UE50MU6192 - 8806088948676",https://www.amazon.de/dp/B075VTV6T4,50.0,,,,,Amazon,DE,2026-09-08T08:58:37Z,B075VTV6T4,,,,,
Samsung,"Samsung QLED Q70D 55 Zoll Fernseher TV Mit Quantum Prozessor 4K, Farbvolumen,ai Upscaling, Tizen OS, Smart TV, 55q70d, [2024], 140 Cm",https://www.amazon.de/dp/B0D54K972K,55.0,609.9,609.9,EUR,609.9,Amazon,DE,2026-09-08T08:58:37Z,B0D54K972K,,,,,
Samsung,Samsung Fernseher TQ55S95D 55 Zoll (55 Zoll) OLED 4K Smart TV 2024,https://www.amazon.de/dp/B0CSKKGYWN,55.0,1449.0,1449.0,EUR,1449.0,Amazon,DE,2026-09-08T08:58:37Z,B0CSKKGYWN,,,,,
Samsung,"Samsung Q80D QE75Q80DATXXH TV 190,5 cm (75"") 4K Ultra HD Smart TV WiFi Argent",https://www.amazon.de/dp/B0DF5R6VPT,75.0,1049.0,1049.0,EUR,1049.0,Amazon,DE,2026-09-08T08:58:37Z,B0DF5R6VPT,,,,,
Samsung,"Samsung QLED 4K Q60C 55 Zoll Fernseher, Quantum-Dot-Technologie, Quantum HDR, AirSlim Design, Smart TV [2023] (55Q60C)",https://www.amazon.de/dp/B0C5JVYD4Y,55.0,616.62,616.62,EUR,616.62,Amazon,DE,2026-09-08T08:58:37Z,B0C5JVYD4Y,,,,,
Samsung,"Samsung GU65DU7199U 165,1 cm (65"") 4K Ultra HD Smart TV WiFi Noir",https://www.amazon.de/dp/B0D58N4YY6,65.0,699.0,699.0,EUR,699.0,Amazon,DE,2026-09-08T08:58:37Z,B0D58N4YY6,,,,,
Samsung,"Samsung OLED 4K S90C 55 Zoll Fernseher (GQ55S90CATXZG, Deutsches Modell), Quantum HDR OLED, Neural Quantum Prozessor 4K, LaserSlim Design, Smart TV [2023]",https://www.amazon.de/dp/B0BXTBCFBZ,55.0,1299.0,1299.0,EUR,1299.0,Amazon,DE,2026-09-08T08:58:37Z,B0BXTBCFBZ,,,,,
Samsung,"Samsung UE40D7090 101 cm (40 Zoll) 3D-LED-Fernseher, Energieeffizienzklasse B (Full-HD, 800Hz, DVB-T/C/S2 Tuner, HDMI, VGA, WLAN) titan-schwarz",https://www.amazon.de/dp/B004RB5TQ8,40.0,400.0,400.0,EUR,400.0,Amazon,DE,2026-09-08T08:58:37Z,B004RB5TQ8,,,,,
Samsung,"Samsung QLED 4K Q60C 65 Zoll Fernseher, Quantum-Dot-Technologie, Quantum HDR, AirSlim Design, Smart TV [2023] (65Q60C)",https://www.amazon.de/dp/B0C4246L8X,65.0,999.0,999.0,EUR,999.0,Amazon,DE,2026-09-08T08:58:37Z,B0C4246L8X,,,,,
Samsung,"Samsung The Frame QLED 4K TV 43 Zoll (GQ43LS03AAUXZG), Quantum HDR, Design im Rahmen-Look, Austauschbare Rahmen [2021]",https://www.amazon.de/dp/B092R9SDGQ,43.0,999.0,999.0,EUR,999.0,Amazon,DE,2026-09-08T08:58:37Z,B092R9SDGQ,,,,,
Samsung,"Samsung TV TU75U8005FU (2025) 75"" LED UHD 4K [Länderversion Französisch, Spanisch, Portugiesisch]...[Länderversion Französisch, Spanisch, Portugiesisch]",https://www.amazon.de/dp/B0F225CDYG,75.0,764.74,764.74,EUR,764.74,Amazon,DE,2026-09-08T08:58:37Z,B0F225CDYG,,,,,
Samsung,"Samsung OLED 4K S90C 65 Zoll Fernseher, Quantum HDR OLED, Neural Quantum Prozessor 4K, LaserSlim Design, Smart TV, (Modell 2023, 65S90C)",https://www.amazon.de/dp/B0C5NKHBFV,65.0,1549.0,1549.0,EUR,1549.0,Amazon,DE,2026-09-08T08:58:37Z,B0C5NKHBFV,,,,,
Samsung,"Samsung QLED Q70D 75 Zoll (191 cm) Fernseher TV mit Quantum Prozessor 4K, 100% Farbvolumen,AI Upscaling, Tizen OS, Smart TV, 75Q70D, [2024]",https://www.amazon.de/dp/B0DCZCMW15,75.0,1047.59,1047.59,EUR,1047.59,Amazon,DE,2026-09-08T08:58:37Z,B0DCZCMW15,,,,,
Samsung,"Samsung QLED 4K Q60B 65 Zoll Fernseher (GQ65Q60BAUXZG, Deutsches Modell), Quantum HDR, Quantum Prozessor Lite 4K, Multi View, Smart TV [2022]",https://www.amazon.de/dp/B09VTGBD85,65.0,879.0,879.0,EUR,879.0,Amazon,DE,2026-09-08T08:58:37Z,B09VTGBD85,,,,,
Samsung,Samsung Ue50nu7405 Televisor 50'' LCD Led Uhd 4k HDR 1700hz Smart Tv WiFi Bluetooth,https://www.amazon.de/dp/B07C2TWKZ2,50.0,,,,,Amazon,DE,2026-09-08T08:58:37Z,B07C2TWKZ2,,,,,
Samsung,"Samsung Neo QLED 4K QN85F 85 Zoll (214 cm) Mini LED Fernseher, NQ4 AI Gen2 Prozessor, Quantum Matrix Technology Slim, Motion Xcelerator 144Hz, AirSlim Design, Samsun...[Länderversion Ungarisch]",https://www.amazon.de/dp/B0FNMYQ547,85.0,1894.17,1894.17,EUR,1894.17,Amazon,DE,2026-09-08T08:58:37Z,B0FNMYQ547,,,,,
Samsung,"Samsung Neo QLED 8K QN800D 65 Zoll (165 cm) 8K Fernseher, TV mit Neo Quantum HDR, Neural Quantum AI Gen2 Prozessor, AI Upscaling, Smart TV, 65QN800D [2024]",https://www.amazon.de/dp/B0FB4XPRFB,65.0,,,,,Amazon,DE,2026-09-08T08:58:37Z,B0FB4XPRFB,,,,,
Samsung,"Samsung TV 43"" (2025) Neo QLED 4K UHD - TQ43QN90FATXXC [Länderversion Französisch, Spanisch, Portugiesisch]...[Länderversion Französisch, Spanisch, Portugiesisch]",https://www.amazon.de/dp/B0F21YMCYJ,43.0,800.05,800.05,EUR,800.05,Amazon,DE,2026-09-08T08:58:37Z,B0F21YMCYJ,,,,,
Samsung,"Samsung 65 Zoll M70H 4K Mini LED-TV - Tizen Smart TV, hervorragende Bildverwaltung, ideal für Filme, Serien und Sport.",https://www.amazon.de/dp/B0H3KPWMCZ,65.0,894.49,894.49,EUR,894.49,Amazon,DE,2026-09-08T08:58:37Z,B0H3KPWMCZ,,,,,
Samsung,"Samsung Tv 65"" Led Ultra Hd 4k Smart Dvb/t2/s2 65u8092",https://www.amazon.de/dp/B0FVTYJFBR,65.0,664.92,664.92,EUR,664.92,Amazon,DE,2026-09-08T08:58:37Z,B0FVTYJFBR,,,,,
Samsung,"Samsung QLED 4K Q60C 85 Zoll Fernseher, Quantum-Dot-Technologie, Quantum HDR, AirSlim Design, Smart TV [2023] (85Q60C)",https://www.amazon.de/dp/B0C7H1KQJ5,85.0,1490.0,1490.0,EUR,1490.0,Amazon,DE,2026-09-08T08:58:37Z,B0C7H1KQJ5,,,,,
Samsung,"Samsung Neo QLED 4K QN80F 85 Zoll (214 cm) Mini LED Fernseher, NQ4 AI Gen2 Prozessor, Quantum Matrix Technology Slim, Motion Xcelerator 144Hz, AirSlim Design, Samsun...[Länderversion Ungarisch]",https://www.amazon.de/dp/B0FPCS42TN,85.0,1734.95,1734.95,EUR,1734.95,Amazon,DE,2026-09-08T08:58:37Z,B0FPCS42TN,,,,,
Samsung,"Samsung Neo QLED 4K QN90C 55 Zoll Fernseher (GQ55QN90CATXZG, Deutsches Modell), Neo Quantum HDR+, Neural Quantum Prozessor 4K, Dolby Atmos, Smart TV [2023]",https://www.amazon.de/dp/B0BXT841QQ,55.0,1349.0,1349.0,EUR,1349.0,Amazon,DE,2026-09-08T08:58:37Z,B0BXT841QQ,,,,,
Samsung,"Samsung Crystal UHD CU7170 Series 85 Zoll Fernseher, PurColor, Crystal Prozessor 4K, Motion Xcelerator, Smart TV, (Modell 2023, 85CU7170)",https://www.amazon.de/dp/B0C7GS6YLM,85.0,915.0,915.0,EUR,915.0,Amazon,DE,2026-09-08T08:58:37Z,B0C7GS6YLM,,,,,
Samsung,"Samsung Mini LED M61H FHD 50 Zoll (125 cm) Fernseher, Vision AI Smart TV | Pure Spectrum Color für realitätsnahe Farben, Dynamic Sound Pack, Samsung TV Plus, Mini LED HDR, Metal Stream Design",https://www.amazon.de/dp/B0HF5M1425,50.0,499.0,499.0,EUR,499.0,Amazon,DE,2026-09-08T08:58:37Z,B0HF5M1425,,,,,
Samsung,"TV Samsung The Frame 75"" QLED 4K UHD - TQ75LS03DAU [Länderversion Französisch, Spanisch, Portugiesisch]...[Länderversion Französisch, Spanisch, Portugiesisch]",https://www.amazon.de/dp/B0CSDMYNLY,75.0,1830.36,1830.36,EUR,1830.36,Amazon,DE,2026-09-08T08:58:37Z,B0CSDMYNLY,,,,,
Samsung,"Samsung QLED 4K Q70C 65 Zoll Fernseher (GQ65Q70CATXZG, Deutsches Modell), Quantum Prozessor 4K, Motion Xcelerator Turbo+, Quantum HDR, Smart TV [2023]",https://www.amazon.de/dp/B0BXTCLLG1,65.0,1069.0,1069.0,EUR,1069.0,Amazon,DE,2026-09-08T08:58:37Z,B0BXTCLLG1,,,,,
Samsung,"Samsung Neo QLED 8K QN800D 75 Zoll (191 cm) 8K Fernseher, TV mit Neo Quantum HDR, Neural Quantum AI Gen2 Prozessor, AI Upscaling, Smart TV, 75QN800D [2024]",https://www.amazon.de/dp/B0DJMLXMRJ,75.0,,,,,Amazon,DE,2026-09-08T08:58:37Z,B0DJMLXMRJ,,,,,
Samsung,"Samsung Crystal UHD CU8079 65 Zoll Fernseher TV 4K (GU-65CU8079, Deutsches Modell), HDR10+, Crystal Prozessor 4K, Motion Xcelerator, Smart TV [2023], Schwarz",https://www.amazon.de/dp/B0C1CPV9MW,65.0,699.0,699.0,EUR,699.0,Amazon,DE,2026-09-08T08:58:37Z,B0C1CPV9MW,,,,,
Samsung,"Samsung QLED Q70D 85 Zoll (216 cm) Fernseher TV mit Quantum Prozessor 4K, 100% Farbvolumen,AI Upscaling, Tizen OS, Smart TV, 85Q70D, [2024]",https://www.amazon.de/dp/B0D3VJBB99,85.0,1999.0,1999.0,EUR,1999.0,Amazon,DE,2026-09-08T08:58:37Z,B0D3VJBB99,,,,,
Samsung,"Samsung 83"" TV (2025) OLED 4K - TQ83S85FAEXXC [Länderversion Französisch, Spanisch, Portugiesisch]...[Länderversion Französisch, Spanisch, Portugiesisch]",https://www.amazon.de/dp/B0F2FMLH3V,83.0,2124.57,2124.57,EUR,2124.57,Amazon,DE,2026-09-08T08:58:37Z,B0F2FMLH3V,,,,,
LG,"LG 43NU8E0B3LA Nano 4K UHD TV, 43 Zoll, α7 Gen9 4K AI Prozessor, webOS 26, 60Hz, VRR bis zu 60Hz, Modelljahr 2026, Energieklasse F",https://www.amazon.de/dp/B0GSRLQ5J3,43.0,299.0,299.0,EUR,299.0,Amazon,DE,2026-09-08T08:58:37Z,B0GSRLQ5J3,,,,,
LG,"LG 32LQ63806LC TV 80 cm (32 Zoll) LCD Fernseher (1080p FHD, 60 Hz, Smart TV, weiß) (Modelljahr 2022), Multicolor",https://www.amazon.de/dp/B09V5C4BN7,32.0,189.0,189.0,EUR,189.0,Amazon,DE,2026-09-08T08:58:37Z,B09V5C4BN7,,,,,
LG,"LG OLED48C5ELB, 48 Zoll (121 cm), 4K OLED evo AI TV, α9 Gen8 Prozessor, webOS 25, 120Hz (VRR bis zu 144Hz), Modelljahr 2025",https://www.amazon.de/dp/B0F2JG88PX,48.0,649.0,649.0,EUR,649.0,Amazon,DE,2026-09-08T08:58:37Z,B0F2JG88PX,,,,,
LG,"LG 65QNED7EB3C TV 65 Zoll, 1650 Mm, 4K QNED Mini LED AI, α7 Gen9 Prozessor, webOS 26, 60Hz, VRR, Modelljahr 2026",https://www.amazon.de/dp/B0GSGY9XR7,65.0,579.0,579.0,EUR,579.0,Amazon,DE,2026-09-08T08:58:37Z,B0GSGY9XR7,,,,,
LG,"LG 55NU8E0B3LA TV 55 Zoll (139 cm) Nano 4K UHD TV (α7 Gen9 4K AI Prozessor, webOS 26, 60Hz (VRR bis zu 60Hz)) [Modelljahr 2026] [Energieklasse E]",https://www.amazon.de/dp/B0GSH1DNSP,55.0,379.0,379.0,EUR,379.0,Amazon,DE,2026-09-08T08:58:37Z,B0GSH1DNSP,,,,,
LG,"LG Full HD LR60006LA TV 43 Zoll (109 cm) Smart TV, a5 Gen6 AI Prozessor,WebOS 23, 60Hz, HDR, 43LR60006LA (2025)",https://www.amazon.de/dp/B0FNRFJ2Y5,43.0,,,,,Amazon,DE,2026-09-08T08:58:37Z,B0FNRFJ2Y5,,,,,
LG,"LG 50NANO80A6B TV 50 Zoll (127 cm) 4K NanoCell AI TV (α7 Gen8 4K AI Prozessor, webOS 25, 60Hz) [Modelljahr 2025]",https://www.amazon.de/dp/B0F2GDSGB7,50.0,329.0,329.0,EUR,329.0,Amazon,DE,2026-09-08T08:58:37Z,B0F2GDSGB7,,,,,
LG,"LG 55QNED7EB3C 4K QNED Mini LED AI TV, 55 Zoll, α7 Gen9 Prozessor, webOS 26, 60Hz, VRR bis zu 60Hz, Modelljahr 2026",https://www.amazon.de/dp/B0GSGXDD7M,55.0,458.99,458.99,EUR,458.99,Amazon,DE,2026-09-08T08:58:37Z,B0GSGXDD7M,,,,,
LG,"LG 32LQ63006LA TV 80 cm (32 Zoll) Full HD Fernseher (Google Assistant, 60 Hz, Smart TV) [Modelljahr 2022], schwarz",https://www.amazon.de/dp/B09RQ4C4KX,32.0,205.9,205.9,EUR,205.9,Amazon,DE,2026-09-08T08:58:37Z,B09RQ4C4KX,,,,,
LG,"Smart TV LG 50NANO81A6A 4K Ultra HD 50"" LED Wi-Fi",https://www.amazon.de/dp/B0FY7KJBKZ,50.0,,,,,Amazon,DE,2026-09-08T08:58:37Z,B0FY7KJBKZ,,,,,
LG,"LG 43UR78006LK 109 cm (43 Zoll) UHD Fernseher (Active HDR, 60 Hz, Smart TV) [Modelljahr 2023]",https://www.amazon.de/dp/B0BWWJQVGZ,43.0,285.99,285.99,EUR,285.99,Amazon,DE,2026-09-08T08:58:37Z,B0BWWJQVGZ,,,,,
LG,"LG 65NU8E0B3LA Nano 4K UHD TV, 65 Zoll, α7 Gen9 4K AI Prozessor, webOS 26, 60Hz, VRR bis zu 60Hz, Modelljahr 2026, Energieklasse E",https://www.amazon.de/dp/B0GSGWWKHY,65.0,499.0,499.0,EUR,499.0,Amazon,DE,2026-09-08T08:58:37Z,B0GSGWWKHY,,,,,
LG,"LG 27LB70006LA TV 27 Zoll (68 cm) Full HD LCD TV (α5 Gen9 4K AI Prozessor, webOS 26, 120Hz) [Modelljahr 2026] [Energieklasse E]",https://www.amazon.de/dp/B0H2F6QFQK,27.0,209.0,209.0,EUR,209.0,Amazon,DE,2026-09-08T08:58:37Z,B0H2F6QFQK,,,,,
LG,"LG 75QNED7EB3A TV 75 Zoll, 1900 Mm, 4K QNED Mini LED AI, α7 Gen9 Prozessor, webOS 26, 60Hz, VRR, Modelljahr 2026",https://www.amazon.de/dp/B0GSGYR42K,75.0,759.89,759.89,EUR,759.89,Amazon,DE,2026-09-08T08:58:37Z,B0GSGYR42K,,,,,
LG,LG 32 inch SMART TV AI LB65 HD Model 2026 (32LB650B3LA),https://www.amazon.de/dp/B0HG9BD9D8,32.0,229.0,229.0,EUR,229.0,Amazon,DE,2026-09-08T08:58:37Z,B0HG9BD9D8,,,,,
LG,"LG 27LB70003LA TV 27 Zoll (68 cm) Full HD LCD TV (α5 Gen9 4K AI Prozessor, webOS 26, 120Hz) [Modelljahr 2026] [Energieklasse E]",https://www.amazon.de/dp/B0HCCNNBYG,27.0,199.99,199.99,EUR,199.99,Amazon,DE,2026-09-08T08:58:37Z,B0HCCNNBYG,,,,,
LG,"LG OLED55C6ELB 4K OLED Evo AI TV, 55 Zoll, α11 Gen3 Prozessor, webOS 26, 120Hz, VRR bis zu 165Hz, Modelljahr 2026, Energieklasse G",https://www.amazon.de/dp/B0GSH2S5VY,55.0,1299.0,1299.0,EUR,1299.0,Amazon,DE,2026-09-08T08:58:37Z,B0GSH2S5VY,,,,,
LG,"LG 55QNED82A6B TV 55 Zoll (139 cm) 4K QNED AI TV (α7 Gen8 4K AI Prozessor, webOS 25, 60Hz) [Modelljahr 2025]",https://www.amazon.de/dp/B0F2259VV1,55.0,399.0,399.0,EUR,399.0,Amazon,DE,2026-09-08T08:58:37Z,B0F2259VV1,,,,,
LG,"LG OLED48B59LA TV 48 Zoll (121 cm) 4K OLED AI TV (α8 Gen2 4K AI Prozessor, webOS 25, 120Hz) [Modelljahr 2025]",https://www.amazon.de/dp/B0F2JFD3PN,48.0,599.0,599.0,EUR,599.0,Amazon,DE,2026-09-08T08:58:37Z,B0F2JFD3PN,,,,,
LG,"LG OLED65G67LW TV 65 Zoll, 4K OLED Evo AI, α11 Gen3 Prozessor, webOS 26, 120Hz, VRR bis zu 165Hz, Modelljahr 2026, Energieklasse E",https://www.amazon.de/dp/B0GSH6Z2NJ,65.0,2099.01,2099.01,EUR,2099.01,Amazon,DE,2026-09-08T08:58:37Z,B0GSH6Z2NJ,,,,,
LG,"LG 32LQ63006LA Smart TV 32 Zoll Full HD, LED TV 2022 mit α5 Gen 5 Prozessor mit AI, webOS 22, HDR, WLAN, Bluetooth, Game Optimizer, Google Stadia und GeForce Now, kompatibel mit Google Home und Alexa",https://www.amazon.de/dp/B09T74KPR6,32.0,208.95,208.95,EUR,208.95,Amazon,DE,2026-09-08T08:58:37Z,B09T74KPR6,,,,,
LG,"LG 43QNED82A6B TV 43 Zoll (109 cm) 4K QNED AI TV (α7 Gen8 4K AI Prozessor, webOS 25, 60Hz) [Modelljahr 2025]",https://www.amazon.de/dp/B0F2269H9B,43.0,329.0,329.0,EUR,329.0,Amazon,DE,2026-09-08T08:58:37Z,B0F2269H9B,,,,,
LG,"Smart TV LG 32LR60006LA.AEUQ Full HD 32"" LED",https://www.amazon.de/dp/B0F227Q92B,32.0,,,,,Amazon,DE,2026-09-08T08:58:37Z,B0F227Q92B,,,,,
Toshiba,Toshiba 43UV2363DG Fernseher 43 Zoll VIDAA Smart TV mit 4K UHD Auflösung | HDR | 3x HDMI | 2x USB | Dolby Audio | Sprachsteuerung | Frameless Design | Triple-Tuner DVB-C/-S2/-T2 | Modelljahr 2026,https://www.amazon.de/dp/B0CHF5GKTL,43.0,225.04,225.04,EUR,225.04,Amazon,DE,2026-09-08T08:58:37Z,B0CHF5GKTL,,,,,
LG,"LG TV 65 Zoll (165 cm) 4K UHD AI TV 2025 (α7 Gen8 4K AI Prozessor, webOS 25, 60Hz) 65UA73006LA",https://www.amazon.de/dp/B0F2GBVRN8,65.0,479.0,479.0,EUR,479.0,Amazon,DE,2026-09-08T08:58:37Z,B0F2GBVRN8,,,,,
LG,LG Smart TV 55 Zoll 4K Ultra HD LED Display NanoCell System WebOS Prozessor A7 Gen8 Klasse G Farbe Schwarz Fernseher - 55NANO81A6A.API,https://www.amazon.de/dp/B0FFGZZTMH,55.0,396.0,396.0,EUR,396.0,Amazon,DE,2026-09-08T08:58:37Z,B0FFGZZTMH,,,,,
LG,"LG 43NU850B6LA - Smart TV Nano 4K UHD NU85, 43 Zoll, ohne Reflexionen zu 94 %, WebOS 26 AI, intelligenter Prozessor α7 AI Prozessor 4K Gen9, HDR10 Pro, 4K Super Upscaling, Dolby",https://www.amazon.de/dp/B0H2DWJC5L,43.0,304.01,304.01,EUR,304.01,Amazon,DE,2026-09-08T08:58:37Z,B0H2DWJC5L,,,,,
LG,"LG OLED65C54LA TV 65 Zoll (165 cm) 4K OLED evo AI TV (α9 Gen8 4K AI Prozessor, webOS 25, 120Hz (VRR bis zu 144Hz)) [Modelljahr 2025] [Energieklasse F]",https://www.amazon.de/dp/B0FQP6YQJG,65.0,,,,,Amazon,DE,2026-09-08T08:58:37Z,B0FQP6YQJG,,,,,
LG,"LG OLED48G56LS TV 48"" (121 cm) OLED evo Fernseher (α11 4K AI-Prozessor, webOS 25, Dolby Vision, bis zu 120Hz) [Modelljahr 2025]",https://www.amazon.de/dp/B0F7468M2N,48.0,875.0,875.0,EUR,875.0,Amazon,DE,2026-09-08T08:58:37Z,B0F7468M2N,,,,,
LG,"LG UHD TV AI 2025 | 50UA73 | 50 Zoll (126cm) | 4K UHD | HDR10 |webOS 25 | Alexa, Google Assistant | Netflix Disney+ C+ Prime Video | AirPlay 2",https://www.amazon.de/dp/B0F2GF65MX,50.0,319.0,319.0,EUR,319.0,Amazon,DE,2026-09-08T08:58:37Z,B0F2GF65MX,,,,,
LG,"LG 50QNED82A6B TV 50 Zoll (127 cm) 4K QNED AI TV (α7 Gen8 4K AI Prozessor, webOS 25, 60Hz) [Modelljahr 2025]",https://www.amazon.de/dp/B0F228H2M1,50.0,359.0,359.0,EUR,359.0,Amazon,DE,2026-09-08T08:58:37Z,B0F228H2M1,,,,,
LG,LG TV AI NANO81 (2025) 65 Zoll NanoCell UHD 4K - 65NANO81A6A,https://www.amazon.de/dp/B0F4PS3DLS,65.0,529.9,529.9,EUR,529.9,Amazon,DE,2026-09-08T08:58:37Z,B0F4PS3DLS,,,,,
LG,"LG 50QNED86A6C TV 50 Zoll (127 cm) 4K QNED evo AI TV (α7 Gen8 4K AI Prozessor, webOS 25, 60Hz) [Modelljahr 2025]",https://www.amazon.de/dp/B0F3DNWVBZ,50.0,549.0,549.0,EUR,549.0,Amazon,DE,2026-09-08T08:58:37Z,B0F3DNWVBZ,,,,,
LG,"TV intelligente LG 24TQ510SWZ 24"" HD LED WIFI",https://www.amazon.de/dp/B09ZV7BJJM,24.0,229.0,229.0,EUR,229.0,Amazon,DE,2026-09-08T08:58:37Z,B09ZV7BJJM,,,,,
LG,"LG 55UF680V schwarz Ultra HD 1000PMI LED-TV 55"" (139cm) Metallic Design",https://www.amazon.de/dp/B013SOPSJW,55.0,300.0,300.0,EUR,300.0,Amazon,DE,2026-09-08T08:58:37Z,B013SOPSJW,,,,,
LG,"LG 75QNED82A6B TV 75 Zoll (190 cm) 4K QNED AI TV (α7 Gen8 4K AI Prozessor, webOS 25, 60Hz) [Modelljahr 2025]",https://www.amazon.de/dp/B0F2293HRK,75.0,749.0,749.0,EUR,749.0,Amazon,DE,2026-09-08T08:58:37Z,B0F2293HRK,,,,,
LG,"LG 55UH600V 139 cm (55 Zoll) 4K Ultra HD Fernseher (3840 x 2160, Smart TV)",https://www.amazon.de/dp/B01C8TFAY6,55.0,400.0,400.0,EUR,400.0,Amazon,DE,2026-09-08T08:58:37Z,B01C8TFAY6,,,,,
LG,"LG 85QNED83B6A TV 85 Zoll (215 cm) 4K QNED evo Mini LED AI TV (α8 Gen3 4K AI Prozessor, webOS 26, 120Hz (VRR bis zu 144Hz)) [Modelljahr 2026] [Energieklasse F]",https://www.amazon.de/dp/B0GSH5475Q,85.0,1349.0,1349.0,EUR,1349.0,Amazon,DE,2026-09-08T08:58:37Z,B0GSH5475Q,,,,,
LG,"LG 43LR60006LA・109 cm (43"") Diagonalklasse (43LR60006LA)",https://www.amazon.de/dp/B0G6KMCJD2,43.0,246.53,246.53,EUR,246.53,Amazon,DE,2026-09-08T08:58:37Z,B0G6KMCJD2,,,,,
LG,"TV intelligente LG 24TQ510S-PZ 24"" HD LED WIFI",https://www.amazon.de/dp/B09ZV6HKQT,24.0,,,,,Amazon,DE,2026-09-08T08:58:37Z,B09ZV6HKQT,,,,,
TCL,"TCL 50T6C 50 Zoll QLED Fernseher, 4K UHD Fire TV, HDR10+, Dolby Vision & Atmos, Smart TV mit Sprachsteuerung mit Alexa, Google Cast & AirPlay 2",https://www.amazon.de/dp/B0DW9792RH,50.0,299.0,299.0,EUR,299.0,Amazon,DE,2026-09-08T08:58:37Z,B0DW9792RH,,,,,
LG,"LG 32LQ630B6LA TV 81,3 cm [32] HD Smart TV Wi-Fi Nero (LG 32LQ630B6LA LQ630B Series - 32 LED)",https://www.amazon.de/dp/B09XXX78CS,32.0,,,,,Amazon,DE,2026-09-08T08:58:37Z,B09XXX78CS,,,,,
LG,"LG 47LW4500 119 cm (47 Zoll) Cinema 3D LED-Backlight-Fernseher (Full-HD, 400Hz, DVB-T, DVB-C, CI+) schwarz",https://www.amazon.de/dp/B004QF0PT6,47.0,300.0,300.0,EUR,300.0,Amazon,DE,2026-09-08T08:58:37Z,B004QF0PT6,,,,,
Hisense,"Hisense 55E7DS Fernseher 55 Zoll, 4K UHD QLED, Smart TV, Hi View AI Engine, 60Hz Game Mode Plus, Dolby Vision IQ, QLED Colour, Filmmaker, Smooth Motion, Airplay, Sprachsteuerung, 2026",https://www.amazon.de/dp/B0GM1TVSMG,55.0,359.0,359.0,EUR,359.0,Amazon,DE,2026-09-08T08:58:37Z,B0GM1TVSMG,,,,,
LG,LG 98NU900B6LB - Smart TV Nano 4K UHD AI NU90 98 Zoll 4K 2026,https://www.amazon.de/dp/B0H5KYV6LN,98.0,1799.0,1799.0,EUR,1799.0,Amazon,DE,2026-09-08T08:58:37Z,B0H5KYV6LN,,,,,
LG,"LG 98UT91006LA TV 98"" (249 cm) UHD Fernseher (α8 4K AI-Prozessor, webOS 24, bis zu 120Hz) [Modelljahr 2024]",https://www.amazon.de/dp/B0FBS98KPZ,98.0,,,,,Amazon,DE,2026-09-08T08:58:37Z,B0FBS98KPZ,,,,,
LG,"LG 65QNED82A6B TV 65 Zoll (165 cm) 4K QNED AI TV (α7 Gen8 4K AI Prozessor, webOS 25, 60Hz) [Modelljahr 2025]",https://www.amazon.de/dp/B0F226M1SY,65.0,669.0,669.0,EUR,669.0,Amazon,DE,2026-09-08T08:58:37Z,B0F226M1SY,,,,,
LG,LG TV QNED 2024 | 65QNED85T | 65 Zoll (164 cm) | QNED | Prozessor α8 AI 4K | Alexa,https://www.amazon.de/dp/B0D54NQ796,65.0,849.0,849.0,EUR,849.0,Amazon,DE,2026-09-08T08:58:37Z,B0D54NQ796,,,,,
LG,"LG TV 55QNED70A6A (2025) 55"" QNED 4K UHD",https://www.amazon.de/dp/B0FV25V1Q7,55.0,452.15,452.15,EUR,452.15,Amazon,DE,2026-09-08T08:58:37Z,B0FV25V1Q7,,,,,
LG,"LG 43UA73003LA – 43 Zoll Fernseher (Smart TV, DVB-T2, 4K, LED, Energieeffizienzklasse G",https://www.amazon.de/dp/B0G1ZDLM2H,43.0,267.99,267.99,EUR,267.99,Amazon,DE,2026-09-08T08:58:37Z,B0G1ZDLM2H,,,,,
LG,"LG OLED65B68LA 4K OLED AI TV, 65 Zoll, α8 Gen3 Prozessor, webOS 26, 120Hz, VRR bis zu 120Hz, Modelljahr 2026, Energieklasse F",https://www.amazon.de/dp/B0GSH1VH5S,65.0,1399.0,1399.0,EUR,1399.0,Amazon,DE,2026-09-08T08:58:37Z,B0GSH1VH5S,,,,,
LG,LG 40UF695V 100 cm (Fernseher),https://www.amazon.de/dp/B00YJJ0RCY,40.0,300.0,300.0,EUR,300.0,Amazon,DE,2026-09-08T08:58:37Z,B00YJJ0RCY,,,,,
LG,"LG 55UR78006LK 140 cm (55 Zoll) UHD Fernseher (Active HDR, 60 Hz, Smart TV) [Modelljahr 2023]",https://www.amazon.de/dp/B0C2DG877X,55.0,,,,,Amazon,DE,2026-09-08T08:58:37Z,B0C2DG877X,,,,,
LG,LG 55UA73006LA 55 Zoll 4 K TV,https://www.amazon.de/dp/B0F3XQZP95,55.0,389.0,389.0,EUR,389.0,Amazon,DE,2026-09-08T08:58:37Z,B0F3XQZP95,,,,,
TCL,"TCL 43T69C 43 Zoll QLED, Direct LED TV, 4K HDR TV, Smart Google TV (Dolby Vision & Atmos, Game Master, Motion Clarity, Kompatibel mit Google Assistant & Alexa)",https://www.amazon.de/dp/B0F8QFTXW9,43.0,279.0,279.0,EUR,279.0,Amazon,DE,2026-09-08T08:58:37Z,B0F8QFTXW9,,,,,
LG,"LG 65QNED86T6A TV 65"" (165 cm) QNED Fernseher (α8 4K AI-Prozessor, webOS 24, HDR10, bis zu 120Hz) [Modelljahr 2024]",https://www.amazon.de/dp/B0CYPY4DYN,65.0,1219.0,1219.0,EUR,1219.0,Amazon,DE,2026-09-08T08:58:37Z,B0CYPY4DYN,,,,,
LG,"LG OLED77B59LA TV 77 Zoll (195 cm) 4K OLED AI TV (α8 Gen2 4K AI Prozessor, webOS 25, 120Hz) [Modelljahr 2025]",https://www.amazon.de/dp/B0F225VHQ7,77.0,1619.0,1619.0,EUR,1619.0,Amazon,DE,2026-09-08T08:58:37Z,B0F225VHQ7,,,,,
LG,"LG 75NANO81T6A TV 75"" (190 cm) NanoCell Fernseher (α5 Gen7 4K AI-Prozessor, webOS 24, HDR10, bis zu 60Hz) [Modelljahr 2024]",https://www.amazon.de/dp/B0CYQ1HZHW,75.0,683.08,683.08,EUR,683.08,Amazon,DE,2026-09-08T08:58:37Z,B0CYQ1HZHW,,,,,
LG,"REFLEXION LED24IBT Smart LED Fernseher, LG webOSHub, 60 cm / 24 Zoll, Wohnwagen/Wohnmobil/Camping/Caravan/Boot/LKW TV, 12/230 Volt, Full HD, Triple Tuner, DVB-T2HD, DVB-S2, DVB-C, Bluetooth, WLAN",https://www.amazon.de/dp/B0DK62XLYP,24.0,,,,,Amazon,DE,2026-09-08T08:58:37Z,B0DK62XLYP,,,,,
LG,"LG OLED EVO 48C58LA 48 Zoll Fernseher, 4K Smart TV 120Hz, a9 Gen8 AI Prozessor 4K, WebOS 25",https://www.amazon.de/dp/B0F4JY1RD9,48.0,,,,,Amazon,DE,2026-09-08T08:58:37Z,B0F4JY1RD9,,,,,
LG,"LG OLED55B49LA TV 55"" (139 cm) OLED Fernseher (α8 4K AI-Prozessor, webOS 24, Dolby Vision, bis zu 120Hz) [Modelljahr 2024]",https://www.amazon.de/dp/B0CYPZNFJV,55.0,,,,,Amazon,DE,2026-09-08T08:58:37Z,B0CYPZNFJV,,,,,
LG,"LG OLED55G59LS TV 55 Zoll (139 cm) 4K OLED evo AI TV (α11 Gen2 4K AI Prozessor, webOS 25, 120Hz (VRR bis zu 165Hz)) [Modelljahr 2025]",https://www.amazon.de/dp/B0F4KQJFFM,55.0,,,,,Amazon,DE,2026-09-08T08:58:37Z,B0F4KQJFFM,,,,,
LG,"LG OLED83G58LW TV 83 Zoll (210 cm) 4K OLED evo AI TV (α11 Gen2 4K AI Prozessor, webOS 25, 120Hz (VRR bis zu 165Hz)) [Modelljahr 2025]",https://www.amazon.de/dp/B0F4J22QGD,83.0,3399.0,3399.0,EUR,3399.0,Amazon,DE,2026-09-08T08:58:37Z,B0F4J22QGD,,,,,
LG,"LG OLED48C47LA TV 48"" (121 cm) OLED evo Fernseher (α9 Gen7 4K AI-Prozessor, webOS 24, Dolby Vision, bis zu 120Hz) [Modelljahr 2024]",https://www.amazon.de/dp/B0CYQ16XRR,48.0,,,,,Amazon,DE,2026-09-08T08:58:37Z,B0CYQ16XRR,,,,,
Hisense,"Hisense 55E7Q PRO Fernseher 139cm (55 Zoll) 4K UHD QLED, Smart TV,144Hz Game Mode PRO,Filmaker Mode, AMD FreeSync Premium,AI HDR Upscaler,Dolby Vision IQ,Dolby Atmos,Sprachsteuerung[2025]",https://www.amazon.de/dp/B0F1N7WT6C,55.0,469.92,469.92,EUR,469.92,Amazon,DE,2026-09-08T08:58:37Z,B0F1N7WT6C,,,,,
Hisense,"Hisense 40E4QT Fehrnseher, 40 Zoll, DLED, Smart TV, Game Mode, AI Sports Mode, Dolby Audio, Dolby MS12, DTS Virtual X, HDR10, HLG, Full HD, High Contrast, Rauschunterdrückung [2025]",https://www.amazon.de/dp/B0F9YRTQTP,40.0,,,,,Amazon,DE,2026-09-08T08:58:37Z,B0F9YRTQTP,,,,,
Xiaomi,"Xiaomi TV F Pro 75 (190 cm), 4K UHD QLED, Smart TV, Fire OS8, HDR10+, MEMC | Triple Tuner DVB-C/S/S2/T/T2, 60Hz with 120Hz Game Boost Mode, Voice Control with Alexa, 2GB + 32GB",https://www.amazon.de/dp/B0F45BLD1H,75.0,599.0,599.0,EUR,599.0,Amazon,DE,2026-09-08T08:58:37Z,B0F45BLD1H,,,,,
TCL,"TCL 43V6C 43 Zoll Direct LED TV, 4K HDR Fernseher, Smart TV mithilfe von Google TV (Dolby Audio, Motion Clarity, Kompatibel mit Google Assistant & Alexa)",https://www.amazon.de/dp/B0DV9HJTTK,43.0,249.0,249.0,EUR,249.0,Amazon,DE,2026-09-08T08:58:37Z,B0DV9HJTTK,,,,,
Hisense,"Hisense 50E7NQ 126 cm (50 Zoll) Fernseher, 4K UHD, QLED, HDR10, HDR10+ decoding, HLG, Dolby Vision Atmos, 60Hz Panel, Smooth Motion, Bluetooth, Alexa Built-in, VIDAA Voice, Schwarz [2024]",https://www.amazon.de/dp/B0CXTJJ3JG,50.0,,,,,Amazon,DE,2026-09-08T08:58:37Z,B0CXTJJ3JG,,,,,
LG,LG 50QNED80A6A QNED evo AI,https://www.amazon.de/dp/B0FLQ7Y2MZ,50.0,419.74,419.74,EUR,419.74,Amazon,DE,2026-09-08T08:58:37Z,B0FLQ7Y2MZ,,,,,
LG,"LG OLED55G58LW TV 55 Zoll (139 cm) 4K OLED evo AI TV (α11 Gen2 4K AI Prozessor, webOS 25, 120Hz (VRR bis zu 165Hz)) [Modelljahr 2025]",https://www.amazon.de/dp/B0F4GJMHZB,55.0,,,,,Amazon,DE,2026-09-08T08:58:37Z,B0F4GJMHZB,,,,,
LG,"LG OLED65G54LW TV 65 Zoll (15,2 cm), OLED EVO 4K, Smart TV AI B5, WebOS 25, Dolby Vision und Dolby Atmos, AMD FreeSync, Alexa/Google Assistant, Schwarz",https://www.amazon.de/dp/B0F3D871FD,65.0,,,,,Amazon,DE,2026-09-08T08:58:37Z,B0F3D871FD,,,,,
LG,"LG OLED42C44LA TV 42"" (107cm) OLED evo Fernseher (α9 Gen7 4K AI-Prozessor, webOS 24, Dolby Vision, bis zu 120Hz) [Modelljahr 2024]",https://www.amazon.de/dp/B0D671ZZXL,42.0,,,,,Amazon,DE,2026-09-08T08:58:37Z,B0D671ZZXL,,,,,
TCL,"TCL 32V5C - 32 Zoll Full HD Smart QLED Direct LED-Fernseher mit Android TV & HDR - Kompatibel mit Google Cast & Google Home, Schlankes Design",https://www.amazon.de/dp/B0F3XMZWRX,32.0,,,,,Amazon,DE,2026-09-08T08:58:37Z,B0F3XMZWRX,,,,,
LG,"Cello C2425WSF Trav 24"" 230V 12V Full HD SMART/DVD Camping Reise TV integrierter DVD Player Rahmenlos Triple Tuner Bluetooth WebOS by LG Pitch Perfect Lautsprecher Wohnmobil LKW [2025]",https://www.amazon.de/dp/B0DZCSKQ2D,24.0,219.99,219.99,EUR,219.99,Amazon,DE,2026-09-08T08:58:37Z,B0DZCSKQ2D,,,,,
LG,"Reflexion LDD27iBT 27 Zoll Full HD Smart TV mit DVD-Player und LG webOSHub, Wohnwagen/Wohnmobil/Camping/Caravan/Boot/LKW TV, DVB-T2 HD/S2/C, HDMI, USB, Bluetooth1",https://www.amazon.de/dp/B0F63KC3WN,27.0,269.95,269.95,EUR,269.95,Amazon,DE,2026-09-08T08:58:37Z,B0F63KC3WN,,,,,
LG,"LG OLED48C31LA TV 121 cm (48 Zoll) OLED evo Fernseher (Smart TV, Filmmaker Mode, 120 Hz) [Modelljahr 2023]",https://www.amazon.de/dp/B0CJVLZVR8,48.0,,,,,Amazon,DE,2026-09-08T08:58:37Z,B0CJVLZVR8,,,,,
LG,"LG OLED55G54LW TV 55 Zoll (139,7 cm), OLED EVO 4K, Smart TV AI G5, WebOS 25, Super Upscaling, Dolby Vision und Dolby Atmos, AMD FreeSync, Alexa/Google Assistant, Schwarz",https://www.amazon.de/dp/B0F3D88VP6,55.0,,,,,Amazon,DE,2026-09-08T08:58:37Z,B0F3D88VP6,,,,,
LG,"Falcon 22 Zoll Full HD LED Fernseher LG WebOS SMART WiFi Camping Wohnmobil 12V/24V,DVD Player, Bluetooth, HDMI, USB, Paramount Plus, Magenta, Netflix, Prime Video, Disney Plus, DAZN, IPTV Streaming",https://www.amazon.de/dp/B0CW1VHNGC,22.0,319.0,319.0,EUR,319.0,Amazon,DE,2026-09-08T08:58:37Z,B0CW1VHNGC,,,,,
LG,"REFLEXION LDDX32IBT-Black Smart LED Fernseher 32 Zoll / 80cm, LG webOSHub, Wohnwagen/Wohnmobil/Camping/Caravan/Boot/LKW TV, Slimline, 12/24/230 Volt, Full HD, Triple Tuner, Bluetooth, WLAN, DVD-Player",https://www.amazon.de/dp/B0DK1V5TXR,32.0,365.95,365.95,EUR,365.95,Amazon,DE,2026-09-08T08:58:37Z,B0DK1V5TXR,,,,,
LG,"LG OLED77C64LA TV 77 Zoll (196 cm) 4K OLED evo AI Smart TV, α11 Gen3 AI Prozessor, 120 Hz (VRR bis 165 Hz), Modelljahr 2026",https://www.amazon.de/dp/B0GYQ4CYGZ,77.0,2399.0,2399.0,EUR,2399.0,Amazon,DE,2026-09-08T08:58:37Z,B0GYQ4CYGZ,,,,,
LG,"LG NanoCell 43NANO82T6B TV 109,2 cm [43] 4K Ultra HD Smart TV Wi-Fi Nero (TELEVISION NANOCELL 43 LG 43NANO82T6B)",https://www.amazon.de/dp/B0D4VHM1R1,43.0,,,,,Amazon,DE,2026-09-08T08:58:37Z,B0D4VHM1R1,,,,,
LG,"LG 27LB70006LA Smart TV FHD AI LB70 27 Zoll 2K 2026, WebOS 26 IA mit Copilot, α5 AI Gen9, 120Hz, Upscaler, Dolby Digital Plus, schwarz",https://www.amazon.de/dp/B0H7262TF4,27.0,,,,,Amazon,DE,2026-09-08T08:58:37Z,B0H7262TF4,,,,,
LG,"LG 55UM71007LB 139 cm (55 Zoll) Fernseher (UHD, Triple Tuner, 4K Active HDR, Smart TV)",https://www.amazon.de/dp/B07PMMSKJG,55.0,,,,,Amazon,DE,2026-09-08T08:58:37Z,B07PMMSKJG,,,,,
LG,"LG OLED55C64LA TV 55 Zoll (140 cm) 4K OLED evo AI Smart TV, α11 Gen3 AI Prozessor, 120 Hz (VRR bis 165 Hz), Modelljahr 2026",https://www.amazon.de/dp/B0H3M9CQC2,55.0,1349.0,1349.0,EUR,1349.0,Amazon,DE,2026-09-08T08:58:37Z,B0H3M9CQC2,,,,,
LG,"LG OLED77C44LA TV 77"" (196cm) OLED evo Fernseher (α9 Gen7 4K AI-Prozessor, webOS 24, Dolby Vision, bis zu 120Hz) [Modelljahr 2024]",https://www.amazon.de/dp/B0CYCDSNMY,77.0,,,,,Amazon,DE,2026-09-08T08:58:37Z,B0CYCDSNMY,,,,,
LG,"LG 49UF690V 124 cm (Fernseher,600 Hz)",https://www.amazon.de/dp/B00XNAI16Y,49.0,,,,,Amazon,DE,2026-09-08T08:58:37Z,B00XNAI16Y,,,,,
Hisense,"Hisense 75E7Q Fehrnseher, 75 Zoll, 4K UHD QLED, Smart TV, Game Mode Plus, Filmaker Mode, Dolby Vision Atmos, HDR10, HLG, HDR Immersive, AI 4K Upscaler, Dolby MS12, DTS X, Sprachsteuerung [2025]",https://www.amazon.de/dp/B0F1MNRHYV,75.0,617.0,617.0,EUR,617.0,Amazon,DE,2026-09-08T08:58:37Z,B0F1MNRHYV,,,,,
LG,LG 50 inch QNED evo AI QNED87 Mini LED 4K Smart TV 2026,https://www.amazon.de/dp/B0H7BQXYZQ,50.0,749.0,749.0,EUR,749.0,Amazon,DE,2026-09-08T08:58:37Z,B0H7BQXYZQ,,,,,
LG,"LG OLED 65C44LA 65 Zoll Fernseher, 4K Smart TV, a9 Gen7 AI Prozessor 4K, WebOS 24",https://www.amazon.de/dp/B0D671RPKR,65.0,,,,,Amazon,DE,2026-09-08T08:58:37Z,B0D671RPKR,,,,,
LG,"LG Televisore LCD 43UM7100 WebOS-Fernseher, 108 cm (43 Zoll), 4K UHD, Schwarz",https://www.amazon.de/dp/B07RBNLL6V,43.0,,,,,Amazon,DE,2026-09-08T08:58:37Z,B07RBNLL6V,,,,,
LG,Smart TV LG 43NANO81A6A,https://www.amazon.de/dp/B0FY7KGN76,42.0,,,,,Amazon,DE,2026-09-08T08:58:37Z,B0FY7KGN76,,,,,
Xiaomi,"Xiaomi TV F 43, 43 Zoll, 4K UHD, Smart TV, Fire OS8, HDR10, L43MB-FAEU | Triple Tuner DVB-C/S/S2/T/T2, Voice Control with Alexa, Compatible with Apple AirPlay",https://www.amazon.de/dp/B0F44MCCL3,43.0,,,,,Amazon,DE,2026-09-08T08:58:37Z,B0F44MCCL3,,,,,
LG,"LG 65"" QNED 80 – 4K Smart TV (2025), QNED-Technologie, Alpha 7 AI Gen8 Prozessor, Präzisions-Dimming, webOS 25, HDR10, 60 Hz",https://www.amazon.de/dp/B0H3KVHCJJ,65.0,,,,,Amazon,DE,2026-09-08T08:58:37Z,B0H3KVHCJJ,,,,,
LG,"LG 75UR80006LJ 190 cm (75 Zoll) UHD Fernseher (Active HDR, 60 Hz, Smart TV) [Modelljahr 2023]",https://www.amazon.de/dp/B0BWWKTDPY,75.0,1019.88,1019.88,EUR,1019.88,Amazon,DE,2026-09-08T08:58:37Z,B0BWWKTDPY,,,,,
LG,"LG 43UR78006LK・108 cm (43"") Diagonalklasse UR78 Series LCD-TV mit LED-Hintergrundbeleuchtung・Smart TV・ThinQ AI・webOS・4K UHD (2160p) (43UR78006LK.AEU)",https://www.amazon.de/dp/B0C4T3HR77,43.0,309.97,309.97,EUR,309.97,Amazon,DE,2026-09-08T08:58:37Z,B0C4T3HR77,,,,,
LG,"LG 55EG920V TVC OLED 55"" UHD Curved 3D SMART SAT",https://www.amazon.de/dp/B016KKSXM0,55.0,700.0,700.0,EUR,700.0,Amazon,DE,2026-09-08T08:58:37Z,B016KKSXM0,,,,,
LG,"LG NANOCELL AI 2025 TV | 50NANO90| 50 Zoll (126cm) | 4K UHD | HDR10 | webOS 25 | Telekommade AI Magic Remote | Alexa, Google Assistant | Netflix Disney+ C+ Prime Video | AirPlay 2 | Reine Farben",https://www.amazon.de/dp/B0F4KML7G4,50.0,795.85,795.85,EUR,795.85,Amazon,DE,2026-09-08T08:58:37Z,B0F4KML7G4,,,,,
TCL,"TCL 65Q6C 65 Zoll QD-Mini LED Fernseher, 4K HDR Premium 1000nits, Smart TV mit Google TV (Dolby Vision IQ & Atmos, Onkyo 2.1 Soundsystem, 144Hz Motion Clarity Pro, Game Master)",https://www.amazon.de/dp/B0DXQ27X44,65.0,679.0,679.0,EUR,679.0,Amazon,DE,2026-09-08T08:58:37Z,B0DXQ27X44,,,,,
LG,"LG OLED evo G4 55G48LW 4K Smart-TV, (55 Zoll) Bildschirmdiagonale, 2024",https://www.amazon.de/dp/B0DHPBX84W,55.0,,,,,Amazon,DE,2026-09-08T08:58:37Z,B0DHPBX84W,,,,,
LG,"LG 43NANO80A6B TV 43 Zoll (109 cm) 4K NanoCell AI TV (α7 Gen8 4K AI Prozessor, webOS 25, 60Hz) [Modelljahr 2025]",https://www.amazon.de/dp/B0F3DMY6DQ,43.0,513.88,513.88,EUR,513.88,Amazon,DE,2026-09-08T08:58:37Z,B0F3DMY6DQ,,,,,
LG,LG 49LH510V 123 cm (49 Zoll) Full HD Fernseher mit Triple XD Engine,https://www.amazon.de/dp/B01C8TFH8U,49.0,,,,,Amazon,DE,2026-09-08T08:58:37Z,B01C8TFH8U,,,,,
LG,"Cello 32-Zoll-Smart TV Rahmenloser, benutzerfreundlicher LED-Fernseher – Mit LG WebOS Integriert Netflix Apple+ Bluetooth Prime Video – Mit HDMI-, optischen, RF- und USB-Anschlüssen",https://www.amazon.de/dp/B0CF9VT914,32.0,229.99,229.99,EUR,229.99,Amazon,DE,2026-09-08T08:58:37Z,B0CF9VT914,,,,,
LG,LG TV QNED Evo AI 2025 | 55QNED85A | 55 Zoll (139 cm) | MiniLED 120Hz | Prozessor α8 AI 4K Gen2 | Dolby Vision | Alexa,https://www.amazon.de/dp/B0F4PMNX6M,55.0,,,,,Amazon,DE,2026-09-08T08:58:37Z,B0F4PMNX6M,,,,,
LG,LG TV Evo AI QNED87 (2026) 100 Zoll QNED MiniLED UHD 4K - 100QNED87B6,https://www.amazon.de/dp/B0H4ZLSKF4,100.0,,,,,Amazon,DE,2026-09-08T08:58:37Z,B0H4ZLSKF4,,,,,
LG,"LG OLED65G66LS 65 Zoll 4K OLED evo AI TV (α11 Gen3 4K AI Prozessor, webOS 26, 120Hz (VRR bis zu 165Hz)) [Modelljahr 2026] [Energieklasse E]",https://www.amazon.de/dp/B0HBX78KJM,65.0,4099.0,4099.0,EUR,4099.0,Amazon,DE,2026-09-08T08:58:37Z,B0HBX78KJM,,,,,
LG,"LG 55QNED86A6A TV 55 Zoll (139 cm) 4K QNED evo AI TV (α8 Gen2 4K AI Prozessor, webOS 25, 120Hz) [Modelljahr 2025]",https://www.amazon.de/dp/B0F22731RT,55.0,849.8,849.8,EUR,849.8,Amazon,DE,2026-09-08T08:58:37Z,B0F22731RT,,,,,
Hisense,"Hisense 55U7Q 55-Zoll 4K Mini-LED ULED Smart TV | Hi-View KI-Engine, 144Hz Game Mode Pro, FreeSync Premium, Subwoofer, Dolby Vision IQ Atmos, AirPlay, Sprachsteuerung",https://www.amazon.de/dp/B0F32M68DW,55.0,569.0,569.0,EUR,569.0,Amazon,DE,2026-09-08T08:58:37Z,B0F32M68DW,,,,,
LG,"LG OLED42C62LA TV 42 Zoll (106 cm) 4K OLED evo AI TV (α11 Gen3 4K AI Prozessor, webOS 26, 120Hz (VRR bis zu 165Hz)) [Modelljahr 2026] [Energieklasse G]",https://www.amazon.de/dp/B0HCCTVBJY,42.0,1049.0,1049.0,EUR,1049.0,Amazon,DE,2026-09-08T08:58:37Z,B0HCCTVBJY,,,,,
LG,"LG OLED55C27LA TV 139 cm (55 Zoll) OLED evo Fernseher (Cinema HDR, 120 Hz, Smart TV) [Modelljahr 2022]",https://www.amazon.de/dp/B09RQ2LTNW,55.0,1678.89,1678.89,EUR,1678.89,Amazon,DE,2026-09-08T08:58:37Z,B09RQ2LTNW,,,,,
LG,"LG 85NU850B6LA - Smart TV Nano 4K UHD NU80 85 Zoll, ohne Reflexionen zu 94 %, WebOS 26 AI, intelligenter Prozessor α7 AI, Prozessor 4K Gen9, HDR10, 4K Super Upscaling, Dolby Digital Plus (85 Zoll)",https://www.amazon.de/dp/B0H19FG4ZG,85.0,1126.17,1126.17,EUR,1126.17,Amazon,DE,2026-09-08T08:58:37Z,B0H19FG4ZG,,,,,
LG,LG OLED55G66LS - TV 55 Zoll Smart TV 4K 3840 x 2160 Pixel OLed DVB-T2 HEVC/H.265 Wifi Silber Energieklasse E,https://www.amazon.de/dp/B0H374GQDY,55.0,1974.0,1974.0,EUR,1974.0,Amazon,DE,2026-09-08T08:58:37Z,B0H374GQDY,,,,,
LG,"LG 47LA6608 119 cm (47 Zoll) 3D-LED-Backlight-Fernseher, EEK A+ (Full HD, 400Hz MCI, WLAN, DVB-T/C/S, Smart TV)",https://www.amazon.de/dp/B00C5H1DI4,47.0,400.0,400.0,EUR,400.0,Amazon,DE,2026-09-08T08:58:37Z,B00C5H1DI4,,,,,
LG,LG 60UF850,https://www.amazon.de/dp/B0106E3ANI,60.0,458.0,458.0,EUR,458.0,Amazon,DE,2026-09-08T08:58:37Z,B0106E3ANI,,,,,
LG,LG TV (2026) 55 Zoll Mini-LED 4K - 55MRGB86B6A,https://www.amazon.de/dp/B0H4H3DGDB,55.0,1100.59,1100.59,EUR,1100.59,Amazon,DE,2026-09-08T08:58:37Z,B0H4H3DGDB,,,,,
LG,LG HTV 32 Direct LED IPS FHD HDR10PRO,https://www.amazon.de/dp/B094N7Q7T2,32.0,299.0,299.0,EUR,299.0,Amazon,DE,2026-09-08T08:58:37Z,B094N7Q7T2,,,,,
LG,"LG 43UK6300 108 cm (43 Zoll) Fernseher (4K UHD, Triple Tuner, 4K Active HDR, Smart TV)",https://www.amazon.de/dp/B07B4F8XSD,43.0,,,,,Amazon,DE,2026-09-08T08:58:37Z,B07B4F8XSD,,,,,
LG,"LG 75QNED756RA 190 cm (75 Zoll) 4K QNED MiniLED TV (Active HDR, 60 Hz, Smart TV) [Modelljahr 2023]",https://www.amazon.de/dp/B0BWWHXPR4,75.0,890.69,890.69,EUR,890.69,Amazon,DE,2026-09-08T08:58:37Z,B0BWWHXPR4,,,,,
LG,"LG OLED EVO 55C58LA 55 Zoll Fernseher, 4K Smart TV 120Hz, a9 Gen8 AI Prozessor 4K, WebOS 25",https://www.amazon.de/dp/B0F4JQYXXK,55.0,,,,,Amazon,DE,2026-09-08T08:58:37Z,B0F4JQYXXK,,,,,
LG,LG Smart TV 75QNED80T6A.AEU 4K Ultra HD 75 Zoll HDR Edge-LED QNED,https://www.amazon.de/dp/B0D858BKKS,75.0,,,,,Amazon,DE,2026-09-08T08:58:37Z,B0D858BKKS,,,,,
LG,"LG 75NU850B6LA - Smart TV Nano 4K UHD AI NU85 75 Zoll, ohne 94 % Reflexionen, WebOS 26 AI Gemini, Intelligenter Prozessor α7 AI Prozessor 4K Gen9, HDR10 Pro, 4K Super Upscaling, Dolby",https://www.amazon.de/dp/B0H1JGZ393,75.0,789.0,789.0,EUR,789.0,Amazon,DE,2026-09-08T08:58:37Z,B0H1JGZ393,,,,,
LG,LG OLED65G66LS – Fernseher 65 Zoll Smart TV 4K DVB-T2 HEVC/H.265 OLED Wifi Energieklasse E,https://www.amazon.de/dp/B0H36VQ8P1,65.0,2378.0,2378.0,EUR,2378.0,Amazon,DE,2026-09-08T08:58:37Z,B0H36VQ8P1,,,,,
LG,LG LED TV 8K 189cm 75QNED966PA,https://www.amazon.de/dp/B08Y42NJYL,75.0,4605.99,4605.99,EUR,4605.99,Amazon,DE,2026-09-08T08:58:37Z,B08Y42NJYL,,,,,
LG,"LG 65QNED869QA TV 164 cm (65 Zoll) QNED MiniLED Fernseher (Cinema HDR, 120 Hz, Smart TV) [Modelljahr 2022]",https://www.amazon.de/dp/B09RQ3TBK3,65.0,1583.03,1583.03,EUR,1583.03,Amazon,DE,2026-09-08T08:58:37Z,B09RQ3TBK3,,,,,
LG,"LG OLED evo G4 65G48LW 4K Smart-TV, 165 cm (65 Zoll) Bildschirmdiagonale, 2024",https://www.amazon.de/dp/B0DHP7QRG7,65.0,,,,,Amazon,DE,2026-09-08T08:58:37Z,B0DHP7QRG7,,,,,
LG,LG 50UK6470PLC Fernseher 127 cm (50 Zoll) 4K Ultra HD Smart TV WLAN schwarz,https://www.amazon.de/dp/B07CLG55ZK,50.0,,,,,Amazon,DE,2026-09-08T08:58:37Z,B07CLG55ZK,,,,,
LG,LG Standfuß passend für Flachbildschirme,https://www.amazon.de/dp/B0C2K2PTCH,65.0,79.99,79.99,EUR,79.99,Amazon,DE,2026-09-08T08:58:37Z,B0C2K2PTCH,,,,,
LG,"LG OLED48C62LA TV 48 Zoll (121 cm) 4K OLED evo AI TV (α11 Gen3 4K AI Prozessor, webOS 26, 120Hz (VRR bis zu 165Hz)) [Modelljahr 2026] [Energieklasse E]",https://www.amazon.de/dp/B0HCVN1T5M,48.0,1099.0,1099.0,EUR,1099.0,Amazon,DE,2026-09-08T08:58:37Z,B0HCVN1T5M,,,,,
LG,"55"" TV LED Lg 55UF8507, ULTRA HD 4K 3D, 1500Hz, Tr",https://www.amazon.de/dp/B00W41YW6G,55.0,700.0,700.0,EUR,700.0,Amazon,DE,2026-09-08T08:58:37Z,B00W41YW6G,,,,,
LG,LG OLED TV 2025 | OLED48B5 | 48 Zoll (121 cm) | OLED | Prozessor α8 AI 4K Gen2 | Dolby Vision & Atmos | Alexa,https://www.amazon.de/dp/B0FF52R2WK,48.0,988.0,988.0,EUR,988.0,Amazon,DE,2026-09-08T08:58:37Z,B0FF52R2WK,,,,,
LG,"LG 48"" OLED evo C5 4K TV – 144Hz, Dolby Vision IQ, webOS 25, HDMI 2.1, KI-Prozessor, Dolby Atmos",https://www.amazon.de/dp/B0G6C27G1X,48.0,,,,,Amazon,DE,2026-09-08T08:58:37Z,B0G6C27G1X,,,,,
LG,LG OLED55C5ELB.AEU Smart TV OLED EVO AI C5 55 Zoll 4K 2025,https://www.amazon.de/dp/B0GDN8W466,55.0,,,,,Amazon,DE,2026-09-08T08:58:37Z,B0GDN8W466,,,,,
LG,"LG 65EG960V TVC OLED 65"" UHD CURVED 3D SMART SAT",https://www.amazon.de/dp/B016CS9ATU,65.0,,,,,Amazon,DE,2026-09-08T08:58:37Z,B016CS9ATU,,,,,
LG,"LG OLED65C17LB TV 164 cm (65 Zoll) OLED Fernseher (4K Cinema HDR, 120 Hz, Twin Triple Tuner, Smart TV) [Modelljahr 2021]",https://www.amazon.de/dp/B08VDM43LL,65.0,,,,,Amazon,DE,2026-09-08T08:58:37Z,B08VDM43LL,,,,,
LG,"Falcon 32 Zoll Full HD LED Fernseher LG WebOS SMART WiFi Camping Wohnmobil 12V/24V,DVD Player, Bluetooth, HDMI, USB, Magenta, Netflix, Prime Video, DAZN",https://www.amazon.de/dp/B0GK9W2KTX,32.0,449.0,449.0,EUR,449.0,Amazon,DE,2026-09-08T08:58:37Z,B0GK9W2KTX,,,,,
LG,LG 75NANO81A6A 75 Zoll 4K Ultra HD HDR D-LED NanoCell Smart TV,https://www.amazon.de/dp/B0FY7GT9RP,75.0,795.0,795.0,EUR,795.0,Amazon,DE,2026-09-08T08:58:37Z,B0FY7GT9RP,,,,,
LG,"TV intelligente LG 65NANO766QA 65"" 4K ULTRA HD LED WIFI",https://www.amazon.de/dp/B09XXXZNB5,65.0,,,,,Amazon,DE,2026-09-08T08:58:37Z,B09XXXZNB5,,,,,
LG,"TV LG evo AI G6 (2026) 55"" OLED UHD 4K - OLED55G66LS",https://www.amazon.de/dp/B0H2F7CXXK,55.0,,,,,Amazon,DE,2026-09-08T08:58:37Z,B0H2F7CXXK,,,,,
LG,"LG 65UF860V 65"" 4K Ultra HD 3D Kompatibilität Smart-TV WLAN Schwarz LED TV - LED-Fernseher (4K Ultra HD, Web OS, A+, Schwarz, 3840 x 2160 Pixel, Flach)",https://www.amazon.de/dp/B019HYMWV4,65.0,1000.0,1000.0,EUR,1000.0,Amazon,DE,2026-09-08T08:58:37Z,B019HYMWV4,,,,,
LG,LG TV AI B6 (2026) 55 Zoll OLED 4K UHD - OLED55B65LA,https://www.amazon.de/dp/B0H2DKLD4L,55.0,1077.26,1077.26,EUR,1077.26,Amazon,DE,2026-09-08T08:58:37Z,B0H2DKLD4L,,,,,
LG,LG LED TV (2026) Micro RGB Evo UHD 4K 75 Zoll 75MRGB86B6A,https://www.amazon.de/dp/B0H2JQRP7H,75.0,1741.78,1741.78,EUR,1741.78,Amazon,DE,2026-09-08T08:58:37Z,B0H2JQRP7H,,,,,
LG,"LG OLED65C64LA TV 65 Zoll (165 cm) 4K OLED evo AI Smart TV, α11 Gen3 AI Prozessor, 120 Hz (VRR bis 165 Hz), Modelljahr 2026",https://www.amazon.de/dp/B0H3MN2ZLX,65.0,1799.0,1799.0,EUR,1799.0,Amazon,DE,2026-09-08T08:58:37Z,B0H3MN2ZLX,,,,,
LG,"LG 85QNED80B6LA TV 85 Zoll, QNED MiniLED, 4K AI, Smart TV, WebOS 25, Alpha 5 Gen7 AI, 120 Hz, Super Upscaling, HDR10 und Dolby Digital Plus, Alexa/Google Assistant, Schwarz",https://www.amazon.de/dp/B0GTRQNMS6,85.0,,,,,Amazon,DE,2026-09-08T08:58:37Z,B0GTRQNMS6,,,,,
LG,LG TV Evo AI G6 (2026) 65 Zoll OLED UHD 4K - OLED65G66LS,https://www.amazon.de/dp/B0H2F7Y2YQ,65.0,,,,,Amazon,DE,2026-09-08T08:58:37Z,B0H2F7Y2YQ,,,,,
LG,LG OLED TV 2025 | OLED65B5 | 65 Zoll (164 cm) | OLED 120 Hz | Prozessor α8 AI 4K Gen2 | Dolby Vision & Atmos | Alexa,https://www.amazon.de/dp/B0F7HYW329,65.0,1578.45,1578.45,EUR,1578.45,Amazon,DE,2026-09-08T08:58:37Z,B0F7HYW329,,,,,
LG,"LG 65SK8000 164 cm (65 Zoll) Fernseher (4K SUPER UHD, Triple Tuner, 4K Cinema HDR, Dolby Vision/Atmos, Smart TV)",https://www.amazon.de/dp/B07B4F8XSM,65.0,,,,,Amazon,DE,2026-09-08T08:58:37Z,B07B4F8XSM,,,,,
LG,"LG OLED65C97LA 164 cm (65 Zoll) OLED Fernseher (OLED, Dual Triple Tuner, 4K Cinema HDR, Dolby Vision, Dolby Atmos, Smart TV)",https://www.amazon.de/dp/B07R5KPLX5,65.0,,,,,Amazon,DE,2026-09-08T08:58:37Z,B07R5KPLX5,,,,,
LG,"LG 75QNED86B6B TV 75 Zoll (175 cm), 4K QNED EVO MiniLED, Smart TV, WebOS 26, Prozessor α8 AI Gen3, VRR 144Hz, Dolby Vision und Dolby Digital Plus, Alexa/Google Assistant, Schwarz",https://www.amazon.de/dp/B0GTZQGQ62,75.0,1950.26,1950.26,EUR,1950.26,Amazon,DE,2026-09-08T08:58:37Z,B0GTZQGQ62,,,,,
LG,LG TV AI B6 (2026) 65 Zoll OLED UHD 4K - OLED65B65LA,https://www.amazon.de/dp/B0H2DYMQ4N,65.0,1521.86,1521.86,EUR,1521.86,Amazon,DE,2026-09-08T08:58:37Z,B0H2DYMQ4N,,,,,
LG,"LG, OLED48C26LB, Smart TV, 4K, 48 Zoll, TV OLED evo Serie C2, α9-Prozessor der 5.Generation, Dolby Vision, präzise Details, 4 HDMI 2.1, 48Gbps, VRR, Google Assistant und Alexa, Wi-Fi, webOS 22",https://www.amazon.de/dp/B09Z31BLBR,48.0,,,,,Amazon,DE,2026-09-08T08:58:37Z,B09Z31BLBR,,,,,
Samsung,"Samsung OLED 4K S90D Fernseher 55 Zoll (140 cm), TV Mit Neural Quantum AI Gen2 Prozessor, HDR+, AI Upscaling, Smart TV, KI TV, 55S90D [2024]",https://www.amazon.de/dp/B0DJH67TYL,55.0,898.53,898.53,EUR,898.53,Amazon,DE,2026-09-08T08:58:37Z,B0DJH67TYL,,,,,
LG,"LG OLED42C64LA TV 42 Zoll (107 cm) 4K OLED evo AI Smart TV, α11 Gen3 AI Prozessor, 120 Hz (VRR bis 165 Hz), Modelljahr 2026",https://www.amazon.de/dp/B0H3MH5T8J,42.0,1049.0,1049.0,EUR,1049.0,Amazon,DE,2026-09-08T08:58:37Z,B0H3MH5T8J,,,,,
LG,"LG OLED77G39LA TV 195 cm (77 Zoll) OLED evo Fernseher (Gallery Design, Brightness Booster Max, 120 Hz) [Modelljahr 2023]",https://www.amazon.de/dp/B0BWWJYZDN,77.0,,,,,Amazon,DE,2026-09-08T08:58:37Z,B0BWWJYZDN,,,,,
LG,LG Smart TV 75QNED87T6B 4K Ultra HD 55 Zoll,https://www.amazon.de/dp/B0D361PB78,55.0,719.99,719.99,EUR,719.99,Amazon,DE,2026-09-08T08:58:37Z,B0D361PB78,,,,,
LG,"LG OLED55G64LW Fernseher 55 Zoll, 4K OLED EVO AI G6, Smart TV, WebOS 26, Prozessor α11 AI Gen3, VRR 165Hz, Reflection Free Premium, Dolby Vision und Atmos, Alexa/Google Assistant, Dunkelgrau Titan",https://www.amazon.de/dp/B0GYPN5KK9,55.0,,,,,Amazon,DE,2026-09-08T08:58:37Z,B0GYPN5KK9,,,,,
LG,LG TV AI B6 (2026) 48 Zoll OLED UHD 4K - OLED48B65LA,https://www.amazon.de/dp/B0H2JW6V1X,48.0,960.89,960.89,EUR,960.89,Amazon,DE,2026-09-08T08:58:37Z,B0H2JW6V1X,,,,,
LG,LG 55 inch OLED evo AI OLED55G62LW 4K Smart TV Model 2026,https://www.amazon.de/dp/B0GT9VLCGD,55.0,1799.0,1799.0,EUR,1799.0,Amazon,DE,2026-09-08T08:58:37Z,B0GT9VLCGD,,,,,
LG,Televisore LG Smart TV OLED evo Gallery Edition,https://www.amazon.de/dp/B09Y9GR78L,55.0,2468.0,2468.0,EUR,2468.0,Amazon,DE,2026-09-08T08:58:37Z,B09Y9GR78L,,,,,
LG,"LG 85QNED72B6A 85 Zoll (216 cm) 4K UHD QNED AI Smart TV | Quantum Dot & NanoCell Technologie, Alpha 5 AI Prozessor, webOS, HDR10 Pro & AI Sound Pro",https://www.amazon.de/dp/B0GTZRJMX9,85.0,1594.11,1594.11,EUR,1594.11,Amazon,DE,2026-09-08T08:58:37Z,B0GTZRJMX9,,,,,
LG,"LG OLED Evo OLED55G63LS Smart TV, 139 cm, Ultra HD 4K, Class E, 2026",https://www.amazon.de/dp/B0HGF5FF6V,55.0,1799.0,1799.0,EUR,1799.0,Amazon,DE,2026-09-08T08:58:37Z,B0HGF5FF6V,,,,,
LG,"LG OLED48B53LA Smart-TV, 48 Zoll, 4K, OLED, WLAN, DVB-T2, Schwarz, Energieeffizienzklasse G",https://www.amazon.de/dp/B0GTMNYCRY,48.0,1509.97,1509.97,EUR,1509.97,Amazon,DE,2026-09-08T08:58:37Z,B0GTMNYCRY,,,,,
LG,LG OLED83G64LW Smart TV OLED EVO AI 83 Zoll 4K Reflexionsfrei 2026,https://www.amazon.de/dp/B0GYQ32WKS,83.0,4784.67,4784.67,EUR,4784.67,Amazon,DE,2026-09-08T08:58:37Z,B0GYQ32WKS,,,,,
LG,"LG 65OLEDB6D 164 cm (65 Zoll) OLED Ultra HD Fernseher (3840 x 2160, HDR, Smart TV, 40 Watt Sound, Dual Triple Tuner, Magic Remote)",https://www.amazon.de/dp/B01C8TF2V2,65.0,,,,,Amazon,DE,2026-09-08T08:58:37Z,B01C8TF2V2,,,,,
LG,"LG OLED55C67LA 55 Zoll 4K OLED evo AI TV (α11 Gen3 4K AI Prozessor, webOS 26, 120Hz (VRR bis zu 165Hz)) [Modelljahr 2026] [Energieklasse F]",https://www.amazon.de/dp/B0HBXG1XL9,55.0,2699.0,2699.0,EUR,2699.0,Amazon,DE,2026-09-08T08:58:37Z,B0HBXG1XL9,,,,,
TCL,"TCL 55Q6C 55 Zoll QD-Mini LED Fernseher, 4K HDR Premium 1000nits, Smart TV mit Google TV (Dolby Vision IQ & Atmos, Onkyo 2.1 Sound System, 144Hz Motion Clarity Pro, Game Master)",https://www.amazon.de/dp/B0DX185Q23,55.0,475.12,475.12,EUR,475.12,Amazon,DE,2026-09-08T08:58:37Z,B0DX185Q23,,,,,
TCL,"TCL 55T6C 55 Zoll QLED Fernseher, 4K UHD Fire TV, HDR10+, Dolby Vision & Atmos, Smart TV mit Sprachsteuerung mit Alexa, Google Cast & AirPlay 2",https://www.amazon.de/dp/B0DW9698LP,55.0,339.0,339.0,EUR,339.0,Amazon,DE,2026-09-08T08:58:37Z,B0DW9698LP,,,,,
TCL,"TCL 65Q7D Pro SQD-Mini LED 65 Zoll Fernseher, 4K Smart TV, Google TV | 646 Dimming-Zonen, 2000 Nits Spitzenhelligkeit, Dolby Vision IQ & Atmos, 2.1 Onkyo Sound, 144 Hz VRR, AirPlay 2 & Alexa",https://www.amazon.de/dp/B0GXKSZKLT,65.0,949.0,949.0,EUR,949.0,Amazon,DE,2026-09-08T08:58:37Z,B0GXKSZKLT,,,,,
TCL,"TCL 32SF560 – 32 Zoll, Full HD Smart QLED Direct LED TV mit Fire TV & HDR, Metallic Design, Rahmenlos",https://www.amazon.de/dp/B0F9PVTQL2,32.0,159.99,159.99,EUR,159.99,Amazon,DE,2026-09-08T08:58:37Z,B0F9PVTQL2,,,,,
TCL,"TCL 50C7K 50 Zoll QD-Mini LED Fernseher, 4K HDR Premium 2000, Smart Google TV mit 144Hz Motion Clarity Pro (Dolby Vision IQ & Atmos, HVA-Panel, Game Master)",https://www.amazon.de/dp/B0F5BSJ83Z,50.0,569.0,569.0,EUR,569.0,Amazon,DE,2026-09-08T08:58:37Z,B0F5BSJ83Z,,,,,
TCL,"TCL 75Q7D Pro SQD-Mini LED 75 Zoll Fernseher, 4K Smart TV, Google TV | 760 Dimming-Zonen, 2000 Nits Spitzenhelligkeit, Dolby Vision IQ & Atmos, 2.1 Onkyo Sound, 144 Hz VRR, AirPlay 2 & Alexa",https://www.amazon.de/dp/B0GXKRP7FM,75.0,1199.0,1199.0,EUR,1199.0,Amazon,DE,2026-09-08T08:58:37Z,B0GXKRP7FM,,,,,
TCL,"TCL 43V5C - 43 Zoll Full HD Smart QLED Direct LED-Fernseher mit Android TV & HDR - Kompatibel mit Google Cast & Google Home, Schlankes Design",https://www.amazon.de/dp/B0F3XM86GV,43.0,209.0,209.0,EUR,209.0,Amazon,DE,2026-09-08T08:58:37Z,B0F3XM86GV,,,,,
TCL,TCL QLED 65 Zoll 65P7K UltraHD 4K Dolby Atmos Google TV,https://www.amazon.de/dp/B0FH78VT5V,65.0,444.0,444.0,EUR,444.0,Amazon,DE,2026-09-08T08:58:37Z,B0FH78VT5V,,,,,
TCL,"TCL 43PF650 43 Zoll Fernseher, 4K Ultra HD Smart TV, Fire TV, Dolby Atmos | Dolby Vision, Alexa-kompatibel",https://www.amazon.de/dp/B0D8J7L6N9,43.0,249.0,249.0,EUR,249.0,Amazon,DE,2026-09-08T08:58:37Z,B0D8J7L6N9,,,,,
TCL,"TCL 85Q6C 85 Zoll QD-Mini LED Fernseher, 4K HDR Premium 1000nits, Smart TV mit Google TV (Dolby Vision IQ & Atmos, Onkyo 2.1 Soundsystem, 144Hz Motion Clarity Pro, Game Master)",https://www.amazon.de/dp/B0DXQ5VTVK,85.0,1199.0,1199.0,EUR,1199.0,Amazon,DE,2026-09-08T08:58:37Z,B0DXQ5VTVK,,,,,
TCL,"TCL 55C6K - 55"" Smart TV QD‑Mini LED 4K HDR10+ Google TV | Dolby Vision IQ & Atmos, 144Hz Motion Clarity Pro, Game Master, Onkyo 2.1 Sound, Apple AirPlay 2",https://www.amazon.de/dp/B0F8QKZ82T,55.0,499.0,499.0,EUR,499.0,Amazon,DE,2026-09-08T08:58:37Z,B0F8QKZ82T,,,,,
TCL,"TCL 75T8D QD-Mini LED 75 Zoll Fernseher, 4K Smart TV, Google TV, 144 Hz | FreeSync Premium, Game Master, Dolby Vision, HDR10+, Dolby Atmos, 2.1 Onkyo Sound, Apple AirPlay 2, Google Cast",https://www.amazon.de/dp/B0GR9GFMCD,75.0,899.0,899.0,EUR,899.0,Amazon,DE,2026-09-08T08:58:37Z,B0GR9GFMCD,,,,,
TCL,"TCL 55P8K 55 Zoll QLED 4K HDR UHD Fernseher, Smart Google TV (Dolby Vision & Atmos, 144Hz Motion Clarity Pro, FreeSync, Onkyo 2.1 Sound, Sprachsteuerung, Kompatibel mit Google Assistant, Google Cast)",https://www.amazon.de/dp/B0F8HYKRKX,55.0,429.0,429.0,EUR,429.0,Amazon,DE,2026-09-08T08:58:37Z,B0F8HYKRKX,,,,,
TCL,"TCL 85C8L SQD-Mini LED 85 Zoll Fernseher, 4K Smart TV, Google TV, HDR10+ | 3200 Dimming-Zonen, 6000 Nits Spitzenhelligkeit, Dolby Vision IQ & Atmos, 144Hz, ZeroBorder Design, Audio by Bang & Olufsen",https://www.amazon.de/dp/B0GTZRP159,85.0,2399.0,2399.0,EUR,2399.0,Amazon,DE,2026-09-08T08:58:37Z,B0GTZRP159,,,,,
TCL,"TCL 55C8L SQD-Mini LED 55 Zoll Fernseher, 4K Smart TV, Google TV, HDR10+ | 1008 Dimming-Zonen, 3000 Nits Spitzenhelligkeit, Dolby Vision IQ & Atmos, Audio by Bang & Olufsen, 144 Hz VRR, AirPlay 2",https://www.amazon.de/dp/B0GTZS35X6,55.0,1096.45,1096.45,EUR,1096.45,Amazon,DE,2026-09-08T08:58:37Z,B0GTZS35X6,,,,,
TCL,"TCL 55T69C 55 Zoll QLED, Direct LED TV, 4K HDR TV, Smart Google TV (Dolby Vision & Atmos, Game Master, Motion Clarity, Kompatibel mit Google Assistant & Alexa)",https://www.amazon.de/dp/B0F8QFPB14,55.0,349.0,349.0,EUR,349.0,Amazon,DE,2026-09-08T08:58:37Z,B0F8QFPB14,,,,,
TCL,"TCL 32V5D QLED 32 Zoll Fernseher, Full HD HDR Smart TV, Fire TV, Direct LED | Apple AirPlay 2, Alexa-kompatibel, Rahmenloses Metalldesign",https://www.amazon.de/dp/B0GYSZDBNH,32.0,229.0,229.0,EUR,229.0,Amazon,DE,2026-09-08T08:58:37Z,B0GYSZDBNH,,,,,
TCL,"TCL 40V5C - 40 Zoll Full HD Smart QLED Direct LED-Fernseher mit Android TV & HDR - Kompatibel mit Google Cast & Google Home, Schlankes Design",https://www.amazon.de/dp/B0F3XN9M4V,40.0,220.49,220.49,EUR,220.49,Amazon,DE,2026-09-08T08:58:37Z,B0F3XN9M4V,,,,,
TCL,"TCL 50V6B 50 Zoll, 4K Ultra HD, HDR TV, Smart TV unterstützt von Google TV (Dolby Audio, Motion Clarity, Sprachsteuerung, Kompatibel mit Google Assistant, Chromecast eingebaut",https://www.amazon.de/dp/B0CXF75HGG,50.0,,,,,Amazon,DE,2026-09-08T08:58:37Z,B0CXF75HGG,,,,,
TCL,"TCL 65V6D 65 Zoll, 4K UHD, Smart TV, Fire TV, HDR10+, Dolby Atmos, DTS:X, Game Master, Motion Clarity, AirPlay 2, Kompatibel mit Alexa",https://www.amazon.de/dp/B0GQHNCZBK,65.0,499.0,499.0,EUR,499.0,Amazon,DE,2026-09-08T08:58:37Z,B0GQHNCZBK,,,,,
TCL,TCL 32V4C 32 Zoll HD Smart QLED Direct LED TV mit Android TV und HDR kompatibel mit Google Cast und Google Home Delgado Design,https://www.amazon.de/dp/B0F54B34TH,32.0,171.77,171.77,EUR,171.77,Amazon,DE,2026-09-08T08:58:37Z,B0F54B34TH,,,,,
TCL,"TCL 55Q7C 55 Zoll QD-Mini LED Fernseher, 4K HDR Premium 2600, Smart TV unterstützt durch Google TV (Dolby Vision IQ & Atmos, CrystGlow HVA-Panel, Audio von Bang & Olufsen, 144Hz Motion Clarity Pro)",https://www.amazon.de/dp/B0F38H2GGC,55.0,,,,,Amazon,DE,2026-09-08T08:58:37Z,B0F38H2GGC,,,,,
TCL,"TCL 50V6C 50 Zoll Direct LED TV, 4K HDR Fernseher, Smart TV mithilfe von Google TV (Dolby Audio, Motion Clarity, Kompatibel mit Google Assistant & Alexa)",https://www.amazon.de/dp/B0DV9JL61N,50.0,349.0,349.0,EUR,349.0,Amazon,DE,2026-09-08T08:58:37Z,B0DV9JL61N,,,,,
TCL,"TCL 50Q7C 50 Zoll QD-Mini LED Fernseher, 4K HDR Premium 2000, Smart TV unterstützt durch Google TV (Dolby Vision IQ & Atmos, HVA-Panel, 144Hz Motion Clarity Pro, Freihändige Sprachsteuerung)",https://www.amazon.de/dp/B0F38D74ZD,50.0,580.9,580.9,EUR,580.9,Amazon,DE,2026-09-08T08:58:37Z,B0F38D74ZD,,,,,
TCL,"TCL Mini LED Google TV 50 Zoll C6K 4K QD 144Hz, Dolby Vision IQ, HDR10+, ALLM, VRR, 4x HDMI 2.1, Dolby Atmos, Wi-Fi 5",https://www.amazon.de/dp/B0G6KJ3G4Y,50.0,479.0,479.0,EUR,479.0,Amazon,DE,2026-09-08T08:58:37Z,B0G6KJ3G4Y,,,,,
TCL,"TCL 55V6C 55 Zoll Direct LED TV, 4K HDR Fernseher, Smart TV mithilfe von Google TV (Dolby Audio, Motion Clarity, Kompatibel mit Google Assistant & Alexa)",https://www.amazon.de/dp/B0DV94JCVX,55.0,,,,,Amazon,DE,2026-09-08T08:58:37Z,B0DV94JCVX,,,,,
TCL,"TCL 85Q8C 85 Zoll QD-Mini LED-Fernseher, 4K HDR Premium 5000, ZeroBorder™, Smart Google TV, CrystGlow WHVA-Panel, Audio von Bang & Olufsen, 144Hz Motion Clarity Pro, Dolby Vision IQ & Atmos",https://www.amazon.de/dp/B0F9WW49C3,85.0,,,,,Amazon,DE,2026-09-08T08:58:37Z,B0F9WW49C3,,,,,
TCL,"TCL 55P6K LED TV Direct 55 Zoll, 4K HDR TV, Smart TV mit Google TV Technologie (Dolby Audio, Motion Clarity, kompatibel mit Google Assistant und Alexa)",https://www.amazon.de/dp/B0F7RVDMKF,55.0,319.0,319.0,EUR,319.0,Amazon,DE,2026-09-08T08:58:37Z,B0F7RVDMKF,,,,,
TCL,TCL QLED 43 Zoll 43P7K UltraHD 4K Dolby Atmos Google TV,https://www.amazon.de/dp/B0F8VZHXJM,43.0,319.0,319.0,EUR,319.0,Amazon,DE,2026-09-08T08:58:37Z,B0F8VZHXJM,,,,,
TCL,"TCL 65P8K 65 Zoll QLED 4K HDR UHD Fernseher, Smart Google TV (Dolby Vision & Atmos, 144Hz Motion Clarity Pro, FreeSync, Onkyo 2.1 Sound, Sprachsteuerung, Kompatibel mit Google Assistant, Google Cast)",https://www.amazon.de/dp/B0F8J37SQ5,65.0,589.0,589.0,EUR,589.0,Amazon,DE,2026-09-08T08:58:37Z,B0F8J37SQ5,,,,,
TCL,"TCL 32S5L - Fernseher 32 Zoll Smart TV Full HD DVB-T2 H.264, H.265 Schwarz Energieklasse F",https://www.amazon.de/dp/B0H2JF9P45,32.0,199.99,199.99,EUR,199.99,Amazon,DE,2026-09-08T08:58:37Z,B0H2JF9P45,,,,,
TCL,"TCL 65T8C 65 Zoll QLED 4K HDR UHD Fernseher, Smart Google TV Dolby Vision & Atmos, 144Hz Motion Clarity Pro, Game Bar, ALLM, FreeSync, Onkyo 2.1 Sound, Sprachsteuerung, Kompatibel mit Google Assistant",https://www.amazon.de/dp/B0DV9LYQJ1,65.0,669.99,669.99,EUR,669.99,Amazon,DE,2026-09-08T08:58:37Z,B0DV9LYQJ1,,,,,
Hisense,"Hisense 58E7DS Fernseher 58 Zoll, 4K UHD QLED, Smart TV, Hi View AI Engine, 60Hz Game Mode Plus, Dolby Vision IQ, QLED Colour, Filmmaker, Smooth Motion, Airplay, Sprachsteuerung, 2026",https://www.amazon.de/dp/B0GM1RDCJC,58.0,399.0,399.0,EUR,399.0,Amazon,DE,2026-09-08T08:58:37Z,B0GM1RDCJC,,,,,
TCL,"TCL C6K 65C6K Fernseher 165,1 cm (65 Zoll) 4K Ultra HD Smart TV WiFi Metallic",https://www.amazon.de/dp/B0F9FNQPZP,65.0,799.0,799.0,EUR,799.0,Amazon,DE,2026-09-08T08:58:37Z,B0F9FNQPZP,,,,,
Xiaomi,"Xiaomi TV F Pro 32 32"" QLED Smart TV Fire OS7 Triple Tuner DVB-C/S/S2/T/T2 | Dolby Audio, DTS Virtual:X, DTS-HD, Voice Control with Alexa, Compatible with Apple AirPlay",https://www.amazon.de/dp/B0F457M449,32.0,159.0,159.0,EUR,159.0,Amazon,DE,2026-09-08T08:58:37Z,B0F457M449,,,,,
TCL,"TCL 98X11L SQD-Mini LED 98 Zoll Fernseher, 4K Smart TV, Google TV, HDR10+ | 20736 Dimming-Zonen, 10000 Nits Spitzenhelligkeit, Dolby Vision IQ & Atmos, 144Hz, ZeroBorder Design, Audio by Bang & Olufsen",https://www.amazon.de/dp/B0GV4GKQR9,98.0,8999.0,8999.0,EUR,8999.0,Amazon,DE,2026-09-08T08:58:37Z,B0GV4GKQR9,,,,,
TCL,"TCL 98P8K 98 Zoll QLED 4K HDR UHD Fernseher, Smart Google TV (Dolby Vision & Atmos, 144Hz Motion Clarity Pro, FreeSync, Onkyo 2.1 Sound, Sprachsteuerung, Kompatibel mit Google Assistant, Google Cast)",https://www.amazon.de/dp/B0F7RW2JX3,98.0,1807.8,1807.8,EUR,1807.8,Amazon,DE,2026-09-08T08:58:37Z,B0F7RW2JX3,,,,,
TCL,"TCL 98RM7L RGB-Mini LED 98 Zoll Fernseher, 4K Smart TV, Google TV, HDR10+ | 2880 RGB-Farbzonen, 2000 Nits Spitzenhelligkeit, Dolby Vision IQ & Atmos, 2.1 Onkyo Sound, 144 Hz VRR, Apple AirPlay 2",https://www.amazon.de/dp/B0GZZYN4VR,98.0,2499.0,2499.0,EUR,2499.0,Amazon,DE,2026-09-08T08:58:37Z,B0GZZYN4VR,,,,,
TCL,"TCL NXTVISION A300 PRO 55 Zoll QLED PRO Fernseher, 4K UHD Art TV, Magnetisches Rahmendesign, Ai”Art Kunstgalerie, Mattes Display, Google Smart TV",https://www.amazon.de/dp/B0F9WFRF4R,55.0,799.0,799.0,EUR,799.0,Amazon,DE,2026-09-08T08:58:37Z,B0F9WFRF4R,,,,,
TCL,"TCL 75P8K 75 Zoll QLED 4K HDR UHD Fernseher, Smart Google TV (Dolby Vision & Atmos, 144Hz Motion Clarity Pro, FreeSync, Onkyo 2.1 Sound, Sprachsteuerung, Kompatibel mit Google Assistant, Google Cast)",https://www.amazon.de/dp/B0F8J383MC,75.0,1049.0,1049.0,EUR,1049.0,Amazon,DE,2026-09-08T08:58:37Z,B0F8J383MC,,,,,
TCL,"TCL 65V6C 65 Zoll Direct LED TV, 4K HDR Fernseher, Smart TV mithilfe von Google TV (Dolby Audio, Motion Clarity, Kompatibel mit Google Assistant & Alexa)",https://www.amazon.de/dp/B0DV9GHKQ6,65.0,,,,,Amazon,DE,2026-09-08T08:58:37Z,B0DV9GHKQ6,,,,,
TCL,TCL QLED 55 Zoll 55P7K UltraHD 4K Dolby Atmos Google TV,https://www.amazon.de/dp/B0F99Z7M9M,55.0,583.94,583.94,EUR,583.94,Amazon,DE,2026-09-08T08:58:37Z,B0F99Z7M9M,,,,,
TCL,"TCL 85C641, 85 Zoll QLED TV, 4K Ultra HD, Google TV (Dolby Vision & Atmos, Motion Clarity, handlose Sprachsteuerung, kompatibel mit Google Assistant & Alexa)",https://www.amazon.de/dp/B0BZ57RV5Z,85.0,298.21,298.21,EUR,298.21,Amazon,DE,2026-09-08T08:58:37Z,B0BZ57RV5Z,,,,,
TCL,TCL Mini LED 75 Zoll 75C6K UltraHD 4K Onkyo-Sound Google TV,https://www.amazon.de/dp/B0F94DQTQH,75.0,,,,,Amazon,DE,2026-09-08T08:58:37Z,B0F94DQTQH,,,,,
LG,"LG 85NU8E0B3LA Nano 4K UHD TV, 85 Zoll, α7 Gen9 4K AI Prozessor, webOS 26, 60Hz, VRR bis zu 60Hz, Modelljahr 2026, Energieklasse E",https://www.amazon.de/dp/B0GSGZGZ3Z,85.0,899.0,899.0,EUR,899.0,Amazon,DE,2026-09-08T08:58:37Z,B0GSGZGZ3Z,,,,,
Hisense,"Hisense 50U7Q Fernseher 50 Zoll, 4K Mini LED ULED, Smart TV, Hi-View AI Engine, 144Hz Game Mode Pro, FreeSync Premium, Built in Subwoofer, Dolby Vision IQ Atmos, Airplay, Sprachsteuerung[2025]",https://www.amazon.de/dp/B0F32KTJK8,50.0,529.0,529.0,EUR,529.0,Amazon,DE,2026-09-08T08:58:37Z,B0F32KTJK8,,,,,
Hisense,"Hisense 98E7Q Fernseher, 98 Zoll, 2480 Mm, 4K UHD QLED, Smart TV, 144Hz Game Mode PRO, AI 4K Upscaler, Smoothmotion, Lichtsensor, Colour, Dolby Vision Atmos, Sprachsteuerung, EZPlay",https://www.amazon.de/dp/B0FQ68967J,98.0,1428.99,1428.99,EUR,1428.99,Amazon,DE,2026-09-08T08:58:37Z,B0FQ68967J,,,,,
Hisense,"Hisense 85E8DS Fernseher 85 Zoll, 4K UHD, Hi-QLED Mini LED, Smart TV, 144Hz, Hi-View AI Engine, Dolby Vision.Atmos, Unibody Slim, FreeSync Premium, AI-Lichtsensor, Game Bar, Tuned by Devialet",https://www.amazon.de/dp/B0GYZ753CY,85.0,1179.0,1179.0,EUR,1179.0,Amazon,DE,2026-09-08T08:58:37Z,B0GYZ753CY,,,,,
Hisense,"Hisense 65E89Q Fernseher, 65 Zoll (164cm), 4K ULED Mini LED, Smart TV, 144Hz Game Mode PRO, Hi-View AI Engine, AI Smoothmotion, Built-in Subwoofer, Dolby Vision.Atmos, Filmmaker Mode, Hi-Concerto",https://www.amazon.de/dp/B0G5QGGKPR,65.0,809.99,809.99,EUR,809.99,Amazon,DE,2026-09-08T08:58:37Z,B0G5QGGKPR,,,,,
Hisense,"Hisense 58E6NT 146cm (58 Zoll) Fernseher, 4K UHD Smart TV, Precision Colour, HDR, Dolby Vision, 60Hz, Triple Tuner DVB-C/S/S2/T/T2, WiFi, HDMI 2.1, Bluetooth, Alexa Built-in, Schwarz, [2024]",https://www.amazon.de/dp/B0D35JHJZG,58.0,449.99,449.99,EUR,449.99,Amazon,DE,2026-09-08T08:58:37Z,B0D35JHJZG,,,,,
Xiaomi,"XIAOMI TV MAX 85 Zoll (216 cm) QLED 4K UHD Smart TV, Dolby Atmos & Vision | 144Hz (240Hz Game Boost Mode), Dolby Atmos & Vision, HDR10+, Triple Tuner, DVB-C/S/S2/T/T2, Google TV, MEMC, Airplay",https://www.amazon.de/dp/B0DJM9QBTR,85.0,999.0,999.0,EUR,999.0,Amazon,DE,2026-09-08T08:58:37Z,B0DJM9QBTR,,,,,
Xiaomi,"XIAOMI TV S Mini LED 75 Zoll (191 cm), 4K UHD Smart TV, HDR10+, Google TV | 144Hz (240Hz Game Boost Mode), Dolby Atmos & Vision, HDR10+, Triple Tuner, DVB-C/S/S2/T/T2, Google TV, MEMC, Airplay",https://www.amazon.de/dp/B0DJM9RT2C,75.0,1006.28,1006.28,EUR,1006.28,Amazon,DE,2026-09-08T08:58:37Z,B0DJM9RT2C,,,,,
TCL,"TCL 127,7 cm (50 Zoll) P6K LED 4K UHD HDR Smart TV | Google TV, 60Hz, HDR 10, AiPQ Prozessor, Dolby Audio, MEMC, HDMI 2.1, Bluetooth 5.2, WiFi 5, Lünettenloses Design (50P6K - Modell 2025)",https://www.amazon.de/dp/B0F7RSYNY9,50.0,407.62,407.62,EUR,407.62,Amazon,DE,2026-09-08T08:58:37Z,B0F7RSYNY9,,,,,
TCL,TCL TV 43S5K (2025) 43 Zoll QLED FHD,https://www.amazon.de/dp/B0H2ZQ3KLF,43.0,,,,,Amazon,DE,2026-09-08T08:58:37Z,B0H2ZQ3KLF,,,,,
TCL,TCL 50P61B - Smart Fernseher TV 50 Zoll 4K Klasse F Titan,https://www.amazon.de/dp/B0DGQ9SC5M,50.0,,,,,Amazon,DE,2026-09-08T08:58:37Z,B0DGQ9SC5M,,,,,
TCL,"TCL HD 65 Zoll 65P69K Smart TV 4K Ultra, Dolby Audio, DVB-T2, Hevc Main 10, Google TV",https://www.amazon.de/dp/B0FMRX2CQV,65.0,,,,,Amazon,DE,2026-09-08T08:58:37Z,B0FMRX2CQV,,,,,
TCL,"TCL 50C639 50 Zoll (126cm) QLED Fernseher, 4K UHD, Smart TV, Google TV, HDR Premium, 60Hz Motion Clarity, Dolby Vision & Atmos, 2.0 ONKYO Sound, Sprachsteuerung, Metallgehäuse, Alexa kompatibel",https://www.amazon.de/dp/B09XQLH785,50.0,468.95,468.95,EUR,468.95,Amazon,DE,2026-09-08T08:58:37Z,B09XQLH785,,,,,
TCL,"TCL 65C935 65 Zoll 164cm QLED Mini-LED Fernseher, 4K UHD, Google TV, HDR Extreme, 2500nits, 144Hz VRR, 120Hz Motion Clarity, Dolby Vision & Atmos, 2.1.2 ONKYO Soundbar, Sprachsteuerung",https://www.amazon.de/dp/B09ZSKD48J,65.0,,,,,Amazon,DE,2026-09-08T08:58:37Z,B09ZSKD48J,,,,,
TCL,"TCL 65C745, Fernseher 165,1 cm (65 Zoll),120 Hz, 3840 x 2160 Pixel, QLED, Smart-TV, WLAN, Schwarz, Quantum dot",https://www.amazon.de/dp/B0CFJNXC5Q,65.0,,,,,Amazon,DE,2026-09-08T08:58:37Z,B0CFJNXC5Q,,,,,
TCL,"TCL 65T8A TV, QLED, HDR 1000 nits, Full Array Local Dimming, IMAX Enhanced, 144 Hz VRR, Dolby Vision & Atoms TV Powered by Google",https://www.amazon.de/dp/B0C5QVPDMV,65.0,,,,,Amazon,DE,2026-09-08T08:58:37Z,B0C5QVPDMV,,,,,
TCL,"TCL 55C69K TVC 55"" 4K MINILED 144HZ GOOGLE SAT/AUDIO ONKYO 2.0",https://www.amazon.de/dp/B0F7XPY5FF,55.0,613.1,613.1,EUR,613.1,Amazon,DE,2026-09-08T08:58:37Z,B0F7XPY5FF,,,,,
TCL,"TCL U55S7906 140 cm (55 Zoll) Fernseher (Ultra HD, Triple Tuner, Smart TV)",https://www.amazon.de/dp/B01BGRWIZA,55.0,580.0,580.0,EUR,580.0,Amazon,DE,2026-09-08T08:58:37Z,B01BGRWIZA,,,,,
TCL,"TCL 55A400 Pro 55 Zoll NXTVISION QD-Mini LED Art TV, 4K Smart TV",https://www.amazon.de/dp/B0H3KND3MW,55.0,792.34,792.34,EUR,792.34,Amazon,DE,2026-09-08T08:58:37Z,B0H3KND3MW,,,,,
TCL,"TCL Smart TV QLED 50S5L, 126 cm, Full HD, Smart Android TV, Class F, Model 2026",https://www.amazon.de/dp/B0HHRYP3KK,50.0,399.0,399.0,EUR,399.0,Amazon,DE,2026-09-08T08:58:37Z,B0HHRYP3KK,,,,,
TCL,TCL 32FHD7900X1 LCD-LED Fernseher,https://www.amazon.de/dp/B0FQWDX74P,32.0,298.21,298.21,EUR,298.21,Amazon,DE,2026-09-08T08:58:37Z,B0FQWDX74P,,,,,
TCL,"TCL 75"" P81K 4K QLED TV - Google TV, 120Hz, Dolby Vision, AI-Bildverbesserung, HDR, Ultra HD",https://www.amazon.de/dp/B0H3KJN663,75.0,1478.73,1478.73,EUR,1478.73,Amazon,DE,2026-09-08T08:58:37Z,B0H3KJN663,,,,,
TCL,TCL TELEVISIÓN DLED 50 50P631 Google-TV 4K UHD,https://www.amazon.de/dp/B0BWGZH9Y3,50.0,807.16,807.16,EUR,807.16,Amazon,DE,2026-09-08T08:58:37Z,B0BWGZH9Y3,,,,,
TCL,"TCL 65C69KS – 65 Zoll Smart TV, 4K, WLAN, QD-Mini LED, DVB-T2, H.264, H.265, Energieeffizienzklasse E",https://www.amazon.de/dp/B0FSS5LMNS,65.0,951.84,951.84,EUR,951.84,Amazon,DE,2026-09-08T08:58:37Z,B0FSS5LMNS,,,,,
TCL,"TCL 43P610 LED Fernseher 43 Zoll (108 cm) Smart TV (4K UHD, HDR 10, Netflix, YouTube, Micro dimming, Dolby Audio, T-cast, schmales Design) Schwarz",https://www.amazon.de/dp/B08H2FFRCZ,43.0,461.99,461.99,EUR,461.99,Amazon,DE,2026-09-08T08:58:37Z,B08H2FFRCZ,,,,,
Hisense,"Hisense 55S7NQ 139 cm (55 Zoll) Canvas TV, 4K QLED, Wide Color Gamut, Dolby Vision IQ, 144 Hz, DVB-T2/T/C/S2/S Tuner, Wifi, HDMI 2.1, HLG, HDR10/HDR10+ Adaptive, VIDAA, Alexa Built-in, Filmmaker Modus",https://www.amazon.de/dp/B0DPMYKRT5,55.0,,,,,Amazon,DE,2026-09-08T08:58:37Z,B0DPMYKRT5,,,,,
TCL,"98QLED780-TCL QLED780 Series TV 2,49 m (98 Zoll) 4K Ultra HD Smart TV schwarz 450 CD/m²",https://www.amazon.de/dp/B0DZ278SHL,98.0,,,,,Amazon,DE,2026-09-08T08:58:37Z,B0DZ278SHL,,,,,
Hisense,"Hisense 40E4DS Fernseher 40 Zoll, 4K FHD Smart TV, Hi-View AI Engine, 60Hz Game Mode, Natural Colour Enhancer, Dolby Audio",https://www.amazon.de/dp/B0GTB317ZL,40.0,182.99,182.99,EUR,182.99,Amazon,DE,2026-09-08T08:58:37Z,B0GTB317ZL,,,,,
Hisense,"Hisense 32E4DS Fernseher 32 Zoll, 4K FHD Smart TV, Hi-View AI Engine, 60Hz Game Mode, Natural Colour Enhancer, Dolby Audio, DTS Virtual: X, Rauschunterdrückung, Airplay [2026]",https://www.amazon.de/dp/B0GT9QKMRM,32.0,159.99,159.99,EUR,159.99,Amazon,DE,2026-09-08T08:58:37Z,B0GT9QKMRM,,,,,
Hisense,"Hisense 65E7DS Fernseher 65 Zoll, 4K UHD QLED, Smart TV, Hi View AI Engine, 60Hz Game Mode Plus, Dolby Vision IQ, QLED Colour, Filmmaker, Smooth Motion, Airplay, Sprachsteuerung, 2026",https://www.amazon.de/dp/B0GM1NNY7D,65.0,499.0,499.0,EUR,499.0,Amazon,DE,2026-09-08T08:58:37Z,B0GM1NNY7D,,,,,
Hisense,"Hisense 43E6DS Fernseher 43 Zoll, 4K UHD Smart TV, Hi View AI Engine, 60Hz Game Mode Plus, Dolby Vision, 4K Upscaler, DTS Virtual, X, Smooth Motion, Airplay, Sprachsteuerung, 2026",https://www.amazon.de/dp/B0GTB8LFKS,43.0,269.0,269.0,EUR,269.0,Amazon,DE,2026-09-08T08:58:37Z,B0GTB8LFKS,,,,,
Hisense,"Hisense 40A5Q Fehrnseher, 40 Zoll, 2K QLED, Smart TV, Game Mode, AI Sports Mode, Dolby Atmos, Dolby MS12, DTS X, HDR10, HLG, Full HD, High Contrast, Rauschunterdrückung [2025]",https://www.amazon.de/dp/B0F2N11D11,40.0,219.0,219.0,EUR,219.0,Amazon,DE,2026-09-08T08:58:37Z,B0F2N11D11,,,,,
Hisense,"Hisense 50E7DS PRO Fernseher 50 Zoll, 4K UHD QLED, Smart TV, Hi Concerto, 144 Hz Game Mode, QLED Colour, Dolby Vision Atmos, Filmmaker, Audio, DTS Virtual X, FreeSync Premium, 2026",https://www.amazon.de/dp/B0GTVTFDNQ,50.0,449.99,449.99,EUR,449.99,Amazon,DE,2026-09-08T08:58:37Z,B0GTVTFDNQ,,,,,
Hisense,"Hisense 100U7DSE Fernseher 100 Zoll, 4K UHD, Hi-QLED Mini LED, Smart TV, 165Hz, Hi-View AI Engine Pro, IMAX Enhanced, AI Lichtsensor, Dolby Vision.Atmos, Tuned by DeVialet, FreeSync Premium [2026]",https://www.amazon.de/dp/B0GTW3MG91,100.0,2219.0,2219.0,EUR,2219.0,Amazon,DE,2026-09-08T08:58:37Z,B0GTW3MG91,,,,,
Hisense,"Hisense 55U7DS PRO Fernseher 55 Zoll, 4K UHD, Hi QLED Mini LED, Smart TV, 165 Hz, View AI Engine, IMAX Enhanced, RGB Lichtsensor, Dolby Vision Atmos, Unibody Slim, FreeSync Premium, 2026",https://www.amazon.de/dp/B0GTW3RM81,55.0,849.0,849.0,EUR,849.0,Amazon,DE,2026-09-08T08:58:37Z,B0GTW3RM81,,,,,
Hisense,"Hisense 50E8DS Fernseher 50 Zoll, 4K UHD, Hi-QLED Mini LED, Smart TV, 144Hz, Hi-View AI Engine, Dolby Vision.Atmos, Unibody Slim, FreeSync Premium, AI-Lichtsensor, Game Bar, Tuned by Devialet",https://www.amazon.de/dp/B0GYYXRNL8,50.0,524.0,524.0,EUR,524.0,Amazon,DE,2026-09-08T08:58:37Z,B0GYYXRNL8,,,,,
Hisense,"Hisense 65UR8DS Fernseher 65 Zoll, 4K UHD, RGB Mini LED, Smart TV, 180Hz, Hi-View AI Engine RGB, Dolby Vision.Atmos, AI RGB Lichtsensor, AI 4K Upscaler, AMD FreeSync Premium Pro, Tuned by Devialet",https://www.amazon.de/dp/B0H2YNKM7X,65.0,1099.0,1099.0,EUR,1099.0,Amazon,DE,2026-09-08T08:58:37Z,B0H2YNKM7X,,,,,
Hisense,"Hisense 40A5DS Fernseher 40 Zoll, FHD, QLED, Smart TV, 60Hz, Hi-QLED Colour, Dolby Atmos, Game Mode, Noise Reduction, Hohe Kontraste, Share to TV, HDR10, VIDAA OS",https://www.amazon.de/dp/B0GYZC9GRT,40.0,299.99,299.99,EUR,299.99,Amazon,DE,2026-09-08T08:58:37Z,B0GYZC9GRT,,,,,
Hisense,"Hisense 32A5NQ 80 cm (32 Zoll) QLED Fernseher Full HD, Smart TV, Triple Tuner, AI Sports Mode, Dolby Atmos, Share to TV, Duale Positionierung, WiFi, Game & Hotel Modus, Schwarz [2024]",https://www.amazon.de/dp/B0CXTLDGZ9,32.0,205.99,205.99,EUR,205.99,Amazon,DE,2026-09-08T08:58:37Z,B0CXTLDGZ9,,,,,
Hisense,"Hisense 40A4S LED-TV, 40 Zoll (102 cm), Full HD, Smart TV, VIDAA, Dolby Audio & DTS HD, WLAN, Bluetooth, randloses Design, Schwarz",https://www.amazon.de/dp/B0GJFC1Q9Z,40.0,,,,,Amazon,DE,2026-09-08T08:58:37Z,B0GJFC1Q9Z,,,,,
Hisense,"Hisense 50E7S - QLED Smart TV 50 Zoll, Hi-QLED Color, Dolby Vision.Atmos, 4K IA Treppe, Smooth Motion IA, Gaming-Modus Plus, Dolby Vision IQ, HDR10+Adaptive",https://www.amazon.de/dp/B0GNDPWJV8,50.0,319.0,319.0,EUR,319.0,Amazon,DE,2026-09-08T08:58:37Z,B0GNDPWJV8,,,,,
Hisense,"Hisense 40A5S LED-TV 40 Zoll (102 cm) Full HD, Smart TV VIDAA U7.6, USB-C Port (Mobile to TV), Dolby Audio & DTS HD, Bluetooth, WLAN, schwarz",https://www.amazon.de/dp/B0GJ5WRCG2,40.0,275.22,275.22,EUR,275.22,Amazon,DE,2026-09-08T08:58:37Z,B0GJ5WRCG2,,,,,
Hisense,"Hisense 43A6S TV 2026 4K UHD 43 Zoll (108 cm), Smart TV HomeOS U9.5, Dolby | 4K IA Kletterer, Smooth Motion IA, Gaming-Modus Plus, Dolby Vision, Sprachsteuerung",https://www.amazon.de/dp/B0GJFM3F7P,43.0,269.0,269.0,EUR,269.0,Amazon,DE,2026-09-08T08:58:37Z,B0GJFM3F7P,,,,,
Hisense,"Hisense 65A85Q 164cm (65 Zoll) Fernseher, 4K UHD OLED Smart TV,120Hz, HDMI 2.1, Game Mode Pro, AMD FreeSync Premium, Dolby Vision IQ & Atmos, Bluetooth, Alexa Built-in, Schwarz, [2025]",https://www.amazon.de/dp/B0FKGR14TB,65.0,1079.0,1079.0,EUR,1079.0,Amazon,DE,2026-09-08T08:58:37Z,B0FKGR14TB,,,,,
Hisense,"Hisense 55E7S Pro – QLED TV 55 Zoll (139 cm), 4K UHD, 144 Hz Nativ, Dolby Vision IQ & Atmos, HDMI 2.1, FreeSync Premium, Smart TV VIDAA U9.5, integrierte Alexa Sprachsteuerung, Modell 2026",https://www.amazon.de/dp/B0GR7DTKP8,55.0,459.0,459.0,EUR,459.0,Amazon,DE,2026-09-08T08:58:37Z,B0GR7DTKP8,,,,,
Hisense,"Hisense TV 65E7S (2026) 65"" VA QLED 4K UHD Preta",https://www.amazon.de/dp/B0GNF76F8J,65.0,498.0,498.0,EUR,498.0,Amazon,DE,2026-09-08T08:58:37Z,B0GNF76F8J,,,,,
Hisense,"Hisense 55E89Q Fernseher, 55 Zoll (139cm), 4K ULED Mini LED, Smart TV, 144Hz Game Mode PRO, Hi-View AI Engine, AI Smoothmotion, Built-in Subwoofer, Dolby Vision.Atmos, Filmmaker Mode, Hi-Concerto",https://www.amazon.de/dp/B0G5QTS4MN,55.0,,,,,Amazon,DE,2026-09-08T08:58:37Z,B0G5QTS4MN,,,,,
Hisense,"Hisense TV 55E7S (2026) 55"" VA QLED 4K UHD Preta",https://www.amazon.de/dp/B0GNDHW3BM,55.0,359.0,359.0,EUR,359.0,Amazon,DE,2026-09-08T08:58:37Z,B0GNDHW3BM,,,,,
Hisense,"Hisense 43E6NT 108cm (43 Zoll) Fernseher, 4K UHD Smart TV, Precision Colour, HDR, Dolby Vision, 60Hz, Triple Tuner DVB-C/S/S2/T/T2, WiFi, HDMI 2.1, Bluetooth, Alexa Built-in, Schwarz, [2024]",https://www.amazon.de/dp/B0CZWNDNXW,43.0,,,,,Amazon,DE,2026-09-08T08:58:37Z,B0CZWNDNXW,,,,,
Hisense,"Hisense 65E7NQ Pro 164 cm (65 Zoll) Fernseher, 4K UHD, QLED, Smart TV, Total HDR, Dolby Vision IQ Atmos, 144Hz (VRR), HDMI 2.1, Game Mode PRO, Triple Tuner, Alexa Built-In, Dunkelgrau, [2024]",https://www.amazon.de/dp/B0CYQ2XDYQ,65.0,,,,,Amazon,DE,2026-09-08T08:58:37Z,B0CYQ2XDYQ,,,,,
Hisense,"Hisense 55U7SE TV Mini-LED 4K 55 Zoll (139 cm) – Serie U7 2026 – QLED, 144 Hz (HSR 240 Hz), 1300 Nits, 192 Zonen, VA Kontrast 5000:1",https://www.amazon.de/dp/B0GKPVQ86Z,55.0,579.0,579.0,EUR,579.0,Amazon,DE,2026-09-08T08:58:37Z,B0GKPVQ86Z,,,,,
Hisense,"Hisense 65E7S Pro – QLED Gaming TV 65 Zoll (164 cm), 4K UHD, 144 Hz Nativ, Dolby Vision IQ & Atmos, HDMI 2.1, FreeSync Premium, Smart TV VIDAA U9.5, integrierte Alexa Sprachsteuerung [Modell 2026]",https://www.amazon.de/dp/B0GR6XCQMY,65.0,655.56,655.56,EUR,655.56,Amazon,DE,2026-09-08T08:58:37Z,B0GR6XCQMY,,,,,
Hisense,"Hisense 50E8S 126cm 50"" 4K UHD Mini LED Smart TV Fernseher (50E8S)",https://www.amazon.de/dp/B0GQDSSGNB,50.0,459.0,459.0,EUR,459.0,Amazon,DE,2026-09-08T08:58:37Z,B0GQDSSGNB,,,,,
Hisense,"Hisense 65U7Q Pro Fernseher 65 Zoll, 4K Mini LED, Smart TV, Hi-View AI Engine Pro, 165Hz Game Mode Ultra, FreeSync Premium Pro, 2.1.2 ch. Surround Sound, Dolby Vision IQ Atmos, Sprachsteuerung [2025]",https://www.amazon.de/dp/B0F24FL4CL,65.0,,,,,Amazon,DE,2026-09-08T08:58:37Z,B0F24FL4CL,,,,,
Hisense,"Hisense Smart TV 40 Zoll 40A4N – Full HD 60 Hz, Sport IA, Dolby Audio, VIDAA OS mit YouTube, Netflix, K +",https://www.amazon.de/dp/B0CZX3GM3F,40.0,271.16,271.16,EUR,271.16,Amazon,DE,2026-09-08T08:58:37Z,B0CZX3GM3F,,,,,
Hisense,"Hisense 75E7S Pro – QLED Gaming TV 75 Zoll (189 cm), 4K UHD, 144 Hz Nativ, Dolby Vision IQ & Atmos, HDMI 2.1, FreeSync Premium, Smart TV VIDAA U9.5, integrierte Alexa Sprachsteuerung, Modell 2026",https://www.amazon.de/dp/B0GR6SXXNM,75.0,899.0,899.0,EUR,899.0,Amazon,DE,2026-09-08T08:58:37Z,B0GR6SXXNM,,,,,
Hisense,"Hisense 50E7S Pro – QLED TV 50 Zoll (126 cm), 4K UHD, 144 Hz Nativ, Dolby Vision IQ & Atmos, HDMI 2.1, FreeSync Premium, Smart TV VIDAA U9.5, integrierte Alexa Sprachsteuerung, Modell 2026",https://www.amazon.de/dp/B0GR77T4BZ,50.0,449.99,449.99,EUR,449.99,Amazon,DE,2026-09-08T08:58:37Z,B0GR77T4BZ,,,,,
Hisense,"Hisense 75E7NQ 189 cm (75 Zoll) Fernseher, 4K UHD, QLED, HDR10, HDR10+ decoding, HLG, Dolby Vision Atmos, 60Hz Panel, Smooth Motion, Bluetooth, Alexa Built-in, VIDAA Voice, Schwarz [2024]",https://www.amazon.de/dp/B0CXTK5666,75.0,856.41,856.41,EUR,856.41,Amazon,DE,2026-09-08T08:58:37Z,B0CXTK5666,,,,,
Hisense,"Hisense 75U7SE TV Mini-LED 4K 75 Zoll (189 cm) – Serie 2026 – QLED, 144 Hz, Pic 1400 Nits, 320 Zonen, ADS Wide View, IMAX Enhanced, Game Mode Pro, HDMI 2.1",https://www.amazon.de/dp/B0GKPMTBMC,75.0,,,,,Amazon,DE,2026-09-08T08:58:37Z,B0GKPMTBMC,,,,,
Hisense,"Hisense 65E8S 164cm 65"" 4K UHD Mini LED Smart TV Fernseher (65E8S)",https://www.amazon.de/dp/B0GQF24H9M,65.0,791.78,791.78,EUR,791.78,Amazon,DE,2026-09-08T08:58:37Z,B0GQF24H9M,,,,,
Hisense,"Hisense 75E7NQ Pro 189 cm (75 Zoll) Fernseher, 4K UHD, QLED, Smart TV, Total HDR, Dolby Vision IQ Atmos, 144Hz (VRR), HDMI 2.1, Game Mode PRO, Triple Tuner, Alexa Built-In, Dunkelgrau, [2024]",https://www.amazon.de/dp/B0CXTNC3TZ,75.0,958.8,958.8,EUR,958.8,Amazon,DE,2026-09-08T08:58:37Z,B0CXTNC3TZ,,,,,
Hisense,"Hisense 65E7NQ 164 cm (65 Zoll) Fernseher, 4K UHD, QLED, HDR10, HDR10+ decoding, HLG, Dolby Vision Atmos, 60Hz Panel, Smooth Motion, Bluetooth, Alexa Built-in, VIDAA Voice, Schwarz [2024]",https://www.amazon.de/dp/B0CYQ253NW,65.0,,,,,Amazon,DE,2026-09-08T08:58:37Z,B0CYQ253NW,,,,,
Hisense,"Hisense 55E7NQ 139 cm (55 Zoll) Fernseher, 4K UHD, QLED, HDR10, HDR10+ decoding, HLG, Dolby Vision Atmos, 60Hz Panel, Smooth Motion, Bluetooth, Alexa Built-in, VIDAA Voice, Schwarz [2024]",https://www.amazon.de/dp/B0CXTKWMZK,55.0,,,,,Amazon,DE,2026-09-08T08:58:37Z,B0CXTKWMZK,,,,,
TCL,"TCL 43SF560 – 43 Zoll, Full HD Smart QLED Direct LED TV mit Fire TV & HDR, Metallic Design, Rahmenlos",https://www.amazon.de/dp/B0F9PQTM25,43.0,190.98,190.98,EUR,190.98,Amazon,DE,2026-09-08T08:58:37Z,B0F9PQTM25,,,,,
Hisense,"Hisense Smart TV 50 Zoll 50A6N 4K UHD, Dolby Vision, HDR, VIDAA mit YouTube, Netflix, Disney+, Canal + (Modell 2024)",https://www.amazon.de/dp/B0CZWTSGZX,50.0,349.99,349.99,EUR,349.99,Amazon,DE,2026-09-08T08:58:37Z,B0CZWTSGZX,,,,,
Samsung,"DYON ULTIMAX 32H-TI-W 32-Zoll HD Smart TV Samsung Tizen | Smart Hub, Gaming Hub, kostenlose Live-TV, Triple Tuner, Wi-Fi, Bluetooth, ideal für Gästezimmer",https://www.amazon.de/dp/B0F6YWL26Z,32.0,129.99,129.99,EUR,129.99,Amazon,DE,2026-09-08T08:58:37Z,B0F6YWL26Z,,,,,
Hisense,"Hisense 65E6KT 164cm (65 Zoll) Fernseher, 4K UHD, HDR, Dolby Vision, Triple Tuner, Smart-TV, Bluetooth, WiFi, Alexa Built-In, DTS Virtual X, Hotel Mode, Schwarz [2023]",https://www.amazon.de/dp/B0C1C64DP2,65.0,549.0,549.0,EUR,549.0,Amazon,DE,2026-09-08T08:58:37Z,B0C1C64DP2,,,,,
Hisense,"Hisense 50U7SE TV Mini-LED 4K 50 Zoll (126 cm) – Serie U7 2026 – QLED, 144 Hz Nativ, 1300 Nits, 144 Zonen, 2.1 Devialet Sound",https://www.amazon.de/dp/B0GKQ1371K,50.0,549.0,549.0,EUR,549.0,Amazon,DE,2026-09-08T08:58:37Z,B0GKQ1371K,,,,,
Hisense,"Hisense 75A7Q QLED Smart TV, 190 cm (75 Zoll), sanfte Bewegungen IA, Dolby Vision, Dolby Atmos, integrierter Subwoofer, Spielmodus Plus, Sportmodus, Bluetooth & HDMI 2.1, Sprachsteuerung Alexa",https://www.amazon.de/dp/B0F2T44B26,75.0,695.0,695.0,EUR,695.0,Amazon,DE,2026-09-08T08:58:37Z,B0F2T44B26,,,,,
Xiaomi,"XIAOMI TV S Mini LED 65 Zoll (165 cm), 4K UHD Smart TV, HDR10+, Google TV | 144Hz (240Hz Game Boost Mode), Dolby Atmos & Vision, HDR10+, Triple Tuner, DVB-C/S/S2/T/T2, Google TV, MEMC, Airplay",https://www.amazon.de/dp/B0DJMBJPXN,65.0,599.0,599.0,EUR,599.0,Amazon,DE,2026-09-08T08:58:37Z,B0DJMBJPXN,,,,,
Toshiba,"Toshiba 43 Zoll Fernseher Fire TV (4K UHD Smart TV, HDR Dolby Vision, Triple-Tuner, Alexa Built-In, Sound by Onkyo) 43UF3F63DAZ",https://www.amazon.de/dp/B0DCZ8S7KW,43.0,279.99,279.99,EUR,279.99,Amazon,DE,2026-09-08T08:58:37Z,B0DCZ8S7KW,,,,,
Hisense,"Hisense 55 Zoll 55A6N 4K UHD Dolby Vision HDR VIDAA Smart TV mit YouTube, Netflix, Disney+, Channel + (2024 Modell)",https://www.amazon.de/dp/B0CZWTBDW6,55.0,,,,,Amazon,DE,2026-09-08T08:58:37Z,B0CZWTBDW6,,,,,
Hisense,"Hisense 85E7S PRO 215cm 85"" 4K QLED Smart TV Fernseher (85E7S PRO)",https://www.amazon.de/dp/B0GR6KRXBJ,85.0,1179.0,1179.0,EUR,1179.0,Amazon,DE,2026-09-08T08:58:37Z,B0GR6KRXBJ,,,,,
Hisense,"Hisense 81,3 cm (32 Zoll) S5 DécoTV Serie QLED FHD Smart Fire TV (32S5QF, Modell 2025) – vielseitige Passform, Hi-QLED-Farbe, kunstinspiriertes Design, flüssiger zentraler Ständer, DTS Virtual: X",https://www.amazon.de/dp/B0FXMWY914,32.0,333.7,333.7,EUR,333.7,Amazon,DE,2026-09-08T08:58:37Z,B0FXMWY914,,,,,
Hisense,"Hisense 75E7KQ PRO 189cm (75 Zoll) Fernseher, 4K UHD, QLED, Smart TV, HDR, Dolby Vision IQ, 144Hz (VRR), HDMI 2.1, Game Mode PRO, Triple Tuner, Alexa Built-In, Dolby Atmos, Dunkelgrau [2023]",https://www.amazon.de/dp/B0C43WS8C4,75.0,1149.99,1149.99,EUR,1149.99,Amazon,DE,2026-09-08T08:58:37Z,B0C43WS8C4,,,,,
Hisense,"Hisense Bundle of 75E7NQ Pro 189 cm (75 Zoll) Fernseher, 4K UHD, QLED, Smart TV, Total HDR, Dolby Vision IQ Atmos, 144Hz (VRR), HDMI 2.1, Game Mode PRO, Triple Tuner HS3100",https://www.amazon.de/dp/B0D9617CYJ,75.0,1077.8,1077.8,EUR,1077.8,Amazon,DE,2026-09-08T08:58:37Z,B0D9617CYJ,,,,,
Hisense,"Hisense Bundle 43E7DS Fernseher 43 Zoll, 4K UHD QLED, Smart TV, 2026 + HS2000, 2.1 Kanal Soundbar, Visual Built-in subwoofer, 240W max Audio Power,Dolby Audio, DTS Virtual:X, TV Mode, EzPlay",https://www.amazon.de/dp/B0HF484QD1,43.0,348.99,348.99,EUR,348.99,Amazon,DE,2026-09-08T08:58:37Z,B0HF484QD1,,,,,
Hisense,"Hisense 65U6KQ 164 cm (65 Zoll) Fernseher 4K Mini LED ULED HDR Smart TV, Quantum Dot, 60Hz, HDMI 2.0, Game Mode Plus, Dolby Vision & Atmos, Bluetooth, Alexa Built-in, anthrazit [2023], Schwarz",https://www.amazon.de/dp/B0C5Y4QZ4F,65.0,,,,,Amazon,DE,2026-09-08T08:58:37Z,B0C5Y4QZ4F,,,,,
Hisense,"Hisense 55A7NQ, 139,7 cm (55 Zoll), 3840 x 2160 Pixel, QLED, Smart-TV, WLAN, Grau",https://www.amazon.de/dp/B0D53B9SGR,55.0,476.6,476.6,EUR,476.6,Amazon,DE,2026-09-08T08:58:37Z,B0D53B9SGR,,,,,
Hisense,"Hisense 100UR8DS Fernseher, 100 Zoll, RGB MiniLED, Smart TV, Hi-View AI Engine RGB, Native 180Hz Game Mode, 4000 Nits Spitzenhelligkeit, 2.1.2 ch. Surround Sound, Imax Enhanced, Dolby Vision Atmos",https://www.amazon.de/dp/B0H3C85RD8,100.0,,,,,Amazon,DE,2026-09-08T08:58:37Z,B0H3C85RD8,,,,,
Hisense,"Hisense 55E8S 139cm 55"" 4K UHD Mini LED Smart TV Fernseher (55E8S)",https://www.amazon.de/dp/B0GQDXNH3L,55.0,649.15,649.15,EUR,649.15,Amazon,DE,2026-09-08T08:58:37Z,B0GQDXNH3L,,,,,
Hisense,"Hisense 43S5DQ Deco TV, 108cm (42 Zoll), UHD QLED, HDR10, Dolby Atmos, QLED Colour, 60Hz, DVB-T2+C+S2 Tuner, WiFi, HDMI, Gallerie Mode, Kunst-Inspiriertes Design, Rauschreduzierung, DTS Virtual: X",https://www.amazon.de/dp/B0H5W3KFRV,42.0,498.95,498.95,EUR,498.95,Amazon,DE,2026-09-08T08:58:37Z,B0H5W3KFRV,,,,,
Hisense,"Hisense 55A79NQ - Smart TV, 55 Zoll, 4K, DVB-T2, HEVC(H.265), Schwarz",https://www.amazon.de/dp/B0DJT1VKW2,55.0,,,,,Amazon,DE,2026-09-08T08:58:37Z,B0DJT1VKW2,,,,,
Hisense,"Hisense 65U7S Pro - Mini LED Pro Smart TV 65 Zoll, Hi-QLED MiniLED Pro, nativer 165 Hz Gaming-Modus, 2.1.2 Surround-Sound, entspiegelt und blendfrei, IMAX Enhanced, Dolby Vision IQ, HDR 10+",https://www.amazon.de/dp/B0GT2HY84T,65.0,,,,,Amazon,DE,2026-09-08T08:58:37Z,B0GT2HY84T,,,,,
Hisense,"Hisense 55A7KQ Fernseher 139,7 cm (55 Zoll) 4K Ultra HD Smart-TV WiFi Schwarz, Betriebsystem VIDAA U",https://www.amazon.de/dp/B0C43TVGB2,55.0,459.0,459.0,EUR,459.0,Amazon,DE,2026-09-08T08:58:37Z,B0C43TVGB2,,,,,
Hisense,"Hisense Bundle 100E7DS PRO Fernseher 100 Zoll, 4K UHD QLED, Smart TV [2026] HS1000 2.0ch Soundbar, 120 W, Dolby Audio, DTS Virtual:X, EzPlay",https://www.amazon.de/dp/B0HF172M89,100.0,1690.75,1690.75,EUR,1690.75,Amazon,DE,2026-09-08T08:58:37Z,B0HF172M89,,,,,
Hisense,"Hisense Bundle of 43E7DS Fernseher 43 Zoll, 4K UHD QLED, Smart TV, Hi-View AI Engine[2026] + HS2100, 2.1 Kanal Soundbar, 240W max Audio Power,Dolby Audio, DTS",https://www.amazon.de/dp/B0H848LKT9,43.0,363.99,363.99,EUR,363.99,Amazon,DE,2026-09-08T08:58:37Z,B0H848LKT9,,,,,
Hisense,Hisense 43E78HQ 43 Zoll QLED 4K STV 3 x HDMi 2 x USB Wi,https://www.amazon.de/dp/B0B12RV1RK,43.0,,,,,Amazon,DE,2026-09-08T08:58:37Z,B0B12RV1RK,,,,,
Hisense,"Hisense Bundle 65E7DS Fernseher 65 Zoll, 4K UHD QLED, Smart TV, 2026 HS1000, 2.0 Kanal Soundbar, 120W max Audio Power, Dolby Audio, DTS Virtual:X, Voice Enhanced, TV Mode, EzPlay",https://www.amazon.de/dp/B0HF4QWVXZ,65.0,561.0,561.0,EUR,561.0,Amazon,DE,2026-09-08T08:58:37Z,B0HF4QWVXZ,,,,,
Hisense,"Hisense Bundle 50E7DS PRO Fernseher 50 Zoll, 4K UHD QLED, Smart TV, Hi-Concerto, 144Hz Game Mode + HS2100, 2.1 Kanal Soundbar, 240W,Dolby Audio, DTS Virtual:X, Ultra-Slim Wireless subwoofer",https://www.amazon.de/dp/B0H87FDP3N,50.0,543.99,543.99,EUR,543.99,Amazon,DE,2026-09-08T08:58:37Z,B0H87FDP3N,,,,,
Hisense,HISENSE 50A7K QLED Fernseher 50 Zoll UHD 4K Smart TV,https://www.amazon.de/dp/B0C43WKRTC,50.0,647.09,647.09,EUR,647.09,Amazon,DE,2026-09-08T08:58:37Z,B0C43WKRTC,,,,,
Hisense,"Hisense Bundle 75E7DS PRO Fernseher 75 Zoll, 4K UHD QLED, Smart TV, Hi-Concerto, 144Hz Game Mode [2026] + HS2100, 2.1 Kanal Soundbar, 240W,Dolby Audio, DTS Virtual:X, Ultra-Slim Wireless subwoofer",https://www.amazon.de/dp/B0H87Q8V42,75.0,993.0,993.0,EUR,993.0,Amazon,DE,2026-09-08T08:58:37Z,B0H87Q8V42,,,,,
Hisense,"Hisense Bundle 65E7DS Fernseher 65 Zoll, 4K UHD QLED, Smart TV, 2026 + HS2000, 2.1 Kanal Soundbar, Visual Built-in subwoofer, 240W max Audio Power,Dolby Audio, DTS Virtual:X, TV Mode, EzPlay",https://www.amazon.de/dp/B0HF49PMPY,65.0,578.0,578.0,EUR,578.0,Amazon,DE,2026-09-08T08:58:37Z,B0HF49PMPY,,,,,
Hisense,"Hisense TV 65A7KQ QLED Smart TV, 65 Zoll (165 cm), mit Quantum Dot Colour, 60 Hz VRR, Dolby Vision & Dolby Atmos, Bluetooth & HDMI, Teilen auf dem Fernseher, Alexa Built-in (2023)",https://www.amazon.de/dp/B0C43Y3846,65.0,738.99,738.99,EUR,738.99,Amazon,DE,2026-09-08T08:58:37Z,B0C43Y3846,,,,,
Hisense,"Hisense Bundle 85E7DS PRO Fernseher 85 Zoll, 4K UHD QLED, Smart TV, Hi-Concerto, 144Hz Game Mode[2026] + HS2100, 2.1 Kanal Soundbar, 240W,Dolby Audio, DTS Virtual:X, Ultra-Slim Wireless subwoofer",https://www.amazon.de/dp/B0H87RTHCQ,85.0,1143.56,1143.56,EUR,1143.56,Amazon,DE,2026-09-08T08:58:37Z,B0H87RTHCQ,,,,,
Hisense,"Hisense 43S5Q Hi-QLED FHD Smart TV, 109 cm (43 Zoll), Lifestyle-TV, künstlerisches Design, Hi-QLED-Farbe, Dolby Vision, Atmos, vielseitiges Design, Kunstmodus, moderner Sockel, Filmmaker-Modus",https://www.amazon.de/dp/B0GM1RDY9Z,43.0,539.65,539.65,EUR,539.65,Amazon,DE,2026-09-08T08:58:37Z,B0GM1RDY9Z,,,,,
Hisense,"Hisense 100U7SE 100 Zoll Mini LED Smart TV, Hi-QLED MiniLED MiniLED Gaming-Modus, 165 Hz nativ, Eingebauter Subwoofer, Hi-View AI Engine Pro, Dolby Vision IQ, Smooth Motion IA, Filmmaker Modus",https://www.amazon.de/dp/B0GR6P7MGV,100.0,2612.66,2612.66,EUR,2612.66,Amazon,DE,2026-09-08T08:58:37Z,B0GR6P7MGV,,,,,
Hisense,"Hisense 65E77Q, QLED-Fernseher - (164 cm (65 Zoll), schwarz, UltraHD/4K, Triple Tuner) [Energieklasse E] (65E77Q)",https://www.amazon.de/dp/B0FVVTHFW3,65.0,,,,,Amazon,DE,2026-09-08T08:58:37Z,B0FVVTHFW3,,,,,
TCL,"TCL 75V6C 75 Zoll Direct LED TV, 4K HDR Fernseher, Smart TV mithilfe von Google TV (Dolby Audio, Motion Clarity, Kompatibel mit Google Assistant & Alexa)",https://www.amazon.de/dp/B0DV9L8KLJ,75.0,,,,,Amazon,DE,2026-09-08T08:58:37Z,B0DV9L8KLJ,,,,,
Hisense,Hisense Smart TV QLED 50 Zoll 4K 50A7S,https://www.amazon.de/dp/B0GSBQDY7T,50.0,597.5,597.5,EUR,597.5,Amazon,DE,2026-09-08T08:58:37Z,B0GSBQDY7T,,,,,
Hisense,"HISENSE 43A6G Fernseher (Flat, 43 Zoll / 109,22 cm, UHD 4K, SMART TV)",https://www.amazon.de/dp/B09GRXLNHN,43.0,399.9,399.9,EUR,399.9,Amazon,DE,2026-09-08T08:58:37Z,B09GRXLNHN,,,,,
Hisense,"Hisense Bundle 75E7DS PRO Fernseher 75 Zoll, 4K UHD QLED, Smart TV, 2026 + HS2000, 2.1 Kanal Soundbar, Visual Built-in subwoofer, 240W max Audio Power,Dolby Audio, DTS Virtual:X, TV Mode, EzPlay",https://www.amazon.de/dp/B0HF48Q68N,75.0,978.0,978.0,EUR,978.0,Amazon,DE,2026-09-08T08:58:37Z,B0HF48Q68N,,,,,
Hisense,"Hisense 65A85H OLED 164cm (65 Zoll) Fernseher, 4K, HDR, Dolby Vision IQ & Atmos, IMAX Enhanced, Filmmaker Mode, 120Hz, Alexa Built-in, Google Assistant, Game Mode Pro, DTS Virtual X, anthrazit [2022 ]",https://www.amazon.de/dp/B0B534DNNM,65.0,1939.96,1939.96,EUR,1939.96,Amazon,DE,2026-09-08T08:58:37Z,B0B534DNNM,,,,,
Hisense,"Hisense 85U7S Pro - Mini LED Pro Smart TV 85 Zoll, Hi-QLED MiniLED Pro, Nativer 165Hz Gaming-Modus, 2.1.2 Surround-Sound, Anti-Glare und Blendfrei, IMAX Enhanced, Dolby Vision IQ, HDR 10+",https://www.amazon.de/dp/B0GT2RHKJX,85.0,2376.2,2376.2,EUR,2376.2,Amazon,DE,2026-09-08T08:58:37Z,B0GT2RHKJX,,,,,
Hisense,"Hisense LTDN65XT910 171,2 cm (65 Zoll) Fernseher (Ultra HD, Triple Tuner, Smart TV)",https://www.amazon.de/dp/B013QX8ASG,65.0,,,,,Amazon,DE,2026-09-08T08:58:37Z,B013QX8ASG,,,,,
Hisense,"Hisense Canvas TV QLED 144Hz 55"" 4K 55S7S | Hi-Matte Display, Art Gallery, Audio Tuned by Devialet, VIDAA OS, Dolby Vision IQ, 4 HDMI, Wifi, BT, AirPlay2, 2026 Model",https://www.amazon.de/dp/B0H3112112,55.0,,,,,Amazon,DE,2026-09-08T08:58:37Z,B0H3112112,,,,,
Hisense,"Hisense Bundle 85E7DS Fernseher 85 Zoll, 4K UHD QLED, Smart TV [2026] + HS2000, 2.1 Kanal Soundbar, Visual Built-in subwoofer, 240W max Audio Power,Dolby Audio, DTS Virtual:X, TV Mode, EzPlay",https://www.amazon.de/dp/B0HF4DC7GB,85.0,928.99,928.99,EUR,928.99,Amazon,DE,2026-09-08T08:58:37Z,B0HF4DC7GB,,,,,
Hisense,"Hisense 65A79NQ Smart-TV, 65 Zoll, 4K, DLED, DVB-T2, HEVC(H.265), Schwarz",https://www.amazon.de/dp/B0DJT45V9J,65.0,636.0,636.0,EUR,636.0,Amazon,DE,2026-09-08T08:58:37Z,B0DJT45V9J,,,,,
Hisense,"Hisense Bundle 55E7DS Fernseher 55 Zoll, 4K UHD QLED, Smart TV, 60Hz Game Mode Plus + HS2100, 2.1 Kanal Soundbar, 240W max Audio Power,Dolby Audio, DTS Virtual:X, Ultra-Slim Wireless subwoofer",https://www.amazon.de/dp/B0H87BXM9J,55.0,453.0,453.0,EUR,453.0,Amazon,DE,2026-09-08T08:58:37Z,B0H87BXM9J,,,,,
Hisense,"Hisense Bundle 55E7DS Fernseher 55 Zoll, 4K UHD QLED, Smart TV, 2026 HS1000, 2.0 Kanal Soundbar, 120W max Audio Power, Dolby Audio, DTS Virtual:X, Voice Enhanced, TV Mode, EzPlay",https://www.amazon.de/dp/B0HF47VS4N,55.0,421.0,421.0,EUR,421.0,Amazon,DE,2026-09-08T08:58:37Z,B0HF47VS4N,,,,,
Hisense,"Hisense H65N6800 163 cm (65 Zoll) ULED Fernseher (Ultra HD, Triple Tuner, Smart TV)",https://www.amazon.de/dp/B071CSNHYW,65.0,797.26,797.26,EUR,797.26,Amazon,DE,2026-09-08T08:58:37Z,B071CSNHYW,,,,,
Hisense,"Hisense Bundle 50E7DS Fernseher 50 Zoll, 4K UHD QLED, Smart TV, 2026 HS1000, 2.0 Kanal Soundbar, 120W max Audio Power, Dolby Audio, DTS Virtual:X, Voice Enhanced, TV Mode, EzPlay",https://www.amazon.de/dp/B0HF4JKXVT,50.0,381.0,381.0,EUR,381.0,Amazon,DE,2026-09-08T08:58:37Z,B0HF4JKXVT,,,,,
Hisense,"Hisense Bundle 75E7DS PRO Fernseher 75 Zoll, 4K UHD QLED, Smart TV 2026 HS1000 2.0ch Soundbar, 120 W, Dolby Audio, DTS Virtual:X, EzPlay",https://www.amazon.de/dp/B0HF13PYG3,75.0,961.0,961.0,EUR,961.0,Amazon,DE,2026-09-08T08:58:37Z,B0HF13PYG3,,,,,
Hisense,"Hisense Bundle 100E7DS PRO Fernseher 100 Zoll, 4K UHD QLED, Smart TV [2026] + HS2000, 2.1 Kanal Soundbar, Visual Built-in subwoofer, 240W max Audio Power,Dolby Audio, DTS Virtual:X, TV Mode",https://www.amazon.de/dp/B0HF4L6LG3,100.0,1707.75,1707.75,EUR,1707.75,Amazon,DE,2026-09-08T08:58:37Z,B0HF4L6LG3,,,,,
Hisense,"Hisense Bundle 55E7DS Fernseher 55 Zoll, 4K UHD QLED, Smart TV, 2026 + HS2000, 2.1 Kanal Soundbar, Visual Built-in subwoofer, 240W max Audio Power,Dolby Audio, DTS Virtual:X, TV Mode, EzPlay",https://www.amazon.de/dp/B0HF4HLT1Z,55.0,438.0,438.0,EUR,438.0,Amazon,DE,2026-09-08T08:58:37Z,B0HF4HLT1Z,,,,,
Hisense,"Hisense Bundle 50E7DS PRO Fernseher 50 Zoll, 4K UHD QLED, Smart TV, 2026 HS1000, 2.0 Kanal Soundbar, 120W max Audio Power, Dolby Audio, DTS Virtual:X, Voice Enhanced, TV Mode, EzPlay",https://www.amazon.de/dp/B0HF3YS8BB,50.0,511.99,511.99,EUR,511.99,Amazon,DE,2026-09-08T08:58:37Z,B0HF3YS8BB,,,,,
Hisense,"Hisense 85E77Q PRO, QLED-Fernseher - (215 cm (85 Zoll), schwarz, UltraHD/4K, Tripple Tuner, USB Recording, Time Shift, 144Hz Panel) [Energieklasse E] (20015962)",https://www.amazon.de/dp/B0FTG2M23M,85.0,,,,,Amazon,DE,2026-09-08T08:58:37Z,B0FTG2M23M,,,,,
Hisense,"Hisense Bundle 50E7DS PRO Fernseher 50 Zoll, 4K UHD QLED, Smart TV, 2026 + HS2000, 2.1 Kanal Soundbar, Visual Built-in subwoofer, 240W max Audio Power,Dolby Audio, DTS Virtual:X, TV Mode, EzPlay",https://www.amazon.de/dp/B0HF4N735X,50.0,528.99,528.99,EUR,528.99,Amazon,DE,2026-09-08T08:58:37Z,B0HF4N735X,,,,,
Hisense,"Hisense Bundle 65E7DS PRO Fernseher 65 Zoll, 4K UHD QLED, Smart TV, 2026 + HS2000, 2.1 Kanal Soundbar, Visual Built-in subwoofer, 240W max Audio Power,Dolby Audio, DTS Virtual:X, TV Mode, EzPlay",https://www.amazon.de/dp/B0HF4B6PRP,65.0,678.99,678.99,EUR,678.99,Amazon,DE,2026-09-08T08:58:37Z,B0HF4B6PRP,,,,,
Hisense,"Hisense Bundle 50E7DS Fernseher 50 Zoll, 4K UHD QLED, Smart TV, 2026 + HS2000, 2.1 Kanal Soundbar, Visual Built-in subwoofer, 240W max Audio Power,Dolby Audio, DTS Virtual:X, TV Mode, EzPlay",https://www.amazon.de/dp/B0HF3W9Q2Q,50.0,398.0,398.0,EUR,398.0,Amazon,DE,2026-09-08T08:58:37Z,B0HF3W9Q2Q,,,,,
Hisense,"Hisense Bundle 65E7DS PRO Fernseher 65 Zoll, 4K UHD QLED, Smart TV 2026 HS1000, 2.0 Kanal Soundbar, 120W max Audio Power, Dolby Audio, DTS Virtual:X, Voice Enhanced, TV Mode, EzPlay",https://www.amazon.de/dp/B0HF4CXHBW,65.0,661.99,661.99,EUR,661.99,Amazon,DE,2026-09-08T08:58:37Z,B0HF4CXHBW,,,,,
Hisense,Televizorius HISENSE 65inch LED Smart TV 65A7GQ,https://www.amazon.de/dp/B099NTXNDM,65.0,795.99,795.99,EUR,795.99,Amazon,DE,2026-09-08T08:58:37Z,B099NTXNDM,,,,,
Hisense,"Hisense Bundle 75E7DS Fernseher 75 Zoll, 4K UHD QLED, Smart TV, 2026 + HS2000, 2.1 Kanal Soundbar, Visual Built-in subwoofer, 240W max Audio Power,Dolby Audio, DTS Virtual:X, TV Mode, EzPlay",https://www.amazon.de/dp/B0HF47Z78Y,75.0,738.99,738.99,EUR,738.99,Amazon,DE,2026-09-08T08:58:37Z,B0HF47Z78Y,,,,,
Hisense,"Hisense Bundle 50E7DS Fernseher 50 Zoll, 4K UHD QLED, Smart TV + HS2100, 2.1 Kanal Soundbar, 240W max Audio Power,Dolby Audio, DTS Virtual:X, Ultra-Slim Wireless subwoofer, TV Mode, EzPlay",https://www.amazon.de/dp/B0H875RS9D,50.0,413.0,413.0,EUR,413.0,Amazon,DE,2026-09-08T08:58:37Z,B0H875RS9D,,,,,
Hisense,"Hisense 98E7DS Fernseher 98 Zoll, 4K UHD QLED, Smart TV | Hi-View AI Engine, Native 144Hz Game Mode , Dolby Vision IQ, HI-QLED Colour, Filmmaker Mode, AI Smooth Motion, Airplay [2026]",https://www.amazon.de/dp/B0H5C879HS,98.0,2399.0,2399.0,EUR,2399.0,Amazon,DE,2026-09-08T08:58:37Z,B0H5C879HS,,,,,
Hisense,"Hisense E7H 50"" UHD 4K HDR Smart TV",https://www.amazon.de/dp/B0B52K95QV,50.0,723.85,723.85,EUR,723.85,Amazon,DE,2026-09-08T08:58:37Z,B0B52K95QV,,,,,
Hisense,"Hisense Bundle 65E7DS PRO Fernseher 65 Zoll, 4K UHD QLED, Smart TV, Hi-Concerto, 144Hz Game Mode + HS2100, 2.1 Kanal Soundbar, 240W, Dolby Audio, DTS Virtual:X, Ultra-Slim Wireless subwoofer",https://www.amazon.de/dp/B0H87XMBYS,65.0,693.99,693.99,EUR,693.99,Amazon,DE,2026-09-08T08:58:37Z,B0H87XMBYS,,,,,
Hisense,"Hisense Bundle 85E7DS Fernseher 85 Zoll, 4K UHD QLED, Smart TV, 60Hz Game Mode Plus + HS2100, 2.1 Kanal Soundbar, 240W max Audio Power,Dolby Audio, DTS Virtual:X, Ultra-Slim Wireless subwoofer",https://www.amazon.de/dp/B0H87GH264,85.0,943.99,943.99,EUR,943.99,Amazon,DE,2026-09-08T08:58:37Z,B0H87GH264,,,,,
Hisense,HISENSE 65A6K LED-Fernseher 65 Zoll UHD 4K Smart TV,https://www.amazon.de/dp/B0C3RW4YXJ,65.0,,,,,Amazon,DE,2026-09-08T08:58:37Z,B0C3RW4YXJ,,,,,
Hisense,"Hisense Bundle 85E7DS PRO Fernseher 85 Zoll, 4K UHD QLED, Smart TV [2026] HS1000 2.0ch Soundbar, 120 W, Dolby Audio, DTS Virtual:X, EzPlay",https://www.amazon.de/dp/B0HDZXDGGD,85.0,1211.0,1211.0,EUR,1211.0,Amazon,DE,2026-09-08T08:58:37Z,B0HDZXDGGD,,,,,
Hisense,"Hisense Bundle 85E7DS PRO Fernseher 85 Zoll, 4K UHD QLED, Smart TV [2026] + HS2000, 2.1 Kanal Soundbar, Visual Built-in subwoofer, 240W max Audio Power,Dolby Audio, DTS Virtual:X, TV Mode, EzPlay",https://www.amazon.de/dp/B0HF4DV9RZ,85.0,1228.0,1228.0,EUR,1228.0,Amazon,DE,2026-09-08T08:58:37Z,B0HF4DV9RZ,,,,,
Hisense,"Hisense 85E77Q, QLED-Fernseher 215 cm (85 Zoll), schwarz, UltraHD/4K, Triple Tuner (85E77Q)",https://www.amazon.de/dp/B0FTGBG7K2,85.0,,,,,Amazon,DE,2026-09-08T08:58:37Z,B0FTGBG7K2,,,,,
Sony,"Sony BRAVIA, KD-32W800, 32 Zoll Fernseher, LED, 2K HDR, Android TV, Smart TV",https://www.amazon.de/dp/B0BNW6941F,32.0,295.99,295.99,EUR,295.99,Amazon,DE,2026-09-08T08:58:37Z,B0BNW6941F,,,,,
Sony,"Sony BRAVIA 3 - Direct LED 50 Zoll Fernseher (K50S32), X-Balanced Speaker, Dolby Vision/Atmos, IMAX Enhanced, Google TV (2025), Google Cast, Apple AirPlay 2, Eco Dashboard 2, Game Menu 2, Smart TV",https://www.amazon.de/dp/B0F4KT1F4F,50.0,549.0,549.0,EUR,549.0,Amazon,DE,2026-09-08T08:58:37Z,B0F4KT1F4F,,,,,
Sony,"Sony BRAVIA 3 - Direct LED 43 Zoll Fernseher (K43S32), X-Balanced Speaker, Dolby Vision/Atmos, IMAX Enhanced, Google TV (2025), Google Cast, Apple AirPlay 2, Eco Dashboard 2, Game Menu 2, Smart TV",https://www.amazon.de/dp/B0F4KVZSKW,43.0,489.0,489.0,EUR,489.0,Amazon,DE,2026-09-08T08:58:37Z,B0F4KVZSKW,,,,,
Sony,"Sony BRAVIA 8 OLED 55 Zoll 4K HDR Google Smart TV | Gaming Features,IMAX Enhanced, Dolby Vision Atmos, Chromecast, Apple AirPlay, 120Hz 55XR80",https://www.amazon.de/dp/B0D1VTR2M5,55.0,1249.0,1249.0,EUR,1249.0,Amazon,DE,2026-09-08T08:58:37Z,B0D1VTR2M5,,,,,
Sony,"Sony KDL-50W815B 126cm (50 Zoll) 3D-LED-Backlight-Fernseher (Full HD, 600Hz Motionflow XR, Smart View, DVB-T/T2/C/S/S2, CI+, WLAN, Skype, X-Reality PRO)",https://www.amazon.de/dp/B00IRWKEK4,50.0,300.0,300.0,EUR,300.0,Amazon,DE,2026-09-08T08:58:37Z,B00IRWKEK4,,,,,
Sony,"Sony BRAVIA 3 - Direct LED 55 Zoll Fernseher (K55S32), X-Balanced Speaker, Dolby Vision/Atmos, IMAX Enhanced, Google TV (2025), Google Cast, Apple AirPlay 2, Eco Dashboard 2, Game Menu 2, Smart TV",https://www.amazon.de/dp/B0F4KXJQ42,55.0,599.0,599.0,EUR,599.0,Amazon,DE,2026-09-08T08:58:37Z,B0F4KXJQ42,,,,,
Sony,"Sony BRAVIA 5 XR Mini-LED 55 Zoll Fernseher (K55XR52), AI XR-Prozessor, akustisches Multi-Audio, Dolby Vision/Atmos, IMAX Enhanced, Google TV (2025), Google Cast, Apple AirPlay 2, Game Menu, Smart TV",https://www.amazon.de/dp/B0F4KYR4RT,55.0,949.0,949.0,EUR,949.0,Amazon,DE,2026-09-08T08:58:37Z,B0F4KYR4RT,,,,,
Sony,"Sony BRAVIA 7 II True RGB Fernseher, 65 Zoll, 4K-Smart-TV (Google TV), RGB-LED, XR Prozessor mit KI-Technologie, 120-Hz-Fernseher mit Dolby Vision/Atmos, PS5-kompatibel, Modell 2026 – Schwarz",https://www.amazon.de/dp/B0H2JSJ8QM,65.0,1999.0,1999.0,EUR,1999.0,Amazon,DE,2026-09-08T08:58:37Z,B0H2JSJ8QM,,,,,
Sony,"Sony BRAVIA 5 XR Mini-LED 65 Zoll Fernseher (K65XR52), AI XR-Prozessor, akustisches Multi-Audio, Dolby Vision/Atmos, IMAX Enhanced, Google TV (2025), Google Cast, Apple AirPlay 2, Game Menu, Smart TV",https://www.amazon.de/dp/B0F4L1887W,65.0,1099.0,1099.0,EUR,1099.0,Amazon,DE,2026-09-08T08:58:37Z,B0F4L1887W,,,,,
Sony,"Sony BRAVIA, KD-65X80L, 65 Zoll Fernseher, LED, 4K HDR, Google TV, Smart TV, Works with Alexa, BRAVIA CORE, TRILUMINOS PRO, HDMI 2.1, Gaming-Menü mit ALLM",https://www.amazon.de/dp/B0BZSD6QN8,65.0,749.0,749.0,EUR,749.0,Amazon,DE,2026-09-08T08:58:37Z,B0BZSD6QN8,,,,,
Sony,"Sony BRAVIA 3II 43-Zoll-Fernseher, 4K-Smart-TV (Google TV), XR Prozessor mit KI-Technologie, 120-Hz-Fernseher mit Dolby Vision/Atmos, PS5-kompatibel, 43XR32M2, Modell 2026",https://www.amazon.de/dp/B0GZQ8F1R6,43.0,769.0,769.0,EUR,769.0,Amazon,DE,2026-09-08T08:58:37Z,B0GZQ8F1R6,,,,,
Sony,"Sony BRAVIA 2 II 43 Zoll Fernseher, 4K Smart TV (Google TV), X1 Prozessor, 4K-Upscaling, Fernseher mit Dolby Atmos und DTS:X, PS5-Kompatibilität, 43S20M2, Modell 2026",https://www.amazon.de/dp/B0GZL6GMFJ,43.0,599.0,599.0,EUR,599.0,Amazon,DE,2026-09-08T08:58:37Z,B0GZL6GMFJ,,,,,
Sony,"Sony BRAVIA 3II 50-Zoll-Fernseher, 4K-Smart-TV (Google TV), XR Prozessor mit KI-Technologie, 120-Hz-Fernseher mit Dolby Vision/Atmos, PS5-kompatibel, 50XR32M2, Modell 2026",https://www.amazon.de/dp/B0GZQ4G7BL,50.0,879.0,879.0,EUR,879.0,Amazon,DE,2026-09-08T08:58:37Z,B0GZQ4G7BL,,,,,
Sony,"Sony BRAVIA 8 II - QD-OLED, AI XR Processor, Acoustic Surface Audio+, Dolby Vision/Atmos, IMAX Enhanced, Google TV (2025), Google Cast, Apple AirPlay 2, Eco Dashboard 2, Game Menu 2 – 55 Zoll",https://www.amazon.de/dp/B0FG465NBM,55.0,1899.0,1899.0,EUR,1899.0,Amazon,DE,2026-09-08T08:58:37Z,B0FG465NBM,,,,,
Hisense,"Hisense 58E6DS Fernseher 58 Zoll, 4K UHD Smart TV, Hi View AI Engine, 60Hz Game Mode Plus, Dolby Vision, 4K Upscaler, DTS Virtual, X, Smooth Motion, Airplay, Sprachsteuerung, 2026",https://www.amazon.de/dp/B0GTB3548V,58.0,359.99,359.99,EUR,359.99,Amazon,DE,2026-09-08T08:58:37Z,B0GTB3548V,,,,,
Sony,"Sony BRAVIA XR, XR-85X90L, 85 Zoll Fernseher, Full Array LED, 4K HDR 120Hz, Google TV, Smart TV, Works with Alexa, mit exklusiven PS5-Features, HDMI 2.1, Gaming-Menü mit ALLM + VRR, 24 + 12M Garantie",https://www.amazon.de/dp/B0BYPHDLWX,85.0,1799.0,1799.0,EUR,1799.0,Amazon,DE,2026-09-08T08:58:37Z,B0BYPHDLWX,,,,,
Sony,"Sony BRAVIA 6 4K-OLED-Google-TV, 48 Zoll | 120 Hz, Dolby Vision Atmos 2026, Schwarz",https://www.amazon.de/dp/B0HD8R1N66,48.0,1399.0,1399.0,EUR,1399.0,Amazon,DE,2026-09-08T08:58:37Z,B0HD8R1N66,,,,,
Hisense,"Hisense 50E7DS Fernseher 50 Zoll, 4K UHD QLED, Smart TV, Hi View AI Engine, 60Hz Game Mode Plus, Dolby Vision IQ, QLED Colour, Filmmaker, Smooth Motion, Airplay, Sprachsteuerung, 2026",https://www.amazon.de/dp/B0GM1R36YW,50.0,319.0,319.0,EUR,319.0,Amazon,DE,2026-09-08T08:58:37Z,B0GM1R36YW,,,,,
Sony,"Sony BRAVIA 9 QLED (XR l Mini LED) 75 Zoll 4K HDR Google Smart TV (2024) | Gaming-Funktionen, IMAX Erweitert, Dolby Vision Atmos, Chromecast, AirPlay, 120Hz K75R90 [Energieklasse D]",https://www.amazon.de/dp/B0D1VYFB2C,75.0,,,,,Amazon,DE,2026-09-08T08:58:37Z,B0D1VYFB2C,,,,,
Sony,"Sony BRAVIA 8 II - QD-OLED, AI XR Processor, Acoustic Surface Audio+, Dolby Vision/Atmos, IMAX Enhanced, Google TV (2025), Google Cast, Apple AirPlay 2, Eco Dashboard 2, Game Menu 2 (65, Zoll)",https://www.amazon.de/dp/B0FQTSJZ9H,65.0,,,,,Amazon,DE,2026-09-08T08:58:37Z,B0FQTSJZ9H,,,,,
Sony,"Sony KDL-49WD755 123 cm (49 Zoll) Fernseher (Full HD, HD Triple Tuner, Smart-TV) silber",https://www.amazon.de/dp/B01DPQ6JDM,49.0,399.0,399.0,EUR,399.0,Amazon,DE,2026-09-08T08:58:37Z,B01DPQ6JDM,,,,,
Toshiba,Toshiba 50UV3463DAW 50-Zoll 4K UHD VIDAA Smart TV | Dolby Vision HDR | 3x HDMI | 2x USB | Dolby Audio | Sprachsteuerung | Rahmenlos | Triple Tuner DVB-C/-S2/-T2 | 2026,https://www.amazon.de/dp/B0CW21QHGR,50.0,315.04,315.04,EUR,315.04,Amazon,DE,2026-09-08T08:58:37Z,B0CW21QHGR,,,,,
Xiaomi,"XIAOMI TV S Mini LED 55 Zoll (140 cm), 4K UHD Smart TV, HDR10+, Google TV | 144Hz (240Hz Game Boost Mode), Dolby Atmos & Vision, HDR10+, Triple Tuner, DVB-C/S/S2/T/T2, Google TV, MEMC, Airplay",https://www.amazon.de/dp/B0DJM9GBHK,55.0,489.0,489.0,EUR,489.0,Amazon,DE,2026-09-08T08:58:37Z,B0DJM9GBHK,,,,,
Philips,"Philips 55PUS7800 4K QLED Smart TV - 55 Zoll Display mit Pixel Precise Ultra HD, Titan OS Plattform und Dolby Atmos Sound - Funktioniert mit Alexa und Google Sprachassistent",https://www.amazon.de/dp/B0F2N59KGW,55.0,379.0,379.0,EUR,379.0,Amazon,DE,2026-09-08T08:58:37Z,B0F2N59KGW,,,,,
Hisense,"Hisense 43E7Q Fehrnseher, 43 Zoll, 4K UHD QLED, Smart TV, Game Mode Plus, Filmaker Mode, Dolby Vision Atmos, HDR10, HLG, HDR Immersive, AI 4K Upscaler, Dolby MS12, DTS X, Sprachsteuerung [2025]",https://www.amazon.de/dp/B0F1MSX2W7,43.0,,,,,Amazon,DE,2026-09-08T08:58:37Z,B0F1MSX2W7,,,,,
Philips,"PHILIPS Ambilight 43PUS8200 4K LED Smart TV - 43 Zoll Display mit Pixel Precise Ultra HD, Titan OS, Dolby Vision und Dolby Atmos Sound",https://www.amazon.de/dp/B0F2N565FP,43.0,,,,,Amazon,DE,2026-09-08T08:58:37Z,B0F2N565FP,,,,,
Philips,"PHILIPS Ambilight 65MLED910 Mini LED 4K Smart TV - 65 Zoll Display mit P5 Perfect Picture Engine Ultra HD, Titan OS, Dolby Vision Und Dolby Atmos Sound, 2025",https://www.amazon.de/dp/B0F2N7PPP7,65.0,784.99,784.99,EUR,784.99,Amazon,DE,2026-09-08T08:58:37Z,B0F2N7PPP7,,,,,
Philips,"Philips 32PHS6000 HD LED Smart TV - 32 Zoll Display mit Pixel Plus, Titan OS Plattform Und Dolby Digital Sound - Funktioniert Mit Alexa Und Google Sprachassistent, 2025",https://www.amazon.de/dp/B0F2N4N53N,32.0,,,,,Amazon,DE,2026-09-08T08:58:37Z,B0F2N4N53N,,,,,
Philips,"PHILIPS 50PUS7000 4K LED Smart TV - 50 Zoll Display mit Pixel Precise Ultra HD, Titan OS Plattform und Dolby Atmos Sound - Funktioniert mit Alexa und Google Sprachassistent, 2025",https://www.amazon.de/dp/B0F2N4CQ1S,50.0,348.02,348.02,EUR,348.02,Amazon,DE,2026-09-08T08:58:37Z,B0F2N4CQ1S,,,,,
Philips,"PHILIPS Ambilight 55PUS8600 4K QLED Smart TV - 55 Zoll Display mit P5 Perfect Picture Engine Ultra HD, Titan OS, Dolby Vision und Dolby Atmos Sound",https://www.amazon.de/dp/B0F2N63FSG,55.0,549.99,549.99,EUR,549.99,Amazon,DE,2026-09-08T08:58:37Z,B0F2N63FSG,,,,,
Philips,"PHILIPS 40PFS6000 HD LED Smart TV - 40 Zoll Display mit Pixel Plus, Titan OS Plattform Und Dolby Digital Sound - Funktioniert Mit Alexa Und Google Sprachassistent",https://www.amazon.de/dp/B0F2N4WSJ9,40.0,269.0,269.0,EUR,269.0,Amazon,DE,2026-09-08T08:58:37Z,B0F2N4WSJ9,,,,,
Hisense,"Hisense 32S5Q Deco TV, 800 Mm, 32 Zoll, FHD QLED, HDR10, Dolby Atmos, Colour, 60Hz, DVB T2 und C und S2 Tuner, WiFi, HDMI, Gallerie Mode, Rauschreduzierung, DTS Virtual, X, 2025",https://www.amazon.de/dp/B0FSLMYL4W,32.0,234.0,234.0,EUR,234.0,Amazon,DE,2026-09-08T08:58:37Z,B0FSLMYL4W,,,,,
Philips,"PHILIPS 32PFS6900 HD LED Smart TV - 32 Zoll Display mit Pixel Plus, Titan OS Plattform Und Dolby Digital Sound - Funktioniert Mit Alexa Und Google Sprachassistent",https://www.amazon.de/dp/B0F2N4D1LL,32.0,199.0,199.0,EUR,199.0,Amazon,DE,2026-09-08T08:58:37Z,B0F2N4D1LL,,,,,
Panasonic,"Panasonic TB-65W61AEZ, W61 Serie, 65 Zoll, 4K Ultra HD LED Smart TV, 2025, TiVo, Dolby Vision & Atmos, Game Mode Plus, Alexa & Google Sprachsteuerung, Schwarz",https://www.amazon.de/dp/B0F94HB79V,65.0,578.98,578.98,EUR,578.98,Amazon,DE,2026-09-08T08:58:37Z,B0F94HB79V,,,,,
Xiaomi,"XIAOMI TV FX Mini LED 43"" QD Mini LED Smart TV, 4K UHD, Fire TV, HDR10+",https://www.amazon.de/dp/B0H26RB46K,43.0,349.0,349.0,EUR,349.0,Amazon,DE,2026-09-08T08:58:37Z,B0H26RB46K,,,,,
Samsung,Samsung UE43CU7172,https://www.amazon.de/dp/B0C279SDLR,43.0,286.57,286.57,EUR,286.57,Amazon,DE,2026-09-08T08:58:37Z,B0C279SDLR,,,,,
Hisense,"Hisense 85U7Q Pro Fernseher 85 Zoll, 4K Mini LED, Smart TV, Hi-View AI Engine Pro, 165Hz Game Mode Ultra, FreeSync Premium Pro, 2.1.2 ch. Surround Sound, Dolby Vision IQ Atmos, Sprachsteuerung [2025]",https://www.amazon.de/dp/B0F24CKN33,85.0,,,,,Amazon,DE,2026-09-08T08:58:37Z,B0F24CKN33,,,,,
Panasonic,"Panasonic TV-65Z80AEZ, Z80 Serie 65 Zoll 4K Ultra HD OLED Smart TV, 2024, Fire TV, Dolby Vision & Atmos, Game Mode Extreme, Alexa Sprachsteuerung, Airplay, Schwarz",https://www.amazon.de/dp/B0DJCXKT2B,65.0,1339.99,1339.99,EUR,1339.99,Amazon,DE,2026-09-08T08:58:37Z,B0DJCXKT2B,,,,,
Samsung,"Samsung Neo QLED 4K QN90D Fernseher 50 Zoll, Neural Quantum 4K AI Gen2 Prozessor, Mini LED TV, AI Upscaling, Smart TV, Dolby Atmos, Gaming Hub, GQ50QN90DATXZG, Deutsches Modell",https://www.amazon.de/dp/B0CZS1XHGV,50.0,1026.5,1026.5,EUR,1026.5,Amazon,DE,2026-09-08T08:58:37Z,B0CZS1XHGV,,,,,
Panasonic,"Panasonic TN-65W70AEZ, W70-Serie 65 Zoll 4K Ultra HD LED Smart TV, 2024, Google Assistant, Chromecast, Dolby Vision & Atmos, Gaming-Modus, Bluetooth, für EIN außergewöhnliches visuelles Erlebnis",https://www.amazon.de/dp/B0D9MHLNXF,65.0,719.44,719.44,EUR,719.44,Amazon,DE,2026-09-08T08:58:37Z,B0D9MHLNXF,,,,,
Xiaomi,"XIAOMI TV MAX 100 Zoll (254 cm) QLED 4K UHD Smart TV, Dolby Atmos & Vision | 144Hz (240Hz Game Boost Mode), Dolby Atmos & Vision, HDR10+, Triple Tuner, DVB-C/S/S2/T/T2, Google TV, MEMC, Airplay",https://www.amazon.de/dp/B0DJM91FMC,100.0,,,,,Amazon,DE,2026-09-08T08:58:37Z,B0DJM91FMC,,,,,
Sony,"Sony OLED-TV EEK: G (A - G) KE-55A8 Bravia KE55A8BAEP 139 cm (55 Zoll) N/A UHD, WLAN, Smart TV, Twin DVB-T2/C/S2, C",https://www.amazon.de/dp/B095HZTC86,55.0,,,,,Amazon,DE,2026-09-08T08:58:37Z,B095HZTC86,,,,,
Sony,"Sony KD75XH8096, 4K Ultra HD, LED, Smart TV, 189 cm [75 Zoll] - Schwarz",https://www.amazon.de/dp/B085VCSTW2,75.0,1888.0,1888.0,EUR,1888.0,Amazon,DE,2026-09-08T08:58:37Z,B085VCSTW2,,,,,
Sony,"Sony KD-85X85J 215cm 85"" 4K LED 100 Hz Smart Google TV Fernseher",https://www.amazon.de/dp/B097YC5S27,85.0,2299.0,2299.0,EUR,2299.0,Amazon,DE,2026-09-08T08:58:37Z,B097YC5S27,,,,,
Philips,"Philips Ambilight 48OLED759 4K OLED Smart TV - 48-Zoll Display mit P5 AI Perfect Picture Ultra HD, Titan OS, Dolby Vision und Dolby Atmos Sound - Funktioniert mit Alexa und Google Sprachassistent",https://www.amazon.de/dp/B0D2JFJWPS,48.0,799.0,799.0,EUR,799.0,Amazon,DE,2026-09-08T08:58:37Z,B0D2JFJWPS,,,,,
Samsung,"Samsung LED Smart TV UE32H5002F, 80 cm, HD, HDR, Class F, Model 2025",https://www.amazon.de/dp/B0FBMDBDWN,32.0,229.9,229.9,EUR,229.9,Amazon,DE,2026-09-08T08:58:37Z,B0FBMDBDWN,,,,,
Samsung,"Samsung Crystal UHD 4K U7099F 65 Zoll (163 cm) LED, Optimiert für Fussball und Gaming, Prozessor, AI Upscaling, SmartThings, Knox Security, Smart TV, 2025",https://www.amazon.de/dp/B0F5BSYQGZ,65.0,,,,,Amazon,DE,2026-09-08T08:58:37Z,B0F5BSYQGZ,,,,,
Samsung,"Samsung The Frame LS03F 4K QLED 43 Zoll (108 cm) UHD, NQ4 AI Gen2 Prozessor, Art Mode, Artful Picture Quality, One Connect Kabel, 2025",https://www.amazon.de/dp/B0F62PWHH9,43.0,579.99,579.99,EUR,579.99,Amazon,DE,2026-09-08T08:58:37Z,B0F62PWHH9,,,,,
Samsung,"Samsung The Frame LS03F 4K QLED 55 Zoll (138 cm) UHD, NQ4 AI Gen2 Prozessor, Art Mode, Artful Picture Quality, One Connect Kabel, Smart TV, 2025",https://www.amazon.de/dp/B0F62PYDZ6,55.0,790.96,790.96,EUR,790.96,Amazon,DE,2026-09-08T08:58:37Z,B0F62PYDZ6,,,,,
Samsung,"Samsung 32 Zoll Full HD F6005 4K Smart TV, mehr Kontrast mit HDR, Sound mit OTS Lite, über 500 TV-Plus-Kanäle und Ihre Knox Security geschützten Daten [Länderversion Spanisch]",https://www.amazon.de/dp/B0F22716RJ,32.0,249.03,249.03,EUR,249.03,Amazon,DE,2026-09-08T08:58:37Z,B0F22716RJ,,,,,
Samsung,"Samsung M70H Mini LED 4K 65 Zoll (163 cm) UHD, HDR, Motion Xcelerator 144Hz, AI Companion, 900 Sender, Smart TV, GU65M70HAU, 2026",https://www.amazon.de/dp/B0GXZPQL27,65.0,666.0,666.0,EUR,666.0,Amazon,DE,2026-09-08T08:58:37Z,B0GXZPQL27,,,,,
Samsung,"Samsung Crystal U7099H 4K 50 Zoll (125 cm), UHD Fernseher, AI Companion für Deine Fragen, 4K Upscaling, Dynamik Sound Pack für Premium-Sounderlebnis, Gaming Hub, kostenlos 900 Sender, Smart AI TV",https://www.amazon.de/dp/B0GXZJW37V,50.0,395.42,395.42,EUR,395.42,Amazon,DE,2026-09-08T08:58:37Z,B0GXZJW37V,,,,,
Samsung,"Samsung Mini LED M80H 4K 55 Zoll (138 cm) UHD Fernseher, Neural Quantum 4K AI Gen2 Prozessor, Motion Xcelerator 144 Hz, Vision AI Companion, Dynamic Sound Pack, Gaming Hub, Knox Security, Smart TV",https://www.amazon.de/dp/B0H335S6NL,55.0,524.27,524.27,EUR,524.27,Amazon,DE,2026-09-08T08:58:37Z,B0H335S6NL,,,,,
Samsung,"Samsung Neo QLED QN70H 4K 55 Zoll (138 cm) Fernseher, Quantum Mini LED, Neural Quantum 4K AI Prozessor, Motion Xcelerator 144 Hz, Samsung Vision AI, AirSlim Design, Gaming Hub",https://www.amazon.de/dp/B0H3KJG3K1,55.0,559.0,559.0,EUR,559.0,Amazon,DE,2026-09-08T08:58:37Z,B0H3KJG3K1,,,,,
Samsung,"Samsung OLED S95H 4K 65 Zoll (163 cm), UHD Fernseher, Antireflexion mit Glare Free, OLED HDR pro, Ultimate Gaming Pack (NVIDIA G-SYNC & AMD FreeSync Pro) mit 165Hz, HDMI 2.1, Dolby Atmos, Smart AI TV",https://www.amazon.de/dp/B0GXZLQJ48,65.0,2349.0,2349.0,EUR,2349.0,Amazon,DE,2026-09-08T08:58:37Z,B0GXZLQJ48,,,,,
Samsung,"Samsung Crystal U7099H 4K 65 Zoll (163 cm), UHD Fernseher, AI Companion für Deine Fragen, 4K Upscaling, Dynamik Sound Pack für Premium-Sounderlebnis, Gaming Hub, kostenlos 900 Sender, Smart AI TV",https://www.amazon.de/dp/B0GXZJZ45C,65.0,629.0,629.0,EUR,629.0,Amazon,DE,2026-09-08T08:58:37Z,B0GXZJZ45C,,,,,
Samsung,"Samsung Smart TV 43 Zoll QN70H Mini LED Neo QLED 4K, Quantum Mini LED, Real QLED 100% Farbvolumen, Crystal 4K Prozessor optimiert durch KI, Motion Xcelerator, Vision AI Companion [2026]",https://www.amazon.de/dp/B0H11F4MXN,43.0,505.7,505.7,EUR,505.7,Amazon,DE,2026-09-08T08:58:37Z,B0H11F4MXN,,,,,
Samsung,"Samsung Neo QLED QN80H 4K 50 Zoll (125 cm), UHD Fernseher, Quantum-Mini-LED für ultrafeine Kontraste, 4K AI Upscaling, Adaptive Sound Pro, Gaming Hub, AI Companion für Deine Fragen, AI Gen 2 Smart TV",https://www.amazon.de/dp/B0GXZJ32FC,50.0,898.95,898.95,EUR,898.95,Amazon,DE,2026-09-08T08:58:37Z,B0GXZJ32FC,,,,,
Samsung,"Samsung U80H Crystal UHD 4K Smart TV Modelljahr 2026, Tizen OS, Gaming Hub, HDR10+, PurColor (50, Zoll, 2026)",https://www.amazon.de/dp/B0H5K7C1NN,50.0,359.47,359.47,EUR,359.47,Amazon,DE,2026-09-08T08:58:37Z,B0H5K7C1NN,,,,,
Samsung,Samsung 43 Zoll Mini LED M1EH 4K Samsung Vision AI Smart TV (2026),https://www.amazon.de/dp/B0H5KTNLLM,43.0,429.0,429.0,EUR,429.0,Amazon,DE,2026-09-08T08:58:37Z,B0H5KTNLLM,,,,,
Samsung,"Samsung Smart TV 43 Zoll M70H Mini LED 4K, UHD, Mini LED HDR für atemberaubende Details, Pure Spectrum Color, Motion Xcelerator 144 Hz, Dynamic Sound Pack, Vision AI Companion [2026]",https://www.amazon.de/dp/B0H11FX852,43.0,335.95,335.95,EUR,335.95,Amazon,DE,2026-09-08T08:58:37Z,B0H11FX852,,,,,
LG,"LG OLED65G59LS TV 65 Zoll (165 cm) 4K OLED evo AI TV (α11 Gen2 4K AI Prozessor, webOS 25, 120Hz (VRR bis zu 165Hz)) [Modelljahr 2025]",https://www.amazon.de/dp/B0F2JBGW18,65.0,1599.0,1599.0,EUR,1599.0,Amazon,DE,2026-09-08T08:58:37Z,B0F2JBGW18,,,,,
LG,"LG OLED42C5ELB, 42 Zoll (106 cm), 4K OLED evo AI TV, α9 Gen8 Prozessor, webOS 25, 120Hz (VRR bis zu 144Hz), Modelljahr 2025",https://www.amazon.de/dp/B0F2JCD8F3,42.0,663.99,663.99,EUR,663.99,Amazon,DE,2026-09-08T08:58:37Z,B0F2JCD8F3,,,,,
LG,LG TV AI NANO81 (2025) 86 Zoll NanoCell UHD 4K - 86NANO81A6A,https://www.amazon.de/dp/B0F2GGYGH4,86.0,959.0,959.0,EUR,959.0,Amazon,DE,2026-09-08T08:58:37Z,B0F2GGYGH4,,,,,
LG,LG TV AI NANO81 (2025) 75 Zoll NanoCell UHD 4K - 75NANO81A6A,https://www.amazon.de/dp/B0F4PSX5Q9,75.0,688.0,688.0,EUR,688.0,Amazon,DE,2026-09-08T08:58:37Z,B0F4PSX5Q9,,,,,
LG,"LG OLED65C6ELB TV 65 Zoll (165 cm) 4K OLED evo AI TV (α11 Gen3 4K AI Prozessor, webOS 26, 120Hz (VRR bis zu 165Hz)) [Modelljahr 2026] [Energieklasse F]",https://www.amazon.de/dp/B0GSGWPS8Z,65.0,1699.0,1699.0,EUR,1699.0,Amazon,DE,2026-09-08T08:58:37Z,B0GSGWPS8Z,,,,,
LG,"LG 43QNED7EB3C TV 43 Zoll, 1090 Mm, 4K QNED Mini LED AI, α7 Gen9 Prozessor, webOS 26, 60Hz, VRR, Modelljahr 2026",https://www.amazon.de/dp/B0GSGYGTY8,43.0,359.0,359.0,EUR,359.0,Amazon,DE,2026-09-08T08:58:37Z,B0GSGYGTY8,,,,,
LG,"LG 50QNED7EB3C TV 50 Zoll, 1270 Mm, 4K QNED Mini LED AI, α7 Gen9 Prozessor, webOS 26, 60Hz, VRR, Modelljahr 2026",https://www.amazon.de/dp/B0GSGZZVB3,50.0,399.0,399.0,EUR,399.0,Amazon,DE,2026-09-08T08:58:37Z,B0GSGZZVB3,,,,,
LG,"LG 55QNED83B6A 4K QNED Evo Mini LED AI TV, 55 Zoll, α8 Gen3 Prozessor, webOS 26, 120Hz, VRR bis zu 144Hz, Modelljahr 2026, Energieklasse F",https://www.amazon.de/dp/B0GSH9Z1JM,55.0,669.0,669.0,EUR,669.0,Amazon,DE,2026-09-08T08:58:37Z,B0GSH9Z1JM,,,,,
TCL,"TCL 43T6C 43 Zoll QLED Fernseher, 4K UHD Fire TV, HDR10+, Dolby Vision & Atmos, Smart TV mit Sprachsteuerung mit Alexa, Google Cast & AirPlay 2",https://www.amazon.de/dp/B0DW98NN53,43.0,259.0,259.0,EUR,259.0,Amazon,DE,2026-09-08T08:58:37Z,B0DW98NN53,,,,,
TCL,"TCL 50 Zoll 50Q6C QLED Mini LED Fernseher, 4K HDR Premium, Dolby Vision IQ & Atmos, Onkyo 2.1, Smart Google TV, Game Master, 144Hz Motion Clarity Pro, AMD FreeSync Premium Pro, HDMI 2.1, AirPlay 2",https://www.amazon.de/dp/B0FD9VF12V,50.0,442.66,442.66,EUR,442.66,Amazon,DE,2026-09-08T08:58:37Z,B0FD9VF12V,,,,,
TCL,"TCL 75Q6C 75 Zoll QD-Mini LED Fernseher, 4K HDR Premium 1000nits, Smart TV mit Google TV (Dolby Vision IQ & Atmos, Onkyo 2.1 Soundsystem, 144Hz Motion Clarity Pro, Game Master)",https://www.amazon.de/dp/B0DXQ48PD9,75.0,899.0,899.0,EUR,899.0,Amazon,DE,2026-09-08T08:58:37Z,B0DXQ48PD9,,,,,
TCL,"TCL 85Q7D Pro SQD-Mini LED 85 Zoll Fernseher, 4K Smart TV, Google TV | 1056 Dimming-Zonen, 2000 Nits Spitzenhelligkeit, Dolby Vision IQ & Atmos, 2.1 Onkyo Sound, 144 Hz VRR, AirPlay 2 & Alexa",https://www.amazon.de/dp/B0GXKSVDW9,85.0,1699.0,1699.0,EUR,1699.0,Amazon,DE,2026-09-08T08:58:37Z,B0GXKSVDW9,,,,,
TCL,"TCL 65T8D QD-Mini LED 65 Zoll Fernseher, 4K Smart TV, Google TV, 144 Hz | FreeSync Premium, Game Master, Dolby Vision, HDR10+, Dolby Atmos, 2.1 Onkyo Sound, Apple AirPlay 2, Google Cast",https://www.amazon.de/dp/B0GR9FLCYT,65.0,679.0,679.0,EUR,679.0,Amazon,DE,2026-09-08T08:58:37Z,B0GR9FLCYT,,,,,
TCL,"TCL 55T8D QD-Mini LED 55 Zoll Fernseher, 4K Smart TV, Google TV, 144 Hz | FreeSync Premium, Game Master, Dolby Vision, HDR10+, Dolby Atmos, Apple AirPlay 2, Google Cast, Google Assistant",https://www.amazon.de/dp/B0GR9JWH4T,55.0,579.0,579.0,EUR,579.0,Amazon,DE,2026-09-08T08:58:37Z,B0GR9JWH4T,,,,,
TCL,"TCL 55V6D 55 Zoll, 4K UHD, Smart TV, Fire TV, HDR10+, Dolby Atmos, DTS:X, Game Master, Motion Clarity, AirPlay 2, Kompatibel mit Alexa",https://www.amazon.de/dp/B0GQHGGWHX,55.0,379.0,379.0,EUR,379.0,Amazon,DE,2026-09-08T08:58:37Z,B0GQHGGWHX,,,,,
TCL,"TCL Smart TV QLED 40S5L, 100 cm, Full HD, Smart Android TV, Class F, Model 2026",https://www.amazon.de/dp/B0HFWYW3WN,40.0,269.99,269.99,EUR,269.99,Amazon,DE,2026-09-08T08:58:37Z,B0HFWYW3WN,,,,,
Hisense,"Hisense 32A5Q Fehrnseher, 32 Zoll, 2K QLED, Smart TV, Game Mode, AI Sports Mode, Dolby Atmos, Dolby MS12, DTS X, HDR10, HLG, Full HD, High Contrast, Rauschunterdrückung [2025]",https://www.amazon.de/dp/B0F2MZRGGH,32.0,194.9,194.9,EUR,194.9,Amazon,DE,2026-09-08T08:58:37Z,B0F2MZRGGH,,,,,
Hisense,"Hisense 50E7Q Fehrnseher, 50 Zoll, 4K QLED, Smart TV, Game Mode Plus, Filmaker Mode, Dolby Vision Atmos, HDR10, HLG, HDR Immersive, AI 4K Upscaler, Dolby MS12, DTS X, Sprachsteuerung [2025]",https://www.amazon.de/dp/B0F1MQRCGF,50.0,,,,,Amazon,DE,2026-09-08T08:58:37Z,B0F1MQRCGF,,,,,
Hisense,"Hisense 32A5DS Fernseher 32 Zoll, FHD, QLED, Smart TV, 60Hz, Hi-QLED Colour, Dolby Atmos, Game Mode, Noise Reduction, Hohe Kontraste, Share to TV, HDR10, VIDAA OS",https://www.amazon.de/dp/B0GYZMPVXG,32.0,199.99,199.99,EUR,199.99,Amazon,DE,2026-09-08T08:58:37Z,B0GYZMPVXG,,,,,
Hisense,"Hisense 50E7Q PRO Fehrnseher,50 Zoll, 4K UHD QLED, Smart TV,144Hz Game Mode PRO,Filmaker Mode, AMD FreeSync Premium,AI HDR Upscaler,Dolby Vision IQ,Dolby Atmos,Sprachsteuerung [2025]",https://www.amazon.de/dp/B0FFH8CWBK,50.0,458.03,458.03,EUR,458.03,Amazon,DE,2026-09-08T08:58:37Z,B0FFH8CWBK,,,,,
Hisense,"Hisense 50E89Q Fernseher, 50 Zoll, 4K ULED Mini LED, Smart TV, 144 Hz Game Mode PRO, Hi View AI Engine, Smoothmotion, Built in Subwoofer, Dolby Vision Atmos, Filmmaker, Concerto, 2025",https://www.amazon.de/dp/B0G5QNP2CQ,50.0,499.0,499.0,EUR,499.0,Amazon,DE,2026-09-08T08:58:37Z,B0G5QNP2CQ,,,,,
Hisense,"Hisense 65E7Q PRO Fehrnseher,65 Zoll, 4K UHD QLED, Smart TV,144Hz Game Mode PRO,Filmaker Mode, AMD FreeSync Premium,AI HDR Upscaler,Dolby Vision IQ,Dolby Atmos,Sprachsteuerung [2025]",https://www.amazon.de/dp/B0F1N62VSW,65.0,655.56,655.56,EUR,655.56,Amazon,DE,2026-09-08T08:58:37Z,B0F1N62VSW,,,,,
Hisense,"Hisense TV 55A7Q (2025) 55"" LED UHD 4K - 55A7Q",https://www.amazon.de/dp/B0F2T1B4NL,55.0,460.94,460.94,EUR,460.94,Amazon,DE,2026-09-08T08:58:37Z,B0F2T1B4NL,,,,,
Hisense,"Hisense 50E6DS Fernseher 50 Zoll, 4K UHD Smart TV, Hi View AI Engine, 60Hz Game Mode Plus, Dolby Vision, 4K Upscaler, DTS Virtual, X, Smooth Motion, Airplay, Sprachsteuerung, 2026",https://www.amazon.de/dp/B0GTB42DRQ,50.0,329.0,329.0,EUR,329.0,Amazon,DE,2026-09-08T08:58:37Z,B0GTB42DRQ,,,,,
Hisense,"Hisense 85U7DSE Fernseher 85 Zoll, 4K UHD, Hi-QLED Mini LED, Smart TV, 144Hz, Hi-View AI Engine, IMAX Enhanced, AI Lichtsensor, Dolby Vision.Atmos, Tuned by DeVialet, FreeSync Premium Pro [2026]",https://www.amazon.de/dp/B0GTW11V8C,85.0,1299.0,1299.0,EUR,1299.0,Amazon,DE,2026-09-08T08:58:37Z,B0GTW11V8C,,,,,
Hisense,"Hisense 65E7DS PRO Fernseher 65 Zoll, 4K UHD QLED, Smart TV, Hi Concerto, 144Hz Game Mode, QLED Colour, Dolby Vision, Atmos, Filmmaker, Audio, DTS Virtual, X, FreeSync Premium, 2026",https://www.amazon.de/dp/B0GTWCGQRP,65.0,599.99,599.99,EUR,599.99,Amazon,DE,2026-09-08T08:58:37Z,B0GTWCGQRP,,,,,
Hisense,"Hisense 75E8DS Fernseher 75 Zoll, 4K UHD, Hi-QLED Mini LED, Smart TV, 144Hz, Hi-View AI Engine, Dolby Vision.Atmos, Unibody Slim, FreeSync Premium, AI-Lichtsensor, Game Bar, Tuned by Devialet",https://www.amazon.de/dp/B0GYZFWJZC,75.0,899.0,899.0,EUR,899.0,Amazon,DE,2026-09-08T08:58:37Z,B0GYZFWJZC,,,,,
Sony,"Sony BRAVIA 3 - Direct LED 65 Zoll Fernseher (K65S32), X-Balanced Speaker, Dolby Vision/Atmos, IMAX Enhanced, Google TV (2025), Google Cast, Apple AirPlay 2, Eco Dashboard 2, Game Menu 2, Smart TV",https://www.amazon.de/dp/B0F4KX8CK4,65.0,749.0,749.0,EUR,749.0,Amazon,DE,2026-09-08T08:58:37Z,B0F4KX8CK4,,,,,
Sony,"Sony BRAVIA 5 XR Mini-LED 98 Zoll Fernseher (K98XR55), AI XR-Prozessor, akustisches Multi-Audio, Dolby Vision/Atmos, IMAX Enhanced, Google TV (2025), Google Cast, Apple AirPlay 2, Game Menu, Smart TV",https://www.amazon.de/dp/B0F7R8NY37,98.0,3999.0,3999.0,EUR,3999.0,Amazon,DE,2026-09-08T08:58:37Z,B0F7R8NY37,,,,,
Sony,"Sony BRAVIA 2II 55 Zoll Fernseher, 4K Smart TV (Google TV), X1 Prozessor, 4K-Upscaling, Fernseher mit Dolby Atmos und DTS:X, PS5-Kompatibilität, 55S20M2, Modell 2026",https://www.amazon.de/dp/B0GZL1BLJ9,55.0,799.0,799.0,EUR,799.0,Amazon,DE,2026-09-08T08:58:37Z,B0GZL1BLJ9,,,,,
Sony,"Sony BRAVIA 7 II True RGB Fernseher, 75 Zoll, 4K-Smart-TV (Google TV), RGB-LED, XR Prozessor mit KI-Technologie, 120-Hz-Fernseher mit Dolby Vision/Atmos, PS5-kompatibel, Modell 2026 – Schwarz",https://www.amazon.de/dp/B0H2JZD8HX,75.0,2899.0,2899.0,EUR,2899.0,Amazon,DE,2026-09-08T08:58:37Z,B0H2JZD8HX,,,,,
Sony,"Sony BRAVIA 3II 55-Zoll-Fernseher, 4K-Smart-TV (Google TV), XR Prozessor mit KI-Technologie, 120-Hz-Fernseher mit Dolby Vision/Atmos, PS5-kompatibel, 55XR32M2, Modell 2026",https://www.amazon.de/dp/B0GZPV9JS8,55.0,949.0,949.0,EUR,949.0,Amazon,DE,2026-09-08T08:58:37Z,B0GZPV9JS8,,,,,
Sony,"Sony BRAVIA 6 4K-OLED-Google-TV, 65 Zoll | 120 Hz, Dolby Vision Atmos 2026, Schwarz",https://www.amazon.de/dp/B0HD87B246,65.0,1799.0,1799.0,EUR,1799.0,Amazon,DE,2026-09-08T08:58:37Z,B0HD87B246,,,,,
Samsung,"Samsung The Frame LS03H 4K 43 Zoll (108 cm), UHD Fernseher, Art Mode mit wechselnen Kunstwerken, wandbündiges Built-in Design, Antireflexion mit Glare Free, QLED-Bildqualität, Dolby Atmos, Smart AI TV",https://www.amazon.de/dp/B0GXZN5KXG,43.0,889.99,889.99,EUR,889.99,Amazon,DE,2026-09-08T08:58:37Z,B0GXZN5KXG,,,,,
Samsung,"Samsung The Frame LS03H 4K QLED Fernseher 55 Zoll (138 cm), 2026, Modern Frame Design, NQ4 AI Gen2 Prozessor, Art Mode, Artful Picture Quality, One Connect Kabel, Samsung Vision AI Smart TV",https://www.amazon.de/dp/B0H335TKDF,55.0,1018.67,1018.67,EUR,1018.67,Amazon,DE,2026-09-08T08:58:37Z,B0H335TKDF,,,,,
Samsung,"Samsung The Frame LS03H 4K 65 Zoll (163 cm), UHD Fernseher, Art Mode mit wechselnden Kunstwerken, Wireless One Connect Box, Antireflexion mit Glare Free, QLED-Bildqualität, Dolby Atmos, Smart AI TV",https://www.amazon.de/dp/B0GXZBG1KF,65.0,1678.9,1678.9,EUR,1678.9,Amazon,DE,2026-09-08T08:58:37Z,B0GXZBG1KF,,,,,
Samsung,"Samsung The Frame LS03F 4K QLED 43 Zoll (109 cm) UHD Fernseher, Modern Frame Design, NQ4 AI Gen2 Prozessor, Art Mode, Artful Picture Quality, One Connect Box, Vision Smart TV, 43LS03FA (2025)",https://www.amazon.de/dp/B0FFBJV4N6,43.0,568.71,568.71,EUR,568.71,Amazon,DE,2026-09-08T08:58:37Z,B0FFBJV4N6,,,,,
Samsung,"Samsung The Frame Pro LS03HW 4K Fernseher, 165 cm (65 Zoll), elegantes Design, kabellos, Kunstgalerie und blendfreies Display",https://www.amazon.de/dp/B0GKPQK57W,65.0,1684.16,1684.16,EUR,1684.16,Amazon,DE,2026-09-08T08:58:37Z,B0GKPQK57W,,,,,
Samsung,"Samsung The Frame LS03F 4K QLED 43 Zoll (108 cm) UHD Fernseher, Modern Frame Design, NQ4 AI Gen2 Prozessor, Art Mode, Artful Picture Quality, One Connect Kabel, Sams...[Länderversion Ungarisch]",https://www.amazon.de/dp/B0FM8KGRQW,43.0,578.53,578.53,EUR,578.53,Amazon,DE,2026-09-08T08:58:37Z,B0FM8KGRQW,,,,,
Samsung,"Samsung QLED 4K Fernseher The Frame 43 Zoll, Samsung TV mit mattem Display und austauschbarem Rahmen, Art Mode, Smart TV, GQ43LS03DAUXZG, Deutsches Modell [2024]",https://www.amazon.de/dp/B0CZS4H87H,43.0,729.0,729.0,EUR,729.0,Amazon,DE,2026-09-08T08:58:37Z,B0CZS4H87H,,,,,
Samsung,"TV Samsung The Frame 43"" LS03B 4K TQ43LS03BGUXXC",https://www.amazon.de/dp/B0BS3YX4N4,43.0,609.51,609.51,EUR,609.51,Amazon,DE,2026-09-08T08:58:37Z,B0BS3YX4N4,,,,,
Samsung,"Samsung LS03T The Frame 80 cm (32 Zoll) QLED Lifestyle Fernseher (Art Mode, Full HD, Dual LED, HDR 10+, Smart TV) [Modelljahr 2020]",https://www.amazon.de/dp/B085L3VZYR,32.0,519.0,519.0,EUR,519.0,Amazon,DE,2026-09-08T08:58:37Z,B085L3VZYR,,,,,
Samsung,"Samsung LS03R The Frame 108 cm (43 Zoll) QLED Lifestyle Fernseher (Art Mode, Ultra HD, HDR, Smart TV) [Modelljahr 2019]",https://www.amazon.de/dp/B07NHMWRQF,43.0,,,,,Amazon,DE,2026-09-08T08:58:37Z,B07NHMWRQF,,,,,
LG,"LG 50NU8E0B3LA TV 50 Zoll (127 cm) Nano 4K UHD TV (α7 Gen9 4K AI Prozessor, webOS 26, 60Hz (VRR bis zu 60Hz)) [Modelljahr 2026] [Energieklasse F]",https://www.amazon.de/dp/B0GSRXF51X,50.0,349.0,349.0,EUR,349.0,Amazon,DE,2026-09-08T08:58:37Z,B0GSRXF51X,,,,,
LG,"LG 43NU800B3LC Nano 4K UHD TV, 43 Zoll, α7 Gen9 4K AI Prozessor, webOS 26, 60Hz, VRR bis zu 60Hz, Modelljahr 2026, Energieklasse F",https://www.amazon.de/dp/B0HDZ6LQL8,43.0,349.0,349.0,EUR,349.0,Amazon,DE,2026-09-08T08:58:37Z,B0HDZ6LQL8,,,,,
LG,"LG 43NANO81T6A TV 43"" (109 cm) NanoCell Fernseher (α5 Gen7 4K AI-Prozessor, webOS 24, HDR10, bis zu 60Hz) [Modelljahr 2024]",https://www.amazon.de/dp/B0CYQ24YY5,43.0,,,,,Amazon,DE,2026-09-08T08:58:37Z,B0CYQ24YY5,,,,,
TCL,"TCL 98C8L SQD-Mini LED 98 Zoll Fernseher, 4K Smart TV, Google TV, HDR10+ | 4032 Dimming-Zonen, 6000 Nits Spitzenhelligkeit, Dolby Vision IQ & Atmos, 144Hz, ZeroBorder Design, Audio by Bang & Olufsen",https://www.amazon.de/dp/B0GTZQ77RW,98.0,,,,,Amazon,DE,2026-09-08T08:58:37Z,B0GTZQ77RW,,,,,
Hisense,"Hisense 100E7DS PRO Fernseher 100 Zoll, 4K UHD QLED, Smart TV, Hi-Concerto, 144Hz Game Mode, Hi-QLED Colour, Built-in Subwoofer, Filmmaker Mode, Dolby Audio, DTS Virtual: X, FreeSync Premium [2026]",https://www.amazon.de/dp/B0GTVTMR9K,100.0,1628.75,1628.75,EUR,1628.75,Amazon,DE,2026-09-08T08:58:37Z,B0GTVTMR9K,,,,,
Sony,"Sony BRAVIA 8 OLED 77 Zoll 4K HDR Google Smart TV (2024) | Gaming Features für IMAX Enhanced, Dolby Vision Atmos, Chromecast, Apple AirPlay, 120Hz 77XR80",https://www.amazon.de/dp/B0D1VV32HH,77.0,2599.0,2599.0,EUR,2599.0,Amazon,DE,2026-09-08T08:58:37Z,B0D1VV32HH,,,,,
Sony,"Sony BRAVIA 3II 85-Zoll-Fernseher, 4K-Smart-TV (Google TV), XR Prozessor mit KI-Technologie, 120-Hz-Fernseher mit Dolby Vision/Atmos, PS5-kompatibel, 85XR35M2, Modell 2026",https://www.amazon.de/dp/B0GZQJC7W6,85.0,1879.0,1879.0,EUR,1879.0,Amazon,DE,2026-09-08T08:58:37Z,B0GZQJC7W6,,,,,
Sony,"Sony BRAVIA 8 OLED 65 Zoll 4K HDR Google Smart TV (2024) | Gaming Features,IMAX Enhanced, Dolby Vision Atmos, Chromecast, Apple AirPlay, 120Hz 65XR80",https://www.amazon.de/dp/B0D1VV8K32,65.0,1738.95,1738.95,EUR,1738.95,Amazon,DE,2026-09-08T08:58:37Z,B0D1VV8K32,,,,,
Sony,"Sony BRAVIA 6 4K-OLED-Google-TV, 83 Zoll | 120 Hz, Dolby Vision Atmos 2026, Schwarz",https://www.amazon.de/dp/B0HD8R2NBG,83.0,3299.0,3299.0,EUR,3299.0,Amazon,DE,2026-09-08T08:58:37Z,B0HD8R2NBG,,,,,
Sony,"Sony KD-55XE8096 139 cm (55 Zoll) Fernseher (Ultra HD, HD Triple Tuner, Android-TV, X-Reality PRO, Triluminos Display, USB Aufnahmefunktion)",https://www.amazon.de/dp/B06X99QFKM,55.0,,,,,Amazon,DE,2026-09-08T08:58:37Z,B06X99QFKM,,,,,
Sony,"Sony BRAVIA XR, XR-65X90L, 65 Zoll Fernseher, Full Array LED, 4K HDR 120Hz, Google, Smart TV, Works with Alexa, mit exklusiven PS5-Features, HDMI 2.1, Gaming-Menü mit ALLM + VRR, 24 + 12M Garantie",https://www.amazon.de/dp/B0BYPGPSN6,65.0,,,,,Amazon,DE,2026-09-08T08:58:37Z,B0BYPGPSN6,,,,,
Sony,"Sony KD-55XH90 Bravia Full Array LED High Dynamic Range (HDR) Android Fernseher, Schwarz, 55 Zoll",https://www.amazon.de/dp/B089QW2Y9N,55.0,1133.0,1133.0,EUR,1133.0,Amazon,DE,2026-09-08T08:58:37Z,B089QW2Y9N,,,,,
Sony,"Sony BRAVIA , XR-77A95L, 77 Zoll Fernseher, QD-OLED, 4K HDR 120Hz, Google , Smart TV, Works with Alexa, mit exklusiven PS5-Features, HDMI 2.1, Gaming-Menü mit ALLM + VRR, 24 + 12M Garantie",https://www.amazon.de/dp/B0CDH3SS8D,77.0,,,,,Amazon,DE,2026-09-08T08:58:37Z,B0CDH3SS8D,,,,,
Samsung,"Samsung Mini LED M80H 4K 65 Zoll (163 cm), UHD Fernseher, Mini LED HDR für beeindruckende Details, Motion Xcelerator 144Hz, AI Fußballmodus, Dynamik Sound Pack, AI Companion für deine Fragen, Smart TV",https://www.amazon.de/dp/B0GXZTJG1Y,65.0,799.99,799.99,EUR,799.99,Amazon,DE,2026-09-08T08:58:37Z,B0GXZTJG1Y,,,,,
Samsung,"Samsung Mini LED M80H 4K 75 Zoll (189 cm), UHD Fernseher, Mini LED HDR für beeindruckende Details, Motion Xcelerator 144Hz, AI Fußballmodus, Dynamik Sound Pack, AI Companion für deine Fragen, Smart TV",https://www.amazon.de/dp/B0GXZRVMQZ,75.0,999.0,999.0,EUR,999.0,Amazon,DE,2026-09-08T08:58:37Z,B0GXZRVMQZ,,,,,
Samsung,"Samsung Mini LED M70H 4K 43 Zoll (108 cm) UHD Fernseher, Mini LED Prozessor 4K, AI Companion für Fragen, Pure Spectrum Color, Dynamic SoundPack, MetalStream Design, Gaming Hub, Knox Security, Smart TV",https://www.amazon.de/dp/B0H2J5QPY6,43.0,325.0,325.0,EUR,325.0,Amazon,DE,2026-09-08T08:58:37Z,B0H2J5QPY6,,,,,
Samsung,"Samsung 65"" M80H 4K Mini-LED Fernseher, 144 Hz, Tizen Smart, Für Filme, Sport & Gaming",https://www.amazon.de/dp/B0H3KNZMR8,65.0,1129.96,1129.96,EUR,1129.96,Amazon,DE,2026-09-08T08:58:37Z,B0H3KNZMR8,,,,,
Samsung,"Samsung Neo QLED QN80H 4K 50 Zoll (125 cm) Fernseher, Quantum Mini LED, Neural Quantum 4K AI Gen2 Prozessor, Motion Xcelerator 144 Hz, Samsung Vision AI, Dolby Atmos, Gaming Hub",https://www.amazon.de/dp/B0H3KN31WH,50.0,773.22,773.22,EUR,773.22,Amazon,DE,2026-09-08T08:58:37Z,B0H3KN31WH,,,,,
Samsung,"Samsung TV QN80F (2025) 100"" Neo QLED 4K UHD 100Hz [Länderversion Französisch, Spanisch, Portugiesisch]...[Länderversion Französisch, Spanisch, Portugiesisch]",https://www.amazon.de/dp/B0F22834RH,100.0,,,,,Amazon,DE,2026-09-08T08:58:37Z,B0F22834RH,,,,,
Samsung,"Samsung OLED S90H 4K 48 Zoll (121 cm), UHD Fernseher, Antireflexion mit Glare Free, OLED HDR+, Ultimate Gaming Pack (NVIDIA G-SYNC & AMD FreeSync Pro) mit 165Hz, HDMI 2.1, Dolby Atmos, Smart AI TV",https://www.amazon.de/dp/B0GXZMQDTZ,48.0,1581.74,1581.74,EUR,1581.74,Amazon,DE,2026-09-08T08:58:37Z,B0GXZMQDTZ,,,,,
LG,"LG 50QNED86T6A TV 50"" (127 cm) QNED Fernseher (α8 4K AI-Prozessor, webOS 24, HDR10, bis zu 120Hz) [Modelljahr 2024]",https://www.amazon.de/dp/B0CYPY2CW8,50.0,,,,,Amazon,DE,2026-09-08T08:58:37Z,B0CYPY2CW8,,,,,
LG,"LG QNED AI 2025 TV | 43QNED70 | 43 Zoll (108 cm) | 4K UHD | HDR10 | webOS 25 | AI Magic Remote | Alexa, Google Assistant | Netflix Disney+ K+ Prime Video",https://www.amazon.de/dp/B0FV1XBMNB,43.0,,,,,Amazon,DE,2026-09-08T08:58:37Z,B0FV1XBMNB,,,,,
LG,LG TV QNED Evo (2026) 55 Zoll QNED MiniLED 4K UHD - 55QNED81B6A.AEU,https://www.amazon.de/dp/B0H1JJCFHR,55.0,571.15,571.15,EUR,571.15,Amazon,DE,2026-09-08T08:58:37Z,B0H1JJCFHR,,,,,
LG,LG - TV - OLED - 48 Zoll - 4K UHD - B6 - Smart TV - 120Hz - Schwarz Absolu | Display – 48 Zoll – (3840 x 2160) – realistische Farben – NVIDIA Gsync und AMD FreeSync – 4 x HDMI 2.1 – AI 2026,https://www.amazon.de/dp/B0GWFNR5PT,48.0,1049.0,1049.0,EUR,1049.0,Amazon,DE,2026-09-08T08:58:37Z,B0GWFNR5PT,,,,,
Samsung,"Samsung QLED 4K Q70D Fernseher 65 Zoll, AI Quantum Prozessor, Upscaling, Tizen OS, Motion Xcelerator 120 Hz, Smart TV, KI TV, GQ65Q70DATXZG, Deutsches Modell, 2024",https://www.amazon.de/dp/B0CZS681QV,65.0,,,,,Amazon,DE,2026-09-08T08:58:37Z,B0CZS681QV,,,,,
Samsung,"Samsung QLED 4K Q70C 55 Zoll Fernseher (GQ55Q70CATXZG, Deutsches Modell), Quantum Prozessor 4K, Motion Xcelerator Turbo+, Quantum HDR, Smart TV [2023]",https://www.amazon.de/dp/B0BXTBFWMR,55.0,,,,,Amazon,DE,2026-09-08T08:58:37Z,B0BXTBFWMR,,,,,
Hisense,Hisense 55U7DS Pro LED-TV Mini LED 4K Multituner BT Smart PVR (20018705),https://www.amazon.de/dp/B0GTVZZBQ8,55.0,699.0,699.0,EUR,699.0,Amazon,DE,2026-09-08T08:58:37Z,B0GTVZZBQ8,,,,,
Hisense,"Hisense 65U8Q Fernseher, 65 Zoll (164cm), 4K UHD ULED, Smart TV, 165Hz Game Mode Ultra, Mini LED PRO, Hi-View AI Engine PRO, QLED Colour mit Pantone, Dolby Vision.Atmos, IMAX Enhanced, Filmmaker Mode",https://www.amazon.de/dp/B0F1WBGQBM,65.0,,,,,Amazon,DE,2026-09-08T08:58:37Z,B0F1WBGQBM,,,,,
Samsung,"Samsung QLED Q7F 4K Smart TV 55 Zoll (138 cm) mit AI-Vision, 100% Farbvolumen mit Quantum Dot, HDR10+, Q4 AI Prozessor, One UI Tizen, Wi-Fi, Bluetooth 5.3 und Motion...[Länderversion Ungarisch]",https://www.amazon.de/dp/B0FM8SY9ZK,55.0,405.58,405.58,EUR,405.58,Amazon,DE,2026-09-08T08:58:37Z,B0FM8SY9ZK,,,,,
Samsung,"Samsung QLED Q7F 4K Smart TV 65 Zoll (163 cm) mit AI-Vision, 100% Farbvolumen mit Quantum Dot, HDR10+, Q4 AI Prozessor, One UI Tizen, Wi-Fi, Bluetooth 5.3 und Motion...[Länderversion Ungarisch]",https://www.amazon.de/dp/B0FMRZZJ9Z,65.0,529.0,529.0,EUR,529.0,Amazon,DE,2026-09-08T08:58:37Z,B0FMRZZJ9Z,,,,,
Samsung,"Samsung QLED Q7F4 4K 43 Zoll UHD Fernseher, Q4 AI Prozessor, Quantum Dot Für Reale Farben, Upscaling, Knox Security, Adaptive Sound, Samsung Vision Smart TV, 43Q7F (2025), 109 Cm",https://www.amazon.de/dp/B0FFB2K3D4,43.0,323.24,323.24,EUR,323.24,Amazon,DE,2026-09-08T08:58:37Z,B0FFB2K3D4,,,,,
Samsung,"Samsung TV 50"" (2025) QLED 4K Smart TV - TQ50Q7FAAUXXC [Länderversion Französisch, Spanisch, Portugiesisch]...[Länderversion Französisch, Spanisch, Portugiesisch]",https://www.amazon.de/dp/B0F2293K11,50.0,364.78,364.78,EUR,364.78,Amazon,DE,2026-09-08T08:58:37Z,B0F2293K11,,,,,
Samsung,"Samsung QLED Q7F4 4K 65 Zoll UHD Fernseher, Q4 AI Prozessor, Quantum Dot Für Reale Farben, Upscaling, Knox Security, Adaptive Sound, Samsung Vision Smart TV, 65Q7F (2025), 165 Cm",https://www.amazon.de/dp/B0FFB4LJ94,65.0,545.0,545.0,EUR,545.0,Amazon,DE,2026-09-08T08:58:37Z,B0FFB4LJ94,,,,,
Samsung,"Samsung Crystal UHD 4K TV 65 Zoll (GU65AU7179UXZG, Deutsches Modell), HDR, Q-Symphony, rahmenloses Design, Smart TV [2021]",https://www.amazon.de/dp/B092R9R3SJ,65.0,689.0,689.0,EUR,689.0,Amazon,DE,2026-09-08T08:58:37Z,B092R9R3SJ,,,,,
Samsung,"Samsung Neo QLED 4K QN85C 65 Zoll Fernseher (GQ65QN85CATXZG, Deutsches Modell), Neo Quantum HDR, Neural Quantum Prozessor 4K, Dolby Atmos, Smart TV [2023]",https://www.amazon.de/dp/B0BXTB8HQR,65.0,1349.0,1349.0,EUR,1349.0,Amazon,DE,2026-09-08T08:58:37Z,B0BXTB8HQR,,,,,
TCL,"TCL 98C7K 98 Zoll QD-Mini LED Fernseher, 4K HDR Premium 3000, Smart Google TV mit 144Hz Motion Clarity Pro (Dolby Vision IQ & Atmos, CrystGlow HVA Panel, Audio von Bang & Olufsen, Game Master)",https://www.amazon.de/dp/B0F5BL77MF,98.0,,,,,Amazon,DE,2026-09-08T08:58:37Z,B0F5BL77MF,,,,,
TCL,"TCL 65C7K 65 Zoll QD-Mini LED Fernseher, 4K HDR Premium 2600, Smart Google TV mit 144Hz Motion Clarity Pro (Dolby Vision IQ & Atmos, CrystGlow HVA Panel, Audio von Bang & Olufsen, Game Master)",https://www.amazon.de/dp/B0F5BRZSTR,65.0,,,,,Amazon,DE,2026-09-08T08:58:37Z,B0F5BRZSTR,,,,,
TCL,"TCL 75T6C 75 Zoll QLED Fernseher, 4K UHD Fire TV, HDR10+, Dolby Vision & Atmos, Smart TV mit Sprachsteuerung mit Alexa, Google Cast & AirPlay 2, HDMI 2.1",https://www.amazon.de/dp/B0DW996637,75.0,549.0,549.0,EUR,549.0,Amazon,DE,2026-09-08T08:58:37Z,B0DW996637,,,,,
TCL,"TCL 75X11L SQD-Mini LED 75 Zoll Fernseher, 4K Smart TV, Google TV, HDR10+ | 10520 Dimming-Zonen, 9000 Nits Spitzenhelligkeit, Dolby Vision IQ & Atmos, 144Hz, ZeroBorder Design, Audio by Bang & Olufsen",https://www.amazon.de/dp/B0GV3VXQB8,75.0,3499.0,3499.0,EUR,3499.0,Amazon,DE,2026-09-08T08:58:37Z,B0GV3VXQB8,,,,,
Sony,"Sony BRAVIA 2II 50 Zoll Fernseher, 4K Smart TV (Google TV), X1 Prozessor, 4K-Upscaling, Fernseher mit Dolby Atmos und DTS:X, PS5-Kompatibilität, 50S20M2, Modell 2026",https://www.amazon.de/dp/B0GZLDN3SH,50.0,699.0,699.0,EUR,699.0,Amazon,DE,2026-09-08T08:58:37Z,B0GZLDN3SH,,,,,
Sony,"Sony BRAVIA 2II 75 Zoll Fernseher, 4K Smart TV (Google TV), X1 Prozessor, 4K-Upscaling, Fernseher mit Dolby Atmos und DTS:X, PS5-Kompatibilität, 75S20M2, Modell 2026",https://www.amazon.de/dp/B0GZKYXYQX,75.0,1249.0,1249.0,EUR,1249.0,Amazon,DE,2026-09-08T08:58:37Z,B0GZKYXYQX,,,,,
Sony,"Sony BRAVIA XR, XR-77A80L, 77 Zoll Fernseher, OLED, 4K HDR 120Hz, Google TV, Smart TV, Works with Alexa, mit exklusiven PS5-Features, HDMI 2.1, Gaming-Menü mit ALLM + VRR, 24 + 12M Garantie",https://www.amazon.de/dp/B0BYGVVBHM,77.0,,,,,Amazon,DE,2026-09-08T08:58:37Z,B0BYGVVBHM,,,,,
Samsung,"Samsung Neo QLED 8K QN900F 75 Zoll (189 cm) Mini LED Fernseher, Antireflexion, 8K AI Upscaling, Metal Frame Design, Knox Security, Dolby Atmos, Art Store Galerie, Samsung Vision AI Smart TV",https://www.amazon.de/dp/B0F62ZTQQK,75.0,2659.0,2659.0,EUR,2659.0,Amazon,DE,2026-09-08T08:58:37Z,B0F62ZTQQK,,,,,
Samsung,"Samsung Neo QLED 8K QN900F 85 Zoll (214 cm) Mini LED Fernseher, Antireflexion, 8K AI Upscaling, Metal Frame Design, Knox Security, Dolby Atmos, Art Store Galerie, Samsung Vision AI Smart TV",https://www.amazon.de/dp/B0F62ZNYG7,85.0,3999.0,3999.0,EUR,3999.0,Amazon,DE,2026-09-08T08:58:37Z,B0F62ZNYG7,,,,,
Samsung,"Samsung Neo QLED QN70H 4K 43 Zoll (108 cm), Quantum-Mini-LED für ultrafeine Kontraste, UHD Fernseher, 4K AI Upscaling, Adaptive Sound+, Gaming Hub, Motion Xcelerator 144Hz, AI Companion, Smart TV",https://www.amazon.de/dp/B0GXZTJZBG,43.0,599.0,599.0,EUR,599.0,Amazon,DE,2026-09-08T08:58:37Z,B0GXZTJZBG,,,,,
Samsung,"Samsung 83"" TV (2025) QLED 4K UHD - TQ83S95FAEXXC [Länderversion Französisch, Spanisch, Portugiesisch]...[Länderversion Französisch, Spanisch, Portugiesisch]",https://www.amazon.de/dp/B0F223PTBN,83.0,4199.0,4199.0,EUR,4199.0,Amazon,DE,2026-09-08T08:58:37Z,B0F223PTBN,,,,,
Samsung,"Samsung Neo QLED 4K QN80F 100 Zoll (254 cm) Mini LED Fernseher, NQ4 AI Gen2 Prozessor, Quantum Matrix Technology Core, 4K Upscaling, Dolby Atmos, Knox Security, Samsung Vision AI Smart TV",https://www.amazon.de/dp/B0DFVNBT5G,100.0,,,,,Amazon,DE,2026-09-08T08:58:37Z,B0DFVNBT5G,,,,,
Samsung,"Samsung OLED 4K S90F 48 Zoll (122 cm), UHD Fernseher, NQ4 AI Gen3 Prozessor, OLED HDR+, 4K Upscaling Pro, Dolby Atmos, Gaming Hub, Motion Xcelerator 144Hz, Samsung Vision AI Smart TV, 48S90F",https://www.amazon.de/dp/B0FP4ZF41G,48.0,,,,,Amazon,DE,2026-09-08T08:58:37Z,B0FP4ZF41G,,,,,
Samsung,"Samsung TV 75"" (2025) Neo QLED 4K UHD - TQ75QN90FATXXC [Länderversion Französisch, Spanisch, Portugiesisch]...[Länderversion Französisch, Spanisch, Portugiesisch]",https://www.amazon.de/dp/B0F224QHQD,75.0,2399.0,2399.0,EUR,2399.0,Amazon,DE,2026-09-08T08:58:37Z,B0F224QHQD,,,,,
Samsung,Samsung Fernseher TQ43QN90C 43 Zoll (43 Zoll) Neo QLED 4K Smart TV 2023,https://www.amazon.de/dp/B0BQC4ZMB8,43.0,805.54,805.54,EUR,805.54,Amazon,DE,2026-09-08T08:58:37Z,B0BQC4ZMB8,,,,,
Samsung,"Samsung Neo QLED 4K QN90B 65 Zoll Fernseher (GQ65QN90BATXZG, Deutsches Modell), Quantum HDR 2000, Neo Quantum Prozessor 4K, Dolby Atmos, Smart TV [2022]",https://www.amazon.de/dp/B09TRL5PMC,65.0,,,,,Amazon,DE,2026-09-08T08:58:37Z,B09TRL5PMC,,,,,
LG,"LG 75QNED83B6A TV 75 Zoll (190 cm) 4K QNED evo Mini LED AI TV (α8 Gen3 4K AI Prozessor, webOS 26, 120Hz (VRR bis zu 144Hz)) [Modelljahr 2026] [Energieklasse F]",https://www.amazon.de/dp/B0GSGRMNR3,75.0,1049.0,1049.0,EUR,1049.0,Amazon,DE,2026-09-08T08:58:37Z,B0GSGRMNR3,,,,,
LG,LG 43QNED80A6A QNED evo AI,https://www.amazon.de/dp/B0FY7KG858,43.0,451.49,451.49,EUR,451.49,Amazon,DE,2026-09-08T08:58:37Z,B0FY7KG858,,,,,
LG,LG 55QNED80A6A QNED evo AI,https://www.amazon.de/dp/B0FLDXMX95,55.0,555.25,555.25,EUR,555.25,Amazon,DE,2026-09-08T08:58:37Z,B0FLDXMX95,,,,,
TCL,"TCL 75Q10B 75 Zoll QLED PRO MiniLED Fernseher, 4K UHD, 4K HDR Premium 3500nits, Smart Google TV mit 144Hz Motion Clarity Pro und Onkyo 2.1.2 Dolby Atmos Sound",https://www.amazon.de/dp/B0CY54WYRY,75.0,1899.0,1899.0,EUR,1899.0,Amazon,DE,2026-09-08T08:58:37Z,B0CY54WYRY,,,,,
TCL,"TCL 40V5D QLED 40 Zoll Fernseher, Full HD HDR Smart TV, Fire TV, Direct LED | Apple AirPlay 2, Alexa-kompatibel, Rahmenloses Metalldesign",https://www.amazon.de/dp/B0GYTCCKMW,40.0,279.0,279.0,EUR,279.0,Amazon,DE,2026-09-08T08:58:37Z,B0GYTCCKMW,,,,,
Xiaomi,"XIAOMI A Pro, 55"" (140 cm), 4K UHD QLED, Smart TV, Google TV, Triple Tuner DVB-C/S/S2/T/T2, HDR10+, Game Boost 120Hz, MEMC, Sprachsteuerung mit, 2+8GB, Kompatibel mit Apple Airplay & Google Cast",https://www.amazon.de/dp/B0F9XH1FGM,55.0,391.64,391.64,EUR,391.64,Amazon,DE,2026-09-08T08:58:37Z,B0F9XH1FGM,,,,,
Hisense,"Hisense 75U7DSE Fernseher 75 Zoll, 4K UHD, Hi-QLED Mini LED, Smart TV, 144Hz, Hi-View AI Engine, IMAX Enhanced, AI Lichtsensor, Dolby Vision.Atmos, Tuned by DeVialet, FreeSync Premium Pro [2026]",https://www.amazon.de/dp/B0GTVXDJ2B,75.0,1099.0,1099.0,EUR,1099.0,Amazon,DE,2026-09-08T08:58:37Z,B0GTVXDJ2B,,,,,
Sony,"Sony BRAVIA 3II 75-Zoll-Fernseher, 4K-Smart-TV (Google TV), XR Prozessor mit KI-Technologie, 120-Hz-Fernseher mit Dolby Vision/Atmos, PS5-kompatibel, 75XR32M2, Modell 2026",https://www.amazon.de/dp/B0GZQ9F4Y3,75.0,1499.0,1499.0,EUR,1499.0,Amazon,DE,2026-09-08T08:58:37Z,B0GZQ9F4Y3,,,,,
Samsung,"Samsung Neo QLED 8K QN990F 75 Zoll (189 cm) Mini LED Fernseher, Antireflexion, NQ8 AI Gen3 Prozessor, 8K Upscaling Pro, Wireless One Connect, Art Store Galerie, Samsung Vision AI Smart TV",https://www.amazon.de/dp/B0DFVG7XK3,75.0,3599.0,3599.0,EUR,3599.0,Amazon,DE,2026-09-08T08:58:37Z,B0DFVG7XK3,,,,,
Samsung,"Samsung Neo QLED 8K QN990F 65 Zoll (163 cm) Mini LED, NQ8 AI Gen3 Prozessor, Upscaling Pro, Wireless One Connect, Art Store, Smart TV, 2025",https://www.amazon.de/dp/B0F62T4RPX,65.0,3449.0,3449.0,EUR,3449.0,Amazon,DE,2026-09-08T08:58:37Z,B0F62T4RPX,,,,,
Samsung,"Samsung Neo QLED 8K QN990F 65 Zoll (165 cm) Mini LED, 8K Fernseher, NQ8 AI Gen3 Prozessor, Upscaling Pro, Glare Free, Wireless One Connect, Art Galerie, Vision Smart TV, 65QN990F (2025)",https://www.amazon.de/dp/B0FBX878JM,65.0,3299.0,3299.0,EUR,3299.0,Amazon,DE,2026-09-08T08:58:37Z,B0FBX878JM,,,,,
Samsung,"Samsung TV 75"" (2025) Neo QLED 8K UHD - TQ75QN990FTXXC [Länderversion Französisch, Spanisch, Portugiesisch]...[Länderversion Französisch, Spanisch, Portugiesisch]",https://www.amazon.de/dp/B0F2219MC8,75.0,4196.74,4196.74,EUR,4196.74,Amazon,DE,2026-09-08T08:58:37Z,B0F2219MC8,,,,,
Samsung,"Samsung Neo QLED 8K QN990F 75 Zoll (191 cm) Mini LED, 8K Fernseher, NQ8 AI Gen3 Prozessor, Upscaling Pro, Glare Free, Wireless One Connect, Art Galerie, Vision Smart TV, 75QN990F (2025)",https://www.amazon.de/dp/B0FBX9QJKV,75.0,5899.0,5899.0,EUR,5899.0,Amazon,DE,2026-09-08T08:58:37Z,B0FBX9QJKV,,,,,
Samsung,"Samsung QLED 4K The Frame 55 Zoll Fernseher (GQ55LS03BGUXZG, Deutsches Modell), mattes Display, austauschbare Rahmen, Art Mode, Smart TV [2023]",https://www.amazon.de/dp/B0BXT9Z2NF,55.0,,,,,Amazon,DE,2026-09-08T08:58:37Z,B0BXT9Z2NF,,,,,
Samsung,"Samsung Neo QLED 4K TV QN85A 55 Zoll (GQ55QN85AATXZG), Quantum HDR 1500, Quantum-Matrix-Technologie, Ultra Viewing Angle [2021]",https://www.amazon.de/dp/B092RCTKQS,55.0,,,,,Amazon,DE,2026-09-08T08:58:37Z,B092RCTKQS,,,,,
Samsung,"Samsung Neo QLED QN80H 4K 55 Zoll (138 cm), UHD Fernseher, Quantum-Mini-LED für ultrafeine Kontraste, 4K AI Upscaling, Adaptive Sound Pro, Gaming Hub, Motion Xcelerator 144Hz, AI Companion, Smart TV",https://www.amazon.de/dp/B0GXZS2FCQ,55.0,999.0,999.0,EUR,999.0,Amazon,DE,2026-09-08T08:58:37Z,B0GXZS2FCQ,,,,,
LG,"LG 50NU800B3LC Nano 4K UHD TV, 50 Zoll, α7 Gen9 4K AI Prozessor, webOS 26, 60Hz, VRR bis zu 60Hz, Modelljahr 2026, Energieklasse F",https://www.amazon.de/dp/B0HDYZB42R,50.0,399.99,399.99,EUR,399.99,Amazon,DE,2026-09-08T08:58:37Z,B0HDYZB42R,,,,,
Hisense,"Hisense 50A6S TV 2026 4K UHD 50 Zoll (127 cm), Smart TV HomeOS U9.5, Dolby Vision HDR, Game Mode Plus (VRR 60 Hz), DTS Virtual:X, Alexa integriert, Schwarz",https://www.amazon.de/dp/B0GJFVQDWB,50.0,,,,,Amazon,DE,2026-09-08T08:58:37Z,B0GJFVQDWB,,,,,
Sony,"Sony BRAVIA 3II 65-Zoll-Fernseher, 4K-Smart-TV (Google TV), XR Prozessor mit KI-Technologie, 120-Hz-Fernseher mit Dolby Vision/Atmos, PS5-kompatibel, 65XR32M2, Modell 2026",https://www.amazon.de/dp/B0GZPZZRWL,65.0,1099.0,1099.0,EUR,1099.0,Amazon,DE,2026-09-08T08:58:37Z,B0GZPZZRWL,,,,,
Samsung,"Samsung Neo QLED QN80H 4K 75 Zoll (189 cm), UHD Fernseher, Quantum-Mini-LED für ultrafeine Kontraste, 4K AI Upscaling, Adaptive Sound Pro, Gaming Hub, Motion Xcelerator 144Hz, AI Companion, Smart TV",https://www.amazon.de/dp/B0GXZKLRHT,75.0,1899.0,1899.0,EUR,1899.0,Amazon,DE,2026-09-08T08:58:37Z,B0GXZKLRHT,,,,,
LG,"LG 55NU800B3LC Nano 4K UHD TV, 55 Zoll, α7 Gen9 4K AI Prozessor, webOS 26, 60Hz, VRR bis zu 60Hz, Modelljahr 2026, Energieklasse F",https://www.amazon.de/dp/B0HGRXT24R,55.0,469.99,469.99,EUR,469.99,Amazon,DE,2026-09-08T08:58:37Z,B0HGRXT24R,,,,,
TCL,"TCL 85C7L Fernseher 85 Zoll SQD-Mini LED 4K Smart TV, 2600 nits HDR Premium, 144Hz Motion Clarity Pro, Game Master Pro, ZeroBorder, Google TV",https://www.amazon.de/dp/B0GVT5HYB3,85.0,,,,,Amazon,DE,2026-09-08T08:58:37Z,B0GVT5HYB3,,,,,
Hisense,"Hisense 55A6S - UHD 4K Smart TV 55 Pulgadas, Escalador IA 4K, Smooth Motion IA, Modo Juego Plus, Dolby Vision, Control por Voz, Filmmaker Mode, Airplay",https://www.amazon.de/dp/B0GJFF3XT7,55.0,389.99,389.99,EUR,389.99,Amazon,DE,2026-09-08T08:58:37Z,B0GJFF3XT7,,,,,
Sony,"Sony BRAVIA 3II 100-Zoll-Fernseher, 4K-Smart-TV (Google TV), XR Prozessor mit KI-Technologie, 120-Hz-Fernseher mit Dolby Vision/Atmos, PS5-kompatibel, 100XR35M2, Modell 2026",https://www.amazon.de/dp/B0GZQB773S,100.0,2729.0,2729.0,EUR,2729.0,Amazon,DE,2026-09-08T08:58:37Z,B0GZQB773S,,,,,
Samsung,"Samsung Neo QLED QN80H 4K 85 Zoll (214 cm), UHD Fernseher, Quantum-Mini-LED für ultrafeine Kontraste, 4K AI Upscaling, Adaptive Sound Pro, Gaming Hub, Motion Xcelerator 144Hz, AI Companion, Smart TV",https://www.amazon.de/dp/B0GXZLJ1T4,85.0,2699.0,2699.0,EUR,2699.0,Amazon,DE,2026-09-08T08:58:37Z,B0GXZLJ1T4,,,,,
LG,LG UHD TV AI 2026 | 65NU80 | 65 Zoll (164 cm),https://www.amazon.de/dp/B0GTRTW8P9,65.0,,,,,Amazon,DE,2026-09-08T08:58:37Z,B0GTRTW8P9,,,,,
TCL,"TCL 65C8L SQD-Mini LED 65 Zoll Fernseher, 4K Smart TV, Google TV, HDR10+",https://www.amazon.de/dp/B0GTZLF677,65.0,,,,,Amazon,DE,2026-09-08T08:58:37Z,B0GTZLF677,,,,,
Hisense,"Hisense 58A6S TV 2026 4K UHD 58 Zoll (146 cm), Smart TV HomeOS U9.5, Dolby Vision HDR, Game Mode Plus (VRR 60 Hz), DTS Virtual:X, Alexa integriert, Schwarz",https://www.amazon.de/dp/B0GJFLN5QB,58.0,,,,,Amazon,DE,2026-09-08T08:58:37Z,B0GJFLN5QB,,,,,
Sony,"Sony BRAVIA 2II 65 Zoll Fernseher, 4K Smart TV (Google TV), X1 Prozessor, 4K-Upscaling, Fernseher mit Dolby Atmos und DTS:X, PS5-Kompatibilität, 65S20M2, Modell 2026",https://www.amazon.de/dp/B0GZKY262Y,65.0,969.0,969.0,EUR,969.0,Amazon,DE,2026-09-08T08:58:37Z,B0GZKY262Y,,,,,
Samsung,Samsung Neo QLED QN80H 98 Zoll 4K Smart TV mit IA,https://www.amazon.de/dp/B0GHS3TTGN,98.0,2568.55,2568.55,EUR,2568.55,Amazon,DE,2026-09-08T08:58:37Z,B0GHS3TTGN,,,,,
LG,LG UHD TV AI 2026 | 75NU80 | 75 Zoll (189 cm),https://www.amazon.de/dp/B0GTRQF5S3,75.0,,,,,Amazon,DE,2026-09-08T08:58:37Z,B0GTRQF5S3,,,,,
TCL,"TCL 75C8L SQD-Mini LED 75 Zoll Fernseher, 4K Smart TV, Google TV, HDR10+",https://www.amazon.de/dp/B0GTZSYZLM,75.0,,,,,Amazon,DE,2026-09-08T08:58:37Z,B0GTZSYZLM,,,,,
Hisense,"Hisense 65A6S – TV 4K UHD 65 Zoll (164 cm), Smart TV HomeOS U9.5, Dolby Vision HDR, Game Mode Plus (VRR 60 Hz), DTS Virtual:X, Alexa integriert, Schwarz",https://www.amazon.de/dp/B0GJF87VQ6,65.0,509.0,509.0,EUR,509.0,Amazon,DE,2026-09-08T08:58:37Z,B0GJF87VQ6,,,,,
Sony,"Sony BRAVIA 3 - Direct LED 75 Zoll Fernseher (K75S32), X-Balanced Speaker, Dolby Vision/Atmos, IMAX Enhanced, Google TV (2025), Google Cast, Apple AirPlay 2, Eco Dashboard 2, Game Menu 2, Smart TV",https://www.amazon.de/dp/B0F4KRYP8L,75.0,999.0,999.0,EUR,999.0,Amazon,DE,2026-09-08T08:58:37Z,B0F4KRYP8L,,,,,
Samsung,"Samsung Neo QLED QN80H 4K 100 Zoll (254 cm), UHD Fernseher, Quantum-Mini-LED für ultrafeine Kontraste, 4K AI Upscaling, Adaptive Sound Pro, Gaming Hub, Motion Xcelerator 144Hz, AI Companion, Smart TV",https://www.amazon.de/dp/B0GXZQDPFD,100.0,3699.0,3699.0,EUR,3699.0,Amazon,DE,2026-09-08T08:58:37Z,B0GXZQDPFD,,,,,
LG,LG UHD TV AI 2026 | 85NU80 | 85 Zoll (215 cm),https://www.amazon.de/dp/B0GTRH6HHP,85.0,,,,,Amazon,DE,2026-09-08T08:58:37Z,B0GTRH6HHP,,,,,
TCL,"TCL 85X11L SQD-Mini LED 85 Zoll Fernseher, 4K Smart TV, Google TV, HDR10+",https://www.amazon.de/dp/B0GV4DDPZD,85.0,4509.0,4509.0,EUR,4509.0,Amazon,DE,2026-09-08T08:58:37Z,B0GV4DDPZD,,,,,
Hisense,"Hisense TV 43E7S (2026) 43"" VA QLED 4K UHD Preta",https://www.amazon.de/dp/B0GND85Y1P,43.0,,,,,Amazon,DE,2026-09-08T08:58:37Z,B0GND85Y1P,,,,,
Sony,"Sony BRAVIA 3 - Direct LED 85 Zoll Fernseher (K85S32), X-Balanced Speaker, Dolby Vision/Atmos, IMAX Enhanced, Google TV (2025), Google Cast, Apple AirPlay 2, Eco Dashboard 2, Game Menu 2, Smart TV",https://www.amazon.de/dp/B0F4KVCDCW,85.0,,,,,Amazon,DE,2026-09-08T08:58:37Z,B0F4KVCDCW,,,,,
Samsung,"Samsung OLED S85H 4K 55 Zoll (138 cm), UHD Fernseher, OLED HDR, Premium Gaming Pack (NVIDIA G-SYNC & AMD FreeSync Premium) mit 120Hz, HDMI 2.1, Dolby Atmos, AI Companion für Fragen, Smart AI TV",https://www.amazon.de/dp/B0GXZMW88Y,55.0,1474.41,1474.41,EUR,1474.41,Amazon,DE,2026-09-08T08:58:37Z,B0GXZMW88Y,,,,,
LG,"LG TV (2026) NanoCell 65"" LED UHD 4K - 65NU850B6LA",https://www.amazon.de/dp/B0H1JGZQVN,65.0,625.38,625.38,EUR,625.38,Amazon,DE,2026-09-08T08:58:37Z,B0H1JGZQVN,,,,,
TCL,"TCL 55C7K QD-Mini LED Fernseher, 55 Zoll, 4K HDR Premium, Dolby Vision IQ & Atmos, Bang & Olufsen Sound, Smart TV mit Google TV, 144Hz, HDMI 2.1, AMD FreeSync Premium Pro, AirPlay 2, Google Assistant",https://www.amazon.de/dp/B0F5BP4KFM,55.0,,,,,Amazon,DE,2026-09-08T08:58:37Z,B0F5BP4KFM,,,,,
Hisense,"Hisense 75E7S 189cm 75"" 4K QLED Smart TV Fernseher (75E7S)",https://www.amazon.de/dp/B0GNDJ3WZT,75.0,659.0,659.0,EUR,659.0,Amazon,DE,2026-09-08T08:58:37Z,B0GNDJ3WZT,,,,,
Sony,"Sony BRAVIA 5 XR Mini-LED 75 Zoll Fernseher (K75XR55), AI XR-Prozessor, akustisches Multi-Audio, Dolby Vision/Atmos, IMAX Enhanced, Google TV (2025), Google Cast, Apple AirPlay 2, Game Menu, Smart TV",https://www.amazon.de/dp/B0F4L4JSYM,75.0,1699.0,1699.0,EUR,1699.0,Amazon,DE,2026-09-08T08:58:37Z,B0F4L4JSYM,,,,,
Samsung,"Samsung 55"" S85H 4K OLED TV - Leuchtender Pixelkontrast, 120Hz Bewegung, NQ4 AI Gen2 Prozessor",https://www.amazon.de/dp/B0H3KMSFTZ,55.0,1207.42,1207.42,EUR,1207.42,Amazon,DE,2026-09-08T08:58:37Z,B0H3KMSFTZ,,,,,
LG,LG QNED Evo AI 43 Zoll (2026) QNED Mini-LED 4K UHD - 43QNED81B6C,https://www.amazon.de/dp/B0H1JLYV4C,43.0,516.03,516.03,EUR,516.03,Amazon,DE,2026-09-08T08:58:37Z,B0H1JLYV4C,,,,,
TCL,"TCL 75C7K 75 Zoll QD-Mini LED Fernseher, 4K HDR Premium 3000, Smart Google TV mit 144Hz Motion Clarity Pro (Dolby Vision IQ & Atmos, CrystGlow HVA Panel, Audio von Bang & Olufsen, Game Master)",https://www.amazon.de/dp/B0F5BP3VXC,75.0,,,,,Amazon,DE,2026-09-08T08:58:37Z,B0F5BP3VXC,,,,,
Hisense,"Hisense 85E7S 215 cm (85"" ) 4K QLED Hi-QLED Smart TV VIDAA OS Schwarz",https://www.amazon.de/dp/B0GNCGYDGJ,85.0,,,,,Amazon,DE,2026-09-08T08:58:37Z,B0GNCGYDGJ,,,,,
Sony,"Sony BRAVIA 5 XR Mini-LED 85 Zoll Fernseher (K85XR55), AI XR-Prozessor, akustisches Multi-Audio, Dolby Vision/Atmos, IMAX Enhanced, Google TV (2025), Google Cast, Apple AirPlay 2, Game Menu, Smart TV",https://www.amazon.de/dp/B0F4KZW14B,85.0,,,,,Amazon,DE,2026-09-08T08:58:37Z,B0F4KZW14B,,,,,
Samsung,"Samsung OLED S85H 4K 65 Zoll (163 cm), UHD Fernseher, OLED HDR, Premium Gaming Pack (NVIDIA G-SYNC & AMD FreeSync Premium) mit 120Hz, HDMI 2.1, Dolby Atmos, AI Companion für Fragen, Smart AI TV",https://www.amazon.de/dp/B0GXZTVXCY,65.0,1999.0,1999.0,EUR,1999.0,Amazon,DE,2026-09-08T08:58:37Z,B0GXZTVXCY,,,,,
LG,LG TV 50 Zoll (2026) QNED MiniLED 4K UHD - 50QNED81B6C,https://www.amazon.de/dp/B0H1JCCN4Q,50.0,,,,,Amazon,DE,2026-09-08T08:58:37Z,B0H1JCCN4Q,,,,,
TCL,"TCL 85C7K 85 Zoll QD-Mini LED Fernseher, 4K HDR Premium 3000, Smart Google TV mit 144Hz Motion Clarity Pro (Dolby Vision IQ & Atmos, CrystGlow HVA Panel, Audio von Bang & Olufsen, Game Master)",https://www.amazon.de/dp/B0F5BSK9JW,85.0,1649.11,1649.11,EUR,1649.11,Amazon,DE,2026-09-08T08:58:37Z,B0F5BSK9JW,,,,,
Hisense,"Hisense 85U7SE TV Mini-LED 4K 85 Zoll (215 cm) 144Hz Nativ (HSR 288Hz), 1300 Nits, 384 Zonen, Dolby Vision IQ, Sound 2.1 Devialet 40W, Smart TV HomeOS, Alexa & AirPlay 2 - Neu 2026",https://www.amazon.de/dp/B0GKPZ6MQ6,85.0,1395.0,1395.0,EUR,1395.0,Amazon,DE,2026-09-08T08:58:37Z,B0GKPZ6MQ6,,,,,
Sony,"Sony BRAVIA 9 QLED (XR l Mini LED) 65 Zoll 4K HDR Google Smart TV | Gaming-Funktionen, IMAX Erweitert, Dolby Vision Atmos, Chromecast, AirPlay, 120Hz K65XR90",https://www.amazon.de/dp/B0DSWFM8GK,65.0,,,,,Amazon,DE,2026-09-08T08:58:37Z,B0DSWFM8GK,,,,,
Samsung,"Samsung Crystal UHD U8079F 4K 75 Zoll (189 cm) LED Fernseher, Optimiert für Fussball und Gaming, Crystal Prozessor 4K, SmartThings, AI Upscaling, Knox Security, Kostenlose Inhalte, Smart TV",https://www.amazon.de/dp/B0F62T416G,75.0,699.99,699.99,EUR,699.99,Amazon,DE,2026-09-08T08:58:37Z,B0F62T416G,,,,,
Samsung,"Samsung Crystal UHD U8079F 4K 65 Zoll (163 cm) LED Fernseher, Crystal Prozessor 4K, MetalStream Design, SmartThings, AI Upscaling, Gaming Hub, Knox Security, Kostenlose Inhalte, Smart TV",https://www.amazon.de/dp/B0F62VGMHW,65.0,,,,,Amazon,DE,2026-09-08T08:58:37Z,B0F62VGMHW,,,,,
Samsung,"Samsung Crystal UHD U8079F 4K 85 Zoll (214 cm) LED Fernseher, Crystal Prozessor 4K, MetalStream Design, SmartThings, AI Upscaling, Gaming Hub, Knox Security, Kostenlose Inhalte, Smart TV",https://www.amazon.de/dp/B0F62T3RGK,85.0,,,,,Amazon,DE,2026-09-08T08:58:37Z,B0F62T3RGK,,,,,
LG,"LG 50UA75006LA TV 50 Zoll (127 cm) 4K UHD AI TV (α7 Gen8 4K AI Prozessor, webOS 25, 60Hz) [Modelljahr 2025]",https://www.amazon.de/dp/B0F2GFLHR9,50.0,349.0,349.0,EUR,349.0,Amazon,DE,2026-09-08T08:58:37Z,B0F2GFLHR9,,,,,
LG,"LG 65UA75006LA TV 65 Zoll (165 cm) 4K UHD AI TV (α7 Gen8 4K AI Prozessor, webOS 25, 60Hz) [Modelljahr 2025]",https://www.amazon.de/dp/B0F2GL2LXJ,65.0,499.9,499.9,EUR,499.9,Amazon,DE,2026-09-08T08:58:37Z,B0F2GL2LXJ,,,,,
LG,"LG 75UA75006LA TV 75 Zoll (190 cm) 4K UHD AI TV (α7 Gen8 4K AI Prozessor, webOS 25, 60Hz) [Modelljahr 2025]",https://www.amazon.de/dp/B0F2GHCHXJ,75.0,679.0,679.0,EUR,679.0,Amazon,DE,2026-09-08T08:58:37Z,B0F2GHCHXJ,,,,,
LG,"LG 55UA75006LA TV 55 Zoll (139 cm) 4K UHD AI TV (α7 Gen8 4K AI Prozessor, webOS 25, 60Hz) [Modelljahr 2025]",https://www.amazon.de/dp/B0F2GHFZCJ,55.0,,,,,Amazon,DE,2026-09-08T08:58:37Z,B0F2GHFZCJ,,,,,
LG,"LG 86UA75006LA TV 86 Zoll (218 cm) 4K UHD AI TV (α7 Gen8 4K AI Prozessor, webOS 25, 60Hz) [Modelljahr 2025]",https://www.amazon.de/dp/B0F2GFJNVW,86.0,,,,,Amazon,DE,2026-09-08T08:58:37Z,B0F2GFJNVW,,,,,
Hisense,"Hisense 85E7Q PRO Fehrnseher,85 Zoll,4K UHD QLED, Smart TV,144Hz Game Mode PRO,Filmaker Mode, AMD FreeSync Premium,AI HDR Upscaler,Dolby Vision IQ,Dolby Atmos,Sprachsteuerung [2025]",https://www.amazon.de/dp/B0F1N6RKFQ,85.0,1350.06,1350.06,EUR,1350.06,Amazon,DE,2026-09-08T08:58:37Z,B0F1N6RKFQ,,,,,
Hisense,"Hisense 43E7Q PRO Fehrnseher,43 Zoll, 4K UHD QLED, Smart TV,144Hz Game Mode PRO,Filmaker Mode, AMD FreeSync Premium,AI HDR Upscaler,Dolby Vision IQ,Dolby Atmos,Sprachsteuerung [2025]",https://www.amazon.de/dp/B0FFH953XW,43.0,,,,,Amazon,DE,2026-09-08T08:58:37Z,B0FFH953XW,,,,,
Hisense,"Hisense 75E7Q PRO Fehrnseher,75 Zoll,4K UHD QLED, Smart TV,144Hz Game Mode PRO,Filmaker Mode, AMD FreeSync Premium,AI HDR Upscaler,Dolby Vision IQ,Dolby Atmos,Sprachsteuerung [2025]",https://www.amazon.de/dp/B0F1N63F97,75.0,,,,,Amazon,DE,2026-09-08T08:58:37Z,B0F1N63F97,,,,,
Hisense,"Hisense 100E7Q PRO Fernseher, 100 Zoll, 4K UHD QLED, Smart TV, 144Hz Game Mode, Filmmaker, AMD FreeSync Premium, AI HDR Upscaler, Built in Subwoofer, Sprachsteuerung, 2025",https://www.amazon.de/dp/B0F1N92VWF,100.0,,,,,Amazon,DE,2026-09-08T08:58:37Z,B0F1N92VWF,,,,,
Panasonic,"Panasonic TB-55W61AEZ, W61 Serie, 55 Zoll, 4K Ultra HD LED Smart TV, 2025, TiVo, Dolby Vision & Atmos, Game Mode Plus, Alexa & Google Sprachsteuerung, Schwarz",https://www.amazon.de/dp/B0F99NFJRR,55.0,,,,,Amazon,DE,2026-09-08T08:58:37Z,B0F99NFJRR,,,,,
Philips,"PHILIPS Ambilight 55MLED910 Mini LED 4K Smart TV - 55 Zoll Display mit P5 Perfect Picture Engine Ultra HD, Titan OS, Dolby Vision Und Dolby Atmos Sound",https://www.amazon.de/dp/B0F2N7K35H,55.0,649.0,649.0,EUR,649.0,Amazon,DE,2026-09-08T08:58:37Z,B0F2N7K35H,,,,,
Philips,"PHILIPS Ambilight 75MLED910 Mini LED 4K Smart TV - 75 Zoll Display mit P5 Perfect Picture Engine Ultra HD, Titan OS, Dolby Vision Und Dolby Atmos Sound",https://www.amazon.de/dp/B0F24XBNWV,75.0,,,,,Amazon,DE,2026-09-08T08:58:37Z,B0F24XBNWV,,,,,
Toshiba,"Toshiba 55UV2363DAW 55 Zoll Fernseher/VIDAA Smart TV (4K UHD, HDR Dolby Vision, Triple-Tuner, Bluetooth, Dolby Audio)",https://www.amazon.de/dp/B0CQ5DG178,55.0,,,,,Amazon,DE,2026-09-08T08:58:37Z,B0CQ5DG178,,,,,
Toshiba,"Toshiba Fernseher 24 Zoll Smart TV - VIDAA TV (HD LED TV, HDR, Triple-Tuner) 24WV3463DAZ",https://www.amazon.de/dp/B0DJBSRRFH,24.0,169.99,169.99,EUR,169.99,Amazon,DE,2026-09-08T08:58:37Z,B0DJBSRRFH,,,,,
Toshiba,"Toshiba 32LV3F63DAZ 32"" Full HD VIDAA Smart TV",https://www.amazon.de/dp/B0FPWXB29Y,32.0,186.98,186.98,EUR,186.98,Amazon,DE,2026-09-08T08:58:37Z,B0FPWXB29Y,,,,,
Toshiba,"Toshiba 40LV2E63DAZ 40 Zoll Fernseher/VIDAA Smart TV (Full HD, HDR, Triple-Tuner, Bluetooth, Dolby Audio) [2024]",https://www.amazon.de/dp/B0CNKK8DCF,40.0,352.44,352.44,EUR,352.44,Amazon,DE,2026-09-08T08:58:37Z,B0CNKK8DCF,,,,,
Toshiba,"Toshiba 43QV3463DG 43"" QLED UltraHD 4K VIDAA",https://www.amazon.de/dp/B0DG36C62Y,43.0,,,,,Amazon,DE,2026-09-08T08:58:37Z,B0DG36C62Y,,,,,
Toshiba,"Toshiba 65QV2363DAW 65 Zoll QLED Fernseher/VIDAA Smart TV (4K UHD, HDR Dolby Vision, Triple-Tuner, Dolby Audio) [2024]",https://www.amazon.de/dp/B0CNTRTHV7,65.0,,,,,Amazon,DE,2026-09-08T08:58:37Z,B0CNTRTHV7,,,,,
Toshiba,"Toshiba 43LV3E63DAZ 43 Zoll Fernseher/VIDAA Smart TV (Full HD, HDR, Triple-Tuner, Bluetooth, Dolby Audio)",https://www.amazon.de/dp/B0CQ5HKK9G,43.0,297.81,297.81,EUR,297.81,Amazon,DE,2026-09-08T08:58:37Z,B0CQ5HKK9G,,,,,
Toshiba,Toshiba 43UV3463DAW 43 Zoll 4K UHD VIDAA Smart TV,https://www.amazon.de/dp/B0CW1Y4R81,43.0,299.99,299.99,EUR,299.99,Amazon,DE,2026-09-08T08:58:37Z,B0CW1Y4R81,,,,,
Xiaomi,"Xiaomi TV F 32, 32"" HD Smart TV Fire OS7 Triple Tuner L32MB-FAEU",https://www.amazon.de/dp/B0F4548TCQ,32.0,139.0,139.0,EUR,139.0,Amazon,DE,2026-09-08T08:58:37Z,B0F4548TCQ,,,,,
Xiaomi,"XIAOMI TV 43 Zoll 2026, 4K UHD, Smart TV, Fire OS8, HDR10, L43MB-FAVEU",https://www.amazon.de/dp/B0H448LDSH,43.0,329.0,329.0,EUR,329.0,Amazon,DE,2026-09-08T08:58:37Z,B0H448LDSH,,,,,
Xiaomi,"Xiaomi TV 50 Zoll (127 cm), 4K UHD Smart TV, Fire OS8, HDR10, L50MB-FAEU",https://www.amazon.de/dp/B0F45BXJ1C,50.0,299.0,299.0,EUR,299.0,Amazon,DE,2026-09-08T08:58:37Z,B0F45BXJ1C,,,,,
Xiaomi,"Xiaomi TV F 55 Zoll (140 cm), 4K UHD Smart TV, Fire OS8, HDR10, L55MB-FAEU",https://www.amazon.de/dp/B0F457G5QG,55.0,349.0,349.0,EUR,349.0,Amazon,DE,2026-09-08T08:58:37Z,B0F457G5QG,,,,,
Samsung,"Samsung Neo QLED 4K QN70F 85 Zoll (214 cm) Mini LED Fernseher, NQ4 AI Gen2 Prozessor, Quantum Matrix Technology Slim, Motion Xcelerator 144Hz, AirSlim Design, Samsung Vision AI Smart TV",https://www.amazon.de/dp/B0DFVWLJSG,85.0,1499.0,1499.0,EUR,1499.0,Amazon,DE,2026-09-08T08:58:37Z,B0DFVWLJSG,,,,,
Samsung,"Samsung Neo QLED 4K QN70F 65 Zoll (163 cm) Mini LED Fernseher, NQ4 AI Gen2 Prozessor, Quantum Matrix Technology Slim, Motion Xcelerator 144Hz, AirSlim Design, Samsung Vision AI Smart TV",https://www.amazon.de/dp/B0DFVN36ZX,65.0,,,,,Amazon,DE,2026-09-08T08:58:37Z,B0DFVN36ZX,,,,,
Samsung,"Samsung Neo QLED 4K QN70F 75 Zoll (189 cm) Mini LED Fernseher, Optimiert für Fussball, NQ4 AI Gen2 Prozessor, Quantum Matrix Technology Slim, Motion Xcelerator, Samsung Vision AI Smart TV",https://www.amazon.de/dp/B0DFVP3HJ9,75.0,,,,,Amazon,DE,2026-09-08T08:58:37Z,B0DFVP3HJ9,,,,,
LG,"LG OLED55C5ELB TV 55 Zoll (139 cm) 4K OLED evo AI TV (α9 Gen8 4K AI Prozessor, webOS 25, 120Hz (VRR bis zu 144Hz)) [Modelljahr 2025]",https://www.amazon.de/dp/B0F2JB8LDX,55.0,,,,,Amazon,DE,2026-09-08T08:58:37Z,B0F2JB8LDX,,,,,
LG,"LG OLED65C5ELB, 65 Zoll (165 cm), 4K OLED evo AI TV, α9 Gen8 Prozessor, webOS 25, 120Hz (VRR bis zu 144Hz), Modelljahr 2025",https://www.amazon.de/dp/B0F2JCZPB4,65.0,,,,,Amazon,DE,2026-09-08T08:58:37Z,B0F2JCZPB4,,,,,
LG,"LG OLED77C5ELB TV 77 Zoll (195 cm) 4K OLED evo AI TV (α9 Gen8 4K AI Prozessor, webOS 25, 120Hz (VRR bis zu 144Hz)) [Modelljahr 2025]",https://www.amazon.de/dp/B0F2JD9RHK,77.0,,,,,Amazon,DE,2026-09-08T08:58:37Z,B0F2JD9RHK,,,,,
LG,"LG OLED83C5ELA TV 83 Zoll (210 cm) 4K OLED evo AI TV (α9 Gen8 4K AI Prozessor, webOS 25, 120Hz (VRR bis zu 144Hz)) [Modelljahr 2025]",https://www.amazon.de/dp/B0F2JCSBRK,83.0,,,,,Amazon,DE,2026-09-08T08:58:37Z,B0F2JCSBRK,,,,,
Hisense,"Hisense 55E7Q Fehrnseher, 55 Zoll, 4K UHD QLED, Smart TV, Game Mode Plus, Filmaker Mode, Dolby Vision Atmos, HDR10, HLG, HDR Immersive, AI 4K Upscaler, Dolby MS12, DTS X, Sprachsteuerung [2025]",https://www.amazon.de/dp/B0F1MPWV27,55.0,,,,,Amazon,DE,2026-09-08T08:58:37Z,B0F1MPWV27,,,,,
Hisense,"Hisense 58E7Q Fehrnseher, 58 Zoll, QLED&DLED, Smart TV, Game Mode Plus, Filmaker Mode, Dolby Vision Atmos, HDR10, HLG, 4K HDR Immersive, AI 4K Upscaler, Dolby MS12, DTS X, Sprachsteuerung [2025]",https://www.amazon.de/dp/B0F9YWJ5MT,58.0,,,,,Amazon,DE,2026-09-08T08:58:37Z,B0F9YWJ5MT,,,,,
Hisense,"Hisense 65E7Q Fehrnseher, 65 Zoll, 4K UHD QLED, Smart TV, Game Mode Plus, Filmaker Mode, Dolby Vision Atmos, HDR10, HLG, HDR Immersive, AI 4K Upscaler, Dolby MS12, DTS X, Sprachsteuerung [2025]",https://www.amazon.de/dp/B0F1MRPC4B,65.0,,,,,Amazon,DE,2026-09-08T08:58:37Z,B0F1MRPC4B,,,,,
Hisense,"Hisense 85E7Q Fehrnseher, 85 Zoll, 4K UHD QLED, Smart TV, Game Mode Plus, Filmaker Mode, Dolby Vision Atmos, HDR10, HLG, HDR Immersive, AI 4K Upscaler, DTS:X, Sprachsteuerung [2025]",https://www.amazon.de/dp/B0F1MR1FQ3,85.0,,,,,Amazon,DE,2026-09-08T08:58:37Z,B0F1MR1FQ3,,,,,
Panasonic,"Panasonic TV-55Z80AEZ, Z80 Serie 55 Zoll 4K Ultra HD OLED Smart TV, 2024, Fire TV, Dolby Vision & Atmos, Game Mode Extreme, Alexa Sprachsteuerung, Airplay, Schwarz",https://www.amazon.de/dp/B0DJCWNRWG,55.0,,,,,Amazon,DE,2026-09-08T08:58:37Z,B0DJCWNRWG,,,,,
Philips,"Philips 75PUS7000 4K LED Smart TV - 75 Zoll Display mit Pixel Precise Ultra HD, Titan OS Plattform und Dolby Atmos Sound - Funktioniert mit Alexa und Google Sprachassistent",https://www.amazon.de/dp/B0F24WLLX9,75.0,599.0,599.0,EUR,599.0,Amazon,DE,2026-09-08T08:58:37Z,B0F24WLLX9,,,,,
Toshiba,"Toshiba 55 Zoll VIDAA TV Fernseher (4K UHD Smart TV, HDR Dolby Vision, Triple-Tuner, Bluetooth, Dolby Audio) 55UV3463DAW",https://www.amazon.de/dp/B0CW1WDWS1,55.0,,,,,Amazon,DE,2026-09-08T08:58:37Z,B0CW1WDWS1,,,,,
Toshiba,"Toshiba 65 Zoll VIDAA TV Fernseher (4K UHD Smart TV, HDR Dolby Vision, Triple-Tuner, Bluetooth, Dolby Audio) 65UV3463DAW",https://www.amazon.de/dp/B0CW1WDPRR,65.0,,,,,Amazon,DE,2026-09-08T08:58:37Z,B0CW1WDPRR,,,,,
Toshiba,"Toshiba 50QV2363DAW 50 Zoll QLED Fernseher/VIDAA Smart TV (4K UHD, HDR Dolby Vision, Triple-Tuner, Bluetooth, Dolby Audio)",https://www.amazon.de/dp/B0CQ5FZC9R,50.0,,,,,Amazon,DE,2026-09-08T08:58:37Z,B0CQ5FZC9R,,,,,
Xiaomi,"XIAOMI F2 Smart Fire TV 43 Zoll, 108 cm Fernseher (4K UHD, HDR10, Rahmenloses Metallgehäuse, Prime Video, Netflix, Alexa Sprachsteuerung, HDMI 2.1, Bluetooth, USB, Triple Tuner) Modelljahr:2022",https://www.amazon.de/dp/B09XY1G7PT,43.0,,,,,Amazon,DE,2026-09-08T08:58:37Z,B09XY1G7PT,,,,,
Xiaomi,"Xiaomi TV F Pro 43 2026 QLED TV 43 Zoll (101 cm), 4K Ultra HD, Fire TV",https://www.amazon.de/dp/B0F454D76T,43.0,299.0,299.0,EUR,299.0,Amazon,DE,2026-09-08T08:58:37Z,B0F454D76T,,,,,
Xiaomi,"Xiaomi TV F Pro 50 (127 cm), 4K UHD QLED, Smart TV, Fire OS8, MEMC",https://www.amazon.de/dp/B0F45835F8,50.0,399.0,399.0,EUR,399.0,Amazon,DE,2026-09-08T08:58:37Z,B0F45835F8,,,,,
Xiaomi,"Xiaomi TV F Pro 55 (140 cm), 4K UHD QLED, Smart TV, Fire OS8, HDR10+, MEMC",https://www.amazon.de/dp/B0F44W5HQH,55.0,449.0,449.0,EUR,449.0,Amazon,DE,2026-09-08T08:58:37Z,B0F44W5HQH,,,,,
Xiaomi,"Xiaomi TV F Pro 65 (165 cm), 4K UHD QLED, Smart TV, Fire OS8, HDR10+, MEMC",https://www.amazon.de/dp/B0F454CH49,65.0,593.1,593.1,EUR,593.1,Amazon,DE,2026-09-08T08:58:37Z,B0F454CH49,,,,,
LG,"LG OLED83B59LA TV 83 Zoll (210 cm) 4K OLED AI TV (α8 Gen2 4K AI Prozessor, webOS 25, 120Hz) [Modelljahr 2025]",https://www.amazon.de/dp/B0F38MPV9J,83.0,1899.0,1899.0,EUR,1899.0,Amazon,DE,2026-09-08T08:58:37Z,B0F38MPV9J,,,,,
LG,"LG OLED55B59LA TV 55 Zoll (139 cm) 4K OLED AI TV (α8 Gen2 4K AI Prozessor, webOS 25, 120Hz) [Modelljahr 2025]",https://www.amazon.de/dp/B0F2JBY889,55.0,,,,,Amazon,DE,2026-09-08T08:58:37Z,B0F2JBY889,,,,,
LG,"LG OLED65B59LA TV 65 Zoll (165 cm) 4K OLED AI TV (α8 Gen2 4K AI Prozessor, webOS 25, 120Hz) [Modelljahr 2025]",https://www.amazon.de/dp/B0F2JBSBG8,65.0,,,,,Amazon,DE,2026-09-08T08:58:37Z,B0F2JBSBG8,,,,,
LG,"LG OLED77B59LA TV 77 Zoll (195 cm) 4K OLED AI TV (α8 Gen2 4K AI Prozessor, webOS 25, 120Hz) [Modelljahr 2025]",https://www.amazon.de/dp/B0F2JBKSWP,77.0,,,,,Amazon,DE,2026-09-08T08:58:37Z,B0F2JBKSWP,,,,,
Hisense,"Hisense 65U7Q 65"" 4K Mini LED Smart TV, 144Hz Game Mode",https://www.amazon.de/dp/B0F32JG9DR,65.0,749.0,749.0,EUR,749.0,Amazon,DE,2026-09-08T08:58:37Z,B0F32JG9DR,,,,,
Hisense,"Hisense 75U7Q Fernseher 75 Zoll, 4K Mini LED ULED, Smart TV, Hi-View AI Engine, 144Hz Game Mode Pro, FreeSync Premium, Built in Subwoofer, Dolby Vision IQ Atmos, Airplay, Sprachsteuerung[2025]",https://www.amazon.de/dp/B0F32MFDX7,75.0,949.0,949.0,EUR,949.0,Amazon,DE,2026-09-08T08:58:37Z,B0F32MFDX7,,,,,
Hisense,"Hisense 85U7Q Fernseher 85 Zoll, 4K Mini LED ULED, Smart TV, Hi-View AI Engine, 144Hz Game Mode Pro, FreeSync Premium, Built in Subwoofer, Dolby Vision IQ Atmos, Airplay, Sprachsteuerung[2025]",https://www.amazon.de/dp/B07JL1BDWD,85.0,1399.0,1399.0,EUR,1399.0,Amazon,DE,2026-09-08T08:58:37Z,B07JL1BDWD,,,,,
Hisense,"Hisense 100U7Q Fernseher 100 Zoll, 4K Mini LED ULED, Smart TV, Hi-View AI Engine Pro, 165Hz Game Mode Ultra, FreeSync Premium, Built in Subwoofer, Dolby Vision IQ Atmos, Airplay[2025]",https://www.amazon.de/dp/B0F32LDRKP,100.0,2265.99,2265.99,EUR,2265.99,Amazon,DE,2026-09-08T08:58:37Z,B0F32LDRKP,,,,,
Panasonic,"Panasonic TN-43W70AEZ, W70-Serie 43 Zoll 4K Ultra HD LED Smart TV, 2024, Google Assistant, Chromecast, Dolby Vision & Atmos, Gaming-Modus, Bluetooth, für EIN außergewöhnliches visuelles Erlebnis",https://www.amazon.de/dp/B0D9MGL3TB,43.0,,,,,Amazon,DE,2026-09-08T08:58:37Z,B0D9MGL3TB,,,,,
Panasonic,"Panasonic -TN-50W70AEZ Televiseur, Farbe, 50"", TN-50W70AEZ",https://www.amazon.de/dp/B0D9MH3L6C,50.0,,,,,Amazon,DE,2026-09-08T08:58:37Z,B0D9MH3L6C,,,,,
Philips,Philips Ambilight TV | 55OLED708/12 | 139 cm (55 Zoll) 4K UHD OLED Fernseher | 120 Hz | HDR | Dolby Vision | Google TV | VRR | WiFi | Bluetooth | DTS:X | Sprachsteuerung,https://www.amazon.de/dp/B0C6L282L1,55.0,,,,,Amazon,DE,2026-09-08T08:58:37Z,B0C6L282L1,,,,,
Philips,"Philips Ambilight 65OLED759 4K OLED Smart TV - 65-Zoll Display mit P5 AI Perfect Picture Ultra HD, Titan OS, Dolby Vision und Dolby Atmos, Funktioniert mit Alexa und Google Sprachassistent",https://www.amazon.de/dp/B0D3VNJVHW,65.0,,,,,Amazon,DE,2026-09-08T08:58:37Z,B0D3VNJVHW,,,,,
Toshiba,Toshiba 32LF3F63DAZ Fernseher 32 Zoll Smart TV Full HD Amazon Fire TV HDR,https://www.amazon.de/dp/B0CYZRK65R,32.0,189.99,189.99,EUR,189.99,Amazon,DE,2026-09-08T08:58:37Z,B0CYZRK65R,,,,,
Toshiba,Toshiba 40LF2663DAZ Fernseher 40 Zoll Smart TV Full HD Amazon Fire TV HDR,https://www.amazon.de/dp/B0H99BJ8JF,40.0,199.99,199.99,EUR,199.99,Amazon,DE,2026-09-08T08:58:37Z,B0H99BJ8JF,,,,,
Toshiba,"Toshiba 50 Zoll Fernseher Fire TV (4K UHD Smart TV, HDR Dolby Vision, Triple-Tuner, Alexa Built-In, Sound by Onkyo) 50UF3F63DAZ",https://www.amazon.de/dp/B0DCZ8KZR9,50.0,,,,,Amazon,DE,2026-09-08T08:58:37Z,B0DCZ8KZR9,,,,,
Toshiba,"Toshiba 55 Zoll Fernseher Fire TV (4K UHD Smart TV, HDR Dolby Vision, Triple-Tuner, Alexa Built-In, Sound by Onkyo) 55UF3F63DAZ 2024",https://www.amazon.de/dp/B0DHHH6Q7B,55.0,,,,,Amazon,DE,2026-09-08T08:58:37Z,B0DHHH6Q7B,,,,,
Toshiba,"Toshiba 65 Zoll Fernseher Fire TV (4K UHD Smart TV, HDR Dolby Vision, Triple-Tuner, Alexa Built-In, Sound by Onkyo) 65UF3F63DAZ",https://www.amazon.de/dp/B0DCZ8L76W,65.0,,,,,Amazon,DE,2026-09-08T08:58:37Z,B0DCZ8L76W,,,,,
Toshiba,Toshiba 43UF3F63DAR Fernseher 43 Zoll Smart TV mit 4K UHD Amazon Fire TV,https://www.amazon.de/dp/B0DFY942V9,43.0,,,,,Amazon,DE,2026-09-08T08:58:37Z,B0DFY942V9,,,,,
Samsung,"Samsung QLED Q7F 4K Smart TV 50 Zoll (125 cm) mit AI-Vision, 100% Farbvolumen mit Quantum Dot, HDR10+, Q4 AI Prozessor, One UI Tizen, Wi-Fi, Bluetooth 5.3 und Motion...[Länderversion Ungarisch]",https://www.amazon.de/dp/B0FFSVPJ7Y,50.0,350.5,350.5,EUR,350.5,Amazon,DE,2026-09-08T08:58:37Z,B0FFSVPJ7Y,,,,,
Samsung,"Samsung QLED Q7F 4K Smart TV 75 Zoll (189 cm) mit AI-Vision, 100% Farbvolumen mit Quantum Dot, HDR10+, Q4 AI Prozessor, One UI Tizen, Wi-Fi, Bluetooth 5.3 und Motion...[Länderversion Ungarisch]",https://www.amazon.de/dp/B0FMRWNLRQ,75.0,729.0,729.0,EUR,729.0,Amazon,DE,2026-09-08T08:58:37Z,B0FMRWNLRQ,,,,,
Samsung,"SAMSUNG TV 43 Zoll QLED Q8F 4K Smart TV mit AI-Vision, 100% Farbvolumen mit Quantum Dot, authentischem Quantum Dot und Motion Xcelerator [Länderversion Spanisch]",https://www.amazon.de/dp/B0F2296XMW,43.0,,,,,Amazon,DE,2026-09-08T08:58:37Z,B0F2296XMW,,,,,
LG,"LG TV 43 Zoll (108 cm) 4K UHD AI TV 2025 (α7 Gen8 4K AI Prozessor, webOS 25, 60Hz) 43UA73006LA",https://www.amazon.de/dp/B0F2GH8L49,43.0,289.0,289.0,EUR,289.0,Amazon,DE,2026-09-08T08:58:37Z,B0F2GH8L49,,,,,
LG,"LG TV 55 Zoll (140 cm) 4K UHD AI TV 2025 (α7 Gen8 4K AI Prozessor, webOS 25, 60Hz) 55UA73006LA",https://www.amazon.de/dp/B0F2GM6FYZ,55.0,389.0,389.0,EUR,389.0,Amazon,DE,2026-09-08T08:58:37Z,B0F2GM6FYZ,,,,,
LG,"LG TV 50 Zoll (127 cm) 4K UHD AI TV 2025 (α7 Gen8 4K AI Prozessor, webOS 25, 60Hz) 50UA73006LA",https://www.amazon.de/dp/B0F3XS2DM8,50.0,319.0,319.0,EUR,319.0,Amazon,DE,2026-09-08T08:58:37Z,B0F3XS2DM8,,,,,
Philips,"Philips 24PHS6000 HD LED Smart TV - 24 Zoll Display mit Pixel Plus, Titan OS Plattform Und Dolby Digital Sound - Funktioniert Mit Alexa Und Google Sprachassistent",https://www.amazon.de/dp/B0F2N4KC8W,24.0,,,,,Amazon,DE,2026-09-08T08:58:37Z,B0F2N4KC8W,,,,,
Samsung,"Samsung Neo QLED 4K QN85F 85 Zoll (214 cm) Mini LED Fernseher, NQ4 AI Gen2 Prozessor, Quantum Matrix Plus, Neo Quantum HDR+, Dolby Atmos, Knox Security, Samsung Vision AI Smart TV",https://www.amazon.de/dp/B0F62TDM6G,85.0,2199.0,2199.0,EUR,2199.0,Amazon,DE,2026-09-08T08:58:37Z,B0F62TDM6G,,,,,
Samsung,"Samsung Neo QLED 4K QN85F 75 Zoll (189 cm) Mini LED Fernseher, NQ4 AI Gen2 Prozessor, Quantum Matrix Plus, Neo Quantum HDR+, Dolby Atmos, Knox Security, Samsung Vision AI Smart TV",https://www.amazon.de/dp/B0F66TCGGQ,75.0,,,,,Amazon,DE,2026-09-08T08:58:37Z,B0F66TCGGQ,,,,,
Samsung,"Samsung Neo QLED 4K QN85D UHD Fernseher 55 Zoll (138 cm), NQ 4K AI Gen2 Prozessor, HDR Mini LED TV, AI Upscaling, Smart TV, Dolby Atmos Sound, Gaming Hub, Motion Xcelerator 120Hz, Knox Security",https://www.amazon.de/dp/B0CZS46DSS,55.0,889.0,889.0,EUR,889.0,Amazon,DE,2026-09-08T08:58:37Z,B0CZS46DSS,,,,,
Samsung,"Samsung Neo QLED 4K QN85D UHD Fernseher 65 Zoll (163 cm), NQ AI Gen2 Prozessor, HDR Mini LED TV, Upscaling, Smart TV, Dolby Atmos Sound, Gaming Hub, Motion Xcelerator 120Hz, Knox Security, 2024",https://www.amazon.de/dp/B0CZS4LFFP,65.0,,,,,Amazon,DE,2026-09-08T08:58:37Z,B0CZS4LFFP,,,,,
LG,"LG OLED55G57LW TV 55 Zoll (139 cm) 4K OLED evo AI TV (α11 Gen2 4K AI Prozessor, webOS 25, 120Hz (VRR bis zu 165Hz)) [Modelljahr 2025]",https://www.amazon.de/dp/B0F2JFZGNY,55.0,,,,,Amazon,DE,2026-09-08T08:58:37Z,B0F2JFZGNY,,,,,
LG,"LG OLED77G57LW TV 77 Zoll (195 cm) 4K OLED evo AI TV (α11 Gen2 4K AI Prozessor, webOS 25, 120Hz (VRR bis zu 165Hz)) [Modelljahr 2025]",https://www.amazon.de/dp/B0F228BQJL,77.0,,,,,Amazon,DE,2026-09-08T08:58:37Z,B0F228BQJL,,,,,
LG,"LG OLED83G57LW TV 83 Zoll (210 cm) 4K OLED evo AI TV (α11 Gen2 4K AI Prozessor, webOS 25, 120Hz (VRR bis zu 165Hz)) [Modelljahr 2025]",https://www.amazon.de/dp/B0F222MK9R,83.0,3723.55,3723.55,EUR,3723.55,Amazon,DE,2026-09-08T08:58:37Z,B0F222MK9R,,,,,
Philips,"PHILIPS 43PUS7800 4K QLED Smart TV - 43 Zoll Display mit Pixel Precise Ultra HD, Titan OS Plattform und Dolby Atmos Sound - Funktioniert mit Alexa und Google Sprachassistent, 2025",https://www.amazon.de/dp/B0F2N687Z5,43.0,,,,,Amazon,DE,2026-09-08T08:58:37Z,B0F2N687Z5,,,,,
Philips,"Philips 50PUS7800 4K QLED Smart TV - 50 Zoll Display mit Pixel Precise Ultra HD, Titan OS Plattform und Dolby Atmos Sound - Funktioniert mit Alexa und Google Sprachassistent",https://www.amazon.de/dp/B0F2N65YPW,50.0,,,,,Amazon,DE,2026-09-08T08:58:37Z,B0F2N65YPW,,,,,
Philips,"Philips 65PUS7800 4K QLED Smart TV - 65 Zoll Display mit Pixel Precise Ultra HD, Titan OS Plattform und Dolby Atmos Sound - Funktioniert mit Alexa und Google Sprachassistent",https://www.amazon.de/dp/B0F24X1FH5,65.0,,,,,Amazon,DE,2026-09-08T08:58:37Z,B0F24X1FH5,,,,,
Philips,"Philips 75PUS7800 4K QLED Smart TV - 75 Zoll Display mit Pixel Precise Ultra HD, Titan OS Plattform und Dolby Atmos Sound - Funktioniert mit Alexa und Google Sprachassistent",https://www.amazon.de/dp/B0F24YB1JD,75.0,,,,,Amazon,DE,2026-09-08T08:58:37Z,B0F24YB1JD,,,,,
