brand_raw,raw_text,url,size_hint_inch,price_hint_eur,price_local,currency,price_eur,platform,country,scraped_at,asin,elkjop_sku,model_year,filter_year,source_brand,fx_rate_date
Samsung,"Samsung Crystal UHD 4K U7099F 43 Zoll (108 cm) LED, Optimiert für Fussball und Gaming, Prozessor 4K, AI Upscaling, SmartThings, Knox Security, Smart TV, 2025",https://www.amazon.de/dp/B0F5BR3WSK,43.0,259.0,259.0,EUR,259.0,Amazon,DE,2026-07-30T06:47:27Z,B0F5BR3WSK,,,,,
Samsung,"Samsung QLED Q7F2 4K 55 Zoll (138 cm) UHD Fernseher, Q4 AI Prozessor, Quantum Dot für Reale Farben, 4K Upscaling, Knox Security, Gaming Hub, Kostenlose Inhalte, Samsung Vision AI Smart TV",https://www.amazon.de/dp/B0F62T33BJ,55.0,389.0,389.0,EUR,389.0,Amazon,DE,2026-07-30T06:47:27Z,B0F62T33BJ,,,,,
Samsung,"Samsung Crystal UHD U8079F 4K 50 Zoll (125 cm) LED Fernseher, Crystal Prozessor 4K, MetalStream Design, SmartThings, AI Upscaling, Gaming Hub, Knox Security, Kostenlose Inhalte, Smart TV",https://www.amazon.de/dp/B0F62WYBXV,50.0,351.7,351.7,EUR,351.7,Amazon,DE,2026-07-30T06:47:27Z,B0F62WYBXV,,,,,
Samsung,"Samsung Crystal UHD U8079F 4K 55 Zoll (138 cm) LED Fernseher, Crystal Prozessor 4K, MetalStream Design, SmartThings, AI Upscaling, Gaming Hub, Knox Security, Kostenlose Inhalte, Smart TV",https://www.amazon.de/dp/B0F62VWJX3,55.0,370.71,370.71,EUR,370.71,Amazon,DE,2026-07-30T06:47:27Z,B0F62VWJX3,,,,,
Samsung,"Samsung Crystal UHD 4K U7099F 65 Zoll (163 cm) LED, Optimiert für Fussball und Gaming, Prozessor, AI Upscaling, SmartThings, Knox Security, Smart TV, 2025",https://www.amazon.de/dp/B0F5BSYQGZ,65.0,,,,,Amazon,DE,2026-07-30T06:47:27Z,B0F5BSYQGZ,,,,,
Samsung,"Samsung QLED Q8F 4K 65 Zoll (163 cm) UHD, Q4 AI Prozessor, Quantum Dot, AirSlim Design, Upscaling, Gaming Hub, Smart TV, 2025",https://www.amazon.de/dp/B0FCXFKMPZ,65.0,689.22,689.22,EUR,689.22,Amazon,DE,2026-07-30T06:47:27Z,B0FCXFKMPZ,,,,,
Samsung,"Samsung QLED Q7F 4K Smart TV 43 Zoll (108 cm) mit AI-Vision, 100% Farbvolumen mit Quantum Dot, HDR10+, Q4 AI Prozessor, One UI Tizen, Wi-Fi, Bluetooth 5.3 und Motion Xcelerator",https://www.amazon.de/dp/B0FFSRHM9L,43.0,292.73,292.73,EUR,292.73,Amazon,DE,2026-07-30T06:47:27Z,B0FFSRHM9L,,,,,
Samsung,"Samsung QLED 4K Q7FA 65 Zoll (163 cm) UHD, Q4 AI Prozessor, Quantum Dot, Upscaling, Gaming Hub, Knox Security, Smart TV, 2025",https://www.amazon.de/dp/B0F5BX12JR,65.0,529.99,529.99,EUR,529.99,Amazon,DE,2026-07-30T06:47:27Z,B0F5BX12JR,,,,,
Samsung,"Samsung Full HD F6009F 32 Zoll (81 cm) LED Flachbildfernseher, PurColor-Technologie, HDR, Object Tracking Sound Lite, Knox Security, One UI Tizen, Smart TV, Unbegrenzt kostenlose Inhalte",https://www.amazon.de/dp/B0DFVXK726,32.0,276.62,276.62,EUR,276.62,Amazon,DE,2026-07-30T06:47:27Z,B0DFVXK726,,,,,
Samsung,"Samsung Neo QLED 4K QN70F 55 Zoll (138 cm) Mini LED Fernseher, Optimiert für Fussball, NQ4 AI Gen2 Prozessor, Quantum Matrix Technology Slim, Motion Xcelerator, Samsung Vision AI Smart TV",https://www.amazon.de/dp/B0DF6PGDMT,55.0,593.92,593.92,EUR,593.92,Amazon,DE,2026-07-30T06:47:27Z,B0DF6PGDMT,,,,,
Samsung,"Samsung OLED 4K S90F 55 Zoll (138 cm), UHD Fernseher, Optimiert für Fussball und Gaming, NQ4 AI Gen3 Prozessor, OLED HDR+, 4K Upscaling Pro, Dolby Atmos, Motion Xcelerator, Samsung Vision AI Smart TV",https://www.amazon.de/dp/B0F62WB7N6,55.0,976.27,976.27,EUR,976.27,Amazon,DE,2026-07-30T06:47:27Z,B0F62WB7N6,,,,,
Samsung,"Samsung Neo QLED 4K QN85F 65 Zoll (163 cm) Mini LED Fernseher, Optimiert für Fussball, NQ4 AI Gen2 Prozessor, Quantum Matrix Plus, Dolby Atmos, Knox Security, Samsung Vision AI Smart TV",https://www.amazon.de/dp/B0DFVGG5PZ,65.0,799.0,799.0,EUR,799.0,Amazon,DE,2026-07-30T06:47:27Z,B0DFVGG5PZ,,,,,
Samsung,"Samsung QLED Q7F 4K Smart TV 55 Zoll (138 cm) mit AI-Vision, 100% Farbvolumen mit Quantum Dot, HDR10+, Q4 AI Prozessor, One UI Tizen, Wi-Fi, Bluetooth 5.3 und Motion...[Länderversion Ungarisch]",https://www.amazon.de/dp/B0FM8SY9ZK,55.0,389.44,389.44,EUR,389.44,Amazon,DE,2026-07-30T06:47:27Z,B0FM8SY9ZK,,,,,
Samsung,"Samsung Crystal U7099H 4K 50 Zoll (125 cm), UHD Fernseher, AI Companion für Deine Fragen, 4K Upscaling, Dynamik Sound Pack für Premium-Sounderlebnis, Gaming Hub, kostenlos 900 Sender, Smart AI TV",https://www.amazon.de/dp/B0GXZJW37V,50.0,419.0,419.0,EUR,419.0,Amazon,DE,2026-07-30T06:47:27Z,B0GXZJW37V,,,,,
Samsung,"Samsung QLED Q7F2 4K 65 Zoll (163 cm) UHD, Q4 AI Prozessor, Quantum Dot, Upscaling, Knox Security, Gaming Hub, Smart TV, 2025",https://www.amazon.de/dp/B0F62RTCZP,65.0,549.0,549.0,EUR,549.0,Amazon,DE,2026-07-30T06:47:27Z,B0F62RTCZP,,,,,
Samsung,"Samsung Crystal UHD 4K U80F 43 Zoll (108 cm) LED Fernseher, Crystal Prozessor 4K, MetalStream Design, SmartThings, Knox Security, Gaming Hub, AI Upscaling, Kostenlos...[Länderversion Ungarisch]",https://www.amazon.de/dp/B0FLDQF3Y7,43.0,250.79,250.79,EUR,250.79,Amazon,DE,2026-07-30T06:47:27Z,B0FLDQF3Y7,,,,,
Samsung,"Samsung QLED 4K Q6FA 55 Zoll (138 cm) UHD Fernseher, Optimiert für Fussball, 100% Farbvolumen, Quantum HDR, 4K Upscaling, 900 Sender TV Plus, Vision AI Smart TV, 2025",https://www.amazon.de/dp/B0GJTMPY2F,55.0,474.99,474.99,EUR,474.99,Amazon,DE,2026-07-30T06:47:27Z,B0GJTMPY2F,,,,,
Samsung,"Samsung Neo QLED 4K QN70F 65 Zoll (165 cm) 4K Fernseher TV mit Neural Quantum AI Gen2 Prozessor, Quantum-Matrix-Technologie Slim, Upscaling, Smart TV, 65QN70F [2025]",https://www.amazon.de/dp/B0FC32BSZ1,65.0,662.05,662.05,EUR,662.05,Amazon,DE,2026-07-30T06:47:27Z,B0FC32BSZ1,,,,,
Samsung,"Samsung Neo QLED 4K QN70F 55 Zoll (140 cm) 4K Fernseher TV mit Neural Quantum AI Gen2 Prozessor, Quantum-Matrix-Technologie Slim, Upscaling, Smart TV, 55QN70F [2025]",https://www.amazon.de/dp/B0FC33TCJX,55.0,489.97,489.97,EUR,489.97,Amazon,DE,2026-07-30T06:47:27Z,B0FC33TCJX,,,,,
Samsung,"Samsung Crystal UHD DU7170 50 Zoll Fernseher, 127 cm (50DU7170), PurColor, Crystal Prozessor 4K, Q-Symphony, Smart TV [2024]",https://www.amazon.de/dp/B0D5DJF9QQ,50.0,318.83,318.83,EUR,318.83,Amazon,DE,2026-07-30T06:47:27Z,B0D5DJF9QQ,,,,,
Samsung,"Samsung QLED Q7F 4K Smart TV 50 Zoll (125 cm) mit AI-Vision, 100% Farbvolumen mit Quantum Dot, HDR10+, Q4 AI Prozessor, One UI Tizen, Wi-Fi, Bluetooth 5.3 und Motion...[Länderversion Ungarisch]",https://www.amazon.de/dp/B0FFSVPJ7Y,50.0,315.0,315.0,EUR,315.0,Amazon,DE,2026-07-30T06:47:27Z,B0FFSVPJ7Y,,,,,
Samsung,"Samsung Full HD TV 24F6000 24 Zoll (61cm) Fernseher, Smart-TV inkl WLAN, HDR 10+, Triple Tuner, UE24F6000FU [2025] [Länderversion Niederländisch]",https://www.amazon.de/dp/B0FV3GPLK5,24.0,,,,,Amazon,DE,2026-07-30T06:47:27Z,B0FV3GPLK5,,,,,
Samsung,"Samsung QLED 4K Q6FA 75 Zoll (189 cm) UHD Fernseher, 100% Farbvolumen für satte Farben, Quantum HDR, 4K Upscaling, Knox Security, Kostenlos 900 Sender TV Plus, Samsung Vision AI Smart TV",https://www.amazon.de/dp/B0FKTKVZ2J,75.0,742.05,742.05,EUR,742.05,Amazon,DE,2026-07-30T06:47:27Z,B0FKTKVZ2J,,,,,
Samsung,"Samsung Crystal UHD 4K U80F 55 Zoll (138 cm) LED Fernseher, Crystal Prozessor 4K, MetalStream Design, SmartThings, Knox Security, Gaming Hub, AI Upscaling, Kostenlos...[Länderversion Ungarisch]",https://www.amazon.de/dp/B0FLJYHB8D,55.0,384.8,384.8,EUR,384.8,Amazon,DE,2026-07-30T06:47:27Z,B0FLJYHB8D,,,,,
Samsung,"Samsung Crystal UHD 4K DU9079 Fernseher 98 Zoll (249 cm), AI mit Gaming-Hub, Fussball-optimiertes Heimkino, Smart TV mit Alexa, Knox Security, 3D Surround Sound & Q-Symphony, KI TV",https://www.amazon.de/dp/B0CZS4X2S8,98.0,1389.0,1389.0,EUR,1389.0,Amazon,DE,2026-07-30T06:47:27Z,B0CZS4X2S8,,,,,
Samsung,"Samsung OLED 4K S85F 65 Zoll (163 cm) UHD Fernseher, NQ4 AI Gen2 Prozessor,4K Upscaling, OLED HDR, Farben Pantone validiert, Dolby Atmos, Gaming-Hub, Knox Security, Samsung Vision AI Smart TV",https://www.amazon.de/dp/B0DF8SM66W,65.0,1049.0,1049.0,EUR,1049.0,Amazon,DE,2026-07-30T06:47:27Z,B0DF8SM66W,,,,,
Samsung,"Samsung QLED Q8F 4K 55 Zoll (138 cm) UHD Fernseher, Q4 AI Prozessor, Quantum Dot für Reale Farben, AirSlim Design, 4K Upscaling, Gaming Hub, Kostenlose Inhalte, Samsung Vision AI Smart TV",https://www.amazon.de/dp/B0FCX5NT4S,55.0,502.6,502.6,EUR,502.6,Amazon,DE,2026-07-30T06:47:27Z,B0FCX5NT4S,,,,,
Samsung,"Samsung QLED Q7F4 4K 65 Zoll UHD Fernseher, Q4 AI Prozessor, Quantum Dot Für Reale Farben, Upscaling, Knox Security, Adaptive Sound, Samsung Vision Smart TV, 65Q7F (2025), 165 Cm",https://www.amazon.de/dp/B0FFB4LJ94,65.0,535.0,535.0,EUR,535.0,Amazon,DE,2026-07-30T06:47:27Z,B0FFB4LJ94,,,,,
Samsung,"Samsung The Frame LS03F 4K QLED 65 Zoll (163 cm) UHD, NQ4 AI Gen2 Prozessor, Art Mode, Artful Picture Quality, One Connect Kabel, Smart TV, 2025",https://www.amazon.de/dp/B0F62T7RFM,65.0,899.0,899.0,EUR,899.0,Amazon,DE,2026-07-30T06:47:27Z,B0F62T7RFM,,,,,
Samsung,"Samsung Neo QLED 4K QN70F 85 Zoll (214 cm) Mini LED Fernseher, NQ4 AI Gen2 Prozessor, Quantum Matrix Technology Slim, Motion Xcelerator 144Hz, AirSlim Design, Samsung Vision AI Smart TV",https://www.amazon.de/dp/B0DFVWLJSG,85.0,1602.74,1602.74,EUR,1602.74,Amazon,DE,2026-07-30T06:47:27Z,B0DFVWLJSG,,,,,
Samsung,"Samsung LED Smart TV UE32H5002F, 80 cm, HD, HDR, Class F, Model 2025",https://www.amazon.de/dp/B0FBMDBDWN,32.0,218.0,218.0,EUR,218.0,Amazon,DE,2026-07-30T06:47:27Z,B0FBMDBDWN,,,,,
Samsung,"Samsung Neo QLED 4K QN90F 55 Zoll (138 cm) Mini LED Fernseher, Antireflexion, NQ4 AI Gen3 Prozessor, Neo Quantum HDR+, 4K Upscaling Pro, Dolby Atmos, Knox Security, Samsung Vision AI Smart TV",https://www.amazon.de/dp/B0DFVV8V7N,55.0,999.0,999.0,EUR,999.0,Amazon,DE,2026-07-30T06:47:27Z,B0DFVV8V7N,,,,,
Samsung,"Samsung OLED 4K S90F 48 Zoll (121 cm), UHD Fernseher, NQ4 AI Gen3 Prozessor, OLED HDR, 4K Upscaling Pro, Dolby Atmos, Gaming Hub, Motion Xcelerator 144Hz, Samsung Vision AI Smart TV",https://www.amazon.de/dp/B0F62PX9XD,48.0,937.17,937.17,EUR,937.17,Amazon,DE,2026-07-30T06:47:27Z,B0F62PX9XD,,,,,
Samsung,"Samsung Crystal UHD Fernseher 4K DU7179, 43 Zoll (108 cm), PurColor, Upscaling, Gaming Hub, Prozessor, Tizen OS, Smart TV, Alexa, 3D Surround Sound & Q-Symphony, 2024",https://www.amazon.de/dp/B0CZS1YTCF,43.0,,,,,Amazon,DE,2026-07-30T06:47:27Z,B0CZS1YTCF,,,,,
Samsung,"Samsung Crystal UHD 4K DU8070 Fernseher 65 Zoll, (165 cm) Samsung TV mit Dynamic Crystal Color, 4K Upscaling, AirSlim Design, Smart TV, 65DU8070U [2024]",https://www.amazon.de/dp/B0D54HY1LC,65.0,613.66,613.66,EUR,613.66,Amazon,DE,2026-07-30T06:47:27Z,B0D54HY1LC,,,,,
Samsung,"Samsung Series 4 UE32T4302AE 81,3 cm (32"") HD Smart TV WiFi Noir",https://www.amazon.de/dp/B0C277D7N8,32.0,,,,,Amazon,DE,2026-07-30T06:47:27Z,B0C277D7N8,,,,,
Samsung,"Samsung Crystal UHD 4K U80F 50 Zoll (125 cm) LED Fernseher, Crystal Prozessor 4K, MetalStream Design, SmartThings, Knox Security, Gaming Hub, AI Upscaling, Koste... [Ungarische Version]",https://www.amazon.de/dp/B0FMF8VJB1,50.0,,,,,Amazon,DE,2026-07-30T06:47:27Z,B0FMF8VJB1,,,,,
Hisense,"Hisense 40E4QT Fehrnseher, 40 Zoll, DLED, Smart TV, Game Mode, AI Sports Mode, Dolby Audio, Dolby MS12, DTS Virtual X, HDR10, HLG, Full HD, High Contrast, Rauschunterdrückung [2025]",https://www.amazon.de/dp/B0F9YRTQTP,40.0,,,,,Amazon,DE,2026-07-30T06:47:27Z,B0F9YRTQTP,,,,,
Samsung,"Samsung Neo QLED 4K QN90F 50 Zoll (125 cm) Mini LED Fernseher, Antireflexion, NQ4 AI Gen3 Prozessor, Neo Quantum HDR, 4K Upscaling Pro, Dolby Atmos, Knox Security, Samsung Vision AI Smart TV",https://www.amazon.de/dp/B0DFVHCWC1,50.0,759.0,759.0,EUR,759.0,Amazon,DE,2026-07-30T06:47:27Z,B0DFVHCWC1,,,,,
Samsung,"Samsung Mini LED M70H 4K 65 Zoll (163 cm), UHD Fernseher, Mini LED HDR für beeindruckende Details, Motion Xcelerator 144Hz, Dynamik Sound Pack, AI Companion für Fragen, kostenlos 900 Sender, Smart TV",https://www.amazon.de/dp/B0GXZPQL27,65.0,699.0,699.0,EUR,699.0,Amazon,DE,2026-07-30T06:47:27Z,B0GXZPQL27,,,,,
TCL,"TCL 55T8C 55 Zoll QLED 4K HDR UHD Fernseher, Smart Google TV Dolby Vision & Atmos, 144Hz Motion Clarity Pro, Game Bar, ALLM, FreeSync, Onkyo 2.1 Sound, Sprachsteuerung, Kompatibel mit Google Assistant",https://www.amazon.de/dp/B0DV9JP49P,55.0,,,,,Amazon,DE,2026-07-30T06:47:27Z,B0DV9JP49P,,,,,
Samsung,"Samsung QLED Q8F 4K Smart TV 50 Zoll (125 cm) mit AI-Vision, 100% Farbvolumen mit Quantum Dot, HDR10+, Q4 AI Prozessor, One UI Tizen, Wi-Fi, Bluetooth 5.3 und Motion...[Länderversion Ungarisch]",https://www.amazon.de/dp/B0FMF6NL7V,50.0,443.91,443.91,EUR,443.91,Amazon,DE,2026-07-30T06:47:27Z,B0FMF6NL7V,,,,,
Samsung,"Samsung Neo QLED 4K QN80F Mini LED TV, NQ4 AI Gen2 Processor, Quantum Matrix Technology Slim, Motion Xcelerator 144hz, Airslim Design, 163 Cm, 65 Inch",https://www.amazon.de/dp/B0FMY8JRPW,65.0,699.0,699.0,EUR,699.0,Amazon,DE,2026-07-30T06:47:27Z,B0FMY8JRPW,,,,,
Samsung,"Samsung QLED 4K Q60A TV 43 Zoll (GQ43Q60AAUXZG), Quantum HDR, Quantum Prozessor Lite 4K, 100% Farbvolumen [2021]",https://www.amazon.de/dp/B092R8T45C,43.0,,,,,Amazon,DE,2026-07-30T06:47:27Z,B092R8T45C,,,,,
Samsung,"Samsung Mini LED M70H 4K 43 Zoll (108 cm), UHD Fernseher, Mini LED HDR für beeindruckende Details, Motion Xcelerator 144Hz, Dynamik Sound Pack, AI Companion für Fragen, kostenlos 900 Sender, Smart TV",https://www.amazon.de/dp/B0GXZPJ971,43.0,369.0,369.0,EUR,369.0,Amazon,DE,2026-07-30T06:47:27Z,B0GXZPJ971,,,,,
Samsung,"Samsung Neo QLED 4K QN70F 75 Zoll (191 cm) 4K Fernseher TV mit Neural Quantum AI Gen2 Prozessor, Quantum-Matrix-Technologie Slim, Upscaling, Smart TV, 75QN70F [2025]",https://www.amazon.de/dp/B0FC35H3ND,75.0,882.75,882.75,EUR,882.75,Amazon,DE,2026-07-30T06:47:27Z,B0FC35H3ND,,,,,
Samsung,"Samsung QLED Q8F 4K Smart TV 75 Zoll (189 cm) mit AI-Vision, 100% Farbvolumen mit Quantum Dot, HDR10+, Q4 AI Prozessor, One UI Tizen, Wi-Fi, Bluetooth 5.3 und Motion...[Länderversion Ungarisch]",https://www.amazon.de/dp/B0FHXMLHHK,75.0,669.0,669.0,EUR,669.0,Amazon,DE,2026-07-30T06:47:27Z,B0FHXMLHHK,,,,,
Samsung,"Samsung Neo QLED 4K QN80F 55 Zoll (138 cm) Mini LED Fernseher, NQ4 AI Gen2 Prozessor, Quantum Matrix Technology Core, 4K Upscaling, Dolby Atmos, Knox Security, Samsung Vision AI Smart TV",https://www.amazon.de/dp/B0DFVNKP7B,55.0,663.92,663.92,EUR,663.92,Amazon,DE,2026-07-30T06:47:27Z,B0DFVNKP7B,,,,,
Samsung,"Samsung QLED Q8F 4K Smart TV 55 Zoll (138 cm) mit AI-Vision, 100% Farbvolumen mit Quantum Dot, HDR10+, Q4 AI Prozessor, One UI Tizen, Wi-Fi, Bluetooth 5.3 und Motion...[Länderversion Ungarisch]",https://www.amazon.de/dp/B0FM989471,55.0,459.0,459.0,EUR,459.0,Amazon,DE,2026-07-30T06:47:27Z,B0FM989471,,,,,
Samsung,"Samsung QLED FullHD The Frame 32 Zoll Fernseher (GQ32LS03CBUXZG, Deutsches Modell), mattes Display, austauschbare Rahmen, Art Mode, Smart TV [2023]",https://www.amazon.de/dp/B0BXTB8N28,32.0,362.17,362.17,EUR,362.17,Amazon,DE,2026-07-30T06:47:27Z,B0BXTB8N28,,,,,
Xiaomi,"Xiaomi TV F 32, 32 Zoll (81 cm), HD, Smart TV, Fire OS7, Triple Tuner DVB-C/S/S2/T/T2, Dolby Audio™, DTS Virtual:X, DTS-HD, Sprachsteuerung mit Alexa, Kompatibel mit Apple AirPlay",https://www.amazon.de/dp/B0F4548TCQ,32.0,139.0,139.0,EUR,139.0,Amazon,DE,2026-07-30T06:47:27Z,B0F4548TCQ,,,,,
Samsung,"Samsung Crystal UHD DU7170 55 Zoll Fernseher, 140 cm (55DU7170), PurColor, Crystal Prozessor 4K, Q-Symphony, Smart TV [2024]",https://www.amazon.de/dp/B0D4ZLKNRF,55.0,334.44,334.44,EUR,334.44,Amazon,DE,2026-07-30T06:47:27Z,B0D4ZLKNRF,,,,,
Samsung,"Samsung QLED 4K Q60D 50 Zoll Fernseher Mit Quantum Prozessor Lite, 100% Farbvolumen, Upscaling, Tizen OS, Smart TV, 50Q60D [2024]",https://www.amazon.de/dp/B0D9LVG3SG,50.0,399.55,399.55,EUR,399.55,Amazon,DE,2026-07-30T06:47:27Z,B0D9LVG3SG,,,,,
Philips,"Philips 32PHS6000 HD LED Smart TV - 32 Zoll Display mit Pixel Plus, Titan OS Plattform Und Dolby Digital Sound - Funktioniert Mit Alexa Und Google Sprachassistent, 2025",https://www.amazon.de/dp/B0F2N4N53N,32.0,,,,,Amazon,DE,2026-07-30T06:47:27Z,B0F2N4N53N,,,,,
Samsung,"Samsung QLED Q7F 4K Smart TV 65 Zoll (163 cm) mit AI-Vision, 100% Farbvolumen mit Quantum Dot, HDR10+, Q4 AI Prozessor, One UI Tizen, Wi-Fi, Bluetooth 5.3 und Motion...[Länderversion Ungarisch]",https://www.amazon.de/dp/B0FMRZZJ9Z,65.0,529.0,529.0,EUR,529.0,Amazon,DE,2026-07-30T06:47:27Z,B0FMRZZJ9Z,,,,,
Samsung,"Samsung QLED Q7F 4K Smart TV 75 Zoll (189 cm) mit AI-Vision, 100% Farbvolumen mit Quantum Dot, HDR10+, Q4 AI Prozessor, One UI Tizen, Wi-Fi, Bluetooth 5.3 und Motion...[Länderversion Ungarisch]",https://www.amazon.de/dp/B0FMRWNLRQ,75.0,659.0,659.0,EUR,659.0,Amazon,DE,2026-07-30T06:47:27Z,B0FMRWNLRQ,,,,,
Samsung,"Samsung Crystal UHD DU7170 43 Zoll Fernseher, 109 cm (43DU7170), PurColor, Crystal Prozessor 4K, Q-Symphony, Smart TV [2024]",https://www.amazon.de/dp/B0D5RHK9TS,43.0,245.35,245.35,EUR,245.35,Amazon,DE,2026-07-30T06:47:27Z,B0D5RHK9TS,,,,,
Samsung,"Samsung OLED 4K S90F 55 Zoll (140 cm), UHD Fernseher, NQ4 AI Gen3 Prozessor, OLED HDR+, 4K Upscaling Pro, Dolby Atmos, Gaming Hub, Motion Xcelerator 144Hz, Samsung Vision AI Smart TV, 55S90F",https://www.amazon.de/dp/B0FC3M6PW1,55.0,815.0,815.0,EUR,815.0,Amazon,DE,2026-07-30T06:47:27Z,B0FC3M6PW1,,,,,
Samsung,"Samsung RU7179 108 cm (43 Zoll) LED Fernseher (Ultra HD, HDR, Triple Tuner, Smart TV) [Modelljahr 2019]",https://www.amazon.de/dp/B07PGBHP37,43.0,329.0,329.0,EUR,329.0,Amazon,DE,2026-07-30T06:47:27Z,B07PGBHP37,,,,,
Samsung,Samsung 50 Zoll Mini LED M1EH 4K Samsung Vision AI Smart TV (2026),https://www.amazon.de/dp/B0H5P9P2GX,50.0,499.0,499.0,EUR,499.0,Amazon,DE,2026-07-30T06:47:27Z,B0H5P9P2GX,,,,,
Samsung,"Samsung OLED 4K S90F 65 Zoll (165 cm), UHD Fernseher, NQ4 AI Gen3 Prozessor, OLED HDR+, 4K Upscaling Pro, Dolby Atmos, Gaming Hub, Motion Xcelerator 144Hz, Samsung V...[Länderversion Niederländisch]",https://www.amazon.de/dp/B0FP51R6WF,65.0,1155.85,1155.85,EUR,1155.85,Amazon,DE,2026-07-30T06:47:27Z,B0FP51R6WF,,,,,
Samsung,"Samsung QLED Q7F4 4K 75 Zoll (191 cm) UHD Fernseher, Q4 AI Prozessor, Quantum Dot für Reale Farben, 4K Upscaling, Knox Security, Adaptive Sound, Samsung Vision AI Smart TV, 75Q7F (2025)",https://www.amazon.de/dp/B0FFB5LGJ6,75.0,719.0,719.0,EUR,719.0,Amazon,DE,2026-07-30T06:47:27Z,B0FFB5LGJ6,,,,,
Samsung,"Samsung TU7079 108 cm (43 Zoll) LED Fernseher (Ultra HD, HDR 10+, Triple Tuner, Smart TV) [Modelljahr 2020]",https://www.amazon.de/dp/B085L8SQ9N,43.0,295.79,295.79,EUR,295.79,Amazon,DE,2026-07-30T06:47:27Z,B085L8SQ9N,,,,,
Samsung,"Samsung QLED Q7F4 4K 50 Zoll (127 cm) UHD Fernseher, Q4 AI Prozessor, Quantum Dot für Reale Farben, 4K Upscaling, Knox Security, Adaptive Sound, Samsung Vis... [Niederländische Version]",https://www.amazon.de/dp/B0FFB4S5MB,50.0,315.0,315.0,EUR,315.0,Amazon,DE,2026-07-30T06:47:27Z,B0FFB4S5MB,,,,,
Samsung,"SAMSUNG TV 43 Zoll QLED Q8F 4K Smart TV mit AI-Vision, 100% Farbvolumen mit Quantum Dot, authentischem Quantum Dot und Motion Xcelerator [Länderversion Spanisch]",https://www.amazon.de/dp/B0F2296XMW,43.0,323.83,323.83,EUR,323.83,Amazon,DE,2026-07-30T06:47:27Z,B0F2296XMW,,,,,
Samsung,LED-Fernseher SAMSUNG 43AU7020 43 Zoll (108 cm) Crystal UHD 4K 3840 x 2160 HDR Smart TV Gaming HUB 3 x HDMI,https://www.amazon.de/dp/B0CZ47SPT3,43.0,249.11,249.11,EUR,249.11,Amazon,DE,2026-07-30T06:47:27Z,B0CZ47SPT3,,,,,
Samsung,Samsung UE43CU7172,https://www.amazon.de/dp/B0C279SDLR,43.0,249.0,249.0,EUR,249.0,Amazon,DE,2026-07-30T06:47:27Z,B0C279SDLR,,,,,
Samsung,"Samsung QLED Q8F 4K Smart TV 65 Zoll (163 cm) mit AI-Vision, 100% Farbvolumen mit Quantum Dot, HDR10+, Q4 AI Prozessor, One UI Tizen, Wi-Fi, Bluetooth 5.3 und Motion...[Länderversion Ungarisch]",https://www.amazon.de/dp/B0FMS1KLC8,65.0,583.0,583.0,EUR,583.0,Amazon,DE,2026-07-30T06:47:27Z,B0FMS1KLC8,,,,,
Samsung,"Samsung Neo QLED 4K QN90F 43 Zoll (109 cm) 4K Fernseher, TV mit Neural Quantum AI Gen3 Prozessor, Quantum-Matrix-Technologie Plus, AI Upscaling Pro, Smart TV, 43QN90F [2025]",https://www.amazon.de/dp/B0FC2FF8W6,43.0,669.9,669.9,EUR,669.9,Amazon,DE,2026-07-30T06:47:27Z,B0FC2FF8W6,,,,,
Samsung,Samsung F6002F Smart TV 27 Zoll Full HD LED DVB-T2/S2/C HD HDR WiFi Bluetooth VESA 2025 [Ungarische Version],https://www.amazon.de/dp/B0FTFSJDYQ,27.0,272.31,272.31,EUR,272.31,Amazon,DE,2026-07-30T06:47:27Z,B0FTFSJDYQ,,,,,
Samsung,"Samsung Neo QLED 4K QN80F 55 Zoll (138 cm) Mini LED Fernseher, NQ4 AI Gen2 Prozessor, Quantum Matrix Technology Slim, Motion Xcelerator 144Hz, AirSlim Design, Samsun...[Länderversion Ungarisch]",https://www.amazon.de/dp/B0FMY7DGWK,55.0,509.0,509.0,EUR,509.0,Amazon,DE,2026-07-30T06:47:27Z,B0FMY7DGWK,,,,,
Samsung,"Samsung OLED S95F 77 Zoll (195 cm) 4K, NQ4 AI Gen3 Prozessor, OLED HDR Pro, Gaming Hub, Motion Xcelerator 165Hz, Upscaling, Dolby Atmos, Smart TV, 2025",https://www.amazon.de/dp/B0F62WKPXD,77.0,,,,,Amazon,DE,2026-07-30T06:47:27Z,B0F62WKPXD,,,,,
Samsung,"Samsung TV 43 Zoll (108 cm) QLED Q7F 4K Smart TV mit AI-Vision, 100% Farbvolumen mit Quantum Dot, HDR10+, Q4 AI Prozessor, One UI Tizen, Wi-Fi, Bluetooth 5.3 und Mot...[Länderversion Ungarisch]",https://www.amazon.de/dp/B0FM3ZTMKS,43.0,290.78,290.78,EUR,290.78,Amazon,DE,2026-07-30T06:47:27Z,B0FM3ZTMKS,,,,,
Samsung,"Samsung Neo QLED QN70H 4K 43 Zoll (108 cm) Fernseher, Quantum-Mini-LED für ultrafeine Kontraste, 4K AI Gen2 Prozessor, Motion Xcelerator 144 Hz, AI Companion, Dynamic Sound Pack, Gaming Hub, Smart TV",https://www.amazon.de/dp/B0H3KJH64R,43.0,566.56,566.56,EUR,566.56,Amazon,DE,2026-07-30T06:47:27Z,B0H3KJH64R,,,,,
Samsung,"Samsung Neo QLED 4K QN90F 50 Zoll (127 cm) 4K Fernseher, TV mit Neural Quantum AI Gen3 Prozessor, Quantum-Matrix-Technologie Plus, AI Upscaling Pro, Smart TV, 50QN90F [2025]",https://www.amazon.de/dp/B0FC2DKRLN,50.0,694.5,694.5,EUR,694.5,Amazon,DE,2026-07-30T06:47:27Z,B0FC2DKRLN,,,,,
Samsung,"Samsung Neo QLED 4K QN70F 65 Zoll (163 cm) Mini LED Fernseher, NQ4 AI Gen2 Prozessor, Quantum Matrix Technology Slim, Motion Xcelerator 144Hz, AirSlim Design, Samsun...[Länderversion Ungarisch]",https://www.amazon.de/dp/B0FHXPNHGR,65.0,729.9,729.9,EUR,729.9,Amazon,DE,2026-07-30T06:47:27Z,B0FHXPNHGR,,,,,
Samsung,"Samsung QE32Q5FAAUXZT Smart-TV, 32 Zoll Full HD QLED DVB-T2 CI+ HbbTV Energieeffizienzklasse F",https://www.amazon.de/dp/B0H4MHNH14,32.0,318.0,318.0,EUR,318.0,Amazon,DE,2026-07-30T06:47:27Z,B0H4MHNH14,,,,,
Samsung,"Samsung TV 24"" LED FHD 4K SmartTV TU24F6005FKXXC [Länderversion Französisch, Spanisch, Portugiesisch]...[Länderversion Französisch, Spanisch, Portugiesisch]",https://www.amazon.de/dp/B0F22BB8VV,24.0,174.65,174.65,EUR,174.65,Amazon,DE,2026-07-30T06:47:27Z,B0F22BB8VV,,,,,
Samsung,"Samsung Neo QLED 4K QN90D Fernseher 50 Zoll, Neural Quantum 4K AI Gen2 Prozessor, Mini LED TV, AI Upscaling, Smart TV, Dolby Atmos, Gaming Hub, GQ50QN90DATXZG, Deutsches Modell",https://www.amazon.de/dp/B0CZS1XHGV,50.0,989.57,989.57,EUR,989.57,Amazon,DE,2026-07-30T06:47:27Z,B0CZS1XHGV,,,,,
Samsung,Samsung 55 Zoll OLED S82H 4K Samsung Vision AI Smart TV (2026),https://www.amazon.de/dp/B0H5DBLBS2,55.0,1299.0,1299.0,EUR,1299.0,Amazon,DE,2026-07-30T06:47:27Z,B0H5DBLBS2,,,,,
Samsung,"Samsung Series 7 UE43CU7092U Crystal UHD Smart TV 109,2 cm (43"""")",https://www.amazon.de/dp/B0CYTDD425,43.0,249.56,249.56,EUR,249.56,Amazon,DE,2026-07-30T06:47:27Z,B0CYTDD425,,,,,
Samsung,"Samsung Mini LED 2026: M70H / M80H 4K UHD Fernseher, Mini LED Prozessor 4K, AI Companion für Fragen, Pure Spectrum Color, Dynamic SoundPack, Gaming Hub, Knox Security, Smart TV (50 Zoll, 2026: M70)",https://www.amazon.de/dp/B0H33D2SFV,50.0,406.85,406.85,EUR,406.85,Amazon,DE,2026-07-30T06:47:27Z,B0H33D2SFV,,,,,
Samsung,"Samsung Crystal UHD 2026 Fernseher, AI Companion für Deine Fragen, 4K Upscaling, Dynamik Sound Pack für Premium-Sound, Gaming Hub, Knox Security, bis zu 900 Sender, Smart AI TV",https://www.amazon.de/dp/B0H5KBWMKK,43.0,319.0,319.0,EUR,319.0,Amazon,DE,2026-07-30T06:47:27Z,B0H5KBWMKK,,,,,
Samsung,"Samsung TU8079 108 cm (43 Zoll) LED Fernseher (Ultra HD, HDR10+, Triple Tuner, Smart TV) [Modelljahr 2020]",https://www.amazon.de/dp/B085L2FVVK,43.0,295.79,295.79,EUR,295.79,Amazon,DE,2026-07-30T06:47:27Z,B085L2FVVK,,,,,
Samsung,"Samsung QLED Q70D 55 Zoll Fernseher TV Mit Quantum Prozessor 4K, Farbvolumen,ai Upscaling, Tizen OS, Smart TV, 55q70d, [2024], 140 Cm",https://www.amazon.de/dp/B0D54K972K,55.0,490.69,490.69,EUR,490.69,Amazon,DE,2026-07-30T06:47:27Z,B0D54K972K,,,,,
Samsung,"Samsung The Frame LS03F 4K QLED 65 Zoll (165 cm) UHD Fernseher, Modern Frame Design, NQ4 AI Gen2 Prozessor, Art Mode, Artful Picture Quality, One Connect Box, Vision Smart TV, 65LS03FA (2025)",https://www.amazon.de/dp/B0FFBJCVSW,65.0,834.7,834.7,EUR,834.7,Amazon,DE,2026-07-30T06:47:27Z,B0FFBJCVSW,,,,,
Samsung,"Samsung QLED 4K Q64D Fernseher 65 Zoll, Quantum Prozessor Lite, 100% Farbvolumen, Upscaling, Motion Xcelerator, Smart TV, GQ65Q64DAUXZG, Deutsches Modell, 2024",https://www.amazon.de/dp/B0D1GTWJK9,65.0,,,,,Amazon,DE,2026-07-30T06:47:27Z,B0D1GTWJK9,,,,,
Samsung,"Samsung 43-Inch Class QLED Q7F2 Series Samsung Vision AI Smart TV (2025 Model, 43Q7F2)",https://www.amazon.de/dp/B0F63QCT2T,43.0,293.8,293.8,EUR,293.8,Amazon,DE,2026-07-30T06:47:27Z,B0F63QCT2T,,,,,
Samsung,"Samsung UE65F8000 165cm (65 Zoll) 3D LED-Backlight-Fernseher (Full HD, 1000Hz CMR, DVB-T/C/S2, CI+, Smart TV, HbbTV, Sprachsteuerung) schwarz",https://www.amazon.de/dp/B00DYQIU5O,65.0,400.0,400.0,EUR,400.0,Amazon,DE,2026-07-30T06:47:27Z,B00DYQIU5O,,,,,
Samsung,"Samsung Neo QLED 4K QN85D 65 Zoll Fernseher Mit Neural Quantum AI Gen2 Prozessor, Quantum-Matrix-Technologie, AI Upscaling, Smart TV, KI TV, 65QN85D [2024] [Länderversion Niederländisch]",https://www.amazon.de/dp/B0DG2L9C2F,65.0,868.45,868.45,EUR,868.45,Amazon,DE,2026-07-30T06:47:27Z,B0DG2L9C2F,,,,,
Samsung,"Samsung OLED 4K S91F 77 Zoll (195 cm), UHD Fernseher, NQ4 AI Gen3 Prozessor, OLED HDR+, 4K Upscaling Pro, Dolby Atmos, Gaming Hub, Motion Xcelerator 144Hz, Samsung Vision AI Smart TV",https://www.amazon.de/dp/B0FVY8PMKN,77.0,1874.99,1874.99,EUR,1874.99,Amazon,DE,2026-07-30T06:47:27Z,B0FVY8PMKN,,,,,
Samsung,"Samsung OLED S90H 4K 65 Zoll (163 cm), UHD Fernseher, Antireflexion mit Glare Free, OLED HDR+, Ultimate Gaming Pack (NVIDIA G-SYNC & AMD FreeSync Pro) mit 165Hz, HDMI 2.1, Dolby Atmos, Smart AI TV",https://www.amazon.de/dp/B0GXZLZD3H,65.0,3199.0,3199.0,EUR,3199.0,Amazon,DE,2026-07-30T06:47:27Z,B0GXZLZD3H,,,,,
Samsung,"Samsung QLED Q8F 4K Smart TV 85 Zoll (214 cm) mit AI-Vision, 100% Farbvolumen mit Quantum Dot, HDR10+, Q4 AI Prozessor, One UI Tizen, Wi-Fi, Bluetooth 5.3 und Motion...[Länderversion Ungarisch]",https://www.amazon.de/dp/B0FHXK9QHX,85.0,1025.0,1025.0,EUR,1025.0,Amazon,DE,2026-07-30T06:47:27Z,B0FHXK9QHX,,,,,
Samsung,"Samsung QLED FHD QE32Q50A 81,3 cm (32 Zoll) Smart TV WLAN Schwarz [Länderversion Niederländisch]",https://www.amazon.de/dp/B0CPPQJG69,32.0,,,,,Amazon,DE,2026-07-30T06:47:27Z,B0CPPQJG69,,,,,
Samsung,"Samsung T5370CD 32 Zoll LED-Fernseher, Full HD, Smart TV (UE32T5370CD), 2023, HDR, PurColor",https://www.amazon.de/dp/B0CQMJDVYK,32.0,,,,,Amazon,DE,2026-07-30T06:47:27Z,B0CQMJDVYK,,,,,
Samsung,"Samsung QLED Q70D 65 Zoll (165 cm) Fernseher TV mit Quantum Prozessor 4K, 100% Farbvolumen,AI Upscaling, Tizen OS, Smart TV, 65Q70D, [2024]",https://www.amazon.de/dp/B0D3M71F9P,65.0,822.31,822.31,EUR,822.31,Amazon,DE,2026-07-30T06:47:27Z,B0D3M71F9P,,,,,
Samsung,"Samsung QE43Q8FA 43 Zoll (108 cm) QLED 4K UHD Smart TV, Edge LED, 3840 x 2160 Pixel, 60Hz, HDR10+, Q4 AI Prozessor, One UI Tizen, 16:9 [Länderversion Ungarisch]",https://www.amazon.de/dp/B0FM94TKK1,43.0,321.61,321.61,EUR,321.61,Amazon,DE,2026-07-30T06:47:27Z,B0FM94TKK1,,,,,
Samsung,"Samsung OLED S95H 4K 65 Zoll (163 cm), UHD Fernseher, Antireflexion mit Glare Free, OLED HDR pro, Ultimate Gaming Pack (NVIDIA G-SYNC & AMD FreeSync Pro) mit 165Hz, HDMI 2.1, Dolby Atmos, Smart AI TV",https://www.amazon.de/dp/B0GXZLQJ48,65.0,2699.0,2699.0,EUR,2699.0,Amazon,DE,2026-07-30T06:47:27Z,B0GXZLQJ48,,,,,
Samsung,"Samsung Neo QLED 4K QN70F 85 Zoll (216 cm) 4K Fernseher TV mit Neural Quantum AI Gen2 Prozessor, Quantum-Matrix-Technologie Slim, Upscaling, Smart TV, 85QN70F [2025]",https://www.amazon.de/dp/B0FC33PRPD,85.0,1368.0,1368.0,EUR,1368.0,Amazon,DE,2026-07-30T06:47:27Z,B0FC33PRPD,,,,,
Samsung,"Samsung OLED TV 4K S90D 55 Zoll (138 cm), Fernseher mit NQ AI Gen2 Prozessor, OLED HDR+, 4K AI Bildverbesserung, Gaming Hub bis 144Hz, Dolby Atmos Sound, OTS Lite, Knox Security, Smart KI TV",https://www.amazon.de/dp/B0D6RZGC3P,55.0,965.0,965.0,EUR,965.0,Amazon,DE,2026-07-30T06:47:27Z,B0D6RZGC3P,,,,,
Samsung,Samsung Smart TV TU43DU7105 4K Ultra HD LED 43 Zoll,https://www.amazon.de/dp/B0D2LJMNXG,43.0,249.78,249.78,EUR,249.78,Amazon,DE,2026-07-30T06:47:27Z,B0D2LJMNXG,,,,,
Samsung,"Samsung The Frame LS03F 4K QLED 55 Zoll (138 cm) UHD Fernseher, Modern Frame Design, NQ4 AI Gen2 Prozessor, Art Mode, Artful Picture Quality, One Connect Kabel, Sams...[Länderversion Ungarisch]",https://www.amazon.de/dp/B0FM8QJ5TD,55.0,698.93,698.93,EUR,698.93,Amazon,DE,2026-07-30T06:47:27Z,B0FM8QJ5TD,,,,,
Samsung,"Samsung Neo QLED 4K QN85F 65 Zoll (163 cm) Mini LED Fernseher, NQ4 AI Gen2 Prozessor, Quantum Matrix Technology Slim, Motion Xcelerator 144Hz, AirSlim Design, Samsun...[Länderversion Ungarisch]",https://www.amazon.de/dp/B0FND6LTR5,65.0,759.0,759.0,EUR,759.0,Amazon,DE,2026-07-30T06:47:27Z,B0FND6LTR5,,,,,
Samsung,"Samsung Neo QLED 4K QN85F 55 Zoll (138 cm) Mini LED Fernseher, NQ4 AI Gen2 Prozessor, Quantum Matrix Plus, Neo Quantum HDR+, Dolby Atmos, Knox Security, Samsung Vision AI Smart TV",https://www.amazon.de/dp/B0DFVGXR6J,55.0,649.0,649.0,EUR,649.0,Amazon,DE,2026-07-30T06:47:27Z,B0DFVGXR6J,,,,,
Samsung,"Samsung TV TU50DU7105 50 Zoll (50 Zoll), Crystal UHD 4K, Smart TV, 2024",https://www.amazon.de/dp/B0D2LH5YTD,50.0,318.83,318.83,EUR,318.83,Amazon,DE,2026-07-30T06:47:27Z,B0D2LH5YTD,,,,,
Samsung,"Samsung Mini LED M80H 4K 55 Zoll (138 cm), UHD Fernseher, Mini LED HDR für beeindruckende Details, Motion Xcelerator 144Hz, AI Fußballmodus, Dynamik Sound Pack, AI Companion für deine Fragen, Smart TV",https://www.amazon.de/dp/B0GXZHZD2Z,55.0,545.24,545.24,EUR,545.24,Amazon,DE,2026-07-30T06:47:27Z,B0GXZHZD2Z,,,,,
Samsung,"SAMSUNG Series 8 CU8000 Crystal UHD 109,2 cm (43 Zoll) 4K Ultra HD Smart TV, WLAN, Schwarz",https://www.amazon.de/dp/B0BQW93VNZ,43.0,341.0,341.0,EUR,341.0,Amazon,DE,2026-07-30T06:47:27Z,B0BQW93VNZ,,,,,
Samsung,"Samsung Smart TV 43 Zoll U8075H Crystal UHD 4K, PurColor, Upscaling 4K, Motion Xcelerator, Dynamic Sound Pack, Gaming Hub, Fußball, Vision AI Companion [2026]",https://www.amazon.de/dp/B0GJ5KJDKJ,43.0,326.73,326.73,EUR,326.73,Amazon,DE,2026-07-30T06:47:27Z,B0GJ5KJDKJ,,,,,
Samsung,"Samsung Smart TV 50 Zoll M70H Mini LED 4K, UHD, Mini LED HDR für atemberaubende Details, Pure Spectrum Color, Motion Xcelerator 144 Hz, Dynamic Sound Pack, Vision AI Companion [2026]",https://www.amazon.de/dp/B0H11LDLWP,50.0,417.02,417.02,EUR,417.02,Amazon,DE,2026-07-30T06:47:27Z,B0H11LDLWP,,,,,
Samsung,"Samsung Neo QLED 4K QN90F 55 Zoll (140 cm) 4K Fernseher, TV mit Neural Quantum AI Gen3 Prozessor, Quantum-Matrix-Technologie Plus, AI Upscaling Pro, Smart TV, 55QN90F [2025]",https://www.amazon.de/dp/B0FC2GYH5P,55.0,879.0,879.0,EUR,879.0,Amazon,DE,2026-07-30T06:47:27Z,B0FC2GYH5P,,,,,
Samsung,Samsung 65QN85D Neo QLED-Fernseher 65'' (165 cm) 4K UHD 3840 x 2160 HDR 10+ Dolby Atmos Tizen Smart TV Gaming HUB 4 x HDMI,https://www.amazon.de/dp/B0CSG9RRD6,65.0,979.0,979.0,EUR,979.0,Amazon,DE,2026-07-30T06:47:27Z,B0CSG9RRD6,,,,,
Samsung,Samsung QE43Q72F - QLED TV 43 (109 cm) - 4K UHD 3840x2160 - HDR10+ - Smart TV - Hub di gioco - 3xHDMI - WiFi [Länderversion Spanisch],https://www.amazon.de/dp/B0F225N6PT,43.0,291.1,291.1,EUR,291.1,Amazon,DE,2026-07-30T06:47:27Z,B0F225N6PT,,,,,
Samsung,"SAMSUNG TV 50 Zoll QLED 50Q7F 4K Smart TV mit AI-Vision, 100% Farbvolumen mit Quantum Dots, authentischem Quantum Dot und Motion Xcelerator [Länderversion Spanisch]",https://www.amazon.de/dp/B0F9Q7MC87,50.0,315.0,315.0,EUR,315.0,Amazon,DE,2026-07-30T06:47:27Z,B0F9Q7MC87,,,,,
Samsung,"Samsung The Frame QE43LS03FAU QLED TV, 109 cm (43 Zoll), 4K UHD, Smart TV, HDR",https://www.amazon.de/dp/B0F5PZD3RW,43.0,565.47,565.47,EUR,565.47,Amazon,DE,2026-07-30T06:47:27Z,B0F5PZD3RW,,,,,
Samsung,"Samsung Neo QLED 4K QN80F 75 Zoll (189 cm) Mini LED Fernseher, NQ4 AI Gen2 Prozessor, Quantum Matrix Technology Slim, Motion Xcelerator 144Hz, AirSlim Design, Samsung Vision AI Smart TV",https://www.amazon.de/dp/B0FR5J19T2,75.0,1083.94,1083.94,EUR,1083.94,Amazon,DE,2026-07-30T06:47:27Z,B0FR5J19T2,,,,,
Samsung,"Samsung QLED 4K Q70D Fernseher 85 Zoll, AI Quantum Prozessor 4K, AI Upscaling, Tizen OS, Motion Xcelerator 120 Hz, Smart TV, KI TV, GQ85Q70DATXZG, Deutsches Modell",https://www.amazon.de/dp/B0CZS36H3J,85.0,1899.0,1899.0,EUR,1899.0,Amazon,DE,2026-07-30T06:47:27Z,B0CZS36H3J,,,,,
Samsung,"Samsung Crystal UHD DU7170 65 Zoll Fernseher, 165 cm (65DU7170), PurColor, Crystal Prozessor 4K, Q-Symphony, Smart TV [2024]",https://www.amazon.de/dp/B0D6GSK1N7,65.0,600.71,600.71,EUR,600.71,Amazon,DE,2026-07-30T06:47:27Z,B0D6GSK1N7,,,,,
Samsung,"Samsung Neo QLED 4K QN95C 55 Zoll Fernseher (GQ55QN95CATXZG), Neo Quantum HDR+, Infinity One Design, Neural Quantum Prozessor 4K [2023]",https://www.amazon.de/dp/B0CH8RX2MF,55.0,747.69,747.69,EUR,747.69,Amazon,DE,2026-07-30T06:47:27Z,B0CH8RX2MF,,,,,
Samsung,"Samsung Neo QLED 4K QN85F 55 Zoll (138 cm) Mini LED Fernseher, NQ4 AI Gen2 Prozessor, Quantum Matrix Technology Slim, Motion Xcelerator 144Hz, AirSlim Design, Samsun...[Länderversion Ungarisch]",https://www.amazon.de/dp/B0FND79K77,55.0,599.0,599.0,EUR,599.0,Amazon,DE,2026-07-30T06:47:27Z,B0FND79K77,,,,,
Samsung,"Samsung TU7199 125 cm (50 Zoll) LED Fernseher (Ultra HD, HDR10+, Triple Tuner, Smart TV) [Modelljahr 2020]",https://www.amazon.de/dp/B0896NXT92,50.0,318.83,318.83,EUR,318.83,Amazon,DE,2026-07-30T06:47:27Z,B0896NXT92,,,,,
Samsung,"Samsung UE43DU8072UXXH Crystal UHD Smart TV 109,2 cm (43"""")",https://www.amazon.de/dp/B0D5D33WRZ,43.0,279.99,279.99,EUR,279.99,Amazon,DE,2026-07-30T06:47:27Z,B0D5D33WRZ,,,,,
Samsung,"Samsung Neo QLED QN70H 4K 55 Zoll (138 cm), Quantum-Mini-LED für ultrafeine Kontraste, UHD Fernseher, 4K AI Upscaling, Adaptive Sound+, Gaming Hub, Motion Xcelerator 144Hz, AI Companion, Smart TV",https://www.amazon.de/dp/B0GXZDFK7F,55.0,899.0,899.0,EUR,899.0,Amazon,DE,2026-07-30T06:47:27Z,B0GXZDFK7F,,,,,
Samsung,"Samsung The Frame LS03F 4K QLED 43 Zoll (108 cm) UHD Fernseher, Modern Frame Design, NQ4 AI Gen2 Prozessor, Art Mode, Artful Picture Quality, One Connect Kabel, Sams...[Länderversion Ungarisch]",https://www.amazon.de/dp/B0FM8KGRQW,43.0,565.47,565.47,EUR,565.47,Amazon,DE,2026-07-30T06:47:27Z,B0FM8KGRQW,,,,,
Samsung,"Samsung Neo QLED 8K QN900F 65 Zoll (163 cm) Mini LED Fernseher, Antireflexion, 8K AI Upscaling, Metal Frame Design, Knox Security, Dolby Atmos, Art Store Galerie, Samsung Vision AI Smart TV",https://www.amazon.de/dp/B0DFVF4XXC,65.0,1889.0,1889.0,EUR,1889.0,Amazon,DE,2026-07-30T06:47:27Z,B0DFVF4XXC,,,,,
Samsung,"Samsung Crystal UHD 4K U80F 50 Zoll (125 cm) LED Fernseher, Crystal Prozessor 4K, MetalStream Design, SmartThings, Knox Security, Gaming Hub, AI Upscaling, Kostenlos...[Länderversion Ungarisch]",https://www.amazon.de/dp/B0FM98T47Y,50.0,318.83,318.83,EUR,318.83,Amazon,DE,2026-07-30T06:47:27Z,B0FM98T47Y,,,,,
Samsung,Samsung 4K Crystal UHD 2020 - Smart TV,https://www.amazon.de/dp/B083V91BV9,55.0,412.2,412.2,EUR,412.2,Amazon,DE,2026-07-30T06:47:27Z,B083V91BV9,,,,,
Samsung,"Samsung Crystal UHD 4K TV 50 Zoll (GU50AU7179UXZG, Deutsches Modell), HDR, Q-Symphony, rahmenloses Design, Smart TV [2021]",https://www.amazon.de/dp/B092R97NY6,50.0,435.67,435.67,EUR,435.67,Amazon,DE,2026-07-30T06:47:27Z,B092R97NY6,,,,,
Samsung,"Samsung Neo QLED 4K QN70F 75 Zoll (189 cm) Mini LED Fernseher, NQ4 AI Gen2 Prozessor, Quantum Matrix Technology Slim, Motion Xcelerator 144Hz, AirSlim Design, Samsun...[Länderversion Ungarisch]",https://www.amazon.de/dp/B0FPCMYXHF,75.0,890.99,890.99,EUR,890.99,Amazon,DE,2026-07-30T06:47:27Z,B0FPCMYXHF,,,,,
Samsung,"Samsung OLEDGQ65S85D 4K Fernseher 65 Zoll (163 cm), OLED HDR, Dolby Atmos, TV mit Neural Quantum AI Gen2 Prozessor, AI Upscaling, Smart TV, KI, Deutsches Modell",https://www.amazon.de/dp/B0D1GQQQYR,65.0,,,,,Amazon,DE,2026-07-30T06:47:27Z,B0D1GQQQYR,,,,,
Samsung,"Samsung Neo QLED 4K QN90F 115 Zoll (292 cm) Mini LED Fernseher, Antireflektion, NQ4 AI Gen3 Prozessor, Neo Quantum HDR+, 4K Upscaling Pro, Dolby Atmos, Knox Security, Samsung Vision AI Smart TV",https://www.amazon.de/dp/B0FKTP2397,115.0,14999.0,14999.0,EUR,14999.0,Amazon,DE,2026-07-30T06:47:27Z,B0FKTP2397,,,,,
Samsung,"Samsung QLED 4K Q70C 55 Zoll Fernseher, Quantum Prozessor 4K, Motion Xcelerator Turbo+, Quantum HDR, Smart TV [2023] (Modell 2023 55Q70C)",https://www.amazon.de/dp/B0C5JYFR24,55.0,574.08,574.08,EUR,574.08,Amazon,DE,2026-07-30T06:47:27Z,B0C5JYFR24,,,,,
Samsung,"Samsung Crystal UHD 4K DU8079 Fernseher 75 Zoll, Samsung TV mit Dynamic Crystal Color, 4K Upscaling, AirSlim Design, Smart TV, GU75DU8079UXZG, Deutsches Modell [2024]",https://www.amazon.de/dp/B0CZS4X5ZC,75.0,847.0,847.0,EUR,847.0,Amazon,DE,2026-07-30T06:47:27Z,B0CZS4X5ZC,,,,,
Samsung,"Samsung HD-TV, 81,3 cm (32 Zoll), H5005 Smart TV Plus, OTS Lite, HDR Knox Security, kann UHD 4K-Inhalte streamen",https://www.amazon.de/dp/B0GHY2KZQY,32.0,266.39,266.39,EUR,266.39,Amazon,DE,2026-07-30T06:47:27Z,B0GHY2KZQY,,,,,
Samsung,Samsung 75 Zoll The Frame Pro LS03HW 4K Samsung Vision AI Smart TV (2026),https://www.amazon.de/dp/B0H62J8N4S,75.0,3399.0,3399.0,EUR,3399.0,Amazon,DE,2026-07-30T06:47:27Z,B0H62J8N4S,,,,,
Samsung,"Samsung Neo QLED 4K QN90D 43 Zoll (109 cm) Fernseher Mit Neural Quantum AI Gen2 Prozessor, Quantum-Matrix-Technologie, AI Upscaling, Smart TV, KI TV, 43QN90D [2024]",https://www.amazon.de/dp/B0D5CXBK1J,43.0,709.0,709.0,EUR,709.0,Amazon,DE,2026-07-30T06:47:27Z,B0D5CXBK1J,,,,,
Samsung,"Samsung Crystal UHD CU7170 Series 75 Zoll Fernseher, PurColor, Crystal Prozessor 4K, Motion Xcelerator, Smart TV, (Modell 2023, 75CU7170)",https://www.amazon.de/dp/B0C5MZJG4R,75.0,691.91,691.91,EUR,691.91,Amazon,DE,2026-07-30T06:47:27Z,B0C5MZJG4R,,,,,
Samsung,"Samsung Neo QLED 4K QN85C 55 Zoll Fernseher, Neo Quantum HDR, Neural Quantum Prozessor 4K, Dolby Atmos, Smart TV (Modell 2023, 55QN85C)",https://www.amazon.de/dp/B0C5R83RJ2,55.0,716.85,716.85,EUR,716.85,Amazon,DE,2026-07-30T06:47:27Z,B0C5R83RJ2,,,,,
Samsung,"Samsung 55S90F OLED Smart TV, 138 cm, Ultra HD 4K, Class G, Model 2025",https://www.amazon.de/dp/B0FCSG5T2R,55.0,863.2,863.2,EUR,863.2,Amazon,DE,2026-07-30T06:47:27Z,B0FCSG5T2R,,,,,
Samsung,"Samsung The Frame 2023 32LS03 32LS03 Smart TV 32 Zoll, Kunstgalerie mit mattem Display, Wechselrahmen, Quantum Dot Technologie, One Connect und Fast unsichtbares Kab...[Länderversion Spanisch]",https://www.amazon.de/dp/B0BPYW45KV,32.0,390.0,390.0,EUR,390.0,Amazon,DE,2026-07-30T06:47:27Z,B0BPYW45KV,,,,,
Samsung,Samsung UE55JU7002 138 cm (Fernseher),https://www.amazon.de/dp/B00VYEMBDA,55.0,300.0,300.0,EUR,300.0,Amazon,DE,2026-07-30T06:47:27Z,B00VYEMBDA,,,,,
Samsung,"Samsung QLED 4K Fernseher The Frame 43 Zoll, Samsung TV mit mattem Display und austauschbarem Rahmen, Art Mode, Smart TV, GQ43LS03DAUXZG, Deutsches Modell [2024]",https://www.amazon.de/dp/B0CZS4H87H,43.0,729.0,729.0,EUR,729.0,Amazon,DE,2026-07-30T06:47:27Z,B0CZS4H87H,,,,,
Samsung,"Samsung Crystal UHD U8070F 4K 85 Zoll (216 cm) LED Fernseher, Crystal Prozessor 4K, MetalStream Design, SmartThings, AI Upscaling, Gaming Hub, Knox Security, Smart TV, 85U8070F (2025)",https://www.amazon.de/dp/B0FFGZ7YP3,85.0,899.0,899.0,EUR,899.0,Amazon,DE,2026-07-30T06:47:27Z,B0FFGZ7YP3,,,,,
Samsung,"Samsung Micro RGB R85H 4K 55 Zoll (138 cm), UHD Fernseher, Micro RGB HDR+ & AI Engine für realitätsnahe Farben, Dolby Atmos, Gaming Hub, Motion Xcelerator 144Hz, AI Companion für Fragen, Smart TV",https://www.amazon.de/dp/B0GXZHQ5ZC,55.0,1174.99,1174.99,EUR,1174.99,Amazon,DE,2026-07-30T06:47:27Z,B0GXZHQ5ZC,,,,,
Samsung,"Samsung OLED S95F 83 Zoll (211 cm) 4K Glare Free, UHD Fernseher, NQ4 AI Gen3 Prozessor, OLED HDR Pro, Gaming Hub, Motion Xcelerator 165Hz, 4K Upscaling, Dolby Atmos, Smart TV, 83S95F (2025)",https://www.amazon.de/dp/B0FC3YFGRD,83.0,3499.0,3499.0,EUR,3499.0,Amazon,DE,2026-07-30T06:47:27Z,B0FC3YFGRD,,,,,
Samsung,"Samsung QLED 4K Q64C Fernseher 55 Zoll, UHD, Samsung TV mit Quantum-Dot-Technologie, Quantum HDR, AirSlim Design, Smart TV, GQ55Q64CAUXZG, Deutsches Modell [2023]",https://www.amazon.de/dp/B0CYHC6C6H,55.0,,,,,Amazon,DE,2026-07-30T06:47:27Z,B0CYHC6C6H,,,,,
Samsung,"Samsung UE55JS8090 138 cm (55 Zoll) Fernseher (Ultra HD, Twin Tuner, 3D, Smart TV)",https://www.amazon.de/dp/B015KFY1N6,55.0,400.0,400.0,EUR,400.0,Amazon,DE,2026-07-30T06:47:27Z,B015KFY1N6,,,,,
Samsung,"Samsung QLED 4K Q60C 50 Zoll Fernseher, Quantum-Dot-Technologie, Quantum HDR, AirSlim Design, Smart TV [2023] (50Q60C)",https://www.amazon.de/dp/B0C53Q71PG,50.0,490.82,490.82,EUR,490.82,Amazon,DE,2026-07-30T06:47:27Z,B0C53Q71PG,,,,,
Samsung,"Samsung QLED 4K Q80C 98 Zoll Fernseher, Direct Full Array, AI Neural Quantum Prozessor 4K, Real Depth Enhancer, Smart-TV, KI TV, GQ98Q80CATXZG, Deutsches Modell [2023]",https://www.amazon.de/dp/B0C3N8JWXC,98.0,5249.0,5249.0,EUR,5249.0,Amazon,DE,2026-07-30T06:47:27Z,B0C3N8JWXC,,,,,
Samsung,"Samsung Crystal UHD DU7170 75 Zoll Fernseher, 191 cm (75DU7170), PurColor, Crystal Prozessor 4K, Q-Symphony, Smart TV [2024]",https://www.amazon.de/dp/B0D5Y9ZRTR,75.0,719.52,719.52,EUR,719.52,Amazon,DE,2026-07-30T06:47:27Z,B0D5Y9ZRTR,,,,,
Samsung,"Samsung Neo QLED QN80H 4K 65 Zoll (163 cm), UHD Fernseher, Quantum-Mini-LED für ultrafeine Kontraste, 4K AI Upscaling, Adaptive Sound Pro, Gaming Hub, Motion Xcelerator 144Hz, AI Companion, Smart TV",https://www.amazon.de/dp/B0GXZQHTDL,65.0,1899.0,1899.0,EUR,1899.0,Amazon,DE,2026-07-30T06:47:27Z,B0GXZQHTDL,,,,,
Samsung,"Samsung Neo QLED 4K TV QN85A 65 Zoll (GQ65QN85AATXZG), Quantum HDR 1500, Quantum-Matrix-Technologie, Ultra Viewing Angle [2021]",https://www.amazon.de/dp/B092R9H35M,65.0,1139.0,1139.0,EUR,1139.0,Amazon,DE,2026-07-30T06:47:27Z,B092R9H35M,,,,,
Samsung,Samsung Q60d Qe50q60dau 50´´ 4k Qled Tv One Size,https://www.amazon.de/dp/B0D1VLQ721,50.0,406.13,406.13,EUR,406.13,Amazon,DE,2026-07-30T06:47:27Z,B0D1VLQ721,,,,,
Samsung,"Samsung QLED 4K TV Q80T 55 Zoll (GQ55Q80TCTXZG), Quantum HDR 1500, Quantum Prozessor 4K, PQI 3800 [2020]",https://www.amazon.de/dp/B094JHDQGF,55.0,640.58,640.58,EUR,640.58,Amazon,DE,2026-07-30T06:47:27Z,B094JHDQGF,,,,,
Samsung,Samsung Fernseher TQ43QN90C 43 Zoll (43 Zoll) Neo QLED 4K Smart TV 2023,https://www.amazon.de/dp/B0BQC4ZMB8,43.0,805.54,805.54,EUR,805.54,Amazon,DE,2026-07-30T06:47:27Z,B0BQC4ZMB8,,,,,
Samsung,Samsung TV LED 55U8072 138cm Smart 4K Ultra HD 50Hz Model 2025 UE55U8072FUXXH [Länderversion Ungarisch],https://www.amazon.de/dp/B0FF1THHJ9,55.0,378.0,378.0,EUR,378.0,Amazon,DE,2026-07-30T06:47:27Z,B0FF1THHJ9,,,,,
Samsung,"Samsung Neo QLED 8K QN900F 85 Zoll (214 cm) Mini LED, 8K Fernseher, NQ8 AI Gen2 Prozessor, Upscaling, Glare Free, One Connect, Art Store Galerie, Samsung Vision AI Smart TV, 85QN900F (2025)",https://www.amazon.de/dp/B0FBXBCXK7,85.0,4999.0,4999.0,EUR,4999.0,Amazon,DE,2026-07-30T06:47:27Z,B0FBXBCXK7,,,,,
Samsung,"Samsung Neo QLED 4K QN90F 50 Zoll (125 cm) Mini LED Fernseher, NQ4 AI Gen2 Prozessor, Quantum Matrix Technology Slim, Motion Xcelerator 165Hz, AirSlim Design, Samsun...[Länderversion Ungarisch]",https://www.amazon.de/dp/B0FPCTTV33,50.0,689.0,689.0,EUR,689.0,Amazon,DE,2026-07-30T06:47:27Z,B0FPCTTV33,,,,,
Samsung,"Samsung NU7099 125 cm (50 Zoll) LED Fernseher (Ultra HD, HDR, Triple Tuner, Smart TV) [Modelljahr 2018]",https://www.amazon.de/dp/B07GM4RXZR,50.0,346.43,346.43,EUR,346.43,Amazon,DE,2026-07-30T06:47:27Z,B07GM4RXZR,,,,,
Samsung,"Samsung 55QN70F Neo QLED Smart TV, Mini LED, 138 cm, 4K Ultra HD (2025)",https://www.amazon.de/dp/B0F9X28L93,55.0,489.88,489.88,EUR,489.88,Amazon,DE,2026-07-30T06:47:27Z,B0F9X28L93,,,,,
Samsung,"Samsung Neo QLED 4K QN90F 43 Zoll (108 cm) Mini LED Fernseher, NQ4 AI Gen2 Prozessor, Quantum Matrix Technology Slim, Motion Xcelerator 165Hz, AirSlim Design, Samsun...[Länderversion Ungarisch]",https://www.amazon.de/dp/B0FPCQTF91,43.0,707.0,707.0,EUR,707.0,Amazon,DE,2026-07-30T06:47:27Z,B0FPCQTF91,,,,,
Samsung,Samsung TV NeoQLED TQ55QN70F MiniLED TV 55 (140 cm) 4K UHD 3840 x 2160 144 Hz HDR10+ Smart TV Gaming Hub 3xHDMI WLAN [Länderversion Spanisch],https://www.amazon.de/dp/B0DFVFXKWQ,55.0,502.25,502.25,EUR,502.25,Amazon,DE,2026-07-30T06:47:27Z,B0DFVFXKWQ,,,,,
Samsung,"Samsung QLED Q70D 85 Zoll (216 cm) Fernseher TV mit Quantum Prozessor 4K, 100% Farbvolumen,AI Upscaling, Tizen OS, Smart TV, 85Q70D, [2024]",https://www.amazon.de/dp/B0D3VJBB99,85.0,1999.0,1999.0,EUR,1999.0,Amazon,DE,2026-07-30T06:47:27Z,B0D3VJBB99,,,,,
Samsung,"Samsung The Frame LS03H 4K 55 Zoll (138 cm), UHD Fernseher, Art Mode mit wechselnden Kunstwerken, Wireless One Connect Box, Antireflexion mit Glare Free, QLED-Bildqualität, Dolby Atmos, Smart AI TV",https://www.amazon.de/dp/B0GXZJW39B,55.0,1399.0,1399.0,EUR,1399.0,Amazon,DE,2026-07-30T06:47:27Z,B0GXZJW39B,,,,,
Samsung,"Samsung Neo QLED 4K TV QN85F 85 Zoll (214 cm) Mini LED AI Fernseher HW-Q995GF Q-Serie 11.1.4-Kanal-Soundbar mit kabellosem 8""-Dual-Subwoofer & 4.0.2-Kanal-Rücklautsprecher, Dolby Atmos",https://www.amazon.de/dp/B0FZVYYJX1,85.0,2924.72,2924.72,EUR,2924.72,Amazon,DE,2026-07-30T06:47:27Z,B0FZVYYJX1,,,,,
Samsung,"Samsung OLED 4K S90C 55 Zoll Fernseher (GQ55S90CATXZG, Deutsches Modell), Quantum HDR OLED, Neural Quantum Prozessor 4K, LaserSlim Design, Smart TV [2023]",https://www.amazon.de/dp/B0BXTBCFBZ,55.0,1299.0,1299.0,EUR,1299.0,Amazon,DE,2026-07-30T06:47:27Z,B0BXTBCFBZ,,,,,
Samsung,"Samsung TV TU75U8005FU (2025) 75"" LED UHD 4K [Länderversion Französisch, Spanisch, Portugiesisch]...[Länderversion Französisch, Spanisch, Portugiesisch]",https://www.amazon.de/dp/B0F225CDYG,75.0,724.06,724.06,EUR,724.06,Amazon,DE,2026-07-30T06:47:27Z,B0F225CDYG,,,,,
Samsung,"Samsung QLED 4K Q70A TV 85 Zoll (GQ85Q70AATXZG), Quantum HDR, Quantum Prozessor 4K, Motion Xcelerator Turbo+ [2021]",https://www.amazon.de/dp/B092R99WFK,85.0,1999.0,1999.0,EUR,1999.0,Amazon,DE,2026-07-30T06:47:27Z,B092R99WFK,,,,,
Samsung,"Samsung Neo QLED 8K QN800D Fernseher 75 Zoll, Quantum HDR 8K+, Neural Quantum Prozessor Gen2, AI Upscaling, Smart TV, KI TV, GQ75QN800DTXZG, Deutsches Modell, 2024",https://www.amazon.de/dp/B0CZS1ZYH6,75.0,1999.0,1999.0,EUR,1999.0,Amazon,DE,2026-07-30T06:47:27Z,B0CZS1ZYH6,,,,,
Samsung,Samsung 75 Zoll Neo QLED QN1EH 4K Samsung Vision AI Smart TV (2026),https://www.amazon.de/dp/B0H5QJZR1S,75.0,2049.0,2049.0,EUR,2049.0,Amazon,DE,2026-07-30T06:47:27Z,B0H5QJZR1S,,,,,
Samsung,"SAMSUNG 77S93D 4K 2024 OLED Smart-TV mit mehr Helligkeit und Kontrast, EIN Kino-Sound mit Q-Symphony, dem besten Smart TV und gewinnt alle Spiele mit Motion Xcelerator 144 Hz",https://www.amazon.de/dp/B0CSPC1FMR,77.0,1899.0,1899.0,EUR,1899.0,Amazon,DE,2026-07-30T06:47:27Z,B0CSPC1FMR,,,,,
Samsung,"Samsung OLED 4K S90D Fernseher 55 Zoll (140 cm), TV Mit Neural Quantum AI Gen2 Prozessor, HDR+, AI Upscaling, Smart TV, KI TV, 55S90D [2024]",https://www.amazon.de/dp/B0DJH67TYL,55.0,869.0,869.0,EUR,869.0,Amazon,DE,2026-07-30T06:47:27Z,B0DJH67TYL,,,,,
Samsung,"Samsung Neo QLED 8K QN800D 65 Zoll (165 cm) 8K Fernseher, TV mit Neo Quantum HDR, Neural Quantum AI Gen2 Prozessor, AI Upscaling, Smart TV, 65QN800D [2024]",https://www.amazon.de/dp/B0FB4XPRFB,65.0,,,,,Amazon,DE,2026-07-30T06:47:27Z,B0FB4XPRFB,,,,,
Samsung,SAMSUNG 50Q80D QLED 50 Fernseher (127 cm) 4K UHD 3840 x 2160 HDR+ Smart TV Gaming Hub 4xHDMI WLAN,https://www.amazon.de/dp/B0CSKKKXBZ,50.0,769.0,769.0,EUR,769.0,Amazon,DE,2026-07-30T06:47:27Z,B0CSKKKXBZ,,,,,
Samsung,"Samsung UE55RU7170UXZT Smart TV 4K Ultra HD 55 Zoll WLAN Dvb-T2Cs2, Serie Ru7170, 3840 x 2160 Pixel, HDR 10+, Schwarz, 2019",https://www.amazon.de/dp/B07QJCBBZQ,55.0,412.2,412.2,EUR,412.2,Amazon,DE,2026-07-30T06:47:27Z,B07QJCBBZQ,,,,,
Samsung,"Samsung Neo QLED QN900F 65 Zoll (163 cm) 8K Neo QLED TV, 7680 x 4320 Pixel, 165Hz, AirSlim Design, NQ4 AI Gen2 Prozessor, Mini LED, HDR10+, Quantum Matrix Pro, Samsu...[Länderversion Ungarisch]",https://www.amazon.de/dp/B0FND5LVPL,65.0,1489.9,1489.9,EUR,1489.9,Amazon,DE,2026-07-30T06:47:27Z,B0FND5LVPL,,,,,
Samsung,"Samsung Crystal UHD TV 4K AU7199 55 Zoll (GU55AU7199UXZG, Deutsches Modell), HDR, Q-Symphony, rahmenloses Design, Smart TV [2021]",https://www.amazon.de/dp/B098BKBH9G,55.0,510.0,510.0,EUR,510.0,Amazon,DE,2026-07-30T06:47:27Z,B098BKBH9G,,,,,
Samsung,"Samsung Neo QLED 4K QN85F 85 Zoll (214 cm) Mini LED Fernseher, NQ4 AI Gen2 Prozessor, Quantum Matrix Technology Slim, Motion Xcelerator 144Hz, AirSlim Design, Samsun...[Länderversion Ungarisch]",https://www.amazon.de/dp/B0FNMYQ547,85.0,1904.47,1904.47,EUR,1904.47,Amazon,DE,2026-07-30T06:47:27Z,B0FNMYQ547,,,,,
Samsung,"Samsung Neo QLED 4K QN80F 85 Zoll (214 cm) Mini LED Fernseher, NQ4 AI Gen2 Prozessor, Quantum Matrix Technology Slim, Motion Xcelerator 144Hz, AirSlim Design, Samsun...[Länderversion Ungarisch]",https://www.amazon.de/dp/B0FPCS42TN,85.0,1708.77,1708.77,EUR,1708.77,Amazon,DE,2026-07-30T06:47:27Z,B0FPCS42TN,,,,,
Samsung,"Samsung GU40T5379A LED TV (40 Zoll (102 cm), Full HD, Smart TV, T5379A, Sprachsteuerung (Alexa, Bixby), Netflix/Amazon, HDR)",https://www.amazon.de/dp/B0C468J9FR,40.0,,,,,Amazon,DE,2026-07-30T06:47:27Z,B0C468J9FR,,,,,
Samsung,TV intelligente Samsung TU55DU7105 4K Ultra HD 55' LED,https://www.amazon.de/dp/B0D2LHQGZ4,55.0,377.76,377.76,EUR,377.76,Amazon,DE,2026-07-30T06:47:27Z,B0D2LHQGZ4,,,,,
Samsung,"Samsung OLEDGQ77S95D 4K Fernseher 77 Zoll (195 cm), OLED HDR Pro, Dolby Atmos, TV mit Neural Quantum AI Gen2 Prozessor, OLED Glare Free, AI Upscaling, Smart TV, KI, Deutsches Modell",https://www.amazon.de/dp/B0CZS4PS8H,77.0,2899.0,2899.0,EUR,2899.0,Amazon,DE,2026-07-30T06:47:27Z,B0CZS4PS8H,,,,,
Samsung,"Samsung The Frame Pro 65"" (2025) QLED 4K UHD TV - TQ65LS03FWUXXC [Länderversion Französisch, Spanisch, Portugiesisch]...[Länderversion Französisch, Spanisch, Portugiesisch]",https://www.amazon.de/dp/B0F2256CND,65.0,1230.63,1230.63,EUR,1230.63,Amazon,DE,2026-07-30T06:47:27Z,B0F2256CND,,,,,
Samsung,"Smart TV Samsung QE55QN85B NEO QLED WI-FI 3840 x 2160 px 55"" Ultra HD 4K",https://www.amazon.de/dp/B09MW54V3V,55.0,716.85,716.85,EUR,716.85,Amazon,DE,2026-07-30T06:47:27Z,B09MW54V3V,,,,,
Samsung,"Samsung Crystal UHD 4K TV 65 Zoll (GU65AU8079UXZG), HDR, AirSlim, Dynamic Crystal Color [2021],Nachtschwarz",https://www.amazon.de/dp/B092R96849,65.0,699.0,699.0,EUR,699.0,Amazon,DE,2026-07-30T06:47:27Z,B092R96849,,,,,
Samsung,"Samsung Smart TV 50DU7172, 125 cm, Ultra HD 4K (Model 2024)",https://www.amazon.de/dp/B0D3F6RN2K,50.0,339.8,339.8,EUR,339.8,Amazon,DE,2026-07-30T06:47:27Z,B0D3F6RN2K,,,,,
Samsung,Tv Samsung QE55Q60DAUXZT SERIE 6 Smart TV UHD Titan gray,https://www.amazon.de/dp/B0D17V7PKV,55.0,,,,,Amazon,DE,2026-07-30T06:47:27Z,B0D17V7PKV,,,,,
Samsung,"Samsung OLED 4K S90C 65 Zoll Fernseher, Quantum HDR OLED, Neural Quantum Prozessor 4K, LaserSlim Design, Smart TV, (Modell 2023, 65S90C)",https://www.amazon.de/dp/B0C5NKHBFV,65.0,1549.0,1549.0,EUR,1549.0,Amazon,DE,2026-07-30T06:47:27Z,B0C5NKHBFV,,,,,
Samsung,"Samsung Crystal UHD LED Fernseher 2025, Crystal Prozessor 4K, MetalStream Design, SmartThings, Knox Security, Gaming Hub, AI Upscaling, Kostenlose Inhalte, Smart AI ...[Länderversion Ungarisch]",https://www.amazon.de/dp/B0FL3DGYNW,75.0,690.61,690.61,EUR,690.61,Amazon,DE,2026-07-30T06:47:27Z,B0FL3DGYNW,,,,,
Samsung,Samsung Fernseher TQ55S95D 55 Zoll (55 Zoll) OLED 4K Smart TV 2024,https://www.amazon.de/dp/B0CSKKGYWN,55.0,1419.0,1419.0,EUR,1419.0,Amazon,DE,2026-07-30T06:47:27Z,B0CSKKGYWN,,,,,
Samsung,"Samsung Crystal UHD LED Fernseher 2025, Crystal Prozessor 4K, MetalStream Design, SmartThings, Knox Security, Gaming Hub, AI Upscaling, Kostenlose Inhalte, Smart AI ...[Länderversion Ungarisch]",https://www.amazon.de/dp/B0FN811HVH,65.0,,,,,Amazon,DE,2026-07-30T06:47:27Z,B0FN811HVH,,,,,
Samsung,"Samsung QLED 4K TV Q80A 50 Zoll (GQ50Q80AATXZG), Quantum HDR 1000, Direct Full Array, Game Pro Mode [2021]",https://www.amazon.de/dp/B094JDVCVF,50.0,562.88,562.88,EUR,562.88,Amazon,DE,2026-07-30T06:47:27Z,B094JDVCVF,,,,,
Samsung,"Samsung Neo QLED 4K QN70F 85 Zoll (214 cm) Mini LED Fernseher, NQ4 AI Gen2 Prozessor, Quantum Matrix Technology Slim, Motion Xcelerator 144Hz, AirSlim Design, Samsun...[Länderversion Ungarisch]",https://www.amazon.de/dp/B0FPCLHQ26,85.0,1389.0,1389.0,EUR,1389.0,Amazon,DE,2026-07-30T06:47:27Z,B0FPCLHQ26,,,,,
Samsung,"Samsung Q80D QE75Q80DATXXH TV 190,5 cm (75"") 4K Ultra HD Smart TV WiFi Argent",https://www.amazon.de/dp/B0DF5R6VPT,75.0,,,,,Amazon,DE,2026-07-30T06:47:27Z,B0DF5R6VPT,,,,,
Samsung,"Samsung QLED 4K Q60B 50 Zoll Fernseher (GQ50Q60BAUXZG, Deutsches Modell), Quantum HDR, Quantum Prozessor Lite 4K, Multi View, Smart TV [2022]",https://www.amazon.de/dp/B09VTGY2LT,50.0,629.0,629.0,EUR,629.0,Amazon,DE,2026-07-30T06:47:27Z,B09VTGY2LT,,,,,
Samsung,"Samsung UE40D7090 101 cm (40 Zoll) 3D-LED-Fernseher, Energieeffizienzklasse B (Full-HD, 800Hz, DVB-T/C/S2 Tuner, HDMI, VGA, WLAN) titan-schwarz",https://www.amazon.de/dp/B004RB5TQ8,40.0,300.0,300.0,EUR,300.0,Amazon,DE,2026-07-30T06:47:27Z,B004RB5TQ8,,,,,
Samsung,"Samsung The Frame QE55LS03FAU QLED TV, 139 cm (55 Zoll), 4K UHD, Smart TV, HDR",https://www.amazon.de/dp/B0F8NN24MF,55.0,773.71,773.71,EUR,773.71,Amazon,DE,2026-07-30T06:47:27Z,B0F8NN24MF,,,,,
Samsung,Samsung QE50Q65C QLED-Fernseher 50 Zoll UHD,https://www.amazon.de/dp/B0BWFNSJ1M,50.0,425.92,425.92,EUR,425.92,Amazon,DE,2026-07-30T06:47:27Z,B0BWFNSJ1M,,,,,
Samsung,"Samsung TV S90F (2025) 42"" OLED 4K - TQ42S90FAEXXC [Länderversion Französisch, Spanisch, Portugiesisch]...[Länderversion Französisch, Spanisch, Portugiesisch]",https://www.amazon.de/dp/B0FT879YNJ,42.0,764.55,764.55,EUR,764.55,Amazon,DE,2026-07-30T06:47:27Z,B0FT879YNJ,,,,,
Samsung,"TV Samsung The Frame 75"" QLED 4K UHD - TQ75LS03DAU [Länderversion Französisch, Spanisch, Portugiesisch]...[Länderversion Französisch, Spanisch, Portugiesisch]",https://www.amazon.de/dp/B0CSDMYNLY,75.0,1830.36,1830.36,EUR,1830.36,Amazon,DE,2026-07-30T06:47:27Z,B0CSDMYNLY,,,,,
Samsung,Samsung Smart TV TQ77S90D 4K Ultra HD 77 Zoll OLED AMD FreeSync,https://www.amazon.de/dp/B0D96P975X,77.0,1799.0,1799.0,EUR,1799.0,Amazon,DE,2026-07-30T06:47:27Z,B0D96P975X,,,,,
Samsung,Samsung UE65JS8500 163 cm (65 Zoll) Curved 4K Ultra HD 3D LED-TV,https://www.amazon.de/dp/B00VTPOET8,65.0,416.0,416.0,EUR,416.0,Amazon,DE,2026-07-30T06:47:27Z,B00VTPOET8,,,,,
Samsung,"Samsung Neo QLED 8K TV QN700A 55 Zoll (GQ55QN700ATXZG), Quantum HDR 2000, Quantum-Matrix-Technologie Pro, Anbringbare Slim One Connect Box & One Cable Solution [2021]",https://www.amazon.de/dp/B09HXYQX8V,55.0,2140.0,2140.0,EUR,2140.0,Amazon,DE,2026-07-30T06:47:27Z,B09HXYQX8V,,,,,
Samsung,"Samsung QLED Q70D 75 Zoll (191 cm) Fernseher TV mit Quantum Prozessor 4K, 100% Farbvolumen,AI Upscaling, Tizen OS, Smart TV, 75Q70D, [2024]",https://www.amazon.de/dp/B0DCZCMW15,75.0,1047.59,1047.59,EUR,1047.59,Amazon,DE,2026-07-30T06:47:27Z,B0DCZCMW15,,,,,
Samsung,Tv Samsung QE50Q60DAUXZT SERIE 6 Smart TV UHD Titan gray,https://www.amazon.de/dp/B0D17WHN4G,50.0,425.92,425.92,EUR,425.92,Amazon,DE,2026-07-30T06:47:27Z,B0D17WHN4G,,,,,
Samsung,"Samsung TV 50"" (2025) LED UHD 4K - TU50U8005FUXXC [Länderversion Französisch, Spanisch, Portugiesisch]...[Länderversion Französisch, Spanisch, Portugiesisch]",https://www.amazon.de/dp/B0F2FNJ3H6,50.0,370.76,370.76,EUR,370.76,Amazon,DE,2026-07-30T06:47:27Z,B0F2FNJ3H6,,,,,
Samsung,SAMSUNG 65QN800C NeoQLED 65 Fernseher (165 cm) 8K 7680 x 4320 100 Hz HDR Smart TV Gaming HUB 4 x HDMI WLAN [Länderversion Spanisch],https://www.amazon.de/dp/B0CSDKRHRN,65.0,1689.0,1689.0,EUR,1689.0,Amazon,DE,2026-07-30T06:47:27Z,B0CSDKRHRN,,,,,
Samsung,"Samsung Neo QLED 4K QN85C 65 Zoll Fernseher, Neo Quantum HDR, Neural Quantum Prozessor 4K, Dolby Atmos, Smart TV (Modell 2023, 65QN85C)",https://www.amazon.de/dp/B0C5R6WSJM,65.0,1252.69,1252.69,EUR,1252.69,Amazon,DE,2026-07-30T06:47:27Z,B0C5R6WSJM,,,,,
Samsung,"Samsung Neo QLED 8K QN990F 65 Zoll (163 cm) Mini LED, NQ8 AI Gen3 Prozessor, Upscaling Pro, Wireless One Connect, Art Store, Smart TV, 2025",https://www.amazon.de/dp/B0F62T4RPX,65.0,3398.0,3398.0,EUR,3398.0,Amazon,DE,2026-07-30T06:47:27Z,B0F62T4RPX,,,,,
Samsung,"Samsung OLED 4K S95D Fernseher 65 Zoll, (165 cm) TV mit Neural Quantum 4K AI Gen2 Prozessor, OLED HDR Pro, OLED Glare Free, 4K Upscaling, Smart TV, KI TV, 65S95DA [2024]",https://www.amazon.de/dp/B0D5D2SV6X,65.0,,,,,Amazon,DE,2026-07-30T06:47:27Z,B0D5D2SV6X,,,,,
Samsung,"TV Samsung The Frame 43"" LS03B 4K TQ43LS03BGUXXC",https://www.amazon.de/dp/B0BS3YX4N4,43.0,588.09,588.09,EUR,588.09,Amazon,DE,2026-07-30T06:47:27Z,B0BS3YX4N4,,,,,
Samsung,"Samsung TV QLED 50"" Q60D 2024, 4K, Smart TV",https://www.amazon.de/dp/B0CS3J3B7V,50.0,,,,,Amazon,DE,2026-07-30T06:47:27Z,B0CS3J3B7V,,,,,
LG,"LG OLED55C5ELB TV 55 Zoll (139 cm) 4K OLED evo AI TV (α9 Gen8 4K AI Prozessor, webOS 25, 120Hz (VRR bis zu 144Hz)) [Modelljahr 2025]",https://www.amazon.de/dp/B0F2JB8LDX,55.0,873.99,873.99,EUR,873.99,Amazon,DE,2026-07-30T06:47:27Z,B0F2JB8LDX,,,,,
LG,"LG 55QNED7EB3C TV 55 Zoll (139 cm) 4K QNED Mini LED AI TV (α7 Gen9 4K AI Prozessor, webOS 26, 60Hz (VRR bis zu 60Hz)) [Modelljahr 2026]",https://www.amazon.de/dp/B0GSGXDD7M,55.0,479.0,479.0,EUR,479.0,Amazon,DE,2026-07-30T06:47:27Z,B0GSGXDD7M,,,,,
LG,"LG OLED48C5ELB, 48 Zoll (121 cm), 4K OLED evo AI TV, α9 Gen8 Prozessor, webOS 25, 120Hz (VRR bis zu 144Hz), Modelljahr 2025",https://www.amazon.de/dp/B0F2JG88PX,48.0,679.0,679.0,EUR,679.0,Amazon,DE,2026-07-30T06:47:27Z,B0F2JG88PX,,,,,
LG,"LG 32LQ63006LA TV 80 cm (32 Zoll) Full HD Fernseher (Google Assistant, 60 Hz, Smart TV) [Modelljahr 2022], schwarz",https://www.amazon.de/dp/B09RQ4C4KX,32.0,184.99,184.99,EUR,184.99,Amazon,DE,2026-07-30T06:47:27Z,B09RQ4C4KX,,,,,
LG,"LG Full HD LR60006LA TV 43 Zoll (109 cm) Smart TV, a5 Gen6 AI Prozessor,WebOS 23, 60Hz, HDR, 43LR60006LA (2025)",https://www.amazon.de/dp/B0FNRFJ2Y5,43.0,229.0,229.0,EUR,229.0,Amazon,DE,2026-07-30T06:47:27Z,B0FNRFJ2Y5,,,,,
LG,"LG 65NU8E0B3LA TV 65 Zoll (165 cm) Nano 4K UHD TV (α7 Gen9 4K AI Prozessor, webOS 26, 60Hz (VRR bis zu 60Hz)) [Modelljahr 2026] [Energieklasse E]",https://www.amazon.de/dp/B0GSGWWKHY,65.0,495.0,495.0,EUR,495.0,Amazon,DE,2026-07-30T06:47:27Z,B0GSGWWKHY,,,,,
LG,"LG 50UA75006LA TV 50 Zoll (127 cm) 4K UHD AI TV (α7 Gen8 4K AI Prozessor, webOS 25, 60Hz) [Modelljahr 2025]",https://www.amazon.de/dp/B0F2GFLHR9,50.0,349.0,349.0,EUR,349.0,Amazon,DE,2026-07-30T06:47:27Z,B0F2GFLHR9,,,,,
LG,LG TV AI NANO81 (2025) 43 Zoll NanoCell UHD 4K - 43NANO81A6A,https://www.amazon.de/dp/B0F4PR7DYQ,43.0,320.96,320.96,EUR,320.96,Amazon,DE,2026-07-30T06:47:27Z,B0F4PR7DYQ,,,,,
LG,"LG 50QNED86A6C TV 50 Zoll (127 cm) 4K QNED evo AI TV (α7 Gen8 4K AI Prozessor, webOS 25, 60Hz) [Modelljahr 2025]",https://www.amazon.de/dp/B0F3DNWVBZ,50.0,444.0,444.0,EUR,444.0,Amazon,DE,2026-07-30T06:47:27Z,B0F3DNWVBZ,,,,,
LG,"LG OLED65G57LW TV 65 Zoll (165 cm) 4K OLED evo AI TV (α11 Gen2 4K AI Prozessor, webOS 25, 120Hz (VRR bis zu 165Hz)) [Modelljahr 2025]",https://www.amazon.de/dp/B0F2JBN3QH,65.0,1498.89,1498.89,EUR,1498.89,Amazon,DE,2026-07-30T06:47:27Z,B0F2JBN3QH,,,,,
LG,"LG 32LQ63806LC TV 80 cm (32 Zoll) LCD Fernseher (1080p FHD, 60 Hz, Smart TV, weiß) (Modelljahr 2022), Multicolor",https://www.amazon.de/dp/B09V5C4BN7,32.0,188.47,188.47,EUR,188.47,Amazon,DE,2026-07-30T06:47:27Z,B09V5C4BN7,,,,,
LG,"LG 43NANO80A6B TV 43 Zoll (109 cm) 4K NanoCell AI TV (α7 Gen8 4K AI Prozessor, webOS 25, 60Hz) [Modelljahr 2025]",https://www.amazon.de/dp/B0F2GCGWJQ,43.0,,,,,Amazon,DE,2026-07-30T06:47:27Z,B0F2GCGWJQ,,,,,
LG,"LG OLED48B59LA TV 48 Zoll (121 cm) 4K OLED AI TV (α8 Gen2 4K AI Prozessor, webOS 25, 120Hz) [Modelljahr 2025]",https://www.amazon.de/dp/B0F2JFD3PN,48.0,569.0,569.0,EUR,569.0,Amazon,DE,2026-07-30T06:47:27Z,B0F2JFD3PN,,,,,
LG,"LG TV 65 Zoll (165 cm) 4K UHD AI TV 2025 (α7 Gen8 4K AI Prozessor, webOS 25, 60Hz) 65UA73006LA",https://www.amazon.de/dp/B0F2GBVRN8,65.0,449.0,449.0,EUR,449.0,Amazon,DE,2026-07-30T06:47:27Z,B0F2GBVRN8,,,,,
LG,"LG 43QNED86A6C TV 43 Zoll (109 cm) 4K QNED evo AI TV (α7 Gen8 4K AI Prozessor, webOS 25, 60Hz) [Modelljahr 2025]",https://www.amazon.de/dp/B0F3DPVC82,43.0,395.1,395.1,EUR,395.1,Amazon,DE,2026-07-30T06:47:27Z,B0F3DPVC82,,,,,
LG,"LG 75QNED83B6A TV 75 Zoll (190 cm) 4K QNED evo Mini LED AI TV (α8 Gen3 4K AI Prozessor, webOS 26, 120Hz (VRR bis zu 144Hz)) [Modelljahr 2026] [Energieklasse F]",https://www.amazon.de/dp/B0GSGRMNR3,75.0,1059.0,1059.0,EUR,1059.0,Amazon,DE,2026-07-30T06:47:27Z,B0GSGRMNR3,,,,,
LG,"LG UHD TV AI 2025 | 50UA73 | 50 Zoll (126cm) | 4K UHD | HDR10 |webOS 25 | Alexa, Google Assistant | Netflix Disney+ C+ Prime Video | AirPlay 2",https://www.amazon.de/dp/B0F2GF65MX,50.0,299.0,299.0,EUR,299.0,Amazon,DE,2026-07-30T06:47:27Z,B0F2GF65MX,,,,,
LG,"LG OLED55G57LW TV 55 Zoll (139 cm) 4K OLED evo AI TV (α11 Gen2 4K AI Prozessor, webOS 25, 120Hz (VRR bis zu 165Hz)) [Modelljahr 2025]",https://www.amazon.de/dp/B0F2JFZGNY,55.0,1062.0,1062.0,EUR,1062.0,Amazon,DE,2026-07-30T06:47:27Z,B0F2JFZGNY,,,,,
LG,"LG 27LB70006LA TV 27 Zoll (68 cm) Full HD LCD TV (α5 Gen9 4K AI Prozessor, webOS 26, 120Hz) [Modelljahr 2026] [Energieklasse E]",https://www.amazon.de/dp/B0H2F6QFQK,27.0,249.0,249.0,EUR,249.0,Amazon,DE,2026-07-30T06:47:27Z,B0H2F6QFQK,,,,,
LG,"LG 85QNED7EB3A TV 85 Zoll, 2150 Mm, 4K QNED Mini LED AI, α7 Gen9 Prozessor, webOS 26, 60Hz, VRR, Modelljahr 2026",https://www.amazon.de/dp/B0GSHBHRJD,85.0,1147.97,1147.97,EUR,1147.97,Amazon,DE,2026-07-30T06:47:27Z,B0GSHBHRJD,,,,,
LG,"LG 55NANO80A6B TV 55 Zoll (139 cm) 4K NanoCell AI TV (α7 Gen8 4K AI Prozessor, webOS 25, 60Hz) [Modelljahr 2025]",https://www.amazon.de/dp/B0F2GJL6JK,55.0,399.0,399.0,EUR,399.0,Amazon,DE,2026-07-30T06:47:27Z,B0F2GJL6JK,,,,,
LG,"LG 43UR78006LK 109 cm (43 Zoll) UHD Fernseher (Active HDR, 60 Hz, Smart TV) [Modelljahr 2023]",https://www.amazon.de/dp/B0BWWJQVGZ,43.0,285.0,285.0,EUR,285.0,Amazon,DE,2026-07-30T06:47:27Z,B0BWWJQVGZ,,,,,
LG,"LG 75NU8E0B3LA TV 75 Zoll (190 cm) Nano 4K UHD TV (α7 Gen9 4K AI Prozessor, webOS 26, 60Hz (VRR bis zu 60Hz)) [Modelljahr 2026] [Energieklasse E]",https://www.amazon.de/dp/B0GSGRGVCB,75.0,699.0,699.0,EUR,699.0,Amazon,DE,2026-07-30T06:47:27Z,B0GSGRGVCB,,,,,
LG,"LG OLED65C54LA TV 65 Zoll (165 cm) 4K OLED evo AI TV (α9 Gen8 4K AI Prozessor, webOS 25, 120Hz (VRR bis zu 144Hz)) [Modelljahr 2025] [Energieklasse F]",https://www.amazon.de/dp/B0FQP6YQJG,65.0,1179.0,1179.0,EUR,1179.0,Amazon,DE,2026-07-30T06:47:27Z,B0FQP6YQJG,,,,,
LG,"LG 50QNED82A6B TV 50 Zoll (127 cm) 4K QNED AI TV (α7 Gen8 4K AI Prozessor, webOS 25, 60Hz) [Modelljahr 2025]",https://www.amazon.de/dp/B0F228H2M1,50.0,348.0,348.0,EUR,348.0,Amazon,DE,2026-07-30T06:47:27Z,B0F228H2M1,,,,,
LG,"Smart TV LG 32LR60006LA.AEUQ Full HD 32"" LED",https://www.amazon.de/dp/B0F227Q92B,32.0,,,,,Amazon,DE,2026-07-30T06:47:27Z,B0F227Q92B,,,,,
LG,"LG 55QNED82A6B TV 55 Zoll (139 cm) 4K QNED AI TV (α7 Gen8 4K AI Prozessor, webOS 25, 60Hz) [Modelljahr 2025]",https://www.amazon.de/dp/B0F2259VV1,55.0,399.0,399.0,EUR,399.0,Amazon,DE,2026-07-30T06:47:27Z,B0F2259VV1,,,,,
LG,LG Smart TV 55 Zoll 4K Ultra HD LED Display NanoCell System WebOS Prozessor A7 Gen8 Klasse G Farbe Schwarz Fernseher - 55NANO81A6A.API,https://www.amazon.de/dp/B0FFGZZTMH,55.0,359.0,359.0,EUR,359.0,Amazon,DE,2026-07-30T06:47:27Z,B0FFGZZTMH,,,,,
LG,"LG OLED77C54LA TV 77 Zoll (195 cm) 4K OLED evo AI TV (α9 Gen8 4K AI Prozessor, webOS 25, 120Hz (VRR bis zu 144Hz)) [Modelljahr 2025] [Energieklasse F]",https://www.amazon.de/dp/B0F3D64K3K,77.0,1749.0,1749.0,EUR,1749.0,Amazon,DE,2026-07-30T06:47:27Z,B0F3D64K3K,,,,,
LG,"LG 55UA75006LA TV 55 Zoll (139 cm) 4K UHD AI TV (α7 Gen8 4K AI Prozessor, webOS 25, 60Hz) [Modelljahr 2025]",https://www.amazon.de/dp/B0F2GHFZCJ,55.0,,,,,Amazon,DE,2026-07-30T06:47:27Z,B0F2GHFZCJ,,,,,
LG,"LG OLED65B59LA TV 65 Zoll (165 cm) 4K OLED AI TV (α8 Gen2 4K AI Prozessor, webOS 25, 120Hz) [Modelljahr 2025]",https://www.amazon.de/dp/B0F2JBSBG8,65.0,1099.0,1099.0,EUR,1099.0,Amazon,DE,2026-07-30T06:47:27Z,B0F2JBSBG8,,,,,
LG,"Smart TV LG 50NANO81A6A 4K Ultra HD 50"" LED Wi-Fi",https://www.amazon.de/dp/B0FY7KJBKZ,50.0,349.0,349.0,EUR,349.0,Amazon,DE,2026-07-30T06:47:27Z,B0FY7KJBKZ,,,,,
LG,"LG 75QNED82A6B TV 75 Zoll (190 cm) 4K QNED AI TV (α7 Gen8 4K AI Prozessor, webOS 25, 60Hz) [Modelljahr 2025]",https://www.amazon.de/dp/B0F2293HRK,75.0,799.0,799.0,EUR,799.0,Amazon,DE,2026-07-30T06:47:27Z,B0F2293HRK,,,,,
LG,"LG 32LQ630B6LA TV 81,3 cm [32] HD Smart TV Wi-Fi Nero (LG 32LQ630B6LA LQ630B Series - 32 LED)",https://www.amazon.de/dp/B09XXX78CS,32.0,185.0,185.0,EUR,185.0,Amazon,DE,2026-07-30T06:47:27Z,B09XXX78CS,,,,,
LG,"LG OLED65B68LA TV 65 Zoll (165 cm) 4K OLED AI TV (α8 Gen3 4K AI Prozessor, webOS 26, 120Hz (VRR bis zu 120Hz)) [Modelljahr 2026] [Energieklasse F]",https://www.amazon.de/dp/B0GSH1VH5S,65.0,1189.0,1189.0,EUR,1189.0,Amazon,DE,2026-07-30T06:47:27Z,B0GSH1VH5S,,,,,
Xiaomi,"Xiaomi TV F 65, 65 Zoll (165 cm), 4K UHD, Smart TV, Fire OS8, Triple Tuner DVB-C/S/S2/T/T2,HDR10, MEMC, 60Hz mit 120Hz Game Boost Mode,Sprachsteuerung mit Alexa,2GB+32GB, Kompatibel mit Apple AirPlay",https://www.amazon.de/dp/B0F457MQCQ,65.0,399.0,399.0,EUR,399.0,Amazon,DE,2026-07-30T06:47:27Z,B0F457MQCQ,,,,,
Hisense,"Hisense 55E7DS Fernseher 55 Zoll, 4K UHD QLED, Smart TV, Hi View AI Engine, 60Hz Game Mode Plus, Dolby Vision IQ, QLED Colour, Filmmaker, Smooth Motion, Airplay, Sprachsteuerung, 2026 | Dolby Atmos, VIDAA OS, Dolby Vision IQ, HDR 10+, Game Mode, Bluetooth, Wifi, Alexa, AirPlay2, Lativù 4K, 2026 Model",https://www.amazon.de/dp/B0GM1TVSMG,55.0,359.0,359.0,EUR,359.0,Amazon,DE,2026-07-30T06:47:27Z,B0GM1TVSMG,,,,,
LG,"LG OLED65C6ELB TV 65 Zoll (165 cm) 4K OLED evo AI TV (α11 Gen3 4K AI Prozessor, webOS 26, 120Hz (VRR bis zu 165Hz)) [Modelljahr 2026] [Energieklasse F]",https://www.amazon.de/dp/B0GSGWPS8Z,65.0,1899.0,1899.0,EUR,1899.0,Amazon,DE,2026-07-30T06:47:27Z,B0GSGWPS8Z,,,,,
LG,"LG 43NU850B6LA - Smart TV Nano 4K UHD NU85 43 Zoll, ohne Reflexionen zu 94 %, WebOS 26 AI Copilot, Intelligenter Prozessor α7 AI Prozessor 4K Gen9, HDR10 Pro, 4K Super Upscaling, Dolby",https://www.amazon.de/dp/B0H2DWJC5L,43.0,309.38,309.38,EUR,309.38,Amazon,DE,2026-07-30T06:47:27Z,B0H2DWJC5L,,,,,
LG,"LG OLED65G67LW TV 65 Zoll (165cm) 4K OLED Evo AI, α11 Gen3 Prozessor, webOS 26, 120Hz, VRR bis zu 165Hz, Modelljahr 2026, Energieklasse E",https://www.amazon.de/dp/B0GSH6Z2NJ,65.0,2748.99,2748.99,EUR,2748.99,Amazon,DE,2026-07-30T06:47:27Z,B0GSH6Z2NJ,,,,,
LG,LG TV AI NANO81 (2025) 86 Zoll NanoCell UHD 4K - 86NANO81A6A,https://www.amazon.de/dp/B0F2GGYGH4,86.0,979.0,979.0,EUR,979.0,Amazon,DE,2026-07-30T06:47:27Z,B0F2GGYGH4,,,,,
LG,"LG 43QNED82A6B TV 43 Zoll (109 cm) 4K QNED AI TV (α7 Gen8 4K AI Prozessor, webOS 25, 60Hz) [Modelljahr 2025]",https://www.amazon.de/dp/B0F2269H9B,43.0,329.0,329.0,EUR,329.0,Amazon,DE,2026-07-30T06:47:27Z,B0F2269H9B,,,,,
LG,"LG 65QNED86T6A TV 65"" (165 cm) QNED Fernseher (α8 4K AI-Prozessor, webOS 24, HDR10, bis zu 120Hz) [Modelljahr 2024]",https://www.amazon.de/dp/B0CYPY4DYN,65.0,1219.0,1219.0,EUR,1219.0,Amazon,DE,2026-07-30T06:47:27Z,B0CYPY4DYN,,,,,
LG,"LG 43QNED80A6A 43 Zoll Smart TV, 4K, QNED, DVB-T2, WLAN, HEVC/H.265, Energieklasse G",https://www.amazon.de/dp/B0FFH1FGLC,43.0,331.0,331.0,EUR,331.0,Amazon,DE,2026-07-30T06:47:27Z,B0FFH1FGLC,,,,,
LG,"LG OLED77B59LA TV 77 Zoll (195 cm) 4K OLED AI TV (α8 Gen2 4K AI Prozessor, webOS 25, 120Hz) [Modelljahr 2025]",https://www.amazon.de/dp/B0F225VHQ7,77.0,1528.0,1528.0,EUR,1528.0,Amazon,DE,2026-07-30T06:47:27Z,B0F225VHQ7,,,,,
LG,"LG 32LQ63006LA Smart TV 32 Zoll Full HD, LED TV 2022 mit α5 Gen 5 Prozessor mit AI, webOS 22, HDR, WLAN, Bluetooth, Game Optimizer, Google Stadia und GeForce Now, kompatibel mit Google Home und Alexa",https://www.amazon.de/dp/B09T74KPR6,32.0,231.2,231.2,EUR,231.2,Amazon,DE,2026-07-30T06:47:27Z,B09T74KPR6,,,,,
LG,"LG 65QNED82A6B TV 65 Zoll (165 cm) 4K QNED AI TV (α7 Gen8 4K AI Prozessor, webOS 25, 60Hz) [Modelljahr 2025]",https://www.amazon.de/dp/B0F226M1SY,65.0,669.0,669.0,EUR,669.0,Amazon,DE,2026-07-30T06:47:27Z,B0F226M1SY,,,,,
LG,"LG 98UT91006LA TV 98"" (249 cm) UHD Fernseher (α8 4K AI-Prozessor, webOS 24, bis zu 120Hz) [Modelljahr 2024]",https://www.amazon.de/dp/B0FBS98KPZ,98.0,1579.0,1579.0,EUR,1579.0,Amazon,DE,2026-07-30T06:47:27Z,B0FBS98KPZ,,,,,
Hisense,"Hisense 43E7Q PRO Fehrnseher,43 Zoll, 4K UHD QLED, Smart TV,144Hz Game Mode PRO,Filmaker Mode, AMD FreeSync Premium,AI HDR Upscaler,Dolby Vision IQ,Dolby Atmos,Sprachsteuerung [2025]",https://www.amazon.de/dp/B0FFH953XW,43.0,402.24,402.24,EUR,402.24,Amazon,DE,2026-07-30T06:47:27Z,B0FFH953XW,,,,,
LG,"LG OLED55G59LS TV 55 Zoll (139 cm) 4K OLED evo AI TV (α11 Gen2 4K AI Prozessor, webOS 25, 120Hz (VRR bis zu 165Hz)) [Modelljahr 2025]",https://www.amazon.de/dp/B0F4KQJFFM,55.0,1099.0,1099.0,EUR,1099.0,Amazon,DE,2026-07-30T06:47:27Z,B0F4KQJFFM,,,,,
LG,"LG OLED EVO 42C58LA 42 Zoll Fernseher, 4K Smart TV 120Hz, a9 Gen8 AI Prozessor 4K, WebOS 25",https://www.amazon.de/dp/B0F4H639VZ,42.0,689.0,689.0,EUR,689.0,Amazon,DE,2026-07-30T06:47:27Z,B0F4H639VZ,,,,,
Toshiba,Toshiba 43UV2363DG Fernseher 43 Zoll VIDAA Smart TV mit 4K UHD Auflösung | HDR | 3x HDMI | 2x USB | Dolby Audio | Sprachsteuerung | Frameless Design | Triple-Tuner DVB-C/-S2/-T2 | Modelljahr 2026,https://www.amazon.de/dp/B0CHF5GKTL,43.0,225.04,225.04,EUR,225.04,Amazon,DE,2026-07-30T06:47:27Z,B0CHF5GKTL,,,,,
LG,"LG OLED55G58LW TV 55 Zoll (139 cm) 4K OLED evo AI TV (α11 Gen2 4K AI Prozessor, webOS 25, 120Hz (VRR bis zu 165Hz)) [Modelljahr 2025]",https://www.amazon.de/dp/B0F4GJMHZB,55.0,999.0,999.0,EUR,999.0,Amazon,DE,2026-07-30T06:47:27Z,B0F4GJMHZB,,,,,
LG,"LG TV 55QNED70A6A (2025) 55"" QNED 4K UHD",https://www.amazon.de/dp/B0FV25V1Q7,55.0,,,,,Amazon,DE,2026-07-30T06:47:27Z,B0FV25V1Q7,,,,,
LG,"LG OLED EVO 48C58LA 48 Zoll Fernseher, 4K Smart TV 120Hz, a9 Gen8 AI Prozessor 4K, WebOS 25",https://www.amazon.de/dp/B0F4JY1RD9,48.0,699.0,699.0,EUR,699.0,Amazon,DE,2026-07-30T06:47:27Z,B0F4JY1RD9,,,,,
Philips,"Philips Ambilight 65PUS8109 4K LED Smart TV - 65-Zoll Display mit Pixel-präziser Ultra HD, Titan OS Plattform und Dolby Atmos, Funktioniert mit Alexa und Google Sprachassistent - Satiniertes Chrom",https://www.amazon.de/dp/B0D3MWKK68,65.0,895.26,895.26,EUR,895.26,Amazon,DE,2026-07-30T06:47:27Z,B0D3MWKK68,,,,,
LG,"TV intelligente LG 24TQ510S-PZ 24"" HD LED WIFI",https://www.amazon.de/dp/B09ZV6HKQT,24.0,177.88,177.88,EUR,177.88,Amazon,DE,2026-07-30T06:47:27Z,B09ZV6HKQT,,,,,
LG,"LG OLED48C57LA OLED evo TV, 121 cm (48 Zoll), 4K UHD, Smart TV, Flachbildschirm | OLED evo, Smart TV Super Upscaling 2025, WebOS 25 IA, Prozessor α9 AI Gen8, VRR 144 Hz, Helligkeitssteuerung per IA, Schwarz",https://www.amazon.de/dp/B0FXGCDLM2,48.0,729.0,729.0,EUR,729.0,Amazon,DE,2026-07-30T06:47:27Z,B0FXGCDLM2,,,,,
Sony,"Sony BRAVIA, KD-75X75WL, 75 Zoll Fernseher, LED, 4K HDR, Google TV, Smart TV, Works with Alexa, BRAVIA CORE, HDMI 2.1, Gaming-Menü mit ALLM",https://www.amazon.de/dp/B0BYP2QT3X,75.0,899.0,899.0,EUR,899.0,Amazon,DE,2026-07-30T06:47:27Z,B0BYP2QT3X,,,,,
LG,"LG 55QNED816RE 140 cm (55 Zoll) 4K QNED TV (Active HDR, 120 Hz, Smart TV) [Modelljahr 2023]",https://www.amazon.de/dp/B0BWWKTV19,55.0,512.04,512.04,EUR,512.04,Amazon,DE,2026-07-30T06:47:27Z,B0BWWKTV19,,,,,
LG,"LG Electronics 80 cm (32 Zoll) Fernseher (LED, Triple Tuner, Active HDR, Smart TV), 32LM630B, Moulding/Rocky Black",https://www.amazon.de/dp/B07PRM2L3Q,32.0,304.9,304.9,EUR,304.9,Amazon,DE,2026-07-30T06:47:27Z,B07PRM2L3Q,,,,,
TCL,"TCL 50Q7C 50 Zoll QD-Mini LED Fernseher, 4K HDR Premium 2000, Smart TV unterstützt durch Google TV (Dolby Vision IQ & Atmos, HVA-Panel, 144Hz Motion Clarity Pro, Freihändige Sprachsteuerung)",https://www.amazon.de/dp/B0F38D74ZD,50.0,,,,,Amazon,DE,2026-07-30T06:47:27Z,B0F38D74ZD,,,,,
TCL,"TCL 50T6C 50 Zoll QLED Fernseher, 4K UHD Fire TV, HDR10+, Dolby Vision & Atmos, Smart TV mit Sprachsteuerung mit Alexa, Google Cast & AirPlay 2",https://www.amazon.de/dp/B0DW9792RH,50.0,259.0,259.0,EUR,259.0,Amazon,DE,2026-07-30T06:47:27Z,B0DW9792RH,,,,,
LG,"LG OLED55B4ELA TV 139 cm (55 Zoll) OLED Fernseher (α8 4K AI-Prozessor, webOS 24, Dolby Vision, bis zu 120Hz) [Modelljahr 2024]",https://www.amazon.de/dp/B0DDTVTT65,55.0,849.95,849.95,EUR,849.95,Amazon,DE,2026-07-30T06:47:27Z,B0DDTVTT65,,,,,
LG,"LG 75NANO81T6A TV 75"" (190 cm) NanoCell Fernseher (α5 Gen7 4K AI-Prozessor, webOS 24, HDR10, bis zu 60Hz) [Modelljahr 2024]",https://www.amazon.de/dp/B0CYQ1HZHW,75.0,686.87,686.87,EUR,686.87,Amazon,DE,2026-07-30T06:47:27Z,B0CYQ1HZHW,,,,,
LG,"LG QNED AI 2025 TV | 43QNED70 | 43 Zoll (108 cm) | 4K UHD | HDR10 | webOS 25 | AI Magic Remote | Alexa, Google Assistant | Netflix Disney+ K+ Prime Video",https://www.amazon.de/dp/B0FV1XBMNB,43.0,349.0,349.0,EUR,349.0,Amazon,DE,2026-07-30T06:47:27Z,B0FV1XBMNB,,,,,
LG,"LG OLED65G54LW TV 65 Zoll (15,2 cm), OLED EVO 4K, Smart TV AI B5, WebOS 25, Dolby Vision und Dolby Atmos, AMD FreeSync, Alexa/Google Assistant, Schwarz",https://www.amazon.de/dp/B0F3D871FD,65.0,,,,,Amazon,DE,2026-07-30T06:47:27Z,B0F3D871FD,,,,,
LG,"LG OLED83G58LW TV 83 Zoll (210 cm) 4K OLED evo AI TV (α11 Gen2 4K AI Prozessor, webOS 25, 120Hz (VRR bis zu 165Hz)) [Modelljahr 2025]",https://www.amazon.de/dp/B0F4J22QGD,83.0,3499.0,3499.0,EUR,3499.0,Amazon,DE,2026-07-30T06:47:27Z,B0F4J22QGD,,,,,
LG,"LG OLED42C57 OLED evo Smart TV, 42 Zoll / 106 cm Flachbildschirm, 4K UHD Auflösung, KI-Technologie, 2025 Modell",https://www.amazon.de/dp/B0FLVB9P5X,42.0,689.0,689.0,EUR,689.0,Amazon,DE,2026-07-30T06:47:27Z,B0FLVB9P5X,,,,,
LG,"Cello C2425WSF Trav 24"" 230V 12V Full HD SMART/DVD Camping Reise TV integrierter DVD Player Rahmenlos Triple Tuner Bluetooth WebOS by LG Pitch Perfect Lautsprecher Wohnmobil LKW [2025]",https://www.amazon.de/dp/B0DZCSKQ2D,24.0,219.99,219.99,EUR,219.99,Amazon,DE,2026-07-30T06:47:27Z,B0DZCSKQ2D,,,,,
LG,"LG 43QNED80T6A 109cm 43"" 4K UHD Smart TV",https://www.amazon.de/dp/B0D6713PYH,43.0,391.0,391.0,EUR,391.0,Amazon,DE,2026-07-30T06:47:27Z,B0D6713PYH,,,,,
LG,"LG 43QNED756RA 109 cm (43 Zoll) 4K QNED MiniLED TV (Active HDR, 60 Hz, Smart TV) [Modelljahr 2023]",https://www.amazon.de/dp/B0BWWJVY7X,43.0,391.0,391.0,EUR,391.0,Amazon,DE,2026-07-30T06:47:27Z,B0BWWJVY7X,,,,,
LG,"REFLEXION LED24IBT Smart LED Fernseher, LG webOSHub, 60 cm / 24 Zoll, Wohnwagen/Wohnmobil/Camping/Caravan/Boot/LKW TV, 12/230 Volt, Full HD, Triple Tuner, DVB-T2HD, DVB-S2, DVB-C, Bluetooth, WLAN",https://www.amazon.de/dp/B0DK62XLYP,24.0,197.31,197.31,EUR,197.31,Amazon,DE,2026-07-30T06:47:27Z,B0DK62XLYP,,,,,
Hisense,"Hisense 55E7Q Fehrnseher, 55 Zoll, 4K UHD QLED, Smart TV, Game Mode Plus, Filmaker Mode, Dolby Vision Atmos, HDR10, HLG, HDR Immersive, AI 4K Upscaler, Dolby MS12, DTS X, Sprachsteuerung [2025]",https://www.amazon.de/dp/B0F1MPWV27,55.0,369.0,369.0,EUR,369.0,Amazon,DE,2026-07-30T06:47:27Z,B0F1MPWV27,,,,,
LG,"LG OLED48C47LA TV 48"" (121 cm) OLED evo Fernseher (α9 Gen7 4K AI-Prozessor, webOS 24, Dolby Vision, bis zu 120Hz) [Modelljahr 2024]",https://www.amazon.de/dp/B0CYQ16XRR,48.0,,,,,Amazon,DE,2026-07-30T06:47:27Z,B0CYQ16XRR,,,,,
Hisense,"Hisense 43E7NQ 108 cm (43 Zoll) Fernseher, 4K UHD, QLED, HDR10, HDR10+ decoding, HLG, Dolby Vision Atmos, 60Hz Panel, Smooth Motion, Bluetooth, Alexa Built-in, VIDAA Voice, Schwarz [2024]",https://www.amazon.de/dp/B0CXTL4DBP,43.0,349.0,349.0,EUR,349.0,Amazon,DE,2026-07-30T06:47:27Z,B0CXTL4DBP,,,,,
LG,"LG 43UA73003LA – 43 Zoll Fernseher (Smart TV, DVB-T2, 4K, LED, Energieeffizienzklasse G",https://www.amazon.de/dp/B0G1ZDLM2H,43.0,354.05,354.05,EUR,354.05,Amazon,DE,2026-07-30T06:47:27Z,B0G1ZDLM2H,,,,,
TCL,"TCL 75T8C 75 Zoll QLED 4K HDR UHD Fernseher, Smart Google TV Dolby Vision & Atmos, 144Hz Motion Clarity Pro, Game Bar, ALLM, FreeSync, Onkyo 2.1 Sound, Sprachsteuerung, Kompatibel mit Google Assistant",https://www.amazon.de/dp/B0DV9L71QL,75.0,679.0,679.0,EUR,679.0,Amazon,DE,2026-07-30T06:47:27Z,B0DV9L71QL,,,,,
LG,"LG 48"" OLED evo C5 4K TV – 144Hz, Dolby Vision IQ, webOS 25, HDMI 2.1, KI-Prozessor, Dolby Atmos",https://www.amazon.de/dp/B0G6C27G1X,48.0,729.0,729.0,EUR,729.0,Amazon,DE,2026-07-30T06:47:27Z,B0G6C27G1X,,,,,
LG,"Cello C2224WSH 22 Zoll-Smart-Fernseher ohne Rahmen, netzbetrieben, WebOS von LG,Bluetooth, Pitch Perfect-Lautsprecher, ideal für Küche, Schlafzimmer oder kleine Räume",https://www.amazon.de/dp/B0D31Y8LTL,22.0,,,,,Amazon,DE,2026-07-30T06:47:27Z,B0D31Y8LTL,,,,,
LG,"LG OLED 65C44LA 65 Zoll Fernseher, 4K Smart TV, a9 Gen7 AI Prozessor 4K, WebOS 24",https://www.amazon.de/dp/B0D671RPKR,65.0,1219.0,1219.0,EUR,1219.0,Amazon,DE,2026-07-30T06:47:27Z,B0D671RPKR,,,,,
LG,"LG 75UR80006LJ 190 cm (75 Zoll) UHD Fernseher (Active HDR, 60 Hz, Smart TV) [Modelljahr 2023]",https://www.amazon.de/dp/B0BWWKTDPY,75.0,1532.68,1532.68,EUR,1532.68,Amazon,DE,2026-07-30T06:47:27Z,B0BWWKTDPY,,,,,
LG,"LG 32LM6300PLA 800 Mm, 32 Zoll, Full HD, LED Fernseher, Triple Tuner, Active HDR, Smart TV, 1080p, Rocky Black, 2021",https://www.amazon.de/dp/B07Q124XGQ,32.0,299.0,299.0,EUR,299.0,Amazon,DE,2026-07-30T06:47:27Z,B07Q124XGQ,,,,,
LG,"LG NANOCELL AI 2025 TV | 55NANO90| 55 Zoll (139cm) | 4K UHD | HDR10 | webOS 25 | Telekommade AI Magic Remote | Alexa, Google Assistant | Netflix Disney+ C+ Prime Video | AirPlay 2 | Reine Farben",https://www.amazon.de/dp/B0F4KP88XQ,55.0,,,,,Amazon,DE,2026-07-30T06:47:27Z,B0F4KP88XQ,,,,,
LG,"TV intelligente LG 24TQ510SWZ 24"" HD LED WIFI",https://www.amazon.de/dp/B09ZV7BJJM,24.0,225.84,225.84,EUR,225.84,Amazon,DE,2026-07-30T06:47:27Z,B09ZV7BJJM,,,,,
LG,LG OLED TV 2025 | OLED48B5 | 48 Zoll (121 cm) | OLED | Prozessor α8 AI 4K Gen2 | Dolby Vision & Atmos | Alexa,https://www.amazon.de/dp/B0FF52R2WK,48.0,762.48,762.48,EUR,762.48,Amazon,DE,2026-07-30T06:47:27Z,B0FF52R2WK,,,,,
LG,"LG UHD UA75 43UA75006LA 43 Zoll 4K Smart TV, α7 AI Prozessor Gen8, 60 Hz, HDR10, Filmmaker Mode™, Google Cast, Apple AirPlay 2, 2025",https://www.amazon.de/dp/B0GTVR5RHH,43.0,341.43,341.43,EUR,341.43,Amazon,DE,2026-07-30T06:47:27Z,B0GTVR5RHH,,,,,
LG,"LG Electronics 43UP77009LB 108 cm (43 Zoll) UHD Fernseher (4K, 60 Hz, Smart TV) [Modelljahr 2021]",https://www.amazon.de/dp/B08VDZL69Z,43.0,,,,,Amazon,DE,2026-07-30T06:47:27Z,B08VDZL69Z,,,,,
LG,"LG 55SM8500PLA 139 cm (55 Zoll) Fernseher (NanoCell, Triple Tuner, 4K Cinema HDR, Dolby Vision, Dolby Atmos, Smart TV)",https://www.amazon.de/dp/B07PMP34JH,55.0,707.99,707.99,EUR,707.99,Amazon,DE,2026-07-30T06:47:27Z,B07PMP34JH,,,,,
LG,LG TV QNED Evo AI 2025 | 55QNED85A | 55 Zoll (139 cm) | MiniLED 120Hz | Prozessor α8 AI 4K Gen2 | Dolby Vision | Alexa,https://www.amazon.de/dp/B0F4PMNX6M,55.0,675.0,675.0,EUR,675.0,Amazon,DE,2026-07-30T06:47:27Z,B0F4PMNX6M,,,,,
LG,"LG OLED55G54LW TV 55 Zoll (139,7 cm), OLED EVO 4K, Smart TV AI G5, WebOS 25, Super Upscaling, Dolby Vision und Dolby Atmos, AMD FreeSync, Alexa/Google Assistant, Schwarz",https://www.amazon.de/dp/B0F3D88VP6,55.0,1349.0,1349.0,EUR,1349.0,Amazon,DE,2026-07-30T06:47:27Z,B0F3D88VP6,,,,,
TCL,"TCL 43T69C 43 Zoll QLED, Direct LED TV, 4K HDR TV, Smart Google TV (Dolby Vision & Atmos, Game Master, Motion Clarity, Kompatibel mit Google Assistant & Alexa)",https://www.amazon.de/dp/B0F8QFTXW9,43.0,289.0,289.0,EUR,289.0,Amazon,DE,2026-07-30T06:47:27Z,B0F8QFTXW9,,,,,
LG,Smart TV LG 43NANO81A6A,https://www.amazon.de/dp/B0FY7KGN76,42.0,,,,,Amazon,DE,2026-07-30T06:47:27Z,B0FY7KGN76,,,,,
LG,"LG 43UA74003LB 43"" 4K UHD LED Smart-TV (webOS 25, HDR10 Pro, 60Hz) (LG43UA74003LB)",https://www.amazon.de/dp/B0GHGVD2PF,43.0,286.8,286.8,EUR,286.8,Amazon,DE,2026-07-30T06:47:27Z,B0GHGVD2PF,,,,,
LG,"LG OLED65C64LA TV 65 Zoll (165 cm) 4K OLED evo AI Smart TV, α11 Gen3 AI Prozessor, 120 Hz (VRR bis 165 Hz), Modelljahr 2026",https://www.amazon.de/dp/B0H3MN2ZLX,65.0,1799.0,1799.0,EUR,1799.0,Amazon,DE,2026-07-30T06:47:27Z,B0H3MN2ZLX,,,,,
LG,LG 55NU850B6LA - Smart TV Nano 4K UHD AI NU85 55 Zoll 4K 2026,https://www.amazon.de/dp/B0H197QQMH,55.0,468.92,468.92,EUR,468.92,Amazon,DE,2026-07-30T06:47:27Z,B0H197QQMH,,,,,
Hisense,"Hisense 55E89Q Fernseher, 55 Zoll (139cm), 4K ULED Mini LED, Smart TV, 144Hz Game Mode PRO, Hi-View AI Engine, AI Smoothmotion, Built-in Subwoofer, Dolby Vision.Atmos, Filmmaker Mode, Hi-Concerto",https://www.amazon.de/dp/B0G5QTS4MN,55.0,491.95,491.95,EUR,491.95,Amazon,DE,2026-07-30T06:47:27Z,B0G5QTS4MN,,,,,
LG,"LG 55EG920V TVC OLED 55"" UHD Curved 3D SMART SAT",https://www.amazon.de/dp/B016KKSXM0,55.0,700.0,700.0,EUR,700.0,Amazon,DE,2026-07-30T06:47:27Z,B016KKSXM0,,,,,
LG,"LG 55UH600V 139 cm (55 Zoll) 4K Ultra HD Fernseher (3840 x 2160, Smart TV)",https://www.amazon.de/dp/B01C8TFAY6,55.0,400.0,400.0,EUR,400.0,Amazon,DE,2026-07-30T06:47:27Z,B01C8TFAY6,,,,,
LG,LG QNED MiniLED 55QNED87A6B 55? 4K Dolby Vision HDR Smart TV WebOS 25,https://www.amazon.de/dp/B0FJFYF12S,55.0,642.51,642.51,EUR,642.51,Amazon,DE,2026-07-30T06:47:27Z,B0FJFYF12S,,,,,
LG,"LG 50QNED756RA 127 cm (50 Zoll) 4K QNED MiniLED TV (Active HDR, 60 Hz, Smart TV) [Modelljahr 2023]",https://www.amazon.de/dp/B0BWWLPHH2,50.0,,,,,Amazon,DE,2026-07-30T06:47:27Z,B0BWWLPHH2,,,,,
LG,"LG Smart TV QNED 43QNED80T3A, 108 cm, Ultra HD 4K, Model 2024",https://www.amazon.de/dp/B0D9BXLMC5,43.0,391.0,391.0,EUR,391.0,Amazon,DE,2026-07-30T06:47:27Z,B0D9BXLMC5,,,,,
LG,LG TV Evo AI G6 (2026) 48 Zoll OLED UHD 4K - OLED48G66LS,https://www.amazon.de/dp/B0GYQ4TK5F,48.0,1522.32,1522.32,EUR,1522.32,Amazon,DE,2026-07-30T06:47:27Z,B0GYQ4TK5F,,,,,
LG,"Reflexion Smart LED Fernseher, LG webOSHub, Rahmenloser Wohnwagen/Wohnmobil/Camping/Caravan/Boot/LKW TV, Slimline, 12/24/230 Volt, Full HD, Triple Tuner, Bluetooth, WLAN, Schwarz/Silber (LDDX22IBT)",https://www.amazon.de/dp/B0CLPH4P84,22.0,339.0,339.0,EUR,339.0,Amazon,DE,2026-07-30T06:47:27Z,B0CLPH4P84,,,,,
LG,LG 65UA75006LA 65 Zoll 4K UHD Smart TV 2025,https://www.amazon.de/dp/B0FQ2S1ZB3,65.0,703.23,703.23,EUR,703.23,Amazon,DE,2026-07-30T06:47:27Z,B0FQ2S1ZB3,,,,,
LG,"LG OLED55C44LA TV 55"" (140 cm) OLED evo Fernseher (α9 Gen7 4K AI-Prozessor, webOS 24, Dolby Vision, bis zu 120Hz) [Modelljahr 2024]",https://www.amazon.de/dp/B0D66YSRL9,55.0,,,,,Amazon,DE,2026-07-30T06:47:27Z,B0D66YSRL9,,,,,
LG,"LG 32LQ63806LA TV 80 cm (32 Zoll) LCD Fernseher (1080p FHD, 50 Hz, Smart TV, weiß) [Modelljahr 2021",https://www.amazon.de/dp/B08VWDCW1D,32.0,299.0,299.0,EUR,299.0,Amazon,DE,2026-07-30T06:47:27Z,B08VWDCW1D,,,,,
LG,"LG NanoCell 43NANO82T6B TV 109,2 cm [43] 4K Ultra HD Smart TV Wi-Fi Nero (TELEVISION NANOCELL 43 LG 43NANO82T6B)",https://www.amazon.de/dp/B0D4VHM1R1,43.0,,,,,Amazon,DE,2026-07-30T06:47:27Z,B0D4VHM1R1,,,,,
LG,"LG 49UN710LG 49UN71006LB 123 cm (49 Zoll) UHD Fernseher (4K, 50 Hz, Smart T06LB 123 cm (49 Zoll) UHD Fernseher (4K, Triple Tuner (DVB-T2/T,-C,-S2/S), Active HDR, 50 Hz, Smart TV) [Modelljahr 2020]",https://www.amazon.de/dp/B084XSJ66V,49.0,,,,,Amazon,DE,2026-07-30T06:47:27Z,B084XSJ66V,,,,,
TCL,"TCL 55V6C 55 Zoll Direct LED TV, 4K HDR Fernseher, Smart TV mithilfe von Google TV (Dolby Audio, Motion Clarity, Kompatibel mit Google Assistant & Alexa)",https://www.amazon.de/dp/B0DV94JCVX,55.0,329.0,329.0,EUR,329.0,Amazon,DE,2026-07-30T06:47:27Z,B0DV94JCVX,,,,,
LG,"LG OLED77C64LA TV 77 Zoll (196 cm) 4K OLED evo AI Smart TV, α11 Gen3 AI Prozessor, 120 Hz (VRR bis 165 Hz), Modelljahr 2026",https://www.amazon.de/dp/B0GYQ4CYGZ,77.0,2399.0,2399.0,EUR,2399.0,Amazon,DE,2026-07-30T06:47:27Z,B0GYQ4CYGZ,,,,,
LG,"LG OLED48C44LA TV 48"" (122cm) OLED evo Fernseher (α9 Gen7 4K AI-Prozessor, webOS 24, Dolby Vision, bis zu 120Hz) [Modelljahr 2024]",https://www.amazon.de/dp/B0D671PGJM,48.0,,,,,Amazon,DE,2026-07-30T06:47:27Z,B0D671PGJM,,,,,
LG,"LG 65QNED869QA TV 164 cm (65 Zoll) QNED MiniLED Fernseher (Cinema HDR, 120 Hz, Smart TV) [Modelljahr 2022]",https://www.amazon.de/dp/B09RQ3TBK3,65.0,1578.18,1578.18,EUR,1578.18,Amazon,DE,2026-07-30T06:47:27Z,B09RQ3TBK3,,,,,
Hisense,"Hisense 65E7NQ Pro 164 cm (65 Zoll) Fernseher, 4K UHD, QLED, Smart TV, Total HDR, Dolby Vision IQ Atmos, 144Hz (VRR), HDMI 2.1, Game Mode PRO, Triple Tuner, Alexa Built-In, Dunkelgrau, [2024]",https://www.amazon.de/dp/B0CYQ2XDYQ,65.0,685.02,685.02,EUR,685.02,Amazon,DE,2026-07-30T06:47:27Z,B0CYQ2XDYQ,,,,,
LG,LG TV Evo AI QNED87 (2026) 100 Zoll QNED MiniLED UHD 4K - 100QNED87B6,https://www.amazon.de/dp/B0H4ZLSKF4,100.0,3465.42,3465.42,EUR,3465.42,Amazon,DE,2026-07-30T06:47:27Z,B0H4ZLSKF4,,,,,
LG,LG OLED TV AI 2026 | OLED48B6E | 48 Zoll (121 cm),https://www.amazon.de/dp/B0GWFNR5PT,48.0,1199.0,1199.0,EUR,1199.0,Amazon,DE,2026-07-30T06:47:27Z,B0GWFNR5PT,,,,,
LG,"LG OLED EVO 55C58LA 55 Zoll Fernseher, 4K Smart TV 120Hz, a9 Gen8 AI Prozessor 4K, WebOS 25",https://www.amazon.de/dp/B0F4JQYXXK,55.0,,,,,Amazon,DE,2026-07-30T06:47:27Z,B0F4JQYXXK,,,,,
LG,LG 50NU850B6LA - Smart TV Nano 4K UHD AI NU85 50 Zoll 4K 2026,https://www.amazon.de/dp/B0H19L9W71,50.0,432.54,432.54,EUR,432.54,Amazon,DE,2026-07-30T06:47:27Z,B0H19L9W71,,,,,
LG,"LG 65QNED86A6A TV 65 Zoll (165 cm) 4K QNED evo AI TV (α8 Gen2 4K AI Prozessor, webOS 25, 120Hz (VRR bis zu 144Hz)) [Modelljahr 2025]",https://www.amazon.de/dp/B0F226FL1G,65.0,1245.9,1245.9,EUR,1245.9,Amazon,DE,2026-07-30T06:47:27Z,B0F226FL1G,,,,,
LG,"REFLEXION LDDX24IBT-Black Smart LED Fernseher 24 Zoll / 60cm, LG webOSHub, Wohnwagen/Wohnmobil/Camping/Caravan/Boot/LKW TV, Slimline, 12/24/230 Volt, Full HD, Triple Tuner, Bluetooth, WLAN, DVD-Player",https://www.amazon.de/dp/B0DK1R5Y4P,24.0,319.95,319.95,EUR,319.95,Amazon,DE,2026-07-30T06:47:27Z,B0DK1R5Y4P,,,,,
Hisense,"Hisense 50U7Q Fernseher 50 Zoll, 4K Mini LED ULED, Smart TV, Hi-View AI Engine, 144Hz Game Mode Pro, FreeSync Premium, Built in Subwoofer, Dolby Vision IQ Atmos, Airplay, Sprachsteuerung[2025]",https://www.amazon.de/dp/B0F32KTJK8,50.0,499.99,499.99,EUR,499.99,Amazon,DE,2026-07-30T06:47:27Z,B0F32KTJK8,,,,,
Toshiba,"Toshiba 43 Zoll Fernseher Fire TV (4K UHD Smart TV, HDR Dolby Vision, Triple-Tuner, Alexa Built-In, Sound by Onkyo) 43UF3F63DAZ",https://www.amazon.de/dp/B0DCZ8S7KW,43.0,279.99,279.99,EUR,279.99,Amazon,DE,2026-07-30T06:47:27Z,B0DCZ8S7KW,,,,,
LG,"LG Electronics 65UP75009LF 164 cm (65 Zoll) UHD Fernseher (4K, 60 Hz, Smart TV) [Modelljahr 2021], Schwarz",https://www.amazon.de/dp/B08VD8PFJL,65.0,,,,,Amazon,DE,2026-07-30T06:47:27Z,B08VD8PFJL,,,,,
LG,"LG 50UR781C 127 cm (50"") LCD-TV mit LED-Hintergrundbeleuchtung - 4K - für Hotel/Gastgewerbe",https://www.amazon.de/dp/B0CNXHY4JB,50.0,339.44,339.44,EUR,339.44,Amazon,DE,2026-07-30T06:47:27Z,B0CNXHY4JB,,,,,
LG,LG 43QNED80A6A QNED evo AI,https://www.amazon.de/dp/B0FY7KG858,43.0,366.3,366.3,EUR,366.3,Amazon,DE,2026-07-30T06:47:27Z,B0FY7KG858,,,,,
LG,LG QNED Evo AI 43 Zoll (2026) QNED Mini-LED 4K UHD - 43QNED81B6C,https://www.amazon.de/dp/B0H1JLYV4C,43.0,526.2,526.2,EUR,526.2,Amazon,DE,2026-07-30T06:47:27Z,B0H1JLYV4C,,,,,
LG,"LG 86QNED91T6A TV 86"" (218 cm) QNED MiniLED Fernseher (α8 4K AI-Prozessor, Dolby Vision, bis zu 120Hz) [Modelljahr 2024]",https://www.amazon.de/dp/B0CYH7JZT4,86.0,1809.32,1809.32,EUR,1809.32,Amazon,DE,2026-07-30T06:47:27Z,B0CYH7JZT4,,,,,
LG,LG LED TV 8K 189cm 75QNED966PA,https://www.amazon.de/dp/B08Y42NJYL,75.0,4605.99,4605.99,EUR,4605.99,Amazon,DE,2026-07-30T06:47:27Z,B08Y42NJYL,,,,,
LG,"LG 32LM637BPLA TV 81,3 cm (32"") HD Smart TV WiFi Noir",https://www.amazon.de/dp/B08Y5RBF45,32.0,344.95,344.95,EUR,344.95,Amazon,DE,2026-07-30T06:47:27Z,B08Y5RBF45,,,,,
LG,"LG OLED77C44LA TV 77"" (196cm) OLED evo Fernseher (α9 Gen7 4K AI-Prozessor, webOS 24, Dolby Vision, bis zu 120Hz) [Modelljahr 2024]",https://www.amazon.de/dp/B0CYCDSNMY,77.0,,,,,Amazon,DE,2026-07-30T06:47:27Z,B0CYCDSNMY,,,,,
LG,LG UA75006LA 50 Zoll 4K Ultra HD Smart TV 50UA75006LA,https://www.amazon.de/dp/B0GHP139W4,50.0,423.57,423.57,EUR,423.57,Amazon,DE,2026-07-30T06:47:27Z,B0GHP139W4,,,,,
LG,"LG 43UM71007LB 108 cm (43 Zoll) Fernseher (UHD, Triple Tuner, 4K Active HDR, Smart TV)",https://www.amazon.de/dp/B07PMNX8K8,43.0,,,,,Amazon,DE,2026-07-30T06:47:27Z,B07PMNX8K8,,,,,
LG,"TV LG evo AI G6 (2026) 55"" OLED UHD 4K - OLED55G66LS",https://www.amazon.de/dp/B0H2F7CXXK,55.0,1933.5,1933.5,EUR,1933.5,Amazon,DE,2026-07-30T06:47:27Z,B0H2F7CXXK,,,,,
LG,"LG OLED42C44LA TV 42"" (107cm) OLED evo Fernseher (α9 Gen7 4K AI-Prozessor, webOS 24, Dolby Vision, bis zu 120Hz) [Modelljahr 2024]",https://www.amazon.de/dp/B0D671ZZXL,42.0,,,,,Amazon,DE,2026-07-30T06:47:27Z,B0D671ZZXL,,,,,
LG,LG 85NU850B6LA - Smart TV Nano 4K UHD AI NU85 85 Zoll 4K 2026,https://www.amazon.de/dp/B0H19FG4ZG,85.0,,,,,Amazon,DE,2026-07-30T06:47:27Z,B0H19FG4ZG,,,,,
LG,"LG 75QNED86B6B TV 75 Zoll (175 cm), 4K QNED EVO MiniLED, Smart TV, WebOS 26, Prozessor α8 AI Gen3, VRR 144Hz, Dolby Vision und Dolby Digital Plus, Alexa/Google Assistant, Schwarz",https://www.amazon.de/dp/B0GTZQGQ62,75.0,1631.78,1631.78,EUR,1631.78,Amazon,DE,2026-07-30T06:47:27Z,B0GTZQGQ62,,,,,
LG,"LG 65QNED80A6A Fernseher 65 Zoll Smart TV, 4K, DVB-T2, HEVC, Energieeffizienzklasse G",https://www.amazon.de/dp/B0FQP2D3X5,65.0,605.99,605.99,EUR,605.99,Amazon,DE,2026-07-30T06:47:27Z,B0FQP2D3X5,,,,,
LG,"LG OLED evo G4 55G48LW 4K Smart-TV, (55 Zoll) Bildschirmdiagonale, 2024",https://www.amazon.de/dp/B0DHPBX84W,55.0,,,,,Amazon,DE,2026-07-30T06:47:27Z,B0DHPBX84W,,,,,
LG,"LG OLED65C5ELB TV 65 Zoll (165 cm) 4K OLED evo AI TV (α9 Gen8 4K AI Prozessor, webOS 25, 120Hz (VRR bis zu 144Hz)) [Modelljahr 2025]",https://www.amazon.de/dp/B0G672S9C7,65.0,1658.3,1658.3,EUR,1658.3,Amazon,DE,2026-07-30T06:47:27Z,B0G672S9C7,,,,,
LG,LG TV QNED Evo AI 2025 | 55QNED93A | 55 Zoll (139 cm) | MiniLED 144 Hz | Prozessor α8 AI 4K Gen2 | Dolby Vision & Atmos | Alexa,https://www.amazon.de/dp/B0F2GJ482T,55.0,,,,,Amazon,DE,2026-07-30T06:47:27Z,B0F2GJ482T,,,,,
LG,"LG OLED65C17LB TV 164 cm (65 Zoll) OLED Fernseher (4K Cinema HDR, 120 Hz, Twin Triple Tuner, Smart TV) [Modelljahr 2021]",https://www.amazon.de/dp/B08VDM43LL,65.0,,,,,Amazon,DE,2026-07-30T06:47:27Z,B08VDM43LL,,,,,
LG,"Falcon 32 Zoll Full HD LED Fernseher LG WebOS SMART WiFi Camping Wohnmobil 12V/24V,DVD Player, Bluetooth, HDMI, USB, Magenta, Netflix, Prime Video, Disney Plus, DAZN",https://www.amazon.de/dp/B0GK9W2KTX,32.0,449.0,449.0,EUR,449.0,Amazon,DE,2026-07-30T06:47:27Z,B0GK9W2KTX,,,,,
LG,"LG 55QNED86A6A TV 55 Zoll (139 cm) 4K QNED evo AI TV (α8 Gen2 4K AI Prozessor, webOS 25, 120Hz) [Modelljahr 2025]",https://www.amazon.de/dp/B0F22731RT,55.0,,,,,Amazon,DE,2026-07-30T06:47:27Z,B0F22731RT,,,,,
LG,"LG Smart TV 43UR81003LJ 43"" 4K Ultra HD LED HDR D-LED",https://www.amazon.de/dp/B0CVB9T643,43.0,,,,,Amazon,DE,2026-07-30T06:47:27Z,B0CVB9T643,,,,,
LG,LG 50 inch QNED evo AI QNED87 Mini LED 4K Smart TV 2026,https://www.amazon.de/dp/B0H7BQXYZQ,50.0,799.0,799.0,EUR,799.0,Amazon,DE,2026-07-30T06:47:27Z,B0H7BQXYZQ,,,,,
LG,LG 55QNED70B6C - TV 55 Zoll Smart TV 4K DVB-T2 Wifi Energieklasse E Schwarz,https://www.amazon.de/dp/B0H1N8Y6RV,55.0,683.06,683.06,EUR,683.06,Amazon,DE,2026-07-30T06:47:27Z,B0H1N8Y6RV,,,,,
LG,LG Smart TV 75QNED80T6A.AEU 4K Ultra HD 75 Zoll HDR Edge-LED QNED,https://www.amazon.de/dp/B0D858BKKS,75.0,899.0,899.0,EUR,899.0,Amazon,DE,2026-07-30T06:47:27Z,B0D858BKKS,,,,,
LG,LG 98NU900B6LB - Smart TV Nano 4K UHD AI NU90 98 Zoll 4K 2026,https://www.amazon.de/dp/B0H5KYV6LN,98.0,1799.0,1799.0,EUR,1799.0,Amazon,DE,2026-07-30T06:47:27Z,B0H5KYV6LN,,,,,
LG,LG 55 inch OLED evo AI OLED55G62LW 4K Smart TV Model 2026,https://www.amazon.de/dp/B0GT9VLCGD,55.0,1899.0,1899.0,EUR,1899.0,Amazon,DE,2026-07-30T06:47:27Z,B0GT9VLCGD,,,,,
LG,LG TV Mini RGB AI (2026) 50 Zoll Mini-LED 4K UHD - 50MRGB86B6A,https://www.amazon.de/dp/B0H2KG2BYM,50.0,861.31,861.31,EUR,861.31,Amazon,DE,2026-07-30T06:47:27Z,B0H2KG2BYM,,,,,
LG,LG 40UF695V 100 cm (Fernseher),https://www.amazon.de/dp/B00YJJ0RCY,40.0,300.0,300.0,EUR,300.0,Amazon,DE,2026-07-30T06:47:27Z,B00YJJ0RCY,,,,,
LG,LG 75NANO81A6A 75 Zoll 4K Ultra HD HDR D-LED NanoCell Smart TV,https://www.amazon.de/dp/B0FY7GT9RP,75.0,795.0,795.0,EUR,795.0,Amazon,DE,2026-07-30T06:47:27Z,B0FY7GT9RP,,,,,
LG,LG TV OLED evo OLED42C54LA 42? 4K Dolby Atmos G-SYNC FreeSync Smart TV,https://www.amazon.de/dp/B0F917R6LM,42.0,,,,,Amazon,DE,2026-07-30T06:47:27Z,B0F917R6LM,,,,,
LG,"LG OLED42C64LA TV 42 Zoll (107 cm) 4K OLED evo AI Smart TV, α11 Gen3 AI Prozessor, 120 Hz (VRR bis 165 Hz), Modelljahr 2026",https://www.amazon.de/dp/B0H3MH5T8J,42.0,1359.0,1359.0,EUR,1359.0,Amazon,DE,2026-07-30T06:47:27Z,B0H3MH5T8J,,,,,
LG,LG LED TV 55 Zoll 55UA751C0LA Ultra HD 4K Smart TV WiFi DVB-T2 WEBOS (IA integriert),https://www.amazon.de/dp/B0FZB4KGBY,55.0,375.51,375.51,EUR,375.51,Amazon,DE,2026-07-30T06:47:27Z,B0FZB4KGBY,,,,,
LG,"LG TV QNED 2024 | 43QNED77 | 43 Zoll (108 cm) | QNED | Prozessor α5 AI 4K Gen6, schwarz/grau",https://www.amazon.de/dp/B0DK9G44M8,43.0,,,,,Amazon,DE,2026-07-30T06:47:27Z,B0DK9G44M8,,,,,
LG,"LG OLED77G39LA TV 195 cm (77 Zoll) OLED evo Fernseher (Gallery Design, Brightness Booster Max, 120 Hz) [Modelljahr 2023]",https://www.amazon.de/dp/B0BWWJYZDN,77.0,,,,,Amazon,DE,2026-07-30T06:47:27Z,B0BWWJYZDN,,,,,
LG,"LG 55UA74006LB TV 55 Zoll Smart TV 4K, DVB-T2, HEVC/H.265, LED, Energieklasse G",https://www.amazon.de/dp/B0GH2H7KB7,55.0,469.0,469.0,EUR,469.0,Amazon,DE,2026-07-30T06:47:27Z,B0GH2H7KB7,,,,,
LG,"LG OLED48C31LA TV 121 cm (48 Zoll) OLED evo Fernseher (Smart TV, Filmmaker Mode, 120 Hz) [Modelljahr 2023]",https://www.amazon.de/dp/B0CJVLZVR8,48.0,,,,,Amazon,DE,2026-07-30T06:47:27Z,B0CJVLZVR8,,,,,
LG,"LG 47LW4500 119 cm (47 Zoll) Cinema 3D LED-Backlight-Fernseher (Full-HD, 400Hz, DVB-T, DVB-C, CI+) schwarz",https://www.amazon.de/dp/B004QF0PT6,47.0,300.0,300.0,EUR,300.0,Amazon,DE,2026-07-30T06:47:27Z,B004QF0PT6,,,,,
LG,"LG 65UF860V 65"" 4K Ultra HD 3D Kompatibilität Smart-TV WLAN Schwarz LED TV - LED-Fernseher (4K Ultra HD, Web OS, A+, Schwarz, 3840 x 2160 Pixel, Flach)",https://www.amazon.de/dp/B019HYMWV4,65.0,1000.0,1000.0,EUR,1000.0,Amazon,DE,2026-07-30T06:47:27Z,B019HYMWV4,,,,,
LG,LG OLED TV 2025 | OLED65B5 | 65 Zoll (164 cm) | OLED 120 Hz | Prozessor α8 AI 4K Gen2 | Dolby Vision & Atmos | Alexa,https://www.amazon.de/dp/B0F7HYW329,65.0,1578.45,1578.45,EUR,1578.45,Amazon,DE,2026-07-30T06:47:27Z,B0F7HYW329,,,,,
LG,"LG OLED65C97LA 164 cm (65 Zoll) OLED Fernseher (OLED, Dual Triple Tuner, 4K Cinema HDR, Dolby Vision, Dolby Atmos, Smart TV)",https://www.amazon.de/dp/B07R5KPLX5,65.0,,,,,Amazon,DE,2026-07-30T06:47:27Z,B07R5KPLX5,,,,,
LG,"LG OLED55C27LA TV 139 cm (55 Zoll) OLED evo Fernseher (Cinema HDR, 120 Hz, Smart TV) [Modelljahr 2022]",https://www.amazon.de/dp/B09RQ2LTNW,55.0,1646.22,1646.22,EUR,1646.22,Amazon,DE,2026-07-30T06:47:27Z,B09RQ2LTNW,,,,,
LG,LG 49UT640S Hotel TV 49IN,https://www.amazon.de/dp/B07ZG7VR18,49.0,585.26,585.26,EUR,585.26,Amazon,DE,2026-07-30T06:47:27Z,B07ZG7VR18,,,,,
LG,"LG OLED evo G4 65G48LW 4K Smart-TV, 165 cm (65 Zoll) Bildschirmdiagonale, 2024",https://www.amazon.de/dp/B0DHP7QRG7,65.0,,,,,Amazon,DE,2026-07-30T06:47:27Z,B0DHP7QRG7,,,,,
LG,"LG OLED55C41LA TV 139,7 cm (55"") 4K Ultra HD Smart TV WiFi Noir",https://www.amazon.de/dp/B0D4NF5RC5,55.0,1389.2,1389.2,EUR,1389.2,Amazon,DE,2026-07-30T06:47:27Z,B0D4NF5RC5,,,,,
LG,"LG 60LA7408 152 cm (60 Zoll) Cinema 3D LED-Backlight-Fernseher, EEK A+ (Full HD, 800Hz MCI, WLAN, DVB-T/C/S, Smart TV) schwarz inkl. 3D Camcorder",https://www.amazon.de/dp/B00EJF17RC,60.0,300.0,300.0,EUR,300.0,Amazon,DE,2026-07-30T06:47:27Z,B00EJF17RC,,,,,
TCL,"TCL 50PF650 50-Zoll 4K Ultra HD, HDR TV, Smart LED Fire TV (Dolby Vision, Dolby Atmos, DTS, HDR 10, Alexa integriert, Airplay2, Miracast)",https://www.amazon.de/dp/B0D8JCWT4N,50.0,339.0,339.0,EUR,339.0,Amazon,DE,2026-07-30T06:47:27Z,B0D8JCWT4N,,,,,
LG,"TV 55"" LG 3840X2160 PIXEL OLED SMART TV WI-FI DVB-T2 ALEXA GOOGLE BLACK",https://www.amazon.de/dp/B086D8K19T,55.0,1799.0,1799.0,EUR,1799.0,Amazon,DE,2026-07-30T06:47:27Z,B086D8K19T,,,,,
TCL,"TCL 55Q7C 55 Zoll QD-Mini LED Fernseher, 4K HDR Premium 2600, Smart TV unterstützt durch Google TV (Dolby Vision IQ & Atmos, CrystGlow HVA-Panel, Audio von Bang & Olufsen, 144Hz Motion Clarity Pro)",https://www.amazon.de/dp/B0F38H2GGC,55.0,549.0,549.0,EUR,549.0,Amazon,DE,2026-07-30T06:47:27Z,B0F38H2GGC,,,,,
TCL,"TCL 55T6C 55 Zoll QLED Fernseher, 4K UHD Fire TV, HDR10+, Dolby Vision & Atmos, Smart TV mit Sprachsteuerung mit Alexa, Google Cast & AirPlay 2",https://www.amazon.de/dp/B0DW9698LP,55.0,299.0,299.0,EUR,299.0,Amazon,DE,2026-07-30T06:47:27Z,B0DW9698LP,,,,,
TCL,"TCL 55Q6C 55 Zoll QD-Mini LED Fernseher, 4K HDR Premium 1000nits, Smart TV mit Google TV (Dolby Vision IQ & Atmos, Onkyo 2.1 Sound System, 144Hz Motion Clarity Pro, Game Master)",https://www.amazon.de/dp/B0DX185Q23,55.0,444.0,444.0,EUR,444.0,Amazon,DE,2026-07-30T06:47:27Z,B0DX185Q23,,,,,
TCL,"TCL 65Q6C 65 Zoll QD-Mini LED Fernseher, 4K HDR Premium 1000nits, Smart TV mit Google TV (Dolby Vision IQ & Atmos, Onkyo 2.1 Soundsystem, 144Hz Motion Clarity Pro, Game Master)",https://www.amazon.de/dp/B0DXQ27X44,65.0,599.0,599.0,EUR,599.0,Amazon,DE,2026-07-30T06:47:27Z,B0DXQ27X44,,,,,
TCL,"TCL 43T6C 43 Zoll QLED Fernseher, 4K UHD Fire TV, HDR10+, Dolby Vision & Atmos, Smart TV mit Sprachsteuerung mit Alexa, Google Cast & AirPlay 2 | Game Mast, VRR, Dolby Vision, Motion Clarity, Press & Ask Alexa",https://www.amazon.de/dp/B0DW98NN53,43.0,229.0,229.0,EUR,229.0,Amazon,DE,2026-07-30T06:47:27Z,B0DW98NN53,,,,,
TCL,"TCL 55C7K QD-Mini LED Fernseher, 55 Zoll, 4K HDR Premium, Dolby Vision IQ & Atmos, Bang & Olufsen Sound, Smart TV mit Google TV, 144Hz, HDMI 2.1, AMD FreeSync Premium Pro, AirPlay 2, Google Assistant",https://www.amazon.de/dp/B0F5BP4KFM,55.0,529.0,529.0,EUR,529.0,Amazon,DE,2026-07-30T06:47:27Z,B0F5BP4KFM,,,,,
TCL,"TCL 32SF560 – 32 Zoll, Full HD Smart QLED Direct LED TV mit Fire TV & HDR, Metallic Design, Rahmenlos",https://www.amazon.de/dp/B0F9PVTQL2,32.0,159.99,159.99,EUR,159.99,Amazon,DE,2026-07-30T06:47:27Z,B0F9PVTQL2,,,,,
TCL,"TCL 65PF650 65-Zoll 4K Ultra HD, HDR TV, Smart LED Fire TV (Dolby Vision, Dolby Atmos, DTS, HDR 10, Alexa integriert, Airplay2, Miracast)",https://www.amazon.de/dp/B0D8J994FH,65.0,399.0,399.0,EUR,399.0,Amazon,DE,2026-07-30T06:47:27Z,B0D8J994FH,,,,,
TCL,"TCL 65Q8C 65 Zoll QD-Mini LED-Fernseher, 4K HDR Premium 4500, ZeroBorder™, Smart Google TV, CrystGlow WHVA-Panel, Audio von Bang & Olufsen, 144Hz Motion Clarity Pro, Dolby Vision IQ & Atmos",https://www.amazon.de/dp/B0F9WRKNS3,65.0,949.0,949.0,EUR,949.0,Amazon,DE,2026-07-30T06:47:27Z,B0F9WRKNS3,,,,,
TCL,"TCL 55T69C 55 Zoll QLED, Direct LED TV, 4K HDR TV, Smart Google TV (Dolby Vision & Atmos, Game Master, Motion Clarity, Kompatibel mit Google Assistant & Alexa)",https://www.amazon.de/dp/B0F8QFPB14,55.0,349.0,349.0,EUR,349.0,Amazon,DE,2026-07-30T06:47:27Z,B0F8QFPB14,,,,,
TCL,"TCL 43PF650 43-Zoll 4K Ultra HD, HDR TV, Smart LED Fire TV (Dolby Vision, Dolby Atmos, DTS, HDR 10, Alexa integriert, Airplay2, Miracast)",https://www.amazon.de/dp/B0D8J7L6N9,43.0,229.0,229.0,EUR,229.0,Amazon,DE,2026-07-30T06:47:27Z,B0D8J7L6N9,,,,,
TCL,"TCL 50C7K 50 Zoll QD-Mini LED Fernseher, 4K HDR Premium 2000, Smart Google TV mit 144Hz Motion Clarity Pro (Dolby Vision IQ & Atmos, HVA-Panel, Game Master)",https://www.amazon.de/dp/B0F5BSJ83Z,50.0,519.0,519.0,EUR,519.0,Amazon,DE,2026-07-30T06:47:27Z,B0F5BSJ83Z,,,,,
TCL,"TCL 43SF560 – 43 Zoll, Full HD Smart QLED Direct LED TV mit Fire TV & HDR, Metallic Design, Rahmenlos",https://www.amazon.de/dp/B0F9PQTM25,43.0,199.0,199.0,EUR,199.0,Amazon,DE,2026-07-30T06:47:27Z,B0F9PQTM25,,,,,
TCL,"TCL 43V5C - 43 Zoll Full HD Smart QLED Direct LED-Fernseher mit Android TV & HDR - Kompatibel mit Google Cast & Google Home, Schlankes Design",https://www.amazon.de/dp/B0F3XM86GV,43.0,239.0,239.0,EUR,239.0,Amazon,DE,2026-07-30T06:47:27Z,B0F3XM86GV,,,,,
TCL,"TCL 65T8D QD-Mini LED 65 Zoll Fernseher, 4K Smart TV, Google TV, 144 Hz | FreeSync Premium, Game Master, Dolby Vision, HDR10+, Dolby Atmos, 2.1 Onkyo Sound, Apple AirPlay 2, Google Cast",https://www.amazon.de/dp/B0GR9FLCYT,65.0,599.0,599.0,EUR,599.0,Amazon,DE,2026-07-30T06:47:27Z,B0GR9FLCYT,,,,,
TCL,"TCL 55V6B 55 Zoll, 4K Ultra HD, HDR TV, Smart TV unterstützt von Google TV (Dolby Audio, Motion Clarity, Sprachsteuerung, Kompatibel mit Google Assistant, Chromecast eingebaut",https://www.amazon.de/dp/B0CXF49BXG,55.0,,,,,Amazon,DE,2026-07-30T06:47:27Z,B0CXF49BXG,,,,,
TCL,"TCL 65Q7D Pro SQD-Mini LED 65 Zoll Fernseher, 4K Smart TV, Google TV | 646 Dimming-Zonen, 2000 Nits Spitzenhelligkeit, Dolby Vision IQ & Atmos, 2.1 Onkyo Sound, 144 Hz VRR, AirPlay 2 & Alexa",https://www.amazon.de/dp/B0GXKSZKLT,65.0,949.0,949.0,EUR,949.0,Amazon,DE,2026-07-30T06:47:27Z,B0GXKSZKLT,,,,,
TCL,"TCL 55Q7D Pro SQD-Mini LED 55 Zoll Fernseher, 4K Smart TV, Google TV | 480 Dimming-Zonen, 2000 Nits Spitzenhelligkeit, Dolby Vision IQ & Atmos, 2.1 Onkyo Sound, 144 Hz VRR, AirPlay 2 & Alexa",https://www.amazon.de/dp/B0GXKS5GXL,55.0,749.0,749.0,EUR,749.0,Amazon,DE,2026-07-30T06:47:27Z,B0GXKS5GXL,,,,,
TCL,"TCL 75C8L SQD-Mini LED 75 Zoll Fernseher, 4K Smart TV, Google TV, HDR10+ | 2584 Dimming-Zonen, 5500 Nits Spitzenhelligkeit, Dolby Vision IQ & Atmos, 144Hz, ZeroBorder Design, Audio by Bang & Olufsen",https://www.amazon.de/dp/B0GTZSYZLM,75.0,1949.0,1949.0,EUR,1949.0,Amazon,DE,2026-07-30T06:47:27Z,B0GTZSYZLM,,,,,
TCL,"TCL 75T8D QD-Mini LED 75 Zoll Fernseher, 4K Smart TV, Google TV, 144 Hz | FreeSync Premium, Game Master, Dolby Vision, HDR10+, Dolby Atmos, 2.1 Onkyo Sound, Apple AirPlay 2, Google Cast",https://www.amazon.de/dp/B0GR9GFMCD,75.0,799.0,799.0,EUR,799.0,Amazon,DE,2026-07-30T06:47:27Z,B0GR9GFMCD,,,,,
TCL,"TCL 40V5C - 40 Zoll Full HD Smart QLED Direct LED-Fernseher mit Android TV & HDR - Kompatibel mit Google Cast & Google Home, Schlankes Design",https://www.amazon.de/dp/B0F3XN9M4V,40.0,252.39,252.39,EUR,252.39,Amazon,DE,2026-07-30T06:47:27Z,B0F3XN9M4V,,,,,
TCL,"TCL 32V5D QLED 32 Zoll Fernseher, Full HD HDR Smart TV, Fire TV, Direct LED | Apple AirPlay 2, Alexa-kompatibel, Rahmenloses Metalldesign",https://www.amazon.de/dp/B0GYSZDBNH,32.0,199.0,199.0,EUR,199.0,Amazon,DE,2026-07-30T06:47:27Z,B0GYSZDBNH,,,,,
TCL,"TCL 65C8L SQD-Mini LED 65 Zoll Fernseher, 4K Smart TV, Google TV, HDR10+ | 2040 Dimming-Zonen, 5000 Nits Spitzenhelligkeit, Dolby Vision IQ & Atmos, 144Hz, ZeroBorder Design, Audio by Bang & Olufsen",https://www.amazon.de/dp/B0GTZLF677,65.0,1399.0,1399.0,EUR,1399.0,Amazon,DE,2026-07-30T06:47:27Z,B0GTZLF677,,,,,
TCL,"TCL 50T69C 50 Zoll QLED, Direct LED TV, 4K HDR TV, Smart Google TV (Dolby Vision & Atmos, Game Master, Motion Clarity, Kompatibel mit Google Assistant & Alexa)",https://www.amazon.de/dp/B0F8QDY84D,50.0,372.43,372.43,EUR,372.43,Amazon,DE,2026-07-30T06:47:27Z,B0F8QDY84D,,,,,
TCL,"TCL 85T8D QD-Mini LED 85 Zoll Fernseher, 4K Smart TV, Google TV, 144 Hz | FreeSync Premium, Game Master, Dolby Vision, HDR10+, Dolby Atmos, 2.1 Onkyo Sound, Apple AirPlay 2, Google Cast",https://www.amazon.de/dp/B0GR982TPH,85.0,1099.0,1099.0,EUR,1099.0,Amazon,DE,2026-07-30T06:47:27Z,B0GR982TPH,,,,,
TCL,"TCL 50V6C 50 Zoll Direct LED TV, 4K HDR Fernseher, Smart TV mithilfe von Google TV (Dolby Audio, Motion Clarity, Kompatibel mit Google Assistant & Alexa)",https://www.amazon.de/dp/B0DV9JL61N,50.0,,,,,Amazon,DE,2026-07-30T06:47:27Z,B0DV9JL61N,,,,,
TCL,"TCL 55P8K 55 Zoll QLED 4K HDR UHD Fernseher, Smart Google TV (Dolby Vision & Atmos, 144Hz Motion Clarity Pro, FreeSync, Onkyo 2.1 Sound, Sprachsteuerung, Kompatibel mit Google Assistant, Google Cast)",https://www.amazon.de/dp/B0F8HYKRKX,55.0,429.0,429.0,EUR,429.0,Amazon,DE,2026-07-30T06:47:27Z,B0F8HYKRKX,,,,,
TCL,"TCL 75Q7D Pro SQD-Mini LED 75 Zoll Fernseher, 4K Smart TV, Google TV | 760 Dimming-Zonen, 2000 Nits Spitzenhelligkeit, Dolby Vision IQ & Atmos, 2.1 Onkyo Sound, 144 Hz VRR, AirPlay 2 & Alexa",https://www.amazon.de/dp/B0GXKRP7FM,75.0,1199.0,1199.0,EUR,1199.0,Amazon,DE,2026-07-30T06:47:27Z,B0GXKRP7FM,,,,,
TCL,"TCL 75P8K 75 Zoll QLED 4K HDR UHD Fernseher, Smart Google TV (Dolby Vision & Atmos, 144Hz Motion Clarity Pro, FreeSync, Onkyo 2.1 Sound, Sprachsteuerung, Kompatibel mit Google Assistant, Google Cast)",https://www.amazon.de/dp/B0F8J383MC,75.0,769.0,769.0,EUR,769.0,Amazon,DE,2026-07-30T06:47:27Z,B0F8J383MC,,,,,
TCL,"TCL 55PF650A 55-Zoll 4K Ultra HD, HDR TV, Smart LED Fire TV (Dolby Vision, Dolby Atmos, DTS, HDR 10, Alexa integriert, Airplay2, Miracast) | Game Master, Motion Clarity, Dolby Vision & Atmos, Press & Ask Alexa",https://www.amazon.de/dp/B0FNRC5YWQ,55.0,399.0,399.0,EUR,399.0,Amazon,DE,2026-07-30T06:47:27Z,B0FNRC5YWQ,,,,,
TCL,"TCL 43T7B 43-Zoll QLED Pro Fernseher, 4K Ultra HD, HDR Pro, Smart TV Unterstützt von Google TV (Dolby & Atmos, Motion Clarity, Freihändige Sprachsteuerung, Kompatibel mit Google Assistant & Alexa)",https://www.amazon.de/dp/B0CXTPKCVM,43.0,,,,,Amazon,DE,2026-07-30T06:47:27Z,B0CXTPKCVM,,,,,
TCL,"TCL 65P8K 65 Zoll QLED 4K HDR UHD Fernseher, Smart Google TV (Dolby Vision & Atmos, 144Hz Motion Clarity Pro, FreeSync, Onkyo 2.1 Sound, Sprachsteuerung, Kompatibel mit Google Assistant, Google Cast)",https://www.amazon.de/dp/B0F8J37SQ5,65.0,579.0,579.0,EUR,579.0,Amazon,DE,2026-07-30T06:47:27Z,B0F8J37SQ5,,,,,
TCL,TCL QLED 55 Zoll 55P7K UltraHD 4K Dolby Atmos Google TV,https://www.amazon.de/dp/B0F99Z7M9M,55.0,461.43,461.43,EUR,461.43,Amazon,DE,2026-07-30T06:47:27Z,B0F99Z7M9M,,,,,
TCL,TCL 32V4C 32 Zoll HD Smart QLED Direct LED TV mit Android TV und HDR kompatibel mit Google Cast und Google Home Delgado Design,https://www.amazon.de/dp/B0F54B34TH,32.0,,,,,Amazon,DE,2026-07-30T06:47:27Z,B0F54B34TH,,,,,
TCL,"TCL NXTVISION A300 PRO 65 Zoll QLED PRO Fernseher, 4K UHD Art TV, Magnetisches Rahmendesign, Ai”Art Kunstgalerie, Mattes Display, Google Smart TV",https://www.amazon.de/dp/B0F2GKG2R1,65.0,949.0,949.0,EUR,949.0,Amazon,DE,2026-07-30T06:47:27Z,B0F2GKG2R1,,,,,
Hisense,"Hisense 43E6NT 108cm (43 Zoll) Fernseher, 4K UHD Smart TV, Precision Colour, HDR, Dolby Vision, 60Hz, Triple Tuner DVB-C/S/S2/T/T2, WiFi, HDMI 2.1, Bluetooth, Alexa Built-in, Schwarz, [2024]",https://www.amazon.de/dp/B0CZWNDNXW,43.0,209.0,209.0,EUR,209.0,Amazon,DE,2026-07-30T06:47:27Z,B0CZWNDNXW,,,,,
TCL,TCL QLED 65 Zoll 65P7K UltraHD 4K Dolby Atmos Google TV,https://www.amazon.de/dp/B0FH78VT5V,65.0,,,,,Amazon,DE,2026-07-30T06:47:27Z,B0FH78VT5V,,,,,
TCL,TCL 32SF540-32 Zoll FHD Smart Fernseher - HDR & HLG-Dolby Audio-DTS Virtual X/DTS-HD-Metall Randlos-Dual-Band WiFi 5-mit Fire OS 7 System,https://www.amazon.de/dp/B0CF5ZQH7Y,32.0,,,,,Amazon,DE,2026-07-30T06:47:27Z,B0CF5ZQH7Y,,,,,
TCL,"TCL 65V6D 65 Zoll, 4K UHD, Smart TV, Fire TV, HDR10+, Dolby Atmos, DTS:X, Game Master, Motion Clarity, AirPlay 2, Kompatibel mit Alexa | DTS:X, Game Master, Motion Clarity, Apple AirPlay 2, Alexa-kompatibel",https://www.amazon.de/dp/B0GQHNCZBK,65.0,499.0,499.0,EUR,499.0,Amazon,DE,2026-07-30T06:47:27Z,B0GQHNCZBK,,,,,
TCL,"TCL C6K 65C6K Fernseher 165,1 cm (65 Zoll) 4K Ultra HD Smart TV WiFi Metallic",https://www.amazon.de/dp/B0F9FNQPZP,65.0,599.0,599.0,EUR,599.0,Amazon,DE,2026-07-30T06:47:27Z,B0F9FNQPZP,,,,,
TCL,"TCL 75X11L SQD-Mini LED 75 Zoll Fernseher, 4K Smart TV, Google TV, HDR10+ | 10520 Dimming-Zonen, 9000 Nits Spitzenhelligkeit, Dolby Vision IQ & Atmos, 144Hz, ZeroBorder Design, Audio by Bang & Olufsen",https://www.amazon.de/dp/B0GV3VXQB8,75.0,4199.0,4199.0,EUR,4199.0,Amazon,DE,2026-07-30T06:47:27Z,B0GV3VXQB8,,,,,
TCL,"TCL 55C6K - 55"" Smart TV QD‑Mini LED 4K HDR10+ Google TV | Dolby Vision IQ & Atmos, 144Hz Motion Clarity Pro, Game Master, Onkyo 2.1 Sound, Apple AirPlay 2",https://www.amazon.de/dp/B0F8QKZ82T,55.0,444.0,444.0,EUR,444.0,Amazon,DE,2026-07-30T06:47:27Z,B0F8QKZ82T,,,,,
TCL,TCL Mini LED 75 Zoll 75C6K UltraHD 4K Onkyo-Sound Google TV,https://www.amazon.de/dp/B0F94DQTQH,75.0,799.0,799.0,EUR,799.0,Amazon,DE,2026-07-30T06:47:27Z,B0F94DQTQH,,,,,
TCL,"TCL 43BP615 (108cm) LED Fernseher 43 Zoll Smart TV (4K Ultra HD, HDR 10, Triple Tuner, Android TV, Micro Dimming PRO, Prime Video, Alexa und Google Assistant, Chromecast Built-in) Schwarz",https://www.amazon.de/dp/B08F6Z4BFF,43.0,,,,,Amazon,DE,2026-07-30T06:47:27Z,B08F6Z4BFF,,,,,
TCL,TCL QLED 43 Zoll 43P7K UltraHD 4K Dolby Atmos Google TV,https://www.amazon.de/dp/B0F8VZHXJM,43.0,,,,,Amazon,DE,2026-07-30T06:47:27Z,B0F8VZHXJM,,,,,
Hisense,"Hisense 65E89Q Fernseher, 65 Zoll (164cm), 4K ULED Mini LED, Smart TV, 144Hz Game Mode PRO, Hi-View AI Engine, AI Smoothmotion, Built-in Subwoofer, Dolby Vision.Atmos, Filmmaker Mode, Hi-Concerto",https://www.amazon.de/dp/B0G5QGGKPR,65.0,639.99,639.99,EUR,639.99,Amazon,DE,2026-07-30T06:47:27Z,B0G5QGGKPR,,,,,
LG,"LG OLED65C5ELB, 65 Zoll (165 cm), 4K OLED evo AI TV, α9 Gen8 Prozessor, webOS 25, 120Hz (VRR bis zu 144Hz), Modelljahr 2025",https://www.amazon.de/dp/B0F2JCZPB4,65.0,1198.99,1198.99,EUR,1198.99,Amazon,DE,2026-07-30T06:47:27Z,B0F2JCZPB4,,,,,
Xiaomi,"XIAOMI TV S Mini LED 65 Zoll (165 cm), 4K UHD Smart TV, 144Hz (240Hz Game Boost Mode), Dolby Atmos & Vision, HDR10+, Triple Tuner, DVB-C/S/S2/T/T2, Google TV, MEMC, Airplay, Google Assistant",https://www.amazon.de/dp/B0DJMBJPXN,65.0,599.0,599.0,EUR,599.0,Amazon,DE,2026-07-30T06:47:27Z,B0DJMBJPXN,,,,,
Hisense,"Hisense 85E8DS Fernseher 85 Zoll, 4K UHD, Hi-QLED Mini LED, Smart TV, 144Hz, Hi-View AI Engine, Dolby Vision.Atmos, Unibody Slim, FreeSync Premium, AI-Lichtsensor, Game Bar, Tuned by Devialet",https://www.amazon.de/dp/B0GYZ753CY,85.0,1199.0,1199.0,EUR,1199.0,Amazon,DE,2026-07-30T06:47:27Z,B0GYZ753CY,,,,,
Hisense,"Hisense 55U7Q Pro Fernseher 55 Zoll, 4K Mini LED, Smart TV, Hi-View AI Engine Pro, 165Hz Game Mode Ultra, FreeSync Premium Pro, 2.1.2 Ch. Surround Sound, Dolby Vision IQ Atmos, Sprachsteuerung [2025]",https://www.amazon.de/dp/B0F24CNGSS,55.0,549.0,549.0,EUR,549.0,Amazon,DE,2026-07-30T06:47:27Z,B0F24CNGSS,,,,,
Xiaomi,"XIAOMI TV S Pro Mini LED 75, Smart TV, 4K QLED 144Hz Google TV, Dolby Vision, Dolby Atmos, HDR 10+, DTS-X, Harman AudioEFX, Triple Tuner, DVB-T2, Prime Video, Google Assistant, Airplay 2",https://www.amazon.de/dp/B0FNRG32QW,75.0,1099.0,1099.0,EUR,1099.0,Amazon,DE,2026-07-30T06:47:27Z,B0FNRG32QW,,,,,
Xiaomi,"XIAOMI TV MAX 85 Zoll (216 cm) QLED 4K UHD Smart TV, 144Hz (240Hz Game Boost Mode), Dolby Atmos & Vision, HDR10+, Triple Tuner, DVB-C/S/S2/T/T2, Google TV, MEMC, Airplay, Google Assistant",https://www.amazon.de/dp/B0DJM9QBTR,85.0,999.0,999.0,EUR,999.0,Amazon,DE,2026-07-30T06:47:27Z,B0DJM9QBTR,,,,,
TCL,"TCL 43P69K TVC 43"" 4K GOOGLE TVSAT",https://www.amazon.de/dp/B0FRFYWPC5,43.0,,,,,Amazon,DE,2026-07-30T06:47:27Z,B0FRFYWPC5,,,,,
Xiaomi,"XIAOMI TV FX Mini LED 65 Zoll (165 cm), QD-Mini-LED-Smart-TV, 4K UHD, Fire TV, HDR10+, 60 Hz mit 120-Hz-Game-Boost-Modus, MEMC, DTS:X, AirPlay 2, HDMI, Filmmaker-Modus, Sprachsteuerung mit Alexa",https://www.amazon.de/dp/B0H26TKHL5,65.0,649.0,649.0,EUR,649.0,Amazon,DE,2026-07-30T06:47:27Z,B0H26TKHL5,,,,,
LG,"LG 85NU8E0B3LA TV 85 Zoll (215 cm) Nano 4K UHD TV (α7 Gen9 4K AI Prozessor, webOS 26, 60Hz (VRR bis zu 60Hz)) [Modelljahr 2026] [Energieklasse E]",https://www.amazon.de/dp/B0GSGZGZ3Z,85.0,1009.99,1009.99,EUR,1009.99,Amazon,DE,2026-07-30T06:47:27Z,B0GSGZGZ3Z,,,,,
TCL,"TCL 65RM7L RGB-Mini LED 65 Zoll Fernseher, 4K Smart TV, Google TV, HDR10+ | 1344 RGB-Farbzonen, 2000 Nits Spitzenhelligkeit, Dolby Vision IQ & Atmos, 2.1 Onkyo Sound, 144 Hz VRR, Apple AirPlay 2",https://www.amazon.de/dp/B0H1135WTX,65.0,,,,,Amazon,DE,2026-07-30T06:47:27Z,B0H1135WTX,,,,,
TCL,"TCL 98C6K 98 Zoll QD-Mini LED TV, 4K HDR Premium 1000nits, Smart TV mit Google TV Technologie (Dolby Vision IQ und Atmos, Onkyo 2.1 Audiosystem, Motion Clarity Pro 144Hz, Game Master)",https://www.amazon.de/dp/B0FPQLYVWB,98.0,1899.0,1899.0,EUR,1899.0,Amazon,DE,2026-07-30T06:47:27Z,B0FPQLYVWB,,,,,
TCL,"TCL 32S5L - Fernseher 32 Zoll Smart TV Full HD DVB-T2 H.264, H.265 Schwarz Energieklasse F",https://www.amazon.de/dp/B0H2JF9P45,32.0,,,,,Amazon,DE,2026-07-30T06:47:27Z,B0H2JF9P45,,,,,
TCL,TCL TV 43S5K (2025) 43 Zoll QLED FHD,https://www.amazon.de/dp/B0H2ZQ3KLF,43.0,298.35,298.35,EUR,298.35,Amazon,DE,2026-07-30T06:47:27Z,B0H2ZQ3KLF,,,,,
TCL,"TCL 75"" A400U 4K QD Mini-LED Fernseher, 720 Dimmzonen, 2500 Nits, 288 Hz VRR, Google TV",https://www.amazon.de/dp/B0H3KVDTPX,75.0,1386.9,1386.9,EUR,1386.9,Amazon,DE,2026-07-30T06:47:27Z,B0H3KVDTPX,,,,,
TCL,"TCL Mini LED 85C8K 4K UHDGoogleTV B&O 85""",https://www.amazon.de/dp/B0FS813JCW,85.0,,,,,Amazon,DE,2026-07-30T06:47:27Z,B0FS813JCW,,,,,
TCL,"TCL 65 Zoll A400U 4K QD LED-Mini-TV, 576 Dimmzonen, 2500 Nits, Google TV, 288 Hz VRR für Spiele.",https://www.amazon.de/dp/B0H3KQR6NF,65.0,1037.0,1037.0,EUR,1037.0,Amazon,DE,2026-07-30T06:47:27Z,B0H3KQR6NF,,,,,
TCL,"Smart TV TCL 43P6K 43"" 4K Ultra HD LED HDR D-LED",https://www.amazon.de/dp/B0F7RT3L5D,43.0,288.69,288.69,EUR,288.69,Amazon,DE,2026-07-30T06:47:27Z,B0F7RT3L5D,,,,,
Samsung,"Universal VESA Schrauben Set für Fernseher bis zu 80 Zoll, M4 M5 M6 M8 TV Schrauben, für Samsung TCL Hisense LG Vizio Onn Sony Toshiba Insignia Westinghouse TV Montagezubehör",https://www.amazon.de/dp/B0D9QBT1TN,80.0,9.99,9.99,EUR,9.99,Amazon,DE,2026-07-30T06:47:27Z,B0D9QBT1TN,,,,,
TCL,"TCL 65V6B 65 Zoll 4K UHD TV Google Fernseher Soundbar S45HE, 2.0-Kanäle, Dolby Atmos All-in-One",https://www.amazon.de/dp/B0F445HP12,65.0,586.09,586.09,EUR,586.09,Amazon,DE,2026-07-30T06:47:27Z,B0F445HP12,,,,,
TCL,"TCL 85"" A400U 4K QD Mini-LED Google TV – 1008 Zonen, 2500 Nits, 288 Hz VRR für reibungsloses Streaming und Spielen.",https://www.amazon.de/dp/B0H3KKS66H,85.0,1897.0,1897.0,EUR,1897.0,Amazon,DE,2026-07-30T06:47:27Z,B0H3KKS66H,,,,,
TCL,"TCL 98Q7C 98 Zoll QD-Mini LED Fernseher, 4K HDR Premium 3000, Audio von Bang & Olufsen + TCL Soundbar S45HE, 2.0-Kanäle",https://www.amazon.de/dp/B0FCMB49Z2,98.0,2586.09,2586.09,EUR,2586.09,Amazon,DE,2026-07-30T06:47:27Z,B0FCMB49Z2,,,,,
Toshiba,Toshiba 32LF3F63DAZ Fernseher 32 Zoll Smart TV Full HD Amazon Fire TV HDR | 2x HDMI | 1x USB | Bluetooth | Alexa Sprachsteuerung | Dolby Audio | Triple-Tuner DVB-C/-S2/-T2 | Modelljahr 2026,https://www.amazon.de/dp/B0CYZRK65R,32.0,169.99,169.99,EUR,169.99,Amazon,DE,2026-07-30T06:47:27Z,B0CYZRK65R,,,,,
TCL,TCL 50P61B - Smart Fernseher TV 50 Zoll 4K Klasse F Titan,https://www.amazon.de/dp/B0DGQ9SC5M,50.0,,,,,Amazon,DE,2026-07-30T06:47:27Z,B0DGQ9SC5M,,,,,
TCL,"TCL 55P739 55 Zoll Fernseher, 4K HDR, Ultra HD, Smart TV Powered by Google TV, Rahmenloses Design (Dolby Vision & Atmos, Freihändige Sprachsteuerung, Kompatibel mit Google Assistant & Alexa)",https://www.amazon.de/dp/B09XB3Q6BP,55.0,,,,,Amazon,DE,2026-07-30T06:47:27Z,B09XB3Q6BP,,,,,
TCL,"98QLED780-TCL QLED780 Series TV 2,49 m (98 Zoll) 4K Ultra HD Smart TV schwarz 450 CD/m²",https://www.amazon.de/dp/B0DZ278SHL,98.0,,,,,Amazon,DE,2026-07-30T06:47:27Z,B0DZ278SHL,,,,,
TCL,"TCL 85RM7L RGB-Mini LED 85 Zoll Fernseher, 4K Smart TV, Google TV, HDR10+ | 2160 RGB-Farbzonen, 2000 Nits Spitzenhelligkeit, Dolby Vision IQ & Atmos, 2.1 Onkyo Sound, 144 Hz VRR, Apple AirPlay 2",https://www.amazon.de/dp/B0H113DL5W,85.0,,,,,Amazon,DE,2026-07-30T06:47:27Z,B0H113DL5W,,,,,
TCL,"TCL 43P61B 43"" LED UltraHD 4K HDR Google TV",https://www.amazon.de/dp/B0DGQ9WM15,43.0,,,,,Amazon,DE,2026-07-30T06:47:27Z,B0DGQ9WM15,,,,,
TCL,"TCL 127,7 cm (50 Zoll) P6K LED 4K UHD HDR Smart TV | Google TV, 60Hz, HDR 10, AiPQ Prozessor, Dolby Audio, MEMC, HDMI 2.1, Bluetooth 5.2, WiFi 5, Lünettenloses Design (50P6K - Modell 2025)",https://www.amazon.de/dp/B0F7RSYNY9,50.0,638.25,638.25,EUR,638.25,Amazon,DE,2026-07-30T06:47:27Z,B0F7RSYNY9,,,,,
TCL,"TCL 98Q7C 98 Zoll QD-Mini LED Fernseher, 4K HDR Premium 3000 Audio von Bang & Olufsen + TCL S55HE 2.1-KanalSoundbar",https://www.amazon.de/dp/B0FC5DXGS7,98.0,2598.0,2598.0,EUR,2598.0,Amazon,DE,2026-07-30T06:47:27Z,B0FC5DXGS7,,,,,
TCL,"TCL 85RM9L 85 Zoll RGB-Mini LED-Fernseher 4K Smart TV, HDR 4000 Nits, 8736 RGB Dimmung, 144Hz Game Accelerator 288Hz FHD, Bang & Olufsen, Dolby Vision IQ, Prozessor TSR AiPQ, Google TV",https://www.amazon.de/dp/B0GXZ91H3X,85.0,8152.35,8152.35,EUR,8152.35,Amazon,DE,2026-07-30T06:47:27Z,B0GXZ91H3X,,,,,
TCL,"TCL 85 Zoll C6K Pro 4K QD Mini-LED Google TV, 144 Hz, Dolby Vision, Google Assistant, HDR-Unterstützung",https://www.amazon.de/dp/B0H3KTWJQ2,85.0,1681.64,1681.64,EUR,1681.64,Amazon,DE,2026-07-30T06:47:27Z,B0H3KTWJQ2,,,,,
TCL,"TCL 75RM7L RGB-Mini LED 75 Zoll Fernseher, 4K Smart TV, Google TV, HDR10+ | 1800 RGB-Farbzonen, 2000 Nits Spitzenhelligkeit, Dolby Vision IQ & Atmos, 2.1 Onkyo Sound, 144 Hz VRR, Apple AirPlay 2",https://www.amazon.de/dp/B0GZZZVN8B,75.0,2021.67,2021.67,EUR,2021.67,Amazon,DE,2026-07-30T06:47:27Z,B0GZZZVN8B,,,,,
TCL,"TCL 65P6K 65 Zoll LED Direct TV 4K HDR TV Smart TV mit Google TV-Technologie (Dolby Audio, Motion Clarity, Google Assistant und Alexa kompatibel)",https://www.amazon.de/dp/B0F74855ZF,65.0,,,,,Amazon,DE,2026-07-30T06:47:27Z,B0F74855ZF,,,,,
TCL,"TCL Mini LED Google TV 50 Zoll C6K 4K QD 144Hz, Dolby Vision IQ, HDR10+, ALLM, VRR, 4x HDMI 2.1, Dolby Atmos, Wi-Fi 5",https://www.amazon.de/dp/B0G6KJ3G4Y,50.0,,,,,Amazon,DE,2026-07-30T06:47:27Z,B0G6KJ3G4Y,,,,,
Hisense,"Hisense 43E7DS Fernseher 43 Zoll, 4K UHD QLED, Smart TV, Hi View AI Engine, 60Hz Game Mode Plus, Dolby Vision IQ, QLED Colour, Filmmaker, Smooth Motion, Airplay, Sprachsteuerung, 2026",https://www.amazon.de/dp/B0GM1NJDDK,43.0,279.0,279.0,EUR,279.0,Amazon,DE,2026-07-30T06:47:27Z,B0GM1NJDDK,,,,,
Hisense,"Hisense 32E4DS Fernseher 32 Zoll, 4K FHD Smart TV, Hi-View AI Engine, 60Hz Game Mode, Natural Colour Enhancer, Dolby Audio, DTS Virtual: X, Rauschunterdrückung, Airplay [2026]",https://www.amazon.de/dp/B0GT9QKMRM,32.0,149.0,149.0,EUR,149.0,Amazon,DE,2026-07-30T06:47:27Z,B0GT9QKMRM,,,,,
Hisense,"Hisense 40E4DS Fernseher 43 Zoll, 4K FHD Smart TV, Hi-View AI Engine, 60Hz Game Mode, Natural Colour Enhancer, Dolby Audio, DTS Virtual: X, Rauschunterdrückung, Airplay [2026]",https://www.amazon.de/dp/B0GTB317ZL,43.0,199.0,199.0,EUR,199.0,Amazon,DE,2026-07-30T06:47:27Z,B0GTB317ZL,,,,,
Hisense,"Hisense 50E8DS Fernseher 50 Zoll, 4K UHD, Hi-QLED Mini LED, Smart TV, 144Hz, Hi-View AI Engine, Dolby Vision.Atmos, Unibody Slim, FreeSync Premium, AI-Lichtsensor, Game Bar, Tuned by Devialet",https://www.amazon.de/dp/B0GYYXRNL8,50.0,459.0,459.0,EUR,459.0,Amazon,DE,2026-07-30T06:47:27Z,B0GYYXRNL8,,,,,
Hisense,"Hisense 32A5DS Fernseher 32 Zoll, FHD, QLED, Smart TV, 60Hz, Hi-QLED Colour, Dolby Atmos, Game Mode, Noise Reduction, Hohe Kontraste, Share to TV, HDR10, VIDAA OS",https://www.amazon.de/dp/B0GYZMPVXG,32.0,199.0,199.0,EUR,199.0,Amazon,DE,2026-07-30T06:47:27Z,B0GYZMPVXG,,,,,
Hisense,"Hisense 65U7Q Fernseher 65 Zoll, 4K Mini LED ULED, Smart TV, Hi-View AI Engine, 144Hz Game Mode Pro, FreeSync Premium, Built in Subwoofer, Dolby Vision IQ Atmos, Airplay, Sprachsteuerung[2025]",https://www.amazon.de/dp/B0F32JG9DR,65.0,679.0,679.0,EUR,679.0,Amazon,DE,2026-07-30T06:47:27Z,B0F32JG9DR,,,,,
Hisense,"Hisense 40A5DS Fernseher 40 Zoll, FHD, QLED, Smart TV, 60Hz, Hi-QLED Colour, Dolby Atmos, Game Mode, Noise Reduction, Hohe Kontraste, Share to TV, HDR10, VIDAA OS",https://www.amazon.de/dp/B0GYZC9GRT,40.0,219.0,219.0,EUR,219.0,Amazon,DE,2026-07-30T06:47:27Z,B0GYZC9GRT,,,,,
Hisense,"Hisense 43E7DS PRO Fernseher 43 Zoll, 4K UHD QLED, Smart TV, Hi-Concerto, 144Hz Game Mode, Hi-QLED Colour, Dolby Vision.Atmos, Filmmaker Mode, Dolby Audio, DTS Virtual: X, FreeSync Premium [2026]",https://www.amazon.de/dp/B0GTW4292Z,43.0,399.0,399.0,EUR,399.0,Amazon,DE,2026-07-30T06:47:27Z,B0GTW4292Z,,,,,
Hisense,"Hisense 40A5Q Fehrnseher, 40 Zoll, 2K QLED, Smart TV, Game Mode, AI Sports Mode, Dolby Atmos, Dolby MS12, DTS X, HDR10, HLG, Full HD, High Contrast, Rauschunterdrückung [2025]",https://www.amazon.de/dp/B0F2N11D11,40.0,229.0,229.0,EUR,229.0,Amazon,DE,2026-07-30T06:47:27Z,B0F2N11D11,,,,,
Hisense,"Hisense 40A4S LED-TV, 40 Zoll (102 cm), Full HD, Smart TV, VIDAA, Dolby Audio & DTS HD, WLAN, Bluetooth, randloses Design, Schwarz",https://www.amazon.de/dp/B0GJFC1Q9Z,40.0,,,,,Amazon,DE,2026-07-30T06:47:27Z,B0GJFC1Q9Z,,,,,
Hisense,"Hisense 32A4K HD VIDAA Smart TV, 32 Zoll (32 Zoll), mit Spielmodus, Sport IA, Dolby DTS HD Sound, hoher Kontrast, VIDAA U6, Sharing-Funktion auf dem Fernseher (Neu 2023)",https://www.amazon.de/dp/B0BTPZ51W7,32.0,139.99,139.99,EUR,139.99,Amazon,DE,2026-07-30T06:47:27Z,B0BTPZ51W7,,,,,
Hisense,"Hisense TV 43E7S (2026) 43"" VA QLED 4K UHD Preta",https://www.amazon.de/dp/B0GND85Y1P,43.0,274.9,274.9,EUR,274.9,Amazon,DE,2026-07-30T06:47:27Z,B0GND85Y1P,,,,,
Hisense,"Hisense 65E7DS PRO Fernseher 65 Zoll, 4K UHD QLED, Smart TV, Hi Concerto, 144Hz Game Mode, QLED Colour, Dolby Vision, Atmos, Filmmaker, Audio, DTS Virtual, X, FreeSync Premium, 2026",https://www.amazon.de/dp/B0GTWCGQRP,65.0,649.0,649.0,EUR,649.0,Amazon,DE,2026-07-30T06:47:27Z,B0GTWCGQRP,,,,,
Hisense,"Hisense 40A5NQ 101cm (40 Zoll) QLED Fernseher Full HD, Smart TV, Triple Tuner, AI Sports Mode, Dolby Atmos, Share to TV, Duale Positionierung, WiFi, Game & Hotel Modus, Schwarz [2024]",https://www.amazon.de/dp/B0CXTFTHCR,40.0,278.98,278.98,EUR,278.98,Amazon,DE,2026-07-30T06:47:27Z,B0CXTFTHCR,,,,,
Hisense,"Hisense TV 65E7S (2026) 65"" VA QLED 4K UHD Preta",https://www.amazon.de/dp/B0GNF76F8J,65.0,489.0,489.0,EUR,489.0,Amazon,DE,2026-07-30T06:47:27Z,B0GNF76F8J,,,,,
Hisense,"Hisense 65U7DS PRO Fernseher 65 Zoll, 4K UHD, Hi-QLED Mini LED Pro, Smart TV, 165Hz, Hi-View AI Engine Pro, IMAX Enhanced, AI RGB Lichtsensor, Dolby Vision.Atmos, Unibody Slim, FreeSync Premium [2026]",https://www.amazon.de/dp/B0GTW3RM81,65.0,888.0,888.0,EUR,888.0,Amazon,DE,2026-07-30T06:47:27Z,B0GTW3RM81,,,,,
Hisense,"Hisense 75U7DSE Fernseher 75 Zoll, 4K UHD, Hi-QLED Mini LED, Smart TV, 144Hz, Hi-View AI Engine, IMAX Enhanced, AI Lichtsensor, Dolby Vision.Atmos, Tuned by DeVialet, FreeSync Premium Pro [2026]",https://www.amazon.de/dp/B0GTVXDJ2B,75.0,999.0,999.0,EUR,999.0,Amazon,DE,2026-07-30T06:47:27Z,B0GTVXDJ2B,,,,,
Hisense,"Hisense Smart TV 50 Zoll 50A6N 4K UHD, Dolby Vision, HDR, VIDAA mit YouTube, Netflix, Disney+, Canal + (Modell 2024)",https://www.amazon.de/dp/B0CZWTSGZX,50.0,289.9,289.9,EUR,289.9,Amazon,DE,2026-07-30T06:47:27Z,B0CZWTSGZX,,,,,
Hisense,"Hisense Smart TV 40 Zoll 40A4N – Full HD 60 Hz, Sport IA, Dolby Audio, VIDAA OS mit YouTube, Netflix, K +",https://www.amazon.de/dp/B0CZX3GM3F,40.0,207.21,207.21,EUR,207.21,Amazon,DE,2026-07-30T06:47:27Z,B0CZX3GM3F,,,,,
Hisense,"Hisense 75E7Q Fehrnseher, 75 Zoll, 4K UHD QLED, Smart TV, Game Mode Plus, Filmaker Mode, Dolby Vision Atmos, HDR10, HLG, HDR Immersive, AI 4K Upscaler, Dolby MS12, DTS X, Sprachsteuerung [2025]",https://www.amazon.de/dp/B0F1MNRHYV,75.0,629.0,629.0,EUR,629.0,Amazon,DE,2026-07-30T06:47:27Z,B0F1MNRHYV,,,,,
Hisense,"Hisense 65U7Q Pro Fernseher 65 Zoll, 4K Mini LED, Smart TV, Hi-View AI Engine Pro, 165Hz Game Mode Ultra, FreeSync Premium Pro, 2.1.2 ch. Surround Sound, Dolby Vision IQ Atmos, Sprachsteuerung [2025]",https://www.amazon.de/dp/B0F24FL4CL,65.0,,,,,Amazon,DE,2026-07-30T06:47:27Z,B0F24FL4CL,,,,,
Hisense,"Hisense 50E7S - QLED Smart TV 50 Zoll, Hi-QLED Color, Dolby Vision.Atmos, 4K IA Treppe, Smooth Motion IA, Gaming-Modus Plus, Dolby Vision IQ, HDR10+Adaptive",https://www.amazon.de/dp/B0GNDPWJV8,50.0,339.0,339.0,EUR,339.0,Amazon,DE,2026-07-30T06:47:27Z,B0GNDPWJV8,,,,,
Hisense,Hisense 32A4Q,https://www.amazon.de/dp/B0F1MJCGRY,32.0,,,,,Amazon,DE,2026-07-30T06:47:27Z,B0F1MJCGRY,,,,,
Hisense,"Hisense 55E7S Pro – QLED TV 55 Zoll (139 cm), 4K UHD, 144 Hz Nativ, Dolby Vision IQ & Atmos, HDMI 2.1, FreeSync Premium, Smart TV VIDAA U9.5, integrierte Alexa Sprachsteuerung, Modell 2026",https://www.amazon.de/dp/B0GR7DTKP8,55.0,477.0,477.0,EUR,477.0,Amazon,DE,2026-07-30T06:47:27Z,B0GR7DTKP8,,,,,
Hisense,"Hisense 65A85Q 164cm (65 Zoll) Fernseher, 4K UHD OLED Smart TV,120Hz, HDMI 2.1, Game Mode Pro, AMD FreeSync Premium, Dolby Vision IQ & Atmos, Bluetooth, Alexa Built-in, Schwarz, [2025]",https://www.amazon.de/dp/B0FKGR14TB,65.0,999.0,999.0,EUR,999.0,Amazon,DE,2026-07-30T06:47:27Z,B0FKGR14TB,,,,,
Hisense,"Hisense 40A5S LED-TV 40 Zoll (102 cm) Full HD, Smart TV VIDAA U7.6, USB-C Port (Mobile to TV), Dolby Audio & DTS HD, Bluetooth, WLAN, schwarz",https://www.amazon.de/dp/B0GJ5WRCG2,40.0,244.13,244.13,EUR,244.13,Amazon,DE,2026-07-30T06:47:27Z,B0GJ5WRCG2,,,,,
Hisense,"Hisense 50U7SE TV Mini-LED 4K 50 Zoll (126 cm) – Serie U7 2026 – QLED, 144 Hz Nativ, 1300 Nits, 144 Zonen, 2.1 Devialet Sound",https://www.amazon.de/dp/B0GKQ1371K,50.0,539.0,539.0,EUR,539.0,Amazon,DE,2026-07-30T06:47:27Z,B0GKQ1371K,,,,,
Hisense,"Hisense 75U7SE TV Mini-LED 4K 75 Zoll (189 cm) – Serie 2026 – QLED, 144 Hz, Pic 1400 Nits, 320 Zonen, ADS Wide View, IMAX Enhanced, Game Mode Pro, HDMI 2.1",https://www.amazon.de/dp/B0GKPMTBMC,75.0,,,,,Amazon,DE,2026-07-30T06:47:27Z,B0GKPMTBMC,,,,,
Hisense,"Hisense 65E8Q 65 Zoll (164 cm), 4K ULED Mini-LED QLED, 144 Hz Native Panel, Dolby Vision IQ & Atmos, Pro Gaming-Modus, Smart TV Vidaa",https://www.amazon.de/dp/B0F1W5MSBZ,65.0,639.0,639.0,EUR,639.0,Amazon,DE,2026-07-30T06:47:27Z,B0F1W5MSBZ,,,,,
Hisense,"Hisense 55U7SE TV Mini-LED 4K 55 Zoll (139 cm) - Serie U7 2026 - QLED, 144Hz (HSR 240Hz), 1300 Nits, 192 Zonen, VA Kontrast 5000:1.",https://www.amazon.de/dp/B0GKPVQ86Z,55.0,579.0,579.0,EUR,579.0,Amazon,DE,2026-07-30T06:47:27Z,B0GKPVQ86Z,,,,,
Hisense,"Hisense 75E7NQ Pro 189 cm (75 Zoll) Fernseher, 4K UHD, QLED, Smart TV, Total HDR, Dolby Vision IQ Atmos, 144Hz (VRR), HDMI 2.1, Game Mode PRO, Triple Tuner, Alexa Built-In, Dunkelgrau, [2024]",https://www.amazon.de/dp/B0CXTNC3TZ,75.0,958.8,958.8,EUR,958.8,Amazon,DE,2026-07-30T06:47:27Z,B0CXTNC3TZ,,,,,
Hisense,"Hisense 65A85N 164cm (65 Zoll) Fernseher, 4K UHD OLED Smart TV,120Hz, HDMI 2.1, Game Mode Pro, AMD FreeSync Premium, Dolby Vision IQ & Atmos, Bluetooth, Alexa Built-in, Schwarz, [2024]",https://www.amazon.de/dp/B0D7CX78ZD,65.0,,,,,Amazon,DE,2026-07-30T06:47:27Z,B0D7CX78ZD,,,,,
Hisense,"Hisense 65U6NQ 164 cm (65 Zoll) Fernseher 4K Mini LED ULED HDR Smart TV, 60Hz, HDMI 2.0, Game Mode Plus, Dolby Vision & Atmos, Bluetooth, Alexa Built-in, Anthrazit, [2024]",https://www.amazon.de/dp/B0CXTMW3GR,65.0,666.0,666.0,EUR,666.0,Amazon,DE,2026-07-30T06:47:27Z,B0CXTMW3GR,,,,,
Hisense,"Hisense 55A6S TV 4K UHD 55 Zoll (139 cm), Smart TV HomeOS U9.5, Dolby Vision HDR, Game Mode Plus, DTS Virtual:X, Bluetooth 5.4, Schwarz",https://www.amazon.de/dp/B0GJFF3XT7,55.0,379.0,379.0,EUR,379.0,Amazon,DE,2026-07-30T06:47:27Z,B0GJFF3XT7,,,,,
Hisense,"Hisense 65E6KT 164cm (65 Zoll) Fernseher, 4K UHD, HDR, Dolby Vision, Triple Tuner, Smart-TV, Bluetooth, WiFi, Alexa Built-In, DTS Virtual X, Hotel Mode, Schwarz [2023]",https://www.amazon.de/dp/B0C1C64DP2,65.0,549.0,549.0,EUR,549.0,Amazon,DE,2026-07-30T06:47:27Z,B0C1C64DP2,,,,,
Hisense,"Hisense 75U8Q Fernseher, 75 Zoll (189cm), 4K UHD ULED, Smart TV, 165Hz Game Mode Ultra, Mini LED PRO, Hi-View AI Engine PRO, QLED Colour mit Pantone, Dolby Vision.Atmos, IMAX Enhanced, Filmmaker Mode",https://www.amazon.de/dp/B0F1W3TRZT,75.0,1428.59,1428.59,EUR,1428.59,Amazon,DE,2026-07-30T06:47:27Z,B0F1W3TRZT,,,,,
Hisense,Hisense Smart TV 100U8Q(2025) 100 Zoll Mini-LED ULED UHD 4k,https://www.amazon.de/dp/B0FFSRNCBF,100.0,3770.04,3770.04,EUR,3770.04,Amazon,DE,2026-07-30T06:47:27Z,B0FFSRNCBF,,,,,
Hisense,"Hisense Smart TV 75 Zoll 4K Ultra HD 2025 75A6Q, Smart TV VIDAA U8, Dolby Vision, HDR 10, Game Mode Plus, Alexa Built-in, VIDAA Voice, DVB-T2/S2 Tuner HEVC 10, Lativu 4K",https://www.amazon.de/dp/B0F4DBKHJC,75.0,599.0,599.0,EUR,599.0,Amazon,DE,2026-07-30T06:47:27Z,B0F4DBKHJC,,,,,
Hisense,"Hisense 65U7SE TV Mini LED 4K 65 Zoll (164 cm), Modell 2026, QLED, 144Hz, 1400 Nits, 260 Zonen, Slim Metal Design, 2.1 Subwoofer, VRR FreeSync Premium Pro | Dolby Atmos 2.1 By Devialet, Dolby Vision IQ, HDR10+, VIDAA OS, Alexa, Lativù 4K, Wifi, BT, Airplay2, 2026 Model",https://www.amazon.de/dp/B0GKPTBTNP,65.0,759.0,759.0,EUR,759.0,Amazon,DE,2026-07-30T06:47:27Z,B0GKPTBTNP,,,,,
Hisense,Hisense 55U8Q,https://www.amazon.de/dp/B0F1WHZW4G,55.0,807.77,807.77,EUR,807.77,Amazon,DE,2026-07-30T06:47:27Z,B0F1WHZW4G,,,,,
Hisense,Hisense 55E8Q,https://www.amazon.de/dp/B0F1W9J4K7,55.0,,,,,Amazon,DE,2026-07-30T06:47:27Z,B0F1W9J4K7,,,,,
Philips,"PHILIPS Ambilight 55PUS8200 4K LED Smart TV - 55 Zoll Display mit Pixel Precise Ultra HD, Titan OS, Dolby Vision und Dolby Atmos Sound, 2025",https://www.amazon.de/dp/B0F2N7LRL4,55.0,399.0,399.0,EUR,399.0,Amazon,DE,2026-07-30T06:47:27Z,B0F2N7LRL4,,,,,
Xiaomi,"XIAOMI TV S Pro Mini LED 55, Smart TV, 4K QLED 144Hz Google TV, Dolby Vision, Dolby Atmos, HDR 10+, DTS-X, Harman AudioEFX, Triple Tuner, DVB-T2, Prime Video, Google Assistant, Airplay 2",https://www.amazon.de/dp/B0FNRFGSKY,55.0,699.0,699.0,EUR,699.0,Amazon,DE,2026-07-30T06:47:27Z,B0FNRFGSKY,,,,,
Hisense,Hisense Smart TV QLED 43 Zoll 4K 43E7S PRO,https://www.amazon.de/dp/B0GR5RW1P2,43.0,,,,,Amazon,DE,2026-07-30T06:47:27Z,B0GR5RW1P2,,,,,
Hisense,Hisense 40A49S LED-TV FHD Multutuner Smart (20018239),https://www.amazon.de/dp/B0H1MRXTK1,40.0,,,,,Amazon,DE,2026-07-30T06:47:27Z,B0H1MRXTK1,,,,,
Hisense,"Hisense Bundle of 65E7NQ Pro 164 cm (65 Zoll) Fernseher, 4K UHD, QLED, Smart TV, Total HDR, Dolby Vision IQ Atmos, 144Hz (VRR), HDMI 2.1, Game Mode PRO, Triple Tuner HS3100",https://www.amazon.de/dp/B0D961KQ6Y,65.0,838.0,838.0,EUR,838.0,Amazon,DE,2026-07-30T06:47:27Z,B0D961KQ6Y,,,,,
Hisense,"Hisense 81,3 cm (32 Zoll) S5 DécoTV Serie QLED FHD Smart Fire TV (32S5QF, Modell 2025) – vielseitige Passform, Hi-QLED-Farbe, kunstinspiriertes Design, flüssiger zentraler Ständer, DTS Virtual: X",https://www.amazon.de/dp/B0FXMWY914,32.0,340.94,340.94,EUR,340.94,Amazon,DE,2026-07-30T06:47:27Z,B0FXMWY914,,,,,
Hisense,"Hisense Bundle 55E7DS Fernseher 55 Zoll, 4K UHD QLED, Smart TV, 60Hz Game Mode Plus + HS2100, 2.1 Kanal Soundbar, 240W max Audio Power,Dolby Audio, DTS Virtual:X, Ultra-Slim Wireless subwoofer",https://www.amazon.de/dp/B0H87BXM9J,55.0,458.0,458.0,EUR,458.0,Amazon,DE,2026-07-30T06:47:27Z,B0H87BXM9J,,,,,
Hisense,"Hisense 43E78QTUK PRO 144Hz QLED Smart AI TV - Hi-View AI Engine, 144Hz Game Mode PRO, Dolby Atmos, Quantum Dot Color with Freely, Disney +, YouTube, Netflix",https://www.amazon.de/dp/B0F7W1WN3P,43.0,446.94,446.94,EUR,446.94,Amazon,DE,2026-07-30T06:47:27Z,B0F7W1WN3P,,,,,
Hisense,"Hisense Bundle 50E7DS Fernseher 50 Zoll, 4K UHD QLED, Smart TV + HS2100, 2.1 Kanal Soundbar, 240W max Audio Power,Dolby Audio, DTS Virtual:X, Ultra-Slim Wireless subwoofer, TV Mode, EzPlay",https://www.amazon.de/dp/B0H875RS9D,50.0,448.0,448.0,EUR,448.0,Amazon,DE,2026-07-30T06:47:27Z,B0H875RS9D,,,,,
Hisense,"Hisense Bundle 55E7DS PRO Fernseher 55 Zoll, 4K UHD QLED, Smart TV, Hi-Concerto, 144Hz Game Mode [2026] + HS2100, 2.1 Kanal Soundbar, 240W,Dolby Audio, DTS Virtual:X, Ultra-Slim Wireless subwoofer",https://www.amazon.de/dp/B0H87MYMFZ,55.0,578.0,578.0,EUR,578.0,Amazon,DE,2026-07-30T06:47:27Z,B0H87MYMFZ,,,,,
Hisense,Hisense TV 55U7S Pro (2026) 55 Zoll Mini-LED Pro Hi-QLED UHD 4K,https://www.amazon.de/dp/B0GT2MQNKD,55.0,786.05,786.05,EUR,786.05,Amazon,DE,2026-07-30T06:47:27Z,B0GT2MQNKD,,,,,
Hisense,"Hisense 43S5Q Hi-QLED FHD Smart TV, 109 cm (43 Zoll), Lifestyle-TV, künstlerisches Design, Hi-QLED-Farbe, Dolby Vision, Atmos, vielseitiges Design, Kunstmodus, moderner Sockel, Filmmaker-Modus | Audio Dolby Atmos, VIDAA OS, HDR10, Game Mode Plus, Bluetooth, WLAN, Works with Alexa, AirPlay2, lativù, Modell 2026",https://www.amazon.de/dp/B0GM1RDY9Z,43.0,566.61,566.61,EUR,566.61,Amazon,DE,2026-07-30T06:47:27Z,B0GM1RDY9Z,,,,,
Hisense,QLED TV 85 Zoll PRO 4K HISENSE 2025,https://www.amazon.de/dp/B0FTG2M23M,85.0,,,,,Amazon,DE,2026-07-30T06:47:27Z,B0FTG2M23M,,,,,
Hisense,"Hisense 65E77Q, QLED-Fernseher - (164 cm (65 Zoll), schwarz, UltraHD/4K, Triple Tuner) [Energieklasse E] (65E77Q)",https://www.amazon.de/dp/B0FVVTHFW3,65.0,,,,,Amazon,DE,2026-07-30T06:47:27Z,B0FVVTHFW3,,,,,
Hisense,"Hisense Bundle 58E7DS Fernseher 58 Zoll, 4K UHD QLED, Smart TV, 60Hz Game Mode Plus + HS2100, 2.1 Kanal Soundbar, 240W max Audio Power,Dolby Audio, DTS Virtual:X, Ultra-Slim Wireless subwoofer",https://www.amazon.de/dp/B0H87DBSZ8,58.0,498.0,498.0,EUR,498.0,Amazon,DE,2026-07-30T06:47:27Z,B0H87DBSZ8,,,,,
Hisense,"Hisense 75E77NQ UHD-Fernseher 191 cm (75""""), 3840×2160",https://www.amazon.de/dp/B0CZXP11SJ,75.0,,,,,Amazon,DE,2026-07-30T06:47:27Z,B0CZXP11SJ,,,,,
Hisense,"Hisense Bundle 75E7DS PRO Fernseher 75 Zoll, 4K UHD QLED, Smart TV, Hi-Concerto, 144Hz Game Mode [2026] + HS2100, 2.1 Kanal Soundbar, 240W,Dolby Audio, DTS Virtual:X, Ultra-Slim Wireless subwoofer",https://www.amazon.de/dp/B0H87Q8V42,75.0,898.0,898.0,EUR,898.0,Amazon,DE,2026-07-30T06:47:27Z,B0H87Q8V42,,,,,
Hisense,"Hisense 85E7S PRO 215cm 85"" 4K QLED Smart TV Fernseher (85E7S PRO)",https://www.amazon.de/dp/B0GR6KRXBJ,85.0,1179.0,1179.0,EUR,1179.0,Amazon,DE,2026-07-30T06:47:27Z,B0GR6KRXBJ,,,,,
Hisense,"Hisense 58A6S Fernseher 4K UHD 58 Zoll (146 cm), Smart TV HomeOS U9.5, Dolby Vision HDR, Game Mode Plus (VRR 60 Hz), DTS Virtual:X, Alexa integriert, Schwarz",https://www.amazon.de/dp/B0GJFLN5QB,58.0,,,,,Amazon,DE,2026-07-30T06:47:27Z,B0GJFLN5QB,,,,,
Hisense,"HISENSE 43A6G Fernseher (Flat, 43 Zoll / 109,22 cm, UHD 4K, SMART TV)",https://www.amazon.de/dp/B09GRXLNHN,43.0,399.9,399.9,EUR,399.9,Amazon,DE,2026-07-30T06:47:27Z,B09GRXLNHN,,,,,
Hisense,Tv Hisense 20016168 U8 SERIES 85U8Q Black,https://www.amazon.de/dp/B0F1W5Z9FW,85.0,,,,,Amazon,DE,2026-07-30T06:47:27Z,B0F1W5Z9FW,,,,,
Hisense,"Hisense Bundle 50E7DS PRO Fernseher 50 Zoll, 4K UHD QLED, Smart TV, Hi-Concerto, 144Hz Game Mode + HS2100, 2.1 Kanal Soundbar, 240W,Dolby Audio, DTS Virtual:X, Ultra-Slim Wireless subwoofer",https://www.amazon.de/dp/B0H87FDP3N,50.0,548.0,548.0,EUR,548.0,Amazon,DE,2026-07-30T06:47:27Z,B0H87FDP3N,,,,,
Hisense,"Hisense Bundle 65E7DS Fernseher 65 Zoll, 4K UHD QLED, Smart TV, 60Hz Game Mode Plus+ HS2100, 2.1 Kanal Soundbar, 240W max Audio Power,Dolby Audio, DTS Virtual:X, Ultra-Slim Wireless subwoofer",https://www.amazon.de/dp/B0H87BX89C,65.0,598.0,598.0,EUR,598.0,Amazon,DE,2026-07-30T06:47:27Z,B0H87BX89C,,,,,
Hisense,"Hisense Bundle 43E7DS PRO Fernseher 43 Zoll, 4K UHD QLED, Smart TV, Hi-Concerto, 144Hz Game Mode, + HS2100, 2.1 Kanal Soundbar, 240W, Dolby Audio, DTS Virtual:X, Ultra-Slim Wireless subwoofer",https://www.amazon.de/dp/B0H87H169F,43.0,498.0,498.0,EUR,498.0,Amazon,DE,2026-07-30T06:47:27Z,B0H87H169F,,,,,
LG,"LG 50NANO80A6B TV 50 Zoll (127 cm) 4K NanoCell AI TV (α7 Gen8 4K AI Prozessor, webOS 25, 60Hz) [Modelljahr 2025]",https://www.amazon.de/dp/B0F2GDSGB7,50.0,333.0,333.0,EUR,333.0,Amazon,DE,2026-07-30T06:47:27Z,B0F2GDSGB7,,,,,
Hisense,"Hisense 85UXKQ 217 cm (85 Zoll) Fernseher, 4K Mini LED ULED, Smart TV, HDR10+, Dolby Vision IQ, Triple Tuner, 144 Hz (VRR), Airplay, Alexa Built-in, Dolby Atmos, Anthrazit (2023)",https://www.amazon.de/dp/B0C5Y3N9M9,85.0,,,,,Amazon,DE,2026-07-30T06:47:27Z,B0C5Y3N9M9,,,,,
Hisense,"Hisense Bundle 65E7DS PRO Fernseher 65 Zoll, 4K UHD QLED, Smart TV, Hi-Concerto, 144Hz Game Mode + HS2100, 2.1 Kanal Soundbar, 240W, Dolby Audio, DTS Virtual:X, Ultra-Slim Wireless subwoofer",https://www.amazon.de/dp/B0H87XMBYS,65.0,748.0,748.0,EUR,748.0,Amazon,DE,2026-07-30T06:47:27Z,B0H87XMBYS,,,,,
Hisense,Tv Hisense 20017747 UR9 SERIES 85UR9S Charcoal grey,https://www.amazon.de/dp/B0GR5Z4S73,85.0,3751.35,3751.35,EUR,3751.35,Amazon,DE,2026-07-30T06:47:27Z,B0GR5Z4S73,,,,,
Hisense,"Hisense 50E8S 126cm 50"" 4K UHD Mini LED Smart TV Fernseher (50E8S)",https://www.amazon.de/dp/B0GQDSSGNB,50.0,459.0,459.0,EUR,459.0,Amazon,DE,2026-07-30T06:47:27Z,B0GQDSSGNB,,,,,
Hisense,"Hisense Bundle of 43E7DS Fernseher 43 Zoll, 4K UHD QLED, Smart TV, Hi-View AI Engine[2026] + HS2100, 2.1 Kanal Soundbar, 240W max Audio Power,Dolby Audio, DTS",https://www.amazon.de/dp/B0H848LKT9,43.0,378.0,378.0,EUR,378.0,Amazon,DE,2026-07-30T06:47:27Z,B0H848LKT9,,,,,
Hisense,"Hisense 85A6N - UHD 4K, VIDAA Smart TV, 85 Zoll, Dolby Vision, Spielmodus Plus, DTS Virtual X, TV-Sprachsteuerung, doppelte Lautstärkeregelung, automatische Verwaltung von TNT-Kanälen (neu 2024)",https://www.amazon.de/dp/B0D52RJ9YZ,85.0,,,,,Amazon,DE,2026-07-30T06:47:27Z,B0D52RJ9YZ,,,,,
Hisense,HISENSE 50A7K QLED Fernseher 50 Zoll UHD 4K Smart TV,https://www.amazon.de/dp/B0C43WKRTC,50.0,,,,,Amazon,DE,2026-07-30T06:47:27Z,B0C43WKRTC,,,,,
Hisense,"Hisense Bundle 75E7DS Fernseher 75 Zoll, 4K UHD QLED, Smart TV, 60Hz Game Mode Plus,+ HS2100, 2.1 Kanal Soundbar, 240W max Audio Power,Dolby Audio, DTS Virtual:X, Ultra-Slim Wireless subwoofer",https://www.amazon.de/dp/B0H87JPCZB,75.0,768.0,768.0,EUR,768.0,Amazon,DE,2026-07-30T06:47:27Z,B0H87JPCZB,,,,,
Hisense,"Hisense Bundle 85E7DS Fernseher 85 Zoll, 4K UHD QLED, Smart TV, 60Hz Game Mode Plus + HS2100, 2.1 Kanal Soundbar, 240W max Audio Power,Dolby Audio, DTS Virtual:X, Ultra-Slim Wireless subwoofer",https://www.amazon.de/dp/B0H87GH264,85.0,948.0,948.0,EUR,948.0,Amazon,DE,2026-07-30T06:47:27Z,B0H87GH264,,,,,
Hisense,"Hisense 65A79NQ Smart-TV, 65 Zoll, 4K, DLED, DVB-T2, HEVC(H.265), Schwarz",https://www.amazon.de/dp/B0DJT45V9J,65.0,,,,,Amazon,DE,2026-07-30T06:47:27Z,B0DJT45V9J,,,,,
Hisense,"Hisense 75E8Q QLED Smart TV 75 Zoll (189 cm), 4K Ultra HD, 144 Hz, Dolby Vision IQ, HDR10+, Dolby Atmos, DTS Virtual:X, VIDAA OS, Gaming TV",https://www.amazon.de/dp/B0F1WJ8X9P,75.0,888.88,888.88,EUR,888.88,Amazon,DE,2026-07-30T06:47:27Z,B0F1WJ8X9P,,,,,
Hisense,"Hisense 55UR8S - RGB-Mini-LED-Smart-TV, 139,7 cm (55 Zoll), Hi-View AI-Engine RGB, Spielmodus 180 Hz, Anti-Reflection & Glare-Free, Surround-Sound 2.1.2, IMAX Enhanced, Dolby Vision IQ, HDR10+",https://www.amazon.de/dp/B0GX9JNFGJ,55.0,1629.65,1629.65,EUR,1629.65,Amazon,DE,2026-07-30T06:47:27Z,B0GX9JNFGJ,,,,,
Hisense,"Hisense 100U7SE 100 Zoll Mini LED Smart TV, Hi-QLED MiniLED MiniLED Gaming-Modus, 165 Hz nativ, Eingebauter Subwoofer, Hi-View AI Engine Pro, Dolby Vision IQ, Smooth Motion IA, Filmmaker Modus",https://www.amazon.de/dp/B0GR6P7MGV,100.0,3060.2,3060.2,EUR,3060.2,Amazon,DE,2026-07-30T06:47:27Z,B0GR6P7MGV,,,,,
Hisense,Hisense 43A69S - Smart TV 43 Zoll LED 4K DVB-T2 HEVC/H.265 Wifi Schwarz Energieklasse E,https://www.amazon.de/dp/B0H83CB2LF,43.0,277.99,277.99,EUR,277.99,Amazon,DE,2026-07-30T06:47:27Z,B0H83CB2LF,,,,,
Hisense,"Hisense Bundle 85E7DS PRO Fernseher 85 Zoll, 4K UHD QLED, Smart TV, Hi-Concerto, 144Hz Game Mode[2026] + HS2100, 2.1 Kanal Soundbar, 240W,Dolby Audio, DTS Virtual:X, Ultra-Slim Wireless subwoofer",https://www.amazon.de/dp/B0H87RTHCQ,85.0,1198.0,1198.0,EUR,1198.0,Amazon,DE,2026-07-30T06:47:27Z,B0H87RTHCQ,,,,,
Hisense,"Hisense Bundle 100E7DS PRO Fernseher 100 Zoll, 4K UHD QLED, Smart TV, Hi-Concerto, 144Hz Game Modi + HS2100, 2.1 Kanal Soundbar, 240W, Dolby Audio, DTS Virtual:X, Ultra-Slim Wireless subwoofer",https://www.amazon.de/dp/B0H881CW24,100.0,1798.0,1798.0,EUR,1798.0,Amazon,DE,2026-07-30T06:47:27Z,B0H881CW24,,,,,
Hisense,"Hisense 55A7NQ, 139,7 cm (55 Zoll), 3840 x 2160 Pixel, QLED, Smart-TV, WLAN, Grau",https://www.amazon.de/dp/B0D53B9SGR,55.0,479.0,479.0,EUR,479.0,Amazon,DE,2026-07-30T06:47:27Z,B0D53B9SGR,,,,,
Hisense,"Hisense 55UR8DS Fernseher 55 Zoll, 4K UHD, RGB Mini LED, Smart TV, 180Hz, Hi-View AI Engine RGB, Dolby Vision.Atmos, AI RGB Lichtsensor, AI 4K Upscaler, AMD FreeSync Premium Pro, Tuned by Devialet",https://www.amazon.de/dp/B0H2YK2DQS,55.0,1499.0,1499.0,EUR,1499.0,Amazon,DE,2026-07-30T06:47:27Z,B0H2YK2DQS,,,,,
Hisense,Hisense Smart TV RGB MiniLED 65 Zoll 4K 65UR9S,https://www.amazon.de/dp/B0GR6VCJL6,65.0,,,,,Amazon,DE,2026-07-30T06:47:27Z,B0GR6VCJL6,,,,,
Hisense,"Hisense 55A79NQ - Smart TV, 55 Zoll, 4K, DVB-T2, HEVC(H.265), Schwarz",https://www.amazon.de/dp/B0DJT1VKW2,55.0,,,,,Amazon,DE,2026-07-30T06:47:27Z,B0DJT1VKW2,,,,,
Hisense,"Hisense 75E7KQ PRO 189cm (75 Zoll) Fernseher, 4K UHD, QLED, Smart TV, HDR, Dolby Vision IQ, 144Hz (VRR), HDMI 2.1, Game Mode PRO, Triple Tuner, Alexa Built-In, Dolby Atmos, Dunkelgrau [2023]",https://www.amazon.de/dp/B0C43WS8C4,75.0,1149.99,1149.99,EUR,1149.99,Amazon,DE,2026-07-30T06:47:27Z,B0C43WS8C4,,,,,
Hisense,"Hisense 65UR8S - Mini LED Smart TV RGB 65 Zoll, Hi-View AI Engine RGB, nativer 180 Hz Gaming-Modus, blendfrei und blendfrei, 2.1.2 Surround Sound, IMAX Enhanced, Dolby Vision IQ, HDR10+",https://www.amazon.de/dp/B0GX9S46M2,65.0,1606.25,1606.25,EUR,1606.25,Amazon,DE,2026-07-30T06:47:27Z,B0GX9S46M2,,,,,
Hisense,"Hisense 65U6KQ 164 cm (65 Zoll) Fernseher 4K Mini LED ULED HDR Smart TV, Quantum Dot, 60Hz, HDMI 2.0, Game Mode Plus, Dolby Vision & Atmos, Bluetooth, Alexa Built-in, anthrazit [2023], Schwarz",https://www.amazon.de/dp/B0C5Y4QZ4F,65.0,,,,,Amazon,DE,2026-07-30T06:47:27Z,B0C5Y4QZ4F,,,,,
Hisense,Hisense 40A59S LED-TV FHD Multituner BT Smart (20018214),https://www.amazon.de/dp/B0H1N6FDBV,40.0,259.49,259.49,EUR,259.49,Amazon,DE,2026-07-30T06:47:27Z,B0H1N6FDBV,,,,,
Hisense,"Hisense 65E6KT 164cm (65 Zoll) Fernseher, 4K UHD, HDR & HS2100 2.1 Soundbar Home Theater System mit kabellosem Subwoofer, 240W, Dolby Audio, Bluetooth, HDMI ARC/Optical/AUX/USB, Schwarz",https://www.amazon.de/dp/B0D41PGGVV,65.0,648.0,648.0,EUR,648.0,Amazon,DE,2026-07-30T06:47:27Z,B0D41PGGVV,,,,,
Hisense,"Hisense 85U7S Pro - Mini LED Pro Smart TV 85 Zoll, Hi-QLED MiniLED Pro, Nativer 165Hz Gaming-Modus, 2.1.2 Surround-Sound, Anti-Glare und Blendfrei, IMAX Enhanced, Dolby Vision IQ, HDR 10+",https://www.amazon.de/dp/B0GT2RHKJX,85.0,2207.59,2207.59,EUR,2207.59,Amazon,DE,2026-07-30T06:47:27Z,B0GT2RHKJX,,,,,
Hisense,"Hisense 100E77NQ Pro 254cm (100 Zoll) Fernseher, 4K UHD, QLED, Smart TV, Total HDR, Dolby Vision IQ Atmos, 144Hz (VRR), HDMI 2.1, Game Mode PRO, Triple Tuner, Alexa Built-In, Dunkelgrau, [2024]",https://www.amazon.de/dp/B0CXTM89CR,100.0,,,,,Amazon,DE,2026-07-30T06:47:27Z,B0CXTM89CR,,,,,
Hisense,"Hisense 75A6BG 190cm 75"" 4K LED Smart TV Fernseher",https://www.amazon.de/dp/B09HHN2YBD,75.0,824.75,824.75,EUR,824.75,Amazon,DE,2026-07-30T06:47:27Z,B09HHN2YBD,,,,,
Hisense,"Hisense Canvas TV QLED 144Hz 65"" 4K 65S7S | Hi-Matte Display, Art Gallery, Audio Tuned by Devialet, VIDAA OS, Dolby Vision IQ, 4 HDMI, Wifi, BT, AirPlay2, 2026 Model",https://www.amazon.de/dp/B0GNF3KJGW,65.0,1326.38,1326.38,EUR,1326.38,Amazon,DE,2026-07-30T06:47:27Z,B0GNF3KJGW,,,,,
Hisense,LED-Hintergrundbeleuchtung für Hisense 58 Zoll TV JL.D580A1330-365AS-M_V02 H58AE6100 H58A6100 H58AE6000 H58AE6100UK 58R6E 58H6550E HZ58A58A555 5 HD58 0S1U02 HD580S1U91,https://www.amazon.de/dp/B0B3HYPV6J,58.0,,,,,Amazon,DE,2026-07-30T06:47:27Z,B0B3HYPV6J,,,,,
Sony,"Sony BRAVIA 3 - Direct LED 50 Zoll Fernseher (K50S32), X-Balanced Speaker, Dolby Vision/Atmos, IMAX Enhanced, Google TV (2025), Google Cast, Apple AirPlay 2, Eco Dashboard 2, Game Menu 2, Smart TV",https://www.amazon.de/dp/B0F4KT1F4F,50.0,538.9,538.9,EUR,538.9,Amazon,DE,2026-07-30T06:47:27Z,B0F4KT1F4F,,,,,
Sony,"Sony BRAVIA 3 - Direct LED 43 Zoll Fernseher (K43S32), X-Balanced Speaker, Dolby Vision/Atmos, IMAX Enhanced, Google TV (2025), Google Cast, Apple AirPlay 2, Eco Dashboard 2, Game Menu 2, Smart TV",https://www.amazon.de/dp/B0F4KVZSKW,43.0,499.0,499.0,EUR,499.0,Amazon,DE,2026-07-30T06:47:27Z,B0F4KVZSKW,,,,,
Sony,"Sony BRAVIA, KD-32W800, 32 Zoll Fernseher, LED, 2K HDR, Android TV, Smart TV",https://www.amazon.de/dp/B0BNW6941F,32.0,,,,,Amazon,DE,2026-07-30T06:47:27Z,B0BNW6941F,,,,,
Sony,"Sony BRAVIA 8 OLED 55 Zoll 4K HDR Google Smart TV | Gaming Features,IMAX Enhanced, Dolby Vision Atmos, Chromecast, Apple AirPlay, 120Hz 55XR80",https://www.amazon.de/dp/B0D1VTR2M5,55.0,1399.0,1399.0,EUR,1399.0,Amazon,DE,2026-07-30T06:47:27Z,B0D1VTR2M5,,,,,
Sony,"Sony BRAVIA 5 XR Mini-LED 55 Zoll Fernseher (K55XR52), AI XR-Prozessor, akustisches Multi-Audio, Dolby Vision/Atmos, IMAX Enhanced, Google TV (2025), Google Cast, Apple AirPlay 2, Game Menu, Smart TV",https://www.amazon.de/dp/B0F4KYR4RT,55.0,949.0,949.0,EUR,949.0,Amazon,DE,2026-07-30T06:47:27Z,B0F4KYR4RT,,,,,
Sony,"Sony BRAVIA, KD-65X75WL, 65 Zoll Fernseher, LED, 4K HDR, Google TV, Smart TV, Works with Alexa, BRAVIA CORE, HDMI 2.1, Gaming-Menü mit ALLM",https://www.amazon.de/dp/B0BYP2PVXK,65.0,649.0,649.0,EUR,649.0,Amazon,DE,2026-07-30T06:47:27Z,B0BYP2PVXK,,,,,
Sony,"Sony BRAVIA, KD-65X85L, 65 Zoll Fernseher, Full Array LED, 4K HDR 120Hz, Google TV, Smart TV, Works with Alexa, BRAVIA CORE, TRILUMINOS PRO, HDMI 2.1, Gaming-Menü mit ALLM + VRR",https://www.amazon.de/dp/B0BYPGRVDR,65.0,,,,,Amazon,DE,2026-07-30T06:47:27Z,B0BYPGRVDR,,,,,
Sony,"Sony BRAVIA 8 OLED 65 Zoll 4K HDR Google Smart TV (2024) | Gaming Features,IMAX Enhanced, Dolby Vision Atmos, Chromecast, Apple AirPlay, 120Hz 65XR80",https://www.amazon.de/dp/B0D1VV8K32,65.0,1535.04,1535.04,EUR,1535.04,Amazon,DE,2026-07-30T06:47:27Z,B0D1VV8K32,,,,,
Sony,"Sony BRAVIA, KD-65X80L, 65 Zoll Fernseher, LED, 4K HDR, Google TV, Smart TV, Works with Alexa, BRAVIA CORE, TRILUMINOS PRO, HDMI 2.1, Gaming-Menü mit ALLM",https://www.amazon.de/dp/B0BZSD6QN8,65.0,809.0,809.0,EUR,809.0,Amazon,DE,2026-07-30T06:47:27Z,B0BZSD6QN8,,,,,
Sony,"Sony BRAVIA 2 II 43 Zoll Fernseher, 4K Smart TV (Google TV), X1 Prozessor, 4K-Upscaling, Fernseher mit Dolby Atmos und DTS:X, PS5-Kompatibilität, 43S20M2, Modell 2026",https://www.amazon.de/dp/B0GZL6GMFJ,43.0,599.0,599.0,EUR,599.0,Amazon,DE,2026-07-30T06:47:27Z,B0GZL6GMFJ,,,,,
Sony,"Sony BRAVIA 5 XR Mini-LED 65 Zoll Fernseher (K65XR52), AI XR-Prozessor, akustisches Multi-Audio, Dolby Vision/Atmos, IMAX Enhanced, Google TV (2025), Google Cast, Apple AirPlay 2, Game Menu, Smart TV",https://www.amazon.de/dp/B0F4L1887W,65.0,1169.0,1169.0,EUR,1169.0,Amazon,DE,2026-07-30T06:47:27Z,B0F4L1887W,,,,,
Sony,"Sony BRAVIA 2II 50 Zoll Fernseher, 4K Smart TV (Google TV), X1 Prozessor, 4K-Upscaling, Fernseher mit Dolby Atmos und DTS:X, PS5-Kompatibilität, 50S20M2, Modell 2026",https://www.amazon.de/dp/B0GZLDN3SH,50.0,699.0,699.0,EUR,699.0,Amazon,DE,2026-07-30T06:47:27Z,B0GZLDN3SH,,,,,
Sony,"Sony BRAVIA, KD-55X85L, 55 Zoll Fernseher, Full Array LED, 4K HDR 120Hz, Google TV, Smart TV, Works with Alexa, BRAVIA CORE, TRILUMINOS PRO, HDMI 2.1, Gaming-Menü mit ALLM + VRR",https://www.amazon.de/dp/B0BYPHSGN5,55.0,789.0,789.0,EUR,789.0,Amazon,DE,2026-07-30T06:47:27Z,B0BYPHSGN5,,,,,
Sony,"Sony BRAVIA 3II 43-Zoll-Fernseher, 4K-Smart-TV (Google TV), XR Prozessor mit KI-Technologie, 120-Hz-Fernseher mit Dolby Vision/Atmos, PS5-kompatibel, 43XR32M2, Modell 2026",https://www.amazon.de/dp/B0GZQ8F1R6,43.0,849.0,849.0,EUR,849.0,Amazon,DE,2026-07-30T06:47:27Z,B0GZQ8F1R6,,,,,
Sony,"Sony BRAVIA 7 II True RGB Fernseher, 55 Zoll, 4K-Smart-TV (Google TV), RGB-LED, XR Prozessor mit KI-Technologie, 120-Hz-Fernseher mit Dolby Vision/Atmos, PS5-kompatibel, Modell 2026 – Schwarz",https://www.amazon.de/dp/B0H2JXW744,55.0,1999.0,1999.0,EUR,1999.0,Amazon,DE,2026-07-30T06:47:27Z,B0H2JXW744,,,,,
Sony,"Sony BRAVIA 7 II True RGB Fernseher, 98 Zoll, 4K-Smart-TV (Google TV), RGB-LED, XR Prozessor mit KI-Technologie, 120-Hz-Fernseher mit Dolby Vision/Atmos, PS5-kompatibel, Modell 2026 – Schwarz",https://www.amazon.de/dp/B0H2JLDM94,98.0,6299.0,6299.0,EUR,6299.0,Amazon,DE,2026-07-30T06:47:27Z,B0H2JLDM94,,,,,
Sony,"Sony BRAVIA 8 II - QD-OLED, AI XR Processor, Acoustic Surface Audio+, Dolby Vision/Atmos, IMAX Enhanced, Google TV (2025), Google Cast, Apple AirPlay 2, Eco Dashboard 2, Game Menu 2 – 55 Zoll",https://www.amazon.de/dp/B0FG465NBM,55.0,1999.0,1999.0,EUR,1999.0,Amazon,DE,2026-07-30T06:47:27Z,B0FG465NBM,,,,,
Sony,"Sony BRAVIA 9 QLED (XR l Mini LED) 75 Zoll 4K HDR Google Smart TV (2024) | Gaming-Funktionen, IMAX Erweitert, Dolby Vision Atmos, Chromecast, AirPlay, 120Hz K75R90 [Energieklasse D]",https://www.amazon.de/dp/B0D1VYFB2C,75.0,2899.0,2899.0,EUR,2899.0,Amazon,DE,2026-07-30T06:47:27Z,B0D1VYFB2C,,,,,
Sony,"Sony BRAVIA 3II 50-Zoll-Fernseher, 4K-Smart-TV (Google TV), XR Prozessor mit KI-Technologie, 120-Hz-Fernseher mit Dolby Vision/Atmos, PS5-kompatibel, 50XR32M2, Modell 2026",https://www.amazon.de/dp/B0GZQ4G7BL,50.0,949.0,949.0,EUR,949.0,Amazon,DE,2026-07-30T06:47:27Z,B0GZQ4G7BL,,,,,
Hisense,"Hisense 50E7DS Fernseher 50 Zoll, 4K UHD QLED, Smart TV, Hi View AI Engine, 60Hz Game Mode Plus, Dolby Vision IQ, QLED Colour, Filmmaker, Smooth Motion, Airplay, Sprachsteuerung, 2026",https://www.amazon.de/dp/B0GM1R36YW,50.0,349.0,349.0,EUR,349.0,Amazon,DE,2026-07-30T06:47:27Z,B0GM1R36YW,,,,,
Sony,"Sony KD-43X73K 109,2 cm (43"") 4K Ultra HD Smart TV WiFi Noir",https://www.amazon.de/dp/B0B7LX261K,43.0,677.27,677.27,EUR,677.27,Amazon,DE,2026-07-30T06:47:27Z,B0B7LX261K,,,,,
Sony,"Sony BRAVIA XR, XR-85X90L, 85 Zoll Fernseher, Full Array LED, 4K HDR 120Hz, Google TV, Smart TV, Works with Alexa, mit exklusiven PS5-Features, HDMI 2.1, Gaming-Menü mit ALLM + VRR, 24 + 12M Garantie",https://www.amazon.de/dp/B0BYPHDLWX,85.0,1799.0,1799.0,EUR,1799.0,Amazon,DE,2026-07-30T06:47:27Z,B0BYPHDLWX,,,,,
Philips,"Philips Ambilight 55PUS8600 4K QLED Smart TV - 55 Zoll Display mit P5 Perfect Picture Engine Ultra HD, Titan OS, Dolby Vision und Dolby Atmos Sound",https://www.amazon.de/dp/B0F2N63FSG,55.0,489.9,489.9,EUR,489.9,Amazon,DE,2026-07-30T06:47:27Z,B0F2N63FSG,,,,,
LG,"LG OLED48G56LS TV 48"" (121 cm) OLED evo Fernseher (α11 4K AI-Prozessor, webOS 25, Dolby Vision, bis zu 120Hz) [Modelljahr 2025]",https://www.amazon.de/dp/B0F7468M2N,48.0,791.09,791.09,EUR,791.09,Amazon,DE,2026-07-30T06:47:27Z,B0F7468M2N,,,,,
LG,"LG 43UA75006LA TV 43 Zoll (109 cm) 4K UHD AI TV (α7 Gen8 4K AI Prozessor, webOS 25, 60Hz) [Modelljahr 2025]",https://www.amazon.de/dp/B0F2GHSMX5,43.0,,,,,Amazon,DE,2026-07-30T06:47:27Z,B0F2GHSMX5,,,,,
Sony,"Smart TV Sony K43S35BP 43"" 4K Ultra HD",https://www.amazon.de/dp/B0FCKB4NJN,43.0,,,,,Amazon,DE,2026-07-30T06:47:27Z,B0FCKB4NJN,,,,,
Sony,"Sony BRAVIA 9 QLED (XR l Mini LED) 85 Zoll 4K HDR Google Smart TV (2024) | Gaming Features, IMAX Enhanced, Dolby Vision Atmos, Chromecast, AirPlay, 120Hz K75R90",https://www.amazon.de/dp/B0D1VVT6GJ,85.0,4154.7,4154.7,EUR,4154.7,Amazon,DE,2026-07-30T06:47:27Z,B0D1VVT6GJ,,,,,
Xiaomi,"XIAOMI TV S Mini LED 55 Zoll (140 cm), 4K UHD Smart TV, 144Hz (240Hz Game Boost Mode), Dolby Atmos & Vision, HDR10+, Triple Tuner, DVB-C/S/S2/T/T2, Google TV, MEMC, Airplay, Google Assistant",https://www.amazon.de/dp/B0DJM9GBHK,55.0,489.0,489.0,EUR,489.0,Amazon,DE,2026-07-30T06:47:27Z,B0DJM9GBHK,,,,,
Philips,"Philips 55PUS7800 4K QLED Smart TV - 55 Zoll Display mit Pixel Precise Ultra HD, Titan OS Plattform und Dolby Atmos Sound - Funktioniert mit Alexa und Google Sprachassistent",https://www.amazon.de/dp/B0F2N59KGW,55.0,359.0,359.0,EUR,359.0,Amazon,DE,2026-07-30T06:47:27Z,B0F2N59KGW,,,,,
Panasonic,"Panasonic TB-65W61AEZ, W61 Serie, 65 Zoll, 4K Ultra HD LED Smart TV, 2025, TiVo, Dolby Vision & Atmos, Game Mode Plus, Alexa & Google Sprachsteuerung, Schwarz",https://www.amazon.de/dp/B0F94HB79V,65.0,426.0,426.0,EUR,426.0,Amazon,DE,2026-07-30T06:47:27Z,B0F94HB79V,,,,,
Toshiba,Toshiba 50UV3463DAW Fernseher 50 Zoll VIDAA Smart TV mit 4K UHD Auflösung | Dolby Vision HDR | 3x HDMI | 2x USB | Dolby Audio | Sprachsteuerung | Frameless Design | Triple-Tuner DVB-C/-S2/-T2 | 2026,https://www.amazon.de/dp/B0CW21QHGR,50.0,315.04,315.04,EUR,315.04,Amazon,DE,2026-07-30T06:47:27Z,B0CW21QHGR,,,,,
Philips,"PHILIPS Ambilight 43PUS8200 4K LED Smart TV - 43 Zoll Display mit Pixel Precise Ultra HD, Titan OS, Dolby Vision und Dolby Atmos Sound",https://www.amazon.de/dp/B0F2N565FP,43.0,,,,,Amazon,DE,2026-07-30T06:47:27Z,B0F2N565FP,,,,,
Philips,"Philips Ambilight 75PUS8500 4K LED Smart TV - 75 Zoll Display mit Pixel Precise Ultra HD, Titan OS, Dolby Vision und Dolby Atmos Sound",https://www.amazon.de/dp/B0F24XGFPR,75.0,799.0,799.0,EUR,799.0,Amazon,DE,2026-07-30T06:47:27Z,B0F24XGFPR,,,,,
Philips,"PHILIPS 40PFS6000 HD LED Smart TV - 40 Zoll Display mit Pixel Plus, Titan OS Plattform Und Dolby Digital Sound - Funktioniert Mit Alexa Und Google Sprachassistent",https://www.amazon.de/dp/B0F2N4WSJ9,40.0,265.73,265.73,EUR,265.73,Amazon,DE,2026-07-30T06:47:27Z,B0F2N4WSJ9,,,,,
LG,"LG 43QNED82A6B TV 43 Zoll 4K QNED AI | α7 Gen8 4K AI Prozessor, webOS 25, 60Hz, Modelljahr 2025",https://www.amazon.de/dp/B0F2J9H6CC,43.0,,,,,Amazon,DE,2026-07-30T06:47:27Z,B0F2J9H6CC,,,,,
Sony,"Sony BRAVIA 8 II - QD-OLED, AI XR Processor, Acoustic Surface Audio+, Dolby Vision/Atmos, IMAX Enhanced, Google TV (2025), Google Cast, Apple AirPlay 2, Eco Dashboard 2, Game Menu 2 (65, Zoll)",https://www.amazon.de/dp/B0FQTSJZ9H,65.0,,,,,Amazon,DE,2026-07-30T06:47:27Z,B0FQTSJZ9H,,,,,
Samsung,"Samsung Crystal UHD Fernseher 4K DU7179, 75 Zoll (189 cm), PurColor, Upscaling, Gaming Hub, Prozessor, Tizen OS, Smart TV, Alexa, 3D Surround Sound & Q-Symphony, 2024",https://www.amazon.de/dp/B0CZS2F9W6,75.0,,,,,Amazon,DE,2026-07-30T06:47:27Z,B0CZS2F9W6,,,,,
LG,"LG 65NANO80A6B TV 65 Zoll (165 cm) 4K NanoCell AI TV (α7 Gen8 4K AI Prozessor, webOS 25, 60Hz) [Modelljahr 2025]",https://www.amazon.de/dp/B0F2GKL4VG,65.0,499.0,499.0,EUR,499.0,Amazon,DE,2026-07-30T06:47:27Z,B0F2GKL4VG,,,,,
Philips,"Philips 32PFS6900 HD LED Smart TV - 32 Zoll Display mit Pixel Plus, Titan OS Plattform Und Dolby Digital Sound - Funktioniert Mit Alexa Und Google Sprachassistent",https://www.amazon.de/dp/B0F2N4D1LL,32.0,199.0,199.0,EUR,199.0,Amazon,DE,2026-07-30T06:47:27Z,B0F2N4D1LL,,,,,
Philips,"PHILIPS 50PUS7000 4K LED Smart TV - 50 Zoll Display mit Pixel Precise Ultra HD, Titan OS Plattform und Dolby Atmos Sound - Funktioniert mit Alexa und Google Sprachassistent, 2025",https://www.amazon.de/dp/B0F2N4CQ1S,50.0,299.0,299.0,EUR,299.0,Amazon,DE,2026-07-30T06:47:27Z,B0F2N4CQ1S,,,,,
Hisense,"Hisense 32S5Q Deco TV, 800 Mm, 32 Zoll, FHD QLED, HDR10, Dolby Atmos, Colour, 60Hz, DVB T2 und C und S2 Tuner, WiFi, HDMI, Gallerie Mode, Rauschreduzierung, DTS Virtual, X, 2025",https://www.amazon.de/dp/B0FSLMYL4W,32.0,234.49,234.49,EUR,234.49,Amazon,DE,2026-07-30T06:47:27Z,B0FSLMYL4W,,,,,
Philips,"PHILIPS Ambilight 65MLED910 Mini LED 4K Smart TV - 65 Zoll Display mit P5 Perfect Picture Engine Ultra HD, Titan OS, Dolby Vision Und Dolby Atmos Sound, 2025",https://www.amazon.de/dp/B0F2N7PPP7,65.0,871.67,871.67,EUR,871.67,Amazon,DE,2026-07-30T06:47:27Z,B0F2N7PPP7,,,,,
TCL,"TCL 85T69C 85 Zoll QLED, Direct LED TV, 4K HDR TV, Smart Google TV (Dolby Vision & Atmos, Game Master, Motion Clarity, Onkyo 2.1 Sound, Kompatibel mit Google Assistant & Alexa)",https://www.amazon.de/dp/B0F8QB3MLJ,85.0,1048.99,1048.99,EUR,1048.99,Amazon,DE,2026-07-30T06:47:27Z,B0F8QB3MLJ,,,,,
Panasonic,"Panasonic TN-65W70AEZ, W70-Serie 65 Zoll 4K Ultra HD LED Smart TV, 2024, Google Assistant, Chromecast, Dolby Vision & Atmos, Gaming-Modus, Bluetooth, für EIN außergewöhnliches visuelles Erlebnis",https://www.amazon.de/dp/B0D9MHLNXF,65.0,723.36,723.36,EUR,723.36,Amazon,DE,2026-07-30T06:47:27Z,B0D9MHLNXF,,,,,
Xiaomi,"XIAOMI TV S Pro Mini LED 65, Smart TV, 4K QLED 144Hz Google TV, Dolby Vision, Dolby Atmos, HDR 10+, DTS-X, Harman AudioEFX, Triple Tuner, DVB-T2, Prime Video, Google Assistant, Airplay 2",https://www.amazon.de/dp/B0FNRFF7XL,65.0,899.0,899.0,EUR,899.0,Amazon,DE,2026-07-30T06:47:27Z,B0FNRFF7XL,,,,,
Sony,"Sony KD-85X85J 215cm 85"" 4K LED 100 Hz Smart Google TV Fernseher",https://www.amazon.de/dp/B097YC5S27,85.0,2299.0,2299.0,EUR,2299.0,Amazon,DE,2026-07-30T06:47:27Z,B097YC5S27,,,,,
Sony,"Sony OLED-TV EEK: G (A - G) KE-55A8 Bravia KE55A8BAEP 139 cm (55 Zoll) N/A UHD, WLAN, Smart TV, Twin DVB-T2/C/S2, C",https://www.amazon.de/dp/B095HZTC86,55.0,,,,,Amazon,DE,2026-07-30T06:47:27Z,B095HZTC86,,,,,
Sony,"Sony KD-55AG9 Bravia 55 Zoll (139cm) Fernseher (OLED, 4K HDR Prozessor X1 Ultimate, Acoustic Surface Audio+, Android TV) Schwarz",https://www.amazon.de/dp/B07R4WH5B8,55.0,,,,,Amazon,DE,2026-07-30T06:47:27Z,B07R4WH5B8,,,,,
Sony,"Sony KD-49XF8096 123 cm (Fernseher,400 Hz)",https://www.amazon.de/dp/B079Z86QW8,49.0,836.32,836.32,EUR,836.32,Amazon,DE,2026-07-30T06:47:27Z,B079Z86QW8,,,,,
Sony,Sony Bravia 3 S35-K55S35B 4K Direct LED HDR Smart TV,https://www.amazon.de/dp/B0FCK6VPF8,35.0,,,,,Amazon,DE,2026-07-30T06:47:27Z,B0FCK6VPF8,,,,,
Sony,"SONY XR-48A90K 121,9 cm (48"") 4K Ultra HD Smart TV WiFi Noir",https://www.amazon.de/dp/B0BJVH3F8T,48.0,1725.0,1725.0,EUR,1725.0,Amazon,DE,2026-07-30T06:47:27Z,B0BJVH3F8T,,,,,
Sony,"Sony BRAVIA | XR-85X90L | Full Array LED | 4K HDR | Google TV HT-S40R - 5.1.-Kanal-Soundbar, Schwarz",https://www.amazon.de/dp/B0C85LZTYT,85.0,2058.49,2058.49,EUR,2058.49,Amazon,DE,2026-07-30T06:47:27Z,B0C85LZTYT,,,,,
Hisense,"Hisense 55E7Q PRO Fernseher 139cm (55 Zoll) 4K UHD QLED, Smart TV,144Hz Game Mode PRO,Filmaker Mode, AMD FreeSync Premium,AI HDR Upscaler,Dolby Vision IQ,Dolby Atmos,Sprachsteuerung[2025]",https://www.amazon.de/dp/B0F1N7WT6C,55.0,,,,,Amazon,DE,2026-07-30T06:47:27Z,B0F1N7WT6C,,,,,
Sony,"Sony BRAVIA | KD-65X75WL | LED | 4K HDR | Google TV HT-S40R - 5.1.-Kanal-Soundbar, Schwarz",https://www.amazon.de/dp/B0C7C71M5K,65.0,908.49,908.49,EUR,908.49,Amazon,DE,2026-07-30T06:47:27Z,B0C7C71M5K,,,,,
Panasonic,"Panasonic TV-65Z80AEZ, Z80 Serie 65 Zoll 4K Ultra HD OLED Smart TV, 2024, Fire TV, Dolby Vision & Atmos, Game Mode Extreme, Alexa Sprachsteuerung, Airplay, Schwarz",https://www.amazon.de/dp/B0DJCXKT2B,65.0,1299.0,1299.0,EUR,1299.0,Amazon,DE,2026-07-30T06:47:27Z,B0DJCXKT2B,,,,,
Samsung,"Samsung QLED Q7F4 4K 43 Zoll UHD Fernseher, Q4 AI Prozessor, Quantum Dot Für Reale Farben, Upscaling, Knox Security, Adaptive Sound, Samsung Vision Smart TV, 43Q7F (2025), 109 Cm",https://www.amazon.de/dp/B0FFB2K3D4,43.0,295.97,295.97,EUR,295.97,Amazon,DE,2026-07-30T06:47:27Z,B0FFB2K3D4,,,,,
Samsung,"Samsung Crystal UHD U8079F 43 Zoll (108 cm) LED, MetalStream Design, SmartThings, AI Upscaling, Gaming Hub, Knox Security, Smart TV, 2025",https://www.amazon.de/dp/B0F7LG4F8P,43.0,287.0,287.0,EUR,287.0,Amazon,DE,2026-07-30T06:47:27Z,B0F7LG4F8P,,,,,
Samsung,"Samsung QLED 4K Q7FA 43 Zoll (108 cm) UHD Fernseher, Q4 AI Prozessor, Quantum Dot, Upscaling, Gaming Hub, Knox Security, Smart TV, 2025",https://www.amazon.de/dp/B0F5BXDVK2,43.0,399.0,399.0,EUR,399.0,Amazon,DE,2026-07-30T06:47:27Z,B0F5BXDVK2,,,,,
Samsung,"Samsung Neo QLED QN80H 4K 55 Zoll (138 cm), UHD Fernseher, Quantum-Mini-LED für ultrafeine Kontraste, 4K AI Upscaling, Adaptive Sound Pro, Gaming Hub, Motion Xcelerator 144Hz, AI Companion, Smart TV",https://www.amazon.de/dp/B0GXZS2FCQ,55.0,1099.0,1099.0,EUR,1099.0,Amazon,DE,2026-07-30T06:47:27Z,B0GXZS2FCQ,,,,,
Samsung,"Samsung Mini LED 2026: M70H / M80H 4K UHD Fernseher, Mini LED Prozessor 4K, AI Companion für Fragen, Pure Spectrum Color, Dynamic SoundPack, Gaming Hub, Knox Security, Smart TV (55 Zoll, 2026: M70)",https://www.amazon.de/dp/B0H335DMZZ,55.0,534.63,534.63,EUR,534.63,Amazon,DE,2026-07-30T06:47:27Z,B0H335DMZZ,,,,,
Samsung,"Samsung 2025 Neo QLED Smart TV mit AI-Vision, 4k-8k, AirsSlim Design, 100% Farbvolumen mit Quantum Matrix Tech, AI Prozessor, Motion Xcelerator up to 165Hz, WiFi and Bluetooth (2026: QN70H, 55 Zoll)",https://www.amazon.de/dp/B0H3KJG3K1,55.0,647.87,647.87,EUR,647.87,Amazon,DE,2026-07-30T06:47:27Z,B0H3KJG3K1,,,,,
Samsung,"Samsung Crystal U7099H 4K 43 Zoll (108 cm), UHD Fernseher, AI Companion für Deine Fragen, 4K Upscaling, Dynamik Sound Pack für Premium-Sounderlebnis, Gaming Hub, kostenlos 900 Sender, Smart AI TV",https://www.amazon.de/dp/B0GXZN9W32,43.0,350.1,350.1,EUR,350.1,Amazon,DE,2026-07-30T06:47:27Z,B0GXZN9W32,,,,,
Samsung,"Samsung 2025 Neo QLED Smart TV mit AI-Vision, 4k-8k, AirsSlim Design, 100% Farbvolumen mit Quantum Matrix Tech, AI Prozessor, Motion Xcelerator up to 165Hz, WiFi and Bluetooth (2026: QN70H, 50 Zoll)",https://www.amazon.de/dp/B0H3KVSVVM,50.0,637.57,637.57,EUR,637.57,Amazon,DE,2026-07-30T06:47:27Z,B0H3KVSVVM,,,,,
LG,LG TV AI NANO81 (2025) 65 Zoll NanoCell UHD 4K - 65NANO81A6A,https://www.amazon.de/dp/B0F4PS3DLS,65.0,464.0,464.0,EUR,464.0,Amazon,DE,2026-07-30T06:47:27Z,B0F4PS3DLS,,,,,
LG,"LG Full HD LR60006LA TV 32 Zoll (81 cm) Smart TV, a5 Gen6 AI Prozessor,WebOS 23, 60Hz, HDR, 32LR60006LA (2025)",https://www.amazon.de/dp/B0F94BRF5M,32.0,,,,,Amazon,DE,2026-07-30T06:47:27Z,B0F94BRF5M,,,,,
LG,"LG TV 50 Zoll (127 cm) 4K UHD AI TV 2025 (α7 Gen8 4K AI Prozessor, webOS 25, 60Hz) 50UA73006LA",https://www.amazon.de/dp/B0F3XS2DM8,50.0,289.0,289.0,EUR,289.0,Amazon,DE,2026-07-30T06:47:27Z,B0F3XS2DM8,,,,,
LG,"LG OLED55G59LS TV 55 Zoll (139 cm) 4K OLED evo AI TV (α11 Gen2 4K AI Prozessor, webOS 25, 120Hz (VRR bis zu 165Hz)) [Modelljahr 2025]",https://www.amazon.de/dp/B0F2JDCF4L,55.0,1079.1,1079.1,EUR,1079.1,Amazon,DE,2026-07-30T06:47:27Z,B0F2JDCF4L,,,,,
LG,"LG 65UA75006LA TV 65 Zoll (165 cm) 4K UHD AI TV (α7 Gen8 4K AI Prozessor, webOS 25, 60Hz) [Modelljahr 2025]",https://www.amazon.de/dp/B0F2GL2LXJ,65.0,499.9,499.9,EUR,499.9,Amazon,DE,2026-07-30T06:47:27Z,B0F2GL2LXJ,,,,,
LG,"LG 65QNED7EB3C TV 65 Zoll, 1650 Mm, 4K QNED Mini LED AI, α7 Gen9 Prozessor, webOS 26, 60Hz, VRR, Modelljahr 2026",https://www.amazon.de/dp/B0GSGY9XR7,65.0,624.99,624.99,EUR,624.99,Amazon,DE,2026-07-30T06:47:27Z,B0GSGY9XR7,,,,,
LG,"LG 75QNED7EB3A TV 75 Zoll, 1900 Mm, 4K QNED Mini LED AI, α7 Gen9 Prozessor, webOS 26, 60Hz, VRR, Modelljahr 2026",https://www.amazon.de/dp/B0GSGYR42K,75.0,865.7,865.7,EUR,865.7,Amazon,DE,2026-07-30T06:47:27Z,B0GSGYR42K,,,,,
LG,"LG OLED48C6ELB TV 48 Zoll (121 cm) 4K OLED evo AI TV (α11 Gen3 4K AI Prozessor, webOS 26, 120Hz (VRR bis zu 165Hz)) [Modelljahr 2026] [Energieklasse F]",https://www.amazon.de/dp/B0GSH1X6WF,48.0,1199.0,1199.0,EUR,1199.0,Amazon,DE,2026-07-30T06:47:27Z,B0GSH1X6WF,,,,,
LG,"LG 55QNED83B6A TV 55 Zoll (139 cm) 4K QNED evo Mini LED AI TV (α8 Gen3 4K AI Prozessor, webOS 26, 120Hz (VRR bis zu 144Hz)) [Modelljahr 2026] [Energieklasse F]",https://www.amazon.de/dp/B0GSH9Z1JM,55.0,669.0,669.0,EUR,669.0,Amazon,DE,2026-07-30T06:47:27Z,B0GSH9Z1JM,,,,,
LG,"LG OLED55B68LA TV 55 Zoll (139 cm) 4K OLED AI TV (α8 Gen3 4K AI Prozessor, webOS 26, 120Hz (VRR bis zu 120Hz)) [Modelljahr 2026] [Energieklasse F]",https://www.amazon.de/dp/B0GSGX6FF1,55.0,1099.0,1099.0,EUR,1099.0,Amazon,DE,2026-07-30T06:47:27Z,B0GSGX6FF1,,,,,
LG,"LG OLED55G67LW TV 55 Zoll (139 cm) 4K OLED evo AI TV (α11 Gen3 4K AI Prozessor, webOS 26, 120Hz (VRR bis zu 165Hz)) [Modelljahr 2026] [Energieklasse E]",https://www.amazon.de/dp/B0GSGWWKH6,55.0,1999.0,1999.0,EUR,1999.0,Amazon,DE,2026-07-30T06:47:27Z,B0GSGWWKH6,,,,,
LG,"LG OLED77C5ELB TV 77 Zoll (195 cm) 4K OLED evo AI TV (α9 Gen8 4K AI Prozessor, webOS 25, 120Hz (VRR bis zu 144Hz)) [Modelljahr 2025]",https://www.amazon.de/dp/B0F2JD9RHK,77.0,,,,,Amazon,DE,2026-07-30T06:47:27Z,B0F2JD9RHK,,,,,
LG,"LG OLED65G59LS TV 65 Zoll (165 cm) 4K OLED evo AI TV (α11 Gen2 4K AI Prozessor, webOS 25, 120Hz (VRR bis zu 165Hz)) [Modelljahr 2025]",https://www.amazon.de/dp/B0F2JBGW18,65.0,1549.0,1549.0,EUR,1549.0,Amazon,DE,2026-07-30T06:47:27Z,B0F2JBGW18,,,,,
TCL,"TCL 65T6C 65 Zoll QLED Fernseher, 4K UHD Fire TV, HDR10+, Dolby Vision & Atmos, Smart TV mit Sprachsteuerung mit Alexa, Google Cast & AirPlay 2",https://www.amazon.de/dp/B0DW96CFKL,65.0,399.0,399.0,EUR,399.0,Amazon,DE,2026-07-30T06:47:27Z,B0DW96CFKL,,,,,
TCL,"TCL 43V6C 43 Zoll Direct LED TV, 4K HDR Fernseher, Smart TV mithilfe von Google TV (Dolby Audio, Motion Clarity, Kompatibel mit Google Assistant & Alexa)",https://www.amazon.de/dp/B0DV9HJTTK,43.0,284.92,284.92,EUR,284.92,Amazon,DE,2026-07-30T06:47:27Z,B0DV9HJTTK,,,,,
Hisense,"Hisense 32A5Q Fehrnseher, 32 Zoll, 2K QLED, Smart TV, Game Mode, AI Sports Mode, Dolby Atmos, Dolby MS12, DTS X, HDR10, HLG, Full HD, High Contrast, Rauschunterdrückung [2025]",https://www.amazon.de/dp/B0F2MZRGGH,32.0,200.98,200.98,EUR,200.98,Amazon,DE,2026-07-30T06:47:27Z,B0F2MZRGGH,,,,,
Hisense,"Hisense TV 55A7Q (2025) 55"" LED UHD 4K - 55A7Q",https://www.amazon.de/dp/B0F2T1B4NL,55.0,,,,,Amazon,DE,2026-07-30T06:47:27Z,B0F2T1B4NL,,,,,
Hisense,"Hisense 43E6DS Fernseher 43 Zoll, 4K UHD Smart TV, Hi View AI Engine, 60Hz Game Mode Plus, Dolby Vision, 4K Upscaler, DTS Virtual, X, Smooth Motion, Airplay, Sprachsteuerung, 2026",https://www.amazon.de/dp/B0GTB8LFKS,43.0,249.0,249.0,EUR,249.0,Amazon,DE,2026-07-30T06:47:27Z,B0GTB8LFKS,,,,,
Hisense,"Hisense 65E7DS Fernseher 65 Zoll, 4K UHD QLED, Smart TV, Hi View AI Engine, 60Hz Game Mode Plus, Dolby Vision IQ, QLED Colour, Filmmaker, Smooth Motion, Airplay, Sprachsteuerung, 2026",https://www.amazon.de/dp/B0GM1NNY7D,65.0,499.0,499.0,EUR,499.0,Amazon,DE,2026-07-30T06:47:27Z,B0GM1NNY7D,,,,,
Hisense,"Hisense 55E7DS PRO Fernseher 55 Zoll, 4K UHD QLED, Smart TV, Hi-Concerto, 144Hz Game Mode, Hi-QLED Colour, Dolby Vision.Atmos, Filmmaker Mode, Dolby Audio, DTS Virtual: X, FreeSync Premium [2026]",https://www.amazon.de/dp/B0GTVYW785,55.0,479.0,479.0,EUR,479.0,Amazon,DE,2026-07-30T06:47:27Z,B0GTVYW785,,,,,
Hisense,"Hisense TV 55E7S (2026) 55"" VA QLED 4K UHD Preta",https://www.amazon.de/dp/B0GNDHW3BM,55.0,363.95,363.95,EUR,363.95,Amazon,DE,2026-07-30T06:47:27Z,B0GNDHW3BM,,,,,
Hisense,"Hisense 55E8DS Fernseher 55 Zoll, 4K UHD, Hi-QLED Mini LED, Smart TV, 144Hz, Hi-View AI Engine, Dolby Vision.Atmos, Unibody Slim, FreeSync Premium, AI-Lichtsensor, Game Bar, Tuned by Devialet",https://www.amazon.de/dp/B0GYZ123RT,55.0,499.0,499.0,EUR,499.0,Amazon,DE,2026-07-30T06:47:27Z,B0GYZ123RT,,,,,
Hisense,"Hisense 85U7DSE Fernseher 85 Zoll, 4K UHD, Hi-QLED Mini LED, Smart TV, 144Hz, Hi-View AI Engine, IMAX Enhanced, AI Lichtsensor, Dolby Vision.Atmos, Tuned by DeVialet, FreeSync Premium Pro [2026]",https://www.amazon.de/dp/B0GTW11V8C,85.0,1399.0,1399.0,EUR,1399.0,Amazon,DE,2026-07-30T06:47:27Z,B0GTW11V8C,,,,,
Hisense,"Hisense 65E8DS Fernseher 65 Zoll, 4K UHD, Hi-QLED Mini LED, Smart TV, 144Hz, Hi-View AI Engine, Dolby Vision.Atmos, Unibody Slim, FreeSync Premium, AI-Lichtsensor, Game Bar, Tuned by Devialet",https://www.amazon.de/dp/B0GYZM4DJM,65.0,699.0,699.0,EUR,699.0,Amazon,DE,2026-07-30T06:47:27Z,B0GYZM4DJM,,,,,
Sony,"Sony BRAVIA 3 - Direct LED 55 Zoll Fernseher (K55S32), X-Balanced Speaker, Dolby Vision/Atmos, IMAX Enhanced, Google TV (2025), Google Cast, Apple AirPlay 2, Eco Dashboard 2, Game Menu 2, Smart TV",https://www.amazon.de/dp/B0F4KXJQ42,55.0,599.0,599.0,EUR,599.0,Amazon,DE,2026-07-30T06:47:27Z,B0F4KXJQ42,,,,,
Sony,"Sony BRAVIA 3 - Direct LED 65 Zoll Fernseher (K65S32), X-Balanced Speaker, Dolby Vision/Atmos, IMAX Enhanced, Google TV (2025), Google Cast, Apple AirPlay 2, Eco Dashboard 2, Game Menu 2, Smart TV",https://www.amazon.de/dp/B0F4KX8CK4,65.0,719.04,719.04,EUR,719.04,Amazon,DE,2026-07-30T06:47:27Z,B0F4KX8CK4,,,,,
Sony,"Sony BRAVIA 2II 55 Zoll Fernseher, 4K Smart TV (Google TV), X1 Prozessor, 4K-Upscaling, Fernseher mit Dolby Atmos und DTS:X, PS5-Kompatibilität, 55S20M2, Modell 2026",https://www.amazon.de/dp/B0GZL1BLJ9,55.0,799.0,799.0,EUR,799.0,Amazon,DE,2026-07-30T06:47:27Z,B0GZL1BLJ9,,,,,
Sony,"Sony BRAVIA 7 II True RGB Fernseher, 85 Zoll, 4K-Smart-TV (Google TV), RGB-LED, XR Prozessor mit KI-Technologie, 120-Hz-Fernseher mit Dolby Vision/Atmos, PS5-kompatibel, Modell 2026 – Schwarz",https://www.amazon.de/dp/B0H2K25NJ4,85.0,3299.0,3299.0,EUR,3299.0,Amazon,DE,2026-07-30T06:47:27Z,B0H2K25NJ4,,,,,
Samsung,"Samsung The Frame LS03H 4K 43 Zoll (108 cm), UHD Fernseher, Art Mode mit wechselnen Kunstwerken, wandbündiges Built-in Design, Antireflexion mit Glare Free, QLED-Bildqualität, Dolby Atmos, Smart AI TV",https://www.amazon.de/dp/B0GXZN5KXG,43.0,1219.0,1219.0,EUR,1219.0,Amazon,DE,2026-07-30T06:47:27Z,B0GXZN5KXG,,,,,
Samsung,"Samsung The Frame LS03F 4K QLED 55 Zoll (138 cm) UHD, NQ4 AI Gen2 Prozessor, Art Mode, Artful Picture Quality, One Connect Kabel, Smart TV, 2025",https://www.amazon.de/dp/B0F62PYDZ6,55.0,809.38,809.38,EUR,809.38,Amazon,DE,2026-07-30T06:47:27Z,B0F62PYDZ6,,,,,
Samsung,"Samsung The Frame LS03F 4K QLED 43 Zoll (108 cm) UHD, NQ4 AI Gen2 Prozessor, Art Mode, Artful Picture Quality, One Connect Kabel, Vision AI Smart TV, 2025",https://www.amazon.de/dp/B0F62PWHH9,43.0,596.99,596.99,EUR,596.99,Amazon,DE,2026-07-30T06:47:27Z,B0F62PWHH9,,,,,
Samsung,"Samsung The Frame LS03F 4K QLED 43 Zoll (109 cm) UHD Fernseher, Modern Frame Design, NQ4 AI Gen2 Prozessor, Art Mode, Artful Picture Quality, One Connect Box, Vision Smart TV, 43LS03FA (2025)",https://www.amazon.de/dp/B0FFBJV4N6,43.0,565.47,565.47,EUR,565.47,Amazon,DE,2026-07-30T06:47:27Z,B0FFBJV4N6,,,,,
Samsung,"Samsung The Frame LS03 4K QLED Fernseher 2024 and 2025, Modern Frame Design, NQ4 AI Gen2 Prozessor, Art Mode, Artful Picture Quality, One Connect Kabel, Samsung Visi...[Länderversion Spanisch]",https://www.amazon.de/dp/B0CS6XM9X9,65.0,1028.97,1028.97,EUR,1028.97,Amazon,DE,2026-07-30T06:47:27Z,B0CS6XM9X9,,,,,
Samsung,"Samsung The Frame LS03 4K QLED Fernseher 2024 and 2025, Modern Frame Design, NQ4 AI Gen2 Prozessor, Art Mode, Artful Picture Quality, One Connect Kabel, Samsung Vision AI Smart TV (2026, 55 Zoll)",https://www.amazon.de/dp/B0H335TKDF,55.0,1131.97,1131.97,EUR,1131.97,Amazon,DE,2026-07-30T06:47:27Z,B0H335TKDF,,,,,
Samsung,"Samsung The Frame LS03F 4K QLED 65 Zoll (163 cm) UHD Fernseher, Modern Frame Design, NQ4 AI Gen2 Prozessor, Art Mode, Artful Picture Quality, One Connect Kabel, Sams...[Länderversion Ungarisch]",https://www.amazon.de/dp/B0FHY4CWSC,65.0,919.9,919.9,EUR,919.9,Amazon,DE,2026-07-30T06:47:27Z,B0FHY4CWSC,,,,,
Samsung,"TV Samsung The Frame 43"" QLED 4K UHD - TQ43LS03DAU [Länderversion Französisch, Spanisch, Portugiesisch]...[Länderversion Französisch, Spanisch, Portugiesisch]",https://www.amazon.de/dp/B0CXTNBS93,43.0,545.53,545.53,EUR,545.53,Amazon,DE,2026-07-30T06:47:27Z,B0CXTNBS93,,,,,
LG,LG 55NU900B6LA - Smart TV Nano 4K UHD AI NU90 55 Zoll 4K 2026,https://www.amazon.de/dp/B0H5QZ77NJ,55.0,493.67,493.67,EUR,493.67,Amazon,DE,2026-07-30T06:47:27Z,B0H5QZ77NJ,,,,,
LG,"LG 43NU900B6LA - Smart TV Nano 4K UHD AI NU90 43 Zoll, ohne Reflexionen von 94 %, WebOS 26 mit KI Copilot und Gemini, Intelligenter Prozessor α7 AI Prozessor 4K Gen9, HDR10 Pro, 4K Super Upscaling",https://www.amazon.de/dp/B0H5RNJF8N,43.0,387.93,387.93,EUR,387.93,Amazon,DE,2026-07-30T06:47:27Z,B0H5RNJF8N,,,,,
LG,"LG 50NU900B6LA - Smart TV Nano 4K UHD AI NU90 127 cm (50 Zoll), ohne 94 % Reflexionen, WebOS 26 mit KI Copilot und Gemini, Intelligenter Prozessor α7 AI Prozessor 4K Gen9, HDR10 Pro, 4K Super",https://www.amazon.de/dp/B0H5RDGZD8,50.0,462.25,462.25,EUR,462.25,Amazon,DE,2026-07-30T06:47:27Z,B0H5RDGZD8,,,,,
LG,"LG 43NU8E0B3LA TV 43 Zoll (109 cm) Nano 4K UHD TV (α7 Gen9 4K AI Prozessor, webOS 26, 60Hz (VRR bis zu 60Hz)) [Modelljahr 2026] [Energieklasse F]",https://www.amazon.de/dp/B0GSRLQ5J3,43.0,315.0,315.0,EUR,315.0,Amazon,DE,2026-07-30T06:47:27Z,B0GSRLQ5J3,,,,,
LG,"LG 55NU8E0B3LA TV 55 Zoll (139 cm) Nano 4K UHD TV (α7 Gen9 4K AI Prozessor, webOS 26, 60Hz (VRR bis zu 60Hz)) [Modelljahr 2026] [Energieklasse E]",https://www.amazon.de/dp/B0GSH1DNSP,55.0,415.0,415.0,EUR,415.0,Amazon,DE,2026-07-30T06:47:27Z,B0GSH1DNSP,,,,,
LG,LG 75NU900B6LA - Smart TV Nano 4K UHD AI NU90 75 Zoll 4K 2026,https://www.amazon.de/dp/B0H5QXLJF7,75.0,900.98,900.98,EUR,900.98,Amazon,DE,2026-07-30T06:47:27Z,B0H5QXLJF7,,,,,
LG,"LG 43NANO81T6A TV 43"" (109 cm) NanoCell Fernseher (α5 Gen7 4K AI-Prozessor, webOS 24, HDR10, bis zu 60Hz) [Modelljahr 2024]",https://www.amazon.de/dp/B0CYQ24YY5,43.0,,,,,Amazon,DE,2026-07-30T06:47:27Z,B0CYQ24YY5,,,,,
LG,"LG 65QNED816RE 165 cm (65 Zoll) 4K QNED TV (Active HDR, 120 Hz, Smart TV) [Modelljahr 2023]",https://www.amazon.de/dp/B0BWWN814C,65.0,,,,,Amazon,DE,2026-07-30T06:47:27Z,B0BWWN814C,,,,,
LG,"LG NANOCELL AI 2025 TV | 75NANO90| 75 Zoll (189cm) | 4K UHD | HDR10 | webOS 25 | Telekommade AI Magic Remote | Alexa, Google Assistant | Netflix Disney+ C+ Prime Video | AirPlay 2 | Reine Farben",https://www.amazon.de/dp/B0F4KQGZNC,75.0,1295.0,1295.0,EUR,1295.0,Amazon,DE,2026-07-30T06:47:27Z,B0F4KQGZNC,,,,,
Sony,"Sony BRAVIA 5 XR Mini-LED 98 Zoll Fernseher (K98XR55), AI XR-Prozessor, akustisches Multi-Audio, Dolby Vision/Atmos, IMAX Enhanced, Google TV (2025), Google Cast, Apple AirPlay 2, Game Menu, Smart TV",https://www.amazon.de/dp/B0F7R8NY37,98.0,3999.0,3999.0,EUR,3999.0,Amazon,DE,2026-07-30T06:47:27Z,B0F7R8NY37,,,,,
Sony,"Sony BRAVIA XR, XR-48A90K, 48 Zoll Fernseher, OLED, 4K HDR 120Hz, Google , Smart TV, Works with Alexa, mit exklusiven PS5-Features, HDMI 2.1, Gaming-Menü mit ALLM + VRR, 24 + 12M Garantie",https://www.amazon.de/dp/B09ZLKCJHH,48.0,,,,,Amazon,DE,2026-07-30T06:47:27Z,B09ZLKCJHH,,,,,
Sony,"Sony KD-55XH90 Bravia Full Array LED High Dynamic Range (HDR) Android Fernseher, Schwarz, 55 Zoll",https://www.amazon.de/dp/B089QW2Y9N,55.0,1133.0,1133.0,EUR,1133.0,Amazon,DE,2026-07-30T06:47:27Z,B089QW2Y9N,,,,,
Samsung,"Samsung Mini LED M80H 4K 65 Zoll (163 cm), UHD Fernseher, Mini LED HDR für beeindruckende Details, Motion Xcelerator 144Hz, AI Fußballmodus, Dynamik Sound Pack, AI Companion für deine Fragen, Smart TV",https://www.amazon.de/dp/B0GXZTJG1Y,65.0,1099.0,1099.0,EUR,1099.0,Amazon,DE,2026-07-30T06:47:27Z,B0GXZTJG1Y,,,,,
Samsung,"Samsung Mini LED 2026: M70H / M80H 4K UHD Fernseher, Mini LED Prozessor 4K, AI Companion für Fragen, Pure Spectrum Color, Dynamic SoundPack, Gaming Hub, Knox Security, Smart TV (55 Zoll, 2026: M80)",https://www.amazon.de/dp/B0H335S6NL,55.0,518.99,518.99,EUR,518.99,Amazon,DE,2026-07-30T06:47:27Z,B0H335S6NL,,,,,
Samsung,"Samsung Mini LED M70H 4K 75 Zoll (189 cm), UHD Fernseher, Mini LED HDR für beeindruckende Details, Motion Xcelerator 144Hz, Dynamik Sound Pack, AI Companion für Fragen, kostenlos 900 Sender, Smart TV",https://www.amazon.de/dp/B0GXZSFCSF,75.0,999.0,999.0,EUR,999.0,Amazon,DE,2026-07-30T06:47:27Z,B0GXZSFCSF,,,,,
Samsung,"Samsung Neo QLED QN80H 4K 50 Zoll (125 cm), UHD Fernseher, Quantum-Mini-LED für ultrafeine Kontraste, 4K AI Upscaling, Adaptive Sound Pro, Gaming Hub, AI Companion für Deine Fragen, AI Gen 2 Smart TV",https://www.amazon.de/dp/B0GXZJ32FC,50.0,999.0,999.0,EUR,999.0,Amazon,DE,2026-07-30T06:47:27Z,B0GXZJ32FC,,,,,
Samsung,"Samsung Smart TV 43 Zoll M70H Mini LED 4K, UHD, Mini LED HDR für atemberaubende Details, Pure Spectrum Color, Motion Xcelerator 144 Hz, Dynamic Sound Pack, Vision AI Companion [2026]",https://www.amazon.de/dp/B0H11FX852,43.0,359.0,359.0,EUR,359.0,Amazon,DE,2026-07-30T06:47:27Z,B0H11FX852,,,,,
Samsung,"Samsung Crystal UHD 2026 Fernseher, AI Companion für Deine Fragen, 4K Upscaling, Dynamik Sound Pack für Premium-Sound, Gaming Hub, Knox Security, bis zu 900 Sender, Smart AI TV (50 Zoll, 2026: U80)",https://www.amazon.de/dp/B0H5K7C1NN,50.0,380.07,380.07,EUR,380.07,Amazon,DE,2026-07-30T06:47:27Z,B0H5K7C1NN,,,,,
Samsung,"Samsung QLED 4K Q80C 75 Zoll Fernseher (GQ75Q80CATXZG, Deutsches Modell), Smart-TV, Direct Full Array, Neural Quantum Prozessor 4K, Real Depth Enhancer [2023]",https://www.amazon.de/dp/B0CH8VPDM5,75.0,1013.51,1013.51,EUR,1013.51,Amazon,DE,2026-07-30T06:47:27Z,B0CH8VPDM5,,,,,
Samsung,"Samsung Neo QLED QN80H 4K 75 Zoll (189 cm), UHD Fernseher, Quantum-Mini-LED für ultrafeine Kontraste, 4K AI Upscaling, Adaptive Sound Pro, Gaming Hub, Motion Xcelerator 144Hz, AI Companion, Smart TV",https://www.amazon.de/dp/B0GXZKLRHT,75.0,2799.0,2799.0,EUR,2799.0,Amazon,DE,2026-07-30T06:47:27Z,B0GXZKLRHT,,,,,
Samsung,"Samsung OLED S95H 4K 48 Zoll (121 cm), UHD Fernseher, Antireflexion mit Glare Free, OLED HDR pro, Ultimate Gaming Pack (NVIDIA G-SYNC & AMD FreeSync Pro) mit 165Hz, HDMI 2.1, Dolby Atmos, Smart AI TV",https://www.amazon.de/dp/B0GXZM9K15,48.0,1690.68,1690.68,EUR,1690.68,Amazon,DE,2026-07-30T06:47:27Z,B0GXZM9K15,,,,,
Samsung,"Samsung TV QN80F (2025) 100"" Neo QLED 4K UHD 100Hz [Länderversion Französisch, Spanisch, Portugiesisch]...[Länderversion Französisch, Spanisch, Portugiesisch]",https://www.amazon.de/dp/B0F22834RH,100.0,,,,,Amazon,DE,2026-07-30T06:47:27Z,B0F22834RH,,,,,
Samsung,"Samsung Crystal UHD CU8079 65 Zoll Fernseher TV 4K (GU-65CU8079, Deutsches Modell), HDR10+, Crystal Prozessor 4K, Motion Xcelerator, Smart TV [2023], Schwarz",https://www.amazon.de/dp/B0C1CPV9MW,65.0,699.0,699.0,EUR,699.0,Amazon,DE,2026-07-30T06:47:27Z,B0C1CPV9MW,,,,,
Samsung,"Samsung OLED S90H 4K 48 Zoll (121 cm), UHD Fernseher, Antireflexion mit Glare Free, OLED HDR+, Ultimate Gaming Pack (NVIDIA G-SYNC & AMD FreeSync Pro) mit 165Hz, HDMI 2.1, Dolby Atmos, Smart AI TV",https://www.amazon.de/dp/B0GXZMQDTZ,48.0,1799.0,1799.0,EUR,1799.0,Amazon,DE,2026-07-30T06:47:27Z,B0GXZMQDTZ,,,,,
LG,"LG 65UR78006LK 165 cm (65 Zoll) UHD Fernseher (Active HDR, 60 Hz, Smart TV) [Modelljahr 2023]",https://www.amazon.de/dp/B0BWWKNPT2,65.0,499.99,499.99,EUR,499.99,Amazon,DE,2026-07-30T06:47:27Z,B0BWWKNPT2,,,,,
LG,"LG 65QNED70A6A LG QNED TV (65 Zoll / 165 cm, UHD 4K, SMART TV)",https://www.amazon.de/dp/B0FV1M71R7,65.0,,,,,Amazon,DE,2026-07-30T06:47:27Z,B0FV1M71R7,,,,,
LG,"LG 55UR78006LK 140 cm (55 Zoll) UHD Fernseher (Active HDR, 60 Hz, Smart TV) [Modelljahr 2023]",https://www.amazon.de/dp/B0C2DG877X,55.0,429.0,429.0,EUR,429.0,Amazon,DE,2026-07-30T06:47:27Z,B0C2DG877X,,,,,
LG,"LG 55QNED86T6A TV 55"" (139 cm) QNED Fernseher (α8 4K AI-Prozessor, webOS 24, HDR10, bis zu 120Hz) [Modelljahr 2024]",https://www.amazon.de/dp/B0DG5VC4CS,55.0,617.79,617.79,EUR,617.79,Amazon,DE,2026-07-30T06:47:27Z,B0DG5VC4CS,,,,,
LG,LG TV QNED Evo (2026) 55 Zoll QNED MiniLED 4K UHD - 55QNED81B6A.AEU,https://www.amazon.de/dp/B0H1JJCFHR,55.0,668.37,668.37,EUR,668.37,Amazon,DE,2026-07-30T06:47:27Z,B0H1JJCFHR,,,,,
LG,"LG QNED AI 2025 TV | 43QNED8E | 43 Zoll (108 cm) | 4K UHD | HDR10 | webOS 25 | Telekommade AI Magic Remote | Alexa, Google Assistant | Netflix Disney+ C+ Prime Video | AirPlay 2 | Brillante",https://www.amazon.de/dp/B0F4KMPM6B,43.0,,,,,Amazon,DE,2026-07-30T06:47:27Z,B0F4KMPM6B,,,,,
Sony,"Sony BRAVIA 3II 55-Zoll-Fernseher, 4K-Smart-TV (Google TV), XR Prozessor mit KI-Technologie, 120-Hz-Fernseher mit Dolby Vision/Atmos, PS5-kompatibel, 55XR32M2, Modell 2026",https://www.amazon.de/dp/B0GZPV9JS8,55.0,1049.0,1049.0,EUR,1049.0,Amazon,DE,2026-07-30T06:47:27Z,B0GZPV9JS8,,,,,
Samsung,"Samsung Neo QLED 8K QN990F 75 Zoll (189 cm) Mini LED Fernseher, Antireflexion, NQ8 AI Gen3 Prozessor, 8K Upscaling Pro, Wireless One Connect, Art Store Galerie, Samsung Vision AI Smart TV",https://www.amazon.de/dp/B0DFVG7XK3,75.0,3599.0,3599.0,EUR,3599.0,Amazon,DE,2026-07-30T06:47:27Z,B0DFVG7XK3,,,,,
Samsung,"Samsung Neo QLED 8K TV QN990F 65 Zoll (163 cm) Mini LED AI Fernseher mit Glare Free HW-Q995GF Q-Serie 11.1.4-Kanal-Soundbar mit kabellosem 8""-Dual-Subwoofer & 4.0.2-Kanal-Rücklautsprecher",https://www.amazon.de/dp/B0FZW2P4GR,65.0,4173.72,4173.72,EUR,4173.72,Amazon,DE,2026-07-30T06:47:27Z,B0FZW2P4GR,,,,,
Samsung,"Samsung TV 75"" (2025) Neo QLED 8K UHD - TQ75QN990FTXXC [Länderversion Französisch, Spanisch, Portugiesisch]...[Länderversion Französisch, Spanisch, Portugiesisch]",https://www.amazon.de/dp/B0F2219MC8,75.0,4024.06,4024.06,EUR,4024.06,Amazon,DE,2026-07-30T06:47:27Z,B0F2219MC8,,,,,
Samsung,"Samsung Neo QLED 8K QN990F 65 Zoll (165 cm) Mini LED, 8K Fernseher, NQ8 AI Gen3 Prozessor, Upscaling Pro, Glare Free, Wireless One Connect, Art Galerie, Vision Smart TV, 65QN990F (2025)",https://www.amazon.de/dp/B0FBX878JM,65.0,3799.0,3799.0,EUR,3799.0,Amazon,DE,2026-07-30T06:47:27Z,B0FBX878JM,,,,,
Samsung,"Samsung 85 Zoll Mini TV Neo QLED QN990F 8K Mini LED, Smart TV mit AI-Vision, kabelfreie Verbindung, Glare Free Bildschirm und bis zu 240 Hz [Länderversion Spanisch]",https://www.amazon.de/dp/B0F21ZWSMZ,85.0,6530.97,6530.97,EUR,6530.97,Amazon,DE,2026-07-30T06:47:27Z,B0F21ZWSMZ,,,,,
Samsung,"Samsung Neo QLED 8K QN990F 75 Zoll (191 cm) Mini LED, 8K Fernseher, NQ8 AI Gen3 Prozessor, Upscaling Pro, Glare Free, Wireless One Connect, Art Galerie, Vision Smart TV, 75QN990F (2025)",https://www.amazon.de/dp/B0FBX9QJKV,75.0,5899.0,5899.0,EUR,5899.0,Amazon,DE,2026-07-30T06:47:27Z,B0FBX9QJKV,,,,,
Samsung,"Samsung Neo QLED 4K QN90F 75 Zoll (191 cm) 4K Fernseher, TV mit Neural Quantum AI Gen3 Prozessor, Quantum-Matrix-Technologie Plus, AI Upscaling Pro, Smart TV, 75QN90F [2025]",https://www.amazon.de/dp/B0FC2FC48J,75.0,,,,,Amazon,DE,2026-07-30T06:47:27Z,B0FC2FC48J,,,,,
LG,"LG 43QNED70B3C, 43"" 4K QNED MiniLED Smart TV, 3840x2160, DVB-T2/C/S2, Alpha 7 AI Processor, HDR10 / HLG, webOS 26 ThinQ, VRR/ALLM/HGiG, 4K Super Upscaling, WiFi 5, Bluetooth 5.3, AirPlay 2, LAN,CI",https://www.amazon.de/dp/B0H758J7BP,43.0,399.0,399.0,EUR,399.0,Amazon,DE,2026-07-30T06:47:27Z,B0H758J7BP,,,,,
Sony,"Sony BRAVIA 5 XR Mini-LED 75 Zoll Fernseher (K75XR55), AI XR-Prozessor, akustisches Multi-Audio, Dolby Vision/Atmos, IMAX Enhanced, Google TV (2025), Google Cast, Apple AirPlay 2, Game Menu, Smart TV",https://www.amazon.de/dp/B0F4L4JSYM,75.0,1659.0,1659.0,EUR,1659.0,Amazon,DE,2026-07-30T06:47:27Z,B0F4L4JSYM,,,,,
Sony,"Sony BRAVIA 3II 85-Zoll-Fernseher, 4K-Smart-TV (Google TV), XR Prozessor mit KI-Technologie, 120-Hz-Fernseher mit Dolby Vision/Atmos, PS5-kompatibel, 85XR35M2, Modell 2026",https://www.amazon.de/dp/B0GZQJC7W6,85.0,2099.0,2099.0,EUR,2099.0,Amazon,DE,2026-07-30T06:47:27Z,B0GZQJC7W6,,,,,
Samsung,"Samsung Micro RGB R85H 4K 75 Zoll (189 cm), UHD Fernseher, Micro RGB HDR+ & AI Engine für realitätsnahe Farben, Dolby Atmos, Gaming Hub, Motion Xcelerator 144Hz, AI Companion für Fragen, Smart TV",https://www.amazon.de/dp/B0GXZFCQCX,75.0,2299.0,2299.0,EUR,2299.0,Amazon,DE,2026-07-30T06:47:27Z,B0GXZFCQCX,,,,,
Samsung,"Samsung Crystal UHD 4K DU8079 Fernseher 85 Zoll, Samsung TV mit Dynamic Crystal Color, 4K Upscaling, AirSlim Design, Smart TV, GU85DU8079UXZG, Deutsches Modell [2024]",https://www.amazon.de/dp/B0CZS5616Z,85.0,1299.0,1299.0,EUR,1299.0,Amazon,DE,2026-07-30T06:47:27Z,B0CZS5616Z,,,,,
Samsung,"Samsung OLED S85H 4K 48 Zoll (122 cm) Fernseher bis 120 Hz, Antireflexion mit Glare Free, FloatLayer OLED Design mit Metellrahmen, bündige Wandmontage, Dolby Atmos, AI Companion, Smart TV",https://www.amazon.de/dp/B0H32Z3SBD,48.0,998.07,998.07,EUR,998.07,Amazon,DE,2026-07-30T06:47:27Z,B0H32Z3SBD,,,,,
Samsung,"Samsung Neo QLED 4K QN85D UHD Fernseher 85 Zoll (214 cm), NQ 4K AI Gen2 Prozessor, HDR Mini LED TV, AI Upscaling, Smart TV, Dolby Atmos Sound, Gaming Hub, Motion Xcelerator 120Hz, Knox Security",https://www.amazon.de/dp/B0CZRZXPXZ,85.0,2249.0,2249.0,EUR,2249.0,Amazon,DE,2026-07-30T06:47:27Z,B0CZRZXPXZ,,,,,
Samsung,"Samsung OLED S85H 4K 48 Zoll (121 cm), UHD Fernseher, OLED HDR, Premium Gaming Pack (NVIDIA G-SYNC & AMD FreeSync Premium) mit 120Hz, HDMI 2.1, Dolby Atmos, AI Companion für Fragen, Smart AI TV",https://www.amazon.de/dp/B0GXZK1RXH,48.0,1198.95,1198.95,EUR,1198.95,Amazon,DE,2026-07-30T06:47:27Z,B0GXZK1RXH,,,,,
Samsung,"Samsung The Frame Pro 85"" (2025) QLED 4K UHD TV - TQ85LS03FWUXXC [Länderversion Französisch, Spanisch, Portugiesisch]...[Länderversion Französisch, Spanisch, Portugiesisch]",https://www.amazon.de/dp/B0F228FDMN,85.0,3158.22,3158.22,EUR,3158.22,Amazon,DE,2026-07-30T06:47:27Z,B0F228FDMN,,,,,
Samsung,Samsung 85 Zoll The Frame Pro LS03HW 4K Samsung Vision AI Smart TV (2026),https://www.amazon.de/dp/B0H62KB2YV,85.0,4299.0,4299.0,EUR,4299.0,Amazon,DE,2026-07-30T06:47:27Z,B0H62KB2YV,,,,,
Samsung,"Samsung Neo QLED QN80H 4K 85 Zoll (214 cm), UHD Fernseher, Quantum-Mini-LED für ultrafeine Kontraste, 4K AI Upscaling, Adaptive Sound Pro, Gaming Hub, Motion Xcelerator 144Hz, AI Companion, Smart TV",https://www.amazon.de/dp/B0GXZLJ1T4,85.0,3699.0,3699.0,EUR,3699.0,Amazon,DE,2026-07-30T06:47:27Z,B0GXZLJ1T4,,,,,
Samsung,"Samsung Neo QLED 4K QN85B 55 Zoll Fernseher (GQ55QN85BATXZG, Deutsches Modell), Quantum HDR 1500, Neo Quantum Prozessor 4K, Dolby Atmos, Smart TV [2022]",https://www.amazon.de/dp/B09TRLJHFL,55.0,899.0,899.0,EUR,899.0,Amazon,DE,2026-07-30T06:47:27Z,B09TRLJHFL,,,,,
Samsung,"Samsung Neo QLED 4K QN85C 75 Zoll Fernseher (GQ75QN85CATXZG, Deutsches Modell), Neo Quantum HDR, Neural Quantum Prozessor 4K, Dolby Atmos, Smart TV [2023]",https://www.amazon.de/dp/B0BXT7LWXY,75.0,1689.0,1689.0,EUR,1689.0,Amazon,DE,2026-07-30T06:47:27Z,B0BXT7LWXY,,,,,
Samsung,"Samsung QLED 4K The Frame 85 Zoll Fernseher (GQ85LS03BAUXZG, Deutsches Modell), mattes Display, austauschbare Rahmen, Art Mode, Smart TV [2022]",https://www.amazon.de/dp/B09TRK5VMC,85.0,3589.0,3589.0,EUR,3589.0,Amazon,DE,2026-07-30T06:47:27Z,B09TRK5VMC,,,,,
Samsung,"Samsung Series 6 QE85Q60CAU 2,16 m (85"") 4K Ultra HD Smart TV WiFi Noir",https://www.amazon.de/dp/B0C278XF7J,85.0,1800.0,1800.0,EUR,1800.0,Amazon,DE,2026-07-30T06:47:27Z,B0C278XF7J,,,,,
Samsung,"Samsung QLED 4K Q70C 85 Zoll Fernseher (GQ85Q70CATXZG, Deutsches Modell), Quantum Prozessor 4K, Motion Xcelerator Turbo+, Quantum HDR, Smart TV [2023]",https://www.amazon.de/dp/B0BXT9WQ2S,85.0,1849.0,1849.0,EUR,1849.0,Amazon,DE,2026-07-30T06:47:27Z,B0BXT9WQ2S,,,,,
LG,"LG 86QNED86T6A TV 86"" (218 cm) QNED Fernseher (α8 4K AI-Prozessor, webOS 24, HDR10, bis zu 120Hz) [Modelljahr 2024]",https://www.amazon.de/dp/B0CYPY4YG5,86.0,,,,,Amazon,DE,2026-07-30T06:47:27Z,B0CYPY4YG5,,,,,
LG,"LG OLED48C37LA TV 121 cm (48 Zoll) OLED evo Fernseher (Smart TV, Filmmaker Mode, 120 Hz) [Modelljahr 2023]",https://www.amazon.de/dp/B009LYC01I,48.0,899.95,899.95,EUR,899.95,Amazon,DE,2026-07-30T06:47:27Z,B009LYC01I,,,,,
LG,LG TV 50 Zoll (2026) QNED MiniLED 4K UHD - 50QNED81B6C,https://www.amazon.de/dp/B0H1JCCN4Q,50.0,535.55,535.55,EUR,535.55,Amazon,DE,2026-07-30T06:47:27Z,B0H1JCCN4Q,,,,,
TCL,"TCL 75Q8C 75 Zoll QD-Mini LED Fernseher, 4K HDR Premium 4500, ZeroBorder™, Smart Google TV, CrystGlow WHVA Panel, Audio von Bang & Olufsen, 144Hz Motion Clarity Pro, Dolby Vision IQ & Atmos",https://www.amazon.de/dp/B0F9WSGDLW,75.0,1795.99,1795.99,EUR,1795.99,Amazon,DE,2026-07-30T06:47:27Z,B0F9WSGDLW,,,,,
TCL,"TCL 85Q7D Pro SQD-Mini LED 85 Zoll Fernseher, 4K Smart TV, Google TV | 1056 Dimming-Zonen, 2000 Nits Spitzenhelligkeit, Dolby Vision IQ & Atmos, 2.1 Onkyo Sound, 144 Hz VRR, AirPlay 2 & Alexa",https://www.amazon.de/dp/B0GXKSVDW9,85.0,1599.0,1599.0,EUR,1599.0,Amazon,DE,2026-07-30T06:47:27Z,B0GXKSVDW9,,,,,
TCL,"TCL NXTVISION A300 PRO 55 Zoll QLED PRO Fernseher, 4K UHD Art TV, Magnetisches Rahmendesign, Ai”Art Kunstgalerie, Mattes Display, Google Smart TV",https://www.amazon.de/dp/B0F9WFRF4R,55.0,799.0,799.0,EUR,799.0,Amazon,DE,2026-07-30T06:47:27Z,B0F9WFRF4R,,,,,
TCL,"TCL 98Q7C 98 Zoll QD-Mini LED Fernseher, 4K HDR Premium 3000, Smart TV unterstützt durch Google TV (Dolby Vision IQ & Atmos, CrystGlow HVA Panel, Audio von Bang & Olufsen, 144Hz Motion Clarity Pro)",https://www.amazon.de/dp/B0F38F4TM3,98.0,,,,,Amazon,DE,2026-07-30T06:47:27Z,B0F38F4TM3,,,,,
Hisense,"Smart TV Hisense 50A6Q 50"" 4K Ultra HD LED | HDR, D-LED",https://www.amazon.de/dp/B0F4D9YNHR,50.0,372.12,372.12,EUR,372.12,Amazon,DE,2026-07-30T06:47:27Z,B0F4D9YNHR,,,,,
Sony,"Sony BRAVIA 8 OLED 77 Zoll 4K HDR Google Smart TV (2024) | Gaming Features für IMAX Enhanced, Dolby Vision Atmos, Chromecast, Apple AirPlay, 120Hz 77XR80",https://www.amazon.de/dp/B0D1VV32HH,77.0,2711.41,2711.41,EUR,2711.41,Amazon,DE,2026-07-30T06:47:27Z,B0D1VV32HH,,,,,
Samsung,"Samsung OLED 4K S85F 77 Zoll (195 cm) UHD Fernseher, NQ4 AI Gen2 Prozessor,4K Upscaling, OLED HDR, Farben Pantone validiert, Dolby Atmos, Gaming-Hub, Knox Security, Samsung Vision AI Smart TV",https://www.amazon.de/dp/B0DF8VG9PD,77.0,2078.99,2078.99,EUR,2078.99,Amazon,DE,2026-07-30T06:47:27Z,B0DF8VG9PD,,,,,
Samsung,"Samsung TV 77 Zoll OLED S85F 4K Smart TV mit Vision AI, Farben Zertifiziert von Pantone TV Plus [Länderversion Spanisch]",https://www.amazon.de/dp/B0F2FMPVYZ,77.0,1744.9,1744.9,EUR,1744.9,Amazon,DE,2026-07-30T06:47:27Z,B0F2FMPVYZ,,,,,
Samsung,"Samsung Neo QLED 4K QN80F 85 Zoll (214 cm) Mini LED Fernseher, NQ4 AI Gen2 Prozessor, Quantum Matrix Technology Core, 4K Upscaling, Dolby Atmos, Knox Security, Samsung Vision AI Smart TV",https://www.amazon.de/dp/B0DFVN7D6L,85.0,1802.96,1802.96,EUR,1802.96,Amazon,DE,2026-07-30T06:47:27Z,B0DFVN7D6L,,,,,
Samsung,"Samsung 83"" TV (2025) OLED 4K - TQ83S85FAEXXC [Länderversion Französisch, Spanisch, Portugiesisch]...[Länderversion Französisch, Spanisch, Portugiesisch]",https://www.amazon.de/dp/B0F2FMLH3V,83.0,2419.62,2419.62,EUR,2419.62,Amazon,DE,2026-07-30T06:47:27Z,B0F2FMLH3V,,,,,
Samsung,"Samsung OLED 4K S90F 48 Zoll (122 cm), UHD Fernseher, NQ4 AI Gen3 Prozessor, OLED HDR+, 4K Upscaling Pro, Dolby Atmos, Gaming Hub, Motion Xcelerator 144Hz, Samsung Vision AI Smart TV, 48S90F",https://www.amazon.de/dp/B0FP4ZF41G,48.0,,,,,Amazon,DE,2026-07-30T06:47:27Z,B0FP4ZF41G,,,,,
Samsung,"Samsung OLED 4K TV S85F 77 Zoll (195 cm) UHD AI Fernseher mit OLED HDR HW-Q995GF Q-Serie 11.1.4-Kanal-Soundbar mit kabellosem 8""-Dual-Subwoofer & 4.0.2-Kanal-Rücklautsprecher, Dolby Atmos",https://www.amazon.de/dp/B0FZVXQ3BL,77.0,,,,,Amazon,DE,2026-07-30T06:47:27Z,B0FZVXQ3BL,,,,,
Samsung,"Samsung QLED 4K The Frame 75 Zoll Fernseher (GQ75LS03BGUXZG, Deutsches Modell), mattes Display, austauschbare Rahmen, Art Mode, Smart TV [2023]",https://www.amazon.de/dp/B0BXT8CNDF,75.0,,,,,Amazon,DE,2026-07-30T06:47:27Z,B0BXT8CNDF,,,,,
LG,"LG 55QNED86A6A TV 55 Zoll (139 cm) 4K QNED evo AI TV (α8 Gen2 4K AI Prozessor, webOS 25, 120Hz) [Modelljahr 2025]",https://www.amazon.de/dp/B0F38LBJ4X,55.0,617.79,617.79,EUR,617.79,Amazon,DE,2026-07-30T06:47:27Z,B0F38LBJ4X,,,,,
LG,"LG 85QNED83B6A TV 85 Zoll (215 cm) 4K QNED evo Mini LED AI TV (α8 Gen3 4K AI Prozessor, webOS 26, 120Hz (VRR bis zu 144Hz)) [Modelljahr 2026] [Energieklasse F]",https://www.amazon.de/dp/B0GSH5475Q,85.0,1399.0,1399.0,EUR,1399.0,Amazon,DE,2026-07-30T06:47:27Z,B0GSH5475Q,,,,,
LG,"LG 86QNED82A6B, 86 Zoll (218 cm), 4K QNED AI TV, α7 Gen8 Prozessor, webOS 25, 60Hz, Modelljahr 2025",https://www.amazon.de/dp/B0F2275Q5H,86.0,1149.0,1149.0,EUR,1149.0,Amazon,DE,2026-07-30T06:47:27Z,B0F2275Q5H,,,,,
LG,"LG 55QNED82A6B TV 55 Zoll (139 cm) 4K QNED AI TV (α7 Gen8 4K AI Prozessor, webOS 25, 60Hz) [Modelljahr 2025]",https://www.amazon.de/dp/B0F2JCV2WK,55.0,,,,,Amazon,DE,2026-07-30T06:47:27Z,B0F2JCV2WK,,,,,
Samsung,"Samsung OLED S85H 4K 55 Zoll (138 cm), UHD Fernseher, OLED HDR, Premium Gaming Pack (NVIDIA G-SYNC & AMD FreeSync Premium) mit 120Hz, HDMI 2.1, Dolby Atmos, AI Companion für Fragen, Smart AI TV",https://www.amazon.de/dp/B0GXZMW88Y,55.0,1999.0,1999.0,EUR,1999.0,Amazon,DE,2026-07-30T06:47:27Z,B0GXZMW88Y,,,,,
LG,"LG OLED77B68LA TV 77 Zoll (195 cm) 4K OLED AI TV (α8 Gen3 4K AI Prozessor, webOS 26, 120Hz (VRR bis zu 120Hz)) [Modelljahr 2026] [Energieklasse E]",https://www.amazon.de/dp/B0GSGX4RNZ,77.0,2499.0,2499.0,EUR,2499.0,Amazon,DE,2026-07-30T06:47:27Z,B0GSGX4RNZ,,,,,
TCL,"TCL 55C8L SQD-Mini LED 55 Zoll Fernseher, 4K Smart TV, Google TV, HDR10+ | 1008 Dimming-Zonen, 3000 Nits Spitzenhelligkeit, Dolby Vision IQ & Atmos, Audio by Bang & Olufsen, 144 Hz VRR, AirPlay 2",https://www.amazon.de/dp/B0GTZS35X6,55.0,,,,,Amazon,DE,2026-07-30T06:47:27Z,B0GTZS35X6,,,,,
Hisense,"Hisense 32A5S LED-TV, 32 Zoll (80 cm), HD, Smart TV VIDAA U7.6, USB-C Port (Mobile to TV), Dolby Audio & DTS HD, Bluetooth, WiFi, schwarz",https://www.amazon.de/dp/B0GJ5S3VKY,32.0,223.89,223.89,EUR,223.89,Amazon,DE,2026-07-30T06:47:27Z,B0GJ5S3VKY,,,,,
Sony,"Sony BRAVIA 3II 65-Zoll-Fernseher, 4K-Smart-TV (Google TV), XR Prozessor mit KI-Technologie, 120-Hz-Fernseher mit Dolby Vision/Atmos, PS5-kompatibel, 65XR32M2, Modell 2026",https://www.amazon.de/dp/B0GZPZZRWL,65.0,1144.0,1144.0,EUR,1144.0,Amazon,DE,2026-07-30T06:47:27Z,B0GZPZZRWL,,,,,
Samsung,"Samsung OLED S85H 4K 65 Zoll (163 cm), UHD Fernseher, OLED HDR, Premium Gaming Pack (NVIDIA G-SYNC & AMD FreeSync Premium) mit 120Hz, HDMI 2.1, Dolby Atmos, AI Companion für Fragen, Smart AI TV",https://www.amazon.de/dp/B0GXZTVXCY,65.0,2899.0,2899.0,EUR,2899.0,Amazon,DE,2026-07-30T06:47:27Z,B0GXZTVXCY,,,,,
LG,"LG OLED83B68LA TV 83 Zoll (210 cm) 4K OLED AI TV (α8 Gen3 4K AI Prozessor, webOS 26, 120Hz (VRR bis zu 120Hz)) [Modelljahr 2026] [Energieklasse E]",https://www.amazon.de/dp/B0GSGYH7VH,83.0,3068.99,3068.99,EUR,3068.99,Amazon,DE,2026-07-30T06:47:27Z,B0GSGYH7VH,,,,,
TCL,"TCL 85C8L SQD-Mini LED 85 Zoll Fernseher, 4K Smart TV, Google TV, HDR10+ | 3200 Dimming-Zonen, 6000 Nits Spitzenhelligkeit, Dolby Vision IQ & Atmos, 144Hz, ZeroBorder Design, Audio by Bang & Olufsen",https://www.amazon.de/dp/B0GTZRP159,85.0,3599.0,3599.0,EUR,3599.0,Amazon,DE,2026-07-30T06:47:27Z,B0GTZRP159,,,,,
Hisense,"Hisense 50A5S LED-TV, 50 Zoll (127 cm), Full HD, Smart TV VIDAA U7.6, USB-C-Anschluss (Mobile to TV), Dolby Audio & DTS HD, Bluetooth, WLAN, schwarz",https://www.amazon.de/dp/B0GJ5TLQHW,50.0,,,,,Amazon,DE,2026-07-30T06:47:27Z,B0GJ5TLQHW,,,,,
Sony,"Sony BRAVIA 3II 75-Zoll-Fernseher, 4K-Smart-TV (Google TV), XR Prozessor mit KI-Technologie, 120-Hz-Fernseher mit Dolby Vision/Atmos, PS5-kompatibel, 75XR32M2, Modell 2026",https://www.amazon.de/dp/B0GZQ9F4Y3,75.0,1549.0,1549.0,EUR,1549.0,Amazon,DE,2026-07-30T06:47:27Z,B0GZQ9F4Y3,,,,,
Samsung,Samsung QE65S85HAE - Fernseher 65 Zoll Smart TV 4K 3840 x 2160 OLED DVB-T2 Wifi Schwarz Energieklasse F,https://www.amazon.de/dp/B0H4M5WWY9,65.0,1935.99,1935.99,EUR,1935.99,Amazon,DE,2026-07-30T06:47:27Z,B0H4M5WWY9,,,,,
LG,"LG OLED55C6ELB TV 55 Zoll (139 cm) 4K OLED evo AI TV (α11 Gen3 4K AI Prozessor, webOS 26, 120Hz (VRR bis zu 165Hz)) [Modelljahr 2026] [Energieklasse G]",https://www.amazon.de/dp/B0GSH2S5VY,55.0,1599.0,1599.0,EUR,1599.0,Amazon,DE,2026-07-30T06:47:27Z,B0GSH2S5VY,,,,,
TCL,"TCL 98C8L SQD-Mini LED 98 Zoll Fernseher, 4K Smart TV, Google TV, HDR10+ | 4032 Dimming-Zonen, 6000 Nits Spitzenhelligkeit, Dolby Vision IQ & Atmos, 144Hz, ZeroBorder Design, Audio by Bang & Olufsen",https://www.amazon.de/dp/B0GTZQ77RW,98.0,3994.0,3994.0,EUR,3994.0,Amazon,DE,2026-07-30T06:47:27Z,B0GTZQ77RW,,,,,
Hisense,"Hisense 43A6S Fernseher 4K UHD 43 Zoll (108 cm), Smart TV HomeOS U9.5, Dolby Vision, Game Mode Plus, kompakt und Performance, Schwarz",https://www.amazon.de/dp/B0GJFM3F7P,43.0,279.0,279.0,EUR,279.0,Amazon,DE,2026-07-30T06:47:27Z,B0GJFM3F7P,,,,,
Sony,"Sony BRAVIA 3II 100-Zoll-Fernseher, 4K-Smart-TV (Google TV), XR Prozessor mit KI-Technologie, 120-Hz-Fernseher mit Dolby Vision/Atmos, PS5-kompatibel, 100XR35M2, Modell 2026",https://www.amazon.de/dp/B0GZQB773S,100.0,2999.0,2999.0,EUR,2999.0,Amazon,DE,2026-07-30T06:47:27Z,B0GZQB773S,,,,,
Samsung,"Samsung OLED S85H 4K 77 Zoll (195 cm), UHD Fernseher, OLED HDR, Premium Gaming Pack (NVIDIA G-SYNC & AMD FreeSync Premium) mit 120Hz, HDMI 2.1, Dolby Atmos, AI Companion für Fragen, Smart AI TV",https://www.amazon.de/dp/B0GXZQ6FFF,77.0,4399.0,4399.0,EUR,4399.0,Amazon,DE,2026-07-30T06:47:27Z,B0GXZQ6FFF,,,,,
LG,"LG OLED83C6ELB TV 83 Zoll (210 cm) 4K OLED evo AI TV (α11 Gen3 4K AI Prozessor, webOS 26, 120Hz (VRR bis zu 165Hz)) [Modelljahr 2026] [Energieklasse D]",https://www.amazon.de/dp/B0GSH5L491,83.0,,,,,Amazon,DE,2026-07-30T06:47:27Z,B0GSH5L491,,,,,
TCL,"TCL 85X11L SQD-Mini LED 85 Zoll Fernseher, 4K Smart TV, Google TV, HDR10+ | 14400 Dimming-Zonen, 10000 Nits Spitzenhelligkeit, Dolby Vision IQ & Atmos, 144Hz, ZeroBorder Design, Audio by Bang & Olufsen",https://www.amazon.de/dp/B0GV4DDPZD,85.0,5299.0,5299.0,EUR,5299.0,Amazon,DE,2026-07-30T06:47:27Z,B0GV4DDPZD,,,,,
Hisense,"Hisense 50A6S – TV 4K UHD 50 Zoll (127 cm), Smart TV HomeOS U9.5, Dolby Vision HDR, Game Mode Plus (VRR 60 Hz), DTS Virtual:X, Alexa integriert, Schwarz",https://www.amazon.de/dp/B0GJFVQDWB,50.0,,,,,Amazon,DE,2026-07-30T06:47:27Z,B0GJFVQDWB,,,,,
Sony,"Sony BRAVIA 2II 65 Zoll Fernseher, 4K Smart TV (Google TV), X1 Prozessor, 4K-Upscaling, Fernseher mit Dolby Atmos und DTS:X, PS5-Kompatibilität, 65S20M2, Modell 2026",https://www.amazon.de/dp/B0GZKY262Y,65.0,969.0,969.0,EUR,969.0,Amazon,DE,2026-07-30T06:47:27Z,B0GZKY262Y,,,,,
Samsung,"Samsung OLED S85H 4K 83 Zoll (210 cm), UHD Fernseher, OLED HDR, Premium Gaming Pack (NVIDIA G-SYNC & AMD FreeSync Premium) mit 120Hz, HDMI 2.1, Dolby Atmos, AI Companion für Fragen, Smart AI TV",https://www.amazon.de/dp/B0GXZQW4BX,83.0,6099.0,6099.0,EUR,6099.0,Amazon,DE,2026-07-30T06:47:27Z,B0GXZQW4BX,,,,,
LG,"LG OLED77G67LW TV 77 Zoll (195 cm) 4K OLED evo AI TV (α11 Gen3 4K AI Prozessor, webOS 26, 120Hz (VRR bis zu 165Hz)) [Modelljahr 2026] [Energieklasse E]",https://www.amazon.de/dp/B0GSGYQ3S4,77.0,3399.0,3399.0,EUR,3399.0,Amazon,DE,2026-07-30T06:47:27Z,B0GSGYQ3S4,,,,,
TCL,"TCL 98X11L SQD-Mini LED 98 Zoll Fernseher, 4K Smart TV, Google TV, HDR10+ | 20736 Dimming-Zonen, 10000 Nits Spitzenhelligkeit, Dolby Vision IQ & Atmos, 144Hz, ZeroBorder Design, Audio by Bang & Olufsen",https://www.amazon.de/dp/B0GV4GKQR9,98.0,9888.0,9888.0,EUR,9888.0,Amazon,DE,2026-07-30T06:47:27Z,B0GV4GKQR9,,,,,
Hisense,"Hisense 65E7S Pro – QLED Gaming TV 65 Zoll (164 cm), 4K UHD, 144 Hz Nativ, Dolby Vision IQ & Atmos, HDMI 2.1, FreeSync Premium, Smart TV VIDAA U9.5, integrierte Alexa Sprachsteuerung [Modell 2026] | 144 Hz Nativ, Dolby Vision IQ & Atmos, HDMI 2.1, FreeSync Premium, VIDAA U9.5 mit Alexa, Modell 2026",https://www.amazon.de/dp/B0GR6XCQMY,65.0,549.0,549.0,EUR,549.0,Amazon,DE,2026-07-30T06:47:27Z,B0GR6XCQMY,,,,,
Sony,"Sony BRAVIA 2II 75 Zoll Fernseher, 4K Smart TV (Google TV), X1 Prozessor, 4K-Upscaling, Fernseher mit Dolby Atmos und DTS:X, PS5-Kompatibilität, 75S20M2, Modell 2026",https://www.amazon.de/dp/B0GZKYXYQX,75.0,1249.0,1249.0,EUR,1249.0,Amazon,DE,2026-07-30T06:47:27Z,B0GZKYXYQX,,,,,
Samsung,"Samsung Micro RGB R85H 4K 65 Zoll (163 cm), UHD Fernseher, Micro RGB HDR+ & AI Engine für realitätsnahe Farben, Dolby Atmos, Gaming Hub, Motion Xcelerator 144Hz, AI Companion für Fragen, Smart TV",https://www.amazon.de/dp/B0GXZRGM8X,65.0,,,,,Amazon,DE,2026-07-30T06:47:27Z,B0GXZRGM8X,,,,,
LG,"LG OLED83G67LW TV 83 Zoll (210 cm) 4K OLED evo AI TV (α11 Gen3 4K AI Prozessor, webOS 26, 120Hz (VRR bis zu 165Hz)) [Modelljahr 2026] [Energieklasse D]",https://www.amazon.de/dp/B0GSRX1RNN,83.0,4895.93,4895.93,EUR,4895.93,Amazon,DE,2026-07-30T06:47:27Z,B0GSRX1RNN,,,,,
TCL,"TCL 65C7K 65 Zoll QD-Mini LED Fernseher, 4K HDR Premium 2600, Smart Google TV mit 144Hz Motion Clarity Pro (Dolby Vision IQ & Atmos, CrystGlow HVA Panel, Audio von Bang & Olufsen, Game Master)",https://www.amazon.de/dp/B0F5BRZSTR,65.0,,,,,Amazon,DE,2026-07-30T06:47:27Z,B0F5BRZSTR,,,,,
Hisense,"Hisense 75E7S Pro – QLED Gaming TV 75 Zoll (189 cm), 4K UHD, 144 Hz Nativ, Dolby Vision IQ & Atmos, HDMI 2.1, FreeSync Premium, Smart TV VIDAA U9.5, integrierte Alexa Sprachsteuerung, Modell 2026 | Audio Dolby Atmos, VIDAA OS, Native 144Hz Game Mode, Dolby Vision IQ, HDR 10+, AirPlay2, Alexa, Lativù 4K, 2026 Model",https://www.amazon.de/dp/B0GR6SXXNM,75.0,799.0,799.0,EUR,799.0,Amazon,DE,2026-07-30T06:47:27Z,B0GR6SXXNM,,,,,
Sony,"Sony BRAVIA 3 - Direct LED 75 Zoll Fernseher (K75S32), X-Balanced Speaker, Dolby Vision/Atmos, IMAX Enhanced, Google TV (2025), Google Cast, Apple AirPlay 2, Eco Dashboard 2, Game Menu 2, Smart TV",https://www.amazon.de/dp/B0F4KRYP8L,75.0,999.0,999.0,EUR,999.0,Amazon,DE,2026-07-30T06:47:27Z,B0F4KRYP8L,,,,,
Samsung,"Samsung Micro RGB R85H 4K 85 Zoll (214 cm), UHD Fernseher, Micro RGB HDR+ & AI Engine für realitätsnahe Farben, Dolby Atmos, Gaming Hub, Motion Xcelerator 144Hz, AI Companion für Fragen, Smart TV",https://www.amazon.de/dp/B0GXZYKP14,85.0,,,,,Amazon,DE,2026-07-30T06:47:27Z,B0GXZYKP14,,,,,
LG,"LG OLED83G64LW Fernseher 83 Zoll (203 cm), 4K OLED EVO AI G6, Smart TV, ohne Reflexion, WebOS 26, Prozessor α11 AI Gen3, VRR 165Hz, Reflection Free Premium, Dolby Vision und Atmos, Titan Dunkelgrau",https://www.amazon.de/dp/B0GYQ32WKS,83.0,9401.49,9401.49,EUR,9401.49,Amazon,DE,2026-07-30T06:47:27Z,B0GYQ32WKS,,,,,
TCL,"TCL 75C7K 75 Zoll QD-Mini LED Fernseher, 4K HDR Premium 3000, Smart Google TV mit 144Hz Motion Clarity Pro (Dolby Vision IQ & Atmos, CrystGlow HVA Panel, Audio von Bang & Olufsen, Game Master)",https://www.amazon.de/dp/B0F5BP3VXC,75.0,,,,,Amazon,DE,2026-07-30T06:47:27Z,B0F5BP3VXC,,,,,
Hisense,"Hisense 55E8S 139cm 55"" 4K UHD Mini LED Smart TV Fernseher (55E8S)",https://www.amazon.de/dp/B0GQDXNH3L,55.0,733.1,733.1,EUR,733.1,Amazon,DE,2026-07-30T06:47:27Z,B0GQDXNH3L,,,,,
Sony,"Sony BRAVIA 3 - Direct LED 85 Zoll Fernseher (K85S32), X-Balanced Speaker, Dolby Vision/Atmos, IMAX Enhanced, Google TV (2025), Google Cast, Apple AirPlay 2, Eco Dashboard 2, Game Menu 2, Smart TV",https://www.amazon.de/dp/B0F4KVCDCW,85.0,1249.0,1249.0,EUR,1249.0,Amazon,DE,2026-07-30T06:47:27Z,B0F4KVCDCW,,,,,
Samsung,"Samsung Micro RGB R85H 4K 100 Zoll (254 cm), UHD Fernseher, Micro RGB HDR+ & AI Engine für realitätsnahe Farben, Dolby Atmos, Gaming Hub, Motion Xcelerator 144Hz, AI Companion für Fragen, Smart TV",https://www.amazon.de/dp/B0GXZYJR2X,100.0,,,,,Amazon,DE,2026-07-30T06:47:27Z,B0GXZYJR2X,,,,,
LG,"LG TV (2026) NanoCell 65"" LED UHD 4K - 65NU850B6LA",https://www.amazon.de/dp/B0H1JGZQVN,65.0,591.25,591.25,EUR,591.25,Amazon,DE,2026-07-30T06:47:27Z,B0H1JGZQVN,,,,,
TCL,"TCL 85C7K 85 Zoll QD-Mini LED Fernseher, 4K HDR Premium 3000, Smart Google TV mit 144Hz Motion Clarity Pro (Dolby Vision IQ & Atmos, CrystGlow HVA Panel, Audio von Bang & Olufsen, Game Master)",https://www.amazon.de/dp/B0F5BSK9JW,85.0,,,,,Amazon,DE,2026-07-30T06:47:27Z,B0F5BSK9JW,,,,,
Hisense,"Hisense 65E8S 164cm 65"" 4K UHD Mini LED Smart TV Fernseher (65E8S)",https://www.amazon.de/dp/B0GQF24H9M,65.0,699.0,699.0,EUR,699.0,Amazon,DE,2026-07-30T06:47:27Z,B0GQF24H9M,,,,,
Sony,"Sony BRAVIA 5 XR Mini-LED 85 Zoll Fernseher (K85XR55), AI XR-Prozessor, akustisches Multi-Audio, Dolby Vision/Atmos, IMAX Enhanced, Google TV (2025), Google Cast, Apple AirPlay 2, Game Menu, Smart TV",https://www.amazon.de/dp/B0F4KZW14B,85.0,,,,,Amazon,DE,2026-07-30T06:47:27Z,B0F4KZW14B,,,,,
Samsung,"Samsung Crystal UHD 4K U7099F 50 Zoll (125 cm) LED, MetalStream Design, SmartThings, Knox Security, Gaming Hub, AI Upscaling, Smart TV, 2025",https://www.amazon.de/dp/B0F5BVDV72,50.0,,,,,Amazon,DE,2026-07-30T06:47:27Z,B0F5BVDV72,,,,,
Samsung,"Samsung Crystal UHD 4K U7099F 55 Zoll (138 cm) LED Fernseher, MetalStream Design, SmartThings, Knox Security, Gaming Hub, AI Upscaling, Smart TV, 2025",https://www.amazon.de/dp/B0F5BWBH76,55.0,,,,,Amazon,DE,2026-07-30T06:47:27Z,B0F5BWBH76,,,,,
Samsung,"Samsung Crystal UHD 4K U7099F 75 Zoll (189 cm) LED, MetalStream Design, SmartThings, Knox Security, Gaming Hub, AI Upscaling, Smart TV, 2025",https://www.amazon.de/dp/B0F5BV377N,75.0,,,,,Amazon,DE,2026-07-30T06:47:27Z,B0F5BV377N,,,,,
Samsung,"Samsung Crystal UHD 4K U7099F 85 Zoll (214 cm) LED, MetalStream Design, SmartThings, Knox Security, Gaming Hub, Upscaling, Smart TV, 2025",https://www.amazon.de/dp/B0F5BYBKTC,85.0,,,,,Amazon,DE,2026-07-30T06:47:27Z,B0F5BYBKTC,,,,,
LG,"LG OLED42C5ELB, 42 Zoll (106 cm), 4K OLED evo AI TV, α9 Gen8 Prozessor, webOS 25, 120Hz (VRR bis zu 144Hz), Modelljahr 2025",https://www.amazon.de/dp/B0F2JCD8F3,42.0,647.99,647.99,EUR,647.99,Amazon,DE,2026-07-30T06:47:27Z,B0F2JCD8F3,,,,,
LG,"LG OLED83C5ELA TV 83 Zoll (210 cm) 4K OLED evo AI TV (α9 Gen8 4K AI Prozessor, webOS 25, 120Hz (VRR bis zu 144Hz)) [Modelljahr 2025]",https://www.amazon.de/dp/B0F2JCSBRK,83.0,,,,,Amazon,DE,2026-07-30T06:47:27Z,B0F2JCSBRK,,,,,
TCL,"TCL 98C7K 98 Zoll QD-Mini LED Fernseher, 4K HDR Premium 3000, Smart Google TV mit 144Hz Motion Clarity Pro (Dolby Vision IQ & Atmos, CrystGlow HVA Panel, Audio von Bang & Olufsen, Game Master)",https://www.amazon.de/dp/B0F5BL77MF,98.0,2149.0,2149.0,EUR,2149.0,Amazon,DE,2026-07-30T06:47:27Z,B0F5BL77MF,,,,,
Hisense,"Hisense 65E7Q PRO Fehrnseher,65 Zoll, 4K UHD QLED, Smart TV,144Hz Game Mode PRO,Filmaker Mode, AMD FreeSync Premium,AI HDR Upscaler,Dolby Vision IQ,Dolby Atmos,Sprachsteuerung [2025]",https://www.amazon.de/dp/B0F1N62VSW,65.0,655.56,655.56,EUR,655.56,Amazon,DE,2026-07-30T06:47:27Z,B0F1N62VSW,,,,,
Hisense,"Hisense 50E7Q PRO Fehrnseher,50 Zoll, 4K UHD QLED, Smart TV,144Hz Game Mode PRO,Filmaker Mode, AMD FreeSync Premium,AI HDR Upscaler,Dolby Vision IQ,Dolby Atmos,Sprachsteuerung [2025]",https://www.amazon.de/dp/B0FFH8CWBK,50.0,,,,,Amazon,DE,2026-07-30T06:47:27Z,B0FFH8CWBK,,,,,
Hisense,"Hisense 85E7Q PRO Fehrnseher,85 Zoll,4K UHD QLED, Smart TV,144Hz Game Mode PRO,Filmaker Mode, AMD FreeSync Premium,AI HDR Upscaler,Dolby Vision IQ,Dolby Atmos,Sprachsteuerung [2025] | 144Hz Game Mode PRO, Filmmaker Mode, AMD FreeSync Premium, AI HDR Upscaler, Dolby Vision IQ, Dolby Atmos, Sprachsteuerung",https://www.amazon.de/dp/B0F1N6RKFQ,85.0,,,,,Amazon,DE,2026-07-30T06:47:27Z,B0F1N6RKFQ,,,,,
Hisense,"Hisense 75E7Q PRO Fehrnseher,75 Zoll,4K UHD QLED, Smart TV,144Hz Game Mode PRO,Filmaker Mode, AMD FreeSync Premium,AI HDR Upscaler,Dolby Vision IQ,Dolby Atmos,Sprachsteuerung [2025]",https://www.amazon.de/dp/B0F1N63F97,75.0,,,,,Amazon,DE,2026-07-30T06:47:27Z,B0F1N63F97,,,,,
Hisense,"Hisense 100E7Q PRO Fernseher, 100 Zoll, 4K UHD QLED, Smart TV, 144Hz Game Mode, Filmmaker, AMD FreeSync Premium, AI HDR Upscaler, Built in Subwoofer, Sprachsteuerung, 2025",https://www.amazon.de/dp/B0F1N92VWF,100.0,,,,,Amazon,DE,2026-07-30T06:47:27Z,B0F1N92VWF,,,,,
Panasonic,"Panasonic TN-43W70AEZ, W70-Serie 43 Zoll 4K Ultra HD LED Smart TV, 2024, Google Assistant, Chromecast, Dolby Vision & Atmos, Gaming-Modus, Bluetooth, für EIN außergewöhnliches visuelles Erlebnis",https://www.amazon.de/dp/B0D9MGL3TB,43.0,,,,,Amazon,DE,2026-07-30T06:47:27Z,B0D9MGL3TB,,,,,
Panasonic,"Panasonic TN-50W70AEZ, W70-Serie 50 Zoll 4K Ultra HD LED Smart TV, 2024, Google Assistant, Chromecast, Dolby Vision & Atmos, Gaming-Modus, Bluetooth, für EIN außergewöhnliches visuelles Erlebnis",https://www.amazon.de/dp/B0D9MH3L6C,50.0,,,,,Amazon,DE,2026-07-30T06:47:27Z,B0D9MH3L6C,,,,,
Panasonic,"Panasonic TN-55W70AEZ, W70-Serie 55 Zoll 4K Ultra HD LED Smart TV, 2024, Google Assistant, Chromecast, Dolby Vision & Atmos, Gaming-Modus, Bluetooth, für EIN außergewöhnliches visuelles Erlebnis",https://www.amazon.de/dp/B0D9MGH49P,55.0,,,,,Amazon,DE,2026-07-30T06:47:27Z,B0D9MGH49P,,,,,
Philips,"Philips Ambilight 65PUS8200 4K LED Smart TV - 65 Zoll Display mit Pixel Precise Ultra HD, Titan OS, Dolby Vision und Dolby Atmos Sound",https://www.amazon.de/dp/B0F2N4SKN3,65.0,,,,,Amazon,DE,2026-07-30T06:47:27Z,B0F2N4SKN3,,,,,
Toshiba,"Toshiba 55UV2363DAW 55 Zoll Fernseher/VIDAA Smart TV (4K UHD, HDR Dolby Vision, Triple-Tuner, Bluetooth, Dolby Audio)",https://www.amazon.de/dp/B0CQ5DG178,55.0,,,,,Amazon,DE,2026-07-30T06:47:27Z,B0CQ5DG178,,,,,
Toshiba,"Toshiba Fernseher 24 Zoll Smart TV - VIDAA TV (HD LED TV, HDR, Triple-Tuner) 24WV3463DAZ",https://www.amazon.de/dp/B0DJBSRRFH,24.0,,,,,Amazon,DE,2026-07-30T06:47:27Z,B0DJBSRRFH,,,,,
Toshiba,Toshiba 32LV3F63DAZ Fernseher 32 Zoll VIDAA Smart TV mit Full HD Auflösung | HDR | 2x HDMI | 1x USB | Bluetooth | Sprachsteuerung | DTS Virtual X | Triple-Tuner DVB-C/-S2/-T2 | Modelljahr 2026,https://www.amazon.de/dp/B0FPWXB29Y,32.0,169.99,169.99,EUR,169.99,Amazon,DE,2026-07-30T06:47:27Z,B0FPWXB29Y,,,,,
Toshiba,"Toshiba 40LV2E63DAZ 40 Zoll Fernseher/VIDAA Smart TV (Full HD, HDR, Triple-Tuner, Bluetooth, Dolby Audio) [2024]",https://www.amazon.de/dp/B0CNKK8DCF,40.0,275.24,275.24,EUR,275.24,Amazon,DE,2026-07-30T06:47:27Z,B0CNKK8DCF,,,,,
Toshiba,"Toshiba 43QV3463DG 43"" QLED UltraHD 4K VIDAA",https://www.amazon.de/dp/B0DG36C62Y,43.0,,,,,Amazon,DE,2026-07-30T06:47:27Z,B0DG36C62Y,,,,,
Toshiba,"Toshiba 65QV2363DAW 65 Zoll QLED Fernseher/VIDAA Smart TV (4K UHD, HDR Dolby Vision, Triple-Tuner, Dolby Audio) [2024]",https://www.amazon.de/dp/B0CNTRTHV7,65.0,,,,,Amazon,DE,2026-07-30T06:47:27Z,B0CNTRTHV7,,,,,
Toshiba,"Toshiba 43LV3E63DAZ 43 Zoll Fernseher/VIDAA Smart TV (Full HD, HDR, Triple-Tuner, Bluetooth, Dolby Audio)",https://www.amazon.de/dp/B0CQ5HKK9G,43.0,301.28,301.28,EUR,301.28,Amazon,DE,2026-07-30T06:47:27Z,B0CQ5HKK9G,,,,,
Toshiba,Toshiba 43UV3463DAW Fernseher 43 Zoll VIDAA Smart TV mit 4K UHD Auflösung | Dolby Vision HDR | 3x HDMI | 2x USB | Dolby Audio | Sprachsteuerung | Frameless Design | Triple-Tuner DVB-C/-S2/-T2 | 2026,https://www.amazon.de/dp/B0CW1Y4R81,43.0,259.99,259.99,EUR,259.99,Amazon,DE,2026-07-30T06:47:27Z,B0CW1Y4R81,,,,,
Xiaomi,"Xiaomi TV F 43, 43 Zoll (109 cm), 4K UHD, Smart TV, Fire OS8, Triple Tuner DVB-C/S/S2/T/T2,HDR10, MEMC,Sprachsteuerung mit Alexa, 2GB+32GB, Kompatibel mit Apple AirPlay",https://www.amazon.de/dp/B0F44MCCL3,43.0,259.0,259.0,EUR,259.0,Amazon,DE,2026-07-30T06:47:27Z,B0F44MCCL3,,,,,
Xiaomi,"Xiaomi TV F 50, 50 Zoll (127 cm), 4K UHD, Smart TV, Fire OS8, Triple Tuner DVB-C/S/S2/T/T2,HDR10, MEMC,60Hz mit 120Hz Game Boost Mode, Sprachsteuerung mit Alexa, 2GB+32GB, Kompatibel mit Apple AirPlay",https://www.amazon.de/dp/B0F45BXJ1C,50.0,299.0,299.0,EUR,299.0,Amazon,DE,2026-07-30T06:47:27Z,B0F45BXJ1C,,,,,
Xiaomi,"Xiaomi TV F 55, 55 Zoll (140 cm), 4K UHD, Smart TV, Fire OS8, Triple Tuner DVB-C/S/S2/T/T2,HDR10, MEMC,60Hz mit 120Hz Game Boost Mode, Sprachsteuerung mit Alexa, 2GB+32GB, Kompatibel mit Apple AirPlay",https://www.amazon.de/dp/B0F457G5QG,55.0,349.0,349.0,EUR,349.0,Amazon,DE,2026-07-30T06:47:27Z,B0F457G5QG,,,,,
Samsung,"Samsung Crystal UHD U8079F 4K 75 Zoll (189 cm) LED Fernseher, Optimiert für Fussball und Gaming, Crystal Prozessor 4K, SmartThings, AI Upscaling, Knox Security, Kostenlose Inhalte, Smart TV",https://www.amazon.de/dp/B0F62T416G,75.0,689.99,689.99,EUR,689.99,Amazon,DE,2026-07-30T06:47:27Z,B0F62T416G,,,,,
Samsung,"Samsung Crystal UHD U8079F 4K 65 Zoll (163 cm) LED Fernseher, Crystal Prozessor 4K, MetalStream Design, SmartThings, AI Upscaling, Gaming Hub, Knox Security, Kostenlose Inhalte, Smart TV",https://www.amazon.de/dp/B0F62VGMHW,65.0,,,,,Amazon,DE,2026-07-30T06:47:27Z,B0F62VGMHW,,,,,
Samsung,"Samsung Crystal UHD U8079F 4K 85 Zoll (214 cm) LED Fernseher, Crystal Prozessor 4K, MetalStream Design, SmartThings, AI Upscaling, Gaming Hub, Knox Security, Kostenlose Inhalte, Smart TV",https://www.amazon.de/dp/B0F62T3RGK,85.0,,,,,Amazon,DE,2026-07-30T06:47:27Z,B0F62T3RGK,,,,,
Hisense,"Hisense 85E7Q Fehrnseher, 85 Zoll, 4K UHD QLED, Smart TV, Game Mode Plus, Filmaker Mode, Dolby Vision Atmos, HDR10, HLG, HDR Immersive, AI 4K Upscaler, DTS:X, Sprachsteuerung [2025]",https://www.amazon.de/dp/B0F1MR1FQ3,85.0,899.0,899.0,EUR,899.0,Amazon,DE,2026-07-30T06:47:27Z,B0F1MR1FQ3,,,,,
Hisense,"Hisense 98E7Q Fernseher, 98 Zoll, 2480 Mm, 4K UHD QLED, Smart TV, 144Hz Game Mode PRO, AI 4K Upscaler, Smoothmotion, Lichtsensor, Colour, Dolby Vision Atmos, Sprachsteuerung, EZPlay",https://www.amazon.de/dp/B0FQ68967J,98.0,1399.0,1399.0,EUR,1399.0,Amazon,DE,2026-07-30T06:47:27Z,B0FQ68967J,,,,,
Hisense,"Hisense 43E7Q Fehrnseher, 43 Zoll, 4K UHD QLED, Smart TV, Game Mode Plus, Filmaker Mode, Dolby Vision Atmos, HDR10, HLG, HDR Immersive, AI 4K Upscaler, Dolby MS12, DTS X, Sprachsteuerung [2025]",https://www.amazon.de/dp/B0F1MSX2W7,43.0,,,,,Amazon,DE,2026-07-30T06:47:27Z,B0F1MSX2W7,,,,,
Hisense,"Hisense 50E7Q Fehrnseher, 50 Zoll, 4K QLED, Smart TV, Game Mode Plus, Filmaker Mode, Dolby Vision Atmos, HDR10, HLG, HDR Immersive, AI 4K Upscaler, Dolby MS12, DTS X, Sprachsteuerung [2025]",https://www.amazon.de/dp/B0F1MQRCGF,50.0,,,,,Amazon,DE,2026-07-30T06:47:27Z,B0F1MQRCGF,,,,,
Hisense,"Hisense 65E7Q Fehrnseher, 65 Zoll, 4K UHD QLED, Smart TV, Game Mode Plus, Filmaker Mode, Dolby Vision Atmos, HDR10, HLG, HDR Immersive, AI 4K Upscaler, Dolby MS12, DTS X, Sprachsteuerung [2025]",https://www.amazon.de/dp/B0F1MRPC4B,65.0,,,,,Amazon,DE,2026-07-30T06:47:27Z,B0F1MRPC4B,,,,,
Hisense,"Hisense 58E7Q Fehrnseher, 58 Zoll, QLED&DLED, Smart TV, Game Mode Plus, Filmaker Mode, Dolby Vision Atmos, HDR10, HLG, 4K HDR Immersive, AI 4K Upscaler, Dolby MS12, DTS X, Sprachsteuerung [2025]",https://www.amazon.de/dp/B0F9YWJ5MT,58.0,,,,,Amazon,DE,2026-07-30T06:47:27Z,B0F9YWJ5MT,,,,,
Panasonic,"Panasonic TV-55Z80AEZ, Z80 Serie 55 Zoll 4K Ultra HD OLED Smart TV, 2024, Fire TV, Dolby Vision & Atmos, Game Mode Extreme, Alexa Sprachsteuerung, Airplay, Schwarz",https://www.amazon.de/dp/B0DJCWNRWG,55.0,,,,,Amazon,DE,2026-07-30T06:47:27Z,B0DJCWNRWG,,,,,
Philips,"Philips 75PUS7000 4K LED Smart TV - 75 Zoll Display mit Pixel Precise Ultra HD, Titan OS Plattform und Dolby Atmos Sound - Funktioniert mit Alexa und Google Sprachassistent",https://www.amazon.de/dp/B0F24WLLX9,75.0,599.0,599.0,EUR,599.0,Amazon,DE,2026-07-30T06:47:27Z,B0F24WLLX9,,,,,
Toshiba,Toshiba 40LF2663DAZ Fernseher 40 Zoll Smart TV Full HD Amazon Fire TV HDR | 2x HDMI | 1x USB | Bluetooth | Alexa Sprachsteuerung | Dolby Audio | Triple-Tuner DVB-C/-S2/-T2 | Modelljahr 2026,https://www.amazon.de/dp/B0H99BJ8JF,40.0,249.99,249.99,EUR,249.99,Amazon,DE,2026-07-30T06:47:27Z,B0H99BJ8JF,,,,,
Toshiba,"Toshiba 50 Zoll Fernseher Fire TV (4K UHD Smart TV, HDR Dolby Vision, Triple-Tuner, Alexa Built-In, Sound by Onkyo) 50UF3F63DAZ",https://www.amazon.de/dp/B0DCZ8KZR9,50.0,,,,,Amazon,DE,2026-07-30T06:47:27Z,B0DCZ8KZR9,,,,,
Toshiba,"Toshiba 55 Zoll Fernseher Fire TV (4K UHD Smart TV, HDR Dolby Vision, Triple-Tuner, Alexa Built-In, Sound by Onkyo) 55UF3F63DAZ",https://www.amazon.de/dp/B0DHHH6Q7B,55.0,,,,,Amazon,DE,2026-07-30T06:47:27Z,B0DHHH6Q7B,,,,,
Toshiba,"Toshiba 65 Zoll Fernseher Fire TV (4K UHD Smart TV, HDR Dolby Vision, Triple-Tuner, Alexa Built-In, Sound by Onkyo) 65UF3F63DAZ",https://www.amazon.de/dp/B0DCZ8L76W,65.0,,,,,Amazon,DE,2026-07-30T06:47:27Z,B0DCZ8L76W,,,,,
Toshiba,"Toshiba Fernseher 55 Zoll Smart TV Fire TV 4K UHD Fernseher Dolby Vision HDR & Dolby Atmos, Sound by Onkyo, Triple-Tuner, LED TV 55UF3F63DAR (2026)",https://www.amazon.de/dp/B0DFYGC7JK,55.0,452.39,452.39,EUR,452.39,Amazon,DE,2026-07-30T06:47:27Z,B0DFYGC7JK,,,,,
LG,"LG 75UA75006LA TV 75 Zoll (190 cm) 4K UHD AI TV (α7 Gen8 4K AI Prozessor, webOS 25, 60Hz) [Modelljahr 2025]",https://www.amazon.de/dp/B0F2GHCHXJ,75.0,669.0,669.0,EUR,669.0,Amazon,DE,2026-07-30T06:47:27Z,B0F2GHCHXJ,,,,,
LG,"LG 86UA75006LA TV 86 Zoll (218 cm) 4K UHD AI TV (α7 Gen8 4K AI Prozessor, webOS 25, 60Hz) [Modelljahr 2025]",https://www.amazon.de/dp/B0F2GFJNVW,86.0,,,,,Amazon,DE,2026-07-30T06:47:27Z,B0F2GFJNVW,,,,,
Hisense,"Hisense 75U7Q Fernseher 75 Zoll, 4K Mini LED ULED, Smart TV, Hi-View AI Engine, 144Hz Game Mode Pro, FreeSync Premium, Built in Subwoofer, Dolby Vision IQ Atmos, Airplay, Sprachsteuerung[2025]",https://www.amazon.de/dp/B0F32MFDX7,75.0,989.0,989.0,EUR,989.0,Amazon,DE,2026-07-30T06:47:27Z,B0F32MFDX7,,,,,
Hisense,"Hisense 55U7Q Fernseher 55 Zoll, 4K Mini LED ULED, Smart TV, Hi-View AI Engine, 144Hz Game Mode Pro, FreeSync Premium, Built in Subwoofer, Dolby Vision IQ Atmos, Airplay, Sprachsteuerung[2025]",https://www.amazon.de/dp/B0F32M68DW,55.0,,,,,Amazon,DE,2026-07-30T06:47:27Z,B0F32M68DW,,,,,
Hisense,"Hisense 85U7Q Fernseher 85 Zoll, 4K Mini LED ULED, Smart TV, Hi-View AI Engine, 144Hz Game Mode Pro, FreeSync Premium, Built in Subwoofer, Dolby Vision IQ Atmos, Airplay, Sprachsteuerung[2025] | Hi-View AI Engine, 144Hz Game Mode Pro, FreeSync Premium, Built in Subwoofer, Dolby Vision IQ Atmos, Airplay, Sprachsteuerung",https://www.amazon.de/dp/B07JL1BDWD,85.0,,,,,Amazon,DE,2026-07-30T06:47:27Z,B07JL1BDWD,,,,,
Hisense,"Hisense 100U7Q Fernseher 100 Zoll, 4K Mini LED ULED, Smart TV, Hi-View AI Engine Pro, 165Hz Game Mode Ultra, FreeSync Premium, Built in Subwoofer, Dolby Vision IQ Atmos, Airplay[2025]",https://www.amazon.de/dp/B0F32LDRKP,100.0,,,,,Amazon,DE,2026-07-30T06:47:27Z,B0F32LDRKP,,,,,
Philips,"PHILIPS Ambilight 55MLED910 Mini LED 4K Smart TV - 55 Zoll Display mit P5 Perfect Picture Engine Ultra HD, Titan OS, Dolby Vision Und Dolby Atmos Sound",https://www.amazon.de/dp/B0F2N7K35H,55.0,659.0,659.0,EUR,659.0,Amazon,DE,2026-07-30T06:47:27Z,B0F2N7K35H,,,,,
Philips,"PHILIPS Ambilight 75MLED910 Mini LED 4K Smart TV - 75 Zoll Display mit P5 Perfect Picture Engine Ultra HD, Titan OS, Dolby Vision Und Dolby Atmos Sound",https://www.amazon.de/dp/B0F24XBNWV,75.0,,,,,Amazon,DE,2026-07-30T06:47:27Z,B0F24XBNWV,,,,,
Toshiba,"Toshiba 55 Zoll VIDAA TV Fernseher (4K UHD Smart TV, HDR Dolby Vision, Triple-Tuner, Bluetooth, Dolby Audio) 55UV3463DAW",https://www.amazon.de/dp/B0CW1WDWS1,55.0,,,,,Amazon,DE,2026-07-30T06:47:27Z,B0CW1WDWS1,,,,,
Toshiba,"Toshiba 65 Zoll VIDAA TV Fernseher (4K UHD Smart TV, HDR Dolby Vision, Triple-Tuner, Bluetooth, Dolby Audio) 65UV3463DAW",https://www.amazon.de/dp/B0CW1WDPRR,65.0,,,,,Amazon,DE,2026-07-30T06:47:27Z,B0CW1WDPRR,,,,,
Toshiba,"Toshiba 50QV2363DAW 50 Zoll QLED Fernseher/VIDAA Smart TV (4K UHD, HDR Dolby Vision, Triple-Tuner, Bluetooth, Dolby Audio)",https://www.amazon.de/dp/B0CQ5FZC9R,50.0,,,,,Amazon,DE,2026-07-30T06:47:27Z,B0CQ5FZC9R,,,,,
Xiaomi,"XIAOMI TV S Mini LED 75 Zoll (191 cm), 4K UHD Smart TV, 144Hz (240Hz Game Boost Mode), Dolby Atmos & Vision, HDR10+, Triple Tuner, DVB-C/S/S2/T/T2, Google TV, MEMC, Airplay, Google Assistant",https://www.amazon.de/dp/B0DJM9RT2C,75.0,799.0,799.0,EUR,799.0,Amazon,DE,2026-07-30T06:47:27Z,B0DJM9RT2C,,,,,
Samsung,"Samsung QLED Q8F 4K 75 Zoll (189 cm) UHD Fernseher, Q4 AI Prozessor, Quantum Dot für Reale Farben, AirSlim Design, 4K Upscaling, Gaming Hub, Kostenlose Inhalte, Samsung Vision AI Smart TV",https://www.amazon.de/dp/B0F62TBR8S,75.0,913.87,913.87,EUR,913.87,Amazon,DE,2026-07-30T06:47:27Z,B0F62TBR8S,,,,,
Samsung,"Samsung QLED Q8F 4K 85 Zoll (214 cm) UHD, Q4 AI Prozessor, Quantum Dot, AirSlim Design, Upscaling, Gaming Hub, Vision AI Smart TV",https://www.amazon.de/dp/B0F62W9YZ5,85.0,1268.33,1268.33,EUR,1268.33,Amazon,DE,2026-07-30T06:47:27Z,B0F62W9YZ5,,,,,
Samsung,"Samsung QLED 4K Q80D Fernseher 50 Zoll, TV mit Neural Quantum 4K AI Gen2 Prozessor, AI Upscaling, Direct Fully Array, Smart TV, KI, GQ50Q80DATXZG, Deutsches Modell",https://www.amazon.de/dp/B0D1GQTGXX,50.0,,,,,Amazon,DE,2026-07-30T06:47:27Z,B0D1GQTGXX,,,,,
LG,"LG 75QNED86A6A TV 75 Zoll (190 cm) 4K QNED evo AI TV (α8 Gen2 4K AI Prozessor, webOS 25, 120Hz (VRR bis zu 144Hz)) [Modelljahr 2025]",https://www.amazon.de/dp/B0F2283PP6,75.0,,,,,Amazon,DE,2026-07-30T06:47:27Z,B0F2283PP6,,,,,
LG,"LG 86QNED86A6A TV 86 Zoll (218 cm) 4K QNED evo AI TV (α8 Gen2 4K AI Prozessor, webOS 25, 120Hz (VRR bis zu 144Hz)) [Modelljahr 2025]",https://www.amazon.de/dp/B0F226TJZ2,86.0,,,,,Amazon,DE,2026-07-30T06:47:27Z,B0F226TJZ2,,,,,
Hisense,"Hisense 75U7Q Pro Fernseher 75 Zoll, 4K Mini LED, Smart TV, Hi-View AI Engine Pro, 165Hz Game Mode Ultra, FreeSync Premium Pro, 2.1.2 ch. Surround Sound, Dolby Vision IQ Atmos, Sprachsteuerung [2025]",https://www.amazon.de/dp/B0F24F77CN,75.0,1355.0,1355.0,EUR,1355.0,Amazon,DE,2026-07-30T06:47:27Z,B0F24F77CN,,,,,
Hisense,"Hisense TV 100"" Mini-LED 165Hz 4K 2025 100U7Q PRO, VIDAA U9 Smart TV mit 1000+APP, Dolby Vision IQ, HDR 10+ Adaptive, 165Hz Game Mode Ultra, Dolby Atmos 2.1.2 mit Subwoofer, Alexa Built-in",https://www.amazon.de/dp/B0F1YST2D4,100.0,,,,,Amazon,DE,2026-07-30T06:47:27Z,B0F1YST2D4,,,,,
Hisense,"Hisense 85U7Q Pro Fernseher 85 Zoll, 4K Mini LED, Smart TV, Hi-View AI Engine Pro, 165Hz Game Mode Ultra, FreeSync Premium Pro, 2.1.2 ch. Surround Sound, Dolby Vision IQ Atmos, Sprachsteuerung [2025]",https://www.amazon.de/dp/B0F24CKN33,85.0,,,,,Amazon,DE,2026-07-30T06:47:27Z,B0F24CKN33,,,,,
Philips,"Philips 24PHS6000 HD LED Smart TV - 24 Zoll Display mit Pixel Plus, Titan OS Plattform Und Dolby Digital Sound - Funktioniert Mit Alexa Und Google Sprachassistent",https://www.amazon.de/dp/B0F2N4KC8W,24.0,,,,,Amazon,DE,2026-07-30T06:47:27Z,B0F2N4KC8W,,,,,
Toshiba,Toshiba 43UF3F63DAR Fernseher 43 Zoll Smart TV mit 4K UHD Amazon Fire TV | Dolby Vision HDR | Dolby Atmos | Sound by Onkyo | Bluetooth | Alexa Sprachsteuerung | Triple-Tuner DVB-C/-S2/-T2 | 2026,https://www.amazon.de/dp/B0DFY942V9,43.0,269.99,269.99,EUR,269.99,Amazon,DE,2026-07-30T06:47:27Z,B0DFY942V9,,,,,
Xiaomi,"XIAOMI TV FX Mini LED 75 Zoll (190 cm), QD-Mini-LED-Smart-TV, 4K UHD, Fire TV, HDR10+, 60 Hz mit 120-Hz-Game-Boost-Modus, MEMC, DTS:X, AirPlay 2, HDMI, Filmmaker-Modus, Sprachsteuerung mit Alexa",https://www.amazon.de/dp/B0H26V48FQ,75.0,849.0,849.0,EUR,849.0,Amazon,DE,2026-07-30T06:47:27Z,B0H26V48FQ,,,,,
Xiaomi,"XIAOMI TV FX Mini LED 43 Zoll (101 cm), QD-Mini-LED-Smart-TV, 4K UHD, Fire TV, HDR10+, MEMC, DTS:X, AirPlay 2, HDMI, Filmmaker Mode, Sprachsteuerung mit Alexa",https://www.amazon.de/dp/B0H26RB46K,43.0,349.0,349.0,EUR,349.0,Amazon,DE,2026-07-30T06:47:27Z,B0H26RB46K,,,,,
Samsung,"Samsung Neo QLED 4K QN70F 75 Zoll (189 cm) Mini LED Fernseher, Optimiert für Fussball, NQ4 AI Gen2 Prozessor, Quantum Matrix Technology Slim, Motion Xcelerator, Samsung Vision AI Smart TV",https://www.amazon.de/dp/B0DFVP3HJ9,75.0,,,,,Amazon,DE,2026-07-30T06:47:27Z,B0DFVP3HJ9,,,,,
Samsung,"Samsung Neo QLED 4K QN70F 65 Zoll (163 cm) Mini LED Fernseher, NQ4 AI Gen2 Prozessor, Quantum Matrix Technology Slim, Motion Xcelerator 144Hz, AirSlim Design, Samsung Vision AI Smart TV",https://www.amazon.de/dp/B0DFVN36ZX,65.0,,,,,Amazon,DE,2026-07-30T06:47:27Z,B0DFVN36ZX,,,,,
LG,"LG OLED77G57LW TV 77 Zoll (195 cm) 4K OLED evo AI TV (α11 Gen2 4K AI Prozessor, webOS 25, 120Hz (VRR bis zu 165Hz)) [Modelljahr 2025]",https://www.amazon.de/dp/B0F228BQJL,77.0,2599.0,2599.0,EUR,2599.0,Amazon,DE,2026-07-30T06:47:27Z,B0F228BQJL,,,,,
LG,"LG OLED83G57LW TV 83 Zoll (210 cm) 4K OLED evo AI TV (α11 Gen2 4K AI Prozessor, webOS 25, 120Hz (VRR bis zu 165Hz)) [Modelljahr 2025]",https://www.amazon.de/dp/B0F222MK9R,83.0,3649.0,3649.0,EUR,3649.0,Amazon,DE,2026-07-30T06:47:27Z,B0F222MK9R,,,,,
